pitches,playerid,player_name,game_date,game_pk,total_pitches,pitch_percent,season
97,680573,"Woods Richardson, Simeon",4/22/2023,718468,97,100,2023
91,592229,"Covey, Dylan",5/23/2023,718060,91,100,2023
90,676596,"Fleming, Josh",5/22/2023,718077,90,100,2023
87,641778,"Lauer, Eric",5/14/2023,718177,87,100,2023
86,681867,"Criswell, Cooper",5/21/2023,718081,86,100,2023
86,665622,"Medina, Luis",5/28/2023,717980,86,100,2023
85,630023,"Chirinos, Yonny",5/10/2023,718227,85,100,2023
83,687396,"Headrick, Brent",4/26/2023,718417,83,100,2023
83,640455,"Manaea, Sean",5/22/2023,718067,83,100,2023
82,681867,"Criswell, Cooper",4/17/2023,718542,82,100,2023
82,630023,"Chirinos, Yonny",5/16/2023,718150,82,100,2023
81,670124,"Oller, Adam",4/1/2023,718757,81,100,2023
81,663941,"Beck, Tristan",4/20/2023,718503,81,100,2023
80,670124,"Oller, Adam",4/7/2023,718678,80,100,2023
80,666721,"Castillo, Max",5/12/2023,718204,80,100,2023
80,689167,"Lindgren, Jeff",4/3/2023,718729,80,100,2023
80,676596,"Fleming, Josh",5/7/2023,718271,80,100,2023
77,686610,"Waldichuk, Ken",5/24/2023,718037,77,100,2023
77,663687,"Harris, Hogan",5/27/2023,718003,77,100,2023
76,666721,"Castillo, Max",5/21/2023,718084,76,100,2023
76,594577,"Mayers, Mike",5/29/2023,717975,76,100,2023
75,669084,"Hall, DL",4/29/2023,718381,75,100,2023
75,656232,"Bielak, Brandon",5/1/2023,718350,75,100,2023
72,676710,"Crawford, Kutter",4/17/2023,718540,72,100,2023
72,681217,"Silseth, Chase",5/7/2023,718264,72,100,2023
71,666745,"Brito, Jhony",5/15/2023,718164,71,100,2023
70,661309,"Martínez, Adrián",4/22/2023,718469,70,100,2023
70,665871,"Assad, Javier",5/26/2023,718027,70,100,2023
69,596001,"Junis, Jakob",4/14/2023,718585,69,100,2023
69,596001,"Junis, Jakob",4/6/2023,718687,69,100,2023
69,663629,"Small, Ethan",5/26/2023,718017,69,100,2023
69,676596,"Fleming, Josh",4/26/2023,718414,69,100,2023
68,656970,"Smeltzer, Devin",4/10/2023,718633,68,100,2023
67,663559,"Falter, Bailey",5/15/2023,718170,67,100,2023
67,670766,"McCaughan, Darren",5/30/2023,717952,67,100,2023
67,675540,"Curry, Xzavion",4/11/2023,718626,67,100,2023
67,669947,"Scholtens, Jesse",5/22/2023,718072,67,100,2023
67,657756,"Seabold, Connor",4/29/2023,718366,67,100,2023
67,676596,"Fleming, Josh",4/15/2023,718569,67,100,2023
66,623167,"Flexen, Chris",3/31/2023,718763,66,100,2023
66,686753,"Jameson, Drey",3/31/2023,718765,66,100,2023
66,630023,"Chirinos, Yonny",4/29/2023,718373,66,100,2023
65,548389,"Stripling, Ross",4/12/2023,718612,65,100,2023
65,666142,"Ragans, Cole",5/15/2023,718165,65,100,2023
65,641540,"Dunning, Dane",4/4/2023,718709,65,100,2023
65,663941,"Beck, Tristan",5/10/2023,718230,65,100,2023
65,661309,"Martínez, Adrián",4/17/2023,718536,65,100,2023
65,669947,"Scholtens, Jesse",5/31/2023,717943,65,100,2023
65,548389,"Stripling, Ross",5/12/2023,718199,65,100,2023
63,641540,"Dunning, Dane",4/17/2023,718539,63,100,2023
63,592229,"Covey, Dylan",5/17/2023,718136,63,100,2023
63,656578,"Jackson, Andre",4/21/2023,718491,63,100,2023
62,543594,"Nolin, Sean",4/24/2023,718443,62,100,2023
62,608723,"Voth, Austin",5/26/2023,718020,62,100,2023
62,621074,"Rucker, Michael",5/20/2023,718097,62,100,2023
61,656578,"Jackson, Andre",5/18/2023,718124,61,100,2023
61,665871,"Assad, Javier",5/9/2023,718240,61,100,2023
61,668665,"Nogosek, Stephen",5/23/2023,718055,61,100,2023
60,622503,"Crismatt, Nabil",4/14/2023,718574,60,100,2023
59,663567,"Lambert, Peter",5/31/2023,717940,59,100,2023
59,669713,"Wesneski, Hayden",5/31/2023,717950,59,100,2023
59,686753,"Jameson, Drey",5/29/2023,717977,59,100,2023
59,640444,"Crowe, Wil",4/7/2023,718679,59,100,2023
58,641302,"Alexander, Tyler",4/1/2023,718754,58,100,2023
58,676596,"Fleming, Josh",5/2/2023,718347,58,100,2023
58,642545,"Barria, Jaime",5/5/2023,718294,58,100,2023
58,669947,"Scholtens, Jesse",4/7/2023,718679,58,100,2023
58,608723,"Voth, Austin",5/31/2023,717946,58,100,2023
56,594577,"Mayers, Mike",5/17/2023,718140,56,100,2023
56,656981,"Solomon, Peter",4/19/2023,718512,56,100,2023
56,642545,"Barria, Jaime",4/4/2023,718706,56,100,2023
56,681867,"Criswell, Cooper",5/26/2023,718018,56,100,2023
55,663485,"Sands, Cole",5/13/2023,718195,55,100,2023
55,665620,"García, Deivi",5/10/2023,718232,55,100,2023
55,675540,"Curry, Xzavion",4/3/2023,718721,55,100,2023
55,681867,"Criswell, Cooper",4/21/2023,718486,55,100,2023
55,656578,"Jackson, Andre",4/14/2023,718575,55,100,2023
55,666142,"Ragans, Cole",4/15/2023,718562,55,100,2023
54,656353,"Davidson, Tucker",4/17/2023,718540,54,100,2023
54,601713,"Pivetta, Nick",5/28/2023,717981,54,100,2023
54,656353,"Davidson, Tucker",5/31/2023,717943,54,100,2023
53,640455,"Manaea, Sean",5/30/2023,717972,53,100,2023
53,621074,"Rucker, Michael",5/25/2023,718024,53,100,2023
53,663546,"Hjelle, Sean",4/5/2023,718695,53,100,2023
53,642232,"Yarbrough, Ryan",4/3/2023,718719,53,100,2023
53,686651,"Stoudt, Levi",5/13/2023,718198,53,100,2023
52,656981,"Solomon, Peter",4/30/2023,718358,52,100,2023
52,642232,"Yarbrough, Ryan",4/21/2023,718485,52,100,2023
52,668665,"Nogosek, Stephen",4/9/2023,718647,52,100,2023
52,641540,"Dunning, Dane",4/28/2023,718388,52,100,2023
52,640444,"Crowe, Wil",4/10/2023,718632,52,100,2023
52,605155,"Brewer, Colten",4/13/2023,718590,52,100,2023
52,601713,"Pivetta, Nick",5/24/2023,718034,52,100,2023
52,670036,"Festa, Matt",4/3/2023,718720,52,100,2023
52,675540,"Curry, Xzavion",4/24/2023,718448,52,100,2023
52,676710,"Crawford, Kutter",4/28/2023,718395,52,100,2023
52,676596,"Fleming, Josh",5/12/2023,718210,52,100,2023
51,670183,"Acton, Garrett",5/16/2023,718146,51,100,2023
51,670174,"Winckowski, Josh",4/4/2023,718713,51,100,2023
51,663546,"Hjelle, Sean",4/21/2023,718480,51,100,2023
51,666818,"Frías, Luis",5/26/2023,718010,51,100,2023
51,621389,"Blach, Ty",4/19/2023,718509,51,100,2023
51,656981,"Solomon, Peter",4/23/2023,718456,51,100,2023
51,670955,"Uceta, Edwin",4/22/2023,718478,51,100,2023
51,665048,"Harris, Hobie",4/29/2023,718399,51,100,2023
50,669060,"Wilson, Bryse",4/14/2023,718574,50,100,2023
50,596001,"Junis, Jakob",4/29/2023,718384,50,100,2023
50,571927,"Matz, Steven",5/29/2023,717975,50,100,2023
50,543859,"Tonkin, Michael",5/20/2023,718094,50,100,2023
50,607259,"Martinez, Nick",4/26/2023,718407,50,100,2023
50,608328,"De Jong, Chase",5/7/2023,718278,50,100,2023
50,543901,"Weber, Ryan",5/26/2023,718023,50,100,2023
50,543859,"Tonkin, Michael",5/14/2023,718181,50,100,2023
50,665871,"Assad, Javier",5/4/2023,718317,50,100,2023
49,669060,"Wilson, Bryse",4/3/2023,718731,49,100,2023
49,621368,"Hearn, Taylor",4/8/2023,718669,49,100,2023
49,656353,"Davidson, Tucker",4/10/2023,718631,49,100,2023
49,488984,"Hunter, Tommy",5/7/2023,718276,49,100,2023
49,675540,"Curry, Xzavion",4/29/2023,718385,49,100,2023
49,543518,"McGough, Scott",5/16/2023,718146,49,100,2023
49,657756,"Seabold, Connor",4/3/2023,718718,49,100,2023
49,663947,"Holton, Tyler",5/7/2023,718272,49,100,2023
49,642231,"Yacabonis, Jimmy",4/19/2023,718508,49,100,2023
49,661309,"Martínez, Adrián",4/13/2023,718596,49,100,2023
48,642578,"Rodríguez, José",4/11/2023,718617,48,100,2023
48,661527,"Martinez, Seth",4/24/2023,718449,48,100,2023
48,663485,"Sands, Cole",5/30/2023,717956,48,100,2023
48,641302,"Alexander, Tyler",4/8/2023,718667,48,100,2023
48,608717,"Stratton, Chris",4/18/2023,718527,48,100,2023
48,594902,"Lively, Ben",5/11/2023,718223,48,100,2023
48,641360,"Bickford, Phil",5/15/2023,718159,48,100,2023
48,571539,"Carasiti, Matt",5/21/2023,718076,48,100,2023
47,668674,"Erceg, Lucas",5/29/2023,717970,47,100,2023
47,666277,"Soriano, George",4/23/2023,718460,47,100,2023
47,641656,"Hamilton, Ian",4/13/2023,718590,47,100,2023
47,669330,"Wells, Tyler",4/3/2023,718726,47,100,2023
47,666721,"Castillo, Max",5/8/2023,718253,47,100,2023
47,687396,"Headrick, Brent",4/19/2023,718505,47,100,2023
47,696147,"Bachman, Sam",5/26/2023,718015,47,100,2023
47,676596,"Fleming, Josh",4/10/2023,718638,47,100,2023
47,596001,"Junis, Jakob",4/18/2023,718528,47,100,2023
47,656970,"Smeltzer, Devin",5/3/2023,718321,47,100,2023
47,663773,"Hoeing, Bryan",5/6/2023,718289,47,100,2023
47,670990,"Ramírez, Yohan",4/19/2023,718509,47,100,2023
46,681982,"Anderson, Grant",5/30/2023,717964,46,100,2023
46,630023,"Chirinos, Yonny",4/18/2023,718526,46,100,2023
46,641656,"Hamilton, Ian",4/23/2023,718465,46,100,2023
46,663546,"Hjelle, Sean",4/2/2023,718747,46,100,2023
46,642232,"Yarbrough, Ryan",4/15/2023,718563,46,100,2023
46,663385,"Smith, Chad",4/14/2023,718578,46,100,2023
46,669438,"Englert, Mason",4/14/2023,718585,46,100,2023
46,668665,"Nogosek, Stephen",5/13/2023,718203,46,100,2023
46,676979,"Crochet, Garrett",5/28/2023,717989,46,100,2023
46,666129,"Garrett, Braxton",4/1/2023,718755,46,100,2023
45,665871,"Assad, Javier",4/9/2023,718642,45,100,2023
45,670174,"Winckowski, Josh",4/14/2023,718580,45,100,2023
45,656234,"Bird, Jake",4/14/2023,718577,45,100,2023
45,660896,"Alcala, Jorge",4/9/2023,718649,45,100,2023
45,685410,"Battenfield, Peyton",4/30/2023,718370,45,100,2023
45,621295,"Wittgren, Nick",5/24/2023,718039,45,100,2023
45,663567,"Lambert, Peter",5/19/2023,718114,45,100,2023
45,669438,"Englert, Mason",4/11/2023,718622,45,100,2023
45,669467,"Pallante, Andre",5/9/2023,718240,45,100,2023
45,641302,"Alexander, Tyler",4/5/2023,718696,45,100,2023
45,621389,"Blach, Ty",4/7/2023,718673,45,100,2023
45,642231,"Yacabonis, Jimmy",4/25/2023,718431,45,100,2023
44,472551,"Abad, Fernando",5/20/2023,718100,44,100,2023
44,608723,"Voth, Austin",4/25/2023,718435,44,100,2023
44,622503,"Crismatt, Nabil",4/18/2023,718519,44,100,2023
44,670950,"Richards, Trevor",5/14/2023,718181,44,100,2023
44,488984,"Hunter, Tommy",4/3/2023,718731,44,100,2023
44,640470,"Alzolay, Adbert",4/4/2023,718716,44,100,2023
44,660896,"Alcala, Jorge",4/15/2023,718572,44,100,2023
44,650633,"King, Michael",4/19/2023,718504,44,100,2023
44,541640,"Ramírez, Erasmo",5/13/2023,718203,44,100,2023
44,453178,"Kennedy, Ian",5/3/2023,718325,44,100,2023
44,643361,"Herget, Kevin",5/11/2023,718223,44,100,2023
44,601713,"Pivetta, Nick",5/21/2023,718079,44,100,2023
44,681402,"Varland, Gus",5/9/2023,718241,44,100,2023
44,663941,"Beck, Tristan",5/28/2023,717986,44,100,2023
44,642770,"Guerra, Javy",4/23/2023,718461,44,100,2023
44,643361,"Herget, Kevin",4/14/2023,718586,44,100,2023
44,596001,"Junis, Jakob",5/25/2023,718028,44,100,2023
44,663485,"Sands, Cole",5/22/2023,718067,44,100,2023
44,656061,"Abreu, Albert",4/21/2023,718487,44,100,2023
44,663558,"Moran, Jovani",4/20/2023,718497,44,100,2023
43,661527,"Martinez, Seth",5/31/2023,717938,43,100,2023
43,669854,"Blanco, Ronel",4/24/2023,718449,43,100,2023
43,657508,"Baumann, Mike",4/2/2023,718748,43,100,2023
43,663567,"Lambert, Peter",5/13/2023,718188,43,100,2023
43,623167,"Flexen, Chris",4/30/2023,718363,43,100,2023
43,502624,"Anderson, Chase",5/3/2023,718328,43,100,2023
43,669438,"Englert, Mason",5/21/2023,718089,43,100,2023
43,682051,"Hill, Garrett",4/8/2023,718667,43,100,2023
43,621368,"Hearn, Taylor",4/12/2023,718595,43,100,2023
43,656981,"Solomon, Peter",4/9/2023,718639,43,100,2023
43,607755,"Vasquez, Andrew",4/10/2023,718633,43,100,2023
43,661309,"Martínez, Adrián",4/5/2023,718689,43,100,2023
43,663567,"Lambert, Peter",5/28/2023,717982,43,100,2023
43,621383,"Banks, Tanner",4/19/2023,718510,43,100,2023
43,665665,"Sanmartin, Reiver",4/16/2023,718554,43,100,2023
43,543859,"Tonkin, Michael",4/11/2023,718620,43,100,2023
42,668754,"Bristo, Braden",4/13/2023,718594,42,100,2023
42,676710,"Crawford, Kutter",5/22/2023,718070,42,100,2023
42,656578,"Jackson, Andre",4/1/2023,718749,42,100,2023
42,593619,"Tapia, Domingo",3/30/2023,718778,42,100,2023
42,656234,"Bird, Jake",4/19/2023,718509,42,100,2023
42,676130,"Buttó, José",5/3/2023,718329,42,100,2023
42,476595,"Luetge, Lucas",5/26/2023,718019,42,100,2023
42,657756,"Seabold, Connor",4/17/2023,718535,42,100,2023
42,656061,"Abreu, Albert",4/4/2023,718710,42,100,2023
42,666721,"Castillo, Max",5/15/2023,718162,42,100,2023
42,641360,"Bickford, Phil",5/28/2023,717994,42,100,2023
42,656257,"Brigham, Jeff",4/26/2023,718412,42,100,2023
42,518489,"Brasier, Ryan",5/14/2023,718187,42,100,2023
42,670990,"Ramírez, Yohan",4/22/2023,718474,42,100,2023
42,476595,"Luetge, Lucas",4/9/2023,718648,42,100,2023
42,641941,"Pagán, Emilio",4/20/2023,718497,42,100,2023
41,650893,"Cabrera, Génesis",5/24/2023,718041,41,100,2023
41,660896,"Alcala, Jorge",4/20/2023,718497,41,100,2023
41,670174,"Winckowski, Josh",4/21/2023,718483,41,100,2023
41,656061,"Abreu, Albert",4/30/2023,718356,41,100,2023
41,643361,"Herget, Kevin",5/24/2023,718041,41,100,2023
41,656546,"Hoffman, Jeff",5/28/2023,717992,41,100,2023
41,543521,"McHugh, Collin",5/3/2023,718321,41,100,2023
41,668665,"Nogosek, Stephen",5/9/2023,718243,41,100,2023
41,663567,"Lambert, Peter",5/24/2023,718036,41,100,2023
41,621057,"Garza, Justin",5/30/2023,717966,41,100,2023
41,608717,"Stratton, Chris",5/19/2023,718113,41,100,2023
41,670124,"Oller, Adam",4/19/2023,718506,41,100,2023
41,656353,"Davidson, Tucker",4/1/2023,718757,41,100,2023
41,630023,"Chirinos, Yonny",4/14/2023,718587,41,100,2023
41,676979,"Crochet, Garrett",5/25/2023,718031,41,100,2023
41,656061,"Abreu, Albert",5/14/2023,718180,41,100,2023
41,621074,"Rucker, Michael",4/11/2023,718617,41,100,2023
40,663947,"Holton, Tyler",5/23/2023,718049,40,100,2023
40,543518,"McGough, Scott",5/30/2023,717955,40,100,2023
40,664747,"Díaz, Alexis",5/13/2023,718198,40,100,2023
40,656290,"Carlton, Drew",5/16/2023,718144,40,100,2023
40,621381,"Strahm, Matt",5/17/2023,718143,40,100,2023
40,542947,"Bleier, Richard",5/15/2023,718163,40,100,2023
40,657756,"Seabold, Connor",4/15/2023,718561,40,100,2023
40,670174,"Winckowski, Josh",5/19/2023,718107,40,100,2023
40,663455,"Pilkington, Konnor",4/25/2023,718440,40,100,2023
40,548389,"Stripling, Ross",4/8/2023,718672,40,100,2023
40,687330,"Kelly, Kevin",4/13/2023,718594,40,100,2023
40,664942,"Naile, James",5/10/2023,718221,40,100,2023
40,669438,"Englert, Mason",4/25/2023,718428,40,100,2023
40,641703,"Honeywell, Brent",4/20/2023,718494,40,100,2023
40,669060,"Wilson, Bryse",4/18/2023,718517,40,100,2023
40,502085,"Robertson, David",5/12/2023,718214,40,100,2023
40,670810,"Gillaspie, Logan",5/15/2023,718171,40,100,2023
40,663658,"Ward, Thaddeus",4/5/2023,718704,40,100,2023
40,669105,"Muckenhirn, Zach",5/14/2023,718186,40,100,2023
40,660261,"Fujinami, Shintaro",5/22/2023,718062,40,100,2023
40,663658,"Ward, Thaddeus",4/1/2023,718753,40,100,2023
40,661309,"Martínez, Adrián",4/2/2023,718734,40,100,2023
39,663687,"Harris, Hogan",4/14/2023,718578,39,100,2023
39,668941,"Romero, JoJo",4/28/2023,718382,39,100,2023
39,681217,"Silseth, Chase",4/26/2023,718408,39,100,2023
39,669060,"Wilson, Bryse",5/20/2023,718093,39,100,2023
39,665001,"Kelley, Trevor",5/27/2023,718002,39,100,2023
39,593833,"Suero, Wander",5/21/2023,718083,39,100,2023
39,665048,"Harris, Hobie",5/19/2023,718123,39,100,2023
39,656271,"Burke, Brock",3/30/2023,718779,39,100,2023
39,642545,"Barria, Jaime",4/29/2023,718376,39,100,2023
39,664875,"Lawrence, Justin",4/20/2023,718498,39,100,2023
39,663941,"Beck, Tristan",5/22/2023,718067,39,100,2023
39,670329,"Garcia, Rico",5/10/2023,718232,39,100,2023
39,676760,"Marinaccio, Ron",3/30/2023,718781,39,100,2023
39,650633,"King, Michael",4/1/2023,718762,39,100,2023
39,657424,"Gage, Matt",5/16/2023,718152,39,100,2023
39,675989,"Bolton, Cody",5/3/2023,718328,39,100,2023
39,675989,"Bolton, Cody",5/6/2023,718286,39,100,2023
39,666142,"Ragans, Cole",5/7/2023,718264,39,100,2023
39,596001,"Junis, Jakob",5/7/2023,718267,39,100,2023
39,621383,"Banks, Tanner",4/25/2023,718433,39,100,2023
39,681806,"Wantz, Andrew",5/13/2023,718191,39,100,2023
39,664849,"Young, Danny",5/15/2023,718165,39,100,2023
39,669711,"Weissert, Greg",4/24/2023,718442,39,100,2023
39,687330,"Kelly, Kevin",4/24/2023,718449,39,100,2023
38,669276,"Lee, Dylan",5/16/2023,718148,38,100,2023
38,571946,"Miller, Shelby",4/3/2023,718718,38,100,2023
38,656786,"Mushinski, Parker",5/31/2023,717938,38,100,2023
38,657508,"Baumann, Mike",5/14/2023,718179,38,100,2023
38,641771,"Kuhl, Chad",5/23/2023,718064,38,100,2023
38,686753,"Jameson, Drey",4/4/2023,718717,38,100,2023
38,669674,"Long, Sam",5/15/2023,718160,38,100,2023
38,641302,"Alexander, Tyler",5/17/2023,718142,38,100,2023
38,669438,"Englert, Mason",5/14/2023,718173,38,100,2023
38,663941,"Beck, Tristan",4/27/2023,718409,38,100,2023
38,656353,"Davidson, Tucker",4/20/2023,718496,38,100,2023
38,650633,"King, Michael",4/15/2023,718572,38,100,2023
38,623167,"Flexen, Chris",5/29/2023,717969,38,100,2023
38,608328,"De Jong, Chase",4/8/2023,718662,38,100,2023
38,665665,"Sanmartin, Reiver",4/14/2023,718586,38,100,2023
38,669169,"Heasley, Jonathan",5/5/2023,718299,38,100,2023
38,668984,"Legumina, Casey",4/15/2023,718566,38,100,2023
38,687330,"Kelly, Kevin",4/4/2023,718715,38,100,2023
38,607755,"Vasquez, Andrew",5/28/2023,717992,38,100,2023
38,663804,"Kowar, Jackson",5/19/2023,718111,38,100,2023
38,608723,"Voth, Austin",5/21/2023,718087,38,100,2023
38,665665,"Sanmartin, Reiver",5/7/2023,718262,38,100,2023
38,656353,"Davidson, Tucker",5/6/2023,718275,38,100,2023
38,668984,"Legumina, Casey",5/7/2023,718262,38,100,2023
38,660261,"Fujinami, Shintaro",5/7/2023,718268,38,100,2023
38,670990,"Ramírez, Yohan",5/21/2023,718091,38,100,2023
38,664776,"Cousins, Jake",4/24/2023,718441,38,100,2023
38,675540,"Curry, Xzavion",5/8/2023,718261,38,100,2023
38,675989,"Bolton, Cody",5/29/2023,717978,38,100,2023
38,663947,"Holton, Tyler",5/30/2023,717964,38,100,2023
37,641656,"Hamilton, Ian",4/10/2023,718637,37,100,2023
37,669424,"Lambert, Jimmy",4/26/2023,718420,37,100,2023
37,656222,"Beeks, Jalen",4/21/2023,718486,37,100,2023
37,518617,"Diekman, Jake",4/27/2023,718396,37,100,2023
37,607755,"Vasquez, Andrew",5/19/2023,718116,37,100,2023
37,663855,"Hicks, Jordan",4/3/2023,718727,37,100,2023
37,608718,"Suter, Brent",5/23/2023,718051,37,100,2023
37,656353,"Davidson, Tucker",4/24/2023,718437,37,100,2023
37,476595,"Luetge, Lucas",4/12/2023,718601,37,100,2023
37,625643,"López, Reynaldo",4/2/2023,718740,37,100,2023
37,606965,"Devenski, Chris",5/7/2023,718264,37,100,2023
37,656820,"Padilla, Nicholas",5/10/2023,718222,37,100,2023
37,681806,"Wantz, Andrew",5/20/2023,718096,37,100,2023
37,640470,"Alzolay, Adbert",5/7/2023,718269,37,100,2023
37,621389,"Blach, Ty",4/17/2023,718535,37,100,2023
37,641302,"Alexander, Tyler",5/26/2023,718021,37,100,2023
37,623211,"Brazobán, Huascar",3/30/2023,718774,37,100,2023
37,670950,"Richards, Trevor",4/2/2023,718737,37,100,2023
37,668665,"Nogosek, Stephen",5/1/2023,718352,37,100,2023
37,592094,"Adam, Jason",5/28/2023,717994,37,100,2023
37,543859,"Tonkin, Michael",4/26/2023,718411,37,100,2023
37,661527,"Martinez, Seth",4/29/2023,718372,37,100,2023
37,543859,"Tonkin, Michael",5/23/2023,718057,37,100,2023
37,641401,"Brogdon, Connor",5/24/2023,718043,37,100,2023
37,623211,"Brazobán, Huascar",4/11/2023,718619,37,100,2023
37,661309,"Martínez, Adrián",4/9/2023,718655,37,100,2023
37,630023,"Chirinos, Yonny",4/23/2023,718457,37,100,2023
37,668665,"Nogosek, Stephen",5/6/2023,718290,37,100,2023
37,669854,"Blanco, Ronel",4/16/2023,718552,37,100,2023
37,670950,"Richards, Trevor",5/3/2023,718323,37,100,2023
37,665625,"Peguero, Elvis",5/26/2023,718017,37,100,2023
37,614179,"Ruiz, José",4/6/2023,718687,37,100,2023
37,488984,"Hunter, Tommy",5/25/2023,718024,37,100,2023
37,669270,"Kuhnel, Joel",4/4/2023,718716,37,100,2023
37,592346,"González, Chi Chi",5/8/2023,718249,37,100,2023
37,640455,"Manaea, Sean",4/3/2023,718730,37,100,2023
36,621074,"Rucker, Michael",5/28/2023,717987,36,100,2023
36,614179,"Ruiz, José",5/16/2023,718146,36,100,2023
36,571901,"Loup, Aaron",4/14/2023,718580,36,100,2023
36,543859,"Tonkin, Michael",4/2/2023,718743,36,100,2023
36,570257,"Rodríguez, Joely",5/30/2023,717966,36,100,2023
36,614179,"Ruiz, José",5/11/2023,718215,36,100,2023
36,664776,"Cousins, Jake",5/20/2023,718093,36,100,2023
36,519043,"Moore, Matt",5/12/2023,718205,36,100,2023
36,641656,"Hamilton, Ian",4/3/2023,718725,36,100,2023
36,605130,"Barlow, Scott",5/22/2023,718066,36,100,2023
36,656290,"Carlton, Drew",5/28/2023,717995,36,100,2023
36,650633,"King, Michael",5/30/2023,717952,36,100,2023
36,665665,"Sanmartin, Reiver",5/1/2023,718345,36,100,2023
36,669424,"Lambert, Jimmy",4/18/2023,718525,36,100,2023
36,664199,"Clarke, Taylor",5/6/2023,718280,36,100,2023
36,669438,"Englert, Mason",4/29/2023,718381,36,100,2023
36,664199,"Clarke, Taylor",4/5/2023,718692,36,100,2023
36,669395,"Coleman, Dylan",4/10/2023,718630,36,100,2023
36,623211,"Brazobán, Huascar",4/2/2023,718741,36,100,2023
36,571539,"Carasiti, Matt",5/29/2023,717977,36,100,2023
36,681217,"Silseth, Chase",5/30/2023,717959,36,100,2023
36,548389,"Stripling, Ross",4/18/2023,718528,36,100,2023
36,670124,"Oller, Adam",5/3/2023,718319,36,100,2023
36,664294,"Moreta, Dauri",4/26/2023,718413,36,100,2023
36,677865,"Bruihl, Justin",5/26/2023,718018,36,100,2023
36,608723,"Voth, Austin",4/30/2023,718360,36,100,2023
36,606149,"Gallegos, Giovanny",5/17/2023,718131,36,100,2023
36,641420,"Burdi, Zack",5/23/2023,718061,36,100,2023
36,660261,"Fujinami, Shintaro",4/28/2023,718380,36,100,2023
36,661527,"Martinez, Seth",4/2/2023,718740,36,100,2023
36,621016,"Cuas, Jose",5/26/2023,718014,36,100,2023
36,642231,"Yacabonis, Jimmy",5/3/2023,718348,36,100,2023
35,598286,"Ramirez, Nick",4/25/2023,718427,35,100,2023
35,663558,"Moran, Jovani",4/10/2023,718640,35,100,2023
35,518489,"Brasier, Ryan",4/20/2023,718497,35,100,2023
35,669060,"Wilson, Bryse",5/9/2023,718241,35,100,2023
35,664942,"Naile, James",5/15/2023,718166,35,100,2023
35,593619,"Tapia, Domingo",4/6/2023,718681,35,100,2023
35,666168,"Thompson, Mason",4/22/2023,718468,35,100,2023
35,669796,"Hernandez, Jose E.",4/10/2023,718632,35,100,2023
35,608718,"Suter, Brent",5/7/2023,718276,35,100,2023
35,643493,"Pruitt, Austin",5/8/2023,718255,35,100,2023
35,660261,"Fujinami, Shintaro",5/10/2023,718232,35,100,2023
35,656234,"Bird, Jake",4/29/2023,718366,35,100,2023
35,663878,"Pearson, Nate",5/18/2023,718121,35,100,2023
35,518489,"Brasier, Ryan",3/30/2023,718782,35,100,2023
35,621051,"Wilson, Steven",4/25/2023,718426,35,100,2023
35,676760,"Marinaccio, Ron",5/23/2023,718058,35,100,2023
35,661309,"Martínez, Adrián",5/22/2023,718062,35,100,2023
35,641627,"Gott, Trevor",3/31/2023,718763,35,100,2023
35,668665,"Nogosek, Stephen",4/2/2023,718741,35,100,2023
35,666277,"Soriano, George",4/19/2023,718511,35,100,2023
35,596112,"Stephenson, Robert",5/10/2023,718231,35,100,2023
35,488984,"Hunter, Tommy",5/15/2023,718167,35,100,2023
35,598286,"Ramirez, Nick",5/8/2023,718255,35,100,2023
35,657240,"Merryweather, Julian",4/29/2023,718375,35,100,2023
35,676596,"Fleming, Josh",4/19/2023,718515,35,100,2023
35,642545,"Barria, Jaime",4/24/2023,718437,35,100,2023
35,605177,"Chafin, Andrew",4/24/2023,718438,35,100,2023
35,621389,"Blach, Ty",4/1/2023,718750,35,100,2023
35,641540,"Dunning, Dane",4/1/2023,718752,35,100,2023
35,502085,"Robertson, David",5/1/2023,718361,35,100,2023
35,681217,"Silseth, Chase",5/27/2023,717998,35,100,2023
34,676710,"Crawford, Kutter",4/22/2023,718470,34,100,2023
34,676265,"Abbott, Cory",5/1/2023,718349,34,100,2023
34,607359,"Patton, Spencer",5/9/2023,718247,34,100,2023
34,541640,"Ramírez, Erasmo",3/30/2023,718780,34,100,2023
34,656981,"Solomon, Peter",4/14/2023,718584,34,100,2023
34,571479,"Bellatti, Andrew",4/11/2023,718619,34,100,2023
34,669854,"Blanco, Ronel",4/1/2023,718760,34,100,2023
34,640451,"Harvey, Hunter",5/31/2023,717954,34,100,2023
34,656970,"Smeltzer, Devin",4/27/2023,718410,34,100,2023
34,663855,"Hicks, Jordan",4/26/2023,718423,34,100,2023
34,544727,"Familia, Jeurys",4/14/2023,718578,34,100,2023
34,663658,"Ward, Thaddeus",4/15/2023,718573,34,100,2023
34,669796,"Hernandez, Jose E.",5/27/2023,718004,34,100,2023
34,664199,"Clarke, Taylor",5/2/2023,718336,34,100,2023
34,606303,"Payamps, Joel",5/16/2023,718151,34,100,2023
34,622250,"Sborz, Josh",4/22/2023,718469,34,100,2023
34,663567,"Lambert, Peter",5/10/2023,718231,34,100,2023
34,643361,"Herget, Kevin",5/21/2023,718085,34,100,2023
34,608371,"Sims, Lucas",5/11/2023,718223,34,100,2023
34,622250,"Sborz, Josh",4/26/2023,718424,34,100,2023
34,660261,"Fujinami, Shintaro",4/26/2023,718408,34,100,2023
34,642758,"Acevedo, Domingo",4/3/2023,718721,34,100,2023
34,657044,"Thompson, Ryan",5/13/2023,718197,34,100,2023
34,598264,"Barnes, Matt",4/27/2023,718410,34,100,2023
34,623211,"Brazobán, Huascar",5/23/2023,718051,34,100,2023
34,641703,"Honeywell, Brent",5/19/2023,718107,34,100,2023
34,650893,"Cabrera, Génesis",4/27/2023,718409,34,100,2023
34,664747,"Díaz, Alexis",5/22/2023,718071,34,100,2023
34,656464,"Ginkel, Kevin",5/9/2023,718236,34,100,2023
34,518585,"Cruz, Fernando",4/14/2023,718586,34,100,2023
34,663947,"Holton, Tyler",4/15/2023,718571,34,100,2023
34,642397,"Soto, Gregory",4/5/2023,718699,34,100,2023
34,665625,"Peguero, Elvis",4/25/2023,718428,34,100,2023
34,606160,"Montero, Rafael",5/23/2023,718056,34,100,2023
34,664948,"Misiewicz, Anthony",5/19/2023,718118,34,100,2023
34,670174,"Winckowski, Josh",5/26/2023,718010,34,100,2023
34,608718,"Suter, Brent",4/15/2023,718561,34,100,2023
34,669060,"Wilson, Bryse",4/10/2023,718627,34,100,2023
34,669438,"Englert, Mason",5/29/2023,717979,34,100,2023
34,669438,"Englert, Mason",4/18/2023,718530,34,100,2023
34,657514,"Bernardino, Brennan",4/24/2023,718447,34,100,2023
34,656464,"Ginkel, Kevin",5/16/2023,718146,34,100,2023
33,660593,"Reyes, Denyi",4/18/2023,718516,33,100,2023
33,572193,"Tepera, Ryan",4/15/2023,718576,33,100,2023
33,608723,"Voth, Austin",4/5/2023,718694,33,100,2023
33,680704,"Sandlin, Nick",5/8/2023,718261,33,100,2023
33,686842,"Moore, McKinley",4/10/2023,718633,33,100,2023
33,641703,"Honeywell, Brent",4/29/2023,718384,33,100,2023
33,670990,"Ramírez, Yohan",5/6/2023,718286,33,100,2023
33,657272,"Uelmen, Erich",5/19/2023,718116,33,100,2023
33,656271,"Burke, Brock",5/31/2023,717951,33,100,2023
33,614179,"Ruiz, José",4/25/2023,718422,33,100,2023
33,676534,"Faucher, Calvin",4/3/2023,718732,33,100,2023
33,666720,"Rodríguez, Yerry",4/30/2023,718356,33,100,2023
33,650633,"King, Michael",5/20/2023,718095,33,100,2023
33,676710,"Crawford, Kutter",5/3/2023,718323,33,100,2023
33,663753,"Knehr, Reiss",4/17/2023,718533,33,100,2023
33,660896,"Alcala, Jorge",5/12/2023,718209,33,100,2023
33,663546,"Hjelle, Sean",4/10/2023,718641,33,100,2023
33,543518,"McGough, Scott",5/27/2023,717991,33,100,2023
33,663546,"Hjelle, Sean",5/1/2023,718350,33,100,2023
33,594580,"Moll, Sam",5/17/2023,718139,33,100,2023
33,625643,"López, Reynaldo",5/30/2023,717959,33,100,2023
33,666619,"Santos, Gregory",4/6/2023,718687,33,100,2023
33,668338,"Miller, Tyson",5/25/2023,718028,33,100,2023
33,656061,"Abreu, Albert",4/11/2023,718626,33,100,2023
33,657240,"Merryweather, Julian",5/14/2023,718175,33,100,2023
33,663941,"Beck, Tristan",5/26/2023,718017,33,100,2023
33,672578,"Hernández, Carlos",4/4/2023,718708,33,100,2023
33,622251,"Staumont, Josh",5/26/2023,718014,33,100,2023
33,668754,"Bristo, Braden",5/30/2023,717964,33,100,2023
33,669060,"Wilson, Bryse",5/15/2023,718166,33,100,2023
33,608665,"Graveman, Kendall",4/15/2023,718570,33,100,2023
33,656546,"Hoffman, Jeff",5/19/2023,718116,33,100,2023
33,543859,"Tonkin, Michael",4/7/2023,718676,33,100,2023
33,664776,"Cousins, Jake",5/3/2023,718315,33,100,2023
33,643377,"Jax, Griffin",5/19/2023,718106,33,100,2023
33,676710,"Crawford, Kutter",4/13/2023,718594,33,100,2023
33,669711,"Weissert, Greg",5/9/2023,718247,33,100,2023
33,676760,"Marinaccio, Ron",4/18/2023,718529,33,100,2023
33,642207,"Williams, Devin",4/16/2023,718549,33,100,2023
33,571479,"Bellatti, Andrew",4/20/2023,718498,33,100,2023
33,669060,"Wilson, Bryse",4/21/2023,718483,33,100,2023
33,681402,"Varland, Gus",5/15/2023,718166,33,100,2023
33,665048,"Harris, Hobie",4/9/2023,718645,33,100,2023
33,548384,"Raley, Brooks",5/14/2023,718186,33,100,2023
33,669674,"Long, Sam",5/11/2023,718217,33,100,2023
33,663947,"Holton, Tyler",4/26/2023,718419,33,100,2023
33,668868,"Thompson, Zack",4/26/2023,718423,33,100,2023
33,643511,"Rogers, Tyler",5/5/2023,718293,33,100,2023
33,572403,"VerHagen, Drew",5/29/2023,717975,33,100,2023
33,668984,"Legumina, Casey",5/3/2023,718330,33,100,2023
33,596001,"Junis, Jakob",4/1/2023,718762,33,100,2023
33,608328,"De Jong, Chase",4/1/2023,718756,33,100,2023
32,629498,"Quezada, Johan",5/2/2023,718346,32,100,2023
32,656061,"Abreu, Albert",4/24/2023,718442,32,100,2023
32,669674,"Long, Sam",4/28/2023,718380,32,100,2023
32,669674,"Long, Sam",4/25/2023,718425,32,100,2023
32,607259,"Martinez, Nick",5/2/2023,718335,32,100,2023
32,661403,"Clase, Emmanuel",5/26/2023,718022,32,100,2023
32,600921,"Machado, Andrés",5/12/2023,718214,32,100,2023
32,664199,"Clarke, Taylor",4/19/2023,718514,32,100,2023
32,657508,"Baumann, Mike",5/31/2023,717946,32,100,2023
32,621016,"Cuas, Jose",5/23/2023,718049,32,100,2023
32,641703,"Honeywell, Brent",5/28/2023,717995,32,100,2023
32,605447,"Romano, Jordan",5/20/2023,718102,32,100,2023
32,650633,"King, Michael",4/8/2023,718664,32,100,2023
32,624522,"Thompson, Keegan",4/3/2023,718728,32,100,2023
32,670950,"Richards, Trevor",5/25/2023,718032,32,100,2023
32,664747,"Díaz, Alexis",4/8/2023,718668,32,100,2023
32,571656,"Farmer, Buck",4/24/2023,718445,32,100,2023
32,571656,"Farmer, Buck",4/17/2023,718542,32,100,2023
32,686747,"La Sorsa, Joe",5/29/2023,717976,32,100,2023
32,676760,"Marinaccio, Ron",4/12/2023,718604,32,100,2023
32,667427,"Jackson, Zach",5/12/2023,718200,32,100,2023
32,660261,"Fujinami, Shintaro",5/16/2023,718146,32,100,2023
32,571539,"Carasiti, Matt",5/26/2023,718016,32,100,2023
32,683232,"Mears, Nick",5/9/2023,718252,32,100,2023
32,666168,"Thompson, Mason",4/3/2023,718732,32,100,2023
32,656257,"Brigham, Jeff",4/23/2023,718455,32,100,2023
32,665665,"Sanmartin, Reiver",4/10/2023,718636,32,100,2023
32,641703,"Honeywell, Brent",4/12/2023,718610,32,100,2023
32,611093,"Bracho, Silvino",5/23/2023,718059,32,100,2023
32,621249,"Underwood Jr., Duane",5/4/2023,718309,32,100,2023
32,622503,"Crismatt, Nabil",3/30/2023,718778,32,100,2023
32,681402,"Varland, Gus",4/8/2023,718660,32,100,2023
32,666974,"Cano, Yennier",5/4/2023,718312,32,100,2023
32,543521,"McHugh, Collin",5/10/2023,718220,32,100,2023
32,657508,"Baumann, Mike",4/25/2023,718435,32,100,2023
32,656464,"Ginkel, Kevin",5/26/2023,718010,32,100,2023
32,657031,"Taylor, Josh",5/5/2023,718299,32,100,2023
32,687330,"Kelly, Kevin",4/17/2023,718542,32,100,2023
32,677161,"Kelly, Zack",4/8/2023,718667,32,100,2023
32,675540,"Curry, Xzavion",5/23/2023,718063,32,100,2023
32,519043,"Moore, Matt",4/15/2023,718576,32,100,2023
32,518585,"Cruz, Fernando",4/19/2023,718515,32,100,2023
32,657031,"Taylor, Josh",4/28/2023,718387,32,100,2023
32,642585,"Bautista, Félix",5/4/2023,718312,32,100,2023
32,641360,"Bickford, Phil",4/20/2023,718499,32,100,2023
32,502202,"Boxberger, Brad",5/13/2023,718195,32,100,2023
32,641627,"Gott, Trevor",4/11/2023,718617,32,100,2023
31,641627,"Gott, Trevor",5/17/2023,718133,31,100,2023
31,669093,"Estrada, Jeremiah",4/21/2023,718491,31,100,2023
31,518489,"Brasier, Ryan",4/19/2023,718505,31,100,2023
31,656222,"Beeks, Jalen",5/13/2023,718197,31,100,2023
31,605447,"Romano, Jordan",4/9/2023,718644,31,100,2023
31,665001,"Kelley, Trevor",4/15/2023,718569,31,100,2023
31,669438,"Englert, Mason",5/26/2023,718021,31,100,2023
31,643377,"Jax, Griffin",4/21/2023,718482,31,100,2023
31,642701,"Santana, Dennis",4/14/2023,718578,31,100,2023
31,663765,"Woodford, Jake",5/4/2023,718311,31,100,2023
31,453178,"Kennedy, Ian",5/9/2023,718239,31,100,2023
31,572955,"Johnson, Pierce",5/4/2023,718313,31,100,2023
31,668868,"Thompson, Zack",4/14/2023,718582,31,100,2023
31,641793,"Littell, Zack",5/9/2023,718245,31,100,2023
31,488984,"Hunter, Tommy",5/11/2023,718223,31,100,2023
31,640451,"Harvey, Hunter",4/14/2023,718592,31,100,2023
31,641793,"Littell, Zack",5/7/2023,718270,31,100,2023
31,682171,"Murfee, Penn",4/15/2023,718561,31,100,2023
31,666818,"Frías, Luis",5/19/2023,718118,31,100,2023
31,543507,"May, Trevor",4/9/2023,718655,31,100,2023
31,668338,"Miller, Tyson",5/6/2023,718287,31,100,2023
31,663947,"Holton, Tyler",4/30/2023,718360,31,100,2023
31,542914,"Bass, Anthony",4/17/2023,718537,31,100,2023
31,628708,"Marte, Yunior",5/2/2023,718331,31,100,2023
31,606303,"Payamps, Joel",4/25/2023,718428,31,100,2023
31,663658,"Ward, Thaddeus",5/19/2023,718123,31,100,2023
31,622072,"Wood, Alex",5/12/2023,718199,31,100,2023
31,605280,"Holmes, Clay",5/13/2023,718197,31,100,2023
31,548384,"Raley, Brooks",4/17/2023,718532,31,100,2023
31,650633,"King, Michael",4/4/2023,718710,31,100,2023
31,670990,"Ramírez, Yohan",5/16/2023,718155,31,100,2023
31,664875,"Lawrence, Justin",5/14/2023,718174,31,100,2023
31,682120,"Herrin, Tim",4/24/2023,718448,31,100,2023
31,668665,"Nogosek, Stephen",5/17/2023,718135,31,100,2023
31,543901,"Weber, Ryan",5/16/2023,718157,31,100,2023
31,663992,"Lovelady, Richard",4/25/2023,718425,31,100,2023
31,663947,"Holton, Tyler",5/13/2023,718194,31,100,2023
31,488984,"Hunter, Tommy",4/27/2023,718398,31,100,2023
31,650893,"Cabrera, Génesis",5/8/2023,718256,31,100,2023
31,605130,"Barlow, Scott",4/19/2023,718514,31,100,2023
31,453268,"Bard, Daniel",5/20/2023,718100,31,100,2023
31,641401,"Brogdon, Connor",4/22/2023,718475,31,100,2023
31,674285,"Salazar, Eduardo",5/26/2023,718027,31,100,2023
31,664948,"Misiewicz, Anthony",4/23/2023,718456,31,100,2023
31,669212,"Morgan, Eli",4/18/2023,718530,31,100,2023
31,628708,"Marte, Yunior",4/3/2023,718725,31,100,2023
31,657756,"Seabold, Connor",4/8/2023,718658,31,100,2023
31,595411,"Sherriff, Ryan",5/30/2023,717966,31,100,2023
31,681402,"Varland, Gus",4/12/2023,718598,31,100,2023
31,660813,"Graterol, Brusdar",5/9/2023,718241,31,100,2023
31,518585,"Cruz, Fernando",4/3/2023,718728,31,100,2023
31,608717,"Stratton, Chris",4/2/2023,718737,31,100,2023
31,607054,"Peterson, Jace",4/22/2023,718469,31,100,2023
31,592254,"De León, José",5/21/2023,718080,31,100,2023
31,623352,"Hader, Josh",4/11/2023,718621,31,100,2023
31,657424,"Gage, Matt",5/2/2023,718337,31,100,2023
31,608723,"Voth, Austin",4/13/2023,718596,31,100,2023
31,650633,"King, Michael",5/23/2023,718058,31,100,2023
31,642585,"Bautista, Félix",4/27/2023,718405,31,100,2023
31,623211,"Brazobán, Huascar",5/4/2023,718308,31,100,2023
31,642585,"Bautista, Félix",5/20/2023,718102,31,100,2023
31,671111,"Peralta, Sammy",5/4/2023,718310,31,100,2023
31,664294,"Moreta, Dauri",4/7/2023,718679,31,100,2023
31,656814,"Ortiz, Luis F.",4/26/2023,718415,31,100,2023
30,682120,"Herrin, Tim",4/5/2023,718689,30,100,2023
30,641302,"Alexander, Tyler",4/22/2023,718472,30,100,2023
30,643361,"Herget, Kevin",4/9/2023,718652,30,100,2023
30,677161,"Kelly, Zack",4/3/2023,718724,30,100,2023
30,656578,"Jackson, Andre",4/8/2023,718656,30,100,2023
30,664208,"Maton, Phil",5/30/2023,717956,30,100,2023
30,608032,"Estévez, Carlos",4/19/2023,718504,30,100,2023
30,571901,"Loup, Aaron",4/20/2023,718496,30,100,2023
30,489446,"Yates, Kirby",5/20/2023,718094,30,100,2023
30,608717,"Stratton, Chris",4/28/2023,718382,30,100,2023
30,614179,"Ruiz, José",4/3/2023,718730,30,100,2023
30,670174,"Winckowski, Josh",5/1/2023,718353,30,100,2023
30,675540,"Curry, Xzavion",5/17/2023,718129,30,100,2023
30,607755,"Vasquez, Andrew",4/3/2023,718725,30,100,2023
30,598286,"Ramirez, Nick",4/30/2023,718356,30,100,2023
30,518585,"Cruz, Fernando",4/23/2023,718463,30,100,2023
30,657097,"Webb, Jacob",5/26/2023,718015,30,100,2023
30,614179,"Ruiz, José",4/1/2023,718760,30,100,2023
30,641360,"Bickford, Phil",5/1/2023,718343,30,100,2023
30,669854,"Blanco, Ronel",4/8/2023,718666,30,100,2023
30,593619,"Tapia, Domingo",4/9/2023,718648,30,100,2023
30,571946,"Miller, Shelby",5/15/2023,718159,30,100,2023
30,669467,"Pallante, Andre",5/22/2023,718071,30,100,2023
30,608328,"De Jong, Chase",4/12/2023,718608,30,100,2023
30,472610,"García, Luis",4/30/2023,718368,30,100,2023
30,681806,"Wantz, Andrew",5/6/2023,718275,30,100,2023
30,573124,"Rogers, Taylor",4/12/2023,718612,30,100,2023
30,663658,"Ward, Thaddeus",5/29/2023,717973,30,100,2023
30,593576,"Neris, Héctor",4/1/2023,718760,30,100,2023
30,518585,"Cruz, Fernando",4/16/2023,718554,30,100,2023
30,657612,"Hill, Tim",4/13/2023,718589,30,100,2023
30,542947,"Bleier, Richard",4/2/2023,718748,30,100,2023
30,650895,"Castillo, Diego",4/17/2023,718534,30,100,2023
30,476595,"Luetge, Lucas",5/29/2023,717970,30,100,2023
30,607755,"Vasquez, Andrew",5/1/2023,718343,30,100,2023
30,676760,"Marinaccio, Ron",5/8/2023,718255,30,100,2023
30,621345,"Minter, A.J.",4/23/2023,718462,30,100,2023
30,656986,"Sousa, Bennett",5/8/2023,718257,30,100,2023
30,571946,"Miller, Shelby",5/16/2023,718141,30,100,2023
30,623149,"Sewald, Paul",4/4/2023,718706,30,100,2023
30,642758,"Acevedo, Domingo",4/8/2023,718665,30,100,2023
30,623211,"Brazobán, Huascar",5/6/2023,718289,30,100,2023
30,624522,"Thompson, Keegan",4/8/2023,718669,30,100,2023
30,571946,"Miller, Shelby",5/9/2023,718241,30,100,2023
30,595928,"Curtiss, John",4/16/2023,718546,30,100,2023
30,608717,"Stratton, Chris",5/24/2023,718041,30,100,2023
30,666974,"Cano, Yennier",5/23/2023,718058,30,100,2023
30,625643,"López, Reynaldo",5/17/2023,718129,30,100,2023
30,664294,"Moreta, Dauri",4/30/2023,718367,30,100,2023
30,676534,"Faucher, Calvin",4/11/2023,718625,30,100,2023
30,571479,"Bellatti, Andrew",4/15/2023,718566,30,100,2023
30,663947,"Holton, Tyler",5/12/2023,718208,30,100,2023
30,607755,"Vasquez, Andrew",5/5/2023,718301,30,100,2023
30,643410,"Leiter Jr., Mark",4/2/2023,718738,30,100,2023
30,608718,"Suter, Brent",4/2/2023,718733,30,100,2023
30,659275,"Lamet, Dinelson",4/1/2023,718750,30,100,2023
30,607259,"Martinez, Nick",4/29/2023,718384,30,100,2023
30,659275,"Lamet, Dinelson",4/11/2023,718613,30,100,2023
30,518617,"Diekman, Jake",4/3/2023,718730,30,100,2023
30,543521,"McHugh, Collin",5/7/2023,718277,30,100,2023
30,686842,"Moore, McKinley",4/15/2023,718566,30,100,2023
30,657265,"Strzelecki, Peter",5/16/2023,718151,30,100,2023
29,544727,"Familia, Jeurys",4/29/2023,718377,29,100,2023
29,683232,"Mears, Nick",5/4/2023,718313,29,100,2023
29,676265,"Abbott, Cory",5/14/2023,718186,29,100,2023
29,666142,"Ragans, Cole",4/3/2023,718726,29,100,2023
29,606149,"Gallegos, Giovanny",5/6/2023,718288,29,100,2023
29,607259,"Martinez, Nick",5/27/2023,718006,29,100,2023
29,624522,"Thompson, Keegan",5/6/2023,718289,29,100,2023
29,596082,"Reed, Jake",4/21/2023,718491,29,100,2023
29,656234,"Bird, Jake",5/17/2023,718138,29,100,2023
29,669854,"Blanco, Ronel",5/2/2023,718337,29,100,2023
29,657571,"Ferguson, Caleb",4/9/2023,718639,29,100,2023
29,676254,"Walker, Ryan",5/24/2023,718047,29,100,2023
29,669438,"Englert, Mason",4/3/2023,718723,29,100,2023
29,663658,"Ward, Thaddeus",4/11/2023,718614,29,100,2023
29,659275,"Lamet, Dinelson",4/23/2023,718458,29,100,2023
29,672391,"Ort, Kaleb",4/11/2023,718625,29,100,2023
29,670950,"Richards, Trevor",4/30/2023,718363,29,100,2023
29,656464,"Ginkel, Kevin",5/21/2023,718091,29,100,2023
29,571882,"Law, Derek",4/21/2023,718492,29,100,2023
29,543056,"Coulombe, Danny",5/18/2023,718128,29,100,2023
29,608717,"Stratton, Chris",5/9/2023,718240,29,100,2023
29,641835,"Mayza, Tim",5/4/2023,718316,29,100,2023
29,621345,"Minter, A.J.",5/22/2023,718074,29,100,2023
29,628708,"Marte, Yunior",4/1/2023,718752,29,100,2023
29,621016,"Cuas, Jose",5/14/2023,718177,29,100,2023
29,593833,"Suero, Wander",5/5/2023,718295,29,100,2023
29,666974,"Cano, Yennier",5/7/2023,718277,29,100,2023
29,663558,"Moran, Jovani",4/27/2023,718400,29,100,2023
29,614179,"Ruiz, José",5/14/2023,718169,29,100,2023
29,621368,"Hearn, Taylor",4/4/2023,718709,29,100,2023
29,445276,"Jansen, Kenley",4/29/2023,718385,29,100,2023
29,672578,"Hernández, Carlos",4/24/2023,718438,29,100,2023
29,642585,"Bautista, Félix",5/9/2023,718246,29,100,2023
29,622554,"Domínguez, Seranthony",4/9/2023,718652,29,100,2023
29,666142,"Ragans, Cole",4/7/2023,718675,29,100,2023
29,641656,"Hamilton, Ian",4/26/2023,718417,29,100,2023
29,682051,"Hill, Garrett",4/5/2023,718696,29,100,2023
29,666142,"Ragans, Cole",5/12/2023,718200,29,100,2023
29,668674,"Erceg, Lucas",5/24/2023,718037,29,100,2023
29,641427,"Busenitz, Alan",5/23/2023,718059,29,100,2023
29,641703,"Honeywell, Brent",4/7/2023,718676,29,100,2023
29,554340,"García, Yimi",4/30/2023,718363,29,100,2023
29,622098,"Smith, Drew",4/5/2023,718698,29,100,2023
29,660896,"Alcala, Jorge",5/6/2023,718285,29,100,2023
29,656061,"Abreu, Albert",4/1/2023,718762,29,100,2023
29,623352,"Hader, Josh",4/8/2023,718659,29,100,2023
29,656234,"Bird, Jake",5/27/2023,718011,29,100,2023
29,502624,"Anderson, Chase",5/9/2023,718246,29,100,2023
29,656730,"Megill, Trevor",5/25/2023,718028,29,100,2023
29,663878,"Pearson, Nate",5/1/2023,718353,29,100,2023
29,661395,"Duran, Jhoan",5/29/2023,717968,29,100,2023
29,621381,"Strahm, Matt",5/7/2023,718270,29,100,2023
29,656257,"Brigham, Jeff",5/27/2023,718011,29,100,2023
29,666808,"Doval, Camilo",5/27/2023,717999,29,100,2023
29,572955,"Johnson, Pierce",5/25/2023,718033,29,100,2023
29,656061,"Abreu, Albert",5/29/2023,717969,29,100,2023
29,623167,"Flexen, Chris",5/17/2023,718133,29,100,2023
29,665048,"Harris, Hobie",5/7/2023,718263,29,100,2023
29,675540,"Curry, Xzavion",4/18/2023,718541,29,100,2023
29,656353,"Davidson, Tucker",5/16/2023,718154,29,100,2023
29,543518,"McGough, Scott",5/21/2023,718091,29,100,2023
29,622098,"Smith, Drew",4/12/2023,718610,29,100,2023
29,600921,"Machado, Andrés",4/30/2023,718367,29,100,2023
29,657612,"Hill, Tim",4/29/2023,718384,29,100,2023
29,676760,"Marinaccio, Ron",4/7/2023,718688,29,100,2023
29,456713,"Bush, Matt",4/9/2023,718650,29,100,2023
29,641329,"Baker, Bryan",4/27/2023,718405,29,100,2023
29,657031,"Taylor, Josh",4/18/2023,718522,29,100,2023
29,608723,"Voth, Austin",5/7/2023,718277,29,100,2023
29,668665,"Nogosek, Stephen",5/28/2023,717982,29,100,2023
29,623352,"Hader, Josh",5/21/2023,718079,29,100,2023
29,608717,"Stratton, Chris",4/26/2023,718423,29,100,2023
29,657514,"Bernardino, Brennan",5/9/2023,718245,29,100,2023
29,543507,"May, Trevor",4/3/2023,718721,29,100,2023
29,663658,"Ward, Thaddeus",4/29/2023,718383,29,100,2023
29,666142,"Ragans, Cole",5/20/2023,718100,29,100,2023
29,571946,"Miller, Shelby",5/5/2023,718295,29,100,2023
29,657508,"Baumann, Mike",4/16/2023,718553,29,100,2023
29,672391,"Ort, Kaleb",4/5/2023,718702,29,100,2023
28,676760,"Marinaccio, Ron",4/29/2023,718374,28,100,2023
28,642100,"Speier, Gabe",4/8/2023,718663,28,100,2023
28,572955,"Johnson, Pierce",4/4/2023,718703,28,100,2023
28,622772,"Cordero, Jimmy",4/18/2023,718529,28,100,2023
28,608032,"Estévez, Carlos",4/2/2023,718734,28,100,2023
28,493603,"Ottavino, Adam",4/15/2023,718565,28,100,2023
28,686972,"Waites, Cole",5/7/2023,718267,28,100,2023
28,621074,"Rucker, Michael",4/2/2023,718738,28,100,2023
28,592779,"Stewart, Brock",5/11/2023,718216,28,100,2023
28,608678,"Leone, Dominic",5/7/2023,718276,28,100,2023
28,621051,"Wilson, Steven",4/29/2023,718384,28,100,2023
28,663947,"Holton, Tyler",5/28/2023,717989,28,100,2023
28,608723,"Voth, Austin",4/8/2023,718664,28,100,2023
28,605218,"Edwards Jr., Carl",5/26/2023,718014,28,100,2023
28,656271,"Burke, Brock",4/16/2023,718552,28,100,2023
28,605155,"Brewer, Colten",4/10/2023,718637,28,100,2023
28,666168,"Thompson, Mason",5/9/2023,718250,28,100,2023
28,677865,"Bruihl, Justin",5/16/2023,718141,28,100,2023
28,675916,"Karinchak, James",5/12/2023,718205,28,100,2023
28,663878,"Pearson, Nate",5/3/2023,718323,28,100,2023
28,606303,"Payamps, Joel",4/22/2023,718470,28,100,2023
28,656266,"Bukauskas, J.B.",4/9/2023,718646,28,100,2023
28,642701,"Santana, Dennis",4/3/2023,718731,28,100,2023
28,672578,"Hernández, Carlos",5/27/2023,718000,28,100,2023
28,670174,"Winckowski, Josh",4/1/2023,718761,28,100,2023
28,642770,"Guerra, Javy",4/8/2023,718660,28,100,2023
28,592779,"Stewart, Brock",5/15/2023,718159,28,100,2023
28,664875,"Lawrence, Justin",4/10/2023,718629,28,100,2023
28,622250,"Sborz, Josh",5/3/2023,718325,28,100,2023
28,607237,"Garrett, Amir",5/26/2023,718014,28,100,2023
28,541640,"Ramírez, Erasmo",4/15/2023,718573,28,100,2023
28,663658,"Ward, Thaddeus",5/1/2023,718349,28,100,2023
28,675540,"Curry, Xzavion",5/28/2023,717993,28,100,2023
28,571882,"Law, Derek",4/13/2023,718597,28,100,2023
28,660813,"Graterol, Brusdar",4/23/2023,718451,28,100,2023
28,605154,"Brebbia, John",4/15/2023,718571,28,100,2023
28,669060,"Wilson, Bryse",4/24/2023,718441,28,100,2023
28,664854,"Helsley, Ryan",5/12/2023,718211,28,100,2023
28,608718,"Suter, Brent",4/8/2023,718658,28,100,2023
28,594902,"Lively, Ben",5/15/2023,718161,28,100,2023
28,621016,"Cuas, Jose",4/6/2023,718686,28,100,2023
28,622503,"Crismatt, Nabil",4/4/2023,718717,28,100,2023
28,592254,"De León, José",5/17/2023,718136,28,100,2023
28,596001,"Junis, Jakob",5/15/2023,718170,28,100,2023
28,571656,"Farmer, Buck",5/13/2023,718198,28,100,2023
28,656257,"Brigham, Jeff",5/1/2023,718352,28,100,2023
28,623433,"Anderson, Nick",4/3/2023,718727,28,100,2023
28,641401,"Brogdon, Connor",3/30/2023,718779,28,100,2023
28,608371,"Sims, Lucas",5/31/2023,717948,28,100,2023
28,489446,"Yates, Kirby",5/2/2023,718346,28,100,2023
28,640444,"Crowe, Wil",4/17/2023,718535,28,100,2023
28,664294,"Moreta, Dauri",4/12/2023,718608,28,100,2023
28,642701,"Santana, Dennis",4/7/2023,718693,28,100,2023
28,624522,"Thompson, Keegan",4/23/2023,718451,28,100,2023
28,573124,"Rogers, Taylor",4/29/2023,718384,28,100,2023
28,608717,"Stratton, Chris",4/5/2023,718697,28,100,2023
28,606160,"Montero, Rafael",5/6/2023,718274,28,100,2023
28,640451,"Harvey, Hunter",5/25/2023,718035,28,100,2023
28,605446,"Rodríguez, Dereck",5/28/2023,717992,28,100,2023
28,543507,"May, Trevor",4/11/2023,718618,28,100,2023
28,663485,"Sands, Cole",4/3/2023,718729,28,100,2023
28,666142,"Ragans, Cole",5/28/2023,717990,28,100,2023
28,624522,"Thompson, Keegan",4/15/2023,718564,28,100,2023
28,641401,"Brogdon, Connor",5/2/2023,718331,28,100,2023
28,605154,"Brebbia, John",5/25/2023,718028,28,100,2023
28,665871,"Assad, Javier",4/1/2023,718758,28,100,2023
28,621051,"Wilson, Steven",4/6/2023,718681,28,100,2023
28,670950,"Richards, Trevor",4/16/2023,718556,28,100,2023
28,623474,"Herget, Jimmy",5/10/2023,718235,28,100,2023
28,643493,"Pruitt, Austin",5/19/2023,718112,28,100,2023
28,657097,"Webb, Jacob",5/28/2023,717984,28,100,2023
28,666168,"Thompson, Mason",4/25/2023,718431,28,100,2023
28,571656,"Farmer, Buck",5/22/2023,718071,28,100,2023
28,543901,"Weber, Ryan",5/11/2023,718219,28,100,2023
28,687330,"Kelly, Kevin",4/21/2023,718486,28,100,2023
28,592779,"Stewart, Brock",4/27/2023,718400,28,100,2023
28,605447,"Romano, Jordan",5/10/2023,718233,28,100,2023
28,670174,"Winckowski, Josh",4/10/2023,718638,28,100,2023
28,608718,"Suter, Brent",5/5/2023,718302,28,100,2023
28,641729,"Jiménez, Joe",5/1/2023,718361,28,100,2023
28,608717,"Stratton, Chris",5/4/2023,718311,28,100,2023
28,570257,"Rodríguez, Joely",5/17/2023,718133,28,100,2023
28,607237,"Garrett, Amir",4/30/2023,718362,28,100,2023
28,622098,"Smith, Drew",5/27/2023,718011,28,100,2023
28,621363,"Poche, Colin",4/30/2023,718355,28,100,2023
28,670174,"Winckowski, Josh",4/18/2023,718524,28,100,2023
28,656638,"Lange, Alex",5/22/2023,718066,28,100,2023
28,672730,"Then, Juan",5/29/2023,717969,28,100,2023
28,681911,"Vesia, Alex",4/28/2023,718382,28,100,2023
28,605242,"Fulmer, Michael",4/7/2023,718675,28,100,2023
28,664875,"Lawrence, Justin",5/12/2023,718202,28,100,2023
27,592773,"Stanek, Ryne",4/1/2023,718760,27,100,2023
27,666619,"Santos, Gregory",4/24/2023,718444,27,100,2023
27,641360,"Bickford, Phil",4/9/2023,718639,27,100,2023
27,663947,"Holton, Tyler",5/17/2023,718142,27,100,2023
27,642121,"Sulser, Cole",4/1/2023,718749,27,100,2023
27,676710,"Crawford, Kutter",5/27/2023,717991,27,100,2023
27,657265,"Strzelecki, Peter",5/4/2023,718313,27,100,2023
27,608723,"Voth, Austin",5/10/2023,718227,27,100,2023
27,592254,"De León, José",5/28/2023,717988,27,100,2023
27,628708,"Marte, Yunior",5/28/2023,717992,27,100,2023
27,519293,"Smith, Will",5/5/2023,718294,27,100,2023
27,668984,"Legumina, Casey",4/18/2023,718526,27,100,2023
27,445276,"Jansen, Kenley",4/9/2023,718654,27,100,2023
27,548384,"Raley, Brooks",4/4/2023,718712,27,100,2023
27,541640,"Ramírez, Erasmo",5/23/2023,718064,27,100,2023
27,663941,"Beck, Tristan",5/13/2023,718184,27,100,2023
27,645444,"Herrera, Jose",5/19/2023,718118,27,100,2023
27,543521,"McHugh, Collin",4/5/2023,718697,27,100,2023
27,624522,"Thompson, Keegan",4/19/2023,718506,27,100,2023
27,623433,"Anderson, Nick",4/23/2023,718462,27,100,2023
27,641656,"Hamilton, Ian",5/16/2023,718157,27,100,2023
27,624522,"Thompson, Keegan",5/14/2023,718175,27,100,2023
27,676760,"Marinaccio, Ron",5/20/2023,718095,27,100,2023
27,624647,"González, Victor",5/14/2023,718168,27,100,2023
27,642207,"Williams, Devin",5/16/2023,718151,27,100,2023
27,593974,"Peralta, Wandy",5/13/2023,718197,27,100,2023
27,600921,"Machado, Andrés",5/25/2023,718035,27,100,2023
27,622075,"Almonte, Yency",5/15/2023,718159,27,100,2023
27,664854,"Helsley, Ryan",4/15/2023,718568,27,100,2023
27,623149,"Sewald, Paul",5/16/2023,718149,27,100,2023
27,666204,"Jiménez, Dany",4/11/2023,718618,27,100,2023
27,663385,"Smith, Chad",4/12/2023,718599,27,100,2023
27,640470,"Alzolay, Adbert",4/16/2023,718547,27,100,2023
27,657044,"Thompson, Ryan",5/7/2023,718271,27,100,2023
27,547973,"Chapman, Aroldis",5/17/2023,718140,27,100,2023
27,663567,"Lambert, Peter",5/16/2023,718145,27,100,2023
27,681806,"Wantz, Andrew",5/9/2023,718237,27,100,2023
27,600917,"Leclerc, José",5/21/2023,718076,27,100,2023
27,664076,"Cleavinger, Garrett",4/3/2023,718732,27,100,2023
27,502085,"Robertson, David",4/12/2023,718610,27,100,2023
27,608371,"Sims, Lucas",5/28/2023,717987,27,100,2023
27,682051,"Hill, Garrett",4/1/2023,718754,27,100,2023
27,642758,"Acevedo, Domingo",4/10/2023,718635,27,100,2023
27,624522,"Thompson, Keegan",4/10/2023,718628,27,100,2023
27,641401,"Brogdon, Connor",5/13/2023,718188,27,100,2023
27,456713,"Bush, Matt",4/13/2023,718589,27,100,2023
27,607481,"Bummer, Aaron",4/30/2023,718355,27,100,2023
27,650556,"Abreu, Bryan",5/27/2023,718003,27,100,2023
27,650893,"Cabrera, Génesis",4/25/2023,718439,27,100,2023
27,596001,"Junis, Jakob",5/30/2023,717972,27,100,2023
27,669212,"Morgan, Eli",5/24/2023,718048,27,100,2023
27,667427,"Jackson, Zach",5/3/2023,718319,27,100,2023
27,641401,"Brogdon, Connor",4/4/2023,718710,27,100,2023
27,668674,"Erceg, Lucas",5/19/2023,718112,27,100,2023
27,669467,"Pallante, Andre",4/7/2023,718674,27,100,2023
27,670810,"Gillaspie, Logan",4/9/2023,718651,27,100,2023
27,547973,"Chapman, Aroldis",5/28/2023,717985,27,100,2023
27,641771,"Kuhl, Chad",5/28/2023,717985,27,100,2023
27,641729,"Jiménez, Joe",5/13/2023,718192,27,100,2023
27,518489,"Brasier, Ryan",4/8/2023,718667,27,100,2023
27,571948,"Milner, Hoby",5/13/2023,718183,27,100,2023
27,669438,"Englert, Mason",5/7/2023,718272,27,100,2023
27,607067,"Rea, Colin",5/10/2023,718228,27,100,2023
27,571946,"Miller, Shelby",4/9/2023,718639,27,100,2023
27,676760,"Marinaccio, Ron",5/16/2023,718157,27,100,2023
27,493603,"Ottavino, Adam",4/26/2023,718412,27,100,2023
27,519151,"Pressly, Ryan",5/29/2023,717968,27,100,2023
27,622503,"Crismatt, Nabil",4/9/2023,718648,27,100,2023
27,643511,"Rogers, Tyler",5/16/2023,718156,27,100,2023
27,596001,"Junis, Jakob",5/12/2023,718199,27,100,2023
27,666204,"Jiménez, Dany",3/30/2023,718769,27,100,2023
27,605154,"Brebbia, John",4/27/2023,718409,27,100,2023
27,572403,"VerHagen, Drew",5/10/2023,718221,27,100,2023
27,663558,"Moran, Jovani",4/18/2023,718524,27,100,2023
27,622251,"Staumont, Josh",4/30/2023,718362,27,100,2023
27,571948,"Milner, Hoby",4/15/2023,718560,27,100,2023
27,607755,"Vasquez, Andrew",5/17/2023,718143,27,100,2023
27,640462,"Puk, A.J.",4/5/2023,718701,27,100,2023
27,650633,"King, Michael",5/12/2023,718210,27,100,2023
27,641703,"Honeywell, Brent",4/17/2023,718533,27,100,2023
27,544727,"Familia, Jeurys",4/24/2023,718437,27,100,2023
27,607481,"Bummer, Aaron",5/25/2023,718031,27,100,2023
27,547973,"Chapman, Aroldis",4/24/2023,718438,27,100,2023
27,543281,"Harrison, Josh",4/15/2023,718566,27,100,2023
27,670042,"Raley, Luke",5/23/2023,718061,27,100,2023
27,606625,"Moronta, Reyes",5/24/2023,718034,27,100,2023
27,608718,"Suter, Brent",4/18/2023,718521,27,100,2023
27,664854,"Helsley, Ryan",5/23/2023,718059,27,100,2023
27,681217,"Silseth, Chase",5/22/2023,718070,27,100,2023
27,661403,"Clase, Emmanuel",5/12/2023,718205,27,100,2023
27,656271,"Burke, Brock",5/12/2023,718200,27,100,2023
27,670950,"Richards, Trevor",5/9/2023,718244,27,100,2023
27,650895,"Castillo, Diego",4/11/2023,718617,27,100,2023
27,663855,"Hicks, Jordan",3/30/2023,718772,27,100,2023
27,622554,"Domínguez, Seranthony",4/1/2023,718752,27,100,2023
27,672578,"Hernández, Carlos",4/27/2023,718400,27,100,2023
27,665665,"Sanmartin, Reiver",4/7/2023,718685,27,100,2023
27,676684,"Vest, Will",5/6/2023,718288,27,100,2023
27,593833,"Suero, Wander",5/10/2023,718228,27,100,2023
27,650671,"Quijada, José",4/22/2023,718466,27,100,2023
27,625643,"López, Reynaldo",3/30/2023,718768,27,100,2023
27,670174,"Winckowski, Josh",4/25/2023,718435,27,100,2023
27,676979,"Crochet, Garrett",5/31/2023,717943,27,100,2023
27,521230,"Hendriks, Liam",5/29/2023,717971,27,100,2023
26,656271,"Burke, Brock",4/18/2023,718522,26,100,2023
26,519043,"Moore, Matt",4/25/2023,718425,26,100,2023
26,621016,"Cuas, Jose",5/2/2023,718336,26,100,2023
26,670059,"Holderman, Colin",4/20/2023,718500,26,100,2023
26,650633,"King, Michael",5/2/2023,718339,26,100,2023
26,595928,"Curtiss, John",4/5/2023,718698,26,100,2023
26,676534,"Faucher, Calvin",4/1/2023,718754,26,100,2023
26,663986,"Stephan, Trevor",4/4/2023,718707,26,100,2023
26,663855,"Hicks, Jordan",5/8/2023,718256,26,100,2023
26,641703,"Honeywell, Brent",4/4/2023,718717,26,100,2023
26,641656,"Hamilton, Ian",4/7/2023,718688,26,100,2023
26,623465,"Phillips, Evan",4/29/2023,718369,26,100,2023
26,656234,"Bird, Jake",5/6/2023,718290,26,100,2023
26,611093,"Bracho, Silvino",5/19/2023,718120,26,100,2023
26,675989,"Bolton, Cody",4/29/2023,718399,26,100,2023
26,571901,"Loup, Aaron",5/24/2023,718034,26,100,2023
26,650633,"King, Michael",4/27/2023,718397,26,100,2023
26,664854,"Helsley, Ryan",5/20/2023,718109,26,100,2023
26,643377,"Jax, Griffin",5/12/2023,718209,26,100,2023
26,519293,"Smith, Will",5/27/2023,718001,26,100,2023
26,664199,"Clarke, Taylor",5/13/2023,718183,26,100,2023
26,642207,"Williams, Devin",5/28/2023,717986,26,100,2023
26,687330,"Kelly, Kevin",5/12/2023,718210,26,100,2023
26,660593,"Reyes, Denyi",4/16/2023,718546,26,100,2023
26,641703,"Honeywell, Brent",4/3/2023,718722,26,100,2023
26,593619,"Tapia, Domingo",5/1/2023,718345,26,100,2023
26,554340,"García, Yimi",5/7/2023,718278,26,100,2023
26,681806,"Wantz, Andrew",5/16/2023,718154,26,100,2023
26,594943,"Neal, Zach",5/13/2023,718190,26,100,2023
26,663878,"Pearson, Nate",5/21/2023,718087,26,100,2023
26,669674,"Long, Sam",5/31/2023,717949,26,100,2023
26,668868,"Thompson, Zack",4/8/2023,718660,26,100,2023
26,519293,"Smith, Will",5/2/2023,718342,26,100,2023
26,642546,"Hernández, Jonathan",5/12/2023,718200,26,100,2023
26,622250,"Sborz, Josh",4/15/2023,718562,26,100,2023
26,663855,"Hicks, Jordan",5/5/2023,718292,26,100,2023
26,663558,"Moran, Jovani",4/15/2023,718572,26,100,2023
26,670124,"Oller, Adam",4/24/2023,718437,26,100,2023
26,445926,"Chavez, Jesse",5/3/2023,718321,26,100,2023
26,592741,"Shreve, Chasen",4/27/2023,718405,26,100,2023
26,543056,"Coulombe, Danny",4/3/2023,718726,26,100,2023
26,608718,"Suter, Brent",5/15/2023,718161,26,100,2023
26,643377,"Jax, Griffin",4/18/2023,718524,26,100,2023
26,614179,"Ruiz, José",5/24/2023,718043,26,100,2023
26,608678,"Leone, Dominic",5/23/2023,718055,26,100,2023
26,608718,"Suter, Brent",4/10/2023,718629,26,100,2023
26,614179,"Ruiz, José",5/8/2023,718249,26,100,2023
26,608718,"Suter, Brent",5/13/2023,718188,26,100,2023
26,641540,"Dunning, Dane",4/24/2023,718445,26,100,2023
26,572193,"Tepera, Ryan",5/6/2023,718275,26,100,2023
26,607237,"Garrett, Amir",5/4/2023,718312,26,100,2023
26,572403,"VerHagen, Drew",5/21/2023,718083,26,100,2023
26,656546,"Hoffman, Jeff",5/15/2023,718170,26,100,2023
26,472610,"García, Luis",3/31/2023,718766,26,100,2023
26,543518,"McGough, Scott",4/24/2023,718438,26,100,2023
26,669212,"Morgan, Eli",4/22/2023,718488,26,100,2023
26,669438,"Englert, Mason",5/12/2023,718208,26,100,2023
26,669674,"Long, Sam",5/4/2023,718304,26,100,2023
26,623474,"Herget, Jimmy",4/5/2023,718691,26,100,2023
26,657612,"Hill, Tim",5/20/2023,718092,26,100,2023
26,643256,"Cimber, Adam",5/25/2023,718032,26,100,2023
26,641941,"Pagán, Emilio",4/4/2023,718714,26,100,2023
26,663986,"Stephan, Trevor",5/13/2023,718191,26,100,2023
26,642770,"Guerra, Javy",5/11/2023,718219,26,100,2023
26,608665,"Graveman, Kendall",5/30/2023,717959,26,100,2023
26,641540,"Dunning, Dane",4/10/2023,718630,26,100,2023
26,572193,"Tepera, Ryan",4/12/2023,718602,26,100,2023
26,642397,"Soto, Gregory",5/2/2023,718331,26,100,2023
26,669674,"Long, Sam",5/28/2023,717980,26,100,2023
26,622075,"Almonte, Yency",5/3/2023,718327,26,100,2023
26,643361,"Herget, Kevin",4/17/2023,718542,26,100,2023
26,657031,"Taylor, Josh",5/2/2023,718336,26,100,2023
26,643256,"Cimber, Adam",5/27/2023,718008,26,100,2023
26,672391,"Ort, Kaleb",4/23/2023,718461,26,100,2023
26,687330,"Kelly, Kevin",4/1/2023,718754,26,100,2023
26,622098,"Smith, Drew",4/15/2023,718565,26,100,2023
26,656464,"Ginkel, Kevin",5/24/2023,718043,26,100,2023
26,605347,"López, Jorge",5/15/2023,718159,26,100,2023
26,672730,"Then, Juan",5/22/2023,718062,26,100,2023
26,607237,"Garrett, Amir",5/21/2023,718084,26,100,2023
26,593974,"Peralta, Wandy",4/19/2023,718504,26,100,2023
26,607259,"Martinez, Nick",5/25/2023,718035,26,100,2023
26,608032,"Estévez, Carlos",4/17/2023,718540,26,100,2023
26,605218,"Edwards Jr., Carl",4/14/2023,718592,26,100,2023
26,687330,"Kelly, Kevin",4/8/2023,718665,26,100,2023
26,656271,"Burke, Brock",4/10/2023,718630,26,100,2023
26,674285,"Salazar, Eduardo",5/30/2023,717966,26,100,2023
26,622772,"Cordero, Jimmy",5/24/2023,718040,26,100,2023
26,519043,"Moore, Matt",4/17/2023,718540,26,100,2023
26,593619,"Tapia, Domingo",4/14/2023,718574,26,100,2023
26,657024,"Swanson, Erik",5/26/2023,718013,26,100,2023
26,592741,"Shreve, Chasen",5/8/2023,718261,26,100,2023
26,669276,"Lee, Dylan",4/8/2023,718659,26,100,2023
26,672578,"Hernández, Carlos",5/5/2023,718299,26,100,2023
26,669211,"Akin, Keegan",5/3/2023,718314,26,100,2023
26,686753,"Jameson, Drey",4/7/2023,718671,26,100,2023
26,622098,"Smith, Drew",5/9/2023,718243,26,100,2023
25,664199,"Clarke, Taylor",4/25/2023,718422,25,100,2023
25,675540,"Curry, Xzavion",5/16/2023,718147,25,100,2023
25,518617,"Diekman, Jake",4/18/2023,718525,25,100,2023
25,670329,"Garcia, Rico",5/6/2023,718280,25,100,2023
25,669438,"Englert, Mason",4/6/2023,718690,25,100,2023
25,518617,"Diekman, Jake",4/7/2023,718679,25,100,2023
25,593619,"Tapia, Domingo",5/30/2023,717963,25,100,2023
25,670167,"Schreiber, John",4/12/2023,718600,25,100,2023
25,593974,"Peralta, Wandy",5/27/2023,718006,25,100,2023
25,656814,"Ortiz, Luis F.",5/1/2023,718343,25,100,2023
25,621051,"Wilson, Steven",4/16/2023,718549,25,100,2023
25,641941,"Pagán, Emilio",4/9/2023,718649,25,100,2023
25,670990,"Ramírez, Yohan",5/26/2023,718012,25,100,2023
25,666974,"Cano, Yennier",4/14/2023,718583,25,100,2023
25,621076,"Kaprielian, James",4/24/2023,718437,25,100,2023
25,664076,"Cleavinger, Garrett",4/13/2023,718594,25,100,2023
25,544727,"Familia, Jeurys",4/19/2023,718506,25,100,2023
25,669854,"Blanco, Ronel",4/14/2023,718581,25,100,2023
25,666619,"Santos, Gregory",5/27/2023,718005,25,100,2023
25,663878,"Pearson, Nate",5/30/2023,717965,25,100,2023
25,642121,"Sulser, Cole",4/3/2023,718722,25,100,2023
25,663558,"Moran, Jovani",5/16/2023,718141,25,100,2023
25,554340,"García, Yimi",5/24/2023,718044,25,100,2023
25,682120,"Herrin, Tim",4/7/2023,718677,25,100,2023
25,621016,"Cuas, Jose",4/2/2023,718745,25,100,2023
25,608371,"Sims, Lucas",5/25/2023,718030,25,100,2023
25,642545,"Barria, Jaime",4/9/2023,718644,25,100,2023
25,622251,"Staumont, Josh",4/18/2023,718522,25,100,2023
25,650633,"King, Michael",4/12/2023,718604,25,100,2023
25,622098,"Smith, Drew",5/16/2023,718150,25,100,2023
25,543272,"Hand, Brad",4/30/2023,718358,25,100,2023
25,592094,"Adam, Jason",5/4/2023,718309,25,100,2023
25,666277,"Soriano, George",4/16/2023,718550,25,100,2023
25,642397,"Soto, Gregory",5/25/2023,718026,25,100,2023
25,642545,"Barria, Jaime",5/17/2023,718137,25,100,2023
25,621249,"Underwood Jr., Duane",5/12/2023,718213,25,100,2023
25,666619,"Santos, Gregory",4/19/2023,718510,25,100,2023
25,605242,"Fulmer, Michael",5/27/2023,718007,25,100,2023
25,677865,"Bruihl, Justin",5/9/2023,718241,25,100,2023
25,643361,"Herget, Kevin",4/11/2023,718620,25,100,2023
25,666168,"Thompson, Mason",5/23/2023,718064,25,100,2023
25,672730,"Then, Juan",5/16/2023,718149,25,100,2023
25,642585,"Bautista, Félix",3/30/2023,718782,25,100,2023
25,664849,"Young, Danny",4/8/2023,718659,25,100,2023
25,621345,"Minter, A.J.",5/9/2023,718245,25,100,2023
25,656945,"Scott, Tanner",5/10/2023,718226,25,100,2023
25,669211,"Akin, Keegan",5/8/2023,718259,25,100,2023
25,664139,"Gibaut, Ian",4/21/2023,718492,25,100,2023
25,542208,"Pérez, Carlos",4/14/2023,718578,25,100,2023
25,622772,"Cordero, Jimmy",5/17/2023,718134,25,100,2023
25,676684,"Vest, Will",4/22/2023,718472,25,100,2023
25,664139,"Gibaut, Ian",4/12/2023,718601,25,100,2023
25,488984,"Hunter, Tommy",5/1/2023,718352,25,100,2023
25,672578,"Hernández, Carlos",5/7/2023,718268,25,100,2023
25,669276,"Lee, Dylan",4/25/2023,718429,25,100,2023
25,666808,"Doval, Camilo",5/15/2023,718170,25,100,2023
25,642546,"Hernández, Jonathan",5/29/2023,717979,25,100,2023
25,641401,"Brogdon, Connor",4/30/2023,718354,25,100,2023
25,664294,"Moreta, Dauri",5/10/2023,718231,25,100,2023
25,650893,"Cabrera, Génesis",4/17/2023,718538,25,100,2023
25,664948,"Misiewicz, Anthony",4/20/2023,718494,25,100,2023
25,571670,"Floro, Dylan",4/9/2023,718647,25,100,2023
25,641703,"Honeywell, Brent",5/3/2023,718330,25,100,2023
25,642585,"Bautista, Félix",5/19/2023,718115,25,100,2023
25,621016,"Cuas, Jose",4/14/2023,718579,25,100,2023
25,624522,"Thompson, Keegan",4/27/2023,718406,25,100,2023
25,670950,"Richards, Trevor",5/31/2023,717947,25,100,2023
25,623211,"Brazobán, Huascar",5/31/2023,717945,25,100,2023
25,660896,"Alcala, Jorge",4/3/2023,718729,25,100,2023
25,669093,"Estrada, Jeremiah",4/29/2023,718375,25,100,2023
25,657024,"Swanson, Erik",5/16/2023,718157,25,100,2023
25,661527,"Martinez, Seth",5/22/2023,718068,25,100,2023
25,571901,"Loup, Aaron",5/4/2023,718311,25,100,2023
25,573204,"Thielbar, Caleb",4/28/2023,718387,25,100,2023
25,657571,"Ferguson, Caleb",4/25/2023,718432,25,100,2023
25,656061,"Abreu, Albert",5/5/2023,718300,25,100,2023
25,676684,"Vest, Will",5/22/2023,718066,25,100,2023
25,670174,"Winckowski, Josh",5/16/2023,718149,25,100,2023
25,592848,"Weiss, Zack",5/20/2023,718096,25,100,2023
25,453268,"Bard, Daniel",5/25/2023,718033,25,100,2023
25,657240,"Merryweather, Julian",4/2/2023,718738,25,100,2023
25,641329,"Baker, Bryan",4/2/2023,718748,25,100,2023
25,656814,"Ortiz, Luis F.",4/20/2023,718498,25,100,2023
25,607455,"Banda, Anthony",4/11/2023,718614,25,100,2023
25,669796,"Hernandez, Jose E.",4/30/2023,718367,25,100,2023
25,571710,"Givens, Mychal",5/21/2023,718087,25,100,2023
25,608032,"Estévez, Carlos",4/9/2023,718644,25,100,2023
25,502202,"Boxberger, Brad",4/12/2023,718606,25,100,2023
25,608717,"Stratton, Chris",5/26/2023,718022,25,100,2023
25,657508,"Baumann, Mike",5/5/2023,718298,25,100,2023
25,642758,"Acevedo, Domingo",4/27/2023,718402,25,100,2023
25,622075,"Almonte, Yency",4/12/2023,718612,25,100,2023
25,666168,"Thompson, Mason",4/6/2023,718682,25,100,2023
25,668665,"Nogosek, Stephen",4/14/2023,718578,25,100,2023
25,667463,"King, John",5/20/2023,718100,25,100,2023
25,641329,"Baker, Bryan",5/31/2023,717946,25,100,2023
25,608678,"Leone, Dominic",5/6/2023,718290,25,100,2023
25,622065,"Young, Alex",4/7/2023,718685,25,100,2023
25,605130,"Barlow, Scott",4/25/2023,718422,25,100,2023
25,661395,"Duran, Jhoan",4/29/2023,718378,25,100,2023
25,681806,"Wantz, Andrew",4/18/2023,718529,25,100,2023
25,650893,"Cabrera, Génesis",5/14/2023,718187,25,100,2023
25,666374,"Brash, Matt",4/9/2023,718646,25,100,2023
25,543272,"Hand, Brad",5/29/2023,717977,25,100,2023
25,660853,"De Los Santos, Enyel",4/9/2023,718646,25,100,2023
25,661403,"Clase, Emmanuel",5/14/2023,718182,25,100,2023
25,642239,"Zastryzny, Rob",4/8/2023,718662,25,100,2023
25,641540,"Dunning, Dane",4/14/2023,718581,25,100,2023
25,641703,"Honeywell, Brent",4/23/2023,718456,25,100,2023
25,657240,"Merryweather, Julian",4/11/2023,718617,25,100,2023
25,608678,"Leone, Dominic",5/19/2023,718119,25,100,2023
24,600917,"Leclerc, José",5/7/2023,718264,24,100,2023
24,669467,"Pallante, Andre",3/30/2023,718772,24,100,2023
24,622075,"Almonte, Yency",4/26/2023,718413,24,100,2023
24,623474,"Herget, Jimmy",4/18/2023,718529,24,100,2023
24,614179,"Ruiz, José",4/19/2023,718512,24,100,2023
24,650556,"Abreu, Bryan",4/9/2023,718649,24,100,2023
24,661527,"Martinez, Seth",4/14/2023,718581,24,100,2023
24,547973,"Chapman, Aroldis",5/22/2023,718066,24,100,2023
24,622098,"Smith, Drew",5/24/2023,718038,24,100,2023
24,661403,"Clase, Emmanuel",4/9/2023,718646,24,100,2023
24,453268,"Bard, Daniel",5/10/2023,718231,24,100,2023
24,622250,"Sborz, Josh",5/12/2023,718200,24,100,2023
24,669424,"Lambert, Jimmy",4/3/2023,718730,24,100,2023
24,621249,"Underwood Jr., Duane",5/9/2023,718252,24,100,2023
24,605447,"Romano, Jordan",4/15/2023,718569,24,100,2023
24,670950,"Richards, Trevor",5/28/2023,717988,24,100,2023
24,544727,"Familia, Jeurys",4/3/2023,718721,24,100,2023
24,622259,"Wingenter, Trey",4/1/2023,718754,24,100,2023
24,660853,"De Los Santos, Enyel",5/16/2023,718147,24,100,2023
24,542914,"Bass, Anthony",4/8/2023,718657,24,100,2023
24,664294,"Moreta, Dauri",5/2/2023,718347,24,100,2023
24,607755,"Vasquez, Andrew",4/8/2023,718668,24,100,2023
24,668941,"Romero, JoJo",5/4/2023,718311,24,100,2023
24,592773,"Stanek, Ryne",4/17/2023,718537,24,100,2023
24,623433,"Anderson, Nick",5/10/2023,718220,24,100,2023
24,622075,"Almonte, Yency",4/22/2023,718479,24,100,2023
24,476595,"Luetge, Lucas",4/6/2023,718681,24,100,2023
24,666808,"Doval, Camilo",4/1/2023,718762,24,100,2023
24,640448,"Finnegan, Kyle",4/4/2023,718715,24,100,2023
24,664208,"Maton, Phil",4/2/2023,718740,24,100,2023
24,657514,"Bernardino, Brennan",5/26/2023,718010,24,100,2023
24,664854,"Helsley, Ryan",3/30/2023,718772,24,100,2023
24,670124,"Oller, Adam",4/25/2023,718425,24,100,2023
24,675916,"Karinchak, James",4/1/2023,718746,24,100,2023
24,669211,"Akin, Keegan",5/27/2023,718001,24,100,2023
24,669395,"Coleman, Dylan",4/3/2023,718719,24,100,2023
24,670167,"Schreiber, John",4/18/2023,718524,24,100,2023
24,607455,"Banda, Anthony",4/8/2023,718658,24,100,2023
24,670124,"Oller, Adam",4/18/2023,718523,24,100,2023
24,670990,"Ramírez, Yohan",5/19/2023,718118,24,100,2023
24,543272,"Hand, Brad",4/21/2023,718493,24,100,2023
24,665048,"Harris, Hobie",4/16/2023,718555,24,100,2023
24,670167,"Schreiber, John",4/5/2023,718702,24,100,2023
24,676534,"Faucher, Calvin",5/26/2023,718018,24,100,2023
24,670280,"Bednar, David",5/22/2023,718075,24,100,2023
24,622250,"Sborz, Josh",5/22/2023,718075,24,100,2023
24,675916,"Karinchak, James",3/30/2023,718767,24,100,2023
24,650633,"King, Michael",5/7/2023,718271,24,100,2023
24,641401,"Brogdon, Connor",5/17/2023,718143,24,100,2023
24,606303,"Payamps, Joel",5/7/2023,718267,24,100,2023
24,661395,"Duran, Jhoan",4/11/2023,718616,24,100,2023
24,676534,"Faucher, Calvin",4/7/2023,718678,24,100,2023
24,640444,"Crowe, Wil",4/2/2023,718744,24,100,2023
24,640455,"Manaea, Sean",5/17/2023,718143,24,100,2023
24,670174,"Winckowski, Josh",5/31/2023,717948,24,100,2023
24,641302,"Alexander, Tyler",5/12/2023,718208,24,100,2023
24,543521,"McHugh, Collin",3/30/2023,718780,24,100,2023
24,592773,"Stanek, Ryne",5/17/2023,718127,24,100,2023
24,664854,"Helsley, Ryan",4/23/2023,718450,24,100,2023
24,623211,"Brazobán, Huascar",5/25/2023,718033,24,100,2023
24,668868,"Thompson, Zack",4/19/2023,718512,24,100,2023
24,656638,"Lange, Alex",5/14/2023,718173,24,100,2023
24,623465,"Phillips, Evan",5/6/2023,718279,24,100,2023
24,664854,"Helsley, Ryan",5/17/2023,718131,24,100,2023
24,641329,"Baker, Bryan",5/18/2023,718128,24,100,2023
24,669093,"Estrada, Jeremiah",5/15/2023,718158,24,100,2023
24,605154,"Brebbia, John",4/29/2023,718384,24,100,2023
24,593833,"Suero, Wander",5/8/2023,718257,24,100,2023
24,605130,"Barlow, Scott",5/2/2023,718336,24,100,2023
24,472610,"García, Luis",4/21/2023,718484,24,100,2023
24,665048,"Harris, Hobie",5/15/2023,718167,24,100,2023
24,663558,"Moran, Jovani",4/24/2023,718442,24,100,2023
24,663658,"Ward, Thaddeus",5/7/2023,718263,24,100,2023
24,650556,"Abreu, Bryan",5/5/2023,718297,24,100,2023
24,656814,"Ortiz, Luis F.",5/6/2023,718284,24,100,2023
24,518617,"Diekman, Jake",4/29/2023,718373,24,100,2023
24,669461,"Liberatore, Matthew",5/21/2023,718083,24,100,2023
24,621381,"Strahm, Matt",5/21/2023,718088,24,100,2023
24,641360,"Bickford, Phil",4/12/2023,718612,24,100,2023
24,664139,"Gibaut, Ian",4/29/2023,718377,24,100,2023
24,595928,"Curtiss, John",5/1/2023,718352,24,100,2023
24,672841,"Vargas, Carlos",4/6/2023,718683,24,100,2023
24,680704,"Sandlin, Nick",4/30/2023,718370,24,100,2023
24,600921,"Machado, Andrés",5/19/2023,718123,24,100,2023
24,657240,"Merryweather, Julian",5/26/2023,718027,24,100,2023
24,641703,"Honeywell, Brent",5/6/2023,718279,24,100,2023
24,493603,"Ottavino, Adam",5/3/2023,718348,24,100,2023
24,572955,"Johnson, Pierce",4/29/2023,718366,24,100,2023
24,621074,"Rucker, Michael",5/14/2023,718175,24,100,2023
24,621051,"Wilson, Steven",5/17/2023,718140,24,100,2023
24,592094,"Adam, Jason",5/31/2023,717950,24,100,2023
24,663558,"Moran, Jovani",5/13/2023,718195,24,100,2023
24,663855,"Hicks, Jordan",4/7/2023,718674,24,100,2023
24,571882,"Law, Derek",4/11/2023,718620,24,100,2023
24,657265,"Strzelecki, Peter",5/21/2023,718081,24,100,2023
24,676710,"Crawford, Kutter",5/31/2023,717948,24,100,2023
24,657571,"Ferguson, Caleb",5/27/2023,718002,24,100,2023
24,641627,"Gott, Trevor",4/14/2023,718577,24,100,2023
24,670810,"Gillaspie, Logan",4/11/2023,718618,24,100,2023
24,650895,"Castillo, Diego",4/23/2023,718450,24,100,2023
24,669424,"Lambert, Jimmy",4/29/2023,718373,24,100,2023
24,656546,"Hoffman, Jeff",5/24/2023,718043,24,100,2023
24,641941,"Pagán, Emilio",5/9/2023,718242,24,100,2023
24,595928,"Curtiss, John",4/10/2023,718634,24,100,2023
24,621016,"Cuas, Jose",5/10/2023,718222,24,100,2023
24,664208,"Maton, Phil",4/17/2023,718537,24,100,2023
24,681806,"Wantz, Andrew",4/2/2023,718734,24,100,2023
24,661309,"Martínez, Adrián",5/20/2023,718098,24,100,2023
24,680704,"Sandlin, Nick",4/5/2023,718689,24,100,2023
24,676680,"Cosgrove, Tom",5/19/2023,718107,24,100,2023
24,605280,"Holmes, Clay",5/21/2023,718085,24,100,2023
24,518617,"Diekman, Jake",4/24/2023,718444,24,100,2023
24,592779,"Stewart, Brock",5/2/2023,718340,24,100,2023
24,663986,"Stephan, Trevor",5/26/2023,718022,24,100,2023
24,572955,"Johnson, Pierce",4/15/2023,718561,24,100,2023
24,622250,"Sborz, Josh",5/7/2023,718264,24,100,2023
24,641360,"Bickford, Phil",4/26/2023,718413,24,100,2023
24,518585,"Cruz, Fernando",3/30/2023,718773,24,100,2023
24,656464,"Ginkel, Kevin",5/7/2023,718263,24,100,2023
24,641793,"Littell, Zack",5/18/2023,718122,24,100,2023
24,676714,"Hughes, Brandon",4/20/2023,718499,24,100,2023
24,621074,"Rucker, Michael",5/6/2023,718289,24,100,2023
24,657265,"Strzelecki, Peter",4/19/2023,718502,24,100,2023
24,677053,"Nardi, Andrew",4/1/2023,718755,24,100,2023
24,663558,"Moran, Jovani",5/24/2023,718047,24,100,2023
24,672391,"Ort, Kaleb",3/30/2023,718782,24,100,2023
24,643410,"Leiter Jr., Mark",4/22/2023,718479,24,100,2023
24,445926,"Chavez, Jesse",3/30/2023,718780,24,100,2023
24,621381,"Strahm, Matt",5/28/2023,717992,24,100,2023
24,605155,"Brewer, Colten",4/2/2023,718747,24,100,2023
24,669212,"Morgan, Eli",5/17/2023,718129,24,100,2023
24,607237,"Garrett, Amir",3/30/2023,718775,24,100,2023
24,572955,"Johnson, Pierce",4/18/2023,718521,24,100,2023
24,621076,"Kaprielian, James",4/22/2023,718469,24,100,2023
24,670059,"Holderman, Colin",5/10/2023,718231,24,100,2023
24,600917,"Leclerc, José",4/21/2023,718490,24,100,2023
23,624522,"Thompson, Keegan",5/10/2023,718221,23,100,2023
23,543521,"McHugh, Collin",4/27/2023,718410,23,100,2023
23,642545,"Barria, Jaime",4/14/2023,718580,23,100,2023
23,664854,"Helsley, Ryan",4/1/2023,718759,23,100,2023
23,544727,"Familia, Jeurys",4/10/2023,718635,23,100,2023
23,502202,"Boxberger, Brad",5/7/2023,718269,23,100,2023
23,676680,"Cosgrove, Tom",5/13/2023,718185,23,100,2023
23,523260,"Kelly, Joe",4/5/2023,718695,23,100,2023
23,657031,"Taylor, Josh",5/24/2023,718039,23,100,2023
23,547973,"Chapman, Aroldis",4/16/2023,718551,23,100,2023
23,667427,"Jackson, Zach",5/6/2023,718280,23,100,2023
23,664747,"Díaz, Alexis",5/28/2023,717987,23,100,2023
23,681806,"Wantz, Andrew",4/24/2023,718437,23,100,2023
23,642701,"Santana, Dennis",5/13/2023,718203,23,100,2023
23,669211,"Akin, Keegan",4/12/2023,718599,23,100,2023
23,641941,"Pagán, Emilio",5/14/2023,718175,23,100,2023
23,592773,"Stanek, Ryne",4/7/2023,718684,23,100,2023
23,656271,"Burke, Brock",5/17/2023,718126,23,100,2023
23,656638,"Lange, Alex",4/29/2023,718381,23,100,2023
23,541640,"Ramírez, Erasmo",5/5/2023,718296,23,100,2023
23,676714,"Hughes, Brandon",5/28/2023,717987,23,100,2023
23,669467,"Pallante, Andre",4/9/2023,718650,23,100,2023
23,592094,"Adam, Jason",4/7/2023,718678,23,100,2023
23,641420,"Burdi, Zack",4/27/2023,718396,23,100,2023
23,606160,"Montero, Rafael",4/15/2023,718562,23,100,2023
23,612434,"Castro, Miguel",4/7/2023,718671,23,100,2023
23,663992,"Lovelady, Richard",4/16/2023,718546,23,100,2023
23,605130,"Barlow, Scott",4/7/2023,718680,23,100,2023
23,669424,"Lambert, Jimmy",4/5/2023,718695,23,100,2023
23,598264,"Barnes, Matt",4/17/2023,718544,23,100,2023
23,666374,"Brash, Matt",4/5/2023,718691,23,100,2023
23,670950,"Richards, Trevor",4/13/2023,718593,23,100,2023
23,445926,"Chavez, Jesse",4/25/2023,718429,23,100,2023
23,657044,"Thompson, Ryan",4/5/2023,718704,23,100,2023
23,672335,"Pérez, Cionel",4/27/2023,718405,23,100,2023
23,622772,"Cordero, Jimmy",4/28/2023,718388,23,100,2023
23,666808,"Doval, Camilo",5/20/2023,718103,23,100,2023
23,641941,"Pagán, Emilio",5/22/2023,718067,23,100,2023
23,668868,"Thompson, Zack",4/3/2023,718727,23,100,2023
23,663855,"Hicks, Jordan",5/3/2023,718320,23,100,2023
23,664294,"Moreta, Dauri",5/5/2023,718307,23,100,2023
23,675916,"Karinchak, James",4/15/2023,718573,23,100,2023
23,676684,"Vest, Will",5/3/2023,718348,23,100,2023
23,675916,"Karinchak, James",4/14/2023,718592,23,100,2023
23,666374,"Brash, Matt",4/19/2023,718502,23,100,2023
23,571670,"Floro, Dylan",5/12/2023,718212,23,100,2023
23,666374,"Brash, Matt",5/20/2023,718094,23,100,2023
23,445926,"Chavez, Jesse",5/14/2023,718181,23,100,2023
23,642232,"Yarbrough, Ryan",4/9/2023,718643,23,100,2023
23,623211,"Brazobán, Huascar",4/7/2023,718693,23,100,2023
23,666808,"Doval, Camilo",4/22/2023,718478,23,100,2023
23,595897,"Burdi, Nick",5/20/2023,718097,23,100,2023
23,660813,"Graterol, Brusdar",5/3/2023,718327,23,100,2023
23,572955,"Johnson, Pierce",5/13/2023,718188,23,100,2023
23,614179,"Ruiz, José",4/11/2023,718611,23,100,2023
23,605154,"Brebbia, John",3/30/2023,718781,23,100,2023
23,640448,"Finnegan, Kyle",5/31/2023,717954,23,100,2023
23,666374,"Brash, Matt",5/17/2023,718133,23,100,2023
23,660896,"Alcala, Jorge",5/9/2023,718242,23,100,2023
23,672391,"Ort, Kaleb",4/2/2023,718748,23,100,2023
23,640451,"Harvey, Hunter",5/12/2023,718214,23,100,2023
23,518397,"Alexander, Scott",4/12/2023,718612,23,100,2023
23,600921,"Machado, Andrés",5/30/2023,717957,23,100,2023
23,518585,"Cruz, Fernando",4/11/2023,718620,23,100,2023
23,523260,"Kelly, Joe",5/27/2023,718005,23,100,2023
23,677161,"Kelly, Zack",4/12/2023,718600,23,100,2023
23,686610,"Waldichuk, Ken",5/31/2023,717949,23,100,2023
23,650556,"Abreu, Bryan",4/18/2023,718520,23,100,2023
23,664294,"Moreta, Dauri",3/30/2023,718773,23,100,2023
23,608371,"Sims, Lucas",4/30/2023,718357,23,100,2023
23,641941,"Pagán, Emilio",4/30/2023,718362,23,100,2023
23,621345,"Minter, A.J.",4/27/2023,718410,23,100,2023
23,606303,"Payamps, Joel",4/2/2023,718738,23,100,2023
23,672730,"Then, Juan",5/26/2023,718012,23,100,2023
23,664854,"Helsley, Ryan",5/8/2023,718256,23,100,2023
23,664747,"Díaz, Alexis",5/9/2023,718243,23,100,2023
23,650556,"Abreu, Bryan",4/12/2023,718608,23,100,2023
23,663485,"Sands, Cole",4/13/2023,718590,23,100,2023
23,621345,"Minter, A.J.",5/13/2023,718192,23,100,2023
23,657514,"Bernardino, Brennan",5/15/2023,718163,23,100,2023
23,656464,"Ginkel, Kevin",5/30/2023,717955,23,100,2023
23,640451,"Harvey, Hunter",5/16/2023,718153,23,100,2023
23,548384,"Raley, Brooks",5/31/2023,717944,23,100,2023
23,667427,"Jackson, Zach",4/5/2023,718689,23,100,2023
23,665625,"Peguero, Elvis",4/29/2023,718376,23,100,2023
23,656222,"Beeks, Jalen",4/30/2023,718355,23,100,2023
23,643493,"Pruitt, Austin",5/16/2023,718146,23,100,2023
23,542585,"Cisnero, José",4/3/2023,718723,23,100,2023
23,542947,"Bleier, Richard",4/15/2023,718576,23,100,2023
23,641729,"Jiménez, Joe",5/20/2023,718094,23,100,2023
23,663986,"Stephan, Trevor",5/21/2023,718099,23,100,2023
23,643511,"Rogers, Tyler",4/15/2023,718571,23,100,2023
23,571901,"Loup, Aaron",4/28/2023,718386,23,100,2023
23,605242,"Fulmer, Michael",5/8/2023,718256,23,100,2023
23,666168,"Thompson, Mason",3/30/2023,718780,23,100,2023
23,664139,"Gibaut, Ian",5/6/2023,718281,23,100,2023
23,572403,"VerHagen, Drew",5/4/2023,718311,23,100,2023
23,665625,"Peguero, Elvis",5/16/2023,718151,23,100,2023
23,643377,"Jax, Griffin",4/24/2023,718442,23,100,2023
23,656730,"Megill, Trevor",5/22/2023,718068,23,100,2023
23,608717,"Stratton, Chris",4/15/2023,718568,23,100,2023
23,686842,"Moore, McKinley",4/13/2023,718597,23,100,2023
23,518886,"Kimbrel, Craig",4/4/2023,718710,23,100,2023
23,656234,"Bird, Jake",4/17/2023,718535,23,100,2023
23,657240,"Merryweather, Julian",5/19/2023,718116,23,100,2023
23,666619,"Santos, Gregory",4/14/2023,718583,23,100,2023
23,641703,"Honeywell, Brent",5/14/2023,718168,23,100,2023
23,608032,"Estévez, Carlos",5/12/2023,718205,23,100,2023
23,663855,"Hicks, Jordan",5/28/2023,717993,23,100,2023
23,672578,"Hernández, Carlos",5/2/2023,718336,23,100,2023
23,640470,"Alzolay, Adbert",4/11/2023,718617,23,100,2023
23,663986,"Stephan, Trevor",4/9/2023,718646,23,100,2023
23,641871,"Middleton, Keynan",5/3/2023,718322,23,100,2023
23,681911,"Vesia, Alex",5/2/2023,718331,23,100,2023
23,640462,"Puk, A.J.",4/12/2023,718609,23,100,2023
23,680739,"Winder, Josh",4/30/2023,718362,23,100,2023
23,572403,"VerHagen, Drew",4/10/2023,718629,23,100,2023
23,676760,"Marinaccio, Ron",5/3/2023,718324,23,100,2023
23,656970,"Smeltzer, Devin",4/19/2023,718511,23,100,2023
23,642546,"Hernández, Jonathan",3/30/2023,718779,23,100,2023
23,598264,"Barnes, Matt",4/23/2023,718460,23,100,2023
23,664854,"Helsley, Ryan",5/22/2023,718071,23,100,2023
23,554340,"García, Yimi",5/21/2023,718087,23,100,2023
23,668868,"Thompson, Zack",3/30/2023,718772,23,100,2023
23,640448,"Finnegan, Kyle",3/30/2023,718780,23,100,2023
23,608718,"Suter, Brent",4/12/2023,718607,23,100,2023
23,543521,"McHugh, Collin",4/3/2023,718727,23,100,2023
23,625643,"López, Reynaldo",4/30/2023,718355,23,100,2023
23,656529,"Hentges, Sam",5/27/2023,717996,23,100,2023
23,606303,"Payamps, Joel",4/11/2023,718611,23,100,2023
23,607237,"Garrett, Amir",4/2/2023,718745,23,100,2023
23,672391,"Ort, Kaleb",4/8/2023,718667,23,100,2023
23,605447,"Romano, Jordan",5/17/2023,718134,23,100,2023
23,671345,"Foley, Jason",4/4/2023,718705,23,100,2023
23,518585,"Cruz, Fernando",4/28/2023,718380,23,100,2023
23,572403,"VerHagen, Drew",5/2/2023,718338,23,100,2023
23,605242,"Fulmer, Michael",4/20/2023,718499,23,100,2023
23,669212,"Morgan, Eli",4/29/2023,718385,23,100,2023
23,669276,"Lee, Dylan",4/17/2023,718533,23,100,2023
23,554340,"García, Yimi",5/13/2023,718192,23,100,2023
22,623352,"Hader, Josh",4/26/2023,718407,22,100,2023
22,663773,"Hoeing, Bryan",5/12/2023,718212,22,100,2023
22,669459,"Nelson, Kyle",4/18/2023,718527,22,100,2023
22,670950,"Richards, Trevor",5/19/2023,718115,22,100,2023
22,541640,"Ramírez, Erasmo",4/27/2023,718398,22,100,2023
22,594580,"Moll, Sam",5/21/2023,718086,22,100,2023
22,661309,"Martínez, Adrián",5/15/2023,718160,22,100,2023
22,623433,"Anderson, Nick",5/24/2023,718042,22,100,2023
22,664208,"Maton, Phil",4/29/2023,718372,22,100,2023
22,623352,"Hader, Josh",4/19/2023,718507,22,100,2023
22,595345,"Okert, Steven",5/27/2023,717998,22,100,2023
22,675916,"Karinchak, James",5/19/2023,718119,22,100,2023
22,625643,"López, Reynaldo",4/18/2023,718543,22,100,2023
22,623474,"Herget, Jimmy",4/20/2023,718496,22,100,2023
22,543507,"May, Trevor",4/4/2023,718707,22,100,2023
22,621051,"Wilson, Steven",4/8/2023,718659,22,100,2023
22,572403,"VerHagen, Drew",4/4/2023,718711,22,100,2023
22,642232,"Yarbrough, Ryan",4/7/2023,718680,22,100,2023
22,657612,"Hill, Tim",4/6/2023,718681,22,100,2023
22,605347,"López, Jorge",5/27/2023,718008,22,100,2023
22,519151,"Pressly, Ryan",4/21/2023,718489,22,100,2023
22,677161,"Kelly, Zack",4/5/2023,718702,22,100,2023
22,664199,"Clarke, Taylor",4/8/2023,718672,22,100,2023
22,543056,"Coulombe, Danny",5/24/2023,718040,22,100,2023
22,681806,"Wantz, Andrew",4/7/2023,718670,22,100,2023
22,621249,"Underwood Jr., Duane",5/23/2023,718065,22,100,2023
22,666374,"Brash, Matt",5/5/2023,718297,22,100,2023
22,643256,"Cimber, Adam",4/3/2023,718719,22,100,2023
22,592741,"Shreve, Chasen",3/30/2023,718776,22,100,2023
22,472610,"García, Luis",4/7/2023,718676,22,100,2023
22,669467,"Pallante, Andre",4/16/2023,718548,22,100,2023
22,656716,"McKinstry, Zach",4/8/2023,718667,22,100,2023
22,670280,"Bednar, David",5/20/2023,718101,22,100,2023
22,676254,"Walker, Ryan",5/21/2023,718078,22,100,2023
22,667427,"Jackson, Zach",5/5/2023,718299,22,100,2023
22,670036,"Festa, Matt",4/1/2023,718746,22,100,2023
22,571670,"Floro, Dylan",5/25/2023,718033,22,100,2023
22,672335,"Pérez, Cionel",5/31/2023,717946,22,100,2023
22,607237,"Garrett, Amir",5/14/2023,718177,22,100,2023
22,594580,"Moll, Sam",4/3/2023,718721,22,100,2023
22,656061,"Abreu, Albert",5/11/2023,718219,22,100,2023
22,621051,"Wilson, Steven",5/26/2023,718023,22,100,2023
22,641360,"Bickford, Phil",5/5/2023,718295,22,100,2023
22,669467,"Pallante, Andre",4/17/2023,718538,22,100,2023
22,606965,"Devenski, Chris",5/15/2023,718171,22,100,2023
22,669212,"Morgan, Eli",5/21/2023,718099,22,100,2023
22,554340,"García, Yimi",4/18/2023,718520,22,100,2023
22,669796,"Hernandez, Jose E.",5/23/2023,718065,22,100,2023
22,472610,"García, Luis",5/10/2023,718224,22,100,2023
22,640470,"Alzolay, Adbert",5/12/2023,718209,22,100,2023
22,596112,"Stephenson, Robert",4/18/2023,718521,22,100,2023
22,621237,"Alvarado, José",4/26/2023,718415,22,100,2023
22,592773,"Stanek, Ryne",4/4/2023,718705,22,100,2023
22,608718,"Suter, Brent",4/21/2023,718493,22,100,2023
22,669674,"Long, Sam",5/24/2023,718037,22,100,2023
22,681911,"Vesia, Alex",3/31/2023,718765,22,100,2023
22,621345,"Minter, A.J.",4/21/2023,718489,22,100,2023
22,608723,"Voth, Austin",4/1/2023,718761,22,100,2023
22,612434,"Castro, Miguel",4/2/2023,718736,22,100,2023
22,605177,"Chafin, Andrew",5/10/2023,718226,22,100,2023
22,664076,"Cleavinger, Garrett",4/16/2023,718556,22,100,2023
22,641447,"Castano, Daniel",4/7/2023,718693,22,100,2023
22,453268,"Bard, Daniel",4/26/2023,718421,22,100,2023
22,640448,"Finnegan, Kyle",5/27/2023,718000,22,100,2023
22,669395,"Coleman, Dylan",3/30/2023,718775,22,100,2023
22,670183,"Acton, Garrett",5/14/2023,718172,22,100,2023
22,656638,"Lange, Alex",5/5/2023,718292,22,100,2023
22,572403,"VerHagen, Drew",5/13/2023,718196,22,100,2023
22,656529,"Hentges, Sam",5/22/2023,718072,22,100,2023
22,672710,"Contreras, Roansy",5/28/2023,717983,22,100,2023
22,661403,"Clase, Emmanuel",4/19/2023,718513,22,100,2023
22,445276,"Jansen, Kenley",5/12/2023,718211,22,100,2023
22,445276,"Jansen, Kenley",5/5/2023,718301,22,100,2023
22,607755,"Vasquez, Andrew",3/30/2023,718779,22,100,2023
22,640455,"Manaea, Sean",5/25/2023,718028,22,100,2023
22,605218,"Edwards Jr., Carl",5/31/2023,717954,22,100,2023
22,657571,"Ferguson, Caleb",4/16/2023,718547,22,100,2023
22,642397,"Soto, Gregory",5/10/2023,718233,22,100,2023
22,622075,"Almonte, Yency",4/7/2023,718671,22,100,2023
22,671345,"Foley, Jason",5/31/2023,717951,22,100,2023
22,543521,"McHugh, Collin",5/1/2023,718352,22,100,2023
22,641703,"Honeywell, Brent",5/7/2023,718266,22,100,2023
22,643410,"Leiter Jr., Mark",4/25/2023,718426,22,100,2023
22,623465,"Phillips, Evan",5/27/2023,718002,22,100,2023
22,542947,"Bleier, Richard",4/19/2023,718505,22,100,2023
22,607755,"Vasquez, Andrew",4/13/2023,718597,22,100,2023
22,642585,"Bautista, Félix",4/18/2023,718531,22,100,2023
22,621016,"Cuas, Jose",4/10/2023,718630,22,100,2023
22,669212,"Morgan, Eli",4/26/2023,718421,22,100,2023
22,621074,"Rucker, Michael",4/8/2023,718669,22,100,2023
22,664294,"Moreta, Dauri",4/4/2023,718713,22,100,2023
22,670059,"Holderman, Colin",4/25/2023,718432,22,100,2023
22,676760,"Marinaccio, Ron",4/25/2023,718427,22,100,2023
22,672335,"Pérez, Cionel",4/12/2023,718599,22,100,2023
22,675916,"Karinchak, James",5/2/2023,718339,22,100,2023
22,663878,"Pearson, Nate",5/15/2023,718164,22,100,2023
22,542914,"Bass, Anthony",5/19/2023,718115,22,100,2023
22,571948,"Milner, Hoby",5/16/2023,718151,22,100,2023
22,600921,"Machado, Andrés",5/17/2023,718132,22,100,2023
22,657265,"Strzelecki, Peter",4/13/2023,718589,22,100,2023
22,592094,"Adam, Jason",4/9/2023,718655,22,100,2023
22,671345,"Foley, Jason",5/5/2023,718292,22,100,2023
22,641360,"Bickford, Phil",5/18/2023,718124,22,100,2023
22,643410,"Leiter Jr., Mark",5/17/2023,718127,22,100,2023
22,622554,"Domínguez, Seranthony",4/14/2023,718586,22,100,2023
22,571479,"Bellatti, Andrew",5/22/2023,718073,22,100,2023
22,621363,"Poche, Colin",5/27/2023,718002,22,100,2023
22,592741,"Shreve, Chasen",4/21/2023,718495,22,100,2023
22,666619,"Santos, Gregory",5/22/2023,718072,22,100,2023
22,607755,"Vasquez, Andrew",4/15/2023,718566,22,100,2023
22,640448,"Finnegan, Kyle",5/25/2023,718035,22,100,2023
22,656257,"Brigham, Jeff",5/17/2023,718135,22,100,2023
22,641627,"Gott, Trevor",5/8/2023,718251,22,100,2023
22,666808,"Doval, Camilo",4/11/2023,718624,22,100,2023
22,676684,"Vest, Will",5/13/2023,718194,22,100,2023
22,677161,"Kelly, Zack",3/30/2023,718782,22,100,2023
22,657240,"Merryweather, Julian",5/31/2023,717950,22,100,2023
22,541640,"Ramírez, Erasmo",4/23/2023,718454,22,100,2023
22,669467,"Pallante, Andre",5/19/2023,718113,22,100,2023
22,677053,"Nardi, Andrew",5/28/2023,717984,22,100,2023
22,607455,"Banda, Anthony",4/3/2023,718732,22,100,2023
22,666204,"Jiménez, Dany",4/4/2023,718707,22,100,2023
22,650556,"Abreu, Bryan",5/17/2023,718127,22,100,2023
22,677053,"Nardi, Andrew",5/8/2023,718249,22,100,2023
22,573204,"Thielbar, Caleb",4/29/2023,718378,22,100,2023
22,656234,"Bird, Jake",4/1/2023,718750,22,100,2023
22,641729,"Jiménez, Joe",5/16/2023,718148,22,100,2023
22,607259,"Martinez, Nick",5/7/2023,718266,22,100,2023
22,608718,"Suter, Brent",5/27/2023,718011,22,100,2023
22,681987,"Eaton, Nate",4/10/2023,718630,22,100,2023
22,519043,"Moore, Matt",5/2/2023,718338,22,100,2023
22,548384,"Raley, Brooks",4/23/2023,718455,22,100,2023
22,502202,"Boxberger, Brad",4/20/2023,718499,22,100,2023
22,547973,"Chapman, Aroldis",5/30/2023,717960,22,100,2023
22,669212,"Morgan, Eli",3/31/2023,718763,22,100,2023
22,657508,"Baumann, Mike",4/8/2023,718664,22,100,2023
22,606303,"Payamps, Joel",4/7/2023,718674,22,100,2023
22,640470,"Alzolay, Adbert",4/2/2023,718738,22,100,2023
22,686972,"Waites, Cole",5/11/2023,718215,22,100,2023
22,681911,"Vesia, Alex",4/19/2023,718508,22,100,2023
22,593974,"Peralta, Wandy",5/31/2023,717939,22,100,2023
22,680704,"Sandlin, Nick",4/9/2023,718646,22,100,2023
22,518886,"Kimbrel, Craig",4/9/2023,718652,22,100,2023
22,681806,"Wantz, Andrew",4/29/2023,718376,22,100,2023
22,607461,"Beaty, Matt",4/6/2023,718687,22,100,2023
22,669438,"Englert, Mason",3/30/2023,718776,22,100,2023
22,643511,"Rogers, Tyler",4/19/2023,718511,22,100,2023
22,573124,"Rogers, Taylor",5/24/2023,718047,22,100,2023
22,445926,"Chavez, Jesse",5/17/2023,718126,22,100,2023
22,670950,"Richards, Trevor",4/9/2023,718644,22,100,2023
22,682171,"Murfee, Penn",4/30/2023,718363,22,100,2023
22,657044,"Thompson, Ryan",5/2/2023,718347,22,100,2023
22,594580,"Moll, Sam",4/19/2023,718506,22,100,2023
22,650556,"Abreu, Bryan",4/30/2023,718354,22,100,2023
22,518886,"Kimbrel, Craig",5/26/2023,718019,22,100,2023
22,621237,"Alvarado, José",4/12/2023,718609,22,100,2023
22,663878,"Pearson, Nate",4/25/2023,718433,22,100,2023
22,641627,"Gott, Trevor",5/2/2023,718332,22,100,2023
22,640448,"Finnegan, Kyle",4/30/2023,718367,22,100,2023
22,608723,"Voth, Austin",4/11/2023,718618,22,100,2023
22,656786,"Mushinski, Parker",5/28/2023,717980,22,100,2023
22,592094,"Adam, Jason",5/24/2023,718044,22,100,2023
22,543056,"Coulombe, Danny",5/12/2023,718213,22,100,2023
22,502085,"Robertson, David",5/31/2023,717944,22,100,2023
22,605154,"Brebbia, John",4/11/2023,718624,22,100,2023
22,642546,"Hernández, Jonathan",5/2/2023,718342,22,100,2023
22,643493,"Pruitt, Austin",5/4/2023,718304,22,100,2023
22,571882,"Law, Derek",4/28/2023,718380,22,100,2023
22,650633,"King, Michael",5/27/2023,718006,22,100,2023
22,621249,"Underwood Jr., Duane",4/22/2023,718474,22,100,2023
22,681806,"Wantz, Andrew",4/22/2023,718466,22,100,2023
22,657612,"Hill, Tim",4/15/2023,718560,22,100,2023
22,608678,"Leone, Dominic",5/13/2023,718203,22,100,2023
22,518397,"Alexander, Scott",4/29/2023,718384,22,100,2023
22,666808,"Doval, Camilo",5/17/2023,718143,22,100,2023
21,608717,"Stratton, Chris",5/6/2023,718288,21,100,2023
21,657756,"Seabold, Connor",4/12/2023,718607,21,100,2023
21,669212,"Morgan, Eli",4/15/2023,718573,21,100,2023
21,666974,"Cano, Yennier",4/26/2023,718416,21,100,2023
21,621076,"Kaprielian, James",4/18/2023,718523,21,100,2023
21,665001,"Kelley, Trevor",5/18/2023,718122,21,100,2023
21,571656,"Farmer, Buck",5/10/2023,718225,21,100,2023
21,676760,"Marinaccio, Ron",5/26/2023,718023,21,100,2023
21,687330,"Kelly, Kevin",5/26/2023,718018,21,100,2023
21,608328,"De Jong, Chase",5/5/2023,718307,21,100,2023
21,572193,"Tepera, Ryan",5/10/2023,718235,21,100,2023
21,656234,"Bird, Jake",5/20/2023,718100,21,100,2023
21,641360,"Bickford, Phil",4/6/2023,718683,21,100,2023
21,598264,"Barnes, Matt",4/1/2023,718755,21,100,2023
21,622098,"Smith, Drew",4/23/2023,718455,21,100,2023
21,664294,"Moreta, Dauri",5/30/2023,717972,21,100,2023
21,517008,"Colomé, Alex",5/6/2023,718281,21,100,2023
21,571656,"Farmer, Buck",5/3/2023,718330,21,100,2023
21,675916,"Karinchak, James",4/23/2023,718460,21,100,2023
21,666808,"Doval, Camilo",4/14/2023,718585,21,100,2023
21,667427,"Jackson, Zach",4/19/2023,718506,21,100,2023
21,656945,"Scott, Tanner",4/7/2023,718693,21,100,2023
21,656271,"Burke, Brock",5/5/2023,718294,21,100,2023
21,657265,"Strzelecki, Peter",5/7/2023,718267,21,100,2023
21,518886,"Kimbrel, Craig",5/12/2023,718202,21,100,2023
21,650556,"Abreu, Bryan",5/24/2023,718046,21,100,2023
21,519151,"Pressly, Ryan",5/10/2023,718235,21,100,2023
21,669796,"Hernandez, Jose E.",5/4/2023,718309,21,100,2023
21,605242,"Fulmer, Michael",4/23/2023,718451,21,100,2023
21,453178,"Kennedy, Ian",4/15/2023,718562,21,100,2023
21,667427,"Jackson, Zach",4/21/2023,718490,21,100,2023
21,598264,"Barnes, Matt",5/18/2023,718130,21,100,2023
21,571882,"Law, Derek",5/6/2023,718281,21,100,2023
21,592741,"Shreve, Chasen",4/23/2023,718459,21,100,2023
21,543056,"Coulombe, Danny",5/4/2023,718312,21,100,2023
21,677020,"Walker, Josh",5/16/2023,718150,21,100,2023
21,554340,"García, Yimi",3/30/2023,718772,21,100,2023
21,519151,"Pressly, Ryan",3/30/2023,718768,21,100,2023
21,600917,"Leclerc, José",3/30/2023,718779,21,100,2023
21,672730,"Then, Juan",5/14/2023,718173,21,100,2023
21,623167,"Flexen, Chris",5/26/2023,718012,21,100,2023
21,642048,"Saucedo, Tayler",5/26/2023,718012,21,100,2023
21,657024,"Swanson, Erik",5/9/2023,718244,21,100,2023
21,672578,"Hernández, Carlos",5/30/2023,717960,21,100,2023
21,622251,"Staumont, Josh",4/21/2023,718485,21,100,2023
21,657571,"Ferguson, Caleb",5/6/2023,718279,21,100,2023
21,519043,"Moore, Matt",4/27/2023,718402,21,100,2023
21,676050,"Naughton, Packy",4/2/2023,718737,21,100,2023
21,623211,"Brazobán, Huascar",4/19/2023,718511,21,100,2023
21,489446,"Yates, Kirby",4/27/2023,718410,21,100,2023
21,667463,"King, John",5/26/2023,718020,21,100,2023
21,675540,"Curry, Xzavion",5/31/2023,717946,21,100,2023
21,641941,"Pagán, Emilio",5/26/2023,718013,21,100,2023
21,606303,"Payamps, Joel",5/4/2023,718313,21,100,2023
21,642585,"Bautista, Félix",4/21/2023,718495,21,100,2023
21,502085,"Robertson, David",4/19/2023,718508,21,100,2023
21,572403,"VerHagen, Drew",4/24/2023,718446,21,100,2023
21,571882,"Law, Derek",4/25/2023,718434,21,100,2023
21,624522,"Thompson, Keegan",5/2/2023,718344,21,100,2023
21,656945,"Scott, Tanner",4/22/2023,718488,21,100,2023
21,596001,"Junis, Jakob",4/25/2023,718439,21,100,2023
21,593974,"Peralta, Wandy",5/25/2023,718029,21,100,2023
21,666619,"Santos, Gregory",4/2/2023,718740,21,100,2023
21,641771,"Kuhl, Chad",5/26/2023,718014,21,100,2023
21,543518,"McGough, Scott",4/22/2023,718467,21,100,2023
21,519151,"Pressly, Ryan",4/11/2023,718623,21,100,2023
21,542914,"Bass, Anthony",4/13/2023,718593,21,100,2023
21,663986,"Stephan, Trevor",4/19/2023,718513,21,100,2023
21,571479,"Bellatti, Andrew",5/13/2023,718188,21,100,2023
21,668941,"Romero, JoJo",4/18/2023,718527,21,100,2023
21,547973,"Chapman, Aroldis",5/4/2023,718312,21,100,2023
21,571656,"Farmer, Buck",5/5/2023,718305,21,100,2023
21,681806,"Wantz, Andrew",4/9/2023,718644,21,100,2023
21,677960,"Weathers, Ryan",4/22/2023,718467,21,100,2023
21,681810,"Warren, Austin",4/23/2023,718452,21,100,2023
21,641703,"Honeywell, Brent",5/25/2023,718035,21,100,2023
21,666619,"Santos, Gregory",5/6/2023,718281,21,100,2023
21,489446,"Yates, Kirby",4/6/2023,718681,21,100,2023
21,453268,"Bard, Daniel",4/28/2023,718390,21,100,2023
21,518489,"Brasier, Ryan",4/29/2023,718385,21,100,2023
21,669212,"Morgan, Eli",4/2/2023,718735,21,100,2023
21,650556,"Abreu, Bryan",5/29/2023,717968,21,100,2023
21,669796,"Hernandez, Jose E.",4/8/2023,718662,21,100,2023
21,641360,"Bickford, Phil",4/3/2023,718718,21,100,2023
21,518489,"Brasier, Ryan",4/6/2023,718690,21,100,2023
21,571946,"Miller, Shelby",4/11/2023,718624,21,100,2023
21,623149,"Sewald, Paul",4/25/2023,718430,21,100,2023
21,656945,"Scott, Tanner",5/30/2023,717963,21,100,2023
21,666619,"Santos, Gregory",4/22/2023,718477,21,100,2023
21,543521,"McHugh, Collin",5/26/2023,718019,21,100,2023
21,663385,"Smith, Chad",4/23/2023,718453,21,100,2023
21,572955,"Johnson, Pierce",5/10/2023,718231,21,100,2023
21,666619,"Santos, Gregory",5/3/2023,718322,21,100,2023
21,605218,"Edwards Jr., Carl",4/2/2023,718743,21,100,2023
21,542585,"Cisnero, José",4/29/2023,718401,21,100,2023
21,656234,"Bird, Jake",5/22/2023,718069,21,100,2023
21,592254,"De León, José",5/24/2023,718047,21,100,2023
21,571882,"Law, Derek",4/7/2023,718685,21,100,2023
21,543518,"McGough, Scott",5/2/2023,718342,21,100,2023
21,656638,"Lange, Alex",4/19/2023,718513,21,100,2023
21,641401,"Brogdon, Connor",4/14/2023,718586,21,100,2023
21,641360,"Bickford, Phil",4/17/2023,718532,21,100,2023
21,642546,"Hernández, Jonathan",4/23/2023,718453,21,100,2023
21,656638,"Lange, Alex",5/31/2023,717951,21,100,2023
21,669438,"Englert, Mason",5/19/2023,718123,21,100,2023
21,641302,"Alexander, Tyler",4/19/2023,718513,21,100,2023
21,643511,"Rogers, Tyler",4/25/2023,718439,21,100,2023
21,571946,"Miller, Shelby",5/1/2023,718343,21,100,2023
21,642701,"Santana, Dennis",4/9/2023,718647,21,100,2023
21,592094,"Adam, Jason",4/30/2023,718355,21,100,2023
21,605130,"Barlow, Scott",4/11/2023,718615,21,100,2023
21,622098,"Smith, Drew",5/4/2023,718318,21,100,2023
21,571882,"Law, Derek",3/30/2023,718773,21,100,2023
21,643493,"Pruitt, Austin",5/11/2023,718217,21,100,2023
21,664875,"Lawrence, Justin",5/25/2023,718033,21,100,2023
21,656970,"Smeltzer, Devin",4/25/2023,718429,21,100,2023
21,656061,"Abreu, Albert",5/19/2023,718120,21,100,2023
21,608665,"Graveman, Kendall",5/23/2023,718063,21,100,2023
21,572403,"VerHagen, Drew",5/25/2023,718030,21,100,2023
21,571670,"Floro, Dylan",5/7/2023,718269,21,100,2023
21,606149,"Gallegos, Giovanny",4/30/2023,718359,21,100,2023
21,682120,"Herrin, Tim",4/16/2023,718555,21,100,2023
21,640451,"Harvey, Hunter",4/4/2023,718715,21,100,2023
21,542914,"Bass, Anthony",5/27/2023,718008,21,100,2023
21,621051,"Wilson, Steven",5/30/2023,717963,21,100,2023
21,606160,"Montero, Rafael",4/11/2023,718623,21,100,2023
21,612434,"Castro, Miguel",4/28/2023,718390,21,100,2023
21,607179,"Weems, Jordan",4/29/2023,718383,21,100,2023
21,622554,"Domínguez, Seranthony",4/29/2023,718372,21,100,2023
21,664747,"Díaz, Alexis",4/25/2023,718434,21,100,2023
21,669796,"Hernandez, Jose E.",4/17/2023,718535,21,100,2023
21,656945,"Scott, Tanner",5/28/2023,717984,21,100,2023
21,640451,"Harvey, Hunter",5/2/2023,718344,21,100,2023
21,621051,"Wilson, Steven",4/11/2023,718621,21,100,2023
21,622075,"Almonte, Yency",5/18/2023,718124,21,100,2023
21,669093,"Estrada, Jeremiah",5/20/2023,718097,21,100,2023
21,621363,"Poche, Colin",4/10/2023,718638,21,100,2023
21,660853,"De Los Santos, Enyel",4/25/2023,718440,21,100,2023
21,518886,"Kimbrel, Craig",5/21/2023,718088,21,100,2023
21,606149,"Gallegos, Giovanny",5/25/2023,718030,21,100,2023
21,493603,"Ottavino, Adam",5/17/2023,718135,21,100,2023
21,681911,"Vesia, Alex",4/26/2023,718413,21,100,2023
21,606303,"Payamps, Joel",5/31/2023,717947,21,100,2023
21,622772,"Cordero, Jimmy",5/10/2023,718232,21,100,2023
21,660853,"De Los Santos, Enyel",4/2/2023,718735,21,100,2023
21,543351,"Jackson, Jay",5/15/2023,718164,21,100,2023
21,595897,"Burdi, Nick",5/16/2023,718152,21,100,2023
21,621249,"Underwood Jr., Duane",5/16/2023,718155,21,100,2023
21,622772,"Cordero, Jimmy",5/19/2023,718120,21,100,2023
21,625643,"López, Reynaldo",5/14/2023,718176,21,100,2023
21,621345,"Minter, A.J.",3/30/2023,718780,21,100,2023
21,621051,"Wilson, Steven",5/20/2023,718092,21,100,2023
21,663855,"Hicks, Jordan",5/14/2023,718187,21,100,2023
21,660593,"Reyes, Denyi",4/11/2023,718621,21,100,2023
21,664139,"Gibaut, Ian",5/13/2023,718198,21,100,2023
21,623465,"Phillips, Evan",5/17/2023,718136,21,100,2023
21,572403,"VerHagen, Drew",5/7/2023,718272,21,100,2023
21,666168,"Thompson, Mason",4/12/2023,718602,21,100,2023
21,676680,"Cosgrove, Tom",5/24/2023,718052,21,100,2023
21,628452,"Iglesias, Raisel",5/24/2023,718042,21,100,2023
21,625643,"López, Reynaldo",4/10/2023,718640,21,100,2023
21,671345,"Foley, Jason",4/2/2023,718742,21,100,2023
21,650633,"King, Michael",5/17/2023,718134,21,100,2023
21,472610,"García, Luis",4/4/2023,718717,21,100,2023
21,669093,"Estrada, Jeremiah",5/28/2023,717987,21,100,2023
21,660813,"Graterol, Brusdar",4/2/2023,718736,21,100,2023
21,628452,"Iglesias, Raisel",5/30/2023,717958,21,100,2023
21,656529,"Hentges, Sam",5/31/2023,717946,21,100,2023
21,640448,"Finnegan, Kyle",5/21/2023,718089,21,100,2023
21,640462,"Puk, A.J.",4/22/2023,718488,21,100,2023
21,641302,"Alexander, Tyler",4/25/2023,718428,21,100,2023
21,664199,"Clarke, Taylor",5/16/2023,718144,21,100,2023
21,643410,"Leiter Jr., Mark",5/7/2023,718269,21,100,2023
21,669796,"Hernandez, Jose E.",5/3/2023,718328,21,100,2023
21,611093,"Bracho, Silvino",5/17/2023,718138,21,100,2023
21,657031,"Taylor, Josh",5/13/2023,718183,21,100,2023
21,598264,"Barnes, Matt",4/7/2023,718693,21,100,2023
21,657508,"Baumann, Mike",5/20/2023,718102,21,100,2023
21,608371,"Sims, Lucas",5/20/2023,718095,21,100,2023
21,606625,"Moronta, Reyes",5/21/2023,718080,21,100,2023
21,543521,"McHugh, Collin",5/28/2023,717992,21,100,2023
21,670059,"Holderman, Colin",4/13/2023,718591,21,100,2023
21,641401,"Brogdon, Connor",4/16/2023,718554,21,100,2023
21,595345,"Okert, Steven",5/10/2023,718226,21,100,2023
21,670183,"Acton, Garrett",5/28/2023,717980,21,100,2023
21,642701,"Santana, Dennis",4/11/2023,718621,21,100,2023
21,543272,"Hand, Brad",5/26/2023,718016,21,100,2023
21,664776,"Cousins, Jake",5/22/2023,718068,21,100,2023
21,592094,"Adam, Jason",5/17/2023,718135,21,100,2023
21,676684,"Vest, Will",4/29/2023,718401,21,100,2023
21,523260,"Kelly, Joe",5/13/2023,718189,21,100,2023
21,683232,"Mears, Nick",4/30/2023,718358,21,100,2023
21,671345,"Foley, Jason",4/29/2023,718401,21,100,2023
21,543272,"Hand, Brad",3/31/2023,718766,21,100,2023
21,608638,"Chargois, JT",5/28/2023,717984,21,100,2023
21,657041,"Thomas, Lane",4/29/2023,718399,21,100,2023
21,670766,"McCaughan, Darren",4/17/2023,718534,21,100,2023
21,622569,"Reyes, Pablo",5/15/2023,718163,21,100,2023
21,605218,"Edwards Jr., Carl",5/20/2023,718108,21,100,2023
20,605280,"Holmes, Clay",4/1/2023,718762,20,100,2023
20,592741,"Shreve, Chasen",5/6/2023,718288,20,100,2023
20,640451,"Harvey, Hunter",5/4/2023,718317,20,100,2023
20,643410,"Leiter Jr., Mark",4/1/2023,718758,20,100,2023
20,542947,"Bleier, Richard",5/5/2023,718301,20,100,2023
20,607259,"Martinez, Nick",5/23/2023,718064,20,100,2023
20,642546,"Hernández, Jonathan",5/14/2023,718172,20,100,2023
20,663986,"Stephan, Trevor",5/31/2023,717946,20,100,2023
20,643511,"Rogers, Tyler",4/23/2023,718455,20,100,2023
20,681911,"Vesia, Alex",4/17/2023,718532,20,100,2023
20,573009,"Mantiply, Joe",5/7/2023,718263,20,100,2023
20,541640,"Ramírez, Erasmo",4/9/2023,718645,20,100,2023
20,667427,"Jackson, Zach",4/16/2023,718546,20,100,2023
20,605218,"Edwards Jr., Carl",4/8/2023,718658,20,100,2023
20,621345,"Minter, A.J.",4/6/2023,718681,20,100,2023
20,592779,"Stewart, Brock",5/24/2023,718047,20,100,2023
20,606160,"Montero, Rafael",5/17/2023,718127,20,100,2023
20,593576,"Neris, Héctor",4/3/2023,718723,20,100,2023
20,543518,"McGough, Scott",5/24/2023,718043,20,100,2023
20,592741,"Shreve, Chasen",5/31/2023,717951,20,100,2023
20,598286,"Ramirez, Nick",5/24/2023,718040,20,100,2023
20,656464,"Ginkel, Kevin",4/8/2023,718656,20,100,2023
20,543056,"Coulombe, Danny",5/30/2023,717967,20,100,2023
20,614179,"Ruiz, José",5/3/2023,718325,20,100,2023
20,669467,"Pallante, Andre",5/17/2023,718131,20,100,2023
20,670167,"Schreiber, John",4/14/2023,718580,20,100,2023
20,657265,"Strzelecki, Peter",4/9/2023,718650,20,100,2023
20,663558,"Moran, Jovani",4/8/2023,718666,20,100,2023
20,472610,"García, Luis",5/24/2023,718052,20,100,2023
20,605447,"Romano, Jordan",5/26/2023,718013,20,100,2023
20,667427,"Jackson, Zach",4/13/2023,718596,20,100,2023
20,681911,"Vesia, Alex",4/8/2023,718656,20,100,2023
20,676684,"Vest, Will",4/26/2023,718419,20,100,2023
20,612434,"Castro, Miguel",5/7/2023,718263,20,100,2023
20,622075,"Almonte, Yency",5/23/2023,718057,20,100,2023
20,542585,"Cisnero, José",5/22/2023,718066,20,100,2023
20,607481,"Bummer, Aaron",5/29/2023,717971,20,100,2023
20,541640,"Ramírez, Erasmo",5/12/2023,718214,20,100,2023
20,656464,"Ginkel, Kevin",4/1/2023,718749,20,100,2023
20,624647,"González, Victor",5/3/2023,718327,20,100,2023
20,608718,"Suter, Brent",5/3/2023,718315,20,100,2023
20,543859,"Tonkin, Michael",4/16/2023,718551,20,100,2023
20,642207,"Williams, Devin",5/21/2023,718081,20,100,2023
20,605280,"Holmes, Clay",5/28/2023,717995,20,100,2023
20,669459,"Nelson, Kyle",3/30/2023,718770,20,100,2023
20,663855,"Hicks, Jordan",4/1/2023,718759,20,100,2023
20,607237,"Garrett, Amir",5/29/2023,717975,20,100,2023
20,677053,"Nardi, Andrew",4/3/2023,718729,20,100,2023
20,642397,"Soto, Gregory",5/23/2023,718060,20,100,2023
20,681911,"Vesia, Alex",4/15/2023,718564,20,100,2023
20,606160,"Montero, Rafael",3/31/2023,718764,20,100,2023
20,667427,"Jackson, Zach",4/4/2023,718707,20,100,2023
20,605218,"Edwards Jr., Carl",5/24/2023,718052,20,100,2023
20,598264,"Barnes, Matt",5/9/2023,718236,20,100,2023
20,665625,"Peguero, Elvis",5/12/2023,718204,20,100,2023
20,573009,"Mantiply, Joe",5/3/2023,718325,20,100,2023
20,542585,"Cisnero, José",5/9/2023,718248,20,100,2023
20,453268,"Bard, Daniel",4/22/2023,718475,20,100,2023
20,571946,"Miller, Shelby",4/19/2023,718508,20,100,2023
20,605242,"Fulmer, Michael",5/15/2023,718158,20,100,2023
20,543272,"Hand, Brad",5/4/2023,718313,20,100,2023
20,661527,"Martinez, Seth",4/4/2023,718705,20,100,2023
20,665048,"Harris, Hobie",5/9/2023,718250,20,100,2023
20,666808,"Doval, Camilo",5/21/2023,718078,20,100,2023
20,518489,"Brasier, Ryan",5/4/2023,718316,20,100,2023
20,641729,"Jiménez, Joe",4/22/2023,718471,20,100,2023
20,643256,"Cimber, Adam",4/23/2023,718465,20,100,2023
20,622554,"Domínguez, Seranthony",4/22/2023,718475,20,100,2023
20,621051,"Wilson, Steven",3/30/2023,718778,20,100,2023
20,519151,"Pressly, Ryan",4/19/2023,718501,20,100,2023
20,663558,"Moran, Jovani",4/2/2023,718745,20,100,2023
20,605177,"Chafin, Andrew",4/26/2023,718418,20,100,2023
20,641871,"Middleton, Keynan",5/29/2023,717971,20,100,2023
20,519043,"Moore, Matt",4/19/2023,718504,20,100,2023
20,665048,"Harris, Hobie",4/19/2023,718518,20,100,2023
20,608718,"Suter, Brent",4/25/2023,718440,20,100,2023
20,607237,"Garrett, Amir",4/26/2023,718418,20,100,2023
20,623437,"Topa, Justin",5/27/2023,718004,20,100,2023
20,642048,"Saucedo, Tayler",5/28/2023,717983,20,100,2023
20,622772,"Cordero, Jimmy",4/24/2023,718442,20,100,2023
20,672578,"Hernández, Carlos",4/22/2023,718466,20,100,2023
20,571656,"Farmer, Buck",4/12/2023,718601,20,100,2023
20,677053,"Nardi, Andrew",4/8/2023,718661,20,100,2023
20,572955,"Johnson, Pierce",4/11/2023,718613,20,100,2023
20,641401,"Brogdon, Connor",4/25/2023,718430,20,100,2023
20,571670,"Floro, Dylan",5/20/2023,718103,20,100,2023
20,643361,"Herget, Kevin",5/28/2023,717987,20,100,2023
20,656271,"Burke, Brock",5/10/2023,718229,20,100,2023
20,600917,"Leclerc, José",4/11/2023,718615,20,100,2023
20,472610,"García, Luis",5/16/2023,718144,20,100,2023
20,656222,"Beeks, Jalen",4/25/2023,718436,20,100,2023
20,669276,"Lee, Dylan",5/6/2023,718283,20,100,2023
20,598264,"Barnes, Matt",4/29/2023,718375,20,100,2023
20,656271,"Burke, Brock",4/27/2023,718397,20,100,2023
20,605347,"López, Jorge",4/28/2023,718387,20,100,2023
20,659275,"Lamet, Dinelson",3/30/2023,718778,20,100,2023
20,650671,"Quijada, José",4/27/2023,718402,20,100,2023
20,571656,"Farmer, Buck",4/30/2023,718357,20,100,2023
20,607179,"Weems, Jordan",4/29/2023,718399,20,100,2023
20,663546,"Hjelle, Sean",4/26/2023,718423,20,100,2023
20,608665,"Graveman, Kendall",4/30/2023,718355,20,100,2023
20,641871,"Middleton, Keynan",4/12/2023,718605,20,100,2023
20,608717,"Stratton, Chris",5/2/2023,718338,20,100,2023
20,547973,"Chapman, Aroldis",4/4/2023,718708,20,100,2023
20,623211,"Brazobán, Huascar",4/29/2023,718375,20,100,2023
20,517008,"Colomé, Alex",5/2/2023,718340,20,100,2023
20,665665,"Sanmartin, Reiver",4/25/2023,718434,20,100,2023
20,640448,"Finnegan, Kyle",5/2/2023,718344,20,100,2023
20,612434,"Castro, Miguel",4/11/2023,718611,20,100,2023
20,554340,"García, Yimi",4/4/2023,718708,20,100,2023
20,676050,"Naughton, Packy",4/5/2023,718697,20,100,2023
20,642397,"Soto, Gregory",4/27/2023,718404,20,100,2023
20,622065,"Young, Alex",4/13/2023,718597,20,100,2023
20,672578,"Hernández, Carlos",4/19/2023,718514,20,100,2023
20,621345,"Minter, A.J.",4/10/2023,718636,20,100,2023
20,664208,"Maton, Phil",5/13/2023,718189,20,100,2023
20,642397,"Soto, Gregory",4/12/2023,718609,20,100,2023
20,661403,"Clase, Emmanuel",4/26/2023,718421,20,100,2023
20,554340,"García, Yimi",4/11/2023,718622,20,100,2023
20,613534,"Adams, Austin",5/31/2023,717940,20,100,2023
20,664076,"Cleavinger, Garrett",4/29/2023,718373,20,100,2023
20,554340,"García, Yimi",5/15/2023,718164,20,100,2023
20,660813,"Graterol, Brusdar",4/16/2023,718547,20,100,2023
20,518617,"Diekman, Jake",5/21/2023,718081,20,100,2023
20,640448,"Finnegan, Kyle",4/16/2023,718555,20,100,2023
20,623465,"Phillips, Evan",4/11/2023,718624,20,100,2023
20,667427,"Jackson, Zach",4/30/2023,718357,20,100,2023
20,664875,"Lawrence, Justin",5/10/2023,718231,20,100,2023
20,605280,"Holmes, Clay",4/12/2023,718604,20,100,2023
20,608371,"Sims, Lucas",4/26/2023,718424,20,100,2023
20,666374,"Brash, Matt",4/22/2023,718464,20,100,2023
20,621016,"Cuas, Jose",4/18/2023,718522,20,100,2023
20,661395,"Duran, Jhoan",5/20/2023,718096,20,100,2023
20,643493,"Pruitt, Austin",5/30/2023,717958,20,100,2023
20,663878,"Pearson, Nate",5/26/2023,718013,20,100,2023
20,640470,"Alzolay, Adbert",5/30/2023,717961,20,100,2023
20,607455,"Banda, Anthony",4/22/2023,718468,20,100,2023
20,656945,"Scott, Tanner",5/5/2023,718303,20,100,2023
20,592094,"Adam, Jason",5/19/2023,718117,20,100,2023
20,642770,"Guerra, Javy",4/10/2023,718627,20,100,2023
20,641729,"Jiménez, Joe",5/27/2023,717997,20,100,2023
20,642121,"Sulser, Cole",3/30/2023,718770,20,100,2023
20,641941,"Pagán, Emilio",5/4/2023,718310,20,100,2023
20,641703,"Honeywell, Brent",4/15/2023,718560,20,100,2023
20,672335,"Pérez, Cionel",5/4/2023,718312,20,100,2023
20,650893,"Cabrera, Génesis",4/13/2023,718591,20,100,2023
20,640448,"Finnegan, Kyle",5/4/2023,718317,20,100,2023
20,621249,"Underwood Jr., Duane",4/25/2023,718432,20,100,2023
20,543272,"Hand, Brad",4/26/2023,718421,20,100,2023
20,554340,"García, Yimi",5/27/2023,718008,20,100,2023
20,656234,"Bird, Jake",5/14/2023,718174,20,100,2023
20,664854,"Helsley, Ryan",5/28/2023,717993,20,100,2023
20,640462,"Puk, A.J.",5/4/2023,718308,20,100,2023
20,640448,"Finnegan, Kyle",4/21/2023,718482,20,100,2023
20,640462,"Puk, A.J.",5/6/2023,718289,20,100,2023
20,683232,"Mears, Nick",5/7/2023,718276,20,100,2023
20,663855,"Hicks, Jordan",5/16/2023,718151,20,100,2023
20,614179,"Ruiz, José",5/17/2023,718139,20,100,2023
20,453268,"Bard, Daniel",5/3/2023,718315,20,100,2023
20,665048,"Harris, Hobie",5/14/2023,718186,20,100,2023
20,669424,"Lambert, Jimmy",5/12/2023,718207,20,100,2023
20,669212,"Morgan, Eli",4/8/2023,718663,20,100,2023
20,543521,"McHugh, Collin",5/23/2023,718057,20,100,2023
20,669459,"Nelson, Kyle",4/8/2023,718656,20,100,2023
20,623211,"Brazobán, Huascar",5/27/2023,717998,20,100,2023
20,650556,"Abreu, Bryan",5/10/2023,718235,20,100,2023
20,682120,"Herrin, Tim",4/2/2023,718735,20,100,2023
20,677865,"Bruihl, Justin",5/15/2023,718159,20,100,2023
20,518585,"Cruz, Fernando",4/9/2023,718652,20,100,2023
20,674285,"Salazar, Eduardo",5/24/2023,718041,20,100,2023
20,623149,"Sewald, Paul",5/6/2023,718274,20,100,2023
20,657044,"Thompson, Ryan",5/20/2023,718093,20,100,2023
20,657024,"Swanson, Erik",5/13/2023,718192,20,100,2023
20,642758,"Acevedo, Domingo",3/30/2023,718769,20,100,2023
20,641729,"Jiménez, Joe",4/7/2023,718676,20,100,2023
20,593576,"Neris, Héctor",5/20/2023,718098,20,100,2023
20,642397,"Soto, Gregory",5/17/2023,718143,20,100,2023
20,571946,"Miller, Shelby",4/17/2023,718532,20,100,2023
20,642231,"Yacabonis, Jimmy",5/7/2023,718276,20,100,2023
20,543518,"McGough, Scott",4/20/2023,718494,20,100,2023
20,607259,"Martinez, Nick",5/15/2023,718162,20,100,2023
20,650893,"Cabrera, Génesis",5/21/2023,718083,20,100,2023
20,594580,"Moll, Sam",4/11/2023,718618,20,100,2023
20,666374,"Brash, Matt",5/24/2023,718037,20,100,2023
20,554340,"García, Yimi",5/17/2023,718134,20,100,2023
20,571948,"Milner, Hoby",4/17/2023,718534,20,100,2023
20,472610,"García, Luis",4/2/2023,718733,20,100,2023
20,657571,"Ferguson, Caleb",5/17/2023,718136,20,100,2023
20,660261,"Fujinami, Shintaro",5/17/2023,718139,20,100,2023
20,628452,"Iglesias, Raisel",5/10/2023,718220,20,100,2023
20,663773,"Hoeing, Bryan",5/19/2023,718105,20,100,2023
20,643410,"Leiter Jr., Mark",4/15/2023,718564,20,100,2023
20,647315,"Pop, Zach",4/11/2023,718622,20,100,2023
20,663855,"Hicks, Jordan",5/19/2023,718113,20,100,2023
20,608032,"Estévez, Carlos",5/21/2023,718080,20,100,2023
20,666619,"Santos, Gregory",5/12/2023,718207,20,100,2023
20,519293,"Smith, Will",4/16/2023,718552,20,100,2023
20,682120,"Herrin, Tim",4/11/2023,718626,20,100,2023
20,570257,"Rodríguez, Joely",5/23/2023,718053,20,100,2023
20,666818,"Frías, Luis",5/17/2023,718139,20,100,2023
20,687330,"Kelly, Kevin",5/20/2023,718093,20,100,2023
20,666207,"Pint, Riley",5/17/2023,718138,20,100,2023
19,612434,"Castro, Miguel",5/20/2023,718101,19,100,2023
19,660853,"De Los Santos, Enyel",5/13/2023,718191,19,100,2023
19,664199,"Clarke, Taylor",4/12/2023,718595,19,100,2023
19,571882,"Law, Derek",4/16/2023,718554,19,100,2023
19,543272,"Hand, Brad",4/16/2023,718545,19,100,2023
19,650893,"Cabrera, Génesis",5/18/2023,718124,19,100,2023
19,607481,"Bummer, Aaron",4/16/2023,718553,19,100,2023
19,661527,"Martinez, Seth",5/17/2023,718127,19,100,2023
19,643511,"Rogers, Tyler",5/9/2023,718250,19,100,2023
19,621345,"Minter, A.J.",4/3/2023,718727,19,100,2023
19,681911,"Vesia, Alex",4/10/2023,718641,19,100,2023
19,642770,"Guerra, Javy",4/15/2023,718560,19,100,2023
19,643511,"Rogers, Tyler",5/14/2023,718169,19,100,2023
19,660813,"Graterol, Brusdar",5/23/2023,718057,19,100,2023
19,622065,"Young, Alex",4/17/2023,718542,19,100,2023
19,622075,"Almonte, Yency",4/15/2023,718564,19,100,2023
19,657024,"Swanson, Erik",4/1/2023,718759,19,100,2023
19,657031,"Taylor, Josh",5/17/2023,718140,19,100,2023
19,608718,"Suter, Brent",5/31/2023,717940,19,100,2023
19,667427,"Jackson, Zach",4/10/2023,718635,19,100,2023
19,642585,"Bautista, Félix",5/7/2023,718277,19,100,2023
19,518489,"Brasier, Ryan",4/15/2023,718576,19,100,2023
19,672335,"Pérez, Cionel",5/16/2023,718154,19,100,2023
19,680704,"Sandlin, Nick",5/27/2023,717996,19,100,2023
19,621249,"Underwood Jr., Duane",5/19/2023,718118,19,100,2023
19,554340,"García, Yimi",4/14/2023,718587,19,100,2023
19,493603,"Ottavino, Adam",4/4/2023,718712,19,100,2023
19,657514,"Bernardino, Brennan",5/14/2023,718187,19,100,2023
19,656234,"Bird, Jake",5/13/2023,718188,19,100,2023
19,641656,"Hamilton, Ian",5/12/2023,718210,19,100,2023
19,664875,"Lawrence, Justin",5/28/2023,717982,19,100,2023
19,657508,"Baumann, Mike",5/15/2023,718171,19,100,2023
19,665625,"Peguero, Elvis",5/9/2023,718241,19,100,2023
19,666204,"Jiménez, Dany",4/16/2023,718546,19,100,2023
19,657044,"Thompson, Ryan",4/11/2023,718625,19,100,2023
19,656271,"Burke, Brock",5/21/2023,718076,19,100,2023
19,681402,"Varland, Gus",3/30/2023,718777,19,100,2023
19,572193,"Tepera, Ryan",4/8/2023,718657,19,100,2023
19,542585,"Cisnero, José",4/1/2023,718754,19,100,2023
19,543507,"May, Trevor",4/18/2023,718523,19,100,2023
19,682051,"Hill, Garrett",4/14/2023,718585,19,100,2023
19,542947,"Bleier, Richard",4/5/2023,718702,19,100,2023
19,642585,"Bautista, Félix",4/7/2023,718688,19,100,2023
19,642397,"Soto, Gregory",3/30/2023,718779,19,100,2023
19,666974,"Cano, Yennier",5/19/2023,718115,19,100,2023
19,664875,"Lawrence, Justin",4/6/2023,718682,19,100,2023
19,663658,"Ward, Thaddeus",5/10/2023,718230,19,100,2023
19,670059,"Holderman, Colin",4/16/2023,718548,19,100,2023
19,623433,"Anderson, Nick",5/6/2023,718283,19,100,2023
19,519293,"Smith, Will",5/24/2023,718045,19,100,2023
19,542585,"Cisnero, José",5/25/2023,718031,19,100,2023
19,622065,"Young, Alex",5/7/2023,718262,19,100,2023
19,519293,"Smith, Will",4/9/2023,718642,19,100,2023
19,542585,"Cisnero, José",4/6/2023,718690,19,100,2023
19,669459,"Nelson, Kyle",4/2/2023,718736,19,100,2023
19,518585,"Cruz, Fernando",4/4/2023,718716,19,100,2023
19,656638,"Lange, Alex",4/2/2023,718742,19,100,2023
19,621237,"Alvarado, José",4/9/2023,718652,19,100,2023
19,650895,"Castillo, Diego",4/3/2023,718720,19,100,2023
19,661527,"Martinez, Seth",4/8/2023,718666,19,100,2023
19,660853,"De Los Santos, Enyel",3/31/2023,718763,19,100,2023
19,607481,"Bummer, Aaron",5/8/2023,718253,19,100,2023
19,606149,"Gallegos, Giovanny",4/22/2023,718464,19,100,2023
19,666142,"Ragans, Cole",4/25/2023,718434,19,100,2023
19,664126,"Fairbanks, Pete",5/22/2023,718077,19,100,2023
19,606965,"Devenski, Chris",5/24/2023,718034,19,100,2023
19,669212,"Morgan, Eli",4/5/2023,718689,19,100,2023
19,622554,"Domínguez, Seranthony",4/3/2023,718725,19,100,2023
19,622251,"Staumont, Josh",5/15/2023,718162,19,100,2023
19,642770,"Guerra, Javy",4/4/2023,718712,19,100,2023
19,614179,"Ruiz, José",5/6/2023,718282,19,100,2023
19,608665,"Graveman, Kendall",5/8/2023,718253,19,100,2023
19,656234,"Bird, Jake",4/3/2023,718718,19,100,2023
19,641329,"Baker, Bryan",5/6/2023,718283,19,100,2023
19,612434,"Castro, Miguel",5/14/2023,718169,19,100,2023
19,656222,"Beeks, Jalen",5/6/2023,718291,19,100,2023
19,488984,"Hunter, Tommy",3/31/2023,718771,19,100,2023
19,670167,"Schreiber, John",4/2/2023,718748,19,100,2023
19,670059,"Holderman, Colin",4/3/2023,718724,19,100,2023
19,608678,"Leone, Dominic",5/27/2023,718011,19,100,2023
19,687330,"Kelly, Kevin",5/6/2023,718291,19,100,2023
19,642239,"Zastryzny, Rob",4/3/2023,718724,19,100,2023
19,661395,"Duran, Jhoan",4/7/2023,718684,19,100,2023
19,595345,"Okert, Steven",5/31/2023,717945,19,100,2023
19,607237,"Garrett, Amir",5/12/2023,718204,19,100,2023
19,621363,"Poche, Colin",5/7/2023,718271,19,100,2023
19,572955,"Johnson, Pierce",4/20/2023,718498,19,100,2023
19,640462,"Puk, A.J.",4/28/2023,718391,19,100,2023
19,660261,"Fujinami, Shintaro",5/5/2023,718299,19,100,2023
19,476595,"Luetge, Lucas",5/22/2023,718074,19,100,2023
19,593974,"Peralta, Wandy",4/22/2023,718476,19,100,2023
19,664875,"Lawrence, Justin",4/16/2023,718545,19,100,2023
19,659275,"Lamet, Dinelson",5/3/2023,718315,19,100,2023
19,614179,"Ruiz, José",4/23/2023,718456,19,100,2023
19,676684,"Vest, Will",5/8/2023,718261,19,100,2023
19,664294,"Moreta, Dauri",4/15/2023,718568,19,100,2023
19,640470,"Alzolay, Adbert",4/22/2023,718479,19,100,2023
19,642545,"Barria, Jaime",4/19/2023,718504,19,100,2023
19,642397,"Soto, Gregory",4/23/2023,718458,19,100,2023
19,642207,"Williams, Devin",4/18/2023,718517,19,100,2023
19,571670,"Floro, Dylan",4/26/2023,718411,19,100,2023
19,650556,"Abreu, Bryan",4/19/2023,718501,19,100,2023
19,676684,"Vest, Will",5/31/2023,717951,19,100,2023
19,656638,"Lange, Alex",4/23/2023,718459,19,100,2023
19,656814,"Ortiz, Luis F.",4/23/2023,718458,19,100,2023
19,592773,"Stanek, Ryne",4/24/2023,718449,19,100,2023
19,571656,"Farmer, Buck",4/1/2023,718756,19,100,2023
19,600917,"Leclerc, José",4/24/2023,718445,19,100,2023
19,659275,"Lamet, Dinelson",4/18/2023,718521,19,100,2023
19,641835,"Mayza, Tim",4/4/2023,718708,19,100,2023
19,656257,"Brigham, Jeff",5/4/2023,718318,19,100,2023
19,623211,"Brazobán, Huascar",4/22/2023,718473,19,100,2023
19,663941,"Beck, Tristan",5/8/2023,718260,19,100,2023
19,661395,"Duran, Jhoan",4/18/2023,718524,19,100,2023
19,682171,"Murfee, Penn",4/3/2023,718720,19,100,2023
19,666168,"Thompson, Mason",4/18/2023,718531,19,100,2023
19,623149,"Sewald, Paul",4/30/2023,718363,19,100,2023
19,666974,"Cano, Yennier",4/22/2023,718472,19,100,2023
19,445276,"Jansen, Kenley",4/1/2023,718761,19,100,2023
19,623437,"Topa, Justin",5/31/2023,717939,19,100,2023
19,665048,"Harris, Hobie",4/22/2023,718468,19,100,2023
19,543056,"Coulombe, Danny",4/13/2023,718596,19,100,2023
19,681911,"Vesia, Alex",5/30/2023,717957,19,100,2023
19,606303,"Payamps, Joel",5/13/2023,718183,19,100,2023
19,607259,"Martinez, Nick",5/9/2023,718242,19,100,2023
19,669711,"Weissert, Greg",4/21/2023,718487,19,100,2023
19,614179,"Ruiz, José",5/26/2023,718010,19,100,2023
19,622065,"Young, Alex",4/26/2023,718424,19,100,2023
19,608717,"Stratton, Chris",4/21/2023,718481,19,100,2023
19,666374,"Brash, Matt",5/10/2023,718229,19,100,2023
19,595345,"Okert, Steven",4/25/2023,718429,19,100,2023
19,592094,"Adam, Jason",4/25/2023,718436,19,100,2023
19,670280,"Bednar, David",4/23/2023,718463,19,100,2023
19,642239,"Zastryzny, Rob",5/29/2023,717978,19,100,2023
19,628708,"Marte, Yunior",5/30/2023,717962,19,100,2023
19,640451,"Harvey, Hunter",5/27/2023,718000,19,100,2023
19,647315,"Pop, Zach",4/19/2023,718501,19,100,2023
19,656945,"Scott, Tanner",5/25/2023,718033,19,100,2023
19,623149,"Sewald, Paul",4/8/2023,718663,19,100,2023
19,676714,"Hughes, Brandon",4/22/2023,718479,19,100,2023
19,643410,"Leiter Jr., Mark",5/23/2023,718055,19,100,2023
19,641329,"Baker, Bryan",4/24/2023,718447,19,100,2023
19,657508,"Baumann, Mike",5/25/2023,718029,19,100,2023
19,683769,"Gaddis, Hunter",4/22/2023,718473,19,100,2023
19,573124,"Rogers, Taylor",4/10/2023,718641,19,100,2023
19,682120,"Herrin, Tim",4/22/2023,718473,19,100,2023
19,623437,"Topa, Justin",4/18/2023,718517,19,100,2023
19,455119,"Martin, Chris",5/1/2023,718353,19,100,2023
19,656234,"Bird, Jake",4/7/2023,718673,19,100,2023
19,518886,"Kimbrel, Craig",5/1/2023,718343,19,100,2023
19,641427,"Busenitz, Alan",5/25/2023,718030,19,100,2023
19,656061,"Abreu, Albert",4/9/2023,718651,19,100,2023
19,592254,"De León, José",5/26/2023,718013,19,100,2023
19,593576,"Neris, Héctor",4/12/2023,718608,19,100,2023
19,621381,"Strahm, Matt",5/26/2023,718019,19,100,2023
19,667427,"Jackson, Zach",3/30/2023,718769,19,100,2023
19,657024,"Swanson, Erik",4/15/2023,718569,19,100,2023
19,592773,"Stanek, Ryne",5/6/2023,718274,19,100,2023
19,571948,"Milner, Hoby",4/30/2023,718365,19,100,2023
19,605177,"Chafin, Andrew",5/3/2023,718325,19,100,2023
19,571882,"Law, Derek",4/30/2023,718357,19,100,2023
19,650671,"Quijada, José",4/17/2023,718540,19,100,2023
19,608032,"Estévez, Carlos",5/5/2023,718294,19,100,2023
19,656222,"Beeks, Jalen",5/28/2023,717994,19,100,2023
19,594580,"Moll, Sam",5/6/2023,718280,19,100,2023
19,656234,"Bird, Jake",5/9/2023,718252,19,100,2023
19,592773,"Stanek, Ryne",5/2/2023,718337,19,100,2023
19,641871,"Middleton, Keynan",5/12/2023,718207,19,100,2023
19,682171,"Murfee, Penn",4/17/2023,718534,19,100,2023
19,641835,"Mayza, Tim",5/31/2023,717947,19,100,2023
19,593974,"Peralta, Wandy",5/1/2023,718351,19,100,2023
19,453268,"Bard, Daniel",5/28/2023,717982,19,100,2023
19,598264,"Barnes, Matt",5/2/2023,718346,19,100,2023
19,606160,"Montero, Rafael",4/30/2023,718354,19,100,2023
19,623149,"Sewald, Paul",4/2/2023,718735,19,100,2023
19,606160,"Montero, Rafael",5/1/2023,718350,19,100,2023
19,666720,"Rodríguez, Yerry",5/6/2023,718275,19,100,2023
19,572955,"Johnson, Pierce",3/31/2023,718766,19,100,2023
19,605280,"Holmes, Clay",5/31/2023,717939,19,100,2023
19,663385,"Smith, Chad",4/26/2023,718408,19,100,2023
19,608718,"Suter, Brent",4/30/2023,718358,19,100,2023
19,456713,"Bush, Matt",4/23/2023,718461,19,100,2023
19,608717,"Stratton, Chris",4/13/2023,718591,19,100,2023
19,656638,"Lange, Alex",4/9/2023,718654,19,100,2023
19,622065,"Young, Alex",5/1/2023,718345,19,100,2023
19,612434,"Castro, Miguel",4/12/2023,718598,19,100,2023
19,666374,"Brash, Matt",4/25/2023,718430,19,100,2023
19,641871,"Middleton, Keynan",4/29/2023,718373,19,100,2023
19,657024,"Swanson, Erik",4/29/2023,718379,19,100,2023
19,664875,"Lawrence, Justin",5/3/2023,718315,19,100,2023
19,659275,"Lamet, Dinelson",4/28/2023,718390,19,100,2023
19,677865,"Bruihl, Justin",4/26/2023,718413,19,100,2023
19,622098,"Smith, Drew",5/19/2023,718119,19,100,2023
19,642231,"Yacabonis, Jimmy",4/16/2023,718546,19,100,2023
19,472610,"García, Luis",5/20/2023,718092,19,100,2023
19,669276,"Lee, Dylan",5/1/2023,718352,19,100,2023
19,668338,"Miller, Tyson",4/30/2023,718365,19,100,2023
19,669459,"Nelson, Kyle",5/2/2023,718342,19,100,2023
19,621249,"Underwood Jr., Duane",4/3/2023,718724,19,100,2023
19,670990,"Ramírez, Yohan",4/30/2023,718367,19,100,2023
19,670124,"Oller, Adam",4/30/2023,718357,19,100,2023
19,682171,"Murfee, Penn",4/28/2023,718392,19,100,2023
19,489446,"Yates, Kirby",5/14/2023,718181,19,100,2023
19,542914,"Bass, Anthony",5/14/2023,718181,19,100,2023
19,453268,"Bard, Daniel",5/15/2023,718161,19,100,2023
19,663992,"Lovelady, Richard",5/10/2023,718232,19,100,2023
19,543518,"McGough, Scott",5/14/2023,718169,19,100,2023
19,547973,"Chapman, Aroldis",5/13/2023,718183,19,100,2023
19,668984,"Legumina, Casey",5/1/2023,718345,19,100,2023
19,664776,"Cousins, Jake",5/24/2023,718046,19,100,2023
19,572403,"VerHagen, Drew",5/18/2023,718124,19,100,2023
19,622098,"Smith, Drew",4/8/2023,718661,19,100,2023
19,623465,"Phillips, Evan",4/12/2023,718612,19,100,2023
19,622251,"Staumont, Josh",5/12/2023,718204,19,100,2023
19,677053,"Nardi, Andrew",4/29/2023,718375,19,100,2023
19,572955,"Johnson, Pierce",5/15/2023,718161,19,100,2023
19,600921,"Machado, Andrés",5/15/2023,718167,19,100,2023
19,572193,"Tepera, Ryan",5/13/2023,718191,19,100,2023
19,605154,"Brebbia, John",5/16/2023,718156,19,100,2023
19,445276,"Jansen, Kenley",5/20/2023,718092,19,100,2023
19,596001,"Junis, Jakob",5/17/2023,718143,19,100,2023
19,643256,"Cimber, Adam",5/31/2023,717947,19,100,2023
19,660813,"Graterol, Brusdar",5/27/2023,718002,19,100,2023
19,600921,"Machado, Andrés",5/21/2023,718089,19,100,2023
19,621051,"Wilson, Steven",5/16/2023,718144,19,100,2023
19,641401,"Brogdon, Connor",5/6/2023,718284,19,100,2023
19,657044,"Thompson, Ryan",4/28/2023,718393,19,100,2023
19,666808,"Doval, Camilo",5/23/2023,718054,19,100,2023
19,666168,"Thompson, Mason",5/27/2023,718000,19,100,2023
19,605347,"López, Jorge",5/20/2023,718096,19,100,2023
19,518886,"Kimbrel, Craig",5/27/2023,717997,19,100,2023
19,625643,"López, Reynaldo",4/14/2023,718583,19,100,2023
19,670167,"Schreiber, John",4/26/2023,718416,19,100,2023
19,666808,"Doval, Camilo",5/31/2023,717953,19,100,2023
19,607259,"Martinez, Nick",5/21/2023,718079,19,100,2023
19,641427,"Busenitz, Alan",5/14/2023,718178,19,100,2023
19,606160,"Montero, Rafael",5/19/2023,718112,19,100,2023
19,640451,"Harvey, Hunter",5/13/2023,718203,19,100,2023
19,641329,"Baker, Bryan",5/15/2023,718171,19,100,2023
18,519151,"Pressly, Ryan",5/14/2023,718176,18,100,2023
18,592779,"Stewart, Brock",5/29/2023,717968,18,100,2023
18,664208,"Maton, Phil",4/14/2023,718581,18,100,2023
18,605177,"Chafin, Andrew",5/22/2023,718073,18,100,2023
18,593643,"Alberto, Hanser",4/6/2023,718687,18,100,2023
18,523260,"Kelly, Joe",5/23/2023,718063,18,100,2023
18,518617,"Diekman, Jake",5/25/2023,718032,18,100,2023
18,670950,"Richards, Trevor",5/20/2023,718102,18,100,2023
18,543272,"Hand, Brad",5/24/2023,718036,18,100,2023
18,677865,"Bruihl, Justin",5/21/2023,718083,18,100,2023
18,608718,"Suter, Brent",5/9/2023,718252,18,100,2023
18,572955,"Johnson, Pierce",4/9/2023,718645,18,100,2023
18,518886,"Kimbrel, Craig",4/1/2023,718752,18,100,2023
18,605177,"Chafin, Andrew",4/7/2023,718671,18,100,2023
18,571948,"Milner, Hoby",5/24/2023,718046,18,100,2023
18,608032,"Estévez, Carlos",4/8/2023,718657,18,100,2023
18,543507,"May, Trevor",5/25/2023,718025,18,100,2023
18,640448,"Finnegan, Kyle",4/8/2023,718658,18,100,2023
18,543272,"Hand, Brad",4/4/2023,718703,18,100,2023
18,453268,"Bard, Daniel",5/30/2023,717955,18,100,2023
18,680704,"Sandlin, Nick",3/31/2023,718763,18,100,2023
18,605218,"Edwards Jr., Carl",5/27/2023,718000,18,100,2023
18,650671,"Quijada, José",4/8/2023,718657,18,100,2023
18,605347,"López, Jorge",5/23/2023,718054,18,100,2023
18,571948,"Milner, Hoby",5/7/2023,718267,18,100,2023
18,592741,"Shreve, Chasen",4/9/2023,718654,18,100,2023
18,622098,"Smith, Drew",3/30/2023,718774,18,100,2023
18,621051,"Wilson, Steven",4/3/2023,718722,18,100,2023
18,621237,"Alvarado, José",4/1/2023,718752,18,100,2023
18,677865,"Bruihl, Justin",4/23/2023,718451,18,100,2023
18,456713,"Bush, Matt",4/7/2023,718674,18,100,2023
18,607237,"Garrett, Amir",5/3/2023,718314,18,100,2023
18,623474,"Herget, Jimmy",4/3/2023,718720,18,100,2023
18,641360,"Bickford, Phil",5/9/2023,718241,18,100,2023
18,657508,"Baumann, Mike",4/29/2023,718401,18,100,2023
18,573124,"Rogers, Taylor",5/6/2023,718287,18,100,2023
18,622065,"Young, Alex",5/31/2023,717948,18,100,2023
18,656945,"Scott, Tanner",4/9/2023,718647,18,100,2023
18,614179,"Ruiz, José",3/31/2023,718764,18,100,2023
18,647315,"Pop, Zach",4/3/2023,718719,18,100,2023
18,605154,"Brebbia, John",5/6/2023,718287,18,100,2023
18,641941,"Pagán, Emilio",5/3/2023,718322,18,100,2023
18,642239,"Zastryzny, Rob",5/21/2023,718091,18,100,2023
18,641672,"Hatch, Thomas",5/22/2023,718077,18,100,2023
18,672841,"Vargas, Carlos",3/30/2023,718770,18,100,2023
18,598264,"Barnes, Matt",5/5/2023,718303,18,100,2023
18,605218,"Edwards Jr., Carl",5/8/2023,718260,18,100,2023
18,657514,"Bernardino, Brennan",5/6/2023,718284,18,100,2023
18,670280,"Bednar, David",3/30/2023,718773,18,100,2023
18,643377,"Jax, Griffin",5/23/2023,718054,18,100,2023
18,669424,"Lambert, Jimmy",4/1/2023,718760,18,100,2023
18,669060,"Wilson, Bryse",5/5/2023,718293,18,100,2023
18,572193,"Tepera, Ryan",5/3/2023,718320,18,100,2023
18,670059,"Holderman, Colin",4/4/2023,718713,18,100,2023
18,687330,"Kelly, Kevin",5/5/2023,718300,18,100,2023
18,642585,"Bautista, Félix",4/26/2023,718416,18,100,2023
18,543518,"McGough, Scott",5/9/2023,718236,18,100,2023
18,672335,"Pérez, Cionel",4/1/2023,718761,18,100,2023
18,547973,"Chapman, Aroldis",5/11/2023,718218,18,100,2023
18,598264,"Barnes, Matt",5/21/2023,718078,18,100,2023
18,623352,"Hader, Josh",5/31/2023,717945,18,100,2023
18,675916,"Karinchak, James",5/9/2023,718248,18,100,2023
18,571912,"Maile, Luke",4/18/2023,718526,18,100,2023
18,592094,"Adam, Jason",4/22/2023,718477,18,100,2023
18,643377,"Jax, Griffin",5/9/2023,718242,18,100,2023
18,640470,"Alzolay, Adbert",5/17/2023,718127,18,100,2023
18,642546,"Hernández, Jonathan",5/10/2023,718229,18,100,2023
18,595411,"Sherriff, Ryan",5/17/2023,718133,18,100,2023
18,661395,"Duran, Jhoan",5/5/2023,718306,18,100,2023
18,606160,"Montero, Rafael",4/19/2023,718501,18,100,2023
18,666974,"Cano, Yennier",5/9/2023,718246,18,100,2023
18,666374,"Brash, Matt",3/30/2023,718767,18,100,2023
18,622075,"Almonte, Yency",4/20/2023,718499,18,100,2023
18,593974,"Peralta, Wandy",4/8/2023,718664,18,100,2023
18,502085,"Robertson, David",4/26/2023,718412,18,100,2023
18,640451,"Harvey, Hunter",4/21/2023,718482,18,100,2023
18,640462,"Puk, A.J.",4/18/2023,718528,18,100,2023
18,542947,"Bleier, Richard",4/23/2023,718461,18,100,2023
18,641401,"Brogdon, Connor",5/28/2023,717992,18,100,2023
18,663878,"Pearson, Nate",5/24/2023,718044,18,100,2023
18,523260,"Kelly, Joe",4/27/2023,718396,18,100,2023
18,642048,"Saucedo, Tayler",4/23/2023,718450,18,100,2023
18,642100,"Speier, Gabe",4/23/2023,718450,18,100,2023
18,493603,"Ottavino, Adam",4/10/2023,718634,18,100,2023
18,650556,"Abreu, Bryan",4/23/2023,718462,18,100,2023
18,572403,"VerHagen, Drew",4/19/2023,718512,18,100,2023
18,622065,"Young, Alex",3/30/2023,718773,18,100,2023
18,676680,"Cosgrove, Tom",5/3/2023,718330,18,100,2023
18,656271,"Burke, Brock",4/21/2023,718490,18,100,2023
18,656061,"Abreu, Albert",4/18/2023,718529,18,100,2023
18,592390,"Hembree, Heath",4/25/2023,718436,18,100,2023
18,665625,"Peguero, Elvis",5/22/2023,718068,18,100,2023
18,571948,"Milner, Hoby",4/21/2023,718483,18,100,2023
18,605280,"Holmes, Clay",4/22/2023,718476,18,100,2023
18,642546,"Hernández, Jonathan",5/22/2023,718075,18,100,2023
18,663753,"Knehr, Reiss",4/21/2023,718484,18,100,2023
18,656464,"Ginkel, Kevin",4/19/2023,718512,18,100,2023
18,663947,"Holton, Tyler",4/21/2023,718495,18,100,2023
18,663992,"Lovelady, Richard",4/23/2023,718453,18,100,2023
18,664139,"Gibaut, Ian",5/3/2023,718330,18,100,2023
18,657514,"Bernardino, Brennan",5/4/2023,718316,18,100,2023
18,663855,"Hicks, Jordan",4/19/2023,718512,18,100,2023
18,666374,"Brash, Matt",4/2/2023,718735,18,100,2023
18,656786,"Mushinski, Parker",5/22/2023,718068,18,100,2023
18,656945,"Scott, Tanner",5/7/2023,718269,18,100,2023
18,643410,"Leiter Jr., Mark",4/18/2023,718523,18,100,2023
18,664126,"Fairbanks, Pete",4/19/2023,718515,18,100,2023
18,664294,"Moreta, Dauri",4/19/2023,718509,18,100,2023
18,669093,"Estrada, Jeremiah",5/27/2023,718007,18,100,2023
18,661403,"Clase, Emmanuel",4/3/2023,718721,18,100,2023
18,622554,"Domínguez, Seranthony",5/10/2023,718233,18,100,2023
18,668674,"Erceg, Lucas",5/21/2023,718086,18,100,2023
18,453178,"Kennedy, Ian",4/25/2023,718434,18,100,2023
18,642546,"Hernández, Jonathan",5/5/2023,718294,18,100,2023
18,656353,"Davidson, Tucker",5/4/2023,718311,18,100,2023
18,571670,"Floro, Dylan",4/11/2023,718619,18,100,2023
18,593974,"Peralta, Wandy",4/1/2023,718762,18,100,2023
18,623465,"Phillips, Evan",5/23/2023,718057,18,100,2023
18,650893,"Cabrera, Génesis",5/12/2023,718211,18,100,2023
18,624522,"Thompson, Keegan",4/25/2023,718426,18,100,2023
18,608032,"Estévez, Carlos",5/29/2023,717971,18,100,2023
18,675916,"Karinchak, James",4/18/2023,718530,18,100,2023
18,493603,"Ottavino, Adam",4/1/2023,718755,18,100,2023
18,678061,"Kerr, Ray",4/21/2023,718484,18,100,2023
18,641360,"Bickford, Phil",5/22/2023,718074,18,100,2023
18,640451,"Harvey, Hunter",4/26/2023,718412,18,100,2023
18,682171,"Murfee, Penn",4/23/2023,718450,18,100,2023
18,642100,"Speier, Gabe",4/25/2023,718430,18,100,2023
18,554340,"García, Yimi",5/2/2023,718341,18,100,2023
18,623352,"Hader, Josh",5/5/2023,718295,18,100,2023
18,656945,"Scott, Tanner",4/25/2023,718429,18,100,2023
18,680735,"Cox, Austin",5/4/2023,718312,18,100,2023
18,595928,"Curtiss, John",4/18/2023,718516,18,100,2023
18,622065,"Young, Alex",4/29/2023,718377,18,100,2023
18,624647,"González, Victor",5/1/2023,718343,18,100,2023
18,656529,"Hentges, Sam",5/30/2023,717967,18,100,2023
18,663941,"Beck, Tristan",5/1/2023,718350,18,100,2023
18,606965,"Devenski, Chris",5/10/2023,718235,18,100,2023
18,660853,"De Los Santos, Enyel",5/27/2023,717996,18,100,2023
18,502085,"Robertson, David",5/21/2023,718099,18,100,2023
18,641329,"Baker, Bryan",4/13/2023,718596,18,100,2023
18,453268,"Bard, Daniel",5/16/2023,718145,18,100,2023
18,663630,"McKenna, Ryan",5/26/2023,718020,18,100,2023
18,670871,"Zuñiga, Guillo",5/2/2023,718338,18,100,2023
18,543521,"McHugh, Collin",5/21/2023,718090,18,100,2023
18,594580,"Moll, Sam",5/14/2023,718172,18,100,2023
18,605154,"Brebbia, John",5/17/2023,718143,18,100,2023
18,596112,"Stephenson, Robert",5/20/2023,718101,18,100,2023
18,650893,"Cabrera, Génesis",4/11/2023,718613,18,100,2023
18,641941,"Pagán, Emilio",5/15/2023,718159,18,100,2023
18,643361,"Herget, Kevin",5/14/2023,718178,18,100,2023
18,621016,"Cuas, Jose",5/20/2023,718104,18,100,2023
18,656945,"Scott, Tanner",5/16/2023,718153,18,100,2023
18,661395,"Duran, Jhoan",5/15/2023,718159,18,100,2023
18,661403,"Clase, Emmanuel",4/12/2023,718604,18,100,2023
18,570257,"Rodríguez, Joely",5/28/2023,717981,18,100,2023
18,669467,"Pallante, Andre",5/13/2023,718196,18,100,2023
18,663986,"Stephan, Trevor",4/12/2023,718604,18,100,2023
18,670059,"Holderman, Colin",5/14/2023,718179,18,100,2023
18,664208,"Maton, Phil",5/16/2023,718152,18,100,2023
18,664854,"Helsley, Ryan",4/11/2023,718613,18,100,2023
18,657265,"Strzelecki, Peter",5/19/2023,718117,18,100,2023
18,664948,"Misiewicz, Anthony",5/13/2023,718184,18,100,2023
18,542585,"Cisnero, José",4/14/2023,718585,18,100,2023
18,642546,"Hernández, Jonathan",5/20/2023,718100,18,100,2023
18,623465,"Phillips, Evan",4/16/2023,718547,18,100,2023
18,593974,"Peralta, Wandy",4/14/2023,718588,18,100,2023
18,571946,"Miller, Shelby",5/28/2023,717994,18,100,2023
18,666818,"Frías, Luis",4/12/2023,718598,18,100,2023
18,656222,"Beeks, Jalen",5/18/2023,718122,18,100,2023
18,650671,"Quijada, José",4/3/2023,718720,18,100,2023
18,669467,"Pallante, Andre",5/27/2023,717996,18,100,2023
18,606149,"Gallegos, Giovanny",5/20/2023,718109,18,100,2023
18,669459,"Nelson, Kyle",4/12/2023,718598,18,100,2023
18,642585,"Bautista, Félix",5/13/2023,718193,18,100,2023
18,621051,"Wilson, Steven",4/15/2023,718560,18,100,2023
18,621237,"Alvarado, José",4/14/2023,718586,18,100,2023
18,622075,"Almonte, Yency",5/7/2023,718266,18,100,2023
18,623474,"Herget, Jimmy",4/14/2023,718580,18,100,2023
18,640462,"Puk, A.J.",4/14/2023,718584,18,100,2023
18,605218,"Edwards Jr., Carl",5/17/2023,718132,18,100,2023
18,641656,"Hamilton, Ian",5/6/2023,718291,18,100,2023
18,670280,"Bednar, David",4/11/2023,718623,18,100,2023
18,608638,"Chargois, JT",5/22/2023,718069,18,100,2023
18,668665,"Nogosek, Stephen",5/19/2023,718119,18,100,2023
18,445926,"Chavez, Jesse",4/18/2023,718519,18,100,2023
18,670280,"Bednar, David",5/27/2023,718004,18,100,2023
18,573204,"Thielbar, Caleb",4/23/2023,718454,18,100,2023
18,573124,"Rogers, Taylor",5/19/2023,718105,18,100,2023
18,621345,"Minter, A.J.",5/4/2023,718308,18,100,2023
18,672578,"Hernández, Carlos",4/15/2023,718563,18,100,2023
18,622772,"Cordero, Jimmy",5/7/2023,718271,18,100,2023
18,643511,"Rogers, Tyler",4/14/2023,718585,18,100,2023
18,650895,"Castillo, Diego",4/15/2023,718561,18,100,2023
18,621389,"Blach, Ty",4/23/2023,718458,18,100,2023
18,660853,"De Los Santos, Enyel",4/15/2023,718573,18,100,2023
18,573204,"Thielbar, Caleb",4/1/2023,718751,18,100,2023
18,621363,"Poche, Colin",3/30/2023,718776,18,100,2023
18,676714,"Hughes, Brandon",5/27/2023,718007,18,100,2023
18,606160,"Montero, Rafael",4/5/2023,718696,18,100,2023
18,640451,"Harvey, Hunter",4/10/2023,718631,18,100,2023
18,600917,"Leclerc, José",4/9/2023,718642,18,100,2023
18,667427,"Jackson, Zach",4/29/2023,718377,18,100,2023
18,641329,"Baker, Bryan",5/4/2023,718312,18,100,2023
18,542914,"Bass, Anthony",5/31/2023,717947,18,100,2023
18,664747,"Díaz, Alexis",5/2/2023,718335,18,100,2023
18,664208,"Maton, Phil",5/1/2023,718350,18,100,2023
18,623433,"Anderson, Nick",4/10/2023,718636,18,100,2023
18,657508,"Baumann, Mike",5/2/2023,718336,18,100,2023
18,656814,"Ortiz, Luis F.",4/30/2023,718354,18,100,2023
18,669459,"Nelson, Kyle",4/24/2023,718438,18,100,2023
18,608638,"Chargois, JT",5/17/2023,718132,18,100,2023
18,657031,"Taylor, Josh",5/27/2023,718000,18,100,2023
18,667427,"Jackson, Zach",4/24/2023,718437,18,100,2023
18,663385,"Smith, Chad",4/17/2023,718536,18,100,2023
18,661403,"Clase, Emmanuel",4/14/2023,718592,18,100,2023
18,664854,"Helsley, Ryan",4/25/2023,718439,18,100,2023
18,506702,"León, Sandy",5/15/2023,718165,18,100,2023
18,664875,"Lawrence, Justin",4/25/2023,718440,18,100,2023
18,608371,"Sims, Lucas",4/28/2023,718380,18,100,2023
18,605447,"Romano, Jordan",4/12/2023,718603,18,100,2023
18,592094,"Adam, Jason",5/2/2023,718347,18,100,2023
18,657024,"Swanson, Erik",5/28/2023,717988,18,100,2023
18,592741,"Shreve, Chasen",5/13/2023,718194,18,100,2023
18,663546,"Hjelle, Sean",4/15/2023,718571,18,100,2023
18,664199,"Clarke, Taylor",4/17/2023,718539,18,100,2023
17,669424,"Lambert, Jimmy",4/14/2023,718583,17,100,2023
17,669211,"Akin, Keegan",4/27/2023,718405,17,100,2023
17,621249,"Underwood Jr., Duane",4/14/2023,718582,17,100,2023
17,554340,"García, Yimi",4/9/2023,718644,17,100,2023
17,593576,"Neris, Héctor",5/26/2023,718009,17,100,2023
17,669424,"Lambert, Jimmy",4/9/2023,718653,17,100,2023
17,543507,"May, Trevor",5/29/2023,717970,17,100,2023
17,518886,"Kimbrel, Craig",5/24/2023,718043,17,100,2023
17,606965,"Devenski, Chris",5/4/2023,718311,17,100,2023
17,489446,"Yates, Kirby",4/8/2023,718659,17,100,2023
17,622772,"Cordero, Jimmy",5/3/2023,718324,17,100,2023
17,676714,"Hughes, Brandon",5/21/2023,718088,17,100,2023
17,542208,"Pérez, Carlos",4/8/2023,718665,17,100,2023
17,543272,"Hand, Brad",4/7/2023,718673,17,100,2023
17,641656,"Hamilton, Ian",4/29/2023,718374,17,100,2023
17,571710,"Givens, Mychal",5/24/2023,718040,17,100,2023
17,593576,"Neris, Héctor",4/7/2023,718684,17,100,2023
17,523260,"Kelly, Joe",4/1/2023,718760,17,100,2023
17,543281,"Harrison, Josh",4/1/2023,718752,17,100,2023
17,608665,"Graveman, Kendall",4/8/2023,718662,17,100,2023
17,605130,"Barlow, Scott",5/28/2023,717985,17,100,2023
17,571479,"Bellatti, Andrew",4/4/2023,718710,17,100,2023
17,571479,"Bellatti, Andrew",4/1/2023,718752,17,100,2023
17,605280,"Holmes, Clay",4/14/2023,718588,17,100,2023
17,623211,"Brazobán, Huascar",4/8/2023,718661,17,100,2023
17,623352,"Hader, Josh",4/7/2023,718676,17,100,2023
17,608371,"Sims, Lucas",5/5/2023,718305,17,100,2023
17,518886,"Kimbrel, Craig",4/7/2023,718685,17,100,2023
17,592094,"Adam, Jason",4/16/2023,718556,17,100,2023
17,650671,"Quijada, José",4/5/2023,718691,17,100,2023
17,669212,"Morgan, Eli",4/3/2023,718721,17,100,2023
17,606160,"Montero, Rafael",4/3/2023,718723,17,100,2023
17,657024,"Swanson, Erik",4/7/2023,718670,17,100,2023
17,570666,"Cessa, Luis",5/7/2023,718262,17,100,2023
17,677053,"Nardi, Andrew",4/22/2023,718473,17,100,2023
17,607359,"Patton, Spencer",5/4/2023,718304,17,100,2023
17,666818,"Frías, Luis",4/8/2023,718656,17,100,2023
17,656222,"Beeks, Jalen",4/4/2023,718715,17,100,2023
17,621368,"Hearn, Taylor",4/1/2023,718752,17,100,2023
17,621363,"Poche, Colin",5/8/2023,718259,17,100,2023
17,669211,"Akin, Keegan",4/8/2023,718664,17,100,2023
17,489446,"Yates, Kirby",5/3/2023,718321,17,100,2023
17,571948,"Milner, Hoby",5/5/2023,718293,17,100,2023
17,669459,"Nelson, Kyle",5/7/2023,718263,17,100,2023
17,606149,"Gallegos, Giovanny",5/3/2023,718320,17,100,2023
17,607481,"Bummer, Aaron",3/30/2023,718768,17,100,2023
17,571882,"Law, Derek",5/9/2023,718243,17,100,2023
17,543507,"May, Trevor",3/30/2023,718769,17,100,2023
17,621237,"Alvarado, José",5/3/2023,718327,17,100,2023
17,621345,"Minter, A.J.",5/6/2023,718283,17,100,2023
17,666808,"Doval, Camilo",5/5/2023,718293,17,100,2023
17,640448,"Finnegan, Kyle",5/6/2023,718282,17,100,2023
17,592773,"Stanek, Ryne",5/30/2023,717956,17,100,2023
17,622251,"Staumont, Josh",5/3/2023,718314,17,100,2023
17,605130,"Barlow, Scott",5/6/2023,718280,17,100,2023
17,641729,"Jiménez, Joe",5/5/2023,718298,17,100,2023
17,660853,"De Los Santos, Enyel",4/4/2023,718707,17,100,2023
17,650893,"Cabrera, Génesis",5/5/2023,718292,17,100,2023
17,605154,"Brebbia, John",5/5/2023,718293,17,100,2023
17,663986,"Stephan, Trevor",5/6/2023,718285,17,100,2023
17,664208,"Maton, Phil",5/23/2023,718056,17,100,2023
17,643377,"Jax, Griffin",5/22/2023,718067,17,100,2023
17,593576,"Neris, Héctor",3/30/2023,718768,17,100,2023
17,657024,"Swanson, Erik",3/30/2023,718772,17,100,2023
17,670167,"Schreiber, John",4/1/2023,718761,17,100,2023
17,643511,"Rogers, Tyler",5/25/2023,718028,17,100,2023
17,675540,"Curry, Xzavion",5/5/2023,718306,17,100,2023
17,681217,"Silseth, Chase",5/3/2023,718320,17,100,2023
17,445926,"Chavez, Jesse",5/7/2023,718277,17,100,2023
17,672335,"Pérez, Cionel",4/4/2023,718709,17,100,2023
17,657612,"Hill, Tim",5/9/2023,718242,17,100,2023
17,489446,"Yates, Kirby",5/12/2023,718206,17,100,2023
17,656638,"Lange, Alex",5/24/2023,718039,17,100,2023
17,571670,"Floro, Dylan",5/10/2023,718226,17,100,2023
17,664199,"Clarke, Taylor",5/3/2023,718314,17,100,2023
17,657265,"Strzelecki, Peter",5/23/2023,718056,17,100,2023
17,519293,"Smith, Will",4/23/2023,718453,17,100,2023
17,543859,"Tonkin, Michael",5/7/2023,718277,17,100,2023
17,542585,"Cisnero, José",4/19/2023,718513,17,100,2023
17,543859,"Tonkin, Michael",4/22/2023,718471,17,100,2023
17,543056,"Coulombe, Danny",4/22/2023,718472,17,100,2023
17,573204,"Thielbar, Caleb",4/18/2023,718524,17,100,2023
17,571656,"Farmer, Buck",4/20/2023,718500,17,100,2023
17,657240,"Merryweather, Julian",5/8/2023,718256,17,100,2023
17,656546,"Hoffman, Jeff",5/6/2023,718284,17,100,2023
17,605280,"Holmes, Clay",4/19/2023,718504,17,100,2023
17,661395,"Duran, Jhoan",3/30/2023,718775,17,100,2023
17,670990,"Ramírez, Yohan",5/31/2023,717953,17,100,2023
17,657424,"Gage, Matt",5/7/2023,718265,17,100,2023
17,641627,"Gott, Trevor",4/7/2023,718677,17,100,2023
17,641329,"Baker, Bryan",5/8/2023,718259,17,100,2023
17,476595,"Luetge, Lucas",3/30/2023,718780,17,100,2023
17,672730,"Then, Juan",5/9/2023,718239,17,100,2023
17,605347,"López, Jorge",5/10/2023,718224,17,100,2023
17,572403,"VerHagen, Drew",4/21/2023,718481,17,100,2023
17,669211,"Akin, Keegan",3/30/2023,718782,17,100,2023
17,641329,"Baker, Bryan",4/23/2023,718459,17,100,2023
17,641627,"Gott, Trevor",5/12/2023,718208,17,100,2023
17,612434,"Castro, Miguel",5/28/2023,717981,17,100,2023
17,641871,"Middleton, Keynan",4/22/2023,718477,17,100,2023
17,455119,"Martin, Chris",4/10/2023,718638,17,100,2023
17,676254,"Walker, Ryan",5/31/2023,717953,17,100,2023
17,547973,"Chapman, Aroldis",4/25/2023,718422,17,100,2023
17,493603,"Ottavino, Adam",4/12/2023,718610,17,100,2023
17,623433,"Anderson, Nick",4/6/2023,718681,17,100,2023
17,663986,"Stephan, Trevor",4/23/2023,718460,17,100,2023
17,663753,"Knehr, Reiss",4/18/2023,718519,17,100,2023
17,656638,"Lange, Alex",5/3/2023,718348,17,100,2023
17,518585,"Cruz, Fernando",5/30/2023,717966,17,100,2023
17,641871,"Middleton, Keynan",5/7/2023,718262,17,100,2023
17,543518,"McGough, Scott",4/12/2023,718598,17,100,2023
17,621074,"Rucker, Michael",4/25/2023,718426,17,100,2023
17,608032,"Estévez, Carlos",4/25/2023,718425,17,100,2023
17,622075,"Almonte, Yency",5/28/2023,717994,17,100,2023
17,650893,"Cabrera, Génesis",4/19/2023,718512,17,100,2023
17,573009,"Mantiply, Joe",4/18/2023,718527,17,100,2023
17,594580,"Moll, Sam",4/23/2023,718453,17,100,2023
17,571479,"Bellatti, Andrew",3/30/2023,718779,17,100,2023
17,663878,"Pearson, Nate",5/7/2023,718278,17,100,2023
17,455119,"Martin, Chris",4/12/2023,718600,17,100,2023
17,622554,"Domínguez, Seranthony",4/26/2023,718415,17,100,2023
17,669276,"Lee, Dylan",4/21/2023,718489,17,100,2023
17,672391,"Ort, Kaleb",4/25/2023,718435,17,100,2023
17,571670,"Floro, Dylan",5/30/2023,717963,17,100,2023
17,666808,"Doval, Camilo",4/19/2023,718511,17,100,2023
17,669459,"Nelson, Kyle",4/20/2023,718494,17,100,2023
17,489446,"Yates, Kirby",5/9/2023,718245,17,100,2023
17,502085,"Robertson, David",5/5/2023,718302,17,100,2023
17,625643,"López, Reynaldo",5/26/2023,718021,17,100,2023
17,640470,"Alzolay, Adbert",4/26/2023,718407,17,100,2023
17,677053,"Nardi, Andrew",4/19/2023,718511,17,100,2023
17,571946,"Miller, Shelby",5/19/2023,718113,17,100,2023
17,641401,"Brogdon, Connor",4/27/2023,718404,17,100,2023
17,543859,"Tonkin, Michael",5/1/2023,718361,17,100,2023
17,657031,"Taylor, Josh",4/26/2023,718418,17,100,2023
17,664139,"Gibaut, Ian",5/19/2023,718120,17,100,2023
17,657240,"Merryweather, Julian",4/26/2023,718407,17,100,2023
17,606149,"Gallegos, Giovanny",4/11/2023,718613,17,100,2023
17,606965,"Devenski, Chris",5/2/2023,718338,17,100,2023
17,607481,"Bummer, Aaron",4/29/2023,718373,17,100,2023
17,605218,"Edwards Jr., Carl",4/29/2023,718383,17,100,2023
17,607755,"Vasquez, Andrew",4/29/2023,718372,17,100,2023
17,572403,"VerHagen, Drew",4/30/2023,718359,17,100,2023
17,621345,"Minter, A.J.",5/1/2023,718352,17,100,2023
17,663941,"Beck, Tristan",4/26/2023,718423,17,100,2023
17,543859,"Tonkin, Michael",4/5/2023,718697,17,100,2023
17,543518,"McGough, Scott",4/29/2023,718366,17,100,2023
17,643410,"Leiter Jr., Mark",4/27/2023,718406,17,100,2023
17,608032,"Estévez, Carlos",4/11/2023,718614,17,100,2023
17,666619,"Santos, Gregory",4/26/2023,718420,17,100,2023
17,606149,"Gallegos, Giovanny",5/30/2023,717960,17,100,2023
17,622098,"Smith, Drew",5/1/2023,718361,17,100,2023
17,623149,"Sewald, Paul",5/2/2023,718332,17,100,2023
17,664948,"Misiewicz, Anthony",4/25/2023,718422,17,100,2023
17,656257,"Brigham, Jeff",5/24/2023,718038,17,100,2023
17,656061,"Abreu, Albert",5/24/2023,718040,17,100,2023
17,676760,"Marinaccio, Ron",5/6/2023,718291,17,100,2023
17,571656,"Farmer, Buck",3/30/2023,718773,17,100,2023
17,621051,"Wilson, Steven",5/7/2023,718266,17,100,2023
17,669796,"Hernandez, Jose E.",4/25/2023,718432,17,100,2023
17,670950,"Richards, Trevor",4/21/2023,718487,17,100,2023
17,656222,"Beeks, Jalen",4/29/2023,718373,17,100,2023
17,623211,"Brazobán, Huascar",4/26/2023,718411,17,100,2023
17,656234,"Bird, Jake",5/2/2023,718334,17,100,2023
17,656464,"Ginkel, Kevin",5/2/2023,718342,17,100,2023
17,543056,"Coulombe, Danny",4/30/2023,718360,17,100,2023
17,605280,"Holmes, Clay",5/7/2023,718271,17,100,2023
17,675916,"Karinchak, James",5/7/2023,718273,17,100,2023
17,657514,"Bernardino, Brennan",4/29/2023,718385,17,100,2023
17,666974,"Cano, Yennier",5/25/2023,718029,17,100,2023
17,606965,"Devenski, Chris",4/30/2023,718365,17,100,2023
17,666168,"Thompson, Mason",5/2/2023,718344,17,100,2023
17,622554,"Domínguez, Seranthony",5/9/2023,718244,17,100,2023
17,502085,"Robertson, David",5/17/2023,718135,17,100,2023
17,666808,"Doval, Camilo",4/30/2023,718368,17,100,2023
17,666974,"Cano, Yennier",5/30/2023,717967,17,100,2023
17,542585,"Cisnero, José",5/21/2023,718089,17,100,2023
17,661309,"Martínez, Adrián",5/26/2023,718009,17,100,2023
17,445276,"Jansen, Kenley",5/13/2023,718196,17,100,2023
17,606303,"Payamps, Joel",4/8/2023,718660,17,100,2023
17,641401,"Brogdon, Connor",5/5/2023,718301,17,100,2023
17,642770,"Guerra, Javy",5/6/2023,718291,17,100,2023
17,643256,"Cimber, Adam",4/13/2023,718593,17,100,2023
17,622065,"Young, Alex",4/22/2023,718474,17,100,2023
17,657265,"Strzelecki, Peter",4/1/2023,718758,17,100,2023
17,622772,"Cordero, Jimmy",5/13/2023,718197,17,100,2023
17,595345,"Okert, Steven",5/7/2023,718269,17,100,2023
17,664294,"Moreta, Dauri",5/27/2023,718004,17,100,2023
17,656234,"Bird, Jake",4/11/2023,718613,17,100,2023
17,624647,"González, Victor",5/16/2023,718141,17,100,2023
17,625643,"López, Reynaldo",5/13/2023,718189,17,100,2023
17,623465,"Phillips, Evan",5/15/2023,718159,17,100,2023
17,628452,"Iglesias, Raisel",5/14/2023,718181,17,100,2023
17,606160,"Montero, Rafael",5/28/2023,717980,17,100,2023
17,518886,"Kimbrel, Craig",5/3/2023,718327,17,100,2023
17,656464,"Ginkel, Kevin",4/12/2023,718598,17,100,2023
17,640470,"Alzolay, Adbert",5/3/2023,718333,17,100,2023
17,622554,"Domínguez, Seranthony",5/16/2023,718156,17,100,2023
17,640448,"Finnegan, Kyle",5/13/2023,718203,17,100,2023
17,606303,"Payamps, Joel",5/21/2023,718081,17,100,2023
17,664747,"Díaz, Alexis",5/27/2023,718007,17,100,2023
17,670167,"Schreiber, John",4/6/2023,718690,17,100,2023
17,593576,"Neris, Héctor",5/17/2023,718127,17,100,2023
17,607237,"Garrett, Amir",4/23/2023,718452,17,100,2023
17,502202,"Boxberger, Brad",4/22/2023,718479,17,100,2023
17,592779,"Stewart, Brock",5/16/2023,718141,17,100,2023
17,608371,"Sims, Lucas",5/22/2023,718071,17,100,2023
17,608723,"Voth, Austin",5/5/2023,718298,17,100,2023
17,608371,"Sims, Lucas",5/17/2023,718138,17,100,2023
17,657508,"Baumann, Mike",4/12/2023,718599,17,100,2023
17,656945,"Scott, Tanner",5/14/2023,718178,17,100,2023
17,518397,"Alexander, Scott",5/13/2023,718184,17,100,2023
17,657240,"Merryweather, Julian",4/12/2023,718606,17,100,2023
17,657031,"Taylor, Josh",5/15/2023,718162,17,100,2023
17,621016,"Cuas, Jose",5/17/2023,718140,17,100,2023
17,661395,"Duran, Jhoan",5/10/2023,718224,17,100,2023
17,668868,"Thompson, Zack",4/30/2023,718359,17,100,2023
17,657571,"Ferguson, Caleb",5/15/2023,718159,17,100,2023
17,661527,"Martinez, Seth",5/15/2023,718158,17,100,2023
17,622250,"Sborz, Josh",5/17/2023,718126,17,100,2023
17,660813,"Graterol, Brusdar",5/28/2023,717994,17,100,2023
17,664875,"Lawrence, Justin",5/16/2023,718145,17,100,2023
17,523260,"Kelly, Joe",5/28/2023,717989,17,100,2023
17,670156,"Mastrobuoni, Miles",5/14/2023,718175,17,100,2023
17,666168,"Thompson, Mason",5/14/2023,718186,17,100,2023
17,622503,"Crismatt, Nabil",4/6/2023,718681,17,100,2023
17,612434,"Castro, Miguel",5/3/2023,718325,17,100,2023
17,643493,"Pruitt, Austin",5/12/2023,718200,17,100,2023
17,676684,"Vest, Will",5/16/2023,718155,17,100,2023
17,664294,"Moreta, Dauri",4/13/2023,718591,17,100,2023
17,675540,"Curry, Xzavion",4/7/2023,718677,17,100,2023
17,502202,"Boxberger, Brad",4/14/2023,718575,17,100,2023
17,641329,"Baker, Bryan",5/20/2023,718102,17,100,2023
17,664747,"Díaz, Alexis",4/10/2023,718636,17,100,2023
17,641360,"Bickford, Phil",5/21/2023,718083,17,100,2023
17,571479,"Bellatti, Andrew",4/7/2023,718685,17,100,2023
17,660813,"Graterol, Brusdar",5/22/2023,718074,17,100,2023
17,592094,"Adam, Jason",5/7/2023,718271,17,100,2023
17,669459,"Nelson, Kyle",5/27/2023,717991,17,100,2023
17,623437,"Topa, Justin",4/16/2023,718545,17,100,2023
17,672335,"Pérez, Cionel",4/10/2023,718635,17,100,2023
17,621074,"Rucker, Michael",4/14/2023,718575,17,100,2023
17,455119,"Martin, Chris",4/9/2023,718654,17,100,2023
17,656061,"Abreu, Albert",5/21/2023,718085,17,100,2023
17,489446,"Yates, Kirby",5/25/2023,718026,17,100,2023
17,605130,"Barlow, Scott",4/15/2023,718563,17,100,2023
17,571946,"Miller, Shelby",4/15/2023,718564,17,100,2023
17,571946,"Miller, Shelby",5/29/2023,717973,17,100,2023
17,643377,"Jax, Griffin",5/10/2023,718224,17,100,2023
17,666204,"Jiménez, Dany",4/13/2023,718596,17,100,2023
17,669438,"Englert, Mason",5/5/2023,718292,17,100,2023
17,647315,"Pop, Zach",4/16/2023,718556,17,100,2023
17,672578,"Hernández, Carlos",4/11/2023,718615,17,100,2023
17,656638,"Lange, Alex",4/15/2023,718571,17,100,2023
17,664139,"Gibaut, Ian",5/20/2023,718095,17,100,2023
16,572193,"Tepera, Ryan",4/9/2023,718644,16,100,2023
16,675916,"Karinchak, James",5/27/2023,717996,16,100,2023
16,666374,"Brash, Matt",5/7/2023,718265,16,100,2023
16,666168,"Thompson, Mason",5/6/2023,718282,16,100,2023
16,677865,"Bruihl, Justin",5/29/2023,717973,16,100,2023
16,607455,"Banda, Anthony",4/19/2023,718518,16,100,2023
16,676254,"Walker, Ryan",5/28/2023,717986,16,100,2023
16,661527,"Martinez, Seth",5/8/2023,718254,16,100,2023
16,666974,"Cano, Yennier",5/17/2023,718137,16,100,2023
16,676714,"Hughes, Brandon",4/17/2023,718536,16,100,2023
16,677053,"Nardi, Andrew",4/15/2023,718567,16,100,2023
16,660813,"Graterol, Brusdar",5/31/2023,717954,16,100,2023
16,472610,"García, Luis",4/8/2023,718659,16,100,2023
16,676684,"Vest, Will",5/20/2023,718108,16,100,2023
16,543901,"Weber, Ryan",5/30/2023,717952,16,100,2023
16,519293,"Smith, Will",4/5/2023,718694,16,100,2023
16,595345,"Okert, Steven",5/28/2023,717984,16,100,2023
16,677053,"Nardi, Andrew",5/21/2023,718078,16,100,2023
16,543518,"McGough, Scott",4/8/2023,718656,16,100,2023
16,544727,"Familia, Jeurys",4/5/2023,718689,16,100,2023
16,571670,"Floro, Dylan",4/5/2023,718701,16,100,2023
16,489446,"Yates, Kirby",4/4/2023,718711,16,100,2023
16,656257,"Brigham, Jeff",5/9/2023,718243,16,100,2023
16,657612,"Hill, Tim",5/23/2023,718064,16,100,2023
16,592741,"Shreve, Chasen",5/24/2023,718039,16,100,2023
16,622259,"Wingenter, Trey",4/9/2023,718654,16,100,2023
16,595345,"Okert, Steven",5/22/2023,718069,16,100,2023
16,605177,"Chafin, Andrew",5/28/2023,717981,16,100,2023
16,600917,"Leclerc, José",5/24/2023,718045,16,100,2023
16,642528,"Loáisiga, Jonathan",4/5/2023,718699,16,100,2023
16,647315,"Pop, Zach",4/8/2023,718657,16,100,2023
16,650556,"Abreu, Bryan",4/5/2023,718696,16,100,2023
16,606149,"Gallegos, Giovanny",5/22/2023,718071,16,100,2023
16,608638,"Chargois, JT",4/3/2023,718729,16,100,2023
16,662253,"Muñoz, Andrés",4/5/2023,718691,16,100,2023
16,660813,"Graterol, Brusdar",4/8/2023,718656,16,100,2023
16,621016,"Cuas, Jose",4/3/2023,718719,16,100,2023
16,518397,"Alexander, Scott",5/30/2023,717972,16,100,2023
16,607481,"Bummer, Aaron",5/4/2023,718310,16,100,2023
16,622772,"Cordero, Jimmy",4/2/2023,718747,16,100,2023
16,672578,"Hernández, Carlos",4/9/2023,718643,16,100,2023
16,672841,"Vargas, Carlos",4/9/2023,718639,16,100,2023
16,605447,"Romano, Jordan",5/28/2023,717988,16,100,2023
16,621057,"Garza, Justin",5/24/2023,718034,16,100,2023
16,489446,"Yates, Kirby",5/5/2023,718298,16,100,2023
16,622065,"Young, Alex",5/22/2023,718071,16,100,2023
16,641729,"Jiménez, Joe",4/4/2023,718711,16,100,2023
16,543518,"McGough, Scott",5/6/2023,718282,16,100,2023
16,641941,"Pagán, Emilio",4/2/2023,718745,16,100,2023
16,571882,"Law, Derek",5/3/2023,718330,16,100,2023
16,592779,"Stewart, Brock",5/4/2023,718310,16,100,2023
16,596112,"Stephenson, Robert",5/4/2023,718309,16,100,2023
16,622554,"Domínguez, Seranthony",5/31/2023,717944,16,100,2023
16,650556,"Abreu, Bryan",4/3/2023,718723,16,100,2023
16,607481,"Bummer, Aaron",5/3/2023,718322,16,100,2023
16,623474,"Herget, Jimmy",3/30/2023,718769,16,100,2023
16,621051,"Wilson, Steven",5/6/2023,718279,16,100,2023
16,621363,"Poche, Colin",5/5/2023,718300,16,100,2023
16,600921,"Machado, Andrés",5/3/2023,718333,16,100,2023
16,664776,"Cousins, Jake",5/30/2023,717965,16,100,2023
16,669212,"Morgan, Eli",5/8/2023,718261,16,100,2023
16,641627,"Gott, Trevor",5/5/2023,718297,16,100,2023
16,641656,"Hamilton, Ian",5/3/2023,718324,16,100,2023
16,643410,"Leiter Jr., Mark",5/3/2023,718333,16,100,2023
16,650556,"Abreu, Bryan",5/3/2023,718326,16,100,2023
16,664875,"Lawrence, Justin",5/5/2023,718302,16,100,2023
16,657031,"Taylor, Josh",5/6/2023,718280,16,100,2023
16,664199,"Clarke, Taylor",4/1/2023,718751,16,100,2023
16,593576,"Neris, Héctor",5/6/2023,718274,16,100,2023
16,572403,"VerHagen, Drew",3/30/2023,718772,16,100,2023
16,642585,"Bautista, Félix",5/24/2023,718040,16,100,2023
16,664854,"Helsley, Ryan",5/5/2023,718292,16,100,2023
16,665625,"Peguero, Elvis",5/3/2023,718315,16,100,2023
16,666720,"Rodríguez, Yerry",5/3/2023,718325,16,100,2023
16,666808,"Doval, Camilo",5/3/2023,718326,16,100,2023
16,669395,"Coleman, Dylan",4/2/2023,718745,16,100,2023
16,669276,"Lee, Dylan",5/3/2023,718321,16,100,2023
16,670167,"Schreiber, John",5/4/2023,718316,16,100,2023
16,672335,"Pérez, Cionel",5/6/2023,718283,16,100,2023
16,453268,"Bard, Daniel",5/8/2023,718258,16,100,2023
16,677161,"Kelly, Zack",4/1/2023,718761,16,100,2023
16,541640,"Ramírez, Erasmo",5/7/2023,718263,16,100,2023
16,682120,"Herrin, Tim",4/3/2023,718721,16,100,2023
16,680704,"Sandlin, Nick",4/2/2023,718735,16,100,2023
16,502085,"Robertson, David",3/30/2023,718774,16,100,2023
16,622554,"Domínguez, Seranthony",5/25/2023,718026,16,100,2023
16,488984,"Hunter, Tommy",4/21/2023,718480,16,100,2023
16,542585,"Cisnero, José",4/21/2023,718495,16,100,2023
16,544727,"Familia, Jeurys",4/21/2023,718490,16,100,2023
16,606160,"Montero, Rafael",5/8/2023,718254,16,100,2023
16,571948,"Milner, Hoby",4/18/2023,718517,16,100,2023
16,640451,"Harvey, Hunter",5/7/2023,718263,16,100,2023
16,670059,"Holderman, Colin",5/30/2023,717972,16,100,2023
16,661395,"Duran, Jhoan",5/4/2023,718310,16,100,2023
16,642770,"Guerra, Javy",5/10/2023,718227,16,100,2023
16,657024,"Swanson, Erik",5/10/2023,718233,16,100,2023
16,605347,"López, Jorge",4/21/2023,718482,16,100,2023
16,656546,"Hoffman, Jeff",5/22/2023,718073,16,100,2023
16,621381,"Strahm, Matt",3/30/2023,718779,16,100,2023
16,660813,"Graterol, Brusdar",5/6/2023,718279,16,100,2023
16,607237,"Garrett, Amir",4/21/2023,718485,16,100,2023
16,607237,"Garrett, Amir",4/18/2023,718522,16,100,2023
16,664849,"Young, Danny",5/10/2023,718220,16,100,2023
16,665625,"Peguero, Elvis",5/8/2023,718257,16,100,2023
16,641729,"Jiménez, Joe",4/9/2023,718648,16,100,2023
16,623437,"Topa, Justin",5/28/2023,717983,16,100,2023
16,493603,"Ottavino, Adam",4/25/2023,718431,16,100,2023
16,623352,"Hader, Josh",4/22/2023,718467,16,100,2023
16,623433,"Anderson, Nick",4/18/2023,718519,16,100,2023
16,625643,"López, Reynaldo",4/22/2023,718477,16,100,2023
16,641401,"Brogdon, Connor",4/20/2023,718498,16,100,2023
16,640462,"Puk, A.J.",5/10/2023,718226,16,100,2023
16,472610,"García, Luis",4/13/2023,718589,16,100,2023
16,519043,"Moore, Matt",4/22/2023,718466,16,100,2023
16,642585,"Bautista, Félix",4/23/2023,718459,16,100,2023
16,656234,"Bird, Jake",4/22/2023,718475,16,100,2023
16,676534,"Faucher, Calvin",5/30/2023,717961,16,100,2023
16,572955,"Johnson, Pierce",4/24/2023,718448,16,100,2023
16,656945,"Scott, Tanner",4/19/2023,718511,16,100,2023
16,641729,"Jiménez, Joe",5/26/2023,718019,16,100,2023
16,657508,"Baumann, Mike",4/19/2023,718518,16,100,2023
16,659275,"Lamet, Dinelson",4/21/2023,718493,16,100,2023
16,519293,"Smith, Will",4/11/2023,718615,16,100,2023
16,605242,"Fulmer, Michael",4/27/2023,718406,16,100,2023
16,663385,"Smith, Chad",4/19/2023,718506,16,100,2023
16,664126,"Fairbanks, Pete",4/22/2023,718477,16,100,2023
16,543056,"Coulombe, Danny",4/11/2023,718618,16,100,2023
16,543518,"McGough, Scott",4/10/2023,718627,16,100,2023
16,571656,"Farmer, Buck",5/31/2023,717948,16,100,2023
16,668868,"Thompson, Zack",4/22/2023,718464,16,100,2023
16,669276,"Lee, Dylan",4/19/2023,718507,16,100,2023
16,666619,"Santos, Gregory",4/18/2023,718525,16,100,2023
16,622075,"Almonte, Yency",4/25/2023,718432,16,100,2023
16,670167,"Schreiber, John",4/23/2023,718461,16,100,2023
16,623437,"Topa, Justin",4/26/2023,718415,16,100,2023
16,671345,"Foley, Jason",4/21/2023,718495,16,100,2023
16,663855,"Hicks, Jordan",4/18/2023,718527,16,100,2023
16,672335,"Pérez, Cionel",4/19/2023,718518,16,100,2023
16,625643,"López, Reynaldo",4/27/2023,718396,16,100,2023
16,687330,"Kelly, Kevin",5/31/2023,717950,16,100,2023
16,641302,"Alexander, Tyler",4/27/2023,718405,16,100,2023
16,572403,"VerHagen, Drew",4/12/2023,718607,16,100,2023
16,680704,"Sandlin, Nick",4/22/2023,718473,16,100,2023
16,641420,"Burdi, Zack",4/26/2023,718414,16,100,2023
16,641360,"Bickford, Phil",5/8/2023,718257,16,100,2023
16,656464,"Ginkel, Kevin",4/23/2023,718456,16,100,2023
16,643410,"Leiter Jr., Mark",5/27/2023,718007,16,100,2023
16,643511,"Rogers, Tyler",5/27/2023,717999,16,100,2023
16,643511,"Rogers, Tyler",4/26/2023,718423,16,100,2023
16,571882,"Law, Derek",5/2/2023,718335,16,100,2023
16,650633,"King, Michael",4/23/2023,718465,16,100,2023
16,592773,"Stanek, Ryne",5/13/2023,718189,16,100,2023
16,605347,"López, Jorge",5/31/2023,717938,16,100,2023
16,595345,"Okert, Steven",4/29/2023,718375,16,100,2023
16,657024,"Swanson, Erik",4/26/2023,718420,16,100,2023
16,623352,"Hader, Josh",5/10/2023,718224,16,100,2023
16,605154,"Brebbia, John",4/30/2023,718368,16,100,2023
16,623167,"Flexen, Chris",5/10/2023,718229,16,100,2023
16,605218,"Edwards Jr., Carl",5/2/2023,718344,16,100,2023
16,656257,"Brigham, Jeff",5/28/2023,717982,16,100,2023
16,641329,"Baker, Bryan",3/30/2023,718782,16,100,2023
16,605347,"López, Jorge",4/29/2023,718378,16,100,2023
16,656271,"Burke, Brock",5/29/2023,717979,16,100,2023
16,661395,"Duran, Jhoan",4/27/2023,718400,16,100,2023
16,663385,"Smith, Chad",4/27/2023,718402,16,100,2023
16,542585,"Cisnero, José",5/6/2023,718288,16,100,2023
16,488984,"Hunter, Tommy",5/28/2023,717982,16,100,2023
16,623437,"Topa, Justin",5/2/2023,718332,16,100,2023
16,642397,"Soto, Gregory",4/30/2023,718354,16,100,2023
16,643377,"Jax, Griffin",4/28/2023,718387,16,100,2023
16,660853,"De Los Santos, Enyel",5/10/2023,718234,16,100,2023
16,656222,"Beeks, Jalen",5/2/2023,718347,16,100,2023
16,656464,"Ginkel, Kevin",4/29/2023,718366,16,100,2023
16,657265,"Strzelecki, Peter",5/28/2023,717986,16,100,2023
16,670950,"Richards, Trevor",4/26/2023,718420,16,100,2023
16,657514,"Bernardino, Brennan",4/30/2023,718370,16,100,2023
16,660853,"De Los Santos, Enyel",4/29/2023,718385,16,100,2023
16,669424,"Lambert, Jimmy",5/24/2023,718048,16,100,2023
16,605154,"Brebbia, John",4/19/2023,718511,16,100,2023
16,666619,"Santos, Gregory",5/25/2023,718031,16,100,2023
16,547973,"Chapman, Aroldis",4/19/2023,718514,16,100,2023
16,664126,"Fairbanks, Pete",4/28/2023,718393,16,100,2023
16,670950,"Richards, Trevor",4/6/2023,718686,16,100,2023
16,664776,"Cousins, Jake",4/30/2023,718365,16,100,2023
16,608638,"Chargois, JT",4/8/2023,718661,16,100,2023
16,456713,"Bush, Matt",4/18/2023,718517,16,100,2023
16,472551,"Abad, Fernando",5/19/2023,718114,16,100,2023
16,493603,"Ottavino, Adam",5/19/2023,718119,16,100,2023
16,666619,"Santos, Gregory",5/2/2023,718340,16,100,2023
16,643256,"Cimber, Adam",5/30/2023,717965,16,100,2023
16,640448,"Finnegan, Kyle",4/10/2023,718631,16,100,2023
16,668984,"Legumina, Casey",4/29/2023,718377,16,100,2023
16,664942,"Naile, James",5/7/2023,718272,16,100,2023
16,518886,"Kimbrel, Craig",5/19/2023,718116,16,100,2023
16,541640,"Ramírez, Erasmo",5/18/2023,718130,16,100,2023
16,663485,"Sands, Cole",5/28/2023,717988,16,100,2023
16,670990,"Ramírez, Yohan",4/29/2023,718399,16,100,2023
16,670810,"Gillaspie, Logan",4/4/2023,718709,16,100,2023
16,643511,"Rogers, Tyler",5/22/2023,718067,16,100,2023
16,666374,"Brash, Matt",5/3/2023,718319,16,100,2023
16,672578,"Hernández, Carlos",5/24/2023,718039,16,100,2023
16,542585,"Cisnero, José",5/28/2023,717989,16,100,2023
16,493603,"Ottavino, Adam",5/16/2023,718150,16,100,2023
16,670810,"Gillaspie, Logan",4/7/2023,718688,16,100,2023
16,641871,"Middleton, Keynan",4/11/2023,718616,16,100,2023
16,542914,"Bass, Anthony",5/16/2023,718157,16,100,2023
16,642207,"Williams, Devin",4/13/2023,718589,16,100,2023
16,543056,"Coulombe, Danny",5/15/2023,718171,16,100,2023
16,543351,"Jackson, Jay",5/14/2023,718181,16,100,2023
16,657571,"Ferguson, Caleb",5/12/2023,718201,16,100,2023
16,571479,"Bellatti, Andrew",5/15/2023,718170,16,100,2023
16,571656,"Farmer, Buck",5/15/2023,718161,16,100,2023
16,643410,"Leiter Jr., Mark",5/5/2023,718303,16,100,2023
16,573124,"Rogers, Taylor",5/15/2023,718170,16,100,2023
16,642585,"Bautista, Félix",4/10/2023,718635,16,100,2023
16,592773,"Stanek, Ryne",5/15/2023,718158,16,100,2023
16,663986,"Stephan, Trevor",5/29/2023,717974,16,100,2023
16,657571,"Ferguson, Caleb",4/2/2023,718736,16,100,2023
16,595345,"Okert, Steven",5/16/2023,718153,16,100,2023
16,600917,"Leclerc, José",5/14/2023,718172,16,100,2023
16,543507,"May, Trevor",5/27/2023,718003,16,100,2023
16,605280,"Holmes, Clay",5/16/2023,718157,16,100,2023
16,596112,"Stephenson, Robert",5/21/2023,718091,16,100,2023
16,664139,"Gibaut, Ian",5/27/2023,718007,16,100,2023
16,608371,"Sims, Lucas",5/15/2023,718161,16,100,2023
16,608723,"Voth, Austin",5/15/2023,718171,16,100,2023
16,605347,"López, Jorge",5/4/2023,718310,16,100,2023
16,642207,"Williams, Devin",4/1/2023,718758,16,100,2023
16,623211,"Brazobán, Huascar",5/16/2023,718153,16,100,2023
16,605280,"Holmes, Clay",5/20/2023,718095,16,100,2023
16,606965,"Devenski, Chris",5/18/2023,718128,16,100,2023
16,641793,"Littell, Zack",5/16/2023,718150,16,100,2023
16,641835,"Mayza, Tim",5/15/2023,718164,16,100,2023
16,657024,"Swanson, Erik",4/11/2023,718622,16,100,2023
16,608032,"Estévez, Carlos",5/18/2023,718128,16,100,2023
16,650556,"Abreu, Bryan",5/14/2023,718176,16,100,2023
16,543351,"Jackson, Jay",5/6/2023,718286,16,100,2023
16,656546,"Hoffman, Jeff",5/13/2023,718188,16,100,2023
16,657508,"Baumann, Mike",4/1/2023,718761,16,100,2023
16,663992,"Lovelady, Richard",5/16/2023,718146,16,100,2023
16,622554,"Domínguez, Seranthony",5/21/2023,718088,16,100,2023
16,623352,"Hader, Josh",4/1/2023,718750,16,100,2023
16,665001,"Kelley, Trevor",5/14/2023,718180,16,100,2023
16,623433,"Anderson, Nick",5/21/2023,718090,16,100,2023
16,670280,"Bednar, David",5/14/2023,718179,16,100,2023
16,628452,"Iglesias, Raisel",5/17/2023,718126,16,100,2023
16,664854,"Helsley, Ryan",4/9/2023,718650,16,100,2023
16,608665,"Graveman, Kendall",4/2/2023,718740,16,100,2023
16,672578,"Hernández, Carlos",5/14/2023,718177,16,100,2023
16,640470,"Alzolay, Adbert",5/21/2023,718088,16,100,2023
16,676714,"Hughes, Brandon",5/13/2023,718195,16,100,2023
16,641302,"Alexander, Tyler",5/21/2023,718089,16,100,2023
16,677865,"Bruihl, Justin",5/14/2023,718168,16,100,2023
16,668674,"Erceg, Lucas",5/26/2023,718009,16,100,2023
16,445926,"Chavez, Jesse",4/17/2023,718533,16,100,2023
16,657265,"Strzelecki, Peter",4/4/2023,718712,16,100,2023
16,641329,"Baker, Bryan",4/5/2023,718694,16,100,2023
16,502202,"Boxberger, Brad",4/16/2023,718547,16,100,2023
16,518397,"Alexander, Scott",4/14/2023,718585,16,100,2023
16,669211,"Akin, Keegan",5/29/2023,717974,16,100,2023
16,519293,"Smith, Will",4/14/2023,718581,16,100,2023
16,605280,"Holmes, Clay",4/5/2023,718699,16,100,2023
16,669212,"Morgan, Eli",5/28/2023,717993,16,100,2023
16,642585,"Bautista, Félix",5/17/2023,718137,16,100,2023
16,592741,"Shreve, Chasen",4/15/2023,718571,16,100,2023
16,593619,"Tapia, Domingo",4/15/2023,718560,16,100,2023
16,598264,"Barnes, Matt",5/27/2023,717998,16,100,2023
16,656061,"Abreu, Albert",5/18/2023,718121,16,100,2023
16,605130,"Barlow, Scott",4/16/2023,718551,16,100,2023
16,605242,"Fulmer, Michael",4/16/2023,718547,16,100,2023
16,605242,"Fulmer, Michael",4/15/2023,718564,16,100,2023
16,657097,"Webb, Jacob",5/31/2023,717943,16,100,2023
16,592254,"De León, José",5/31/2023,717938,16,100,2023
16,657024,"Swanson, Erik",5/20/2023,718102,16,100,2023
16,670059,"Holderman, Colin",4/11/2023,718623,16,100,2023
16,445276,"Jansen, Kenley",4/6/2023,718690,16,100,2023
16,623149,"Sewald, Paul",4/16/2023,718545,16,100,2023
16,623433,"Anderson, Nick",4/15/2023,718563,16,100,2023
16,657571,"Ferguson, Caleb",5/19/2023,718113,16,100,2023
16,640444,"Crowe, Wil",4/16/2023,718548,16,100,2023
16,676684,"Vest, Will",5/28/2023,717989,16,100,2023
16,660813,"Graterol, Brusdar",5/17/2023,718136,16,100,2023
16,641729,"Jiménez, Joe",4/14/2023,718579,16,100,2023
16,641871,"Middleton, Keynan",4/15/2023,718570,16,100,2023
16,657024,"Swanson, Erik",4/14/2023,718587,16,100,2023
16,664208,"Maton, Phil",5/19/2023,718112,16,100,2023
16,659275,"Lamet, Dinelson",4/16/2023,718545,16,100,2023
16,656638,"Lange, Alex",4/3/2023,718723,16,100,2023
16,502085,"Robertson, David",5/30/2023,717962,16,100,2023
16,661527,"Martinez, Seth",4/17/2023,718537,16,100,2023
16,663855,"Hicks, Jordan",4/15/2023,718568,16,100,2023
16,666619,"Santos, Gregory",5/18/2023,718125,16,100,2023
16,663986,"Stephan, Trevor",4/14/2023,718592,16,100,2023
16,657612,"Hill, Tim",5/30/2023,717963,16,100,2023
15,664208,"Maton, Phil",5/15/2023,718158,15,100,2023
15,669276,"Lee, Dylan",4/14/2023,718579,15,100,2023
15,664139,"Gibaut, Ian",5/16/2023,718145,15,100,2023
15,548384,"Raley, Brooks",4/8/2023,718661,15,100,2023
15,445926,"Chavez, Jesse",4/4/2023,718711,15,100,2023
15,681806,"Wantz, Andrew",4/16/2023,718559,15,100,2023
15,670280,"Bednar, David",4/16/2023,718548,15,100,2023
15,543507,"May, Trevor",5/23/2023,718050,15,100,2023
15,671345,"Foley, Jason",4/15/2023,718571,15,100,2023
15,672391,"Ort, Kaleb",4/16/2023,718559,15,100,2023
15,669618,"Barlow, Joe",5/21/2023,718076,15,100,2023
15,676979,"Crochet, Garrett",5/20/2023,718104,15,100,2023
15,455119,"Martin, Chris",4/6/2023,718690,15,100,2023
15,456713,"Bush, Matt",4/5/2023,718698,15,100,2023
15,676701,"Trejo, Alan",5/21/2023,718076,15,100,2023
15,680704,"Sandlin, Nick",5/18/2023,718125,15,100,2023
15,453178,"Kennedy, Ian",4/3/2023,718726,15,100,2023
15,593974,"Peralta, Wandy",4/7/2023,718688,15,100,2023
15,518489,"Brasier, Ryan",4/4/2023,718713,15,100,2023
15,571946,"Miller, Shelby",5/24/2023,718042,15,100,2023
15,519293,"Smith, Will",4/2/2023,718739,15,100,2023
15,657265,"Strzelecki, Peter",5/12/2023,718204,15,100,2023
15,607481,"Bummer, Aaron",4/5/2023,718695,15,100,2023
15,607481,"Bummer, Aaron",4/8/2023,718662,15,100,2023
15,543056,"Coulombe, Danny",4/1/2023,718761,15,100,2023
15,573124,"Rogers, Taylor",5/25/2023,718028,15,100,2023
15,623437,"Topa, Justin",4/9/2023,718646,15,100,2023
15,623465,"Phillips, Evan",4/6/2023,718683,15,100,2023
15,642207,"Williams, Devin",5/10/2023,718228,15,100,2023
15,592741,"Shreve, Chasen",4/2/2023,718742,15,100,2023
15,598286,"Ramirez, Nick",5/25/2023,718029,15,100,2023
15,623352,"Hader, Josh",5/26/2023,718023,15,100,2023
15,642545,"Barria, Jaime",4/8/2023,718657,15,100,2023
15,605177,"Chafin, Andrew",4/2/2023,718736,15,100,2023
15,608665,"Graveman, Kendall",3/31/2023,718764,15,100,2023
15,660853,"De Los Santos, Enyel",4/8/2023,718663,15,100,2023
15,661403,"Clase, Emmanuel",4/5/2023,718689,15,100,2023
15,677053,"Nardi, Andrew",5/23/2023,718051,15,100,2023
15,607237,"Garrett, Amir",5/22/2023,718066,15,100,2023
15,621249,"Underwood Jr., Duane",4/2/2023,718744,15,100,2023
15,622259,"Wingenter, Trey",4/4/2023,718705,15,100,2023
15,671345,"Foley, Jason",4/9/2023,718654,15,100,2023
15,681911,"Vesia, Alex",4/6/2023,718683,15,100,2023
15,662253,"Muñoz, Andrés",3/30/2023,718767,15,100,2023
15,641360,"Bickford, Phil",4/4/2023,718703,15,100,2023
15,641627,"Gott, Trevor",4/4/2023,718706,15,100,2023
15,542585,"Cisnero, José",5/5/2023,718292,15,100,2023
15,622251,"Staumont, Josh",5/28/2023,717985,15,100,2023
15,572403,"VerHagen, Drew",5/6/2023,718288,15,100,2023
15,572955,"Johnson, Pierce",5/6/2023,718290,15,100,2023
15,642397,"Soto, Gregory",4/2/2023,718739,15,100,2023
15,642585,"Bautista, Félix",5/23/2023,718058,15,100,2023
15,622772,"Cordero, Jimmy",5/25/2023,718029,15,100,2023
15,642585,"Bautista, Félix",4/1/2023,718761,15,100,2023
15,623149,"Sewald, Paul",5/23/2023,718050,15,100,2023
15,605177,"Chafin, Andrew",5/6/2023,718282,15,100,2023
15,605177,"Chafin, Andrew",5/5/2023,718296,15,100,2023
15,605218,"Edwards Jr., Carl",5/3/2023,718333,15,100,2023
15,650895,"Castillo, Diego",4/1/2023,718746,15,100,2023
15,663855,"Hicks, Jordan",5/22/2023,718071,15,100,2023
15,622065,"Young, Alex",5/3/2023,718330,15,100,2023
15,623437,"Topa, Justin",5/4/2023,718304,15,100,2023
15,641835,"Mayza, Tim",5/6/2023,718286,15,100,2023
15,641627,"Gott, Trevor",5/23/2023,718050,15,100,2023
15,643377,"Jax, Griffin",5/3/2023,718322,15,100,2023
15,663558,"Moran, Jovani",4/4/2023,718714,15,100,2023
15,650633,"King, Michael",5/5/2023,718300,15,100,2023
15,641729,"Jiménez, Joe",5/22/2023,718074,15,100,2023
15,641703,"Honeywell, Brent",5/11/2023,718216,15,100,2023
15,660853,"De Los Santos, Enyel",5/5/2023,718306,15,100,2023
15,663558,"Moran, Jovani",5/4/2023,718310,15,100,2023
15,681402,"Varland, Gus",4/15/2023,718560,15,100,2023
15,669674,"Long, Sam",5/19/2023,718112,15,100,2023
15,669796,"Hernandez, Jose E.",4/1/2023,718756,15,100,2023
15,677053,"Nardi, Andrew",5/6/2023,718289,15,100,2023
15,642239,"Zastryzny, Rob",3/30/2023,718773,15,100,2023
15,445276,"Jansen, Kenley",5/10/2023,718220,15,100,2023
15,445926,"Chavez, Jesse",5/10/2023,718220,15,100,2023
15,669060,"Wilson, Bryse",5/30/2023,717965,15,100,2023
15,455119,"Martin, Chris",5/10/2023,718220,15,100,2023
15,664139,"Gibaut, Ian",3/30/2023,718773,15,100,2023
15,676760,"Marinaccio, Ron",4/2/2023,718747,15,100,2023
15,519293,"Smith, Will",5/8/2023,718251,15,100,2023
15,542947,"Bleier, Richard",5/12/2023,718211,15,100,2023
15,592094,"Adam, Jason",5/8/2023,718259,15,100,2023
15,593576,"Neris, Héctor",5/8/2023,718254,15,100,2023
15,489446,"Yates, Kirby",4/18/2023,718519,15,100,2023
15,669424,"Lambert, Jimmy",5/7/2023,718262,15,100,2023
15,656945,"Scott, Tanner",3/30/2023,718774,15,100,2023
15,600921,"Machado, Andrés",5/8/2023,718260,15,100,2023
15,605280,"Holmes, Clay",5/12/2023,718210,15,100,2023
15,621016,"Cuas, Jose",3/30/2023,718775,15,100,2023
15,643256,"Cimber, Adam",4/8/2023,718657,15,100,2023
15,607237,"Garrett, Amir",5/10/2023,718222,15,100,2023
15,672578,"Hernández, Carlos",3/30/2023,718775,15,100,2023
15,592094,"Adam, Jason",3/30/2023,718776,15,100,2023
15,612434,"Castro, Miguel",5/12/2023,718199,15,100,2023
15,554340,"García, Yimi",4/22/2023,718476,15,100,2023
15,571946,"Miller, Shelby",4/22/2023,718479,15,100,2023
15,624647,"González, Victor",5/7/2023,718266,15,100,2023
15,605242,"Fulmer, Michael",3/30/2023,718777,15,100,2023
15,573009,"Mantiply, Joe",4/21/2023,718484,15,100,2023
15,595345,"Okert, Steven",4/22/2023,718473,15,100,2023
15,650556,"Abreu, Bryan",5/7/2023,718265,15,100,2023
15,656061,"Abreu, Albert",5/9/2023,718247,15,100,2023
15,670280,"Bednar, David",5/30/2023,717972,15,100,2023
15,502202,"Boxberger, Brad",5/8/2023,718256,15,100,2023
15,605447,"Romano, Jordan",4/18/2023,718520,15,100,2023
15,605612,"Castro, Harold",4/19/2023,718509,15,100,2023
15,670712,"Brosseau, Mike",5/22/2023,718068,15,100,2023
15,676534,"Faucher, Calvin",5/25/2023,718032,15,100,2023
15,608718,"Suter, Brent",4/23/2023,718458,15,100,2023
15,666619,"Santos, Gregory",5/11/2023,718218,15,100,2023
15,676760,"Marinaccio, Ron",5/11/2023,718219,15,100,2023
15,608371,"Sims, Lucas",4/22/2023,718474,15,100,2023
15,686972,"Waites, Cole",5/10/2023,718230,15,100,2023
15,455119,"Martin, Chris",3/30/2023,718782,15,100,2023
15,488984,"Hunter, Tommy",4/25/2023,718431,15,100,2023
15,623149,"Sewald, Paul",4/18/2023,718517,15,100,2023
15,670174,"Winckowski, Josh",3/30/2023,718782,15,100,2023
15,642546,"Hernández, Jonathan",4/19/2023,718514,15,100,2023
15,596112,"Stephenson, Robert",5/31/2023,717953,15,100,2023
15,489446,"Yates, Kirby",4/12/2023,718601,15,100,2023
15,650556,"Abreu, Bryan",4/22/2023,718471,15,100,2023
15,571901,"Loup, Aaron",4/25/2023,718425,15,100,2023
15,656464,"Ginkel, Kevin",4/22/2023,718467,15,100,2023
15,657031,"Taylor, Josh",4/23/2023,718452,15,100,2023
15,640470,"Alzolay, Adbert",5/31/2023,717950,15,100,2023
15,605218,"Edwards Jr., Carl",4/26/2023,718412,15,100,2023
15,625643,"López, Reynaldo",5/11/2023,718218,15,100,2023
15,663992,"Lovelady, Richard",4/18/2023,718523,15,100,2023
15,607755,"Vasquez, Andrew",4/25/2023,718430,15,100,2023
15,677865,"Bruihl, Justin",5/30/2023,717957,15,100,2023
15,665665,"Sanmartin, Reiver",4/23/2023,718463,15,100,2023
15,665665,"Sanmartin, Reiver",4/21/2023,718492,15,100,2023
15,605347,"López, Jorge",5/11/2023,718216,15,100,2023
15,548384,"Raley, Brooks",4/11/2023,718621,15,100,2023
15,548384,"Raley, Brooks",4/12/2023,718610,15,100,2023
15,669711,"Weissert, Greg",4/20/2023,718496,15,100,2023
15,571670,"Floro, Dylan",4/12/2023,718609,15,100,2023
15,642545,"Barria, Jaime",5/27/2023,717998,15,100,2023
15,672391,"Ort, Kaleb",4/19/2023,718505,15,100,2023
15,571948,"Milner, Hoby",4/12/2023,718598,15,100,2023
15,666374,"Brash, Matt",4/18/2023,718517,15,100,2023
15,642585,"Bautista, Félix",5/28/2023,717990,15,100,2023
15,680704,"Sandlin, Nick",4/18/2023,718530,15,100,2023
15,641360,"Bickford, Phil",4/27/2023,718403,15,100,2023
15,641627,"Gott, Trevor",4/26/2023,718415,15,100,2023
15,664208,"Maton, Phil",4/23/2023,718462,15,100,2023
15,592094,"Adam, Jason",4/12/2023,718600,15,100,2023
15,592741,"Shreve, Chasen",4/12/2023,718603,15,100,2023
15,542914,"Bass, Anthony",4/30/2023,718363,15,100,2023
15,542947,"Bleier, Richard",4/29/2023,718385,15,100,2023
15,628452,"Iglesias, Raisel",5/7/2023,718277,15,100,2023
15,571656,"Farmer, Buck",4/28/2023,718380,15,100,2023
15,647315,"Pop, Zach",4/24/2023,718444,15,100,2023
15,642397,"Soto, Gregory",5/9/2023,718244,15,100,2023
15,656234,"Bird, Jake",4/26/2023,718421,15,100,2023
15,548384,"Raley, Brooks",4/27/2023,718398,15,100,2023
15,656234,"Bird, Jake",4/24/2023,718448,15,100,2023
15,605218,"Edwards Jr., Carl",4/10/2023,718631,15,100,2023
15,605130,"Barlow, Scott",4/29/2023,718378,15,100,2023
15,605347,"López, Jorge",5/2/2023,718340,15,100,2023
15,543056,"Coulombe, Danny",4/26/2023,718416,15,100,2023
15,661395,"Duran, Jhoan",4/25/2023,718427,15,100,2023
15,489446,"Yates, Kirby",5/27/2023,717997,15,100,2023
15,607237,"Garrett, Amir",4/11/2023,718615,15,100,2023
15,608032,"Estévez, Carlos",5/2/2023,718338,15,100,2023
15,606303,"Payamps, Joel",4/13/2023,718589,15,100,2023
15,607481,"Bummer, Aaron",4/12/2023,718605,15,100,2023
15,676684,"Vest, Will",5/24/2023,718039,15,100,2023
15,621016,"Cuas, Jose",4/29/2023,718378,15,100,2023
15,607481,"Bummer, Aaron",4/10/2023,718640,15,100,2023
15,664747,"Díaz, Alexis",5/12/2023,718212,15,100,2023
15,621237,"Alvarado, José",4/21/2023,718493,15,100,2023
15,663986,"Stephan, Trevor",4/26/2023,718421,15,100,2023
15,621363,"Poche, Colin",4/28/2023,718393,15,100,2023
15,642207,"Williams, Devin",5/31/2023,717947,15,100,2023
15,605218,"Edwards Jr., Carl",4/18/2023,718531,15,100,2023
15,664139,"Gibaut, Ian",4/24/2023,718445,15,100,2023
15,608665,"Graveman, Kendall",4/10/2023,718640,15,100,2023
15,571710,"Givens, Mychal",5/31/2023,717946,15,100,2023
15,502085,"Robertson, David",5/26/2023,718016,15,100,2023
15,666168,"Thompson, Mason",4/27/2023,718398,15,100,2023
15,641627,"Gott, Trevor",4/28/2023,718392,15,100,2023
15,518585,"Cruz, Fernando",5/26/2023,718027,15,100,2023
15,641835,"Mayza, Tim",4/28/2023,718392,15,100,2023
15,657031,"Taylor, Josh",5/22/2023,718066,15,100,2023
15,606160,"Montero, Rafael",5/30/2023,717956,15,100,2023
15,642546,"Hernández, Jonathan",4/28/2023,718388,15,100,2023
15,519043,"Moore, Matt",5/8/2023,718254,15,100,2023
15,643377,"Jax, Griffin",4/29/2023,718378,15,100,2023
15,643511,"Rogers, Tyler",4/30/2023,718368,15,100,2023
15,664948,"Misiewicz, Anthony",5/12/2023,718199,15,100,2023
15,671345,"Foley, Jason",4/25/2023,718428,15,100,2023
15,676050,"Naughton, Packy",4/7/2023,718674,15,100,2023
15,622075,"Almonte, Yency",4/10/2023,718641,15,100,2023
15,657031,"Taylor, Josh",4/30/2023,718362,15,100,2023
15,675916,"Karinchak, James",4/25/2023,718440,15,100,2023
15,657265,"Strzelecki, Peter",4/28/2023,718386,15,100,2023
15,622098,"Smith, Drew",4/10/2023,718634,15,100,2023
15,676714,"Hughes, Brandon",4/26/2023,718407,15,100,2023
15,593974,"Peralta, Wandy",5/12/2023,718210,15,100,2023
15,675916,"Karinchak, James",4/9/2023,718646,15,100,2023
15,677053,"Nardi, Andrew",4/25/2023,718429,15,100,2023
15,663855,"Hicks, Jordan",4/29/2023,718369,15,100,2023
15,607259,"Martinez, Nick",5/31/2023,717945,15,100,2023
15,543272,"Hand, Brad",5/10/2023,718231,15,100,2023
15,664875,"Lawrence, Justin",4/28/2023,718390,15,100,2023
15,666808,"Doval, Camilo",5/2/2023,718337,15,100,2023
15,518489,"Brasier, Ryan",5/7/2023,718270,15,100,2023
15,493603,"Ottavino, Adam",5/21/2023,718099,15,100,2023
15,669212,"Morgan, Eli",5/2/2023,718339,15,100,2023
15,519043,"Moore, Matt",5/19/2023,718106,15,100,2023
15,670167,"Schreiber, John",4/29/2023,718385,15,100,2023
15,670990,"Ramírez, Yohan",5/2/2023,718347,15,100,2023
15,672578,"Hernández, Carlos",4/30/2023,718362,15,100,2023
15,656234,"Bird, Jake",5/23/2023,718051,15,100,2023
15,641401,"Brogdon, Connor",4/11/2023,718619,15,100,2023
15,677053,"Nardi, Andrew",5/2/2023,718346,15,100,2023
15,681217,"Silseth, Chase",4/30/2023,718365,15,100,2023
15,548384,"Raley, Brooks",5/18/2023,718122,15,100,2023
15,622065,"Young, Alex",4/20/2023,718500,15,100,2023
15,518617,"Diekman, Jake",5/16/2023,718150,15,100,2023
15,542585,"Cisnero, José",5/14/2023,718173,15,100,2023
15,571670,"Floro, Dylan",5/18/2023,718130,15,100,2023
15,663992,"Lovelady, Richard",5/6/2023,718280,15,100,2023
15,650895,"Castillo, Diego",4/9/2023,718646,15,100,2023
15,642232,"Yarbrough, Ryan",4/12/2023,718595,15,100,2023
15,543272,"Hand, Brad",5/15/2023,718161,15,100,2023
15,593974,"Peralta, Wandy",5/19/2023,718120,15,100,2023
15,605218,"Edwards Jr., Carl",5/15/2023,718167,15,100,2023
15,623149,"Sewald, Paul",5/28/2023,717983,15,100,2023
15,605242,"Fulmer, Michael",5/14/2023,718175,15,100,2023
15,596001,"Junis, Jakob",5/21/2023,718078,15,100,2023
15,596001,"Junis, Jakob",5/20/2023,718103,15,100,2023
15,622251,"Staumont, Josh",5/4/2023,718312,15,100,2023
15,623465,"Phillips, Evan",5/22/2023,718074,15,100,2023
15,605447,"Romano, Jordan",5/13/2023,718192,15,100,2023
15,643410,"Leiter Jr., Mark",4/11/2023,718617,15,100,2023
15,596112,"Stephenson, Robert",5/17/2023,718142,15,100,2023
15,643511,"Rogers, Tyler",4/11/2023,718624,15,100,2023
15,642770,"Guerra, Javy",4/2/2023,718738,15,100,2023
15,608678,"Leone, Dominic",5/16/2023,718150,15,100,2023
15,612434,"Castro, Miguel",5/15/2023,718160,15,100,2023
15,650671,"Quijada, José",4/11/2023,718614,15,100,2023
15,621074,"Rucker, Michael",5/13/2023,718195,15,100,2023
15,622250,"Sborz, Josh",5/16/2023,718148,15,100,2023
15,623211,"Brazobán, Huascar",5/14/2023,718178,15,100,2023
15,670167,"Schreiber, John",5/6/2023,718284,15,100,2023
15,656578,"Jackson, Andre",4/10/2023,718641,15,100,2023
15,543272,"Hand, Brad",4/23/2023,718458,15,100,2023
15,489446,"Yates, Kirby",5/22/2023,718074,15,100,2023
15,573124,"Rogers, Taylor",5/30/2023,717972,15,100,2023
15,607481,"Bummer, Aaron",5/21/2023,718084,15,100,2023
15,657044,"Thompson, Ryan",4/12/2023,718600,15,100,2023
15,656257,"Brigham, Jeff",5/14/2023,718186,15,100,2023
15,657240,"Merryweather, Julian",5/16/2023,718152,15,100,2023
15,663986,"Stephan, Trevor",5/12/2023,718205,15,100,2023
15,660813,"Graterol, Brusdar",5/13/2023,718185,15,100,2023
15,660896,"Alcala, Jorge",4/12/2023,718605,15,100,2023
15,663658,"Ward, Thaddeus",5/14/2023,718186,15,100,2023
15,661395,"Duran, Jhoan",4/12/2023,718605,15,100,2023
15,606303,"Payamps, Joel",5/28/2023,717986,15,100,2023
15,613534,"Adams, Austin",5/22/2023,718073,15,100,2023
15,608032,"Estévez, Carlos",4/3/2023,718720,15,100,2023
15,666374,"Brash, Matt",5/14/2023,718173,15,100,2023
15,666619,"Santos, Gregory",5/14/2023,718176,15,100,2023
15,666619,"Santos, Gregory",5/29/2023,717971,15,100,2023
15,623437,"Topa, Justin",5/20/2023,718094,15,100,2023
15,593643,"Alberto, Hanser",4/3/2023,718730,15,100,2023
15,666974,"Cano, Yennier",5/28/2023,717990,15,100,2023
15,571710,"Givens, Mychal",5/29/2023,717974,15,100,2023
15,641401,"Brogdon, Connor",5/20/2023,718097,15,100,2023
15,641835,"Mayza, Tim",5/17/2023,718134,15,100,2023
15,641401,"Brogdon, Connor",4/8/2023,718668,15,100,2023
15,543056,"Coulombe, Danny",4/15/2023,718570,15,100,2023
15,642048,"Saucedo, Tayler",5/19/2023,718110,15,100,2023
15,543507,"May, Trevor",4/15/2023,718565,15,100,2023
15,669424,"Lambert, Jimmy",5/26/2023,718021,15,100,2023
15,643511,"Rogers, Tyler",5/20/2023,718103,15,100,2023
15,605347,"López, Jorge",4/14/2023,718588,15,100,2023
15,669276,"Lee, Dylan",4/10/2023,718636,15,100,2023
15,606303,"Payamps, Joel",4/17/2023,718534,15,100,2023
15,571901,"Loup, Aaron",3/30/2023,718769,15,100,2023
15,605154,"Brebbia, John",4/6/2023,718687,15,100,2023
15,656353,"Davidson, Tucker",5/19/2023,718106,15,100,2023
15,669424,"Lambert, Jimmy",4/10/2023,718640,15,100,2023
15,608723,"Voth, Austin",4/16/2023,718553,15,100,2023
15,656529,"Hentges, Sam",5/19/2023,718119,15,100,2023
15,571901,"Loup, Aaron",4/9/2023,718644,15,100,2023
15,613564,"Vosler, Jason",4/16/2023,718554,15,100,2023
15,656945,"Scott, Tanner",5/20/2023,718103,15,100,2023
15,669796,"Hernandez, Jose E.",4/12/2023,718608,15,100,2023
15,622250,"Sborz, Josh",4/16/2023,718552,15,100,2023
15,622251,"Staumont, Josh",4/14/2023,718579,15,100,2023
15,657508,"Baumann, Mike",5/21/2023,718087,15,100,2023
15,625643,"López, Reynaldo",4/15/2023,718570,15,100,2023
15,641329,"Baker, Bryan",4/15/2023,718570,15,100,2023
15,657571,"Ferguson, Caleb",3/31/2023,718765,15,100,2023
15,671345,"Foley, Jason",4/13/2023,718593,15,100,2023
15,661403,"Clase, Emmanuel",5/18/2023,718125,15,100,2023
15,641941,"Pagán, Emilio",4/16/2023,718557,15,100,2023
15,642239,"Zastryzny, Rob",4/15/2023,718568,15,100,2023
15,663558,"Moran, Jovani",5/17/2023,718136,15,100,2023
15,642585,"Bautista, Félix",4/14/2023,718583,15,100,2023
15,642546,"Hernández, Jonathan",4/16/2023,718552,15,100,2023
15,647315,"Pop, Zach",4/17/2023,718537,15,100,2023
15,656814,"Ortiz, Luis F.",4/16/2023,718554,15,100,2023
15,664199,"Clarke, Taylor",5/17/2023,718140,15,100,2023
15,657508,"Baumann, Mike",4/14/2023,718583,15,100,2023
15,672335,"Pérez, Cionel",5/26/2023,718020,15,100,2023
15,680704,"Sandlin, Nick",4/12/2023,718604,15,100,2023
15,669796,"Hernandez, Jose E.",5/7/2023,718278,15,100,2023
15,664747,"Díaz, Alexis",5/20/2023,718095,15,100,2023
15,664875,"Lawrence, Justin",5/21/2023,718076,15,100,2023
14,656234,"Bird, Jake",4/9/2023,718645,14,100,2023
14,663773,"Hoeing, Bryan",5/30/2023,717963,14,100,2023
14,605280,"Holmes, Clay",4/3/2023,718725,14,100,2023
14,605447,"Romano, Jordan",4/4/2023,718708,14,100,2023
14,519043,"Moore, Matt",4/5/2023,718691,14,100,2023
14,677053,"Nardi, Andrew",5/17/2023,718132,14,100,2023
14,657571,"Ferguson, Caleb",5/31/2023,717954,14,100,2023
14,669796,"Hernandez, Jose E.",5/17/2023,718142,14,100,2023
14,680704,"Sandlin, Nick",4/16/2023,718555,14,100,2023
14,671345,"Foley, Jason",5/19/2023,718123,14,100,2023
14,493603,"Ottavino, Adam",4/7/2023,718693,14,100,2023
14,502202,"Boxberger, Brad",4/8/2023,718669,14,100,2023
14,445276,"Jansen, Kenley",5/24/2023,718034,14,100,2023
14,547973,"Chapman, Aroldis",4/8/2023,718672,14,100,2023
14,554340,"García, Yimi",4/7/2023,718670,14,100,2023
14,548384,"Raley, Brooks",5/24/2023,718038,14,100,2023
14,518397,"Alexander, Scott",4/2/2023,718747,14,100,2023
14,594580,"Moll, Sam",4/8/2023,718665,14,100,2023
14,598264,"Barnes, Matt",4/8/2023,718661,14,100,2023
14,605347,"López, Jorge",4/8/2023,718666,14,100,2023
14,605447,"Romano, Jordan",4/5/2023,718692,14,100,2023
14,607237,"Garrett, Amir",4/8/2023,718672,14,100,2023
14,621237,"Alvarado, José",4/7/2023,718685,14,100,2023
14,669276,"Lee, Dylan",3/30/2023,718780,14,100,2023
14,622772,"Cordero, Jimmy",4/7/2023,718688,14,100,2023
14,623149,"Sewald, Paul",4/7/2023,718677,14,100,2023
14,571948,"Milner, Hoby",4/4/2023,718712,14,100,2023
14,572403,"VerHagen, Drew",4/1/2023,718759,14,100,2023
14,641627,"Gott, Trevor",4/9/2023,718646,14,100,2023
14,672335,"Pérez, Cionel",4/15/2023,718570,14,100,2023
14,592741,"Shreve, Chasen",4/4/2023,718705,14,100,2023
14,642207,"Williams, Devin",4/9/2023,718650,14,100,2023
14,595928,"Curtiss, John",4/2/2023,718741,14,100,2023
14,643256,"Cimber, Adam",4/6/2023,718686,14,100,2023
14,621074,"Rucker, Michael",4/18/2023,718523,14,100,2023
14,643256,"Cimber, Adam",4/9/2023,718644,14,100,2023
14,650556,"Abreu, Bryan",4/7/2023,718684,14,100,2023
14,650895,"Castillo, Diego",4/5/2023,718691,14,100,2023
14,606303,"Payamps, Joel",5/23/2023,718056,14,100,2023
14,666374,"Brash, Matt",4/7/2023,718677,14,100,2023
14,666808,"Doval, Camilo",4/8/2023,718672,14,100,2023
14,622098,"Smith, Drew",4/1/2023,718755,14,100,2023
14,670036,"Festa, Matt",4/8/2023,718663,14,100,2023
14,670167,"Schreiber, John",4/9/2023,718654,14,100,2023
14,612434,"Castro, Miguel",5/22/2023,718073,14,100,2023
14,663992,"Lovelady, Richard",5/31/2023,717949,14,100,2023
14,680704,"Sandlin, Nick",4/7/2023,718677,14,100,2023
14,657612,"Hill, Tim",3/31/2023,718766,14,100,2023
14,445276,"Jansen, Kenley",5/6/2023,718284,14,100,2023
14,641401,"Brogdon, Connor",4/2/2023,718739,14,100,2023
14,543056,"Coulombe, Danny",5/6/2023,718283,14,100,2023
14,600917,"Leclerc, José",5/3/2023,718325,14,100,2023
14,623433,"Anderson, Nick",5/25/2023,718026,14,100,2023
14,623437,"Topa, Justin",5/23/2023,718050,14,100,2023
14,624647,"González, Victor",5/23/2023,718057,14,100,2023
14,622098,"Smith, Drew",5/5/2023,718302,14,100,2023
14,640451,"Harvey, Hunter",5/3/2023,718333,14,100,2023
14,608032,"Estévez, Carlos",5/27/2023,717998,14,100,2023
14,647315,"Pop, Zach",5/4/2023,718316,14,100,2023
14,641793,"Littell, Zack",5/22/2023,718077,14,100,2023
14,663992,"Lovelady, Richard",5/4/2023,718304,14,100,2023
14,643256,"Cimber, Adam",5/23/2023,718061,14,100,2023
14,669467,"Pallante, Andre",4/1/2023,718759,14,100,2023
14,670280,"Bednar, David",5/5/2023,718307,14,100,2023
14,623465,"Phillips, Evan",5/30/2023,717957,14,100,2023
14,518886,"Kimbrel, Craig",5/9/2023,718244,14,100,2023
14,681911,"Vesia, Alex",4/3/2023,718718,14,100,2023
14,660853,"De Los Santos, Enyel",5/23/2023,718063,14,100,2023
14,518397,"Alexander, Scott",4/22/2023,718478,14,100,2023
14,661403,"Clase, Emmanuel",5/22/2023,718072,14,100,2023
14,605242,"Fulmer, Michael",5/7/2023,718269,14,100,2023
14,605280,"Holmes, Clay",5/9/2023,718247,14,100,2023
14,621295,"Wittgren, Nick",5/26/2023,718014,14,100,2023
14,541640,"Ramírez, Erasmo",4/21/2023,718482,14,100,2023
14,608032,"Estévez, Carlos",5/8/2023,718254,14,100,2023
14,612434,"Castro, Miguel",5/10/2023,718226,14,100,2023
14,621345,"Minter, A.J.",5/10/2023,718220,14,100,2023
14,622554,"Domínguez, Seranthony",5/12/2023,718202,14,100,2023
14,493603,"Ottavino, Adam",5/12/2023,718214,14,100,2023
14,624522,"Thompson, Keegan",3/30/2023,718777,14,100,2023
14,642207,"Williams, Devin",5/7/2023,718267,14,100,2023
14,593576,"Neris, Héctor",4/18/2023,718520,14,100,2023
14,594580,"Moll, Sam",4/18/2023,718523,14,100,2023
14,669060,"Wilson, Bryse",5/23/2023,718056,14,100,2023
14,664875,"Lawrence, Justin",3/30/2023,718778,14,100,2023
14,600917,"Leclerc, José",4/19/2023,718514,14,100,2023
14,669459,"Nelson, Kyle",5/23/2023,718060,14,100,2023
14,605154,"Brebbia, John",4/23/2023,718455,14,100,2023
14,656945,"Scott, Tanner",5/12/2023,718212,14,100,2023
14,657508,"Baumann, Mike",5/9/2023,718246,14,100,2023
14,657612,"Hill, Tim",5/7/2023,718266,14,100,2023
14,670059,"Holderman, Colin",5/24/2023,718045,14,100,2023
14,671345,"Foley, Jason",5/24/2023,718039,14,100,2023
14,664139,"Gibaut, Ian",5/10/2023,718225,14,100,2023
14,607481,"Bummer, Aaron",4/21/2023,718486,14,100,2023
14,622772,"Cordero, Jimmy",5/28/2023,717995,14,100,2023
14,669467,"Pallante, Andre",5/12/2023,718211,14,100,2023
14,621074,"Rucker, Michael",4/22/2023,718479,14,100,2023
14,670174,"Winckowski, Josh",5/12/2023,718211,14,100,2023
14,621237,"Alvarado, José",4/23/2023,718458,14,100,2023
14,621383,"Banks, Tanner",4/23/2023,718457,14,100,2023
14,622098,"Smith, Drew",4/20/2023,718503,14,100,2023
14,676680,"Cosgrove, Tom",5/11/2023,718216,14,100,2023
14,623433,"Anderson, Nick",4/21/2023,718489,14,100,2023
14,657024,"Swanson, Erik",5/4/2023,718316,14,100,2023
14,502085,"Robertson, David",4/27/2023,718398,14,100,2023
14,542914,"Bass, Anthony",4/25/2023,718433,14,100,2023
14,542947,"Bleier, Richard",4/26/2023,718416,14,100,2023
14,543056,"Coulombe, Danny",4/24/2023,718447,14,100,2023
14,642397,"Soto, Gregory",4/18/2023,718525,14,100,2023
14,641329,"Baker, Bryan",5/27/2023,718001,14,100,2023
14,642546,"Hernández, Jonathan",4/21/2023,718490,14,100,2023
14,572403,"VerHagen, Drew",4/27/2023,718409,14,100,2023
14,573124,"Rogers, Taylor",4/25/2023,718439,14,100,2023
14,656271,"Burke, Brock",4/23/2023,718453,14,100,2023
14,608638,"Chargois, JT",3/31/2023,718771,14,100,2023
14,656638,"Lange, Alex",4/18/2023,718530,14,100,2023
14,518617,"Diekman, Jake",4/11/2023,718616,14,100,2023
14,502202,"Boxberger, Brad",3/30/2023,718777,14,100,2023
14,600917,"Leclerc, José",4/27/2023,718397,14,100,2023
14,671345,"Foley, Jason",5/10/2023,718234,14,100,2023
14,641835,"Mayza, Tim",5/26/2023,718013,14,100,2023
14,606149,"Gallegos, Giovanny",4/25/2023,718439,14,100,2023
14,606160,"Montero, Rafael",4/25/2023,718436,14,100,2023
14,665625,"Peguero, Elvis",4/23/2023,718461,14,100,2023
14,621016,"Cuas, Jose",4/26/2023,718418,14,100,2023
14,664849,"Young, Danny",5/9/2023,718245,14,100,2023
14,641329,"Baker, Bryan",5/30/2023,717967,14,100,2023
14,622251,"Staumont, Josh",4/26/2023,718418,14,100,2023
14,663546,"Hjelle, Sean",4/19/2023,718511,14,100,2023
14,657265,"Strzelecki, Peter",4/22/2023,718470,14,100,2023
14,670059,"Holderman, Colin",4/23/2023,718463,14,100,2023
14,624647,"González, Victor",4/25/2023,718432,14,100,2023
14,642546,"Hernández, Jonathan",5/26/2023,718020,14,100,2023
14,672578,"Hernández, Carlos",4/18/2023,718522,14,100,2023
14,656464,"Ginkel, Kevin",4/18/2023,718527,14,100,2023
14,640448,"Finnegan, Kyle",4/26/2023,718412,14,100,2023
14,640462,"Puk, A.J.",4/27/2023,718410,14,100,2023
14,676760,"Marinaccio, Ron",4/22/2023,718476,14,100,2023
14,593974,"Peralta, Wandy",3/30/2023,718781,14,100,2023
14,641729,"Jiménez, Joe",4/24/2023,718443,14,100,2023
14,592773,"Stanek, Ryne",4/11/2023,718623,14,100,2023
14,523260,"Kelly, Joe",4/30/2023,718355,14,100,2023
14,641703,"Honeywell, Brent",5/30/2023,717963,14,100,2023
14,541640,"Ramírez, Erasmo",4/29/2023,718383,14,100,2023
14,656638,"Lange, Alex",4/24/2023,718441,14,100,2023
14,605177,"Chafin, Andrew",4/10/2023,718627,14,100,2023
14,605242,"Fulmer, Michael",4/10/2023,718628,14,100,2023
14,642207,"Williams, Devin",4/22/2023,718470,14,100,2023
14,518886,"Kimbrel, Craig",4/26/2023,718415,14,100,2023
14,623149,"Sewald, Paul",4/21/2023,718481,14,100,2023
14,605447,"Romano, Jordan",4/29/2023,718379,14,100,2023
14,605447,"Romano, Jordan",4/28/2023,718392,14,100,2023
14,657612,"Hill, Tim",4/27/2023,718406,14,100,2023
14,606303,"Payamps, Joel",4/28/2023,718386,14,100,2023
14,606303,"Payamps, Joel",5/2/2023,718334,14,100,2023
14,608032,"Estévez, Carlos",4/30/2023,718365,14,100,2023
14,663855,"Hicks, Jordan",4/24/2023,718446,14,100,2023
14,621074,"Rucker, Michael",4/28/2023,718391,14,100,2023
14,669424,"Lambert, Jimmy",5/8/2023,718253,14,100,2023
14,621237,"Alvarado, José",4/28/2023,718389,14,100,2023
14,621249,"Underwood Jr., Duane",4/30/2023,718367,14,100,2023
14,664139,"Gibaut, Ian",5/12/2023,718212,14,100,2023
14,664139,"Gibaut, Ian",4/26/2023,718424,14,100,2023
14,656730,"Megill, Trevor",5/27/2023,717999,14,100,2023
14,608717,"Stratton, Chris",4/10/2023,718629,14,100,2023
14,623211,"Brazobán, Huascar",4/28/2023,718391,14,100,2023
14,623352,"Hader, Josh",5/2/2023,718335,14,100,2023
14,641329,"Baker, Bryan",5/2/2023,718336,14,100,2023
14,657514,"Bernardino, Brennan",5/12/2023,718211,14,100,2023
14,641329,"Baker, Bryan",4/29/2023,718401,14,100,2023
14,641835,"Mayza, Tim",5/2/2023,718341,14,100,2023
14,642758,"Acevedo, Domingo",4/29/2023,718377,14,100,2023
14,605130,"Barlow, Scott",5/7/2023,718268,14,100,2023
14,669459,"Nelson, Kyle",5/22/2023,718073,14,100,2023
14,670042,"Raley, Luke",4/27/2023,718396,14,100,2023
14,656945,"Scott, Tanner",4/29/2023,718375,14,100,2023
14,657024,"Swanson, Erik",5/2/2023,718341,14,100,2023
14,672335,"Pérez, Cionel",4/25/2023,718435,14,100,2023
14,592773,"Stanek, Ryne",4/21/2023,718489,14,100,2023
14,642585,"Bautista, Félix",5/30/2023,717967,14,100,2023
14,622259,"Wingenter, Trey",4/12/2023,718603,14,100,2023
14,664199,"Clarke, Taylor",5/22/2023,718066,14,100,2023
14,677053,"Nardi, Andrew",4/26/2023,718411,14,100,2023
14,623149,"Sewald, Paul",4/12/2023,718606,14,100,2023
14,663986,"Stephan, Trevor",4/28/2023,718395,14,100,2023
14,663992,"Lovelady, Richard",4/29/2023,718377,14,100,2023
14,664199,"Clarke, Taylor",4/29/2023,718378,14,100,2023
14,664747,"Díaz, Alexis",4/29/2023,718377,14,100,2023
14,605218,"Edwards Jr., Carl",5/12/2023,718214,14,100,2023
14,472610,"García, Luis",5/17/2023,718140,14,100,2023
14,623474,"Herget, Jimmy",4/10/2023,718631,14,100,2023
14,666974,"Cano, Yennier",5/2/2023,718336,14,100,2023
14,668941,"Romero, JoJo",4/30/2023,718359,14,100,2023
14,472610,"García, Luis",4/19/2023,718507,14,100,2023
14,669424,"Lambert, Jimmy",5/2/2023,718340,14,100,2023
14,523260,"Kelly, Joe",5/17/2023,718129,14,100,2023
14,675916,"Karinchak, James",4/29/2023,718385,14,100,2023
14,643410,"Leiter Jr., Mark",5/31/2023,717950,14,100,2023
14,672391,"Ort, Kaleb",4/3/2023,718724,14,100,2023
14,554340,"García, Yimi",5/20/2023,718102,14,100,2023
14,641729,"Jiménez, Joe",4/11/2023,718620,14,100,2023
14,663773,"Hoeing, Bryan",5/26/2023,718015,14,100,2023
14,455119,"Martin, Chris",5/31/2023,717948,14,100,2023
14,663773,"Hoeing, Bryan",5/27/2023,717998,14,100,2023
14,571670,"Floro, Dylan",5/14/2023,718178,14,100,2023
14,572403,"VerHagen, Drew",5/16/2023,718151,14,100,2023
14,571901,"Loup, Aaron",5/30/2023,717959,14,100,2023
14,657571,"Ferguson, Caleb",4/4/2023,718703,14,100,2023
14,608665,"Graveman, Kendall",5/4/2023,718310,14,100,2023
14,592741,"Shreve, Chasen",5/14/2023,718173,14,100,2023
14,605130,"Barlow, Scott",5/16/2023,718144,14,100,2023
14,518397,"Alexander, Scott",4/19/2023,718511,14,100,2023
14,595345,"Okert, Steven",5/21/2023,718078,14,100,2023
14,622251,"Staumont, Josh",5/23/2023,718049,14,100,2023
14,595897,"Burdi, Nick",5/19/2023,718116,14,100,2023
14,606160,"Montero, Rafael",5/13/2023,718189,14,100,2023
14,606965,"Devenski, Chris",5/13/2023,718191,14,100,2023
14,607259,"Martinez, Nick",5/16/2023,718144,14,100,2023
14,608665,"Graveman, Kendall",5/13/2023,718189,14,100,2023
14,607481,"Bummer, Aaron",5/30/2023,717959,14,100,2023
14,611093,"Bracho, Silvino",5/14/2023,718178,14,100,2023
14,664199,"Clarke, Taylor",5/27/2023,718000,14,100,2023
14,621057,"Garza, Justin",5/16/2023,718149,14,100,2023
14,664208,"Maton, Phil",5/28/2023,717980,14,100,2023
14,622251,"Staumont, Josh",5/14/2023,718177,14,100,2023
14,623167,"Flexen, Chris",5/15/2023,718163,14,100,2023
14,623352,"Hader, Josh",4/2/2023,718733,14,100,2023
14,669276,"Lee, Dylan",4/5/2023,718697,14,100,2023
14,606149,"Gallegos, Giovanny",4/4/2023,718711,14,100,2023
14,606303,"Payamps, Joel",5/19/2023,718117,14,100,2023
14,640470,"Alzolay, Adbert",5/15/2023,718158,14,100,2023
14,664875,"Lawrence, Justin",5/27/2023,718011,14,100,2023
14,642770,"Guerra, Javy",5/13/2023,718197,14,100,2023
14,657265,"Strzelecki, Peter",5/13/2023,718183,14,100,2023
14,621363,"Poche, Colin",5/17/2023,718135,14,100,2023
14,661527,"Martinez, Seth",4/10/2023,718632,14,100,2023
14,666808,"Doval, Camilo",5/16/2023,718156,14,100,2023
14,623211,"Brazobán, Huascar",5/18/2023,718130,14,100,2023
14,667463,"King, John",5/16/2023,718148,14,100,2023
14,669212,"Morgan, Eli",5/13/2023,718191,14,100,2023
14,608638,"Chargois, JT",5/30/2023,717963,14,100,2023
14,640451,"Harvey, Hunter",5/20/2023,718108,14,100,2023
14,445926,"Chavez, Jesse",4/15/2023,718563,14,100,2023
14,664854,"Helsley, Ryan",4/12/2023,718607,14,100,2023
14,493603,"Ottavino, Adam",4/17/2023,718532,14,100,2023
14,594580,"Moll, Sam",5/24/2023,718037,14,100,2023
14,641871,"Middleton, Keynan",5/21/2023,718084,14,100,2023
14,641941,"Pagán, Emilio",5/17/2023,718136,14,100,2023
14,493603,"Ottavino, Adam",4/19/2023,718508,14,100,2023
14,669424,"Lambert, Jimmy",5/27/2023,718005,14,100,2023
14,643361,"Herget, Kevin",5/17/2023,718138,14,100,2023
14,643511,"Rogers, Tyler",5/19/2023,718105,14,100,2023
14,592773,"Stanek, Ryne",4/14/2023,718581,14,100,2023
14,667427,"Jackson, Zach",4/11/2023,718618,14,100,2023
14,605280,"Holmes, Clay",4/8/2023,718664,14,100,2023
14,669459,"Nelson, Kyle",5/28/2023,717981,14,100,2023
14,657240,"Merryweather, Julian",5/30/2023,717961,14,100,2023
14,571948,"Milner, Hoby",4/5/2023,718698,14,100,2023
14,607237,"Garrett, Amir",4/14/2023,718579,14,100,2023
14,612434,"Castro, Miguel",4/17/2023,718538,14,100,2023
14,614179,"Ruiz, José",4/17/2023,718538,14,100,2023
14,656730,"Megill, Trevor",5/20/2023,718093,14,100,2023
14,666808,"Doval, Camilo",4/7/2023,718680,14,100,2023
14,670059,"Holderman, Colin",5/28/2023,717983,14,100,2023
14,547973,"Chapman, Aroldis",5/23/2023,718049,14,100,2023
14,657024,"Swanson, Erik",5/19/2023,718115,14,100,2023
14,669854,"Blanco, Ronel",4/12/2023,718608,14,100,2023
14,657044,"Thompson, Ryan",5/17/2023,718135,14,100,2023
14,670097,"Short, Zack",5/26/2023,718021,14,100,2023
14,660261,"Fujinami, Shintaro",5/12/2023,718200,14,100,2023
14,670183,"Acton, Garrett",5/27/2023,718003,14,100,2023
14,641871,"Middleton, Keynan",4/16/2023,718553,14,100,2023
14,661403,"Clase, Emmanuel",5/19/2023,718119,14,100,2023
14,675916,"Karinchak, James",4/10/2023,718637,14,100,2023
14,663947,"Holton, Tyler",5/20/2023,718108,14,100,2023
14,671345,"Foley, Jason",5/27/2023,718005,14,100,2023
14,663992,"Lovelady, Richard",5/20/2023,718098,14,100,2023
14,677053,"Nardi, Andrew",4/12/2023,718609,14,100,2023
14,664202,"Cyr, Tyler",5/20/2023,718109,14,100,2023
14,571479,"Bellatti, Andrew",4/8/2023,718668,14,100,2023
14,665019,"Clemens, Kody",5/19/2023,718116,14,100,2023
14,664139,"Gibaut, Ian",4/17/2023,718542,14,100,2023
13,593576,"Neris, Héctor",5/29/2023,717968,13,100,2023
13,669424,"Lambert, Jimmy",4/15/2023,718570,13,100,2023
13,621051,"Wilson, Steven",5/31/2023,717945,13,100,2023
13,623149,"Sewald, Paul",5/25/2023,718025,13,100,2023
13,670167,"Schreiber, John",4/15/2023,718576,13,100,2023
13,595928,"Curtiss, John",5/3/2023,718329,13,100,2023
13,676979,"Crochet, Garrett",5/22/2023,718072,13,100,2023
13,672391,"Ort, Kaleb",4/15/2023,718576,13,100,2023
13,672578,"Hernández, Carlos",4/14/2023,718579,13,100,2023
13,453178,"Kennedy, Ian",4/7/2023,718675,13,100,2023
13,672335,"Pérez, Cionel",5/18/2023,718128,13,100,2023
13,542914,"Bass, Anthony",5/24/2023,718044,13,100,2023
13,518397,"Alexander, Scott",4/9/2023,718643,13,100,2023
13,519151,"Pressly, Ryan",4/7/2023,718684,13,100,2023
13,681806,"Wantz, Andrew",5/18/2023,718128,13,100,2023
13,547973,"Chapman, Aroldis",4/7/2023,718680,13,100,2023
13,548384,"Raley, Brooks",4/7/2023,718693,13,100,2023
13,660853,"De Los Santos, Enyel",5/31/2023,717946,13,100,2023
13,456713,"Bush, Matt",4/1/2023,718758,13,100,2023
13,573124,"Rogers, Taylor",4/9/2023,718643,13,100,2023
13,595928,"Curtiss, John",4/8/2023,718661,13,100,2023
13,605218,"Edwards Jr., Carl",4/7/2023,718673,13,100,2023
13,600917,"Leclerc, José",5/29/2023,717979,13,100,2023
13,547973,"Chapman, Aroldis",4/1/2023,718751,13,100,2023
13,622075,"Almonte, Yency",4/6/2023,718683,13,100,2023
13,592773,"Stanek, Ryne",5/22/2023,718068,13,100,2023
13,571656,"Farmer, Buck",4/3/2023,718728,13,100,2023
13,625643,"López, Reynaldo",4/8/2023,718662,13,100,2023
13,641627,"Gott, Trevor",4/5/2023,718691,13,100,2023
13,642397,"Soto, Gregory",4/9/2023,718652,13,100,2023
13,642546,"Hernández, Jonathan",4/5/2023,718694,13,100,2023
13,605242,"Fulmer, Michael",5/28/2023,717987,13,100,2023
13,605130,"Barlow, Scott",4/2/2023,718745,13,100,2023
13,643410,"Leiter Jr., Mark",4/7/2023,718675,13,100,2023
13,607237,"Garrett, Amir",4/4/2023,718708,13,100,2023
13,453178,"Kennedy, Ian",4/22/2023,718469,13,100,2023
13,607455,"Banda, Anthony",4/1/2023,718753,13,100,2023
13,657508,"Baumann, Mike",4/9/2023,718651,13,100,2023
13,607732,"Stallings, Jacob",4/3/2023,718729,13,100,2023
13,664208,"Maton, Phil",3/31/2023,718764,13,100,2023
13,621051,"Wilson, Steven",4/1/2023,718750,13,100,2023
13,607755,"Vasquez, Andrew",5/22/2023,718073,13,100,2023
13,445276,"Jansen, Kenley",4/18/2023,718524,13,100,2023
13,543518,"McGough, Scott",3/31/2023,718765,13,100,2023
13,621363,"Poche, Colin",4/2/2023,718742,13,100,2023
13,608638,"Chargois, JT",5/25/2023,718033,13,100,2023
13,608717,"Stratton, Chris",5/23/2023,718059,13,100,2023
13,670280,"Bednar, David",4/9/2023,718653,13,100,2023
13,670950,"Richards, Trevor",4/8/2023,718657,13,100,2023
13,677053,"Nardi, Andrew",4/7/2023,718693,13,100,2023
13,608718,"Suter, Brent",3/31/2023,718766,13,100,2023
13,682171,"Murfee, Penn",4/5/2023,718691,13,100,2023
13,455119,"Martin, Chris",5/3/2023,718323,13,100,2023
13,523260,"Kelly, Joe",5/5/2023,718305,13,100,2023
13,622075,"Almonte, Yency",5/22/2023,718074,13,100,2023
13,571670,"Floro, Dylan",5/4/2023,718308,13,100,2023
13,606965,"Devenski, Chris",5/27/2023,717998,13,100,2023
13,592346,"González, Chi Chi",5/6/2023,718289,13,100,2023
13,643256,"Cimber, Adam",4/1/2023,718759,13,100,2023
13,607259,"Martinez, Nick",5/5/2023,718295,13,100,2023
13,624647,"González, Victor",5/24/2023,718042,13,100,2023
13,625643,"López, Reynaldo",5/24/2023,718048,13,100,2023
13,656945,"Scott, Tanner",4/2/2023,718741,13,100,2023
13,622554,"Domínguez, Seranthony",5/3/2023,718327,13,100,2023
13,571946,"Miller, Shelby",3/30/2023,718770,13,100,2023
13,640451,"Harvey, Hunter",5/24/2023,718052,13,100,2023
13,625643,"López, Reynaldo",5/4/2023,718310,13,100,2023
13,641360,"Bickford, Phil",5/24/2023,718042,13,100,2023
13,642758,"Acevedo, Domingo",5/3/2023,718319,13,100,2023
13,663986,"Stephan, Trevor",4/2/2023,718735,13,100,2023
13,656638,"Lange, Alex",5/4/2023,718318,13,100,2023
13,664199,"Clarke, Taylor",4/3/2023,718719,13,100,2023
13,642048,"Saucedo, Tayler",5/24/2023,718037,13,100,2023
13,542914,"Bass, Anthony",3/30/2023,718772,13,100,2023
13,661527,"Martinez, Seth",5/3/2023,718326,13,100,2023
13,663947,"Holton, Tyler",5/3/2023,718329,13,100,2023
13,664076,"Cleavinger, Garrett",5/5/2023,718300,13,100,2023
13,667427,"Jackson, Zach",4/2/2023,718734,13,100,2023
13,666168,"Thompson, Mason",5/30/2023,717957,13,100,2023
13,647315,"Pop, Zach",3/30/2023,718772,13,100,2023
13,622098,"Smith, Drew",4/19/2023,718508,13,100,2023
13,453268,"Bard, Daniel",5/7/2023,718276,13,100,2023
13,672841,"Vargas, Carlos",4/1/2023,718749,13,100,2023
13,493603,"Ottavino, Adam",5/10/2023,718225,13,100,2023
13,502085,"Robertson, David",5/10/2023,718225,13,100,2023
13,554340,"García, Yimi",5/10/2023,718233,13,100,2023
13,571670,"Floro, Dylan",5/9/2023,718236,13,100,2023
13,593619,"Tapia, Domingo",5/12/2023,718201,13,100,2023
13,593974,"Peralta, Wandy",5/7/2023,718271,13,100,2023
13,661395,"Duran, Jhoan",5/24/2023,718047,13,100,2023
13,518489,"Brasier, Ryan",4/23/2023,718461,13,100,2023
13,600921,"Machado, Andrés",5/7/2023,718263,13,100,2023
13,518886,"Kimbrel, Craig",4/18/2023,718525,13,100,2023
13,605177,"Chafin, Andrew",5/12/2023,718199,13,100,2023
13,621249,"Underwood Jr., Duane",5/26/2023,718012,13,100,2023
13,663658,"Ward, Thaddeus",5/25/2023,718035,13,100,2023
13,606303,"Payamps, Joel",5/12/2023,718204,13,100,2023
13,608371,"Sims, Lucas",5/9/2023,718243,13,100,2023
13,663992,"Lovelady, Richard",5/25/2023,718025,13,100,2023
13,608723,"Voth, Austin",5/12/2023,718213,13,100,2023
13,543518,"McGough, Scott",4/18/2023,718527,13,100,2023
13,622075,"Almonte, Yency",5/9/2023,718241,13,100,2023
13,622250,"Sborz, Josh",5/10/2023,718229,13,100,2023
13,664875,"Lawrence, Justin",5/22/2023,718069,13,100,2023
13,571882,"Law, Derek",4/19/2023,718515,13,100,2023
13,623352,"Hader, Josh",5/7/2023,718266,13,100,2023
13,623437,"Topa, Justin",5/12/2023,718208,13,100,2023
13,623465,"Phillips, Evan",5/12/2023,718201,13,100,2023
13,571948,"Milner, Hoby",4/23/2023,718461,13,100,2023
13,573009,"Mantiply, Joe",4/23/2023,718456,13,100,2023
13,642585,"Bautista, Félix",5/12/2023,718213,13,100,2023
13,595928,"Curtiss, John",4/20/2023,718503,13,100,2023
13,669438,"Englert, Mason",5/25/2023,718031,13,100,2023
13,656257,"Brigham, Jeff",5/12/2023,718214,13,100,2023
13,605177,"Chafin, Andrew",4/18/2023,718527,13,100,2023
13,661403,"Clase, Emmanuel",5/7/2023,718273,13,100,2023
13,663878,"Pearson, Nate",5/9/2023,718244,13,100,2023
13,608371,"Sims, Lucas",4/19/2023,718515,13,100,2023
13,608665,"Graveman, Kendall",4/22/2023,718477,13,100,2023
13,666619,"Santos, Gregory",5/8/2023,718253,13,100,2023
13,612434,"Castro, Miguel",4/21/2023,718484,13,100,2023
13,621016,"Cuas, Jose",4/22/2023,718466,13,100,2023
13,669674,"Long, Sam",5/8/2023,718255,13,100,2023
13,621249,"Underwood Jr., Duane",4/18/2023,718521,13,100,2023
13,670280,"Bednar, David",5/10/2023,718231,13,100,2023
13,680704,"Sandlin, Nick",5/10/2023,718234,13,100,2023
13,472610,"García, Luis",4/27/2023,718406,13,100,2023
13,623149,"Sewald, Paul",4/22/2023,718464,13,100,2023
13,445926,"Chavez, Jesse",4/11/2023,718620,13,100,2023
13,642545,"Barria, Jaime",4/18/2023,718529,13,100,2023
13,554340,"García, Yimi",4/26/2023,718420,13,100,2023
13,543272,"Hand, Brad",5/7/2023,718276,13,100,2023
13,502202,"Boxberger, Brad",4/10/2023,718628,13,100,2023
13,650893,"Cabrera, Génesis",4/23/2023,718450,13,100,2023
13,601713,"Pivetta, Nick",5/31/2023,717948,13,100,2023
13,542947,"Bleier, Richard",4/11/2023,718625,13,100,2023
13,669618,"Barlow, Joe",5/22/2023,718075,13,100,2023
13,605447,"Romano, Jordan",4/24/2023,718444,13,100,2023
13,542947,"Bleier, Richard",4/13/2023,718594,13,100,2023
13,664076,"Cleavinger, Garrett",4/21/2023,718486,13,100,2023
13,681911,"Vesia, Alex",5/31/2023,717954,13,100,2023
13,641656,"Hamilton, Ian",5/8/2023,718255,13,100,2023
13,664126,"Fairbanks, Pete",4/23/2023,718457,13,100,2023
13,664747,"Díaz, Alexis",4/18/2023,718526,13,100,2023
13,612434,"Castro, Miguel",4/26/2023,718418,13,100,2023
13,621016,"Cuas, Jose",4/27/2023,718400,13,100,2023
13,571670,"Floro, Dylan",4/22/2023,718488,13,100,2023
13,669711,"Weissert, Greg",4/18/2023,718529,13,100,2023
13,670059,"Holderman, Colin",4/21/2023,718492,13,100,2023
13,670280,"Bednar, David",4/18/2023,718521,13,100,2023
13,675916,"Karinchak, James",4/22/2023,718488,13,100,2023
13,664126,"Fairbanks, Pete",5/24/2023,718044,13,100,2023
13,675916,"Karinchak, James",4/19/2023,718513,13,100,2023
13,640455,"Manaea, Sean",4/25/2023,718439,13,100,2023
13,681911,"Vesia, Alex",4/22/2023,718479,13,100,2023
13,641703,"Honeywell, Brent",4/27/2023,718406,13,100,2023
13,607359,"Patton, Spencer",5/12/2023,718200,13,100,2023
13,445276,"Jansen, Kenley",5/27/2023,717991,13,100,2023
13,592741,"Shreve, Chasen",4/13/2023,718593,13,100,2023
13,519151,"Pressly, Ryan",4/30/2023,718354,13,100,2023
13,519151,"Pressly, Ryan",5/1/2023,718350,13,100,2023
13,445926,"Chavez, Jesse",5/27/2023,717997,13,100,2023
13,571948,"Milner, Hoby",5/30/2023,717965,13,100,2023
13,596112,"Stephenson, Robert",5/9/2023,718252,13,100,2023
13,656222,"Beeks, Jalen",4/24/2023,718449,13,100,2023
13,573204,"Thielbar, Caleb",5/2/2023,718340,13,100,2023
13,453178,"Kennedy, Ian",4/18/2023,718522,13,100,2023
13,622065,"Young, Alex",5/12/2023,718212,13,100,2023
13,593576,"Neris, Héctor",4/30/2023,718354,13,100,2023
13,592779,"Stewart, Brock",4/30/2023,718362,13,100,2023
13,607455,"Banda, Anthony",4/29/2023,718383,13,100,2023
13,656529,"Hentges, Sam",5/24/2023,718048,13,100,2023
13,608665,"Graveman, Kendall",4/28/2023,718393,13,100,2023
13,614179,"Ruiz, José",4/29/2023,718366,13,100,2023
13,621363,"Poche, Colin",5/2/2023,718347,13,100,2023
13,623149,"Sewald, Paul",4/29/2023,718379,13,100,2023
13,623437,"Topa, Justin",4/29/2023,718379,13,100,2023
13,640470,"Alzolay, Adbert",4/29/2023,718375,13,100,2023
13,641360,"Bickford, Phil",5/2/2023,718331,13,100,2023
13,642100,"Speier, Gabe",4/30/2023,718363,13,100,2023
13,608678,"Leone, Dominic",5/28/2023,717982,13,100,2023
13,642207,"Williams, Devin",4/28/2023,718386,13,100,2023
13,643410,"Leiter Jr., Mark",5/1/2023,718349,13,100,2023
13,665665,"Sanmartin, Reiver",4/4/2023,718716,13,100,2023
13,621345,"Minter, A.J.",4/12/2023,718601,13,100,2023
13,657240,"Merryweather, Julian",5/27/2023,718007,13,100,2023
13,664208,"Maton, Phil",5/6/2023,718274,13,100,2023
13,657265,"Strzelecki, Peter",5/27/2023,717999,13,100,2023
13,656271,"Burke, Brock",5/2/2023,718342,13,100,2023
13,657508,"Baumann, Mike",5/29/2023,717974,13,100,2023
13,519151,"Pressly, Ryan",5/26/2023,718009,13,100,2023
13,661403,"Clase, Emmanuel",4/28/2023,718395,13,100,2023
13,623352,"Hader, Josh",4/13/2023,718589,13,100,2023
13,623437,"Topa, Justin",4/10/2023,718628,13,100,2023
13,607259,"Martinez, Nick",5/30/2023,717963,13,100,2023
13,628708,"Marte, Yunior",5/24/2023,718043,13,100,2023
13,666168,"Thompson, Mason",5/1/2023,718349,13,100,2023
13,666374,"Brash, Matt",4/30/2023,718363,13,100,2023
13,640451,"Harvey, Hunter",4/12/2023,718602,13,100,2023
13,519043,"Moore, Matt",5/18/2023,718128,13,100,2023
13,621345,"Minter, A.J.",5/3/2023,718321,13,100,2023
13,643410,"Leiter Jr., Mark",5/30/2023,717961,13,100,2023
13,670280,"Bednar, David",4/29/2023,718383,13,100,2023
13,642701,"Santana, Dennis",4/1/2023,718755,13,100,2023
13,543056,"Coulombe, Danny",5/21/2023,718087,13,100,2023
13,687330,"Kelly, Kevin",5/2/2023,718347,13,100,2023
13,519043,"Moore, Matt",5/15/2023,718171,13,100,2023
13,571656,"Farmer, Buck",5/20/2023,718095,13,100,2023
13,643511,"Rogers, Tyler",5/31/2023,717953,13,100,2023
13,666808,"Doval, Camilo",5/9/2023,718250,13,100,2023
13,593576,"Neris, Héctor",5/14/2023,718176,13,100,2023
13,595411,"Sherriff, Ryan",5/16/2023,718149,13,100,2023
13,656222,"Beeks, Jalen",5/31/2023,717950,13,100,2023
13,607755,"Vasquez, Andrew",5/14/2023,718174,13,100,2023
13,608717,"Stratton, Chris",5/14/2023,718187,13,100,2023
13,664139,"Gibaut, Ian",5/28/2023,717987,13,100,2023
13,605177,"Chafin, Andrew",5/20/2023,718101,13,100,2023
13,622075,"Almonte, Yency",5/14/2023,718168,13,100,2023
13,672335,"Pérez, Cionel",4/7/2023,718688,13,100,2023
13,669459,"Nelson, Kyle",4/6/2023,718683,13,100,2023
13,656222,"Beeks, Jalen",4/12/2023,718600,13,100,2023
13,605280,"Holmes, Clay",5/17/2023,718134,13,100,2023
13,641329,"Baker, Bryan",5/16/2023,718154,13,100,2023
13,664854,"Helsley, Ryan",5/27/2023,717996,13,100,2023
13,641871,"Middleton, Keynan",5/16/2023,718147,13,100,2023
13,642048,"Saucedo, Tayler",5/16/2023,718149,13,100,2023
13,643377,"Jax, Griffin",5/15/2023,718159,13,100,2023
13,643493,"Pruitt, Austin",5/14/2023,718172,13,100,2023
13,661527,"Martinez, Seth",3/31/2023,718764,13,100,2023
13,608665,"Graveman, Kendall",5/19/2023,718111,13,100,2023
13,660896,"Alcala, Jorge",5/14/2023,718175,13,100,2023
13,621345,"Minter, A.J.",5/31/2023,717949,13,100,2023
13,621057,"Garza, Justin",5/21/2023,718079,13,100,2023
13,663773,"Hoeing, Bryan",5/14/2023,718178,13,100,2023
13,663878,"Pearson, Nate",5/14/2023,718181,13,100,2023
13,628452,"Iglesias, Raisel",5/6/2023,718283,13,100,2023
13,666720,"Rodríguez, Yerry",5/14/2023,718172,13,100,2023
13,623437,"Topa, Justin",5/19/2023,718110,13,100,2023
13,643377,"Jax, Griffin",4/7/2023,718684,13,100,2023
13,669467,"Pallante, Andre",5/16/2023,718151,13,100,2023
13,664076,"Cleavinger, Garrett",4/10/2023,718638,13,100,2023
13,628452,"Iglesias, Raisel",5/19/2023,718110,13,100,2023
13,628452,"Iglesias, Raisel",5/21/2023,718090,13,100,2023
13,622772,"Cordero, Jimmy",4/9/2023,718651,13,100,2023
13,571670,"Floro, Dylan",5/27/2023,717998,13,100,2023
13,672578,"Hernández, Carlos",5/13/2023,718183,13,100,2023
13,640451,"Harvey, Hunter",5/21/2023,718089,13,100,2023
13,676760,"Marinaccio, Ron",5/14/2023,718180,13,100,2023
13,621363,"Poche, Colin",4/5/2023,718704,13,100,2023
13,687330,"Kelly, Kevin",5/14/2023,718180,13,100,2023
13,445276,"Jansen, Kenley",4/14/2023,718580,13,100,2023
13,573204,"Thielbar, Caleb",4/5/2023,718701,13,100,2023
13,489446,"Yates, Kirby",4/15/2023,718563,13,100,2023
13,641793,"Littell, Zack",5/21/2023,718081,13,100,2023
13,571901,"Loup, Aaron",5/28/2023,717984,13,100,2023
13,518617,"Diekman, Jake",4/14/2023,718583,13,100,2023
13,543272,"Hand, Brad",4/14/2023,718577,13,100,2023
13,666168,"Thompson, Mason",4/10/2023,718631,13,100,2023
13,592779,"Stewart, Brock",5/31/2023,717938,13,100,2023
13,598264,"Barnes, Matt",4/15/2023,718567,13,100,2023
13,656638,"Lange, Alex",5/19/2023,718123,13,100,2023
13,621363,"Poche, Colin",4/14/2023,718587,13,100,2023
13,623352,"Hader, Josh",4/16/2023,718549,13,100,2023
13,453178,"Kennedy, Ian",4/8/2023,718669,13,100,2023
13,641302,"Alexander, Tyler",4/14/2023,718585,13,100,2023
13,671345,"Foley, Jason",4/12/2023,718603,13,100,2023
13,661309,"Martínez, Adrián",5/17/2023,718139,13,100,2023
13,643256,"Cimber, Adam",4/17/2023,718537,13,100,2023
13,672335,"Pérez, Cionel",4/14/2023,718583,13,100,2023
13,643256,"Cimber, Adam",4/15/2023,718569,13,100,2023
13,643377,"Jax, Griffin",4/16/2023,718557,13,100,2023
13,675916,"Karinchak, James",4/12/2023,718604,13,100,2023
13,657265,"Strzelecki, Peter",4/17/2023,718534,13,100,2023
13,542585,"Cisnero, José",5/30/2023,717964,13,100,2023
13,666168,"Thompson, Mason",5/18/2023,718130,13,100,2023
13,664849,"Young, Danny",4/14/2023,718579,13,100,2023
13,666168,"Thompson, Mason",4/16/2023,718555,13,100,2023
13,592779,"Stewart, Brock",5/27/2023,718008,13,100,2023
13,666374,"Brash, Matt",4/14/2023,718577,13,100,2023
13,666619,"Santos, Gregory",4/16/2023,718553,13,100,2023
13,666974,"Cano, Yennier",5/20/2023,718102,13,100,2023
12,548384,"Raley, Brooks",4/21/2023,718480,12,100,2023
12,547973,"Chapman, Aroldis",4/22/2023,718466,12,100,2023
12,664294,"Moreta, Dauri",5/24/2023,718045,12,100,2023
12,641329,"Baker, Bryan",5/12/2023,718213,12,100,2023
12,666168,"Thompson, Mason",5/25/2023,718035,12,100,2023
12,573124,"Rogers, Taylor",4/23/2023,718455,12,100,2023
12,573204,"Thielbar, Caleb",4/21/2023,718482,12,100,2023
12,641835,"Mayza, Tim",5/10/2023,718233,12,100,2023
12,641835,"Mayza, Tim",5/9/2023,718244,12,100,2023
12,641941,"Pagán, Emilio",5/11/2023,718216,12,100,2023
12,593576,"Neris, Héctor",4/23/2023,718462,12,100,2023
12,669060,"Wilson, Bryse",5/24/2023,718046,12,100,2023
12,593576,"Neris, Héctor",4/21/2023,718489,12,100,2023
12,656234,"Bird, Jake",3/30/2023,718778,12,100,2023
12,661403,"Clase, Emmanuel",5/3/2023,718324,12,100,2023
12,605130,"Barlow, Scott",4/22/2023,718466,12,100,2023
12,657508,"Baumann, Mike",5/7/2023,718277,12,100,2023
12,605242,"Fulmer, Michael",4/18/2023,718523,12,100,2023
12,518617,"Diekman, Jake",5/30/2023,717961,12,100,2023
12,608032,"Estévez, Carlos",4/21/2023,718485,12,100,2023
12,675916,"Karinchak, James",5/24/2023,718048,12,100,2023
12,676714,"Hughes, Brandon",5/25/2023,718024,12,100,2023
12,612434,"Castro, Miguel",4/18/2023,718527,12,100,2023
12,668941,"Romero, JoJo",5/7/2023,718272,12,100,2023
12,669212,"Morgan, Eli",5/10/2023,718234,12,100,2023
12,621051,"Wilson, Steven",4/22/2023,718467,12,100,2023
12,680704,"Sandlin, Nick",5/24/2023,718048,12,100,2023
12,621237,"Alvarado, José",4/19/2023,718510,12,100,2023
12,670990,"Ramírez, Yohan",5/9/2023,718252,12,100,2023
12,672730,"Then, Juan",5/10/2023,718229,12,100,2023
12,640451,"Harvey, Hunter",3/30/2023,718780,12,100,2023
12,621363,"Poche, Colin",4/22/2023,718477,12,100,2023
12,622250,"Sborz, Josh",4/19/2023,718514,12,100,2023
12,622554,"Domínguez, Seranthony",4/21/2023,718493,12,100,2023
12,624647,"González, Victor",5/28/2023,717994,12,100,2023
12,518886,"Kimbrel, Craig",4/27/2023,718404,12,100,2023
12,640470,"Alzolay, Adbert",4/20/2023,718499,12,100,2023
12,676254,"Walker, Ryan",5/30/2023,717972,12,100,2023
12,641835,"Mayza, Tim",4/18/2023,718520,12,100,2023
12,472610,"García, Luis",4/11/2023,718621,12,100,2023
12,502085,"Robertson, David",4/10/2023,718634,12,100,2023
12,571670,"Floro, Dylan",4/27/2023,718410,12,100,2023
12,571948,"Milner, Hoby",4/26/2023,718419,12,100,2023
12,656257,"Brigham, Jeff",4/20/2023,718503,12,100,2023
12,641627,"Gott, Trevor",5/27/2023,718004,12,100,2023
12,595345,"Okert, Steven",4/24/2023,718443,12,100,2023
12,518886,"Kimbrel, Craig",4/11/2023,718619,12,100,2023
12,657612,"Hill, Tim",4/22/2023,718467,12,100,2023
12,657612,"Hill, Tim",4/20/2023,718494,12,100,2023
12,660813,"Graterol, Brusdar",4/18/2023,718516,12,100,2023
12,663385,"Smith, Chad",4/21/2023,718490,12,100,2023
12,542585,"Cisnero, José",4/13/2023,718593,12,100,2023
12,641871,"Middleton, Keynan",5/28/2023,717989,12,100,2023
12,608665,"Graveman, Kendall",4/27/2023,718396,12,100,2023
12,544727,"Familia, Jeurys",4/12/2023,718599,12,100,2023
12,621363,"Poche, Colin",4/25/2023,718436,12,100,2023
12,669424,"Lambert, Jimmy",4/21/2023,718486,12,100,2023
12,642239,"Zastryzny, Rob",5/27/2023,718004,12,100,2023
12,670280,"Bednar, David",4/20/2023,718500,12,100,2023
12,671345,"Foley, Jason",4/18/2023,718541,12,100,2023
12,624647,"González, Victor",4/27/2023,718403,12,100,2023
12,640470,"Alzolay, Adbert",4/25/2023,718426,12,100,2023
12,677865,"Bruihl, Justin",4/20/2023,718499,12,100,2023
12,571656,"Farmer, Buck",5/30/2023,717966,12,100,2023
12,643377,"Jax, Griffin",5/28/2023,717988,12,100,2023
12,641871,"Middleton, Keynan",4/24/2023,718444,12,100,2023
12,519043,"Moore, Matt",4/30/2023,718365,12,100,2023
12,593619,"Tapia, Domingo",4/10/2023,718634,12,100,2023
12,543518,"McGough, Scott",4/28/2023,718390,12,100,2023
12,544727,"Familia, Jeurys",5/2/2023,718332,12,100,2023
12,445926,"Chavez, Jesse",5/26/2023,718019,12,100,2023
12,572955,"Johnson, Pierce",5/2/2023,718334,12,100,2023
12,592094,"Adam, Jason",4/28/2023,718393,12,100,2023
12,656464,"Ginkel, Kevin",4/25/2023,718422,12,100,2023
12,595345,"Okert, Steven",5/2/2023,718346,12,100,2023
12,605242,"Fulmer, Michael",4/12/2023,718606,12,100,2023
12,605242,"Fulmer, Michael",4/28/2023,718391,12,100,2023
12,605347,"López, Jorge",4/12/2023,718605,12,100,2023
12,656638,"Lange, Alex",5/28/2023,717989,12,100,2023
12,489446,"Yates, Kirby",5/29/2023,717970,12,100,2023
12,623433,"Anderson, Nick",5/1/2023,718352,12,100,2023
12,621051,"Wilson, Steven",5/1/2023,718345,12,100,2023
12,664747,"Díaz, Alexis",4/24/2023,718445,12,100,2023
12,628708,"Marte, Yunior",5/1/2023,718343,12,100,2023
12,628708,"Marte, Yunior",4/29/2023,718372,12,100,2023
12,640462,"Puk, A.J.",4/30/2023,718364,12,100,2023
12,666808,"Doval, Camilo",4/25/2023,718439,12,100,2023
12,666974,"Cano, Yennier",4/24/2023,718447,12,100,2023
12,641729,"Jiménez, Joe",5/2/2023,718346,12,100,2023
12,641871,"Middleton, Keynan",5/2/2023,718340,12,100,2023
12,596001,"Junis, Jakob",4/11/2023,718624,12,100,2023
12,669276,"Lee, Dylan",4/27/2023,718410,12,100,2023
12,621249,"Underwood Jr., Duane",4/13/2023,718591,12,100,2023
12,647315,"Pop, Zach",4/29/2023,718379,12,100,2023
12,669796,"Hernandez, Jose E.",4/27/2023,718403,12,100,2023
12,542947,"Bleier, Richard",4/30/2023,718370,12,100,2023
12,642048,"Saucedo, Tayler",5/30/2023,717952,12,100,2023
12,656638,"Lange, Alex",4/30/2023,718360,12,100,2023
12,453178,"Kennedy, Ian",4/30/2023,718356,12,100,2023
12,622065,"Young, Alex",4/11/2023,718620,12,100,2023
12,657044,"Thompson, Ryan",4/29/2023,718373,12,100,2023
12,657265,"Strzelecki, Peter",4/29/2023,718376,12,100,2023
12,661403,"Clase, Emmanuel",5/1/2023,718351,12,100,2023
12,623149,"Sewald, Paul",4/10/2023,718628,12,100,2023
12,682171,"Murfee, Penn",4/26/2023,718415,12,100,2023
12,571656,"Farmer, Buck",4/10/2023,718636,12,100,2023
12,687330,"Kelly, Kevin",4/27/2023,718396,12,100,2023
12,455119,"Martin, Chris",5/20/2023,718092,12,100,2023
12,623433,"Anderson, Nick",4/11/2023,718620,12,100,2023
12,665019,"Clemens, Kody",5/2/2023,718331,12,100,2023
12,666142,"Ragans, Cole",4/30/2023,718356,12,100,2023
12,476595,"Luetge, Lucas",5/20/2023,718094,12,100,2023
12,666374,"Brash, Matt",4/28/2023,718392,12,100,2023
12,661395,"Duran, Jhoan",5/27/2023,718008,12,100,2023
12,621345,"Minter, A.J.",4/26/2023,718411,12,100,2023
12,608032,"Estévez, Carlos",4/27/2023,718402,12,100,2023
12,518397,"Alexander, Scott",5/19/2023,718105,12,100,2023
12,669854,"Blanco, Ronel",4/29/2023,718372,12,100,2023
12,661527,"Martinez, Seth",5/29/2023,717968,12,100,2023
12,664208,"Maton, Phil",5/7/2023,718265,12,100,2023
12,543521,"McHugh, Collin",5/19/2023,718110,12,100,2023
12,641703,"Honeywell, Brent",4/11/2023,718621,12,100,2023
12,543901,"Weber, Ryan",5/18/2023,718121,12,100,2023
12,445926,"Chavez, Jesse",5/13/2023,718192,12,100,2023
12,656945,"Scott, Tanner",4/18/2023,718528,12,100,2023
12,571946,"Miller, Shelby",4/25/2023,718432,12,100,2023
12,641835,"Mayza, Tim",4/12/2023,718603,12,100,2023
12,542585,"Cisnero, José",5/16/2023,718155,12,100,2023
12,547973,"Chapman, Aroldis",5/16/2023,718144,12,100,2023
12,592773,"Stanek, Ryne",5/20/2023,718098,12,100,2023
12,641729,"Jiménez, Joe",4/19/2023,718507,12,100,2023
12,600921,"Machado, Andrés",5/13/2023,718203,12,100,2023
12,605130,"Barlow, Scott",5/14/2023,718177,12,100,2023
12,643377,"Jax, Griffin",4/12/2023,718605,12,100,2023
12,643396,"Kiner-Falefa, Isiah",4/13/2023,718590,12,100,2023
12,607259,"Martinez, Nick",5/13/2023,718185,12,100,2023
12,608723,"Voth, Austin",5/14/2023,718179,12,100,2023
12,605218,"Edwards Jr., Carl",5/21/2023,718089,12,100,2023
12,605242,"Fulmer, Michael",5/20/2023,718097,12,100,2023
12,687330,"Kelly, Kevin",5/8/2023,718259,12,100,2023
12,605347,"López, Jorge",5/21/2023,718080,12,100,2023
12,623474,"Herget, Jimmy",5/16/2023,718154,12,100,2023
12,656234,"Bird, Jake",5/31/2023,717940,12,100,2023
12,656638,"Lange, Alex",4/12/2023,718603,12,100,2023
12,672578,"Hernández, Carlos",5/11/2023,718218,12,100,2023
12,669459,"Nelson, Kyle",5/10/2023,718226,12,100,2023
12,608665,"Graveman, Kendall",5/17/2023,718129,12,100,2023
12,650633,"King, Michael",5/15/2023,718164,12,100,2023
12,657571,"Ferguson, Caleb",4/11/2023,718624,12,100,2023
12,608717,"Stratton, Chris",5/18/2023,718124,12,100,2023
12,608718,"Suter, Brent",5/17/2023,718138,12,100,2023
12,608723,"Voth, Austin",5/18/2023,718128,12,100,2023
12,543056,"Coulombe, Danny",5/31/2023,717946,12,100,2023
12,663992,"Lovelady, Richard",5/15/2023,718160,12,100,2023
12,660853,"De Los Santos, Enyel",5/8/2023,718261,12,100,2023
12,622251,"Staumont, Josh",5/20/2023,718104,12,100,2023
12,622554,"Domínguez, Seranthony",5/17/2023,718143,12,100,2023
12,571656,"Farmer, Buck",5/27/2023,718007,12,100,2023
12,623433,"Anderson, Nick",5/17/2023,718126,12,100,2023
12,657240,"Merryweather, Julian",5/7/2023,718269,12,100,2023
12,663855,"Hicks, Jordan",4/13/2023,718591,12,100,2023
12,667463,"King, John",5/13/2023,718190,12,100,2023
12,624647,"González, Victor",5/17/2023,718136,12,100,2023
12,502085,"Robertson, David",4/15/2023,718565,12,100,2023
12,596112,"Stephenson, Robert",4/21/2023,718492,12,100,2023
12,518617,"Diekman, Jake",4/16/2023,718553,12,100,2023
12,518886,"Kimbrel, Craig",4/16/2023,718554,12,100,2023
12,664875,"Lawrence, Justin",4/12/2023,718607,12,100,2023
12,596112,"Stephenson, Robert",4/15/2023,718568,12,100,2023
12,605177,"Chafin, Andrew",4/17/2023,718538,12,100,2023
12,606149,"Gallegos, Giovanny",4/16/2023,718548,12,100,2023
12,606303,"Payamps, Joel",4/15/2023,718560,12,100,2023
12,656730,"Megill, Trevor",5/17/2023,718131,12,100,2023
12,641627,"Gott, Trevor",5/7/2023,718265,12,100,2023
12,623437,"Topa, Justin",5/9/2023,718239,12,100,2023
12,621249,"Underwood Jr., Duane",4/16/2023,718548,12,100,2023
12,669618,"Barlow, Joe",5/28/2023,717990,12,100,2023
12,657508,"Baumann, Mike",5/18/2023,718128,12,100,2023
12,623211,"Brazobán, Huascar",4/15/2023,718567,12,100,2023
12,621051,"Wilson, Steven",5/11/2023,718216,12,100,2023
12,660853,"De Los Santos, Enyel",5/19/2023,718119,12,100,2023
12,641941,"Pagán, Emilio",4/14/2023,718588,12,100,2023
12,642585,"Bautista, Félix",4/16/2023,718553,12,100,2023
12,664126,"Fairbanks, Pete",5/19/2023,718117,12,100,2023
12,656464,"Ginkel, Kevin",4/16/2023,718550,12,100,2023
12,656945,"Scott, Tanner",4/15/2023,718567,12,100,2023
12,664202,"Cyr, Tyler",5/19/2023,718113,12,100,2023
12,657240,"Merryweather, Julian",4/17/2023,718536,12,100,2023
12,664294,"Moreta, Dauri",5/21/2023,718091,12,100,2023
12,669618,"Barlow, Joe",5/19/2023,718114,12,100,2023
12,664776,"Cousins, Jake",5/17/2023,718131,12,100,2023
12,664139,"Gibaut, Ian",5/22/2023,718071,12,100,2023
12,593974,"Peralta, Wandy",5/9/2023,718247,12,100,2023
12,518886,"Kimbrel, Craig",4/19/2023,718510,12,100,2023
12,519293,"Smith, Will",4/21/2023,718490,12,100,2023
12,677865,"Bruihl, Justin",4/17/2023,718532,12,100,2023
12,670950,"Richards, Trevor",4/14/2023,718587,12,100,2023
12,669395,"Coleman, Dylan",4/5/2023,718692,12,100,2023
12,669459,"Nelson, Kyle",5/20/2023,718101,12,100,2023
12,592741,"Shreve, Chasen",5/10/2023,718234,12,100,2023
12,593619,"Tapia, Domingo",5/28/2023,717995,12,100,2023
12,671345,"Foley, Jason",5/21/2023,718089,12,100,2023
12,502085,"Robertson, David",4/5/2023,718698,12,100,2023
12,661403,"Clase, Emmanuel",5/30/2023,717967,12,100,2023
12,445926,"Chavez, Jesse",4/2/2023,718743,12,100,2023
12,573124,"Rogers, Taylor",4/7/2023,718680,12,100,2023
12,600917,"Leclerc, José",4/5/2023,718694,12,100,2023
12,519151,"Pressly, Ryan",4/3/2023,718723,12,100,2023
12,687330,"Kelly, Kevin",5/27/2023,718002,12,100,2023
12,542947,"Bleier, Richard",4/3/2023,718724,12,100,2023
12,572955,"Johnson, Pierce",5/23/2023,718051,12,100,2023
12,621249,"Underwood Jr., Duane",4/8/2023,718662,12,100,2023
12,621345,"Minter, A.J.",4/9/2023,718648,12,100,2023
12,593619,"Tapia, Domingo",4/4/2023,718717,12,100,2023
12,598264,"Barnes, Matt",4/2/2023,718741,12,100,2023
12,643377,"Jax, Griffin",4/8/2023,718666,12,100,2023
12,643511,"Rogers, Tyler",4/5/2023,718695,12,100,2023
12,518617,"Diekman, Jake",3/31/2023,718764,12,100,2023
12,605218,"Edwards Jr., Carl",4/4/2023,718715,12,100,2023
12,656464,"Ginkel, Kevin",4/6/2023,718683,12,100,2023
12,657024,"Swanson, Erik",4/9/2023,718644,12,100,2023
12,657265,"Strzelecki, Peter",4/5/2023,718698,12,100,2023
12,650556,"Abreu, Bryan",3/31/2023,718764,12,100,2023
12,621237,"Alvarado, José",4/4/2023,718710,12,100,2023
12,669060,"Wilson, Bryse",4/7/2023,718674,12,100,2023
12,670059,"Holderman, Colin",4/9/2023,718653,12,100,2023
12,670174,"Winckowski, Josh",4/9/2023,718654,12,100,2023
12,623149,"Sewald, Paul",3/30/2023,718767,12,100,2023
12,681402,"Varland, Gus",4/7/2023,718674,12,100,2023
12,641941,"Pagán, Emilio",5/7/2023,718273,12,100,2023
12,621363,"Poche, Colin",5/31/2023,717950,12,100,2023
12,621345,"Minter, A.J.",5/25/2023,718026,12,100,2023
12,641627,"Gott, Trevor",4/2/2023,718735,12,100,2023
12,519043,"Moore, Matt",5/4/2023,718311,12,100,2023
12,663986,"Stephan, Trevor",3/30/2023,718767,12,100,2023
12,641645,"Guillorme, Luis",4/3/2023,718731,12,100,2023
12,641835,"Mayza, Tim",4/2/2023,718737,12,100,2023
12,622251,"Staumont, Josh",5/22/2023,718066,12,100,2023
12,571948,"Milner, Hoby",5/3/2023,718315,12,100,2023
12,623465,"Phillips, Evan",4/4/2023,718703,12,100,2023
12,669424,"Lambert, Jimmy",4/7/2023,718679,12,100,2023
12,642232,"Yarbrough, Ryan",4/1/2023,718751,12,100,2023
12,592094,"Adam, Jason",5/5/2023,718300,12,100,2023
12,595345,"Okert, Steven",5/5/2023,718303,12,100,2023
12,642546,"Hernández, Jonathan",4/2/2023,718739,12,100,2023
12,650556,"Abreu, Bryan",3/30/2023,718768,12,100,2023
12,623167,"Flexen, Chris",5/22/2023,718062,12,100,2023
12,623352,"Hader, Josh",5/23/2023,718064,12,100,2023
12,608032,"Estévez, Carlos",5/3/2023,718320,12,100,2023
12,605280,"Holmes, Clay",5/25/2023,718029,12,100,2023
12,664747,"Díaz, Alexis",5/30/2023,717966,12,100,2023
12,657044,"Thompson, Ryan",4/2/2023,718742,12,100,2023
12,623433,"Anderson, Nick",5/4/2023,718308,12,100,2023
12,625643,"López, Reynaldo",5/5/2023,718305,12,100,2023
12,605154,"Brebbia, John",4/1/2023,718762,12,100,2023
12,641360,"Bickford, Phil",3/30/2023,718770,12,100,2023
12,660896,"Alcala, Jorge",4/1/2023,718751,12,100,2023
12,642397,"Soto, Gregory",5/5/2023,718301,12,100,2023
12,664076,"Cleavinger, Garrett",4/1/2023,718754,12,100,2023
12,690829,"Joyce, Ben",5/29/2023,717971,12,100,2023
12,608638,"Chargois, JT",5/26/2023,718015,12,100,2023
12,656529,"Hentges, Sam",5/6/2023,718285,12,100,2023
12,595928,"Curtiss, John",3/31/2023,718771,12,100,2023
12,641835,"Mayza, Tim",5/25/2023,718032,12,100,2023
12,518489,"Brasier, Ryan",4/3/2023,718724,12,100,2023
12,641871,"Middleton, Keynan",5/23/2023,718063,12,100,2023
12,665048,"Harris, Hobie",4/1/2023,718753,12,100,2023
12,663558,"Moran, Jovani",5/6/2023,718285,12,100,2023
12,605447,"Romano, Jordan",3/30/2023,718772,12,100,2023
12,543272,"Hand, Brad",4/9/2023,718645,12,100,2023
12,666619,"Santos, Gregory",4/1/2023,718760,12,100,2023
12,664208,"Maton, Phil",5/3/2023,718326,12,100,2023
12,668338,"Miller, Tyson",5/4/2023,718313,12,100,2023
12,623433,"Anderson, Nick",5/31/2023,717949,12,100,2023
12,670059,"Holderman, Colin",5/19/2023,718118,12,100,2023
12,669854,"Blanco, Ronel",4/3/2023,718723,12,100,2023
12,670280,"Bednar, David",4/3/2023,718724,12,100,2023
12,675916,"Karinchak, James",4/4/2023,718707,12,100,2023
12,493603,"Ottavino, Adam",5/9/2023,718243,12,100,2023
12,676050,"Naughton, Packy",4/3/2023,718727,12,100,2023
12,518397,"Alexander, Scott",5/12/2023,718199,12,100,2023
12,656945,"Scott, Tanner",5/24/2023,718036,12,100,2023
12,681402,"Varland, Gus",4/2/2023,718738,12,100,2023
12,519293,"Smith, Will",5/10/2023,718229,12,100,2023
12,682051,"Hill, Garrett",4/3/2023,718723,12,100,2023
12,523260,"Kelly, Joe",5/9/2023,718238,12,100,2023
12,657097,"Webb, Jacob",5/23/2023,718053,12,100,2023
12,548384,"Raley, Brooks",3/30/2023,718774,12,100,2023
12,445276,"Jansen, Kenley",4/21/2023,718483,12,100,2023
12,489446,"Yates, Kirby",4/22/2023,718471,12,100,2023
11,605218,"Edwards Jr., Carl",4/22/2023,718468,11,100,2023
11,669459,"Nelson, Kyle",4/16/2023,718550,11,100,2023
11,657612,"Hill, Tim",5/10/2023,718224,11,100,2023
11,622772,"Cordero, Jimmy",4/4/2023,718710,11,100,2023
11,666204,"Jiménez, Dany",4/15/2023,718565,11,100,2023
11,519151,"Pressly, Ryan",4/5/2023,718696,11,100,2023
11,543518,"McGough, Scott",5/23/2023,718060,11,100,2023
11,666974,"Cano, Yennier",4/15/2023,718570,11,100,2023
11,670280,"Bednar, David",4/15/2023,718568,11,100,2023
11,669674,"Long, Sam",5/21/2023,718086,11,100,2023
11,677053,"Nardi, Andrew",4/17/2023,718544,11,100,2023
11,476595,"Luetge, Lucas",4/7/2023,718676,11,100,2023
11,502085,"Robertson, David",4/8/2023,718661,11,100,2023
11,667427,"Jackson, Zach",4/15/2023,718565,11,100,2023
11,541640,"Ramírez, Erasmo",4/7/2023,718673,11,100,2023
11,677053,"Nardi, Andrew",5/19/2023,718105,11,100,2023
11,554340,"García, Yimi",4/6/2023,718686,11,100,2023
11,571466,"Barnhart, Tucker",5/25/2023,718024,11,100,2023
11,489446,"Yates, Kirby",4/1/2023,718753,11,100,2023
11,598264,"Barnes, Matt",5/28/2023,717984,11,100,2023
11,541640,"Ramírez, Erasmo",4/4/2023,718715,11,100,2023
11,689172,"Wisely, Brett",5/29/2023,717978,11,100,2023
11,542914,"Bass, Anthony",4/2/2023,718737,11,100,2023
11,622554,"Domínguez, Seranthony",4/5/2023,718699,11,100,2023
11,571882,"Law, Derek",4/3/2023,718728,11,100,2023
11,625643,"López, Reynaldo",4/5/2023,718695,11,100,2023
11,640448,"Finnegan, Kyle",4/7/2023,718673,11,100,2023
11,573124,"Rogers, Taylor",4/1/2023,718762,11,100,2023
11,598264,"Barnes, Matt",5/23/2023,718051,11,100,2023
11,663986,"Stephan, Trevor",3/31/2023,718763,11,100,2023
11,650893,"Cabrera, Génesis",4/9/2023,718650,11,100,2023
11,605242,"Fulmer, Michael",4/1/2023,718758,11,100,2023
11,605347,"López, Jorge",4/2/2023,718745,11,100,2023
11,659275,"Lamet, Dinelson",4/7/2023,718673,11,100,2023
11,662253,"Muñoz, Andrés",4/7/2023,718677,11,100,2023
11,663971,"Calvo, Blair",5/30/2023,717955,11,100,2023
11,621345,"Minter, A.J.",4/4/2023,718711,11,100,2023
11,622065,"Young, Alex",4/2/2023,718744,11,100,2023
11,612434,"Castro, Miguel",5/23/2023,718060,11,100,2023
11,517008,"Colomé, Alex",5/4/2023,718310,11,100,2023
11,621363,"Poche, Colin",5/23/2023,718061,11,100,2023
11,543859,"Tonkin, Michael",5/4/2023,718308,11,100,2023
11,623352,"Hader, Josh",5/25/2023,718035,11,100,2023
11,593974,"Peralta, Wandy",5/6/2023,718291,11,100,2023
11,608665,"Graveman, Kendall",3/30/2023,718768,11,100,2023
11,643377,"Jax, Griffin",4/1/2023,718751,11,100,2023
11,606149,"Gallegos, Giovanny",5/5/2023,718292,11,100,2023
11,572193,"Tepera, Ryan",3/30/2023,718769,11,100,2023
11,656222,"Beeks, Jalen",4/2/2023,718742,11,100,2023
11,608678,"Leone, Dominic",5/4/2023,718318,11,100,2023
11,612434,"Castro, Miguel",5/5/2023,718296,11,100,2023
11,628708,"Marte, Yunior",5/23/2023,718060,11,100,2023
11,622772,"Cordero, Jimmy",5/5/2023,718300,11,100,2023
11,594580,"Moll, Sam",5/30/2023,717958,11,100,2023
11,640470,"Alzolay, Adbert",5/6/2023,718289,11,100,2023
11,656464,"Ginkel, Kevin",3/30/2023,718770,11,100,2023
11,642397,"Soto, Gregory",5/6/2023,718284,11,100,2023
11,571670,"Floro, Dylan",3/31/2023,718771,11,100,2023
11,657024,"Swanson, Erik",5/5/2023,718307,11,100,2023
11,665001,"Kelley, Trevor",5/30/2023,717961,11,100,2023
11,623149,"Sewald, Paul",5/31/2023,717939,11,100,2023
11,642100,"Speier, Gabe",5/24/2023,718037,11,100,2023
11,665665,"Sanmartin, Reiver",4/3/2023,718728,11,100,2023
11,643256,"Cimber, Adam",3/30/2023,718772,11,100,2023
11,665625,"Peguero, Elvis",5/5/2023,718293,11,100,2023
11,669424,"Lambert, Jimmy",5/4/2023,718310,11,100,2023
11,670329,"Garcia, Rico",5/4/2023,718304,11,100,2023
11,670280,"Bednar, David",4/4/2023,718713,11,100,2023
11,518886,"Kimbrel, Craig",5/10/2023,718233,11,100,2023
11,541640,"Ramírez, Erasmo",5/10/2023,718230,11,100,2023
11,657240,"Merryweather, Julian",5/23/2023,718055,11,100,2023
11,571656,"Farmer, Buck",5/7/2023,718262,11,100,2023
11,445926,"Chavez, Jesse",4/21/2023,718489,11,100,2023
11,571912,"Maile, Luke",5/7/2023,718262,11,100,2023
11,592779,"Stewart, Brock",5/7/2023,718273,11,100,2023
11,573204,"Thielbar, Caleb",3/30/2023,718775,11,100,2023
11,595345,"Okert, Steven",5/12/2023,718212,11,100,2023
11,663773,"Hoeing, Bryan",5/24/2023,718036,11,100,2023
11,606303,"Payamps, Joel",5/10/2023,718228,11,100,2023
11,541640,"Ramírez, Erasmo",4/18/2023,718531,11,100,2023
11,621237,"Alvarado, José",5/7/2023,718270,11,100,2023
11,664126,"Fairbanks, Pete",3/30/2023,718776,11,100,2023
11,622251,"Staumont, Josh",5/10/2023,718222,11,100,2023
11,625643,"López, Reynaldo",5/9/2023,718238,11,100,2023
11,641401,"Brogdon, Connor",5/9/2023,718244,11,100,2023
11,642100,"Speier, Gabe",5/8/2023,718251,11,100,2023
11,642100,"Speier, Gabe",5/7/2023,718265,11,100,2023
11,622250,"Sborz, Josh",5/28/2023,717990,11,100,2023
11,650556,"Abreu, Bryan",5/12/2023,718207,11,100,2023
11,656353,"Davidson, Tucker",5/10/2023,718235,11,100,2023
11,661527,"Martinez, Seth",5/7/2023,718265,11,100,2023
11,607481,"Bummer, Aaron",4/18/2023,718543,11,100,2023
11,664294,"Moreta, Dauri",5/7/2023,718278,11,100,2023
11,608665,"Graveman, Kendall",4/21/2023,718486,11,100,2023
11,664854,"Helsley, Ryan",5/7/2023,718272,11,100,2023
11,664875,"Lawrence, Justin",5/7/2023,718276,11,100,2023
11,621051,"Wilson, Steven",4/18/2023,718519,11,100,2023
11,621074,"Rucker, Michael",4/20/2023,718499,11,100,2023
11,669796,"Hernandez, Jose E.",5/9/2023,718252,11,100,2023
11,671345,"Foley, Jason",5/8/2023,718261,11,100,2023
11,677053,"Nardi, Andrew",5/7/2023,718269,11,100,2023
11,624647,"González, Victor",5/29/2023,717973,11,100,2023
11,600917,"Leclerc, José",5/31/2023,717951,11,100,2023
11,643511,"Rogers, Tyler",3/30/2023,718781,11,100,2023
11,472610,"García, Luis",4/25/2023,718426,11,100,2023
11,518397,"Alexander, Scott",4/25/2023,718439,11,100,2023
11,518489,"Brasier, Ryan",4/24/2023,718447,11,100,2023
11,625643,"López, Reynaldo",4/21/2023,718486,11,100,2023
11,641329,"Baker, Bryan",4/21/2023,718495,11,100,2023
11,519151,"Pressly, Ryan",4/25/2023,718436,11,100,2023
11,641656,"Hamilton, Ian",4/20/2023,718496,11,100,2023
11,544727,"Familia, Jeurys",4/27/2023,718402,11,100,2023
11,518489,"Brasier, Ryan",4/12/2023,718600,11,100,2023
11,657024,"Swanson, Erik",4/23/2023,718465,11,100,2023
11,657240,"Merryweather, Julian",4/19/2023,718506,11,100,2023
11,657508,"Baumann, Mike",4/23/2023,718459,11,100,2023
11,657571,"Ferguson, Caleb",4/22/2023,718479,11,100,2023
11,657571,"Ferguson, Caleb",4/20/2023,718499,11,100,2023
11,541640,"Ramírez, Erasmo",4/12/2023,718602,11,100,2023
11,657612,"Hill, Tim",4/23/2023,718456,11,100,2023
11,641329,"Baker, Bryan",4/19/2023,718518,11,100,2023
11,661395,"Duran, Jhoan",4/23/2023,718454,11,100,2023
11,519043,"Moore, Matt",4/10/2023,718631,11,100,2023
11,663658,"Ward, Thaddeus",4/19/2023,718518,11,100,2023
11,664076,"Cleavinger, Garrett",4/18/2023,718526,11,100,2023
11,675916,"Karinchak, James",5/30/2023,717967,11,100,2023
11,445276,"Jansen, Kenley",4/25/2023,718435,11,100,2023
11,664076,"Cleavinger, Garrett",4/22/2023,718477,11,100,2023
11,547973,"Chapman, Aroldis",4/11/2023,718615,11,100,2023
11,622251,"Staumont, Josh",4/27/2023,718400,11,100,2023
11,669459,"Nelson, Kyle",4/22/2023,718467,11,100,2023
11,493603,"Ottavino, Adam",5/30/2023,717962,11,100,2023
11,623433,"Anderson, Nick",4/27/2023,718410,11,100,2023
11,672391,"Ort, Kaleb",4/20/2023,718497,11,100,2023
11,628708,"Marte, Yunior",4/25/2023,718430,11,100,2023
11,621051,"Wilson, Steven",4/20/2023,718494,11,100,2023
11,641360,"Bickford, Phil",5/31/2023,717954,11,100,2023
11,676760,"Marinaccio, Ron",4/20/2023,718496,11,100,2023
11,677865,"Bruihl, Justin",4/19/2023,718508,11,100,2023
11,696147,"Bachman, Sam",5/30/2023,717959,11,100,2023
11,664849,"Young, Danny",5/12/2023,718206,11,100,2023
11,642546,"Hernández, Jonathan",4/25/2023,718434,11,100,2023
11,593974,"Peralta, Wandy",4/12/2023,718604,11,100,2023
11,571946,"Miller, Shelby",4/28/2023,718382,11,100,2023
11,592773,"Stanek, Ryne",5/1/2023,718350,11,100,2023
11,605447,"Romano, Jordan",4/22/2023,718476,11,100,2023
11,592741,"Shreve, Chasen",4/30/2023,718360,11,100,2023
11,593974,"Peralta, Wandy",4/29/2023,718374,11,100,2023
11,598264,"Barnes, Matt",4/30/2023,718364,11,100,2023
11,605242,"Fulmer, Michael",4/30/2023,718364,11,100,2023
11,657514,"Bernardino, Brennan",4/26/2023,718416,11,100,2023
11,606149,"Gallegos, Giovanny",4/12/2023,718607,11,100,2023
11,608371,"Sims, Lucas",5/2/2023,718335,11,100,2023
11,621389,"Blach, Ty",4/28/2023,718390,11,100,2023
11,622065,"Young, Alex",5/9/2023,718243,11,100,2023
11,665048,"Harris, Hobie",4/27/2023,718398,11,100,2023
11,625643,"López, Reynaldo",4/28/2023,718393,11,100,2023
11,656945,"Scott, Tanner",5/26/2023,718015,11,100,2023
11,669060,"Wilson, Bryse",4/26/2023,718419,11,100,2023
11,606149,"Gallegos, Giovanny",5/9/2023,718240,11,100,2023
11,621249,"Underwood Jr., Duane",4/11/2023,718623,11,100,2023
11,643511,"Rogers, Tyler",4/29/2023,718384,11,100,2023
11,650556,"Abreu, Bryan",4/28/2023,718389,11,100,2023
11,656945,"Scott, Tanner",4/30/2023,718364,11,100,2023
11,657571,"Ferguson, Caleb",4/28/2023,718382,11,100,2023
11,660261,"Fujinami, Shintaro",5/27/2023,718003,11,100,2023
11,664139,"Gibaut, Ian",5/2/2023,718335,11,100,2023
11,660853,"De Los Santos, Enyel",5/29/2023,717974,11,100,2023
11,543272,"Hand, Brad",5/12/2023,718202,11,100,2023
11,664854,"Helsley, Ryan",4/30/2023,718359,11,100,2023
11,664875,"Lawrence, Justin",5/2/2023,718334,11,100,2023
11,666619,"Santos, Gregory",4/30/2023,718355,11,100,2023
11,666974,"Cano, Yennier",4/30/2023,718360,11,100,2023
11,518617,"Diekman, Jake",5/11/2023,718219,11,100,2023
11,669211,"Akin, Keegan",5/5/2023,718298,11,100,2023
11,625643,"López, Reynaldo",4/11/2023,718616,11,100,2023
11,502085,"Robertson, David",5/18/2023,718122,11,100,2023
11,670059,"Holderman, Colin",4/29/2023,718383,11,100,2023
11,523260,"Kelly, Joe",5/20/2023,718104,11,100,2023
11,523260,"Kelly, Joe",5/21/2023,718084,11,100,2023
11,640470,"Alzolay, Adbert",4/10/2023,718628,11,100,2023
11,677053,"Nardi, Andrew",4/30/2023,718364,11,100,2023
11,681911,"Vesia, Alex",4/30/2023,718359,11,100,2023
11,656945,"Scott, Tanner",5/6/2023,718289,11,100,2023
11,570257,"Rodríguez, Joely",5/21/2023,718079,11,100,2023
11,571670,"Floro, Dylan",5/17/2023,718132,11,100,2023
11,542947,"Bleier, Richard",5/14/2023,718187,11,100,2023
11,573124,"Rogers, Taylor",5/16/2023,718156,11,100,2023
11,641627,"Gott, Trevor",5/3/2023,718319,11,100,2023
11,573124,"Rogers, Taylor",5/13/2023,718184,11,100,2023
11,592779,"Stewart, Brock",5/19/2023,718106,11,100,2023
11,596112,"Stephenson, Robert",5/13/2023,718193,11,100,2023
11,605177,"Chafin, Andrew",5/16/2023,718146,11,100,2023
11,656464,"Ginkel, Kevin",4/4/2023,718717,11,100,2023
11,605218,"Edwards Jr., Carl",5/13/2023,718203,11,100,2023
11,643410,"Leiter Jr., Mark",4/10/2023,718628,11,100,2023
11,606149,"Gallegos, Giovanny",5/13/2023,718196,11,100,2023
11,598286,"Ramirez, Nick",5/19/2023,718120,11,100,2023
11,642701,"Santana, Dennis",4/2/2023,718741,11,100,2023
11,621363,"Poche, Colin",5/14/2023,718180,11,100,2023
11,623352,"Hader, Josh",5/16/2023,718144,11,100,2023
11,623465,"Phillips, Evan",5/13/2023,718185,11,100,2023
11,607481,"Bummer, Aaron",5/18/2023,718125,11,100,2023
11,622554,"Domínguez, Seranthony",5/23/2023,718060,11,100,2023
11,656945,"Scott, Tanner",4/12/2023,718609,11,100,2023
11,642100,"Speier, Gabe",5/14/2023,718173,11,100,2023
11,548384,"Raley, Brooks",5/26/2023,718016,11,100,2023
11,642397,"Soto, Gregory",5/16/2023,718156,11,100,2023
11,682171,"Murfee, Penn",4/7/2023,718677,11,100,2023
11,643377,"Jax, Griffin",5/16/2023,718141,11,100,2023
11,612434,"Castro, Miguel",5/17/2023,718139,11,100,2023
11,613534,"Adams, Austin",5/20/2023,718101,11,100,2023
11,657612,"Hill, Tim",4/12/2023,718610,11,100,2023
11,660813,"Graterol, Brusdar",4/11/2023,718624,11,100,2023
11,621345,"Minter, A.J.",5/20/2023,718094,11,100,2023
11,659275,"Lamet, Dinelson",4/9/2023,718645,11,100,2023
11,622065,"Young, Alex",5/19/2023,718120,11,100,2023
11,666974,"Cano, Yennier",5/13/2023,718193,11,100,2023
11,642397,"Soto, Gregory",4/7/2023,718685,11,100,2023
11,667427,"Jackson, Zach",5/16/2023,718146,11,100,2023
11,592426,"Jackson, Luke",5/31/2023,717953,11,100,2023
11,625643,"López, Reynaldo",5/20/2023,718104,11,100,2023
11,628708,"Marte, Yunior",5/20/2023,718097,11,100,2023
11,640462,"Puk, A.J.",4/9/2023,718647,11,100,2023
11,671345,"Foley, Jason",5/14/2023,718173,11,100,2023
11,672335,"Pérez, Cionel",5/14/2023,718179,11,100,2023
11,676760,"Marinaccio, Ron",5/13/2023,718197,11,100,2023
11,571670,"Floro, Dylan",5/26/2023,718015,11,100,2023
11,456713,"Bush, Matt",4/17/2023,718534,11,100,2023
11,518397,"Alexander, Scott",4/17/2023,718544,11,100,2023
11,518489,"Brasier, Ryan",4/16/2023,718559,11,100,2023
11,642100,"Speier, Gabe",5/17/2023,718133,11,100,2023
11,519043,"Moore, Matt",4/3/2023,718720,11,100,2023
11,650556,"Abreu, Bryan",5/19/2023,718112,11,100,2023
11,572403,"VerHagen, Drew",4/14/2023,718582,11,100,2023
11,455119,"Martin, Chris",4/2/2023,718748,11,100,2023
11,593576,"Neris, Héctor",4/16/2023,718552,11,100,2023
11,595928,"Curtiss, John",4/14/2023,718578,11,100,2023
11,676760,"Marinaccio, Ron",5/29/2023,717969,11,100,2023
11,614179,"Ruiz, José",5/31/2023,717940,11,100,2023
11,612434,"Castro, Miguel",4/15/2023,718567,11,100,2023
11,669467,"Pallante, Andre",4/12/2023,718607,11,100,2023
11,656945,"Scott, Tanner",5/17/2023,718132,11,100,2023
11,621383,"Banks, Tanner",4/15/2023,718570,11,100,2023
11,623149,"Sewald, Paul",4/14/2023,718577,11,100,2023
11,623211,"Brazobán, Huascar",4/14/2023,718584,11,100,2023
11,623433,"Anderson, Nick",4/16/2023,718551,11,100,2023
11,518397,"Alexander, Scott",5/23/2023,718054,11,100,2023
11,640462,"Puk, A.J.",4/17/2023,718544,11,100,2023
11,660813,"Graterol, Brusdar",5/19/2023,718113,11,100,2023
11,642397,"Soto, Gregory",4/15/2023,718566,11,100,2023
11,657265,"Strzelecki, Peter",5/31/2023,717947,11,100,2023
11,670059,"Holderman, Colin",4/15/2023,718568,11,100,2023
11,670280,"Bednar, David",5/28/2023,717983,11,100,2023
11,643410,"Leiter Jr., Mark",4/16/2023,718547,11,100,2023
11,664126,"Fairbanks, Pete",5/17/2023,718135,11,100,2023
11,657031,"Taylor, Josh",4/16/2023,718551,11,100,2023
11,661403,"Clase, Emmanuel",4/15/2023,718573,11,100,2023
11,663546,"Hjelle, Sean",4/14/2023,718585,11,100,2023
11,663986,"Stephan, Trevor",4/16/2023,718555,11,100,2023
11,665048,"Harris, Hobie",4/14/2023,718592,11,100,2023
10,674072,"Henry, Tommy",5/27/2023,717991,10,100,2023
10,665048,"Harris, Hobie",4/4/2023,718715,10,100,2023
10,664294,"Moreta, Dauri",5/17/2023,718142,10,100,2023
10,661395,"Duran, Jhoan",4/14/2023,718588,10,100,2023
10,676701,"Trejo, Alan",4/17/2023,718535,10,100,2023
10,445926,"Chavez, Jesse",4/7/2023,718676,10,100,2023
10,519043,"Moore, Matt",5/23/2023,718053,10,100,2023
10,664875,"Lawrence, Justin",4/4/2023,718703,10,100,2023
10,661403,"Clase, Emmanuel",5/6/2023,718285,10,100,2023
10,596112,"Stephenson, Robert",5/28/2023,717983,10,100,2023
10,518617,"Diekman, Jake",4/9/2023,718653,10,100,2023
10,519151,"Pressly, Ryan",4/9/2023,718649,10,100,2023
10,543056,"Coulombe, Danny",4/9/2023,718651,10,100,2023
10,687330,"Kelly, Kevin",5/17/2023,718135,10,100,2023
10,605130,"Barlow, Scott",4/6/2023,718686,10,100,2023
10,541640,"Ramírez, Erasmo",4/2/2023,718743,10,100,2023
10,606160,"Montero, Rafael",4/7/2023,718684,10,100,2023
10,544727,"Familia, Jeurys",4/1/2023,718757,10,100,2023
10,592779,"Stewart, Brock",5/23/2023,718054,10,100,2023
10,593974,"Peralta, Wandy",5/23/2023,718058,10,100,2023
10,595345,"Okert, Steven",5/24/2023,718036,10,100,2023
10,571882,"Law, Derek",4/2/2023,718744,10,100,2023
10,661403,"Clase, Emmanuel",3/31/2023,718763,10,100,2023
10,641401,"Brogdon, Connor",4/9/2023,718652,10,100,2023
10,641540,"Dunning, Dane",4/8/2023,718669,10,100,2023
10,605177,"Chafin, Andrew",4/3/2023,718722,10,100,2023
10,606149,"Gallegos, Giovanny",5/23/2023,718059,10,100,2023
10,660593,"Reyes, Denyi",4/7/2023,718693,10,100,2023
10,664139,"Gibaut, Ian",4/9/2023,718652,10,100,2023
10,664875,"Lawrence, Justin",4/9/2023,718645,10,100,2023
10,605177,"Chafin, Andrew",3/31/2023,718765,10,100,2023
10,666142,"Ragans, Cole",4/9/2023,718642,10,100,2023
10,592773,"Stanek, Ryne",5/31/2023,717938,10,100,2023
10,622075,"Almonte, Yency",4/3/2023,718718,10,100,2023
10,622259,"Wingenter, Trey",4/3/2023,718723,10,100,2023
10,445926,"Chavez, Jesse",5/5/2023,718298,10,100,2023
10,664139,"Gibaut, Ian",5/31/2023,717948,10,100,2023
10,493603,"Ottavino, Adam",5/5/2023,718302,10,100,2023
10,642100,"Speier, Gabe",4/4/2023,718706,10,100,2023
10,606160,"Montero, Rafael",3/30/2023,718768,10,100,2023
10,642239,"Zastryzny, Rob",4/2/2023,718744,10,100,2023
10,594580,"Moll, Sam",5/3/2023,718319,10,100,2023
10,594580,"Moll, Sam",5/5/2023,718299,10,100,2023
10,605218,"Edwards Jr., Carl",5/6/2023,718282,10,100,2023
10,605347,"López, Jorge",5/5/2023,718306,10,100,2023
10,608665,"Graveman, Kendall",5/3/2023,718322,10,100,2023
10,622075,"Almonte, Yency",3/30/2023,718770,10,100,2023
10,640448,"Finnegan, Kyle",5/24/2023,718052,10,100,2023
10,623149,"Sewald, Paul",5/4/2023,718304,10,100,2023
10,657240,"Merryweather, Julian",4/4/2023,718716,10,100,2023
10,640448,"Finnegan, Kyle",5/3/2023,718333,10,100,2023
10,641656,"Hamilton, Ian",5/5/2023,718300,10,100,2023
10,643493,"Pruitt, Austin",5/5/2023,718299,10,100,2023
10,640462,"Puk, A.J.",3/31/2023,718771,10,100,2023
10,664139,"Gibaut, Ian",4/1/2023,718756,10,100,2023
10,664747,"Díaz, Alexis",4/1/2023,718756,10,100,2023
10,657571,"Ferguson, Caleb",5/3/2023,718327,10,100,2023
10,664294,"Moreta, Dauri",4/3/2023,718724,10,100,2023
10,666142,"Ragans, Cole",5/30/2023,717964,10,100,2023
10,642100,"Speier, Gabe",5/22/2023,718062,10,100,2023
10,664854,"Helsley, Ryan",5/3/2023,718320,10,100,2023
10,643410,"Leiter Jr., Mark",5/24/2023,718038,10,100,2023
10,669105,"Muckenhirn, Zach",5/3/2023,718329,10,100,2023
10,656061,"Abreu, Albert",5/25/2023,718029,10,100,2023
10,472610,"García, Luis",5/9/2023,718242,10,100,2023
10,517008,"Colomé, Alex",5/7/2023,718262,10,100,2023
10,519151,"Pressly, Ryan",5/9/2023,718237,10,100,2023
10,519151,"Pressly, Ryan",5/12/2023,718207,10,100,2023
10,543518,"McGough, Scott",5/11/2023,718215,10,100,2023
10,571948,"Milner, Hoby",5/10/2023,718228,10,100,2023
10,669212,"Morgan, Eli",5/30/2023,717967,10,100,2023
10,657612,"Hill, Tim",5/25/2023,718035,10,100,2023
10,592094,"Adam, Jason",5/12/2023,718210,10,100,2023
10,605446,"Rodríguez, Dereck",5/12/2023,718209,10,100,2023
10,519151,"Pressly, Ryan",4/18/2023,718520,10,100,2023
10,663986,"Stephan, Trevor",5/22/2023,718072,10,100,2023
10,663992,"Lovelady, Richard",5/23/2023,718050,10,100,2023
10,543272,"Hand, Brad",4/18/2023,718521,10,100,2023
10,664199,"Clarke, Taylor",5/23/2023,718049,10,100,2023
10,571948,"Milner, Hoby",4/22/2023,718470,10,100,2023
10,624647,"González, Victor",5/9/2023,718241,10,100,2023
10,640462,"Puk, A.J.",5/7/2023,718269,10,100,2023
10,665625,"Peguero, Elvis",5/23/2023,718056,10,100,2023
10,573124,"Rogers, Taylor",4/19/2023,718511,10,100,2023
10,657265,"Strzelecki, Peter",3/30/2023,718777,10,100,2023
10,573124,"Rogers, Taylor",4/18/2023,718528,10,100,2023
10,642546,"Hernández, Jonathan",5/8/2023,718251,10,100,2023
10,657571,"Ferguson, Caleb",5/7/2023,718266,10,100,2023
10,605347,"López, Jorge",4/18/2023,718524,10,100,2023
10,607455,"Banda, Anthony",4/23/2023,718454,10,100,2023
10,664199,"Clarke, Taylor",5/10/2023,718222,10,100,2023
10,664294,"Moreta, Dauri",5/12/2023,718213,10,100,2023
10,621237,"Alvarado, José",4/18/2023,718525,10,100,2023
10,670174,"Winckowski, Josh",5/10/2023,718220,10,100,2023
10,621363,"Poche, Colin",4/21/2023,718486,10,100,2023
10,680704,"Sandlin, Nick",5/12/2023,718205,10,100,2023
10,445926,"Chavez, Jesse",4/27/2023,718410,10,100,2023
10,623352,"Hader, Josh",4/20/2023,718494,10,100,2023
10,623352,"Hader, Josh",4/23/2023,718456,10,100,2023
10,613564,"Vosler, Jason",4/19/2023,718515,10,100,2023
10,672335,"Pérez, Cionel",3/30/2023,718782,10,100,2023
10,623437,"Topa, Justin",4/21/2023,718481,10,100,2023
10,661403,"Clase, Emmanuel",5/9/2023,718248,10,100,2023
10,502202,"Boxberger, Brad",4/27/2023,718406,10,100,2023
10,519151,"Pressly, Ryan",4/26/2023,718414,10,100,2023
10,641871,"Middleton, Keynan",5/10/2023,718222,10,100,2023
10,642048,"Saucedo, Tayler",4/19/2023,718502,10,100,2023
10,642397,"Soto, Gregory",4/22/2023,718475,10,100,2023
10,650671,"Quijada, José",4/21/2023,718485,10,100,2023
10,650671,"Quijada, José",4/18/2023,718529,10,100,2023
10,518489,"Brasier, Ryan",4/11/2023,718625,10,100,2023
10,641729,"Jiménez, Joe",5/29/2023,717970,10,100,2023
10,657024,"Swanson, Erik",4/21/2023,718487,10,100,2023
10,596112,"Stephenson, Robert",4/26/2023,718413,10,100,2023
10,605347,"López, Jorge",4/25/2023,718427,10,100,2023
10,607481,"Bummer, Aaron",4/27/2023,718396,10,100,2023
10,608371,"Sims, Lucas",4/24/2023,718445,10,100,2023
10,664747,"Díaz, Alexis",4/22/2023,718474,10,100,2023
10,623211,"Brazobán, Huascar",5/9/2023,718236,10,100,2023
10,607481,"Bummer, Aaron",5/12/2023,718207,10,100,2023
10,665665,"Sanmartin, Reiver",4/19/2023,718515,10,100,2023
10,668941,"Romero, JoJo",4/21/2023,718481,10,100,2023
10,663558,"Moran, Jovani",5/23/2023,718054,10,100,2023
10,669211,"Akin, Keegan",4/23/2023,718459,10,100,2023
10,623465,"Phillips, Evan",4/25/2023,718432,10,100,2023
10,676714,"Hughes, Brandon",4/23/2023,718451,10,100,2023
10,641627,"Gott, Trevor",5/30/2023,717952,10,100,2023
10,573204,"Thielbar, Caleb",4/10/2023,718640,10,100,2023
10,592094,"Adam, Jason",4/11/2023,718625,10,100,2023
10,518489,"Brasier, Ryan",5/12/2023,718211,10,100,2023
10,641941,"Pagán, Emilio",4/26/2023,718417,10,100,2023
10,542947,"Bleier, Richard",5/2/2023,718341,10,100,2023
10,547973,"Chapman, Aroldis",4/29/2023,718378,10,100,2023
10,554340,"García, Yimi",4/28/2023,718392,10,100,2023
10,672730,"Then, Juan",5/6/2023,718274,10,100,2023
10,571670,"Floro, Dylan",4/28/2023,718391,10,100,2023
10,573009,"Mantiply, Joe",4/28/2023,718390,10,100,2023
10,593576,"Neris, Héctor",5/2/2023,718337,10,100,2023
10,593974,"Peralta, Wandy",5/2/2023,718339,10,100,2023
10,663986,"Stephan, Trevor",5/3/2023,718324,10,100,2023
10,605154,"Brebbia, John",4/12/2023,718612,10,100,2023
10,605218,"Edwards Jr., Carl",4/12/2023,718602,10,100,2023
10,657265,"Strzelecki, Peter",4/25/2023,718428,10,100,2023
10,605280,"Holmes, Clay",5/1/2023,718351,10,100,2023
10,606160,"Montero, Rafael",4/28/2023,718389,10,100,2023
10,663546,"Hjelle, Sean",4/25/2023,718439,10,100,2023
10,664076,"Cleavinger, Garrett",4/24/2023,718449,10,100,2023
10,664208,"Maton, Phil",4/25/2023,718436,10,100,2023
10,623352,"Hader, Josh",4/30/2023,718368,10,100,2023
10,640470,"Alzolay, Adbert",4/30/2023,718364,10,100,2023
10,642239,"Zastryzny, Rob",5/31/2023,717953,10,100,2023
10,642585,"Bautista, Félix",4/29/2023,718401,10,100,2023
10,518617,"Diekman, Jake",5/27/2023,718002,10,100,2023
10,657024,"Swanson, Erik",4/28/2023,718392,10,100,2023
10,657265,"Strzelecki, Peter",5/2/2023,718334,10,100,2023
10,660261,"Fujinami, Shintaro",5/2/2023,718332,10,100,2023
10,622251,"Staumont, Josh",5/6/2023,718280,10,100,2023
10,677960,"Weathers, Ryan",4/25/2023,718426,10,100,2023
10,663992,"Lovelady, Richard",5/2/2023,718332,10,100,2023
10,664076,"Cleavinger, Garrett",4/30/2023,718355,10,100,2023
10,664199,"Clarke, Taylor",4/28/2023,718387,10,100,2023
10,642528,"Loáisiga, Jonathan",4/3/2023,718725,10,100,2023
10,623437,"Topa, Justin",4/12/2023,718606,10,100,2023
10,455119,"Martin, Chris",5/17/2023,718133,10,100,2023
10,665019,"Clemens, Kody",5/1/2023,718343,10,100,2023
10,519151,"Pressly, Ryan",5/19/2023,718112,10,100,2023
10,606965,"Devenski, Chris",5/29/2023,717971,10,100,2023
10,519151,"Pressly, Ryan",5/20/2023,718098,10,100,2023
10,676760,"Marinaccio, Ron",5/2/2023,718339,10,100,2023
10,543901,"Weber, Ryan",5/20/2023,718095,10,100,2023
10,519151,"Pressly, Ryan",5/27/2023,718003,10,100,2023
10,623433,"Anderson, Nick",4/1/2023,718753,10,100,2023
10,571479,"Bellatti, Andrew",5/17/2023,718143,10,100,2023
10,571479,"Bellatti, Andrew",5/19/2023,718116,10,100,2023
10,519293,"Smith, Will",5/16/2023,718148,10,100,2023
10,642397,"Soto, Gregory",4/11/2023,718619,10,100,2023
10,642585,"Bautista, Félix",4/13/2023,718596,10,100,2023
10,593576,"Neris, Héctor",5/15/2023,718158,10,100,2023
10,606965,"Devenski, Chris",5/22/2023,718070,10,100,2023
10,592848,"Weiss, Zack",5/19/2023,718106,10,100,2023
10,594943,"Neal, Zach",5/14/2023,718172,10,100,2023
10,605130,"Barlow, Scott",5/27/2023,718000,10,100,2023
10,642770,"Guerra, Javy",4/12/2023,718598,10,100,2023
10,605177,"Chafin, Andrew",5/15/2023,718160,10,100,2023
10,607481,"Bummer, Aaron",5/14/2023,718176,10,100,2023
10,605154,"Brebbia, John",5/19/2023,718105,10,100,2023
10,571948,"Milner, Hoby",4/2/2023,718738,10,100,2023
10,656638,"Lange, Alex",4/13/2023,718593,10,100,2023
10,642048,"Saucedo, Tayler",5/15/2023,718163,10,100,2023
10,642207,"Williams, Devin",5/13/2023,718183,10,100,2023
10,642397,"Soto, Gregory",5/13/2023,718188,10,100,2023
10,606149,"Gallegos, Giovanny",4/23/2023,718450,10,100,2023
10,664208,"Maton, Phil",5/27/2023,718003,10,100,2023
10,622772,"Cordero, Jimmy",5/21/2023,718085,10,100,2023
10,623149,"Sewald, Paul",5/20/2023,718094,10,100,2023
10,572955,"Johnson, Pierce",5/22/2023,718069,10,100,2023
10,666374,"Brash, Matt",5/13/2023,718194,10,100,2023
10,661403,"Clase, Emmanuel",4/10/2023,718637,10,100,2023
10,523260,"Kelly, Joe",4/8/2023,718662,10,100,2023
10,623474,"Herget, Jimmy",5/20/2023,718096,10,100,2023
10,664126,"Fairbanks, Pete",4/10/2023,718638,10,100,2023
10,542194,"Bethancourt, Christian",5/23/2023,718061,10,100,2023
10,640448,"Finnegan, Kyle",5/20/2023,718108,10,100,2023
10,680704,"Sandlin, Nick",5/16/2023,718147,10,100,2023
10,664208,"Maton, Phil",4/10/2023,718632,10,100,2023
10,502085,"Robertson, David",4/16/2023,718546,10,100,2023
10,666374,"Brash, Matt",4/10/2023,718628,10,100,2023
10,606149,"Gallegos, Giovanny",4/14/2023,718582,10,100,2023
10,621345,"Minter, A.J.",4/16/2023,718551,10,100,2023
10,621345,"Minter, A.J.",4/17/2023,718533,10,100,2023
10,657031,"Taylor, Josh",5/20/2023,718104,10,100,2023
10,623437,"Topa, Justin",4/14/2023,718577,10,100,2023
10,573124,"Rogers, Taylor",5/29/2023,717978,10,100,2023
10,670712,"Brosseau, Mike",5/26/2023,718017,10,100,2023
10,641835,"Mayza, Tim",4/16/2023,718556,10,100,2023
10,672841,"Vargas, Carlos",4/11/2023,718611,10,100,2023
10,650556,"Abreu, Bryan",4/15/2023,718562,10,100,2023
10,672335,"Pérez, Cionel",5/29/2023,717974,10,100,2023
9,542914,"Bass, Anthony",5/4/2023,718316,9,100,2023
9,594580,"Moll, Sam",5/26/2023,718009,9,100,2023
9,554340,"García, Yimi",4/21/2023,718487,9,100,2023
9,676680,"Cosgrove, Tom",5/17/2023,718140,9,100,2023
9,519043,"Moore, Matt",4/7/2023,718670,9,100,2023
9,622772,"Cordero, Jimmy",4/13/2023,718590,9,100,2023
9,676760,"Marinaccio, Ron",5/28/2023,717995,9,100,2023
9,572955,"Johnson, Pierce",4/6/2023,718682,9,100,2023
9,571710,"Givens, Mychal",5/23/2023,718058,9,100,2023
9,592773,"Stanek, Ryne",4/8/2023,718666,9,100,2023
9,571901,"Loup, Aaron",5/22/2023,718070,9,100,2023
9,571948,"Milner, Hoby",5/22/2023,718068,9,100,2023
9,657571,"Ferguson, Caleb",4/15/2023,718564,9,100,2023
9,543518,"McGough, Scott",4/2/2023,718736,9,100,2023
9,661403,"Clase, Emmanuel",5/31/2023,717946,9,100,2023
9,623474,"Herget, Jimmy",4/7/2023,718670,9,100,2023
9,642207,"Williams, Devin",4/5/2023,718698,9,100,2023
9,605177,"Chafin, Andrew",5/23/2023,718060,9,100,2023
9,643377,"Jax, Griffin",4/5/2023,718701,9,100,2023
9,657240,"Merryweather, Julian",4/9/2023,718642,9,100,2023
9,660813,"Graterol, Brusdar",4/7/2023,718671,9,100,2023
9,664849,"Young, Danny",4/9/2023,718648,9,100,2023
9,666168,"Thompson, Mason",4/8/2023,718658,9,100,2023
9,669211,"Akin, Keegan",4/5/2023,718694,9,100,2023
9,623465,"Phillips, Evan",4/2/2023,718736,9,100,2023
9,659275,"Lamet, Dinelson",4/14/2023,718577,9,100,2023
9,605280,"Holmes, Clay",5/3/2023,718324,9,100,2023
9,605447,"Romano, Jordan",5/5/2023,718307,9,100,2023
9,607359,"Patton, Spencer",5/5/2023,718299,9,100,2023
9,642048,"Saucedo, Tayler",5/6/2023,718274,9,100,2023
9,650893,"Cabrera, Génesis",5/6/2023,718288,9,100,2023
9,641941,"Pagán, Emilio",5/23/2023,718054,9,100,2023
9,663558,"Moran, Jovani",5/3/2023,718322,9,100,2023
9,642239,"Zastryzny, Rob",5/24/2023,718045,9,100,2023
9,663947,"Holton, Tyler",5/6/2023,718288,9,100,2023
9,665665,"Sanmartin, Reiver",5/3/2023,718330,9,100,2023
9,643493,"Pruitt, Austin",5/23/2023,718050,9,100,2023
9,670059,"Holderman, Colin",5/4/2023,718309,9,100,2023
9,670174,"Winckowski, Josh",5/6/2023,718284,9,100,2023
9,670059,"Holderman, Colin",3/30/2023,718773,9,100,2023
9,502202,"Boxberger, Brad",5/10/2023,718221,9,100,2023
9,523260,"Kelly, Joe",5/11/2023,718218,9,100,2023
9,657508,"Baumann, Mike",5/24/2023,718040,9,100,2023
9,669796,"Hernandez, Jose E.",5/30/2023,717972,9,100,2023
9,657571,"Ferguson, Caleb",5/22/2023,718074,9,100,2023
9,592779,"Stewart, Brock",5/10/2023,718224,9,100,2023
9,593576,"Neris, Héctor",5/10/2023,718235,9,100,2023
9,518397,"Alexander, Scott",4/23/2023,718455,9,100,2023
9,643377,"Jax, Griffin",3/30/2023,718775,9,100,2023
9,519043,"Moore, Matt",4/23/2023,718452,9,100,2023
9,622065,"Young, Alex",5/10/2023,718225,9,100,2023
9,592773,"Stanek, Ryne",5/28/2023,717980,9,100,2023
9,571670,"Floro, Dylan",4/18/2023,718528,9,100,2023
9,623465,"Phillips, Evan",5/7/2023,718266,9,100,2023
9,671345,"Foley, Jason",3/30/2023,718776,9,100,2023
9,642048,"Saucedo, Tayler",5/12/2023,718208,9,100,2023
9,598264,"Barnes, Matt",4/19/2023,718511,9,100,2023
9,656257,"Brigham, Jeff",5/7/2023,718276,9,100,2023
9,670183,"Acton, Garrett",5/25/2023,718025,9,100,2023
9,657612,"Hill, Tim",5/12/2023,718201,9,100,2023
9,663558,"Moran, Jovani",5/12/2023,718209,9,100,2023
9,671345,"Foley, Jason",5/25/2023,718031,9,100,2023
9,606160,"Montero, Rafael",4/22/2023,718471,9,100,2023
9,666808,"Doval, Camilo",5/11/2023,718215,9,100,2023
9,608723,"Voth, Austin",4/23/2023,718459,9,100,2023
9,623437,"Topa, Justin",4/22/2023,718464,9,100,2023
9,445926,"Chavez, Jesse",4/10/2023,718636,9,100,2023
9,641627,"Gott, Trevor",4/18/2023,718517,9,100,2023
9,542585,"Cisnero, José",4/24/2023,718441,9,100,2023
9,641871,"Middleton, Keynan",4/19/2023,718510,9,100,2023
9,642100,"Speier, Gabe",4/18/2023,718517,9,100,2023
9,594580,"Moll, Sam",4/27/2023,718402,9,100,2023
9,593974,"Peralta, Wandy",4/24/2023,718442,9,100,2023
9,519043,"Moore, Matt",4/12/2023,718602,9,100,2023
9,657240,"Merryweather, Julian",4/20/2023,718499,9,100,2023
9,596112,"Stephenson, Robert",4/25/2023,718432,9,100,2023
9,542914,"Bass, Anthony",4/11/2023,718622,9,100,2023
9,605280,"Holmes, Clay",4/26/2023,718417,9,100,2023
9,664208,"Maton, Phil",4/21/2023,718489,9,100,2023
9,612434,"Castro, Miguel",4/24/2023,718438,9,100,2023
9,666808,"Doval, Camilo",4/23/2023,718455,9,100,2023
9,641871,"Middleton, Keynan",5/26/2023,718021,9,100,2023
9,621016,"Cuas, Jose",4/24/2023,718438,9,100,2023
9,666974,"Cano, Yennier",4/18/2023,718531,9,100,2023
9,621249,"Underwood Jr., Duane",4/27/2023,718403,9,100,2023
9,642100,"Speier, Gabe",5/27/2023,718004,9,100,2023
9,670167,"Schreiber, John",4/22/2023,718470,9,100,2023
9,623437,"Topa, Justin",4/25/2023,718430,9,100,2023
9,641627,"Gott, Trevor",5/28/2023,717983,9,100,2023
9,682171,"Murfee, Penn",4/22/2023,718464,9,100,2023
9,445926,"Chavez, Jesse",5/1/2023,718352,9,100,2023
9,502202,"Boxberger, Brad",5/1/2023,718349,9,100,2023
9,642100,"Speier, Gabe",4/26/2023,718415,9,100,2023
9,518397,"Alexander, Scott",4/30/2023,718368,9,100,2023
9,642207,"Williams, Devin",4/26/2023,718419,9,100,2023
9,641302,"Alexander, Tyler",5/29/2023,717979,9,100,2023
9,676684,"Vest, Will",5/12/2023,718208,9,100,2023
9,573009,"Mantiply, Joe",4/30/2023,718358,9,100,2023
9,594580,"Moll, Sam",4/30/2023,718357,9,100,2023
9,656271,"Burke, Brock",5/27/2023,718001,9,100,2023
9,657508,"Baumann, Mike",4/27/2023,718405,9,100,2023
9,607755,"Vasquez, Andrew",5/31/2023,717944,9,100,2023
9,622075,"Almonte, Yency",4/30/2023,718359,9,100,2023
9,624522,"Thompson, Keegan",4/30/2023,718364,9,100,2023
9,621051,"Wilson, Steven",4/13/2023,718589,9,100,2023
9,656529,"Hentges, Sam",5/9/2023,718248,9,100,2023
9,642758,"Acevedo, Domingo",4/30/2023,718357,9,100,2023
9,643377,"Jax, Griffin",5/2/2023,718340,9,100,2023
9,647315,"Pop, Zach",5/2/2023,718341,9,100,2023
9,670280,"Bednar, David",4/27/2023,718403,9,100,2023
9,671345,"Foley, Jason",4/24/2023,718441,9,100,2023
9,676684,"Vest, Will",4/27/2023,718405,9,100,2023
9,622554,"Domínguez, Seranthony",4/12/2023,718609,9,100,2023
9,445926,"Chavez, Jesse",5/24/2023,718042,9,100,2023
9,622075,"Almonte, Yency",5/27/2023,718002,9,100,2023
9,621016,"Cuas, Jose",5/28/2023,717985,9,100,2023
9,660813,"Graterol, Brusdar",4/29/2023,718369,9,100,2023
9,660261,"Fujinami, Shintaro",5/29/2023,717970,9,100,2023
9,502085,"Robertson, David",5/19/2023,718119,9,100,2023
9,669093,"Estrada, Jeremiah",5/2/2023,718344,9,100,2023
9,453268,"Bard, Daniel",4/19/2023,718509,9,100,2023
9,669211,"Akin, Keegan",4/29/2023,718401,9,100,2023
9,670167,"Schreiber, John",4/30/2023,718370,9,100,2023
9,541640,"Ramírez, Erasmo",5/26/2023,718014,9,100,2023
9,670174,"Winckowski, Josh",4/29/2023,718385,9,100,2023
9,547973,"Chapman, Aroldis",5/7/2023,718268,9,100,2023
9,671345,"Foley, Jason",4/30/2023,718360,9,100,2023
9,663558,"Moran, Jovani",5/27/2023,718008,9,100,2023
9,656290,"Carlton, Drew",5/25/2023,718035,9,100,2023
9,641329,"Baker, Bryan",4/10/2023,718635,9,100,2023
9,543272,"Hand, Brad",5/20/2023,718100,9,100,2023
9,548384,"Raley, Brooks",5/21/2023,718099,9,100,2023
9,641835,"Mayza, Tim",4/13/2023,718593,9,100,2023
9,642239,"Zastryzny, Rob",4/10/2023,718632,9,100,2023
9,642546,"Hernández, Jonathan",4/12/2023,718595,9,100,2023
9,664747,"Díaz, Alexis",4/2/2023,718744,9,100,2023
9,592741,"Shreve, Chasen",5/19/2023,718123,9,100,2023
9,593974,"Peralta, Wandy",5/16/2023,718157,9,100,2023
9,664126,"Fairbanks, Pete",5/26/2023,718018,9,100,2023
9,605347,"López, Jorge",5/14/2023,718175,9,100,2023
9,641835,"Mayza, Tim",5/23/2023,718061,9,100,2023
9,600917,"Leclerc, José",5/19/2023,718114,9,100,2023
9,622065,"Young, Alex",5/16/2023,718145,9,100,2023
9,623437,"Topa, Justin",5/13/2023,718194,9,100,2023
9,640448,"Finnegan, Kyle",5/16/2023,718153,9,100,2023
9,642100,"Speier, Gabe",4/1/2023,718746,9,100,2023
9,641656,"Hamilton, Ian",5/15/2023,718164,9,100,2023
9,608032,"Estévez, Carlos",5/19/2023,718106,9,100,2023
9,608665,"Graveman, Kendall",5/20/2023,718104,9,100,2023
9,608718,"Suter, Brent",5/21/2023,718076,9,100,2023
9,657612,"Hill, Tim",4/10/2023,718634,9,100,2023
9,621057,"Garza, Justin",5/17/2023,718133,9,100,2023
9,622075,"Almonte, Yency",5/20/2023,718109,9,100,2023
9,624522,"Thompson, Keegan",5/17/2023,718127,9,100,2023
9,656271,"Burke, Brock",4/8/2023,718669,9,100,2023
9,571656,"Farmer, Buck",4/4/2023,718716,9,100,2023
9,624647,"González, Victor",5/20/2023,718109,9,100,2023
9,664126,"Fairbanks, Pete",4/12/2023,718600,9,100,2023
9,677053,"Nardi, Andrew",5/13/2023,718198,9,100,2023
9,472610,"García, Luis",4/15/2023,718560,9,100,2023
9,605280,"Holmes, Clay",4/9/2023,718651,9,100,2023
9,641401,"Brogdon, Connor",5/21/2023,718088,9,100,2023
9,641835,"Mayza, Tim",5/19/2023,718115,9,100,2023
9,642048,"Saucedo, Tayler",5/21/2023,718090,9,100,2023
9,543518,"McGough, Scott",4/15/2023,718567,9,100,2023
9,571656,"Farmer, Buck",4/15/2023,718566,9,100,2023
9,571670,"Floro, Dylan",4/14/2023,718584,9,100,2023
9,571670,"Floro, Dylan",4/17/2023,718544,9,100,2023
9,571901,"Loup, Aaron",4/17/2023,718540,9,100,2023
9,544727,"Familia, Jeurys",4/8/2023,718665,9,100,2023
9,572403,"VerHagen, Drew",4/16/2023,718548,9,100,2023
9,594580,"Moll, Sam",4/16/2023,718546,9,100,2023
9,668868,"Thompson, Zack",4/12/2023,718607,9,100,2023
9,600917,"Leclerc, José",4/14/2023,718581,9,100,2023
9,676684,"Vest, Will",5/27/2023,718005,9,100,2023
9,571948,"Milner, Hoby",5/25/2023,718028,9,100,2023
9,669276,"Lee, Dylan",4/11/2023,718620,9,100,2023
9,605447,"Romano, Jordan",4/14/2023,718587,9,100,2023
9,607455,"Banda, Anthony",4/15/2023,718573,9,100,2023
9,608032,"Estévez, Carlos",4/15/2023,718576,9,100,2023
9,572008,"Owings, Chris",5/29/2023,717978,9,100,2023
9,663485,"Sands, Cole",5/17/2023,718136,9,100,2023
9,663558,"Moran, Jovani",5/20/2023,718096,9,100,2023
9,663986,"Stephan, Trevor",5/19/2023,718119,9,100,2023
9,669276,"Lee, Dylan",4/15/2023,718563,9,100,2023
8,657265,"Strzelecki, Peter",4/16/2023,718549,8,100,2023
8,660813,"Graterol, Brusdar",4/14/2023,718575,8,100,2023
8,592741,"Shreve, Chasen",5/27/2023,718005,8,100,2023
8,518397,"Alexander, Scott",5/22/2023,718067,8,100,2023
8,669796,"Hernandez, Jose E.",5/20/2023,718101,8,100,2023
8,621363,"Poche, Colin",4/16/2023,718556,8,100,2023
8,647315,"Pop, Zach",4/14/2023,718587,8,100,2023
8,518617,"Diekman, Jake",4/5/2023,718695,8,100,2023
8,542914,"Bass, Anthony",4/6/2023,718686,8,100,2023
8,455119,"Martin, Chris",4/1/2023,718761,8,100,2023
8,605347,"López, Jorge",4/7/2023,718684,8,100,2023
8,607455,"Banda, Anthony",4/5/2023,718704,8,100,2023
8,641329,"Baker, Bryan",4/7/2023,718688,8,100,2023
8,642239,"Zastryzny, Rob",4/5/2023,718702,8,100,2023
8,605347,"López, Jorge",4/1/2023,718751,8,100,2023
8,647315,"Pop, Zach",4/9/2023,718644,8,100,2023
8,605242,"Fulmer, Michael",5/23/2023,718055,8,100,2023
8,656638,"Lange, Alex",4/6/2023,718690,8,100,2023
8,657024,"Swanson, Erik",4/5/2023,718692,8,100,2023
8,605280,"Holmes, Clay",5/27/2023,718006,8,100,2023
8,664076,"Cleavinger, Garrett",4/5/2023,718704,8,100,2023
8,664139,"Gibaut, Ian",4/8/2023,718668,8,100,2023
8,607755,"Vasquez, Andrew",5/24/2023,718043,8,100,2023
8,676760,"Marinaccio, Ron",4/9/2023,718651,8,100,2023
8,640448,"Finnegan, Kyle",4/2/2023,718743,8,100,2023
8,621016,"Cuas, Jose",5/22/2023,718066,8,100,2023
8,641729,"Jiménez, Joe",4/1/2023,718753,8,100,2023
8,643511,"Rogers, Tyler",4/3/2023,718730,8,100,2023
8,607732,"Stallings, Jacob",5/3/2023,718321,8,100,2023
8,607481,"Bummer, Aaron",5/27/2023,718005,8,100,2023
8,657044,"Thompson, Ryan",4/4/2023,718715,8,100,2023
8,628452,"Iglesias, Raisel",5/25/2023,718026,8,100,2023
8,661403,"Clase, Emmanuel",4/1/2023,718746,8,100,2023
8,664139,"Gibaut, Ian",4/4/2023,718716,8,100,2023
8,664208,"Maton, Phil",4/3/2023,718723,8,100,2023
8,657044,"Thompson, Ryan",5/4/2023,718309,8,100,2023
8,641835,"Mayza, Tim",3/30/2023,718772,8,100,2023
8,608717,"Stratton, Chris",5/29/2023,717975,8,100,2023
8,664747,"Díaz, Alexis",5/6/2023,718281,8,100,2023
8,669467,"Pallante, Andre",4/4/2023,718711,8,100,2023
8,671345,"Foley, Jason",5/3/2023,718329,8,100,2023
8,682171,"Murfee, Penn",5/3/2023,718319,8,100,2023
8,670810,"Gillaspie, Logan",4/1/2023,718761,8,100,2023
8,472610,"García, Luis",5/12/2023,718201,8,100,2023
8,518489,"Brasier, Ryan",5/9/2023,718245,8,100,2023
8,613534,"Adams, Austin",5/27/2023,717991,8,100,2023
8,571875,"Lamb, Jake",5/7/2023,718264,8,100,2023
8,612434,"Castro, Miguel",5/27/2023,717991,8,100,2023
8,518886,"Kimbrel, Craig",4/22/2023,718475,8,100,2023
8,605447,"Romano, Jordan",5/7/2023,718278,8,100,2023
8,621345,"Minter, A.J.",5/27/2023,717997,8,100,2023
8,548384,"Raley, Brooks",4/20/2023,718503,8,100,2023
8,571656,"Farmer, Buck",4/22/2023,718474,8,100,2023
8,622065,"Young, Alex",5/27/2023,718007,8,100,2023
8,642770,"Guerra, Javy",3/30/2023,718777,8,100,2023
8,623149,"Sewald, Paul",5/10/2023,718229,8,100,2023
8,623437,"Topa, Justin",5/7/2023,718265,8,100,2023
8,641302,"Alexander, Tyler",5/7/2023,718272,8,100,2023
8,573124,"Rogers, Taylor",4/21/2023,718480,8,100,2023
8,641703,"Honeywell, Brent",5/10/2023,718224,8,100,2023
8,643410,"Leiter Jr., Mark",5/12/2023,718209,8,100,2023
8,669093,"Estrada, Jeremiah",5/23/2023,718055,8,100,2023
8,656638,"Lange, Alex",5/8/2023,718261,8,100,2023
8,621381,"Strahm, Matt",5/12/2023,718202,8,100,2023
8,598264,"Barnes, Matt",4/22/2023,718473,8,100,2023
8,657240,"Merryweather, Julian",5/9/2023,718240,8,100,2023
8,664076,"Cleavinger, Garrett",5/7/2023,718271,8,100,2023
8,554340,"García, Yimi",5/30/2023,717965,8,100,2023
8,605242,"Fulmer, Michael",5/10/2023,718221,8,100,2023
8,608665,"Graveman, Kendall",4/18/2023,718543,8,100,2023
8,666974,"Cano, Yennier",5/10/2023,718227,8,100,2023
8,614179,"Ruiz, José",5/28/2023,717981,8,100,2023
8,614179,"Ruiz, José",4/20/2023,718494,8,100,2023
8,669459,"Nelson, Kyle",5/12/2023,718199,8,100,2023
8,622075,"Almonte, Yency",4/19/2023,718508,8,100,2023
8,622554,"Domínguez, Seranthony",4/18/2023,718525,8,100,2023
8,502202,"Boxberger, Brad",4/26/2023,718407,8,100,2023
8,623465,"Phillips, Evan",4/18/2023,718516,8,100,2023
8,669211,"Akin, Keegan",4/2/2023,718748,8,100,2023
8,641627,"Gott, Trevor",4/19/2023,718502,8,100,2023
8,453178,"Kennedy, Ian",4/12/2023,718595,8,100,2023
8,642397,"Soto, Gregory",4/19/2023,718510,8,100,2023
8,518397,"Alexander, Scott",4/11/2023,718624,8,100,2023
8,657612,"Hill, Tim",5/6/2023,718279,8,100,2023
8,656257,"Brigham, Jeff",4/18/2023,718516,8,100,2023
8,543272,"Hand, Brad",4/12/2023,718607,8,100,2023
8,664849,"Young, Danny",4/23/2023,718462,8,100,2023
8,642100,"Speier, Gabe",5/28/2023,717983,8,100,2023
8,664126,"Fairbanks, Pete",4/4/2023,718715,8,100,2023
8,622554,"Domínguez, Seranthony",4/27/2023,718404,8,100,2023
8,670280,"Bednar, David",4/21/2023,718492,8,100,2023
8,571901,"Loup, Aaron",4/12/2023,718602,8,100,2023
8,519293,"Smith, Will",4/28/2023,718388,8,100,2023
8,519293,"Smith, Will",5/30/2023,717964,8,100,2023
8,594580,"Moll, Sam",4/10/2023,718635,8,100,2023
8,596112,"Stephenson, Robert",4/29/2023,718383,8,100,2023
8,607237,"Garrett, Amir",4/28/2023,718387,8,100,2023
8,614179,"Ruiz, José",5/23/2023,718060,8,100,2023
8,621074,"Rucker, Michael",4/4/2023,718716,8,100,2023
8,623465,"Phillips, Evan",4/30/2023,718359,8,100,2023
8,624647,"González, Victor",4/28/2023,718382,8,100,2023
8,647315,"Pop, Zach",4/30/2023,718363,8,100,2023
8,657514,"Bernardino, Brennan",5/1/2023,718353,8,100,2023
8,606303,"Payamps, Joel",5/24/2023,718046,8,100,2023
8,541640,"Ramírez, Erasmo",5/29/2023,717973,8,100,2023
8,519043,"Moore, Matt",5/21/2023,718080,8,100,2023
8,542947,"Bleier, Richard",5/21/2023,718079,8,100,2023
8,554340,"García, Yimi",5/18/2023,718121,8,100,2023
8,518397,"Alexander, Scott",5/15/2023,718170,8,100,2023
8,572955,"Johnson, Pierce",5/20/2023,718100,8,100,2023
8,642100,"Speier, Gabe",4/10/2023,718628,8,100,2023
8,642546,"Hernández, Jonathan",4/11/2023,718615,8,100,2023
8,594580,"Moll, Sam",4/1/2023,718757,8,100,2023
8,593974,"Peralta, Wandy",5/21/2023,718085,8,100,2023
8,643377,"Jax, Griffin",4/11/2023,718616,8,100,2023
8,643377,"Jax, Griffin",5/30/2023,717956,8,100,2023
8,608032,"Estévez, Carlos",5/14/2023,718182,8,100,2023
8,502085,"Robertson, David",4/1/2023,718755,8,100,2023
8,676714,"Hughes, Brandon",5/17/2023,718127,8,100,2023
8,663992,"Lovelady, Richard",5/27/2023,718003,8,100,2023
8,605154,"Brebbia, John",5/21/2023,718078,8,100,2023
8,608638,"Chargois, JT",5/20/2023,718103,8,100,2023
8,571710,"Givens, Mychal",5/27/2023,718001,8,100,2023
8,622065,"Young, Alex",5/20/2023,718095,8,100,2023
8,666974,"Cano, Yennier",5/16/2023,718154,8,100,2023
8,664076,"Cleavinger, Garrett",4/11/2023,718625,8,100,2023
8,677053,"Nardi, Andrew",5/16/2023,718153,8,100,2023
8,641427,"Busenitz, Alan",5/19/2023,718120,8,100,2023
8,641627,"Gott, Trevor",5/19/2023,718110,8,100,2023
8,542914,"Bass, Anthony",4/16/2023,718556,8,100,2023
8,544727,"Familia, Jeurys",4/17/2023,718536,8,100,2023
8,600917,"Leclerc, José",4/17/2023,718539,8,100,2023
8,596112,"Stephenson, Robert",4/14/2023,718582,8,100,2023
8,607481,"Bummer, Aaron",4/15/2023,718570,8,100,2023
7,663986,"Stephan, Trevor",5/18/2023,718125,7,100,2023
7,669093,"Estrada, Jeremiah",5/21/2023,718088,7,100,2023
7,663855,"Hicks, Jordan",5/18/2023,718124,7,100,2023
7,668868,"Thompson, Zack",4/16/2023,718548,7,100,2023
7,622259,"Wingenter, Trey",4/15/2023,718571,7,100,2023
7,641525,"Dixon, Brandon",4/14/2023,718574,7,100,2023
7,493603,"Ottavino, Adam",4/5/2023,718698,7,100,2023
7,493603,"Ottavino, Adam",5/25/2023,718024,7,100,2023
7,571948,"Milner, Hoby",4/7/2023,718674,7,100,2023
7,670183,"Acton, Garrett",5/21/2023,718086,7,100,2023
7,542914,"Bass, Anthony",5/22/2023,718077,7,100,2023
7,572403,"VerHagen, Drew",4/8/2023,718660,7,100,2023
7,676680,"Cosgrove, Tom",5/21/2023,718079,7,100,2023
7,676760,"Marinaccio, Ron",5/18/2023,718121,7,100,2023
7,676979,"Crochet, Garrett",5/18/2023,718125,7,100,2023
7,543056,"Coulombe, Danny",4/7/2023,718688,7,100,2023
7,677865,"Bruihl, Justin",5/20/2023,718109,7,100,2023
7,543056,"Coulombe, Danny",5/10/2023,718227,7,100,2023
7,622554,"Domínguez, Seranthony",4/8/2023,718668,7,100,2023
7,640451,"Harvey, Hunter",4/7/2023,718673,7,100,2023
7,682171,"Murfee, Penn",3/31/2023,718763,7,100,2023
7,607481,"Bummer, Aaron",4/2/2023,718740,7,100,2023
7,663855,"Hicks, Jordan",4/9/2023,718650,7,100,2023
7,663986,"Stephan, Trevor",4/8/2023,718663,7,100,2023
7,664208,"Maton, Phil",4/8/2023,718666,7,100,2023
7,666204,"Jiménez, Dany",4/9/2023,718655,7,100,2023
7,682171,"Murfee, Penn",4/8/2023,718663,7,100,2023
7,621363,"Poche, Colin",5/25/2023,718032,7,100,2023
7,542914,"Bass, Anthony",5/3/2023,718323,7,100,2023
7,542914,"Bass, Anthony",5/6/2023,718286,7,100,2023
7,642585,"Bautista, Félix",4/3/2023,718726,7,100,2023
7,605280,"Holmes, Clay",5/6/2023,718291,7,100,2023
7,647315,"Pop, Zach",4/2/2023,718737,7,100,2023
7,621433,"Phillips, Brett",5/6/2023,718275,7,100,2023
7,642048,"Saucedo, Tayler",5/5/2023,718297,7,100,2023
7,642100,"Speier, Gabe",5/3/2023,718319,7,100,2023
7,662253,"Muñoz, Andrés",4/2/2023,718735,7,100,2023
7,664139,"Gibaut, Ian",4/3/2023,718728,7,100,2023
7,665048,"Harris, Hobie",5/5/2023,718296,7,100,2023
7,669459,"Nelson, Kyle",5/6/2023,718282,7,100,2023
7,608638,"Chargois, JT",3/30/2023,718774,7,100,2023
7,675916,"Karinchak, James",4/3/2023,718721,7,100,2023
7,682171,"Murfee, Penn",4/2/2023,718735,7,100,2023
7,573009,"Mantiply, Joe",5/8/2023,718249,7,100,2023
7,605130,"Barlow, Scott",5/11/2023,718218,7,100,2023
7,608665,"Graveman, Kendall",5/9/2023,718238,7,100,2023
7,621016,"Cuas, Jose",5/12/2023,718204,7,100,2023
7,621074,"Rucker, Michael",5/9/2023,718240,7,100,2023
7,621051,"Wilson, Steven",5/9/2023,718242,7,100,2023
7,606160,"Montero, Rafael",4/18/2023,718520,7,100,2023
7,456713,"Bush, Matt",4/19/2023,718502,7,100,2023
7,605347,"López, Jorge",4/23/2023,718454,7,100,2023
7,675916,"Karinchak, James",5/23/2023,718063,7,100,2023
7,687330,"Kelly, Kevin",5/23/2023,718061,7,100,2023
7,641627,"Gott, Trevor",4/21/2023,718481,7,100,2023
7,641656,"Hamilton, Ian",4/19/2023,718504,7,100,2023
7,543518,"McGough, Scott",4/26/2023,718418,7,100,2023
7,643256,"Cimber, Adam",4/19/2023,718501,7,100,2023
7,595345,"Okert, Steven",4/27/2023,718410,7,100,2023
7,656257,"Brigham, Jeff",5/6/2023,718290,7,100,2023
7,656271,"Burke, Brock",4/2/2023,718739,7,100,2023
7,660813,"Graterol, Brusdar",4/20/2023,718499,7,100,2023
7,641941,"Pagán, Emilio",5/28/2023,717988,7,100,2023
7,472610,"García, Luis",5/2/2023,718335,7,100,2023
7,642546,"Hernández, Jonathan",4/26/2023,718424,7,100,2023
7,605242,"Fulmer, Michael",5/5/2023,718303,7,100,2023
7,656234,"Bird, Jake",5/26/2023,718016,7,100,2023
7,455119,"Martin, Chris",5/27/2023,717991,7,100,2023
7,623437,"Topa, Justin",4/30/2023,718363,7,100,2023
7,640451,"Harvey, Hunter",4/29/2023,718399,7,100,2023
7,518617,"Diekman, Jake",5/26/2023,718018,7,100,2023
7,666619,"Santos, Gregory",4/27/2023,718396,7,100,2023
7,641835,"Mayza, Tim",5/1/2023,718353,7,100,2023
7,621016,"Cuas, Jose",4/12/2023,718595,7,100,2023
7,621016,"Cuas, Jose",5/30/2023,717960,7,100,2023
7,656061,"Abreu, Albert",4/28/2023,718388,7,100,2023
7,661395,"Duran, Jhoan",4/30/2023,718362,7,100,2023
7,661403,"Clase, Emmanuel",4/29/2023,718385,7,100,2023
7,664948,"Misiewicz, Anthony",4/29/2023,718366,7,100,2023
7,657044,"Thompson, Ryan",4/9/2023,718655,7,100,2023
7,543518,"McGough, Scott",4/3/2023,718722,7,100,2023
7,472551,"Abad, Fernando",5/17/2023,718138,7,100,2023
7,669060,"Wilson, Bryse",4/29/2023,718376,7,100,2023
7,518397,"Alexander, Scott",5/17/2023,718143,7,100,2023
7,670174,"Winckowski, Josh",5/2/2023,718341,7,100,2023
7,670167,"Schreiber, John",5/2/2023,718341,7,100,2023
7,641329,"Baker, Bryan",4/11/2023,718618,7,100,2023
7,523260,"Kelly, Joe",5/16/2023,718147,7,100,2023
7,592094,"Adam, Jason",5/20/2023,718093,7,100,2023
7,571539,"Carasiti, Matt",5/24/2023,718036,7,100,2023
7,664199,"Clarke, Taylor",5/29/2023,717975,7,100,2023
7,650671,"Quijada, José",4/12/2023,718602,7,100,2023
7,606160,"Montero, Rafael",5/15/2023,718158,7,100,2023
7,605130,"Barlow, Scott",5/17/2023,718140,7,100,2023
7,669459,"Nelson, Kyle",5/17/2023,718139,7,100,2023
7,623433,"Anderson, Nick",5/14/2023,718181,7,100,2023
7,641627,"Gott, Trevor",5/14/2023,718173,7,100,2023
7,608344,"Irvin, Cole",5/20/2023,718102,7,100,2023
7,642546,"Hernández, Jonathan",5/16/2023,718148,7,100,2023
7,670810,"Gillaspie, Logan",4/15/2023,718570,7,100,2023
7,668984,"Legumina, Casey",5/13/2023,718198,7,100,2023
7,669459,"Nelson, Kyle",5/16/2023,718146,7,100,2023
7,670167,"Schreiber, John",5/15/2023,718163,7,100,2023
7,445276,"Jansen, Kenley",4/15/2023,718576,7,100,2023
7,666374,"Brash, Matt",4/12/2023,718606,7,100,2023
7,605177,"Chafin, Andrew",4/15/2023,718567,7,100,2023
7,656257,"Brigham, Jeff",5/18/2023,718122,7,100,2023
7,572403,"VerHagen, Drew",5/28/2023,717993,7,100,2023
6,621363,"Poche, Colin",4/12/2023,718600,6,100,2023
6,572955,"Johnson, Pierce",5/27/2023,718011,6,100,2023
6,650893,"Cabrera, Génesis",4/29/2023,718369,6,100,2023
6,657612,"Hill, Tim",5/17/2023,718140,6,100,2023
6,605177,"Chafin, Andrew",5/29/2023,717977,6,100,2023
6,677053,"Nardi, Andrew",5/26/2023,718015,6,100,2023
6,660853,"De Los Santos, Enyel",3/30/2023,718767,6,100,2023
6,605154,"Brebbia, John",4/8/2023,718672,6,100,2023
6,605447,"Romano, Jordan",4/7/2023,718670,6,100,2023
6,593974,"Peralta, Wandy",4/20/2023,718496,6,100,2023
6,641835,"Mayza, Tim",4/6/2023,718686,6,100,2023
6,643511,"Rogers, Tyler",4/9/2023,718643,6,100,2023
6,605347,"López, Jorge",5/29/2023,717968,6,100,2023
6,622065,"Young, Alex",4/3/2023,718728,6,100,2023
6,621057,"Garza, Justin",5/23/2023,718053,6,100,2023
6,682171,"Murfee, Penn",4/9/2023,718646,6,100,2023
6,605177,"Chafin, Andrew",5/2/2023,718342,6,100,2023
6,547973,"Chapman, Aroldis",5/3/2023,718314,6,100,2023
6,622554,"Domínguez, Seranthony",5/6/2023,718284,6,100,2023
6,641329,"Baker, Bryan",5/23/2023,718058,6,100,2023
6,642100,"Speier, Gabe",5/5/2023,718297,6,100,2023
6,608665,"Graveman, Kendall",5/28/2023,717989,6,100,2023
6,663658,"Ward, Thaddeus",5/6/2023,718282,6,100,2023
6,675916,"Karinchak, James",5/6/2023,718285,6,100,2023
6,542585,"Cisnero, José",5/12/2023,718208,6,100,2023
6,593576,"Neris, Héctor",5/12/2023,718207,6,100,2023
6,607237,"Garrett, Amir",5/8/2023,718253,6,100,2023
6,623211,"Brazobán, Huascar",5/10/2023,718226,6,100,2023
6,623465,"Phillips, Evan",5/9/2023,718241,6,100,2023
6,622554,"Domínguez, Seranthony",5/2/2023,718331,6,100,2023
6,656222,"Beeks, Jalen",5/7/2023,718271,6,100,2023
6,608032,"Estévez, Carlos",4/23/2023,718452,6,100,2023
6,663986,"Stephan, Trevor",5/9/2023,718248,6,100,2023
6,663992,"Lovelady, Richard",5/12/2023,718200,6,100,2023
6,669796,"Hernandez, Jose E.",5/10/2023,718231,6,100,2023
6,669796,"Hernandez, Jose E.",5/12/2023,718213,6,100,2023
6,672335,"Pérez, Cionel",5/7/2023,718277,6,100,2023
6,656061,"Abreu, Albert",5/7/2023,718271,6,100,2023
6,628452,"Iglesias, Raisel",5/31/2023,717949,6,100,2023
6,670810,"Gillaspie, Logan",3/30/2023,718782,6,100,2023
6,519293,"Smith, Will",4/24/2023,718445,6,100,2023
6,542585,"Cisnero, José",4/27/2023,718405,6,100,2023
6,650893,"Cabrera, Génesis",4/22/2023,718464,6,100,2023
6,641401,"Brogdon, Connor",5/30/2023,717962,6,100,2023
6,593576,"Neris, Héctor",4/26/2023,718414,6,100,2023
6,656814,"Ortiz, Luis F.",4/18/2023,718543,6,100,2023
6,669674,"Long, Sam",5/3/2023,718319,6,100,2023
6,493603,"Ottavino, Adam",5/31/2023,717944,6,100,2023
6,518886,"Kimbrel, Craig",4/12/2023,718609,6,100,2023
6,660813,"Graterol, Brusdar",4/4/2023,718703,6,100,2023
6,661403,"Clase, Emmanuel",4/23/2023,718460,6,100,2023
6,661403,"Clase, Emmanuel",4/22/2023,718488,6,100,2023
6,663897,"Williams, Luke",4/21/2023,718491,6,100,2023
6,621074,"Rucker, Michael",4/26/2023,718407,6,100,2023
6,641835,"Mayza, Tim",4/24/2023,718444,6,100,2023
6,641871,"Middleton, Keynan",4/26/2023,718420,6,100,2023
6,573124,"Rogers, Taylor",5/1/2023,718350,6,100,2023
6,594580,"Moll, Sam",4/28/2023,718380,6,100,2023
6,493603,"Ottavino, Adam",5/26/2023,718016,6,100,2023
6,666808,"Doval, Camilo",4/26/2023,718423,6,100,2023
6,642100,"Speier, Gabe",4/2/2023,718735,6,100,2023
6,548384,"Raley, Brooks",4/1/2023,718755,6,100,2023
6,680704,"Sandlin, Nick",4/24/2023,718448,6,100,2023
6,657571,"Ferguson, Caleb",4/30/2023,718359,6,100,2023
6,642546,"Hernández, Jonathan",5/31/2023,717951,6,100,2023
6,664747,"Díaz, Alexis",4/30/2023,718357,6,100,2023
6,502202,"Boxberger, Brad",4/4/2023,718716,6,100,2023
6,666374,"Brash, Matt",4/29/2023,718379,6,100,2023
6,666974,"Cano, Yennier",4/29/2023,718401,6,100,2023
6,542585,"Cisnero, José",5/17/2023,718142,6,100,2023
6,543901,"Weber, Ryan",5/14/2023,718180,6,100,2023
6,669618,"Barlow, Joe",5/17/2023,718126,6,100,2023
6,571882,"Law, Derek",5/16/2023,718145,6,100,2023
6,571946,"Miller, Shelby",5/21/2023,718083,6,100,2023
6,605242,"Fulmer, Michael",5/13/2023,718195,6,100,2023
6,665001,"Kelley, Trevor",5/29/2023,717976,6,100,2023
6,664747,"Díaz, Alexis",5/16/2023,718145,6,100,2023
6,669467,"Pallante, Andre",5/26/2023,718022,6,100,2023
6,594580,"Moll, Sam",4/14/2023,718578,6,100,2023
6,548384,"Raley, Brooks",5/28/2023,717982,6,100,2023
5,664294,"Moreta, Dauri",5/20/2023,718101,5,100,2023
5,666619,"Santos, Gregory",4/12/2023,718605,5,100,2023
5,656529,"Hentges, Sam",5/17/2023,718129,5,100,2023
5,548384,"Raley, Brooks",4/15/2023,718565,5,100,2023
5,573124,"Rogers, Taylor",4/15/2023,718571,5,100,2023
5,518489,"Brasier, Ryan",5/3/2023,718323,5,100,2023
5,445926,"Chavez, Jesse",4/5/2023,718697,5,100,2023
5,519151,"Pressly, Ryan",5/5/2023,718297,5,100,2023
5,672335,"Pérez, Cionel",5/21/2023,718087,5,100,2023
5,672730,"Then, Juan",5/21/2023,718090,5,100,2023
5,554340,"García, Yimi",5/4/2023,718316,5,100,2023
5,605154,"Brebbia, John",4/9/2023,718643,5,100,2023
5,607237,"Garrett, Amir",4/6/2023,718686,5,100,2023
5,621249,"Underwood Jr., Duane",4/5/2023,718702,5,100,2023
5,594580,"Moll, Sam",4/4/2023,718707,5,100,2023
5,600921,"Machado, Andrés",5/23/2023,718064,5,100,2023
5,606149,"Gallegos, Giovanny",5/27/2023,717996,5,100,2023
5,612434,"Castro, Miguel",4/3/2023,718722,5,100,2023
5,664294,"Moreta, Dauri",4/9/2023,718653,5,100,2023
5,608718,"Suter, Brent",5/25/2023,718033,5,100,2023
5,640451,"Harvey, Hunter",4/2/2023,718743,5,100,2023
5,455119,"Martin, Chris",5/5/2023,718301,5,100,2023
5,657612,"Hill, Tim",4/1/2023,718750,5,100,2023
5,657612,"Hill, Tim",5/3/2023,718330,5,100,2023
5,666808,"Doval, Camilo",5/6/2023,718287,5,100,2023
5,656257,"Brigham, Jeff",5/23/2023,718055,5,100,2023
5,542947,"Bleier, Richard",5/7/2023,718270,5,100,2023
5,543518,"McGough, Scott",5/12/2023,718199,5,100,2023
5,594580,"Moll, Sam",5/12/2023,718200,5,100,2023
5,543056,"Coulombe, Danny",4/18/2023,718531,5,100,2023
5,623211,"Brazobán, Huascar",5/12/2023,718212,5,100,2023
5,623211,"Brazobán, Huascar",5/7/2023,718269,5,100,2023
5,642100,"Speier, Gabe",5/10/2023,718229,5,100,2023
5,643511,"Rogers, Tyler",5/11/2023,718215,5,100,2023
5,665871,"Assad, Javier",5/25/2023,718024,5,100,2023
5,666142,"Ragans, Cole",3/30/2023,718779,5,100,2023
5,670059,"Holderman, Colin",5/22/2023,718075,5,100,2023
5,669276,"Lee, Dylan",5/7/2023,718277,5,100,2023
5,605177,"Chafin, Andrew",4/22/2023,718467,5,100,2023
5,677053,"Nardi, Andrew",5/25/2023,718033,5,100,2023
5,669674,"Long, Sam",5/7/2023,718268,5,100,2023
5,687330,"Kelly, Kevin",5/24/2023,718044,5,100,2023
5,650489,"Castro, Willi",4/20/2023,718497,5,100,2023
5,543521,"McHugh, Collin",4/25/2023,718429,5,100,2023
5,572955,"Johnson, Pierce",4/26/2023,718421,5,100,2023
5,605347,"López, Jorge",3/30/2023,718775,5,100,2023
5,657240,"Merryweather, Julian",4/22/2023,718479,5,100,2023
5,666974,"Cano, Yennier",4/19/2023,718518,5,100,2023
5,672335,"Pérez, Cionel",4/23/2023,718459,5,100,2023
5,571479,"Bellatti, Andrew",4/13/2023,718597,5,100,2023
5,640448,"Finnegan, Kyle",4/27/2023,718398,5,100,2023
5,676760,"Marinaccio, Ron",5/31/2023,717939,5,100,2023
5,666374,"Brash, Matt",4/4/2023,718706,5,100,2023
5,657024,"Swanson, Erik",4/4/2023,718708,5,100,2023
5,605177,"Chafin, Andrew",4/12/2023,718598,5,100,2023
5,606303,"Payamps, Joel",4/30/2023,718365,5,100,2023
5,657265,"Strzelecki, Peter",4/26/2023,718419,5,100,2023
5,663947,"Holton, Tyler",4/24/2023,718441,5,100,2023
5,664875,"Lawrence, Justin",4/24/2023,718448,5,100,2023
5,678061,"Kerr, Ray",4/25/2023,718426,5,100,2023
5,642100,"Speier, Gabe",5/2/2023,718332,5,100,2023
5,643410,"Leiter Jr., Mark",4/28/2023,718391,5,100,2023
5,660813,"Graterol, Brusdar",4/30/2023,718359,5,100,2023
5,669459,"Nelson, Kyle",4/30/2023,718358,5,100,2023
5,548384,"Raley, Brooks",5/21/2023,718082,5,100,2023
5,687330,"Kelly, Kevin",4/30/2023,718355,5,100,2023
5,640451,"Harvey, Hunter",4/8/2023,718658,5,100,2023
5,592779,"Stewart, Brock",5/20/2023,718096,5,100,2023
5,592094,"Adam, Jason",5/14/2023,718180,5,100,2023
5,595345,"Okert, Steven",5/14/2023,718178,5,100,2023
5,595345,"Okert, Steven",5/18/2023,718130,5,100,2023
5,571948,"Milner, Hoby",4/9/2023,718650,5,100,2023
5,642100,"Speier, Gabe",5/15/2023,718163,5,100,2023
5,657571,"Ferguson, Caleb",5/13/2023,718185,5,100,2023
5,623433,"Anderson, Nick",5/19/2023,718110,5,100,2023
5,623474,"Herget, Jimmy",5/19/2023,718106,5,100,2023
5,518397,"Alexander, Scott",4/5/2023,718695,5,100,2023
5,669276,"Lee, Dylan",5/13/2023,718192,5,100,2023
5,666374,"Brash, Matt",5/28/2023,717983,5,100,2023
5,670712,"Brosseau, Mike",5/15/2023,718166,5,100,2023
5,675916,"Karinchak, James",5/14/2023,718182,5,100,2023
5,676714,"Hughes, Brandon",5/14/2023,718175,5,100,2023
5,641672,"Hatch, Thomas",5/19/2023,718115,5,100,2023
5,592094,"Adam, Jason",5/26/2023,718018,5,100,2023
5,666142,"Ragans, Cole",4/11/2023,718615,5,100,2023
5,664747,"Díaz, Alexis",4/13/2023,718597,5,100,2023
4,642397,"Soto, Gregory",5/21/2023,718088,4,100,2023
4,668868,"Thompson, Zack",4/10/2023,718629,4,100,2023
4,622098,"Smith, Drew",4/17/2023,718532,4,100,2023
4,621345,"Minter, A.J.",5/30/2023,717958,4,100,2023
4,669459,"Nelson, Kyle",5/13/2023,718184,4,100,2023
4,571946,"Miller, Shelby",4/7/2023,718671,4,100,2023
4,676680,"Cosgrove, Tom",5/14/2023,718168,4,100,2023
4,666374,"Brash, Matt",5/27/2023,718004,4,100,2023
4,669424,"Lambert, Jimmy",3/31/2023,718764,4,100,2023
4,682120,"Herrin, Tim",4/9/2023,718646,4,100,2023
4,622065,"Young, Alex",5/30/2023,717966,4,100,2023
4,656061,"Abreu, Albert",5/3/2023,718324,4,100,2023
4,656234,"Bird, Jake",5/3/2023,718315,4,100,2023
4,605242,"Fulmer, Michael",5/31/2023,717950,4,100,2023
4,656546,"Hoffman, Jeff",5/25/2023,718026,4,100,2023
4,519293,"Smith, Will",5/11/2023,718217,4,100,2023
4,621295,"Wittgren, Nick",5/30/2023,717960,4,100,2023
4,542947,"Bleier, Richard",4/22/2023,718470,4,100,2023
4,608678,"Leone, Dominic",5/11/2023,718223,4,100,2023
4,622098,"Smith, Drew",5/12/2023,718214,4,100,2023
4,596112,"Stephenson, Robert",4/20/2023,718500,4,100,2023
4,656271,"Burke, Brock",5/8/2023,718251,4,100,2023
4,571901,"Loup, Aaron",4/27/2023,718402,4,100,2023
4,669796,"Hernandez, Jose E.",4/4/2023,718713,4,100,2023
4,592222,"Claudio, Alex",4/24/2023,718441,4,100,2023
4,660853,"De Los Santos, Enyel",4/22/2023,718473,4,100,2023
4,657612,"Hill, Tim",4/3/2023,718722,4,100,2023
4,677053,"Nardi, Andrew",5/30/2023,717963,4,100,2023
4,573204,"Thielbar, Caleb",4/11/2023,718616,4,100,2023
4,663992,"Lovelady, Richard",4/27/2023,718402,4,100,2023
4,621074,"Rucker, Michael",5/2/2023,718344,4,100,2023
4,660261,"Fujinami, Shintaro",5/30/2023,717958,4,100,2023
4,641627,"Gott, Trevor",4/29/2023,718379,4,100,2023
4,642207,"Williams, Devin",4/29/2023,718376,4,100,2023
4,488984,"Hunter, Tommy",5/19/2023,718119,4,100,2023
4,518617,"Diekman, Jake",5/17/2023,718135,4,100,2023
4,543056,"Coulombe, Danny",5/17/2023,718137,4,100,2023
4,672335,"Pérez, Cionel",5/2/2023,718336,4,100,2023
4,672335,"Pérez, Cionel",4/30/2023,718360,4,100,2023
4,676680,"Cosgrove, Tom",4/29/2023,718384,4,100,2023
4,593974,"Peralta, Wandy",5/17/2023,718134,4,100,2023
4,572955,"Johnson, Pierce",5/17/2023,718138,4,100,2023
4,606965,"Devenski, Chris",5/21/2023,718080,4,100,2023
4,657044,"Thompson, Ryan",5/16/2023,718150,4,100,2023
4,667463,"King, John",5/28/2023,717990,4,100,2023
4,621345,"Minter, A.J.",5/17/2023,718126,4,100,2023
3,669459,"Nelson, Kyle",4/11/2023,718611,3,100,2023
3,664199,"Clarke, Taylor",5/21/2023,718084,3,100,2023
3,641835,"Mayza, Tim",5/20/2023,718102,3,100,2023
3,660813,"Graterol, Brusdar",5/14/2023,718168,3,100,2023
3,642100,"Speier, Gabe",4/17/2023,718534,3,100,2023
3,571479,"Bellatti, Andrew",4/2/2023,718739,3,100,2023
3,608638,"Chargois, JT",4/9/2023,718647,3,100,2023
3,542914,"Bass, Anthony",5/21/2023,718087,3,100,2023
3,621363,"Poche, Colin",5/26/2023,718018,3,100,2023
3,598264,"Barnes, Matt",5/13/2023,718198,3,100,2023
3,641835,"Mayza, Tim",4/9/2023,718644,3,100,2023
3,642758,"Acevedo, Domingo",4/5/2023,718689,3,100,2023
3,661395,"Duran, Jhoan",4/8/2023,718666,3,100,2023
3,622772,"Cordero, Jimmy",4/1/2023,718762,3,100,2023
3,518397,"Alexander, Scott",5/3/2023,718326,3,100,2023
3,595345,"Okert, Steven",5/4/2023,718308,3,100,2023
3,660593,"Reyes, Denyi",4/4/2023,718712,3,100,2023
3,572193,"Tepera, Ryan",4/3/2023,718720,3,100,2023
3,665665,"Sanmartin, Reiver",4/1/2023,718756,3,100,2023
3,669276,"Lee, Dylan",4/4/2023,718711,3,100,2023
3,598264,"Barnes, Matt",5/12/2023,718212,3,100,2023
3,593619,"Tapia, Domingo",5/10/2023,718224,3,100,2023
3,641302,"Alexander, Tyler",5/9/2023,718248,3,100,2023
3,625643,"López, Reynaldo",5/28/2023,717989,3,100,2023
3,622772,"Cordero, Jimmy",4/22/2023,718476,3,100,2023
3,656257,"Brigham, Jeff",4/19/2023,718508,3,100,2023
3,596112,"Stephenson, Robert",5/24/2023,718045,3,100,2023
3,664294,"Moreta, Dauri",5/31/2023,717953,3,100,2023
3,669424,"Lambert, Jimmy",4/22/2023,718477,3,100,2023
3,687396,"Headrick, Brent",4/22/2023,718468,3,100,2023
3,543056,"Coulombe, Danny",4/29/2023,718401,3,100,2023
3,605447,"Romano, Jordan",5/1/2023,718353,3,100,2023
3,445926,"Chavez, Jesse",5/31/2023,717949,3,100,2023
3,543056,"Coulombe, Danny",5/28/2023,717990,3,100,2023
2,656353,"Davidson, Tucker",4/15/2023,718576,2,100,2023
2,660853,"De Los Santos, Enyel",5/26/2023,718022,2,100,2023
2,657756,"Seabold, Connor",4/11/2023,718613,2,100,2023
2,571901,"Loup, Aaron",4/8/2023,718657,2,100,2023
2,642100,"Speier, Gabe",4/14/2023,718577,2,100,2023
2,612434,"Castro, Miguel",5/6/2023,718282,2,100,2023
2,593576,"Neris, Héctor",5/27/2023,718003,2,100,2023
2,669211,"Akin, Keegan",4/1/2023,718761,2,100,2023
2,518617,"Diekman, Jake",4/12/2023,718605,2,100,2023
2,677053,"Nardi, Andrew",3/30/2023,718774,2,100,2023
2,621016,"Cuas, Jose",5/8/2023,718253,2,100,2023
2,641835,"Mayza, Tim",5/30/2023,717965,2,100,2023
2,680704,"Sandlin, Nick",5/22/2023,718072,2,100,2023
2,663773,"Hoeing, Bryan",5/10/2023,718226,2,100,2023
2,650893,"Cabrera, Génesis",5/28/2023,717993,2,100,2023
2,642528,"Loáisiga, Jonathan",3/30/2023,718781,2,100,2023
2,548384,"Raley, Brooks",4/26/2023,718412,2,100,2023
2,606303,"Payamps, Joel",4/18/2023,718517,2,100,2023
2,592094,"Adam, Jason",4/3/2023,718732,2,100,2023
2,543507,"May, Trevor",4/13/2023,718596,2,100,2023
2,657612,"Hill, Tim",4/19/2023,718507,2,100,2023
2,681810,"Warren, Austin",4/22/2023,718466,2,100,2023
2,669438,"Englert, Mason",4/23/2023,718459,2,100,2023
2,687330,"Kelly, Kevin",4/28/2023,718393,2,100,2023
2,605177,"Chafin, Andrew",5/13/2023,718184,2,100,2023
2,661527,"Martinez, Seth",5/14/2023,718176,2,100,2023
2,650893,"Cabrera, Génesis",4/15/2023,718568,2,100,2023
1,663558,"Moran, Jovani",5/30/2023,717956,1,100,2023
1,640470,"Alzolay, Adbert",5/26/2023,718027,1,100,2023
1,623465,"Phillips, Evan",3/31/2023,718765,1,100,2023
1,608717,"Stratton, Chris",4/7/2023,718674,1,100,2023
1,621074,"Rucker, Michael",4/1/2023,718758,1,100,2023
1,622250,"Sborz, Josh",5/5/2023,718294,1,100,2023
1,502202,"Boxberger, Brad",5/4/2023,718317,1,100,2023
1,641302,"Alexander, Tyler",5/3/2023,718348,1,100,2023
1,657044,"Thompson, Ryan",5/6/2023,718291,1,100,2023
1,592741,"Shreve, Chasen",5/22/2023,718066,1,100,2023
1,663773,"Hoeing, Bryan",5/25/2023,718033,1,100,2023
1,641729,"Jiménez, Joe",5/10/2023,718220,1,100,2023
1,668984,"Legumina, Casey",5/10/2023,718225,1,100,2023
1,542585,"Cisnero, José",4/12/2023,718603,1,100,2023
1,669211,"Akin, Keegan",4/24/2023,718447,1,100,2023
1,660813,"Graterol, Brusdar",4/28/2023,718382,1,100,2023
1,660853,"De Los Santos, Enyel",5/1/2023,718351,1,100,2023
1,571882,"Law, Derek",4/10/2023,718636,1,100,2023
1,608371,"Sims, Lucas",5/13/2023,718198,1,100,2023
1,676714,"Hughes, Brandon",5/15/2023,718158,1,100,2023
1,669947,"Scholtens, Jesse",4/11/2023,718616,1,100,2023
1,670810,"Gillaspie, Logan",4/12/2023,718599,1,100,2023
112,656232,"Bielak, Brandon",8/24/2023,716873,112,100,2023
98,666214,"Wentz, Joey",8/30/2023,716781,98,100,2023
97,679525,"Marsh, Alec",8/16/2023,716963,97,100,2023
97,657053,"Toussaint, Touki",7/14/2023,717414,97,100,2023
95,677960,"Weathers, Ryan",8/5/2023,717124,95,100,2023
94,607457,"Barraclough, Kyle",8/28/2023,716814,94,100,2023
93,641712,"Hudson, Dakota",7/27/2023,717238,93,100,2023
92,687888,"Walter, Brandon",6/22/2023,717658,92,100,2023
92,665622,"Medina, Luis",6/9/2023,717831,92,100,2023
92,596271,"Lawrence, Casey",8/21/2023,716912,92,100,2023
91,682847,"Ortiz, Luis L.",6/7/2023,717865,91,100,2023
91,679525,"Marsh, Alec",8/10/2023,717051,91,100,2023
90,679525,"Marsh, Alec",8/21/2023,716904,90,100,2023
90,658648,"Avila, Pedro",8/6/2023,717093,90,100,2023
90,669684,"Murphy, Chris",8/27/2023,716831,90,100,2023
89,670046,"Rosenberg, Kenny",8/11/2023,717037,89,100,2023
88,594577,"Mayers, Mike",6/11/2023,717808,88,100,2023
87,542881,"Anderson, Tyler",8/23/2023,716890,87,100,2023
87,663687,"Harris, Hogan",6/24/2023,717634,87,100,2023
87,601713,"Pivetta, Nick",7/17/2023,717366,87,100,2023
87,548389,"Stripling, Ross",8/16/2023,716975,87,100,2023
86,640455,"Manaea, Sean",8/31/2023,716777,86,100,2023
86,663687,"Harris, Hogan",6/2/2023,717927,86,100,2023
86,663687,"Harris, Hogan",8/22/2023,716888,86,100,2023
85,675627,"Grove, Michael",6/9/2023,717837,85,100,2023
84,663687,"Harris, Hogan",6/13/2023,717774,84,100,2023
84,640455,"Manaea, Sean",7/22/2023,717307,84,100,2023
84,665622,"Medina, Luis",7/7/2023,717461,84,100,2023
84,630023,"Chirinos, Yonny",6/29/2023,717568,84,100,2023
83,640455,"Manaea, Sean",6/6/2023,717869,83,100,2023
82,661309,"Martínez, Adrián",8/8/2023,717069,82,100,2023
81,663559,"Falter, Bailey",8/21/2023,716912,81,100,2023
81,682847,"Ortiz, Luis L.",8/29/2023,716793,81,100,2023
80,622072,"Wood, Alex",6/27/2023,717604,80,100,2023
80,601713,"Pivetta, Nick",7/25/2023,717261,80,100,2023
80,694813,"Stone, Gavin",8/27/2023,716831,80,100,2023
80,669684,"Murphy, Chris",8/21/2023,716908,80,100,2023
80,663687,"Harris, Hogan",7/15/2023,717399,80,100,2023
80,608344,"Irvin, Cole",7/18/2023,717361,80,100,2023
79,675627,"Grove, Michael",7/8/2023,717437,79,100,2023
79,656578,"Jackson, Andre",8/24/2023,716870,79,100,2023
79,592767,"Smyly, Drew",7/22/2023,717308,79,100,2023
78,543101,"DeSclafani, Anthony",7/23/2023,717290,78,100,2023
78,674003,"Bradford, Cody",7/25/2023,717255,78,100,2023
77,676265,"Abbott, Cory",6/26/2023,717602,77,100,2023
77,605288,"Houser, Adrian",6/19/2023,717696,77,100,2023
76,663362,"Waldron, Matt",8/31/2023,716777,76,100,2023
76,601713,"Pivetta, Nick",7/7/2023,717461,76,100,2023
76,572971,"Keuchel, Dallas",8/27/2023,716824,76,100,2023
76,666214,"Wentz, Joey",7/29/2023,717218,76,100,2023
76,686752,"Pepiot, Ryan",8/24/2023,716871,76,100,2023
75,594577,"Mayers, Mike",6/5/2023,717887,75,100,2023
75,686752,"Pepiot, Ryan",8/19/2023,716909,75,100,2023
75,681857,"Olson, Reese",6/8/2023,717862,75,100,2023
74,674370,"Bido, Osvaldo",8/26/2023,716842,74,100,2023
74,664028,"Kennedy, Brett",8/25/2023,716851,74,100,2023
74,640455,"Manaea, Sean",8/26/2023,716848,74,100,2023
74,601713,"Pivetta, Nick",8/20/2023,716928,74,100,2023
73,446372,"Kluber, Corey",6/8/2023,717842,73,100,2023
73,677944,"Cecconi, Slade",8/21/2023,716906,73,100,2023
73,548389,"Stripling, Ross",8/11/2023,717031,73,100,2023
73,605498,"Suárez, Andrew",8/4/2023,717127,73,100,2023
73,668868,"Thompson, Zack",8/11/2023,717039,73,100,2023
73,663562,"Davis, Noah",6/24/2023,717640,73,100,2023
72,640455,"Manaea, Sean",6/16/2023,717731,72,100,2023
72,593334,"Germán, Domingo",7/31/2023,717185,72,100,2023
72,622072,"Wood, Alex",7/8/2023,717451,72,100,2023
71,640455,"Manaea, Sean",6/10/2023,717826,71,100,2023
71,686610,"Waldichuk, Ken",7/25/2023,717272,71,100,2023
71,683769,"Gaddis, Hunter",8/29/2023,716796,71,100,2023
71,542881,"Anderson, Tyler",7/7/2023,717456,71,100,2023
70,681857,"Olson, Reese",7/4/2023,717494,70,100,2023
70,527048,"Pérez, Martín",8/19/2023,716938,70,100,2023
70,656288,"Canning, Griffin",8/14/2023,716997,70,100,2023
70,622072,"Wood, Alex",8/12/2023,717029,70,100,2023
70,641585,"France, J.P.",8/6/2023,717110,70,100,2023
70,642545,"Barria, Jaime",8/2/2023,717165,70,100,2023
69,674370,"Bido, Osvaldo",8/20/2023,716923,69,100,2023
69,676206,"Tarnok, Freddy",8/9/2023,717063,69,100,2023
69,666745,"Brito, Jhony",8/12/2023,717025,69,100,2023
69,665622,"Medina, Luis",6/20/2023,717679,69,100,2023
68,672582,"Zerpa, Angel",8/11/2023,717039,68,100,2023
67,666205,"Muller, Kyle",8/18/2023,716944,67,100,2023
67,687396,"Headrick, Brent",8/11/2023,717044,67,100,2023
67,669684,"Murphy, Chris",7/9/2023,717435,67,100,2023
67,601713,"Pivetta, Nick",7/2/2023,717530,67,100,2023
67,594943,"Neal, Zach",8/20/2023,716914,67,100,2023
66,601713,"Pivetta, Nick",8/5/2023,717125,66,100,2023
66,666205,"Muller, Kyle",8/23/2023,716884,66,100,2023
66,594902,"Lively, Ben",8/26/2023,716833,66,100,2023
65,661309,"Martínez, Adrián",8/28/2023,716804,65,100,2023
65,607188,"Faria, Jake",7/16/2023,717376,65,100,2023
65,681869,"Dubin, Shawn",6/19/2023,717694,65,100,2023
65,669684,"Murphy, Chris",7/18/2023,717349,65,100,2023
64,605498,"Suárez, Andrew",8/19/2023,716940,64,100,2023
64,686610,"Waldichuk, Ken",6/25/2023,717617,64,100,2023
64,571927,"Matz, Steven",6/29/2023,717566,64,100,2023
64,683769,"Gaddis, Hunter",8/24/2023,716871,64,100,2023
63,676130,"Buttó, José",8/15/2023,716988,63,100,2023
63,676206,"Tarnok, Freddy",7/15/2023,717399,63,100,2023
63,548389,"Stripling, Ross",7/30/2023,717197,63,100,2023
63,596271,"Lawrence, Casey",8/16/2023,716969,63,100,2023
63,642232,"Yarbrough, Ryan",8/5/2023,717112,63,100,2023
62,669684,"Murphy, Chris",8/6/2023,717111,62,100,2023
62,601713,"Pivetta, Nick",6/28/2023,717583,62,100,2023
62,656657,"Logue, Zach",7/5/2023,717485,62,100,2023
62,665871,"Assad, Javier",7/31/2023,717188,62,100,2023
62,665620,"García, Deivi",7/6/2023,717475,62,100,2023
62,596001,"Junis, Jakob",6/22/2023,717661,62,100,2023
62,686610,"Waldichuk, Ken",7/5/2023,717485,62,100,2023
62,663941,"Beck, Tristan",6/11/2023,717796,62,100,2023
62,666214,"Wentz, Joey",6/11/2023,717804,62,100,2023
61,666277,"Soriano, George",6/3/2023,717911,61,100,2023
61,621383,"Banks, Tanner",8/2/2023,717152,61,100,2023
61,592767,"Smyly, Drew",7/28/2023,717226,61,100,2023
61,623211,"Brazobán, Huascar",8/13/2023,717011,61,100,2023
61,640455,"Manaea, Sean",8/9/2023,717071,61,100,2023
61,669145,"Zimmermann, Bruce",6/7/2023,717851,61,100,2023
60,663941,"Beck, Tristan",8/14/2023,716999,60,100,2023
60,657248,"Otto, Glenn",7/22/2023,717305,60,100,2023
60,676775,"Winn, Keaton",6/19/2023,717697,60,100,2023
60,674003,"Bradford, Cody",7/16/2023,717377,60,100,2023
60,669438,"Englert, Mason",7/22/2023,717299,60,100,2023
60,640455,"Manaea, Sean",8/21/2023,716911,60,100,2023
60,663546,"Hjelle, Sean",8/21/2023,716911,60,100,2023
59,607259,"Martinez, Nick",8/19/2023,716931,59,100,2023
59,623381,"Pannone, Thomas",6/30/2023,717562,59,100,2023
59,682051,"Hill, Garrett",6/28/2023,717580,59,100,2023
59,686747,"La Sorsa, Joe",6/3/2023,717918,59,100,2023
59,663765,"Woodford, Jake",6/13/2023,717781,59,100,2023
59,666277,"Soriano, George",8/11/2023,717047,59,100,2023
59,622072,"Wood, Alex",8/8/2023,717068,59,100,2023
59,596271,"Lawrence, Casey",8/29/2023,716797,59,100,2023
59,596001,"Junis, Jakob",6/10/2023,717826,59,100,2023
58,657585,"Garrett, Reed",8/12/2023,718371,58,100,2023
58,681190,"Vásquez, Randy",8/11/2023,717047,58,100,2023
58,664942,"Naile, James",7/4/2023,717502,58,100,2023
58,656657,"Logue, Zach",7/27/2023,717243,58,100,2023
58,663773,"Hoeing, Bryan",8/21/2023,716907,58,100,2023
58,663773,"Hoeing, Bryan",8/27/2023,716827,58,100,2023
58,642232,"Yarbrough, Ryan",8/30/2023,716774,58,100,2023
58,669947,"Scholtens, Jesse",6/30/2023,717551,58,100,2023
58,669947,"Scholtens, Jesse",6/25/2023,717614,58,100,2023
57,622072,"Wood, Alex",7/2/2023,717525,57,100,2023
57,664353,"Urquidy, José",8/28/2023,716814,57,100,2023
57,640455,"Manaea, Sean",8/15/2023,716989,57,100,2023
57,681867,"Criswell, Cooper",6/7/2023,717859,57,100,2023
57,669684,"Murphy, Chris",8/11/2023,717042,57,100,2023
57,663546,"Hjelle, Sean",6/21/2023,717674,57,100,2023
57,673858,"Wong, Jake",6/26/2023,717611,57,100,2023
57,630023,"Chirinos, Yonny",6/13/2023,717774,57,100,2023
56,656290,"Carlton, Drew",6/4/2023,717889,56,100,2023
56,670102,"Francis, Bowden",6/17/2023,717723,56,100,2023
56,663941,"Beck, Tristan",6/25/2023,717612,56,100,2023
56,640455,"Manaea, Sean",7/1/2023,717535,56,100,2023
56,656061,"Abreu, Albert",8/19/2023,716943,56,100,2023
56,678061,"Kerr, Ray",8/2/2023,717158,56,100,2023
56,670174,"Winckowski, Josh",7/1/2023,717547,56,100,2023
56,686218,"Sheehan, Emmet",8/3/2023,717137,56,100,2023
56,665871,"Assad, Javier",7/20/2023,717322,56,100,2023
56,541640,"Ramírez, Erasmo",8/12/2023,717024,56,100,2023
56,674370,"Bido, Osvaldo",7/22/2023,717297,56,100,2023
56,669713,"Wesneski, Hayden",6/28/2023,717584,56,100,2023
55,663567,"Lambert, Peter",6/6/2023,717869,55,100,2023
55,676775,"Winn, Keaton",6/13/2023,717781,55,100,2023
55,663567,"Lambert, Peter",6/20/2023,717685,55,100,2023
55,676206,"Tarnok, Freddy",8/1/2023,717171,55,100,2023
55,669684,"Murphy, Chris",7/4/2023,717501,55,100,2023
55,642232,"Yarbrough, Ryan",8/24/2023,716871,55,100,2023
55,686753,"Jameson, Drey",7/6/2023,717470,55,100,2023
54,666277,"Soriano, George",7/21/2023,717319,54,100,2023
54,686610,"Waldichuk, Ken",6/7/2023,717865,54,100,2023
54,669684,"Murphy, Chris",6/7/2023,717858,54,100,2023
54,681867,"Criswell, Cooper",7/15/2023,717393,54,100,2023
54,669684,"Murphy, Chris",7/30/2023,717197,54,100,2023
54,658648,"Avila, Pedro",8/12/2023,717020,54,100,2023
54,642231,"Yacabonis, Jimmy",8/11/2023,717040,54,100,2023
54,674370,"Bido, Osvaldo",8/14/2023,717002,54,100,2023
54,641771,"Kuhl, Chad",6/6/2023,717881,54,100,2023
53,596001,"Junis, Jakob",7/4/2023,717509,53,100,2023
53,676534,"Faucher, Calvin",7/29/2023,717214,53,100,2023
53,669060,"Wilson, Bryse",8/27/2023,716822,53,100,2023
53,642545,"Barria, Jaime",8/19/2023,716925,53,100,2023
53,680735,"Cox, Austin",6/22/2023,717659,53,100,2023
53,656657,"Logue, Zach",7/1/2023,717544,53,100,2023
53,425844,"Greinke, Zack",8/22/2023,716888,53,100,2023
53,608328,"De Jong, Chase",6/6/2023,717874,53,100,2023
53,665871,"Assad, Javier",7/1/2023,717546,53,100,2023
53,657248,"Otto, Glenn",7/3/2023,717514,53,100,2023
52,661527,"Martinez, Seth",6/9/2023,717833,52,100,2023
52,664942,"Naile, James",7/1/2023,717545,52,100,2023
52,640455,"Manaea, Sean",7/29/2023,717221,52,100,2023
52,622072,"Wood, Alex",8/25/2023,716852,52,100,2023
52,682051,"Hill, Garrett",6/12/2023,717790,52,100,2023
52,668674,"Erceg, Lucas",7/8/2023,717449,52,100,2023
52,621383,"Banks, Tanner",8/19/2023,716933,52,100,2023
52,656288,"Canning, Griffin",8/19/2023,716915,52,100,2023
52,658648,"Avila, Pedro",8/17/2023,716957,52,100,2023
52,641712,"Hudson, Dakota",7/5/2023,717488,52,100,2023
51,681982,"Anderson, Grant",7/21/2023,717316,51,100,2023
51,669684,"Murphy, Chris",7/23/2023,717298,51,100,2023
51,686826,"Jarvis, Bryce",8/15/2023,716978,51,100,2023
51,686747,"La Sorsa, Joe",7/5/2023,717493,51,100,2023
51,686610,"Waldichuk, Ken",6/12/2023,717789,51,100,2023
51,656234,"Bird, Jake",8/11/2023,717032,51,100,2023
51,663941,"Beck, Tristan",6/17/2023,717721,51,100,2023
51,676206,"Tarnok, Freddy",7/20/2023,717323,51,100,2023
51,663687,"Harris, Hogan",7/26/2023,717251,51,100,2023
51,623167,"Flexen, Chris",6/3/2023,717912,51,100,2023
51,669438,"Englert, Mason",6/5/2023,717886,51,100,2023
51,666277,"Soriano, George",7/1/2023,717536,51,100,2023
51,630023,"Chirinos, Yonny",7/5/2023,717491,51,100,2023
51,673111,"Lopez, José",6/10/2023,717813,51,100,2023
51,641302,"Alexander, Tyler",6/12/2023,717790,51,100,2023
51,676254,"Walker, Ryan",6/11/2023,717796,51,100,2023
50,548389,"Stripling, Ross",6/28/2023,717586,50,100,2023
50,669713,"Wesneski, Hayden",8/4/2023,717141,50,100,2023
50,630023,"Chirinos, Yonny",7/16/2023,717382,50,100,2023
50,594943,"Neal, Zach",8/15/2023,716984,50,100,2023
50,686826,"Jarvis, Bryce",8/19/2023,716931,50,100,2023
50,665622,"Medina, Luis",8/18/2023,716944,50,100,2023
50,456501,"Cueto, Johnny",7/16/2023,717384,50,100,2023
50,665001,"Kelley, Trevor",8/25/2023,716854,50,100,2023
50,663658,"Ward, Thaddeus",6/20/2023,717691,50,100,2023
50,571927,"Matz, Steven",6/24/2023,717637,50,100,2023
50,621383,"Banks, Tanner",8/8/2023,717075,50,100,2023
50,641712,"Hudson, Dakota",7/15/2023,717396,50,100,2023
50,676477,"Whitlock, Garrett",8/30/2023,716794,50,100,2023
50,665871,"Assad, Javier",7/8/2023,717447,50,100,2023
50,694813,"Stone, Gavin",7/4/2023,717492,50,100,2023
50,664942,"Naile, James",8/18/2023,716952,50,100,2023
50,663765,"Woodford, Jake",6/29/2023,717566,50,100,2023
49,657053,"Toussaint, Touki",6/21/2023,717667,49,100,2023
49,670102,"Francis, Bowden",8/29/2023,716801,49,100,2023
49,656061,"Abreu, Albert",8/14/2023,717001,49,100,2023
49,666277,"Soriano, George",7/25/2023,717270,49,100,2023
48,665871,"Assad, Javier",6/27/2023,717596,48,100,2023
48,543766,"Shaw, Bryan",7/18/2023,717359,48,100,2023
48,573009,"Mantiply, Joe",6/13/2023,717775,48,100,2023
48,658648,"Avila, Pedro",7/2/2023,717526,48,100,2023
48,596057,"Norris, Daniel",8/28/2023,716813,48,100,2023
48,669684,"Murphy, Chris",6/18/2023,717730,48,100,2023
48,663385,"Smith, Chad",6/16/2023,717735,48,100,2023
48,666277,"Soriano, George",7/16/2023,717384,48,100,2023
48,663941,"Beck, Tristan",8/3/2023,717151,48,100,2023
48,543521,"McHugh, Collin",8/21/2023,716910,48,100,2023
48,446372,"Kluber, Corey",6/20/2023,717683,48,100,2023
48,641656,"Hamilton, Ian",8/14/2023,717001,48,100,2023
48,622663,"Severino, Luis",8/9/2023,717054,48,100,2023
48,541640,"Ramírez, Erasmo",7/30/2023,717196,48,100,2023
47,543859,"Tonkin, Michael",8/20/2023,716927,47,100,2023
47,668674,"Erceg, Lucas",6/3/2023,717911,47,100,2023
47,670102,"Francis, Bowden",6/28/2023,717586,47,100,2023
47,641672,"Hatch, Thomas",8/3/2023,717150,47,100,2023
47,682120,"Herrin, Tim",6/10/2023,717815,47,100,2023
47,682052,"Lopez, Jacob",8/14/2023,716999,47,100,2023
47,687798,"Robertson, Nick",8/8/2023,717077,47,100,2023
47,668665,"Nogosek, Stephen",6/4/2023,717900,47,100,2023
47,660730,"Rodriguez, Elvin",7/7/2023,717460,47,100,2023
47,656290,"Carlton, Drew",6/27/2023,717603,47,100,2023
47,670102,"Francis, Bowden",8/20/2023,716924,47,100,2023
46,656820,"Padilla, Nicholas",6/19/2023,717695,46,100,2023
46,669684,"Murphy, Chris",6/28/2023,717583,46,100,2023
46,675989,"Bolton, Cody",6/2/2023,717930,46,100,2023
46,680739,"Winder, Josh",8/24/2023,716867,46,100,2023
46,681982,"Anderson, Grant",8/12/2023,717029,46,100,2023
46,670102,"Francis, Bowden",8/11/2023,717041,46,100,2023
46,605151,"Bradley, Archie",6/30/2023,717558,46,100,2023
46,608344,"Irvin, Cole",7/29/2023,717219,46,100,2023
46,657756,"Seabold, Connor",8/7/2023,717086,46,100,2023
46,672851,"Adon, Joan",7/7/2023,717465,46,100,2023
46,676265,"Abbott, Cory",7/4/2023,717507,46,100,2023
46,686753,"Jameson, Drey",6/9/2023,717834,46,100,2023
46,621383,"Banks, Tanner",6/16/2023,717733,46,100,2023
45,663941,"Beck, Tristan",8/9/2023,717071,45,100,2023
45,672710,"Contreras, Roansy",6/27/2023,717603,45,100,2023
45,675540,"Curry, Xzavion",6/23/2023,717648,45,100,2023
45,596001,"Junis, Jakob",6/4/2023,717890,45,100,2023
45,448179,"Hill, Rich",8/25/2023,716857,45,100,2023
45,669467,"Pallante, Andre",8/11/2023,717039,45,100,2023
45,661309,"Martínez, Adrián",8/13/2023,717016,45,100,2023
45,666720,"Rodríguez, Yerry",7/22/2023,717305,45,100,2023
45,687330,"Kelly, Kevin",8/9/2023,717064,45,100,2023
45,666745,"Brito, Jhony",8/29/2023,716795,45,100,2023
45,669105,"Muckenhirn, Zach",6/9/2023,717836,45,100,2023
45,672582,"Zerpa, Angel",8/5/2023,717123,45,100,2023
45,686610,"Waldichuk, Ken",6/29/2023,717574,45,100,2023
45,642701,"Santana, Dennis",8/18/2023,716952,45,100,2023
45,605498,"Suárez, Andrew",7/27/2023,717238,45,100,2023
45,543859,"Tonkin, Michael",6/15/2023,717754,45,100,2023
45,605498,"Suárez, Andrew",7/26/2023,717244,45,100,2023
45,596057,"Norris, Daniel",8/11/2023,717038,45,100,2023
45,686753,"Jameson, Drey",6/3/2023,717901,45,100,2023
44,656061,"Abreu, Albert",7/6/2023,717475,44,100,2023
44,596057,"Norris, Daniel",7/28/2023,717228,44,100,2023
44,676775,"Winn, Keaton",6/24/2023,717639,44,100,2023
44,663567,"Lambert, Peter",6/9/2023,717830,44,100,2023
44,669438,"Englert, Mason",7/7/2023,717457,44,100,2023
44,605441,"Ríos, Yacksel",6/22/2023,717660,44,100,2023
44,696147,"Bachman, Sam",7/3/2023,717505,44,100,2023
44,543859,"Tonkin, Michael",8/7/2023,717095,44,100,2023
44,641703,"Honeywell, Brent",7/22/2023,717299,44,100,2023
44,543521,"McHugh, Collin",6/14/2023,717784,44,100,2023
44,686753,"Jameson, Drey",6/29/2023,717568,44,100,2023
44,650633,"King, Michael",8/16/2023,716970,44,100,2023
44,669713,"Wesneski, Hayden",6/18/2023,717708,44,100,2023
44,663804,"Kowar, Jackson",8/26/2023,716832,44,100,2023
44,663804,"Kowar, Jackson",6/6/2023,717876,44,100,2023
44,672710,"Contreras, Roansy",7/1/2023,717540,44,100,2023
43,601713,"Pivetta, Nick",6/18/2023,717730,43,100,2023
43,608032,"Estévez, Carlos",8/18/2023,716945,43,100,2023
43,650496,"Mejía, J.C.",7/28/2023,717231,43,100,2023
43,607481,"Bummer, Aaron",8/5/2023,717115,43,100,2023
43,676254,"Walker, Ryan",7/21/2023,717326,43,100,2023
43,641703,"Honeywell, Brent",8/18/2023,716947,43,100,2023
43,671111,"Peralta, Sammy",8/28/2023,716815,43,100,2023
43,676265,"Abbott, Cory",7/24/2023,717282,43,100,2023
43,663989,"Vespi, Nick",6/30/2023,717561,43,100,2023
43,623211,"Brazobán, Huascar",7/31/2023,717189,43,100,2023
43,663941,"Beck, Tristan",7/16/2023,717388,43,100,2023
43,622072,"Wood, Alex",7/31/2023,717190,43,100,2023
43,543521,"McHugh, Collin",8/13/2023,717013,43,100,2023
43,543521,"McHugh, Collin",7/16/2023,717391,43,100,2023
43,541640,"Ramírez, Erasmo",8/24/2023,716869,43,100,2023
43,670990,"Ramírez, Yohan",8/23/2023,716886,43,100,2023
43,666154,"Kauffmann, Karl",7/24/2023,717282,43,100,2023
43,605347,"López, Jorge",8/29/2023,716807,43,100,2023
43,543859,"Tonkin, Michael",6/24/2023,717631,43,100,2023
43,669796,"Hernandez, Jose E.",8/27/2023,716834,43,100,2023
43,572403,"VerHagen, Drew",7/27/2023,717238,43,100,2023
43,680739,"Winder, Josh",8/11/2023,717044,43,100,2023
43,641656,"Hamilton, Ian",8/18/2023,716953,43,100,2023
42,641672,"Hatch, Thomas",8/10/2023,717056,42,100,2023
42,666364,"Balazovic, Jordan",7/9/2023,717428,42,100,2023
42,642545,"Barria, Jaime",8/29/2023,716806,42,100,2023
42,670329,"Garcia, Rico",7/2/2023,717518,42,100,2023
42,681867,"Criswell, Cooper",8/10/2023,717048,42,100,2023
42,640454,"Krook, Matt",7/1/2023,717545,42,100,2023
42,667463,"King, John",6/18/2023,717709,42,100,2023
42,642232,"Yarbrough, Ryan",8/15/2023,716979,42,100,2023
42,663752,"Morris, Cody",8/26/2023,716846,42,100,2023
42,656794,"Newcomb, Sean",8/25/2023,716856,42,100,2023
42,622772,"Cordero, Jimmy",7/2/2023,717524,42,100,2023
42,641703,"Honeywell, Brent",8/21/2023,716905,42,100,2023
42,641712,"Hudson, Dakota",7/22/2023,717308,42,100,2023
42,686826,"Jarvis, Bryce",8/28/2023,716805,42,100,2023
42,682052,"Lopez, Jacob",8/23/2023,716880,42,100,2023
42,642545,"Barria, Jaime",6/18/2023,717712,42,100,2023
42,662253,"Muñoz, Andrés",8/15/2023,716981,42,100,2023
42,680739,"Winder, Josh",8/8/2023,717076,42,100,2023
42,670102,"Francis, Bowden",6/13/2023,717787,42,100,2023
42,687396,"Headrick, Brent",8/7/2023,717091,42,100,2023
41,663941,"Beck, Tristan",6/20/2023,717688,41,100,2023
41,592229,"Covey, Dylan",8/18/2023,716960,41,100,2023
41,641656,"Hamilton, Ian",8/1/2023,717175,41,100,2023
41,675989,"Bolton, Cody",8/27/2023,716834,41,100,2023
41,661440,"Llovera, Mauricio",8/6/2023,717111,41,100,2023
41,650633,"King, Michael",7/14/2023,717410,41,100,2023
41,687396,"Headrick, Brent",6/20/2023,717683,41,100,2023
41,672715,"Patiño, Luis",7/5/2023,717491,41,100,2023
41,527048,"Pérez, Martín",8/30/2023,716783,41,100,2023
41,676265,"Abbott, Cory",8/9/2023,717066,41,100,2023
41,663658,"Ward, Thaddeus",6/17/2023,717734,41,100,2023
41,666154,"Kauffmann, Karl",6/24/2023,717640,41,100,2023
41,672851,"Adon, Joan",7/16/2023,717380,41,100,2023
41,669145,"Zimmermann, Bruce",6/26/2023,717611,41,100,2023
41,658648,"Avila, Pedro",7/24/2023,717276,41,100,2023
41,663941,"Beck, Tristan",8/20/2023,716927,41,100,2023
41,592229,"Covey, Dylan",7/14/2023,717418,41,100,2023
41,641329,"Baker, Bryan",7/29/2023,717219,41,100,2023
41,669438,"Englert, Mason",6/26/2023,717606,41,100,2023
41,621381,"Strahm, Matt",6/1/2023,717934,41,100,2023
41,676265,"Abbott, Cory",6/18/2023,717714,41,100,2023
41,621383,"Banks, Tanner",7/8/2023,717445,41,100,2023
41,663941,"Beck, Tristan",7/2/2023,717525,41,100,2023
40,596001,"Junis, Jakob",8/8/2023,717068,40,100,2023
40,659275,"Lamet, Dinelson",8/8/2023,717077,40,100,2023
40,664294,"Moreta, Dauri",7/7/2023,717452,40,100,2023
40,681806,"Wantz, Andrew",6/28/2023,717576,40,100,2023
40,686839,"White, Brendan",6/27/2023,717599,40,100,2023
40,656061,"Abreu, Albert",8/4/2023,717138,40,100,2023
40,682120,"Herrin, Tim",7/5/2023,717486,40,100,2023
40,656257,"Brigham, Jeff",8/30/2023,716783,40,100,2023
40,641302,"Alexander, Tyler",6/26/2023,717606,40,100,2023
40,605151,"Bradley, Archie",6/27/2023,717605,40,100,2023
40,543859,"Tonkin, Michael",7/18/2023,717358,40,100,2023
40,666364,"Balazovic, Jordan",6/18/2023,717711,40,100,2023
40,650496,"Mejía, J.C.",8/6/2023,717105,40,100,2023
40,621219,"Mills, Alec",7/1/2023,717539,40,100,2023
40,543521,"McHugh, Collin",6/30/2023,717558,40,100,2023
40,543859,"Tonkin, Michael",7/5/2023,717486,40,100,2023
40,680739,"Winder, Josh",7/29/2023,717207,40,100,2023
40,676477,"Whitlock, Garrett",8/26/2023,716849,40,100,2023
40,656353,"Davidson, Tucker",6/28/2023,717576,40,100,2023
40,605130,"Barlow, Scott",8/19/2023,716919,40,100,2023
40,661527,"Martinez, Seth",7/1/2023,717542,40,100,2023
40,687798,"Robertson, Nick",6/28/2023,717578,40,100,2023
40,663704,"McArthur, James",6/28/2023,717577,40,100,2023
40,670970,"Morejon, Adrian",6/27/2023,717603,40,100,2023
40,663567,"Lambert, Peter",6/14/2023,717768,40,100,2023
40,676760,"Marinaccio, Ron",7/1/2023,717550,40,100,2023
40,640455,"Manaea, Sean",7/18/2023,717360,40,100,2023
39,669060,"Wilson, Bryse",8/4/2023,717131,39,100,2023
39,700363,"Smith-Shawver, AJ",6/4/2023,717892,39,100,2023
39,682051,"Hill, Garrett",6/9/2023,717834,39,100,2023
39,656578,"Jackson, Andre",6/10/2023,717811,39,100,2023
39,701643,"Hartwig, Grant",8/5/2023,717114,39,100,2023
39,675540,"Curry, Xzavion",6/30/2023,717559,39,100,2023
39,681869,"Dubin, Shawn",6/28/2023,717582,39,100,2023
39,674285,"Salazar, Eduardo",6/3/2023,717906,39,100,2023
39,642048,"Saucedo, Tayler",6/3/2023,717912,39,100,2023
39,614179,"Ruiz, José",6/13/2023,717775,39,100,2023
39,542888,"Armstrong, Shawn",6/27/2023,717593,39,100,2023
39,666364,"Balazovic, Jordan",8/9/2023,717061,39,100,2023
39,596057,"Norris, Daniel",6/18/2023,717706,39,100,2023
39,607457,"Barraclough, Kyle",8/12/2023,717033,39,100,2023
39,656730,"Megill, Trevor",7/29/2023,717211,39,100,2023
39,669467,"Pallante, Andre",7/14/2023,717407,39,100,2023
39,621112,"Blackburn, Paul",7/9/2023,717435,39,100,2023
39,607259,"Martinez, Nick",8/27/2023,716822,39,100,2023
39,543543,"Miller, Brad",7/22/2023,717305,39,100,2023
39,543859,"Tonkin, Michael",7/9/2023,717429,39,100,2023
39,669674,"Long, Sam",6/3/2023,717911,39,100,2023
39,661440,"Llovera, Mauricio",8/22/2023,716895,39,100,2023
39,543351,"Jackson, Jay",6/5/2023,717878,39,100,2023
39,600921,"Machado, Andrés",8/28/2023,716816,39,100,2023
39,681982,"Anderson, Grant",7/8/2023,717450,39,100,2023
39,621057,"Garza, Justin",6/27/2023,717605,39,100,2023
39,668754,"Bristo, Braden",6/14/2023,717770,39,100,2023
39,669713,"Wesneski, Hayden",8/26/2023,716842,39,100,2023
39,681217,"Silseth, Chase",6/2/2023,717926,39,100,2023
39,668970,"Hollowell, Gavin",6/17/2023,717724,39,100,2023
39,596001,"Junis, Jakob",7/20/2023,717334,39,100,2023
39,676534,"Faucher, Calvin",7/26/2023,717252,39,100,2023
39,686539,"Cronin, Declan",8/8/2023,717075,39,100,2023
38,592229,"Covey, Dylan",8/11/2023,717044,38,100,2023
38,623474,"Herget, Jimmy",8/19/2023,716925,38,100,2023
38,642048,"Saucedo, Tayler",7/18/2023,717350,38,100,2023
38,640455,"Manaea, Sean",7/4/2023,717509,38,100,2023
38,669713,"Wesneski, Hayden",8/13/2023,717012,38,100,2023
38,614179,"Ruiz, José",6/18/2023,717706,38,100,2023
38,668970,"Hollowell, Gavin",6/29/2023,717572,38,100,2023
38,593576,"Neris, Héctor",8/30/2023,716794,38,100,2023
38,656814,"Ortiz, Luis F.",6/13/2023,717775,38,100,2023
38,670046,"Rosenberg, Kenny",8/23/2023,716890,38,100,2023
38,660261,"Fujinami, Shintaro",7/30/2023,717200,38,100,2023
38,661527,"Martinez, Seth",6/21/2023,717670,38,100,2023
38,696147,"Bachman, Sam",6/3/2023,717908,38,100,2023
38,605151,"Bradley, Archie",6/13/2023,717773,38,100,2023
38,669713,"Wesneski, Hayden",8/22/2023,716896,38,100,2023
38,641656,"Hamilton, Ian",7/19/2023,717339,38,100,2023
38,543521,"McHugh, Collin",8/9/2023,717058,38,100,2023
38,676265,"Abbott, Cory",7/14/2023,717407,38,100,2023
38,665871,"Assad, Javier",7/14/2023,717419,38,100,2023
38,640454,"Krook, Matt",6/16/2023,717742,38,100,2023
38,572403,"VerHagen, Drew",6/10/2023,717817,38,100,2023
38,669438,"Englert, Mason",6/30/2023,717552,38,100,2023
38,666154,"Kauffmann, Karl",8/28/2023,716812,38,100,2023
38,669952,"White, Mitch",7/18/2023,717362,38,100,2023
38,669211,"Akin, Keegan",6/28/2023,717589,38,100,2023
38,663485,"Sands, Cole",7/9/2023,717428,38,100,2023
38,502179,"Espino, Paolo",7/15/2023,717396,38,100,2023
38,680739,"Winder, Josh",6/13/2023,717783,38,100,2023
38,665871,"Assad, Javier",6/5/2023,717880,38,100,2023
38,543518,"McGough, Scott",6/25/2023,717612,38,100,2023
38,598286,"Ramirez, Nick",6/22/2023,717652,38,100,2023
38,543521,"McHugh, Collin",8/27/2023,716819,38,100,2023
38,669211,"Akin, Keegan",6/23/2023,717651,38,100,2023
38,607259,"Martinez, Nick",8/13/2023,717003,38,100,2023
38,656234,"Bird, Jake",7/29/2023,717212,38,100,2023
38,701643,"Hartwig, Grant",8/9/2023,717062,38,100,2023
38,641871,"Middleton, Keynan",6/17/2023,717722,38,100,2023
38,657508,"Baumann, Mike",7/23/2023,717291,38,100,2023
38,661395,"Duran, Jhoan",6/9/2023,717835,38,100,2023
38,657585,"Garrett, Reed",6/16/2023,717744,38,100,2023
38,669952,"White, Mitch",6/13/2023,717787,38,100,2023
38,665871,"Assad, Javier",6/11/2023,717796,38,100,2023
37,670174,"Winckowski, Josh",7/9/2023,717435,37,100,2023
37,675540,"Curry, Xzavion",6/16/2023,717739,37,100,2023
37,656529,"Hentges, Sam",8/29/2023,716796,37,100,2023
37,669060,"Wilson, Bryse",7/21/2023,717313,37,100,2023
37,701643,"Hartwig, Grant",7/18/2023,717359,37,100,2023
37,570257,"Rodríguez, Joely",7/25/2023,717261,37,100,2023
37,656457,"Gilbert, Tyler",7/23/2023,717289,37,100,2023
37,666721,"Castillo, Max",7/19/2023,717333,37,100,2023
37,625643,"López, Reynaldo",7/31/2023,717187,37,100,2023
37,670280,"Bednar, David",7/26/2023,717246,37,100,2023
37,676596,"Fleming, Josh",8/12/2023,717024,37,100,2023
37,641703,"Honeywell, Brent",6/25/2023,717610,37,100,2023
37,608723,"Voth, Austin",8/30/2023,716786,37,100,2023
37,656457,"Gilbert, Tyler",7/8/2023,717439,37,100,2023
37,595411,"Sherriff, Ryan",6/3/2023,717885,37,100,2023
37,669467,"Pallante, Andre",7/26/2023,717244,37,100,2023
37,674285,"Salazar, Eduardo",6/8/2023,717844,37,100,2023
37,668674,"Erceg, Lucas",7/1/2023,717538,37,100,2023
37,667463,"King, John",6/29/2023,717570,37,100,2023
37,656222,"Beeks, Jalen",6/3/2023,717918,37,100,2023
37,676265,"Abbott, Cory",8/19/2023,716941,37,100,2023
37,665734,"Felipe, Angel",7/17/2023,717366,37,100,2023
37,643493,"Pruitt, Austin",8/16/2023,716969,37,100,2023
37,518617,"Diekman, Jake",8/13/2023,717010,37,100,2023
37,650893,"Cabrera, Génesis",6/13/2023,717781,37,100,2023
37,621057,"Garza, Justin",6/19/2023,717693,37,100,2023
37,681982,"Anderson, Grant",6/24/2023,717636,37,100,2023
37,694037,"Palencia, Daniel",8/7/2023,717092,37,100,2023
37,686654,"Adcock, Ty",7/18/2023,717350,37,100,2023
37,657756,"Seabold, Connor",7/23/2023,717292,37,100,2023
37,621074,"Rucker, Michael",6/7/2023,717855,37,100,2023
37,605177,"Chafin, Andrew",7/24/2023,717268,37,100,2023
37,657697,"Nittoli, Vinny",8/19/2023,716940,37,100,2023
37,669796,"Hernandez, Jose E.",8/16/2023,716974,37,100,2023
37,624647,"González, Victor",7/2/2023,717527,37,100,2023
37,668873,"Kilian, Caleb",8/13/2023,717012,37,100,2023
37,472610,"García, Luis",8/7/2023,717094,37,100,2023
37,641656,"Hamilton, Ian",8/30/2023,716781,37,100,2023
37,669952,"White, Mitch",6/10/2023,717822,37,100,2023
37,666154,"Kauffmann, Karl",6/21/2023,717669,37,100,2023
37,664208,"Maton, Phil",7/30/2023,717196,37,100,2023
37,663423,"Thornton, Trent",6/30/2023,717555,37,100,2023
37,593619,"Tapia, Domingo",6/4/2023,717889,37,100,2023
36,657514,"Bernardino, Brennan",6/3/2023,717885,36,100,2023
36,650633,"King, Michael",6/18/2023,717730,36,100,2023
36,656290,"Carlton, Drew",6/15/2023,717750,36,100,2023
36,656457,"Gilbert, Tyler",8/5/2023,717118,36,100,2023
36,657756,"Seabold, Connor",7/28/2023,717227,36,100,2023
36,676760,"Marinaccio, Ron",7/30/2023,717200,36,100,2023
36,663558,"Moran, Jovani",6/28/2023,717588,36,100,2023
36,672715,"Patiño, Luis",6/9/2023,717827,36,100,2023
36,663947,"Holton, Tyler",6/16/2023,717738,36,100,2023
36,598286,"Ramirez, Nick",8/4/2023,717138,36,100,2023
36,689225,"Brieske, Beau",8/23/2023,716885,36,100,2023
36,641329,"Baker, Bryan",7/8/2023,717446,36,100,2023
36,674285,"Salazar, Eduardo",7/1/2023,717539,36,100,2023
36,621383,"Banks, Tanner",8/25/2023,716856,36,100,2023
36,663947,"Holton, Tyler",6/18/2023,717711,36,100,2023
36,621295,"Wittgren, Nick",7/4/2023,717500,36,100,2023
36,641793,"Littell, Zack",7/9/2023,717429,36,100,2023
36,670174,"Winckowski, Josh",7/19/2023,717344,36,100,2023
36,601713,"Pivetta, Nick",8/25/2023,716866,36,100,2023
36,543859,"Tonkin, Michael",7/25/2023,717261,36,100,2023
36,650633,"King, Michael",7/1/2023,717550,36,100,2023
36,657756,"Seabold, Connor",8/5/2023,717119,36,100,2023
36,656234,"Bird, Jake",6/6/2023,717869,36,100,2023
36,680739,"Winder, Josh",8/2/2023,717155,36,100,2023
36,675921,"Howard, Spencer",7/28/2023,717224,36,100,2023
36,670174,"Winckowski, Josh",8/29/2023,716802,36,100,2023
36,650633,"King, Michael",7/5/2023,717487,36,100,2023
36,666619,"Santos, Gregory",8/23/2023,716881,36,100,2023
36,606160,"Montero, Rafael",7/16/2023,717381,36,100,2023
36,680739,"Winder, Josh",7/26/2023,717250,36,100,2023
36,669060,"Wilson, Bryse",7/25/2023,717262,36,100,2023
36,669391,"White, Owen",6/13/2023,717780,36,100,2023
36,657585,"Garrett, Reed",7/29/2023,717215,36,100,2023
36,669211,"Akin, Keegan",6/11/2023,717808,36,100,2023
36,663574,"Santillan, Tony",7/18/2023,717360,36,100,2023
36,666364,"Balazovic, Jordan",8/19/2023,716936,36,100,2023
36,661383,"Ortega, Oliver",7/23/2023,717285,36,100,2023
36,621016,"Cuas, Jose",8/9/2023,717062,36,100,2023
36,686294,"Willingham, Amos",8/1/2023,717183,36,100,2023
36,642232,"Yarbrough, Ryan",8/10/2023,717045,36,100,2023
36,600921,"Machado, Andrés",6/4/2023,717902,36,100,2023
36,605447,"Romano, Jordan",8/27/2023,716825,36,100,2023
36,674444,"Cruz, Steven",8/29/2023,716793,36,100,2023
36,686747,"La Sorsa, Joe",8/10/2023,717049,36,100,2023
36,686839,"White, Brendan",7/22/2023,717299,36,100,2023
36,642770,"Guerra, Javy",7/18/2023,717354,36,100,2023
36,656457,"Gilbert, Tyler",7/30/2023,717193,36,100,2023
36,543766,"Shaw, Bryan",7/14/2023,717414,36,100,2023
36,571539,"Carasiti, Matt",6/18/2023,717716,36,100,2023
36,682120,"Herrin, Tim",8/23/2023,716875,36,100,2023
36,502179,"Espino, Paolo",7/18/2023,717353,36,100,2023
36,668674,"Erceg, Lucas",7/22/2023,717295,36,100,2023
35,696147,"Bachman, Sam",6/16/2023,717736,35,100,2023
35,641703,"Honeywell, Brent",8/1/2023,717169,35,100,2023
35,667755,"Soriano, José",6/29/2023,717560,35,100,2023
35,600917,"Leclerc, José",6/3/2023,717912,35,100,2023
35,572955,"Johnson, Pierce",7/5/2023,717489,35,100,2023
35,642585,"Bautista, Félix",7/31/2023,717186,35,100,2023
35,670990,"Ramírez, Yohan",7/7/2023,717452,35,100,2023
35,656945,"Scott, Tanner",8/14/2023,717000,35,100,2023
35,608717,"Stratton, Chris",8/27/2023,716824,35,100,2023
35,664294,"Moreta, Dauri",8/3/2023,717143,35,100,2023
35,669145,"Zimmermann, Bruce",6/30/2023,717561,35,100,2023
35,572403,"VerHagen, Drew",7/1/2023,717545,35,100,2023
35,595345,"Okert, Steven",6/13/2023,717773,35,100,2023
35,687888,"Walter, Brandon",7/8/2023,717449,35,100,2023
35,669387,"Mlodzinski, Carmen",8/4/2023,717131,35,100,2023
35,600917,"Leclerc, José",6/11/2023,717801,35,100,2023
35,681882,"Selby, Colin",8/23/2023,716886,35,100,2023
35,687396,"Headrick, Brent",6/27/2023,717600,35,100,2023
35,656887,"Reid-Foley, Sean",8/30/2023,716783,35,100,2023
35,622075,"Almonte, Yency",8/2/2023,717154,35,100,2023
35,543518,"McGough, Scott",7/8/2023,717439,35,100,2023
35,686747,"La Sorsa, Joe",8/13/2023,717016,35,100,2023
35,670329,"Garcia, Rico",7/24/2023,717282,35,100,2023
35,663804,"Kowar, Jackson",8/17/2023,716964,35,100,2023
35,641656,"Hamilton, Ian",7/16/2023,717378,35,100,2023
35,663542,"Hudson, Bryan",8/22/2023,716897,35,100,2023
35,605242,"Fulmer, Michael",7/3/2023,717511,35,100,2023
35,453268,"Bard, Daniel",6/6/2023,717869,35,100,2023
35,686753,"Jameson, Drey",6/15/2023,717755,35,100,2023
35,641302,"Alexander, Tyler",6/17/2023,717728,35,100,2023
35,656730,"Megill, Trevor",6/3/2023,717906,35,100,2023
35,592229,"Covey, Dylan",6/12/2023,717785,35,100,2023
35,676979,"Crochet, Garrett",6/13/2023,717776,35,100,2023
35,621389,"Blach, Ty",7/1/2023,717544,35,100,2023
35,622103,"Reyes, Gerardo",7/22/2023,717297,35,100,2023
35,664139,"Gibaut, Ian",6/8/2023,717844,35,100,2023
35,621074,"Rucker, Michael",7/5/2023,717483,35,100,2023
35,668674,"Erceg, Lucas",8/26/2023,716841,35,100,2023
35,543518,"McGough, Scott",8/11/2023,717035,35,100,2023
35,660787,"De los Santos, Yerry",8/2/2023,717166,35,100,2023
35,676395,"Garcia, Robert",8/28/2023,716816,35,100,2023
35,650633,"King, Michael",8/8/2023,717075,35,100,2023
35,607481,"Bummer, Aaron",8/11/2023,717036,35,100,2023
35,669424,"Lambert, Jimmy",8/19/2023,716933,35,100,2023
35,687396,"Headrick, Brent",6/17/2023,717728,35,100,2023
35,670810,"Gillaspie, Logan",6/23/2023,717651,35,100,2023
35,669674,"Long, Sam",6/14/2023,717761,35,100,2023
35,670167,"Schreiber, John",8/2/2023,717161,35,100,2023
35,543351,"Jackson, Jay",7/26/2023,717253,35,100,2023
35,686753,"Jameson, Drey",6/23/2023,717641,35,100,2023
35,625643,"López, Reynaldo",7/18/2023,717359,35,100,2023
34,663542,"Hudson, Bryan",6/17/2023,717721,34,100,2023
34,687798,"Robertson, Nick",6/11/2023,717806,34,100,2023
34,661395,"Duran, Jhoan",7/2/2023,717529,34,100,2023
34,691094,"Wynne, Randy",6/25/2023,717618,34,100,2023
34,607259,"Martinez, Nick",6/15/2023,717750,34,100,2023
34,622103,"Reyes, Gerardo",7/17/2023,717369,34,100,2023
34,657265,"Strzelecki, Peter",8/19/2023,716931,34,100,2023
34,643410,"Leiter Jr., Mark",6/17/2023,717729,34,100,2023
34,674285,"Salazar, Eduardo",6/26/2023,717611,34,100,2023
34,672710,"Contreras, Roansy",7/5/2023,717479,34,100,2023
34,446372,"Kluber, Corey",6/16/2023,717742,34,100,2023
34,622503,"Crismatt, Nabil",8/26/2023,716833,34,100,2023
34,680735,"Cox, Austin",6/16/2023,717736,34,100,2023
34,608678,"Leone, Dominic",8/5/2023,717109,34,100,2023
34,607179,"Weems, Jordan",6/27/2023,717590,34,100,2023
34,641712,"Hudson, Dakota",7/1/2023,717550,34,100,2023
34,675921,"Howard, Spencer",6/9/2023,717827,34,100,2023
34,680704,"Sandlin, Nick",8/23/2023,716875,34,100,2023
34,686610,"Waldichuk, Ken",6/4/2023,717896,34,100,2023
34,628708,"Marte, Yunior",8/4/2023,717140,34,100,2023
34,663773,"Hoeing, Bryan",6/1/2023,717941,34,100,2023
34,641656,"Hamilton, Ian",8/5/2023,717126,34,100,2023
34,656061,"Abreu, Albert",7/30/2023,717200,34,100,2023
34,656061,"Abreu, Albert",6/16/2023,717742,34,100,2023
34,650633,"King, Michael",7/17/2023,717369,34,100,2023
34,643493,"Pruitt, Austin",6/15/2023,717756,34,100,2023
34,663773,"Hoeing, Bryan",6/12/2023,717786,34,100,2023
34,666745,"Brito, Jhony",8/24/2023,716872,34,100,2023
34,640448,"Finnegan, Kyle",6/2/2023,717935,34,100,2023
34,656730,"Megill, Trevor",6/21/2023,717672,34,100,2023
34,669169,"Heasley, Jonathan",7/26/2023,717249,34,100,2023
34,446372,"Kluber, Corey",6/4/2023,717904,34,100,2023
34,687888,"Walter, Brandon",7/15/2023,717403,34,100,2023
34,679346,"Navarro, Edgar",8/2/2023,717152,34,100,2023
34,669438,"Englert, Mason",7/16/2023,717373,34,100,2023
34,547973,"Chapman, Aroldis",8/27/2023,716824,34,100,2023
34,608032,"Estévez, Carlos",7/30/2023,717201,34,100,2023
34,681982,"Anderson, Grant",6/20/2023,717675,34,100,2023
34,663989,"Vespi, Nick",8/15/2023,716980,34,100,2023
34,686610,"Waldichuk, Ken",6/17/2023,717725,34,100,2023
34,682120,"Herrin, Tim",6/23/2023,717648,34,100,2023
34,677865,"Bruihl, Justin",8/13/2023,717007,34,100,2023
34,696147,"Bachman, Sam",7/1/2023,717533,34,100,2023
34,676395,"Garcia, Robert",8/23/2023,716877,34,100,2023
34,687330,"Kelly, Kevin",8/2/2023,717160,34,100,2023
34,607755,"Vasquez, Andrew",6/12/2023,717785,34,100,2023
34,518886,"Kimbrel, Craig",6/8/2023,717862,34,100,2023
34,663947,"Holton, Tyler",7/6/2023,717476,34,100,2023
34,571912,"Maile, Luke",8/1/2023,717173,34,100,2023
33,681867,"Criswell, Cooper",8/19/2023,716925,33,100,2023
33,686654,"Adcock, Ty",6/28/2023,717587,33,100,2023
33,656464,"Ginkel, Kevin",8/19/2023,716919,33,100,2023
33,669424,"Lambert, Jimmy",8/4/2023,717132,33,100,2023
33,472610,"García, Luis",8/15/2023,716980,33,100,2023
33,657053,"Toussaint, Touki",6/27/2023,717592,33,100,2023
33,611093,"Bracho, Silvino",6/24/2023,717631,33,100,2023
33,682175,"Jacques, Joe",6/16/2023,717742,33,100,2023
33,676477,"Whitlock, Garrett",8/18/2023,716953,33,100,2023
33,670102,"Francis, Bowden",6/10/2023,717822,33,100,2023
33,657240,"Merryweather, Julian",8/5/2023,717121,33,100,2023
33,679346,"Navarro, Edgar",8/28/2023,716815,33,100,2023
33,621294,"Heller, Ben",6/23/2023,717650,33,100,2023
33,605498,"Suárez, Andrew",8/25/2023,716861,33,100,2023
33,502085,"Robertson, David",6/8/2023,717840,33,100,2023
33,622780,"Perdomo, Angel",6/3/2023,717907,33,100,2023
33,523260,"Kelly, Joe",7/1/2023,717538,33,100,2023
33,669674,"Long, Sam",6/28/2023,717579,33,100,2023
33,605130,"Barlow, Scott",7/18/2023,717356,33,100,2023
33,543859,"Tonkin, Michael",6/8/2023,717840,33,100,2023
33,643377,"Jax, Griffin",8/16/2023,716976,33,100,2023
33,656945,"Scott, Tanner",7/22/2023,717306,33,100,2023
33,657240,"Merryweather, Julian",6/8/2023,717838,33,100,2023
33,663752,"Morris, Cody",8/30/2023,716784,33,100,2023
33,676254,"Walker, Ryan",8/1/2023,717180,33,100,2023
33,682175,"Jacques, Joe",6/27/2023,717605,33,100,2023
33,666364,"Balazovic, Jordan",7/29/2023,717207,33,100,2023
33,595345,"Okert, Steven",7/31/2023,717189,33,100,2023
33,608717,"Stratton, Chris",7/1/2023,717550,33,100,2023
33,686753,"Jameson, Drey",6/12/2023,717785,33,100,2023
33,593974,"Peralta, Wandy",8/9/2023,717054,33,100,2023
33,650893,"Cabrera, Génesis",7/15/2023,717396,33,100,2023
33,571539,"Carasiti, Matt",6/3/2023,717909,33,100,2023
33,642545,"Barria, Jaime",8/12/2023,717022,33,100,2023
33,670174,"Winckowski, Josh",6/12/2023,717794,33,100,2023
33,650633,"King, Michael",6/3/2023,717905,33,100,2023
33,663158,"Suarez, Robert",8/4/2023,717129,33,100,2023
33,621366,"Borucki, Ryan",8/16/2023,716974,33,100,2023
33,661395,"Duran, Jhoan",8/23/2023,716882,33,100,2023
33,701643,"Hartwig, Grant",7/2/2023,717525,33,100,2023
33,641941,"Pagán, Emilio",6/1/2023,717937,33,100,2023
33,571901,"Loup, Aaron",8/26/2023,716840,33,100,2023
33,621074,"Rucker, Michael",7/16/2023,717376,33,100,2023
33,663947,"Holton, Tyler",6/6/2023,717875,33,100,2023
33,657097,"Webb, Jacob",8/4/2023,717130,33,100,2023
33,571539,"Carasiti, Matt",6/21/2023,717669,33,100,2023
33,669387,"Mlodzinski, Carmen",7/30/2023,717208,33,100,2023
33,641672,"Hatch, Thomas",8/26/2023,716842,33,100,2023
33,641360,"Bickford, Phil",7/24/2023,717271,33,100,2023
33,622250,"Sborz, Josh",6/14/2023,717765,33,100,2023
33,666168,"Thompson, Mason",7/19/2023,717336,33,100,2023
33,660853,"De Los Santos, Enyel",6/16/2023,717739,33,100,2023
33,607179,"Weems, Jordan",7/19/2023,717336,33,100,2023
33,664208,"Maton, Phil",7/7/2023,717453,33,100,2023
33,689225,"Brieske, Beau",8/12/2023,717033,33,100,2023
33,675540,"Curry, Xzavion",7/3/2023,717512,33,100,2023
33,664028,"Kennedy, Brett",8/11/2023,717046,33,100,2023
33,642239,"Zastryzny, Rob",6/13/2023,717782,33,100,2023
33,624522,"Thompson, Keegan",8/27/2023,716834,33,100,2023
33,668941,"Romero, JoJo",7/4/2023,717502,33,100,2023
33,662253,"Muñoz, Andrés",8/5/2023,717109,33,100,2023
33,671111,"Peralta, Sammy",7/27/2023,717233,33,100,2023
32,489446,"Yates, Kirby",7/21/2023,717313,32,100,2023
32,661383,"Ortega, Oliver",6/27/2023,717600,32,100,2023
32,664747,"Díaz, Alexis",8/4/2023,717139,32,100,2023
32,596001,"Junis, Jakob",7/23/2023,717290,32,100,2023
32,656353,"Davidson, Tucker",7/3/2023,717505,32,100,2023
32,668338,"Miller, Tyson",7/26/2023,717253,32,100,2023
32,518397,"Alexander, Scott",8/14/2023,716999,32,100,2023
32,687798,"Robertson, Nick",7/18/2023,717361,32,100,2023
32,670329,"Garcia, Rico",7/6/2023,717476,32,100,2023
32,605347,"López, Jorge",6/15/2023,717752,32,100,2023
32,663878,"Pearson, Nate",7/18/2023,717362,32,100,2023
32,657097,"Webb, Jacob",8/1/2023,717176,32,100,2023
32,607179,"Weems, Jordan",8/11/2023,717043,32,100,2023
32,547973,"Chapman, Aroldis",8/21/2023,716906,32,100,2023
32,666374,"Brash, Matt",6/30/2023,717548,32,100,2023
32,542888,"Armstrong, Shawn",6/30/2023,717548,32,100,2023
32,642239,"Zastryzny, Rob",6/7/2023,717865,32,100,2023
32,518617,"Diekman, Jake",8/29/2023,716807,32,100,2023
32,571927,"Matz, Steven",7/5/2023,717488,32,100,2023
32,572403,"VerHagen, Drew",6/28/2023,717582,32,100,2023
32,605347,"López, Jorge",8/4/2023,717133,32,100,2023
32,623167,"Flexen, Chris",6/7/2023,717863,32,100,2023
32,595928,"Curtiss, John",6/18/2023,717713,32,100,2023
32,682989,"Mederos, Victor",6/30/2023,717549,32,100,2023
32,641743,"Kay, Anthony",8/1/2023,717173,32,100,2023
32,519151,"Pressly, Ryan",7/15/2023,717389,32,100,2023
32,608678,"Leone, Dominic",8/15/2023,716985,32,100,2023
32,598286,"Ramirez, Nick",7/17/2023,717369,32,100,2023
32,650556,"Abreu, Bryan",8/6/2023,717110,32,100,2023
32,666364,"Balazovic, Jordan",7/26/2023,717250,32,100,2023
32,641793,"Littell, Zack",6/24/2023,717632,32,100,2023
32,621016,"Cuas, Jose",8/28/2023,716810,32,100,2023
32,641703,"Honeywell, Brent",6/16/2023,717732,32,100,2023
32,656578,"Jackson, Andre",8/5/2023,717116,32,100,2023
32,641871,"Middleton, Keynan",7/29/2023,717217,32,100,2023
32,672710,"Contreras, Roansy",6/14/2023,717763,32,100,2023
32,680739,"Winder, Josh",6/16/2023,717738,32,100,2023
32,670950,"Richards, Trevor",8/23/2023,716874,32,100,2023
32,664901,"Mendick, Danny",8/12/2023,718371,32,100,2023
32,596001,"Junis, Jakob",6/19/2023,717697,32,100,2023
32,612434,"Castro, Miguel",7/4/2023,717498,32,100,2023
32,686839,"White, Brendan",6/14/2023,717770,32,100,2023
32,656222,"Beeks, Jalen",6/10/2023,717813,32,100,2023
32,663485,"Sands, Cole",8/25/2023,716850,32,100,2023
32,670950,"Richards, Trevor",7/6/2023,717468,32,100,2023
32,606160,"Montero, Rafael",6/17/2023,717727,32,100,2023
32,592773,"Stanek, Ryne",7/7/2023,717453,32,100,2023
32,543272,"Hand, Brad",7/2/2023,717523,32,100,2023
32,571539,"Carasiti, Matt",6/29/2023,717572,32,100,2023
32,669391,"White, Owen",7/26/2023,717239,32,100,2023
32,663855,"Hicks, Jordan",6/11/2023,717797,32,100,2023
32,641703,"Honeywell, Brent",7/15/2023,717397,32,100,2023
32,541640,"Ramírez, Erasmo",8/2/2023,717160,32,100,2023
32,666721,"Castillo, Max",8/15/2023,716981,32,100,2023
32,678061,"Kerr, Ray",8/8/2023,717072,32,100,2023
32,571948,"Milner, Hoby",6/9/2023,717831,32,100,2023
32,623211,"Brazobán, Huascar",6/12/2023,717786,32,100,2023
32,621057,"Garza, Justin",7/4/2023,717501,32,100,2023
32,543766,"Shaw, Bryan",8/7/2023,717088,32,100,2023
32,641360,"Bickford, Phil",7/1/2023,717537,32,100,2023
32,543521,"McHugh, Collin",7/19/2023,717340,32,100,2023
32,605463,"Scott, Tayler",6/3/2023,717905,32,100,2023
32,656730,"Megill, Trevor",8/27/2023,716822,32,100,2023
32,650960,"Duarte, Daniel",7/15/2023,717392,32,100,2023
32,661395,"Duran, Jhoan",6/21/2023,717665,32,100,2023
32,613534,"Adams, Austin",6/20/2023,717680,32,100,2023
32,670990,"Ramírez, Yohan",6/19/2023,717698,32,100,2023
32,668674,"Erceg, Lucas",6/14/2023,717761,32,100,2023
32,672335,"Pérez, Cionel",6/23/2023,717651,32,100,2023
32,596057,"Norris, Daniel",7/24/2023,717277,32,100,2023
32,571863,"Koch, Matt",7/24/2023,717282,32,100,2023
32,593576,"Neris, Héctor",7/8/2023,717440,32,100,2023
31,518585,"Cruz, Fernando",8/6/2023,717104,31,100,2023
31,656222,"Beeks, Jalen",7/1/2023,717534,31,100,2023
31,601713,"Pivetta, Nick",6/5/2023,717928,31,100,2023
31,690829,"Joyce, Ben",6/3/2023,717908,31,100,2023
31,664294,"Moreta, Dauri",8/22/2023,716901,31,100,2023
31,656234,"Bird, Jake",7/16/2023,717378,31,100,2023
31,543507,"May, Trevor",6/11/2023,717800,31,100,2023
31,605347,"López, Jorge",6/3/2023,717913,31,100,2023
31,607481,"Bummer, Aaron",7/2/2023,717518,31,100,2023
31,669060,"Wilson, Bryse",7/4/2023,717503,31,100,2023
31,680704,"Sandlin, Nick",6/22/2023,717660,31,100,2023
31,676395,"Garcia, Robert",8/6/2023,717104,31,100,2023
31,687330,"Kelly, Kevin",8/15/2023,716989,31,100,2023
31,669387,"Mlodzinski, Carmen",6/30/2023,717562,31,100,2023
31,628452,"Iglesias, Raisel",6/14/2023,717770,31,100,2023
31,592848,"Weiss, Zack",7/16/2023,717381,31,100,2023
31,663567,"Lambert, Peter",6/29/2023,717572,31,100,2023
31,664875,"Lawrence, Justin",8/6/2023,717099,31,100,2023
31,623211,"Brazobán, Huascar",6/19/2023,717700,31,100,2023
31,666168,"Thompson, Mason",7/6/2023,717481,31,100,2023
31,543518,"McGough, Scott",6/28/2023,717575,31,100,2023
31,681402,"Varland, Gus",8/29/2023,716792,31,100,2023
31,622065,"Young, Alex",8/2/2023,717153,31,100,2023
31,608678,"Leone, Dominic",8/26/2023,716840,31,100,2023
31,657097,"Webb, Jacob",6/9/2023,717824,31,100,2023
31,623167,"Flexen, Chris",6/22/2023,717652,31,100,2023
31,571901,"Loup, Aaron",7/1/2023,717533,31,100,2023
31,666374,"Brash, Matt",7/22/2023,717301,31,100,2023
31,656061,"Abreu, Albert",6/22/2023,717652,31,100,2023
31,607259,"Martinez, Nick",6/28/2023,717585,31,100,2023
31,668338,"Miller, Tyson",8/14/2023,717002,31,100,2023
31,621381,"Strahm, Matt",8/16/2023,716967,31,100,2023
31,543351,"Jackson, Jay",7/18/2023,717362,31,100,2023
31,640451,"Harvey, Hunter",6/20/2023,717691,31,100,2023
31,657097,"Webb, Jacob",7/14/2023,717405,31,100,2023
31,670174,"Winckowski, Josh",6/24/2023,717629,31,100,2023
31,676680,"Cosgrove, Tom",7/16/2023,717387,31,100,2023
31,596001,"Junis, Jakob",8/26/2023,716848,31,100,2023
31,676760,"Marinaccio, Ron",6/8/2023,717857,31,100,2023
31,663878,"Pearson, Nate",8/1/2023,717177,31,100,2023
31,608371,"Sims, Lucas",8/23/2023,716903,31,100,2023
31,642770,"Guerra, Javy",7/8/2023,717441,31,100,2023
31,661440,"Llovera, Mauricio",8/4/2023,717136,31,100,2023
31,628708,"Marte, Yunior",8/12/2023,717028,31,100,2023
31,663878,"Pearson, Nate",7/8/2023,717442,31,100,2023
31,681402,"Varland, Gus",8/18/2023,716946,31,100,2023
31,623352,"Hader, Josh",7/30/2023,717191,31,100,2023
31,664875,"Lawrence, Justin",6/7/2023,717852,31,100,2023
31,663804,"Kowar, Jackson",6/21/2023,717668,31,100,2023
31,660813,"Graterol, Brusdar",8/25/2023,716866,31,100,2023
31,665734,"Felipe, Angel",7/26/2023,717251,31,100,2023
31,663423,"Thornton, Trent",8/1/2023,717167,31,100,2023
31,657265,"Strzelecki, Peter",6/27/2023,717597,31,100,2023
31,542585,"Cisnero, José",8/18/2023,716959,31,100,2023
31,669387,"Mlodzinski, Carmen",7/24/2023,717276,31,100,2023
31,681982,"Anderson, Grant",6/12/2023,717792,31,100,2023
31,656234,"Bird, Jake",8/4/2023,717127,31,100,2023
31,681911,"Vesia, Alex",6/16/2023,717731,31,100,2023
31,664875,"Lawrence, Justin",7/25/2023,717269,31,100,2023
31,689690,"Jacob, Alek",7/18/2023,717362,31,100,2023
31,686839,"White, Brendan",7/27/2023,717247,31,100,2023
31,660906,"Pérez, Francisco",8/27/2023,716826,31,100,2023
31,656638,"Lange, Alex",7/1/2023,717544,31,100,2023
31,670036,"Festa, Matt",7/14/2023,717406,31,100,2023
31,621345,"Minter, A.J.",6/25/2023,717618,31,100,2023
31,640448,"Finnegan, Kyle",8/24/2023,716872,31,100,2023
31,676265,"Abbott, Cory",6/22/2023,717847,31,100,2023
31,675540,"Curry, Xzavion",6/8/2023,717842,31,100,2023
31,669952,"White, Mitch",6/18/2023,717709,31,100,2023
31,571863,"Koch, Matt",8/24/2023,716869,31,100,2023
31,669212,"Morgan, Eli",8/5/2023,717115,31,100,2023
31,656234,"Bird, Jake",8/1/2023,717169,31,100,2023
31,622065,"Young, Alex",6/6/2023,717870,31,100,2023
31,669684,"Murphy, Chris",6/24/2023,717629,31,100,2023
31,701643,"Hartwig, Grant",6/21/2023,717670,31,100,2023
31,571670,"Floro, Dylan",8/22/2023,716894,31,100,2023
31,663658,"Ward, Thaddeus",6/13/2023,717778,31,100,2023
31,593974,"Peralta, Wandy",8/6/2023,717110,31,100,2023
31,666619,"Santos, Gregory",8/9/2023,717054,31,100,2023
31,592254,"De León, José",6/10/2023,717822,31,100,2023
30,647336,"Soroka, Michael",7/16/2023,717391,30,100,2023
30,657508,"Baumann, Mike",7/15/2023,717401,30,100,2023
30,592426,"Jackson, Luke",8/14/2023,716999,30,100,2023
30,571670,"Floro, Dylan",7/17/2023,717374,30,100,2023
30,663558,"Moran, Jovani",8/5/2023,717118,30,100,2023
30,650496,"Mejía, J.C.",8/13/2023,717006,30,100,2023
30,669674,"Long, Sam",8/11/2023,717043,30,100,2023
30,676760,"Marinaccio, Ron",7/25/2023,717266,30,100,2023
30,664126,"Fairbanks, Pete",8/11/2023,717038,30,100,2023
30,594580,"Moll, Sam",6/17/2023,717725,30,100,2023
30,668665,"Nogosek, Stephen",6/8/2023,717840,30,100,2023
30,656464,"Ginkel, Kevin",8/13/2023,717003,30,100,2023
30,689225,"Brieske, Beau",8/7/2023,717091,30,100,2023
30,543766,"Shaw, Bryan",8/22/2023,716893,30,100,2023
30,600921,"Machado, Andrés",8/30/2023,716785,30,100,2023
30,686294,"Willingham, Amos",7/15/2023,717396,30,100,2023
30,455117,"Maldonado, Martín",8/24/2023,716873,30,100,2023
30,621074,"Rucker, Michael",6/19/2023,717698,30,100,2023
30,663947,"Holton, Tyler",8/9/2023,717061,30,100,2023
30,621237,"Alvarado, José",7/6/2023,717472,30,100,2023
30,669684,"Murphy, Chris",8/17/2023,716966,30,100,2023
30,677076,"Andrews, Clayton",7/1/2023,717540,30,100,2023
30,600921,"Machado, Andrés",8/8/2023,717096,30,100,2023
30,598286,"Ramirez, Nick",6/29/2023,717574,30,100,2023
30,664353,"Urquidy, José",8/18/2023,716948,30,100,2023
30,677865,"Bruihl, Justin",7/25/2023,717256,30,100,2023
30,650556,"Abreu, Bryan",8/9/2023,717067,30,100,2023
30,621383,"Banks, Tanner",7/28/2023,717228,30,100,2023
30,656271,"Burke, Brock",7/19/2023,717346,30,100,2023
30,667755,"Soriano, José",8/3/2023,717144,30,100,2023
30,607755,"Vasquez, Andrew",8/11/2023,717042,30,100,2023
30,661527,"Martinez, Seth",7/26/2023,717239,30,100,2023
30,571948,"Milner, Hoby",7/16/2023,717383,30,100,2023
30,663462,"Campbell, Isaiah",7/31/2023,717181,30,100,2023
30,656814,"Ortiz, Luis F.",7/15/2023,717397,30,100,2023
30,518585,"Cruz, Fernando",6/26/2023,717611,30,100,2023
30,621381,"Strahm, Matt",7/15/2023,717408,30,100,2023
30,608665,"Graveman, Kendall",7/9/2023,717424,30,100,2023
30,663986,"Stephan, Trevor",8/10/2023,717052,30,100,2023
30,605218,"Edwards Jr., Carl",6/19/2023,717699,30,100,2023
30,642239,"Zastryzny, Rob",6/9/2023,717836,30,100,2023
30,664747,"Díaz, Alexis",6/20/2023,717685,30,100,2023
30,657571,"Ferguson, Caleb",6/6/2023,717870,30,100,2023
30,543859,"Tonkin, Michael",7/22/2023,717296,30,100,2023
30,605130,"Barlow, Scott",6/27/2023,717591,30,100,2023
30,674003,"Bradford, Cody",7/3/2023,717514,30,100,2023
30,605218,"Edwards Jr., Carl",6/11/2023,717807,30,100,2023
30,669438,"Englert, Mason",6/16/2023,717738,30,100,2023
30,621295,"Wittgren, Nick",6/2/2023,717923,30,100,2023
30,656578,"Jackson, Andre",8/8/2023,717079,30,100,2023
30,642585,"Bautista, Félix",7/7/2023,717458,30,100,2023
30,676254,"Walker, Ryan",8/22/2023,716899,30,100,2023
30,663941,"Beck, Tristan",6/29/2023,717564,30,100,2023
30,678606,"Ferrer, Jose A.",8/23/2023,716877,30,100,2023
30,670280,"Bednar, David",7/29/2023,717216,30,100,2023
30,641771,"Kuhl, Chad",6/23/2023,717642,30,100,2023
30,669424,"Lambert, Jimmy",6/21/2023,717667,30,100,2023
30,621139,"Kriske, Brooks",6/30/2023,717553,30,100,2023
30,641771,"Kuhl, Chad",6/10/2023,717816,30,100,2023
30,596001,"Junis, Jakob",6/14/2023,717767,30,100,2023
30,670097,"Short, Zack",8/27/2023,716830,30,100,2023
30,600917,"Leclerc, José",8/20/2023,716918,30,100,2023
30,669395,"Coleman, Dylan",7/26/2023,717249,30,100,2023
30,592426,"Jackson, Luke",8/18/2023,716949,30,100,2023
30,663542,"Hudson, Bryan",8/7/2023,717094,30,100,2023
30,660261,"Fujinami, Shintaro",6/28/2023,717579,30,100,2023
30,573009,"Mantiply, Joe",6/23/2023,717641,30,100,2023
30,596057,"Norris, Daniel",7/31/2023,717184,30,100,2023
30,657097,"Webb, Jacob",8/30/2023,716786,30,100,2023
30,667755,"Soriano, José",7/28/2023,717235,30,100,2023
30,667463,"King, John",6/3/2023,717912,30,100,2023
30,608717,"Stratton, Chris",7/19/2023,717351,30,100,2023
30,664139,"Gibaut, Ian",6/25/2023,717618,30,100,2023
30,660261,"Fujinami, Shintaro",6/5/2023,717884,30,100,2023
30,621237,"Alvarado, José",6/11/2023,717806,30,100,2023
30,543518,"McGough, Scott",6/14/2023,717757,30,100,2023
30,641302,"Alexander, Tyler",6/19/2023,717692,30,100,2023
30,656546,"Hoffman, Jeff",7/19/2023,717347,30,100,2023
30,642585,"Bautista, Félix",8/8/2023,717084,30,100,2023
30,543766,"Shaw, Bryan",8/29/2023,716800,30,100,2023
30,641360,"Bickford, Phil",8/16/2023,716974,30,100,2023
30,650556,"Abreu, Bryan",6/24/2023,717626,30,100,2023
30,488984,"Hunter, Tommy",6/9/2023,717836,30,100,2023
30,670059,"Holderman, Colin",8/10/2023,717056,30,100,2023
30,663947,"Holton, Tyler",6/29/2023,717570,30,100,2023
30,663542,"Hudson, Bryan",7/8/2023,717437,30,100,2023
30,572955,"Johnson, Pierce",6/8/2023,717846,30,100,2023
29,625643,"López, Reynaldo",7/23/2023,717285,29,100,2023
29,656353,"Davidson, Tucker",6/14/2023,717765,29,100,2023
29,682842,"Uribe, Abner",7/25/2023,717262,29,100,2023
29,669060,"Wilson, Bryse",8/15/2023,716979,29,100,2023
29,668941,"Romero, JoJo",8/10/2023,717048,29,100,2023
29,670280,"Bednar, David",6/24/2023,717630,29,100,2023
29,660787,"De los Santos, Yerry",7/17/2023,717371,29,100,2023
29,656257,"Brigham, Jeff",6/27/2023,717597,29,100,2023
29,656529,"Hentges, Sam",7/5/2023,717486,29,100,2023
29,543339,"Hudson, Daniel",7/5/2023,717479,29,100,2023
29,614179,"Ruiz, José",6/10/2023,717821,29,100,2023
29,676477,"Whitlock, Garrett",8/23/2023,716878,29,100,2023
29,608718,"Suter, Brent",6/18/2023,717716,29,100,2023
29,445926,"Chavez, Jesse",6/10/2023,717816,29,100,2023
29,598286,"Ramirez, Nick",7/25/2023,717266,29,100,2023
29,663658,"Ward, Thaddeus",6/23/2023,717642,29,100,2023
29,657612,"Hill, Tim",6/14/2023,717758,29,100,2023
29,664199,"Clarke, Taylor",6/19/2023,717692,29,100,2023
29,656794,"Newcomb, Sean",8/29/2023,716790,29,100,2023
29,663989,"Vespi, Nick",7/17/2023,717372,29,100,2023
29,606160,"Montero, Rafael",7/9/2023,717430,29,100,2023
29,643511,"Rogers, Tyler",6/27/2023,717604,29,100,2023
29,547973,"Chapman, Aroldis",6/17/2023,717726,29,100,2023
29,656382,"Doyle, Tommy",8/28/2023,716812,29,100,2023
29,643410,"Leiter Jr., Mark",7/6/2023,717474,29,100,2023
29,656271,"Burke, Brock",7/30/2023,717191,29,100,2023
29,455119,"Martin, Chris",8/23/2023,716878,29,100,2023
29,665625,"Peguero, Elvis",8/20/2023,716918,29,100,2023
29,547184,"Kelly, Michael",7/31/2023,717184,29,100,2023
29,670950,"Richards, Trevor",7/16/2023,717386,29,100,2023
29,605280,"Holmes, Clay",7/22/2023,717304,29,100,2023
29,571656,"Farmer, Buck",7/6/2023,717481,29,100,2023
29,628708,"Marte, Yunior",7/8/2023,717438,29,100,2023
29,656786,"Mushinski, Parker",7/26/2023,717239,29,100,2023
29,688427,"Ingram, Kolton",6/24/2023,717640,29,100,2023
29,640455,"Manaea, Sean",7/14/2023,717416,29,100,2023
29,641729,"Jiménez, Joe",6/8/2023,717840,29,100,2023
29,650960,"Duarte, Daniel",8/28/2023,716823,29,100,2023
29,669947,"Scholtens, Jesse",7/25/2023,717263,29,100,2023
29,682051,"Hill, Garrett",8/29/2023,716795,29,100,2023
29,679885,"Martinez, Justin",7/7/2023,717452,29,100,2023
29,666818,"Frías, Luis",7/28/2023,717223,29,100,2023
29,663462,"Campbell, Isaiah",7/18/2023,717350,29,100,2023
29,663947,"Holton, Tyler",8/27/2023,716830,29,100,2023
29,670990,"Ramírez, Yohan",8/18/2023,716951,29,100,2023
29,592454,"Kahnle, Tommy",6/2/2023,717917,29,100,2023
29,592454,"Kahnle, Tommy",7/19/2023,717339,29,100,2023
29,672578,"Hernández, Carlos",8/23/2023,716884,29,100,2023
29,593974,"Peralta, Wandy",6/10/2023,717825,29,100,2023
29,682120,"Herrin, Tim",6/28/2023,717577,29,100,2023
29,656638,"Lange, Alex",8/7/2023,717091,29,100,2023
29,689225,"Brieske, Beau",8/10/2023,717050,29,100,2023
29,701643,"Hartwig, Grant",7/29/2023,717215,29,100,2023
29,607481,"Bummer, Aaron",7/20/2023,717330,29,100,2023
29,657508,"Baumann, Mike",8/9/2023,717067,29,100,2023
29,502085,"Robertson, David",6/30/2023,717556,29,100,2023
29,606160,"Montero, Rafael",7/6/2023,717467,29,100,2023
29,518585,"Cruz, Fernando",6/24/2023,717631,29,100,2023
29,665734,"Felipe, Angel",8/12/2023,717030,29,100,2023
29,666818,"Frías, Luis",8/15/2023,716978,29,100,2023
29,668868,"Thompson, Zack",7/23/2023,717286,29,100,2023
29,663773,"Hoeing, Bryan",8/16/2023,716972,29,100,2023
29,665734,"Felipe, Angel",7/14/2023,717409,29,100,2023
29,657240,"Merryweather, Julian",7/9/2023,717433,29,100,2023
29,625643,"López, Reynaldo",7/4/2023,717496,29,100,2023
29,625643,"López, Reynaldo",6/18/2023,717704,29,100,2023
29,681402,"Varland, Gus",8/23/2023,716875,29,100,2023
29,656464,"Ginkel, Kevin",6/11/2023,717804,29,100,2023
29,543901,"Weber, Ryan",6/2/2023,717917,29,100,2023
29,669952,"White, Mitch",7/7/2023,717457,29,100,2023
29,518617,"Diekman, Jake",8/19/2023,716915,29,100,2023
29,641871,"Middleton, Keynan",7/15/2023,717395,29,100,2023
29,669211,"Akin, Keegan",6/21/2023,717677,29,100,2023
29,663658,"Ward, Thaddeus",6/6/2023,717881,29,100,2023
29,608717,"Stratton, Chris",8/4/2023,717133,29,100,2023
29,675989,"Bolton, Cody",6/28/2023,717585,29,100,2023
29,642048,"Saucedo, Tayler",7/15/2023,717390,29,100,2023
29,657265,"Strzelecki, Peter",6/21/2023,717672,29,100,2023
29,608717,"Stratton, Chris",6/6/2023,717868,29,100,2023
29,641941,"Pagán, Emilio",6/24/2023,717633,29,100,2023
29,623167,"Flexen, Chris",6/11/2023,717799,29,100,2023
29,519043,"Moore, Matt",8/30/2023,716787,29,100,2023
29,605463,"Scott, Tayler",7/15/2023,717403,29,100,2023
29,621294,"Heller, Ben",6/16/2023,717745,29,100,2023
29,666619,"Santos, Gregory",6/20/2023,717675,29,100,2023
29,664294,"Moreta, Dauri",7/17/2023,717371,29,100,2023
29,665871,"Assad, Javier",6/16/2023,717744,29,100,2023
29,543507,"May, Trevor",8/13/2023,717016,29,100,2023
29,543521,"McHugh, Collin",6/9/2023,717829,29,100,2023
29,621051,"Wilson, Steven",7/29/2023,717209,29,100,2023
29,656638,"Lange, Alex",7/14/2023,717406,29,100,2023
29,608718,"Suter, Brent",6/12/2023,717794,29,100,2023
29,600917,"Leclerc, José",7/21/2023,717316,29,100,2023
29,541640,"Ramírez, Erasmo",8/29/2023,716807,29,100,2023
29,643361,"Herget, Kevin",6/1/2023,717932,29,100,2023
29,607179,"Weems, Jordan",7/3/2023,717517,29,100,2023
29,666808,"Doval, Camilo",8/20/2023,716927,29,100,2023
29,670950,"Richards, Trevor",7/24/2023,717271,29,100,2023
29,686613,"Brown, Hunter",8/15/2023,716991,29,100,2023
29,679885,"Martinez, Justin",8/17/2023,716957,29,100,2023
29,606930,"Barnes, Jacob",8/28/2023,716809,29,100,2023
29,608718,"Suter, Brent",6/9/2023,717830,29,100,2023
29,621051,"Wilson, Steven",6/18/2023,717703,29,100,2023
29,621383,"Banks, Tanner",7/25/2023,717263,29,100,2023
29,607481,"Bummer, Aaron",7/26/2023,717240,29,100,2023
29,668674,"Erceg, Lucas",6/9/2023,717831,29,100,2023
29,656638,"Lange, Alex",8/2/2023,717166,29,100,2023
29,642207,"Williams, Devin",7/22/2023,717296,29,100,2023
28,607755,"Vasquez, Andrew",7/14/2023,717418,28,100,2023
28,519293,"Smith, Will",8/30/2023,716783,28,100,2023
28,605130,"Barlow, Scott",8/26/2023,716838,28,100,2023
28,608678,"Leone, Dominic",8/8/2023,717068,28,100,2023
28,605463,"Scott, Tayler",6/8/2023,717844,28,100,2023
28,667755,"Soriano, José",6/25/2023,717616,28,100,2023
28,670950,"Richards, Trevor",8/26/2023,716846,28,100,2023
28,641755,"Kinley, Tyler",8/13/2023,717007,28,100,2023
28,641360,"Bickford, Phil",7/22/2023,717305,28,100,2023
28,598286,"Ramirez, Nick",6/16/2023,717742,28,100,2023
28,542914,"Bass, Anthony",6/5/2023,717878,28,100,2023
28,594580,"Moll, Sam",7/8/2023,717449,28,100,2023
28,667463,"King, John",8/22/2023,716901,28,100,2023
28,641360,"Bickford, Phil",6/27/2023,717594,28,100,2023
28,681892,"Funderburk, Kody",8/28/2023,716813,28,100,2023
28,543766,"Shaw, Bryan",7/29/2023,717217,28,100,2023
28,519043,"Moore, Matt",7/30/2023,717201,28,100,2023
28,622075,"Almonte, Yency",7/2/2023,717527,28,100,2023
28,571670,"Floro, Dylan",8/10/2023,717050,28,100,2023
28,641627,"Gott, Trevor",8/20/2023,716921,28,100,2023
28,682842,"Uribe, Abner",7/8/2023,717444,28,100,2023
28,666721,"Castillo, Max",8/17/2023,716964,28,100,2023
28,606160,"Montero, Rafael",8/29/2023,716802,28,100,2023
28,657508,"Baumann, Mike",7/18/2023,717361,28,100,2023
28,663765,"Woodford, Jake",6/25/2023,717623,28,100,2023
28,518489,"Brasier, Ryan",7/1/2023,717537,28,100,2023
28,592779,"Stewart, Brock",6/23/2023,717647,28,100,2023
28,543859,"Tonkin, Michael",6/27/2023,717600,28,100,2023
28,622250,"Sborz, Josh",6/27/2023,717599,28,100,2023
28,621295,"Wittgren, Nick",6/30/2023,717553,28,100,2023
28,701643,"Hartwig, Grant",7/15/2023,717400,28,100,2023
28,606160,"Montero, Rafael",8/13/2023,717004,28,100,2023
28,523260,"Kelly, Joe",6/6/2023,717877,28,100,2023
28,696147,"Bachman, Sam",6/12/2023,717792,28,100,2023
28,669145,"Zimmermann, Bruce",6/3/2023,717916,28,100,2023
28,681867,"Criswell, Cooper",6/3/2023,717918,28,100,2023
28,656382,"Doyle, Tommy",7/29/2023,717212,28,100,2023
28,643493,"Pruitt, Austin",6/24/2023,717634,28,100,2023
28,666374,"Brash, Matt",8/25/2023,716853,28,100,2023
28,660261,"Fujinami, Shintaro",8/9/2023,717067,28,100,2023
28,489446,"Yates, Kirby",6/7/2023,717850,28,100,2023
28,656638,"Lange, Alex",6/24/2023,717633,28,100,2023
28,672335,"Pérez, Cionel",7/18/2023,717361,28,100,2023
28,657024,"Swanson, Erik",7/25/2023,717256,28,100,2023
28,664208,"Maton, Phil",6/17/2023,717727,28,100,2023
28,641871,"Middleton, Keynan",8/22/2023,716900,28,100,2023
28,608665,"Graveman, Kendall",6/24/2023,717629,28,100,2023
28,660261,"Fujinami, Shintaro",6/18/2023,717705,28,100,2023
28,623149,"Sewald, Paul",8/24/2023,716868,28,100,2023
28,621381,"Strahm, Matt",7/25/2023,717267,28,100,2023
28,641729,"Jiménez, Joe",6/17/2023,717724,28,100,2023
28,608678,"Leone, Dominic",8/28/2023,716817,28,100,2023
28,605347,"López, Jorge",7/20/2023,717327,28,100,2023
28,664199,"Clarke, Taylor",6/12/2023,717793,28,100,2023
28,676760,"Marinaccio, Ron",7/4/2023,717508,28,100,2023
28,680739,"Winder, Josh",8/16/2023,716976,28,100,2023
28,663804,"Kowar, Jackson",6/23/2023,717649,28,100,2023
28,571946,"Miller, Shelby",6/9/2023,717837,28,100,2023
28,661383,"Ortega, Oliver",7/25/2023,717264,28,100,2023
28,672578,"Hernández, Carlos",6/2/2023,717923,28,100,2023
28,656061,"Abreu, Albert",8/31/2023,716775,28,100,2023
28,671345,"Foley, Jason",6/18/2023,717711,28,100,2023
28,676475,"Burleson, Alec",6/29/2023,717566,28,100,2023
28,542888,"Armstrong, Shawn",8/9/2023,717064,28,100,2023
28,641302,"Alexander, Tyler",7/2/2023,717523,28,100,2023
28,642585,"Bautista, Félix",8/12/2023,717018,28,100,2023
28,669467,"Pallante, Andre",8/23/2023,716886,28,100,2023
28,664139,"Gibaut, Ian",7/6/2023,717481,28,100,2023
28,669212,"Morgan, Eli",8/28/2023,716813,28,100,2023
28,622259,"Wingenter, Trey",8/4/2023,717135,28,100,2023
28,665871,"Assad, Javier",7/23/2023,717286,28,100,2023
28,668941,"Romero, JoJo",8/23/2023,716886,28,100,2023
28,657508,"Baumann, Mike",6/4/2023,717890,28,100,2023
28,621368,"Hearn, Taylor",8/15/2023,716981,28,100,2023
28,623211,"Brazobán, Huascar",8/7/2023,717097,28,100,2023
28,642545,"Barria, Jaime",7/16/2023,717381,28,100,2023
28,621381,"Strahm, Matt",6/28/2023,717584,28,100,2023
28,670167,"Schreiber, John",8/20/2023,716928,28,100,2023
28,613534,"Adams, Austin",7/14/2023,717420,28,100,2023
28,642528,"Loáisiga, Jonathan",8/25/2023,716854,28,100,2023
28,622075,"Almonte, Yency",8/11/2023,717032,28,100,2023
28,657024,"Swanson, Erik",8/18/2023,716954,28,100,2023
28,608371,"Sims, Lucas",7/21/2023,717321,28,100,2023
28,623149,"Sewald, Paul",8/22/2023,716889,28,100,2023
28,701643,"Hartwig, Grant",6/25/2023,717624,28,100,2023
28,676395,"Garcia, Robert",8/31/2023,716776,28,100,2023
28,571882,"Law, Derek",7/24/2023,717273,28,100,2023
28,669424,"Lambert, Jimmy",8/11/2023,717036,28,100,2023
28,543518,"McGough, Scott",8/4/2023,717128,28,100,2023
28,650893,"Cabrera, Génesis",7/25/2023,717256,28,100,2023
28,606160,"Montero, Rafael",7/29/2023,717214,28,100,2023
28,643410,"Leiter Jr., Mark",7/29/2023,717213,28,100,2023
28,607481,"Bummer, Aaron",7/16/2023,717391,28,100,2023
28,671345,"Foley, Jason",6/11/2023,717804,28,100,2023
28,605130,"Barlow, Scott",8/7/2023,717094,28,100,2023
28,472610,"García, Luis",8/30/2023,716782,28,100,2023
28,548384,"Raley, Brooks",8/7/2023,717092,28,100,2023
28,660787,"De los Santos, Yerry",7/25/2023,717258,28,100,2023
28,502085,"Robertson, David",6/3/2023,717910,28,100,2023
28,663658,"Ward, Thaddeus",7/1/2023,717543,28,100,2023
28,657240,"Merryweather, Julian",6/21/2023,717671,28,100,2023
28,606965,"Devenski, Chris",6/4/2023,717899,28,100,2023
28,625643,"López, Reynaldo",7/6/2023,717468,28,100,2023
28,622780,"Perdomo, Angel",8/9/2023,717058,28,100,2023
28,621381,"Strahm, Matt",6/9/2023,717837,28,100,2023
28,642545,"Barria, Jaime",7/22/2023,717297,28,100,2023
28,656322,"Coonrod, Sam",8/14/2023,717002,28,100,2023
28,650496,"Mejía, J.C.",8/3/2023,717143,28,100,2023
28,607179,"Weems, Jordan",7/6/2023,717481,28,100,2023
28,686539,"Cronin, Declan",7/30/2023,717204,28,100,2023
28,663989,"Vespi, Nick",8/20/2023,716914,28,100,2023
28,621383,"Banks, Tanner",8/21/2023,716905,28,100,2023
28,623352,"Hader, Josh",8/23/2023,716883,28,100,2023
28,656234,"Bird, Jake",6/10/2023,717819,28,100,2023
28,453268,"Bard, Daniel",8/16/2023,716977,28,100,2023
28,663804,"Kowar, Jackson",6/11/2023,717808,28,100,2023
28,663462,"Campbell, Isaiah",7/25/2023,717264,28,100,2023
28,650633,"King, Michael",8/20/2023,716928,28,100,2023
28,643377,"Jax, Griffin",8/26/2023,716839,28,100,2023
28,656290,"Carlton, Drew",6/10/2023,717819,28,100,2023
28,592473,"Kolarek, Adam",8/22/2023,716891,28,100,2023
28,676395,"Garcia, Robert",8/17/2023,716966,28,100,2023
28,663752,"Morris, Cody",7/14/2023,717415,28,100,2023
28,605347,"López, Jorge",8/9/2023,717070,28,100,2023
28,640470,"Alzolay, Adbert",7/4/2023,717503,28,100,2023
28,592094,"Adam, Jason",6/22/2023,717659,28,100,2023
28,571882,"Law, Derek",7/18/2023,717360,28,100,2023
28,664875,"Lawrence, Justin",6/13/2023,717788,28,100,2023
28,676254,"Walker, Ryan",7/19/2023,717342,28,100,2023
28,660906,"Pérez, Francisco",8/25/2023,716856,28,100,2023
27,592773,"Stanek, Ryne",6/3/2023,717908,27,100,2023
27,669796,"Hernandez, Jose E.",7/21/2023,717312,27,100,2023
27,663878,"Pearson, Nate",7/31/2023,717186,27,100,2023
27,657044,"Thompson, Ryan",7/6/2023,717472,27,100,2023
27,669387,"Mlodzinski, Carmen",8/9/2023,717058,27,100,2023
27,643511,"Rogers, Tyler",7/25/2023,717272,27,100,2023
27,663462,"Campbell, Isaiah",8/9/2023,717055,27,100,2023
27,543521,"McHugh, Collin",6/4/2023,717892,27,100,2023
27,668970,"Hollowell, Gavin",8/29/2023,716791,27,100,2023
27,527048,"Pérez, Martín",8/28/2023,716818,27,100,2023
27,656234,"Bird, Jake",6/28/2023,717578,27,100,2023
27,670950,"Richards, Trevor",7/1/2023,717547,27,100,2023
27,660906,"Pérez, Francisco",8/20/2023,716914,27,100,2023
27,668674,"Erceg, Lucas",7/14/2023,717409,27,100,2023
27,621051,"Wilson, Steven",8/19/2023,716919,27,100,2023
27,663752,"Morris, Cody",7/17/2023,717371,27,100,2023
27,656271,"Burke, Brock",6/30/2023,717554,27,100,2023
27,663986,"Stephan, Trevor",7/2/2023,717521,27,100,2023
27,598264,"Barnes, Matt",6/1/2023,717941,27,100,2023
27,679885,"Martinez, Justin",7/14/2023,717420,27,100,2023
27,641627,"Gott, Trevor",6/4/2023,717894,27,100,2023
27,606965,"Devenski, Chris",7/1/2023,717533,27,100,2023
27,612434,"Castro, Miguel",8/16/2023,716977,27,100,2023
27,689225,"Brieske, Beau",8/18/2023,716959,27,100,2023
27,663878,"Pearson, Nate",6/9/2023,717835,27,100,2023
27,472551,"Abad, Fernando",7/18/2023,717355,27,100,2023
27,472551,"Abad, Fernando",7/4/2023,717504,27,100,2023
27,661383,"Ortega, Oliver",7/17/2023,717365,27,100,2023
27,666142,"Ragans, Cole",6/12/2023,717792,27,100,2023
27,643511,"Rogers, Tyler",8/19/2023,716934,27,100,2023
27,690829,"Joyce, Ben",6/7/2023,717855,27,100,2023
27,593576,"Neris, Héctor",8/6/2023,717110,27,100,2023
27,681982,"Anderson, Grant",6/29/2023,717570,27,100,2023
27,656546,"Hoffman, Jeff",6/10/2023,717811,27,100,2023
27,664942,"Naile, James",8/4/2023,717127,27,100,2023
27,643377,"Jax, Griffin",8/6/2023,717106,27,100,2023
27,622103,"Reyes, Gerardo",7/27/2023,717247,27,100,2023
27,686294,"Willingham, Amos",7/18/2023,717353,27,100,2023
27,663855,"Hicks, Jordan",7/24/2023,717268,27,100,2023
27,623465,"Phillips, Evan",6/15/2023,717748,27,100,2023
27,663855,"Hicks, Jordan",6/9/2023,717832,27,100,2023
27,608678,"Leone, Dominic",6/21/2023,717670,27,100,2023
27,621363,"Poche, Colin",8/23/2023,716880,27,100,2023
27,608717,"Stratton, Chris",8/12/2023,717029,27,100,2023
27,622250,"Sborz, Josh",7/6/2023,717471,27,100,2023
27,621016,"Cuas, Jose",8/22/2023,716896,27,100,2023
27,621237,"Alvarado, José",8/22/2023,716899,27,100,2023
27,622075,"Almonte, Yency",6/21/2023,717662,27,100,2023
27,598286,"Ramirez, Nick",7/29/2023,717219,27,100,2023
27,669212,"Morgan, Eli",7/26/2023,717249,27,100,2023
27,502085,"Robertson, David",7/16/2023,717385,27,100,2023
27,650556,"Abreu, Bryan",7/2/2023,717520,27,100,2023
27,628708,"Marte, Yunior",7/25/2023,717267,27,100,2023
27,670059,"Holderman, Colin",6/3/2023,717907,27,100,2023
27,608344,"Irvin, Cole",8/2/2023,717157,27,100,2023
27,542888,"Armstrong, Shawn",6/4/2023,717904,27,100,2023
27,661309,"Martínez, Adrián",8/19/2023,716930,27,100,2023
27,686294,"Willingham, Amos",8/8/2023,717082,27,100,2023
27,668868,"Thompson, Zack",7/19/2023,717351,27,100,2023
27,571882,"Law, Derek",8/5/2023,717120,27,100,2023
27,608718,"Suter, Brent",7/30/2023,717199,27,100,2023
27,661527,"Martinez, Seth",7/6/2023,717467,27,100,2023
27,656353,"Davidson, Tucker",6/10/2023,717809,27,100,2023
27,595345,"Okert, Steven",7/21/2023,717319,27,100,2023
27,592229,"Covey, Dylan",6/3/2023,717914,27,100,2023
27,641329,"Baker, Bryan",7/2/2023,717529,27,100,2023
27,608717,"Stratton, Chris",8/18/2023,716950,27,100,2023
27,518617,"Diekman, Jake",8/11/2023,717038,27,100,2023
27,641941,"Pagán, Emilio",7/14/2023,717409,27,100,2023
27,676684,"Vest, Will",6/6/2023,717875,27,100,2023
27,641771,"Kuhl, Chad",6/17/2023,717734,27,100,2023
27,623149,"Sewald, Paul",8/19/2023,716919,27,100,2023
27,689225,"Brieske, Beau",8/16/2023,716976,27,100,2023
27,571901,"Loup, Aaron",7/29/2023,717222,27,100,2023
27,660261,"Fujinami, Shintaro",7/14/2023,717409,27,100,2023
27,621051,"Wilson, Steven",6/10/2023,717819,27,100,2023
27,445276,"Jansen, Kenley",6/3/2023,717885,27,100,2023
27,671345,"Foley, Jason",7/29/2023,717218,27,100,2023
27,641871,"Middleton, Keynan",8/9/2023,717054,27,100,2023
27,543766,"Shaw, Bryan",8/25/2023,716856,27,100,2023
27,641656,"Hamilton, Ian",7/29/2023,717219,27,100,2023
27,621295,"Wittgren, Nick",7/20/2023,717332,27,100,2023
27,686747,"La Sorsa, Joe",8/8/2023,717082,27,100,2023
27,666808,"Doval, Camilo",6/12/2023,717791,27,100,2023
27,592094,"Adam, Jason",7/2/2023,717519,27,100,2023
27,656382,"Doyle, Tommy",7/15/2023,717394,27,100,2023
27,640462,"Puk, A.J.",7/23/2023,717292,27,100,2023
27,643361,"Herget, Kevin",6/10/2023,717817,27,100,2023
27,571670,"Floro, Dylan",8/19/2023,716936,27,100,2023
27,650960,"Duarte, Daniel",6/18/2023,717707,27,100,2023
27,621381,"Strahm, Matt",7/29/2023,717216,27,100,2023
27,661440,"Llovera, Mauricio",7/29/2023,717221,27,100,2023
27,453268,"Bard, Daniel",8/28/2023,716812,27,100,2023
27,622103,"Reyes, Gerardo",6/10/2023,717809,27,100,2023
27,641360,"Bickford, Phil",8/5/2023,717114,27,100,2023
27,660853,"De Los Santos, Enyel",8/28/2023,716813,27,100,2023
27,669711,"Weissert, Greg",8/18/2023,716953,27,100,2023
27,666619,"Santos, Gregory",6/10/2023,717820,27,100,2023
27,680704,"Sandlin, Nick",6/2/2023,717924,27,100,2023
27,657248,"Otto, Glenn",7/7/2023,717465,27,100,2023
27,607481,"Bummer, Aaron",8/23/2023,716881,27,100,2023
27,668984,"Legumina, Casey",6/20/2023,717685,27,100,2023
27,502085,"Robertson, David",8/19/2023,716909,27,100,2023
27,641360,"Bickford, Phil",8/21/2023,716910,27,100,2023
27,502179,"Espino, Paolo",6/25/2023,717610,27,100,2023
27,694037,"Palencia, Daniel",7/6/2023,717474,27,100,2023
27,641835,"Mayza, Tim",6/5/2023,717878,27,100,2023
27,669169,"Heasley, Jonathan",8/6/2023,717113,27,100,2023
27,662253,"Muñoz, Andrés",7/19/2023,717335,27,100,2023
27,608665,"Graveman, Kendall",8/23/2023,716878,27,100,2023
27,663158,"Suarez, Robert",8/13/2023,717003,27,100,2023
27,666720,"Rodríguez, Yerry",7/28/2023,717224,27,100,2023
27,642545,"Barria, Jaime",7/14/2023,717405,27,100,2023
27,660787,"De los Santos, Yerry",6/15/2023,717747,27,100,2023
27,621368,"Hearn, Taylor",8/25/2023,716853,27,100,2023
27,670059,"Holderman, Colin",6/14/2023,717763,27,100,2023
27,664208,"Maton, Phil",6/8/2023,717843,27,100,2023
27,643493,"Pruitt, Austin",8/2/2023,717154,27,100,2023
27,656353,"Davidson, Tucker",7/15/2023,717389,27,100,2023
27,656271,"Burke, Brock",6/26/2023,717606,27,100,2023
27,643361,"Herget, Kevin",6/3/2023,717906,27,100,2023
27,571670,"Floro, Dylan",7/9/2023,717426,27,100,2023
27,661403,"Clase, Emmanuel",8/27/2023,716825,27,100,2023
27,657585,"Garrett, Reed",8/4/2023,717134,27,100,2023
27,628452,"Iglesias, Raisel",6/12/2023,717790,27,100,2023
27,666168,"Thompson, Mason",7/17/2023,717370,27,100,2023
27,607179,"Weems, Jordan",7/5/2023,717493,27,100,2023
27,571479,"Bellatti, Andrew",8/29/2023,716806,27,100,2023
27,489446,"Yates, Kirby",6/11/2023,717807,27,100,2023
27,656730,"Megill, Trevor",6/9/2023,717831,27,100,2023
27,622072,"Wood, Alex",7/26/2023,717251,27,100,2023
26,641793,"Littell, Zack",7/23/2023,717291,26,100,2023
26,664139,"Gibaut, Ian",7/25/2023,717262,26,100,2023
26,642207,"Williams, Devin",6/29/2023,717565,26,100,2023
26,669674,"Long, Sam",6/6/2023,717874,26,100,2023
26,643493,"Pruitt, Austin",6/10/2023,717814,26,100,2023
26,641360,"Bickford, Phil",8/26/2023,716840,26,100,2023
26,571539,"Carasiti, Matt",6/24/2023,717640,26,100,2023
26,677865,"Bruihl, Justin",7/19/2023,717343,26,100,2023
26,663986,"Stephan, Trevor",6/29/2023,717573,26,100,2023
26,543272,"Hand, Brad",8/21/2023,716910,26,100,2023
26,666168,"Thompson, Mason",6/4/2023,717902,26,100,2023
26,656382,"Doyle, Tommy",8/5/2023,717119,26,100,2023
26,622103,"Reyes, Gerardo",7/4/2023,717497,26,100,2023
26,686294,"Willingham, Amos",7/1/2023,717543,26,100,2023
26,489446,"Yates, Kirby",8/20/2023,716927,26,100,2023
26,608344,"Irvin, Cole",6/21/2023,717677,26,100,2023
26,453268,"Bard, Daniel",8/22/2023,716898,26,100,2023
26,571539,"Carasiti, Matt",6/8/2023,717846,26,100,2023
26,623211,"Brazobán, Huascar",6/5/2023,717887,26,100,2023
26,542947,"Bleier, Richard",8/6/2023,717111,26,100,2023
26,661440,"Llovera, Mauricio",8/17/2023,716966,26,100,2023
26,571656,"Farmer, Buck",7/18/2023,717360,26,100,2023
26,672578,"Hernández, Carlos",8/18/2023,716955,26,100,2023
26,669952,"White, Mitch",7/16/2023,717386,26,100,2023
26,641743,"Kay, Anthony",7/14/2023,717419,26,100,2023
26,605242,"Fulmer, Michael",6/25/2023,717623,26,100,2023
26,668674,"Erceg, Lucas",6/29/2023,717574,26,100,2023
26,650907,"Pinto, René",7/29/2023,717214,26,100,2023
26,680704,"Sandlin, Nick",7/28/2023,717228,26,100,2023
26,606160,"Montero, Rafael",7/1/2023,717542,26,100,2023
26,622780,"Perdomo, Angel",6/21/2023,717671,26,100,2023
26,650556,"Abreu, Bryan",6/10/2023,717815,26,100,2023
26,518585,"Cruz, Fernando",6/8/2023,717844,26,100,2023
26,643256,"Cimber, Adam",6/10/2023,717822,26,100,2023
26,622098,"Smith, Drew",7/14/2023,717413,26,100,2023
26,595978,"Hedges, Austin",8/25/2023,716850,26,100,2023
26,595928,"Curtiss, John",8/4/2023,717134,26,100,2023
26,656061,"Abreu, Albert",7/18/2023,717352,26,100,2023
26,668970,"Hollowell, Gavin",7/24/2023,717282,26,100,2023
26,642546,"Hernández, Jonathan",6/4/2023,717894,26,100,2023
26,608638,"Chargois, JT",8/2/2023,717159,26,100,2023
26,523260,"Kelly, Joe",7/26/2023,717240,26,100,2023
26,640451,"Harvey, Hunter",8/29/2023,716801,26,100,2023
26,660825,"Bazardo, Eduard",8/21/2023,716905,26,100,2023
26,621057,"Garza, Justin",6/3/2023,717885,26,100,2023
26,687330,"Kelly, Kevin",6/25/2023,717619,26,100,2023
26,661395,"Duran, Jhoan",6/2/2023,717924,26,100,2023
26,622250,"Sborz, Josh",7/9/2023,717432,26,100,2023
26,669060,"Wilson, Bryse",7/28/2023,717231,26,100,2023
26,663878,"Pearson, Nate",7/1/2023,717547,26,100,2023
26,660853,"De Los Santos, Enyel",7/6/2023,717469,26,100,2023
26,523260,"Kelly, Joe",6/10/2023,717820,26,100,2023
26,660853,"De Los Santos, Enyel",7/14/2023,717415,26,100,2023
26,656290,"Carlton, Drew",6/7/2023,717863,26,100,2023
26,696147,"Bachman, Sam",6/7/2023,717855,26,100,2023
26,607179,"Weems, Jordan",7/8/2023,717450,26,100,2023
26,605177,"Chafin, Andrew",6/4/2023,717892,26,100,2023
26,671345,"Foley, Jason",8/2/2023,717166,26,100,2023
26,489446,"Yates, Kirby",6/18/2023,717716,26,100,2023
26,679885,"Martinez, Justin",8/19/2023,716931,26,100,2023
26,657097,"Webb, Jacob",8/19/2023,716930,26,100,2023
26,657612,"Hill, Tim",7/2/2023,717526,26,100,2023
26,668970,"Hollowell, Gavin",7/15/2023,717394,26,100,2023
26,608371,"Sims, Lucas",6/27/2023,717601,26,100,2023
26,641656,"Hamilton, Ian",7/23/2023,717294,26,100,2023
26,656382,"Doyle, Tommy",8/10/2023,717045,26,100,2023
26,623465,"Phillips, Evan",7/4/2023,717492,26,100,2023
26,661403,"Clase, Emmanuel",7/2/2023,717521,26,100,2023
26,656464,"Ginkel, Kevin",7/31/2023,717190,26,100,2023
26,523260,"Kelly, Joe",7/4/2023,717496,26,100,2023
26,596133,"Weaver, Luke",8/23/2023,716881,26,100,2023
26,670059,"Holderman, Colin",7/4/2023,717492,26,100,2023
26,672335,"Pérez, Cionel",6/10/2023,717818,26,100,2023
26,675916,"Karinchak, James",6/9/2023,717833,26,100,2023
26,662253,"Muñoz, Andrés",8/25/2023,716853,26,100,2023
26,543272,"Hand, Brad",6/3/2023,717909,26,100,2023
26,660906,"Pérez, Francisco",8/23/2023,716884,26,100,2023
26,542585,"Cisnero, José",7/24/2023,718558,26,100,2023
26,628708,"Marte, Yunior",6/22/2023,717657,26,100,2023
26,669270,"Kuhnel, Joel",7/16/2023,717381,26,100,2023
26,621383,"Banks, Tanner",7/23/2023,717285,26,100,2023
26,641360,"Bickford, Phil",6/2/2023,717917,26,100,2023
26,672578,"Hernández, Carlos",7/9/2023,717434,26,100,2023
26,650633,"King, Michael",6/8/2023,717848,26,100,2023
26,641360,"Bickford, Phil",8/23/2023,716876,26,100,2023
26,608032,"Estévez, Carlos",7/25/2023,717265,26,100,2023
26,666364,"Balazovic, Jordan",8/5/2023,717118,26,100,2023
26,660853,"De Los Santos, Enyel",8/20/2023,716922,26,100,2023
26,493603,"Ottavino, Adam",6/24/2023,717635,26,100,2023
26,623433,"Anderson, Nick",6/14/2023,717770,26,100,2023
26,670329,"Garcia, Rico",7/28/2023,717230,26,100,2023
26,605177,"Chafin, Andrew",8/25/2023,716857,26,100,2023
26,669796,"Hernandez, Jose E.",8/11/2023,717046,26,100,2023
26,554340,"García, Yimi",6/15/2023,717753,26,100,2023
26,641401,"Brogdon, Connor",6/4/2023,717902,26,100,2023
26,621051,"Wilson, Steven",6/2/2023,717921,26,100,2023
26,572955,"Johnson, Pierce",6/18/2023,717716,26,100,2023
26,625643,"López, Reynaldo",8/23/2023,716903,26,100,2023
26,472610,"García, Luis",7/1/2023,717539,26,100,2023
26,656945,"Scott, Tanner",7/18/2023,717357,26,100,2023
26,661527,"Martinez, Seth",8/21/2023,716908,26,100,2023
26,543518,"McGough, Scott",8/27/2023,716821,26,100,2023
26,660787,"De los Santos, Yerry",8/4/2023,717131,26,100,2023
26,642207,"Williams, Devin",6/3/2023,717906,26,100,2023
26,571656,"Farmer, Buck",8/28/2023,716823,26,100,2023
26,664199,"Clarke, Taylor",7/17/2023,717368,26,100,2023
26,622098,"Smith, Drew",7/23/2023,717298,26,100,2023
26,614179,"Ruiz, José",7/18/2023,717358,26,100,2023
26,663658,"Ward, Thaddeus",6/4/2023,717902,26,100,2023
26,668970,"Hollowell, Gavin",7/18/2023,717355,26,100,2023
26,608723,"Voth, Austin",6/13/2023,717787,26,100,2023
26,605218,"Edwards Jr., Carl",6/16/2023,717749,26,100,2023
26,675916,"Karinchak, James",8/26/2023,716846,26,100,2023
26,669387,"Mlodzinski, Carmen",6/16/2023,717740,26,100,2023
26,682175,"Jacques, Joe",7/6/2023,717471,26,100,2023
26,608032,"Estévez, Carlos",8/3/2023,717144,26,100,2023
26,621381,"Strahm, Matt",8/23/2023,716879,26,100,2023
26,681882,"Selby, Colin",8/15/2023,716988,26,100,2023
26,542585,"Cisnero, José",7/30/2023,717202,26,100,2023
26,669093,"Estrada, Jeremiah",6/11/2023,717796,26,100,2023
26,592254,"De León, José",6/8/2023,717845,26,100,2023
26,606303,"Payamps, Joel",6/25/2023,717613,26,100,2023
26,666277,"Soriano, George",7/30/2023,717202,26,100,2023
26,608665,"Graveman, Kendall",6/29/2023,717560,26,100,2023
26,592773,"Stanek, Ryne",6/23/2023,717643,26,100,2023
26,680735,"Cox, Austin",8/25/2023,716853,26,100,2023
26,605130,"Barlow, Scott",7/23/2023,717294,26,100,2023
26,605463,"Scott, Tayler",8/18/2023,716944,26,100,2023
26,643410,"Leiter Jr., Mark",6/9/2023,717823,26,100,2023
26,666720,"Rodríguez, Yerry",6/26/2023,717606,26,100,2023
26,623149,"Sewald, Paul",6/10/2023,717809,26,100,2023
26,663542,"Hudson, Bryan",8/26/2023,716849,26,100,2023
26,608032,"Estévez, Carlos",8/16/2023,716971,26,100,2023
26,678606,"Ferrer, Jose A.",7/9/2023,717432,26,100,2023
26,686839,"White, Brendan",8/6/2023,717103,26,100,2023
26,670280,"Bednar, David",7/4/2023,717492,26,100,2023
26,656222,"Beeks, Jalen",7/4/2023,717499,26,100,2023
26,592094,"Adam, Jason",6/11/2023,717801,26,100,2023
26,571656,"Farmer, Buck",6/19/2023,717701,26,100,2023
26,622251,"Staumont, Josh",6/3/2023,717909,26,100,2023
26,608717,"Stratton, Chris",6/18/2023,717713,26,100,2023
26,670990,"Ramírez, Yohan",6/13/2023,717782,26,100,2023
25,623433,"Anderson, Nick",6/12/2023,717790,25,100,2023
25,640455,"Manaea, Sean",8/5/2023,717117,25,100,2023
25,621295,"Wittgren, Nick",7/8/2023,717443,25,100,2023
25,667755,"Soriano, José",6/11/2023,717799,25,100,2023
25,571670,"Floro, Dylan",7/6/2023,717473,25,100,2023
25,606149,"Gallegos, Giovanny",6/28/2023,717582,25,100,2023
25,681882,"Selby, Colin",8/11/2023,717046,25,100,2023
25,664208,"Maton, Phil",6/2/2023,717926,25,100,2023
25,519151,"Pressly, Ryan",8/25/2023,716858,25,100,2023
25,592426,"Jackson, Luke",8/6/2023,717100,25,100,2023
25,571882,"Law, Derek",8/1/2023,717173,25,100,2023
25,686539,"Cronin, Declan",8/13/2023,717006,25,100,2023
25,605130,"Barlow, Scott",8/30/2023,716782,25,100,2023
25,489446,"Yates, Kirby",6/28/2023,717588,25,100,2023
25,623149,"Sewald, Paul",8/26/2023,716833,25,100,2023
25,656234,"Bird, Jake",6/1/2023,717933,25,100,2023
25,669424,"Lambert, Jimmy",7/6/2023,717480,25,100,2023
25,571670,"Floro, Dylan",7/21/2023,717319,25,100,2023
25,607481,"Bummer, Aaron",8/26/2023,716841,25,100,2023
25,663878,"Pearson, Nate",6/11/2023,717805,25,100,2023
25,628708,"Marte, Yunior",6/12/2023,717785,25,100,2023
25,518886,"Kimbrel, Craig",8/30/2023,716787,25,100,2023
25,622554,"Domínguez, Seranthony",7/30/2023,717208,25,100,2023
25,455119,"Martin, Chris",6/6/2023,717873,25,100,2023
25,518886,"Kimbrel, Craig",6/17/2023,717725,25,100,2023
25,643410,"Leiter Jr., Mark",7/3/2023,717511,25,100,2023
25,664208,"Maton, Phil",8/27/2023,716830,25,100,2023
25,641871,"Middleton, Keynan",8/26/2023,716845,25,100,2023
25,641360,"Bickford, Phil",7/18/2023,717361,25,100,2023
25,666974,"Cano, Yennier",6/6/2023,717867,25,100,2023
25,670950,"Richards, Trevor",7/29/2023,717222,25,100,2023
25,666745,"Brito, Jhony",8/6/2023,717110,25,100,2023
25,650556,"Abreu, Bryan",8/29/2023,716802,25,100,2023
25,656945,"Scott, Tanner",6/24/2023,717630,25,100,2023
25,621363,"Poche, Colin",6/3/2023,717885,25,100,2023
25,661383,"Ortega, Oliver",8/22/2023,716894,25,100,2023
25,572403,"VerHagen, Drew",8/3/2023,717145,25,100,2023
25,670059,"Holderman, Colin",8/19/2023,716936,25,100,2023
25,650960,"Duarte, Daniel",7/18/2023,717360,25,100,2023
25,641360,"Bickford, Phil",6/24/2023,717626,25,100,2023
25,519008,"McFarland, T.J.",7/9/2023,717423,25,100,2023
25,661383,"Ortega, Oliver",7/8/2023,717446,25,100,2023
25,608665,"Graveman, Kendall",8/3/2023,717142,25,100,2023
25,670990,"Ramírez, Yohan",7/17/2023,717371,25,100,2023
25,606965,"Devenski, Chris",7/5/2023,717478,25,100,2023
25,663986,"Stephan, Trevor",6/15/2023,717750,25,100,2023
25,592254,"De León, José",6/19/2023,717693,25,100,2023
25,686294,"Willingham, Amos",7/30/2023,717203,25,100,2023
25,453268,"Bard, Daniel",6/2/2023,717923,25,100,2023
25,664875,"Lawrence, Justin",8/23/2023,716880,25,100,2023
25,656529,"Hentges, Sam",8/6/2023,717108,25,100,2023
25,643410,"Leiter Jr., Mark",8/21/2023,716913,25,100,2023
25,680704,"Sandlin, Nick",8/27/2023,716825,25,100,2023
25,666974,"Cano, Yennier",6/15/2023,717753,25,100,2023
25,640448,"Finnegan, Kyle",7/17/2023,717370,25,100,2023
25,670950,"Richards, Trevor",6/5/2023,717878,25,100,2023
25,701643,"Hartwig, Grant",7/21/2023,717324,25,100,2023
25,622250,"Sborz, Josh",6/6/2023,717868,25,100,2023
25,669424,"Lambert, Jimmy",8/24/2023,716864,25,100,2023
25,642207,"Williams, Devin",7/5/2023,717483,25,100,2023
25,608665,"Graveman, Kendall",8/20/2023,716920,25,100,2023
25,666808,"Doval, Camilo",7/29/2023,717221,25,100,2023
25,543351,"Jackson, Jay",7/24/2023,717271,25,100,2023
25,543766,"Shaw, Bryan",8/18/2023,716947,25,100,2023
25,657571,"Ferguson, Caleb",7/5/2023,717479,25,100,2023
25,621237,"Alvarado, José",6/18/2023,717705,25,100,2023
25,657240,"Merryweather, Julian",8/19/2023,716937,25,100,2023
25,622098,"Smith, Drew",6/6/2023,717872,25,100,2023
25,446372,"Kluber, Corey",6/13/2023,717788,25,100,2023
25,643511,"Rogers, Tyler",7/30/2023,717197,25,100,2023
25,596001,"Junis, Jakob",7/26/2023,717251,25,100,2023
25,656529,"Hentges, Sam",7/19/2023,717348,25,100,2023
25,493603,"Ottavino, Adam",8/30/2023,716783,25,100,2023
25,670871,"Zuñiga, Guillo",8/19/2023,716940,25,100,2023
25,676092,"Snider, Collin",7/15/2023,717411,25,100,2023
25,592094,"Adam, Jason",8/24/2023,716869,25,100,2023
25,542947,"Bleier, Richard",7/21/2023,717324,25,100,2023
25,663941,"Beck, Tristan",8/23/2023,716879,25,100,2023
25,622098,"Smith, Drew",8/4/2023,717134,25,100,2023
25,672710,"Contreras, Roansy",6/21/2023,717671,25,100,2023
25,682175,"Jacques, Joe",6/13/2023,717788,25,100,2023
25,641871,"Middleton, Keynan",7/26/2023,717240,25,100,2023
25,571656,"Farmer, Buck",6/12/2023,717793,25,100,2023
25,656986,"Sousa, Bennett",6/7/2023,717851,25,100,2023
25,686826,"Jarvis, Bryce",8/25/2023,716851,25,100,2023
25,542888,"Armstrong, Shawn",8/1/2023,717175,25,100,2023
25,613534,"Adams, Austin",7/28/2023,717223,25,100,2023
25,668941,"Romero, JoJo",7/9/2023,717424,25,100,2023
25,445926,"Chavez, Jesse",6/8/2023,717840,25,100,2023
25,605151,"Bradley, Archie",6/19/2023,717700,25,100,2023
25,592094,"Adam, Jason",6/7/2023,717859,25,100,2023
25,669093,"Estrada, Jeremiah",6/3/2023,717903,25,100,2023
25,678606,"Ferrer, Jose A.",7/4/2023,717507,25,100,2023
25,622259,"Wingenter, Trey",7/27/2023,717247,25,100,2023
25,664747,"Díaz, Alexis",8/23/2023,716903,25,100,2023
25,642048,"Saucedo, Tayler",8/6/2023,717101,25,100,2023
25,608371,"Sims, Lucas",7/8/2023,717444,25,100,2023
25,668941,"Romero, JoJo",7/16/2023,717380,25,100,2023
25,605242,"Fulmer, Michael",8/5/2023,717121,25,100,2023
25,672582,"Zerpa, Angel",8/2/2023,717156,25,100,2023
25,592229,"Covey, Dylan",8/21/2023,716911,25,100,2023
25,607755,"Vasquez, Andrew",7/1/2023,717543,25,100,2023
25,543518,"McGough, Scott",7/16/2023,717386,25,100,2023
25,543766,"Shaw, Bryan",7/6/2023,717480,25,100,2023
25,666168,"Thompson, Mason",6/24/2023,717638,25,100,2023
25,571946,"Miller, Shelby",6/15/2023,717748,25,100,2023
25,605447,"Romano, Jordan",7/28/2023,717235,25,100,2023
25,664294,"Moreta, Dauri",7/25/2023,717258,25,100,2023
25,572955,"Johnson, Pierce",8/7/2023,717095,25,100,2023
25,657571,"Ferguson, Caleb",7/25/2023,717256,25,100,2023
25,571901,"Loup, Aaron",8/5/2023,717109,25,100,2023
25,678061,"Kerr, Ray",6/23/2023,717642,25,100,2023
25,657240,"Merryweather, Julian",7/3/2023,717511,25,100,2023
25,641941,"Pagán, Emilio",7/3/2023,717510,25,100,2023
25,663462,"Campbell, Isaiah",8/14/2023,716994,25,100,2023
25,670174,"Winckowski, Josh",8/23/2023,716878,25,100,2023
25,656887,"Reid-Foley, Sean",8/26/2023,716840,25,100,2023
25,666808,"Doval, Camilo",7/3/2023,717516,25,100,2023
25,607481,"Bummer, Aaron",8/29/2023,716800,25,100,2023
25,675916,"Karinchak, James",8/23/2023,716875,25,100,2023
25,676477,"Whitlock, Garrett",8/16/2023,716982,25,100,2023
25,669060,"Wilson, Bryse",8/22/2023,716894,25,100,2023
25,543056,"Coulombe, Danny",7/19/2023,717343,25,100,2023
25,542888,"Armstrong, Shawn",6/10/2023,717813,25,100,2023
25,657571,"Ferguson, Caleb",8/5/2023,717112,25,100,2023
25,621345,"Minter, A.J.",8/12/2023,717021,25,100,2023
25,571927,"Matz, Steven",6/14/2023,717767,25,100,2023
25,606303,"Payamps, Joel",6/13/2023,717783,25,100,2023
25,668674,"Erceg, Lucas",8/21/2023,716904,25,100,2023
25,668674,"Erceg, Lucas",8/6/2023,717100,25,100,2023
25,663385,"Smith, Chad",7/23/2023,717279,25,100,2023
25,663462,"Campbell, Isaiah",8/22/2023,716893,25,100,2023
25,676534,"Faucher, Calvin",7/19/2023,717346,25,100,2023
25,622780,"Perdomo, Angel",7/21/2023,717312,25,100,2023
25,681982,"Anderson, Grant",6/14/2023,717765,25,100,2023
25,621295,"Wittgren, Nick",8/11/2023,717039,25,100,2023
25,519293,"Smith, Will",6/19/2023,717695,25,100,2023
25,669424,"Lambert, Jimmy",8/30/2023,716786,25,100,2023
25,641672,"Hatch, Thomas",6/11/2023,717805,25,100,2023
25,641835,"Mayza, Tim",6/10/2023,717822,25,100,2023
25,661395,"Duran, Jhoan",7/28/2023,717232,25,100,2023
25,592773,"Stanek, Ryne",7/1/2023,717542,25,100,2023
25,656945,"Scott, Tanner",7/5/2023,717488,25,100,2023
25,640448,"Finnegan, Kyle",6/21/2023,717673,25,100,2023
25,542585,"Cisnero, José",7/22/2023,717299,25,100,2023
25,608718,"Suter, Brent",6/2/2023,717923,25,100,2023
25,676534,"Faucher, Calvin",7/22/2023,717300,25,100,2023
25,608718,"Suter, Brent",8/25/2023,716859,25,100,2023
25,621383,"Banks, Tanner",8/27/2023,716826,25,100,2023
25,669424,"Lambert, Jimmy",8/22/2023,716893,25,100,2023
25,663158,"Suarez, Robert",8/29/2023,716797,25,100,2023
25,628452,"Iglesias, Raisel",8/9/2023,717058,25,100,2023
25,621051,"Wilson, Steven",8/9/2023,717055,25,100,2023
24,596112,"Stephenson, Robert",8/6/2023,717103,24,100,2023
24,600917,"Leclerc, José",7/26/2023,717239,24,100,2023
24,453268,"Bard, Daniel",7/26/2023,717257,24,100,2023
24,547184,"Kelly, Michael",7/23/2023,717283,24,100,2023
24,677053,"Nardi, Andrew",6/16/2023,717749,24,100,2023
24,621368,"Hearn, Taylor",7/29/2023,717211,24,100,2023
24,669912,"Snead, Kirby",8/1/2023,717171,24,100,2023
24,670102,"Francis, Bowden",7/31/2023,717186,24,100,2023
24,523260,"Kelly, Joe",6/2/2023,717925,24,100,2023
24,606149,"Gallegos, Giovanny",7/30/2023,717195,24,100,2023
24,592254,"De León, José",6/13/2023,717783,24,100,2023
24,605498,"Suárez, Andrew",8/18/2023,716952,24,100,2023
24,664875,"Lawrence, Justin",6/28/2023,717578,24,100,2023
24,593974,"Peralta, Wandy",8/15/2023,716987,24,100,2023
24,622065,"Young, Alex",8/15/2023,716992,24,100,2023
24,622098,"Smith, Drew",7/20/2023,717330,24,100,2023
24,641941,"Pagán, Emilio",6/15/2023,717752,24,100,2023
24,664948,"Misiewicz, Anthony",6/27/2023,717599,24,100,2023
24,592741,"Shreve, Chasen",6/30/2023,717552,24,100,2023
24,664139,"Gibaut, Ian",8/23/2023,716890,24,100,2023
24,623433,"Anderson, Nick",6/22/2023,717657,24,100,2023
24,661403,"Clase, Emmanuel",6/15/2023,717750,24,100,2023
24,656457,"Gilbert, Tyler",7/26/2023,717244,24,100,2023
24,608371,"Sims, Lucas",7/25/2023,717262,24,100,2023
24,608665,"Graveman, Kendall",8/5/2023,717126,24,100,2023
24,663855,"Hicks, Jordan",6/25/2023,717623,24,100,2023
24,543518,"McGough, Scott",7/22/2023,717303,24,100,2023
24,668941,"Romero, JoJo",8/29/2023,716797,24,100,2023
24,643410,"Leiter Jr., Mark",8/30/2023,716779,24,100,2023
24,621381,"Strahm, Matt",6/17/2023,717725,24,100,2023
24,612434,"Castro, Miguel",8/30/2023,716774,24,100,2023
24,665625,"Peguero, Elvis",6/21/2023,717672,24,100,2023
24,571656,"Farmer, Buck",8/6/2023,717104,24,100,2023
24,670950,"Richards, Trevor",7/14/2023,717420,24,100,2023
24,669854,"Blanco, Ronel",8/26/2023,716843,24,100,2023
24,622554,"Domínguez, Seranthony",8/5/2023,717123,24,100,2023
24,623437,"Topa, Justin",6/14/2023,717759,24,100,2023
24,656730,"Megill, Trevor",8/20/2023,716918,24,100,2023
24,682010,"Ramsey, Lane",8/12/2023,717023,24,100,2023
24,453268,"Bard, Daniel",6/21/2023,717669,24,100,2023
24,666818,"Frías, Luis",8/8/2023,717073,24,100,2023
24,519151,"Pressly, Ryan",6/25/2023,717615,24,100,2023
24,543859,"Tonkin, Michael",7/15/2023,717395,24,100,2023
24,670766,"McCaughan, Darren",8/21/2023,716905,24,100,2023
24,573009,"Mantiply, Joe",8/30/2023,716774,24,100,2023
24,608723,"Voth, Austin",6/10/2023,717818,24,100,2023
24,518397,"Alexander, Scott",8/27/2023,716819,24,100,2023
24,592779,"Stewart, Brock",6/9/2023,717835,24,100,2023
24,502085,"Robertson, David",8/1/2023,717182,24,100,2023
24,608348,"Kelly, Carson",8/5/2023,717118,24,100,2023
24,641771,"Kuhl, Chad",6/3/2023,717914,24,100,2023
24,663485,"Sands, Cole",8/29/2023,716796,24,100,2023
24,542888,"Armstrong, Shawn",6/20/2023,717687,24,100,2023
24,606160,"Montero, Rafael",7/19/2023,717345,24,100,2023
24,680739,"Winder, Josh",8/28/2023,716813,24,100,2023
24,666374,"Brash, Matt",7/2/2023,717519,24,100,2023
24,643410,"Leiter Jr., Mark",8/26/2023,716842,24,100,2023
24,592454,"Kahnle, Tommy",8/27/2023,716828,24,100,2023
24,664199,"Clarke, Taylor",8/2/2023,717156,24,100,2023
24,643511,"Rogers, Tyler",8/30/2023,716789,24,100,2023
24,641771,"Kuhl, Chad",6/13/2023,717778,24,100,2023
24,656638,"Lange, Alex",6/25/2023,717621,24,100,2023
24,681402,"Varland, Gus",8/16/2023,716962,24,100,2023
24,542585,"Cisnero, José",7/7/2023,717457,24,100,2023
24,657097,"Webb, Jacob",6/13/2023,717780,24,100,2023
24,689225,"Brieske, Beau",8/4/2023,717135,24,100,2023
24,663804,"Kowar, Jackson",6/17/2023,717726,24,100,2023
24,641627,"Gott, Trevor",8/28/2023,716818,24,100,2023
24,621051,"Wilson, Steven",8/15/2023,716980,24,100,2023
24,667755,"Soriano, José",7/8/2023,717437,24,100,2023
24,605242,"Fulmer, Michael",7/9/2023,717433,24,100,2023
24,672578,"Hernández, Carlos",6/22/2023,717659,24,100,2023
24,543272,"Hand, Brad",6/11/2023,717798,24,100,2023
24,641360,"Bickford, Phil",8/12/2023,717021,24,100,2023
24,621016,"Cuas, Jose",7/20/2023,717332,24,100,2023
24,472610,"García, Luis",7/7/2023,717454,24,100,2023
24,669713,"Wesneski, Hayden",8/1/2023,717173,24,100,2023
24,676760,"Marinaccio, Ron",6/24/2023,717636,24,100,2023
24,641729,"Jiménez, Joe",7/4/2023,717495,24,100,2023
24,547973,"Chapman, Aroldis",7/24/2023,717274,24,100,2023
24,621016,"Cuas, Jose",8/25/2023,716862,24,100,2023
24,672860,"Berroa, Prelander",7/21/2023,717311,24,100,2023
24,600917,"Leclerc, José",6/13/2023,717780,24,100,2023
24,657024,"Swanson, Erik",7/2/2023,717530,24,100,2023
24,656849,"Peterson, David",7/27/2023,717241,24,100,2023
24,663704,"McArthur, James",8/6/2023,717113,24,100,2023
24,650960,"Duarte, Daniel",8/5/2023,717120,24,100,2023
24,605130,"Barlow, Scott",8/15/2023,716980,24,100,2023
24,660787,"De los Santos, Yerry",7/3/2023,717506,24,100,2023
24,543521,"McHugh, Collin",6/18/2023,717716,24,100,2023
24,680735,"Cox, Austin",7/20/2023,717332,24,100,2023
24,445926,"Chavez, Jesse",6/3/2023,717901,24,100,2023
24,686753,"Jameson, Drey",6/18/2023,717706,24,100,2023
24,608371,"Sims, Lucas",6/23/2023,717650,24,100,2023
24,608032,"Estévez, Carlos",6/12/2023,717792,24,100,2023
24,543518,"McGough, Scott",7/15/2023,717404,24,100,2023
24,608717,"Stratton, Chris",8/24/2023,716867,24,100,2023
24,640470,"Alzolay, Adbert",6/14/2023,717763,24,100,2023
24,623211,"Brazobán, Huascar",6/11/2023,717795,24,100,2023
24,686654,"Adcock, Ty",7/5/2023,717490,24,100,2023
24,657097,"Webb, Jacob",7/16/2023,717381,24,100,2023
24,669211,"Akin, Keegan",6/3/2023,717916,24,100,2023
24,670036,"Festa, Matt",6/4/2023,717894,24,100,2023
24,670280,"Bednar, David",8/8/2023,717079,24,100,2023
24,621381,"Strahm, Matt",8/2/2023,717159,24,100,2023
24,607259,"Martinez, Nick",6/18/2023,717703,24,100,2023
24,656234,"Bird, Jake",6/30/2023,717552,24,100,2023
24,595345,"Okert, Steven",8/18/2023,716946,24,100,2023
24,606149,"Gallegos, Giovanny",6/27/2023,717598,24,100,2023
24,665871,"Assad, Javier",7/26/2023,717240,24,100,2023
24,669467,"Pallante, Andre",7/29/2023,717213,24,100,2023
24,593576,"Neris, Héctor",6/15/2023,717746,24,100,2023
24,608718,"Suter, Brent",8/2/2023,717158,24,100,2023
24,622098,"Smith, Drew",6/26/2023,717607,24,100,2023
24,676092,"Snider, Collin",8/25/2023,716853,24,100,2023
24,592094,"Adam, Jason",8/18/2023,716945,24,100,2023
24,656382,"Doyle, Tommy",8/1/2023,717169,24,100,2023
24,662253,"Muñoz, Andrés",6/17/2023,717722,24,100,2023
24,669796,"Hernandez, Jose E.",6/15/2023,717747,24,100,2023
24,664208,"Maton, Phil",8/6/2023,717110,24,100,2023
24,666374,"Brash, Matt",8/8/2023,717072,24,100,2023
24,623352,"Hader, Josh",7/25/2023,717258,24,100,2023
24,656849,"Peterson, David",7/21/2023,717324,24,100,2023
24,608371,"Sims, Lucas",6/13/2023,717777,24,100,2023
24,607259,"Martinez, Nick",6/20/2023,717688,24,100,2023
24,663947,"Holton, Tyler",8/16/2023,716976,24,100,2023
24,650960,"Duarte, Daniel",7/4/2023,717507,24,100,2023
24,675540,"Curry, Xzavion",7/5/2023,717486,24,100,2023
24,608717,"Stratton, Chris",6/9/2023,717832,24,100,2023
24,608032,"Estévez, Carlos",6/9/2023,717824,24,100,2023
24,605347,"López, Jorge",8/18/2023,716946,24,100,2023
24,622780,"Perdomo, Angel",6/20/2023,717686,24,100,2023
24,608371,"Sims, Lucas",8/27/2023,716821,24,100,2023
24,657508,"Baumann, Mike",6/26/2023,717611,24,100,2023
24,605177,"Chafin, Andrew",7/5/2023,717477,24,100,2023
24,572955,"Johnson, Pierce",8/14/2023,717001,24,100,2023
24,676680,"Cosgrove, Tom",7/31/2023,717179,24,100,2023
24,657240,"Merryweather, Julian",7/28/2023,717226,24,100,2023
24,667755,"Soriano, José",8/26/2023,716840,24,100,2023
24,623149,"Sewald, Paul",7/3/2023,717516,24,100,2023
24,656970,"Smeltzer, Devin",8/3/2023,717147,24,100,2023
24,518585,"Cruz, Fernando",7/7/2023,717459,24,100,2023
24,641743,"Kay, Anthony",7/27/2023,717238,24,100,2023
24,543272,"Hand, Brad",8/10/2023,717056,24,100,2023
24,656322,"Coonrod, Sam",8/25/2023,716855,24,100,2023
24,571656,"Farmer, Buck",8/2/2023,717153,24,100,2023
24,605280,"Holmes, Clay",6/23/2023,717655,24,100,2023
24,663423,"Thornton, Trent",6/19/2023,717700,24,100,2023
24,592426,"Jackson, Luke",8/3/2023,717151,24,100,2023
24,676477,"Whitlock, Garrett",8/13/2023,717014,24,100,2023
24,686839,"White, Brendan",6/16/2023,717738,24,100,2023
24,656529,"Hentges, Sam",8/16/2023,716973,24,100,2023
24,641329,"Baker, Bryan",7/17/2023,717372,24,100,2023
24,664199,"Clarke, Taylor",6/25/2023,717619,24,100,2023
24,669060,"Wilson, Bryse",6/3/2023,717906,24,100,2023
24,663992,"Lovelady, Richard",7/8/2023,717449,24,100,2023
24,493603,"Ottavino, Adam",6/28/2023,717581,24,100,2023
24,622780,"Perdomo, Angel",8/7/2023,717095,24,100,2023
24,670167,"Schreiber, John",8/26/2023,716849,24,100,2023
24,605463,"Scott, Tayler",8/15/2023,716984,24,100,2023
24,643511,"Rogers, Tyler",7/16/2023,717388,24,100,2023
24,606965,"Devenski, Chris",6/12/2023,717792,24,100,2023
24,608665,"Graveman, Kendall",6/28/2023,717576,24,100,2023
24,614179,"Ruiz, José",7/4/2023,717498,24,100,2023
24,595345,"Okert, Steven",8/2/2023,717159,24,100,2023
24,666619,"Santos, Gregory",7/15/2023,717395,24,100,2023
24,489446,"Yates, Kirby",7/18/2023,717358,24,100,2023
24,518585,"Cruz, Fernando",7/26/2023,717254,24,100,2023
24,641672,"Hatch, Thomas",8/13/2023,717027,24,100,2023
24,628708,"Marte, Yunior",8/10/2023,717049,24,100,2023
24,543272,"Hand, Brad",7/8/2023,717451,24,100,2023
24,669459,"Nelson, Kyle",6/29/2023,717568,24,100,2023
24,607755,"Vasquez, Andrew",7/20/2023,717329,24,100,2023
24,612434,"Castro, Miguel",6/12/2023,717785,24,100,2023
24,608717,"Stratton, Chris",7/24/2023,717268,24,100,2023
24,547973,"Chapman, Aroldis",6/20/2023,717681,24,100,2023
24,605242,"Fulmer, Michael",6/3/2023,717903,24,100,2023
24,663773,"Hoeing, Bryan",6/6/2023,717876,24,100,2023
24,640451,"Harvey, Hunter",6/15/2023,717746,24,100,2023
24,669212,"Morgan, Eli",8/9/2023,717060,24,100,2023
24,621366,"Borucki, Ryan",7/14/2023,717416,24,100,2023
24,656234,"Bird, Jake",6/3/2023,717909,24,100,2023
24,543766,"Shaw, Bryan",8/20/2023,716916,24,100,2023
24,657612,"Hill, Tim",7/15/2023,717408,24,100,2023
24,640470,"Alzolay, Adbert",7/2/2023,717521,24,100,2023
24,667755,"Soriano, José",7/25/2023,717265,24,100,2023
24,606965,"Devenski, Chris",6/11/2023,717799,24,100,2023
24,641360,"Bickford, Phil",8/29/2023,716799,24,100,2023
24,669459,"Nelson, Kyle",8/16/2023,716977,24,100,2023
24,624647,"González, Victor",6/18/2023,717702,24,100,2023
24,662253,"Muñoz, Andrés",7/24/2023,717275,24,100,2023
24,669459,"Nelson, Kyle",6/24/2023,717639,24,100,2023
23,670036,"Festa, Matt",6/3/2023,717912,23,100,2023
23,672335,"Pérez, Cionel",6/13/2023,717787,23,100,2023
23,666208,"Speas, Alex",7/21/2023,717316,23,100,2023
23,678226,"Hernández, Daysbel",7/31/2023,717187,23,100,2023
23,642207,"Williams, Devin",6/10/2023,717814,23,100,2023
23,543518,"McGough, Scott",7/5/2023,717477,23,100,2023
23,554340,"García, Yimi",7/24/2023,717271,23,100,2023
23,660261,"Fujinami, Shintaro",7/22/2023,717300,23,100,2023
23,593974,"Peralta, Wandy",7/6/2023,717475,23,100,2023
23,571927,"Matz, Steven",6/3/2023,717907,23,100,2023
23,680735,"Cox, Austin",8/1/2023,717170,23,100,2023
23,643511,"Rogers, Tyler",6/23/2023,717641,23,100,2023
23,625643,"López, Reynaldo",7/8/2023,717445,23,100,2023
23,621237,"Alvarado, José",6/28/2023,717584,23,100,2023
23,679885,"Martinez, Justin",7/21/2023,717321,23,100,2023
23,519293,"Smith, Will",8/7/2023,717081,23,100,2023
23,657508,"Baumann, Mike",6/28/2023,717589,23,100,2023
23,672335,"Pérez, Cionel",7/29/2023,717219,23,100,2023
23,608032,"Estévez, Carlos",7/2/2023,717522,23,100,2023
23,661527,"Martinez, Seth",6/18/2023,717707,23,100,2023
23,641329,"Baker, Bryan",6/27/2023,717601,23,100,2023
23,664747,"Díaz, Alexis",8/13/2023,717027,23,100,2023
23,571882,"Law, Derek",8/29/2023,716803,23,100,2023
23,663986,"Stephan, Trevor",7/16/2023,717377,23,100,2023
23,548384,"Raley, Brooks",7/2/2023,717525,23,100,2023
23,657097,"Webb, Jacob",7/23/2023,717278,23,100,2023
23,622098,"Smith, Drew",6/11/2023,717803,23,100,2023
23,605280,"Holmes, Clay",8/13/2023,717011,23,100,2023
23,548384,"Raley, Brooks",7/21/2023,717324,23,100,2023
23,666208,"Speas, Alex",7/24/2023,717274,23,100,2023
23,607457,"Barraclough, Kyle",8/11/2023,717042,23,100,2023
23,622250,"Sborz, Josh",6/25/2023,717622,23,100,2023
23,676265,"Abbott, Cory",8/11/2023,717043,23,100,2023
23,660853,"De Los Santos, Enyel",6/10/2023,717815,23,100,2023
23,656786,"Mushinski, Parker",8/19/2023,716932,23,100,2023
23,643493,"Pruitt, Austin",7/21/2023,717310,23,100,2023
23,640448,"Finnegan, Kyle",7/6/2023,717481,23,100,2023
23,621295,"Wittgren, Nick",6/24/2023,717632,23,100,2023
23,669212,"Morgan, Eli",6/18/2023,717706,23,100,2023
23,687330,"Kelly, Kevin",7/2/2023,717519,23,100,2023
23,621074,"Rucker, Michael",8/23/2023,716885,23,100,2023
23,621139,"Kriske, Brooks",6/23/2023,717649,23,100,2023
23,656061,"Abreu, Albert",8/27/2023,716828,23,100,2023
23,656271,"Burke, Brock",7/4/2023,717501,23,100,2023
23,548384,"Raley, Brooks",6/26/2023,717607,23,100,2023
23,666374,"Brash, Matt",6/16/2023,717733,23,100,2023
23,608638,"Chargois, JT",6/20/2023,717690,23,100,2023
23,669467,"Pallante, Andre",6/12/2023,717791,23,100,2023
23,669212,"Morgan, Eli",7/29/2023,717217,23,100,2023
23,571539,"Carasiti, Matt",6/15/2023,717754,23,100,2023
23,667463,"King, John",6/9/2023,717827,23,100,2023
23,641835,"Mayza, Tim",7/28/2023,717235,23,100,2023
23,592741,"Shreve, Chasen",6/8/2023,717862,23,100,2023
23,669467,"Pallante, Andre",7/19/2023,717351,23,100,2023
23,643511,"Rogers, Tyler",6/20/2023,717688,23,100,2023
23,605242,"Fulmer, Michael",6/6/2023,717861,23,100,2023
23,605347,"López, Jorge",8/16/2023,716972,23,100,2023
23,678606,"Ferrer, Jose A.",8/8/2023,717096,23,100,2023
23,518489,"Brasier, Ryan",8/8/2023,717073,23,100,2023
23,669467,"Pallante, Andre",6/25/2023,717623,23,100,2023
23,681517,"Leahy, Kyle",7/7/2023,717455,23,100,2023
23,493603,"Ottavino, Adam",6/18/2023,717713,23,100,2023
23,669467,"Pallante, Andre",6/18/2023,717713,23,100,2023
23,621237,"Alvarado, José",6/25/2023,717624,23,100,2023
23,668941,"Romero, JoJo",8/6/2023,717099,23,100,2023
23,640462,"Puk, A.J.",7/28/2023,717236,23,100,2023
23,686839,"White, Brendan",6/18/2023,717711,23,100,2023
23,642546,"Hernández, Jonathan",8/27/2023,716824,23,100,2023
23,668868,"Thompson, Zack",7/22/2023,717308,23,100,2023
23,620454,"Castillo, José",7/4/2023,717497,23,100,2023
23,656234,"Bird, Jake",8/23/2023,716880,23,100,2023
23,666808,"Doval, Camilo",6/24/2023,717639,23,100,2023
23,594943,"Neal, Zach",8/3/2023,717137,23,100,2023
23,595928,"Curtiss, John",8/3/2023,717148,23,100,2023
23,665734,"Felipe, Angel",7/19/2023,717344,23,100,2023
23,623437,"Topa, Justin",8/20/2023,716920,23,100,2023
23,571656,"Farmer, Buck",6/28/2023,717589,23,100,2023
23,664747,"Díaz, Alexis",7/2/2023,717526,23,100,2023
23,669438,"Englert, Mason",7/5/2023,717485,23,100,2023
23,687330,"Kelly, Kevin",7/19/2023,717346,23,100,2023
23,666168,"Thompson, Mason",8/29/2023,716801,23,100,2023
23,628452,"Iglesias, Raisel",6/25/2023,717618,23,100,2023
23,596112,"Stephenson, Robert",6/4/2023,717904,23,100,2023
23,679885,"Martinez, Justin",8/25/2023,716851,23,100,2023
23,623437,"Topa, Justin",8/15/2023,716981,23,100,2023
23,592741,"Shreve, Chasen",8/6/2023,717103,23,100,2023
23,668970,"Hollowell, Gavin",7/28/2023,717227,23,100,2023
23,594580,"Moll, Sam",8/13/2023,717027,23,100,2023
23,605463,"Scott, Tayler",7/23/2023,717279,23,100,2023
23,622250,"Sborz, Josh",7/4/2023,717501,23,100,2023
23,642207,"Williams, Devin",6/16/2023,717740,23,100,2023
23,669060,"Wilson, Bryse",6/14/2023,717771,23,100,2023
23,623474,"Herget, Jimmy",6/13/2023,717780,23,100,2023
23,571882,"Law, Derek",8/23/2023,716890,23,100,2023
23,527048,"Pérez, Martín",8/25/2023,716850,23,100,2023
23,656257,"Brigham, Jeff",6/20/2023,717682,23,100,2023
23,518886,"Kimbrel, Craig",8/5/2023,717123,23,100,2023
23,605242,"Fulmer, Michael",6/14/2023,717763,23,100,2023
23,607755,"Vasquez, Andrew",8/19/2023,716939,23,100,2023
23,665625,"Peguero, Elvis",6/10/2023,717814,23,100,2023
23,657585,"Garrett, Reed",8/20/2023,716921,23,100,2023
23,676680,"Cosgrove, Tom",6/6/2023,717864,23,100,2023
23,676092,"Snider, Collin",8/30/2023,716780,23,100,2023
23,663804,"Kowar, Jackson",6/3/2023,717909,23,100,2023
23,621295,"Wittgren, Nick",8/14/2023,716994,23,100,2023
23,656546,"Hoffman, Jeff",8/8/2023,717096,23,100,2023
23,676092,"Snider, Collin",7/8/2023,717443,23,100,2023
23,453268,"Bard, Daniel",8/2/2023,717158,23,100,2023
23,605130,"Barlow, Scott",7/6/2023,717469,23,100,2023
23,543518,"McGough, Scott",7/1/2023,717533,23,100,2023
23,680735,"Cox, Austin",6/13/2023,717777,23,100,2023
23,640470,"Alzolay, Adbert",7/28/2023,717226,23,100,2023
23,640462,"Puk, A.J.",7/30/2023,717202,23,100,2023
23,623352,"Hader, Josh",7/4/2023,717497,23,100,2023
23,656464,"Ginkel, Kevin",7/19/2023,717340,23,100,2023
23,675540,"Curry, Xzavion",8/1/2023,717172,23,100,2023
23,656546,"Hoffman, Jeff",7/7/2023,717466,23,100,2023
23,677053,"Nardi, Andrew",8/14/2023,717000,23,100,2023
23,682175,"Jacques, Joe",7/21/2023,717324,23,100,2023
23,605242,"Fulmer, Michael",8/2/2023,717153,23,100,2023
23,660261,"Fujinami, Shintaro",8/25/2023,716859,23,100,2023
23,669796,"Hernandez, Jose E.",8/23/2023,716886,23,100,2023
23,676395,"Garcia, Robert",8/15/2023,716993,23,100,2023
23,669387,"Mlodzinski, Carmen",8/6/2023,717105,23,100,2023
23,666374,"Brash, Matt",8/20/2023,716920,23,100,2023
23,622250,"Sborz, Josh",6/10/2023,717813,23,100,2023
23,663941,"Beck, Tristan",6/9/2023,717823,23,100,2023
23,667755,"Soriano, José",7/31/2023,717187,23,100,2023
23,642100,"Speier, Gabe",8/22/2023,716893,23,100,2023
23,657571,"Ferguson, Caleb",6/4/2023,717888,23,100,2023
23,592741,"Shreve, Chasen",7/27/2023,717247,23,100,2023
23,607179,"Weems, Jordan",8/24/2023,716872,23,100,2023
23,663878,"Pearson, Nate",6/19/2023,717700,23,100,2023
23,621294,"Heller, Ben",7/5/2023,717486,23,100,2023
23,543507,"May, Trevor",8/29/2023,716790,23,100,2023
23,643511,"Rogers, Tyler",6/24/2023,717639,23,100,2023
23,606965,"Devenski, Chris",6/17/2023,717726,23,100,2023
23,665625,"Peguero, Elvis",8/26/2023,716838,23,100,2023
23,681882,"Selby, Colin",8/9/2023,717058,23,100,2023
23,665625,"Peguero, Elvis",6/1/2023,717942,23,100,2023
23,596112,"Stephenson, Robert",7/1/2023,717534,23,100,2023
23,623211,"Brazobán, Huascar",7/1/2023,717536,23,100,2023
23,656638,"Lange, Alex",6/4/2023,717891,23,100,2023
23,598286,"Ramirez, Nick",7/3/2023,717513,23,100,2023
23,594580,"Moll, Sam",7/17/2023,717366,23,100,2023
23,622780,"Perdomo, Angel",7/2/2023,717531,23,100,2023
23,592773,"Stanek, Ryne",8/26/2023,716843,23,100,2023
23,681517,"Leahy, Kyle",7/20/2023,717322,23,100,2023
23,605498,"Suárez, Andrew",8/26/2023,716847,23,100,2023
23,650893,"Cabrera, Génesis",8/1/2023,717177,23,100,2023
23,622098,"Smith, Drew",6/27/2023,717597,23,100,2023
23,666818,"Frías, Luis",8/11/2023,717035,23,100,2023
23,670280,"Bednar, David",7/22/2023,717297,23,100,2023
23,656222,"Beeks, Jalen",6/6/2023,717882,23,100,2023
23,605463,"Scott, Tayler",7/14/2023,717419,23,100,2023
23,643493,"Pruitt, Austin",6/2/2023,717927,23,100,2023
23,623211,"Brazobán, Huascar",6/28/2023,717583,23,100,2023
23,605130,"Barlow, Scott",7/28/2023,717232,23,100,2023
23,518585,"Cruz, Fernando",6/2/2023,717931,23,100,2023
23,677053,"Nardi, Andrew",8/26/2023,716844,23,100,2023
23,657756,"Seabold, Connor",8/2/2023,717158,23,100,2023
23,622780,"Perdomo, Angel",7/23/2023,717278,23,100,2023
23,656290,"Carlton, Drew",6/1/2023,717941,23,100,2023
23,656546,"Hoffman, Jeff",6/2/2023,717935,23,100,2023
23,543521,"McHugh, Collin",6/23/2023,717650,23,100,2023
23,608665,"Graveman, Kendall",6/11/2023,717795,23,100,2023
23,608718,"Suter, Brent",7/23/2023,717292,23,100,2023
23,621237,"Alvarado, José",6/14/2023,717757,23,100,2023
23,682010,"Ramsey, Lane",8/7/2023,717088,23,100,2023
23,622569,"Reyes, Pablo",8/6/2023,717111,23,100,2023
23,543507,"May, Trevor",7/22/2023,717295,23,100,2023
23,543518,"McGough, Scott",8/21/2023,716906,23,100,2023
23,657097,"Webb, Jacob",7/5/2023,717478,23,100,2023
23,641656,"Hamilton, Ian",8/27/2023,716828,23,100,2023
23,686839,"White, Brendan",7/30/2023,717202,23,100,2023
23,493603,"Ottavino, Adam",6/26/2023,717607,23,100,2023
23,606149,"Gallegos, Giovanny",6/14/2023,717767,23,100,2023
23,571948,"Milner, Hoby",7/7/2023,717459,23,100,2023
23,650633,"King, Michael",8/3/2023,717142,23,100,2023
23,656638,"Lange, Alex",6/29/2023,717570,23,100,2023
23,656529,"Hentges, Sam",6/9/2023,717833,23,100,2023
23,642585,"Bautista, Félix",8/10/2023,717053,23,100,2023
23,606160,"Montero, Rafael",8/20/2023,716920,23,100,2023
23,656529,"Hentges, Sam",8/18/2023,716959,23,100,2023
23,606160,"Montero, Rafael",6/25/2023,717615,23,100,2023
23,642397,"Soto, Gregory",8/12/2023,717028,23,100,2023
23,621295,"Wittgren, Nick",6/28/2023,717577,23,100,2023
23,676760,"Marinaccio, Ron",7/23/2023,717294,23,100,2023
22,594580,"Moll, Sam",7/5/2023,717485,22,100,2023
22,656849,"Peterson, David",7/14/2023,717413,22,100,2023
22,571656,"Farmer, Buck",8/24/2023,716868,22,100,2023
22,657508,"Baumann, Mike",6/16/2023,717744,22,100,2023
22,656814,"Ortiz, Luis F.",8/8/2023,717082,22,100,2023
22,572955,"Johnson, Pierce",8/9/2023,717058,22,100,2023
22,680704,"Sandlin, Nick",7/17/2023,717371,22,100,2023
22,664747,"Díaz, Alexis",8/7/2023,717097,22,100,2023
22,641729,"Jiménez, Joe",7/9/2023,717429,22,100,2023
22,605177,"Chafin, Andrew",8/16/2023,716962,22,100,2023
22,489446,"Yates, Kirby",8/11/2023,717040,22,100,2023
22,687330,"Kelly, Kevin",7/6/2023,717472,22,100,2023
22,543351,"Jackson, Jay",8/16/2023,716967,22,100,2023
22,670950,"Richards, Trevor",8/28/2023,716816,22,100,2023
22,687145,"Justice, Evan",8/30/2023,716773,22,100,2023
22,650960,"Duarte, Daniel",7/6/2023,717481,22,100,2023
22,656529,"Hentges, Sam",7/23/2023,717283,22,100,2023
22,502085,"Robertson, David",8/26/2023,716844,22,100,2023
22,664875,"Lawrence, Justin",6/25/2023,717616,22,100,2023
22,605177,"Chafin, Andrew",8/5/2023,717116,22,100,2023
22,672578,"Hernández, Carlos",6/12/2023,717793,22,100,2023
22,667755,"Soriano, José",8/5/2023,717109,22,100,2023
22,593576,"Neris, Héctor",6/3/2023,717908,22,100,2023
22,656546,"Hoffman, Jeff",7/14/2023,717418,22,100,2023
22,641703,"Honeywell, Brent",6/6/2023,717864,22,100,2023
22,600917,"Leclerc, José",6/18/2023,717709,22,100,2023
22,543518,"McGough, Scott",6/21/2023,717672,22,100,2023
22,543518,"McGough, Scott",8/2/2023,717164,22,100,2023
22,679346,"Navarro, Edgar",7/30/2023,717204,22,100,2023
22,642770,"Guerra, Javy",7/15/2023,717411,22,100,2023
22,681982,"Anderson, Grant",8/25/2023,716850,22,100,2023
22,672578,"Hernández, Carlos",8/7/2023,717089,22,100,2023
22,593576,"Neris, Héctor",8/21/2023,716908,22,100,2023
22,687798,"Robertson, Nick",6/17/2023,717721,22,100,2023
22,670059,"Holderman, Colin",8/13/2023,717015,22,100,2023
22,650633,"King, Michael",6/11/2023,717810,22,100,2023
22,661440,"Llovera, Mauricio",8/19/2023,716943,22,100,2023
22,518585,"Cruz, Fernando",7/5/2023,717493,22,100,2023
22,518585,"Cruz, Fernando",6/28/2023,717589,22,100,2023
22,657240,"Merryweather, Julian",6/17/2023,717729,22,100,2023
22,623149,"Sewald, Paul",6/6/2023,717864,22,100,2023
22,640462,"Puk, A.J.",6/23/2023,717653,22,100,2023
22,493603,"Ottavino, Adam",6/6/2023,717872,22,100,2023
22,571948,"Milner, Hoby",8/15/2023,716979,22,100,2023
22,543056,"Coulombe, Danny",6/6/2023,717867,22,100,2023
22,664139,"Gibaut, Ian",7/31/2023,717188,22,100,2023
22,605463,"Scott, Tayler",7/29/2023,717212,22,100,2023
22,670167,"Schreiber, John",7/30/2023,717197,22,100,2023
22,664126,"Fairbanks, Pete",6/22/2023,717659,22,100,2023
22,694037,"Palencia, Daniel",7/17/2023,717370,22,100,2023
22,669093,"Estrada, Jeremiah",6/6/2023,717861,22,100,2023
22,666168,"Thompson, Mason",6/25/2023,717610,22,100,2023
22,543859,"Tonkin, Michael",8/12/2023,718371,22,100,2023
22,606965,"Devenski, Chris",6/15/2023,717751,22,100,2023
22,682120,"Herrin, Tim",6/30/2023,717559,22,100,2023
22,519043,"Moore, Matt",8/23/2023,716903,22,100,2023
22,657265,"Strzelecki, Peter",6/24/2023,717625,22,100,2023
22,623437,"Topa, Justin",6/4/2023,717894,22,100,2023
22,592454,"Kahnle, Tommy",7/4/2023,717508,22,100,2023
22,614179,"Ruiz, José",7/6/2023,717470,22,100,2023
22,595928,"Curtiss, John",6/13/2023,717779,22,100,2023
22,573204,"Thielbar, Caleb",8/23/2023,716882,22,100,2023
22,657097,"Webb, Jacob",6/17/2023,717726,22,100,2023
22,608638,"Chargois, JT",7/5/2023,717488,22,100,2023
22,519293,"Smith, Will",8/20/2023,716918,22,100,2023
22,641672,"Hatch, Thomas",6/13/2023,717787,22,100,2023
22,519043,"Moore, Matt",7/15/2023,717389,22,100,2023
22,625643,"López, Reynaldo",8/13/2023,717004,22,100,2023
22,641743,"Kay, Anthony",7/23/2023,717286,22,100,2023
22,642048,"Saucedo, Tayler",6/26/2023,717602,22,100,2023
22,657024,"Swanson, Erik",7/21/2023,717311,22,100,2023
22,686294,"Willingham, Amos",7/3/2023,717517,22,100,2023
22,518617,"Diekman, Jake",7/8/2023,717441,22,100,2023
22,666808,"Doval, Camilo",6/14/2023,717767,22,100,2023
22,701643,"Hartwig, Grant",8/15/2023,716988,22,100,2023
22,670174,"Winckowski, Josh",7/28/2023,717220,22,100,2023
22,621345,"Minter, A.J.",8/7/2023,717095,22,100,2023
22,606965,"Devenski, Chris",6/29/2023,717560,22,100,2023
22,621139,"Kriske, Brooks",6/28/2023,717577,22,100,2023
22,656457,"Gilbert, Tyler",8/15/2023,716978,22,100,2023
22,642585,"Bautista, Félix",6/28/2023,717589,22,100,2023
22,656638,"Lange, Alex",7/23/2023,717288,22,100,2023
22,642232,"Yarbrough, Ryan",8/19/2023,716909,22,100,2023
22,519151,"Pressly, Ryan",8/4/2023,717138,22,100,2023
22,572403,"VerHagen, Drew",6/6/2023,717868,22,100,2023
22,668338,"Miller, Tyson",7/7/2023,717459,22,100,2023
22,680735,"Cox, Austin",8/14/2023,716994,22,100,2023
22,670329,"Garcia, Rico",7/22/2023,717307,22,100,2023
22,672578,"Hernández, Carlos",8/14/2023,716994,22,100,2023
22,595345,"Okert, Steven",8/11/2023,717047,22,100,2023
22,677020,"Walker, Josh",6/21/2023,717670,22,100,2023
22,605130,"Barlow, Scott",6/10/2023,717818,22,100,2023
22,641941,"Pagán, Emilio",6/11/2023,717805,22,100,2023
22,663986,"Stephan, Trevor",8/12/2023,717024,22,100,2023
22,657240,"Merryweather, Julian",7/4/2023,717503,22,100,2023
22,680704,"Sandlin, Nick",8/18/2023,716959,22,100,2023
22,571901,"Loup, Aaron",6/1/2023,717936,22,100,2023
22,680704,"Sandlin, Nick",8/19/2023,716939,22,100,2023
22,625643,"López, Reynaldo",6/10/2023,717820,22,100,2023
22,607481,"Bummer, Aaron",6/19/2023,717695,22,100,2023
22,640451,"Harvey, Hunter",7/6/2023,717481,22,100,2023
22,669424,"Lambert, Jimmy",8/26/2023,716841,22,100,2023
22,489446,"Yates, Kirby",6/26/2023,717609,22,100,2023
22,605242,"Fulmer, Michael",6/30/2023,717559,22,100,2023
22,640462,"Puk, A.J.",7/7/2023,717466,22,100,2023
22,607481,"Bummer, Aaron",8/3/2023,717149,22,100,2023
22,640451,"Harvey, Hunter",6/14/2023,717762,22,100,2023
22,676254,"Walker, Ryan",6/25/2023,717612,22,100,2023
22,672391,"Ort, Kaleb",6/5/2023,717928,22,100,2023
22,593576,"Neris, Héctor",6/7/2023,717856,22,100,2023
22,663947,"Holton, Tyler",6/26/2023,717606,22,100,2023
22,643256,"Cimber, Adam",6/17/2023,717723,22,100,2023
22,623149,"Sewald, Paul",7/21/2023,717311,22,100,2023
22,554340,"García, Yimi",8/12/2023,717026,22,100,2023
22,642397,"Soto, Gregory",8/22/2023,716899,22,100,2023
22,643256,"Cimber, Adam",6/5/2023,717878,22,100,2023
22,472610,"García, Luis",6/28/2023,717585,22,100,2023
22,640470,"Alzolay, Adbert",8/20/2023,716917,22,100,2023
22,682120,"Herrin, Tim",7/23/2023,717283,22,100,2023
22,607259,"Martinez, Nick",8/5/2023,717112,22,100,2023
22,641329,"Baker, Bryan",7/20/2023,717328,22,100,2023
22,663752,"Morris, Cody",6/15/2023,717750,22,100,2023
22,593576,"Neris, Héctor",8/19/2023,716932,22,100,2023
22,519151,"Pressly, Ryan",7/28/2023,717229,22,100,2023
22,645801,"Ford, Mike",6/3/2023,717912,22,100,2023
22,669212,"Morgan, Eli",6/28/2023,717577,22,100,2023
22,643377,"Jax, Griffin",7/30/2023,717198,22,100,2023
22,656464,"Ginkel, Kevin",8/9/2023,717057,22,100,2023
22,607481,"Bummer, Aaron",6/8/2023,717857,22,100,2023
22,606160,"Montero, Rafael",8/22/2023,716895,22,100,2023
22,608638,"Chargois, JT",7/22/2023,717306,22,100,2023
22,682175,"Jacques, Joe",7/31/2023,717181,22,100,2023
22,608665,"Graveman, Kendall",7/23/2023,717285,22,100,2023
22,623437,"Topa, Justin",8/18/2023,716948,22,100,2023
22,678606,"Ferrer, Jose A.",7/25/2023,717269,22,100,2023
22,607755,"Vasquez, Andrew",6/2/2023,717935,22,100,2023
22,518617,"Diekman, Jake",8/5/2023,717122,22,100,2023
22,670280,"Bednar, David",7/8/2023,717439,22,100,2023
22,675989,"Bolton, Cody",8/29/2023,716793,22,100,2023
22,640448,"Finnegan, Kyle",6/30/2023,717563,22,100,2023
22,676265,"Abbott, Cory",7/28/2023,717230,22,100,2023
22,489446,"Yates, Kirby",7/4/2023,717495,22,100,2023
22,502085,"Robertson, David",7/18/2023,717359,22,100,2023
22,675916,"Karinchak, James",8/18/2023,716956,22,100,2023
22,642239,"Zastryzny, Rob",6/2/2023,717930,22,100,2023
22,445276,"Jansen, Kenley",7/1/2023,717547,22,100,2023
22,606160,"Montero, Rafael",6/11/2023,717802,22,100,2023
22,640462,"Puk, A.J.",6/10/2023,717820,22,100,2023
22,608717,"Stratton, Chris",6/11/2023,717797,22,100,2023
22,621237,"Alvarado, José",6/9/2023,717837,22,100,2023
22,662253,"Muñoz, Andrés",6/30/2023,717548,22,100,2023
22,554340,"García, Yimi",6/17/2023,717723,22,100,2023
22,543272,"Hand, Brad",8/11/2023,717040,22,100,2023
22,607179,"Weems, Jordan",8/18/2023,716960,22,100,2023
22,682120,"Herrin, Tim",8/18/2023,716956,22,100,2023
22,621381,"Strahm, Matt",8/12/2023,717028,22,100,2023
22,656730,"Megill, Trevor",6/17/2023,717720,22,100,2023
22,606149,"Gallegos, Giovanny",7/20/2023,717322,22,100,2023
22,663878,"Pearson, Nate",8/13/2023,717012,22,100,2023
22,623433,"Anderson, Nick",6/24/2023,717631,22,100,2023
22,641302,"Alexander, Tyler",6/10/2023,717821,22,100,2023
22,595345,"Okert, Steven",8/25/2023,716863,22,100,2023
22,628452,"Iglesias, Raisel",6/20/2023,717689,22,100,2023
22,642545,"Barria, Jaime",7/29/2023,717222,22,100,2023
22,628452,"Iglesias, Raisel",7/20/2023,717337,22,100,2023
22,608717,"Stratton, Chris",8/6/2023,717102,22,100,2023
22,676979,"Crochet, Garrett",6/15/2023,717748,22,100,2023
22,686654,"Adcock, Ty",6/12/2023,717786,22,100,2023
22,453268,"Bard, Daniel",8/13/2023,717007,22,100,2023
22,656638,"Lange, Alex",6/8/2023,717862,22,100,2023
22,676254,"Walker, Ryan",6/9/2023,717823,22,100,2023
22,670167,"Schreiber, John",8/25/2023,716866,22,100,2023
22,608717,"Stratton, Chris",7/14/2023,717407,22,100,2023
22,571882,"Law, Derek",8/20/2023,716924,22,100,2023
22,663558,"Moran, Jovani",6/15/2023,717752,22,100,2023
22,502085,"Robertson, David",8/30/2023,716778,22,100,2023
22,682175,"Jacques, Joe",7/7/2023,717461,22,100,2023
22,607755,"Vasquez, Andrew",6/17/2023,717725,22,100,2023
22,608665,"Graveman, Kendall",6/6/2023,717877,22,100,2023
22,656271,"Burke, Brock",6/13/2023,717780,22,100,2023
22,687798,"Robertson, Nick",6/7/2023,717853,22,100,2023
22,622554,"Domínguez, Seranthony",6/5/2023,717886,22,100,2023
22,666374,"Brash, Matt",6/27/2023,717590,22,100,2023
22,677020,"Walker, Josh",6/16/2023,717743,22,100,2023
22,614179,"Ruiz, José",7/21/2023,717321,22,100,2023
22,643256,"Cimber, Adam",6/18/2023,717709,22,100,2023
22,623149,"Sewald, Paul",8/13/2023,717003,22,100,2023
22,641729,"Jiménez, Joe",8/14/2023,717001,22,100,2023
22,608717,"Stratton, Chris",6/12/2023,717791,22,100,2023
22,622554,"Domínguez, Seranthony",6/14/2023,717757,22,100,2023
22,518489,"Brasier, Ryan",8/23/2023,716875,22,100,2023
22,592454,"Kahnle, Tommy",7/3/2023,717513,22,100,2023
22,675989,"Bolton, Cody",8/13/2023,717027,22,100,2023
22,657424,"Gage, Matt",6/11/2023,717802,22,100,2023
22,687798,"Robertson, Nick",8/6/2023,717111,22,100,2023
22,668970,"Hollowell, Gavin",7/2/2023,717523,22,100,2023
22,542585,"Cisnero, José",6/20/2023,717681,22,100,2023
22,614179,"Ruiz, José",6/6/2023,717881,22,100,2023
22,640448,"Finnegan, Kyle",7/2/2023,717528,22,100,2023
22,660813,"Graterol, Brusdar",7/29/2023,717205,22,100,2023
22,608718,"Suter, Brent",8/19/2023,716933,22,100,2023
22,663558,"Moran, Jovani",7/21/2023,717314,22,100,2023
22,571948,"Milner, Hoby",8/19/2023,716938,22,100,2023
22,682842,"Uribe, Abner",8/1/2023,717183,22,100,2023
22,681911,"Vesia, Alex",8/4/2023,717129,22,100,2023
22,672391,"Ort, Kaleb",6/4/2023,717904,22,100,2023
22,650960,"Duarte, Daniel",6/14/2023,717764,22,100,2023
22,472610,"García, Luis",7/14/2023,717418,22,100,2023
22,663878,"Pearson, Nate",6/18/2023,717709,22,100,2023
22,676760,"Marinaccio, Ron",7/19/2023,717339,22,100,2023
22,640470,"Alzolay, Adbert",8/15/2023,716986,22,100,2023
22,543272,"Hand, Brad",7/19/2023,717345,22,100,2023
22,664875,"Lawrence, Justin",7/9/2023,717422,22,100,2023
22,660825,"Bazardo, Eduard",7/16/2023,717384,22,100,2023
22,643511,"Rogers, Tyler",7/14/2023,717416,22,100,2023
22,641871,"Middleton, Keynan",8/6/2023,717110,22,100,2023
22,622554,"Domínguez, Seranthony",8/15/2023,716990,22,100,2023
22,666277,"Soriano, George",7/5/2023,717488,22,100,2023
22,667755,"Soriano, José",8/9/2023,717071,22,100,2023
22,661403,"Clase, Emmanuel",8/6/2023,717108,22,100,2023
22,543859,"Tonkin, Michael",8/23/2023,716876,22,100,2023
22,608665,"Graveman, Kendall",8/22/2023,716895,22,100,2023
22,605242,"Fulmer, Michael",7/15/2023,717403,22,100,2023
22,669212,"Morgan, Eli",8/12/2023,717024,22,100,2023
22,686839,"White, Brendan",8/22/2023,716896,22,100,2023
22,667755,"Soriano, José",8/29/2023,716806,22,100,2023
22,689225,"Brieske, Beau",8/28/2023,716808,22,100,2023
22,643410,"Leiter Jr., Mark",6/7/2023,717855,22,100,2023
22,670280,"Bednar, David",6/21/2023,717671,22,100,2023
22,686294,"Willingham, Amos",7/5/2023,717493,22,100,2023
22,572955,"Johnson, Pierce",7/16/2023,717378,22,100,2023
22,622250,"Sborz, Josh",8/18/2023,716950,22,100,2023
22,607179,"Weems, Jordan",8/4/2023,717139,22,100,2023
22,642048,"Saucedo, Tayler",8/14/2023,716994,22,100,2023
22,593974,"Peralta, Wandy",8/23/2023,716877,22,100,2023
21,642585,"Bautista, Félix",8/14/2023,716996,21,100,2023
21,666168,"Thompson, Mason",7/27/2023,717241,21,100,2023
21,665625,"Peguero, Elvis",8/11/2023,717036,21,100,2023
21,621051,"Wilson, Steven",6/24/2023,717638,21,100,2023
21,642207,"Williams, Devin",8/2/2023,717162,21,100,2023
21,664875,"Lawrence, Justin",8/15/2023,716978,21,100,2023
21,669952,"White, Mitch",6/19/2023,717700,21,100,2023
21,664747,"Díaz, Alexis",8/26/2023,716833,21,100,2023
21,657571,"Ferguson, Caleb",8/4/2023,717129,21,100,2023
21,607259,"Martinez, Nick",7/7/2023,717454,21,100,2023
21,676680,"Cosgrove, Tom",7/14/2023,717418,21,100,2023
21,678226,"Hernández, Daysbel",7/25/2023,717261,21,100,2023
21,573009,"Mantiply, Joe",6/17/2023,717719,21,100,2023
21,518617,"Diekman, Jake",6/20/2023,717687,21,100,2023
21,669395,"Coleman, Dylan",7/5/2023,717482,21,100,2023
21,621363,"Poche, Colin",6/30/2023,717548,21,100,2023
21,664199,"Clarke, Taylor",7/5/2023,717482,21,100,2023
21,657514,"Bernardino, Brennan",6/25/2023,717614,21,100,2023
21,686839,"White, Brendan",8/15/2023,716983,21,100,2023
21,607179,"Weems, Jordan",6/25/2023,717610,21,100,2023
21,676760,"Marinaccio, Ron",6/13/2023,717779,21,100,2023
21,518617,"Diekman, Jake",6/18/2023,717703,21,100,2023
21,543339,"Hudson, Daniel",7/3/2023,717506,21,100,2023
21,623211,"Brazobán, Huascar",8/2/2023,717159,21,100,2023
21,657514,"Bernardino, Brennan",8/22/2023,716895,21,100,2023
21,605347,"López, Jorge",8/2/2023,717159,21,100,2023
21,642239,"Zastryzny, Rob",6/5/2023,717884,21,100,2023
21,686839,"White, Brendan",8/25/2023,716858,21,100,2023
21,572955,"Johnson, Pierce",6/1/2023,717933,21,100,2023
21,676680,"Cosgrove, Tom",8/11/2023,717035,21,100,2023
21,640462,"Puk, A.J.",7/5/2023,717488,21,100,2023
21,573124,"Rogers, Taylor",7/7/2023,717448,21,100,2023
21,664126,"Fairbanks, Pete",7/22/2023,717300,21,100,2023
21,669169,"Heasley, Jonathan",8/3/2023,717148,21,100,2023
21,675540,"Curry, Xzavion",7/26/2023,717249,21,100,2023
21,664126,"Fairbanks, Pete",7/31/2023,717185,21,100,2023
21,656353,"Davidson, Tucker",8/28/2023,716811,21,100,2023
21,669060,"Wilson, Bryse",6/28/2023,717581,21,100,2023
21,650556,"Abreu, Bryan",7/28/2023,717229,21,100,2023
21,547184,"Kelly, Michael",7/28/2023,717228,21,100,2023
21,613534,"Adams, Austin",7/18/2023,717358,21,100,2023
21,657514,"Bernardino, Brennan",8/5/2023,717125,21,100,2023
21,656546,"Hoffman, Jeff",8/4/2023,717140,21,100,2023
21,676680,"Cosgrove, Tom",8/19/2023,716919,21,100,2023
21,641302,"Alexander, Tyler",6/29/2023,717570,21,100,2023
21,656529,"Hentges, Sam",8/13/2023,717010,21,100,2023
21,621016,"Cuas, Jose",6/30/2023,717553,21,100,2023
21,518585,"Cruz, Fernando",8/16/2023,716973,21,100,2023
21,669060,"Wilson, Bryse",8/2/2023,717162,21,100,2023
21,669438,"Englert, Mason",6/2/2023,717925,21,100,2023
21,669952,"White, Mitch",6/30/2023,717555,21,100,2023
21,650556,"Abreu, Bryan",6/2/2023,717926,21,100,2023
21,571882,"Law, Derek",7/30/2023,717194,21,100,2023
21,676254,"Walker, Ryan",6/16/2023,717731,21,100,2023
21,664199,"Clarke, Taylor",6/22/2023,717659,21,100,2023
21,595345,"Okert, Steven",7/4/2023,717502,21,100,2023
21,686747,"La Sorsa, Joe",7/1/2023,717543,21,100,2023
21,542585,"Cisnero, José",8/28/2023,716808,21,100,2023
21,666204,"Jiménez, Dany",8/7/2023,717081,21,100,2023
21,621074,"Rucker, Michael",6/30/2023,717559,21,100,2023
21,623211,"Brazobán, Huascar",7/8/2023,717438,21,100,2023
21,661440,"Llovera, Mauricio",7/7/2023,717448,21,100,2023
21,680704,"Sandlin, Nick",7/1/2023,717546,21,100,2023
21,656271,"Burke, Brock",8/12/2023,717029,21,100,2023
21,670174,"Winckowski, Josh",6/14/2023,717768,21,100,2023
21,670174,"Winckowski, Josh",7/6/2023,717471,21,100,2023
21,656464,"Ginkel, Kevin",7/8/2023,717439,21,100,2023
21,640451,"Harvey, Hunter",8/25/2023,716863,21,100,2023
21,622250,"Sborz, Josh",6/3/2023,717912,21,100,2023
21,666974,"Cano, Yennier",6/28/2023,717589,21,100,2023
21,641360,"Bickford, Phil",8/4/2023,717134,21,100,2023
21,607259,"Martinez, Nick",6/10/2023,717819,21,100,2023
21,472610,"García, Luis",8/19/2023,716931,21,100,2023
21,679525,"Marsh, Alec",8/1/2023,717170,21,100,2023
21,605447,"Romano, Jordan",7/23/2023,717281,21,100,2023
21,621051,"Wilson, Steven",7/25/2023,717258,21,100,2023
21,701643,"Hartwig, Grant",6/28/2023,717581,21,100,2023
21,664875,"Lawrence, Justin",7/14/2023,717410,21,100,2023
21,592426,"Jackson, Luke",7/31/2023,717190,21,100,2023
21,664747,"Díaz, Alexis",6/25/2023,717618,21,100,2023
21,664208,"Maton, Phil",6/21/2023,717670,21,100,2023
21,628452,"Iglesias, Raisel",8/8/2023,717079,21,100,2023
21,606160,"Montero, Rafael",6/21/2023,717670,21,100,2023
21,667755,"Soriano, José",7/19/2023,717339,21,100,2023
21,571948,"Milner, Hoby",7/19/2023,717347,21,100,2023
21,657265,"Strzelecki, Peter",6/17/2023,717720,21,100,2023
21,608032,"Estévez, Carlos",8/6/2023,717101,21,100,2023
21,641793,"Littell, Zack",6/16/2023,717732,21,100,2023
21,642585,"Bautista, Félix",6/8/2023,717849,21,100,2023
21,663986,"Stephan, Trevor",6/11/2023,717802,21,100,2023
21,676689,"Karcher, Ricky",6/12/2023,717793,21,100,2023
21,453268,"Bard, Daniel",8/10/2023,717045,21,100,2023
21,663773,"Hoeing, Bryan",7/14/2023,717417,21,100,2023
21,661403,"Clase, Emmanuel",7/17/2023,717371,21,100,2023
21,660787,"De los Santos, Yerry",7/16/2023,717388,21,100,2023
21,608371,"Sims, Lucas",8/18/2023,716954,21,100,2023
21,493603,"Ottavino, Adam",8/8/2023,717080,21,100,2023
21,622075,"Almonte, Yency",7/28/2023,717225,21,100,2023
21,643493,"Pruitt, Austin",8/12/2023,717030,21,100,2023
21,661527,"Martinez, Seth",7/14/2023,717405,21,100,2023
21,518886,"Kimbrel, Craig",8/23/2023,716879,21,100,2023
21,662253,"Muñoz, Andrés",7/8/2023,717440,21,100,2023
21,641729,"Jiménez, Joe",8/31/2023,716768,21,100,2023
21,641871,"Middleton, Keynan",6/28/2023,717576,21,100,2023
21,664139,"Gibaut, Ian",7/17/2023,717375,21,100,2023
21,664139,"Gibaut, Ian",6/11/2023,717797,21,100,2023
21,681982,"Anderson, Grant",7/18/2023,717354,21,100,2023
21,623465,"Phillips, Evan",8/17/2023,716961,21,100,2023
21,664199,"Clarke, Taylor",6/10/2023,717818,21,100,2023
21,573124,"Rogers, Taylor",6/30/2023,717556,21,100,2023
21,657240,"Merryweather, Julian",6/19/2023,717698,21,100,2023
21,687330,"Kelly, Kevin",6/18/2023,717703,21,100,2023
21,641329,"Baker, Bryan",6/20/2023,717687,21,100,2023
21,664208,"Maton, Phil",6/18/2023,717707,21,100,2023
21,669467,"Pallante, Andre",6/21/2023,717673,21,100,2023
21,543766,"Shaw, Bryan",7/21/2023,717314,21,100,2023
21,675989,"Bolton, Cody",7/16/2023,717388,21,100,2023
21,668941,"Romero, JoJo",7/20/2023,717322,21,100,2023
21,694037,"Palencia, Daniel",8/5/2023,717121,21,100,2023
21,671345,"Foley, Jason",8/30/2023,716781,21,100,2023
21,650893,"Cabrera, Génesis",6/25/2023,717623,21,100,2023
21,657571,"Ferguson, Caleb",7/29/2023,717205,21,100,2023
21,656257,"Brigham, Jeff",6/25/2023,717624,21,100,2023
21,660261,"Fujinami, Shintaro",7/25/2023,717267,21,100,2023
21,663567,"Lambert, Peter",6/16/2023,717745,21,100,2023
21,607755,"Vasquez, Andrew",8/27/2023,716830,21,100,2023
21,608032,"Estévez, Carlos",8/30/2023,716787,21,100,2023
21,664139,"Gibaut, Ian",7/3/2023,717517,21,100,2023
21,613534,"Adams, Austin",7/30/2023,717193,21,100,2023
21,518585,"Cruz, Fernando",8/30/2023,716789,21,100,2023
21,621366,"Borucki, Ryan",8/18/2023,716951,21,100,2023
21,660906,"Pérez, Francisco",8/12/2023,717030,21,100,2023
21,518886,"Kimbrel, Craig",7/24/2023,717280,21,100,2023
21,660813,"Graterol, Brusdar",8/19/2023,716926,21,100,2023
21,669796,"Hernandez, Jose E.",7/22/2023,717297,21,100,2023
21,607259,"Martinez, Nick",7/16/2023,717387,21,100,2023
21,694037,"Palencia, Daniel",8/26/2023,716842,21,100,2023
21,518585,"Cruz, Fernando",7/21/2023,717321,21,100,2023
21,622098,"Smith, Drew",8/12/2023,717021,21,100,2023
21,661440,"Llovera, Mauricio",8/24/2023,716873,21,100,2023
21,542888,"Armstrong, Shawn",7/19/2023,717346,21,100,2023
21,608371,"Sims, Lucas",7/14/2023,717412,21,100,2023
21,608638,"Chargois, JT",7/17/2023,717374,21,100,2023
21,592454,"Kahnle, Tommy",6/27/2023,717595,21,100,2023
21,621366,"Borucki, Ryan",7/9/2023,717425,21,100,2023
21,676684,"Vest, Will",8/16/2023,716976,21,100,2023
21,663423,"Thornton, Trent",8/20/2023,716920,21,100,2023
21,641729,"Jiménez, Joe",8/6/2023,717098,21,100,2023
21,650960,"Duarte, Daniel",7/8/2023,717444,21,100,2023
21,666374,"Brash, Matt",7/17/2023,717365,21,100,2023
21,672578,"Hernández, Carlos",7/1/2023,717537,21,100,2023
21,607359,"Patton, Spencer",8/27/2023,716826,21,100,2023
21,657571,"Ferguson, Caleb",7/15/2023,717400,21,100,2023
21,605242,"Fulmer, Michael",6/24/2023,717637,21,100,2023
21,605447,"Romano, Jordan",6/21/2023,717676,21,100,2023
21,592773,"Stanek, Ryne",7/22/2023,717295,21,100,2023
21,663765,"Woodford, Jake",6/20/2023,717691,21,100,2023
21,641871,"Middleton, Keynan",8/31/2023,716775,21,100,2023
21,670970,"Morejon, Adrian",7/9/2023,717423,21,100,2023
21,663423,"Thornton, Trent",8/11/2023,717034,21,100,2023
21,571656,"Farmer, Buck",7/15/2023,717392,21,100,2023
21,650556,"Abreu, Bryan",6/18/2023,717707,21,100,2023
21,605280,"Holmes, Clay",6/20/2023,717684,21,100,2023
21,622098,"Smith, Drew",8/15/2023,716988,21,100,2023
21,640470,"Alzolay, Adbert",8/5/2023,717121,21,100,2023
21,657240,"Merryweather, Julian",8/15/2023,716986,21,100,2023
21,571901,"Loup, Aaron",8/14/2023,716997,21,100,2023
21,661527,"Martinez, Seth",6/5/2023,717878,21,100,2023
21,607481,"Bummer, Aaron",7/6/2023,717468,21,100,2023
21,676684,"Vest, Will",6/4/2023,717891,21,100,2023
21,605130,"Barlow, Scott",7/24/2023,717277,21,100,2023
21,608723,"Voth, Austin",6/6/2023,717867,21,100,2023
21,622065,"Young, Alex",8/13/2023,717015,21,100,2023
21,663947,"Holton, Tyler",7/30/2023,717202,21,100,2023
21,518489,"Brasier, Ryan",7/3/2023,717506,21,100,2023
21,681982,"Anderson, Grant",8/5/2023,717124,21,100,2023
21,606160,"Montero, Rafael",6/16/2023,717737,21,100,2023
21,669674,"Long, Sam",8/7/2023,717081,21,100,2023
21,640470,"Alzolay, Adbert",6/17/2023,717729,21,100,2023
21,672582,"Zerpa, Angel",8/26/2023,716832,21,100,2023
21,542585,"Cisnero, José",8/5/2023,717122,21,100,2023
21,662253,"Muñoz, Andrés",8/23/2023,716881,21,100,2023
21,641941,"Pagán, Emilio",6/17/2023,717728,21,100,2023
21,666374,"Brash, Matt",6/9/2023,717824,21,100,2023
21,657240,"Merryweather, Julian",7/21/2023,717325,21,100,2023
21,621051,"Wilson, Steven",7/15/2023,717408,21,100,2023
21,640462,"Puk, A.J.",8/27/2023,716827,21,100,2023
21,606149,"Gallegos, Giovanny",7/18/2023,717357,21,100,2023
21,641656,"Hamilton, Ian",8/23/2023,716877,21,100,2023
21,660787,"De los Santos, Yerry",6/19/2023,717698,21,100,2023
21,572955,"Johnson, Pierce",6/23/2023,717644,21,100,2023
21,605218,"Edwards Jr., Carl",6/9/2023,717829,21,100,2023
21,668942,"Rojas, Josh",6/18/2023,717706,21,100,2023
21,660825,"Bazardo, Eduard",7/6/2023,717475,21,100,2023
21,664199,"Clarke, Taylor",7/23/2023,717294,21,100,2023
21,681911,"Vesia, Alex",8/31/2023,716768,21,100,2023
21,664747,"Díaz, Alexis",6/19/2023,717701,21,100,2023
21,606160,"Montero, Rafael",6/9/2023,717833,21,100,2023
21,573124,"Rogers, Taylor",6/7/2023,717852,21,100,2023
21,668970,"Hollowell, Gavin",7/4/2023,717504,21,100,2023
21,605280,"Holmes, Clay",8/29/2023,716795,21,100,2023
21,657265,"Strzelecki, Peter",6/8/2023,717849,21,100,2023
21,571863,"Koch, Matt",8/8/2023,717078,21,100,2023
21,543351,"Jackson, Jay",8/30/2023,716785,21,100,2023
21,640470,"Alzolay, Adbert",8/11/2023,717041,21,100,2023
21,594580,"Moll, Sam",8/23/2023,716903,21,100,2023
21,656546,"Hoffman, Jeff",6/20/2023,717689,21,100,2023
21,657508,"Baumann, Mike",8/18/2023,716944,21,100,2023
21,605242,"Fulmer, Michael",8/21/2023,716913,21,100,2023
21,661395,"Duran, Jhoan",7/22/2023,717293,21,100,2023
21,670174,"Winckowski, Josh",8/22/2023,716895,21,100,2023
21,502085,"Robertson, David",6/10/2023,717812,21,100,2023
21,593974,"Peralta, Wandy",7/1/2023,717550,21,100,2023
21,661395,"Duran, Jhoan",7/7/2023,717458,21,100,2023
21,664294,"Moreta, Dauri",8/20/2023,716923,21,100,2023
21,664875,"Lawrence, Justin",7/16/2023,717378,21,100,2023
21,548384,"Raley, Brooks",6/18/2023,717713,21,100,2023
21,667755,"Soriano, José",7/5/2023,717478,21,100,2023
21,664294,"Moreta, Dauri",6/29/2023,717571,21,100,2023
21,519151,"Pressly, Ryan",8/30/2023,716794,21,100,2023
21,625643,"López, Reynaldo",8/25/2023,716855,21,100,2023
21,668674,"Erceg, Lucas",7/16/2023,717379,21,100,2023
21,686610,"Waldichuk, Ken",7/9/2023,717435,21,100,2023
21,596112,"Stephenson, Robert",7/26/2023,717252,21,100,2023
21,641941,"Pagán, Emilio",8/23/2023,716882,21,100,2023
21,594943,"Neal, Zach",8/14/2023,716995,21,100,2023
21,657508,"Baumann, Mike",6/18/2023,717708,21,100,2023
21,523260,"Kelly, Joe",8/4/2023,717129,21,100,2023
21,663804,"Kowar, Jackson",8/23/2023,716884,21,100,2023
21,670280,"Bednar, David",8/25/2023,716862,21,100,2023
21,656786,"Mushinski, Parker",7/24/2023,717274,21,100,2023
21,592094,"Adam, Jason",8/8/2023,717085,21,100,2023
21,543507,"May, Trevor",6/27/2023,717595,21,100,2023
21,518886,"Kimbrel, Craig",6/23/2023,717656,21,100,2023
20,681982,"Anderson, Grant",6/18/2023,717709,20,100,2023
20,669467,"Pallante, Andre",8/5/2023,717119,20,100,2023
20,622259,"Wingenter, Trey",8/9/2023,717061,20,100,2023
20,664139,"Gibaut, Ian",7/16/2023,717383,20,100,2023
20,666619,"Santos, Gregory",8/30/2023,716786,20,100,2023
20,660853,"De Los Santos, Enyel",8/10/2023,717052,20,100,2023
20,676265,"Abbott, Cory",7/1/2023,717543,20,100,2023
20,622098,"Smith, Drew",8/29/2023,716799,20,100,2023
20,623352,"Hader, Josh",6/30/2023,717557,20,100,2023
20,669212,"Morgan, Eli",8/23/2023,716875,20,100,2023
20,608718,"Suter, Brent",7/26/2023,717257,20,100,2023
20,663855,"Hicks, Jordan",7/2/2023,717524,20,100,2023
20,592454,"Kahnle, Tommy",8/2/2023,717160,20,100,2023
20,664199,"Clarke, Taylor",6/4/2023,717893,20,100,2023
20,670280,"Bednar, David",6/9/2023,717836,20,100,2023
20,666619,"Santos, Gregory",6/24/2023,717629,20,100,2023
20,656638,"Lange, Alex",8/5/2023,717122,20,100,2023
20,554340,"García, Yimi",7/19/2023,717338,20,100,2023
20,613534,"Adams, Austin",6/18/2023,717706,20,100,2023
20,668674,"Erceg, Lucas",7/19/2023,717344,20,100,2023
20,571670,"Floro, Dylan",7/15/2023,717401,20,100,2023
20,666374,"Brash, Matt",7/31/2023,717181,20,100,2023
20,682842,"Uribe, Abner",8/8/2023,717078,20,100,2023
20,664875,"Lawrence, Justin",6/17/2023,717724,20,100,2023
20,660853,"De Los Santos, Enyel",8/15/2023,716992,20,100,2023
20,663989,"Vespi, Nick",7/6/2023,717475,20,100,2023
20,668674,"Erceg, Lucas",6/11/2023,717800,20,100,2023
20,598286,"Ramirez, Nick",6/9/2023,717841,20,100,2023
20,643511,"Rogers, Tyler",7/2/2023,717525,20,100,2023
20,545121,"Vargas, Ildemaro",8/19/2023,716941,20,100,2023
20,608665,"Graveman, Kendall",7/7/2023,717455,20,100,2023
20,571670,"Floro, Dylan",8/6/2023,717106,20,100,2023
20,670174,"Winckowski, Josh",8/26/2023,716849,20,100,2023
20,594580,"Moll, Sam",6/20/2023,717679,20,100,2023
20,676391,"Clement, Ernie",6/19/2023,717700,20,100,2023
20,592773,"Stanek, Ryne",6/17/2023,717727,20,100,2023
20,592773,"Stanek, Ryne",6/9/2023,717833,20,100,2023
20,608665,"Graveman, Kendall",8/30/2023,716794,20,100,2023
20,686839,"White, Brendan",6/21/2023,717668,20,100,2023
20,663992,"Lovelady, Richard",6/3/2023,717911,20,100,2023
20,623211,"Brazobán, Huascar",7/19/2023,717351,20,100,2023
20,600917,"Leclerc, José",8/13/2023,717008,20,100,2023
20,623465,"Phillips, Evan",7/29/2023,717205,20,100,2023
20,664747,"Díaz, Alexis",6/10/2023,717817,20,100,2023
20,640448,"Finnegan, Kyle",8/29/2023,716801,20,100,2023
20,642048,"Saucedo, Tayler",6/11/2023,717799,20,100,2023
20,663947,"Holton, Tyler",7/14/2023,717406,20,100,2023
20,547973,"Chapman, Aroldis",8/11/2023,717031,20,100,2023
20,657265,"Strzelecki, Peter",6/11/2023,717800,20,100,2023
20,571901,"Loup, Aaron",6/12/2023,717792,20,100,2023
20,622780,"Perdomo, Angel",6/10/2023,717812,20,100,2023
20,664747,"Díaz, Alexis",8/30/2023,716789,20,100,2023
20,608371,"Sims, Lucas",6/11/2023,717797,20,100,2023
20,663986,"Stephan, Trevor",7/23/2023,717283,20,100,2023
20,572955,"Johnson, Pierce",7/1/2023,717544,20,100,2023
20,542585,"Cisnero, José",8/26/2023,716843,20,100,2023
20,608638,"Chargois, JT",7/18/2023,717357,20,100,2023
20,608638,"Chargois, JT",6/24/2023,717630,20,100,2023
20,621368,"Hearn, Taylor",8/28/2023,716811,20,100,2023
20,678226,"Hernández, Daysbel",7/23/2023,717287,20,100,2023
20,672578,"Hernández, Carlos",8/12/2023,717019,20,100,2023
20,607179,"Weems, Jordan",6/22/2023,717847,20,100,2023
20,669459,"Nelson, Kyle",8/19/2023,716919,20,100,2023
20,592426,"Jackson, Luke",6/6/2023,717869,20,100,2023
20,664294,"Moreta, Dauri",6/16/2023,717740,20,100,2023
20,657024,"Swanson, Erik",6/27/2023,717604,20,100,2023
20,682967,"Sweet, Devin",7/19/2023,717335,20,100,2023
20,680704,"Sandlin, Nick",7/23/2023,717283,20,100,2023
20,668941,"Romero, JoJo",7/24/2023,717268,20,100,2023
20,596112,"Stephenson, Robert",6/29/2023,717568,20,100,2023
20,672578,"Hernández, Carlos",7/28/2023,717232,20,100,2023
20,657240,"Merryweather, Julian",6/15/2023,717747,20,100,2023
20,608638,"Chargois, JT",7/28/2023,717236,20,100,2023
20,592773,"Stanek, Ryne",6/5/2023,717878,20,100,2023
20,666808,"Doval, Camilo",8/13/2023,717008,20,100,2023
20,641835,"Mayza, Tim",7/23/2023,717281,20,100,2023
20,606149,"Gallegos, Giovanny",8/26/2023,716847,20,100,2023
20,571656,"Farmer, Buck",8/20/2023,716924,20,100,2023
20,600917,"Leclerc, José",8/22/2023,716889,20,100,2023
20,572403,"VerHagen, Drew",8/23/2023,716886,20,100,2023
20,445276,"Jansen, Kenley",7/9/2023,717435,20,100,2023
20,542947,"Bleier, Richard",7/29/2023,717221,20,100,2023
20,650556,"Abreu, Bryan",7/8/2023,717440,20,100,2023
20,640462,"Puk, A.J.",8/13/2023,717011,20,100,2023
20,455119,"Martin, Chris",8/13/2023,717014,20,100,2023
20,677944,"Cecconi, Slade",8/11/2023,717035,20,100,2023
20,543507,"May, Trevor",7/4/2023,717494,20,100,2023
20,592426,"Jackson, Luke",6/21/2023,717674,20,100,2023
20,592094,"Adam, Jason",8/6/2023,717103,20,100,2023
20,519043,"Moore, Matt",8/13/2023,717004,20,100,2023
20,612434,"Castro, Miguel",7/25/2023,717259,20,100,2023
20,607755,"Vasquez, Andrew",6/3/2023,717914,20,100,2023
20,657240,"Merryweather, Julian",8/2/2023,717153,20,100,2023
20,666619,"Santos, Gregory",7/7/2023,717455,20,100,2023
20,542888,"Armstrong, Shawn",6/16/2023,717732,20,100,2023
20,607481,"Bummer, Aaron",8/20/2023,716916,20,100,2023
20,665048,"Harris, Hobie",8/1/2023,717183,20,100,2023
20,657240,"Merryweather, Julian",7/19/2023,717336,20,100,2023
20,641941,"Pagán, Emilio",6/6/2023,717882,20,100,2023
20,573124,"Rogers, Taylor",8/11/2023,717031,20,100,2023
20,669387,"Mlodzinski, Carmen",7/2/2023,717531,20,100,2023
20,663558,"Moran, Jovani",6/11/2023,717805,20,100,2023
20,664294,"Moreta, Dauri",6/3/2023,717907,20,100,2023
20,543351,"Jackson, Jay",7/29/2023,717222,20,100,2023
20,656457,"Gilbert, Tyler",8/2/2023,717164,20,100,2023
20,642397,"Soto, Gregory",7/5/2023,717491,20,100,2023
20,677020,"Walker, Josh",8/3/2023,717148,20,100,2023
20,608718,"Suter, Brent",8/22/2023,716898,20,100,2023
20,640462,"Puk, A.J.",8/3/2023,717147,20,100,2023
20,641871,"Middleton, Keynan",7/7/2023,717455,20,100,2023
20,542947,"Bleier, Richard",8/2/2023,717161,20,100,2023
20,656730,"Megill, Trevor",7/18/2023,717363,20,100,2023
20,657044,"Thompson, Ryan",6/14/2023,717761,20,100,2023
20,670950,"Richards, Trevor",6/23/2023,717646,20,100,2023
20,669395,"Coleman, Dylan",8/16/2023,716963,20,100,2023
20,669467,"Pallante, Andre",8/17/2023,716958,20,100,2023
20,668338,"Miller, Tyson",8/29/2023,716792,20,100,2023
20,669212,"Morgan, Eli",6/6/2023,717873,20,100,2023
20,608032,"Estévez, Carlos",8/25/2023,716855,20,100,2023
20,622250,"Sborz, Josh",8/27/2023,716824,20,100,2023
20,621366,"Borucki, Ryan",8/26/2023,716842,20,100,2023
20,660853,"De Los Santos, Enyel",7/26/2023,717249,20,100,2023
20,596057,"Norris, Daniel",8/16/2023,716973,20,100,2023
20,650633,"King, Michael",6/25/2023,717622,20,100,2023
20,661395,"Duran, Jhoan",8/30/2023,716784,20,100,2023
20,622250,"Sborz, Josh",7/2/2023,717520,20,100,2023
20,660813,"Graterol, Brusdar",7/24/2023,717271,20,100,2023
20,666818,"Frías, Luis",8/16/2023,716977,20,100,2023
20,594580,"Moll, Sam",8/26/2023,716833,20,100,2023
20,608678,"Leone, Dominic",6/25/2023,717624,20,100,2023
20,453268,"Bard, Daniel",6/10/2023,717819,20,100,2023
20,621051,"Wilson, Steven",8/27/2023,716822,20,100,2023
20,641835,"Mayza, Tim",7/6/2023,717480,20,100,2023
20,606965,"Devenski, Chris",7/8/2023,717437,20,100,2023
20,543272,"Hand, Brad",6/1/2023,717933,20,100,2023
20,621363,"Poche, Colin",8/13/2023,717010,20,100,2023
20,608665,"Graveman, Kendall",7/26/2023,717240,20,100,2023
20,641835,"Mayza, Tim",8/22/2023,716902,20,100,2023
20,571948,"Milner, Hoby",7/5/2023,717483,20,100,2023
20,608032,"Estévez, Carlos",6/15/2023,717751,20,100,2023
20,595345,"Okert, Steven",6/24/2023,717630,20,100,2023
20,571479,"Bellatti, Andrew",7/21/2023,717315,20,100,2023
20,493603,"Ottavino, Adam",7/7/2023,717454,20,100,2023
20,643493,"Pruitt, Austin",7/28/2023,717227,20,100,2023
20,666168,"Thompson, Mason",6/9/2023,717829,20,100,2023
20,606160,"Montero, Rafael",8/4/2023,717138,20,100,2023
20,641627,"Gott, Trevor",6/30/2023,717548,20,100,2023
20,656061,"Abreu, Albert",6/14/2023,717766,20,100,2023
20,666808,"Doval, Camilo",6/27/2023,717604,20,100,2023
20,650893,"Cabrera, Génesis",8/3/2023,717150,20,100,2023
20,670990,"Ramírez, Yohan",6/14/2023,717763,20,100,2023
20,543056,"Coulombe, Danny",7/31/2023,717186,20,100,2023
20,680704,"Sandlin, Nick",8/2/2023,717163,20,100,2023
20,663804,"Kowar, Jackson",6/13/2023,717777,20,100,2023
20,656257,"Brigham, Jeff",6/14/2023,717766,20,100,2023
20,682842,"Uribe, Abner",8/16/2023,716962,20,100,2023
20,472610,"García, Luis",7/28/2023,717224,20,100,2023
20,661403,"Clase, Emmanuel",8/12/2023,717024,20,100,2023
20,608638,"Chargois, JT",7/29/2023,717218,20,100,2023
20,518617,"Diekman, Jake",8/24/2023,716869,20,100,2023
20,628452,"Iglesias, Raisel",7/30/2023,717206,20,100,2023
20,669395,"Coleman, Dylan",7/18/2023,717356,20,100,2023
20,640455,"Manaea, Sean",6/24/2023,717639,20,100,2023
20,606930,"Barnes, Jacob",8/27/2023,716835,20,100,2023
20,681911,"Vesia, Alex",6/21/2023,717662,20,100,2023
20,607481,"Bummer, Aaron",7/8/2023,717445,20,100,2023
20,668970,"Hollowell, Gavin",7/16/2023,717378,20,100,2023
20,607259,"Martinez, Nick",7/24/2023,717276,20,100,2023
20,640451,"Harvey, Hunter",6/27/2023,717590,20,100,2023
20,665625,"Peguero, Elvis",7/31/2023,717192,20,100,2023
20,595345,"Okert, Steven",8/15/2023,716991,20,100,2023
20,606149,"Gallegos, Giovanny",6/2/2023,717930,20,100,2023
20,543063,"Crawford, Brandon",6/11/2023,717796,20,100,2023
20,518617,"Diekman, Jake",6/15/2023,717756,20,100,2023
20,623437,"Topa, Justin",6/10/2023,717809,20,100,2023
20,607179,"Weems, Jordan",7/23/2023,717290,20,100,2023
20,543518,"McGough, Scott",7/26/2023,717244,20,100,2023
20,663855,"Hicks, Jordan",8/7/2023,717087,20,100,2023
20,519151,"Pressly, Ryan",6/15/2023,717746,20,100,2023
20,680704,"Sandlin, Nick",7/26/2023,717249,20,100,2023
20,669796,"Hernandez, Jose E.",8/7/2023,717095,20,100,2023
20,660906,"Pérez, Francisco",8/14/2023,716995,20,100,2023
20,656382,"Doyle, Tommy",8/22/2023,716898,20,100,2023
20,623437,"Topa, Justin",7/22/2023,717301,20,100,2023
20,663855,"Hicks, Jordan",6/4/2023,717898,20,100,2023
20,681857,"Olson, Reese",7/9/2023,717431,20,100,2023
20,656271,"Burke, Brock",7/2/2023,717520,20,100,2023
20,666808,"Doval, Camilo",7/30/2023,717197,20,100,2023
20,612434,"Castro, Miguel",8/8/2023,717073,20,100,2023
20,519293,"Smith, Will",6/12/2023,717792,20,100,2023
20,656638,"Lange, Alex",8/25/2023,716858,20,100,2023
20,493603,"Ottavino, Adam",6/21/2023,717670,20,100,2023
20,656271,"Burke, Brock",8/22/2023,716889,20,100,2023
20,623211,"Brazobán, Huascar",7/3/2023,717515,20,100,2023
20,689225,"Brieske, Beau",7/23/2023,717288,20,100,2023
20,594580,"Moll, Sam",6/14/2023,717761,20,100,2023
20,600917,"Leclerc, José",7/18/2023,717354,20,100,2023
20,641360,"Bickford, Phil",7/5/2023,717479,20,100,2023
20,671345,"Foley, Jason",8/7/2023,717091,20,100,2023
20,606160,"Montero, Rafael",6/6/2023,717871,20,100,2023
20,661395,"Duran, Jhoan",7/19/2023,717335,20,100,2023
20,613534,"Adams, Austin",7/6/2023,717470,20,100,2023
20,623465,"Phillips, Evan",6/4/2023,717888,20,100,2023
20,666808,"Doval, Camilo",6/19/2023,717697,20,100,2023
20,623352,"Hader, Josh",8/16/2023,716965,20,100,2023
20,547184,"Kelly, Michael",8/5/2023,717115,20,100,2023
20,608032,"Estévez, Carlos",6/18/2023,717712,20,100,2023
20,657265,"Strzelecki, Peter",6/23/2023,717648,20,100,2023
20,669212,"Morgan, Eli",8/18/2023,716956,20,100,2023
20,670950,"Richards, Trevor",7/19/2023,717338,20,100,2023
20,663992,"Lovelady, Richard",6/10/2023,717814,20,100,2023
20,675540,"Curry, Xzavion",7/15/2023,717402,20,100,2023
20,605130,"Barlow, Scott",8/8/2023,717072,20,100,2023
20,677020,"Walker, Josh",8/12/2023,718371,20,100,2023
20,670059,"Holderman, Colin",8/8/2023,717079,20,100,2023
20,657612,"Hill, Tim",6/25/2023,717610,20,100,2023
20,670280,"Bednar, David",6/23/2023,717653,20,100,2023
20,571882,"Law, Derek",7/23/2023,717289,20,100,2023
20,600917,"Leclerc, José",7/14/2023,717415,20,100,2023
20,696147,"Bachman, Sam",6/23/2023,717644,20,100,2023
20,605130,"Barlow, Scott",8/2/2023,717158,20,100,2023
20,669060,"Wilson, Bryse",6/8/2023,717849,20,100,2023
20,650960,"Duarte, Daniel",6/23/2023,717650,20,100,2023
20,594580,"Moll, Sam",8/1/2023,717173,20,100,2023
20,572403,"VerHagen, Drew",6/24/2023,717637,20,100,2023
20,605130,"Barlow, Scott",6/29/2023,717573,20,100,2023
20,543507,"May, Trevor",8/5/2023,717117,20,100,2023
20,660813,"Graterol, Brusdar",6/16/2023,717731,20,100,2023
20,663878,"Pearson, Nate",6/27/2023,717604,20,100,2023
20,664139,"Gibaut, Ian",6/13/2023,717777,20,100,2023
20,666374,"Brash, Matt",8/13/2023,717005,20,100,2023
20,607179,"Weems, Jordan",7/29/2023,717215,20,100,2023
20,668674,"Erceg, Lucas",6/27/2023,717595,20,100,2023
20,607179,"Weems, Jordan",8/2/2023,717162,20,100,2023
20,656849,"Peterson, David",7/30/2023,717203,20,100,2023
20,665734,"Felipe, Angel",7/30/2023,717199,20,100,2023
20,571882,"Law, Derek",7/5/2023,717493,20,100,2023
20,677053,"Nardi, Andrew",8/6/2023,717102,20,100,2023
20,472551,"Abad, Fernando",7/8/2023,717451,20,100,2023
20,543056,"Coulombe, Danny",7/8/2023,717446,20,100,2023
20,571882,"Law, Derek",7/7/2023,717459,20,100,2023
20,607237,"Garrett, Amir",7/6/2023,717469,20,100,2023
20,664129,"Hartlieb, Geoff",8/6/2023,717102,20,100,2023
20,622072,"Wood, Alex",8/16/2023,716975,20,100,2023
20,640448,"Finnegan, Kyle",8/6/2023,717104,20,100,2023
20,630023,"Chirinos, Yonny",7/8/2023,717441,20,100,2023
20,621368,"Hearn, Taylor",8/12/2023,717019,20,100,2023
20,608032,"Estévez, Carlos",7/23/2023,717278,20,100,2023
20,641729,"Jiménez, Joe",7/18/2023,717358,20,100,2023
20,605218,"Edwards Jr., Carl",6/2/2023,717935,20,100,2023
20,645801,"Ford, Mike",6/30/2023,717548,20,100,2023
20,641703,"Honeywell, Brent",6/21/2023,717674,20,100,2023
20,572193,"Tepera, Ryan",7/19/2023,717351,20,100,2023
20,669270,"Kuhnel, Joel",6/9/2023,717832,20,100,2023
20,669674,"Long, Sam",7/14/2023,717409,20,100,2023
20,676684,"Vest, Will",6/9/2023,717834,20,100,2023
20,641656,"Hamilton, Ian",7/5/2023,717487,20,100,2023
20,592229,"Covey, Dylan",7/1/2023,717543,20,100,2023
20,543518,"McGough, Scott",8/29/2023,716792,20,100,2023
20,669674,"Long, Sam",8/6/2023,717100,20,100,2023
20,681911,"Vesia, Alex",6/11/2023,717806,20,100,2023
20,677865,"Bruihl, Justin",8/11/2023,717032,20,100,2023
20,573009,"Mantiply, Joe",8/5/2023,717118,20,100,2023
20,607179,"Weems, Jordan",6/10/2023,717816,20,100,2023
20,622780,"Perdomo, Angel",6/18/2023,717710,20,100,2023
20,677053,"Nardi, Andrew",7/2/2023,717532,20,100,2023
20,624647,"González, Victor",8/23/2023,716875,20,100,2023
20,663423,"Thornton, Trent",8/26/2023,716832,20,100,2023
20,669212,"Morgan, Eli",7/21/2023,717315,20,100,2023
20,670990,"Ramírez, Yohan",7/18/2023,717364,20,100,2023
20,607359,"Patton, Spencer",8/22/2023,716888,20,100,2023
20,518585,"Cruz, Fernando",6/14/2023,717764,20,100,2023
20,622503,"Crismatt, Nabil",6/16/2023,717732,20,100,2023
20,623437,"Topa, Justin",6/13/2023,717773,20,100,2023
20,657240,"Merryweather, Julian",7/15/2023,717403,20,100,2023
20,592229,"Covey, Dylan",8/13/2023,717009,20,100,2023
20,598286,"Ramirez, Nick",8/9/2023,717054,20,100,2023
20,542888,"Armstrong, Shawn",8/6/2023,717103,20,100,2023
20,608717,"Stratton, Chris",7/25/2023,717259,20,100,2023
20,676395,"Garcia, Robert",8/11/2023,717043,20,100,2023
20,668674,"Erceg, Lucas",7/4/2023,717494,20,100,2023
20,453268,"Bard, Daniel",7/21/2023,717319,20,100,2023
20,672578,"Hernández, Carlos",7/17/2023,717368,20,100,2023
20,663986,"Stephan, Trevor",7/21/2023,717315,20,100,2023
20,656529,"Hentges, Sam",6/25/2023,717613,20,100,2023
20,622075,"Almonte, Yency",6/6/2023,717870,20,100,2023
20,665625,"Peguero, Elvis",7/2/2023,717531,20,100,2023
20,642397,"Soto, Gregory",7/16/2023,717387,20,100,2023
20,664126,"Fairbanks, Pete",8/8/2023,717085,20,100,2023
20,543766,"Shaw, Bryan",8/5/2023,717115,20,100,2023
20,668941,"Romero, JoJo",7/30/2023,717195,20,100,2023
20,592229,"Covey, Dylan",7/20/2023,717329,20,100,2023
20,670280,"Bednar, David",6/29/2023,717571,20,100,2023
20,678606,"Ferrer, Jose A.",8/26/2023,716844,20,100,2023
20,661440,"Llovera, Mauricio",7/18/2023,717360,20,100,2023
20,592426,"Jackson, Luke",8/30/2023,716789,20,100,2023
20,664747,"Díaz, Alexis",6/27/2023,717601,20,100,2023
20,660813,"Graterol, Brusdar",8/23/2023,716875,20,100,2023
20,665734,"Felipe, Angel",8/14/2023,716995,20,100,2023
20,665625,"Peguero, Elvis",8/23/2023,716882,20,100,2023
20,670174,"Winckowski, Josh",8/15/2023,716993,20,100,2023
20,643493,"Pruitt, Austin",6/28/2023,717579,20,100,2023
20,666374,"Brash, Matt",8/14/2023,716994,20,100,2023
20,572403,"VerHagen, Drew",7/22/2023,717308,20,100,2023
19,608678,"Leone, Dominic",6/27/2023,717597,19,100,2023
19,675916,"Karinchak, James",8/30/2023,716784,19,100,2023
19,543507,"May, Trevor",7/28/2023,717227,19,100,2023
19,682842,"Uribe, Abner",7/20/2023,717329,19,100,2023
19,661403,"Clase, Emmanuel",7/27/2023,717233,19,100,2023
19,571670,"Floro, Dylan",6/28/2023,717583,19,100,2023
19,573124,"Rogers, Taylor",8/3/2023,717151,19,100,2023
19,656271,"Burke, Brock",6/4/2023,717894,19,100,2023
19,593576,"Neris, Héctor",8/4/2023,717138,19,100,2023
19,622098,"Smith, Drew",8/20/2023,716921,19,100,2023
19,656945,"Scott, Tanner",6/2/2023,717927,19,100,2023
19,657240,"Merryweather, Julian",8/12/2023,717026,19,100,2023
19,543056,"Coulombe, Danny",7/24/2023,717280,19,100,2023
19,519043,"Moore, Matt",8/18/2023,716945,19,100,2023
19,612434,"Castro, Miguel",6/4/2023,717892,19,100,2023
19,656464,"Ginkel, Kevin",7/29/2023,717210,19,100,2023
19,680739,"Winder, Josh",6/26/2023,717609,19,100,2023
19,661395,"Duran, Jhoan",8/4/2023,717128,19,100,2023
19,594580,"Moll, Sam",7/28/2023,717227,19,100,2023
19,593576,"Neris, Héctor",7/28/2023,717229,19,100,2023
19,678226,"Hernández, Daysbel",7/29/2023,717211,19,100,2023
19,666974,"Cano, Yennier",8/22/2023,716902,19,100,2023
19,660261,"Fujinami, Shintaro",8/29/2023,716800,19,100,2023
19,543859,"Tonkin, Michael",8/5/2023,717121,19,100,2023
19,670950,"Richards, Trevor",7/9/2023,717431,19,100,2023
19,664294,"Moreta, Dauri",6/18/2023,717710,19,100,2023
19,641703,"Honeywell, Brent",6/30/2023,717557,19,100,2023
19,606965,"Devenski, Chris",6/6/2023,717861,19,100,2023
19,671345,"Foley, Jason",7/14/2023,717406,19,100,2023
19,670174,"Winckowski, Josh",7/30/2023,717197,19,100,2023
19,623352,"Hader, Josh",8/8/2023,717072,19,100,2023
19,669387,"Mlodzinski, Carmen",6/22/2023,717654,19,100,2023
19,672578,"Hernández, Carlos",7/30/2023,717198,19,100,2023
19,664294,"Moreta, Dauri",8/2/2023,717166,19,100,2023
19,665625,"Peguero, Elvis",6/25/2023,717613,19,100,2023
19,650556,"Abreu, Bryan",7/5/2023,717489,19,100,2023
19,661395,"Duran, Jhoan",6/23/2023,717647,19,100,2023
19,642100,"Speier, Gabe",6/24/2023,717628,19,100,2023
19,608678,"Leone, Dominic",6/13/2023,717779,19,100,2023
19,656546,"Hoffman, Jeff",8/18/2023,716960,19,100,2023
19,681911,"Vesia, Alex",7/26/2023,717253,19,100,2023
19,605280,"Holmes, Clay",8/20/2023,716928,19,100,2023
19,663558,"Moran, Jovani",6/3/2023,717913,19,100,2023
19,518585,"Cruz, Fernando",8/23/2023,716903,19,100,2023
19,665734,"Felipe, Angel",8/6/2023,717100,19,100,2023
19,663947,"Holton, Tyler",8/18/2023,716956,19,100,2023
19,621381,"Strahm, Matt",7/16/2023,717387,19,100,2023
19,622554,"Domínguez, Seranthony",6/11/2023,717806,19,100,2023
19,592426,"Jackson, Luke",6/4/2023,717890,19,100,2023
19,571927,"Matz, Steven",6/6/2023,717868,19,100,2023
19,664126,"Fairbanks, Pete",7/28/2023,717229,19,100,2023
19,676760,"Marinaccio, Ron",7/17/2023,717369,19,100,2023
19,642100,"Speier, Gabe",6/30/2023,717548,19,100,2023
19,623437,"Topa, Justin",8/30/2023,716788,19,100,2023
19,571656,"Farmer, Buck",7/8/2023,717444,19,100,2023
19,518397,"Alexander, Scott",7/18/2023,717360,19,100,2023
19,666374,"Brash, Matt",6/7/2023,717863,19,100,2023
19,621363,"Poche, Colin",7/17/2023,717367,19,100,2023
19,613534,"Adams, Austin",7/4/2023,717498,19,100,2023
19,623149,"Sewald, Paul",6/17/2023,717722,19,100,2023
19,669169,"Heasley, Jonathan",8/11/2023,717039,19,100,2023
19,519293,"Smith, Will",7/15/2023,717402,19,100,2023
19,657024,"Swanson, Erik",7/23/2023,717281,19,100,2023
19,660813,"Graterol, Brusdar",6/27/2023,717594,19,100,2023
19,518585,"Cruz, Fernando",7/16/2023,717383,19,100,2023
19,572955,"Johnson, Pierce",6/21/2023,717669,19,100,2023
19,650893,"Cabrera, Génesis",7/4/2023,717502,19,100,2023
19,624647,"González, Victor",6/16/2023,717731,19,100,2023
19,656353,"Davidson, Tucker",8/26/2023,716832,19,100,2023
19,542888,"Armstrong, Shawn",7/22/2023,717300,19,100,2023
19,592454,"Kahnle, Tommy",8/15/2023,716987,19,100,2023
19,502085,"Robertson, David",8/22/2023,716887,19,100,2023
19,519293,"Smith, Will",7/3/2023,717514,19,100,2023
19,676265,"Abbott, Cory",7/30/2023,717203,19,100,2023
19,605447,"Romano, Jordan",6/29/2023,717564,19,100,2023
19,650893,"Cabrera, Génesis",8/27/2023,716825,19,100,2023
19,573124,"Rogers, Taylor",8/20/2023,716927,19,100,2023
19,640448,"Finnegan, Kyle",8/16/2023,716982,19,100,2023
19,642048,"Saucedo, Tayler",6/30/2023,717548,19,100,2023
19,670174,"Winckowski, Josh",8/17/2023,716966,19,100,2023
19,664875,"Lawrence, Justin",8/27/2023,716836,19,100,2023
19,519293,"Smith, Will",6/5/2023,717879,19,100,2023
19,656234,"Bird, Jake",8/7/2023,717086,19,100,2023
19,571948,"Milner, Hoby",7/28/2023,717231,19,100,2023
19,456713,"Bush, Matt",6/24/2023,717625,19,100,2023
19,664126,"Fairbanks, Pete",8/24/2023,716869,19,100,2023
19,680704,"Sandlin, Nick",6/14/2023,717758,19,100,2023
19,686839,"White, Brendan",6/25/2023,717621,19,100,2023
19,663462,"Campbell, Isaiah",7/23/2023,717281,19,100,2023
19,664747,"Díaz, Alexis",7/8/2023,717444,19,100,2023
19,669459,"Nelson, Kyle",6/1/2023,717933,19,100,2023
19,608665,"Graveman, Kendall",8/28/2023,716814,19,100,2023
19,518886,"Kimbrel, Craig",7/15/2023,717408,19,100,2023
19,608371,"Sims, Lucas",6/30/2023,717557,19,100,2023
19,675627,"Grove, Michael",6/23/2023,717643,19,100,2023
19,622098,"Smith, Drew",8/21/2023,716910,19,100,2023
19,623352,"Hader, Josh",7/3/2023,717505,19,100,2023
19,666374,"Brash, Matt",6/14/2023,717759,19,100,2023
19,608678,"Leone, Dominic",8/22/2023,716892,19,100,2023
19,605177,"Chafin, Andrew",8/18/2023,716950,19,100,2023
19,607259,"Martinez, Nick",8/22/2023,716887,19,100,2023
19,642528,"Loáisiga, Jonathan",8/19/2023,716943,19,100,2023
19,571863,"Koch, Matt",7/28/2023,717227,19,100,2023
19,661383,"Ortega, Oliver",7/15/2023,717399,19,100,2023
19,605177,"Chafin, Andrew",6/7/2023,717866,19,100,2023
19,676534,"Faucher, Calvin",6/5/2023,717928,19,100,2023
19,606303,"Payamps, Joel",6/10/2023,717814,19,100,2023
19,669467,"Pallante, Andre",6/5/2023,717879,19,100,2023
19,668674,"Erceg, Lucas",6/21/2023,717663,19,100,2023
19,605347,"López, Jorge",8/11/2023,717047,19,100,2023
19,661440,"Llovera, Mauricio",7/20/2023,717334,19,100,2023
19,613534,"Adams, Austin",6/10/2023,717821,19,100,2023
19,689225,"Brieske, Beau",8/26/2023,716843,19,100,2023
19,667755,"Soriano, José",7/2/2023,717522,19,100,2023
19,669467,"Pallante, Andre",8/28/2023,716809,19,100,2023
19,622065,"Young, Alex",6/12/2023,717793,19,100,2023
19,623167,"Flexen, Chris",6/13/2023,717773,19,100,2023
19,621016,"Cuas, Jose",7/29/2023,717207,19,100,2023
19,622554,"Domínguez, Seranthony",6/6/2023,717875,19,100,2023
19,642207,"Williams, Devin",8/23/2023,716882,19,100,2023
19,621237,"Alvarado, José",8/25/2023,716861,19,100,2023
19,643511,"Rogers, Tyler",6/12/2023,717791,19,100,2023
19,608032,"Estévez, Carlos",8/23/2023,716903,19,100,2023
19,605288,"Houser, Adrian",6/23/2023,717648,19,100,2023
19,669145,"Zimmermann, Bruce",7/4/2023,717508,19,100,2023
19,519151,"Pressly, Ryan",6/9/2023,717833,19,100,2023
19,661527,"Martinez, Seth",6/28/2023,717582,19,100,2023
19,666808,"Doval, Camilo",8/22/2023,716899,19,100,2023
19,669212,"Morgan, Eli",6/9/2023,717833,19,100,2023
19,640462,"Puk, A.J.",6/22/2023,717654,19,100,2023
19,681882,"Selby, Colin",8/13/2023,717027,19,100,2023
19,621294,"Heller, Ben",6/18/2023,717716,19,100,2023
19,621294,"Heller, Ben",7/28/2023,717231,19,100,2023
19,641627,"Gott, Trevor",8/9/2023,717062,19,100,2023
19,606160,"Montero, Rafael",8/11/2023,717037,19,100,2023
19,608665,"Graveman, Kendall",8/11/2023,717037,19,100,2023
19,606303,"Payamps, Joel",8/17/2023,716961,19,100,2023
19,608717,"Stratton, Chris",7/5/2023,717488,19,100,2023
19,606965,"Devenski, Chris",6/20/2023,717678,19,100,2023
19,669674,"Long, Sam",6/21/2023,717663,19,100,2023
19,680735,"Cox, Austin",6/10/2023,717818,19,100,2023
19,694037,"Palencia, Daniel",8/13/2023,717012,19,100,2023
19,677020,"Walker, Josh",6/11/2023,717803,19,100,2023
19,542585,"Cisnero, José",6/6/2023,717875,19,100,2023
19,622250,"Sborz, Josh",6/17/2023,717723,19,100,2023
19,623433,"Anderson, Nick",7/7/2023,717460,19,100,2023
19,663947,"Holton, Tyler",6/25/2023,717621,19,100,2023
19,605130,"Barlow, Scott",7/1/2023,717537,19,100,2023
19,670059,"Holderman, Colin",8/3/2023,717143,19,100,2023
19,605463,"Scott, Tayler",7/21/2023,717310,19,100,2023
19,571882,"Law, Derek",8/19/2023,716935,19,100,2023
19,612434,"Castro, Miguel",8/1/2023,717180,19,100,2023
19,592773,"Stanek, Ryne",6/24/2023,717626,19,100,2023
19,621383,"Banks, Tanner",8/29/2023,716800,19,100,2023
19,623465,"Phillips, Evan",8/27/2023,716831,19,100,2023
19,669084,"Hall, DL",8/30/2023,716786,19,100,2023
19,594580,"Moll, Sam",6/30/2023,717551,19,100,2023
19,671345,"Foley, Jason",8/5/2023,717122,19,100,2023
19,493603,"Ottavino, Adam",7/23/2023,717298,19,100,2023
19,669212,"Morgan, Eli",6/7/2023,717858,19,100,2023
19,593576,"Neris, Héctor",7/18/2023,717355,19,100,2023
19,621294,"Heller, Ben",7/23/2023,717287,19,100,2023
19,621363,"Poche, Colin",8/9/2023,717064,19,100,2023
19,596001,"Junis, Jakob",7/18/2023,717360,19,100,2023
19,664126,"Fairbanks, Pete",7/21/2023,717320,19,100,2023
19,664126,"Fairbanks, Pete",8/18/2023,716945,19,100,2023
19,656638,"Lange, Alex",6/11/2023,717804,19,100,2023
19,643511,"Rogers, Tyler",8/27/2023,716819,19,100,2023
19,571656,"Farmer, Buck",6/23/2023,717650,19,100,2023
19,676680,"Cosgrove, Tom",8/9/2023,717055,19,100,2023
19,641941,"Pagán, Emilio",7/25/2023,717264,19,100,2023
19,623352,"Hader, Josh",6/17/2023,717717,19,100,2023
19,519151,"Pressly, Ryan",6/10/2023,717815,19,100,2023
19,643511,"Rogers, Tyler",6/30/2023,717556,19,100,2023
19,665625,"Peguero, Elvis",7/8/2023,717444,19,100,2023
19,519293,"Smith, Will",7/16/2023,717377,19,100,2023
19,621381,"Strahm, Matt",7/6/2023,717472,19,100,2023
19,606149,"Gallegos, Giovanny",7/14/2023,717407,19,100,2023
19,571670,"Floro, Dylan",6/20/2023,717690,19,100,2023
19,623149,"Sewald, Paul",7/28/2023,717223,19,100,2023
19,621051,"Wilson, Steven",8/1/2023,717169,19,100,2023
19,640451,"Harvey, Hunter",8/22/2023,716900,19,100,2023
19,640448,"Finnegan, Kyle",6/15/2023,717746,19,100,2023
19,598286,"Ramirez, Nick",8/1/2023,717175,19,100,2023
19,656546,"Hoffman, Jeff",7/16/2023,717387,19,100,2023
19,606160,"Montero, Rafael",8/3/2023,717142,19,100,2023
19,621074,"Rucker, Michael",7/20/2023,717322,19,100,2023
19,571670,"Floro, Dylan",8/4/2023,717128,19,100,2023
19,554340,"García, Yimi",7/9/2023,717431,19,100,2023
19,595345,"Okert, Steven",7/1/2023,717536,19,100,2023
19,592094,"Adam, Jason",6/15/2023,717756,19,100,2023
19,608665,"Graveman, Kendall",8/18/2023,716948,19,100,2023
19,518886,"Kimbrel, Craig",8/8/2023,717096,19,100,2023
19,641941,"Pagán, Emilio",6/30/2023,717561,19,100,2023
19,640462,"Puk, A.J.",6/14/2023,717759,19,100,2023
19,677053,"Nardi, Andrew",8/2/2023,717159,19,100,2023
19,666619,"Santos, Gregory",6/17/2023,717722,19,100,2023
19,621057,"Garza, Justin",6/1/2023,717932,19,100,2023
19,670174,"Winckowski, Josh",8/1/2023,717167,19,100,2023
19,625643,"López, Reynaldo",7/29/2023,717222,19,100,2023
19,650556,"Abreu, Bryan",7/31/2023,717184,19,100,2023
19,542888,"Armstrong, Shawn",8/30/2023,716778,19,100,2023
19,663947,"Holton, Tyler",6/4/2023,717891,19,100,2023
19,650556,"Abreu, Bryan",7/24/2023,717274,19,100,2023
19,605242,"Fulmer, Michael",7/6/2023,717474,19,100,2023
19,642585,"Bautista, Félix",7/5/2023,717487,19,100,2023
19,625643,"López, Reynaldo",6/8/2023,717848,19,100,2023
19,666974,"Cano, Yennier",6/20/2023,717687,19,100,2023
19,519151,"Pressly, Ryan",6/3/2023,717908,19,100,2023
19,669212,"Morgan, Eli",7/6/2023,717469,19,100,2023
19,572955,"Johnson, Pierce",7/18/2023,717355,19,100,2023
19,660813,"Graterol, Brusdar",8/1/2023,717171,19,100,2023
19,643377,"Jax, Griffin",7/24/2023,717275,19,100,2023
19,594580,"Moll, Sam",6/27/2023,717595,19,100,2023
19,650633,"King, Michael",7/23/2023,717294,19,100,2023
19,641401,"Brogdon, Connor",6/2/2023,717935,19,100,2023
19,650496,"Mejía, J.C.",7/23/2023,717287,19,100,2023
19,677053,"Nardi, Andrew",6/5/2023,717887,19,100,2023
19,656271,"Burke, Brock",8/5/2023,717124,19,100,2023
19,657508,"Baumann, Mike",8/22/2023,716902,19,100,2023
19,607259,"Martinez, Nick",6/9/2023,717830,19,100,2023
19,493603,"Ottavino, Adam",7/4/2023,717498,19,100,2023
19,518585,"Cruz, Fernando",7/4/2023,717507,19,100,2023
19,445276,"Jansen, Kenley",8/9/2023,717059,19,100,2023
19,657024,"Swanson, Erik",7/4/2023,717496,19,100,2023
19,672335,"Pérez, Cionel",8/10/2023,717053,19,100,2023
19,666208,"Speas, Alex",7/19/2023,717346,19,100,2023
19,666374,"Brash, Matt",6/4/2023,717894,19,100,2023
19,571670,"Floro, Dylan",8/27/2023,716824,19,100,2023
19,453268,"Bard, Daniel",7/1/2023,717544,19,100,2023
19,605280,"Holmes, Clay",8/24/2023,716872,19,100,2023
19,671345,"Foley, Jason",8/8/2023,717076,19,100,2023
19,445276,"Jansen, Kenley",7/19/2023,717344,19,100,2023
19,605177,"Chafin, Andrew",7/29/2023,717210,19,100,2023
19,547184,"Kelly, Michael",7/17/2023,717371,19,100,2023
19,608371,"Sims, Lucas",7/31/2023,717188,19,100,2023
19,662253,"Muñoz, Andrés",7/17/2023,717365,19,100,2023
19,672578,"Hernández, Carlos",6/16/2023,717736,19,100,2023
19,593576,"Neris, Héctor",7/25/2023,717255,19,100,2023
19,641302,"Alexander, Tyler",6/23/2023,717647,19,100,2023
19,641627,"Gott, Trevor",8/17/2023,716958,19,100,2023
19,543272,"Hand, Brad",8/19/2023,716934,19,100,2023
19,571948,"Milner, Hoby",7/4/2023,717503,19,100,2023
19,608718,"Suter, Brent",8/29/2023,716791,19,100,2023
19,642207,"Williams, Devin",7/3/2023,717511,19,100,2023
19,571863,"Koch, Matt",7/15/2023,717394,19,100,2023
19,657514,"Bernardino, Brennan",7/2/2023,717530,19,100,2023
19,669713,"Wesneski, Hayden",7/2/2023,717521,19,100,2023
19,681982,"Anderson, Grant",7/2/2023,717520,19,100,2023
19,666974,"Cano, Yennier",6/2/2023,717920,19,100,2023
19,641871,"Middleton, Keynan",7/18/2023,717359,19,100,2023
19,660825,"Bazardo, Eduard",7/9/2023,717428,19,100,2023
19,669947,"Scholtens, Jesse",7/19/2023,717341,19,100,2023
19,669212,"Morgan, Eli",7/14/2023,717415,19,100,2023
19,623352,"Hader, Josh",7/8/2023,717436,19,100,2023
19,657612,"Hill, Tim",6/19/2023,717697,19,100,2023
19,669387,"Mlodzinski, Carmen",7/22/2023,717297,19,100,2023
19,592426,"Jackson, Luke",6/13/2023,717781,19,100,2023
19,621345,"Minter, A.J.",8/5/2023,717121,19,100,2023
19,666974,"Cano, Yennier",8/5/2023,717114,19,100,2023
19,623352,"Hader, Josh",6/7/2023,717863,19,100,2023
19,642100,"Speier, Gabe",8/16/2023,716963,19,100,2023
19,642585,"Bautista, Félix",6/20/2023,717687,19,100,2023
19,670059,"Holderman, Colin",8/22/2023,716901,19,100,2023
19,657508,"Baumann, Mike",7/30/2023,717200,19,100,2023
19,669395,"Coleman, Dylan",8/18/2023,716955,19,100,2023
19,608717,"Stratton, Chris",7/7/2023,717455,19,100,2023
19,661403,"Clase, Emmanuel",6/4/2023,717895,19,100,2023
19,623465,"Phillips, Evan",7/15/2023,717400,19,100,2023
19,622072,"Wood, Alex",8/20/2023,716927,19,100,2023
19,642048,"Saucedo, Tayler",8/20/2023,716920,19,100,2023
19,518886,"Kimbrel, Craig",8/27/2023,716835,19,100,2023
19,571901,"Loup, Aaron",8/30/2023,716787,19,100,2023
19,668941,"Romero, JoJo",8/9/2023,717064,19,100,2023
19,640462,"Puk, A.J.",8/30/2023,716778,19,100,2023
19,592473,"Kolarek, Adam",6/11/2023,717806,19,100,2023
19,607755,"Vasquez, Andrew",6/5/2023,717886,19,100,2023
19,666277,"Soriano, George",7/6/2023,717473,19,100,2023
19,664747,"Díaz, Alexis",7/22/2023,717303,19,100,2023
19,640470,"Alzolay, Adbert",8/23/2023,716885,19,100,2023
19,656382,"Doyle, Tommy",8/24/2023,716869,19,100,2023
19,640470,"Alzolay, Adbert",7/18/2023,717353,19,100,2023
19,542888,"Armstrong, Shawn",8/4/2023,717135,19,100,2023
19,661403,"Clase, Emmanuel",8/15/2023,716992,19,100,2023
19,682842,"Uribe, Abner",8/25/2023,716857,19,100,2023
19,623211,"Brazobán, Huascar",6/24/2023,717630,19,100,2023
18,672578,"Hernández, Carlos",8/1/2023,717170,18,100,2023
18,657514,"Bernardino, Brennan",6/28/2023,717583,18,100,2023
18,519293,"Smith, Will",6/10/2023,717813,18,100,2023
18,621016,"Cuas, Jose",7/3/2023,717510,18,100,2023
18,663986,"Stephan, Trevor",8/19/2023,716939,18,100,2023
18,664199,"Clarke, Taylor",6/2/2023,717923,18,100,2023
18,663941,"Beck, Tristan",7/30/2023,717197,18,100,2023
18,668674,"Erceg, Lucas",8/3/2023,717137,18,100,2023
18,453268,"Bard, Daniel",7/16/2023,717378,18,100,2023
18,643410,"Leiter Jr., Mark",8/3/2023,717146,18,100,2023
18,661403,"Clase, Emmanuel",8/4/2023,717132,18,100,2023
18,541640,"Ramírez, Erasmo",8/15/2023,716989,18,100,2023
18,502085,"Robertson, David",8/8/2023,717083,18,100,2023
18,641360,"Bickford, Phil",6/28/2023,717578,18,100,2023
18,657585,"Garrett, Reed",8/2/2023,717156,18,100,2023
18,670174,"Winckowski, Josh",6/19/2023,717693,18,100,2023
18,663158,"Suarez, Robert",7/30/2023,717191,18,100,2023
18,541640,"Ramírez, Erasmo",6/3/2023,717914,18,100,2023
18,542585,"Cisnero, José",8/2/2023,717166,18,100,2023
18,623352,"Hader, Josh",6/13/2023,717772,18,100,2023
18,605347,"López, Jorge",7/16/2023,717379,18,100,2023
18,663855,"Hicks, Jordan",8/2/2023,717157,18,100,2023
18,605242,"Fulmer, Michael",8/6/2023,717098,18,100,2023
18,661440,"Llovera, Mauricio",8/2/2023,717161,18,100,2023
18,657024,"Swanson, Erik",6/1/2023,717942,18,100,2023
18,666374,"Brash, Matt",7/25/2023,717264,18,100,2023
18,608665,"Graveman, Kendall",6/15/2023,717748,18,100,2023
18,606965,"Devenski, Chris",7/4/2023,717497,18,100,2023
18,605447,"Romano, Jordan",6/16/2023,717741,18,100,2023
18,605447,"Romano, Jordan",6/14/2023,717769,18,100,2023
18,643511,"Rogers, Tyler",6/21/2023,717674,18,100,2023
18,686839,"White, Brendan",6/23/2023,717647,18,100,2023
18,656464,"Ginkel, Kevin",7/16/2023,717386,18,100,2023
18,657612,"Hill, Tim",6/24/2023,717638,18,100,2023
18,641755,"Kinley, Tyler",8/6/2023,717099,18,100,2023
18,666619,"Santos, Gregory",7/1/2023,717538,18,100,2023
18,657097,"Webb, Jacob",6/23/2023,717644,18,100,2023
18,606303,"Payamps, Joel",6/29/2023,717565,18,100,2023
18,669060,"Wilson, Bryse",8/20/2023,716918,18,100,2023
18,664875,"Lawrence, Justin",7/31/2023,717179,18,100,2023
18,669060,"Wilson, Bryse",6/9/2023,717831,18,100,2023
18,598286,"Ramirez, Nick",7/9/2023,717433,18,100,2023
18,571901,"Loup, Aaron",6/30/2023,717549,18,100,2023
18,623465,"Phillips, Evan",7/16/2023,717385,18,100,2023
18,593974,"Peralta, Wandy",6/4/2023,717888,18,100,2023
18,623433,"Anderson, Nick",6/25/2023,717618,18,100,2023
18,519293,"Smith, Will",7/30/2023,717191,18,100,2023
18,666364,"Balazovic, Jordan",8/12/2023,717028,18,100,2023
18,523260,"Kelly, Joe",7/23/2023,717285,18,100,2023
18,607755,"Vasquez, Andrew",6/30/2023,717563,18,100,2023
18,672335,"Pérez, Cionel",7/24/2023,717280,18,100,2023
18,570257,"Rodríguez, Joely",7/23/2023,717298,18,100,2023
18,519043,"Moore, Matt",7/23/2023,717278,18,100,2023
18,657240,"Merryweather, Julian",7/22/2023,717308,18,100,2023
18,595345,"Okert, Steven",6/21/2023,717676,18,100,2023
18,543859,"Tonkin, Michael",6/11/2023,717807,18,100,2023
18,543521,"McHugh, Collin",7/30/2023,717206,18,100,2023
18,670059,"Holderman, Colin",6/2/2023,717930,18,100,2023
18,592741,"Shreve, Chasen",7/7/2023,717457,18,100,2023
18,519151,"Pressly, Ryan",7/8/2023,717440,18,100,2023
18,606160,"Montero, Rafael",6/1/2023,717936,18,100,2023
18,657240,"Merryweather, Julian",7/26/2023,717240,18,100,2023
18,664139,"Gibaut, Ian",7/22/2023,717303,18,100,2023
18,666374,"Brash, Matt",8/5/2023,717109,18,100,2023
18,669438,"Englert, Mason",6/23/2023,717647,18,100,2023
18,670280,"Bednar, David",8/4/2023,717131,18,100,2023
18,607237,"Garrett, Amir",7/5/2023,717482,18,100,2023
18,547184,"Kelly, Michael",7/26/2023,717249,18,100,2023
18,660825,"Bazardo, Eduard",8/19/2023,716932,18,100,2023
18,666974,"Cano, Yennier",7/31/2023,717186,18,100,2023
18,669211,"Akin, Keegan",6/8/2023,717849,18,100,2023
18,606149,"Gallegos, Giovanny",7/8/2023,717445,18,100,2023
18,621363,"Poche, Colin",7/5/2023,717491,18,100,2023
18,663423,"Thornton, Trent",8/13/2023,717005,18,100,2023
18,642585,"Bautista, Félix",7/23/2023,717291,18,100,2023
18,676680,"Cosgrove, Tom",6/15/2023,717750,18,100,2023
18,542888,"Armstrong, Shawn",7/26/2023,717252,18,100,2023
18,669796,"Hernandez, Jose E.",8/3/2023,717143,18,100,2023
18,623352,"Hader, Josh",8/30/2023,716782,18,100,2023
18,662253,"Muñoz, Andrés",8/12/2023,717018,18,100,2023
18,600917,"Leclerc, José",7/6/2023,717471,18,100,2023
18,656257,"Brigham, Jeff",6/17/2023,717718,18,100,2023
18,628452,"Iglesias, Raisel",8/12/2023,717021,18,100,2023
18,663855,"Hicks, Jordan",6/14/2023,717767,18,100,2023
18,664199,"Clarke, Taylor",7/29/2023,717207,18,100,2023
18,489446,"Yates, Kirby",8/30/2023,716773,18,100,2023
18,671345,"Foley, Jason",7/24/2023,718558,18,100,2023
18,668868,"Thompson, Zack",8/3/2023,717145,18,100,2023
18,641729,"Jiménez, Joe",6/28/2023,717588,18,100,2023
18,608665,"Graveman, Kendall",6/8/2023,717848,18,100,2023
18,642585,"Bautista, Félix",6/15/2023,717753,18,100,2023
18,621295,"Wittgren, Nick",6/5/2023,717887,18,100,2023
18,666374,"Brash, Matt",7/28/2023,717223,18,100,2023
18,502085,"Robertson, David",8/2/2023,717159,18,100,2023
18,607179,"Weems, Jordan",6/16/2023,717749,18,100,2023
18,656638,"Lange, Alex",8/13/2023,717014,18,100,2023
18,666364,"Balazovic, Jordan",8/16/2023,716976,18,100,2023
18,656945,"Scott, Tanner",7/3/2023,717515,18,100,2023
18,571670,"Floro, Dylan",7/25/2023,717270,18,100,2023
18,542585,"Cisnero, José",8/30/2023,716781,18,100,2023
18,672335,"Pérez, Cionel",8/30/2023,716786,18,100,2023
18,543272,"Hand, Brad",6/7/2023,717852,18,100,2023
18,595345,"Okert, Steven",7/15/2023,717401,18,100,2023
18,519293,"Smith, Will",6/14/2023,717765,18,100,2023
18,523260,"Kelly, Joe",6/8/2023,717848,18,100,2023
18,657571,"Ferguson, Caleb",7/3/2023,717506,18,100,2023
18,687330,"Kelly, Kevin",6/30/2023,717548,18,100,2023
18,641672,"Hatch, Thomas",8/19/2023,716936,18,100,2023
18,657612,"Hill, Tim",6/29/2023,717571,18,100,2023
18,670950,"Richards, Trevor",7/21/2023,717311,18,100,2023
18,622110,"Duffy, Matt",8/26/2023,716832,18,100,2023
18,543766,"Shaw, Bryan",8/26/2023,716841,18,100,2023
18,669459,"Nelson, Kyle",7/29/2023,717210,18,100,2023
18,680704,"Sandlin, Nick",6/15/2023,717750,18,100,2023
18,642528,"Loáisiga, Jonathan",8/11/2023,717047,18,100,2023
18,657571,"Ferguson, Caleb",7/24/2023,717271,18,100,2023
18,592094,"Adam, Jason",7/23/2023,717291,18,100,2023
18,622075,"Almonte, Yency",6/25/2023,717615,18,100,2023
18,543521,"McHugh, Collin",7/28/2023,717231,18,100,2023
18,657571,"Ferguson, Caleb",8/1/2023,717171,18,100,2023
18,682967,"Sweet, Devin",8/1/2023,717167,18,100,2023
18,572955,"Johnson, Pierce",7/31/2023,717187,18,100,2023
18,641941,"Pagán, Emilio",7/28/2023,717232,18,100,2023
18,660787,"De los Santos, Yerry",7/28/2023,717234,18,100,2023
18,519043,"Moore, Matt",7/17/2023,717369,18,100,2023
18,608717,"Stratton, Chris",7/18/2023,717357,18,100,2023
18,664139,"Gibaut, Ian",6/18/2023,717707,18,100,2023
18,548384,"Raley, Brooks",6/11/2023,717803,18,100,2023
18,656945,"Scott, Tanner",6/20/2023,717690,18,100,2023
18,523260,"Kelly, Joe",6/19/2023,717695,18,100,2023
18,621016,"Cuas, Jose",8/6/2023,717098,18,100,2023
18,661395,"Duran, Jhoan",8/10/2023,717050,18,100,2023
18,657514,"Bernardino, Brennan",6/20/2023,717683,18,100,2023
18,661383,"Ortega, Oliver",7/20/2023,717327,18,100,2023
18,608032,"Estévez, Carlos",7/21/2023,717312,18,100,2023
18,660813,"Graterol, Brusdar",6/6/2023,717870,18,100,2023
18,656271,"Burke, Brock",8/29/2023,716799,18,100,2023
18,623507,"Lester, Josh",6/23/2023,717651,18,100,2023
18,623352,"Hader, Josh",7/29/2023,717209,18,100,2023
18,518617,"Diekman, Jake",6/8/2023,717845,18,100,2023
18,664199,"Clarke, Taylor",7/3/2023,717510,18,100,2023
18,622772,"Cordero, Jimmy",6/25/2023,717622,18,100,2023
18,593974,"Peralta, Wandy",7/16/2023,717378,18,100,2023
18,543521,"McHugh, Collin",7/4/2023,717495,18,100,2023
18,680704,"Sandlin, Nick",8/7/2023,717087,18,100,2023
18,641729,"Jiménez, Joe",8/10/2023,717056,18,100,2023
18,608371,"Sims, Lucas",7/28/2023,717225,18,100,2023
18,608717,"Stratton, Chris",8/9/2023,717063,18,100,2023
18,571656,"Farmer, Buck",7/16/2023,717383,18,100,2023
18,607481,"Bummer, Aaron",8/13/2023,717006,18,100,2023
18,682989,"Mederos, Victor",7/3/2023,717505,18,100,2023
18,677020,"Walker, Josh",6/13/2023,717779,18,100,2023
18,677053,"Nardi, Andrew",7/3/2023,717515,18,100,2023
18,624647,"González, Victor",6/11/2023,717806,18,100,2023
18,623352,"Hader, Josh",6/9/2023,717830,18,100,2023
18,518886,"Kimbrel, Craig",8/2/2023,717159,18,100,2023
18,650893,"Cabrera, Génesis",6/10/2023,717817,18,100,2023
18,621295,"Wittgren, Nick",8/1/2023,717170,18,100,2023
18,642100,"Speier, Gabe",7/29/2023,717210,18,100,2023
18,493603,"Ottavino, Adam",8/21/2023,716910,18,100,2023
18,641729,"Jiménez, Joe",7/30/2023,717206,18,100,2023
18,668674,"Erceg, Lucas",8/19/2023,716930,18,100,2023
18,547973,"Chapman, Aroldis",8/7/2023,717081,18,100,2023
18,641941,"Pagán, Emilio",8/6/2023,717106,18,100,2023
18,661395,"Duran, Jhoan",7/16/2023,717379,18,100,2023
18,476595,"Luetge, Lucas",7/14/2023,717414,18,100,2023
18,607259,"Martinez, Nick",7/26/2023,717246,18,100,2023
18,661440,"Llovera, Mauricio",8/30/2023,716794,18,100,2023
18,687888,"Walter, Brandon",7/6/2023,717471,18,100,2023
18,670329,"Garcia, Rico",7/5/2023,717485,18,100,2023
18,542585,"Cisnero, José",8/15/2023,716983,18,100,2023
18,682175,"Jacques, Joe",8/5/2023,717125,18,100,2023
18,686747,"La Sorsa, Joe",7/30/2023,717203,18,100,2023
18,682842,"Uribe, Abner",8/27/2023,716822,18,100,2023
18,622098,"Smith, Drew",8/26/2023,716840,18,100,2023
18,572403,"VerHagen, Drew",6/18/2023,717713,18,100,2023
18,663158,"Suarez, Robert",7/26/2023,717246,18,100,2023
18,650556,"Abreu, Bryan",6/21/2023,717670,18,100,2023
18,641729,"Jiménez, Joe",6/23/2023,717650,18,100,2023
18,686747,"La Sorsa, Joe",8/31/2023,716776,18,100,2023
18,666974,"Cano, Yennier",7/20/2023,717328,18,100,2023
18,640470,"Alzolay, Adbert",8/19/2023,716937,18,100,2023
18,664139,"Gibaut, Ian",8/6/2023,717104,18,100,2023
18,681982,"Anderson, Grant",8/18/2023,716950,18,100,2023
18,643493,"Pruitt, Austin",8/5/2023,717117,18,100,2023
18,592454,"Kahnle, Tommy",7/16/2023,717378,18,100,2023
18,608718,"Suter, Brent",8/8/2023,717078,18,100,2023
18,607259,"Martinez, Nick",7/21/2023,717317,18,100,2023
18,670280,"Bednar, David",7/9/2023,717425,18,100,2023
18,455119,"Martin, Chris",6/13/2023,717788,18,100,2023
18,686539,"Cronin, Declan",8/18/2023,716947,18,100,2023
18,623437,"Topa, Justin",7/15/2023,717390,18,100,2023
18,519043,"Moore, Matt",7/25/2023,717265,18,100,2023
18,623352,"Hader, Josh",7/16/2023,717387,18,100,2023
18,663462,"Campbell, Isaiah",8/20/2023,716920,18,100,2023
18,623149,"Sewald, Paul",8/16/2023,716977,18,100,2023
18,624647,"González, Victor",8/18/2023,716946,18,100,2023
18,572955,"Johnson, Pierce",7/21/2023,717319,18,100,2023
18,665625,"Peguero, Elvis",8/8/2023,717078,18,100,2023
18,628708,"Marte, Yunior",7/30/2023,717208,18,100,2023
18,493603,"Ottavino, Adam",7/15/2023,717400,18,100,2023
18,671111,"Peralta, Sammy",8/26/2023,716841,18,100,2023
18,571948,"Milner, Hoby",8/9/2023,717065,18,100,2023
18,625643,"López, Reynaldo",6/2/2023,717925,18,100,2023
18,572403,"VerHagen, Drew",7/29/2023,717213,18,100,2023
18,650893,"Cabrera, Génesis",6/29/2023,717566,18,100,2023
18,593576,"Neris, Héctor",7/5/2023,717489,18,100,2023
18,666974,"Cano, Yennier",8/8/2023,717084,18,100,2023
18,656464,"Ginkel, Kevin",6/27/2023,717593,18,100,2023
18,621051,"Wilson, Steven",8/7/2023,717094,18,100,2023
18,628452,"Iglesias, Raisel",6/24/2023,717631,18,100,2023
18,660853,"De Los Santos, Enyel",6/22/2023,717660,18,100,2023
18,622065,"Young, Alex",6/28/2023,717589,18,100,2023
18,554340,"García, Yimi",7/15/2023,717404,18,100,2023
18,666364,"Balazovic, Jordan",6/25/2023,717621,18,100,2023
18,669713,"Wesneski, Hayden",6/25/2023,717623,18,100,2023
18,677053,"Nardi, Andrew",6/22/2023,717654,18,100,2023
18,666808,"Doval, Camilo",7/31/2023,717190,18,100,2023
18,622065,"Young, Alex",6/14/2023,717764,18,100,2023
18,623474,"Herget, Jimmy",6/14/2023,717765,18,100,2023
18,669395,"Coleman, Dylan",8/1/2023,717170,18,100,2023
18,656638,"Lange, Alex",6/15/2023,717752,18,100,2023
18,682175,"Jacques, Joe",8/4/2023,717136,18,100,2023
18,605130,"Barlow, Scott",7/29/2023,717207,18,100,2023
18,489446,"Yates, Kirby",8/8/2023,717079,18,100,2023
18,671345,"Foley, Jason",7/28/2023,717236,18,100,2023
18,518489,"Brasier, Ryan",7/7/2023,717456,18,100,2023
18,663462,"Campbell, Isaiah",7/22/2023,717301,18,100,2023
18,612434,"Castro, Miguel",7/23/2023,717289,18,100,2023
18,657612,"Hill, Tim",7/24/2023,717276,18,100,2023
18,608638,"Chargois, JT",6/2/2023,717927,18,100,2023
18,592454,"Kahnle, Tommy",8/7/2023,717088,18,100,2023
18,608032,"Estévez, Carlos",6/27/2023,717592,18,100,2023
18,621074,"Rucker, Michael",6/28/2023,717584,18,100,2023
18,600917,"Leclerc, José",7/24/2023,717274,18,100,2023
18,664208,"Maton, Phil",7/24/2023,717274,18,100,2023
18,543056,"Coulombe, Danny",7/16/2023,717384,18,100,2023
18,593974,"Peralta, Wandy",8/13/2023,717011,18,100,2023
18,666619,"Santos, Gregory",8/3/2023,717149,18,100,2023
18,547973,"Chapman, Aroldis",6/9/2023,717839,18,100,2023
18,672578,"Hernández, Carlos",8/4/2023,717140,18,100,2023
18,641871,"Middleton, Keynan",6/11/2023,717795,18,100,2023
18,676680,"Cosgrove, Tom",8/2/2023,717158,18,100,2023
18,656945,"Scott, Tanner",6/9/2023,717828,18,100,2023
18,605280,"Holmes, Clay",8/3/2023,717142,18,100,2023
18,548384,"Raley, Brooks",7/4/2023,717498,18,100,2023
18,519043,"Moore, Matt",8/9/2023,717071,18,100,2023
18,547973,"Chapman, Aroldis",8/13/2023,717008,18,100,2023
18,571863,"Koch, Matt",8/12/2023,717017,18,100,2023
18,606149,"Gallegos, Giovanny",7/2/2023,717524,18,100,2023
18,665625,"Peguero, Elvis",7/15/2023,717392,18,100,2023
18,667755,"Soriano, José",8/13/2023,717004,18,100,2023
18,601713,"Pivetta, Nick",6/12/2023,717794,18,100,2023
18,543518,"McGough, Scott",8/26/2023,716833,18,100,2023
18,592773,"Stanek, Ryne",8/19/2023,716932,18,100,2023
18,656529,"Hentges, Sam",7/17/2023,717371,18,100,2023
18,669212,"Morgan, Eli",6/22/2023,717660,18,100,2023
18,608717,"Stratton, Chris",8/15/2023,716985,18,100,2023
18,606149,"Gallegos, Giovanny",6/17/2023,717718,18,100,2023
18,623433,"Anderson, Nick",6/17/2023,717724,18,100,2023
18,606303,"Payamps, Joel",6/6/2023,717867,18,100,2023
18,657514,"Bernardino, Brennan",6/5/2023,717928,18,100,2023
18,621345,"Minter, A.J.",6/6/2023,717872,18,100,2023
18,656529,"Hentges, Sam",6/6/2023,717873,18,100,2023
18,621057,"Garza, Justin",7/22/2023,717309,18,100,2023
18,621051,"Wilson, Steven",7/23/2023,717288,18,100,2023
18,663855,"Hicks, Jordan",8/12/2023,717026,18,100,2023
18,571882,"Law, Derek",7/3/2023,717517,18,100,2023
18,623149,"Sewald, Paul",8/15/2023,716978,18,100,2023
18,573124,"Rogers, Taylor",7/18/2023,717360,18,100,2023
18,670970,"Morejon, Adrian",6/24/2023,717638,18,100,2023
18,572193,"Tepera, Ryan",7/17/2023,717374,18,100,2023
18,663986,"Stephan, Trevor",7/18/2023,717364,18,100,2023
18,669459,"Nelson, Kyle",7/23/2023,717289,18,100,2023
18,622098,"Smith, Drew",6/4/2023,717900,18,100,2023
18,643410,"Leiter Jr., Mark",8/5/2023,717121,18,100,2023
18,542888,"Armstrong, Shawn",8/18/2023,716945,18,100,2023
18,689225,"Brieske, Beau",7/15/2023,717390,18,100,2023
18,518585,"Cruz, Fernando",8/19/2023,716935,18,100,2023
18,621016,"Cuas, Jose",8/18/2023,716955,18,100,2023
18,608678,"Leone, Dominic",6/4/2023,717900,18,100,2023
18,669711,"Weissert, Greg",6/18/2023,717730,18,100,2023
18,657240,"Merryweather, Julian",6/4/2023,717889,18,100,2023
18,623352,"Hader, Josh",8/28/2023,716809,18,100,2023
18,670280,"Bednar, David",8/30/2023,716780,18,100,2023
18,596112,"Stephenson, Robert",8/29/2023,716807,18,100,2023
18,663855,"Hicks, Jordan",7/8/2023,717445,18,100,2023
18,608723,"Voth, Austin",8/27/2023,716836,18,100,2023
18,622065,"Young, Alex",7/7/2023,717459,18,100,2023
18,666374,"Brash, Matt",8/29/2023,716790,18,100,2023
18,623149,"Sewald, Paul",7/16/2023,717373,18,100,2023
18,641755,"Kinley, Tyler",8/16/2023,716977,18,100,2023
18,663158,"Suarez, Robert",8/16/2023,716965,18,100,2023
18,664875,"Lawrence, Justin",8/30/2023,716773,18,100,2023
18,453268,"Bard, Daniel",6/25/2023,717616,18,100,2023
18,667463,"King, John",7/5/2023,717484,18,100,2023
18,640448,"Finnegan, Kyle",7/14/2023,717407,18,100,2023
18,489446,"Yates, Kirby",6/23/2023,717650,18,100,2023
18,621366,"Borucki, Ryan",7/16/2023,717388,18,100,2023
18,571948,"Milner, Hoby",8/28/2023,716810,18,100,2023
18,666619,"Santos, Gregory",6/27/2023,717592,18,100,2023
18,669912,"Snead, Kirby",8/22/2023,716888,18,100,2023
18,657612,"Hill, Tim",7/7/2023,717454,18,100,2023
18,573204,"Thielbar, Caleb",8/20/2023,716923,18,100,2023
18,663485,"Sands, Cole",8/22/2023,716894,18,100,2023
18,606303,"Payamps, Joel",8/11/2023,717036,18,100,2023
18,679885,"Martinez, Justin",8/21/2023,716906,18,100,2023
18,621381,"Strahm, Matt",8/5/2023,717123,18,100,2023
18,672335,"Pérez, Cionel",8/6/2023,717107,18,100,2023
18,663465,"Allard, Kolby",7/9/2023,717429,18,100,2023
18,621016,"Cuas, Jose",6/2/2023,717923,18,100,2023
18,668941,"Romero, JoJo",7/14/2023,717407,18,100,2023
18,623465,"Phillips, Evan",8/8/2023,717073,18,100,2023
18,621057,"Garza, Justin",6/13/2023,717788,18,100,2023
18,678606,"Ferrer, Jose A.",8/19/2023,716941,18,100,2023
18,593576,"Neris, Héctor",7/14/2023,717405,18,100,2023
18,554340,"García, Yimi",7/2/2023,717530,18,100,2023
18,641793,"Littell, Zack",6/21/2023,717677,18,100,2023
18,680704,"Sandlin, Nick",7/4/2023,717495,18,100,2023
18,666364,"Balazovic, Jordan",6/28/2023,717588,18,100,2023
18,686294,"Willingham, Amos",7/25/2023,717269,18,100,2023
18,666619,"Santos, Gregory",7/22/2023,717293,18,100,2023
18,543351,"Jackson, Jay",8/7/2023,717087,18,100,2023
18,518585,"Cruz, Fernando",8/13/2023,717027,18,100,2023
18,667755,"Soriano, José",7/16/2023,717381,18,100,2023
18,670174,"Winckowski, Josh",7/22/2023,717309,18,100,2023
18,682842,"Uribe, Abner",7/18/2023,717363,18,100,2023
18,640451,"Harvey, Hunter",8/17/2023,716966,18,100,2023
18,657097,"Webb, Jacob",6/15/2023,717751,18,100,2023
18,518886,"Kimbrel, Craig",6/14/2023,717757,18,100,2023
18,666818,"Frías, Luis",7/21/2023,717321,18,100,2023
18,676395,"Garcia, Robert",8/13/2023,717016,18,100,2023
18,605280,"Holmes, Clay",6/10/2023,717825,18,100,2023
18,670174,"Winckowski, Josh",8/10/2023,717051,18,100,2023
18,677053,"Nardi, Andrew",6/18/2023,717714,18,100,2023
18,663704,"McArthur, James",8/12/2023,717019,18,100,2023
18,664199,"Clarke, Taylor",6/17/2023,717726,18,100,2023
18,519151,"Pressly, Ryan",6/20/2023,717682,18,100,2023
18,657508,"Baumann, Mike",6/10/2023,717818,18,100,2023
18,606303,"Payamps, Joel",8/9/2023,717065,18,100,2023
18,641755,"Kinley, Tyler",8/9/2023,717065,18,100,2023
18,543507,"May, Trevor",6/9/2023,717831,18,100,2023
17,641771,"Kuhl, Chad",6/19/2023,717699,17,100,2023
17,543766,"Shaw, Bryan",8/23/2023,716881,17,100,2023
17,605177,"Chafin, Andrew",6/12/2023,717785,17,100,2023
17,642100,"Speier, Gabe",6/4/2023,717894,17,100,2023
17,621366,"Borucki, Ryan",7/29/2023,717216,17,100,2023
17,665625,"Peguero, Elvis",6/11/2023,717800,17,100,2023
17,472610,"García, Luis",8/2/2023,717158,17,100,2023
17,675916,"Karinchak, James",8/19/2023,716939,17,100,2023
17,641871,"Middleton, Keynan",6/23/2023,717645,17,100,2023
17,642585,"Bautista, Félix",6/25/2023,717627,17,100,2023
17,656546,"Hoffman, Jeff",6/25/2023,717624,17,100,2023
17,666364,"Balazovic, Jordan",7/14/2023,717409,17,100,2023
17,676684,"Vest, Will",6/26/2023,717606,17,100,2023
17,663855,"Hicks, Jordan",7/14/2023,717407,17,100,2023
17,489446,"Yates, Kirby",8/2/2023,717165,17,100,2023
17,518489,"Brasier, Ryan",8/2/2023,717154,17,100,2023
17,548384,"Raley, Brooks",8/1/2023,717170,17,100,2023
17,596112,"Stephenson, Robert",8/5/2023,717122,17,100,2023
17,623465,"Phillips, Evan",6/13/2023,717776,17,100,2023
17,625643,"López, Reynaldo",6/15/2023,717748,17,100,2023
17,623465,"Phillips, Evan",8/4/2023,717129,17,100,2023
17,678606,"Ferrer, Jose A.",7/15/2023,717396,17,100,2023
17,650556,"Abreu, Bryan",8/2/2023,717163,17,100,2023
17,650556,"Abreu, Bryan",6/13/2023,717778,17,100,2023
17,669467,"Pallante, Andre",8/2/2023,717155,17,100,2023
17,623149,"Sewald, Paul",7/9/2023,717430,17,100,2023
17,548384,"Raley, Brooks",7/27/2023,717241,17,100,2023
17,605242,"Fulmer, Michael",7/29/2023,717213,17,100,2023
17,607481,"Bummer, Aaron",7/27/2023,717233,17,100,2023
17,621345,"Minter, A.J.",7/31/2023,717187,17,100,2023
17,671345,"Foley, Jason",6/14/2023,717784,17,100,2023
17,643511,"Rogers, Tyler",7/31/2023,717190,17,100,2023
17,543859,"Tonkin, Michael",8/30/2023,716773,17,100,2023
17,672578,"Hernández, Carlos",6/29/2023,717573,17,100,2023
17,670950,"Richards, Trevor",8/1/2023,717177,17,100,2023
17,663986,"Stephan, Trevor",6/1/2023,717937,17,100,2023
17,657612,"Hill, Tim",7/3/2023,717505,17,100,2023
17,657571,"Ferguson, Caleb",8/22/2023,716897,17,100,2023
17,445276,"Jansen, Kenley",7/26/2023,717242,17,100,2023
17,669212,"Morgan, Eli",7/1/2023,717546,17,100,2023
17,621381,"Strahm, Matt",6/18/2023,717705,17,100,2023
17,669060,"Wilson, Bryse",7/8/2023,717444,17,100,2023
17,606303,"Payamps, Joel",6/2/2023,717931,17,100,2023
17,621345,"Minter, A.J.",8/31/2023,716768,17,100,2023
17,670059,"Holderman, Colin",7/8/2023,717439,17,100,2023
17,518886,"Kimbrel, Craig",6/27/2023,717596,17,100,2023
17,657024,"Swanson, Erik",7/1/2023,717547,17,100,2023
17,570731,"Schoop, Jonathan",6/28/2023,717580,17,100,2023
17,621016,"Cuas, Jose",6/19/2023,717692,17,100,2023
17,571863,"Koch, Matt",6/27/2023,717594,17,100,2023
17,608638,"Chargois, JT",6/30/2023,717558,17,100,2023
17,643511,"Rogers, Tyler",7/26/2023,717251,17,100,2023
17,543859,"Tonkin, Michael",8/27/2023,716819,17,100,2023
17,642048,"Saucedo, Tayler",7/25/2023,717264,17,100,2023
17,592773,"Stanek, Ryne",7/24/2023,717274,17,100,2023
17,623437,"Topa, Justin",7/19/2023,717335,17,100,2023
17,623149,"Sewald, Paul",6/27/2023,717590,17,100,2023
17,650893,"Cabrera, Génesis",6/2/2023,717930,17,100,2023
17,669467,"Pallante, Andre",6/28/2023,717582,17,100,2023
17,670329,"Garcia, Rico",6/30/2023,717551,17,100,2023
17,641871,"Middleton, Keynan",6/20/2023,717675,17,100,2023
17,592773,"Stanek, Ryne",8/27/2023,716830,17,100,2023
17,672335,"Pérez, Cionel",6/30/2023,717561,17,100,2023
17,621139,"Kriske, Brooks",6/18/2023,717712,17,100,2023
17,663485,"Sands, Cole",7/18/2023,717350,17,100,2023
17,445276,"Jansen, Kenley",6/9/2023,717841,17,100,2023
17,656061,"Abreu, Albert",6/2/2023,717917,17,100,2023
17,669467,"Pallante, Andre",6/2/2023,717930,17,100,2023
17,543766,"Shaw, Bryan",7/2/2023,717518,17,100,2023
17,606149,"Gallegos, Giovanny",7/17/2023,717374,17,100,2023
17,596001,"Junis, Jakob",7/1/2023,717535,17,100,2023
17,660853,"De Los Santos, Enyel",7/18/2023,717364,17,100,2023
17,669084,"Hall, DL",8/28/2023,716815,17,100,2023
17,641729,"Jiménez, Joe",7/21/2023,717313,17,100,2023
17,641656,"Hamilton, Ian",7/3/2023,717513,17,100,2023
17,612434,"Castro, Miguel",6/15/2023,717755,17,100,2023
17,493603,"Ottavino, Adam",8/1/2023,717170,17,100,2023
17,640448,"Finnegan, Kyle",6/11/2023,717807,17,100,2023
17,663704,"McArthur, James",8/15/2023,716981,17,100,2023
17,621016,"Cuas, Jose",6/7/2023,717860,17,100,2023
17,642397,"Soto, Gregory",6/11/2023,717806,17,100,2023
17,593619,"Tapia, Domingo",7/3/2023,717505,17,100,2023
17,596112,"Stephenson, Robert",6/13/2023,717774,17,100,2023
17,621363,"Poche, Colin",6/25/2023,717619,17,100,2023
17,608718,"Suter, Brent",6/14/2023,717768,17,100,2023
17,489446,"Yates, Kirby",6/16/2023,717745,17,100,2023
17,571882,"Law, Derek",8/11/2023,717046,17,100,2023
17,670097,"Short, Zack",8/7/2023,717091,17,100,2023
17,666619,"Santos, Gregory",7/28/2023,717228,17,100,2023
17,656814,"Ortiz, Luis F.",8/19/2023,716941,17,100,2023
17,656457,"Gilbert, Tyler",8/11/2023,717035,17,100,2023
17,502085,"Robertson, David",6/14/2023,717766,17,100,2023
17,605280,"Holmes, Clay",8/5/2023,717126,17,100,2023
17,656945,"Scott, Tanner",7/28/2023,717236,17,100,2023
17,625643,"López, Reynaldo",7/16/2023,717391,17,100,2023
17,669467,"Pallante, Andre",7/21/2023,717325,17,100,2023
17,523260,"Kelly, Joe",6/4/2023,717891,17,100,2023
17,650893,"Cabrera, Génesis",8/23/2023,716874,17,100,2023
17,670950,"Richards, Trevor",7/2/2023,717530,17,100,2023
17,666168,"Thompson, Mason",8/27/2023,716827,17,100,2023
17,622065,"Young, Alex",8/24/2023,716868,17,100,2023
17,663947,"Holton, Tyler",7/17/2023,717368,17,100,2023
17,453268,"Bard, Daniel",6/19/2023,717701,17,100,2023
17,686839,"White, Brendan",7/18/2023,717356,17,100,2023
17,643410,"Leiter Jr., Mark",7/14/2023,717419,17,100,2023
17,663558,"Moran, Jovani",7/3/2023,717510,17,100,2023
17,671345,"Foley, Jason",8/12/2023,717033,17,100,2023
17,670167,"Schreiber, John",8/12/2023,717033,17,100,2023
17,607179,"Weems, Jordan",7/16/2023,717380,17,100,2023
17,643511,"Rogers, Tyler",7/17/2023,717375,17,100,2023
17,668941,"Romero, JoJo",8/12/2023,717019,17,100,2023
17,606303,"Payamps, Joel",8/30/2023,716779,17,100,2023
17,641703,"Honeywell, Brent",6/15/2023,717750,17,100,2023
17,665734,"Felipe, Angel",8/9/2023,717063,17,100,2023
17,628452,"Iglesias, Raisel",6/6/2023,717872,17,100,2023
17,518397,"Alexander, Scott",7/16/2023,717388,17,100,2023
17,663989,"Vespi, Nick",8/11/2023,717034,17,100,2023
17,543272,"Hand, Brad",8/4/2023,717141,17,100,2023
17,625643,"López, Reynaldo",8/30/2023,716787,17,100,2023
17,663947,"Holton, Tyler",8/7/2023,717091,17,100,2023
17,666619,"Santos, Gregory",6/15/2023,717748,17,100,2023
17,641360,"Bickford, Phil",8/8/2023,717080,17,100,2023
17,573204,"Thielbar, Caleb",8/6/2023,717106,17,100,2023
17,665625,"Peguero, Elvis",8/18/2023,716950,17,100,2023
17,656257,"Brigham, Jeff",6/8/2023,717840,17,100,2023
17,686839,"White, Brendan",7/15/2023,717390,17,100,2023
17,625643,"López, Reynaldo",8/18/2023,716945,17,100,2023
17,669467,"Pallante, Andre",8/8/2023,717085,17,100,2023
17,688427,"Ingram, Kolton",6/17/2023,717726,17,100,2023
17,669912,"Snead, Kirby",8/6/2023,717100,17,100,2023
17,661395,"Duran, Jhoan",7/14/2023,717409,17,100,2023
17,664208,"Maton, Phil",6/4/2023,717899,17,100,2023
17,656234,"Bird, Jake",8/19/2023,716933,17,100,2023
17,656730,"Megill, Trevor",6/6/2023,717867,17,100,2023
17,667463,"King, John",8/6/2023,717099,17,100,2023
17,621016,"Cuas, Jose",7/15/2023,717393,17,100,2023
17,666808,"Doval, Camilo",8/23/2023,716879,17,100,2023
17,664126,"Fairbanks, Pete",8/26/2023,716845,17,100,2023
17,663986,"Stephan, Trevor",8/30/2023,716784,17,100,2023
17,571912,"Maile, Luke",8/2/2023,717153,17,100,2023
17,656464,"Ginkel, Kevin",8/22/2023,716889,17,100,2023
17,650556,"Abreu, Bryan",7/14/2023,717405,17,100,2023
17,600921,"Machado, Andrés",8/1/2023,717183,17,100,2023
17,622098,"Smith, Drew",8/17/2023,716958,17,100,2023
17,656234,"Bird, Jake",8/27/2023,716836,17,100,2023
17,641941,"Pagán, Emilio",6/19/2023,717693,17,100,2023
17,682842,"Uribe, Abner",8/29/2023,716798,17,100,2023
17,681982,"Anderson, Grant",7/30/2023,717191,17,100,2023
17,675916,"Karinchak, James",8/28/2023,716813,17,100,2023
17,678606,"Ferrer, Jose A.",7/21/2023,717326,17,100,2023
17,686654,"Adcock, Ty",7/14/2023,717406,17,100,2023
17,548384,"Raley, Brooks",8/15/2023,716988,17,100,2023
17,670280,"Bednar, David",8/15/2023,716988,17,100,2023
17,670990,"Ramírez, Yohan",8/16/2023,716974,17,100,2023
17,656353,"Davidson, Tucker",8/15/2023,716981,17,100,2023
17,660431,"Perez, Hector",8/16/2023,716975,17,100,2023
17,656271,"Burke, Brock",8/27/2023,716824,17,100,2023
17,543272,"Hand, Brad",6/27/2023,717594,17,100,2023
17,605280,"Holmes, Clay",6/4/2023,717888,17,100,2023
17,542888,"Armstrong, Shawn",6/23/2023,717649,17,100,2023
17,676680,"Cosgrove, Tom",8/14/2023,716996,17,100,2023
17,518886,"Kimbrel, Craig",6/25/2023,717624,17,100,2023
17,598286,"Ramirez, Nick",6/25/2023,717622,17,100,2023
17,656730,"Megill, Trevor",8/16/2023,716962,17,100,2023
17,656234,"Bird, Jake",8/16/2023,716977,17,100,2023
17,612434,"Castro, Miguel",7/7/2023,717452,17,100,2023
17,554340,"García, Yimi",8/26/2023,716846,17,100,2023
17,571948,"Milner, Hoby",6/20/2023,717680,17,100,2023
17,664126,"Fairbanks, Pete",7/15/2023,717393,17,100,2023
17,656464,"Ginkel, Kevin",8/6/2023,717106,17,100,2023
17,663941,"Beck, Tristan",8/18/2023,716949,17,100,2023
17,669395,"Coleman, Dylan",7/15/2023,717393,17,100,2023
17,592773,"Stanek, Ryne",7/19/2023,717345,17,100,2023
17,650556,"Abreu, Bryan",7/9/2023,717430,17,100,2023
17,628452,"Iglesias, Raisel",8/30/2023,716773,17,100,2023
17,669212,"Morgan, Eli",7/4/2023,717495,17,100,2023
17,669169,"Heasley, Jonathan",7/21/2023,717318,17,100,2023
17,681982,"Anderson, Grant",6/5/2023,717879,17,100,2023
17,660853,"De Los Santos, Enyel",6/6/2023,717873,17,100,2023
17,571948,"Milner, Hoby",8/12/2023,717023,17,100,2023
17,656945,"Scott, Tanner",6/14/2023,717759,17,100,2023
17,662253,"Muñoz, Andrés",8/8/2023,717072,17,100,2023
17,523260,"Kelly, Joe",6/15/2023,717748,17,100,2023
17,606303,"Payamps, Joel",7/30/2023,717206,17,100,2023
17,519151,"Pressly, Ryan",7/19/2023,717345,17,100,2023
17,643377,"Jax, Griffin",6/11/2023,717805,17,100,2023
17,682120,"Herrin, Tim",6/18/2023,717706,17,100,2023
17,676680,"Cosgrove, Tom",7/20/2023,717331,17,100,2023
17,621295,"Wittgren, Nick",6/11/2023,717808,17,100,2023
17,548384,"Raley, Brooks",7/30/2023,717203,17,100,2023
17,656945,"Scott, Tanner",8/9/2023,717070,17,100,2023
17,608665,"Graveman, Kendall",7/4/2023,717496,17,100,2023
17,592773,"Stanek, Ryne",7/3/2023,717514,17,100,2023
17,605280,"Holmes, Clay",7/7/2023,717464,17,100,2023
17,592741,"Shreve, Chasen",7/22/2023,717299,17,100,2023
17,493603,"Ottavino, Adam",7/25/2023,717266,17,100,2023
17,689225,"Brieske, Beau",8/21/2023,716913,17,100,2023
17,606303,"Payamps, Joel",7/22/2023,717296,17,100,2023
17,663462,"Campbell, Isaiah",8/3/2023,717144,17,100,2023
17,672578,"Hernández, Carlos",7/22/2023,717304,17,100,2023
17,663941,"Beck, Tristan",7/7/2023,717448,17,100,2023
17,686294,"Willingham, Amos",6/28/2023,717587,17,100,2023
17,681911,"Vesia, Alex",6/14/2023,717760,17,100,2023
17,686839,"White, Brendan",8/4/2023,717135,17,100,2023
17,642048,"Saucedo, Tayler",6/13/2023,717773,17,100,2023
17,680735,"Cox, Austin",7/25/2023,717260,17,100,2023
17,623465,"Phillips, Evan",8/25/2023,716866,17,100,2023
17,660261,"Fujinami, Shintaro",7/8/2023,717449,17,100,2023
17,605130,"Barlow, Scott",8/4/2023,717129,17,100,2023
17,657024,"Swanson, Erik",7/9/2023,717431,17,100,2023
17,661403,"Clase, Emmanuel",6/25/2023,717613,17,100,2023
17,519151,"Pressly, Ryan",6/14/2023,717762,17,100,2023
17,606303,"Payamps, Joel",6/28/2023,717581,17,100,2023
17,605177,"Chafin, Andrew",6/30/2023,717549,17,100,2023
17,548384,"Raley, Brooks",6/8/2023,717840,17,100,2023
17,682010,"Ramsey, Lane",8/21/2023,716905,17,100,2023
17,661403,"Clase, Emmanuel",6/21/2023,717663,17,100,2023
17,663986,"Stephan, Trevor",6/25/2023,717613,17,100,2023
17,668674,"Erceg, Lucas",6/23/2023,717646,17,100,2023
17,670102,"Francis, Bowden",6/25/2023,717617,17,100,2023
17,677053,"Nardi, Andrew",6/24/2023,717630,17,100,2023
17,678061,"Kerr, Ray",6/22/2023,717661,17,100,2023
17,613534,"Adams, Austin",6/14/2023,717757,17,100,2023
17,641703,"Honeywell, Brent",6/27/2023,717603,17,100,2023
17,621366,"Borucki, Ryan",8/2/2023,717166,17,100,2023
17,643377,"Jax, Griffin",6/25/2023,717621,17,100,2023
17,606965,"Devenski, Chris",7/15/2023,717389,17,100,2023
17,600917,"Leclerc, José",7/9/2023,717432,17,100,2023
17,665625,"Peguero, Elvis",6/16/2023,717740,17,100,2023
17,669796,"Hernandez, Jose E.",6/17/2023,717720,17,100,2023
17,640470,"Alzolay, Adbert",8/3/2023,717146,17,100,2023
17,687798,"Robertson, Nick",6/16/2023,717731,17,100,2023
17,669674,"Long, Sam",7/29/2023,717212,17,100,2023
17,696147,"Bachman, Sam",6/28/2023,717576,17,100,2023
17,455119,"Martin, Chris",6/1/2023,717932,17,100,2023
17,676680,"Cosgrove, Tom",7/23/2023,717288,17,100,2023
17,521230,"Hendriks, Liam",6/3/2023,717915,17,100,2023
17,650960,"Duarte, Daniel",7/25/2023,717262,17,100,2023
17,666808,"Doval, Camilo",7/5/2023,717490,17,100,2023
17,678061,"Kerr, Ray",6/16/2023,717732,17,100,2023
17,641627,"Gott, Trevor",7/26/2023,717248,17,100,2023
17,523260,"Kelly, Joe",6/29/2023,717560,17,100,2023
17,593576,"Neris, Héctor",6/30/2023,717554,17,100,2023
17,623437,"Topa, Justin",6/27/2023,717590,17,100,2023
17,664126,"Fairbanks, Pete",6/28/2023,717575,17,100,2023
17,664139,"Gibaut, Ian",8/3/2023,717146,17,100,2023
17,661395,"Duran, Jhoan",8/20/2023,716923,17,100,2023
17,573009,"Mantiply, Joe",8/11/2023,717035,17,100,2023
17,676680,"Cosgrove, Tom",6/2/2023,717921,17,100,2023
17,669060,"Wilson, Bryse",6/2/2023,717931,17,100,2023
17,676684,"Vest, Will",8/11/2023,717042,17,100,2023
17,605130,"Barlow, Scott",6/12/2023,717793,17,100,2023
17,622250,"Sborz, Josh",6/12/2023,717792,17,100,2023
17,670280,"Bednar, David",6/2/2023,717930,17,100,2023
17,607259,"Martinez, Nick",7/3/2023,717505,17,100,2023
17,682842,"Uribe, Abner",8/4/2023,717131,17,100,2023
17,592767,"Smyly, Drew",8/13/2023,717012,17,100,2023
17,666808,"Doval, Camilo",7/15/2023,717398,17,100,2023
17,623149,"Sewald, Paul",7/1/2023,717534,17,100,2023
17,641360,"Bickford, Phil",8/9/2023,717062,17,100,2023
17,657508,"Baumann, Mike",8/12/2023,717018,17,100,2023
17,650556,"Abreu, Bryan",7/3/2023,717514,17,100,2023
17,605130,"Barlow, Scott",6/22/2023,717659,17,100,2023
17,676475,"Burleson, Alec",7/4/2023,717502,17,100,2023
17,642048,"Saucedo, Tayler",6/21/2023,717666,17,100,2023
17,686839,"White, Brendan",7/2/2023,717523,17,100,2023
17,660853,"De Los Santos, Enyel",6/20/2023,717679,17,100,2023
17,605177,"Chafin, Andrew",7/8/2023,717439,17,100,2023
17,666808,"Doval, Camilo",6/21/2023,717674,17,100,2023
17,554340,"García, Yimi",7/21/2023,717311,17,100,2023
17,607755,"Vasquez, Andrew",8/26/2023,716843,17,100,2023
17,641672,"Hatch, Thomas",8/24/2023,716870,17,100,2023
17,623465,"Phillips, Evan",6/21/2023,717662,17,100,2023
17,573124,"Rogers, Taylor",6/21/2023,717674,17,100,2023
17,669459,"Nelson, Kyle",8/24/2023,716868,17,100,2023
17,640462,"Puk, A.J.",7/17/2023,717374,17,100,2023
17,680704,"Sandlin, Nick",7/21/2023,717315,17,100,2023
17,622065,"Young, Alex",7/18/2023,717360,17,100,2023
17,622772,"Cordero, Jimmy",6/14/2023,717766,17,100,2023
17,661403,"Clase, Emmanuel",6/24/2023,717625,17,100,2023
17,548384,"Raley, Brooks",6/7/2023,717850,17,100,2023
17,650496,"Mejía, J.C.",7/21/2023,717313,17,100,2023
17,622772,"Cordero, Jimmy",6/6/2023,717877,17,100,2023
17,672710,"Contreras, Roansy",6/17/2023,717720,17,100,2023
17,687330,"Kelly, Kevin",6/15/2023,717756,17,100,2023
17,671345,"Foley, Jason",6/4/2023,717891,17,100,2023
17,657508,"Baumann, Mike",6/6/2023,717867,17,100,2023
17,664747,"Díaz, Alexis",8/18/2023,716954,17,100,2023
17,664294,"Moreta, Dauri",6/7/2023,717865,17,100,2023
17,622065,"Young, Alex",7/24/2023,717273,17,100,2023
17,666974,"Cano, Yennier",7/30/2023,717200,17,100,2023
17,542947,"Bleier, Richard",7/18/2023,717349,17,100,2023
17,689225,"Brieske, Beau",7/18/2023,717356,17,100,2023
17,605130,"Barlow, Scott",6/4/2023,717893,17,100,2023
17,681982,"Anderson, Grant",8/20/2023,716918,17,100,2023
17,663423,"Thornton, Trent",8/28/2023,716804,17,100,2023
17,657024,"Swanson, Erik",7/20/2023,717331,17,100,2023
17,681911,"Vesia, Alex",7/21/2023,717316,17,100,2023
17,518585,"Cruz, Fernando",6/4/2023,717897,17,100,2023
17,519151,"Pressly, Ryan",7/25/2023,717255,17,100,2023
17,681911,"Vesia, Alex",7/15/2023,717400,17,100,2023
17,669796,"Hernandez, Jose E.",8/9/2023,717058,17,100,2023
17,681911,"Vesia, Alex",6/7/2023,717853,17,100,2023
17,669674,"Long, Sam",6/20/2023,717679,17,100,2023
17,642397,"Soto, Gregory",7/9/2023,717426,17,100,2023
17,656945,"Scott, Tanner",8/8/2023,717083,17,100,2023
17,661395,"Duran, Jhoan",8/18/2023,716951,17,100,2023
17,670174,"Winckowski, Josh",8/5/2023,717125,17,100,2023
17,663947,"Holton, Tyler",8/22/2023,716896,17,100,2023
17,621051,"Wilson, Steven",6/5/2023,717880,17,100,2023
17,623437,"Topa, Justin",7/5/2023,717490,17,100,2023
17,663558,"Moran, Jovani",6/21/2023,717665,17,100,2023
17,672335,"Pérez, Cionel",6/26/2023,717611,17,100,2023
17,681882,"Selby, Colin",8/20/2023,716923,17,100,2023
17,650496,"Mejía, J.C.",7/6/2023,717474,17,100,2023
17,656820,"Padilla, Nicholas",7/6/2023,717480,17,100,2023
17,621345,"Minter, A.J.",8/26/2023,716848,17,100,2023
17,641835,"Mayza, Tim",8/24/2023,716865,17,100,2023
17,493603,"Ottavino, Adam",8/16/2023,716974,17,100,2023
17,661527,"Martinez, Seth",8/23/2023,716878,17,100,2023
17,668941,"Romero, JoJo",8/14/2023,716995,17,100,2023
17,542585,"Cisnero, José",6/29/2023,717570,17,100,2023
17,621294,"Heller, Ben",7/14/2023,717414,17,100,2023
17,543521,"McHugh, Collin",8/4/2023,717141,17,100,2023
17,656945,"Scott, Tanner",8/7/2023,717097,17,100,2023
17,656638,"Lange, Alex",6/18/2023,717711,17,100,2023
17,527048,"Pérez, Martín",8/6/2023,717102,17,100,2023
16,681911,"Vesia, Alex",6/9/2023,717837,16,100,2023
16,687330,"Kelly, Kevin",8/13/2023,717010,16,100,2023
16,489446,"Yates, Kirby",8/13/2023,717013,16,100,2023
16,621051,"Wilson, Steven",8/11/2023,717035,16,100,2023
16,621366,"Borucki, Ryan",8/13/2023,717027,16,100,2023
16,622780,"Perdomo, Angel",8/11/2023,717046,16,100,2023
16,489446,"Yates, Kirby",8/23/2023,716876,16,100,2023
16,666374,"Brash, Matt",7/16/2023,717373,16,100,2023
16,656464,"Ginkel, Kevin",7/18/2023,717358,16,100,2023
16,472610,"García, Luis",6/19/2023,717697,16,100,2023
16,623352,"Hader, Josh",7/19/2023,717338,16,100,2023
16,669169,"Heasley, Jonathan",7/18/2023,717356,16,100,2023
16,593576,"Neris, Héctor",6/21/2023,717670,16,100,2023
16,606303,"Payamps, Joel",6/20/2023,717680,16,100,2023
16,608665,"Graveman, Kendall",6/20/2023,717675,16,100,2023
16,664747,"Díaz, Alexis",6/16/2023,717737,16,100,2023
16,661383,"Ortega, Oliver",6/20/2023,717683,16,100,2023
16,595345,"Okert, Steven",8/31/2023,716776,16,100,2023
16,547973,"Chapman, Aroldis",8/26/2023,716839,16,100,2023
16,489446,"Yates, Kirby",8/26/2023,716848,16,100,2023
16,519151,"Pressly, Ryan",7/21/2023,717310,16,100,2023
16,518489,"Brasier, Ryan",8/27/2023,716831,16,100,2023
16,642207,"Williams, Devin",6/25/2023,717613,16,100,2023
16,596133,"Weaver, Luke",8/26/2023,716832,16,100,2023
16,678606,"Ferrer, Jose A.",8/11/2023,717043,16,100,2023
16,657097,"Webb, Jacob",7/19/2023,717339,16,100,2023
16,489446,"Yates, Kirby",7/20/2023,717337,16,100,2023
16,656464,"Ginkel, Kevin",8/26/2023,716833,16,100,2023
16,657240,"Merryweather, Julian",8/23/2023,716885,16,100,2023
16,660787,"De los Santos, Yerry",7/29/2023,717216,16,100,2023
16,592741,"Shreve, Chasen",7/21/2023,717317,16,100,2023
16,666808,"Doval, Camilo",8/27/2023,716819,16,100,2023
16,541640,"Ramírez, Erasmo",6/6/2023,717881,16,100,2023
16,676395,"Garcia, Robert",8/25/2023,716863,16,100,2023
16,657240,"Merryweather, Julian",6/13/2023,717782,16,100,2023
16,687145,"Justice, Evan",8/26/2023,716837,16,100,2023
16,660261,"Fujinami, Shintaro",8/23/2023,716874,16,100,2023
16,571656,"Farmer, Buck",6/7/2023,717853,16,100,2023
16,543507,"May, Trevor",6/13/2023,717774,16,100,2023
16,606160,"Montero, Rafael",8/9/2023,717067,16,100,2023
16,605280,"Holmes, Clay",6/8/2023,717857,16,100,2023
16,608371,"Sims, Lucas",8/13/2023,717015,16,100,2023
16,641627,"Gott, Trevor",8/12/2023,717021,16,100,2023
16,641871,"Middleton, Keynan",6/14/2023,717760,16,100,2023
16,643396,"Kiner-Falefa, Isiah",6/16/2023,717742,16,100,2023
16,656234,"Bird, Jake",6/16/2023,717745,16,100,2023
16,656271,"Burke, Brock",6/15/2023,717751,16,100,2023
16,643493,"Pruitt, Austin",6/4/2023,717896,16,100,2023
16,669947,"Scholtens, Jesse",6/17/2023,717722,16,100,2023
16,660813,"Graterol, Brusdar",6/4/2023,717888,16,100,2023
16,660813,"Graterol, Brusdar",6/7/2023,717853,16,100,2023
16,662253,"Muñoz, Andrés",6/26/2023,717602,16,100,2023
16,621016,"Cuas, Jose",7/24/2023,717277,16,100,2023
16,662253,"Muñoz, Andrés",8/13/2023,717005,16,100,2023
16,663558,"Moran, Jovani",6/23/2023,717647,16,100,2023
16,656546,"Hoffman, Jeff",7/24/2023,717280,16,100,2023
16,664747,"Díaz, Alexis",8/9/2023,717070,16,100,2023
16,548384,"Raley, Brooks",7/15/2023,717400,16,100,2023
16,663878,"Pearson, Nate",7/22/2023,717301,16,100,2023
16,573124,"Rogers, Taylor",7/15/2023,717398,16,100,2023
16,682842,"Uribe, Abner",7/29/2023,717211,16,100,2023
16,592773,"Stanek, Ryne",7/15/2023,717389,16,100,2023
16,600921,"Machado, Andrés",8/18/2023,716960,16,100,2023
16,623437,"Topa, Justin",7/26/2023,717250,16,100,2023
16,605280,"Holmes, Clay",7/9/2023,717433,16,100,2023
16,669912,"Snead, Kirby",8/13/2023,717016,16,100,2023
16,607755,"Vasquez, Andrew",7/15/2023,717397,16,100,2023
16,445276,"Jansen, Kenley",8/20/2023,716928,16,100,2023
16,608665,"Graveman, Kendall",7/15/2023,717395,16,100,2023
16,641871,"Middleton, Keynan",7/1/2023,717538,16,100,2023
16,666974,"Cano, Yennier",7/14/2023,717417,16,100,2023
16,547973,"Chapman, Aroldis",7/2/2023,717520,16,100,2023
16,669395,"Coleman, Dylan",7/17/2023,717368,16,100,2023
16,657571,"Ferguson, Caleb",7/21/2023,717316,16,100,2023
16,455119,"Martin, Chris",8/5/2023,717125,16,100,2023
16,628708,"Marte, Yunior",7/19/2023,717347,16,100,2023
16,593576,"Neris, Héctor",7/21/2023,717310,16,100,2023
16,605130,"Barlow, Scott",6/20/2023,717681,16,100,2023
16,680704,"Sandlin, Nick",7/19/2023,717348,16,100,2023
16,554340,"García, Yimi",8/27/2023,716825,16,100,2023
16,614179,"Ruiz, José",6/20/2023,717680,16,100,2023
16,656271,"Burke, Brock",8/8/2023,717069,16,100,2023
16,607179,"Weems, Jordan",6/7/2023,717866,16,100,2023
16,660853,"De Los Santos, Enyel",6/14/2023,717758,16,100,2023
16,650893,"Cabrera, Génesis",6/4/2023,717898,16,100,2023
16,670280,"Bednar, David",8/7/2023,717095,16,100,2023
16,661403,"Clase, Emmanuel",6/7/2023,717858,16,100,2023
16,642100,"Speier, Gabe",6/21/2023,717666,16,100,2023
16,670059,"Holderman, Colin",7/23/2023,717278,16,100,2023
16,662253,"Muñoz, Andrés",6/6/2023,717864,16,100,2023
16,670036,"Festa, Matt",6/7/2023,717863,16,100,2023
16,671345,"Foley, Jason",6/8/2023,717862,16,100,2023
16,677053,"Nardi, Andrew",6/25/2023,717620,16,100,2023
16,660261,"Fujinami, Shintaro",8/19/2023,716930,16,100,2023
16,682052,"Lopez, Jacob",8/19/2023,716925,16,100,2023
16,656271,"Burke, Brock",7/14/2023,717415,16,100,2023
16,650633,"King, Michael",7/8/2023,717447,16,100,2023
16,662253,"Muñoz, Andrés",7/16/2023,717373,16,100,2023
16,670174,"Winckowski, Josh",6/18/2023,717715,16,100,2023
16,592426,"Jackson, Luke",8/8/2023,717068,16,100,2023
16,641329,"Baker, Bryan",7/14/2023,717417,16,100,2023
16,594580,"Moll, Sam",8/22/2023,716892,16,100,2023
16,686839,"White, Brendan",8/28/2023,716808,16,100,2023
16,622075,"Almonte, Yency",8/5/2023,717112,16,100,2023
16,660813,"Graterol, Brusdar",7/7/2023,717456,16,100,2023
16,650633,"King, Michael",8/5/2023,717126,16,100,2023
16,592454,"Kahnle, Tommy",8/24/2023,716872,16,100,2023
16,656464,"Ginkel, Kevin",8/21/2023,716906,16,100,2023
16,701643,"Hartwig, Grant",6/19/2023,717694,16,100,2023
16,641360,"Bickford, Phil",7/16/2023,717385,16,100,2023
16,600921,"Machado, Andrés",8/23/2023,716877,16,100,2023
16,605347,"López, Jorge",8/25/2023,716863,16,100,2023
16,622065,"Young, Alex",8/19/2023,716935,16,100,2023
16,663423,"Thornton, Trent",8/29/2023,716790,16,100,2023
16,663462,"Campbell, Isaiah",8/29/2023,716790,16,100,2023
16,663804,"Kowar, Jackson",8/28/2023,716811,16,100,2023
16,592229,"Covey, Dylan",8/2/2023,717159,16,100,2023
16,554340,"García, Yimi",8/15/2023,716990,16,100,2023
16,656271,"Burke, Brock",8/26/2023,716839,16,100,2023
16,657514,"Bernardino, Brennan",8/12/2023,717033,16,100,2023
16,605280,"Holmes, Clay",8/2/2023,717160,16,100,2023
16,669212,"Morgan, Eli",8/16/2023,716973,16,100,2023
16,668674,"Erceg, Lucas",8/24/2023,716864,16,100,2023
16,676684,"Vest, Will",8/15/2023,716983,16,100,2023
16,606303,"Payamps, Joel",8/28/2023,716810,16,100,2023
16,676680,"Cosgrove, Tom",8/26/2023,716838,16,100,2023
16,621295,"Wittgren, Nick",8/4/2023,717140,16,100,2023
16,453268,"Bard, Daniel",6/28/2023,717578,16,100,2023
16,669111,"McMillon, John",8/27/2023,716820,16,100,2023
16,678061,"Kerr, Ray",8/31/2023,716777,16,100,2023
16,643511,"Rogers, Tyler",7/8/2023,717451,16,100,2023
16,663986,"Stephan, Trevor",8/22/2023,716897,16,100,2023
16,672578,"Hernández, Carlos",6/9/2023,717839,16,100,2023
16,643377,"Jax, Griffin",7/22/2023,717293,16,100,2023
16,622072,"Wood, Alex",8/23/2023,716879,16,100,2023
16,642397,"Soto, Gregory",6/22/2023,717657,16,100,2023
16,621016,"Cuas, Jose",8/21/2023,716913,16,100,2023
16,657024,"Swanson, Erik",6/23/2023,717646,16,100,2023
16,605280,"Holmes, Clay",6/13/2023,717779,16,100,2023
16,519151,"Pressly, Ryan",6/18/2023,717707,16,100,2023
16,640462,"Puk, A.J.",6/29/2023,717569,16,100,2023
16,622098,"Smith, Drew",8/1/2023,717170,16,100,2023
16,554340,"García, Yimi",8/24/2023,716865,16,100,2023
16,642048,"Saucedo, Tayler",6/28/2023,717587,16,100,2023
16,664208,"Maton, Phil",8/2/2023,717163,16,100,2023
16,642545,"Barria, Jaime",8/6/2023,717101,16,100,2023
16,621363,"Poche, Colin",8/1/2023,717175,16,100,2023
16,660261,"Fujinami, Shintaro",8/20/2023,716914,16,100,2023
16,666808,"Doval, Camilo",6/16/2023,717731,16,100,2023
16,669211,"Akin, Keegan",6/16/2023,717744,16,100,2023
16,592454,"Kahnle, Tommy",7/9/2023,717433,16,100,2023
16,669947,"Scholtens, Jesse",7/29/2023,717217,16,100,2023
16,687145,"Justice, Evan",8/28/2023,716812,16,100,2023
16,608032,"Estévez, Carlos",7/8/2023,717437,16,100,2023
16,493603,"Ottavino, Adam",6/3/2023,717910,16,100,2023
16,641627,"Gott, Trevor",7/8/2023,717436,16,100,2023
16,572955,"Johnson, Pierce",8/5/2023,717121,16,100,2023
16,621368,"Hearn, Taylor",8/10/2023,717051,16,100,2023
16,663855,"Hicks, Jordan",7/5/2023,717488,16,100,2023
16,593974,"Peralta, Wandy",7/15/2023,717394,16,100,2023
16,606160,"Montero, Rafael",6/29/2023,717566,16,100,2023
16,643493,"Pruitt, Austin",6/21/2023,717663,16,100,2023
16,666374,"Brash, Matt",8/4/2023,717130,16,100,2023
16,445276,"Jansen, Kenley",6/3/2023,717918,16,100,2023
16,548384,"Raley, Brooks",6/1/2023,717934,16,100,2023
16,641712,"Hudson, Dakota",7/9/2023,717424,16,100,2023
16,640462,"Puk, A.J.",7/22/2023,717306,16,100,2023
16,663878,"Pearson, Nate",6/3/2023,717910,16,100,2023
16,489446,"Yates, Kirby",6/9/2023,717829,16,100,2023
16,642100,"Speier, Gabe",7/22/2023,717301,16,100,2023
16,573124,"Rogers, Taylor",6/11/2023,717796,16,100,2023
16,613534,"Adams, Austin",6/12/2023,717785,16,100,2023
16,650556,"Abreu, Bryan",7/18/2023,717355,16,100,2023
16,670174,"Winckowski, Josh",6/3/2023,717918,16,100,2023
16,666808,"Doval, Camilo",7/25/2023,717272,16,100,2023
16,670950,"Richards, Trevor",6/3/2023,717910,16,100,2023
16,666168,"Thompson, Mason",8/20/2023,716929,16,100,2023
16,666168,"Thompson, Mason",6/21/2023,717673,16,100,2023
16,621363,"Poche, Colin",7/2/2023,717519,16,100,2023
16,625643,"López, Reynaldo",8/12/2023,717022,16,100,2023
16,445926,"Chavez, Jesse",6/6/2023,717872,16,100,2023
16,660787,"De los Santos, Yerry",7/1/2023,717540,16,100,2023
16,656382,"Doyle, Tommy",7/18/2023,717355,16,100,2023
16,605447,"Romano, Jordan",6/11/2023,717805,16,100,2023
16,622250,"Sborz, Josh",6/19/2023,717695,16,100,2023
16,623433,"Anderson, Nick",6/20/2023,717689,16,100,2023
16,661395,"Duran, Jhoan",7/23/2023,717285,16,100,2023
16,571656,"Farmer, Buck",7/31/2023,717188,16,100,2023
16,640448,"Finnegan, Kyle",6/9/2023,717829,16,100,2023
16,573009,"Mantiply, Joe",8/8/2023,717073,16,100,2023
16,472610,"García, Luis",7/20/2023,717331,16,100,2023
16,657514,"Bernardino, Brennan",8/25/2023,716866,16,100,2023
16,607259,"Martinez, Nick",7/19/2023,717338,16,100,2023
16,608032,"Estévez, Carlos",8/7/2023,717090,16,100,2023
16,650496,"Mejía, J.C.",7/18/2023,717363,16,100,2023
16,608678,"Leone, Dominic",7/29/2023,717215,16,100,2023
16,542585,"Cisnero, José",6/14/2023,717784,16,100,2023
16,572955,"Johnson, Pierce",6/15/2023,717754,16,100,2023
16,445276,"Jansen, Kenley",8/10/2023,717051,16,100,2023
16,594580,"Moll, Sam",6/5/2023,717884,16,100,2023
16,571863,"Koch, Matt",8/19/2023,716933,16,100,2023
16,621016,"Cuas, Jose",8/16/2023,716968,16,100,2023
16,667755,"Soriano, José",6/17/2023,717726,16,100,2023
16,622251,"Staumont, Josh",6/5/2023,717887,16,100,2023
16,657265,"Strzelecki, Peter",6/6/2023,717867,16,100,2023
16,657097,"Webb, Jacob",7/27/2023,717247,16,100,2023
16,670280,"Bednar, David",7/30/2023,717208,16,100,2023
16,640470,"Alzolay, Adbert",6/25/2023,717623,16,100,2023
16,666168,"Thompson, Mason",8/25/2023,716863,16,100,2023
16,686651,"Stoudt, Levi",7/23/2023,717289,16,100,2023
16,675916,"Karinchak, James",6/4/2023,717895,16,100,2023
16,622780,"Perdomo, Angel",8/13/2023,717015,16,100,2023
16,672335,"Pérez, Cionel",6/27/2023,717601,16,100,2023
16,663158,"Suarez, Robert",7/29/2023,717209,16,100,2023
16,607259,"Martinez, Nick",7/15/2023,717408,16,100,2023
16,472610,"García, Luis",8/25/2023,716857,16,100,2023
16,676092,"Snider, Collin",7/2/2023,717527,16,100,2023
16,656546,"Hoffman, Jeff",8/12/2023,717028,16,100,2023
16,663855,"Hicks, Jordan",6/7/2023,717854,16,100,2023
16,543521,"McHugh, Collin",6/7/2023,717850,16,100,2023
16,669674,"Long, Sam",7/16/2023,717379,16,100,2023
16,663855,"Hicks, Jordan",8/28/2023,716816,16,100,2023
16,622780,"Perdomo, Angel",6/5/2023,717884,16,100,2023
16,642397,"Soto, Gregory",7/15/2023,717397,16,100,2023
16,676254,"Walker, Ryan",8/11/2023,717031,16,100,2023
16,674285,"Salazar, Eduardo",6/6/2023,717870,16,100,2023
16,677020,"Walker, Josh",8/9/2023,717062,16,100,2023
16,571882,"Law, Derek",7/16/2023,717383,16,100,2023
16,571901,"Loup, Aaron",7/7/2023,717456,16,100,2023
16,656234,"Bird, Jake",6/19/2023,717701,16,100,2023
16,664139,"Gibaut, Ian",7/19/2023,717342,16,100,2023
16,605130,"Barlow, Scott",7/9/2023,717434,16,100,2023
16,642585,"Bautista, Félix",8/6/2023,717107,16,100,2023
16,455119,"Martin, Chris",6/21/2023,717665,16,100,2023
16,605280,"Holmes, Clay",6/3/2023,717905,16,100,2023
16,547973,"Chapman, Aroldis",8/5/2023,717124,16,100,2023
16,622065,"Young, Alex",8/6/2023,717104,16,100,2023
16,623352,"Hader, Josh",6/20/2023,717688,16,100,2023
16,663986,"Stephan, Trevor",8/8/2023,717074,16,100,2023
16,605130,"Barlow, Scott",8/22/2023,716887,16,100,2023
16,621368,"Hearn, Taylor",8/21/2023,716904,16,100,2023
16,628452,"Iglesias, Raisel",8/22/2023,716891,16,100,2023
16,656945,"Scott, Tanner",8/22/2023,716887,16,100,2023
16,664139,"Gibaut, Ian",6/17/2023,717727,16,100,2023
16,666619,"Santos, Gregory",8/20/2023,716916,16,100,2023
16,642397,"Soto, Gregory",8/18/2023,716960,16,100,2023
16,543351,"Jackson, Jay",8/27/2023,716825,16,100,2023
16,573204,"Thielbar, Caleb",8/30/2023,716784,16,100,2023
16,592767,"Smyly, Drew",8/28/2023,716810,16,100,2023
16,606965,"Devenski, Chris",6/8/2023,717838,16,100,2023
16,628708,"Marte, Yunior",7/15/2023,717408,16,100,2023
16,640470,"Alzolay, Adbert",8/30/2023,716779,16,100,2023
16,596001,"Junis, Jakob",8/23/2023,716879,16,100,2023
16,656638,"Lange, Alex",8/31/2023,716775,16,100,2023
16,641871,"Middleton, Keynan",8/24/2023,716872,16,100,2023
16,650556,"Abreu, Bryan",8/23/2023,716878,16,100,2023
16,657097,"Webb, Jacob",8/26/2023,716837,16,100,2023
16,663158,"Suarez, Robert",8/26/2023,716838,16,100,2023
16,663947,"Holton, Tyler",6/11/2023,717804,16,100,2023
16,519151,"Pressly, Ryan",8/2/2023,717163,16,100,2023
16,666619,"Santos, Gregory",8/15/2023,716986,16,100,2023
16,669459,"Nelson, Kyle",8/17/2023,716957,16,100,2023
16,682010,"Ramsey, Lane",8/15/2023,716986,16,100,2023
16,523260,"Kelly, Joe",6/24/2023,717629,16,100,2023
16,596112,"Stephenson, Robert",8/13/2023,717010,16,100,2023
16,542888,"Armstrong, Shawn",6/22/2023,717659,16,100,2023
16,650556,"Abreu, Bryan",7/20/2023,717323,16,100,2023
16,608638,"Chargois, JT",6/9/2023,717828,16,100,2023
16,554340,"García, Yimi",6/9/2023,717835,16,100,2023
16,571656,"Farmer, Buck",6/25/2023,717618,16,100,2023
16,621363,"Poche, Colin",6/5/2023,717928,16,100,2023
16,642048,"Saucedo, Tayler",8/28/2023,716804,16,100,2023
16,660787,"De los Santos, Yerry",6/3/2023,717907,16,100,2023
16,657240,"Merryweather, Julian",6/2/2023,717921,16,100,2023
16,657024,"Swanson, Erik",6/3/2023,717910,16,100,2023
16,518585,"Cruz, Fernando",6/12/2023,717793,16,100,2023
16,621381,"Strahm, Matt",6/30/2023,717563,16,100,2023
16,687798,"Robertson, Nick",7/6/2023,717462,16,100,2023
16,670102,"Francis, Bowden",7/7/2023,717457,16,100,2023
16,606149,"Gallegos, Giovanny",7/24/2023,717268,16,100,2023
16,663558,"Moran, Jovani",7/7/2023,717458,16,100,2023
16,622554,"Domínguez, Seranthony",7/26/2023,717245,16,100,2023
16,701643,"Hartwig, Grant",8/17/2023,716958,16,100,2023
16,547184,"Kelly, Michael",7/15/2023,717402,16,100,2023
16,667463,"King, John",8/20/2023,716921,16,100,2023
16,607259,"Martinez, Nick",7/28/2023,717224,16,100,2023
16,607179,"Weems, Jordan",7/14/2023,717407,16,100,2023
16,592454,"Kahnle, Tommy",7/15/2023,717394,16,100,2023
16,657097,"Webb, Jacob",6/29/2023,717560,16,100,2023
16,664942,"Naile, James",8/3/2023,717145,16,100,2023
16,605242,"Fulmer, Michael",7/25/2023,717263,16,100,2023
16,676254,"Walker, Ryan",8/31/2023,716777,16,100,2023
16,543859,"Tonkin, Michael",8/2/2023,717165,16,100,2023
16,542947,"Bleier, Richard",8/4/2023,717136,16,100,2023
16,621363,"Poche, Colin",8/18/2023,716945,16,100,2023
16,642585,"Bautista, Félix",6/24/2023,717628,16,100,2023
16,594580,"Moll, Sam",8/20/2023,716924,16,100,2023
16,640448,"Finnegan, Kyle",6/24/2023,717638,16,100,2023
16,607481,"Bummer, Aaron",6/25/2023,717614,16,100,2023
16,607755,"Vasquez, Andrew",8/6/2023,717103,16,100,2023
16,571539,"Carasiti, Matt",6/11/2023,717798,16,100,2023
16,641729,"Jiménez, Joe",7/1/2023,717536,16,100,2023
16,595345,"Okert, Steven",6/30/2023,717558,16,100,2023
16,664208,"Maton, Phil",7/3/2023,717514,16,100,2023
16,670280,"Bednar, David",6/11/2023,717803,16,100,2023
16,656546,"Hoffman, Jeff",6/30/2023,717563,16,100,2023
16,622075,"Almonte, Yency",6/11/2023,717806,16,100,2023
16,571656,"Farmer, Buck",6/16/2023,717737,16,100,2023
16,612434,"Castro, Miguel",7/20/2023,717337,16,100,2023
16,676979,"Crochet, Garrett",6/10/2023,717820,16,100,2023
16,663765,"Woodford, Jake",6/24/2023,717637,16,100,2023
16,666974,"Cano, Yennier",6/24/2023,717628,16,100,2023
16,519043,"Moore, Matt",8/4/2023,717130,16,100,2023
16,656529,"Hentges, Sam",8/22/2023,716897,16,100,2023
16,641941,"Pagán, Emilio",8/1/2023,717174,16,100,2023
16,547973,"Chapman, Aroldis",8/3/2023,717149,16,100,2023
16,518886,"Kimbrel, Craig",8/10/2023,717049,16,100,2023
16,628708,"Marte, Yunior",6/29/2023,717567,16,100,2023
16,666974,"Cano, Yennier",7/5/2023,717487,16,100,2023
16,608371,"Sims, Lucas",8/2/2023,717153,16,100,2023
16,623437,"Topa, Justin",6/17/2023,717722,16,100,2023
16,608678,"Leone, Dominic",8/4/2023,717130,16,100,2023
16,621345,"Minter, A.J.",8/1/2023,717176,16,100,2023
16,641771,"Kuhl, Chad",6/16/2023,717749,16,100,2023
16,662253,"Muñoz, Andrés",8/3/2023,717144,16,100,2023
16,643410,"Leiter Jr., Mark",6/13/2023,717782,16,100,2023
16,621366,"Borucki, Ryan",7/19/2023,717348,16,100,2023
16,660853,"De Los Santos, Enyel",6/29/2023,717573,16,100,2023
16,686294,"Willingham, Amos",8/4/2023,717139,16,100,2023
16,670059,"Holderman, Colin",7/14/2023,717416,16,100,2023
16,657024,"Swanson, Erik",8/2/2023,717157,16,100,2023
16,661403,"Clase, Emmanuel",8/8/2023,717074,16,100,2023
16,543056,"Coulombe, Danny",6/20/2023,717687,16,100,2023
16,669212,"Morgan, Eli",6/13/2023,717772,16,100,2023
16,669459,"Nelson, Kyle",6/15/2023,717755,16,100,2023
16,622780,"Perdomo, Angel",7/30/2023,717208,16,100,2023
16,622250,"Sborz, Josh",7/29/2023,717209,16,100,2023
16,675540,"Curry, Xzavion",6/14/2023,717758,16,100,2023
16,518617,"Diekman, Jake",6/23/2023,717649,16,100,2023
16,656945,"Scott, Tanner",7/31/2023,717189,16,100,2023
16,663986,"Stephan, Trevor",7/27/2023,717233,16,100,2023
16,666277,"Soriano, George",8/16/2023,716972,16,100,2023
16,666619,"Santos, Gregory",7/27/2023,717233,16,100,2023
16,676680,"Cosgrove, Tom",7/28/2023,717224,16,100,2023
16,680735,"Cox, Austin",7/22/2023,717304,16,100,2023
16,664747,"Díaz, Alexis",7/6/2023,717481,16,100,2023
16,665625,"Peguero, Elvis",7/6/2023,717474,16,100,2023
16,668941,"Romero, JoJo",7/7/2023,717455,16,100,2023
16,669212,"Morgan, Eli",7/8/2023,717443,16,100,2023
16,669467,"Pallante, Andre",7/7/2023,717455,16,100,2023
16,622065,"Young, Alex",6/2/2023,717931,16,100,2023
16,682989,"Mederos, Victor",8/1/2023,717176,16,100,2023
16,623465,"Phillips, Evan",7/24/2023,717271,16,100,2023
16,595345,"Okert, Steven",6/7/2023,717860,16,100,2023
16,640451,"Harvey, Hunter",6/2/2023,717935,16,100,2023
16,572955,"Johnson, Pierce",6/6/2023,717869,16,100,2023
16,543521,"McHugh, Collin",8/2/2023,717165,16,100,2023
16,670097,"Short, Zack",7/22/2023,717299,16,100,2023
16,592741,"Shreve, Chasen",7/25/2023,717265,16,100,2023
16,641627,"Gott, Trevor",6/27/2023,717590,16,100,2023
16,642585,"Bautista, Félix",6/2/2023,717920,16,100,2023
16,656464,"Ginkel, Kevin",6/30/2023,717549,16,100,2023
16,681911,"Vesia, Alex",7/23/2023,717284,16,100,2023
16,687888,"Walter, Brandon",7/23/2023,717298,16,100,2023
16,548384,"Raley, Brooks",7/28/2023,717230,16,100,2023
16,571656,"Farmer, Buck",7/29/2023,717205,16,100,2023
16,677865,"Bruihl, Justin",6/30/2023,717553,16,100,2023
16,573124,"Rogers, Taylor",7/31/2023,717190,16,100,2023
16,542585,"Cisnero, José",6/3/2023,717915,16,100,2023
16,640470,"Alzolay, Adbert",7/22/2023,717308,16,100,2023
16,592454,"Kahnle, Tommy",7/1/2023,717550,16,100,2023
16,593576,"Neris, Héctor",7/2/2023,717520,16,100,2023
16,670174,"Winckowski, Josh",6/1/2023,717932,16,100,2023
16,665625,"Peguero, Elvis",6/2/2023,717931,16,100,2023
16,554340,"García, Yimi",6/5/2023,717878,16,100,2023
16,676680,"Cosgrove, Tom",6/1/2023,717941,16,100,2023
16,621016,"Cuas, Jose",6/23/2023,717649,16,100,2023
16,594580,"Moll, Sam",6/11/2023,717800,16,100,2023
16,660261,"Fujinami, Shintaro",6/20/2023,717679,16,100,2023
16,623465,"Phillips, Evan",7/2/2023,717527,16,100,2023
16,592454,"Kahnle, Tommy",6/10/2023,717825,16,100,2023
16,696147,"Bachman, Sam",6/9/2023,717824,16,100,2023
16,642100,"Speier, Gabe",8/20/2023,716920,16,100,2023
16,662253,"Muñoz, Andrés",7/2/2023,717519,16,100,2023
15,671345,"Foley, Jason",7/8/2023,717442,15,100,2023
15,656638,"Lange, Alex",8/28/2023,716808,15,100,2023
15,621237,"Alvarado, José",8/27/2023,716835,15,100,2023
15,663947,"Holton, Tyler",8/31/2023,716775,15,100,2023
15,519293,"Smith, Will",8/21/2023,716906,15,100,2023
15,670167,"Schreiber, John",8/19/2023,716943,15,100,2023
15,641627,"Gott, Trevor",7/22/2023,717309,15,100,2023
15,663158,"Suarez, Robert",8/21/2023,716907,15,100,2023
15,519151,"Pressly, Ryan",8/20/2023,716920,15,100,2023
15,642207,"Williams, Devin",7/9/2023,717427,15,100,2023
15,694037,"Palencia, Daniel",8/22/2023,716896,15,100,2023
15,643377,"Jax, Griffin",8/24/2023,716867,15,100,2023
15,592454,"Kahnle, Tommy",8/31/2023,716775,15,100,2023
15,669459,"Nelson, Kyle",8/22/2023,716889,15,100,2023
15,671345,"Foley, Jason",8/18/2023,716956,15,100,2023
15,676395,"Garcia, Robert",7/14/2023,717417,15,100,2023
15,664126,"Fairbanks, Pete",7/20/2023,717328,15,100,2023
15,518489,"Brasier, Ryan",8/6/2023,717093,15,100,2023
15,657571,"Ferguson, Caleb",7/17/2023,717372,15,100,2023
15,686839,"White, Brendan",8/9/2023,717061,15,100,2023
15,572955,"Johnson, Pierce",7/14/2023,717410,15,100,2023
15,621295,"Wittgren, Nick",7/15/2023,717411,15,100,2023
15,676714,"Hughes, Brandon",6/6/2023,717861,15,100,2023
15,657024,"Swanson, Erik",6/6/2023,717871,15,100,2023
15,621381,"Strahm, Matt",8/28/2023,716817,15,100,2023
15,605242,"Fulmer, Michael",6/4/2023,717889,15,100,2023
15,663462,"Campbell, Isaiah",7/15/2023,717390,15,100,2023
15,621363,"Poche, Colin",8/6/2023,717103,15,100,2023
15,701643,"Hartwig, Grant",8/13/2023,717013,15,100,2023
15,608032,"Estévez, Carlos",6/6/2023,717861,15,100,2023
15,656945,"Scott, Tanner",7/16/2023,717384,15,100,2023
15,641627,"Gott, Trevor",7/14/2023,717413,15,100,2023
15,518489,"Brasier, Ryan",7/17/2023,717372,15,100,2023
15,622780,"Perdomo, Angel",7/9/2023,717425,15,100,2023
15,642048,"Saucedo, Tayler",7/14/2023,717406,15,100,2023
15,686654,"Adcock, Ty",7/17/2023,717365,15,100,2023
15,621345,"Minter, A.J.",7/2/2023,717532,15,100,2023
15,542585,"Cisnero, José",7/9/2023,717431,15,100,2023
15,666374,"Brash, Matt",7/30/2023,717193,15,100,2023
15,669424,"Lambert, Jimmy",8/6/2023,717108,15,100,2023
15,669459,"Nelson, Kyle",6/6/2023,717881,15,100,2023
15,671345,"Foley, Jason",6/15/2023,717752,15,100,2023
15,643377,"Jax, Griffin",7/19/2023,717335,15,100,2023
15,677020,"Walker, Josh",7/22/2023,717309,15,100,2023
15,543766,"Shaw, Bryan",8/12/2023,717023,15,100,2023
15,519293,"Smith, Will",6/6/2023,717868,15,100,2023
15,660853,"De Los Santos, Enyel",8/25/2023,716860,15,100,2023
15,571656,"Farmer, Buck",7/21/2023,717321,15,100,2023
15,543056,"Coulombe, Danny",8/26/2023,716837,15,100,2023
15,657024,"Swanson, Erik",6/9/2023,717835,15,100,2023
15,640470,"Alzolay, Adbert",7/21/2023,717325,15,100,2023
15,671345,"Foley, Jason",7/2/2023,717523,15,100,2023
15,571901,"Loup, Aaron",6/21/2023,717662,15,100,2023
15,656464,"Ginkel, Kevin",8/12/2023,717020,15,100,2023
15,641672,"Hatch, Thomas",7/6/2023,717468,15,100,2023
15,518886,"Kimbrel, Craig",7/2/2023,717528,15,100,2023
15,664875,"Lawrence, Justin",6/3/2023,717909,15,100,2023
15,601713,"Pivetta, Nick",6/1/2023,717932,15,100,2023
15,641703,"Honeywell, Brent",6/3/2023,717903,15,100,2023
15,622250,"Sborz, Josh",6/21/2023,717667,15,100,2023
15,656638,"Lange, Alex",7/25/2023,717265,15,100,2023
15,660853,"De Los Santos, Enyel",7/23/2023,717283,15,100,2023
15,663947,"Holton, Tyler",7/24/2023,718558,15,100,2023
15,623211,"Brazobán, Huascar",7/23/2023,717292,15,100,2023
15,621363,"Poche, Colin",7/28/2023,717229,15,100,2023
15,642207,"Williams, Devin",8/8/2023,717078,15,100,2023
15,592773,"Stanek, Ryne",7/31/2023,717184,15,100,2023
15,607259,"Martinez, Nick",7/31/2023,717179,15,100,2023
15,663986,"Stephan, Trevor",6/27/2023,717591,15,100,2023
15,682842,"Uribe, Abner",8/6/2023,717105,15,100,2023
15,657612,"Hill, Tim",8/1/2023,717169,15,100,2023
15,571882,"Law, Derek",8/28/2023,716823,15,100,2023
15,592094,"Adam, Jason",6/14/2023,717761,15,100,2023
15,594580,"Moll, Sam",8/3/2023,717146,15,100,2023
15,666808,"Doval, Camilo",8/7/2023,717090,15,100,2023
15,593576,"Neris, Héctor",8/2/2023,717163,15,100,2023
15,601713,"Pivetta, Nick",8/23/2023,716878,15,100,2023
15,623149,"Sewald, Paul",6/24/2023,717628,15,100,2023
15,642528,"Loáisiga, Jonathan",8/20/2023,716928,15,100,2023
15,605177,"Chafin, Andrew",6/25/2023,717612,15,100,2023
15,472610,"García, Luis",6/15/2023,717750,15,100,2023
15,543056,"Coulombe, Danny",6/14/2023,717769,15,100,2023
15,642048,"Saucedo, Tayler",6/23/2023,717651,15,100,2023
15,548384,"Raley, Brooks",6/17/2023,717718,15,100,2023
15,664875,"Lawrence, Justin",8/14/2023,716998,15,100,2023
15,622250,"Sborz, Josh",8/7/2023,717081,15,100,2023
15,592741,"Shreve, Chasen",8/4/2023,717135,15,100,2023
15,593576,"Neris, Héctor",6/17/2023,717727,15,100,2023
15,624647,"González, Victor",6/28/2023,717578,15,100,2023
15,607481,"Bummer, Aaron",6/17/2023,717722,15,100,2023
15,650960,"Duarte, Daniel",8/13/2023,717027,15,100,2023
15,592779,"Stewart, Brock",6/21/2023,717665,15,100,2023
15,669947,"Scholtens, Jesse",7/16/2023,717391,15,100,2023
15,607216,"Krehbiel, Joey",8/1/2023,717177,15,100,2023
15,608344,"Irvin, Cole",8/4/2023,717134,15,100,2023
15,662253,"Muñoz, Andrés",8/2/2023,717161,15,100,2023
15,661403,"Clase, Emmanuel",6/29/2023,717573,15,100,2023
15,600917,"Leclerc, José",7/29/2023,717209,15,100,2023
15,607259,"Martinez, Nick",7/30/2023,717191,15,100,2023
15,664199,"Clarke, Taylor",6/29/2023,717573,15,100,2023
15,621016,"Cuas, Jose",7/28/2023,717232,15,100,2023
15,572403,"VerHagen, Drew",8/6/2023,717099,15,100,2023
15,640448,"Finnegan, Kyle",7/31/2023,717192,15,100,2023
15,640448,"Finnegan, Kyle",8/4/2023,717139,15,100,2023
15,680704,"Sandlin, Nick",6/28/2023,717577,15,100,2023
15,642585,"Bautista, Félix",7/22/2023,717300,15,100,2023
15,621366,"Borucki, Ryan",7/24/2023,717276,15,100,2023
15,608348,"Kelly, Carson",7/6/2023,717470,15,100,2023
15,621057,"Garza, Justin",7/6/2023,717471,15,100,2023
15,641703,"Honeywell, Brent",7/7/2023,717454,15,100,2023
15,661527,"Martinez, Seth",7/7/2023,717453,15,100,2023
15,543056,"Coulombe, Danny",6/2/2023,717920,15,100,2023
15,664199,"Clarke, Taylor",7/8/2023,717443,15,100,2023
15,592773,"Stanek, Ryne",6/27/2023,717598,15,100,2023
15,500871,"Escobar, Eduardo",8/14/2023,716997,15,100,2023
15,621294,"Heller, Ben",6/27/2023,717600,15,100,2023
15,640455,"Manaea, Sean",6/30/2023,717556,15,100,2023
15,642100,"Speier, Gabe",6/27/2023,717590,15,100,2023
15,663158,"Suarez, Robert",8/1/2023,717169,15,100,2023
15,656257,"Brigham, Jeff",6/2/2023,717929,15,100,2023
15,676760,"Marinaccio, Ron",6/29/2023,717574,15,100,2023
15,656638,"Lange, Alex",6/3/2023,717915,15,100,2023
15,661403,"Clase, Emmanuel",6/3/2023,717913,15,100,2023
15,593974,"Peralta, Wandy",7/26/2023,717248,15,100,2023
15,623465,"Phillips, Evan",7/23/2023,717284,15,100,2023
15,671345,"Foley, Jason",6/3/2023,717915,15,100,2023
15,595345,"Okert, Steven",8/7/2023,717097,15,100,2023
15,669912,"Snead, Kirby",8/2/2023,717154,15,100,2023
15,677020,"Walker, Josh",8/4/2023,717134,15,100,2023
15,682171,"Murfee, Penn",6/11/2023,717799,15,100,2023
15,665625,"Peguero, Elvis",6/6/2023,717867,15,100,2023
15,621345,"Minter, A.J.",8/9/2023,717058,15,100,2023
15,640462,"Puk, A.J.",7/3/2023,717515,15,100,2023
15,643410,"Leiter Jr., Mark",8/12/2023,717026,15,100,2023
15,657097,"Webb, Jacob",8/12/2023,717018,15,100,2023
15,606303,"Payamps, Joel",7/3/2023,717511,15,100,2023
15,518489,"Brasier, Ryan",7/30/2023,717194,15,100,2023
15,592454,"Kahnle, Tommy",6/18/2023,717715,15,100,2023
15,543518,"McGough, Scott",7/31/2023,717190,15,100,2023
15,608638,"Chargois, JT",6/11/2023,717795,15,100,2023
15,676680,"Cosgrove, Tom",7/2/2023,717526,15,100,2023
15,656529,"Hentges, Sam",6/21/2023,717663,15,100,2023
15,657571,"Ferguson, Caleb",6/20/2023,717678,15,100,2023
15,663855,"Hicks, Jordan",6/19/2023,717699,15,100,2023
15,554340,"García, Yimi",7/1/2023,717547,15,100,2023
15,663855,"Hicks, Jordan",7/17/2023,717374,15,100,2023
15,663855,"Hicks, Jordan",7/18/2023,717357,15,100,2023
15,600921,"Machado, Andrés",7/29/2023,717215,15,100,2023
15,455119,"Martin, Chris",7/17/2023,717366,15,100,2023
15,656849,"Peterson, David",7/20/2023,717330,15,100,2023
15,670059,"Holderman, Colin",6/10/2023,717812,15,100,2023
15,571539,"Carasiti, Matt",6/13/2023,717788,15,100,2023
15,677053,"Nardi, Andrew",6/9/2023,717828,15,100,2023
15,608638,"Chargois, JT",8/31/2023,716776,15,100,2023
15,640462,"Puk, A.J.",6/16/2023,717749,15,100,2023
15,543272,"Hand, Brad",6/6/2023,717869,15,100,2023
15,641793,"Littell, Zack",6/17/2023,717717,15,100,2023
15,642048,"Saucedo, Tayler",7/30/2023,717193,15,100,2023
15,668674,"Erceg, Lucas",6/17/2023,717725,15,100,2023
15,668942,"Rojas, Josh",6/13/2023,717775,15,100,2023
15,642048,"Saucedo, Tayler",6/7/2023,717863,15,100,2023
15,593576,"Neris, Héctor",8/12/2023,717022,15,100,2023
15,608344,"Irvin, Cole",7/26/2023,717245,15,100,2023
15,592426,"Jackson, Luke",7/26/2023,717251,15,100,2023
15,694037,"Palencia, Daniel",7/22/2023,717308,15,100,2023
15,601713,"Pivetta, Nick",7/22/2023,717309,15,100,2023
15,664199,"Clarke, Taylor",8/18/2023,716955,15,100,2023
15,642397,"Soto, Gregory",7/23/2023,717283,15,100,2023
15,676680,"Cosgrove, Tom",6/4/2023,717889,15,100,2023
15,686839,"White, Brendan",7/25/2023,717265,15,100,2023
15,543507,"May, Trevor",7/1/2023,717538,15,100,2023
15,663558,"Moran, Jovani",7/14/2023,717409,15,100,2023
15,607237,"Garrett, Amir",7/2/2023,717527,15,100,2023
15,642207,"Williams, Devin",8/12/2023,717023,15,100,2023
15,643377,"Jax, Griffin",8/12/2023,717028,15,100,2023
15,676680,"Cosgrove, Tom",7/3/2023,717505,15,100,2023
15,592094,"Adam, Jason",7/20/2023,717328,15,100,2023
15,640470,"Alzolay, Adbert",7/16/2023,717376,15,100,2023
15,641627,"Gott, Trevor",7/16/2023,717385,15,100,2023
15,682120,"Herrin, Tim",7/21/2023,717315,15,100,2023
15,552640,"Kittredge, Andrew",8/18/2023,716945,15,100,2023
15,621363,"Poche, Colin",7/21/2023,717320,15,100,2023
15,664139,"Gibaut, Ian",8/13/2023,717027,15,100,2023
15,608717,"Stratton, Chris",7/21/2023,717325,15,100,2023
15,621051,"Wilson, Steven",7/20/2023,717331,15,100,2023
15,605242,"Fulmer, Michael",7/21/2023,717325,15,100,2023
15,660853,"De Los Santos, Enyel",6/8/2023,717842,15,100,2023
15,607179,"Weems, Jordan",8/5/2023,717120,15,100,2023
15,592454,"Kahnle, Tommy",7/7/2023,717464,15,100,2023
15,613534,"Adams, Austin",6/2/2023,717919,15,100,2023
15,657024,"Swanson, Erik",8/5/2023,717125,15,100,2023
15,657240,"Merryweather, Julian",8/8/2023,717080,15,100,2023
15,665734,"Felipe, Angel",8/5/2023,717117,15,100,2023
15,669387,"Mlodzinski, Carmen",8/7/2023,717095,15,100,2023
15,664294,"Moreta, Dauri",6/22/2023,717654,15,100,2023
15,656353,"Davidson, Tucker",8/8/2023,717077,15,100,2023
15,658648,"Avila, Pedro",8/21/2023,716907,15,100,2023
15,621074,"Rucker, Michael",7/8/2023,717447,15,100,2023
15,571863,"Koch, Matt",8/20/2023,716916,15,100,2023
15,643410,"Leiter Jr., Mark",8/15/2023,716986,15,100,2023
15,640448,"Finnegan, Kyle",7/8/2023,717450,15,100,2023
15,502085,"Robertson, David",8/18/2023,716946,15,100,2023
15,656814,"Ortiz, Luis F.",8/20/2023,716929,15,100,2023
15,621051,"Wilson, Steven",8/21/2023,716907,15,100,2023
15,455119,"Martin, Chris",8/30/2023,716794,15,100,2023
15,677020,"Walker, Josh",6/25/2023,717624,15,100,2023
15,592094,"Adam, Jason",8/27/2023,716828,15,100,2023
15,669459,"Nelson, Kyle",6/17/2023,717719,15,100,2023
15,666277,"Soriano, George",8/29/2023,716807,15,100,2023
15,678606,"Ferrer, Jose A.",8/28/2023,716816,15,100,2023
15,608717,"Stratton, Chris",7/16/2023,717380,15,100,2023
15,641941,"Pagán, Emilio",8/16/2023,716976,15,100,2023
15,519151,"Pressly, Ryan",6/28/2023,717582,15,100,2023
15,547973,"Chapman, Aroldis",8/1/2023,717168,15,100,2023
15,548384,"Raley, Brooks",6/23/2023,717656,15,100,2023
15,669111,"McMillon, John",8/17/2023,716964,15,100,2023
15,445276,"Jansen, Kenley",6/29/2023,717569,15,100,2023
15,671111,"Peralta, Sammy",8/23/2023,716881,15,100,2023
15,493603,"Ottavino, Adam",6/14/2023,717766,15,100,2023
15,592454,"Kahnle, Tommy",7/26/2023,717248,15,100,2023
15,676680,"Cosgrove, Tom",8/4/2023,717129,15,100,2023
15,592779,"Stewart, Brock",6/2/2023,717924,15,100,2023
15,605441,"Ríos, Yacksel",6/25/2023,717617,15,100,2023
15,661395,"Duran, Jhoan",6/25/2023,717621,15,100,2023
15,625643,"López, Reynaldo",6/26/2023,717608,15,100,2023
15,571670,"Floro, Dylan",6/14/2023,717759,15,100,2023
15,676684,"Vest, Will",6/25/2023,717621,15,100,2023
15,571863,"Koch, Matt",8/4/2023,717127,15,100,2023
15,641627,"Gott, Trevor",8/4/2023,717134,15,100,2023
15,643377,"Jax, Griffin",8/3/2023,717145,15,100,2023
15,669212,"Morgan, Eli",6/1/2023,717937,15,100,2023
15,518886,"Kimbrel, Craig",7/30/2023,717208,15,100,2023
15,542947,"Bleier, Richard",7/30/2023,717197,15,100,2023
15,663855,"Hicks, Jordan",6/17/2023,717718,15,100,2023
15,543859,"Tonkin, Michael",7/29/2023,717211,15,100,2023
15,472610,"García, Luis",7/15/2023,717397,15,100,2023
15,663947,"Holton, Tyler",6/14/2023,717770,15,100,2023
15,571948,"Milner, Hoby",7/30/2023,717206,15,100,2023
15,628452,"Iglesias, Raisel",7/28/2023,717231,15,100,2023
15,675540,"Curry, Xzavion",6/13/2023,717772,15,100,2023
15,641360,"Bickford, Phil",7/28/2023,717225,15,100,2023
15,663855,"Hicks, Jordan",8/1/2023,717177,15,100,2023
15,641360,"Bickford, Phil",7/26/2023,717253,15,100,2023
15,664208,"Maton, Phil",8/3/2023,717142,15,100,2023
15,571863,"Koch, Matt",8/15/2023,716978,15,100,2023
15,571948,"Milner, Hoby",6/26/2023,717607,15,100,2023
15,592229,"Covey, Dylan",7/8/2023,717438,15,100,2023
15,607259,"Martinez, Nick",7/8/2023,717436,15,100,2023
15,670059,"Holderman, Colin",8/4/2023,717131,15,100,2023
15,661440,"Llovera, Mauricio",8/29/2023,716802,15,100,2023
15,623211,"Brazobán, Huascar",7/5/2023,717488,15,100,2023
15,656546,"Hoffman, Jeff",7/23/2023,717283,15,100,2023
15,623352,"Hader, Josh",7/5/2023,717478,15,100,2023
15,642207,"Williams, Devin",7/7/2023,717459,15,100,2023
15,676265,"Abbott, Cory",7/6/2023,717481,15,100,2023
15,612434,"Castro, Miguel",6/2/2023,717919,15,100,2023
15,686839,"White, Brendan",7/6/2023,717476,15,100,2023
15,571948,"Milner, Hoby",6/29/2023,717565,15,100,2023
15,572955,"Johnson, Pierce",6/30/2023,717552,15,100,2023
15,596112,"Stephenson, Robert",6/22/2023,717659,15,100,2023
15,607237,"Garrett, Amir",6/30/2023,717553,15,100,2023
15,640448,"Finnegan, Kyle",6/27/2023,717590,15,100,2023
15,641329,"Baker, Bryan",6/3/2023,717916,15,100,2023
15,650556,"Abreu, Bryan",6/1/2023,717936,15,100,2023
15,657053,"Toussaint, Touki",7/26/2023,717240,15,100,2023
15,660787,"De los Santos, Yerry",6/30/2023,717562,15,100,2023
15,656257,"Brigham, Jeff",6/1/2023,717934,15,100,2023
15,489446,"Yates, Kirby",7/26/2023,717242,15,100,2023
15,593576,"Neris, Héctor",6/1/2023,717936,15,100,2023
15,666374,"Brash, Matt",6/2/2023,717922,15,100,2023
15,608665,"Graveman, Kendall",6/2/2023,717925,15,100,2023
15,642397,"Soto, Gregory",6/1/2023,717934,15,100,2023
15,573124,"Rogers, Taylor",7/28/2023,717220,15,100,2023
15,573124,"Rogers, Taylor",7/30/2023,717197,15,100,2023
15,669796,"Hernandez, Jose E.",6/3/2023,717907,15,100,2023
15,676534,"Faucher, Calvin",6/3/2023,717885,15,100,2023
15,607732,"Stallings, Jacob",7/4/2023,717502,15,100,2023
15,453268,"Bard, Daniel",6/12/2023,717794,15,100,2023
15,571927,"Matz, Steven",6/12/2023,717791,15,100,2023
15,571901,"Loup, Aaron",6/10/2023,717809,15,100,2023
15,625643,"López, Reynaldo",7/1/2023,717538,15,100,2023
15,641329,"Baker, Bryan",7/4/2023,717508,15,100,2023
15,606149,"Gallegos, Giovanny",7/28/2023,717226,15,100,2023
15,605463,"Scott, Tayler",7/28/2023,717227,15,100,2023
15,642100,"Speier, Gabe",6/9/2023,717824,15,100,2023
15,656257,"Brigham, Jeff",7/2/2023,717525,15,100,2023
15,606149,"Gallegos, Giovanny",6/9/2023,717832,15,100,2023
15,606303,"Payamps, Joel",8/23/2023,716882,15,100,2023
15,660261,"Fujinami, Shintaro",6/10/2023,717814,15,100,2023
15,621016,"Cuas, Jose",6/12/2023,717793,15,100,2023
15,672335,"Pérez, Cionel",7/2/2023,717529,15,100,2023
15,543766,"Shaw, Bryan",8/11/2023,717036,15,100,2023
15,676092,"Snider, Collin",7/3/2023,717510,15,100,2023
15,573204,"Thielbar, Caleb",8/12/2023,717028,15,100,2023
15,605177,"Chafin, Andrew",8/13/2023,717006,15,100,2023
15,605242,"Fulmer, Michael",8/12/2023,717026,15,100,2023
15,621381,"Strahm, Matt",7/31/2023,717189,15,100,2023
15,608718,"Suter, Brent",8/15/2023,716978,15,100,2023
15,622065,"Young, Alex",7/28/2023,717225,15,100,2023
15,640470,"Alzolay, Adbert",8/12/2023,717026,15,100,2023
15,622075,"Almonte, Yency",7/18/2023,717361,15,100,2023
15,666364,"Balazovic, Jordan",7/18/2023,717350,15,100,2023
15,606303,"Payamps, Joel",8/26/2023,716838,15,100,2023
15,657024,"Swanson, Erik",8/9/2023,717060,15,100,2023
15,657097,"Webb, Jacob",8/9/2023,717067,15,100,2023
15,666974,"Cano, Yennier",8/12/2023,717018,15,100,2023
15,657024,"Swanson, Erik",6/8/2023,717843,15,100,2023
15,662253,"Muñoz, Andrés",6/10/2023,717809,15,100,2023
15,664875,"Lawrence, Justin",6/11/2023,717798,15,100,2023
15,571863,"Koch, Matt",7/21/2023,717319,15,100,2023
15,676254,"Walker, Ryan",8/5/2023,717117,15,100,2023
15,656290,"Carlton, Drew",6/19/2023,717697,15,100,2023
15,669674,"Long, Sam",6/10/2023,717814,15,100,2023
15,666374,"Brash, Matt",6/21/2023,717666,15,100,2023
15,669212,"Morgan, Eli",7/18/2023,717364,15,100,2023
15,694037,"Palencia, Daniel",7/19/2023,717336,15,100,2023
15,676680,"Cosgrove, Tom",6/9/2023,717830,15,100,2023
15,493603,"Ottavino, Adam",8/27/2023,716829,15,100,2023
15,502085,"Robertson, David",7/21/2023,717324,15,100,2023
15,623149,"Sewald, Paul",7/20/2023,717327,15,100,2023
15,600917,"Leclerc, José",8/24/2023,716867,15,100,2023
15,600917,"Leclerc, José",8/27/2023,716824,15,100,2023
15,681911,"Vesia, Alex",7/17/2023,717372,15,100,2023
15,488984,"Hunter, Tommy",6/8/2023,717840,15,100,2023
15,661403,"Clase, Emmanuel",8/25/2023,716860,15,100,2023
15,518585,"Cruz, Fernando",6/6/2023,717870,15,100,2023
15,521230,"Hendriks, Liam",6/4/2023,717891,15,100,2023
15,667463,"King, John",8/27/2023,716835,15,100,2023
15,669467,"Pallante, Andre",8/26/2023,716847,15,100,2023
15,686839,"White, Brendan",8/26/2023,716843,15,100,2023
15,543272,"Hand, Brad",6/15/2023,717754,15,100,2023
15,600917,"Leclerc, José",8/28/2023,716818,15,100,2023
15,605130,"Barlow, Scott",6/17/2023,717726,15,100,2023
15,605242,"Fulmer, Michael",6/16/2023,717744,15,100,2023
15,605463,"Scott, Tayler",6/16/2023,717731,15,100,2023
15,643511,"Rogers, Tyler",6/7/2023,717852,15,100,2023
15,622075,"Almonte, Yency",6/14/2023,717760,15,100,2023
15,669467,"Pallante, Andre",8/30/2023,716782,15,100,2023
15,641329,"Baker, Bryan",6/17/2023,717729,15,100,2023
15,624647,"González, Victor",8/13/2023,717007,15,100,2023
15,656234,"Bird, Jake",6/13/2023,717788,15,100,2023
15,656529,"Hentges, Sam",6/14/2023,717758,15,100,2023
15,641835,"Mayza, Tim",8/9/2023,717060,15,100,2023
15,650893,"Cabrera, Génesis",6/5/2023,717879,15,100,2023
15,661395,"Duran, Jhoan",6/17/2023,717728,15,100,2023
15,664208,"Maton, Phil",6/15/2023,717746,15,100,2023
15,657097,"Webb, Jacob",6/6/2023,717861,15,100,2023
15,657240,"Merryweather, Julian",6/6/2023,717861,15,100,2023
15,663878,"Pearson, Nate",6/4/2023,717900,15,100,2023
15,664208,"Maton, Phil",6/6/2023,717871,15,100,2023
15,622075,"Almonte, Yency",7/24/2023,717271,15,100,2023
15,547973,"Chapman, Aroldis",7/23/2023,717284,15,100,2023
15,676254,"Walker, Ryan",6/6/2023,717869,15,100,2023
15,519293,"Smith, Will",7/23/2023,717284,15,100,2023
15,622772,"Cordero, Jimmy",6/8/2023,717848,15,100,2023
15,605130,"Barlow, Scott",7/16/2023,717382,15,100,2023
15,502085,"Robertson, David",7/2/2023,717525,15,100,2023
15,518886,"Kimbrel, Craig",7/4/2023,717499,15,100,2023
15,608032,"Estévez, Carlos",7/16/2023,717381,15,100,2023
15,605280,"Holmes, Clay",8/28/2023,716808,15,100,2023
15,669395,"Coleman, Dylan",8/8/2023,717077,15,100,2023
15,641703,"Honeywell, Brent",7/1/2023,717539,15,100,2023
15,656061,"Abreu, Albert",7/4/2023,717508,15,100,2023
15,656638,"Lange, Alex",7/9/2023,717431,15,100,2023
15,656786,"Mushinski, Parker",7/2/2023,717520,15,100,2023
15,657508,"Baumann, Mike",7/1/2023,717541,15,100,2023
15,660853,"De Los Santos, Enyel",7/2/2023,717521,15,100,2023
15,664199,"Clarke, Taylor",7/15/2023,717411,15,100,2023
15,664208,"Maton, Phil",7/16/2023,717381,15,100,2023
15,642585,"Bautista, Félix",7/20/2023,717328,15,100,2023
15,571479,"Bellatti, Andrew",7/19/2023,717347,15,100,2023
15,657514,"Bernardino, Brennan",7/21/2023,717324,15,100,2023
15,518585,"Cruz, Fernando",7/17/2023,717375,15,100,2023
15,694037,"Palencia, Daniel",7/15/2023,717403,15,100,2023
15,605280,"Holmes, Clay",7/21/2023,717318,15,100,2023
15,641941,"Pagán, Emilio",7/21/2023,717314,15,100,2023
15,605447,"Romano, Jordan",6/20/2023,717690,15,100,2023
15,570257,"Rodríguez, Joely",7/19/2023,717344,15,100,2023
15,669674,"Long, Sam",6/24/2023,717634,15,100,2023
15,518617,"Diekman, Jake",6/6/2023,717882,15,100,2023
15,628452,"Iglesias, Raisel",8/7/2023,717095,15,100,2023
15,554340,"García, Yimi",6/8/2023,717843,15,100,2023
15,606160,"Montero, Rafael",6/8/2023,717843,15,100,2023
15,607259,"Martinez, Nick",6/5/2023,717880,15,100,2023
15,621057,"Garza, Justin",6/7/2023,717858,15,100,2023
15,621295,"Wittgren, Nick",6/6/2023,717876,15,100,2023
15,622065,"Young, Alex",6/8/2023,717844,15,100,2023
15,628708,"Marte, Yunior",6/18/2023,717705,15,100,2023
15,676254,"Walker, Ryan",8/6/2023,717100,15,100,2023
15,676979,"Crochet, Garrett",6/8/2023,717857,15,100,2023
15,672578,"Hernández, Carlos",7/18/2023,717356,15,100,2023
15,622780,"Perdomo, Angel",7/16/2023,717388,15,100,2023
15,605130,"Barlow, Scott",8/11/2023,717035,15,100,2023
15,643511,"Rogers, Tyler",8/28/2023,716823,15,100,2023
15,660261,"Fujinami, Shintaro",7/16/2023,717379,15,100,2023
15,660787,"De los Santos, Yerry",7/9/2023,717425,15,100,2023
15,518585,"Cruz, Fernando",8/3/2023,717146,15,100,2023
15,656638,"Lange, Alex",8/19/2023,716939,15,100,2023
15,671345,"Foley, Jason",6/21/2023,717668,15,100,2023
15,657097,"Webb, Jacob",7/8/2023,717437,15,100,2023
15,592454,"Kahnle, Tommy",8/5/2023,717126,15,100,2023
15,677053,"Nardi, Andrew",8/22/2023,716887,15,100,2023
15,660813,"Graterol, Brusdar",8/8/2023,717073,15,100,2023
15,445276,"Jansen, Kenley",8/1/2023,717167,15,100,2023
15,676680,"Cosgrove, Tom",8/7/2023,717094,15,100,2023
15,657024,"Swanson, Erik",8/22/2023,716902,15,100,2023
15,607755,"Vasquez, Andrew",8/21/2023,716913,15,100,2023
15,670280,"Bednar, David",8/19/2023,716936,15,100,2023
15,664199,"Clarke, Taylor",8/21/2023,716904,15,100,2023
15,592473,"Kolarek, Adam",8/25/2023,716855,15,100,2023
15,667755,"Soriano, José",8/22/2023,716892,15,100,2023
15,667755,"Soriano, José",8/18/2023,716945,15,100,2023
15,592773,"Stanek, Ryne",8/22/2023,716895,15,100,2023
15,628452,"Iglesias, Raisel",8/31/2023,716768,15,100,2023
15,608717,"Stratton, Chris",8/20/2023,716918,15,100,2023
15,641672,"Hatch, Thomas",8/30/2023,716780,15,100,2023
15,642397,"Soto, Gregory",8/30/2023,716787,15,100,2023
15,656546,"Hoffman, Jeff",8/30/2023,716787,15,100,2023
15,657240,"Merryweather, Julian",8/30/2023,716779,15,100,2023
15,622098,"Smith, Drew",8/27/2023,716829,15,100,2023
15,666374,"Brash, Matt",8/30/2023,716788,15,100,2023
15,656529,"Hentges, Sam",8/23/2023,716875,15,100,2023
15,656353,"Davidson, Tucker",8/16/2023,716963,15,100,2023
15,656786,"Mushinski, Parker",8/16/2023,716972,15,100,2023
15,547973,"Chapman, Aroldis",6/22/2023,717659,15,100,2023
15,571901,"Loup, Aaron",6/28/2023,717576,15,100,2023
14,676254,"Walker, Ryan",6/14/2023,717767,14,100,2023
14,625643,"López, Reynaldo",8/3/2023,717144,14,100,2023
14,669395,"Coleman, Dylan",7/30/2023,717198,14,100,2023
14,621366,"Borucki, Ryan",8/4/2023,717131,14,100,2023
14,518617,"Diekman, Jake",7/29/2023,717214,14,100,2023
14,663423,"Thornton, Trent",6/28/2023,717586,14,100,2023
14,657514,"Bernardino, Brennan",6/16/2023,717742,14,100,2023
14,502085,"Robertson, David",7/5/2023,717477,14,100,2023
14,667463,"King, John",8/1/2023,717174,14,100,2023
14,660853,"De Los Santos, Enyel",8/2/2023,717163,14,100,2023
14,656546,"Hoffman, Jeff",8/2/2023,717159,14,100,2023
14,656257,"Brigham, Jeff",6/30/2023,717556,14,100,2023
14,641627,"Gott, Trevor",8/30/2023,716783,14,100,2023
14,607259,"Martinez, Nick",6/24/2023,717638,14,100,2023
14,543766,"Shaw, Bryan",8/1/2023,717168,14,100,2023
14,656887,"Reid-Foley, Sean",8/23/2023,716876,14,100,2023
14,657508,"Baumann, Mike",7/17/2023,717372,14,100,2023
14,543272,"Hand, Brad",8/8/2023,717079,14,100,2023
14,663986,"Stephan, Trevor",6/24/2023,717625,14,100,2023
14,592779,"Stewart, Brock",6/14/2023,717771,14,100,2023
14,554340,"García, Yimi",8/2/2023,717157,14,100,2023
14,592741,"Shreve, Chasen",8/1/2023,717178,14,100,2023
14,621051,"Wilson, Steven",6/13/2023,717772,14,100,2023
14,656945,"Scott, Tanner",7/7/2023,717466,14,100,2023
14,657240,"Merryweather, Julian",8/3/2023,717146,14,100,2023
14,640462,"Puk, A.J.",8/15/2023,716991,14,100,2023
14,656945,"Scott, Tanner",6/17/2023,717734,14,100,2023
14,663855,"Hicks, Jordan",6/18/2023,717713,14,100,2023
14,641941,"Pagán, Emilio",8/26/2023,716839,14,100,2023
14,518585,"Cruz, Fernando",7/29/2023,717205,14,100,2023
14,543056,"Coulombe, Danny",7/30/2023,717200,14,100,2023
14,642207,"Williams, Devin",8/26/2023,716838,14,100,2023
14,686826,"Jarvis, Bryce",8/30/2023,716774,14,100,2023
14,666619,"Santos, Gregory",6/29/2023,717560,14,100,2023
14,643511,"Rogers, Tyler",8/7/2023,717090,14,100,2023
14,678061,"Kerr, Ray",6/30/2023,717557,14,100,2023
14,606149,"Gallegos, Giovanny",7/6/2023,717473,14,100,2023
14,664139,"Gibaut, Ian",7/8/2023,717444,14,100,2023
14,676760,"Marinaccio, Ron",7/7/2023,717464,14,100,2023
14,656945,"Scott, Tanner",8/27/2023,716827,14,100,2023
14,701643,"Hartwig, Grant",7/25/2023,717266,14,100,2023
14,592094,"Adam, Jason",8/26/2023,716845,14,100,2023
14,547973,"Chapman, Aroldis",6/29/2023,717573,14,100,2023
14,664139,"Gibaut, Ian",8/7/2023,717097,14,100,2023
14,656945,"Scott, Tanner",6/28/2023,717583,14,100,2023
14,594580,"Moll, Sam",8/6/2023,717104,14,100,2023
14,666168,"Thompson, Mason",6/27/2023,717590,14,100,2023
14,502085,"Robertson, David",6/26/2023,717607,14,100,2023
14,663558,"Moran, Jovani",7/25/2023,717264,14,100,2023
14,664294,"Moreta, Dauri",7/23/2023,717278,14,100,2023
14,543510,"McCann, James",8/15/2023,716980,14,100,2023
14,605130,"Barlow, Scott",6/3/2023,717909,14,100,2023
14,665625,"Peguero, Elvis",7/26/2023,717254,14,100,2023
14,666974,"Cano, Yennier",7/25/2023,717267,14,100,2023
14,607259,"Martinez, Nick",6/3/2023,717903,14,100,2023
14,547973,"Chapman, Aroldis",8/15/2023,716985,14,100,2023
14,623465,"Phillips, Evan",7/3/2023,717506,14,100,2023
14,622075,"Almonte, Yency",7/4/2023,717492,14,100,2023
14,660853,"De Los Santos, Enyel",6/3/2023,717913,14,100,2023
14,548384,"Raley, Brooks",8/16/2023,716974,14,100,2023
14,670280,"Bednar, David",6/3/2023,717907,14,100,2023
14,641871,"Middleton, Keynan",6/9/2023,717828,14,100,2023
14,656546,"Hoffman, Jeff",6/12/2023,717785,14,100,2023
14,675916,"Karinchak, James",6/3/2023,717913,14,100,2023
14,571948,"Milner, Hoby",6/24/2023,717625,14,100,2023
14,650893,"Cabrera, Génesis",8/20/2023,716924,14,100,2023
14,683769,"Gaddis, Hunter",6/2/2023,717924,14,100,2023
14,592773,"Stanek, Ryne",7/4/2023,717504,14,100,2023
14,571670,"Floro, Dylan",8/15/2023,716983,14,100,2023
14,608718,"Suter, Brent",8/6/2023,717099,14,100,2023
14,621345,"Minter, A.J.",8/11/2023,717040,14,100,2023
14,622780,"Perdomo, Angel",7/4/2023,717492,14,100,2023
14,641835,"Mayza, Tim",8/10/2023,717052,14,100,2023
14,663992,"Lovelady, Richard",6/5/2023,717884,14,100,2023
14,656529,"Hentges, Sam",7/2/2023,717521,14,100,2023
14,657240,"Merryweather, Julian",7/1/2023,717546,14,100,2023
14,605177,"Chafin, Andrew",6/22/2023,717847,14,100,2023
14,663989,"Vespi, Nick",7/4/2023,717508,14,100,2023
14,608678,"Leone, Dominic",6/7/2023,717850,14,100,2023
14,523260,"Kelly, Joe",8/9/2023,717057,14,100,2023
14,622075,"Almonte, Yency",6/18/2023,717702,14,100,2023
14,606303,"Payamps, Joel",6/8/2023,717849,14,100,2023
14,608665,"Graveman, Kendall",6/9/2023,717828,14,100,2023
14,657571,"Ferguson, Caleb",6/21/2023,717662,14,100,2023
14,669387,"Mlodzinski, Carmen",6/20/2023,717686,14,100,2023
14,687330,"Kelly, Kevin",6/21/2023,717677,14,100,2023
14,608678,"Leone, Dominic",8/23/2023,716890,14,100,2023
14,663947,"Holton, Tyler",7/21/2023,717317,14,100,2023
14,621237,"Alvarado, José",6/23/2023,717656,14,100,2023
14,661403,"Clase, Emmanuel",7/21/2023,717315,14,100,2023
14,666374,"Brash, Matt",7/26/2023,717250,14,100,2023
14,656529,"Hentges, Sam",8/27/2023,716825,14,100,2023
14,571882,"Law, Derek",7/20/2023,717334,14,100,2023
14,657240,"Merryweather, Julian",7/17/2023,717370,14,100,2023
14,669459,"Nelson, Kyle",7/2/2023,717522,14,100,2023
14,622065,"Young, Alex",6/24/2023,717631,14,100,2023
14,676680,"Cosgrove, Tom",6/11/2023,717798,14,100,2023
14,664208,"Maton, Phil",7/9/2023,717430,14,100,2023
14,472610,"García, Luis",7/8/2023,717436,14,100,2023
14,605177,"Chafin, Andrew",7/9/2023,717425,14,100,2023
14,518886,"Kimbrel, Craig",7/23/2023,717283,14,100,2023
14,666168,"Thompson, Mason",6/13/2023,717778,14,100,2023
14,625643,"López, Reynaldo",6/23/2023,717645,14,100,2023
14,605280,"Holmes, Clay",7/26/2023,717248,14,100,2023
14,656849,"Peterson, David",7/23/2023,717298,14,100,2023
14,608678,"Leone, Dominic",8/18/2023,716945,14,100,2023
14,670059,"Holderman, Colin",6/5/2023,717884,14,100,2023
14,664294,"Moreta, Dauri",7/21/2023,717312,14,100,2023
14,623437,"Topa, Justin",8/13/2023,717005,14,100,2023
14,664747,"Díaz, Alexis",7/28/2023,717225,14,100,2023
14,595345,"Okert, Steven",7/9/2023,717426,14,100,2023
14,666619,"Santos, Gregory",7/2/2023,717518,14,100,2023
14,656061,"Abreu, Albert",8/9/2023,717054,14,100,2023
14,666974,"Cano, Yennier",7/3/2023,717513,14,100,2023
14,676254,"Walker, Ryan",7/2/2023,717525,14,100,2023
14,543507,"May, Trevor",8/21/2023,716904,14,100,2023
14,657097,"Webb, Jacob",8/11/2023,717034,14,100,2023
14,660853,"De Los Santos, Enyel",7/19/2023,717348,14,100,2023
14,628708,"Marte, Yunior",7/21/2023,717315,14,100,2023
14,476595,"Luetge, Lucas",7/19/2023,717340,14,100,2023
14,592773,"Stanek, Ryne",7/18/2023,717355,14,100,2023
14,641627,"Gott, Trevor",7/23/2023,717298,14,100,2023
14,623437,"Topa, Justin",7/21/2023,717311,14,100,2023
14,670059,"Holderman, Colin",7/16/2023,717388,14,100,2023
14,643511,"Rogers, Tyler",6/8/2023,717846,14,100,2023
14,650556,"Abreu, Bryan",6/4/2023,717899,14,100,2023
14,656945,"Scott, Tanner",6/7/2023,717860,14,100,2023
14,664199,"Clarke, Taylor",8/30/2023,716780,14,100,2023
14,608638,"Chargois, JT",6/5/2023,717887,14,100,2023
14,677053,"Nardi, Andrew",6/7/2023,717860,14,100,2023
14,543766,"Shaw, Bryan",7/6/2023,717468,14,100,2023
14,592094,"Adam, Jason",7/15/2023,717411,14,100,2023
14,686839,"White, Brendan",8/13/2023,717014,14,100,2023
14,640462,"Puk, A.J.",8/16/2023,716972,14,100,2023
14,664199,"Clarke, Taylor",7/28/2023,717232,14,100,2023
14,642207,"Williams, Devin",7/14/2023,717412,14,100,2023
14,663558,"Moran, Jovani",7/9/2023,717428,14,100,2023
14,660787,"De los Santos, Yerry",8/5/2023,717116,14,100,2023
14,670970,"Morejon, Adrian",7/15/2023,717397,14,100,2023
14,489446,"Yates, Kirby",8/6/2023,717098,14,100,2023
14,573009,"Mantiply, Joe",8/18/2023,716942,14,100,2023
14,543056,"Coulombe, Danny",8/5/2023,717114,14,100,2023
14,621381,"Strahm, Matt",8/8/2023,717082,14,100,2023
14,523260,"Kelly, Joe",6/14/2023,717760,14,100,2023
14,642207,"Williams, Devin",8/5/2023,717116,14,100,2023
14,607259,"Martinez, Nick",7/5/2023,717478,14,100,2023
14,642207,"Williams, Devin",6/20/2023,717680,14,100,2023
14,500871,"Escobar, Eduardo",8/19/2023,716925,14,100,2023
14,663855,"Hicks, Jordan",8/19/2023,716935,14,100,2023
14,592473,"Kolarek, Adam",8/20/2023,716921,14,100,2023
14,543507,"May, Trevor",7/19/2023,717344,14,100,2023
14,640448,"Finnegan, Kyle",8/18/2023,716960,14,100,2023
14,547973,"Chapman, Aroldis",7/17/2023,717367,14,100,2023
14,656638,"Lange, Alex",8/22/2023,716896,14,100,2023
14,664294,"Moreta, Dauri",6/20/2023,717686,14,100,2023
14,543056,"Coulombe, Danny",8/29/2023,716800,14,100,2023
14,571946,"Miller, Shelby",8/31/2023,716768,14,100,2023
14,643377,"Jax, Griffin",8/23/2023,716882,14,100,2023
14,571479,"Bellatti, Andrew",8/23/2023,716879,14,100,2023
14,612434,"Castro, Miguel",8/29/2023,716792,14,100,2023
14,628452,"Iglesias, Raisel",8/29/2023,716791,14,100,2023
14,656887,"Reid-Foley, Sean",8/28/2023,716818,14,100,2023
14,663462,"Campbell, Isaiah",8/28/2023,716804,14,100,2023
14,543272,"Hand, Brad",6/13/2023,717788,14,100,2023
14,676254,"Walker, Ryan",7/16/2023,717388,14,100,2023
14,682175,"Jacques, Joe",8/29/2023,716802,14,100,2023
14,656730,"Megill, Trevor",8/25/2023,716857,14,100,2023
14,607481,"Bummer, Aaron",8/15/2023,716986,14,100,2023
14,455119,"Martin, Chris",6/23/2023,717645,14,100,2023
14,592229,"Covey, Dylan",6/24/2023,717635,14,100,2023
14,681402,"Varland, Gus",8/26/2023,716849,14,100,2023
14,606965,"Devenski, Chris",6/23/2023,717644,14,100,2023
14,592741,"Shreve, Chasen",6/25/2023,717621,14,100,2023
14,686747,"La Sorsa, Joe",7/3/2023,717517,14,100,2023
14,623465,"Phillips, Evan",6/18/2023,717702,14,100,2023
14,519043,"Moore, Matt",8/27/2023,716829,14,100,2023
14,608371,"Sims, Lucas",6/19/2023,717701,14,100,2023
14,605242,"Fulmer, Michael",6/19/2023,717698,14,100,2023
14,663992,"Lovelady, Richard",7/2/2023,717518,14,100,2023
14,656234,"Bird, Jake",7/1/2023,717544,14,100,2023
14,642207,"Williams, Devin",8/11/2023,717036,14,100,2023
14,641941,"Pagán, Emilio",8/9/2023,717061,14,100,2023
14,572403,"VerHagen, Drew",8/14/2023,716995,14,100,2023
14,521230,"Hendriks, Liam",6/9/2023,717828,14,100,2023
14,669713,"Wesneski, Hayden",8/9/2023,717062,14,100,2023
14,571882,"Law, Derek",8/16/2023,716973,14,100,2023
14,605280,"Holmes, Clay",7/3/2023,717513,14,100,2023
14,571863,"Koch, Matt",8/9/2023,717065,14,100,2023
14,641729,"Jiménez, Joe",7/25/2023,717261,14,100,2023
14,592773,"Stanek, Ryne",7/26/2023,717239,14,100,2023
14,676714,"Hughes, Brandon",6/11/2023,717796,14,100,2023
14,625643,"López, Reynaldo",6/3/2023,717915,14,100,2023
14,608717,"Stratton, Chris",8/2/2023,717152,14,100,2023
14,672391,"Ort, Kaleb",6/30/2023,717555,14,100,2023
14,606160,"Montero, Rafael",7/26/2023,717239,14,100,2023
14,669060,"Wilson, Bryse",6/27/2023,717597,14,100,2023
14,665625,"Peguero, Elvis",7/23/2023,717287,14,100,2023
14,641871,"Middleton, Keynan",7/22/2023,717293,14,100,2023
14,664294,"Moreta, Dauri",6/30/2023,717562,14,100,2023
14,641835,"Mayza, Tim",7/25/2023,717256,14,100,2023
14,681911,"Vesia, Alex",7/6/2023,717462,14,100,2023
14,641941,"Pagán, Emilio",8/29/2023,716796,14,100,2023
14,455119,"Martin, Chris",6/29/2023,717569,14,100,2023
14,676680,"Cosgrove, Tom",7/9/2023,717423,14,100,2023
14,605242,"Fulmer, Michael",8/18/2023,716955,14,100,2023
14,607481,"Bummer, Aaron",8/16/2023,716968,14,100,2023
14,623149,"Sewald, Paul",8/21/2023,716906,14,100,2023
14,641835,"Mayza, Tim",6/24/2023,717634,14,100,2023
14,670102,"Francis, Bowden",8/25/2023,716860,14,100,2023
14,453268,"Bard, Daniel",6/17/2023,717724,14,100,2023
14,622075,"Almonte, Yency",6/2/2023,717917,14,100,2023
14,571670,"Floro, Dylan",6/4/2023,717896,14,100,2023
14,664139,"Gibaut, Ian",6/23/2023,717650,14,100,2023
14,621366,"Borucki, Ryan",6/29/2023,717571,14,100,2023
14,592741,"Shreve, Chasen",6/16/2023,717738,14,100,2023
14,628708,"Marte, Yunior",8/1/2023,717182,14,100,2023
14,605612,"Castro, Harold",6/17/2023,717724,14,100,2023
14,641835,"Mayza, Tim",8/4/2023,717136,14,100,2023
14,686654,"Adcock, Ty",6/24/2023,717628,14,100,2023
14,445276,"Jansen, Kenley",6/24/2023,717629,14,100,2023
14,641743,"Kay, Anthony",6/30/2023,717559,14,100,2023
14,643377,"Jax, Griffin",8/1/2023,717174,14,100,2023
14,642207,"Williams, Devin",8/1/2023,717183,14,100,2023
14,670280,"Bednar, David",7/15/2023,717398,14,100,2023
14,642207,"Williams, Devin",6/13/2023,717783,14,100,2023
14,661395,"Duran, Jhoan",8/1/2023,717174,14,100,2023
14,656945,"Scott, Tanner",8/2/2023,717159,14,100,2023
14,548384,"Raley, Brooks",8/30/2023,716783,14,100,2023
14,678606,"Ferrer, Jose A.",8/4/2023,717139,14,100,2023
14,686539,"Cronin, Declan",8/1/2023,717168,14,100,2023
14,518489,"Brasier, Ryan",6/24/2023,717626,14,100,2023
14,542585,"Cisnero, José",7/28/2023,717236,14,100,2023
14,554340,"García, Yimi",7/30/2023,717201,14,100,2023
14,657508,"Baumann, Mike",8/3/2023,717150,14,100,2023
14,664208,"Maton, Phil",6/27/2023,717598,14,100,2023
14,667755,"Soriano, José",6/13/2023,717780,14,100,2023
14,669212,"Morgan, Eli",6/15/2023,717750,14,100,2023
14,547973,"Chapman, Aroldis",8/16/2023,716971,14,100,2023
14,621074,"Rucker, Michael",7/27/2023,717238,14,100,2023
14,669947,"Scholtens, Jesse",6/16/2023,717733,14,100,2023
14,657097,"Webb, Jacob",7/28/2023,717235,14,100,2023
14,650893,"Cabrera, Génesis",7/24/2023,717271,14,100,2023
14,453268,"Bard, Daniel",8/7/2023,717086,14,100,2023
14,455119,"Martin, Chris",7/5/2023,717484,14,100,2023
14,502085,"Robertson, David",7/7/2023,717454,14,100,2023
14,669674,"Long, Sam",8/1/2023,717171,14,100,2023
14,593576,"Neris, Héctor",7/7/2023,717453,14,100,2023
14,606303,"Payamps, Joel",7/5/2023,717483,14,100,2023
14,543272,"Hand, Brad",7/23/2023,717292,14,100,2023
14,592094,"Adam, Jason",6/3/2023,717885,14,100,2023
14,643410,"Leiter Jr., Mark",7/22/2023,717308,14,100,2023
14,664208,"Maton, Phil",7/22/2023,717295,14,100,2023
14,608371,"Sims, Lucas",6/2/2023,717931,14,100,2023
14,678606,"Ferrer, Jose A.",7/6/2023,717481,14,100,2023
14,681982,"Anderson, Grant",7/6/2023,717471,14,100,2023
14,592094,"Adam, Jason",8/16/2023,716975,14,100,2023
14,592426,"Jackson, Luke",8/15/2023,716989,14,100,2023
14,543339,"Hudson, Daniel",6/30/2023,717553,14,100,2023
14,607259,"Martinez, Nick",6/30/2023,717557,14,100,2023
14,622780,"Perdomo, Angel",6/29/2023,717571,14,100,2023
14,642207,"Williams, Devin",6/2/2023,717931,14,100,2023
14,656290,"Carlton, Drew",6/30/2023,717557,14,100,2023
14,661403,"Clase, Emmanuel",6/27/2023,717591,14,100,2023
14,642207,"Williams, Devin",7/24/2023,717273,14,100,2023
14,666168,"Thompson, Mason",6/30/2023,717563,14,100,2023
14,628708,"Marte, Yunior",6/2/2023,717935,14,100,2023
14,642397,"Soto, Gregory",6/3/2023,717914,14,100,2023
14,657097,"Webb, Jacob",6/1/2023,717936,14,100,2023
14,657265,"Strzelecki, Peter",6/2/2023,717931,14,100,2023
14,657612,"Hill, Tim",6/2/2023,717921,14,100,2023
14,666142,"Ragans, Cole",6/3/2023,717912,14,100,2023
14,605280,"Holmes, Clay",7/1/2023,717550,14,100,2023
14,605447,"Romano, Jordan",7/2/2023,717530,14,100,2023
14,680704,"Sandlin, Nick",6/1/2023,717937,14,100,2023
14,681982,"Anderson, Grant",6/2/2023,717922,14,100,2023
14,642048,"Saucedo, Tayler",7/7/2023,717453,14,100,2023
14,518886,"Kimbrel, Craig",6/11/2023,717806,14,100,2023
14,592229,"Covey, Dylan",6/10/2023,717811,14,100,2023
14,547973,"Chapman, Aroldis",6/12/2023,717793,14,100,2023
14,600917,"Leclerc, José",7/30/2023,717191,14,100,2023
14,642585,"Bautista, Félix",7/2/2023,717529,14,100,2023
14,643377,"Jax, Griffin",7/2/2023,717529,14,100,2023
14,642397,"Soto, Gregory",6/9/2023,717837,14,100,2023
14,621345,"Minter, A.J.",6/22/2023,717657,14,100,2023
14,664875,"Lawrence, Justin",6/10/2023,717819,14,100,2023
14,666720,"Rodríguez, Yerry",6/11/2023,717801,14,100,2023
14,661403,"Clase, Emmanuel",7/4/2023,717495,14,100,2023
14,666974,"Cano, Yennier",6/9/2023,717839,14,100,2023
14,675540,"Curry, Xzavion",6/9/2023,717833,14,100,2023
14,621363,"Poche, Colin",6/11/2023,717801,14,100,2023
14,622772,"Cordero, Jimmy",6/9/2023,717841,14,100,2023
14,547184,"Kelly, Michael",8/11/2023,717038,14,100,2023
14,573204,"Thielbar, Caleb",8/13/2023,717009,14,100,2023
14,641729,"Jiménez, Joe",8/8/2023,717079,14,100,2023
14,674003,"Bradford, Cody",7/21/2023,717316,14,100,2023
14,660261,"Fujinami, Shintaro",6/11/2023,717800,14,100,2023
14,669060,"Wilson, Bryse",8/9/2023,717065,14,100,2023
14,669395,"Coleman, Dylan",8/12/2023,717019,14,100,2023
14,640462,"Puk, A.J.",7/31/2023,717189,14,100,2023
14,641627,"Gott, Trevor",7/29/2023,717215,14,100,2023
14,608665,"Graveman, Kendall",7/20/2023,717330,14,100,2023
14,592741,"Shreve, Chasen",6/18/2023,717711,14,100,2023
14,612434,"Castro, Miguel",8/14/2023,716998,14,100,2023
14,595345,"Okert, Steven",6/18/2023,717714,14,100,2023
14,607179,"Weems, Jordan",6/19/2023,717699,14,100,2023
14,608638,"Chargois, JT",6/19/2023,717700,14,100,2023
14,628452,"Iglesias, Raisel",6/22/2023,717657,14,100,2023
14,600917,"Leclerc, José",7/17/2023,717367,14,100,2023
14,656638,"Lange, Alex",7/19/2023,717333,14,100,2023
14,455119,"Martin, Chris",7/21/2023,717324,14,100,2023
14,641835,"Mayza, Tim",7/20/2023,717331,14,100,2023
14,650633,"King, Michael",6/21/2023,717666,14,100,2023
14,660813,"Graterol, Brusdar",7/1/2023,717537,14,100,2023
14,621368,"Hearn, Taylor",8/17/2023,716964,14,100,2023
14,608665,"Graveman, Kendall",8/26/2023,716843,14,100,2023
14,656546,"Hoffman, Jeff",8/25/2023,716861,14,100,2023
14,521230,"Hendriks, Liam",6/6/2023,717877,14,100,2023
14,669212,"Morgan, Eli",8/26/2023,716846,14,100,2023
14,662253,"Muñoz, Andrés",7/29/2023,717210,14,100,2023
14,657240,"Merryweather, Julian",6/24/2023,717637,14,100,2023
14,571656,"Farmer, Buck",6/5/2023,717883,14,100,2023
14,592454,"Kahnle, Tommy",6/6/2023,717877,14,100,2023
14,605463,"Scott, Tayler",6/14/2023,717760,14,100,2023
14,608032,"Estévez, Carlos",6/8/2023,717838,14,100,2023
14,623149,"Sewald, Paul",6/14/2023,717759,14,100,2023
14,640462,"Puk, A.J.",6/7/2023,717860,14,100,2023
14,641743,"Kay, Anthony",6/16/2023,717744,14,100,2023
14,642397,"Soto, Gregory",6/17/2023,717725,14,100,2023
14,657024,"Swanson, Erik",6/16/2023,717741,14,100,2023
14,661527,"Martinez, Seth",6/25/2023,717615,14,100,2023
14,657585,"Garrett, Reed",6/14/2023,717769,14,100,2023
14,650556,"Abreu, Bryan",6/8/2023,717843,14,100,2023
14,656257,"Brigham, Jeff",6/6/2023,717872,14,100,2023
14,656945,"Scott, Tanner",6/4/2023,717896,14,100,2023
14,669060,"Wilson, Bryse",7/31/2023,717192,14,100,2023
14,668338,"Miller, Tyson",6/14/2023,717771,14,100,2023
14,669618,"Barlow, Joe",6/16/2023,717741,14,100,2023
14,676684,"Vest, Will",6/15/2023,717752,14,100,2023
14,669459,"Nelson, Kyle",7/31/2023,717190,14,100,2023
14,622075,"Almonte, Yency",7/22/2023,717305,14,100,2023
14,664139,"Gibaut, Ian",6/6/2023,717870,14,100,2023
14,660853,"De Los Santos, Enyel",8/12/2023,717024,14,100,2023
14,664747,"Díaz, Alexis",7/25/2023,717262,14,100,2023
14,672578,"Hernández, Carlos",7/29/2023,717207,14,100,2023
14,592454,"Kahnle, Tommy",7/22/2023,717304,14,100,2023
14,669270,"Kuhnel, Joel",7/22/2023,717295,14,100,2023
14,548384,"Raley, Brooks",7/25/2023,717266,14,100,2023
14,668941,"Romero, JoJo",7/25/2023,717259,14,100,2023
14,640451,"Harvey, Hunter",7/9/2023,717432,14,100,2023
14,605347,"López, Jorge",7/9/2023,717428,14,100,2023
14,628452,"Iglesias, Raisel",7/23/2023,717287,14,100,2023
14,663878,"Pearson, Nate",7/14/2023,717420,14,100,2023
14,664747,"Díaz, Alexis",7/3/2023,717517,14,100,2023
14,543351,"Jackson, Jay",7/6/2023,717480,14,100,2023
14,519151,"Pressly, Ryan",6/21/2023,717670,14,100,2023
14,666374,"Brash, Matt",7/20/2023,717327,14,100,2023
14,677865,"Bruihl, Justin",7/21/2023,717316,14,100,2023
14,542585,"Cisnero, José",7/18/2023,717356,14,100,2023
14,666808,"Doval, Camilo",7/18/2023,717360,14,100,2023
14,682175,"Jacques, Joe",7/15/2023,717403,14,100,2023
14,605242,"Fulmer, Michael",7/18/2023,717353,14,100,2023
14,493603,"Ottavino, Adam",8/6/2023,717107,14,100,2023
14,606303,"Payamps, Joel",7/6/2023,717474,14,100,2023
14,519043,"Moore, Matt",7/19/2023,717339,14,100,2023
14,543272,"Hand, Brad",8/6/2023,717098,14,100,2023
14,606149,"Gallegos, Giovanny",8/5/2023,717119,14,100,2023
14,608718,"Suter, Brent",6/20/2023,717685,14,100,2023
14,622098,"Smith, Drew",8/8/2023,717080,14,100,2023
14,656464,"Ginkel, Kevin",8/16/2023,716977,14,100,2023
14,592741,"Shreve, Chasen",6/5/2023,717886,14,100,2023
14,665625,"Peguero, Elvis",6/4/2023,717897,14,100,2023
14,657508,"Baumann, Mike",8/8/2023,717084,14,100,2023
14,643410,"Leiter Jr., Mark",6/20/2023,717686,14,100,2023
14,680704,"Sandlin, Nick",6/6/2023,717873,14,100,2023
14,608678,"Leone, Dominic",7/14/2023,717413,14,100,2023
14,592741,"Shreve, Chasen",6/20/2023,717681,14,100,2023
14,657508,"Baumann, Mike",8/15/2023,716980,14,100,2023
14,656529,"Hentges, Sam",7/8/2023,717443,14,100,2023
14,663947,"Holton, Tyler",7/9/2023,717431,14,100,2023
14,663989,"Vespi, Nick",7/9/2023,717428,14,100,2023
14,666619,"Santos, Gregory",7/9/2023,717424,14,100,2023
14,592454,"Kahnle, Tommy",8/22/2023,716900,14,100,2023
14,518617,"Diekman, Jake",8/2/2023,717160,14,100,2023
14,676684,"Vest, Will",6/21/2023,717668,14,100,2023
14,519043,"Moore, Matt",8/25/2023,716855,14,100,2023
14,670102,"Francis, Bowden",8/6/2023,717111,14,100,2023
14,622065,"Young, Alex",8/20/2023,716924,14,100,2023
14,670280,"Bednar, David",8/5/2023,717116,14,100,2023
14,661395,"Duran, Jhoan",8/15/2023,716983,14,100,2023
14,543507,"May, Trevor",8/22/2023,716888,14,100,2023
14,606160,"Montero, Rafael",8/27/2023,716830,14,100,2023
14,592773,"Stanek, Ryne",8/20/2023,716920,14,100,2023
14,572403,"VerHagen, Drew",8/1/2023,717174,14,100,2023
14,662253,"Muñoz, Andrés",8/30/2023,716788,14,100,2023
14,573009,"Mantiply, Joe",8/2/2023,717164,14,100,2023
14,665625,"Peguero, Elvis",8/28/2023,716810,14,100,2023
14,670059,"Holderman, Colin",8/30/2023,716780,14,100,2023
14,678606,"Ferrer, Jose A.",8/30/2023,716785,14,100,2023
14,502085,"Robertson, David",8/14/2023,717000,14,100,2023
14,573124,"Rogers, Taylor",8/14/2023,716999,14,100,2023
14,656061,"Abreu, Albert",8/24/2023,716872,14,100,2023
14,594580,"Moll, Sam",8/16/2023,716973,14,100,2023
14,666277,"Soriano, George",8/15/2023,716991,14,100,2023
14,519008,"McFarland, T.J.",6/28/2023,717581,14,100,2023
14,670167,"Schreiber, John",8/16/2023,716982,14,100,2023
14,543056,"Coulombe, Danny",6/28/2023,717589,14,100,2023
14,518886,"Kimbrel, Craig",6/22/2023,717657,14,100,2023
14,543507,"May, Trevor",6/23/2023,717646,14,100,2023
14,682010,"Ramsey, Lane",8/27/2023,716826,14,100,2023
14,592779,"Stewart, Brock",6/25/2023,717621,14,100,2023
14,662253,"Muñoz, Andrés",8/27/2023,716820,14,100,2023
14,664139,"Gibaut, Ian",8/27/2023,716821,14,100,2023
13,666374,"Brash, Matt",8/16/2023,716963,13,100,2023
13,623437,"Topa, Justin",8/14/2023,716994,13,100,2023
13,679346,"Navarro, Edgar",8/24/2023,716864,13,100,2023
13,669459,"Nelson, Kyle",7/5/2023,717477,13,100,2023
13,660813,"Graterol, Brusdar",8/31/2023,716768,13,100,2023
13,612434,"Castro, Miguel",8/26/2023,716833,13,100,2023
13,666204,"Jiménez, Dany",8/29/2023,716790,13,100,2023
13,605280,"Holmes, Clay",8/15/2023,716987,13,100,2023
13,663574,"Santillan, Tony",7/7/2023,717459,13,100,2023
13,680735,"Cox, Austin",6/18/2023,717712,13,100,2023
13,571948,"Milner, Hoby",8/27/2023,716822,13,100,2023
13,607359,"Patton, Spencer",8/30/2023,716788,13,100,2023
13,605447,"Romano, Jordan",8/19/2023,716935,13,100,2023
13,622554,"Domínguez, Seranthony",8/30/2023,716787,13,100,2023
13,679885,"Martinez, Justin",8/22/2023,716889,13,100,2023
13,656786,"Mushinski, Parker",8/20/2023,716920,13,100,2023
13,622554,"Domínguez, Seranthony",8/22/2023,716899,13,100,2023
13,657514,"Bernardino, Brennan",8/18/2023,716953,13,100,2023
13,543521,"McHugh, Collin",8/6/2023,717098,13,100,2023
13,445276,"Jansen, Kenley",8/7/2023,717089,13,100,2023
13,608678,"Leone, Dominic",6/18/2023,717713,13,100,2023
13,518585,"Cruz, Fernando",8/8/2023,717083,13,100,2023
13,682120,"Herrin, Tim",7/15/2023,717402,13,100,2023
13,663423,"Thornton, Trent",8/6/2023,717101,13,100,2023
13,663462,"Campbell, Isaiah",8/6/2023,717101,13,100,2023
13,660853,"De Los Santos, Enyel",8/7/2023,717087,13,100,2023
13,640451,"Harvey, Hunter",6/21/2023,717673,13,100,2023
13,660787,"De los Santos, Yerry",8/7/2023,717095,13,100,2023
13,664747,"Díaz, Alexis",7/17/2023,717375,13,100,2023
13,674003,"Bradford, Cody",6/26/2023,717606,13,100,2023
13,667755,"Soriano, José",6/6/2023,717861,13,100,2023
13,519293,"Smith, Will",8/5/2023,717124,13,100,2023
13,640470,"Alzolay, Adbert",6/8/2023,717838,13,100,2023
13,519293,"Smith, Will",7/7/2023,717465,13,100,2023
13,472610,"García, Luis",8/6/2023,717093,13,100,2023
13,596112,"Stephenson, Robert",6/7/2023,717859,13,100,2023
13,573124,"Rogers, Taylor",6/8/2023,717846,13,100,2023
13,669169,"Heasley, Jonathan",7/15/2023,717393,13,100,2023
13,667755,"Soriano, José",7/14/2023,717405,13,100,2023
13,669467,"Pallante, Andre",8/6/2023,717099,13,100,2023
13,663558,"Moran, Jovani",7/15/2023,717399,13,100,2023
13,621051,"Wilson, Steven",6/17/2023,717717,13,100,2023
13,669467,"Pallante, Andre",7/28/2023,717226,13,100,2023
13,666974,"Cano, Yennier",7/28/2023,717237,13,100,2023
13,656457,"Gilbert, Tyler",7/21/2023,717321,13,100,2023
13,660261,"Fujinami, Shintaro",7/1/2023,717538,13,100,2023
13,570257,"Rodríguez, Joely",7/9/2023,717435,13,100,2023
13,554340,"García, Yimi",7/16/2023,717386,13,100,2023
13,681982,"Anderson, Grant",7/4/2023,717501,13,100,2023
13,571479,"Bellatti, Andrew",7/15/2023,717397,13,100,2023
13,663704,"McArthur, James",8/11/2023,717039,13,100,2023
13,621381,"Strahm, Matt",8/10/2023,717049,13,100,2023
13,621016,"Cuas, Jose",8/12/2023,717026,13,100,2023
13,621345,"Minter, A.J.",8/15/2023,716987,13,100,2023
13,660853,"De Los Santos, Enyel",7/30/2023,717204,13,100,2023
13,664199,"Clarke, Taylor",7/26/2023,717249,13,100,2023
13,664747,"Díaz, Alexis",6/13/2023,717777,13,100,2023
13,453268,"Bard, Daniel",8/9/2023,717065,13,100,2023
13,607179,"Weems, Jordan",6/14/2023,717762,13,100,2023
13,593974,"Peralta, Wandy",7/21/2023,717318,13,100,2023
13,650893,"Cabrera, Génesis",7/9/2023,717424,13,100,2023
13,594580,"Moll, Sam",7/30/2023,717199,13,100,2023
13,573009,"Mantiply, Joe",8/27/2023,716821,13,100,2023
13,621294,"Heller, Ben",7/21/2023,717313,13,100,2023
13,621074,"Rucker, Michael",6/11/2023,717796,13,100,2023
13,572955,"Johnson, Pierce",7/28/2023,717231,13,100,2023
13,669111,"McMillon, John",8/19/2023,716937,13,100,2023
13,519151,"Pressly, Ryan",7/31/2023,717184,13,100,2023
13,664875,"Lawrence, Justin",7/18/2023,717355,13,100,2023
13,621366,"Borucki, Ryan",7/4/2023,717492,13,100,2023
13,548384,"Raley, Brooks",8/13/2023,717013,13,100,2023
13,676714,"Hughes, Brandon",6/2/2023,717921,13,100,2023
13,676684,"Vest, Will",6/2/2023,717925,13,100,2023
13,592094,"Adam, Jason",6/25/2023,717619,13,100,2023
13,672335,"Pérez, Cionel",8/1/2023,717177,13,100,2023
13,664747,"Díaz, Alexis",6/2/2023,717931,13,100,2023
13,668941,"Romero, JoJo",8/2/2023,717155,13,100,2023
13,623437,"Topa, Justin",8/9/2023,717055,13,100,2023
13,548384,"Raley, Brooks",6/28/2023,717581,13,100,2023
13,643377,"Jax, Griffin",7/7/2023,717458,13,100,2023
13,571901,"Loup, Aaron",8/12/2023,717022,13,100,2023
13,650556,"Abreu, Bryan",6/28/2023,717582,13,100,2023
13,665625,"Peguero, Elvis",7/30/2023,717206,13,100,2023
13,622554,"Domínguez, Seranthony",8/3/2023,717147,13,100,2023
13,670102,"Francis, Bowden",8/3/2023,717150,13,100,2023
13,664139,"Gibaut, Ian",6/28/2023,717589,13,100,2023
13,641729,"Jiménez, Joe",8/28/2023,716812,13,100,2023
13,657024,"Swanson, Erik",7/28/2023,717235,13,100,2023
13,606303,"Payamps, Joel",6/16/2023,717740,13,100,2023
13,662253,"Muñoz, Andrés",6/24/2023,717628,13,100,2023
13,640462,"Puk, A.J.",7/8/2023,717438,13,100,2023
13,671345,"Foley, Jason",6/24/2023,717633,13,100,2023
13,676760,"Marinaccio, Ron",6/25/2023,717622,13,100,2023
13,670174,"Winckowski, Josh",8/7/2023,717089,13,100,2023
13,687330,"Kelly, Kevin",6/22/2023,717659,13,100,2023
13,607179,"Weems, Jordan",6/17/2023,717734,13,100,2023
13,640451,"Harvey, Hunter",6/28/2023,717587,13,100,2023
13,571901,"Loup, Aaron",8/4/2023,717130,13,100,2023
13,605177,"Chafin, Andrew",8/3/2023,717143,13,100,2023
13,625643,"López, Reynaldo",8/4/2023,717130,13,100,2023
13,666808,"Doval, Camilo",8/3/2023,717151,13,100,2023
13,608638,"Chargois, JT",6/13/2023,717773,13,100,2023
13,666818,"Frías, Luis",8/1/2023,717180,13,100,2023
13,621016,"Cuas, Jose",8/2/2023,717153,13,100,2023
13,662253,"Muñoz, Andrés",6/16/2023,717733,13,100,2023
13,677053,"Nardi, Andrew",8/16/2023,716972,13,100,2023
13,669211,"Akin, Keegan",6/27/2023,717601,13,100,2023
13,650633,"King, Michael",7/28/2023,717237,13,100,2023
13,656786,"Mushinski, Parker",7/29/2023,717214,13,100,2023
13,672578,"Hernández, Carlos",6/27/2023,717591,13,100,2023
13,669796,"Hernandez, Jose E.",7/28/2023,717234,13,100,2023
13,455119,"Martin, Chris",6/3/2023,717918,13,100,2023
13,661403,"Clase, Emmanuel",7/25/2023,717260,13,100,2023
13,605347,"López, Jorge",7/8/2023,717446,13,100,2023
13,660787,"De los Santos, Yerry",7/6/2023,717462,13,100,2023
13,595345,"Okert, Steven",6/3/2023,717911,13,100,2023
13,472610,"García, Luis",7/24/2023,717276,13,100,2023
13,608717,"Stratton, Chris",6/3/2023,717907,13,100,2023
13,687330,"Kelly, Kevin",7/22/2023,717300,13,100,2023
13,650556,"Abreu, Bryan",6/30/2023,717554,13,100,2023
13,543521,"McHugh, Collin",7/22/2023,717296,13,100,2023
13,666720,"Rodríguez, Yerry",6/29/2023,717570,13,100,2023
13,543056,"Coulombe, Danny",6/25/2023,717627,13,100,2023
13,662253,"Muñoz, Andrés",7/22/2023,717301,13,100,2023
13,656730,"Megill, Trevor",6/1/2023,717942,13,100,2023
13,663558,"Moran, Jovani",6/2/2023,717924,13,100,2023
13,669947,"Scholtens, Jesse",7/23/2023,717285,13,100,2023
13,623149,"Sewald, Paul",7/25/2023,717264,13,100,2023
13,543518,"McGough, Scott",6/22/2023,717847,13,100,2023
13,641329,"Baker, Bryan",6/10/2023,717818,13,100,2023
13,641729,"Jiménez, Joe",6/10/2023,717816,13,100,2023
13,642100,"Speier, Gabe",7/25/2023,717264,13,100,2023
13,663773,"Hoeing, Bryan",6/11/2023,717795,13,100,2023
13,641871,"Middleton, Keynan",8/18/2023,716953,13,100,2023
13,571656,"Farmer, Buck",7/1/2023,717539,13,100,2023
13,687330,"Kelly, Kevin",6/12/2023,717789,13,100,2023
13,547184,"Kelly, Michael",8/13/2023,717010,13,100,2023
13,455119,"Martin, Chris",6/11/2023,717810,13,100,2023
13,593576,"Neris, Héctor",8/9/2023,717067,13,100,2023
13,605280,"Holmes, Clay",8/11/2023,717047,13,100,2023
13,606149,"Gallegos, Giovanny",8/9/2023,717064,13,100,2023
13,622065,"Young, Alex",7/4/2023,717507,13,100,2023
13,622250,"Sborz, Josh",7/1/2023,717542,13,100,2023
13,657508,"Baumann, Mike",8/13/2023,717005,13,100,2023
13,661395,"Duran, Jhoan",8/13/2023,717009,13,100,2023
13,663947,"Holton, Tyler",8/12/2023,717033,13,100,2023
13,661527,"Martinez, Seth",7/4/2023,717504,13,100,2023
13,518585,"Cruz, Fernando",6/20/2023,717685,13,100,2023
13,518585,"Cruz, Fernando",6/19/2023,717701,13,100,2023
13,678606,"Ferrer, Jose A.",7/2/2023,717528,13,100,2023
13,669618,"Barlow, Joe",6/20/2023,717675,13,100,2023
13,571656,"Farmer, Buck",8/23/2023,716890,13,100,2023
13,671345,"Foley, Jason",7/20/2023,717332,13,100,2023
13,643377,"Jax, Griffin",6/9/2023,717835,13,100,2023
13,573124,"Rogers, Taylor",8/23/2023,716879,13,100,2023
13,660813,"Graterol, Brusdar",7/21/2023,717316,13,100,2023
13,628452,"Iglesias, Raisel",7/18/2023,717358,13,100,2023
13,625643,"López, Reynaldo",8/27/2023,716829,13,100,2023
13,660853,"De Los Santos, Enyel",8/23/2023,716875,13,100,2023
13,663986,"Stephan, Trevor",8/25/2023,716860,13,100,2023
13,669438,"Englert, Mason",6/10/2023,717821,13,100,2023
13,669467,"Pallante, Andre",6/11/2023,717797,13,100,2023
13,571882,"Law, Derek",8/25/2023,716851,13,100,2023
13,518886,"Kimbrel, Craig",6/15/2023,717755,13,100,2023
13,680704,"Sandlin, Nick",6/9/2023,717833,13,100,2023
13,622098,"Smith, Drew",7/29/2023,717215,13,100,2023
13,608718,"Suter, Brent",7/29/2023,717212,13,100,2023
13,445276,"Jansen, Kenley",6/6/2023,717873,13,100,2023
13,642239,"Zastryzny, Rob",6/15/2023,717747,13,100,2023
13,605218,"Edwards Jr., Carl",6/7/2023,717866,13,100,2023
13,663752,"Morris, Cody",6/13/2023,717772,13,100,2023
13,669467,"Pallante, Andre",6/17/2023,717718,13,100,2023
13,622780,"Perdomo, Angel",6/7/2023,717865,13,100,2023
13,661403,"Clase, Emmanuel",8/29/2023,716796,13,100,2023
13,656529,"Hentges, Sam",6/7/2023,717858,13,100,2023
13,668674,"Erceg, Lucas",7/25/2023,717272,13,100,2023
13,664139,"Gibaut, Ian",6/4/2023,717897,13,100,2023
13,676714,"Hughes, Brandon",6/4/2023,717889,13,100,2023
13,605447,"Romano, Jordan",7/4/2023,717496,13,100,2023
13,606303,"Payamps, Joel",7/1/2023,717540,13,100,2023
13,543351,"Jackson, Jay",7/14/2023,717420,13,100,2023
13,666168,"Thompson, Mason",7/29/2023,717215,13,100,2023
13,621383,"Banks, Tanner",8/15/2023,716986,13,100,2023
13,656529,"Hentges, Sam",8/9/2023,717060,13,100,2023
13,623211,"Brazobán, Huascar",7/18/2023,717357,13,100,2023
13,657024,"Swanson, Erik",8/13/2023,717012,13,100,2023
13,676680,"Cosgrove, Tom",7/18/2023,717362,13,100,2023
13,657571,"Ferguson, Caleb",8/11/2023,717032,13,100,2023
13,666808,"Doval, Camilo",7/17/2023,717375,13,100,2023
13,660813,"Graterol, Brusdar",8/10/2023,717045,13,100,2023
13,641743,"Kay, Anthony",7/18/2023,717353,13,100,2023
13,657514,"Bernardino, Brennan",7/14/2023,717419,13,100,2023
13,680735,"Cox, Austin",7/28/2023,717232,13,100,2023
13,592094,"Adam, Jason",6/8/2023,717845,13,100,2023
13,694037,"Palencia, Daniel",7/27/2023,717238,13,100,2023
13,608723,"Voth, Austin",6/4/2023,717890,13,100,2023
13,622075,"Almonte, Yency",6/7/2023,717853,13,100,2023
13,455119,"Martin, Chris",8/7/2023,717089,13,100,2023
13,657097,"Webb, Jacob",6/26/2023,717608,13,100,2023
13,571901,"Loup, Aaron",8/8/2023,717068,13,100,2023
13,600917,"Leclerc, José",8/6/2023,717102,13,100,2023
13,664747,"Díaz, Alexis",8/22/2023,716892,13,100,2023
13,543351,"Jackson, Jay",7/16/2023,717386,13,100,2023
13,607179,"Weems, Jordan",8/8/2023,717096,13,100,2023
13,445276,"Jansen, Kenley",6/18/2023,717715,13,100,2023
13,643377,"Jax, Griffin",7/14/2023,717409,13,100,2023
13,554340,"García, Yimi",6/20/2023,717690,13,100,2023
13,641627,"Gott, Trevor",8/14/2023,717002,13,100,2023
13,572403,"VerHagen, Drew",6/20/2023,717691,13,100,2023
13,680704,"Sandlin, Nick",7/9/2023,717434,13,100,2023
13,523260,"Kelly, Joe",8/7/2023,717094,13,100,2023
13,571901,"Loup, Aaron",8/7/2023,717090,13,100,2023
13,641627,"Gott, Trevor",8/8/2023,717080,13,100,2023
13,608371,"Sims, Lucas",6/18/2023,717707,13,100,2023
13,656322,"Coonrod, Sam",8/21/2023,716910,13,100,2023
13,656271,"Burke, Brock",8/18/2023,716950,13,100,2023
13,572955,"Johnson, Pierce",8/19/2023,716934,13,100,2023
13,571863,"Koch, Matt",8/22/2023,716898,13,100,2023
13,606160,"Montero, Rafael",8/19/2023,716932,13,100,2023
13,672710,"Contreras, Roansy",6/24/2023,717630,13,100,2023
13,669912,"Snead, Kirby",8/21/2023,716904,13,100,2023
13,519151,"Pressly, Ryan",8/21/2023,716908,13,100,2023
13,592229,"Covey, Dylan",8/26/2023,716847,13,100,2023
13,640462,"Puk, A.J.",8/31/2023,716776,13,100,2023
13,664126,"Fairbanks, Pete",7/6/2023,717472,13,100,2023
13,628452,"Iglesias, Raisel",8/25/2023,716852,13,100,2023
13,677053,"Nardi, Andrew",8/30/2023,716778,13,100,2023
13,656234,"Bird, Jake",8/25/2023,716859,13,100,2023
13,519151,"Pressly, Ryan",8/15/2023,716991,13,100,2023
13,518489,"Brasier, Ryan",6/25/2023,717615,13,100,2023
13,571656,"Farmer, Buck",6/27/2023,717601,13,100,2023
13,592454,"Kahnle, Tommy",6/23/2023,717655,13,100,2023
13,519151,"Pressly, Ryan",6/1/2023,717936,13,100,2023
13,686839,"White, Brendan",8/21/2023,716913,13,100,2023
13,472610,"García, Luis",7/4/2023,717497,13,100,2023
13,670036,"Festa, Matt",7/5/2023,717490,13,100,2023
13,527048,"Pérez, Martín",8/14/2023,716997,13,100,2023
13,621016,"Cuas, Jose",6/14/2023,717764,13,100,2023
13,642397,"Soto, Gregory",8/1/2023,717182,13,100,2023
13,621016,"Cuas, Jose",8/4/2023,717141,13,100,2023
13,622780,"Perdomo, Angel",8/1/2023,717178,13,100,2023
13,573124,"Rogers, Taylor",6/16/2023,717731,13,100,2023
13,664875,"Lawrence, Justin",6/23/2023,717644,13,100,2023
13,666720,"Rodríguez, Yerry",6/25/2023,717622,13,100,2023
13,621345,"Minter, A.J.",6/28/2023,717588,13,100,2023
13,624647,"González, Victor",6/29/2023,717572,13,100,2023
13,694037,"Palencia, Daniel",8/24/2023,716870,13,100,2023
13,622780,"Perdomo, Angel",6/14/2023,717763,13,100,2023
13,640462,"Puk, A.J.",6/17/2023,717734,13,100,2023
13,642100,"Speier, Gabe",8/2/2023,717161,13,100,2023
13,642207,"Williams, Devin",6/28/2023,717581,13,100,2023
13,621237,"Alvarado, José",8/29/2023,716806,13,100,2023
13,643410,"Leiter Jr., Mark",6/14/2023,717763,13,100,2023
13,668674,"Erceg, Lucas",8/2/2023,717154,13,100,2023
13,453268,"Bard, Daniel",7/31/2023,717179,13,100,2023
13,500743,"Rojas, Miguel",7/30/2023,717194,13,100,2023
13,664208,"Maton, Phil",6/30/2023,717554,13,100,2023
13,666168,"Thompson, Mason",6/15/2023,717746,13,100,2023
13,592848,"Weiss, Zack",7/27/2023,717247,13,100,2023
13,666168,"Thompson, Mason",6/16/2023,717749,13,100,2023
13,661395,"Duran, Jhoan",8/3/2023,717145,13,100,2023
13,680704,"Sandlin, Nick",6/17/2023,717719,13,100,2023
13,681911,"Vesia, Alex",6/17/2023,717721,13,100,2023
13,669387,"Mlodzinski, Carmen",6/28/2023,717585,13,100,2023
13,666974,"Cano, Yennier",7/23/2023,717291,13,100,2023
13,445276,"Jansen, Kenley",6/1/2023,717932,13,100,2023
13,548384,"Raley, Brooks",6/3/2023,717910,13,100,2023
13,592741,"Shreve, Chasen",6/2/2023,717925,13,100,2023
13,680704,"Sandlin, Nick",7/6/2023,717469,13,100,2023
13,543859,"Tonkin, Michael",6/30/2023,717558,13,100,2023
13,547973,"Chapman, Aroldis",6/27/2023,717591,13,100,2023
13,595345,"Okert, Steven",6/25/2023,717620,13,100,2023
13,682010,"Ramsey, Lane",8/19/2023,716933,13,100,2023
13,607179,"Weems, Jordan",7/26/2023,717257,13,100,2023
13,664747,"Díaz, Alexis",6/30/2023,717557,13,100,2023
13,606149,"Gallegos, Giovanny",6/25/2023,717623,13,100,2023
13,689225,"Brieske, Beau",7/25/2023,717265,13,100,2023
13,606160,"Montero, Rafael",6/3/2023,717908,13,100,2023
13,628708,"Marte, Yunior",6/3/2023,717914,13,100,2023
13,547973,"Chapman, Aroldis",7/3/2023,717514,13,100,2023
13,643410,"Leiter Jr., Mark",6/2/2023,717921,13,100,2023
13,677053,"Nardi, Andrew",6/2/2023,717927,13,100,2023
13,493603,"Ottavino, Adam",6/10/2023,717812,13,100,2023
13,542585,"Cisnero, José",6/10/2023,717821,13,100,2023
13,605242,"Fulmer, Michael",7/30/2023,717195,13,100,2023
13,623352,"Hader, Josh",6/10/2023,717819,13,100,2023
13,605347,"López, Jorge",6/10/2023,717822,13,100,2023
13,657571,"Ferguson, Caleb",7/4/2023,717492,13,100,2023
13,664294,"Moreta, Dauri",7/3/2023,717506,13,100,2023
13,554340,"García, Yimi",8/10/2023,717052,13,100,2023
13,600921,"Machado, Andrés",8/10/2023,717049,13,100,2023
13,677076,"Andrews, Clayton",7/4/2023,717503,13,100,2023
13,608032,"Estévez, Carlos",8/9/2023,717071,13,100,2023
13,640448,"Finnegan, Kyle",8/12/2023,717030,13,100,2023
13,623465,"Phillips, Evan",8/12/2023,717017,13,100,2023
13,674003,"Bradford, Cody",7/19/2023,717346,13,100,2023
13,656924,"Ryan, Ryder",8/11/2023,717034,13,100,2023
13,607179,"Weems, Jordan",8/15/2023,716993,13,100,2023
13,518617,"Diekman, Jake",7/19/2023,717346,13,100,2023
13,666974,"Cano, Yennier",8/13/2023,717005,13,100,2023
13,669459,"Nelson, Kyle",8/9/2023,717057,13,100,2023
13,669796,"Hernandez, Jose E.",8/13/2023,717027,13,100,2023
13,686839,"White, Brendan",8/11/2023,717042,13,100,2023
13,641835,"Mayza, Tim",8/5/2023,717125,13,100,2023
13,628708,"Marte, Yunior",6/24/2023,717635,13,100,2023
13,573124,"Rogers, Taylor",6/19/2023,717697,13,100,2023
13,592094,"Adam, Jason",6/20/2023,717687,13,100,2023
13,596112,"Stephenson, Robert",6/20/2023,717687,13,100,2023
13,622065,"Young, Alex",6/20/2023,717685,13,100,2023
13,657612,"Hill, Tim",6/20/2023,717688,13,100,2023
13,663986,"Stephan, Trevor",6/21/2023,717663,13,100,2023
13,650893,"Cabrera, Génesis",7/30/2023,717201,13,100,2023
13,548384,"Raley, Brooks",7/18/2023,717359,13,100,2023
13,518617,"Diekman, Jake",8/25/2023,716854,13,100,2023
13,606160,"Montero, Rafael",8/24/2023,716873,13,100,2023
13,608348,"Kelly, Carson",8/27/2023,716830,13,100,2023
13,623437,"Topa, Justin",8/27/2023,716820,13,100,2023
13,640451,"Harvey, Hunter",8/24/2023,716872,13,100,2023
13,640462,"Puk, A.J.",8/25/2023,716863,13,100,2023
13,607179,"Weems, Jordan",7/21/2023,717326,13,100,2023
13,663855,"Hicks, Jordan",8/25/2023,716860,13,100,2023
13,543518,"McGough, Scott",6/4/2023,717892,13,100,2023
13,592779,"Stewart, Brock",6/7/2023,717859,13,100,2023
13,592454,"Kahnle, Tommy",6/14/2023,717766,13,100,2023
13,621016,"Cuas, Jose",6/16/2023,717736,13,100,2023
13,621345,"Minter, A.J.",6/14/2023,717770,13,100,2023
13,621363,"Poche, Colin",6/14/2023,717761,13,100,2023
13,628708,"Marte, Yunior",6/17/2023,717725,13,100,2023
13,621363,"Poche, Colin",6/7/2023,717859,13,100,2023
13,641729,"Jiménez, Joe",6/14/2023,717784,13,100,2023
13,657024,"Swanson, Erik",6/15/2023,717753,13,100,2023
13,640451,"Harvey, Hunter",8/15/2023,716993,13,100,2023
13,657612,"Hill, Tim",6/5/2023,717880,13,100,2023
13,664854,"Helsley, Ryan",6/5/2023,717879,13,100,2023
13,453268,"Bard, Daniel",7/22/2023,717306,13,100,2023
13,663158,"Suarez, Robert",8/9/2023,717055,13,100,2023
13,667755,"Soriano, José",6/8/2023,717838,13,100,2023
13,542947,"Bleier, Richard",7/25/2023,717261,13,100,2023
13,676254,"Walker, Ryan",6/4/2023,717890,13,100,2023
13,453268,"Bard, Daniel",7/14/2023,717410,13,100,2023
13,670059,"Holderman, Colin",7/24/2023,717276,13,100,2023
13,518397,"Alexander, Scott",7/15/2023,717398,13,100,2023
13,606303,"Payamps, Joel",7/26/2023,717254,13,100,2023
13,592094,"Adam, Jason",7/9/2023,717429,13,100,2023
13,622098,"Smith, Drew",7/22/2023,717309,13,100,2023
13,621383,"Banks, Tanner",7/14/2023,717414,13,100,2023
13,608371,"Sims, Lucas",7/4/2023,717507,13,100,2023
13,621237,"Alvarado, José",7/2/2023,717528,13,100,2023
13,622098,"Smith, Drew",7/1/2023,717535,13,100,2023
13,518617,"Diekman, Jake",7/5/2023,717491,13,100,2023
13,640451,"Harvey, Hunter",7/2/2023,717528,13,100,2023
13,643410,"Leiter Jr., Mark",7/4/2023,717503,13,100,2023
13,518886,"Kimbrel, Craig",7/6/2023,717472,13,100,2023
13,661383,"Ortega, Oliver",7/4/2023,717500,13,100,2023
13,663878,"Pearson, Nate",7/4/2023,717496,13,100,2023
13,665625,"Peguero, Elvis",7/14/2023,717412,13,100,2023
13,542585,"Cisnero, José",6/18/2023,717711,13,100,2023
13,689225,"Brieske, Beau",7/21/2023,717317,13,100,2023
13,679885,"Martinez, Justin",7/16/2023,717386,13,100,2023
13,518585,"Cruz, Fernando",7/18/2023,717360,13,100,2023
13,682120,"Herrin, Tim",7/9/2023,717434,13,100,2023
13,678606,"Ferrer, Jose A.",7/18/2023,717353,13,100,2023
13,671345,"Foley, Jason",7/17/2023,717368,13,100,2023
13,641627,"Gott, Trevor",7/20/2023,717330,13,100,2023
13,519151,"Pressly, Ryan",8/8/2023,717084,13,100,2023
13,543507,"May, Trevor",7/18/2023,717349,13,100,2023
13,542585,"Cisnero, José",8/8/2023,717076,13,100,2023
13,686839,"White, Brendan",7/21/2023,717317,13,100,2023
13,640448,"Finnegan, Kyle",8/8/2023,717096,13,100,2023
13,592454,"Kahnle, Tommy",6/8/2023,717848,13,100,2023
13,621051,"Wilson, Steven",6/6/2023,717864,13,100,2023
13,660813,"Graterol, Brusdar",8/5/2023,717112,13,100,2023
13,656546,"Hoffman, Jeff",6/4/2023,717902,13,100,2023
13,663986,"Stephan, Trevor",6/7/2023,717858,13,100,2023
13,670950,"Richards, Trevor",6/6/2023,717871,13,100,2023
13,657024,"Swanson, Erik",6/20/2023,717690,13,100,2023
13,687330,"Kelly, Kevin",6/7/2023,717859,13,100,2023
13,657508,"Baumann, Mike",6/20/2023,717687,13,100,2023
13,547973,"Chapman, Aroldis",7/14/2023,717415,13,100,2023
13,571882,"Law, Derek",7/14/2023,717412,13,100,2023
13,656234,"Bird, Jake",8/20/2023,716916,13,100,2023
13,605447,"Romano, Jordan",7/9/2023,717431,13,100,2023
13,663558,"Moran, Jovani",6/19/2023,717693,13,100,2023
13,621381,"Strahm, Matt",7/9/2023,717426,13,100,2023
13,643396,"Kiner-Falefa, Isiah",7/6/2023,717475,13,100,2023
13,657612,"Hill, Tim",7/9/2023,717423,13,100,2023
13,663878,"Pearson, Nate",7/15/2023,717404,13,100,2023
13,687330,"Kelly, Kevin",7/15/2023,717393,13,100,2023
13,670950,"Richards, Trevor",6/21/2023,717676,13,100,2023
13,625643,"López, Reynaldo",8/19/2023,716915,13,100,2023
13,543507,"May, Trevor",8/6/2023,717100,13,100,2023
13,571466,"Barnhart, Tucker",8/7/2023,717092,13,100,2023
13,455119,"Martin, Chris",8/20/2023,716928,13,100,2023
13,596001,"Junis, Jakob",8/6/2023,717100,13,100,2023
13,669467,"Pallante, Andre",8/22/2023,716901,13,100,2023
13,606303,"Payamps, Joel",8/19/2023,716938,13,100,2023
13,663462,"Campbell, Isaiah",7/7/2023,717453,13,100,2023
13,643511,"Rogers, Tyler",8/22/2023,716899,13,100,2023
13,593576,"Neris, Héctor",8/27/2023,716830,13,100,2023
13,628452,"Iglesias, Raisel",8/18/2023,716949,13,100,2023
13,552640,"Kittredge, Andrew",8/22/2023,716898,13,100,2023
13,656730,"Megill, Trevor",8/19/2023,716938,13,100,2023
13,622780,"Perdomo, Angel",8/18/2023,716951,13,100,2023
13,670167,"Schreiber, John",8/29/2023,716802,13,100,2023
13,607179,"Weems, Jordan",8/28/2023,716816,13,100,2023
13,640470,"Alzolay, Adbert",8/24/2023,716870,13,100,2023
13,676680,"Cosgrove, Tom",8/30/2023,716782,13,100,2023
13,606149,"Gallegos, Giovanny",8/14/2023,716995,13,100,2023
13,657097,"Webb, Jacob",8/23/2023,716874,13,100,2023
13,641871,"Middleton, Keynan",8/16/2023,716970,13,100,2023
13,642100,"Speier, Gabe",8/15/2023,716981,13,100,2023
13,656457,"Gilbert, Tyler",8/16/2023,716977,13,100,2023
13,663855,"Hicks, Jordan",8/15/2023,716990,13,100,2023
13,502085,"Robertson, David",6/29/2023,717565,13,100,2023
13,519151,"Pressly, Ryan",6/30/2023,717554,13,100,2023
13,670102,"Francis, Bowden",8/16/2023,716967,13,100,2023
13,670167,"Schreiber, John",8/15/2023,716993,13,100,2023
13,502085,"Robertson, David",6/24/2023,717635,13,100,2023
12,605447,"Romano, Jordan",6/7/2023,717856,12,100,2023
12,665625,"Peguero, Elvis",7/19/2023,717347,12,100,2023
12,606160,"Montero, Rafael",7/21/2023,717310,12,100,2023
12,670059,"Holderman, Colin",7/29/2023,717216,12,100,2023
12,664126,"Fairbanks, Pete",7/17/2023,717367,12,100,2023
12,641941,"Pagán, Emilio",7/16/2023,717379,12,100,2023
12,641835,"Mayza, Tim",7/9/2023,717431,12,100,2023
12,623352,"Hader, Josh",7/21/2023,717317,12,100,2023
12,656529,"Hentges, Sam",7/1/2023,717546,12,100,2023
12,573124,"Rogers, Taylor",7/16/2023,717388,12,100,2023
12,571466,"Barnhart, Tucker",7/16/2023,717376,12,100,2023
12,571656,"Farmer, Buck",7/3/2023,717517,12,100,2023
12,664747,"Díaz, Alexis",6/5/2023,717883,12,100,2023
12,669674,"Long, Sam",7/2/2023,717518,12,100,2023
12,608032,"Estévez, Carlos",8/13/2023,717004,12,100,2023
12,657612,"Hill, Tim",7/22/2023,717299,12,100,2023
12,686747,"La Sorsa, Joe",7/23/2023,717290,12,100,2023
12,662253,"Muñoz, Andrés",6/14/2023,717759,12,100,2023
12,701643,"Hartwig, Grant",7/9/2023,717423,12,100,2023
12,543518,"McGough, Scott",7/24/2023,717268,12,100,2023
12,687330,"Kelly, Kevin",6/9/2023,717827,12,100,2023
12,621366,"Borucki, Ryan",6/25/2023,717620,12,100,2023
12,621363,"Poche, Colin",6/13/2023,717774,12,100,2023
12,681911,"Vesia, Alex",8/23/2023,716875,12,100,2023
12,670174,"Winckowski, Josh",6/10/2023,717825,12,100,2023
12,608371,"Sims, Lucas",8/30/2023,716789,12,100,2023
12,643410,"Leiter Jr., Mark",7/21/2023,717325,12,100,2023
12,650556,"Abreu, Bryan",8/25/2023,716858,12,100,2023
12,664139,"Gibaut, Ian",6/21/2023,717669,12,100,2023
12,605447,"Romano, Jordan",6/23/2023,717646,12,100,2023
12,596112,"Stephenson, Robert",8/26/2023,716845,12,100,2023
12,519043,"Moore, Matt",8/19/2023,716915,12,100,2023
12,687396,"Headrick, Brent",7/3/2023,717510,12,100,2023
12,676680,"Cosgrove, Tom",7/1/2023,717539,12,100,2023
12,607755,"Vasquez, Andrew",6/20/2023,717689,12,100,2023
12,641835,"Mayza, Tim",8/27/2023,716825,12,100,2023
12,601713,"Pivetta, Nick",6/11/2023,717810,12,100,2023
12,670280,"Bednar, David",8/13/2023,717015,12,100,2023
12,670174,"Winckowski, Josh",8/9/2023,717059,12,100,2023
12,554340,"García, Yimi",6/18/2023,717709,12,100,2023
12,672335,"Pérez, Cionel",8/13/2023,717005,12,100,2023
12,623465,"Phillips, Evan",8/9/2023,717057,12,100,2023
12,621074,"Rucker, Michael",7/2/2023,717521,12,100,2023
12,493603,"Ottavino, Adam",6/7/2023,717850,12,100,2023
12,571670,"Floro, Dylan",7/2/2023,717532,12,100,2023
12,453268,"Bard, Daniel",7/30/2023,717199,12,100,2023
12,518886,"Kimbrel, Craig",7/28/2023,717234,12,100,2023
12,622098,"Smith, Drew",7/26/2023,717248,12,100,2023
12,623474,"Herget, Jimmy",6/11/2023,717799,12,100,2023
12,669212,"Morgan, Eli",7/23/2023,717283,12,100,2023
12,643377,"Jax, Griffin",6/1/2023,717937,12,100,2023
12,605347,"López, Jorge",7/24/2023,717275,12,100,2023
12,518617,"Diekman, Jake",6/24/2023,717632,12,100,2023
12,592741,"Shreve, Chasen",6/27/2023,717599,12,100,2023
12,518617,"Diekman, Jake",6/27/2023,717593,12,100,2023
12,660261,"Fujinami, Shintaro",8/2/2023,717157,12,100,2023
12,608678,"Leone, Dominic",6/29/2023,717565,12,100,2023
12,519008,"McFarland, T.J.",6/29/2023,717565,12,100,2023
12,656546,"Hoffman, Jeff",7/5/2023,717491,12,100,2023
12,608371,"Sims, Lucas",7/6/2023,717481,12,100,2023
12,598286,"Ramirez, Nick",7/5/2023,717487,12,100,2023
12,641329,"Baker, Bryan",6/13/2023,717787,12,100,2023
12,666619,"Santos, Gregory",6/3/2023,717915,12,100,2023
12,642397,"Soto, Gregory",7/28/2023,717234,12,100,2023
12,669674,"Long, Sam",6/17/2023,717725,12,100,2023
12,664139,"Gibaut, Ian",7/28/2023,717225,12,100,2023
12,502085,"Robertson, David",7/30/2023,717202,12,100,2023
12,571863,"Koch, Matt",7/30/2023,717199,12,100,2023
12,671111,"Peralta, Sammy",7/30/2023,717204,12,100,2023
12,519293,"Smith, Will",8/3/2023,717149,12,100,2023
12,622098,"Smith, Drew",6/29/2023,717565,12,100,2023
12,612434,"Castro, Miguel",8/4/2023,717128,12,100,2023
12,596112,"Stephenson, Robert",6/23/2023,717649,12,100,2023
12,596112,"Stephenson, Robert",7/5/2023,717491,12,100,2023
12,641729,"Jiménez, Joe",7/28/2023,717231,12,100,2023
12,663878,"Pearson, Nate",6/24/2023,717634,12,100,2023
12,640455,"Manaea, Sean",6/22/2023,717661,12,100,2023
12,663658,"Ward, Thaddeus",6/26/2023,717602,12,100,2023
12,672578,"Hernández, Carlos",6/24/2023,717632,12,100,2023
12,573204,"Thielbar, Caleb",8/4/2023,717128,12,100,2023
12,622075,"Almonte, Yency",6/15/2023,717748,12,100,2023
12,642100,"Speier, Gabe",8/3/2023,717144,12,100,2023
12,657240,"Merryweather, Julian",6/29/2023,717567,12,100,2023
12,671345,"Foley, Jason",8/16/2023,716976,12,100,2023
12,605347,"López, Jorge",7/29/2023,717218,12,100,2023
12,608717,"Stratton, Chris",7/28/2023,717226,12,100,2023
12,642100,"Speier, Gabe",7/31/2023,717181,12,100,2023
12,641835,"Mayza, Tim",7/30/2023,717201,12,100,2023
12,678061,"Kerr, Ray",6/28/2023,717585,12,100,2023
12,656234,"Bird, Jake",7/22/2023,717306,12,100,2023
12,607054,"Peterson, Jace",7/6/2023,717476,12,100,2023
12,641755,"Kinley, Tyler",8/1/2023,717169,12,100,2023
12,623437,"Topa, Justin",7/8/2023,717440,12,100,2023
12,518617,"Diekman, Jake",7/23/2023,717291,12,100,2023
12,668970,"Hollowell, Gavin",7/8/2023,717451,12,100,2023
12,670097,"Short, Zack",7/7/2023,717457,12,100,2023
12,676760,"Marinaccio, Ron",7/6/2023,717475,12,100,2023
12,614179,"Ruiz, José",6/1/2023,717933,12,100,2023
12,518886,"Kimbrel, Craig",7/26/2023,717245,12,100,2023
12,660853,"De Los Santos, Enyel",8/4/2023,717132,12,100,2023
12,656464,"Ginkel, Kevin",6/1/2023,717933,12,100,2023
12,656529,"Hentges, Sam",6/2/2023,717924,12,100,2023
12,605447,"Romano, Jordan",6/1/2023,717942,12,100,2023
12,657097,"Webb, Jacob",6/3/2023,717908,12,100,2023
12,681982,"Anderson, Grant",6/11/2023,717801,12,100,2023
12,543351,"Jackson, Jay",8/13/2023,717012,12,100,2023
12,596112,"Stephenson, Robert",8/9/2023,717064,12,100,2023
12,455119,"Martin, Chris",7/28/2023,717220,12,100,2023
12,622554,"Domínguez, Seranthony",8/13/2023,717009,12,100,2023
12,623149,"Sewald, Paul",8/12/2023,717020,12,100,2023
12,623437,"Topa, Justin",7/1/2023,717534,12,100,2023
12,594580,"Moll, Sam",6/23/2023,717646,12,100,2023
12,660261,"Fujinami, Shintaro",8/13/2023,717005,12,100,2023
12,657612,"Hill, Tim",7/1/2023,717539,12,100,2023
12,676395,"Garcia, Robert",8/9/2023,717066,12,100,2023
12,455119,"Martin, Chris",6/18/2023,717730,12,100,2023
12,605280,"Holmes, Clay",8/31/2023,716775,12,100,2023
12,656529,"Hentges, Sam",6/20/2023,717679,12,100,2023
12,657097,"Webb, Jacob",6/21/2023,717662,12,100,2023
12,661403,"Clase, Emmanuel",6/20/2023,717679,12,100,2023
12,607481,"Bummer, Aaron",6/26/2023,717608,12,100,2023
12,670059,"Holderman, Colin",7/19/2023,717348,12,100,2023
12,642585,"Bautista, Félix",8/25/2023,716859,12,100,2023
12,661395,"Duran, Jhoan",8/26/2023,716839,12,100,2023
12,608678,"Leone, Dominic",7/21/2023,717324,12,100,2023
12,677053,"Nardi, Andrew",8/27/2023,716827,12,100,2023
12,679346,"Navarro, Edgar",8/23/2023,716881,12,100,2023
12,669674,"Long, Sam",6/11/2023,717800,12,100,2023
12,571948,"Milner, Hoby",6/17/2023,717720,12,100,2023
12,622065,"Young, Alex",7/17/2023,717375,12,100,2023
12,518489,"Brasier, Ryan",8/12/2023,717017,12,100,2023
12,656945,"Scott, Tanner",6/16/2023,717749,12,100,2023
12,571882,"Law, Derek",8/13/2023,717015,12,100,2023
12,642121,"Sulser, Cole",7/30/2023,717193,12,100,2023
12,666364,"Balazovic, Jordan",7/24/2023,717275,12,100,2023
12,669674,"Long, Sam",7/23/2023,717279,12,100,2023
12,608665,"Graveman, Kendall",8/9/2023,717067,12,100,2023
12,571948,"Milner, Hoby",7/23/2023,717287,12,100,2023
12,662253,"Muñoz, Andrés",7/26/2023,717250,12,100,2023
12,661440,"Llovera, Mauricio",7/30/2023,717197,12,100,2023
12,666808,"Doval, Camilo",6/7/2023,717852,12,100,2023
12,670950,"Richards, Trevor",7/26/2023,717253,12,100,2023
12,608638,"Chargois, JT",7/2/2023,717532,12,100,2023
12,664875,"Lawrence, Justin",7/30/2023,717199,12,100,2023
12,641871,"Middleton, Keynan",8/13/2023,717011,12,100,2023
12,606303,"Payamps, Joel",7/14/2023,717412,12,100,2023
12,621016,"Cuas, Jose",7/17/2023,717368,12,100,2023
12,661395,"Duran, Jhoan",7/15/2023,717399,12,100,2023
12,660261,"Fujinami, Shintaro",7/21/2023,717320,12,100,2023
12,668970,"Hollowell, Gavin",7/21/2023,717319,12,100,2023
12,592454,"Kahnle, Tommy",7/21/2023,717318,12,100,2023
12,664208,"Maton, Phil",7/21/2023,717310,12,100,2023
12,682175,"Jacques, Joe",7/16/2023,717376,12,100,2023
12,519043,"Moore, Matt",8/6/2023,717101,12,100,2023
12,571656,"Farmer, Buck",8/8/2023,717083,12,100,2023
12,543272,"Hand, Brad",7/15/2023,717394,12,100,2023
12,608371,"Sims, Lucas",7/16/2023,717383,12,100,2023
12,642528,"Loáisiga, Jonathan",8/8/2023,717075,12,100,2023
12,623211,"Brazobán, Huascar",7/15/2023,717401,12,100,2023
12,641656,"Hamilton, Ian",7/9/2023,717433,12,100,2023
12,681517,"Leahy, Kyle",7/16/2023,717380,12,100,2023
12,598286,"Ramirez, Nick",6/18/2023,717730,12,100,2023
12,621051,"Wilson, Steven",8/5/2023,717112,12,100,2023
12,667755,"Soriano, José",8/7/2023,717090,12,100,2023
12,661403,"Clase, Emmanuel",8/22/2023,716897,12,100,2023
12,677053,"Nardi, Andrew",8/8/2023,717083,12,100,2023
12,650556,"Abreu, Bryan",8/21/2023,716908,12,100,2023
12,472610,"García, Luis",8/22/2023,716887,12,100,2023
12,640451,"Harvey, Hunter",8/18/2023,716960,12,100,2023
12,672335,"Pérez, Cionel",8/18/2023,716944,12,100,2023
12,642048,"Saucedo, Tayler",8/22/2023,716893,12,100,2023
12,670950,"Richards, Trevor",8/19/2023,716935,12,100,2023
12,657097,"Webb, Jacob",8/22/2023,716902,12,100,2023
12,548384,"Raley, Brooks",8/28/2023,716818,12,100,2023
12,571901,"Loup, Aaron",8/28/2023,716817,12,100,2023
12,571670,"Floro, Dylan",8/26/2023,716839,12,100,2023
12,656322,"Coonrod, Sam",8/28/2023,716818,12,100,2023
12,489446,"Yates, Kirby",8/15/2023,716987,12,100,2023
12,607259,"Martinez, Nick",8/16/2023,716965,12,100,2023
12,543507,"May, Trevor",6/30/2023,717551,12,100,2023
12,676684,"Vest, Will",8/26/2023,716843,12,100,2023
12,682010,"Ramsey, Lane",8/24/2023,716864,12,100,2023
12,676680,"Cosgrove, Tom",8/23/2023,716883,12,100,2023
12,671345,"Foley, Jason",8/31/2023,716775,12,100,2023
12,663986,"Stephan, Trevor",8/15/2023,716992,12,100,2023
12,669912,"Snead, Kirby",8/30/2023,716788,12,100,2023
12,666619,"Santos, Gregory",7/6/2023,717468,12,100,2023
12,686654,"Adcock, Ty",6/22/2023,717652,12,100,2023
12,593576,"Neris, Héctor",8/23/2023,716878,12,100,2023
12,573124,"Rogers, Taylor",8/27/2023,716819,12,100,2023
12,657514,"Bernardino, Brennan",8/15/2023,716993,12,100,2023
12,571948,"Milner, Hoby",8/22/2023,716894,12,100,2023
12,657585,"Garrett, Reed",8/22/2023,716891,12,100,2023
12,500743,"Rojas, Miguel",8/18/2023,716946,12,100,2023
12,605242,"Fulmer, Michael",8/19/2023,716937,12,100,2023
12,640448,"Finnegan, Kyle",8/22/2023,716900,12,100,2023
12,668674,"Erceg, Lucas",8/7/2023,717081,12,100,2023
12,641729,"Jiménez, Joe",8/22/2023,716891,12,100,2023
12,664875,"Lawrence, Justin",8/8/2023,717078,12,100,2023
12,641360,"Bickford, Phil",8/14/2023,717002,12,100,2023
12,592229,"Covey, Dylan",6/20/2023,717689,12,100,2023
12,678061,"Kerr, Ray",8/5/2023,717112,12,100,2023
12,665625,"Peguero, Elvis",7/9/2023,717427,12,100,2023
12,664139,"Gibaut, Ian",7/9/2023,717427,12,100,2023
12,612434,"Castro, Miguel",7/8/2023,717439,12,100,2023
12,660853,"De Los Santos, Enyel",6/25/2023,717613,12,100,2023
12,622780,"Perdomo, Angel",8/5/2023,717116,12,100,2023
12,656061,"Abreu, Albert",6/6/2023,717877,12,100,2023
12,666808,"Doval, Camilo",6/8/2023,717846,12,100,2023
12,608344,"Irvin, Cole",8/6/2023,717107,12,100,2023
12,489446,"Yates, Kirby",8/19/2023,716934,12,100,2023
12,656945,"Scott, Tanner",8/30/2023,716778,12,100,2023
12,641329,"Baker, Bryan",6/23/2023,717651,12,100,2023
12,641871,"Middleton, Keynan",6/25/2023,717614,12,100,2023
12,453268,"Bard, Daniel",6/23/2023,717644,12,100,2023
12,607179,"Weems, Jordan",7/27/2023,717241,12,100,2023
12,519293,"Smith, Will",6/17/2023,717723,12,100,2023
12,664139,"Gibaut, Ian",7/23/2023,717289,12,100,2023
12,642397,"Soto, Gregory",6/23/2023,717656,12,100,2023
12,643377,"Jax, Griffin",6/23/2023,717647,12,100,2023
12,687330,"Kelly, Kevin",7/26/2023,717252,12,100,2023
12,571948,"Milner, Hoby",6/14/2023,717771,12,100,2023
12,686747,"La Sorsa, Joe",6/23/2023,717642,12,100,2023
12,641729,"Jiménez, Joe",8/4/2023,717141,12,100,2023
12,641755,"Kinley, Tyler",8/4/2023,717127,12,100,2023
12,657097,"Webb, Jacob",8/28/2023,716815,12,100,2023
12,519043,"Moore, Matt",8/3/2023,717144,12,100,2023
12,625643,"López, Reynaldo",6/27/2023,717592,12,100,2023
12,621295,"Wittgren, Nick",6/14/2023,717764,12,100,2023
12,622554,"Domínguez, Seranthony",6/15/2023,717755,12,100,2023
12,543518,"McGough, Scott",8/14/2023,716998,12,100,2023
12,643511,"Rogers, Tyler",8/2/2023,717164,12,100,2023
12,650960,"Duarte, Daniel",8/3/2023,717146,12,100,2023
12,656529,"Hentges, Sam",8/2/2023,717163,12,100,2023
12,660261,"Fujinami, Shintaro",8/4/2023,717134,12,100,2023
12,656970,"Smeltzer, Devin",8/4/2023,717133,12,100,2023
12,650960,"Duarte, Daniel",7/30/2023,717194,12,100,2023
12,657508,"Baumann, Mike",7/29/2023,717219,12,100,2023
12,677865,"Bruihl, Justin",6/29/2023,717572,12,100,2023
12,571656,"Farmer, Buck",7/23/2023,717289,12,100,2023
12,518886,"Kimbrel, Craig",6/1/2023,717934,12,100,2023
12,543272,"Hand, Brad",7/24/2023,717282,12,100,2023
12,641627,"Gott, Trevor",7/6/2023,717470,12,100,2023
12,682175,"Jacques, Joe",7/23/2023,717298,12,100,2023
12,641729,"Jiménez, Joe",7/22/2023,717296,12,100,2023
12,664875,"Lawrence, Justin",7/23/2023,717292,12,100,2023
12,686294,"Willingham, Amos",7/8/2023,717450,12,100,2023
12,701643,"Hartwig, Grant",7/8/2023,717436,12,100,2023
12,593576,"Neris, Héctor",7/23/2023,717279,12,100,2023
12,595345,"Okert, Steven",7/25/2023,717270,12,100,2023
12,621366,"Borucki, Ryan",6/30/2023,717562,12,100,2023
12,543272,"Hand, Brad",7/29/2023,717212,12,100,2023
12,656945,"Scott, Tanner",6/29/2023,717569,12,100,2023
12,669618,"Barlow, Joe",6/29/2023,717570,12,100,2023
12,667755,"Soriano, José",6/3/2023,717908,12,100,2023
12,543056,"Coulombe, Danny",7/1/2023,717541,12,100,2023
12,571670,"Floro, Dylan",7/1/2023,717536,12,100,2023
12,666808,"Doval, Camilo",6/3/2023,717916,12,100,2023
12,592229,"Covey, Dylan",7/29/2023,717216,12,100,2023
12,542585,"Cisnero, José",6/11/2023,717804,12,100,2023
12,622098,"Smith, Drew",7/4/2023,717498,12,100,2023
12,595345,"Okert, Steven",6/10/2023,717820,12,100,2023
12,628708,"Marte, Yunior",7/2/2023,717528,12,100,2023
12,605463,"Scott, Tayler",6/11/2023,717806,12,100,2023
12,621345,"Minter, A.J.",6/24/2023,717631,12,100,2023
12,668674,"Erceg, Lucas",8/30/2023,716788,12,100,2023
12,657240,"Merryweather, Julian",6/10/2023,717826,12,100,2023
12,660261,"Fujinami, Shintaro",7/4/2023,717494,12,100,2023
12,669060,"Wilson, Bryse",6/11/2023,717800,12,100,2023
12,665625,"Peguero, Elvis",7/4/2023,717503,12,100,2023
12,595345,"Okert, Steven",8/29/2023,716807,12,100,2023
12,669387,"Mlodzinski, Carmen",7/4/2023,717492,12,100,2023
12,445276,"Jansen, Kenley",8/13/2023,717014,12,100,2023
12,592454,"Kahnle, Tommy",8/11/2023,717047,12,100,2023
12,621366,"Borucki, Ryan",7/28/2023,717234,12,100,2023
12,605242,"Fulmer, Michael",8/11/2023,717041,12,100,2023
12,694037,"Palencia, Daniel",7/4/2023,717503,12,100,2023
12,640470,"Alzolay, Adbert",6/9/2023,717823,12,100,2023
12,592094,"Adam, Jason",7/17/2023,717367,12,100,2023
12,622250,"Sborz, Josh",8/12/2023,717029,12,100,2023
12,641871,"Middleton, Keynan",8/12/2023,717025,12,100,2023
12,643377,"Jax, Griffin",8/13/2023,717009,12,100,2023
12,642585,"Bautista, Félix",7/19/2023,717343,12,100,2023
12,657097,"Webb, Jacob",6/12/2023,717792,12,100,2023
12,666619,"Santos, Gregory",8/11/2023,717036,12,100,2023
12,660261,"Fujinami, Shintaro",7/18/2023,717349,12,100,2023
12,671345,"Foley, Jason",7/19/2023,717333,12,100,2023
12,678606,"Ferrer, Jose A.",8/12/2023,717030,12,100,2023
12,681911,"Vesia, Alex",8/13/2023,717007,12,100,2023
12,518886,"Kimbrel, Craig",7/18/2023,717363,12,100,2023
12,608678,"Leone, Dominic",7/20/2023,717330,12,100,2023
12,622772,"Cordero, Jimmy",6/21/2023,717666,12,100,2023
12,623352,"Hader, Josh",6/18/2023,717703,12,100,2023
12,668984,"Legumina, Casey",6/12/2023,717793,12,100,2023
12,641871,"Middleton, Keynan",7/9/2023,717424,12,100,2023
12,643410,"Leiter Jr., Mark",7/31/2023,717188,12,100,2023
12,519043,"Moore, Matt",7/21/2023,717312,12,100,2023
12,676760,"Marinaccio, Ron",6/11/2023,717810,12,100,2023
12,622780,"Perdomo, Angel",7/18/2023,717364,12,100,2023
12,641743,"Kay, Anthony",6/24/2023,717637,12,100,2023
12,605447,"Romano, Jordan",7/21/2023,717311,12,100,2023
12,656529,"Hentges, Sam",7/29/2023,717217,12,100,2023
12,573124,"Rogers, Taylor",8/26/2023,716848,12,100,2023
12,656638,"Lange, Alex",7/29/2023,717218,12,100,2023
12,608371,"Sims, Lucas",7/19/2023,717342,12,100,2023
12,621381,"Strahm, Matt",7/19/2023,717347,12,100,2023
12,676254,"Walker, Ryan",7/17/2023,717375,12,100,2023
12,656945,"Scott, Tanner",7/30/2023,717202,12,100,2023
12,518886,"Kimbrel, Craig",6/6/2023,717875,12,100,2023
12,543507,"May, Trevor",8/9/2023,717063,12,100,2023
12,661403,"Clase, Emmanuel",7/30/2023,717204,12,100,2023
12,592094,"Adam, Jason",8/11/2023,717038,12,100,2023
12,622250,"Sborz, Josh",8/16/2023,716971,12,100,2023
12,542585,"Cisnero, José",6/16/2023,717738,12,100,2023
12,592094,"Adam, Jason",6/5/2023,717928,12,100,2023
12,543056,"Coulombe, Danny",6/17/2023,717729,12,100,2023
12,593619,"Tapia, Domingo",6/6/2023,717864,12,100,2023
12,592426,"Jackson, Luke",6/16/2023,717731,12,100,2023
12,607481,"Bummer, Aaron",8/9/2023,717054,12,100,2023
12,605218,"Edwards Jr., Carl",6/15/2023,717746,12,100,2023
12,608665,"Graveman, Kendall",6/14/2023,717760,12,100,2023
12,661395,"Duran, Jhoan",6/14/2023,717771,12,100,2023
12,657571,"Ferguson, Caleb",6/13/2023,717776,12,100,2023
12,543272,"Hand, Brad",8/28/2023,716812,12,100,2023
12,669212,"Morgan, Eli",7/31/2023,717184,12,100,2023
12,672335,"Pérez, Cionel",6/16/2023,717744,12,100,2023
12,592094,"Adam, Jason",7/25/2023,717270,12,100,2023
12,664126,"Fairbanks, Pete",7/25/2023,717270,12,100,2023
12,671345,"Foley, Jason",7/23/2023,717288,12,100,2023
12,518489,"Brasier, Ryan",7/16/2023,717385,12,100,2023
12,640470,"Alzolay, Adbert",7/25/2023,717263,12,100,2023
12,664126,"Fairbanks, Pete",6/25/2023,717619,12,100,2023
12,670032,"Lopez, Nicky",8/12/2023,718371,12,100,2023
12,571863,"Koch, Matt",7/2/2023,717523,12,100,2023
12,694037,"Palencia, Daniel",7/29/2023,717213,12,100,2023
12,612434,"Castro, Miguel",7/16/2023,717386,12,100,2023
12,453268,"Bard, Daniel",7/5/2023,717489,12,100,2023
12,674370,"Bido, Osvaldo",8/13/2023,717027,12,100,2023
12,643493,"Pruitt, Austin",7/1/2023,717538,12,100,2023
12,664208,"Maton, Phil",6/24/2023,717626,12,100,2023
12,518617,"Diekman, Jake",7/6/2023,717472,12,100,2023
12,657571,"Ferguson, Caleb",7/14/2023,717413,12,100,2023
12,664199,"Clarke, Taylor",7/1/2023,717537,12,100,2023
12,669467,"Pallante, Andre",7/3/2023,717515,12,100,2023
12,669618,"Barlow, Joe",7/1/2023,717542,12,100,2023
12,686654,"Adcock, Ty",7/3/2023,717516,12,100,2023
12,669459,"Nelson, Kyle",7/14/2023,717420,12,100,2023
12,670059,"Holderman, Colin",7/9/2023,717425,12,100,2023
12,592741,"Shreve, Chasen",7/6/2023,717476,12,100,2023
12,595345,"Okert, Steven",7/18/2023,717357,12,100,2023
12,608665,"Graveman, Kendall",6/19/2023,717695,12,100,2023
12,595345,"Okert, Steven",8/5/2023,717124,12,100,2023
12,594580,"Moll, Sam",8/8/2023,717083,12,100,2023
12,642048,"Saucedo, Tayler",7/21/2023,717311,12,100,2023
12,606303,"Payamps, Joel",8/5/2023,717116,12,100,2023
12,642100,"Speier, Gabe",7/21/2023,717311,12,100,2023
12,621295,"Wittgren, Nick",8/7/2023,717089,12,100,2023
12,623149,"Sewald, Paul",8/5/2023,717118,12,100,2023
12,573124,"Rogers, Taylor",6/4/2023,717890,12,100,2023
12,592254,"De León, José",6/4/2023,717895,12,100,2023
12,643493,"Pruitt, Austin",8/6/2023,717100,12,100,2023
12,621363,"Poche, Colin",6/8/2023,717845,12,100,2023
12,641329,"Baker, Bryan",6/8/2023,717849,12,100,2023
12,671345,"Foley, Jason",6/26/2023,717606,12,100,2023
12,670059,"Holderman, Colin",8/6/2023,717105,12,100,2023
12,681911,"Vesia, Alex",8/8/2023,717073,12,100,2023
12,670990,"Ramírez, Yohan",6/4/2023,717898,12,100,2023
12,656638,"Lange, Alex",6/19/2023,717692,12,100,2023
12,547973,"Chapman, Aroldis",7/15/2023,717402,12,100,2023
12,548384,"Raley, Brooks",7/16/2023,717385,12,100,2023
12,681911,"Vesia, Alex",8/28/2023,716805,12,100,2023
12,605177,"Chafin, Andrew",7/15/2023,717404,12,100,2023
12,666974,"Cano, Yennier",6/18/2023,717708,12,100,2023
12,608717,"Stratton, Chris",7/9/2023,717424,12,100,2023
12,622065,"Young, Alex",7/15/2023,717392,12,100,2023
12,657571,"Ferguson, Caleb",8/17/2023,716961,12,100,2023
12,669796,"Hernandez, Jose E.",8/20/2023,716923,12,100,2023
12,669618,"Barlow, Joe",6/18/2023,717709,12,100,2023
12,656638,"Lange, Alex",8/20/2023,716922,12,100,2023
12,571882,"Law, Derek",8/8/2023,717083,12,100,2023
12,641703,"Honeywell, Brent",8/7/2023,717088,12,100,2023
12,650893,"Cabrera, Génesis",8/7/2023,717087,12,100,2023
12,657508,"Baumann, Mike",7/7/2023,717458,12,100,2023
12,573124,"Rogers, Taylor",8/22/2023,716899,12,100,2023
12,666277,"Soriano, George",8/19/2023,716926,12,100,2023
12,680704,"Sandlin, Nick",8/6/2023,717108,12,100,2023
12,670280,"Bednar, David",8/22/2023,716901,12,100,2023
12,676684,"Vest, Will",8/19/2023,716939,12,100,2023
12,663986,"Stephan, Trevor",7/7/2023,717463,12,100,2023
12,656353,"Davidson, Tucker",8/19/2023,716937,12,100,2023
12,572955,"Johnson, Pierce",8/29/2023,716791,12,100,2023
12,518886,"Kimbrel, Craig",8/22/2023,716899,12,100,2023
12,605130,"Barlow, Scott",8/29/2023,716797,12,100,2023
12,607179,"Weems, Jordan",8/31/2023,716776,12,100,2023
12,608678,"Leone, Dominic",8/30/2023,716787,12,100,2023
12,621345,"Minter, A.J.",8/29/2023,716791,12,100,2023
12,608638,"Chargois, JT",8/25/2023,716863,12,100,2023
12,623437,"Topa, Justin",8/25/2023,716853,12,100,2023
12,670990,"Ramírez, Yohan",7/5/2023,717479,12,100,2023
12,641729,"Jiménez, Joe",8/25/2023,716852,12,100,2023
12,518489,"Brasier, Ryan",8/16/2023,716962,12,100,2023
12,676680,"Cosgrove, Tom",7/7/2023,717454,12,100,2023
12,664126,"Fairbanks, Pete",8/16/2023,716975,12,100,2023
12,668674,"Erceg, Lucas",8/14/2023,716995,12,100,2023
12,554340,"García, Yimi",6/28/2023,717586,12,100,2023
12,666974,"Cano, Yennier",8/23/2023,716874,12,100,2023
12,680735,"Cox, Austin",8/16/2023,716963,12,100,2023
12,519293,"Smith, Will",6/23/2023,717655,12,100,2023
12,542585,"Cisnero, José",6/25/2023,717621,12,100,2023
12,547973,"Chapman, Aroldis",6/25/2023,717619,12,100,2023
12,571670,"Floro, Dylan",6/24/2023,717630,12,100,2023
12,622075,"Almonte, Yency",6/24/2023,717626,12,100,2023
12,640451,"Harvey, Hunter",6/24/2023,717638,12,100,2023
11,572955,"Johnson, Pierce",8/26/2023,716848,11,100,2023
11,573204,"Thielbar, Caleb",8/27/2023,716824,11,100,2023
11,554340,"García, Yimi",7/29/2023,717222,11,100,2023
11,669060,"Wilson, Bryse",7/1/2023,717540,11,100,2023
11,656669,"Luplow, Jordan",8/11/2023,717044,11,100,2023
11,628452,"Iglesias, Raisel",7/2/2023,717532,11,100,2023
11,621345,"Minter, A.J.",6/12/2023,717790,11,100,2023
11,669459,"Nelson, Kyle",6/10/2023,717821,11,100,2023
11,672335,"Pérez, Cionel",6/3/2023,717916,11,100,2023
11,664875,"Lawrence, Justin",6/1/2023,717933,11,100,2023
11,600921,"Machado, Andrés",7/26/2023,717257,11,100,2023
11,489446,"Yates, Kirby",8/16/2023,716970,11,100,2023
11,666168,"Thompson, Mason",6/2/2023,717935,11,100,2023
11,641941,"Pagán, Emilio",7/23/2023,717285,11,100,2023
11,572955,"Johnson, Pierce",7/26/2023,717242,11,100,2023
11,694037,"Palencia, Daniel",7/31/2023,717188,11,100,2023
11,642397,"Soto, Gregory",7/30/2023,717208,11,100,2023
11,641360,"Bickford, Phil",8/2/2023,717156,11,100,2023
11,518489,"Brasier, Ryan",7/28/2023,717225,11,100,2023
11,605154,"Brebbia, John",6/2/2023,717920,11,100,2023
11,518397,"Alexander, Scott",7/24/2023,718558,11,100,2023
11,606303,"Payamps, Joel",8/2/2023,717162,11,100,2023
11,666808,"Doval, Camilo",6/23/2023,717641,11,100,2023
11,592741,"Shreve, Chasen",6/14/2023,717784,11,100,2023
11,666374,"Brash, Matt",6/24/2023,717628,11,100,2023
11,543518,"McGough, Scott",6/16/2023,717739,11,100,2023
11,608371,"Sims, Lucas",8/26/2023,716833,11,100,2023
11,592426,"Jackson, Luke",8/23/2023,716879,11,100,2023
11,456713,"Bush, Matt",6/30/2023,717562,11,100,2023
11,657097,"Webb, Jacob",8/16/2023,716965,11,100,2023
11,592426,"Jackson, Luke",8/26/2023,716848,11,100,2023
11,572403,"VerHagen, Drew",6/16/2023,717743,11,100,2023
11,670810,"Gillaspie, Logan",6/21/2023,717677,11,100,2023
11,621345,"Minter, A.J.",8/19/2023,716934,11,100,2023
11,640470,"Alzolay, Adbert",8/29/2023,716798,11,100,2023
11,571656,"Farmer, Buck",6/17/2023,717727,11,100,2023
11,571948,"Milner, Hoby",6/13/2023,717783,11,100,2023
11,663992,"Lovelady, Richard",6/15/2023,717756,11,100,2023
11,672578,"Hernández, Carlos",8/29/2023,716793,11,100,2023
11,643410,"Leiter Jr., Mark",6/21/2023,717671,11,100,2023
11,666974,"Cano, Yennier",8/3/2023,717150,11,100,2023
11,605347,"López, Jorge",7/30/2023,717202,11,100,2023
11,681911,"Vesia, Alex",7/28/2023,717225,11,100,2023
11,547973,"Chapman, Aroldis",7/7/2023,717465,11,100,2023
11,623437,"Topa, Justin",6/18/2023,717704,11,100,2023
11,608678,"Leone, Dominic",7/8/2023,717436,11,100,2023
11,621016,"Cuas, Jose",7/23/2023,717294,11,100,2023
11,572403,"VerHagen, Drew",8/12/2023,717019,11,100,2023
11,628452,"Iglesias, Raisel",6/3/2023,717901,11,100,2023
11,554340,"García, Yimi",8/22/2023,716902,11,100,2023
11,622110,"Duffy, Matt",6/28/2023,717577,11,100,2023
11,641835,"Mayza, Tim",6/29/2023,717564,11,100,2023
11,662253,"Muñoz, Andrés",6/27/2023,717590,11,100,2023
11,571948,"Milner, Hoby",7/24/2023,717273,11,100,2023
11,669387,"Mlodzinski, Carmen",7/26/2023,717246,11,100,2023
11,669395,"Coleman, Dylan",8/4/2023,717140,11,100,2023
11,621363,"Poche, Colin",7/23/2023,717291,11,100,2023
11,664776,"Cousins, Jake",6/3/2023,717906,11,100,2023
11,657024,"Swanson, Erik",7/15/2023,717404,11,100,2023
11,670097,"Short, Zack",8/4/2023,717135,11,100,2023
11,489446,"Yates, Kirby",7/1/2023,717536,11,100,2023
11,543351,"Jackson, Jay",7/22/2023,717301,11,100,2023
11,502085,"Robertson, David",8/9/2023,717070,11,100,2023
11,622075,"Almonte, Yency",7/14/2023,717413,11,100,2023
11,669169,"Heasley, Jonathan",7/4/2023,717500,11,100,2023
11,656234,"Bird, Jake",6/18/2023,717716,11,100,2023
11,656271,"Burke, Brock",6/19/2023,717695,11,100,2023
11,596112,"Stephenson, Robert",7/31/2023,717185,11,100,2023
11,678061,"Kerr, Ray",8/11/2023,717035,11,100,2023
11,600921,"Machado, Andrés",7/28/2023,717230,11,100,2023
11,571863,"Koch, Matt",7/19/2023,717345,11,100,2023
11,642048,"Saucedo, Tayler",7/23/2023,717281,11,100,2023
11,664747,"Díaz, Alexis",6/11/2023,717797,11,100,2023
11,670059,"Holderman, Colin",8/24/2023,716870,11,100,2023
11,656730,"Megill, Trevor",6/5/2023,717883,11,100,2023
11,666619,"Santos, Gregory",7/20/2023,717330,11,100,2023
11,621381,"Strahm, Matt",6/24/2023,717635,11,100,2023
11,543507,"May, Trevor",6/17/2023,717725,11,100,2023
11,663158,"Suarez, Robert",7/21/2023,717317,11,100,2023
11,676760,"Marinaccio, Ron",7/9/2023,717433,11,100,2023
11,643511,"Rogers, Tyler",6/16/2023,717731,11,100,2023
11,623465,"Phillips, Evan",6/25/2023,717615,11,100,2023
11,623433,"Anderson, Nick",7/1/2023,717536,11,100,2023
11,622075,"Almonte, Yency",7/25/2023,717256,11,100,2023
11,664294,"Moreta, Dauri",7/15/2023,717398,11,100,2023
11,657265,"Strzelecki, Peter",6/4/2023,717897,11,100,2023
11,643410,"Leiter Jr., Mark",7/26/2023,717240,11,100,2023
11,664875,"Lawrence, Justin",7/22/2023,717306,11,100,2023
11,663941,"Beck, Tristan",6/7/2023,717852,11,100,2023
11,669674,"Long, Sam",7/19/2023,717344,11,100,2023
11,605177,"Chafin, Andrew",7/1/2023,717533,11,100,2023
11,656353,"Davidson, Tucker",8/11/2023,717039,11,100,2023
11,660787,"De los Santos, Yerry",7/21/2023,717312,11,100,2023
11,661403,"Clase, Emmanuel",8/10/2023,717052,11,100,2023
11,681982,"Anderson, Grant",7/15/2023,717402,11,100,2023
11,663423,"Thornton, Trent",8/9/2023,717055,11,100,2023
11,650633,"King, Michael",6/23/2023,717655,11,100,2023
11,571901,"Loup, Aaron",7/17/2023,717369,11,100,2023
11,519151,"Pressly, Ryan",7/20/2023,717323,11,100,2023
11,640448,"Finnegan, Kyle",8/17/2023,716966,11,100,2023
11,656546,"Hoffman, Jeff",6/24/2023,717635,11,100,2023
11,669424,"Lambert, Jimmy",8/9/2023,717054,11,100,2023
11,606149,"Gallegos, Giovanny",6/7/2023,717854,11,100,2023
11,622098,"Smith, Drew",6/8/2023,717840,11,100,2023
11,519151,"Pressly, Ryan",7/3/2023,717514,11,100,2023
11,623465,"Phillips, Evan",6/6/2023,717870,11,100,2023
11,656945,"Scott, Tanner",6/23/2023,717653,11,100,2023
11,664854,"Helsley, Ryan",6/7/2023,717854,11,100,2023
11,573124,"Rogers, Taylor",8/7/2023,717090,11,100,2023
11,592094,"Adam, Jason",8/5/2023,717122,11,100,2023
11,598286,"Ramirez, Nick",7/16/2023,717378,11,100,2023
11,656529,"Hentges, Sam",8/10/2023,717052,11,100,2023
11,670280,"Bednar, David",6/4/2023,717898,11,100,2023
11,622554,"Domínguez, Seranthony",8/8/2023,717096,11,100,2023
11,605280,"Holmes, Clay",7/15/2023,717394,11,100,2023
11,623437,"Topa, Justin",7/16/2023,717373,11,100,2023
11,660813,"Graterol, Brusdar",6/25/2023,717615,11,100,2023
11,656353,"Davidson, Tucker",8/5/2023,717123,11,100,2023
11,660813,"Graterol, Brusdar",7/15/2023,717400,11,100,2023
11,592773,"Stanek, Ryne",8/10/2023,717053,11,100,2023
11,657024,"Swanson, Erik",8/7/2023,717087,11,100,2023
11,605447,"Romano, Jordan",7/6/2023,717468,11,100,2023
11,518397,"Alexander, Scott",8/6/2023,717100,11,100,2023
11,554340,"García, Yimi",8/5/2023,717125,11,100,2023
11,605177,"Chafin, Andrew",8/8/2023,717078,11,100,2023
11,607179,"Weems, Jordan",8/6/2023,717104,11,100,2023
11,643377,"Jax, Griffin",8/20/2023,716923,11,100,2023
11,656257,"Brigham, Jeff",6/4/2023,717900,11,100,2023
11,623437,"Topa, Justin",8/6/2023,717101,11,100,2023
11,622065,"Young, Alex",6/18/2023,717707,11,100,2023
11,671345,"Foley, Jason",8/19/2023,716939,11,100,2023
11,621363,"Poche, Colin",7/6/2023,717472,11,100,2023
11,623352,"Hader, Josh",8/18/2023,716942,11,100,2023
11,661403,"Clase, Emmanuel",8/18/2023,716959,11,100,2023
11,663158,"Suarez, Robert",8/28/2023,716809,11,100,2023
11,592454,"Kahnle, Tommy",8/19/2023,716943,11,100,2023
11,669111,"McMillon, John",8/22/2023,716888,11,100,2023
11,662253,"Muñoz, Andrés",8/18/2023,716948,11,100,2023
11,669212,"Morgan, Eli",8/20/2023,716922,11,100,2023
11,666168,"Thompson, Mason",8/22/2023,716900,11,100,2023
11,676760,"Marinaccio, Ron",6/18/2023,717715,11,100,2023
11,623465,"Phillips, Evan",6/7/2023,717853,11,100,2023
11,518397,"Alexander, Scott",6/6/2023,717869,11,100,2023
11,607755,"Vasquez, Andrew",8/18/2023,716959,11,100,2023
11,621345,"Minter, A.J.",8/28/2023,716812,11,100,2023
11,624647,"González, Victor",8/31/2023,716768,11,100,2023
11,645444,"Herrera, Jose",8/29/2023,716792,11,100,2023
11,622250,"Sborz, Josh",8/24/2023,716867,11,100,2023
11,676254,"Walker, Ryan",8/28/2023,716823,11,100,2023
11,605347,"López, Jorge",8/14/2023,717000,11,100,2023
11,607179,"Weems, Jordan",8/16/2023,716982,11,100,2023
11,641729,"Jiménez, Joe",7/15/2023,717395,11,100,2023
11,650556,"Abreu, Bryan",8/15/2023,716991,11,100,2023
11,472610,"García, Luis",6/29/2023,717571,11,100,2023
11,660261,"Fujinami, Shintaro",8/16/2023,716965,11,100,2023
11,624647,"González, Victor",8/29/2023,716792,11,100,2023
11,664294,"Moreta, Dauri",6/10/2023,717812,11,100,2023
11,605447,"Romano, Jordan",8/15/2023,716990,11,100,2023
11,664942,"Naile, James",8/27/2023,716835,11,100,2023
11,608665,"Graveman, Kendall",7/30/2023,717196,11,100,2023
11,453268,"Bard, Daniel",6/13/2023,717788,11,100,2023
11,687330,"Kelly, Kevin",8/12/2023,717024,11,100,2023
11,650633,"King, Michael",7/21/2023,717318,11,100,2023
11,641329,"Baker, Bryan",6/26/2023,717611,11,100,2023
11,681911,"Vesia, Alex",8/2/2023,717154,11,100,2023
11,663855,"Hicks, Jordan",6/27/2023,717598,11,100,2023
11,621016,"Cuas, Jose",6/28/2023,717577,11,100,2023
11,664139,"Gibaut, Ian",8/9/2023,717070,11,100,2023
11,650960,"Duarte, Daniel",6/25/2023,717618,11,100,2023
11,664208,"Maton, Phil",6/25/2023,717615,11,100,2023
11,670167,"Schreiber, John",8/9/2023,717059,11,100,2023
11,593576,"Neris, Héctor",6/14/2023,717762,11,100,2023
11,669212,"Morgan, Eli",6/24/2023,717625,11,100,2023
11,593974,"Peralta, Wandy",6/13/2023,717779,11,100,2023
11,677020,"Walker, Josh",6/23/2023,717656,11,100,2023
11,605463,"Scott, Tayler",6/13/2023,717776,11,100,2023
11,543766,"Shaw, Bryan",8/4/2023,717132,11,100,2023
11,571948,"Milner, Hoby",8/2/2023,717162,11,100,2023
11,641941,"Pagán, Emilio",8/4/2023,717128,11,100,2023
11,642048,"Saucedo, Tayler",8/4/2023,717130,11,100,2023
11,642397,"Soto, Gregory",8/2/2023,717159,11,100,2023
11,656061,"Abreu, Albert",8/1/2023,717175,11,100,2023
11,643377,"Jax, Griffin",6/14/2023,717771,11,100,2023
11,669796,"Hernandez, Jose E.",8/2/2023,717166,11,100,2023
11,657508,"Baumann, Mike",6/13/2023,717787,11,100,2023
11,686747,"La Sorsa, Joe",8/1/2023,717183,11,100,2023
11,663878,"Pearson, Nate",6/15/2023,717753,11,100,2023
11,664294,"Moreta, Dauri",6/13/2023,717782,11,100,2023
11,664747,"Díaz, Alexis",6/28/2023,717589,11,100,2023
11,657571,"Ferguson, Caleb",6/30/2023,717553,11,100,2023
11,623211,"Brazobán, Huascar",7/28/2023,717236,11,100,2023
11,643493,"Pruitt, Austin",7/30/2023,717199,11,100,2023
11,572403,"VerHagen, Drew",8/17/2023,716958,11,100,2023
11,656061,"Abreu, Albert",7/25/2023,717266,11,100,2023
11,662253,"Muñoz, Andrés",7/28/2023,717223,11,100,2023
11,543521,"McHugh, Collin",6/26/2023,717609,11,100,2023
11,669796,"Hernandez, Jose E.",7/30/2023,717208,11,100,2023
11,678606,"Ferrer, Jose A.",7/31/2023,717192,11,100,2023
11,571863,"Koch, Matt",7/5/2023,717489,11,100,2023
11,596112,"Stephenson, Robert",7/6/2023,717472,11,100,2023
11,573009,"Mantiply, Joe",8/14/2023,716998,11,100,2023
11,669169,"Heasley, Jonathan",7/25/2023,717260,11,100,2023
11,670059,"Holderman, Colin",7/26/2023,717246,11,100,2023
11,682175,"Jacques, Joe",7/26/2023,717242,11,100,2023
11,656234,"Bird, Jake",7/7/2023,717448,11,100,2023
11,662253,"Muñoz, Andrés",7/6/2023,717467,11,100,2023
11,593974,"Peralta, Wandy",6/24/2023,717636,11,100,2023
11,676092,"Snider, Collin",7/6/2023,717469,11,100,2023
11,676632,"Madris, Bligh",7/7/2023,717453,11,100,2023
11,518617,"Diekman, Jake",6/30/2023,717548,11,100,2023
11,592094,"Adam, Jason",6/30/2023,717548,11,100,2023
11,621074,"Rucker, Michael",6/27/2023,717596,11,100,2023
11,621363,"Poche, Colin",6/28/2023,717575,11,100,2023
11,543351,"Jackson, Jay",7/30/2023,717201,11,100,2023
11,571670,"Floro, Dylan",7/30/2023,717198,11,100,2023
11,660787,"De los Santos, Yerry",6/28/2023,717585,11,100,2023
11,656464,"Ginkel, Kevin",6/3/2023,717901,11,100,2023
11,664139,"Gibaut, Ian",6/30/2023,717557,11,100,2023
11,669438,"Englert, Mason",6/29/2023,717570,11,100,2023
11,666808,"Doval, Camilo",6/30/2023,717556,11,100,2023
11,701643,"Hartwig, Grant",6/30/2023,717556,11,100,2023
11,518886,"Kimbrel, Craig",6/3/2023,717914,11,100,2023
11,518626,"Donaldson, Josh",7/1/2023,717545,11,100,2023
11,542585,"Cisnero, José",7/2/2023,717523,11,100,2023
11,571946,"Miller, Shelby",6/3/2023,717905,11,100,2023
11,623433,"Anderson, Nick",6/3/2023,717901,11,100,2023
11,598286,"Ramirez, Nick",7/1/2023,717545,11,100,2023
11,605463,"Scott, Tayler",7/4/2023,717501,11,100,2023
11,661403,"Clase, Emmanuel",8/30/2023,716784,11,100,2023
11,596112,"Stephenson, Robert",7/28/2023,717229,11,100,2023
11,571948,"Milner, Hoby",6/11/2023,717800,11,100,2023
11,592741,"Shreve, Chasen",6/11/2023,717804,11,100,2023
11,605242,"Fulmer, Michael",6/11/2023,717796,11,100,2023
11,606160,"Montero, Rafael",8/16/2023,716972,11,100,2023
11,621345,"Minter, A.J.",6/10/2023,717816,11,100,2023
11,643377,"Jax, Griffin",7/1/2023,717541,11,100,2023
11,663947,"Holton, Tyler",7/4/2023,717494,11,100,2023
11,605242,"Fulmer, Michael",8/16/2023,716968,11,100,2023
11,519293,"Smith, Will",8/11/2023,717031,11,100,2023
11,681808,"Vallimont, Chris",7/3/2023,717513,11,100,2023
11,622065,"Young, Alex",6/23/2023,717650,11,100,2023
11,641703,"Honeywell, Brent",8/13/2023,717006,11,100,2023
11,642048,"Saucedo, Tayler",8/11/2023,717034,11,100,2023
11,664747,"Díaz, Alexis",7/19/2023,717342,11,100,2023
11,660813,"Graterol, Brusdar",8/12/2023,717017,11,100,2023
11,628452,"Iglesias, Raisel",6/18/2023,717716,11,100,2023
11,663558,"Moran, Jovani",6/18/2023,717711,11,100,2023
11,642585,"Bautista, Félix",7/28/2023,717237,11,100,2023
11,493603,"Ottavino, Adam",7/18/2023,717359,11,100,2023
11,548384,"Raley, Brooks",8/26/2023,716840,11,100,2023
11,571479,"Bellatti, Andrew",8/25/2023,716861,11,100,2023
11,455119,"Martin, Chris",8/9/2023,717059,11,100,2023
11,596112,"Stephenson, Robert",7/20/2023,717328,11,100,2023
11,612434,"Castro, Miguel",8/24/2023,716868,11,100,2023
11,519293,"Smith, Will",8/13/2023,717008,11,100,2023
11,656382,"Doyle, Tommy",8/26/2023,716837,11,100,2023
11,657044,"Thompson, Ryan",8/27/2023,716821,11,100,2023
11,543351,"Jackson, Jay",8/11/2023,717041,11,100,2023
11,663986,"Stephan, Trevor",8/27/2023,716825,11,100,2023
11,571656,"Farmer, Buck",8/13/2023,717027,11,100,2023
11,489446,"Yates, Kirby",6/14/2023,717770,11,100,2023
11,592741,"Shreve, Chasen",8/10/2023,717050,11,100,2023
11,663558,"Moran, Jovani",7/29/2023,717207,11,100,2023
11,606149,"Gallegos, Giovanny",8/12/2023,717019,11,100,2023
11,605177,"Chafin, Andrew",6/16/2023,717739,11,100,2023
11,656353,"Davidson, Tucker",6/24/2023,717640,11,100,2023
11,608032,"Estévez, Carlos",6/4/2023,717899,11,100,2023
11,608718,"Suter, Brent",6/4/2023,717893,11,100,2023
11,608678,"Leone, Dominic",6/14/2023,717766,11,100,2023
11,608665,"Graveman, Kendall",8/13/2023,717004,11,100,2023
11,621345,"Minter, A.J.",6/17/2023,717724,11,100,2023
11,621383,"Banks, Tanner",6/13/2023,717776,11,100,2023
11,640462,"Puk, A.J.",8/9/2023,717070,11,100,2023
11,642100,"Speier, Gabe",6/17/2023,717722,11,100,2023
11,642585,"Bautista, Félix",6/6/2023,717867,11,100,2023
11,660787,"De los Santos, Yerry",6/24/2023,717630,11,100,2023
11,643377,"Jax, Griffin",6/4/2023,717895,11,100,2023
11,667755,"Soriano, José",6/15/2023,717751,11,100,2023
11,613534,"Adams, Austin",7/24/2023,717268,11,100,2023
11,554340,"García, Yimi",7/22/2023,717301,11,100,2023
11,668674,"Erceg, Lucas",6/7/2023,717865,11,100,2023
11,572955,"Johnson, Pierce",7/23/2023,717292,11,100,2023
11,571901,"Loup, Aaron",7/25/2023,717265,11,100,2023
11,519151,"Pressly, Ryan",7/14/2023,717405,11,100,2023
11,628708,"Marte, Yunior",7/23/2023,717283,11,100,2023
11,643493,"Pruitt, Austin",7/25/2023,717272,11,100,2023
11,663567,"Lambert, Peter",6/23/2023,717644,11,100,2023
11,656945,"Scott, Tanner",7/23/2023,717292,11,100,2023
11,623149,"Sewald, Paul",7/23/2023,717281,11,100,2023
11,593576,"Neris, Héctor",7/15/2023,717389,11,100,2023
11,596112,"Stephenson, Robert",7/9/2023,717429,11,100,2023
11,455119,"Martin, Chris",7/23/2023,717298,11,100,2023
11,625643,"López, Reynaldo",8/16/2023,716971,11,100,2023
11,542585,"Cisnero, José",7/1/2023,717544,11,100,2023
11,687330,"Kelly, Kevin",7/28/2023,717229,11,100,2023
11,445276,"Jansen, Kenley",7/5/2023,717484,11,100,2023
11,623149,"Sewald, Paul",7/2/2023,717519,11,100,2023
11,628452,"Iglesias, Raisel",7/3/2023,717512,11,100,2023
11,656464,"Ginkel, Kevin",7/9/2023,717425,11,100,2023
11,656266,"Bukauskas, J.B.",7/3/2023,717511,11,100,2023
11,641941,"Pagán, Emilio",8/15/2023,716983,11,100,2023
11,678606,"Ferrer, Jose A.",7/1/2023,717543,11,100,2023
11,642397,"Soto, Gregory",8/16/2023,716967,11,100,2023
11,664199,"Clarke, Taylor",7/21/2023,717318,11,100,2023
11,571656,"Farmer, Buck",6/21/2023,717669,11,100,2023
11,547184,"Kelly, Michael",7/19/2023,717348,11,100,2023
11,641941,"Pagán, Emilio",7/19/2023,717335,11,100,2023
11,672335,"Pérez, Cionel",7/21/2023,717320,11,100,2023
11,608371,"Sims, Lucas",8/6/2023,717104,11,100,2023
11,642100,"Speier, Gabe",7/17/2023,717365,11,100,2023
11,608718,"Suter, Brent",7/19/2023,717345,11,100,2023
11,642207,"Williams, Devin",7/19/2023,717347,11,100,2023
11,621051,"Wilson, Steven",7/19/2023,717338,11,100,2023
11,621345,"Minter, A.J.",6/20/2023,717689,11,100,2023
11,640448,"Finnegan, Kyle",8/5/2023,717120,11,100,2023
11,640470,"Alzolay, Adbert",8/6/2023,717098,11,100,2023
11,622065,"Young, Alex",6/19/2023,717701,11,100,2023
11,621366,"Borucki, Ryan",6/19/2023,717698,11,100,2023
11,595345,"Okert, Steven",6/5/2023,717887,11,100,2023
11,623465,"Phillips, Evan",6/20/2023,717678,11,100,2023
11,642207,"Williams, Devin",6/6/2023,717867,11,100,2023
11,643256,"Cimber, Adam",6/4/2023,717900,11,100,2023
11,650556,"Abreu, Bryan",6/7/2023,717856,11,100,2023
11,656234,"Bird, Jake",6/8/2023,717846,11,100,2023
11,678061,"Kerr, Ray",8/6/2023,717093,11,100,2023
11,642207,"Williams, Devin",6/18/2023,717710,11,100,2023
11,664747,"Díaz, Alexis",6/7/2023,717853,11,100,2023
11,657097,"Webb, Jacob",8/14/2023,716996,11,100,2023
11,669796,"Hernandez, Jose E.",6/6/2023,717874,11,100,2023
11,518585,"Cruz, Fernando",7/14/2023,717412,11,100,2023
11,518489,"Brasier, Ryan",8/19/2023,716926,11,100,2023
11,606303,"Payamps, Joel",7/9/2023,717427,11,100,2023
11,614179,"Ruiz, José",7/9/2023,717425,11,100,2023
11,666974,"Cano, Yennier",8/19/2023,716930,11,100,2023
11,666974,"Cano, Yennier",8/18/2023,716944,11,100,2023
11,642585,"Bautista, Félix",7/14/2023,717417,11,100,2023
11,656061,"Abreu, Albert",7/14/2023,717410,11,100,2023
11,643377,"Jax, Griffin",8/18/2023,716951,11,100,2023
11,670280,"Bednar, David",7/16/2023,717388,11,100,2023
11,600917,"Leclerc, José",8/18/2023,716950,11,100,2023
11,674370,"Bido, Osvaldo",7/9/2023,717425,11,100,2023
11,518585,"Cruz, Fernando",8/23/2023,716890,11,100,2023
11,605177,"Chafin, Andrew",8/7/2023,717086,11,100,2023
11,621366,"Borucki, Ryan",8/7/2023,717095,11,100,2023
11,641941,"Pagán, Emilio",8/18/2023,716951,11,100,2023
11,642397,"Soto, Gregory",8/6/2023,717113,11,100,2023
11,682010,"Ramsey, Lane",8/22/2023,716893,11,100,2023
11,543272,"Hand, Brad",8/27/2023,716819,11,100,2023
11,669459,"Nelson, Kyle",8/8/2023,717073,11,100,2023
11,642100,"Speier, Gabe",8/19/2023,716932,11,100,2023
11,663878,"Pearson, Nate",7/6/2023,717480,11,100,2023
11,656271,"Burke, Brock",8/20/2023,716918,11,100,2023
11,622554,"Domínguez, Seranthony",8/19/2023,716941,11,100,2023
11,656382,"Doyle, Tommy",8/20/2023,716916,11,100,2023
11,605242,"Fulmer, Michael",8/24/2023,716870,11,100,2023
11,593576,"Neris, Héctor",8/29/2023,716802,11,100,2023
11,642528,"Loáisiga, Jonathan",8/22/2023,716900,11,100,2023
11,543507,"May, Trevor",8/19/2023,716930,11,100,2023
11,665734,"Felipe, Angel",7/7/2023,717461,11,100,2023
11,662253,"Muñoz, Andrés",8/20/2023,716920,11,100,2023
11,621363,"Poche, Colin",8/22/2023,716898,11,100,2023
11,664875,"Lawrence, Justin",7/7/2023,717448,11,100,2023
11,670950,"Richards, Trevor",8/22/2023,716902,11,100,2023
11,668941,"Romero, JoJo",8/20/2023,716921,11,100,2023
11,596112,"Stephenson, Robert",8/22/2023,716898,11,100,2023
11,623437,"Topa, Justin",8/22/2023,716893,11,100,2023
11,607179,"Weems, Jordan",8/20/2023,716929,11,100,2023
11,666974,"Cano, Yennier",7/7/2023,717458,11,100,2023
11,621051,"Wilson, Steven",8/23/2023,716883,11,100,2023
11,623465,"Phillips, Evan",8/24/2023,716871,11,100,2023
11,640462,"Puk, A.J.",8/23/2023,716883,11,100,2023
11,573204,"Thielbar, Caleb",8/2/2023,717155,11,100,2023
11,641941,"Pagán, Emilio",8/27/2023,716824,11,100,2023
11,472610,"García, Luis",8/14/2023,716996,11,100,2023
11,493603,"Ottavino, Adam",8/14/2023,717002,11,100,2023
11,571863,"Koch, Matt",8/14/2023,716998,11,100,2023
11,607755,"Vasquez, Andrew",8/15/2023,716983,11,100,2023
11,689167,"Lindgren, Jeff",7/6/2023,717473,11,100,2023
11,656945,"Scott, Tanner",8/26/2023,716844,11,100,2023
11,666619,"Santos, Gregory",8/16/2023,716968,11,100,2023
11,656638,"Lange, Alex",8/16/2023,716976,11,100,2023
11,660261,"Fujinami, Shintaro",8/15/2023,716980,11,100,2023
11,668941,"Romero, JoJo",8/15/2023,716984,11,100,2023
11,670059,"Holderman, Colin",8/15/2023,716988,11,100,2023
11,548384,"Raley, Brooks",6/24/2023,717635,11,100,2023
10,672578,"Hernández, Carlos",8/28/2023,716811,10,100,2023
10,642048,"Saucedo, Tayler",7/31/2023,717181,10,100,2023
10,628708,"Marte, Yunior",7/29/2023,717216,10,100,2023
10,518489,"Brasier, Ryan",7/24/2023,717271,10,100,2023
10,660853,"De Los Santos, Enyel",8/1/2023,717172,10,100,2023
10,641656,"Hamilton, Ian",6/29/2023,717574,10,100,2023
10,621074,"Rucker, Michael",6/15/2023,717747,10,100,2023
10,640451,"Harvey, Hunter",6/30/2023,717563,10,100,2023
10,643396,"Kiner-Falefa, Isiah",6/22/2023,717652,10,100,2023
10,523260,"Kelly, Joe",7/29/2023,717205,10,100,2023
10,571670,"Floro, Dylan",6/17/2023,717734,10,100,2023
10,663574,"Santillan, Tony",7/6/2023,717481,10,100,2023
10,657097,"Webb, Jacob",8/18/2023,716944,10,100,2023
10,493603,"Ottavino, Adam",8/26/2023,716840,10,100,2023
10,681882,"Selby, Colin",8/18/2023,716951,10,100,2023
10,472610,"García, Luis",8/27/2023,716822,10,100,2023
10,676684,"Vest, Will",8/21/2023,716913,10,100,2023
10,623352,"Hader, Josh",8/1/2023,717169,10,100,2023
10,622098,"Smith, Drew",7/7/2023,717454,10,100,2023
10,596112,"Stephenson, Robert",8/18/2023,716945,10,100,2023
10,628452,"Iglesias, Raisel",7/7/2023,717460,10,100,2023
10,621368,"Hearn, Taylor",8/19/2023,716937,10,100,2023
10,663804,"Kowar, Jackson",8/19/2023,716937,10,100,2023
10,663947,"Holton, Tyler",8/20/2023,716922,10,100,2023
10,592426,"Jackson, Luke",8/22/2023,716899,10,100,2023
10,641729,"Jiménez, Joe",8/18/2023,716949,10,100,2023
10,665625,"Peguero, Elvis",8/7/2023,717086,10,100,2023
10,606149,"Gallegos, Giovanny",7/5/2023,717488,10,100,2023
10,600921,"Machado, Andrés",8/5/2023,717120,10,100,2023
10,656464,"Ginkel, Kevin",6/6/2023,717881,10,100,2023
10,657508,"Baumann, Mike",6/24/2023,717628,10,100,2023
10,666142,"Ragans, Cole",6/6/2023,717868,10,100,2023
10,518617,"Diekman, Jake",8/6/2023,717103,10,100,2023
10,628452,"Iglesias, Raisel",8/16/2023,716970,10,100,2023
10,657612,"Hill, Tim",7/16/2023,717387,10,100,2023
10,663773,"Hoeing, Bryan",7/17/2023,717374,10,100,2023
10,664747,"Díaz, Alexis",7/21/2023,717321,10,100,2023
10,594580,"Moll, Sam",7/18/2023,717349,10,100,2023
10,643511,"Rogers, Tyler",7/3/2023,717516,10,100,2023
10,608638,"Chargois, JT",7/15/2023,717401,10,100,2023
10,676254,"Walker, Ryan",7/24/2023,718558,10,100,2023
10,660853,"De Los Santos, Enyel",6/4/2023,717895,10,100,2023
10,641835,"Mayza, Tim",8/19/2023,716935,10,100,2023
10,596112,"Stephenson, Robert",7/18/2023,717354,10,100,2023
10,643410,"Leiter Jr., Mark",8/9/2023,717062,10,100,2023
10,657571,"Ferguson, Caleb",6/16/2023,717731,10,100,2023
10,543859,"Tonkin, Michael",8/10/2023,717056,10,100,2023
10,621345,"Minter, A.J.",6/4/2023,717892,10,100,2023
10,596001,"Junis, Jakob",6/16/2023,717731,10,100,2023
10,605347,"López, Jorge",7/17/2023,717365,10,100,2023
10,666808,"Doval, Camilo",7/8/2023,717451,10,100,2023
10,680735,"Cox, Austin",8/27/2023,716820,10,100,2023
10,592426,"Jackson, Luke",8/11/2023,717031,10,100,2023
10,571901,"Loup, Aaron",7/31/2023,717187,10,100,2023
10,592094,"Adam, Jason",7/30/2023,717196,10,100,2023
10,641360,"Bickford, Phil",7/19/2023,717343,10,100,2023
10,666808,"Doval, Camilo",6/18/2023,717702,10,100,2023
10,606149,"Gallegos, Giovanny",6/19/2023,717699,10,100,2023
10,612434,"Castro, Miguel",6/28/2023,717575,10,100,2023
10,592229,"Covey, Dylan",8/4/2023,717140,10,100,2023
10,608032,"Estévez, Carlos",8/26/2023,716840,10,100,2023
10,592454,"Kahnle, Tommy",6/13/2023,717779,10,100,2023
10,663462,"Campbell, Isaiah",8/17/2023,716964,10,100,2023
10,657024,"Swanson, Erik",8/12/2023,717026,10,100,2023
10,622554,"Domínguez, Seranthony",8/1/2023,717182,10,100,2023
10,643410,"Leiter Jr., Mark",7/25/2023,717263,10,100,2023
10,657024,"Swanson, Erik",6/29/2023,717564,10,100,2023
10,571863,"Koch, Matt",7/31/2023,717179,10,100,2023
10,642545,"Barria, Jaime",7/27/2023,717247,10,100,2023
10,518397,"Alexander, Scott",7/26/2023,717251,10,100,2023
10,640470,"Alzolay, Adbert",7/26/2023,717240,10,100,2023
10,678606,"Ferrer, Jose A.",8/16/2023,716982,10,100,2023
10,571656,"Farmer, Buck",7/24/2023,717273,10,100,2023
10,657248,"Otto, Glenn",6/30/2023,717554,10,100,2023
10,641656,"Hamilton, Ian",7/7/2023,717464,10,100,2023
10,472610,"García, Luis",6/22/2023,717661,10,100,2023
10,656464,"Ginkel, Kevin",7/24/2023,717268,10,100,2023
10,622075,"Almonte, Yency",6/29/2023,717572,10,100,2023
10,608678,"Leone, Dominic",7/25/2023,717266,10,100,2023
10,666974,"Cano, Yennier",8/10/2023,717053,10,100,2023
10,663986,"Stephan, Trevor",8/2/2023,717163,10,100,2023
10,683232,"Mears, Nick",6/27/2023,717594,10,100,2023
10,605447,"Romano, Jordan",6/2/2023,717929,10,100,2023
10,622554,"Domínguez, Seranthony",6/3/2023,717914,10,100,2023
10,621074,"Rucker, Michael",7/23/2023,717286,10,100,2023
10,642100,"Speier, Gabe",7/26/2023,717250,10,100,2023
10,623437,"Topa, Justin",7/24/2023,717275,10,100,2023
10,665734,"Felipe, Angel",8/2/2023,717154,10,100,2023
10,686294,"Willingham, Amos",7/23/2023,717290,10,100,2023
10,642207,"Williams, Devin",7/26/2023,717254,10,100,2023
10,666374,"Brash, Matt",6/11/2023,717799,10,100,2023
10,668338,"Miller, Tyson",6/9/2023,717831,10,100,2023
10,680735,"Cox, Austin",8/4/2023,717140,10,100,2023
10,445276,"Jansen, Kenley",6/11/2023,717810,10,100,2023
10,445276,"Jansen, Kenley",6/12/2023,717794,10,100,2023
10,455119,"Martin, Chris",6/9/2023,717841,10,100,2023
10,571539,"Carasiti, Matt",6/12/2023,717794,10,100,2023
10,641835,"Mayza, Tim",7/2/2023,717530,10,100,2023
10,596112,"Stephenson, Robert",6/12/2023,717789,10,100,2023
10,666374,"Brash, Matt",8/9/2023,717055,10,100,2023
10,667463,"King, John",8/9/2023,717064,10,100,2023
10,666974,"Cano, Yennier",7/1/2023,717541,10,100,2023
10,596112,"Stephenson, Robert",6/18/2023,717703,10,100,2023
10,592767,"Smyly, Drew",8/16/2023,716968,10,100,2023
10,621363,"Poche, Colin",6/21/2023,717677,10,100,2023
10,642585,"Bautista, Félix",6/18/2023,717708,10,100,2023
10,657612,"Hill, Tim",6/7/2023,717863,10,100,2023
10,543518,"McGough, Scott",6/11/2023,717804,10,100,2023
10,643410,"Leiter Jr., Mark",8/29/2023,716798,10,100,2023
10,687888,"Walter, Brandon",7/4/2023,717501,10,100,2023
10,676265,"Abbott, Cory",7/19/2023,717336,10,100,2023
10,622075,"Almonte, Yency",7/17/2023,717372,10,100,2023
10,592767,"Smyly, Drew",8/25/2023,716862,10,100,2023
10,657571,"Ferguson, Caleb",6/9/2023,717837,10,100,2023
10,656546,"Hoffman, Jeff",8/23/2023,716879,10,100,2023
10,656794,"Newcomb, Sean",8/23/2023,716884,10,100,2023
10,621051,"Wilson, Steven",7/30/2023,717191,10,100,2023
10,519293,"Smith, Will",7/18/2023,717354,10,100,2023
10,518886,"Kimbrel, Craig",8/13/2023,717009,10,100,2023
10,608718,"Suter, Brent",8/14/2023,716998,10,100,2023
10,657424,"Gage, Matt",6/15/2023,717746,10,100,2023
10,547184,"Kelly, Michael",8/9/2023,717060,10,100,2023
10,643377,"Jax, Griffin",7/28/2023,717232,10,100,2023
10,660813,"Graterol, Brusdar",7/25/2023,717256,10,100,2023
10,665625,"Peguero, Elvis",7/22/2023,717296,10,100,2023
10,666168,"Thompson, Mason",6/7/2023,717866,10,100,2023
10,621381,"Strahm, Matt",7/22/2023,717302,10,100,2023
10,518489,"Brasier, Ryan",7/14/2023,717413,10,100,2023
10,570257,"Rodríguez, Joely",7/15/2023,717403,10,100,2023
10,664126,"Fairbanks, Pete",8/30/2023,716778,10,100,2023
10,682175,"Jacques, Joe",7/2/2023,717530,10,100,2023
10,621294,"Heller, Ben",7/18/2023,717358,10,100,2023
10,643410,"Leiter Jr., Mark",7/19/2023,717336,10,100,2023
10,664747,"Díaz, Alexis",7/16/2023,717383,10,100,2023
10,666818,"Frías, Luis",8/13/2023,717003,10,100,2023
10,681911,"Vesia, Alex",7/30/2023,717194,10,100,2023
10,547973,"Chapman, Aroldis",6/4/2023,717893,10,100,2023
10,675916,"Karinchak, James",6/6/2023,717873,10,100,2023
10,622075,"Almonte, Yency",8/6/2023,717093,10,100,2023
10,682842,"Uribe, Abner",8/13/2023,717006,10,100,2023
10,687330,"Kelly, Kevin",8/5/2023,717122,10,100,2023
10,681982,"Anderson, Grant",8/22/2023,716889,10,100,2023
10,656322,"Coonrod, Sam",8/18/2023,716952,10,100,2023
10,642528,"Loáisiga, Jonathan",8/15/2023,716987,10,100,2023
10,656464,"Ginkel, Kevin",7/25/2023,717259,10,100,2023
10,677865,"Bruihl, Justin",8/18/2023,716947,10,100,2023
10,622780,"Perdomo, Angel",7/6/2023,717462,10,100,2023
10,606149,"Gallegos, Giovanny",8/20/2023,716921,10,100,2023
10,628452,"Iglesias, Raisel",8/19/2023,716934,10,100,2023
10,572955,"Johnson, Pierce",8/22/2023,716891,10,100,2023
10,669912,"Snead, Kirby",8/19/2023,716930,10,100,2023
10,681911,"Vesia, Alex",8/18/2023,716946,10,100,2023
10,678061,"Kerr, Ray",6/19/2023,717697,10,100,2023
10,656945,"Scott, Tanner",8/19/2023,716926,10,100,2023
10,573204,"Thielbar, Caleb",8/18/2023,716951,10,100,2023
10,643511,"Rogers, Tyler",7/5/2023,717490,10,100,2023
10,656234,"Bird, Jake",7/5/2023,717489,10,100,2023
10,571901,"Loup, Aaron",8/15/2023,716985,10,100,2023
10,472610,"García, Luis",6/24/2023,717638,10,100,2023
10,640470,"Alzolay, Adbert",7/5/2023,717483,10,100,2023
10,675921,"Howard, Spencer",7/25/2023,717255,10,100,2023
10,622250,"Sborz, Josh",8/3/2023,717149,10,100,2023
10,606965,"Devenski, Chris",6/27/2023,717592,10,100,2023
10,666720,"Rodríguez, Yerry",6/12/2023,717792,10,100,2023
10,689690,"Jacob, Alek",7/20/2023,717331,10,100,2023
10,687330,"Kelly, Kevin",8/4/2023,717135,10,100,2023
10,572955,"Johnson, Pierce",6/25/2023,717616,10,100,2023
10,612434,"Castro, Miguel",6/30/2023,717549,10,100,2023
10,614179,"Ruiz, José",6/29/2023,717568,10,100,2023
10,593576,"Neris, Héctor",6/23/2023,717643,10,100,2023
10,667463,"King, John",6/23/2023,717655,10,100,2023
10,667463,"King, John",6/25/2023,717622,10,100,2023
10,628452,"Iglesias, Raisel",6/28/2023,717588,10,100,2023
10,607755,"Vasquez, Andrew",6/16/2023,717735,10,100,2023
10,592454,"Kahnle, Tommy",8/3/2023,717142,10,100,2023
10,622780,"Perdomo, Angel",6/15/2023,717747,10,100,2023
10,623149,"Sewald, Paul",6/16/2023,717733,10,100,2023
10,622250,"Sborz, Josh",8/4/2023,717133,10,100,2023
10,640455,"Manaea, Sean",8/3/2023,717151,10,100,2023
10,641871,"Middleton, Keynan",8/4/2023,717138,10,100,2023
10,641835,"Mayza, Tim",6/16/2023,717741,10,100,2023
10,650960,"Duarte, Daniel",6/28/2023,717589,10,100,2023
10,628708,"Marte, Yunior",6/28/2023,717584,10,100,2023
10,657508,"Baumann, Mike",8/4/2023,717134,10,100,2023
10,661527,"Martinez, Seth",6/16/2023,717737,10,100,2023
10,664126,"Fairbanks, Pete",6/15/2023,717756,10,100,2023
10,595345,"Okert, Steven",7/29/2023,717218,10,100,2023
10,518489,"Brasier, Ryan",8/28/2023,716805,10,100,2023
10,656546,"Hoffman, Jeff",7/30/2023,717208,10,100,2023
10,660853,"De Los Santos, Enyel",7/22/2023,717302,10,100,2023
10,666374,"Brash, Matt",8/2/2023,717161,10,100,2023
10,518489,"Brasier, Ryan",7/5/2023,717479,10,100,2023
10,595345,"Okert, Steven",7/5/2023,717488,10,100,2023
10,608665,"Graveman, Kendall",7/6/2023,717468,10,100,2023
10,543272,"Hand, Brad",7/25/2023,717269,10,100,2023
10,628708,"Marte, Yunior",7/6/2023,717472,10,100,2023
10,640470,"Alzolay, Adbert",7/7/2023,717464,10,100,2023
10,656945,"Scott, Tanner",7/8/2023,717438,10,100,2023
10,656638,"Lange, Alex",7/8/2023,717442,10,100,2023
10,669060,"Wilson, Bryse",7/6/2023,717474,10,100,2023
10,672578,"Hernández, Carlos",7/7/2023,717463,10,100,2023
10,594580,"Moll, Sam",7/23/2023,717279,10,100,2023
10,613534,"Adams, Austin",6/29/2023,717568,10,100,2023
10,642397,"Soto, Gregory",6/27/2023,717596,10,100,2023
10,670174,"Winckowski, Josh",6/28/2023,717583,10,100,2023
10,690829,"Joyce, Ben",6/1/2023,717936,10,100,2023
10,621294,"Heller, Ben",7/1/2023,717536,10,100,2023
10,623433,"Anderson, Nick",7/4/2023,717495,10,100,2023
10,621381,"Strahm, Matt",6/25/2023,717624,10,100,2023
10,572955,"Johnson, Pierce",6/10/2023,717819,10,100,2023
10,640462,"Puk, A.J.",6/11/2023,717795,10,100,2023
10,608371,"Sims, Lucas",6/10/2023,717817,10,100,2023
10,642585,"Bautista, Félix",6/9/2023,717839,10,100,2023
10,657097,"Webb, Jacob",7/2/2023,717522,10,100,2023
10,612434,"Castro, Miguel",7/31/2023,717190,10,100,2023
10,660634,"Hernández, Yonny",7/2/2023,717527,10,100,2023
10,600921,"Machado, Andrés",8/13/2023,717016,10,100,2023
10,608678,"Leone, Dominic",8/12/2023,717022,10,100,2023
10,608718,"Suter, Brent",8/9/2023,717065,10,100,2023
10,623437,"Topa, Justin",7/29/2023,717210,10,100,2023
10,661403,"Clase, Emmanuel",6/11/2023,717802,10,100,2023
10,518489,"Brasier, Ryan",6/21/2023,717662,10,100,2023
10,543272,"Hand, Brad",6/19/2023,717701,10,100,2023
10,573009,"Mantiply, Joe",6/19/2023,717696,10,100,2023
10,664294,"Moreta, Dauri",6/11/2023,717803,10,100,2023
10,621295,"Wittgren, Nick",6/18/2023,717712,10,100,2023
10,643377,"Jax, Griffin",6/19/2023,717693,10,100,2023
10,669387,"Mlodzinski, Carmen",6/18/2023,717710,10,100,2023
10,670970,"Morejon, Adrian",6/21/2023,717674,10,100,2023
10,642100,"Speier, Gabe",6/25/2023,717627,10,100,2023
10,519151,"Pressly, Ryan",8/23/2023,716878,10,100,2023
10,643410,"Leiter Jr., Mark",6/25/2023,717623,10,100,2023
10,608371,"Sims, Lucas",7/17/2023,717375,10,100,2023
10,455119,"Martin, Chris",8/10/2023,717051,10,100,2023
10,493603,"Ottavino, Adam",8/9/2023,717062,10,100,2023
10,642585,"Bautista, Félix",8/24/2023,716865,10,100,2023
10,663855,"Hicks, Jordan",8/27/2023,716825,10,100,2023
10,666974,"Cano, Yennier",8/26/2023,716837,10,100,2023
10,669459,"Nelson, Kyle",8/26/2023,716833,10,100,2023
10,682842,"Uribe, Abner",8/23/2023,716882,10,100,2023
10,502085,"Robertson, David",6/13/2023,717779,10,100,2023
10,667463,"King, John",8/30/2023,716782,10,100,2023
10,573204,"Thielbar, Caleb",6/4/2023,717895,10,100,2023
10,542888,"Armstrong, Shawn",6/17/2023,717717,10,100,2023
10,594580,"Moll, Sam",6/4/2023,717896,10,100,2023
10,548384,"Raley, Brooks",6/14/2023,717766,10,100,2023
10,657697,"Nittoli, Vinny",6/23/2023,717656,10,100,2023
10,621345,"Minter, A.J.",6/7/2023,717850,10,100,2023
10,628452,"Iglesias, Raisel",6/4/2023,717892,10,100,2023
10,643377,"Jax, Griffin",6/8/2023,717845,10,100,2023
10,642397,"Soto, Gregory",6/15/2023,717755,10,100,2023
10,657571,"Ferguson, Caleb",6/25/2023,717615,10,100,2023
10,664747,"Díaz, Alexis",6/14/2023,717764,10,100,2023
10,677865,"Bruihl, Justin",7/23/2023,717284,10,100,2023
10,605177,"Chafin, Andrew",7/22/2023,717303,10,100,2023
10,455119,"Martin, Chris",7/9/2023,717435,10,100,2023
10,489446,"Yates, Kirby",7/16/2023,717391,10,100,2023
10,571882,"Law, Derek",7/9/2023,717427,10,100,2023
10,592741,"Shreve, Chasen",7/9/2023,717431,10,100,2023
10,666168,"Thompson, Mason",7/23/2023,717290,10,100,2023
10,571901,"Loup, Aaron",7/4/2023,717497,10,100,2023
10,608678,"Leone, Dominic",7/9/2023,717423,10,100,2023
10,623352,"Hader, Josh",7/14/2023,717418,10,100,2023
10,621345,"Minter, A.J.",7/3/2023,717512,10,100,2023
10,672335,"Pérez, Cionel",8/9/2023,717067,10,100,2023
10,642585,"Bautista, Félix",7/15/2023,717401,10,100,2023
10,641793,"Littell, Zack",7/2/2023,717519,10,100,2023
10,656266,"Bukauskas, J.B.",7/4/2023,717503,10,100,2023
10,657508,"Baumann, Mike",7/3/2023,717513,10,100,2023
10,660813,"Graterol, Brusdar",7/3/2023,717506,10,100,2023
10,682842,"Uribe, Abner",8/11/2023,717036,10,100,2023
10,663947,"Holton, Tyler",7/1/2023,717544,10,100,2023
10,663986,"Stephan, Trevor",7/4/2023,717495,10,100,2023
10,666168,"Thompson, Mason",7/2/2023,717528,10,100,2023
10,669674,"Long, Sam",7/1/2023,717538,10,100,2023
10,518397,"Alexander, Scott",6/18/2023,717702,10,100,2023
10,548384,"Raley, Brooks",7/7/2023,717454,10,100,2023
10,666974,"Cano, Yennier",7/19/2023,717343,10,100,2023
10,592426,"Jackson, Luke",6/18/2023,717702,10,100,2023
10,656638,"Lange, Alex",7/17/2023,717368,10,100,2023
10,621294,"Heller, Ben",7/8/2023,717441,10,100,2023
10,657097,"Webb, Jacob",7/18/2023,717352,10,100,2023
10,672391,"Ort, Kaleb",6/25/2023,717614,10,100,2023
10,656061,"Abreu, Albert",8/6/2023,717110,10,100,2023
10,624647,"González, Victor",6/21/2023,717662,10,100,2023
10,668674,"Erceg, Lucas",6/5/2023,717884,10,100,2023
10,606303,"Payamps, Joel",7/15/2023,717392,10,100,2023
10,612434,"Castro, Miguel",7/15/2023,717404,10,100,2023
10,571656,"Farmer, Buck",8/18/2023,716954,10,100,2023
10,669060,"Wilson, Bryse",6/21/2023,717672,10,100,2023
10,661403,"Clase, Emmanuel",7/8/2023,717443,10,100,2023
10,663986,"Stephan, Trevor",7/6/2023,717469,10,100,2023
10,663158,"Suarez, Robert",8/8/2023,717072,10,100,2023
10,663986,"Stephan, Trevor",8/6/2023,717108,10,100,2023
10,552640,"Kittredge, Andrew",8/23/2023,716880,10,100,2023
10,663423,"Thornton, Trent",8/22/2023,716893,10,100,2023
10,573204,"Thielbar, Caleb",8/26/2023,716839,10,100,2023
10,650556,"Abreu, Bryan",8/20/2023,716920,10,100,2023
10,612434,"Castro, Miguel",8/21/2023,716906,10,100,2023
10,671345,"Foley, Jason",8/22/2023,716896,10,100,2023
10,571863,"Koch, Matt",8/29/2023,716791,10,100,2023
10,594580,"Moll, Sam",8/29/2023,716803,10,100,2023
10,657240,"Merryweather, Julian",8/20/2023,716917,10,100,2023
10,621345,"Minter, A.J.",8/22/2023,716891,10,100,2023
10,669467,"Pallante, Andre",8/20/2023,716921,10,100,2023
10,663423,"Thornton, Trent",8/17/2023,716964,10,100,2023
10,663423,"Thornton, Trent",8/19/2023,716932,10,100,2023
10,607755,"Vasquez, Andrew",8/23/2023,716885,10,100,2023
10,663804,"Kowar, Jackson",8/30/2023,716780,10,100,2023
10,667463,"King, John",7/6/2023,717471,10,100,2023
10,455119,"Martin, Chris",8/15/2023,716993,10,100,2023
10,676254,"Walker, Ryan",8/30/2023,716789,10,100,2023
10,676684,"Vest, Will",8/29/2023,716795,10,100,2023
10,642100,"Speier, Gabe",8/27/2023,716820,10,100,2023
10,642100,"Speier, Gabe",8/25/2023,716853,10,100,2023
10,650893,"Cabrera, Génesis",8/16/2023,716967,10,100,2023
10,664199,"Clarke, Taylor",8/23/2023,716884,10,100,2023
10,667755,"Soriano, José",8/23/2023,716903,10,100,2023
10,669084,"Hall, DL",8/26/2023,716837,10,100,2023
10,689225,"Brieske, Beau",8/31/2023,716775,10,100,2023
9,518585,"Cruz, Fernando",8/1/2023,717173,9,100,2023
9,518886,"Kimbrel, Craig",8/16/2023,716967,9,100,2023
9,640448,"Finnegan, Kyle",8/26/2023,716844,9,100,2023
9,669459,"Nelson, Kyle",8/30/2023,716774,9,100,2023
9,670059,"Holderman, Colin",8/29/2023,716793,9,100,2023
9,571901,"Loup, Aaron",8/18/2023,716945,9,100,2023
9,547973,"Chapman, Aroldis",8/29/2023,716799,9,100,2023
9,669618,"Barlow, Joe",6/24/2023,717636,9,100,2023
9,622065,"Young, Alex",7/5/2023,717493,9,100,2023
9,641360,"Bickford, Phil",8/18/2023,716952,9,100,2023
9,657514,"Bernardino, Brennan",8/8/2023,717077,9,100,2023
9,663158,"Suarez, Robert",8/18/2023,716942,9,100,2023
9,650893,"Cabrera, Génesis",8/8/2023,717074,9,100,2023
9,607481,"Bummer, Aaron",6/20/2023,717675,9,100,2023
9,592773,"Stanek, Ryne",8/8/2023,717084,9,100,2023
9,678606,"Ferrer, Jose A.",7/16/2023,717380,9,100,2023
9,660261,"Fujinami, Shintaro",8/6/2023,717107,9,100,2023
9,554340,"García, Yimi",8/7/2023,717087,9,100,2023
9,669387,"Mlodzinski, Carmen",7/15/2023,717398,9,100,2023
9,571901,"Loup, Aaron",7/14/2023,717405,9,100,2023
9,642207,"Williams, Devin",7/16/2023,717383,9,100,2023
9,613534,"Adams, Austin",6/7/2023,717866,9,100,2023
9,656529,"Hentges, Sam",7/14/2023,717415,9,100,2023
9,642397,"Soto, Gregory",7/21/2023,717315,9,100,2023
9,656529,"Hentges, Sam",7/16/2023,717377,9,100,2023
9,642207,"Williams, Devin",7/2/2023,717531,9,100,2023
9,641941,"Pagán, Emilio",8/13/2023,717009,9,100,2023
9,518886,"Kimbrel, Craig",7/16/2023,717387,9,100,2023
9,621363,"Poche, Colin",8/11/2023,717038,9,100,2023
9,608678,"Leone, Dominic",7/23/2023,717298,9,100,2023
9,594580,"Moll, Sam",8/9/2023,717070,9,100,2023
9,640448,"Finnegan, Kyle",7/29/2023,717215,9,100,2023
9,668941,"Romero, JoJo",7/18/2023,717357,9,100,2023
9,663462,"Campbell, Isaiah",8/25/2023,716853,9,100,2023
9,607359,"Patton, Spencer",8/24/2023,716864,9,100,2023
9,643256,"Cimber, Adam",6/9/2023,717835,9,100,2023
9,686654,"Adcock, Ty",6/18/2023,717704,9,100,2023
9,672391,"Ort, Kaleb",7/4/2023,717501,9,100,2023
9,650960,"Duarte, Daniel",6/20/2023,717685,9,100,2023
9,641835,"Mayza, Tim",8/7/2023,717087,9,100,2023
9,642397,"Soto, Gregory",7/26/2023,717245,9,100,2023
9,612434,"Castro, Miguel",7/18/2023,717358,9,100,2023
9,592454,"Kahnle, Tommy",8/13/2023,717011,9,100,2023
9,572403,"VerHagen, Drew",8/9/2023,717064,9,100,2023
9,656061,"Abreu, Albert",7/1/2023,717545,9,100,2023
9,543521,"McHugh, Collin",6/12/2023,717790,9,100,2023
9,605280,"Holmes, Clay",6/11/2023,717810,9,100,2023
9,663855,"Hicks, Jordan",6/3/2023,717907,9,100,2023
9,672335,"Pérez, Cionel",7/22/2023,717300,9,100,2023
9,669618,"Barlow, Joe",6/23/2023,717655,9,100,2023
9,680735,"Cox, Austin",7/26/2023,717249,9,100,2023
9,571863,"Koch, Matt",6/29/2023,717572,9,100,2023
9,622250,"Sborz, Josh",8/1/2023,717168,9,100,2023
9,670280,"Bednar, David",8/1/2023,717178,9,100,2023
9,622772,"Cordero, Jimmy",6/23/2023,717655,9,100,2023
9,543056,"Coulombe, Danny",8/3/2023,717150,9,100,2023
9,572955,"Johnson, Pierce",8/2/2023,717165,9,100,2023
9,593974,"Peralta, Wandy",8/3/2023,717142,9,100,2023
9,624647,"González, Victor",6/14/2023,717760,9,100,2023
9,656464,"Ginkel, Kevin",8/3/2023,717151,9,100,2023
9,641743,"Kay, Anthony",6/15/2023,717747,9,100,2023
9,445276,"Jansen, Kenley",7/28/2023,717220,9,100,2023
9,666619,"Santos, Gregory",6/23/2023,717645,9,100,2023
9,571670,"Floro, Dylan",7/28/2023,717232,9,100,2023
9,687330,"Kelly, Kevin",7/29/2023,717214,9,100,2023
9,445276,"Jansen, Kenley",6/23/2023,717645,9,100,2023
9,472610,"García, Luis",7/22/2023,717299,9,100,2023
9,608678,"Leone, Dominic",6/2/2023,717929,9,100,2023
9,592426,"Jackson, Luke",7/22/2023,717307,9,100,2023
9,608717,"Stratton, Chris",6/28/2023,717582,9,100,2023
9,665625,"Peguero, Elvis",6/28/2023,717581,9,100,2023
9,518617,"Diekman, Jake",7/22/2023,717300,9,100,2023
9,493603,"Ottavino, Adam",7/2/2023,717525,9,100,2023
9,592094,"Adam, Jason",8/13/2023,717010,9,100,2023
9,455119,"Martin, Chris",7/30/2023,717197,9,100,2023
9,518886,"Kimbrel, Craig",7/31/2023,717189,9,100,2023
9,641743,"Kay, Anthony",7/2/2023,717521,9,100,2023
9,605280,"Holmes, Clay",6/24/2023,717636,9,100,2023
9,681911,"Vesia, Alex",8/11/2023,717032,9,100,2023
9,445276,"Jansen, Kenley",6/21/2023,717665,9,100,2023
9,571948,"Milner, Hoby",6/18/2023,717710,9,100,2023
9,608371,"Sims, Lucas",6/21/2023,717669,9,100,2023
9,453268,"Bard, Daniel",7/18/2023,717355,9,100,2023
9,596112,"Stephenson, Robert",8/27/2023,716828,9,100,2023
9,621237,"Alvarado, José",6/22/2023,717657,9,100,2023
9,657240,"Merryweather, Julian",8/24/2023,716870,9,100,2023
9,661395,"Duran, Jhoan",8/27/2023,716824,9,100,2023
9,664139,"Gibaut, Ian",8/26/2023,716833,9,100,2023
9,543507,"May, Trevor",6/6/2023,717874,9,100,2023
9,650633,"King, Michael",6/13/2023,717779,9,100,2023
9,543518,"McGough, Scott",8/9/2023,717057,9,100,2023
9,608371,"Sims, Lucas",6/7/2023,717853,9,100,2023
9,656271,"Burke, Brock",7/24/2023,717274,9,100,2023
9,518585,"Cruz, Fernando",7/23/2023,717289,9,100,2023
9,672578,"Hernández, Carlos",7/24/2023,717277,9,100,2023
9,669674,"Long, Sam",7/26/2023,717251,9,100,2023
9,621381,"Strahm, Matt",8/30/2023,716787,9,100,2023
9,612434,"Castro, Miguel",8/12/2023,717020,9,100,2023
9,593576,"Neris, Héctor",7/3/2023,717514,9,100,2023
9,642207,"Williams, Devin",8/9/2023,717065,9,100,2023
9,672391,"Ort, Kaleb",7/2/2023,717530,9,100,2023
9,608718,"Suter, Brent",6/7/2023,717852,9,100,2023
9,628452,"Iglesias, Raisel",6/8/2023,717840,9,100,2023
9,641427,"Busenitz, Alan",8/16/2023,716973,9,100,2023
9,543351,"Jackson, Jay",8/6/2023,717111,9,100,2023
9,664208,"Maton, Phil",7/15/2023,717389,9,100,2023
9,666374,"Brash, Matt",7/9/2023,717430,9,100,2023
9,666974,"Cano, Yennier",7/15/2023,717401,9,100,2023
9,572403,"VerHagen, Drew",8/8/2023,717085,9,100,2023
9,606303,"Payamps, Joel",8/8/2023,717078,9,100,2023
9,612434,"Castro, Miguel",6/19/2023,717696,9,100,2023
9,623149,"Sewald, Paul",8/6/2023,717106,9,100,2023
9,640470,"Alzolay, Adbert",8/8/2023,717080,9,100,2023
9,665625,"Peguero, Elvis",8/5/2023,717116,9,100,2023
9,663855,"Hicks, Jordan",8/22/2023,716902,9,100,2023
9,660787,"De los Santos, Yerry",6/21/2023,717671,9,100,2023
9,621381,"Strahm, Matt",8/21/2023,716911,9,100,2023
9,642207,"Williams, Devin",8/18/2023,716950,9,100,2023
9,600917,"Leclerc, José",8/30/2023,716783,9,100,2023
9,650893,"Cabrera, Génesis",8/28/2023,716816,9,100,2023
9,676680,"Cosgrove, Tom",7/5/2023,717478,9,100,2023
9,657024,"Swanson, Erik",8/25/2023,716860,9,100,2023
9,672578,"Hernández, Carlos",8/17/2023,716964,9,100,2023
9,489446,"Yates, Kirby",6/25/2023,717618,9,100,2023
9,573009,"Mantiply, Joe",6/22/2023,717847,9,100,2023
9,573204,"Thielbar, Caleb",8/15/2023,716983,9,100,2023
9,571670,"Floro, Dylan",6/18/2023,717714,9,100,2023
9,543518,"McGough, Scott",7/28/2023,717223,9,100,2023
9,640462,"Puk, A.J.",6/25/2023,717620,9,100,2023
9,445276,"Jansen, Kenley",8/30/2023,716794,9,100,2023
9,670970,"Morejon, Adrian",7/7/2023,717454,9,100,2023
9,456713,"Bush, Matt",6/23/2023,717648,9,100,2023
9,625643,"López, Reynaldo",6/14/2023,717760,9,100,2023
9,666818,"Frías, Luis",7/23/2023,717289,9,100,2023
9,519293,"Smith, Will",8/1/2023,717168,9,100,2023
9,642100,"Speier, Gabe",8/9/2023,717055,9,100,2023
9,612434,"Castro, Miguel",6/27/2023,717593,9,100,2023
9,572403,"VerHagen, Drew",8/30/2023,716782,9,100,2023
9,642585,"Bautista, Félix",8/22/2023,716902,9,100,2023
9,641743,"Kay, Anthony",6/13/2023,717782,9,100,2023
9,642048,"Saucedo, Tayler",6/17/2023,717722,9,100,2023
9,663986,"Stephan, Trevor",8/4/2023,717132,9,100,2023
9,666364,"Balazovic, Jordan",6/30/2023,717561,9,100,2023
9,701643,"Hartwig, Grant",8/1/2023,717170,9,100,2023
9,666619,"Santos, Gregory",6/14/2023,717760,9,100,2023
9,623437,"Topa, Justin",7/30/2023,717193,9,100,2023
9,656546,"Hoffman, Jeff",7/28/2023,717234,9,100,2023
9,663855,"Hicks, Jordan",8/4/2023,717136,9,100,2023
9,657571,"Ferguson, Caleb",7/28/2023,717225,9,100,2023
9,607481,"Bummer, Aaron",7/22/2023,717293,9,100,2023
9,663558,"Moran, Jovani",7/28/2023,717232,9,100,2023
9,681982,"Anderson, Grant",6/27/2023,717599,9,100,2023
9,666974,"Cano, Yennier",7/22/2023,717300,9,100,2023
9,572955,"Johnson, Pierce",8/16/2023,716970,9,100,2023
9,592848,"Weiss, Zack",7/8/2023,717437,9,100,2023
9,661403,"Clase, Emmanuel",7/7/2023,717463,9,100,2023
9,657571,"Ferguson, Caleb",8/28/2023,716805,9,100,2023
9,594580,"Moll, Sam",7/25/2023,717272,9,100,2023
9,686839,"White, Brendan",7/7/2023,717457,9,100,2023
9,593974,"Peralta, Wandy",6/23/2023,717655,9,100,2023
9,596112,"Stephenson, Robert",6/27/2023,717593,9,100,2023
9,519151,"Pressly, Ryan",7/24/2023,717274,9,100,2023
9,493603,"Ottavino, Adam",7/30/2023,717203,9,100,2023
9,600921,"Machado, Andrés",8/15/2023,716993,9,100,2023
9,605447,"Romano, Jordan",7/24/2023,717271,9,100,2023
9,622065,"Young, Alex",6/30/2023,717557,9,100,2023
9,643511,"Rogers, Tyler",6/2/2023,717920,9,100,2023
9,643410,"Leiter Jr., Mark",6/29/2023,717567,9,100,2023
9,650960,"Duarte, Daniel",6/30/2023,717557,9,100,2023
9,519151,"Pressly, Ryan",7/2/2023,717520,9,100,2023
9,502085,"Robertson, David",7/4/2023,717498,9,100,2023
9,593974,"Peralta, Wandy",6/3/2023,717905,9,100,2023
9,641871,"Middleton, Keynan",6/2/2023,717925,9,100,2023
9,642100,"Speier, Gabe",6/2/2023,717922,9,100,2023
9,518617,"Diekman, Jake",6/10/2023,717813,9,100,2023
9,608717,"Stratton, Chris",7/3/2023,717515,9,100,2023
9,571670,"Floro, Dylan",6/9/2023,717828,9,100,2023
9,605177,"Chafin, Andrew",6/11/2023,717804,9,100,2023
9,628452,"Iglesias, Raisel",6/9/2023,717829,9,100,2023
9,656061,"Abreu, Albert",6/9/2023,717841,9,100,2023
9,657514,"Bernardino, Brennan",6/10/2023,717825,9,100,2023
9,671345,"Foley, Jason",7/1/2023,717544,9,100,2023
9,596001,"Junis, Jakob",8/12/2023,717029,9,100,2023
9,641703,"Honeywell, Brent",6/11/2023,717798,9,100,2023
9,642100,"Speier, Gabe",6/12/2023,717786,9,100,2023
9,678606,"Ferrer, Jose A.",8/10/2023,717049,9,100,2023
9,663986,"Stephan, Trevor",6/9/2023,717833,9,100,2023
9,663992,"Lovelady, Richard",6/11/2023,717800,9,100,2023
9,672578,"Hernández, Carlos",7/19/2023,717333,9,100,2023
9,571901,"Loup, Aaron",7/21/2023,717312,9,100,2023
9,571901,"Loup, Aaron",7/19/2023,717339,9,100,2023
9,650893,"Cabrera, Génesis",7/29/2023,717222,9,100,2023
9,640470,"Alzolay, Adbert",6/20/2023,717686,9,100,2023
9,641835,"Mayza, Tim",7/19/2023,717338,9,100,2023
9,670167,"Schreiber, John",8/30/2023,716794,9,100,2023
9,606303,"Payamps, Joel",7/19/2023,717347,9,100,2023
9,669947,"Scholtens, Jesse",6/19/2023,717695,9,100,2023
9,686654,"Adcock, Ty",6/20/2023,717684,9,100,2023
9,453268,"Bard, Daniel",8/26/2023,716837,9,100,2023
9,595345,"Okert, Steven",8/27/2023,716827,9,100,2023
9,542585,"Cisnero, José",8/13/2023,717014,9,100,2023
9,661440,"Llovera, Mauricio",8/27/2023,716831,9,100,2023
9,663542,"Hudson, Bryan",8/23/2023,716875,9,100,2023
9,664747,"Díaz, Alexis",7/31/2023,717188,9,100,2023
9,543518,"McGough, Scott",6/7/2023,717866,9,100,2023
9,518585,"Cruz, Fernando",6/17/2023,717727,9,100,2023
9,607481,"Bummer, Aaron",6/14/2023,717760,9,100,2023
9,621237,"Alvarado, José",6/17/2023,717725,9,100,2023
9,656786,"Mushinski, Parker",8/13/2023,717004,9,100,2023
9,656546,"Hoffman, Jeff",8/11/2023,717044,9,100,2023
9,650556,"Abreu, Bryan",7/23/2023,717279,9,100,2023
9,675916,"Karinchak, James",6/8/2023,717842,9,100,2023
9,669395,"Coleman, Dylan",7/22/2023,717304,9,100,2023
9,605347,"López, Jorge",7/23/2023,717285,9,100,2023
9,670174,"Winckowski, Josh",7/23/2023,717298,9,100,2023
9,455119,"Martin, Chris",7/2/2023,717530,9,100,2023
9,593974,"Peralta, Wandy",7/4/2023,717508,9,100,2023
9,641871,"Middleton, Keynan",7/2/2023,717518,9,100,2023
9,643493,"Pruitt, Austin",7/14/2023,717409,9,100,2023
9,519151,"Pressly, Ryan",7/5/2023,717489,9,100,2023
9,543521,"McHugh, Collin",7/8/2023,717441,9,100,2023
9,592094,"Adam, Jason",7/6/2023,717472,9,100,2023
9,640448,"Finnegan, Kyle",7/21/2023,717326,9,100,2023
9,641627,"Gott, Trevor",7/18/2023,717359,9,100,2023
9,593974,"Peralta, Wandy",6/21/2023,717666,9,100,2023
9,493603,"Ottavino, Adam",7/19/2023,717341,9,100,2023
9,570257,"Rodríguez, Joely",7/18/2023,717349,9,100,2023
9,605447,"Romano, Jordan",7/20/2023,717331,9,100,2023
9,642397,"Soto, Gregory",8/8/2023,717096,9,100,2023
9,621345,"Minter, A.J.",7/8/2023,717441,9,100,2023
9,641743,"Kay, Anthony",6/18/2023,717708,9,100,2023
9,650489,"Castro, Willi",6/20/2023,717683,9,100,2023
9,682010,"Ramsey, Lane",8/6/2023,717108,9,100,2023
9,666974,"Cano, Yennier",6/4/2023,717890,9,100,2023
9,642585,"Bautista, Félix",8/19/2023,716930,9,100,2023
9,621363,"Poche, Colin",7/15/2023,717393,9,100,2023
9,640451,"Harvey, Hunter",7/14/2023,717407,9,100,2023
9,640448,"Finnegan, Kyle",8/20/2023,716929,9,100,2023
9,676395,"Garcia, Robert",8/18/2023,716960,9,100,2023
9,664139,"Gibaut, Ian",8/18/2023,716954,9,100,2023
9,657376,"Schmidt, Clarke",7/9/2023,717433,9,100,2023
9,455119,"Martin, Chris",8/18/2023,716953,9,100,2023
9,571948,"Milner, Hoby",8/18/2023,716950,9,100,2023
9,518397,"Alexander, Scott",8/23/2023,716879,9,100,2023
9,656546,"Hoffman, Jeff",8/6/2023,717113,9,100,2023
9,543507,"May, Trevor",8/24/2023,716864,9,100,2023
9,669912,"Snead, Kirby",8/7/2023,717081,9,100,2023
9,640451,"Harvey, Hunter",8/20/2023,716929,9,100,2023
9,656730,"Megill, Trevor",8/22/2023,716894,9,100,2023
9,607179,"Weems, Jordan",8/26/2023,716844,9,100,2023
9,621363,"Poche, Colin",8/30/2023,716778,9,100,2023
9,592767,"Smyly, Drew",8/18/2023,716955,9,100,2023
9,642397,"Soto, Gregory",8/28/2023,716817,9,100,2023
9,682842,"Uribe, Abner",8/18/2023,716950,9,100,2023
9,668674,"Erceg, Lucas",8/29/2023,716790,9,100,2023
9,572403,"VerHagen, Drew",8/15/2023,716984,9,100,2023
9,667463,"King, John",8/17/2023,716958,9,100,2023
9,622250,"Sborz, Josh",8/15/2023,716985,9,100,2023
8,656464,"Ginkel, Kevin",8/25/2023,716851,8,100,2023
8,554340,"García, Yimi",8/18/2023,716954,8,100,2023
8,681584,"Villar, David",6/22/2023,717661,8,100,2023
8,643410,"Leiter Jr., Mark",8/16/2023,716968,8,100,2023
8,672582,"Zerpa, Angel",8/8/2023,717077,8,100,2023
8,671111,"Peralta, Sammy",8/6/2023,717108,8,100,2023
8,542888,"Armstrong, Shawn",8/22/2023,716898,8,100,2023
8,571948,"Milner, Hoby",8/6/2023,717105,8,100,2023
8,642100,"Speier, Gabe",7/14/2023,717406,8,100,2023
8,605280,"Holmes, Clay",7/16/2023,717378,8,100,2023
8,672335,"Pérez, Cionel",8/19/2023,716930,8,100,2023
8,666808,"Doval, Camilo",7/14/2023,717416,8,100,2023
8,672578,"Hernández, Carlos",7/15/2023,717393,8,100,2023
8,641941,"Pagán, Emilio",6/26/2023,717609,8,100,2023
8,623465,"Phillips, Evan",6/24/2023,717626,8,100,2023
8,656271,"Burke, Brock",7/23/2023,717284,8,100,2023
8,621295,"Wittgren, Nick",7/25/2023,717260,8,100,2023
8,665625,"Peguero, Elvis",6/17/2023,717720,8,100,2023
8,518617,"Diekman, Jake",8/9/2023,717064,8,100,2023
8,686839,"White, Brendan",7/17/2023,717368,8,100,2023
8,608678,"Leone, Dominic",6/16/2023,717743,8,100,2023
8,650893,"Cabrera, Génesis",8/25/2023,716860,8,100,2023
8,656234,"Bird, Jake",8/30/2023,716773,8,100,2023
8,666974,"Cano, Yennier",8/27/2023,716836,8,100,2023
8,656457,"Gilbert, Tyler",7/18/2023,717358,8,100,2023
8,643377,"Jax, Griffin",6/21/2023,717665,8,100,2023
8,592454,"Kahnle, Tommy",6/24/2023,717636,8,100,2023
8,622554,"Domínguez, Seranthony",8/10/2023,717049,8,100,2023
8,592773,"Stanek, Ryne",8/16/2023,716972,8,100,2023
8,623437,"Topa, Justin",6/23/2023,717651,8,100,2023
8,518489,"Brasier, Ryan",7/21/2023,717316,8,100,2023
8,666808,"Doval, Camilo",8/2/2023,717164,8,100,2023
8,672335,"Pérez, Cionel",7/26/2023,717245,8,100,2023
8,518397,"Alexander, Scott",7/7/2023,717448,8,100,2023
8,664294,"Moreta, Dauri",7/30/2023,717208,8,100,2023
8,664294,"Moreta, Dauri",7/5/2023,717479,8,100,2023
8,543518,"McGough, Scott",7/29/2023,717210,8,100,2023
8,666374,"Brash, Matt",6/17/2023,717722,8,100,2023
8,656257,"Brigham, Jeff",6/13/2023,717779,8,100,2023
8,663558,"Moran, Jovani",6/30/2023,717561,8,100,2023
8,676760,"Marinaccio, Ron",6/14/2023,717766,8,100,2023
8,600921,"Machado, Andrés",8/4/2023,717139,8,100,2023
8,660261,"Fujinami, Shintaro",7/28/2023,717237,8,100,2023
8,657097,"Webb, Jacob",6/27/2023,717592,8,100,2023
8,657514,"Bernardino, Brennan",8/26/2023,716849,8,100,2023
8,614179,"Ruiz, José",6/27/2023,717593,8,100,2023
8,572403,"VerHagen, Drew",6/13/2023,717781,8,100,2023
8,573124,"Rogers, Taylor",6/14/2023,717767,8,100,2023
8,622259,"Wingenter, Trey",8/1/2023,717178,8,100,2023
8,650893,"Cabrera, Génesis",6/16/2023,717743,8,100,2023
8,665625,"Peguero, Elvis",8/2/2023,717162,8,100,2023
8,489446,"Yates, Kirby",7/30/2023,717206,8,100,2023
8,518397,"Alexander, Scott",7/31/2023,717190,8,100,2023
8,656546,"Hoffman, Jeff",7/31/2023,717189,8,100,2023
8,453268,"Bard, Daniel",7/7/2023,717448,8,100,2023
8,643410,"Leiter Jr., Mark",8/2/2023,717153,8,100,2023
8,681892,"Funderburk, Kody",8/30/2023,716784,8,100,2023
8,543507,"May, Trevor",6/3/2023,717911,8,100,2023
8,663855,"Hicks, Jordan",7/6/2023,717473,8,100,2023
8,593974,"Peralta, Wandy",6/27/2023,717595,8,100,2023
8,643377,"Jax, Griffin",8/30/2023,716784,8,100,2023
8,681807,"Fry, David",6/30/2023,717559,8,100,2023
8,554340,"García, Yimi",6/24/2023,717634,8,100,2023
8,664139,"Gibaut, Ian",6/1/2023,717932,8,100,2023
8,670950,"Richards, Trevor",7/23/2023,717281,8,100,2023
8,681911,"Vesia, Alex",6/3/2023,717905,8,100,2023
8,663158,"Suarez, Robert",7/25/2023,717258,8,100,2023
8,670990,"Ramírez, Yohan",6/3/2023,717907,8,100,2023
8,543056,"Coulombe, Danny",7/3/2023,717513,8,100,2023
8,690829,"Joyce, Ben",6/9/2023,717824,8,100,2023
8,572955,"Johnson, Pierce",8/11/2023,717040,8,100,2023
8,621294,"Heller, Ben",7/2/2023,717532,8,100,2023
8,605242,"Fulmer, Michael",6/21/2023,717671,8,100,2023
8,621383,"Banks, Tanner",7/18/2023,717359,8,100,2023
8,642100,"Speier, Gabe",6/10/2023,717809,8,100,2023
8,657240,"Merryweather, Julian",8/29/2023,716798,8,100,2023
8,641941,"Pagán, Emilio",7/18/2023,717350,8,100,2023
8,642100,"Speier, Gabe",7/19/2023,717335,8,100,2023
8,607481,"Bummer, Aaron",6/15/2023,717748,8,100,2023
8,656529,"Hentges, Sam",6/16/2023,717739,8,100,2023
8,657508,"Baumann, Mike",6/14/2023,717769,8,100,2023
8,669618,"Barlow, Joe",6/15/2023,717751,8,100,2023
8,643377,"Jax, Griffin",7/23/2023,717285,8,100,2023
8,665625,"Peguero, Elvis",6/8/2023,717849,8,100,2023
8,608032,"Estévez, Carlos",7/18/2023,717352,8,100,2023
8,623474,"Herget, Jimmy",7/17/2023,717369,8,100,2023
8,664208,"Maton, Phil",8/10/2023,717053,8,100,2023
8,573124,"Rogers, Taylor",7/5/2023,717490,8,100,2023
8,661440,"Llovera, Mauricio",7/14/2023,717416,8,100,2023
8,669459,"Nelson, Kyle",7/9/2023,717425,8,100,2023
8,605130,"Barlow, Scott",8/18/2023,716942,8,100,2023
8,518397,"Alexander, Scott",8/18/2023,716949,8,100,2023
8,621016,"Cuas, Jose",7/6/2023,717469,8,100,2023
8,623437,"Topa, Justin",7/6/2023,717467,8,100,2023
8,663485,"Sands, Cole",8/19/2023,716936,8,100,2023
8,622065,"Young, Alex",8/23/2023,716890,8,100,2023
8,518397,"Alexander, Scott",8/16/2023,716975,8,100,2023
8,641755,"Kinley, Tyler",8/15/2023,716978,8,100,2023
8,670280,"Bednar, David",8/24/2023,716870,8,100,2023
8,672335,"Pérez, Cionel",8/16/2023,716965,8,100,2023
8,593576,"Neris, Héctor",6/25/2023,717615,8,100,2023
8,669395,"Coleman, Dylan",7/8/2023,717443,8,100,2023
8,641627,"Gott, Trevor",8/6/2023,717107,8,100,2023
8,571863,"Koch, Matt",7/8/2023,717451,8,100,2023
8,608665,"Graveman, Kendall",8/16/2023,716972,8,100,2023
8,622780,"Perdomo, Angel",6/30/2023,717562,8,100,2023
8,687798,"Robertson, Nick",6/25/2023,717615,8,100,2023
8,666374,"Brash, Matt",8/17/2023,716964,8,100,2023
8,607259,"Martinez, Nick",6/13/2023,717772,8,100,2023
8,455119,"Martin, Chris",8/1/2023,717167,8,100,2023
8,518489,"Brasier, Ryan",8/4/2023,717129,8,100,2023
8,605463,"Scott, Tayler",8/1/2023,717171,8,100,2023
8,640448,"Finnegan, Kyle",8/2/2023,717162,8,100,2023
8,643377,"Jax, Griffin",6/17/2023,717728,8,100,2023
8,656061,"Abreu, Albert",6/29/2023,717574,8,100,2023
8,657571,"Ferguson, Caleb",6/15/2023,717748,8,100,2023
8,664208,"Maton, Phil",6/13/2023,717778,8,100,2023
8,592454,"Kahnle, Tommy",7/28/2023,717237,8,100,2023
8,607179,"Weems, Jordan",7/31/2023,717192,8,100,2023
8,640448,"Finnegan, Kyle",7/27/2023,717241,8,100,2023
8,656234,"Bird, Jake",7/31/2023,717179,8,100,2023
8,663986,"Stephan, Trevor",7/30/2023,717204,8,100,2023
8,669459,"Nelson, Kyle",7/26/2023,717244,8,100,2023
8,518886,"Kimbrel, Craig",6/29/2023,717567,8,100,2023
8,548384,"Raley, Brooks",6/30/2023,717556,8,100,2023
8,598286,"Ramirez, Nick",6/27/2023,717595,8,100,2023
8,656529,"Hentges, Sam",6/28/2023,717577,8,100,2023
8,671345,"Foley, Jason",6/29/2023,717570,8,100,2023
8,493603,"Ottavino, Adam",7/1/2023,717535,8,100,2023
8,641871,"Middleton, Keynan",6/3/2023,717915,8,100,2023
8,605347,"López, Jorge",7/4/2023,717500,8,100,2023
8,608665,"Graveman, Kendall",7/1/2023,717538,8,100,2023
8,572955,"Johnson, Pierce",6/12/2023,717794,8,100,2023
8,621366,"Borucki, Ryan",7/2/2023,717531,8,100,2023
8,598286,"Ramirez, Nick",6/11/2023,717810,8,100,2023
8,592426,"Jackson, Luke",6/11/2023,717796,8,100,2023
8,606160,"Montero, Rafael",7/30/2023,717196,8,100,2023
8,641360,"Bickford, Phil",7/4/2023,717492,8,100,2023
8,662253,"Muñoz, Andrés",7/3/2023,717516,8,100,2023
8,650556,"Abreu, Bryan",8/12/2023,717022,8,100,2023
8,661440,"Llovera, Mauricio",8/12/2023,717033,8,100,2023
8,682842,"Uribe, Abner",8/9/2023,717065,8,100,2023
8,502085,"Robertson, David",6/18/2023,717713,8,100,2023
8,686747,"La Sorsa, Joe",7/18/2023,717353,8,100,2023
8,643410,"Leiter Jr., Mark",7/17/2023,717370,8,100,2023
8,669467,"Pallante, Andre",7/20/2023,717322,8,100,2023
8,493603,"Ottavino, Adam",8/13/2023,717013,8,100,2023
8,642397,"Soto, Gregory",8/26/2023,716847,8,100,2023
8,657024,"Swanson, Erik",8/26/2023,716846,8,100,2023
8,518617,"Diekman, Jake",6/4/2023,717904,8,100,2023
8,543507,"May, Trevor",6/7/2023,717865,8,100,2023
8,605347,"López, Jorge",8/13/2023,717011,8,100,2023
8,668674,"Erceg, Lucas",7/28/2023,717227,8,100,2023
8,608371,"Sims, Lucas",6/16/2023,717737,8,100,2023
8,650893,"Cabrera, Génesis",8/10/2023,717052,8,100,2023
8,657024,"Swanson, Erik",6/4/2023,717900,8,100,2023
8,640448,"Finnegan, Kyle",7/25/2023,717269,8,100,2023
8,680704,"Sandlin, Nick",7/31/2023,717184,8,100,2023
8,669912,"Snead, Kirby",8/12/2023,717030,8,100,2023
8,545121,"Vargas, Ildemaro",7/1/2023,717543,8,100,2023
8,670167,"Schreiber, John",8/10/2023,717051,8,100,2023
8,621295,"Wittgren, Nick",7/3/2023,717510,8,100,2023
8,660787,"De los Santos, Yerry",7/14/2023,717416,8,100,2023
8,660853,"De Los Santos, Enyel",7/16/2023,717377,8,100,2023
8,660853,"De Los Santos, Enyel",7/4/2023,717495,8,100,2023
8,661395,"Duran, Jhoan",7/1/2023,717541,8,100,2023
8,664747,"Díaz, Alexis",6/23/2023,717650,8,100,2023
8,670174,"Winckowski, Josh",7/14/2023,717419,8,100,2023
8,680704,"Sandlin, Nick",7/14/2023,717415,8,100,2023
8,669459,"Nelson, Kyle",7/19/2023,717340,8,100,2023
8,600921,"Machado, Andrés",8/6/2023,717104,8,100,2023
8,642528,"Loáisiga, Jonathan",8/28/2023,716808,8,100,2023
8,621366,"Borucki, Ryan",8/8/2023,717079,8,100,2023
8,543518,"McGough, Scott",6/6/2023,717881,8,100,2023
8,642231,"Yacabonis, Jimmy",8/7/2023,717092,8,100,2023
8,571901,"Loup, Aaron",6/7/2023,717855,8,100,2023
8,623433,"Anderson, Nick",6/7/2023,717850,8,100,2023
8,663986,"Stephan, Trevor",6/4/2023,717895,8,100,2023
8,612434,"Castro, Miguel",8/18/2023,716942,8,100,2023
8,680735,"Cox, Austin",8/18/2023,716955,8,100,2023
8,678606,"Ferrer, Jose A.",8/18/2023,716960,8,100,2023
8,628452,"Iglesias, Raisel",7/16/2023,717391,8,100,2023
8,642207,"Williams, Devin",7/15/2023,717392,8,100,2023
8,657024,"Swanson, Erik",7/16/2023,717386,8,100,2023
8,643410,"Leiter Jr., Mark",8/19/2023,716937,8,100,2023
8,605447,"Romano, Jordan",8/22/2023,716902,8,100,2023
8,664126,"Fairbanks, Pete",8/6/2023,717103,8,100,2023
8,573009,"Mantiply, Joe",8/25/2023,716851,8,100,2023
8,669395,"Coleman, Dylan",8/15/2023,716981,8,100,2023
8,571901,"Loup, Aaron",8/22/2023,716892,8,100,2023
8,663986,"Stephan, Trevor",8/29/2023,716796,8,100,2023
8,664126,"Fairbanks, Pete",8/23/2023,716880,8,100,2023
8,593576,"Neris, Héctor",8/14/2023,717000,8,100,2023
7,663992,"Lovelady, Richard",7/6/2023,717476,7,100,2023
7,686747,"La Sorsa, Joe",6/25/2023,717610,7,100,2023
7,660261,"Fujinami, Shintaro",8/28/2023,716815,7,100,2023
7,656271,"Burke, Brock",7/6/2023,717471,7,100,2023
7,694037,"Palencia, Daniel",8/21/2023,716913,7,100,2023
7,656234,"Bird, Jake",8/15/2023,716978,7,100,2023
7,670280,"Bednar, David",6/18/2023,717710,7,100,2023
7,664139,"Gibaut, Ian",8/30/2023,716789,7,100,2023
7,677865,"Bruihl, Justin",8/20/2023,716916,7,100,2023
7,643493,"Pruitt, Austin",8/15/2023,716984,7,100,2023
7,663947,"Holton, Tyler",8/5/2023,717122,7,100,2023
7,664875,"Lawrence, Justin",8/9/2023,717065,7,100,2023
7,676680,"Cosgrove, Tom",8/21/2023,716907,7,100,2023
7,543507,"May, Trevor",7/15/2023,717399,7,100,2023
7,657571,"Ferguson, Caleb",8/9/2023,717057,7,100,2023
7,656271,"Burke, Brock",7/21/2023,717316,7,100,2023
7,656257,"Brigham, Jeff",6/23/2023,717656,7,100,2023
7,670990,"Ramírez, Yohan",6/6/2023,717874,7,100,2023
7,608371,"Sims, Lucas",6/5/2023,717883,7,100,2023
7,660813,"Graterol, Brusdar",6/14/2023,717760,7,100,2023
7,642048,"Saucedo, Tayler",8/25/2023,716853,7,100,2023
7,622065,"Young, Alex",7/22/2023,717303,7,100,2023
7,621381,"Strahm, Matt",7/21/2023,717315,7,100,2023
7,571901,"Loup, Aaron",8/23/2023,716890,7,100,2023
7,628708,"Marte, Yunior",6/10/2023,717811,7,100,2023
7,623211,"Brazobán, Huascar",6/21/2023,717676,7,100,2023
7,573124,"Rogers, Taylor",7/23/2023,717290,7,100,2023
7,519293,"Smith, Will",8/29/2023,716799,7,100,2023
7,621237,"Alvarado, José",7/4/2023,717499,7,100,2023
7,657024,"Swanson, Erik",6/21/2023,717676,7,100,2023
7,643493,"Pruitt, Austin",6/29/2023,717574,7,100,2023
7,596112,"Stephenson, Robert",6/3/2023,717885,7,100,2023
7,572955,"Johnson, Pierce",6/28/2023,717578,7,100,2023
7,518585,"Cruz, Fernando",7/31/2023,717188,7,100,2023
7,671111,"Peralta, Sammy",8/2/2023,717152,7,100,2023
7,643511,"Rogers, Tyler",6/14/2023,717767,7,100,2023
7,608032,"Estévez, Carlos",6/13/2023,717780,7,100,2023
7,661403,"Clase, Emmanuel",7/22/2023,717302,7,100,2023
7,640455,"Manaea, Sean",8/1/2023,717180,7,100,2023
7,572955,"Johnson, Pierce",6/13/2023,717788,7,100,2023
7,660813,"Graterol, Brusdar",6/23/2023,717643,7,100,2023
7,623437,"Topa, Justin",6/24/2023,717628,7,100,2023
7,641729,"Jiménez, Joe",8/1/2023,717176,7,100,2023
7,493603,"Ottavino, Adam",6/17/2023,717718,7,100,2023
7,664875,"Lawrence, Justin",8/20/2023,716916,7,100,2023
7,518585,"Cruz, Fernando",7/24/2023,717273,7,100,2023
7,571948,"Milner, Hoby",8/4/2023,717131,7,100,2023
7,571656,"Farmer, Buck",6/14/2023,717764,7,100,2023
7,667463,"King, John",8/15/2023,716984,7,100,2023
7,641835,"Mayza, Tim",6/14/2023,717769,7,100,2023
7,650960,"Duarte, Daniel",6/13/2023,717777,7,100,2023
7,518397,"Alexander, Scott",8/31/2023,716777,7,100,2023
7,666364,"Balazovic, Jordan",7/22/2023,717293,7,100,2023
7,641941,"Pagán, Emilio",8/30/2023,716784,7,100,2023
7,660813,"Graterol, Brusdar",7/6/2023,717462,7,100,2023
7,445276,"Jansen, Kenley",7/22/2023,717309,7,100,2023
7,661527,"Martinez, Seth",7/23/2023,717279,7,100,2023
7,669952,"White, Mitch",6/27/2023,717604,7,100,2023
7,622098,"Smith, Drew",6/2/2023,717929,7,100,2023
7,641729,"Jiménez, Joe",6/12/2023,717790,7,100,2023
7,518489,"Brasier, Ryan",8/11/2023,717032,7,100,2023
7,608678,"Leone, Dominic",7/2/2023,717525,7,100,2023
7,669459,"Nelson, Kyle",6/20/2023,717680,7,100,2023
7,660813,"Graterol, Brusdar",6/11/2023,717806,7,100,2023
7,663558,"Moran, Jovani",6/9/2023,717835,7,100,2023
7,669459,"Nelson, Kyle",6/14/2023,717757,7,100,2023
7,670167,"Schreiber, John",7/26/2023,717242,7,100,2023
7,608371,"Sims, Lucas",7/23/2023,717289,7,100,2023
7,667463,"King, John",6/4/2023,717894,7,100,2023
7,670280,"Bednar, David",7/19/2023,717348,7,100,2023
7,669674,"Long, Sam",7/28/2023,717227,7,100,2023
7,640462,"Puk, A.J.",7/18/2023,717357,7,100,2023
7,571948,"Milner, Hoby",6/5/2023,717883,7,100,2023
7,657697,"Nittoli, Vinny",6/25/2023,717624,7,100,2023
7,666619,"Santos, Gregory",6/8/2023,717848,7,100,2023
7,643410,"Leiter Jr., Mark",8/6/2023,717098,7,100,2023
7,650556,"Abreu, Bryan",7/15/2023,717389,7,100,2023
7,519043,"Moore, Matt",8/7/2023,717090,7,100,2023
7,523260,"Kelly, Joe",6/26/2023,717608,7,100,2023
7,643493,"Pruitt, Austin",6/18/2023,717705,7,100,2023
7,641627,"Gott, Trevor",8/25/2023,716855,7,100,2023
7,656730,"Megill, Trevor",6/18/2023,717710,7,100,2023
7,663855,"Hicks, Jordan",8/18/2023,716954,7,100,2023
7,607732,"Stallings, Jacob",6/1/2023,717941,7,100,2023
7,621295,"Wittgren, Nick",7/26/2023,717249,7,100,2023
7,666204,"Jiménez, Dany",8/30/2023,716788,7,100,2023
7,677053,"Nardi, Andrew",6/29/2023,717569,7,100,2023
7,542888,"Armstrong, Shawn",8/27/2023,716828,7,100,2023
7,592473,"Kolarek, Adam",8/26/2023,716840,7,100,2023
7,622554,"Domínguez, Seranthony",8/29/2023,716806,7,100,2023
7,519293,"Smith, Will",6/2/2023,717922,7,100,2023
7,607259,"Martinez, Nick",6/17/2023,717717,7,100,2023
7,665625,"Peguero, Elvis",8/30/2023,716779,7,100,2023
7,642397,"Soto, Gregory",6/14/2023,717757,7,100,2023
7,547973,"Chapman, Aroldis",8/30/2023,716783,7,100,2023
7,660813,"Graterol, Brusdar",8/16/2023,716962,7,100,2023
7,678606,"Ferrer, Jose A.",8/15/2023,716993,7,100,2023
7,650556,"Abreu, Bryan",6/15/2023,717746,7,100,2023
7,606303,"Payamps, Joel",8/1/2023,717183,7,100,2023
7,623437,"Topa, Justin",8/4/2023,717130,7,100,2023
7,518489,"Brasier, Ryan",6/27/2023,717594,7,100,2023
7,656786,"Mushinski, Parker",8/2/2023,717163,7,100,2023
7,592773,"Stanek, Ryne",7/29/2023,717214,7,100,2023
7,641329,"Baker, Bryan",7/24/2023,717280,7,100,2023
7,663878,"Pearson, Nate",7/29/2023,717222,7,100,2023
7,518489,"Brasier, Ryan",7/23/2023,717284,7,100,2023
7,669395,"Coleman, Dylan",7/29/2023,717207,7,100,2023
7,543056,"Coulombe, Danny",7/22/2023,717300,7,100,2023
7,664747,"Díaz, Alexis",7/24/2023,717273,7,100,2023
7,543521,"McHugh, Collin",6/2/2023,717919,7,100,2023
7,668970,"Hollowell, Gavin",7/25/2023,717269,7,100,2023
7,621366,"Borucki, Ryan",7/5/2023,717479,7,100,2023
7,573124,"Rogers, Taylor",6/24/2023,717639,7,100,2023
7,675916,"Karinchak, James",6/1/2023,717937,7,100,2023
7,472610,"García, Luis",6/11/2023,717798,7,100,2023
7,542888,"Armstrong, Shawn",6/12/2023,717789,7,100,2023
7,661403,"Clase, Emmanuel",6/9/2023,717833,7,100,2023
7,664208,"Maton, Phil",7/2/2023,717520,7,100,2023
7,668470,"Danner, Hagen",8/11/2023,717041,7,100,2023
7,670102,"Francis, Bowden",8/10/2023,717052,7,100,2023
7,519293,"Smith, Will",6/21/2023,717667,7,100,2023
7,593974,"Peralta, Wandy",6/18/2023,717715,7,100,2023
7,669169,"Heasley, Jonathan",7/20/2023,717332,7,100,2023
7,668674,"Erceg, Lucas",6/18/2023,717705,7,100,2023
7,672578,"Hernández, Carlos",6/18/2023,717712,7,100,2023
7,518397,"Alexander, Scott",6/8/2023,717846,7,100,2023
7,666204,"Jiménez, Dany",8/24/2023,716864,7,100,2023
7,608717,"Stratton, Chris",8/29/2023,716799,7,100,2023
7,595345,"Okert, Steven",6/17/2023,717734,7,100,2023
7,600917,"Leclerc, José",6/16/2023,717741,7,100,2023
7,605177,"Chafin, Andrew",6/15/2023,717755,7,100,2023
7,613534,"Adams, Austin",6/4/2023,717892,7,100,2023
7,650893,"Cabrera, Génesis",8/13/2023,717012,7,100,2023
7,681982,"Anderson, Grant",6/16/2023,717741,7,100,2023
7,686747,"La Sorsa, Joe",7/26/2023,717257,7,100,2023
7,502085,"Robertson, David",7/25/2023,717266,7,100,2023
7,668674,"Erceg, Lucas",8/11/2023,717043,7,100,2023
7,594580,"Moll, Sam",7/14/2023,717409,7,100,2023
7,542888,"Armstrong, Shawn",7/2/2023,717519,7,100,2023
7,621294,"Heller, Ben",7/20/2023,717337,7,100,2023
7,682120,"Herrin, Tim",7/18/2023,717364,7,100,2023
7,669387,"Mlodzinski, Carmen",7/18/2023,717364,7,100,2023
7,669459,"Nelson, Kyle",7/20/2023,717337,7,100,2023
7,670970,"Morejon, Adrian",6/23/2023,717642,7,100,2023
7,605447,"Romano, Jordan",6/8/2023,717843,7,100,2023
7,656464,"Ginkel, Kevin",8/15/2023,716978,7,100,2023
7,571479,"Bellatti, Andrew",8/19/2023,716941,7,100,2023
7,592741,"Shreve, Chasen",7/16/2023,717373,7,100,2023
7,640470,"Alzolay, Adbert",7/9/2023,717433,7,100,2023
7,571863,"Koch, Matt",8/2/2023,717158,7,100,2023
7,666154,"Kauffmann, Karl",8/18/2023,716947,7,100,2023
7,518886,"Kimbrel, Craig",8/28/2023,716817,7,100,2023
7,607259,"Martinez, Nick",8/29/2023,716797,7,100,2023
7,669169,"Heasley, Jonathan",7/7/2023,717463,7,100,2023
7,641627,"Gott, Trevor",8/16/2023,716974,7,100,2023
7,472610,"García, Luis",6/25/2023,717610,7,100,2023
6,595345,"Okert, Steven",7/8/2023,717438,6,100,2023
6,642207,"Williams, Devin",6/26/2023,717607,6,100,2023
6,592454,"Kahnle, Tommy",6/21/2023,717666,6,100,2023
6,542585,"Cisnero, José",7/14/2023,717406,6,100,2023
6,641941,"Pagán, Emilio",7/30/2023,717198,6,100,2023
6,669912,"Snead, Kirby",8/24/2023,716864,6,100,2023
6,643511,"Rogers, Tyler",8/23/2023,716879,6,100,2023
6,669212,"Morgan, Eli",6/21/2023,717663,6,100,2023
6,656234,"Bird, Jake",6/25/2023,717616,6,100,2023
6,571901,"Loup, Aaron",7/27/2023,717247,6,100,2023
6,641743,"Kay, Anthony",7/3/2023,717511,6,100,2023
6,656529,"Hentges, Sam",6/29/2023,717573,6,100,2023
6,592741,"Shreve, Chasen",6/24/2023,717633,6,100,2023
6,641627,"Gott, Trevor",8/1/2023,717170,6,100,2023
6,543272,"Hand, Brad",7/31/2023,717179,6,100,2023
6,656546,"Hoffman, Jeff",6/17/2023,717725,6,100,2023
6,628708,"Marte, Yunior",7/16/2023,717387,6,100,2023
6,666818,"Frías, Luis",8/4/2023,717128,6,100,2023
6,665625,"Peguero, Elvis",6/26/2023,717607,6,100,2023
6,641729,"Jiménez, Joe",6/25/2023,717618,6,100,2023
6,601713,"Pivetta, Nick",6/23/2023,717645,6,100,2023
6,687396,"Headrick, Brent",6/25/2023,717621,6,100,2023
6,663947,"Holton, Tyler",8/2/2023,717166,6,100,2023
6,665625,"Peguero, Elvis",6/13/2023,717783,6,100,2023
6,662253,"Muñoz, Andrés",7/31/2023,717181,6,100,2023
6,489446,"Yates, Kirby",7/8/2023,717441,6,100,2023
6,571656,"Farmer, Buck",6/2/2023,717931,6,100,2023
6,664901,"Mendick, Danny",8/3/2023,717148,6,100,2023
6,593576,"Neris, Héctor",6/9/2023,717833,6,100,2023
6,493603,"Ottavino, Adam",7/28/2023,717230,6,100,2023
6,641835,"Mayza, Tim",6/18/2023,717709,6,100,2023
6,640451,"Harvey, Hunter",6/11/2023,717807,6,100,2023
6,682120,"Herrin, Tim",8/19/2023,716939,6,100,2023
6,593974,"Peralta, Wandy",8/27/2023,716828,6,100,2023
6,571670,"Floro, Dylan",6/23/2023,717653,6,100,2023
6,680735,"Cox, Austin",8/29/2023,716793,6,100,2023
6,622780,"Perdomo, Angel",7/25/2023,717258,6,100,2023
6,622780,"Perdomo, Angel",8/15/2023,716988,6,100,2023
6,664294,"Moreta, Dauri",7/2/2023,717531,6,100,2023
6,621294,"Heller, Ben",7/16/2023,717391,6,100,2023
6,689167,"Lindgren, Jeff",7/4/2023,717502,6,100,2023
6,676684,"Vest, Will",8/27/2023,716830,6,100,2023
6,571466,"Barnhart, Tucker",8/4/2023,717141,6,100,2023
6,643377,"Jax, Griffin",7/15/2023,717399,6,100,2023
6,628452,"Iglesias, Raisel",8/1/2023,717176,6,100,2023
6,660813,"Graterol, Brusdar",8/6/2023,717093,6,100,2023
6,600917,"Leclerc, José",6/20/2023,717675,6,100,2023
6,543518,"McGough, Scott",6/17/2023,717719,6,100,2023
6,571670,"Floro, Dylan",8/16/2023,716976,6,100,2023
6,656546,"Hoffman, Jeff",8/21/2023,716911,6,100,2023
6,656464,"Ginkel, Kevin",7/5/2023,717477,6,100,2023
6,677053,"Nardi, Andrew",8/19/2023,716909,6,100,2023
6,669713,"Wesneski, Hayden",8/21/2023,716913,6,100,2023
6,642239,"Zastryzny, Rob",8/26/2023,716842,6,100,2023
6,600921,"Machado, Andrés",8/17/2023,716966,6,100,2023
6,663947,"Holton, Tyler",8/30/2023,716781,6,100,2023
6,554340,"García, Yimi",7/6/2023,717468,6,100,2023
6,643511,"Rogers, Tyler",7/7/2023,717448,6,100,2023
6,608665,"Graveman, Kendall",6/3/2023,717915,6,100,2023
6,640470,"Alzolay, Adbert",6/2/2023,717921,6,100,2023
6,613534,"Adams, Austin",6/30/2023,717549,6,100,2023
6,614179,"Ruiz, José",6/24/2023,717639,6,100,2023
6,446372,"Kluber, Corey",6/3/2023,717918,6,100,2023
6,666808,"Doval, Camilo",8/28/2023,716823,6,100,2023
6,656730,"Megill, Trevor",6/11/2023,717800,6,100,2023
6,657514,"Bernardino, Brennan",6/12/2023,717794,6,100,2023
6,666364,"Balazovic, Jordan",7/3/2023,717510,6,100,2023
6,621295,"Wittgren, Nick",6/10/2023,717818,6,100,2023
6,542585,"Cisnero, José",8/9/2023,717061,6,100,2023
6,608718,"Suter, Brent",8/12/2023,717017,6,100,2023
6,613534,"Adams, Austin",7/21/2023,717321,6,100,2023
6,664875,"Lawrence, Justin",6/19/2023,717701,6,100,2023
6,605447,"Romano, Jordan",6/4/2023,717900,6,100,2023
6,656945,"Scott, Tanner",6/6/2023,717876,6,100,2023
6,666818,"Frías, Luis",7/25/2023,717259,6,100,2023
6,606149,"Gallegos, Giovanny",7/26/2023,717244,6,100,2023
6,571863,"Koch, Matt",7/16/2023,717378,6,100,2023
6,663423,"Thornton, Trent",6/25/2023,717617,6,100,2023
6,661527,"Martinez, Seth",7/22/2023,717295,6,100,2023
6,592848,"Weiss, Zack",7/15/2023,717389,6,100,2023
6,622065,"Young, Alex",7/26/2023,717254,6,100,2023
6,641941,"Pagán, Emilio",7/2/2023,717529,6,100,2023
6,642048,"Saucedo, Tayler",8/15/2023,716981,6,100,2023
6,543056,"Coulombe, Danny",6/18/2023,717708,6,100,2023
6,666364,"Balazovic, Jordan",6/24/2023,717633,6,100,2023
6,689690,"Jacob, Alek",7/15/2023,717397,6,100,2023
6,621051,"Wilson, Steven",6/20/2023,717688,6,100,2023
6,680704,"Sandlin, Nick",8/29/2023,716796,6,100,2023
6,666974,"Cano, Yennier",6/8/2023,717849,6,100,2023
6,607259,"Martinez, Nick",7/14/2023,717418,6,100,2023
6,519293,"Smith, Will",8/24/2023,716867,6,100,2023
6,672335,"Pérez, Cionel",8/22/2023,716902,6,100,2023
6,548384,"Raley, Brooks",8/25/2023,716855,6,100,2023
5,657514,"Bernardino, Brennan",7/28/2023,717220,5,100,2023
5,622780,"Perdomo, Angel",6/24/2023,717630,5,100,2023
5,571901,"Loup, Aaron",6/20/2023,717678,5,100,2023
5,622098,"Smith, Drew",8/13/2023,717013,5,100,2023
5,640448,"Finnegan, Kyle",6/19/2023,717699,5,100,2023
5,656546,"Hoffman, Jeff",8/28/2023,716817,5,100,2023
5,594580,"Moll, Sam",6/2/2023,717927,5,100,2023
5,663558,"Moran, Jovani",7/24/2023,717275,5,100,2023
5,664875,"Lawrence, Justin",6/2/2023,717923,5,100,2023
5,686747,"La Sorsa, Joe",7/22/2023,717307,5,100,2023
5,622772,"Cordero, Jimmy",6/13/2023,717779,5,100,2023
5,669387,"Mlodzinski, Carmen",6/25/2023,717620,5,100,2023
5,608032,"Estévez, Carlos",6/26/2023,717608,5,100,2023
5,608371,"Sims, Lucas",6/28/2023,717589,5,100,2023
5,445276,"Jansen, Kenley",8/15/2023,716993,5,100,2023
5,664294,"Moreta, Dauri",6/4/2023,717898,5,100,2023
5,672391,"Ort, Kaleb",6/21/2023,717665,5,100,2023
5,643410,"Leiter Jr., Mark",8/20/2023,716917,5,100,2023
5,663986,"Stephan, Trevor",6/20/2023,717679,5,100,2023
5,677020,"Walker, Josh",8/8/2023,717080,5,100,2023
5,656322,"Coonrod, Sam",8/29/2023,716799,5,100,2023
5,663941,"Beck, Tristan",8/7/2023,717090,5,100,2023
5,641703,"Honeywell, Brent",7/15/2023,717408,5,100,2023
5,663947,"Holton, Tyler",7/20/2023,717332,5,100,2023
5,605446,"Rodríguez, Dereck",7/18/2023,717358,5,100,2023
5,623149,"Sewald, Paul",7/24/2023,717275,5,100,2023
5,672335,"Pérez, Cionel",8/27/2023,716836,5,100,2023
5,592779,"Stewart, Brock",6/17/2023,717728,5,100,2023
5,621051,"Wilson, Steven",6/14/2023,717758,5,100,2023
5,665734,"Felipe, Angel",7/8/2023,717449,5,100,2023
5,666974,"Cano, Yennier",8/29/2023,716800,5,100,2023
5,666720,"Rodríguez, Yerry",6/28/2023,717580,5,100,2023
5,677053,"Nardi, Andrew",6/28/2023,717583,5,100,2023
5,455119,"Martin, Chris",6/30/2023,717555,5,100,2023
5,676254,"Walker, Ryan",8/23/2023,716879,5,100,2023
5,669952,"White, Mitch",7/25/2023,717256,5,100,2023
5,660261,"Fujinami, Shintaro",6/30/2023,717551,5,100,2023
5,571863,"Koch, Matt",7/1/2023,717544,5,100,2023
5,624647,"González, Victor",6/3/2023,717905,5,100,2023
5,665019,"Clemens, Kody",6/10/2023,717811,5,100,2023
5,666168,"Thompson, Mason",7/31/2023,717192,5,100,2023
5,656529,"Hentges, Sam",8/20/2023,716922,5,100,2023
5,640462,"Puk, A.J.",8/4/2023,717133,5,100,2023
5,605242,"Fulmer, Michael",6/18/2023,717708,5,100,2023
5,623437,"Topa, Justin",8/2/2023,717161,5,100,2023
5,650893,"Cabrera, Génesis",6/19/2023,717699,5,100,2023
5,621294,"Heller, Ben",6/26/2023,717609,5,100,2023
5,519293,"Smith, Will",8/27/2023,716824,5,100,2023
5,643511,"Rogers, Tyler",7/29/2023,717221,5,100,2023
5,592426,"Jackson, Luke",8/20/2023,716927,5,100,2023
5,554340,"García, Yimi",7/8/2023,717442,5,100,2023
5,642100,"Speier, Gabe",8/13/2023,717005,5,100,2023
5,595411,"Sherriff, Ryan",6/3/2023,717918,5,100,2023
5,623433,"Anderson, Nick",7/3/2023,717512,5,100,2023
5,660261,"Fujinami, Shintaro",7/9/2023,717435,5,100,2023
5,606303,"Payamps, Joel",7/24/2023,717273,5,100,2023
5,605447,"Romano, Jordan",6/24/2023,717634,5,100,2023
5,642397,"Soto, Gregory",7/18/2023,717363,5,100,2023
5,657514,"Bernardino, Brennan",6/7/2023,717858,5,100,2023
5,518617,"Diekman, Jake",7/16/2023,717382,5,100,2023
5,668873,"Kilian, Caleb",8/7/2023,717092,5,100,2023
5,623352,"Hader, Josh",8/29/2023,716797,5,100,2023
5,622098,"Smith, Drew",8/7/2023,717092,5,100,2023
5,650893,"Cabrera, Génesis",8/5/2023,717125,5,100,2023
5,641835,"Mayza, Tim",6/2/2023,717929,5,100,2023
5,642397,"Soto, Gregory",6/29/2023,717567,5,100,2023
5,606160,"Montero, Rafael",8/15/2023,716991,5,100,2023
5,657508,"Baumann, Mike",6/9/2023,717839,5,100,2023
5,600921,"Machado, Andrés",8/19/2023,716941,5,100,2023
5,664208,"Maton, Phil",6/9/2023,717833,5,100,2023
5,623465,"Phillips, Evan",8/19/2023,716909,5,100,2023
5,682175,"Jacques, Joe",6/22/2023,717658,5,100,2023
5,670059,"Holderman, Colin",7/1/2023,717540,5,100,2023
5,682175,"Jacques, Joe",6/12/2023,717794,5,100,2023
5,596112,"Stephenson, Robert",8/11/2023,717038,5,100,2023
5,656546,"Hoffman, Jeff",8/15/2023,716990,5,100,2023
5,642545,"Barria, Jaime",8/11/2023,717037,5,100,2023
5,669459,"Nelson, Kyle",8/14/2023,716998,5,100,2023
5,571948,"Milner, Hoby",6/28/2023,717581,5,100,2023
5,592426,"Jackson, Luke",6/24/2023,717639,5,100,2023
5,607755,"Vasquez, Andrew",8/9/2023,717061,5,100,2023
5,664208,"Maton, Phil",8/11/2023,717037,5,100,2023
5,663773,"Hoeing, Bryan",7/19/2023,717351,5,100,2023
5,665734,"Felipe, Angel",7/29/2023,717212,5,100,2023
5,623149,"Sewald, Paul",7/17/2023,717365,5,100,2023
5,518617,"Diekman, Jake",6/13/2023,717774,5,100,2023
5,592773,"Stanek, Ryne",8/11/2023,717037,5,100,2023
5,455119,"Martin, Chris",7/25/2023,717261,5,100,2023
5,669912,"Snead, Kirby",8/9/2023,717063,5,100,2023
5,608032,"Estévez, Carlos",7/15/2023,717389,5,100,2023
5,643511,"Rogers, Tyler",8/15/2023,716989,5,100,2023
5,608371,"Sims, Lucas",7/2/2023,717526,5,100,2023
5,669674,"Long, Sam",7/18/2023,717349,5,100,2023
5,592741,"Shreve, Chasen",7/18/2023,717356,5,100,2023
5,656271,"Burke, Brock",7/8/2023,717450,5,100,2023
5,548384,"Raley, Brooks",8/22/2023,716891,5,100,2023
5,666374,"Brash, Matt",7/6/2023,717467,5,100,2023
4,687330,"Kelly, Kevin",6/3/2023,717918,4,100,2023
4,592741,"Shreve, Chasen",7/2/2023,717523,4,100,2023
4,621366,"Borucki, Ryan",8/30/2023,716780,4,100,2023
4,623211,"Brazobán, Huascar",6/22/2023,717654,4,100,2023
4,663423,"Thornton, Trent",8/23/2023,716881,4,100,2023
4,641835,"Mayza, Tim",6/20/2023,717690,4,100,2023
4,656322,"Coonrod, Sam",8/20/2023,716921,4,100,2023
4,453268,"Bard, Daniel",6/8/2023,717846,4,100,2023
4,657514,"Bernardino, Brennan",8/13/2023,717014,4,100,2023
4,641329,"Baker, Bryan",7/16/2023,717384,4,100,2023
4,643493,"Pruitt, Austin",7/22/2023,717295,4,100,2023
4,608678,"Leone, Dominic",7/15/2023,717400,4,100,2023
4,621345,"Minter, A.J.",6/14/2023,717784,4,100,2023
4,657612,"Hill, Tim",6/10/2023,717819,4,100,2023
4,543507,"May, Trevor",6/20/2023,717679,4,100,2023
4,455119,"Martin, Chris",8/26/2023,716849,4,100,2023
4,612434,"Castro, Miguel",7/29/2023,717210,4,100,2023
4,676092,"Snider, Collin",8/27/2023,716820,4,100,2023
4,518886,"Kimbrel, Craig",7/7/2023,717466,4,100,2023
4,641941,"Pagán, Emilio",7/7/2023,717458,4,100,2023
4,572955,"Johnson, Pierce",8/31/2023,716768,4,100,2023
4,621295,"Wittgren, Nick",6/22/2023,717659,4,100,2023
4,650960,"Duarte, Daniel",8/4/2023,717139,4,100,2023
4,664126,"Fairbanks, Pete",8/1/2023,717175,4,100,2023
4,489446,"Yates, Kirby",7/28/2023,717231,4,100,2023
4,612434,"Castro, Miguel",6/9/2023,717834,4,100,2023
4,663947,"Holton, Tyler",7/29/2023,717218,4,100,2023
4,641941,"Pagán, Emilio",6/3/2023,717913,4,100,2023
4,613534,"Adams, Austin",7/8/2023,717439,4,100,2023
4,682842,"Uribe, Abner",8/19/2023,716938,4,100,2023
4,623149,"Sewald, Paul",6/26/2023,717602,4,100,2023
4,593974,"Peralta, Wandy",8/26/2023,716845,4,100,2023
4,596112,"Stephenson, Robert",6/15/2023,717756,4,100,2023
4,660813,"Graterol, Brusdar",6/13/2023,717776,4,100,2023
4,682175,"Jacques, Joe",8/30/2023,716794,4,100,2023
4,650496,"Mejía, J.C.",7/5/2023,717483,4,100,2023
4,689225,"Brieske, Beau",8/5/2023,717122,4,100,2023
4,445926,"Chavez, Jesse",6/14/2023,717770,4,100,2023
4,519293,"Smith, Will",8/15/2023,716985,4,100,2023
4,593974,"Peralta, Wandy",7/22/2023,717304,4,100,2023
4,593974,"Peralta, Wandy",6/11/2023,717810,4,100,2023
4,656638,"Lange, Alex",6/12/2023,717790,4,100,2023
4,601713,"Pivetta, Nick",6/9/2023,717841,4,100,2023
4,671345,"Foley, Jason",8/27/2023,716830,4,100,2023
4,661440,"Llovera, Mauricio",7/21/2023,717326,4,100,2023
4,622554,"Domínguez, Seranthony",6/8/2023,717862,4,100,2023
4,571479,"Bellatti, Andrew",7/14/2023,717418,4,100,2023
4,669796,"Hernandez, Jose E.",6/10/2023,717812,4,100,2023
4,664294,"Moreta, Dauri",7/19/2023,717348,4,100,2023
4,664208,"Maton, Phil",7/19/2023,717345,4,100,2023
4,665625,"Peguero, Elvis",8/12/2023,717023,4,100,2023
4,612434,"Castro, Miguel",8/9/2023,717057,4,100,2023
4,621016,"Cuas, Jose",6/6/2023,717876,4,100,2023
4,623211,"Brazobán, Huascar",8/5/2023,717124,4,100,2023
4,608371,"Sims, Lucas",8/7/2023,717097,4,100,2023
4,657024,"Swanson, Erik",8/16/2023,716967,4,100,2023
4,672335,"Pérez, Cionel",8/12/2023,717018,4,100,2023
4,628452,"Iglesias, Raisel",7/4/2023,717495,4,100,2023
4,662253,"Muñoz, Andrés",8/22/2023,716893,4,100,2023
4,680704,"Sandlin, Nick",8/10/2023,717052,4,100,2023
4,642048,"Saucedo, Tayler",8/29/2023,716790,4,100,2023
4,642528,"Loáisiga, Jonathan",8/31/2023,716775,4,100,2023
4,666374,"Brash, Matt",6/25/2023,717627,4,100,2023
4,669395,"Coleman, Dylan",8/21/2023,716904,4,100,2023
4,623211,"Brazobán, Huascar",7/16/2023,717384,4,100,2023
4,542585,"Cisnero, José",8/23/2023,716885,4,100,2023
4,681911,"Vesia, Alex",7/16/2023,717385,4,100,2023
4,660853,"De Los Santos, Enyel",8/18/2023,716959,4,100,2023
3,612434,"Castro, Miguel",8/13/2023,717003,3,100,2023
3,682842,"Uribe, Abner",7/23/2023,717287,3,100,2023
3,663485,"Sands, Cole",7/20/2023,717327,3,100,2023
3,571948,"Milner, Hoby",6/25/2023,717613,3,100,2023
3,623465,"Phillips, Evan",6/27/2023,717594,3,100,2023
3,681911,"Vesia, Alex",7/7/2023,717456,3,100,2023
3,621345,"Minter, A.J.",7/7/2023,717460,3,100,2023
3,640451,"Harvey, Hunter",6/25/2023,717610,3,100,2023
3,621345,"Minter, A.J.",8/18/2023,716949,3,100,2023
3,642207,"Williams, Devin",8/20/2023,716918,3,100,2023
3,445276,"Jansen, Kenley",8/23/2023,716878,3,100,2023
3,656353,"Davidson, Tucker",8/29/2023,716793,3,100,2023
3,622065,"Young, Alex",7/31/2023,717188,3,100,2023
3,657508,"Baumann, Mike",7/26/2023,717245,3,100,2023
3,670102,"Francis, Bowden",8/23/2023,716874,3,100,2023
3,669145,"Zimmermann, Bruce",6/28/2023,717589,3,100,2023
3,605441,"Ríos, Yacksel",6/28/2023,717579,3,100,2023
3,607481,"Bummer, Aaron",6/11/2023,717795,3,100,2023
3,641835,"Mayza, Tim",6/9/2023,717835,3,100,2023
3,650556,"Abreu, Bryan",8/13/2023,717004,3,100,2023
3,640462,"Puk, A.J.",6/28/2023,717583,3,100,2023
3,669060,"Wilson, Bryse",6/20/2023,717680,3,100,2023
3,680704,"Sandlin, Nick",8/11/2023,717038,3,100,2023
3,677865,"Bruihl, Justin",8/24/2023,716869,3,100,2023
3,687798,"Robertson, Nick",7/16/2023,717385,3,100,2023
3,665625,"Peguero, Elvis",6/24/2023,717625,3,100,2023
3,519293,"Smith, Will",7/4/2023,717501,3,100,2023
3,669912,"Snead, Kirby",8/29/2023,716790,3,100,2023
3,571656,"Farmer, Buck",6/10/2023,717817,3,100,2023
3,678606,"Ferrer, Jose A.",7/27/2023,717241,3,100,2023
3,608718,"Suter, Brent",8/23/2023,716880,3,100,2023
3,667463,"King, John",6/13/2023,717780,3,100,2023
3,571863,"Koch, Matt",7/26/2023,717257,3,100,2023
3,686654,"Adcock, Ty",6/17/2023,717722,3,100,2023
3,669459,"Nelson, Kyle",7/25/2023,717259,3,100,2023
3,669060,"Wilson, Bryse",7/16/2023,717383,3,100,2023
3,519293,"Smith, Will",7/1/2023,717542,3,100,2023
3,641835,"Mayza, Tim",7/16/2023,717386,3,100,2023
3,669459,"Nelson, Kyle",7/4/2023,717498,3,100,2023
3,594943,"Neal, Zach",8/8/2023,717069,3,100,2023
3,641835,"Mayza, Tim",8/16/2023,716967,3,100,2023
3,641835,"Mayza, Tim",8/26/2023,716846,3,100,2023
3,669796,"Hernandez, Jose E.",6/14/2023,717763,3,100,2023
3,650633,"King, Michael",7/26/2023,717248,3,100,2023
3,608371,"Sims, Lucas",8/8/2023,717083,3,100,2023
3,665625,"Peguero, Elvis",6/29/2023,717565,3,100,2023
3,623465,"Phillips, Evan",7/8/2023,717437,3,100,2023
3,670990,"Ramírez, Yohan",6/2/2023,717930,3,100,2023
3,607259,"Martinez, Nick",7/2/2023,717526,3,100,2023
3,592773,"Stanek, Ryne",8/13/2023,717004,3,100,2023
3,663992,"Lovelady, Richard",6/7/2023,717865,3,100,2023
3,543056,"Coulombe, Danny",7/28/2023,717237,3,100,2023
3,573009,"Mantiply, Joe",8/26/2023,716833,3,100,2023
3,669459,"Nelson, Kyle",6/11/2023,717804,3,100,2023
3,640470,"Alzolay, Adbert",8/26/2023,716842,3,100,2023
3,669467,"Pallante, Andre",6/9/2023,717832,3,100,2023
3,607755,"Vasquez, Andrew",7/30/2023,717208,3,100,2023
3,445276,"Jansen, Kenley",7/14/2023,717419,3,100,2023
3,640448,"Finnegan, Kyle",7/9/2023,717432,3,100,2023
3,621295,"Wittgren, Nick",7/23/2023,717294,3,100,2023
3,663989,"Vespi, Nick",8/13/2023,717005,3,100,2023
3,686747,"La Sorsa, Joe",7/19/2023,717336,3,100,2023
3,657240,"Merryweather, Julian",8/9/2023,717062,3,100,2023
3,664942,"Naile, James",8/11/2023,717039,3,100,2023
3,622065,"Young, Alex",7/21/2023,717321,3,100,2023
3,543056,"Coulombe, Danny",7/7/2023,717458,3,100,2023
3,573124,"Rogers, Taylor",8/30/2023,716789,3,100,2023
3,594580,"Moll, Sam",7/15/2023,717399,3,100,2023
3,660853,"De Los Santos, Enyel",8/6/2023,717108,3,100,2023
3,664208,"Maton, Phil",7/14/2023,717405,3,100,2023
3,518397,"Alexander, Scott",8/5/2023,717117,3,100,2023
3,571948,"Milner, Hoby",6/21/2023,717672,3,100,2023
3,543521,"McHugh, Collin",8/20/2023,716927,3,100,2023
3,606930,"Barnes, Jacob",8/22/2023,716901,3,100,2023
3,612434,"Castro, Miguel",8/22/2023,716889,3,100,2023
3,664139,"Gibaut, Ian",8/22/2023,716892,3,100,2023
2,623437,"Topa, Justin",8/23/2023,716881,2,100,2023
2,593576,"Neris, Héctor",6/24/2023,717626,2,100,2023
2,681911,"Vesia, Alex",8/25/2023,716866,2,100,2023
2,641941,"Pagán, Emilio",7/9/2023,717428,2,100,2023
2,642048,"Saucedo, Tayler",7/5/2023,717490,2,100,2023
2,676760,"Marinaccio, Ron",7/16/2023,717378,2,100,2023
2,622075,"Almonte, Yency",6/30/2023,717553,2,100,2023
2,571901,"Loup, Aaron",6/13/2023,717780,2,100,2023
2,472610,"García, Luis",8/4/2023,717129,2,100,2023
2,677865,"Bruihl, Justin",8/16/2023,716977,2,100,2023
2,621363,"Poche, Colin",8/16/2023,716975,2,100,2023
2,542585,"Cisnero, José",6/24/2023,717633,2,100,2023
2,612434,"Castro, Miguel",6/22/2023,717847,2,100,2023
2,518397,"Alexander, Scott",6/3/2023,717916,2,100,2023
2,543272,"Hand, Brad",6/10/2023,717819,2,100,2023
2,669467,"Pallante, Andre",7/1/2023,717550,2,100,2023
2,621057,"Garza, Justin",6/12/2023,717794,2,100,2023
2,571946,"Miller, Shelby",6/6/2023,717870,2,100,2023
2,664126,"Fairbanks, Pete",6/16/2023,717732,2,100,2023
2,682010,"Ramsey, Lane",8/29/2023,716800,2,100,2023
2,573124,"Rogers, Taylor",7/3/2023,717516,2,100,2023
2,598286,"Ramirez, Nick",6/14/2023,717766,2,100,2023
2,571670,"Floro, Dylan",6/5/2023,717887,2,100,2023
2,641835,"Mayza, Tim",6/23/2023,717646,2,100,2023
2,613534,"Adams, Austin",8/1/2023,717180,2,100,2023
2,661395,"Duran, Jhoan",6/7/2023,717859,2,100,2023
2,554340,"García, Yimi",7/28/2023,717235,2,100,2023
2,665871,"Assad, Javier",7/29/2023,717213,2,100,2023
2,608717,"Stratton, Chris",7/6/2023,717473,2,100,2023
2,571882,"Law, Derek",8/2/2023,717153,2,100,2023
2,678606,"Ferrer, Jose A.",8/2/2023,717162,2,100,2023
2,663855,"Hicks, Jordan",8/9/2023,717060,2,100,2023
2,657514,"Bernardino, Brennan",7/26/2023,717242,2,100,2023
2,612434,"Castro, Miguel",6/17/2023,717719,2,100,2023
2,641835,"Mayza, Tim",7/26/2023,717253,2,100,2023
2,666168,"Thompson, Mason",7/14/2023,717407,2,100,2023
2,593974,"Peralta, Wandy",7/19/2023,717339,2,100,2023
2,672578,"Hernández, Carlos",8/11/2023,717039,2,100,2023
2,657514,"Bernardino, Brennan",6/8/2023,717842,2,100,2023
2,608638,"Chargois, JT",7/9/2023,717426,2,100,2023
2,622065,"Young, Alex",7/9/2023,717427,2,100,2023
2,657514,"Bernardino, Brennan",8/20/2023,716928,2,100,2023
2,681911,"Vesia, Alex",8/5/2023,717112,2,100,2023
2,593974,"Peralta, Wandy",8/29/2023,716795,2,100,2023
2,667463,"King, John",8/29/2023,716797,2,100,2023
1,660853,"De Los Santos, Enyel",7/8/2023,717443,1,100,2023
1,641835,"Mayza, Tim",6/15/2023,717753,1,100,2023
1,543056,"Coulombe, Danny",6/24/2023,717628,1,100,2023
1,656529,"Hentges, Sam",8/1/2023,717172,1,100,2023
1,571948,"Milner, Hoby",7/31/2023,717192,1,100,2023
1,622098,"Smith, Drew",6/1/2023,717934,1,100,2023
1,650960,"Duarte, Daniel",6/24/2023,717631,1,100,2023
1,543056,"Coulombe, Danny",8/25/2023,716859,1,100,2023
1,593974,"Peralta, Wandy",7/28/2023,717237,1,100,2023
1,445276,"Jansen, Kenley",7/29/2023,717221,1,100,2023
1,571948,"Milner, Hoby",7/2/2023,717531,1,100,2023
1,592779,"Stewart, Brock",6/10/2023,717822,1,100,2023
1,668674,"Erceg, Lucas",8/12/2023,717030,1,100,2023
1,592773,"Stanek, Ryne",6/19/2023,717694,1,100,2023
1,669387,"Mlodzinski, Carmen",7/28/2023,717234,1,100,2023
1,669459,"Nelson, Kyle",8/13/2023,717003,1,100,2023
1,572403,"VerHagen, Drew",6/5/2023,717879,1,100,2023
1,455119,"Martin, Chris",7/6/2023,717471,1,100,2023
1,677865,"Bruihl, Justin",8/22/2023,716898,1,100,2023
1,593974,"Peralta, Wandy",6/8/2023,717848,1,100,2023
1,666204,"Jiménez, Dany",8/21/2023,716904,1,100,2023
1,650893,"Cabrera, Génesis",8/18/2023,716954,1,100,2023
1,660813,"Graterol, Brusdar",7/16/2023,717385,1,100,2023
1,607216,"Krehbiel, Joey",8/8/2023,717084,1,100,2023
97,641540,"Dunning, Dane",9/5/2023,716705,97,100,2023
97,686752,"Pepiot, Ryan",9/19/2023,716510,97,100,2023
96,665622,"Medina, Luis",9/16/2023,716564,96,100,2023
95,686752,"Pepiot, Ryan",9/26/2023,716438,95,100,2023
92,594902,"Lively, Ben",9/19/2023,716522,92,100,2023
91,669721,"Daniel, Davis",9/22/2023,716475,91,100,2023
91,682990,"Priester, Quinn",9/19/2023,716518,91,100,2023
89,642232,"Yarbrough, Ryan",9/17/2023,716537,89,100,2023
88,663362,"Waldron, Matt",9/4/2023,716720,88,100,2023
87,686730,"Spiers, Carson",9/17/2023,716545,87,100,2023
87,666154,"Kauffmann, Karl",9/30/2023,716368,87,100,2023
86,665795,"Cabrera, Edward",9/12/2023,716610,86,100,2023
85,607067,"Rea, Colin",9/19/2023,716515,85,100,2023
85,670046,"Rosenberg, Kenny",9/17/2023,716544,85,100,2023
83,622072,"Wood, Alex",9/26/2023,716437,83,100,2023
82,694813,"Stone, Gavin",9/22/2023,716474,82,100,2023
82,687888,"Walter, Brandon",9/1/2023,716764,82,100,2023
82,622072,"Wood, Alex",9/19/2023,716511,82,100,2023
81,682847,"Ortiz, Luis L.",9/22/2023,716487,81,100,2023
80,666214,"Wentz, Joey",9/23/2023,716470,80,100,2023
80,548389,"Stripling, Ross",9/23/2023,716456,80,100,2023
80,679525,"Marsh, Alec",9/30/2023,716375,80,100,2023
80,686610,"Waldichuk, Ken",9/17/2023,716538,80,100,2023
78,646241,"De Jesus, Enmanuel",9/9/2023,716653,78,100,2023
78,694297,"Pfaadt, Brandon",9/10/2023,716638,78,100,2023
78,672582,"Zerpa, Angel",9/20/2023,716505,78,100,2023
78,572971,"Keuchel, Dallas",9/30/2023,716368,78,100,2023
77,679525,"Marsh, Alec",9/24/2023,716448,77,100,2023
76,596133,"Weaver, Luke",9/9/2023,716656,76,100,2023
75,657756,"Seabold, Connor",10/1/2023,716359,75,100,2023
74,679525,"Marsh, Alec",9/13/2023,716598,74,100,2023
74,661309,"Martínez, Adrián",9/15/2023,716569,74,100,2023
74,666214,"Wentz, Joey",9/17/2023,716544,74,100,2023
73,664353,"Urquidy, José",9/8/2023,716669,73,100,2023
72,425844,"Greinke, Zack",9/9/2023,716661,72,100,2023
72,665795,"Cabrera, Edward",9/6/2023,716695,72,100,2023
71,676265,"Abbott, Cory",9/21/2023,716496,71,100,2023
71,666154,"Kauffmann, Karl",9/16/2023,716581,71,100,2023
71,672715,"Patiño, Luis",9/2/2023,716749,71,100,2023
70,608334,"Fulmer, Carson",9/24/2023,716445,70,100,2023
70,679525,"Marsh, Alec",9/19/2023,716517,70,100,2023
70,672582,"Zerpa, Angel",9/15/2023,716577,70,100,2023
70,622072,"Wood, Alex",9/1/2023,716761,70,100,2023
70,676775,"Winn, Keaton",9/3/2023,716728,70,100,2023
70,681190,"Vásquez, Randy",9/29/2023,716389,70,100,2023
69,663773,"Hoeing, Bryan",9/22/2023,716482,69,100,2023
69,656793,"Nelson, Nick",10/1/2023,716355,69,100,2023
68,663773,"Hoeing, Bryan",9/10/2023,716643,68,100,2023
68,605498,"Suárez, Andrew",9/29/2023,716388,68,100,2023
68,623451,"Stephens, Jackson",9/16/2023,716565,68,100,2023
67,425844,"Greinke, Zack",9/3/2023,716739,67,100,2023
67,663941,"Beck, Tristan",9/24/2023,716439,67,100,2023
67,656970,"Smeltzer, Devin",9/7/2023,716682,67,100,2023
67,642232,"Yarbrough, Ryan",9/22/2023,716474,67,100,2023
67,686610,"Waldichuk, Ken",9/11/2023,716624,67,100,2023
67,670046,"Rosenberg, Kenny",9/30/2023,716371,67,100,2023
66,672715,"Patiño, Luis",9/12/2023,716631,66,100,2023
66,548389,"Stripling, Ross",9/16/2023,716581,66,100,2023
66,656578,"Jackson, Andre",9/17/2023,716551,66,100,2023
66,642545,"Barria, Jaime",9/6/2023,716690,66,100,2023
66,669721,"Daniel, Davis",9/7/2023,716684,66,100,2023
65,679525,"Marsh, Alec",9/8/2023,716673,65,100,2023
65,607067,"Rea, Colin",9/13/2023,716592,65,100,2023
65,681190,"Vásquez, Randy",9/24/2023,716458,65,100,2023
64,527048,"Pérez, Martín",9/20/2023,716507,64,100,2023
64,681807,"Fry, David",9/4/2023,716719,64,100,2023
63,527054,"Teheran, Julio",9/24/2023,716447,63,100,2023
63,571760,"Heaney, Andrew",9/10/2023,716637,63,100,2023
63,594902,"Lively, Ben",9/14/2023,716584,63,100,2023
62,541640,"Ramírez, Erasmo",9/29/2023,716392,62,100,2023
62,628317,"Maeda, Kenta",9/28/2023,716400,62,100,2023
62,682990,"Priester, Quinn",9/13/2023,716600,62,100,2023
62,669194,"Nelson, Ryne",9/26/2023,716427,62,100,2023
61,670241,"Vines, Darius",9/22/2023,716485,61,100,2023
61,681867,"Criswell, Cooper",9/30/2023,716383,61,100,2023
61,669721,"Daniel, Davis",9/29/2023,716386,61,100,2023
59,622072,"Wood, Alex",9/13/2023,716605,59,100,2023
59,642232,"Yarbrough, Ryan",9/5/2023,716710,59,100,2023
58,646241,"De Jesus, Enmanuel",9/27/2023,716411,58,100,2023
58,572971,"Keuchel, Dallas",9/18/2023,716534,58,100,2023
58,657585,"Garrett, Reed",9/30/2023,716393,58,100,2023
57,694813,"Stone, Gavin",9/17/2023,716537,57,100,2023
57,658648,"Avila, Pedro",9/17/2023,716538,57,100,2023
57,623451,"Stephens, Jackson",9/11/2023,716590,57,100,2023
57,596001,"Junis, Jakob",9/16/2023,716550,57,100,2023
56,663546,"Hjelle, Sean",9/29/2023,716382,56,100,2023
56,669713,"Wesneski, Hayden",9/1/2023,716770,56,100,2023
56,666205,"Muller, Kyle",9/9/2023,716657,56,100,2023
55,448179,"Hill, Rich",9/10/2023,716640,55,100,2023
55,669947,"Scholtens, Jesse",9/20/2023,716513,55,100,2023
55,571760,"Heaney, Andrew",9/15/2023,716575,55,100,2023
55,605498,"Suárez, Andrew",9/24/2023,716444,55,100,2023
55,548389,"Stripling, Ross",10/1/2023,716363,55,100,2023
54,675540,"Curry, Xzavion",9/26/2023,716435,54,100,2023
54,695243,"Miller, Mason",9/21/2023,716488,54,100,2023
54,605446,"Rodríguez, Dereck",9/17/2023,716546,54,100,2023
54,689225,"Brieske, Beau",9/6/2023,716694,54,100,2023
53,592791,"Taillon, Jameson",9/30/2023,716373,53,100,2023
53,543521,"McHugh, Collin",9/5/2023,716709,53,100,2023
53,592767,"Smyly, Drew",9/1/2023,716770,53,100,2023
53,686752,"Pepiot, Ryan",10/1/2023,716363,53,100,2023
52,527054,"Teheran, Julio",9/28/2023,716396,52,100,2023
52,541640,"Ramírez, Erasmo",9/20/2023,716501,52,100,2023
52,543859,"Tonkin, Michael",9/18/2023,716532,52,100,2023
52,661309,"Martínez, Adrián",9/3/2023,716731,52,100,2023
51,675540,"Curry, Xzavion",9/23/2023,716464,51,100,2023
51,676477,"Whitlock, Garrett",9/22/2023,716478,51,100,2023
51,686826,"Jarvis, Bryce",10/1/2023,716358,51,100,2023
51,621383,"Banks, Tanner",9/3/2023,716734,51,100,2023
51,686747,"La Sorsa, Joe",9/10/2023,716647,51,100,2023
51,666277,"Soriano, George",9/30/2023,716378,51,100,2023
50,681190,"Vásquez, Randy",9/7/2023,716686,50,100,2023
50,663485,"Sands, Cole",9/3/2023,716737,50,100,2023
50,541640,"Ramírez, Erasmo",9/16/2023,716561,50,100,2023
49,686826,"Jarvis, Bryce",9/3/2023,716732,49,100,2023
49,665871,"Assad, Javier",9/23/2023,716469,49,100,2023
49,663765,"Woodford, Jake",9/19/2023,716515,49,100,2023
48,689225,"Brieske, Beau",9/30/2023,716380,48,100,2023
48,668970,"Hollowell, Gavin",9/16/2023,716581,48,100,2023
48,663321,"Hernandez, Nick",9/12/2023,716608,48,100,2023
48,665620,"García, Deivi",9/14/2023,716580,48,100,2023
48,666205,"Muller, Kyle",9/18/2023,716527,48,100,2023
47,666745,"Brito, Jhony",9/16/2023,716563,47,100,2023
47,671111,"Peralta, Sammy",9/4/2023,716681,47,100,2023
47,687396,"Headrick, Brent",9/11/2023,716629,47,100,2023
47,671111,"Peralta, Sammy",9/26/2023,716427,47,100,2023
47,660593,"Reyes, Denyi",10/1/2023,716355,47,100,2023
47,658648,"Avila, Pedro",9/23/2023,716457,47,100,2023
47,641447,"Castano, Daniel",9/11/2023,716626,47,100,2023
47,672582,"Zerpa, Angel",9/5/2023,716704,47,100,2023
47,666745,"Brito, Jhony",10/1/2023,716352,47,100,2023
46,680767,"Vodnik, Victor",9/18/2023,716526,46,100,2023
46,687396,"Headrick, Brent",9/4/2023,716719,46,100,2023
46,695243,"Miller, Mason",9/26/2023,716421,46,100,2023
46,527048,"Pérez, Martín",9/9/2023,716657,46,100,2023
46,689225,"Brieske, Beau",9/12/2023,716617,46,100,2023
46,664129,"Hartlieb, Geoff",9/2/2023,716760,46,100,2023
46,596133,"Weaver, Luke",9/4/2023,716727,46,100,2023
46,663804,"Kowar, Jackson",9/27/2023,716414,46,100,2023
45,656382,"Doyle, Tommy",9/30/2023,716368,45,100,2023
45,642545,"Barria, Jaime",9/1/2023,716758,45,100,2023
45,656427,"Flaherty, Jack",9/19/2023,716514,45,100,2023
45,660761,"Suarez, José",10/1/2023,716365,45,100,2023
45,670241,"Vines, Darius",9/9/2023,716651,45,100,2023
45,681806,"Wantz, Andrew",9/20/2023,716501,45,100,2023
45,571863,"Koch, Matt",9/26/2023,716424,45,100,2023
45,646242,"Díaz, Jhonathan",9/12/2023,716606,45,100,2023
44,664353,"Urquidy, José",9/24/2023,716448,44,100,2023
44,672582,"Zerpa, Angel",9/30/2023,716375,44,100,2023
44,661309,"Martínez, Adrián",9/20/2023,716504,44,100,2023
44,670950,"Richards, Trevor",9/24/2023,716452,44,100,2023
44,650556,"Abreu, Bryan",9/27/2023,716407,44,100,2023
44,596001,"Junis, Jakob",9/5/2023,716708,44,100,2023
44,663559,"Falter, Bailey",9/6/2023,716697,44,100,2023
43,646242,"Díaz, Jhonathan",9/22/2023,716475,43,100,2023
43,656641,"Latz, Jacob",9/26/2023,716422,43,100,2023
43,663559,"Falter, Bailey",9/2/2023,716744,43,100,2023
43,623352,"Hader, Josh",9/11/2023,716622,43,100,2023
43,686294,"Willingham, Amos",9/16/2023,716559,43,100,2023
43,686973,"Varland, Louis",9/6/2023,716700,43,100,2023
43,663878,"Pearson, Nate",9/21/2023,716492,43,100,2023
43,683232,"Mears, Nick",9/27/2023,716406,43,100,2023
43,663947,"Holton, Tyler",9/19/2023,716510,43,100,2023
42,543859,"Tonkin, Michael",9/22/2023,716485,42,100,2023
42,669713,"Wesneski, Hayden",9/30/2023,716373,42,100,2023
42,664028,"Kennedy, Brett",9/3/2023,716738,42,100,2023
42,598286,"Ramirez, Nick",9/10/2023,716646,42,100,2023
42,646242,"Díaz, Jhonathan",9/15/2023,716570,42,100,2023
42,666745,"Brito, Jhony",9/2/2023,716746,42,100,2023
42,674003,"Bradford, Cody",9/14/2023,716587,42,100,2023
42,687888,"Walter, Brandon",9/14/2023,716593,42,100,2023
41,642546,"Hernández, Jonathan",9/17/2023,716549,41,100,2023
41,527048,"Pérez, Martín",10/1/2023,716360,41,100,2023
41,680767,"Vodnik, Victor",9/26/2023,716424,41,100,2023
41,665871,"Assad, Javier",9/28/2023,716399,41,100,2023
41,686294,"Willingham, Amos",9/8/2023,716676,41,100,2023
41,661309,"Martínez, Adrián",9/10/2023,716637,41,100,2023
41,642545,"Barria, Jaime",9/25/2023,716440,41,100,2023
41,592527,"Mariot, Michael",9/4/2023,716727,41,100,2023
41,624522,"Thompson, Keegan",9/7/2023,716685,41,100,2023
40,547179,"Lorenzen, Michael",9/28/2023,716409,40,100,2023
40,593833,"Suero, Wander",9/10/2023,716647,40,100,2023
40,527048,"Pérez, Martín",9/24/2023,716446,40,100,2023
40,542585,"Cisnero, José",9/18/2023,716528,40,100,2023
40,650960,"Duarte, Daniel",9/1/2023,718700,40,100,2023
40,656257,"Brigham, Jeff",9/21/2023,716490,40,100,2023
40,663978,"Paddack, Chris",9/26/2023,716421,40,100,2023
40,686730,"Spiers, Carson",9/29/2023,716388,40,100,2023
40,656222,"Beeks, Jalen",9/20/2023,716501,40,100,2023
39,543859,"Tonkin, Michael",9/12/2023,716618,39,100,2023
39,605498,"Suárez, Andrew",9/21/2023,716491,39,100,2023
39,608344,"Irvin, Cole",9/10/2023,716652,39,100,2023
39,669060,"Wilson, Bryse",9/13/2023,716592,39,100,2023
39,664353,"Urquidy, José",9/3/2023,716735,39,100,2023
39,666745,"Brito, Jhony",9/22/2023,716480,39,100,2023
39,608717,"Stratton, Chris",9/9/2023,716657,39,100,2023
39,660896,"Alcala, Jorge",10/1/2023,716359,39,100,2023
39,592848,"Weiss, Zack",9/9/2023,716664,39,100,2023
39,657140,"Wright, Kyle",9/28/2023,716399,39,100,2023
39,686218,"Sheehan, Emmet",9/16/2023,716552,39,100,2023
39,676702,"Stratton, Hunter",9/16/2023,716563,39,100,2023
39,663978,"Paddack, Chris",9/30/2023,716368,39,100,2023
39,677076,"Andrews, Clayton",9/29/2023,716385,39,100,2023
39,664126,"Fairbanks, Pete",9/17/2023,716553,39,100,2023
39,643361,"Herget, Kevin",9/6/2023,716693,39,100,2023
39,668970,"Hollowell, Gavin",9/6/2023,716692,39,100,2023
39,681402,"Varland, Gus",9/1/2023,716757,39,100,2023
39,695243,"Miller, Mason",10/1/2023,716365,39,100,2023
39,621383,"Banks, Tanner",9/30/2023,716374,39,100,2023
38,668674,"Erceg, Lucas",9/28/2023,716400,38,100,2023
38,623474,"Herget, Jimmy",9/20/2023,716501,38,100,2023
38,661440,"Llovera, Mauricio",9/6/2023,716696,38,100,2023
38,666745,"Brito, Jhony",9/12/2023,716628,38,100,2023
38,680739,"Winder, Josh",9/11/2023,716629,38,100,2023
38,669724,"Hanifee, Brenan",9/21/2023,716488,38,100,2023
38,666277,"Soriano, George",9/7/2023,716682,38,100,2023
38,676961,"Boushley, Caleb",9/29/2023,716385,38,100,2023
38,657514,"Bernardino, Brennan",9/14/2023,716593,38,100,2023
38,642239,"Zastryzny, Rob",9/3/2023,716733,38,100,2023
38,623451,"Stephens, Jackson",9/21/2023,716496,38,100,2023
38,543859,"Tonkin, Michael",9/27/2023,716412,38,100,2023
38,678061,"Kerr, Ray",9/11/2023,716622,38,100,2023
37,601713,"Pivetta, Nick",9/2/2023,716750,37,100,2023
37,666277,"Soriano, George",9/22/2023,716482,37,100,2023
37,663804,"Kowar, Jackson",9/2/2023,716750,37,100,2023
37,670174,"Winckowski, Josh",9/12/2023,716612,37,100,2023
37,666205,"Muller, Kyle",9/13/2023,716596,37,100,2023
37,687330,"Kelly, Kevin",10/1/2023,716357,37,100,2023
37,694037,"Palencia, Daniel",10/1/2023,716364,37,100,2023
37,675627,"Grove, Michael",9/23/2023,716456,37,100,2023
37,594902,"Lively, Ben",9/30/2023,716372,37,100,2023
37,547179,"Lorenzen, Michael",9/19/2023,716521,37,100,2023
37,687798,"Robertson, Nick",9/20/2023,716507,37,100,2023
37,656794,"Newcomb, Sean",9/4/2023,716726,37,100,2023
36,686294,"Willingham, Amos",9/2/2023,716760,36,100,2023
36,607259,"Martinez, Nick",9/6/2023,716691,36,100,2023
36,657585,"Garrett, Reed",9/19/2023,716523,36,100,2023
36,681190,"Vásquez, Randy",9/1/2023,716763,36,100,2023
36,687888,"Walter, Brandon",9/8/2023,716672,36,100,2023
36,669711,"Weissert, Greg",9/14/2023,716597,36,100,2023
36,453178,"Kennedy, Ian",9/15/2023,716575,36,100,2023
36,680767,"Vodnik, Victor",9/9/2023,716663,36,100,2023
36,671111,"Peralta, Sammy",9/13/2023,716598,36,100,2023
36,622250,"Sborz, Josh",9/4/2023,716724,36,100,2023
36,661309,"Martínez, Adrián",9/24/2023,716442,36,100,2023
36,669713,"Wesneski, Hayden",9/28/2023,716399,36,100,2023
36,621199,"Bowman, Matt",9/29/2023,716389,36,100,2023
36,682967,"Sweet, Devin",9/19/2023,716512,36,100,2023
36,672582,"Zerpa, Angel",9/27/2023,716414,36,100,2023
36,669212,"Morgan, Eli",9/24/2023,716450,36,100,2023
35,680739,"Winder, Josh",9/23/2023,716465,35,100,2023
35,677944,"Cecconi, Slade",9/22/2023,716480,35,100,2023
35,656412,"Faedo, Alex",9/13/2023,716601,35,100,2023
35,641793,"Littell, Zack",9/29/2023,716392,35,100,2023
35,679885,"Martinez, Justin",10/1/2023,716358,35,100,2023
35,596271,"Lawrence, Casey",9/20/2023,716495,35,100,2023
35,663158,"Suarez, Robert",9/25/2023,716441,35,100,2023
35,675989,"Bolton, Cody",9/6/2023,716697,35,100,2023
35,668941,"Romero, JoJo",9/1/2023,716766,35,100,2023
35,666374,"Brash, Matt",9/30/2023,716366,35,100,2023
35,669212,"Morgan, Eli",9/15/2023,716575,35,100,2023
35,676254,"Walker, Ryan",9/16/2023,716581,35,100,2023
35,674444,"Cruz, Steven",9/27/2023,716414,35,100,2023
35,683232,"Mears, Nick",9/15/2023,716571,35,100,2023
35,666808,"Doval, Camilo",9/17/2023,716540,35,100,2023
35,571656,"Farmer, Buck",9/14/2023,716584,35,100,2023
35,593974,"Peralta, Wandy",9/6/2023,716694,35,100,2023
34,670102,"Francis, Bowden",9/11/2023,716630,34,100,2023
34,640455,"Manaea, Sean",9/6/2023,716699,34,100,2023
34,592848,"Weiss, Zack",9/14/2023,716593,34,100,2023
34,571882,"Law, Derek",9/1/2023,718700,34,100,2023
34,670059,"Holderman, Colin",9/15/2023,716579,34,100,2023
34,663773,"Hoeing, Bryan",10/1/2023,716362,34,100,2023
34,682967,"Sweet, Devin",9/17/2023,716538,34,100,2023
34,621383,"Banks, Tanner",9/15/2023,716573,34,100,2023
34,701643,"Hartwig, Grant",9/15/2023,716574,34,100,2023
34,663546,"Hjelle, Sean",9/26/2023,716437,34,100,2023
34,666277,"Soriano, George",9/20/2023,716503,34,100,2023
34,682010,"Ramsey, Lane",9/1/2023,716762,34,100,2023
34,693312,"Nicolas, Kyle",9/23/2023,716462,34,100,2023
34,670950,"Richards, Trevor",9/3/2023,716730,34,100,2023
34,571760,"Heaney, Andrew",9/22/2023,716477,34,100,2023
34,664875,"Lawrence, Justin",9/29/2023,716387,34,100,2023
34,687922,"Lucas, Easton",9/16/2023,716564,34,100,2023
34,670167,"Schreiber, John",9/12/2023,716628,34,100,2023
34,641672,"Hatch, Thomas",9/5/2023,716714,34,100,2023
34,671111,"Peralta, Sammy",9/30/2023,716374,34,100,2023
34,623451,"Stephens, Jackson",9/26/2023,716429,34,100,2023
34,453268,"Bard, Daniel",9/1/2023,716759,34,100,2023
34,592454,"Kahnle, Tommy",9/20/2023,716502,34,100,2023
34,661395,"Duran, Jhoan",9/22/2023,716475,34,100,2023
34,605130,"Barlow, Scott",9/23/2023,716457,34,100,2023
34,608717,"Stratton, Chris",9/6/2023,716687,34,100,2023
34,666818,"Frías, Luis",9/24/2023,716458,34,100,2023
34,676265,"Abbott, Cory",10/1/2023,716354,34,100,2023
34,680735,"Cox, Austin",9/3/2023,716739,34,100,2023
34,672715,"Patiño, Luis",9/17/2023,716542,34,100,2023
33,681402,"Varland, Gus",9/6/2023,716695,33,100,2023
33,448179,"Hill, Rich",9/12/2023,716608,33,100,2023
33,608678,"Leone, Dominic",9/25/2023,716436,33,100,2023
33,641656,"Hamilton, Ian",9/20/2023,716502,33,100,2023
33,694037,"Palencia, Daniel",9/12/2023,716609,33,100,2023
33,668970,"Hollowell, Gavin",9/26/2023,716424,33,100,2023
33,643511,"Rogers, Tyler",9/22/2023,716474,33,100,2023
33,663855,"Hicks, Jordan",9/30/2023,716383,33,100,2023
33,543859,"Tonkin, Michael",10/1/2023,716354,33,100,2023
33,572888,"Greene, Shane",10/1/2023,716364,33,100,2023
33,670950,"Richards, Trevor",9/30/2023,716383,33,100,2023
33,664353,"Urquidy, José",9/19/2023,716514,33,100,2023
33,656629,"Kopech, Michael",9/15/2023,716573,33,100,2023
33,663658,"Ward, Thaddeus",9/20/2023,716513,33,100,2023
33,628708,"Marte, Yunior",9/19/2023,716521,33,100,2023
33,600921,"Machado, Andrés",9/16/2023,716559,33,100,2023
33,666745,"Brito, Jhony",9/8/2023,716670,33,100,2023
33,669270,"Kuhnel, Joel",9/10/2023,716640,33,100,2023
33,676477,"Whitlock, Garrett",9/29/2023,716390,33,100,2023
33,660825,"Bazardo, Eduard",9/10/2023,716645,33,100,2023
33,663321,"Hernandez, Nick",9/18/2023,716526,33,100,2023
32,543518,"McGough, Scott",9/2/2023,716747,32,100,2023
32,676092,"Snider, Collin",9/4/2023,716681,32,100,2023
32,660261,"Fujinami, Shintaro",9/29/2023,716390,32,100,2023
32,518886,"Kimbrel, Craig",9/15/2023,716572,32,100,2023
32,666974,"Cano, Yennier",9/9/2023,716664,32,100,2023
32,643338,"Green, Chad",9/23/2023,716463,32,100,2023
32,596271,"Lawrence, Casey",9/29/2023,716388,32,100,2023
32,573009,"Mantiply, Joe",9/14/2023,716588,32,100,2023
32,661440,"Llovera, Mauricio",9/19/2023,716519,32,100,2023
32,640451,"Harvey, Hunter",9/9/2023,716662,32,100,2023
32,676760,"Marinaccio, Ron",9/9/2023,716659,32,100,2023
32,543518,"McGough, Scott",9/12/2023,716615,32,100,2023
32,693312,"Nicolas, Kyle",9/29/2023,716398,32,100,2023
32,701643,"Hartwig, Grant",9/24/2023,716454,32,100,2023
32,608344,"Irvin, Cole",9/12/2023,716621,32,100,2023
32,661440,"Llovera, Mauricio",9/9/2023,716664,32,100,2023
32,672715,"Patiño, Luis",9/9/2023,716658,32,100,2023
32,621199,"Bowman, Matt",9/14/2023,716597,32,100,2023
32,674003,"Bradford, Cody",9/30/2023,716366,32,100,2023
32,685314,"Saalfrank, Andrew",9/16/2023,716558,32,100,2023
32,694037,"Palencia, Daniel",9/20/2023,716497,32,100,2023
32,641329,"Baker, Bryan",9/15/2023,716583,32,100,2023
31,621016,"Cuas, Jose",9/11/2023,716625,31,100,2023
31,622098,"Smith, Drew",9/27/2023,716411,31,100,2023
31,606965,"Devenski, Chris",9/30/2023,716383,31,100,2023
31,605347,"López, Jorge",9/12/2023,716621,31,100,2023
31,640451,"Harvey, Hunter",9/29/2023,716394,31,100,2023
31,663986,"Stephan, Trevor",9/5/2023,716717,31,100,2023
31,670990,"Ramírez, Yohan",9/26/2023,716427,31,100,2023
31,489446,"Yates, Kirby",9/16/2023,716565,31,100,2023
31,669212,"Morgan, Eli",9/3/2023,716729,31,100,2023
31,674003,"Bradford, Cody",9/6/2023,716687,31,100,2023
31,682175,"Jacques, Joe",9/8/2023,716672,31,100,2023
31,608648,"Duffey, Tyler",10/1/2023,716364,31,100,2023
31,676477,"Whitlock, Garrett",9/10/2023,716652,31,100,2023
31,502085,"Robertson, David",9/10/2023,716643,31,100,2023
31,608032,"Estévez, Carlos",9/27/2023,716420,31,100,2023
31,571946,"Miller, Shelby",9/28/2023,716405,31,100,2023
31,657140,"Wright, Kyle",9/24/2023,716459,31,100,2023
31,676395,"Garcia, Robert",9/22/2023,716485,31,100,2023
31,686973,"Varland, Louis",9/12/2023,716613,31,100,2023
31,453268,"Bard, Daniel",9/26/2023,716424,31,100,2023
31,663986,"Stephan, Trevor",9/18/2023,716529,31,100,2023
31,676083,"Junk, Janson",10/1/2023,716364,31,100,2023
31,656412,"Faedo, Alex",9/9/2023,716658,31,100,2023
31,519151,"Pressly, Ryan",9/18/2023,716530,31,100,2023
31,685107,"Veneziano, Anthony",9/26/2023,716433,31,100,2023
31,676702,"Stratton, Hunter",9/5/2023,716714,31,100,2023
31,656730,"Megill, Trevor",9/2/2023,716745,31,100,2023
31,573186,"Stroman, Marcus",9/15/2023,716567,31,100,2023
31,664139,"Gibaut, Ian",9/9/2023,716655,31,100,2023
30,592767,"Smyly, Drew",9/22/2023,716486,30,100,2023
30,666619,"Santos, Gregory",9/16/2023,716556,30,100,2023
30,665620,"García, Deivi",9/20/2023,716513,30,100,2023
30,518617,"Diekman, Jake",9/11/2023,716629,30,100,2023
30,656945,"Scott, Tanner",9/1/2023,716771,30,100,2023
30,689225,"Brieske, Beau",9/19/2023,716510,30,100,2023
30,668970,"Hollowell, Gavin",9/13/2023,716599,30,100,2023
30,672782,"Gómez, Yoendrys",9/28/2023,716403,30,100,2023
30,600921,"Machado, Andrés",9/5/2023,716715,30,100,2023
30,640451,"Harvey, Hunter",9/17/2023,716543,30,100,2023
30,572955,"Johnson, Pierce",9/1/2023,716757,30,100,2023
30,670032,"Lopez, Nicky",9/17/2023,716546,30,100,2023
30,676254,"Walker, Ryan",9/20/2023,716499,30,100,2023
30,670280,"Bednar, David",9/13/2023,716600,30,100,2023
30,656061,"Abreu, Albert",9/7/2023,716686,30,100,2023
30,621294,"Heller, Ben",9/3/2023,716725,30,100,2023
30,628452,"Iglesias, Raisel",9/7/2023,716680,30,100,2023
30,669796,"Hernandez, Jose E.",9/30/2023,716378,30,100,2023
30,681432,"Little, Luke",9/28/2023,716399,30,100,2023
30,664854,"Helsley, Ryan",9/23/2023,716457,30,100,2023
30,670241,"Vines, Darius",9/6/2023,716689,30,100,2023
30,701643,"Hartwig, Grant",9/2/2023,716751,30,100,2023
30,607732,"Stallings, Jacob",9/22/2023,716482,30,100,2023
30,668674,"Erceg, Lucas",9/4/2023,716726,30,100,2023
30,669684,"Murphy, Chris",9/15/2023,716576,30,100,2023
30,502202,"Boxberger, Brad",9/17/2023,716536,30,100,2023
30,656464,"Ginkel, Kevin",9/25/2023,716471,30,100,2023
30,669461,"Liberatore, Matthew",9/12/2023,716621,30,100,2023
30,607481,"Bummer, Aaron",9/16/2023,716556,30,100,2023
30,595345,"Okert, Steven",9/22/2023,716482,30,100,2023
30,687922,"Lucas, Easton",9/8/2023,716665,30,100,2023
30,672335,"Pérez, Cionel",10/1/2023,716367,30,100,2023
30,608678,"Leone, Dominic",9/17/2023,716537,30,100,2023
29,666818,"Frías, Luis",10/1/2023,716358,29,100,2023
29,666745,"Brito, Jhony",9/26/2023,716431,29,100,2023
29,670990,"Ramírez, Yohan",9/29/2023,716391,29,100,2023
29,670174,"Winckowski, Josh",9/5/2023,716716,29,100,2023
29,693312,"Nicolas, Kyle",9/19/2023,716518,29,100,2023
29,453178,"Kennedy, Ian",9/8/2023,716665,29,100,2023
29,670174,"Winckowski, Josh",9/23/2023,716468,29,100,2023
29,641656,"Hamilton, Ian",9/25/2023,716471,29,100,2023
29,666204,"Jiménez, Dany",9/23/2023,716470,29,100,2023
29,680739,"Winder, Josh",9/20/2023,716506,29,100,2023
29,547184,"Kelly, Michael",9/20/2023,716505,29,100,2023
29,592454,"Kahnle, Tommy",9/14/2023,716593,29,100,2023
29,623451,"Stephens, Jackson",9/29/2023,716394,29,100,2023
29,668970,"Hollowell, Gavin",9/19/2023,716516,29,100,2023
29,592767,"Smyly, Drew",9/16/2023,716558,29,100,2023
29,600917,"Leclerc, José",9/8/2023,716665,29,100,2023
29,552640,"Kittredge, Andrew",9/4/2023,716722,29,100,2023
29,608032,"Estévez, Carlos",9/21/2023,716498,29,100,2023
29,686294,"Willingham, Amos",9/12/2023,716620,29,100,2023
29,666374,"Brash, Matt",9/13/2023,716602,29,100,2023
29,686973,"Varland, Louis",9/15/2023,716573,29,100,2023
29,622259,"Wingenter, Trey",9/18/2023,716528,29,100,2023
29,605447,"Romano, Jordan",9/8/2023,716673,29,100,2023
29,660825,"Bazardo, Eduard",9/17/2023,716537,29,100,2023
29,668674,"Erceg, Lucas",9/9/2023,716657,29,100,2023
29,656641,"Latz, Jacob",9/29/2023,716379,29,100,2023
29,641941,"Pagán, Emilio",9/13/2023,716607,29,100,2023
29,669724,"Hanifee, Brenan",9/27/2023,716414,29,100,2023
29,596271,"Lawrence, Casey",9/6/2023,716689,29,100,2023
29,687330,"Kelly, Kevin",9/22/2023,716479,29,100,2023
29,661403,"Clase, Emmanuel",9/21/2023,716489,29,100,2023
29,622554,"Domínguez, Seranthony",9/22/2023,716481,29,100,2023
29,592741,"Shreve, Chasen",9/5/2023,716712,29,100,2023
29,685314,"Saalfrank, Andrew",9/13/2023,716595,29,100,2023
29,663947,"Holton, Tyler",9/6/2023,716694,29,100,2023
29,680767,"Vodnik, Victor",9/30/2023,716368,29,100,2023
29,593576,"Neris, Héctor",9/16/2023,716560,29,100,2023
29,527048,"Pérez, Martín",9/4/2023,716724,29,100,2023
29,622103,"Reyes, Gerardo",9/4/2023,716713,29,100,2023
29,661440,"Llovera, Mauricio",9/30/2023,716377,29,100,2023
29,622098,"Smith, Drew",9/9/2023,716654,29,100,2023
29,657571,"Ferguson, Caleb",9/28/2023,716405,29,100,2023
28,675916,"Karinchak, James",9/30/2023,716380,28,100,2023
28,663423,"Thornton, Trent",9/3/2023,716742,28,100,2023
28,681432,"Little, Luke",10/1/2023,716364,28,100,2023
28,663773,"Hoeing, Bryan",9/6/2023,716695,28,100,2023
28,664199,"Clarke, Taylor",9/19/2023,716517,28,100,2023
28,661440,"Llovera, Mauricio",9/14/2023,716593,28,100,2023
28,669145,"Zimmermann, Bruce",9/30/2023,716377,28,100,2023
28,669711,"Weissert, Greg",9/25/2023,716471,28,100,2023
28,670950,"Richards, Trevor",9/8/2023,716673,28,100,2023
28,664875,"Lawrence, Justin",9/2/2023,716748,28,100,2023
28,547184,"Kelly, Michael",9/19/2023,716517,28,100,2023
28,572971,"Keuchel, Dallas",9/27/2023,716410,28,100,2023
28,542585,"Cisnero, José",9/29/2023,716395,28,100,2023
28,607179,"Weems, Jordan",9/11/2023,716635,28,100,2023
28,608717,"Stratton, Chris",9/26/2023,716422,28,100,2023
28,622259,"Wingenter, Trey",9/22/2023,716472,28,100,2023
28,624522,"Thompson, Keegan",9/1/2023,718700,28,100,2023
28,656629,"Kopech, Michael",9/9/2023,716658,28,100,2023
28,669796,"Hernandez, Jose E.",9/8/2023,716674,28,100,2023
28,594943,"Neal, Zach",9/26/2023,716421,28,100,2023
28,661403,"Clase, Emmanuel",9/22/2023,716483,28,100,2023
28,543766,"Shaw, Bryan",9/12/2023,716611,28,100,2023
28,640448,"Finnegan, Kyle",9/9/2023,716662,28,100,2023
28,641672,"Hatch, Thomas",9/10/2023,716644,28,100,2023
28,656353,"Davidson, Tucker",9/2/2023,716750,28,100,2023
28,571479,"Bellatti, Andrew",9/2/2023,716745,28,100,2023
28,543859,"Tonkin, Michael",9/9/2023,716651,28,100,2023
28,701643,"Hartwig, Grant",9/21/2023,716490,28,100,2023
28,678061,"Kerr, Ray",9/5/2023,716703,28,100,2023
28,643511,"Rogers, Tyler",9/5/2023,716708,28,100,2023
28,664199,"Clarke, Taylor",9/23/2023,716455,28,100,2023
28,676395,"Garcia, Robert",9/24/2023,716459,28,100,2023
28,656887,"Reid-Foley, Sean",9/8/2023,716666,28,100,2023
28,681892,"Funderburk, Kody",9/29/2023,716387,28,100,2023
28,665871,"Assad, Javier",9/30/2023,716373,28,100,2023
28,623465,"Phillips, Evan",9/11/2023,716622,28,100,2023
28,670174,"Winckowski, Josh",9/16/2023,716566,28,100,2023
28,573009,"Mantiply, Joe",9/16/2023,716558,28,100,2023
28,665896,"Marte, José",9/8/2023,716667,28,100,2023
28,656266,"Bukauskas, J.B.",9/24/2023,716447,28,100,2023
28,682010,"Ramsey, Lane",9/26/2023,716427,28,100,2023
28,592229,"Covey, Dylan",9/5/2023,716703,28,100,2023
28,543507,"May, Trevor",9/23/2023,716470,28,100,2023
28,605447,"Romano, Jordan",9/10/2023,716641,28,100,2023
28,542888,"Armstrong, Shawn",9/5/2023,716716,28,100,2023
28,686826,"Jarvis, Bryce",9/6/2023,716692,28,100,2023
28,571656,"Farmer, Buck",9/4/2023,716727,28,100,2023
28,608678,"Leone, Dominic",9/3/2023,716742,28,100,2023
28,682842,"Uribe, Abner",9/8/2023,716670,28,100,2023
28,656464,"Ginkel, Kevin",9/24/2023,716458,28,100,2023
28,656986,"Sousa, Bennett",9/23/2023,716455,28,100,2023
28,571946,"Miller, Shelby",9/21/2023,716484,28,100,2023
28,606303,"Payamps, Joel",9/16/2023,716559,28,100,2023
28,607481,"Bummer, Aaron",9/23/2023,716468,28,100,2023
28,676092,"Snider, Collin",9/30/2023,716375,28,100,2023
28,624522,"Thompson, Keegan",9/3/2023,716738,28,100,2023
28,669912,"Snead, Kirby",9/3/2023,716731,28,100,2023
27,662253,"Muñoz, Andrés",9/1/2023,716769,27,100,2023
27,657585,"Garrett, Reed",9/23/2023,716466,27,100,2023
27,448179,"Hill, Rich",10/1/2023,716356,27,100,2023
27,608665,"Graveman, Kendall",9/15/2023,716577,27,100,2023
27,493603,"Ottavino, Adam",9/3/2023,716742,27,100,2023
27,669084,"Hall, DL",9/11/2023,716636,27,100,2023
27,621345,"Minter, A.J.",9/20/2023,716509,27,100,2023
27,605130,"Barlow, Scott",9/16/2023,716564,27,100,2023
27,682842,"Uribe, Abner",9/30/2023,716373,27,100,2023
27,685314,"Saalfrank, Andrew",9/5/2023,716702,27,100,2023
27,542888,"Armstrong, Shawn",9/26/2023,716428,27,100,2023
27,670167,"Schreiber, John",9/16/2023,716566,27,100,2023
27,680742,"Bowlan, Jonathan",9/29/2023,716389,27,100,2023
27,641672,"Hatch, Thomas",9/15/2023,716579,27,100,2023
27,670102,"Francis, Bowden",9/13/2023,716594,27,100,2023
27,641656,"Hamilton, Ian",9/30/2023,716375,27,100,2023
27,681892,"Funderburk, Kody",9/24/2023,716445,27,100,2023
27,676702,"Stratton, Hunter",9/29/2023,716398,27,100,2023
27,543518,"McGough, Scott",9/14/2023,716588,27,100,2023
27,664294,"Moreta, Dauri",9/26/2023,716432,27,100,2023
27,668970,"Hollowell, Gavin",9/9/2023,716663,27,100,2023
27,675540,"Curry, Xzavion",9/30/2023,716380,27,100,2023
27,656427,"Flaherty, Jack",9/30/2023,716377,27,100,2023
27,592767,"Smyly, Drew",9/26/2023,716429,27,100,2023
27,669461,"Liberatore, Matthew",9/17/2023,716541,27,100,2023
27,664875,"Lawrence, Justin",9/3/2023,716730,27,100,2023
27,656730,"Megill, Trevor",9/22/2023,716482,27,100,2023
27,669461,"Liberatore, Matthew",9/8/2023,716677,27,100,2023
27,664139,"Gibaut, Ian",9/15/2023,716574,27,100,2023
27,600917,"Leclerc, José",9/14/2023,716587,27,100,2023
27,656529,"Hentges, Sam",9/24/2023,716450,27,100,2023
27,523260,"Kelly, Joe",9/13/2023,716589,27,100,2023
27,663941,"Beck, Tristan",9/4/2023,716723,27,100,2023
27,656353,"Davidson, Tucker",9/8/2023,716673,27,100,2023
27,571539,"Carasiti, Matt",9/16/2023,716550,27,100,2023
27,682175,"Jacques, Joe",9/1/2023,716764,27,100,2023
27,656546,"Hoffman, Jeff",9/9/2023,716653,27,100,2023
27,667463,"King, John",9/17/2023,716541,27,100,2023
27,675989,"Bolton, Cody",9/11/2023,716635,27,100,2023
27,650893,"Cabrera, Génesis",9/11/2023,716630,27,100,2023
27,656257,"Brigham, Jeff",9/14/2023,716588,27,100,2023
27,676702,"Stratton, Hunter",9/11/2023,716635,27,100,2023
27,663562,"Davis, Noah",9/17/2023,716540,27,100,2023
27,695243,"Miller, Mason",9/6/2023,716698,27,100,2023
27,641627,"Gott, Trevor",9/16/2023,716555,27,100,2023
27,650960,"Duarte, Daniel",9/16/2023,716555,27,100,2023
27,502083,"McAllister, Zach",9/19/2023,716520,27,100,2023
27,656382,"Doyle, Tommy",9/3/2023,716730,27,100,2023
27,666205,"Muller, Kyle",10/1/2023,716365,27,100,2023
27,573124,"Rogers, Taylor",9/23/2023,716456,27,100,2023
27,660761,"Suarez, José",9/13/2023,716602,27,100,2023
27,669467,"Pallante, Andre",9/30/2023,716372,27,100,2023
27,607216,"Krehbiel, Joey",9/1/2023,716756,27,100,2023
26,670950,"Richards, Trevor",9/12/2023,716616,26,100,2023
26,656257,"Brigham, Jeff",9/9/2023,716654,26,100,2023
26,623437,"Topa, Justin",9/5/2023,716712,26,100,2023
26,623149,"Sewald, Paul",9/4/2023,716721,26,100,2023
26,642546,"Hernández, Jonathan",9/25/2023,716440,26,100,2023
26,608717,"Stratton, Chris",9/18/2023,716533,26,100,2023
26,676265,"Abbott, Cory",9/18/2023,716539,26,100,2023
26,687330,"Kelly, Kevin",9/26/2023,716428,26,100,2023
26,607481,"Bummer, Aaron",9/3/2023,716734,26,100,2023
26,676680,"Cosgrove, Tom",9/18/2023,716526,26,100,2023
26,674444,"Cruz, Steven",9/1/2023,716764,26,100,2023
26,527054,"Teheran, Julio",9/21/2023,716491,26,100,2023
26,518886,"Kimbrel, Craig",9/4/2023,716720,26,100,2023
26,650960,"Duarte, Daniel",9/22/2023,716487,26,100,2023
26,593423,"Montas, Frankie",9/30/2023,716375,26,100,2023
26,669212,"Morgan, Eli",9/26/2023,716435,26,100,2023
26,681806,"Wantz, Andrew",9/7/2023,716684,26,100,2023
26,669459,"Nelson, Kyle",9/28/2023,716443,26,100,2023
26,572403,"VerHagen, Drew",9/6/2023,716689,26,100,2023
26,661440,"Llovera, Mauricio",9/12/2023,716628,26,100,2023
26,608371,"Sims, Lucas",9/1/2023,718700,26,100,2023
26,656382,"Doyle, Tommy",9/27/2023,716406,26,100,2023
26,605347,"López, Jorge",9/29/2023,716390,26,100,2023
26,663704,"McArthur, James",10/1/2023,716352,26,100,2023
26,502083,"McAllister, Zach",9/28/2023,716403,26,100,2023
26,445926,"Chavez, Jesse",9/29/2023,716394,26,100,2023
26,621383,"Banks, Tanner",9/12/2023,716631,26,100,2023
26,665896,"Marte, José",9/24/2023,716445,26,100,2023
26,664294,"Moreta, Dauri",9/23/2023,716462,26,100,2023
26,641745,"Keller, Brad",9/17/2023,716547,26,100,2023
26,682967,"Sweet, Devin",9/8/2023,716665,26,100,2023
26,669711,"Weissert, Greg",9/8/2023,716670,26,100,2023
26,661403,"Clase, Emmanuel",9/7/2023,716684,26,100,2023
26,664875,"Lawrence, Justin",9/12/2023,716609,26,100,2023
26,640448,"Finnegan, Kyle",9/17/2023,716543,26,100,2023
26,606930,"Barnes, Jacob",9/16/2023,716557,26,100,2023
26,612434,"Castro, Miguel",9/13/2023,716595,26,100,2023
26,660825,"Bazardo, Eduard",9/12/2023,716606,26,100,2023
26,598286,"Ramirez, Nick",9/19/2023,716520,26,100,2023
26,669212,"Morgan, Eli",9/30/2023,716380,26,100,2023
26,605130,"Barlow, Scott",9/27/2023,716426,26,100,2023
26,641755,"Kinley, Tyler",9/16/2023,716550,26,100,2023
26,670174,"Winckowski, Josh",9/30/2023,716377,26,100,2023
26,665620,"García, Deivi",9/12/2023,716631,26,100,2023
26,543351,"Jackson, Jay",9/29/2023,716392,26,100,2023
26,657097,"Webb, Jacob",9/21/2023,716489,26,100,2023
26,678061,"Kerr, Ray",9/8/2023,716669,26,100,2023
26,656271,"Burke, Brock",9/6/2023,716687,26,100,2023
26,622766,"Díaz, Miguel",9/20/2023,716494,26,100,2023
26,676979,"Crochet, Garrett",9/22/2023,716478,26,100,2023
26,664139,"Gibaut, Ian",9/1/2023,716770,26,100,2023
26,669674,"Long, Sam",9/5/2023,716707,26,100,2023
26,600921,"Machado, Andrés",9/22/2023,716485,26,100,2023
26,571656,"Farmer, Buck",9/30/2023,716372,26,100,2023
26,606160,"Montero, Rafael",9/22/2023,716473,26,100,2023
26,657248,"Otto, Glenn",9/1/2023,716772,26,100,2023
25,456501,"Cueto, Johnny",9/20/2023,716503,25,100,2023
25,676092,"Snider, Collin",9/10/2023,716641,25,100,2023
25,669713,"Wesneski, Hayden",9/13/2023,716599,25,100,2023
25,656578,"Jackson, Andre",9/24/2023,716451,25,100,2023
25,518585,"Cruz, Fernando",9/30/2023,716372,25,100,2023
25,623437,"Topa, Justin",9/2/2023,716751,25,100,2023
25,669330,"Wells, Tyler",10/1/2023,716367,25,100,2023
25,694037,"Palencia, Daniel",9/9/2023,716660,25,100,2023
25,669387,"Mlodzinski, Carmen",9/9/2023,716651,25,100,2023
25,664948,"Misiewicz, Anthony",9/12/2023,716612,25,100,2023
25,686747,"La Sorsa, Joe",9/22/2023,716485,25,100,2023
25,681882,"Selby, Colin",9/9/2023,716651,25,100,2023
25,666277,"Soriano, George",9/12/2023,716610,25,100,2023
25,687145,"Justice, Evan",9/6/2023,716692,25,100,2023
25,640462,"Puk, A.J.",9/30/2023,716378,25,100,2023
25,675627,"Grove, Michael",9/30/2023,716381,25,100,2023
25,687798,"Robertson, Nick",9/12/2023,716612,25,100,2023
25,650960,"Duarte, Daniel",9/19/2023,716522,25,100,2023
25,608717,"Stratton, Chris",9/2/2023,716752,25,100,2023
25,592779,"Stewart, Brock",9/29/2023,716387,25,100,2023
25,680739,"Winder, Josh",9/16/2023,716556,25,100,2023
25,571882,"Law, Derek",9/19/2023,716522,25,100,2023
25,640462,"Puk, A.J.",9/12/2023,716610,25,100,2023
25,571656,"Farmer, Buck",9/24/2023,716451,25,100,2023
25,681190,"Vásquez, Randy",9/17/2023,716551,25,100,2023
25,672578,"Hernández, Carlos",9/19/2023,716517,25,100,2023
25,683232,"Mears, Nick",9/6/2023,716692,25,100,2023
25,622259,"Wingenter, Trey",9/7/2023,716686,25,100,2023
25,595345,"Okert, Steven",9/29/2023,716398,25,100,2023
25,660261,"Fujinami, Shintaro",9/11/2023,716636,25,100,2023
25,657097,"Webb, Jacob",9/30/2023,716377,25,100,2023
25,608717,"Stratton, Chris",9/12/2023,716616,25,100,2023
25,664139,"Gibaut, Ian",9/22/2023,716487,25,100,2023
25,670950,"Richards, Trevor",9/27/2023,716413,25,100,2023
25,676680,"Cosgrove, Tom",9/9/2023,716649,25,100,2023
25,669711,"Weissert, Greg",9/19/2023,716520,25,100,2023
25,681882,"Selby, Colin",9/23/2023,716462,25,100,2023
25,660761,"Suarez, José",9/25/2023,716440,25,100,2023
25,666374,"Brash, Matt",9/26/2023,716425,25,100,2023
25,656945,"Scott, Tanner",9/10/2023,716643,25,100,2023
25,664744,"Espada, Jose",9/24/2023,716444,25,100,2023
25,489446,"Yates, Kirby",9/27/2023,716412,25,100,2023
25,592346,"González, Chi Chi",9/17/2023,716546,25,100,2023
25,666818,"Frías, Luis",9/17/2023,716536,25,100,2023
25,656546,"Hoffman, Jeff",9/6/2023,716691,25,100,2023
25,595345,"Okert, Steven",9/6/2023,716695,25,100,2023
25,672578,"Hernández, Carlos",9/3/2023,716739,25,100,2023
25,672715,"Patiño, Luis",9/20/2023,716513,25,100,2023
25,663855,"Hicks, Jordan",9/22/2023,716479,25,100,2023
25,640448,"Finnegan, Kyle",9/16/2023,716559,25,100,2023
25,445926,"Chavez, Jesse",9/20/2023,716509,25,100,2023
25,622766,"Díaz, Miguel",9/27/2023,716414,25,100,2023
25,676395,"Garcia, Robert",9/13/2023,716600,25,100,2023
25,642207,"Williams, Devin",9/17/2023,716543,25,100,2023
25,678606,"Ferrer, Jose A.",9/24/2023,716467,25,100,2023
25,571901,"Loup, Aaron",9/19/2023,716524,25,100,2023
25,596271,"Lawrence, Casey",9/19/2023,716515,25,100,2023
25,657240,"Merryweather, Julian",9/5/2023,716708,25,100,2023
25,643338,"Green, Chad",9/1/2023,716759,25,100,2023
25,688427,"Ingram, Kolton",9/8/2023,716667,25,100,2023
25,571901,"Loup, Aaron",9/7/2023,716684,25,100,2023
25,687330,"Kelly, Kevin",9/19/2023,716524,25,100,2023
25,682842,"Uribe, Abner",9/27/2023,716408,25,100,2023
25,660825,"Bazardo, Eduard",9/24/2023,716446,25,100,2023
25,687145,"Justice, Evan",9/3/2023,716730,25,100,2023
25,666277,"Soriano, George",9/16/2023,716565,25,100,2023
25,518617,"Diekman, Jake",9/15/2023,716583,25,100,2023
25,607179,"Weems, Jordan",9/3/2023,716740,25,100,2023
25,670167,"Schreiber, John",9/20/2023,716507,25,100,2023
25,682175,"Jacques, Joe",9/5/2023,716716,25,100,2023
25,689147,"Kerkering, Orion",9/30/2023,716393,25,100,2023
24,666277,"Soriano, George",9/14/2023,716585,24,100,2023
24,676477,"Whitlock, Garrett",9/14/2023,716597,24,100,2023
24,670167,"Schreiber, John",10/1/2023,716367,24,100,2023
24,669165,"Hurt, Kyle",9/12/2023,716608,24,100,2023
24,628452,"Iglesias, Raisel",9/12/2023,716618,24,100,2023
24,674370,"Bido, Osvaldo",10/1/2023,716362,24,100,2023
24,600986,"Vieira, Thyago",9/17/2023,716543,24,100,2023
24,571670,"Floro, Dylan",9/11/2023,716629,24,100,2023
24,687922,"Lucas, Easton",9/21/2023,716488,24,100,2023
24,669459,"Nelson, Kyle",9/11/2023,716627,24,100,2023
24,643338,"Green, Chad",9/29/2023,716392,24,100,2023
24,683232,"Mears, Nick",9/10/2023,716634,24,100,2023
24,669084,"Hall, DL",9/8/2023,716672,24,100,2023
24,686294,"Willingham, Amos",9/5/2023,716715,24,100,2023
24,665620,"García, Deivi",9/27/2023,716417,24,100,2023
24,519043,"Moore, Matt",9/17/2023,716549,24,100,2023
24,670280,"Bednar, David",9/28/2023,716409,24,100,2023
24,677053,"Nardi, Andrew",9/13/2023,716592,24,100,2023
24,672715,"Patiño, Luis",9/30/2023,716374,24,100,2023
24,670950,"Richards, Trevor",9/6/2023,716698,24,100,2023
24,608638,"Chargois, JT",9/2/2023,716760,24,100,2023
24,660825,"Bazardo, Eduard",9/29/2023,716379,24,100,2023
24,621237,"Alvarado, José",9/15/2023,716572,24,100,2023
24,671345,"Foley, Jason",9/23/2023,716470,24,100,2023
24,663462,"Campbell, Isaiah",9/3/2023,716742,24,100,2023
24,663658,"Ward, Thaddeus",9/18/2023,716539,24,100,2023
24,605154,"Brebbia, John",9/27/2023,716426,24,100,2023
24,606303,"Payamps, Joel",9/20/2023,716495,24,100,2023
24,607755,"Vasquez, Andrew",9/30/2023,716380,24,100,2023
24,660261,"Fujinami, Shintaro",9/9/2023,716664,24,100,2023
24,685107,"Veneziano, Anthony",9/28/2023,716401,24,100,2023
24,664747,"Díaz, Alexis",9/24/2023,716451,24,100,2023
24,663629,"Small, Ethan",9/28/2023,716396,24,100,2023
24,641360,"Bickford, Phil",9/10/2023,716639,24,100,2023
24,676254,"Walker, Ryan",9/30/2023,716381,24,100,2023
24,607359,"Patton, Spencer",9/1/2023,716758,24,100,2023
24,622554,"Domínguez, Seranthony",9/12/2023,716618,24,100,2023
24,666374,"Brash, Matt",9/2/2023,716751,24,100,2023
24,472610,"García, Luis",9/2/2023,716743,24,100,2023
24,663658,"Ward, Thaddeus",9/27/2023,716416,24,100,2023
24,608344,"Irvin, Cole",10/1/2023,716367,24,100,2023
24,670280,"Bednar, David",9/21/2023,716493,24,100,2023
24,593576,"Neris, Héctor",9/18/2023,716530,24,100,2023
24,672578,"Hernández, Carlos",9/16/2023,716560,24,100,2023
24,571882,"Law, Derek",9/16/2023,716555,24,100,2023
24,656945,"Scott, Tanner",9/18/2023,716535,24,100,2023
24,641755,"Kinley, Tyler",9/13/2023,716599,24,100,2023
24,656234,"Bird, Jake",9/12/2023,716609,24,100,2023
24,689225,"Brieske, Beau",9/16/2023,716554,24,100,2023
24,670280,"Bednar, David",9/2/2023,716744,24,100,2023
24,669084,"Hall, DL",9/2/2023,716747,24,100,2023
24,543766,"Shaw, Bryan",9/3/2023,716734,24,100,2023
24,657024,"Swanson, Erik",9/24/2023,716452,24,100,2023
24,663158,"Suarez, Robert",9/27/2023,716426,24,100,2023
24,605498,"Suárez, Andrew",9/10/2023,716642,24,100,2023
24,670167,"Schreiber, John",9/5/2023,716716,24,100,2023
24,656641,"Latz, Jacob",9/17/2023,716549,24,100,2023
24,641672,"Hatch, Thomas",9/16/2023,716563,24,100,2023
24,642207,"Williams, Devin",9/2/2023,716745,24,100,2023
24,643377,"Jax, Griffin",9/10/2023,716639,24,100,2023
24,493603,"Ottavino, Adam",9/30/2023,716376,24,100,2023
24,621237,"Alvarado, José",9/12/2023,716618,24,100,2023
24,650960,"Duarte, Daniel",9/27/2023,716418,24,100,2023
24,661440,"Llovera, Mauricio",9/3/2023,716739,24,100,2023
24,668674,"Erceg, Lucas",9/19/2023,716512,24,100,2023
24,519151,"Pressly, Ryan",9/27/2023,716407,24,100,2023
24,623474,"Herget, Jimmy",9/1/2023,716758,24,100,2023
24,621237,"Alvarado, José",9/4/2023,716720,24,100,2023
24,641941,"Pagán, Emilio",9/2/2023,716752,24,100,2023
24,621381,"Strahm, Matt",9/3/2023,716736,24,100,2023
24,641755,"Kinley, Tyler",9/26/2023,716438,24,100,2023
24,669387,"Mlodzinski, Carmen",9/4/2023,716718,24,100,2023
24,621381,"Strahm, Matt",9/28/2023,716409,24,100,2023
24,664199,"Clarke, Taylor",9/12/2023,716631,24,100,2023
24,650960,"Duarte, Daniel",9/6/2023,716693,24,100,2023
24,541640,"Ramírez, Erasmo",9/24/2023,716452,24,100,2023
24,605447,"Romano, Jordan",9/22/2023,716479,24,100,2023
24,686973,"Varland, Louis",9/28/2023,716400,24,100,2023
24,656638,"Lange, Alex",9/19/2023,716510,24,100,2023
24,670990,"Ramírez, Yohan",10/1/2023,716356,24,100,2023
24,662253,"Muñoz, Andrés",9/11/2023,716623,24,100,2023
23,670174,"Winckowski, Josh",9/28/2023,716402,23,100,2023
23,690829,"Joyce, Ben",9/30/2023,716371,23,100,2023
23,686747,"La Sorsa, Joe",9/2/2023,716760,23,100,2023
23,543056,"Coulombe, Danny",10/1/2023,716367,23,100,2023
23,642528,"Loáisiga, Jonathan",9/9/2023,716659,23,100,2023
23,663423,"Thornton, Trent",9/29/2023,716379,23,100,2023
23,641360,"Bickford, Phil",9/27/2023,716430,23,100,2023
23,656234,"Bird, Jake",9/23/2023,716469,23,100,2023
23,677161,"Kelly, Zack",9/28/2023,716402,23,100,2023
23,623149,"Sewald, Paul",9/11/2023,716627,23,100,2023
23,640462,"Puk, A.J.",9/27/2023,716430,23,100,2023
23,663704,"McArthur, James",9/3/2023,716739,23,100,2023
23,669713,"Wesneski, Hayden",9/7/2023,716685,23,100,2023
23,657240,"Merryweather, Julian",9/23/2023,716469,23,100,2023
23,669084,"Hall, DL",9/28/2023,716402,23,100,2023
23,592426,"Jackson, Luke",9/1/2023,716761,23,100,2023
23,656638,"Lange, Alex",9/16/2023,716554,23,100,2023
23,641427,"Busenitz, Alan",10/1/2023,716353,23,100,2023
23,676395,"Garcia, Robert",9/17/2023,716543,23,100,2023
23,594580,"Moll, Sam",9/26/2023,716435,23,100,2023
23,605177,"Chafin, Andrew",9/26/2023,716423,23,100,2023
23,489446,"Yates, Kirby",9/9/2023,716651,23,100,2023
23,689147,"Kerkering, Orion",9/27/2023,716415,23,100,2023
23,621237,"Alvarado, José",9/1/2023,716765,23,100,2023
23,687922,"Lucas, Easton",9/13/2023,716596,23,100,2023
23,493603,"Ottavino, Adam",9/27/2023,716430,23,100,2023
23,608718,"Suter, Brent",9/26/2023,716438,23,100,2023
23,607481,"Bummer, Aaron",9/12/2023,716631,23,100,2023
23,519151,"Pressly, Ryan",9/24/2023,716448,23,100,2023
23,675989,"Bolton, Cody",9/3/2023,716733,23,100,2023
23,683232,"Mears, Nick",9/4/2023,716721,23,100,2023
23,641755,"Kinley, Tyler",9/3/2023,716730,23,100,2023
23,663855,"Hicks, Jordan",9/13/2023,716594,23,100,2023
23,663158,"Suarez, Robert",9/29/2023,716391,23,100,2023
23,677053,"Nardi, Andrew",9/16/2023,716565,23,100,2023
23,592454,"Kahnle, Tommy",9/3/2023,716735,23,100,2023
23,606160,"Montero, Rafael",9/11/2023,716624,23,100,2023
23,670102,"Francis, Bowden",9/14/2023,716587,23,100,2023
23,472610,"García, Luis",9/6/2023,716691,23,100,2023
23,502083,"McAllister, Zach",9/12/2023,716612,23,100,2023
23,669212,"Morgan, Eli",9/21/2023,716489,23,100,2023
23,664126,"Fairbanks, Pete",9/8/2023,716671,23,100,2023
23,605447,"Romano, Jordan",9/4/2023,716726,23,100,2023
23,657024,"Swanson, Erik",9/20/2023,716502,23,100,2023
23,502085,"Robertson, David",9/15/2023,716582,23,100,2023
23,640470,"Alzolay, Adbert",9/9/2023,716660,23,100,2023
23,663462,"Campbell, Isaiah",9/16/2023,716552,23,100,2023
23,690829,"Joyce, Ben",9/19/2023,716524,23,100,2023
23,670167,"Schreiber, John",9/19/2023,716519,23,100,2023
23,678061,"Kerr, Ray",9/17/2023,716538,23,100,2023
23,669387,"Mlodzinski, Carmen",9/23/2023,716462,23,100,2023
23,687330,"Kelly, Kevin",9/9/2023,716656,23,100,2023
23,592426,"Jackson, Luke",9/24/2023,716439,23,100,2023
23,669276,"Lee, Dylan",9/6/2023,716689,23,100,2023
23,660853,"De Los Santos, Enyel",9/22/2023,716483,23,100,2023
23,681911,"Vesia, Alex",9/8/2023,716676,23,100,2023
23,663804,"Kowar, Jackson",9/12/2023,716611,23,100,2023
23,665620,"García, Deivi",10/1/2023,716356,23,100,2023
23,640448,"Finnegan, Kyle",9/19/2023,716525,23,100,2023
23,600921,"Machado, Andrés",9/21/2023,716496,23,100,2023
23,621363,"Poche, Colin",9/26/2023,716428,23,100,2023
23,682010,"Ramsey, Lane",9/20/2023,716513,23,100,2023
23,677053,"Nardi, Andrew",9/10/2023,716643,23,100,2023
23,676395,"Garcia, Robert",9/12/2023,716620,23,100,2023
23,527048,"Pérez, Martín",9/16/2023,716562,23,100,2023
23,676684,"Vest, Will",9/20/2023,716494,23,100,2023
23,678061,"Kerr, Ray",10/1/2023,716356,23,100,2023
22,664948,"Misiewicz, Anthony",9/15/2023,716579,22,100,2023
22,621345,"Minter, A.J.",9/2/2023,716741,22,100,2023
22,682010,"Ramsey, Lane",9/13/2023,716598,22,100,2023
22,676092,"Snider, Collin",9/23/2023,716455,22,100,2023
22,667755,"Soriano, José",9/21/2023,716498,22,100,2023
22,605280,"Holmes, Clay",9/12/2023,716628,22,100,2023
22,681911,"Vesia, Alex",9/2/2023,716741,22,100,2023
22,664747,"Díaz, Alexis",9/15/2023,716574,22,100,2023
22,675540,"Curry, Xzavion",9/9/2023,716650,22,100,2023
22,592848,"Weiss, Zack",9/16/2023,716566,22,100,2023
22,663423,"Thornton, Trent",9/15/2023,716568,22,100,2023
22,600921,"Machado, Andrés",9/27/2023,716416,22,100,2023
22,666204,"Jiménez, Dany",9/27/2023,716410,22,100,2023
22,663986,"Stephan, Trevor",10/1/2023,716361,22,100,2023
22,670167,"Schreiber, John",9/14/2023,716593,22,100,2023
22,621383,"Banks, Tanner",9/16/2023,716556,22,100,2023
22,662253,"Muñoz, Andrés",9/6/2023,716693,22,100,2023
22,660261,"Fujinami, Shintaro",9/1/2023,716756,22,100,2023
22,670174,"Winckowski, Josh",9/26/2023,716428,22,100,2023
22,625643,"López, Reynaldo",9/21/2023,716489,22,100,2023
22,694037,"Palencia, Daniel",9/3/2023,716738,22,100,2023
22,656322,"Coonrod, Sam",9/12/2023,716615,22,100,2023
22,664747,"Díaz, Alexis",9/5/2023,716712,22,100,2023
22,622554,"Domínguez, Seranthony",9/10/2023,716643,22,100,2023
22,676395,"Garcia, Robert",9/3/2023,716740,22,100,2023
22,641627,"Gott, Trevor",9/3/2023,716742,22,100,2023
22,623352,"Hader, Josh",9/3/2023,716728,22,100,2023
22,656546,"Hoffman, Jeff",9/1/2023,716765,22,100,2023
22,669467,"Pallante, Andre",9/3/2023,716733,22,100,2023
22,666974,"Cano, Yennier",9/3/2023,716732,22,100,2023
22,571760,"Heaney, Andrew",9/19/2023,716519,22,100,2023
22,686539,"Cronin, Declan",9/4/2023,716681,22,100,2023
22,650489,"Castro, Willi",9/4/2023,716719,22,100,2023
22,600917,"Leclerc, José",9/3/2023,716737,22,100,2023
22,656986,"Sousa, Bennett",9/19/2023,716514,22,100,2023
22,656945,"Scott, Tanner",9/3/2023,716740,22,100,2023
22,573124,"Rogers, Taylor",9/8/2023,716668,22,100,2023
22,608718,"Suter, Brent",9/22/2023,716486,22,100,2023
22,657612,"Hill, Tim",9/6/2023,716691,22,100,2023
22,608032,"Estévez, Carlos",9/16/2023,716554,22,100,2023
22,518489,"Brasier, Ryan",9/15/2023,716568,22,100,2023
22,592767,"Smyly, Drew",9/11/2023,716625,22,100,2023
22,547973,"Chapman, Aroldis",9/9/2023,716657,22,100,2023
22,669387,"Mlodzinski, Carmen",9/1/2023,716766,22,100,2023
22,680767,"Vodnik, Victor",9/16/2023,716550,22,100,2023
22,677053,"Nardi, Andrew",9/30/2023,716378,22,100,2023
22,600921,"Machado, Andrés",9/15/2023,716578,22,100,2023
22,689225,"Brieske, Beau",9/26/2023,716433,22,100,2023
22,605347,"López, Jorge",9/17/2023,716553,22,100,2023
22,608032,"Estévez, Carlos",9/5/2023,716706,22,100,2023
22,664948,"Misiewicz, Anthony",9/10/2023,716646,22,100,2023
22,519043,"Moore, Matt",9/5/2023,716717,22,100,2023
22,664208,"Maton, Phil",9/15/2023,716577,22,100,2023
22,606149,"Gallegos, Giovanny",9/8/2023,716677,22,100,2023
22,571760,"Heaney, Andrew",9/25/2023,716440,22,100,2023
22,641941,"Pagán, Emilio",9/17/2023,716542,22,100,2023
22,672582,"Zerpa, Angel",9/9/2023,716661,22,100,2023
22,621016,"Cuas, Jose",9/17/2023,716536,22,100,2023
22,607179,"Weems, Jordan",9/22/2023,716485,22,100,2023
22,701643,"Hartwig, Grant",9/12/2023,716615,22,100,2023
22,640462,"Puk, A.J.",9/23/2023,716460,22,100,2023
22,668970,"Hollowell, Gavin",9/29/2023,716387,22,100,2023
22,668970,"Hollowell, Gavin",10/1/2023,716359,22,100,2023
22,656234,"Bird, Jake",10/1/2023,716359,22,100,2023
22,676395,"Garcia, Robert",9/9/2023,716662,22,100,2023
22,657612,"Hill, Tim",9/10/2023,716640,22,100,2023
22,680704,"Sandlin, Nick",9/17/2023,716549,22,100,2023
22,669724,"Hanifee, Brenan",9/30/2023,716380,22,100,2023
22,656887,"Reid-Foley, Sean",9/11/2023,716627,22,100,2023
22,606160,"Montero, Rafael",10/1/2023,716358,22,100,2023
21,608718,"Suter, Brent",9/1/2023,716759,21,100,2023
21,663158,"Suarez, Robert",9/19/2023,716516,21,100,2023
21,622554,"Domínguez, Seranthony",9/27/2023,716415,21,100,2023
21,606930,"Barnes, Jacob",9/29/2023,716388,21,100,2023
21,642048,"Saucedo, Tayler",9/16/2023,716552,21,100,2023
21,667463,"King, John",9/30/2023,716372,21,100,2023
21,621345,"Minter, A.J.",9/28/2023,716399,21,100,2023
21,675916,"Karinchak, James",9/19/2023,716517,21,100,2023
21,641871,"Middleton, Keynan",9/29/2023,716389,21,100,2023
21,663947,"Holton, Tyler",9/29/2023,716395,21,100,2023
21,662253,"Muñoz, Andrés",9/30/2023,716366,21,100,2023
21,661309,"Martínez, Adrián",9/29/2023,716386,21,100,2023
21,665620,"García, Deivi",9/29/2023,716391,21,100,2023
21,596271,"Lawrence, Casey",9/24/2023,716444,21,100,2023
21,664139,"Gibaut, Ian",9/30/2023,716372,21,100,2023
21,489446,"Yates, Kirby",9/1/2023,716757,21,100,2023
21,680983,"Cáceres, Kelvin",9/30/2023,716371,21,100,2023
21,683232,"Mears, Nick",10/1/2023,716359,21,100,2023
21,572403,"VerHagen, Drew",9/15/2023,716572,21,100,2023
21,676254,"Walker, Ryan",9/6/2023,716699,21,100,2023
21,683232,"Mears, Nick",9/9/2023,716663,21,100,2023
21,547973,"Chapman, Aroldis",9/22/2023,716477,21,100,2023
21,592229,"Covey, Dylan",9/18/2023,716532,21,100,2023
21,663462,"Campbell, Isaiah",9/22/2023,716477,21,100,2023
21,606160,"Montero, Rafael",9/18/2023,716530,21,100,2023
21,670167,"Schreiber, John",9/27/2023,716419,21,100,2023
21,663986,"Stephan, Trevor",9/3/2023,716729,21,100,2023
21,687145,"Justice, Evan",9/8/2023,716668,21,100,2023
21,605177,"Chafin, Andrew",9/27/2023,716408,21,100,2023
21,596271,"Lawrence, Casey",9/23/2023,716457,21,100,2023
21,682967,"Sweet, Devin",9/15/2023,716569,21,100,2023
21,670174,"Winckowski, Josh",9/18/2023,716533,21,100,2023
21,687922,"Lucas, Easton",9/19/2023,716512,21,100,2023
21,657240,"Merryweather, Julian",9/16/2023,716558,21,100,2023
21,680704,"Sandlin, Nick",9/24/2023,716450,21,100,2023
21,607259,"Martinez, Nick",9/9/2023,716649,21,100,2023
21,573009,"Mantiply, Joe",9/7/2023,716685,21,100,2023
21,606303,"Payamps, Joel",9/9/2023,716659,21,100,2023
21,571479,"Bellatti, Andrew",9/11/2023,717664,21,100,2023
21,660261,"Fujinami, Shintaro",9/18/2023,716530,21,100,2023
21,592229,"Covey, Dylan",9/16/2023,716557,21,100,2023
21,657240,"Merryweather, Julian",9/21/2023,716493,21,100,2023
21,664854,"Helsley, Ryan",9/5/2023,716709,21,100,2023
21,656464,"Ginkel, Kevin",9/1/2023,716756,21,100,2023
21,669060,"Wilson, Bryse",9/26/2023,716423,21,100,2023
21,472610,"García, Luis",9/4/2023,716720,21,100,2023
21,660813,"Graterol, Brusdar",9/3/2023,716725,21,100,2023
21,605280,"Holmes, Clay",9/2/2023,716746,21,100,2023
21,681882,"Selby, Colin",9/21/2023,716493,21,100,2023
21,686839,"White, Brendan",9/8/2023,716675,21,100,2023
21,607179,"Weems, Jordan",9/1/2023,716771,21,100,2023
21,445276,"Jansen, Kenley",9/3/2023,716739,21,100,2023
21,571863,"Koch, Matt",9/2/2023,716748,21,100,2023
21,663704,"McArthur, James",9/6/2023,716688,21,100,2023
21,641360,"Bickford, Phil",9/1/2023,716769,21,100,2023
21,670280,"Bednar, David",9/6/2023,716697,21,100,2023
21,664208,"Maton, Phil",9/2/2023,716746,21,100,2023
21,661395,"Duran, Jhoan",9/2/2023,716752,21,100,2023
21,519043,"Moore, Matt",9/7/2023,716684,21,100,2023
21,681432,"Little, Luke",9/19/2023,716518,21,100,2023
21,656546,"Hoffman, Jeff",9/15/2023,716572,21,100,2023
21,656546,"Hoffman, Jeff",9/16/2023,716557,21,100,2023
21,548384,"Raley, Brooks",9/20/2023,716503,21,100,2023
21,676680,"Cosgrove, Tom",9/13/2023,716589,21,100,2023
21,543766,"Shaw, Bryan",9/22/2023,716478,21,100,2023
21,660853,"De Los Santos, Enyel",9/11/2023,716632,21,100,2023
21,656786,"Mushinski, Parker",9/10/2023,716640,21,100,2023
21,571863,"Koch, Matt",9/13/2023,716599,21,100,2023
21,548384,"Raley, Brooks",9/3/2023,716742,21,100,2023
21,680704,"Sandlin, Nick",9/3/2023,716729,21,100,2023
21,666204,"Jiménez, Dany",9/16/2023,716564,21,100,2023
21,543766,"Shaw, Bryan",9/5/2023,716704,21,100,2023
21,676092,"Snider, Collin",9/22/2023,716473,21,100,2023
21,554340,"García, Yimi",9/17/2023,716548,21,100,2023
21,606930,"Barnes, Jacob",9/23/2023,716457,21,100,2023
21,661395,"Duran, Jhoan",9/20/2023,716506,21,100,2023
21,622103,"Reyes, Gerardo",9/1/2023,716758,21,100,2023
21,518585,"Cruz, Fernando",9/22/2023,716487,21,100,2023
21,681882,"Selby, Colin",9/10/2023,716644,21,100,2023
21,656794,"Newcomb, Sean",9/1/2023,716758,21,100,2023
21,502085,"Robertson, David",9/13/2023,716592,21,100,2023
21,669060,"Wilson, Bryse",9/29/2023,716385,21,100,2023
21,668970,"Hollowell, Gavin",9/2/2023,716748,21,100,2023
21,669270,"Kuhnel, Joel",9/16/2023,716560,21,100,2023
21,665625,"Peguero, Elvis",9/9/2023,716659,21,100,2023
21,571901,"Loup, Aaron",9/11/2023,716623,21,100,2023
21,519293,"Smith, Will",9/16/2023,716562,21,100,2023
21,669461,"Liberatore, Matthew",9/15/2023,716572,21,100,2023
21,543766,"Shaw, Bryan",9/23/2023,716468,21,100,2023
21,573009,"Mantiply, Joe",9/12/2023,716615,21,100,2023
21,663704,"McArthur, James",9/29/2023,716389,21,100,2023
21,666214,"Wentz, Joey",9/5/2023,716711,21,100,2023
21,625643,"López, Reynaldo",9/6/2023,716700,21,100,2023
21,606303,"Payamps, Joel",9/23/2023,716460,21,100,2023
21,642528,"Loáisiga, Jonathan",9/8/2023,716670,21,100,2023
21,547973,"Chapman, Aroldis",9/19/2023,716519,21,100,2023
21,593576,"Neris, Héctor",9/27/2023,716407,21,100,2023
21,670059,"Holderman, Colin",9/21/2023,716493,21,100,2023
21,666374,"Brash, Matt",9/19/2023,716512,21,100,2023
21,571863,"Koch, Matt",9/23/2023,716469,21,100,2023
21,625643,"López, Reynaldo",9/27/2023,716418,21,100,2023
21,571656,"Farmer, Buck",9/22/2023,716487,21,100,2023
21,669467,"Pallante, Andre",9/11/2023,716636,21,100,2023
21,596001,"Junis, Jakob",9/8/2023,716668,21,100,2023
21,671737,"Bradley, Taj",9/29/2023,716392,21,100,2023
20,667755,"Soriano, José",9/3/2023,716731,20,100,2023
20,686839,"White, Brendan",9/5/2023,716711,20,100,2023
20,686747,"La Sorsa, Joe",9/13/2023,716600,20,100,2023
20,543272,"Hand, Brad",9/29/2023,716394,20,100,2023
20,592426,"Jackson, Luke",9/11/2023,716632,20,100,2023
20,656353,"Davidson, Tucker",9/17/2023,716547,20,100,2023
20,641835,"Mayza, Tim",9/16/2023,716566,20,100,2023
20,621345,"Minter, A.J.",9/10/2023,716644,20,100,2023
20,657240,"Merryweather, Julian",9/10/2023,716638,20,100,2023
20,677053,"Nardi, Andrew",9/24/2023,716447,20,100,2023
20,676684,"Vest, Will",9/5/2023,716711,20,100,2023
20,621381,"Strahm, Matt",9/8/2023,716679,20,100,2023
20,455119,"Martin, Chris",9/12/2023,716612,20,100,2023
20,455119,"Martin, Chris",9/14/2023,716597,20,100,2023
20,656629,"Kopech, Michael",9/12/2023,716631,20,100,2023
20,670950,"Richards, Trevor",10/1/2023,716357,20,100,2023
20,607481,"Bummer, Aaron",9/28/2023,716443,20,100,2023
20,519151,"Pressly, Ryan",9/13/2023,716596,20,100,2023
20,608638,"Chargois, JT",9/29/2023,716398,20,100,2023
20,623474,"Herget, Jimmy",9/23/2023,716465,20,100,2023
20,572955,"Johnson, Pierce",9/15/2023,716582,20,100,2023
20,672578,"Hernández, Carlos",9/23/2023,716455,20,100,2023
20,676395,"Garcia, Robert",9/6/2023,716701,20,100,2023
20,625643,"López, Reynaldo",9/29/2023,716395,20,100,2023
20,660261,"Fujinami, Shintaro",9/17/2023,716553,20,100,2023
20,669467,"Pallante, Andre",9/28/2023,716396,20,100,2023
20,650893,"Cabrera, Génesis",9/17/2023,716548,20,100,2023
20,687330,"Kelly, Kevin",9/13/2023,716607,20,100,2023
20,666277,"Soriano, George",9/10/2023,716643,20,100,2023
20,664208,"Maton, Phil",9/30/2023,716370,20,100,2023
20,543766,"Shaw, Bryan",9/15/2023,716573,20,100,2023
20,519293,"Smith, Will",9/18/2023,716533,20,100,2023
20,453268,"Bard, Daniel",9/24/2023,716449,20,100,2023
20,641729,"Jiménez, Joe",9/6/2023,716689,20,100,2023
20,518397,"Alexander, Scott",9/21/2023,716484,20,100,2023
20,572403,"VerHagen, Drew",9/19/2023,716515,20,100,2023
20,518886,"Kimbrel, Craig",9/12/2023,716618,20,100,2023
20,476595,"Luetge, Lucas",9/18/2023,716532,20,100,2023
20,664139,"Gibaut, Ian",9/27/2023,716418,20,100,2023
20,605280,"Holmes, Clay",9/21/2023,716492,20,100,2023
20,660906,"Pérez, Francisco",9/26/2023,716421,20,100,2023
20,472610,"García, Luis",9/22/2023,716476,20,100,2023
20,680704,"Sandlin, Nick",9/13/2023,716605,20,100,2023
20,641729,"Jiménez, Joe",9/21/2023,716496,20,100,2023
20,656546,"Hoffman, Jeff",9/26/2023,716432,20,100,2023
20,663947,"Holton, Tyler",9/26/2023,716433,20,100,2023
20,656257,"Brigham, Jeff",9/17/2023,716545,20,100,2023
20,608678,"Leone, Dominic",9/10/2023,716645,20,100,2023
20,676684,"Vest, Will",9/10/2023,716648,20,100,2023
20,612434,"Castro, Miguel",10/1/2023,716358,20,100,2023
20,663546,"Hjelle, Sean",9/20/2023,716499,20,100,2023
20,605130,"Barlow, Scott",9/1/2023,716761,20,100,2023
20,669461,"Liberatore, Matthew",9/27/2023,716408,20,100,2023
20,623352,"Hader, Josh",9/29/2023,716391,20,100,2023
20,678606,"Ferrer, Jose A.",9/8/2023,716676,20,100,2023
20,641360,"Bickford, Phil",9/22/2023,716481,20,100,2023
20,624647,"González, Victor",9/6/2023,716695,20,100,2023
20,642207,"Williams, Devin",9/1/2023,716765,20,100,2023
20,666808,"Doval, Camilo",9/22/2023,716474,20,100,2023
20,622098,"Smith, Drew",9/1/2023,716769,20,100,2023
20,665896,"Marte, José",9/26/2023,716422,20,100,2023
20,657756,"Seabold, Connor",9/28/2023,716405,20,100,2023
20,664199,"Clarke, Taylor",10/1/2023,716352,20,100,2023
20,668970,"Hollowell, Gavin",9/22/2023,716486,20,100,2023
20,453178,"Kennedy, Ian",9/5/2023,716705,20,100,2023
20,642100,"Speier, Gabe",9/28/2023,716397,20,100,2023
20,621363,"Poche, Colin",9/13/2023,716607,20,100,2023
20,670280,"Bednar, David",9/22/2023,716487,20,100,2023
20,669796,"Hernandez, Jose E.",9/24/2023,716451,20,100,2023
20,665871,"Assad, Javier",9/26/2023,716429,20,100,2023
20,605177,"Chafin, Andrew",9/22/2023,716482,20,100,2023
20,672578,"Hernández, Carlos",9/8/2023,716673,20,100,2023
20,663158,"Suarez, Robert",9/15/2023,716569,20,100,2023
20,606930,"Barnes, Jacob",9/20/2023,716495,20,100,2023
20,660906,"Pérez, Francisco",9/20/2023,716504,20,100,2023
20,681806,"Wantz, Andrew",9/17/2023,716544,20,100,2023
20,621363,"Poche, Colin",9/24/2023,716452,20,100,2023
20,656638,"Lange, Alex",9/6/2023,716694,20,100,2023
20,623149,"Sewald, Paul",9/27/2023,716417,20,100,2023
20,686973,"Varland, Louis",9/9/2023,716654,20,100,2023
20,666204,"Jiménez, Dany",9/22/2023,716472,20,100,2023
20,605130,"Barlow, Scott",9/3/2023,716728,20,100,2023
20,675916,"Karinchak, James",9/22/2023,716483,20,100,2023
20,656271,"Burke, Brock",9/3/2023,716737,20,100,2023
20,660853,"De Los Santos, Enyel",9/4/2023,716719,20,100,2023
20,608718,"Suter, Brent",9/6/2023,716692,20,100,2023
20,663986,"Stephan, Trevor",9/21/2023,716489,20,100,2023
20,662253,"Muñoz, Andrés",9/7/2023,716683,20,100,2023
20,640448,"Finnegan, Kyle",9/3/2023,716740,20,100,2023
20,502083,"McAllister, Zach",9/15/2023,716579,20,100,2023
20,571901,"Loup, Aaron",9/17/2023,716544,20,100,2023
20,621294,"Heller, Ben",9/6/2023,716689,20,100,2023
20,573204,"Thielbar, Caleb",9/22/2023,716475,20,100,2023
20,623352,"Hader, Josh",9/16/2023,716564,20,100,2023
20,660261,"Fujinami, Shintaro",9/6/2023,716690,20,100,2023
20,543272,"Hand, Brad",9/15/2023,716582,20,100,2023
20,681892,"Funderburk, Kody",9/19/2023,716522,20,100,2023
20,592229,"Covey, Dylan",9/27/2023,716415,20,100,2023
20,672578,"Hernández, Carlos",9/12/2023,716631,20,100,2023
20,621381,"Strahm, Matt",9/6/2023,716691,20,100,2023
20,518585,"Cruz, Fernando",9/26/2023,716435,20,100,2023
20,518617,"Diekman, Jake",9/27/2023,716419,20,100,2023
20,665896,"Marte, José",9/3/2023,716731,20,100,2023
20,547184,"Kelly, Michael",9/23/2023,716464,20,100,2023
20,669711,"Weissert, Greg",9/28/2023,716403,20,100,2023
20,676092,"Snider, Collin",9/26/2023,716433,20,100,2023
20,622088,"Antone, Tejay",9/8/2023,716677,20,100,2023
20,622766,"Díaz, Miguel",9/30/2023,716380,20,100,2023
20,656945,"Scott, Tanner",9/30/2023,716378,20,100,2023
20,596001,"Junis, Jakob",9/23/2023,716456,20,100,2023
20,650556,"Abreu, Bryan",9/30/2023,716370,20,100,2023
20,594580,"Moll, Sam",9/2/2023,716753,20,100,2023
19,571656,"Farmer, Buck",9/8/2023,716677,19,100,2023
19,605498,"Suárez, Andrew",9/11/2023,716636,19,100,2023
19,605280,"Holmes, Clay",9/26/2023,716431,19,100,2023
19,622259,"Wingenter, Trey",9/29/2023,716395,19,100,2023
19,669467,"Pallante, Andre",9/10/2023,716642,19,100,2023
19,600921,"Machado, Andrés",9/30/2023,716369,19,100,2023
19,547973,"Chapman, Aroldis",9/2/2023,716752,19,100,2023
19,607179,"Weems, Jordan",9/29/2023,716394,19,100,2023
19,643338,"Green, Chad",9/17/2023,716548,19,100,2023
19,682010,"Ramsey, Lane",9/10/2023,716648,19,100,2023
19,640448,"Finnegan, Kyle",10/1/2023,716354,19,100,2023
19,643377,"Jax, Griffin",9/30/2023,716368,19,100,2023
19,669467,"Pallante, Andre",9/16/2023,716557,19,100,2023
19,660853,"De Los Santos, Enyel",10/1/2023,716361,19,100,2023
19,656945,"Scott, Tanner",9/13/2023,716592,19,100,2023
19,663462,"Campbell, Isaiah",9/29/2023,716379,19,100,2023
19,666168,"Thompson, Mason",9/10/2023,716647,19,100,2023
19,664126,"Fairbanks, Pete",9/30/2023,716383,19,100,2023
19,669387,"Mlodzinski, Carmen",9/28/2023,716409,19,100,2023
19,682842,"Uribe, Abner",9/14/2023,716585,19,100,2023
19,642397,"Soto, Gregory",9/11/2023,716590,19,100,2023
19,681882,"Selby, Colin",9/29/2023,716398,19,100,2023
19,678606,"Ferrer, Jose A.",9/29/2023,716394,19,100,2023
19,674444,"Cruz, Steven",9/9/2023,716661,19,100,2023
19,518489,"Brasier, Ryan",9/27/2023,716406,19,100,2023
19,676684,"Vest, Will",9/16/2023,716554,19,100,2023
19,669796,"Hernandez, Jose E.",9/19/2023,716518,19,100,2023
19,669713,"Wesneski, Hayden",9/16/2023,716558,19,100,2023
19,605347,"López, Jorge",9/22/2023,716483,19,100,2023
19,676395,"Garcia, Robert",9/8/2023,716676,19,100,2023
19,657571,"Ferguson, Caleb",9/23/2023,716456,19,100,2023
19,543272,"Hand, Brad",9/6/2023,716689,19,100,2023
19,554340,"García, Yimi",9/1/2023,716759,19,100,2023
19,669212,"Morgan, Eli",9/10/2023,716633,19,100,2023
19,641627,"Gott, Trevor",9/6/2023,716701,19,100,2023
19,519043,"Moore, Matt",9/23/2023,716460,19,100,2023
19,677053,"Nardi, Andrew",9/27/2023,716430,19,100,2023
19,542888,"Armstrong, Shawn",9/14/2023,716586,19,100,2023
19,678606,"Ferrer, Jose A.",9/18/2023,716539,19,100,2023
19,548384,"Raley, Brooks",9/27/2023,716430,19,100,2023
19,681882,"Selby, Colin",9/27/2023,716415,19,100,2023
19,642207,"Williams, Devin",9/27/2023,716408,19,100,2023
19,518397,"Alexander, Scott",9/12/2023,716619,19,100,2023
19,657044,"Thompson, Ryan",9/27/2023,716417,19,100,2023
19,518585,"Cruz, Fernando",9/8/2023,716677,19,100,2023
19,608371,"Sims, Lucas",9/9/2023,716655,19,100,2023
19,666205,"Muller, Kyle",9/27/2023,716410,19,100,2023
19,592229,"Covey, Dylan",9/13/2023,716603,19,100,2023
19,622072,"Wood, Alex",9/24/2023,716439,19,100,2023
19,622065,"Young, Alex",9/23/2023,716462,19,100,2023
19,666808,"Doval, Camilo",9/11/2023,716632,19,100,2023
19,701643,"Hartwig, Grant",9/18/2023,716535,19,100,2023
19,668674,"Erceg, Lucas",9/16/2023,716564,19,100,2023
19,605447,"Romano, Jordan",9/23/2023,716463,19,100,2023
19,676680,"Cosgrove, Tom",9/17/2023,716538,19,100,2023
19,606149,"Gallegos, Giovanny",9/5/2023,716709,19,100,2023
19,671345,"Foley, Jason",9/12/2023,716617,19,100,2023
19,675627,"Grove, Michael",9/26/2023,716438,19,100,2023
19,592426,"Jackson, Luke",9/5/2023,716708,19,100,2023
19,663986,"Stephan, Trevor",9/1/2023,716767,19,100,2023
19,623474,"Herget, Jimmy",9/25/2023,716440,19,100,2023
19,606965,"Devenski, Chris",9/23/2023,716463,19,100,2023
19,678061,"Kerr, Ray",9/2/2023,716743,19,100,2023
19,664208,"Maton, Phil",9/26/2023,716425,19,100,2023
19,640451,"Harvey, Hunter",9/15/2023,716578,19,100,2023
19,641743,"Kay, Anthony",9/24/2023,716454,19,100,2023
19,640448,"Finnegan, Kyle",9/1/2023,716771,19,100,2023
19,669270,"Kuhnel, Joel",9/5/2023,716705,19,100,2023
19,623474,"Herget, Jimmy",9/10/2023,716633,19,100,2023
19,641627,"Gott, Trevor",9/27/2023,716411,19,100,2023
19,571882,"Law, Derek",9/5/2023,716712,19,100,2023
19,663704,"McArthur, James",9/22/2023,716473,19,100,2023
19,642528,"Loáisiga, Jonathan",9/3/2023,716735,19,100,2023
19,656546,"Hoffman, Jeff",9/11/2023,716590,19,100,2023
19,657024,"Swanson, Erik",9/17/2023,716548,19,100,2023
19,621237,"Alvarado, José",9/20/2023,716509,19,100,2023
19,669084,"Hall, DL",9/22/2023,716483,19,100,2023
19,656638,"Lange, Alex",9/30/2023,716380,19,100,2023
19,594943,"Neal, Zach",9/5/2023,716707,19,100,2023
19,641745,"Keller, Brad",9/12/2023,716611,19,100,2023
19,592426,"Jackson, Luke",9/16/2023,716550,19,100,2023
19,608718,"Suter, Brent",9/10/2023,716634,19,100,2023
19,664199,"Clarke, Taylor",9/6/2023,716688,19,100,2023
19,548384,"Raley, Brooks",9/16/2023,716555,19,100,2023
19,667755,"Soriano, José",9/30/2023,716371,19,100,2023
19,641755,"Kinley, Tyler",9/11/2023,716625,19,100,2023
19,608638,"Chargois, JT",9/27/2023,716411,19,100,2023
19,665896,"Marte, José",9/13/2023,716602,19,100,2023
19,607216,"Krehbiel, Joey",9/10/2023,716652,19,100,2023
19,670174,"Winckowski, Josh",9/2/2023,716750,19,100,2023
19,622554,"Domínguez, Seranthony",9/8/2023,716679,19,100,2023
19,606160,"Montero, Rafael",9/2/2023,716746,19,100,2023
19,607481,"Bummer, Aaron",9/19/2023,716525,19,100,2023
19,518397,"Alexander, Scott",9/9/2023,716663,19,100,2023
19,594943,"Neal, Zach",10/1/2023,716365,19,100,2023
19,669330,"Wells, Tyler",9/22/2023,716483,19,100,2023
19,641835,"Mayza, Tim",9/14/2023,716587,19,100,2023
19,622088,"Antone, Tejay",9/10/2023,716642,19,100,2023
19,656730,"Megill, Trevor",9/15/2023,716578,19,100,2023
18,518886,"Kimbrel, Craig",9/22/2023,716481,18,100,2023
18,623465,"Phillips, Evan",9/15/2023,716568,18,100,2023
18,623211,"Brazobán, Huascar",9/29/2023,716398,18,100,2023
18,656986,"Sousa, Bennett",9/26/2023,716425,18,100,2023
18,543272,"Hand, Brad",9/22/2023,716485,18,100,2023
18,542888,"Armstrong, Shawn",9/10/2023,716645,18,100,2023
18,682010,"Ramsey, Lane",9/12/2023,716611,18,100,2023
18,606303,"Payamps, Joel",9/14/2023,716585,18,100,2023
18,664126,"Fairbanks, Pete",9/23/2023,716463,18,100,2023
18,573204,"Thielbar, Caleb",9/27/2023,716410,18,100,2023
18,472610,"García, Luis",9/11/2023,716622,18,100,2023
18,605447,"Romano, Jordan",9/16/2023,716566,18,100,2023
18,543766,"Shaw, Bryan",9/16/2023,716556,18,100,2023
18,518489,"Brasier, Ryan",9/9/2023,716662,18,100,2023
18,657097,"Webb, Jacob",9/11/2023,716636,18,100,2023
18,664854,"Helsley, Ryan",9/1/2023,716766,18,100,2023
18,453268,"Bard, Daniel",9/18/2023,716526,18,100,2023
18,455119,"Martin, Chris",9/18/2023,716533,18,100,2023
18,663432,"Rainey, Tanner",9/30/2023,716369,18,100,2023
18,657044,"Thompson, Ryan",9/16/2023,716558,18,100,2023
18,502085,"Robertson, David",9/18/2023,716535,18,100,2023
18,672335,"Pérez, Cionel",9/9/2023,716664,18,100,2023
18,606303,"Payamps, Joel",9/10/2023,716646,18,100,2023
18,657240,"Merryweather, Julian",9/24/2023,716449,18,100,2023
18,681806,"Wantz, Andrew",9/16/2023,716554,18,100,2023
18,608032,"Estévez, Carlos",9/23/2023,716465,18,100,2023
18,671345,"Foley, Jason",9/26/2023,716433,18,100,2023
18,606160,"Montero, Rafael",9/15/2023,716577,18,100,2023
18,680704,"Sandlin, Nick",9/8/2023,716667,18,100,2023
18,642546,"Hernández, Jonathan",9/24/2023,716446,18,100,2023
18,622098,"Smith, Drew",9/22/2023,716481,18,100,2023
18,519043,"Moore, Matt",9/27/2023,716430,18,100,2023
18,543766,"Shaw, Bryan",9/1/2023,716762,18,100,2023
18,669084,"Hall, DL",9/5/2023,716706,18,100,2023
18,656353,"Davidson, Tucker",9/18/2023,716529,18,100,2023
18,612434,"Castro, Miguel",9/28/2023,716443,18,100,2023
18,642546,"Hernández, Jonathan",9/20/2023,716507,18,100,2023
18,640470,"Alzolay, Adbert",9/1/2023,716770,18,100,2023
18,592767,"Smyly, Drew",9/5/2023,716708,18,100,2023
18,543056,"Coulombe, Danny",9/9/2023,716664,18,100,2023
18,686826,"Jarvis, Bryce",9/17/2023,716536,18,100,2023
18,605130,"Barlow, Scott",9/22/2023,716476,18,100,2023
18,669387,"Mlodzinski, Carmen",9/15/2023,716579,18,100,2023
18,656638,"Lange, Alex",9/9/2023,716658,18,100,2023
18,642397,"Soto, Gregory",9/23/2023,716466,18,100,2023
18,669713,"Wesneski, Hayden",9/20/2023,716497,18,100,2023
18,657044,"Thompson, Ryan",9/9/2023,716660,18,100,2023
18,657514,"Bernardino, Brennan",9/5/2023,716716,18,100,2023
18,600917,"Leclerc, José",9/23/2023,716461,18,100,2023
18,664199,"Clarke, Taylor",9/15/2023,716577,18,100,2023
18,657240,"Merryweather, Julian",9/9/2023,716660,18,100,2023
18,571948,"Milner, Hoby",9/9/2023,716659,18,100,2023
18,608678,"Leone, Dominic",9/8/2023,716671,18,100,2023
18,676254,"Walker, Ryan",9/26/2023,716437,18,100,2023
18,685314,"Saalfrank, Andrew",9/27/2023,716417,18,100,2023
18,650893,"Cabrera, Génesis",9/2/2023,716748,18,100,2023
18,592229,"Covey, Dylan",9/11/2023,717664,18,100,2023
18,656322,"Coonrod, Sam",9/5/2023,716715,18,100,2023
18,605154,"Brebbia, John",9/11/2023,716632,18,100,2023
18,660853,"De Los Santos, Enyel",9/13/2023,716605,18,100,2023
18,606965,"Devenski, Chris",9/4/2023,716722,18,100,2023
18,592229,"Covey, Dylan",9/2/2023,716745,18,100,2023
18,518617,"Diekman, Jake",9/2/2023,716754,18,100,2023
18,641941,"Pagán, Emilio",9/27/2023,716410,18,100,2023
18,664747,"Díaz, Alexis",9/13/2023,716601,18,100,2023
18,595345,"Okert, Steven",9/27/2023,716411,18,100,2023
18,664126,"Fairbanks, Pete",9/2/2023,716754,18,100,2023
18,668674,"Erceg, Lucas",9/12/2023,716614,18,100,2023
18,660906,"Pérez, Francisco",9/9/2023,716657,18,100,2023
18,606930,"Barnes, Jacob",9/7/2023,716680,18,100,2023
18,666818,"Frías, Luis",9/2/2023,716747,18,100,2023
18,669084,"Hall, DL",9/19/2023,716514,18,100,2023
18,571948,"Milner, Hoby",9/23/2023,716460,18,100,2023
18,663804,"Kowar, Jackson",9/22/2023,716473,18,100,2023
18,664139,"Gibaut, Ian",9/3/2023,716738,18,100,2023
18,606149,"Gallegos, Giovanny",9/2/2023,716744,18,100,2023
18,622098,"Smith, Drew",9/20/2023,716503,18,100,2023
18,608665,"Graveman, Kendall",9/3/2023,716735,18,100,2023
18,664854,"Helsley, Ryan",9/18/2023,716531,18,100,2023
18,666818,"Frías, Luis",9/11/2023,716627,18,100,2023
18,623211,"Brazobán, Huascar",10/1/2023,716362,18,100,2023
18,622259,"Wingenter, Trey",9/15/2023,716570,18,100,2023
18,518886,"Kimbrel, Craig",9/26/2023,716432,18,100,2023
18,554340,"García, Yimi",9/14/2023,716587,18,100,2023
18,664139,"Gibaut, Ian",9/12/2023,716617,18,100,2023
18,621237,"Alvarado, José",9/9/2023,716653,18,100,2023
18,641627,"Gott, Trevor",9/11/2023,716627,18,100,2023
18,595345,"Okert, Steven",9/14/2023,716585,18,100,2023
18,643511,"Rogers, Tyler",9/11/2023,716632,18,100,2023
18,621016,"Cuas, Jose",9/23/2023,716469,18,100,2023
18,657024,"Swanson, Erik",9/30/2023,716383,18,100,2023
18,656234,"Bird, Jake",9/8/2023,716668,18,100,2023
18,664126,"Fairbanks, Pete",9/6/2023,716696,18,100,2023
18,643511,"Rogers, Tyler",9/16/2023,716550,18,100,2023
18,664294,"Moreta, Dauri",9/28/2023,716409,18,100,2023
18,670167,"Schreiber, John",9/8/2023,716672,18,100,2023
18,623465,"Phillips, Evan",9/2/2023,716741,18,100,2023
18,519151,"Pressly, Ryan",9/29/2023,716384,18,100,2023
18,675989,"Bolton, Cody",9/29/2023,716398,18,100,2023
18,642397,"Soto, Gregory",9/4/2023,716720,18,100,2023
18,669060,"Wilson, Bryse",9/3/2023,716736,18,100,2023
18,543859,"Tonkin, Michael",9/5/2023,716709,18,100,2023
18,518489,"Brasier, Ryan",9/29/2023,716382,18,100,2023
18,595345,"Okert, Steven",9/8/2023,716679,18,100,2023
18,683232,"Mears, Nick",9/12/2023,716609,18,100,2023
18,670280,"Bednar, David",9/17/2023,716551,18,100,2023
18,502083,"McAllister, Zach",9/14/2023,716593,18,100,2023
18,608371,"Sims, Lucas",9/3/2023,716738,18,100,2023
18,664854,"Helsley, Ryan",9/9/2023,716655,18,100,2023
18,594580,"Moll, Sam",9/6/2023,716693,18,100,2023
18,519151,"Pressly, Ryan",9/9/2023,716649,18,100,2023
18,621363,"Poche, Colin",9/5/2023,716716,18,100,2023
18,593576,"Neris, Héctor",9/4/2023,716724,18,100,2023
18,672578,"Hernández, Carlos",9/28/2023,716401,18,100,2023
18,607259,"Martinez, Nick",9/3/2023,716728,18,100,2023
18,664854,"Helsley, Ryan",9/17/2023,716541,18,100,2023
18,621345,"Minter, A.J.",9/19/2023,716521,18,100,2023
18,572955,"Johnson, Pierce",9/11/2023,716590,18,100,2023
18,657097,"Webb, Jacob",9/15/2023,716583,18,100,2023
18,643338,"Green, Chad",9/13/2023,716594,18,100,2023
18,676684,"Vest, Will",9/18/2023,716528,18,100,2023
18,657044,"Thompson, Ryan",9/5/2023,716702,18,100,2023
18,592767,"Smyly, Drew",9/29/2023,716385,18,100,2023
18,666808,"Doval, Camilo",9/6/2023,716699,18,100,2023
17,687145,"Justice, Evan",9/17/2023,716540,17,100,2023
17,608371,"Sims, Lucas",9/30/2023,716372,17,100,2023
17,573204,"Thielbar, Caleb",9/13/2023,716607,17,100,2023
17,598286,"Ramirez, Nick",9/15/2023,716579,17,100,2023
17,656529,"Hentges, Sam",9/6/2023,716700,17,100,2023
17,623474,"Herget, Jimmy",9/8/2023,716667,17,100,2023
17,640470,"Alzolay, Adbert",9/29/2023,716385,17,100,2023
17,622098,"Smith, Drew",9/13/2023,716595,17,100,2023
17,641360,"Bickford, Phil",9/30/2023,716393,17,100,2023
17,665625,"Peguero, Elvis",9/16/2023,716559,17,100,2023
17,650893,"Cabrera, Génesis",10/1/2023,716357,17,100,2023
17,628452,"Iglesias, Raisel",9/26/2023,716429,17,100,2023
17,519293,"Smith, Will",9/9/2023,716657,17,100,2023
17,607755,"Vasquez, Andrew",9/29/2023,716395,17,100,2023
17,640451,"Harvey, Hunter",9/6/2023,716701,17,100,2023
17,670174,"Winckowski, Josh",9/10/2023,716652,17,100,2023
17,671737,"Bradley, Taj",10/1/2023,716357,17,100,2023
17,676092,"Snider, Collin",9/16/2023,716560,17,100,2023
17,643377,"Jax, Griffin",9/20/2023,716506,17,100,2023
17,642545,"Barria, Jaime",9/24/2023,716445,17,100,2023
17,518617,"Diekman, Jake",9/22/2023,716479,17,100,2023
17,686539,"Cronin, Declan",9/28/2023,716443,17,100,2023
17,666374,"Brash, Matt",9/23/2023,716461,17,100,2023
17,660761,"Suarez, José",9/16/2023,716554,17,100,2023
17,687798,"Robertson, Nick",10/1/2023,716367,17,100,2023
17,472610,"García, Luis",9/18/2023,716526,17,100,2023
17,676477,"Whitlock, Garrett",9/17/2023,716548,17,100,2023
17,445926,"Chavez, Jesse",9/27/2023,716412,17,100,2023
17,543859,"Tonkin, Michael",9/16/2023,716565,17,100,2023
17,519293,"Smith, Will",9/20/2023,716507,17,100,2023
17,543056,"Coulombe, Danny",9/27/2023,716416,17,100,2023
17,542888,"Armstrong, Shawn",9/21/2023,716498,17,100,2023
17,543056,"Coulombe, Danny",9/22/2023,716483,17,100,2023
17,571863,"Koch, Matt",9/17/2023,716540,17,100,2023
17,664747,"Díaz, Alexis",9/26/2023,716435,17,100,2023
17,664747,"Díaz, Alexis",9/23/2023,716462,17,100,2023
17,668674,"Erceg, Lucas",9/27/2023,716410,17,100,2023
17,676702,"Stratton, Hunter",9/8/2023,716674,17,100,2023
17,571670,"Floro, Dylan",9/24/2023,716445,17,100,2023
17,676395,"Garcia, Robert",9/26/2023,716434,17,100,2023
17,623352,"Hader, Josh",9/27/2023,716426,17,100,2023
17,623437,"Topa, Justin",9/20/2023,716504,17,100,2023
17,628452,"Iglesias, Raisel",9/22/2023,716485,17,100,2023
17,641755,"Kinley, Tyler",9/19/2023,716516,17,100,2023
17,642048,"Saucedo, Tayler",9/22/2023,716477,17,100,2023
17,643511,"Rogers, Tyler",9/17/2023,716540,17,100,2023
17,690829,"Joyce, Ben",9/27/2023,716420,17,100,2023
17,622250,"Sborz, Josh",9/1/2023,716772,17,100,2023
17,493603,"Ottavino, Adam",9/12/2023,716615,17,100,2023
17,657508,"Baumann, Mike",9/20/2023,716508,17,100,2023
17,682842,"Uribe, Abner",9/6/2023,716697,17,100,2023
17,663423,"Thornton, Trent",9/18/2023,716527,17,100,2023
17,663704,"McArthur, James",9/18/2023,716529,17,100,2023
17,607259,"Martinez, Nick",9/1/2023,716761,17,100,2023
17,664875,"Lawrence, Justin",9/26/2023,716438,17,100,2023
17,665896,"Marte, José",9/21/2023,716498,17,100,2023
17,656222,"Beeks, Jalen",9/1/2023,716767,17,100,2023
17,669084,"Hall, DL",9/21/2023,716489,17,100,2023
17,656382,"Doyle, Tommy",9/1/2023,716759,17,100,2023
17,664875,"Lawrence, Justin",10/1/2023,716359,17,100,2023
17,669713,"Wesneski, Hayden",9/22/2023,716486,17,100,2023
17,607481,"Bummer, Aaron",9/13/2023,716598,17,100,2023
17,656464,"Ginkel, Kevin",9/9/2023,716660,17,100,2023
17,621345,"Minter, A.J.",9/24/2023,716467,17,100,2023
17,663804,"Kowar, Jackson",9/26/2023,716433,17,100,2023
17,681432,"Little, Luke",9/17/2023,716536,17,100,2023
17,606303,"Payamps, Joel",9/1/2023,716765,17,100,2023
17,656271,"Burke, Brock",9/1/2023,716772,17,100,2023
17,502202,"Boxberger, Brad",9/13/2023,716599,17,100,2023
17,657508,"Baumann, Mike",9/16/2023,716561,17,100,2023
17,686539,"Cronin, Declan",10/1/2023,716356,17,100,2023
17,519293,"Smith, Will",9/26/2023,716422,17,100,2023
17,543766,"Shaw, Bryan",9/27/2023,716417,17,100,2023
17,689225,"Brieske, Beau",9/1/2023,716762,17,100,2023
17,664126,"Fairbanks, Pete",9/11/2023,716629,17,100,2023
17,623437,"Topa, Justin",9/27/2023,716407,17,100,2023
17,656730,"Megill, Trevor",9/6/2023,716697,17,100,2023
17,518489,"Brasier, Ryan",9/11/2023,716622,17,100,2023
17,622065,"Young, Alex",9/27/2023,716418,17,100,2023
17,657097,"Webb, Jacob",9/9/2023,716664,17,100,2023
17,595345,"Okert, Steven",9/20/2023,716503,17,100,2023
17,527048,"Pérez, Martín",9/2/2023,716752,17,100,2023
17,682175,"Jacques, Joe",9/9/2023,716664,17,100,2023
17,621366,"Borucki, Ryan",9/3/2023,716733,17,100,2023
17,642048,"Saucedo, Tayler",9/25/2023,716436,17,100,2023
17,621237,"Alvarado, José",9/3/2023,716736,17,100,2023
17,640462,"Puk, A.J.",9/19/2023,716523,17,100,2023
17,518585,"Cruz, Fernando",9/16/2023,716555,17,100,2023
17,621345,"Minter, A.J.",9/16/2023,716565,17,100,2023
17,675989,"Bolton, Cody",9/2/2023,716744,17,100,2023
17,592229,"Covey, Dylan",9/10/2023,716643,17,100,2023
17,680704,"Sandlin, Nick",9/26/2023,716435,17,100,2023
17,664747,"Díaz, Alexis",9/12/2023,716617,17,100,2023
17,657571,"Ferguson, Caleb",9/15/2023,716568,17,100,2023
17,656464,"Ginkel, Kevin",9/15/2023,716567,17,100,2023
17,667755,"Soriano, José",9/16/2023,716554,17,100,2023
17,666204,"Jiménez, Dany",9/2/2023,716755,17,100,2023
17,624647,"González, Victor",9/10/2023,716647,17,100,2023
17,623474,"Herget, Jimmy",9/11/2023,716623,17,100,2023
17,667463,"King, John",9/2/2023,716744,17,100,2023
17,643410,"Leiter Jr., Mark",9/2/2023,716753,17,100,2023
17,681911,"Vesia, Alex",9/16/2023,716552,17,100,2023
17,523260,"Kelly, Joe",9/18/2023,716528,17,100,2023
17,608678,"Leone, Dominic",9/5/2023,716712,17,100,2023
17,571901,"Loup, Aaron",9/5/2023,716706,17,100,2023
17,518489,"Brasier, Ryan",9/20/2023,716494,17,100,2023
17,643377,"Jax, Griffin",9/5/2023,716717,17,100,2023
17,621383,"Banks, Tanner",9/20/2023,716513,17,100,2023
17,600917,"Leclerc, José",9/27/2023,716420,17,100,2023
17,669387,"Mlodzinski, Carmen",9/12/2023,716620,17,100,2023
17,594580,"Moll, Sam",9/4/2023,716727,17,100,2023
17,641627,"Gott, Trevor",9/10/2023,716639,17,100,2023
17,641729,"Jiménez, Joe",9/12/2023,716618,17,100,2023
17,607359,"Patton, Spencer",9/5/2023,716707,17,100,2023
17,669467,"Pallante, Andre",9/5/2023,716709,17,100,2023
17,671345,"Foley, Jason",9/19/2023,716510,17,100,2023
17,656638,"Lange, Alex",9/12/2023,716617,17,100,2023
17,681432,"Little, Luke",9/12/2023,716609,17,100,2023
17,519293,"Smith, Will",9/2/2023,716752,17,100,2023
17,672860,"Berroa, Prelander",10/1/2023,716360,17,100,2023
17,600917,"Leclerc, José",9/16/2023,716562,17,100,2023
17,628708,"Marte, Yunior",9/12/2023,716618,17,100,2023
17,666277,"Soriano, George",9/1/2023,716771,17,100,2023
17,643377,"Jax, Griffin",9/26/2023,716421,17,100,2023
17,543507,"May, Trevor",9/11/2023,716624,17,100,2023
17,682842,"Uribe, Abner",9/3/2023,716736,17,100,2023
17,502085,"Robertson, David",9/30/2023,716378,17,100,2023
17,666168,"Thompson, Mason",9/8/2023,716676,17,100,2023
17,571946,"Miller, Shelby",9/11/2023,716622,17,100,2023
17,622103,"Reyes, Gerardo",9/6/2023,716690,17,100,2023
17,519043,"Moore, Matt",9/30/2023,716378,17,100,2023
17,642100,"Speier, Gabe",9/2/2023,716751,17,100,2023
17,543272,"Hand, Brad",10/1/2023,716354,17,100,2023
17,543507,"May, Trevor",9/28/2023,716400,17,100,2023
17,621345,"Minter, A.J.",9/30/2023,716369,17,100,2023
17,663804,"Kowar, Jackson",9/10/2023,716641,17,100,2023
17,571948,"Milner, Hoby",9/30/2023,716373,17,100,2023
17,622098,"Smith, Drew",9/5/2023,716715,17,100,2023
17,543766,"Shaw, Bryan",10/1/2023,716356,17,100,2023
17,669212,"Morgan, Eli",9/13/2023,716605,17,100,2023
17,571760,"Heaney, Andrew",9/28/2023,716397,17,100,2023
17,670167,"Schreiber, John",9/3/2023,716739,17,100,2023
17,605130,"Barlow, Scott",10/1/2023,716356,17,100,2023
16,493603,"Ottavino, Adam",9/10/2023,716639,16,100,2023
16,623437,"Topa, Justin",9/24/2023,716446,16,100,2023
16,671345,"Foley, Jason",9/28/2023,716401,16,100,2023
16,592779,"Stewart, Brock",9/26/2023,716421,16,100,2023
16,666374,"Brash, Matt",9/16/2023,716552,16,100,2023
16,641835,"Mayza, Tim",9/28/2023,716403,16,100,2023
16,622250,"Sborz, Josh",9/29/2023,716379,16,100,2023
16,642100,"Speier, Gabe",9/30/2023,716366,16,100,2023
16,641729,"Jiménez, Joe",9/28/2023,716399,16,100,2023
16,593576,"Neris, Héctor",9/30/2023,716370,16,100,2023
16,640454,"Krook, Matt",9/9/2023,716659,16,100,2023
16,554340,"García, Yimi",9/24/2023,716452,16,100,2023
16,656730,"Megill, Trevor",9/30/2023,716373,16,100,2023
16,660825,"Bazardo, Eduard",9/30/2023,716366,16,100,2023
16,682842,"Uribe, Abner",9/10/2023,716646,16,100,2023
16,572403,"VerHagen, Drew",9/11/2023,716636,16,100,2023
16,666204,"Jiménez, Dany",9/30/2023,716371,16,100,2023
16,681911,"Vesia, Alex",9/10/2023,716647,16,100,2023
16,676684,"Vest, Will",9/12/2023,716617,16,100,2023
16,623149,"Sewald, Paul",9/1/2023,716756,16,100,2023
16,493603,"Ottavino, Adam",9/16/2023,716555,16,100,2023
16,543766,"Shaw, Bryan",9/14/2023,716580,16,100,2023
16,608371,"Sims, Lucas",9/15/2023,716574,16,100,2023
16,676265,"Abbott, Cory",9/30/2023,716369,16,100,2023
16,676979,"Crochet, Garrett",10/1/2023,716356,16,100,2023
16,670280,"Bednar, David",9/9/2023,716651,16,100,2023
16,666374,"Brash, Matt",9/27/2023,716407,16,100,2023
16,686747,"La Sorsa, Joe",9/30/2023,716369,16,100,2023
16,686747,"La Sorsa, Joe",9/29/2023,716394,16,100,2023
16,489446,"Yates, Kirby",9/21/2023,716496,16,100,2023
16,518617,"Diekman, Jake",9/21/2023,716498,16,100,2023
16,518886,"Kimbrel, Craig",9/21/2023,716490,16,100,2023
16,623437,"Topa, Justin",9/16/2023,716552,16,100,2023
16,664199,"Clarke, Taylor",9/26/2023,716433,16,100,2023
16,571670,"Floro, Dylan",9/19/2023,716522,16,100,2023
16,573204,"Thielbar, Caleb",9/19/2023,716522,16,100,2023
16,592767,"Smyly, Drew",9/21/2023,716493,16,100,2023
16,668674,"Erceg, Lucas",9/23/2023,716470,16,100,2023
16,596112,"Stephenson, Robert",9/19/2023,716524,16,100,2023
16,605177,"Chafin, Andrew",9/19/2023,716515,16,100,2023
16,677053,"Nardi, Andrew",9/8/2023,716679,16,100,2023
16,621363,"Poche, Colin",9/17/2023,716553,16,100,2023
16,669796,"Hernandez, Jose E.",9/27/2023,716415,16,100,2023
16,571656,"Farmer, Buck",9/1/2023,716770,16,100,2023
16,642048,"Saucedo, Tayler",9/18/2023,716527,16,100,2023
16,663855,"Hicks, Jordan",9/24/2023,716452,16,100,2023
16,628452,"Iglesias, Raisel",9/24/2023,716467,16,100,2023
16,656234,"Bird, Jake",9/18/2023,716526,16,100,2023
16,656464,"Ginkel, Kevin",9/19/2023,716511,16,100,2023
16,678606,"Ferrer, Jose A.",9/21/2023,716496,16,100,2023
16,657097,"Webb, Jacob",9/18/2023,716530,16,100,2023
16,663158,"Suarez, Robert",9/22/2023,716476,16,100,2023
16,682842,"Uribe, Abner",9/19/2023,716515,16,100,2023
16,663704,"McArthur, James",9/19/2023,716517,16,100,2023
16,664139,"Gibaut, Ian",9/20/2023,716506,16,100,2023
16,600917,"Leclerc, José",9/24/2023,716446,16,100,2023
16,608678,"Leone, Dominic",9/27/2023,716407,16,100,2023
16,666818,"Frías, Luis",9/20/2023,716499,16,100,2023
16,669084,"Hall, DL",9/17/2023,716553,16,100,2023
16,606160,"Montero, Rafael",9/26/2023,716425,16,100,2023
16,657240,"Merryweather, Julian",9/1/2023,718700,16,100,2023
16,656353,"Davidson, Tucker",9/6/2023,716688,16,100,2023
16,676684,"Vest, Will",9/22/2023,716472,16,100,2023
16,594943,"Neal, Zach",9/24/2023,716442,16,100,2023
16,677053,"Nardi, Andrew",9/19/2023,716523,16,100,2023
16,680704,"Sandlin, Nick",9/19/2023,716517,16,100,2023
16,664875,"Lawrence, Justin",9/19/2023,716516,16,100,2023
16,623352,"Hader, Josh",10/1/2023,716356,16,100,2023
16,669467,"Pallante, Andre",9/23/2023,716457,16,100,2023
16,606303,"Payamps, Joel",9/27/2023,716408,16,100,2023
16,518397,"Alexander, Scott",9/1/2023,716761,16,100,2023
16,669212,"Morgan, Eli",9/1/2023,716767,16,100,2023
16,670990,"Ramírez, Yohan",9/27/2023,716417,16,100,2023
16,607067,"Rea, Colin",9/26/2023,716423,16,100,2023
16,656945,"Scott, Tanner",9/24/2023,716447,16,100,2023
16,592848,"Weiss, Zack",9/19/2023,716519,16,100,2023
16,621237,"Alvarado, José",9/11/2023,717664,16,100,2023
16,606160,"Montero, Rafael",9/9/2023,716649,16,100,2023
16,656529,"Hentges, Sam",9/21/2023,716489,16,100,2023
16,681911,"Vesia, Alex",9/27/2023,716406,16,100,2023
16,607179,"Weems, Jordan",9/26/2023,716434,16,100,2023
16,608638,"Chargois, JT",9/15/2023,716582,16,100,2023
16,571479,"Bellatti, Andrew",9/4/2023,716720,16,100,2023
16,623465,"Phillips, Evan",9/20/2023,716494,16,100,2023
16,657514,"Bernardino, Brennan",9/3/2023,716739,16,100,2023
16,605177,"Chafin, Andrew",9/3/2023,716736,16,100,2023
16,542585,"Cisnero, José",9/5/2023,716711,16,100,2023
16,675540,"Curry, Xzavion",9/13/2023,716605,16,100,2023
16,600921,"Machado, Andrés",9/20/2023,716513,16,100,2023
16,592229,"Covey, Dylan",9/19/2023,716521,16,100,2023
16,675916,"Karinchak, James",9/26/2023,716435,16,100,2023
16,518617,"Diekman, Jake",9/5/2023,716716,16,100,2023
16,543507,"May, Trevor",9/8/2023,716665,16,100,2023
16,622766,"Díaz, Miguel",9/2/2023,716749,16,100,2023
16,592454,"Kahnle, Tommy",9/8/2023,716670,16,100,2023
16,678606,"Ferrer, Jose A.",9/16/2023,716559,16,100,2023
16,666818,"Frías, Luis",9/5/2023,716702,16,100,2023
16,681892,"Funderburk, Kody",9/15/2023,716573,16,100,2023
16,693312,"Nicolas, Kyle",10/1/2023,716362,16,100,2023
16,657024,"Swanson, Erik",10/1/2023,716357,16,100,2023
16,606149,"Gallegos, Giovanny",9/13/2023,716604,16,100,2023
16,571948,"Milner, Hoby",9/17/2023,716543,16,100,2023
16,518886,"Kimbrel, Craig",9/3/2023,716736,16,100,2023
16,681892,"Funderburk, Kody",10/1/2023,716359,16,100,2023
16,664854,"Helsley, Ryan",9/13/2023,716604,16,100,2023
16,656529,"Hentges, Sam",9/13/2023,716605,16,100,2023
16,694037,"Palencia, Daniel",9/6/2023,716699,16,100,2023
16,642546,"Hernández, Jonathan",9/14/2023,716587,16,100,2023
16,542888,"Armstrong, Shawn",9/23/2023,716463,16,100,2023
16,663947,"Holton, Tyler",9/12/2023,716617,16,100,2023
16,663855,"Hicks, Jordan",9/15/2023,716576,16,100,2023
16,571948,"Milner, Hoby",9/2/2023,716745,16,100,2023
16,593974,"Peralta, Wandy",9/9/2023,716659,16,100,2023
16,643377,"Jax, Griffin",9/13/2023,716607,16,100,2023
16,677053,"Nardi, Andrew",9/5/2023,716710,16,100,2023
16,657248,"Otto, Glenn",9/4/2023,716724,16,100,2023
16,621366,"Borucki, Ryan",9/20/2023,716497,16,100,2023
16,664854,"Helsley, Ryan",10/1/2023,716353,16,100,2023
16,607359,"Patton, Spencer",9/2/2023,716755,16,100,2023
16,665625,"Peguero, Elvis",9/5/2023,716714,16,100,2023
16,640462,"Puk, A.J.",9/5/2023,716710,16,100,2023
16,643377,"Jax, Griffin",9/15/2023,716573,16,100,2023
16,656638,"Lange, Alex",9/24/2023,716442,16,100,2023
16,573124,"Rogers, Taylor",9/5/2023,716708,16,100,2023
16,641729,"Jiménez, Joe",9/24/2023,716467,16,100,2023
16,608717,"Stratton, Chris",9/3/2023,716737,16,100,2023
16,687922,"Lucas, Easton",9/10/2023,716637,16,100,2023
16,681806,"Wantz, Andrew",9/2/2023,716755,16,100,2023
16,657097,"Webb, Jacob",9/5/2023,716706,16,100,2023
16,666204,"Jiménez, Dany",9/6/2023,716698,16,100,2023
16,665896,"Marte, José",9/15/2023,716570,16,100,2023
16,455119,"Martin, Chris",9/16/2023,716566,16,100,2023
16,621345,"Minter, A.J.",9/12/2023,716618,16,100,2023
16,548384,"Raley, Brooks",9/30/2023,716376,16,100,2023
16,571863,"Koch, Matt",10/1/2023,716359,16,100,2023
16,572955,"Johnson, Pierce",9/30/2023,716369,16,100,2023
16,666808,"Doval, Camilo",9/8/2023,716668,16,100,2023
16,593576,"Neris, Héctor",9/29/2023,716384,16,100,2023
16,594580,"Moll, Sam",9/30/2023,716372,16,100,2023
15,608678,"Leone, Dominic",9/29/2023,716379,15,100,2023
15,548384,"Raley, Brooks",9/11/2023,716627,15,100,2023
15,571946,"Miller, Shelby",9/24/2023,716439,15,100,2023
15,641743,"Kay, Anthony",10/1/2023,716355,15,100,2023
15,623437,"Topa, Justin",9/30/2023,716366,15,100,2023
15,623465,"Phillips, Evan",10/1/2023,716363,15,100,2023
15,669711,"Weissert, Greg",9/30/2023,716375,15,100,2023
15,669060,"Wilson, Bryse",9/8/2023,716670,15,100,2023
15,625643,"López, Reynaldo",9/8/2023,716667,15,100,2023
15,622098,"Smith, Drew",9/11/2023,716627,15,100,2023
15,592767,"Smyly, Drew",9/13/2023,716599,15,100,2023
15,623465,"Phillips, Evan",9/16/2023,716552,15,100,2023
15,640462,"Puk, A.J.",9/15/2023,716582,15,100,2023
15,489446,"Yates, Kirby",9/13/2023,716603,15,100,2023
15,660853,"De Los Santos, Enyel",9/29/2023,716395,15,100,2023
15,623437,"Topa, Justin",9/11/2023,716623,15,100,2023
15,623437,"Topa, Justin",9/13/2023,716602,15,100,2023
15,681911,"Vesia, Alex",9/13/2023,716589,15,100,2023
15,666204,"Jiménez, Dany",9/28/2023,716400,15,100,2023
15,666818,"Frías, Luis",9/28/2023,716443,15,100,2023
15,656945,"Scott, Tanner",9/16/2023,716565,15,100,2023
15,669084,"Hall, DL",10/1/2023,716367,15,100,2023
15,669711,"Weissert, Greg",10/1/2023,716352,15,100,2023
15,670059,"Holderman, Colin",9/9/2023,716651,15,100,2023
15,670280,"Bednar, David",10/1/2023,716362,15,100,2023
15,622098,"Smith, Drew",9/15/2023,716574,15,100,2023
15,669084,"Hall, DL",9/24/2023,716450,15,100,2023
15,676265,"Abbott, Cory",9/27/2023,716416,15,100,2023
15,650556,"Abreu, Bryan",9/23/2023,716455,15,100,2023
15,621237,"Alvarado, José",9/26/2023,716432,15,100,2023
15,676684,"Vest, Will",9/28/2023,716401,15,100,2023
15,686613,"Brown, Hunter",10/1/2023,716358,15,100,2023
15,671345,"Foley, Jason",9/9/2023,716658,15,100,2023
15,657024,"Swanson, Erik",9/14/2023,716587,15,100,2023
15,542585,"Cisnero, José",9/6/2023,716694,15,100,2023
15,472610,"García, Luis",9/20/2023,716500,15,100,2023
15,502202,"Boxberger, Brad",9/21/2023,716493,15,100,2023
15,605130,"Barlow, Scott",9/8/2023,716669,15,100,2023
15,523260,"Kelly, Joe",9/21/2023,716484,15,100,2023
15,543056,"Coulombe, Danny",9/24/2023,716450,15,100,2023
15,680983,"Cáceres, Kelvin",9/27/2023,716420,15,100,2023
15,552640,"Kittredge, Andrew",9/20/2023,716501,15,100,2023
15,571863,"Koch, Matt",9/8/2023,716668,15,100,2023
15,607179,"Weems, Jordan",9/15/2023,716578,15,100,2023
15,605130,"Barlow, Scott",9/18/2023,716526,15,100,2023
15,608638,"Chargois, JT",9/17/2023,716546,15,100,2023
15,664139,"Gibaut, Ian",9/23/2023,716462,15,100,2023
15,621016,"Cuas, Jose",9/19/2023,716518,15,100,2023
15,621237,"Alvarado, José",9/21/2023,716490,15,100,2023
15,608665,"Graveman, Kendall",9/24/2023,716448,15,100,2023
15,622065,"Young, Alex",9/18/2023,716534,15,100,2023
15,642207,"Williams, Devin",9/15/2023,716578,15,100,2023
15,605242,"Fulmer, Michael",9/11/2023,716625,15,100,2023
15,640462,"Puk, A.J.",9/18/2023,716535,15,100,2023
15,668970,"Hollowell, Gavin",9/24/2023,716449,15,100,2023
15,643410,"Leiter Jr., Mark",9/19/2023,716518,15,100,2023
15,688427,"Ingram, Kolton",9/26/2023,716422,15,100,2023
15,543351,"Jackson, Jay",9/27/2023,716413,15,100,2023
15,681892,"Funderburk, Kody",9/9/2023,716654,15,100,2023
15,657508,"Baumann, Mike",9/18/2023,716530,15,100,2023
15,518585,"Cruz, Fernando",9/9/2023,716655,15,100,2023
15,606149,"Gallegos, Giovanny",9/9/2023,716655,15,100,2023
15,596112,"Stephenson, Robert",9/17/2023,716553,15,100,2023
15,682010,"Ramsey, Lane",9/6/2023,716688,15,100,2023
15,552640,"Kittredge, Andrew",9/27/2023,716419,15,100,2023
15,663804,"Kowar, Jackson",9/18/2023,716529,15,100,2023
15,642397,"Soto, Gregory",9/1/2023,716765,15,100,2023
15,664747,"Díaz, Alexis",9/20/2023,716506,15,100,2023
15,656234,"Bird, Jake",9/1/2023,716759,15,100,2023
15,662253,"Muñoz, Andrés",9/26/2023,716425,15,100,2023
15,682842,"Uribe, Abner",9/18/2023,716531,15,100,2023
15,623465,"Phillips, Evan",9/24/2023,716439,15,100,2023
15,690829,"Joyce, Ben",9/21/2023,716498,15,100,2023
15,502085,"Robertson, David",9/24/2023,716447,15,100,2023
15,681882,"Selby, Colin",9/1/2023,716766,15,100,2023
15,608371,"Sims, Lucas",9/23/2023,716462,15,100,2023
15,670950,"Richards, Trevor",9/19/2023,716520,15,100,2023
15,622088,"Antone, Tejay",9/13/2023,716601,15,100,2023
15,663986,"Stephan, Trevor",9/27/2023,716418,15,100,2023
15,542888,"Armstrong, Shawn",9/13/2023,716607,15,100,2023
15,657024,"Swanson, Erik",9/26/2023,716431,15,100,2023
15,664875,"Lawrence, Justin",9/23/2023,716469,15,100,2023
15,608032,"Estévez, Carlos",9/9/2023,716650,15,100,2023
15,686973,"Varland, Louis",9/24/2023,716445,15,100,2023
15,621199,"Bowman, Matt",9/12/2023,716612,15,100,2023
15,681806,"Wantz, Andrew",9/27/2023,716420,15,100,2023
15,656546,"Hoffman, Jeff",9/20/2023,716509,15,100,2023
15,607179,"Weems, Jordan",9/24/2023,716467,15,100,2023
15,623352,"Hader, Josh",9/23/2023,716457,15,100,2023
15,518397,"Alexander, Scott",9/5/2023,716708,15,100,2023
15,608665,"Graveman, Kendall",9/9/2023,716649,15,100,2023
15,605280,"Holmes, Clay",9/25/2023,716471,15,100,2023
15,543507,"May, Trevor",9/6/2023,716698,15,100,2023
15,621016,"Cuas, Jose",9/16/2023,716558,15,100,2023
15,661403,"Clase, Emmanuel",9/13/2023,716605,15,100,2023
15,666374,"Brash, Matt",9/5/2023,716712,15,100,2023
15,502085,"Robertson, David",9/1/2023,716771,15,100,2023
15,650893,"Cabrera, Génesis",9/4/2023,716726,15,100,2023
15,573204,"Thielbar, Caleb",9/8/2023,716666,15,100,2023
15,605177,"Chafin, Andrew",9/5/2023,716714,15,100,2023
15,657514,"Bernardino, Brennan",9/6/2023,716696,15,100,2023
15,666808,"Doval, Camilo",9/15/2023,716571,15,100,2023
15,543056,"Coulombe, Danny",9/3/2023,716732,15,100,2023
15,608717,"Stratton, Chris",9/22/2023,716477,15,100,2023
15,606965,"Devenski, Chris",9/2/2023,716754,15,100,2023
15,622554,"Domínguez, Seranthony",9/3/2023,716736,15,100,2023
15,571946,"Miller, Shelby",9/18/2023,716528,15,100,2023
15,500871,"Escobar, Eduardo",9/15/2023,716570,15,100,2023
15,650960,"Duarte, Daniel",9/12/2023,716617,15,100,2023
15,650960,"Duarte, Daniel",9/13/2023,716601,15,100,2023
15,666154,"Kauffmann, Karl",9/27/2023,716406,15,100,2023
15,542585,"Cisnero, José",9/17/2023,716544,15,100,2023
15,608032,"Estévez, Carlos",9/10/2023,716633,15,100,2023
15,554340,"García, Yimi",9/2/2023,716748,15,100,2023
15,661403,"Clase, Emmanuel",9/8/2023,716667,15,100,2023
15,656464,"Ginkel, Kevin",9/4/2023,716721,15,100,2023
15,669084,"Hall, DL",9/4/2023,716713,15,100,2023
15,543272,"Hand, Brad",9/3/2023,716725,15,100,2023
15,687396,"Headrick, Brent",9/2/2023,716752,15,100,2023
15,600917,"Leclerc, José",9/30/2023,716366,15,100,2023
15,640470,"Alzolay, Adbert",9/8/2023,716678,15,100,2023
15,656529,"Hentges, Sam",9/4/2023,716719,15,100,2023
15,621294,"Heller, Ben",9/8/2023,716674,15,100,2023
15,676680,"Cosgrove, Tom",9/29/2023,716391,15,100,2023
15,554340,"García, Yimi",9/12/2023,716616,15,100,2023
15,656546,"Hoffman, Jeff",9/3/2023,716736,15,100,2023
15,676265,"Abbott, Cory",9/24/2023,716467,15,100,2023
15,621345,"Minter, A.J.",9/7/2023,716680,15,100,2023
15,663462,"Campbell, Isaiah",9/7/2023,716683,15,100,2023
15,543766,"Shaw, Bryan",9/6/2023,716688,15,100,2023
15,607216,"Krehbiel, Joey",9/2/2023,716747,15,100,2023
15,687396,"Headrick, Brent",9/14/2023,716580,15,100,2023
15,669276,"Lee, Dylan",9/3/2023,716725,15,100,2023
15,605347,"López, Jorge",9/5/2023,716706,15,100,2023
15,641835,"Mayza, Tim",9/3/2023,716730,15,100,2023
15,681806,"Wantz, Andrew",9/10/2023,716633,15,100,2023
15,628452,"Iglesias, Raisel",9/11/2023,717664,15,100,2023
15,594580,"Moll, Sam",9/9/2023,716655,15,100,2023
15,669212,"Morgan, Eli",9/5/2023,716717,15,100,2023
15,679346,"Navarro, Edgar",9/2/2023,716749,15,100,2023
15,664747,"Díaz, Alexis",9/30/2023,716372,15,100,2023
15,594580,"Moll, Sam",9/1/2023,716770,15,100,2023
15,523260,"Kelly, Joe",9/29/2023,716382,15,100,2023
15,621381,"Strahm, Matt",9/10/2023,716643,15,100,2023
15,690829,"Joyce, Ben",9/10/2023,716633,15,100,2023
15,453178,"Kennedy, Ian",9/11/2023,716630,15,100,2023
15,680704,"Sandlin, Nick",9/6/2023,716700,15,100,2023
15,660906,"Pérez, Francisco",9/4/2023,716726,15,100,2023
15,656887,"Reid-Foley, Sean",9/2/2023,716751,15,100,2023
15,571863,"Koch, Matt",9/11/2023,716625,15,100,2023
15,642048,"Saucedo, Tayler",9/30/2023,716366,15,100,2023
15,666619,"Santos, Gregory",9/3/2023,716734,15,100,2023
15,523260,"Kelly, Joe",9/16/2023,716552,15,100,2023
15,669461,"Liberatore, Matthew",9/22/2023,716476,15,100,2023
15,552640,"Kittredge, Andrew",9/21/2023,716498,15,100,2023
15,670174,"Winckowski, Josh",9/4/2023,716722,15,100,2023
15,489446,"Yates, Kirby",9/5/2023,716709,15,100,2023
15,669387,"Mlodzinski, Carmen",9/20/2023,716497,15,100,2023
15,518886,"Kimbrel, Craig",9/30/2023,716393,15,100,2023
15,621366,"Borucki, Ryan",9/29/2023,716398,15,100,2023
15,667755,"Soriano, José",9/7/2023,716684,15,100,2023
15,628708,"Marte, Yunior",9/16/2023,716557,15,100,2023
15,571948,"Milner, Hoby",9/12/2023,716610,15,100,2023
15,622766,"Díaz, Miguel",9/7/2023,716686,15,100,2023
15,543766,"Shaw, Bryan",9/29/2023,716391,15,100,2023
15,572403,"VerHagen, Drew",9/30/2023,716372,15,100,2023
15,573009,"Mantiply, Joe",9/28/2023,716443,15,100,2023
15,662253,"Muñoz, Andrés",9/13/2023,716602,15,100,2023
15,605447,"Romano, Jordan",9/30/2023,716383,15,100,2023
14,605177,"Chafin, Andrew",10/1/2023,716364,14,100,2023
14,608665,"Graveman, Kendall",9/30/2023,716370,14,100,2023
14,573124,"Rogers, Taylor",10/1/2023,716363,14,100,2023
14,596112,"Stephenson, Robert",9/10/2023,716645,14,100,2023
14,663158,"Suarez, Robert",9/13/2023,716589,14,100,2023
14,663462,"Campbell, Isaiah",9/28/2023,716397,14,100,2023
14,595345,"Okert, Steven",9/16/2023,716565,14,100,2023
14,527048,"Pérez, Martín",9/11/2023,716630,14,100,2023
14,643511,"Rogers, Tyler",9/13/2023,716605,14,100,2023
14,628452,"Iglesias, Raisel",9/30/2023,716369,14,100,2023
14,596271,"Lawrence, Casey",9/9/2023,716655,14,100,2023
14,641729,"Jiménez, Joe",10/1/2023,716354,14,100,2023
14,641755,"Kinley, Tyler",9/29/2023,716387,14,100,2023
14,641835,"Mayza, Tim",10/1/2023,716357,14,100,2023
14,666619,"Santos, Gregory",9/10/2023,716648,14,100,2023
14,643410,"Leiter Jr., Mark",9/29/2023,716385,14,100,2023
14,593974,"Peralta, Wandy",9/14/2023,716593,14,100,2023
14,621363,"Poche, Colin",9/14/2023,716586,14,100,2023
14,656814,"Ortiz, Luis F.",9/30/2023,716376,14,100,2023
14,518489,"Brasier, Ryan",9/8/2023,716676,14,100,2023
14,667755,"Soriano, José",9/11/2023,716623,14,100,2023
14,656986,"Sousa, Bennett",10/1/2023,716358,14,100,2023
14,657514,"Bernardino, Brennan",10/1/2023,716367,14,100,2023
14,605447,"Romano, Jordan",9/15/2023,716576,14,100,2023
14,663947,"Holton, Tyler",9/30/2023,716380,14,100,2023
14,571479,"Bellatti, Andrew",9/8/2023,716679,14,100,2023
14,671111,"Peralta, Sammy",9/29/2023,716391,14,100,2023
14,672578,"Hernández, Carlos",10/1/2023,716352,14,100,2023
14,621237,"Alvarado, José",9/23/2023,716466,14,100,2023
14,621383,"Banks, Tanner",9/27/2023,716417,14,100,2023
14,671345,"Foley, Jason",9/6/2023,716694,14,100,2023
14,502202,"Boxberger, Brad",9/20/2023,716497,14,100,2023
14,518886,"Kimbrel, Craig",9/20/2023,716509,14,100,2023
14,554340,"García, Yimi",9/19/2023,716520,14,100,2023
14,656353,"Davidson, Tucker",9/23/2023,716455,14,100,2023
14,642048,"Saucedo, Tayler",9/9/2023,716656,14,100,2023
14,661395,"Duran, Jhoan",9/27/2023,716410,14,100,2023
14,592767,"Smyly, Drew",9/19/2023,716518,14,100,2023
14,594580,"Moll, Sam",9/20/2023,716506,14,100,2023
14,664126,"Fairbanks, Pete",9/26/2023,716428,14,100,2023
14,571656,"Farmer, Buck",9/27/2023,716418,14,100,2023
14,680739,"Winder, Josh",9/14/2023,716580,14,100,2023
14,571882,"Law, Derek",9/8/2023,716677,14,100,2023
14,608032,"Estévez, Carlos",9/20/2023,716501,14,100,2023
14,621366,"Borucki, Ryan",9/22/2023,716487,14,100,2023
14,623465,"Phillips, Evan",9/21/2023,716484,14,100,2023
14,664854,"Helsley, Ryan",9/26/2023,716423,14,100,2023
14,640451,"Harvey, Hunter",9/19/2023,716525,14,100,2023
14,641627,"Gott, Trevor",9/20/2023,716503,14,100,2023
14,571948,"Milner, Hoby",9/1/2023,716765,14,100,2023
14,643338,"Green, Chad",9/20/2023,716502,14,100,2023
14,656945,"Scott, Tanner",9/19/2023,716523,14,100,2023
14,657514,"Bernardino, Brennan",9/20/2023,716507,14,100,2023
14,657571,"Ferguson, Caleb",9/18/2023,716528,14,100,2023
14,660853,"De Los Santos, Enyel",9/20/2023,716505,14,100,2023
14,663947,"Holton, Tyler",9/22/2023,716472,14,100,2023
14,594902,"Lively, Ben",9/27/2023,716418,14,100,2023
14,666204,"Jiménez, Dany",9/20/2023,716504,14,100,2023
14,643410,"Leiter Jr., Mark",9/1/2023,716770,14,100,2023
14,669467,"Pallante, Andre",9/19/2023,716515,14,100,2023
14,670059,"Holderman, Colin",9/20/2023,716497,14,100,2023
14,672335,"Pérez, Cionel",9/21/2023,716489,14,100,2023
14,607179,"Weems, Jordan",9/8/2023,716676,14,100,2023
14,669459,"Nelson, Kyle",9/26/2023,716427,14,100,2023
14,664747,"Díaz, Alexis",9/1/2023,716770,14,100,2023
14,542888,"Armstrong, Shawn",9/8/2023,716671,14,100,2023
14,694037,"Palencia, Daniel",9/17/2023,716536,14,100,2023
14,671111,"Peralta, Sammy",9/1/2023,716762,14,100,2023
14,683232,"Mears, Nick",9/20/2023,716500,14,100,2023
14,675540,"Curry, Xzavion",9/17/2023,716549,14,100,2023
14,642397,"Soto, Gregory",9/27/2023,716415,14,100,2023
14,596112,"Stephenson, Robert",9/27/2023,716419,14,100,2023
14,657044,"Thompson, Ryan",9/25/2023,716471,14,100,2023
14,621366,"Borucki, Ryan",9/13/2023,716600,14,100,2023
14,572403,"VerHagen, Drew",9/26/2023,716423,14,100,2023
14,681911,"Vesia, Alex",9/24/2023,716439,14,100,2023
14,676254,"Walker, Ryan",9/27/2023,716426,14,100,2023
14,605154,"Brebbia, John",9/12/2023,716619,14,100,2023
14,650556,"Abreu, Bryan",9/9/2023,716649,14,100,2023
14,605177,"Chafin, Andrew",9/10/2023,716646,14,100,2023
14,674003,"Bradford, Cody",9/3/2023,716737,14,100,2023
14,676680,"Cosgrove, Tom",9/11/2023,716622,14,100,2023
14,622554,"Domínguez, Seranthony",9/15/2023,716572,14,100,2023
14,675916,"Karinchak, James",9/24/2023,716450,14,100,2023
14,612434,"Castro, Miguel",9/3/2023,716732,14,100,2023
14,518585,"Cruz, Fernando",9/13/2023,716601,14,100,2023
14,676680,"Cosgrove, Tom",9/4/2023,716720,14,100,2023
14,621016,"Cuas, Jose",9/4/2023,716723,14,100,2023
14,681432,"Little, Luke",9/6/2023,716699,14,100,2023
14,660813,"Graterol, Brusdar",9/9/2023,716662,14,100,2023
14,606965,"Devenski, Chris",9/5/2023,716716,14,100,2023
14,518617,"Diekman, Jake",9/4/2023,716722,14,100,2023
14,622554,"Domínguez, Seranthony",9/2/2023,716745,14,100,2023
14,664747,"Díaz, Alexis",9/3/2023,716738,14,100,2023
14,622766,"Díaz, Miguel",9/5/2023,716711,14,100,2023
14,608032,"Estévez, Carlos",9/4/2023,716713,14,100,2023
14,571670,"Floro, Dylan",9/4/2023,716719,14,100,2023
14,605154,"Brebbia, John",9/17/2023,716540,14,100,2023
14,676684,"Vest, Will",9/7/2023,716686,14,100,2023
14,670102,"Francis, Bowden",9/5/2023,716707,14,100,2023
14,681892,"Funderburk, Kody",9/3/2023,716737,14,100,2023
14,661395,"Duran, Jhoan",9/8/2023,716666,14,100,2023
14,554340,"García, Yimi",9/4/2023,716726,14,100,2023
14,573009,"Mantiply, Joe",9/22/2023,716480,14,100,2023
14,666818,"Frías, Luis",9/16/2023,716558,14,100,2023
14,472610,"García, Luis",9/9/2023,716649,14,100,2023
14,666818,"Frías, Luis",9/13/2023,716595,14,100,2023
14,472610,"García, Luis",9/15/2023,716569,14,100,2023
14,657612,"Hill, Tim",9/4/2023,716720,14,100,2023
14,628452,"Iglesias, Raisel",9/2/2023,716741,14,100,2023
14,676680,"Cosgrove, Tom",10/1/2023,716356,14,100,2023
14,688427,"Ingram, Kolton",9/3/2023,716731,14,100,2023
14,664139,"Gibaut, Ian",9/13/2023,716601,14,100,2023
14,666204,"Jiménez, Dany",9/3/2023,716731,14,100,2023
14,641729,"Jiménez, Joe",9/2/2023,716741,14,100,2023
14,687330,"Kelly, Kevin",9/3/2023,716729,14,100,2023
14,623474,"Herget, Jimmy",9/16/2023,716554,14,100,2023
14,489446,"Yates, Kirby",9/11/2023,717664,14,100,2023
14,640448,"Finnegan, Kyle",9/6/2023,716701,14,100,2023
14,670059,"Holderman, Colin",9/13/2023,716600,14,100,2023
14,670059,"Holderman, Colin",9/12/2023,716620,14,100,2023
14,672578,"Hernández, Carlos",9/15/2023,716577,14,100,2023
14,663947,"Holton, Tyler",9/10/2023,716648,14,100,2023
14,664208,"Maton, Phil",9/4/2023,716724,14,100,2023
14,663855,"Hicks, Jordan",9/16/2023,716566,14,100,2023
14,571948,"Milner, Hoby",9/4/2023,716718,14,100,2023
14,690829,"Joyce, Ben",9/13/2023,716602,14,100,2023
14,593576,"Neris, Héctor",9/2/2023,716746,14,100,2023
14,667463,"King, John",9/13/2023,716604,14,100,2023
14,682010,"Ramsey, Lane",9/3/2023,716734,14,100,2023
14,687145,"Justice, Evan",9/16/2023,716581,14,100,2023
14,642048,"Saucedo, Tayler",9/29/2023,716379,14,100,2023
14,680704,"Sandlin, Nick",9/2/2023,716754,14,100,2023
14,669270,"Kuhnel, Joel",9/12/2023,716614,14,100,2023
14,666619,"Santos, Gregory",9/5/2023,716704,14,100,2023
14,600917,"Leclerc, José",9/10/2023,716637,14,100,2023
14,665625,"Peguero, Elvis",9/14/2023,716585,14,100,2023
14,643410,"Leiter Jr., Mark",9/10/2023,716638,14,100,2023
14,592773,"Stanek, Ryne",9/2/2023,716746,14,100,2023
14,596271,"Lawrence, Casey",9/15/2023,716572,14,100,2023
14,643410,"Leiter Jr., Mark",9/16/2023,716558,14,100,2023
14,660906,"Pérez, Francisco",9/13/2023,716596,14,100,2023
14,625643,"López, Reynaldo",9/12/2023,716619,14,100,2023
14,681806,"Wantz, Andrew",9/3/2023,716731,14,100,2023
14,669713,"Wesneski, Hayden",9/5/2023,716708,14,100,2023
14,605347,"López, Jorge",9/14/2023,716586,14,100,2023
14,666204,"Jiménez, Dany",9/8/2023,716665,14,100,2023
14,571946,"Miller, Shelby",9/13/2023,716589,14,100,2023
14,666374,"Brash, Matt",9/7/2023,716683,14,100,2023
14,547179,"Lorenzen, Michael",10/1/2023,716355,14,100,2023
14,519043,"Moore, Matt",9/11/2023,716632,14,100,2023
14,573009,"Mantiply, Joe",9/30/2023,716370,14,100,2023
13,643410,"Leiter Jr., Mark",9/20/2023,716497,13,100,2023
13,656266,"Bukauskas, J.B.",9/21/2023,716491,13,100,2023
13,656529,"Hentges, Sam",9/18/2023,716529,13,100,2023
13,660813,"Graterol, Brusdar",9/19/2023,716510,13,100,2023
13,677161,"Kelly, Zack",9/26/2023,716428,13,100,2023
13,640451,"Harvey, Hunter",9/1/2023,716771,13,100,2023
13,663855,"Hicks, Jordan",9/20/2023,716502,13,100,2023
13,664208,"Maton, Phil",9/19/2023,716514,13,100,2023
13,668674,"Erceg, Lucas",9/22/2023,716472,13,100,2023
13,669060,"Wilson, Bryse",9/20/2023,716495,13,100,2023
13,683232,"Mears, Nick",9/23/2023,716469,13,100,2023
13,657240,"Merryweather, Julian",9/27/2023,716412,13,100,2023
13,669796,"Hernandez, Jose E.",9/22/2023,716487,13,100,2023
13,547179,"Lorenzen, Michael",9/24/2023,716454,13,100,2023
13,657571,"Ferguson, Caleb",9/1/2023,716757,13,100,2023
13,675540,"Curry, Xzavion",9/19/2023,716517,13,100,2023
13,687145,"Justice, Evan",9/9/2023,716663,13,100,2023
13,662253,"Muñoz, Andrés",9/24/2023,716446,13,100,2023
13,694037,"Palencia, Daniel",9/24/2023,716449,13,100,2023
13,683232,"Mears, Nick",9/18/2023,716526,13,100,2023
13,687798,"Robertson, Nick",9/17/2023,716548,13,100,2023
13,672335,"Pérez, Cionel",9/23/2023,716464,13,100,2023
13,670059,"Holderman, Colin",9/1/2023,716766,13,100,2023
13,643511,"Rogers, Tyler",9/24/2023,716439,13,100,2023
13,605447,"Romano, Jordan",9/26/2023,716431,13,100,2023
13,605130,"Barlow, Scott",9/15/2023,716569,13,100,2023
13,607179,"Weems, Jordan",9/9/2023,716662,13,100,2023
13,663986,"Stephan, Trevor",9/24/2023,716450,13,100,2023
13,608717,"Stratton, Chris",9/24/2023,716446,13,100,2023
13,606930,"Barnes, Jacob",9/10/2023,716642,13,100,2023
13,623437,"Topa, Justin",9/23/2023,716461,13,100,2023
13,608344,"Irvin, Cole",9/6/2023,716690,13,100,2023
13,657240,"Merryweather, Julian",9/8/2023,716678,13,100,2023
13,642545,"Barria, Jaime",9/4/2023,716713,13,100,2023
13,670280,"Bednar, David",9/4/2023,716718,13,100,2023
13,641360,"Bickford, Phil",9/2/2023,716751,13,100,2023
13,661403,"Clase, Emmanuel",9/12/2023,716619,13,100,2023
13,607481,"Bummer, Aaron",9/5/2023,716704,13,100,2023
13,606965,"Devenski, Chris",9/15/2023,716583,13,100,2023
13,660853,"De Los Santos, Enyel",9/2/2023,716754,13,100,2023
13,656412,"Faedo, Alex",9/2/2023,716749,13,100,2023
13,664126,"Fairbanks, Pete",9/5/2023,716716,13,100,2023
13,671345,"Foley, Jason",9/3/2023,716734,13,100,2023
13,623352,"Hader, Josh",9/19/2023,716516,13,100,2023
13,571656,"Farmer, Buck",9/12/2023,716617,13,100,2023
13,502085,"Robertson, David",9/8/2023,716679,13,100,2023
13,657571,"Ferguson, Caleb",9/7/2023,716682,13,100,2023
13,571670,"Floro, Dylan",9/13/2023,716607,13,100,2023
13,592741,"Shreve, Chasen",9/8/2023,716677,13,100,2023
13,656529,"Hentges, Sam",9/2/2023,716754,13,100,2023
13,605280,"Holmes, Clay",9/5/2023,716711,13,100,2023
13,445276,"Jansen, Kenley",9/5/2023,716716,13,100,2023
13,643338,"Green, Chad",9/11/2023,716630,13,100,2023
13,592454,"Kahnle, Tommy",9/5/2023,716711,13,100,2023
13,543272,"Hand, Brad",9/13/2023,716603,13,100,2023
13,612434,"Castro, Miguel",9/16/2023,716558,13,100,2023
13,656529,"Hentges, Sam",9/11/2023,716632,13,100,2023
13,656638,"Lange, Alex",9/3/2023,716734,13,100,2023
13,663158,"Suarez, Robert",9/23/2023,716457,13,100,2023
13,571882,"Law, Derek",9/3/2023,716738,13,100,2023
13,543518,"McGough, Scott",9/6/2023,716692,13,100,2023
13,670167,"Schreiber, John",9/26/2023,716428,13,100,2023
13,668984,"Legumina, Casey",9/5/2023,716712,13,100,2023
13,621363,"Poche, Colin",9/9/2023,716656,13,100,2023
13,643410,"Leiter Jr., Mark",9/5/2023,716708,13,100,2023
13,571901,"Loup, Aaron",9/2/2023,716755,13,100,2023
13,573009,"Mantiply, Joe",9/2/2023,716747,13,100,2023
13,573009,"Mantiply, Joe",9/5/2023,716702,13,100,2023
13,455119,"Martin, Chris",9/4/2023,716722,13,100,2023
13,455119,"Martin, Chris",9/5/2023,716716,13,100,2023
13,701643,"Hartwig, Grant",9/8/2023,716666,13,100,2023
13,663947,"Holton, Tyler",9/8/2023,716675,13,100,2023
13,571946,"Miller, Shelby",9/3/2023,716725,13,100,2023
13,445276,"Jansen, Kenley",9/12/2023,716612,13,100,2023
13,519043,"Moore, Matt",9/2/2023,716754,13,100,2023
13,675916,"Karinchak, James",9/20/2023,716505,13,100,2023
13,666204,"Jiménez, Dany",9/12/2023,716614,13,100,2023
13,592454,"Kahnle, Tommy",9/10/2023,716646,13,100,2023
13,606160,"Montero, Rafael",9/23/2023,716455,13,100,2023
13,592454,"Kahnle, Tommy",9/12/2023,716628,13,100,2023
13,687330,"Kelly, Kevin",9/11/2023,716629,13,100,2023
13,453178,"Kennedy, Ian",9/13/2023,716594,13,100,2023
13,518886,"Kimbrel, Craig",9/11/2023,716590,13,100,2023
13,641755,"Kinley, Tyler",9/10/2023,716634,13,100,2023
13,664208,"Maton, Phil",9/9/2023,716649,13,100,2023
13,686747,"La Sorsa, Joe",9/24/2023,716467,13,100,2023
13,552640,"Kittredge, Andrew",9/12/2023,716613,13,100,2023
13,642048,"Saucedo, Tayler",9/2/2023,716751,13,100,2023
13,656945,"Scott, Tanner",9/5/2023,716710,13,100,2023
13,592741,"Shreve, Chasen",9/3/2023,716738,13,100,2023
13,607259,"Martinez, Nick",9/13/2023,716589,13,100,2023
13,669060,"Wilson, Bryse",9/4/2023,716718,13,100,2023
13,543518,"McGough, Scott",9/10/2023,716638,13,100,2023
13,621345,"Minter, A.J.",9/11/2023,717664,13,100,2023
13,572955,"Johnson, Pierce",9/26/2023,716429,13,100,2023
13,643377,"Jax, Griffin",9/17/2023,716542,13,100,2023
13,606160,"Montero, Rafael",9/13/2023,716596,13,100,2023
13,552640,"Kittredge, Andrew",10/1/2023,716357,13,100,2023
13,623437,"Topa, Justin",9/9/2023,716656,13,100,2023
13,663704,"McArthur, James",9/16/2023,716560,13,100,2023
13,593576,"Neris, Héctor",9/13/2023,716596,13,100,2023
13,606930,"Barnes, Jacob",9/28/2023,716396,13,100,2023
13,607179,"Weems, Jordan",9/30/2023,716369,13,100,2023
13,594580,"Moll, Sam",9/16/2023,716555,13,100,2023
13,642397,"Soto, Gregory",9/22/2023,716481,13,100,2023
13,606160,"Montero, Rafael",9/16/2023,716560,13,100,2023
13,621237,"Alvarado, José",9/30/2023,716393,13,100,2023
13,605347,"López, Jorge",9/9/2023,716664,13,100,2023
13,548384,"Raley, Brooks",9/6/2023,716701,13,100,2023
13,641835,"Mayza, Tim",9/21/2023,716492,13,100,2023
13,642133,"Tellez, Rowdy",9/22/2023,716482,13,100,2023
13,598286,"Ramirez, Nick",9/12/2023,716612,13,100,2023
13,622250,"Sborz, Josh",9/30/2023,716366,13,100,2023
13,669459,"Nelson, Kyle",9/15/2023,716567,13,100,2023
13,640448,"Finnegan, Kyle",9/29/2023,716394,13,100,2023
13,640451,"Harvey, Hunter",10/1/2023,716354,13,100,2023
13,666619,"Santos, Gregory",9/12/2023,716611,13,100,2023
13,656271,"Burke, Brock",9/29/2023,716379,13,100,2023
13,656353,"Davidson, Tucker",9/29/2023,716389,13,100,2023
13,656529,"Hentges, Sam",9/29/2023,716395,13,100,2023
13,663986,"Stephan, Trevor",9/12/2023,716619,13,100,2023
13,657240,"Merryweather, Julian",9/29/2023,716385,13,100,2023
13,660261,"Fujinami, Shintaro",10/1/2023,716367,13,100,2023
13,660813,"Graterol, Brusdar",9/29/2023,716382,13,100,2023
13,663423,"Thornton, Trent",10/1/2023,716360,13,100,2023
13,663462,"Campbell, Isaiah",10/1/2023,716360,13,100,2023
13,664294,"Moreta, Dauri",10/1/2023,716362,13,100,2023
13,657097,"Webb, Jacob",9/13/2023,716604,13,100,2023
13,669713,"Wesneski, Hayden",9/12/2023,716609,13,100,2023
13,642207,"Williams, Devin",9/10/2023,716646,13,100,2023
13,672582,"Zerpa, Angel",9/12/2023,716631,13,100,2023
13,681911,"Vesia, Alex",9/21/2023,716484,13,100,2023
13,640462,"Puk, A.J.",9/6/2023,716695,13,100,2023
13,573186,"Stroman, Marcus",9/16/2023,716558,13,100,2023
13,605130,"Barlow, Scott",9/6/2023,716691,13,100,2023
13,701643,"Hartwig, Grant",9/28/2023,716404,13,100,2023
13,650893,"Cabrera, Génesis",9/27/2023,716413,13,100,2023
13,642207,"Williams, Devin",9/12/2023,716610,13,100,2023
13,669711,"Weissert, Greg",9/9/2023,716659,13,100,2023
13,666974,"Cano, Yennier",9/26/2023,716434,13,100,2023
13,518397,"Alexander, Scott",9/19/2023,716511,13,100,2023
13,670950,"Richards, Trevor",9/14/2023,716587,13,100,2023
13,547973,"Chapman, Aroldis",9/27/2023,716420,13,100,2023
13,676680,"Cosgrove, Tom",9/27/2023,716426,13,100,2023
13,542888,"Armstrong, Shawn",9/17/2023,716553,13,100,2023
13,676979,"Crochet, Garrett",9/27/2023,716417,13,100,2023
13,686539,"Cronin, Declan",9/26/2023,716427,13,100,2023
13,518585,"Cruz, Fernando",9/23/2023,716462,13,100,2023
13,669276,"Lee, Dylan",9/8/2023,716674,13,100,2023
13,543766,"Shaw, Bryan",9/19/2023,716525,13,100,2023
13,605154,"Brebbia, John",9/6/2023,716699,13,100,2023
13,548384,"Raley, Brooks",9/22/2023,716481,13,100,2023
13,676254,"Walker, Ryan",9/9/2023,716663,13,100,2023
13,623474,"Herget, Jimmy",10/1/2023,716365,13,100,2023
13,660853,"De Los Santos, Enyel",9/24/2023,716450,13,100,2023
13,666808,"Doval, Camilo",9/27/2023,716426,13,100,2023
13,607179,"Weems, Jordan",9/16/2023,716559,13,100,2023
13,592426,"Jackson, Luke",9/21/2023,716484,13,100,2023
13,621363,"Poche, Colin",9/29/2023,716392,13,100,2023
13,592848,"Weiss, Zack",9/20/2023,716507,13,100,2023
13,642397,"Soto, Gregory",9/9/2023,716653,13,100,2023
13,605154,"Brebbia, John",9/21/2023,716484,13,100,2023
13,677053,"Nardi, Andrew",9/23/2023,716460,13,100,2023
13,642397,"Soto, Gregory",9/8/2023,716679,13,100,2023
13,608371,"Sims, Lucas",9/22/2023,716487,13,100,2023
13,518489,"Brasier, Ryan",9/16/2023,716552,13,100,2023
13,554340,"García, Yimi",9/23/2023,716463,13,100,2023
13,612434,"Castro, Miguel",9/17/2023,716536,13,100,2023
13,621381,"Strahm, Matt",9/20/2023,716509,13,100,2023
13,643338,"Green, Chad",9/8/2023,716673,13,100,2023
13,623352,"Hader, Josh",9/20/2023,716500,13,100,2023
12,608718,"Suter, Brent",9/28/2023,716405,12,100,2023
12,593974,"Peralta, Wandy",9/10/2023,716646,12,100,2023
12,593974,"Peralta, Wandy",9/12/2023,716628,12,100,2023
12,667463,"King, John",9/9/2023,716655,12,100,2023
12,624647,"González, Victor",10/1/2023,716363,12,100,2023
12,669060,"Wilson, Bryse",9/9/2023,716659,12,100,2023
12,662253,"Muñoz, Andrés",9/16/2023,716552,12,100,2023
12,573124,"Rogers, Taylor",9/11/2023,716632,12,100,2023
12,670950,"Richards, Trevor",9/1/2023,716759,12,100,2023
12,642207,"Williams, Devin",9/30/2023,716373,12,100,2023
12,656638,"Lange, Alex",10/1/2023,716361,12,100,2023
12,607732,"Stallings, Jacob",9/11/2023,716626,12,100,2023
12,608717,"Stratton, Chris",9/11/2023,716630,12,100,2023
12,669461,"Liberatore, Matthew",9/7/2023,716680,12,100,2023
12,687798,"Robertson, Nick",9/16/2023,716566,12,100,2023
12,664208,"Maton, Phil",9/29/2023,716384,12,100,2023
12,666974,"Cano, Yennier",9/28/2023,716402,12,100,2023
12,670059,"Holderman, Colin",9/6/2023,716697,12,100,2023
12,667463,"King, John",10/1/2023,716353,12,100,2023
12,623149,"Sewald, Paul",9/16/2023,716558,12,100,2023
12,669194,"Nelson, Ryne",10/1/2023,716358,12,100,2023
12,669461,"Liberatore, Matthew",9/30/2023,716372,12,100,2023
12,676684,"Vest, Will",10/1/2023,716361,12,100,2023
12,596271,"Lawrence, Casey",9/8/2023,716677,12,100,2023
12,600986,"Vieira, Thyago",9/8/2023,716670,12,100,2023
12,656234,"Bird, Jake",9/26/2023,716438,12,100,2023
12,663158,"Suarez, Robert",9/16/2023,716564,12,100,2023
12,455119,"Martin, Chris",9/22/2023,716478,12,100,2023
12,676680,"Cosgrove, Tom",9/25/2023,716441,12,100,2023
12,543056,"Coulombe, Danny",9/18/2023,716530,12,100,2023
12,676684,"Vest, Will",9/14/2023,716584,12,100,2023
12,621016,"Cuas, Jose",9/26/2023,716429,12,100,2023
12,571656,"Farmer, Buck",9/19/2023,716522,12,100,2023
12,606965,"Devenski, Chris",9/27/2023,716419,12,100,2023
12,572403,"VerHagen, Drew",9/22/2023,716476,12,100,2023
12,664126,"Fairbanks, Pete",9/14/2023,716586,12,100,2023
12,608334,"Fulmer, Carson",9/25/2023,716440,12,100,2023
12,608665,"Graveman, Kendall",9/20/2023,716508,12,100,2023
12,640451,"Harvey, Hunter",9/24/2023,716459,12,100,2023
12,642100,"Speier, Gabe",9/22/2023,716477,12,100,2023
12,642397,"Soto, Gregory",9/18/2023,716532,12,100,2023
12,571946,"Miller, Shelby",9/9/2023,716662,12,100,2023
12,656638,"Lange, Alex",9/17/2023,716544,12,100,2023
12,657097,"Webb, Jacob",9/20/2023,716508,12,100,2023
12,660261,"Fujinami, Shintaro",9/20/2023,716508,12,100,2023
12,689147,"Kerkering, Orion",9/24/2023,716454,12,100,2023
12,663855,"Hicks, Jordan",9/19/2023,716520,12,100,2023
12,663878,"Pearson, Nate",9/19/2023,716520,12,100,2023
12,665896,"Marte, José",9/17/2023,716544,12,100,2023
12,543351,"Jackson, Jay",9/6/2023,716698,12,100,2023
12,661440,"Llovera, Mauricio",9/27/2023,716419,12,100,2023
12,663704,"McArthur, James",9/24/2023,716448,12,100,2023
12,571948,"Milner, Hoby",9/26/2023,716423,12,100,2023
12,572403,"VerHagen, Drew",9/8/2023,716677,12,100,2023
12,669387,"Mlodzinski, Carmen",9/26/2023,716432,12,100,2023
12,671111,"Peralta, Sammy",9/19/2023,716525,12,100,2023
12,663855,"Hicks, Jordan",9/1/2023,716759,12,100,2023
12,680767,"Vodnik, Victor",9/22/2023,716486,12,100,2023
12,668674,"Erceg, Lucas",9/1/2023,716758,12,100,2023
12,607481,"Bummer, Aaron",9/6/2023,716688,12,100,2023
12,670280,"Bednar, David",9/1/2023,716766,12,100,2023
12,669212,"Morgan, Eli",9/19/2023,716517,12,100,2023
12,502085,"Robertson, David",9/27/2023,716430,12,100,2023
12,643511,"Rogers, Tyler",9/27/2023,716426,12,100,2023
12,656945,"Scott, Tanner",9/23/2023,716460,12,100,2023
12,608371,"Sims, Lucas",9/24/2023,716451,12,100,2023
12,664875,"Lawrence, Justin",9/27/2023,716406,12,100,2023
12,592767,"Smyly, Drew",9/27/2023,716412,12,100,2023
12,572955,"Johnson, Pierce",9/7/2023,716680,12,100,2023
12,656234,"Bird, Jake",9/16/2023,716550,12,100,2023
12,656730,"Megill, Trevor",9/8/2023,716670,12,100,2023
12,663423,"Thornton, Trent",9/27/2023,716407,12,100,2023
12,641360,"Bickford, Phil",9/12/2023,716615,12,100,2023
12,682842,"Uribe, Abner",9/23/2023,716460,12,100,2023
12,605154,"Brebbia, John",9/16/2023,716550,12,100,2023
12,593974,"Peralta, Wandy",9/1/2023,716763,12,100,2023
12,666374,"Brash, Matt",9/11/2023,716623,12,100,2023
12,669330,"Wells, Tyler",9/27/2023,716416,12,100,2023
12,608665,"Graveman, Kendall",9/6/2023,716687,12,100,2023
12,542585,"Cisnero, José",9/14/2023,716584,12,100,2023
12,701643,"Hartwig, Grant",9/27/2023,716411,12,100,2023
12,605130,"Barlow, Scott",9/20/2023,716500,12,100,2023
12,650556,"Abreu, Bryan",9/2/2023,716746,12,100,2023
12,606930,"Barnes, Jacob",9/2/2023,716744,12,100,2023
12,547973,"Chapman, Aroldis",9/12/2023,716616,12,100,2023
12,656234,"Bird, Jake",9/5/2023,716702,12,100,2023
12,518489,"Brasier, Ryan",9/2/2023,716741,12,100,2023
12,518585,"Cruz, Fernando",9/12/2023,716617,12,100,2023
12,666808,"Doval, Camilo",9/10/2023,716634,12,100,2023
12,650960,"Duarte, Daniel",9/4/2023,716727,12,100,2023
12,493603,"Ottavino, Adam",9/18/2023,716535,12,100,2023
12,666808,"Doval, Camilo",9/13/2023,716605,12,100,2023
12,592426,"Jackson, Luke",9/9/2023,716663,12,100,2023
12,664126,"Fairbanks, Pete",9/10/2023,716645,12,100,2023
12,660813,"Graterol, Brusdar",9/2/2023,716741,12,100,2023
12,596112,"Stephenson, Robert",9/14/2023,716586,12,100,2023
12,543351,"Jackson, Jay",9/2/2023,716748,12,100,2023
12,641656,"Hamilton, Ian",9/16/2023,716563,12,100,2023
12,552640,"Kittredge, Andrew",9/3/2023,716729,12,100,2023
12,543272,"Hand, Brad",9/12/2023,716618,12,100,2023
12,675989,"Bolton, Cody",9/30/2023,716378,12,100,2023
12,663804,"Kowar, Jackson",9/5/2023,716704,12,100,2023
12,623474,"Herget, Jimmy",9/13/2023,716602,12,100,2023
12,669796,"Hernandez, Jose E.",9/11/2023,716635,12,100,2023
12,600917,"Leclerc, José",9/2/2023,716752,12,100,2023
12,657024,"Swanson, Erik",9/12/2023,716616,12,100,2023
12,625643,"López, Reynaldo",9/2/2023,716754,12,100,2023
12,493603,"Ottavino, Adam",9/2/2023,716751,12,100,2023
12,641941,"Pagán, Emilio",9/5/2023,716717,12,100,2023
12,607359,"Patton, Spencer",9/4/2023,716726,12,100,2023
12,660906,"Pérez, Francisco",9/29/2023,716386,12,100,2023
12,541640,"Ramírez, Erasmo",9/5/2023,716716,12,100,2023
12,605447,"Romano, Jordan",9/3/2023,716730,12,100,2023
12,596271,"Lawrence, Casey",9/13/2023,716604,12,100,2023
12,665625,"Peguero, Elvis",9/6/2023,716697,12,100,2023
12,641755,"Kinley, Tyler",10/1/2023,716359,12,100,2023
12,596112,"Stephenson, Robert",9/3/2023,716729,12,100,2023
12,622259,"Wingenter, Trey",9/8/2023,716675,12,100,2023
12,625643,"López, Reynaldo",9/11/2023,716632,12,100,2023
12,572403,"VerHagen, Drew",9/2/2023,716744,12,100,2023
12,663704,"McArthur, James",9/13/2023,716598,12,100,2023
12,445926,"Chavez, Jesse",10/1/2023,716354,12,100,2023
12,500743,"Rojas, Miguel",9/28/2023,716405,12,100,2023
12,543507,"May, Trevor",9/30/2023,716371,12,100,2023
12,543766,"Shaw, Bryan",9/30/2023,716374,12,100,2023
12,664208,"Maton, Phil",9/16/2023,716560,12,100,2023
12,666374,"Brash, Matt",9/6/2023,716693,12,100,2023
12,595345,"Okert, Steven",9/30/2023,716378,12,100,2023
12,518886,"Kimbrel, Craig",9/9/2023,716653,12,100,2023
12,605280,"Holmes, Clay",9/30/2023,716375,12,100,2023
11,623465,"Phillips, Evan",9/8/2023,716676,11,100,2023
11,606303,"Payamps, Joel",9/30/2023,716373,11,100,2023
11,657044,"Thompson, Ryan",9/24/2023,716458,11,100,2023
11,681911,"Vesia, Alex",9/26/2023,716424,11,100,2023
11,605130,"Barlow, Scott",9/29/2023,716391,11,100,2023
11,608371,"Sims, Lucas",9/12/2023,716617,11,100,2023
11,612434,"Castro, Miguel",9/30/2023,716370,11,100,2023
11,676254,"Walker, Ryan",9/10/2023,716634,11,100,2023
11,621383,"Banks, Tanner",9/28/2023,716443,11,100,2023
11,669467,"Pallante, Andre",9/15/2023,716572,11,100,2023
11,656945,"Scott, Tanner",9/15/2023,716582,11,100,2023
11,676092,"Snider, Collin",9/12/2023,716631,11,100,2023
11,656638,"Lange, Alex",9/28/2023,716401,11,100,2023
11,672335,"Pérez, Cionel",9/15/2023,716583,11,100,2023
11,669387,"Mlodzinski, Carmen",9/6/2023,716697,11,100,2023
11,669459,"Nelson, Kyle",9/6/2023,716692,11,100,2023
11,661395,"Duran, Jhoan",9/30/2023,716368,11,100,2023
11,682967,"Sweet, Devin",9/13/2023,716596,11,100,2023
11,573204,"Thielbar, Caleb",9/12/2023,716613,11,100,2023
11,663423,"Thornton, Trent",9/11/2023,716623,11,100,2023
11,664294,"Moreta, Dauri",9/30/2023,716378,11,100,2023
11,640454,"Krook, Matt",9/7/2023,716686,11,100,2023
11,666808,"Doval, Camilo",9/30/2023,716381,11,100,2023
11,676092,"Snider, Collin",9/15/2023,716577,11,100,2023
11,650556,"Abreu, Bryan",9/25/2023,716436,11,100,2023
11,678061,"Kerr, Ray",9/30/2023,716374,11,100,2023
11,641941,"Pagán, Emilio",9/8/2023,716666,11,100,2023
11,542888,"Armstrong, Shawn",9/19/2023,716524,11,100,2023
11,543056,"Coulombe, Danny",9/17/2023,716553,11,100,2023
11,571539,"Carasiti, Matt",9/17/2023,716540,11,100,2023
11,642100,"Speier, Gabe",9/6/2023,716693,11,100,2023
11,605154,"Brebbia, John",9/8/2023,716668,11,100,2023
11,592426,"Jackson, Luke",9/17/2023,716540,11,100,2023
11,593576,"Neris, Héctor",9/22/2023,716473,11,100,2023
11,642207,"Williams, Devin",9/14/2023,716585,11,100,2023
11,594580,"Moll, Sam",9/17/2023,716545,11,100,2023
11,608717,"Stratton, Chris",9/19/2023,716519,11,100,2023
11,621016,"Cuas, Jose",9/20/2023,716497,11,100,2023
11,621366,"Borucki, Ryan",9/17/2023,716551,11,100,2023
11,608665,"Graveman, Kendall",9/27/2023,716407,11,100,2023
11,622554,"Domínguez, Seranthony",9/17/2023,716541,11,100,2023
11,622554,"Domínguez, Seranthony",9/19/2023,716521,11,100,2023
11,625643,"López, Reynaldo",9/22/2023,716483,11,100,2023
11,641360,"Bickford, Phil",9/20/2023,716503,11,100,2023
11,650556,"Abreu, Bryan",9/20/2023,716508,11,100,2023
11,656266,"Bukauskas, J.B.",9/20/2023,716495,11,100,2023
11,681892,"Funderburk, Kody",9/6/2023,716700,11,100,2023
11,595345,"Okert, Steven",9/1/2023,716771,11,100,2023
11,682010,"Ramsey, Lane",9/8/2023,716675,11,100,2023
11,523260,"Kelly, Joe",9/23/2023,716456,11,100,2023
11,660813,"Graterol, Brusdar",9/20/2023,716494,11,100,2023
11,660825,"Bazardo, Eduard",9/19/2023,716512,11,100,2023
11,650960,"Duarte, Daniel",9/9/2023,716655,11,100,2023
11,667463,"King, John",9/23/2023,716457,11,100,2023
11,663462,"Campbell, Isaiah",9/18/2023,716527,11,100,2023
11,596271,"Lawrence, Casey",9/27/2023,716408,11,100,2023
11,685314,"Saalfrank, Andrew",9/9/2023,716660,11,100,2023
11,642528,"Loáisiga, Jonathan",9/1/2023,716763,11,100,2023
11,643377,"Jax, Griffin",9/1/2023,716772,11,100,2023
11,667755,"Soriano, José",9/19/2023,716524,11,100,2023
11,669387,"Mlodzinski, Carmen",9/22/2023,716487,11,100,2023
11,669684,"Murphy, Chris",9/19/2023,716519,11,100,2023
11,656322,"Coonrod, Sam",9/8/2023,716666,11,100,2023
11,669684,"Murphy, Chris",9/27/2023,716419,11,100,2023
11,676092,"Snider, Collin",9/19/2023,716517,11,100,2023
11,669684,"Murphy, Chris",9/17/2023,716548,11,100,2023
11,661440,"Llovera, Mauricio",9/1/2023,716764,11,100,2023
11,676702,"Stratton, Hunter",9/22/2023,716487,11,100,2023
11,676702,"Stratton, Hunter",9/20/2023,716497,11,100,2023
11,686973,"Varland, Louis",9/22/2023,716475,11,100,2023
11,694037,"Palencia, Daniel",9/21/2023,716493,11,100,2023
11,669270,"Kuhnel, Joel",9/1/2023,716763,11,100,2023
11,685314,"Saalfrank, Andrew",9/25/2023,716471,11,100,2023
11,678606,"Ferrer, Jose A.",9/1/2023,716771,11,100,2023
11,592773,"Stanek, Ryne",9/26/2023,716425,11,100,2023
11,676702,"Stratton, Hunter",9/27/2023,716415,11,100,2023
11,663804,"Kowar, Jackson",9/17/2023,716547,11,100,2023
11,660906,"Pérez, Francisco",9/17/2023,716538,11,100,2023
11,502202,"Boxberger, Brad",9/12/2023,716609,11,100,2023
11,657097,"Webb, Jacob",9/27/2023,716416,11,100,2023
11,523260,"Kelly, Joe",9/26/2023,716424,11,100,2023
11,622259,"Wingenter, Trey",9/27/2023,716414,11,100,2023
11,661403,"Clase, Emmanuel",9/16/2023,716562,11,100,2023
11,605177,"Chafin, Andrew",9/13/2023,716592,11,100,2023
11,674003,"Bradford, Cody",9/2/2023,716752,11,100,2023
11,657514,"Bernardino, Brennan",9/8/2023,716672,11,100,2023
11,605177,"Chafin, Andrew",9/2/2023,716745,11,100,2023
11,571670,"Floro, Dylan",9/9/2023,716654,11,100,2023
11,676680,"Cosgrove, Tom",9/2/2023,716743,11,100,2023
11,621016,"Cuas, Jose",9/5/2023,716708,11,100,2023
11,678606,"Ferrer, Jose A.",9/14/2023,716591,11,100,2023
11,622766,"Díaz, Miguel",9/13/2023,716601,11,100,2023
11,573124,"Rogers, Taylor",9/16/2023,716550,11,100,2023
11,612434,"Castro, Miguel",9/6/2023,716692,11,100,2023
11,657571,"Ferguson, Caleb",9/11/2023,716622,11,100,2023
11,641627,"Gott, Trevor",9/2/2023,716751,11,100,2023
11,640451,"Harvey, Hunter",9/3/2023,716740,11,100,2023
11,606303,"Payamps, Joel",9/19/2023,716515,11,100,2023
11,656529,"Hentges, Sam",9/3/2023,716729,11,100,2023
11,669796,"Hernandez, Jose E.",9/3/2023,716733,11,100,2023
11,663462,"Campbell, Isaiah",9/8/2023,716671,11,100,2023
11,656464,"Ginkel, Kevin",9/11/2023,716627,11,100,2023
11,660813,"Graterol, Brusdar",9/16/2023,716552,11,100,2023
11,641627,"Gott, Trevor",9/13/2023,716595,11,100,2023
11,643338,"Green, Chad",9/16/2023,716566,11,100,2023
11,571863,"Koch, Matt",9/3/2023,716730,11,100,2023
11,543507,"May, Trevor",9/21/2023,716488,11,100,2023
11,642100,"Speier, Gabe",9/15/2023,716568,11,100,2023
11,666168,"Thompson, Mason",9/1/2023,716771,11,100,2023
11,663855,"Hicks, Jordan",9/8/2023,716673,11,100,2023
11,656529,"Hentges, Sam",9/16/2023,716562,11,100,2023
11,625643,"López, Reynaldo",9/5/2023,716717,11,100,2023
11,571946,"Miller, Shelby",9/2/2023,716741,11,100,2023
11,641729,"Jiménez, Joe",9/11/2023,717664,11,100,2023
11,679346,"Navarro, Edgar",9/4/2023,716681,11,100,2023
11,621363,"Poche, Colin",9/3/2023,716729,11,100,2023
11,669387,"Mlodzinski, Carmen",9/29/2023,716398,11,100,2023
11,641729,"Jiménez, Joe",9/15/2023,716582,11,100,2023
11,541640,"Ramírez, Erasmo",9/4/2023,716722,11,100,2023
11,656887,"Reid-Foley, Sean",9/5/2023,716715,11,100,2023
11,642048,"Saucedo, Tayler",9/4/2023,716727,11,100,2023
11,656638,"Lange, Alex",9/10/2023,716648,11,100,2023
11,608371,"Sims, Lucas",9/4/2023,716727,11,100,2023
11,622554,"Domínguez, Seranthony",9/6/2023,716691,11,100,2023
11,600917,"Leclerc, José",9/12/2023,716616,11,100,2023
11,657571,"Ferguson, Caleb",9/30/2023,716381,11,100,2023
11,664854,"Helsley, Ryan",9/8/2023,716677,11,100,2023
11,667755,"Soriano, José",9/5/2023,716706,11,100,2023
11,656234,"Bird, Jake",9/28/2023,716405,11,100,2023
11,592773,"Stanek, Ryne",9/4/2023,716724,11,100,2023
11,600921,"Machado, Andrés",9/13/2023,716600,11,100,2023
11,661440,"Llovera, Mauricio",9/16/2023,716566,11,100,2023
11,543507,"May, Trevor",9/12/2023,716614,11,100,2023
11,664208,"Maton, Phil",9/11/2023,716624,11,100,2023
11,502085,"Robertson, David",9/29/2023,716398,11,100,2023
11,642546,"Hernández, Jonathan",10/1/2023,716360,11,100,2023
11,623149,"Sewald, Paul",9/9/2023,716660,11,100,2023
11,518886,"Kimbrel, Craig",9/28/2023,716409,11,100,2023
11,519293,"Smith, Will",9/29/2023,716379,11,100,2023
11,543766,"Shaw, Bryan",9/28/2023,716443,11,100,2023
11,554340,"García, Yimi",9/29/2023,716392,11,100,2023
11,547973,"Chapman, Aroldis",9/6/2023,716687,11,100,2023
11,656786,"Mushinski, Parker",9/12/2023,716614,11,100,2023
11,666818,"Frías, Luis",9/6/2023,716692,11,100,2023
11,571948,"Milner, Hoby",9/16/2023,716559,11,100,2023
10,605154,"Brebbia, John",10/1/2023,716363,10,100,2023
10,623465,"Phillips, Evan",9/7/2023,716682,10,100,2023
10,672335,"Pérez, Cionel",9/12/2023,716621,10,100,2023
10,657044,"Thompson, Ryan",9/7/2023,716685,10,100,2023
10,668674,"Erceg, Lucas",9/8/2023,716665,10,100,2023
10,669387,"Mlodzinski, Carmen",9/13/2023,716600,10,100,2023
10,666619,"Santos, Gregory",9/6/2023,716688,10,100,2023
10,622098,"Smith, Drew",9/30/2023,716393,10,100,2023
10,687798,"Robertson, Nick",9/10/2023,716652,10,100,2023
10,628452,"Iglesias, Raisel",9/28/2023,716399,10,100,2023
10,643511,"Rogers, Tyler",9/30/2023,716381,10,100,2023
10,543766,"Shaw, Bryan",9/10/2023,716648,10,100,2023
10,608371,"Sims, Lucas",9/13/2023,716601,10,100,2023
10,624647,"González, Victor",9/8/2023,716676,10,100,2023
10,621381,"Strahm, Matt",9/11/2023,716590,10,100,2023
10,623149,"Sewald, Paul",9/15/2023,716567,10,100,2023
10,552640,"Kittredge, Andrew",9/7/2023,716683,10,100,2023
10,677053,"Nardi, Andrew",9/28/2023,716404,10,100,2023
10,657514,"Bernardino, Brennan",9/26/2023,716428,10,100,2023
10,621366,"Borucki, Ryan",9/26/2023,716432,10,100,2023
10,672335,"Pérez, Cionel",9/6/2023,716690,10,100,2023
10,547973,"Chapman, Aroldis",9/23/2023,716461,10,100,2023
10,445926,"Chavez, Jesse",9/24/2023,716467,10,100,2023
10,676680,"Cosgrove, Tom",9/23/2023,716457,10,100,2023
10,542585,"Cisnero, José",9/22/2023,716472,10,100,2023
10,543272,"Hand, Brad",9/20/2023,716509,10,100,2023
10,572955,"Johnson, Pierce",9/22/2023,716485,10,100,2023
10,592094,"Adam, Jason",9/22/2023,716479,10,100,2023
10,593576,"Neris, Héctor",9/20/2023,716508,10,100,2023
10,592773,"Stanek, Ryne",9/22/2023,716473,10,100,2023
10,594943,"Neal, Zach",9/22/2023,716472,10,100,2023
10,679346,"Navarro, Edgar",9/9/2023,716658,10,100,2023
10,664139,"Gibaut, Ian",9/24/2023,716451,10,100,2023
10,660813,"Graterol, Brusdar",9/27/2023,716406,10,100,2023
10,621381,"Strahm, Matt",9/18/2023,716532,10,100,2023
10,660906,"Pérez, Francisco",9/15/2023,716569,10,100,2023
10,623437,"Topa, Justin",9/18/2023,716527,10,100,2023
10,628452,"Iglesias, Raisel",9/20/2023,716509,10,100,2023
10,680735,"Cox, Austin",9/8/2023,716673,10,100,2023
10,672578,"Hernández, Carlos",9/24/2023,716448,10,100,2023
10,519151,"Pressly, Ryan",9/6/2023,716687,10,100,2023
10,650556,"Abreu, Bryan",9/17/2023,716547,10,100,2023
10,657514,"Bernardino, Brennan",9/19/2023,716519,10,100,2023
10,661440,"Llovera, Mauricio",9/22/2023,716478,10,100,2023
10,552640,"Kittredge, Andrew",9/23/2023,716463,10,100,2023
10,664875,"Lawrence, Justin",9/20/2023,716500,10,100,2023
10,669060,"Wilson, Bryse",9/18/2023,716531,10,100,2023
10,666974,"Cano, Yennier",9/19/2023,716514,10,100,2023
10,669060,"Wilson, Bryse",9/17/2023,716543,10,100,2023
10,669684,"Murphy, Chris",9/26/2023,716428,10,100,2023
10,661403,"Clase, Emmanuel",9/1/2023,716767,10,100,2023
10,678606,"Ferrer, Jose A.",9/20/2023,716513,10,100,2023
10,641941,"Pagán, Emilio",9/23/2023,716465,10,100,2023
10,621363,"Poche, Colin",9/23/2023,716463,10,100,2023
10,676395,"Garcia, Robert",9/1/2023,716771,10,100,2023
10,670280,"Bednar, David",9/14/2023,716591,10,100,2023
10,642100,"Speier, Gabe",9/27/2023,716407,10,100,2023
10,642100,"Speier, Gabe",9/24/2023,716446,10,100,2023
10,641360,"Bickford, Phil",9/14/2023,716588,10,100,2023
10,621366,"Borucki, Ryan",9/12/2023,716620,10,100,2023
10,621366,"Borucki, Ryan",9/10/2023,716644,10,100,2023
10,641729,"Jiménez, Joe",9/19/2023,716521,10,100,2023
10,623149,"Sewald, Paul",9/19/2023,716511,10,100,2023
10,612434,"Castro, Miguel",9/19/2023,716511,10,100,2023
10,656271,"Burke, Brock",9/10/2023,716637,10,100,2023
10,656271,"Burke, Brock",9/12/2023,716616,10,100,2023
10,622088,"Antone, Tejay",9/2/2023,716753,10,100,2023
10,657097,"Webb, Jacob",9/8/2023,716672,10,100,2023
10,612434,"Castro, Miguel",9/2/2023,716747,10,100,2023
10,543056,"Coulombe, Danny",9/5/2023,716706,10,100,2023
10,621016,"Cuas, Jose",9/8/2023,716678,10,100,2023
10,606965,"Devenski, Chris",9/12/2023,716613,10,100,2023
10,621016,"Cuas, Jose",9/24/2023,716449,10,100,2023
10,674444,"Cruz, Steven",9/2/2023,716750,10,100,2023
10,661395,"Duran, Jhoan",9/12/2023,716613,10,100,2023
10,641835,"Mayza, Tim",9/8/2023,716673,10,100,2023
10,671345,"Foley, Jason",9/16/2023,716554,10,100,2023
10,678606,"Ferrer, Jose A.",9/11/2023,716635,10,100,2023
10,661403,"Clase, Emmanuel",9/6/2023,716700,10,100,2023
10,656464,"Ginkel, Kevin",9/16/2023,716558,10,100,2023
10,663855,"Hicks, Jordan",9/3/2023,716730,10,100,2023
10,554340,"García, Yimi",9/10/2023,716641,10,100,2023
10,641360,"Bickford, Phil",9/6/2023,716701,10,100,2023
10,592426,"Jackson, Luke",9/2/2023,716743,10,100,2023
10,669084,"Hall, DL",9/13/2023,716604,10,100,2023
10,571863,"Koch, Matt",9/5/2023,716702,10,100,2023
10,543766,"Shaw, Bryan",9/8/2023,716675,10,100,2023
10,656546,"Hoffman, Jeff",9/30/2023,716393,10,100,2023
10,605280,"Holmes, Clay",9/10/2023,716646,10,100,2023
10,543507,"May, Trevor",9/2/2023,716755,10,100,2023
10,641835,"Mayza, Tim",9/2/2023,716748,10,100,2023
10,573204,"Thielbar, Caleb",9/9/2023,716654,10,100,2023
10,643338,"Green, Chad",10/1/2023,716357,10,100,2023
10,669459,"Nelson, Kyle",9/3/2023,716732,10,100,2023
10,663773,"Hoeing, Bryan",9/14/2023,716585,10,100,2023
10,677053,"Nardi, Andrew",9/15/2023,716582,10,100,2023
10,605280,"Holmes, Clay",9/15/2023,716579,10,100,2023
10,669467,"Pallante, Andre",9/2/2023,716744,10,100,2023
10,621363,"Poche, Colin",9/2/2023,716754,10,100,2023
10,573124,"Rogers, Taylor",9/2/2023,716743,10,100,2023
10,552640,"Kittredge, Andrew",9/16/2023,716561,10,100,2023
10,519293,"Smith, Will",9/3/2023,716737,10,100,2023
10,664875,"Lawrence, Justin",9/6/2023,716692,10,100,2023
10,573204,"Thielbar, Caleb",9/5/2023,716717,10,100,2023
10,596112,"Stephenson, Robert",9/6/2023,716696,10,100,2023
10,625643,"López, Reynaldo",9/16/2023,716562,10,100,2023
10,472610,"García, Luis",9/30/2023,716374,10,100,2023
10,472610,"García, Luis",9/29/2023,716391,10,100,2023
10,571948,"Milner, Hoby",9/10/2023,716646,10,100,2023
9,600917,"Leclerc, José",9/28/2023,716397,9,100,2023
9,662253,"Muñoz, Andrés",9/20/2023,716504,9,100,2023
9,661440,"Llovera, Mauricio",9/26/2023,716428,9,100,2023
9,596112,"Stephenson, Robert",9/30/2023,716383,9,100,2023
9,642397,"Soto, Gregory",10/1/2023,716355,9,100,2023
9,623465,"Phillips, Evan",9/28/2023,716405,9,100,2023
9,448179,"Hill, Rich",9/24/2023,716444,9,100,2023
9,548384,"Raley, Brooks",9/10/2023,716639,9,100,2023
9,641743,"Kay, Anthony",9/27/2023,716430,9,100,2023
9,650911,"Sánchez, Cristopher",9/30/2023,716393,9,100,2023
9,656464,"Ginkel, Kevin",9/29/2023,716384,9,100,2023
9,667755,"Soriano, José",9/13/2023,716602,9,100,2023
9,571948,"Milner, Hoby",9/6/2023,716697,9,100,2023
9,661403,"Clase, Emmanuel",9/29/2023,716395,9,100,2023
9,600921,"Machado, Andrés",9/9/2023,716662,9,100,2023
9,681882,"Selby, Colin",9/15/2023,716579,9,100,2023
9,669330,"Wells, Tyler",9/28/2023,716402,9,100,2023
9,669713,"Wesneski, Hayden",9/10/2023,716638,9,100,2023
9,669461,"Liberatore, Matthew",9/29/2023,716388,9,100,2023
9,670167,"Schreiber, John",9/9/2023,716664,9,100,2023
9,678606,"Ferrer, Jose A.",10/1/2023,716354,9,100,2023
9,680704,"Sandlin, Nick",10/1/2023,716361,9,100,2023
9,605280,"Holmes, Clay",9/6/2023,716694,9,100,2023
9,670280,"Bednar, David",9/26/2023,716432,9,100,2023
9,519151,"Pressly, Ryan",9/20/2023,716508,9,100,2023
9,641941,"Pagán, Emilio",9/29/2023,716387,9,100,2023
9,548384,"Raley, Brooks",9/17/2023,716545,9,100,2023
9,572955,"Johnson, Pierce",9/20/2023,716509,9,100,2023
9,600917,"Leclerc, José",9/19/2023,716519,9,100,2023
9,642100,"Speier, Gabe",9/9/2023,716656,9,100,2023
9,605347,"López, Jorge",9/8/2023,716672,9,100,2023
9,608638,"Chargois, JT",9/20/2023,716503,9,100,2023
9,643338,"Green, Chad",9/6/2023,716698,9,100,2023
9,622065,"Young, Alex",9/19/2023,716522,9,100,2023
9,656271,"Burke, Brock",9/8/2023,716665,9,100,2023
9,669387,"Mlodzinski, Carmen",9/17/2023,716551,9,100,2023
9,669461,"Liberatore, Matthew",9/21/2023,716491,9,100,2023
9,519043,"Moore, Matt",9/24/2023,716447,9,100,2023
9,666205,"Muller, Kyle",9/24/2023,716442,9,100,2023
9,661395,"Duran, Jhoan",9/1/2023,716772,9,100,2023
9,694037,"Palencia, Daniel",9/27/2023,716412,9,100,2023
9,681911,"Vesia, Alex",9/18/2023,716528,9,100,2023
9,681911,"Vesia, Alex",9/19/2023,716510,9,100,2023
9,663773,"Hoeing, Bryan",9/1/2023,716771,9,100,2023
9,656529,"Hentges, Sam",9/8/2023,716667,9,100,2023
9,685314,"Saalfrank, Andrew",9/19/2023,716511,9,100,2023
9,670950,"Richards, Trevor",9/23/2023,716463,9,100,2023
9,672335,"Pérez, Cionel",9/1/2023,716756,9,100,2023
9,656638,"Lange, Alex",9/1/2023,716762,9,100,2023
9,666974,"Cano, Yennier",9/17/2023,716553,9,100,2023
9,608718,"Suter, Brent",9/24/2023,716449,9,100,2023
9,663423,"Thornton, Trent",9/25/2023,716436,9,100,2023
9,572403,"VerHagen, Drew",9/23/2023,716457,9,100,2023
9,656945,"Scott, Tanner",9/8/2023,716679,9,100,2023
9,666974,"Cano, Yennier",9/14/2023,716586,9,100,2023
9,650556,"Abreu, Bryan",9/4/2023,716724,9,100,2023
9,612434,"Castro, Miguel",9/12/2023,716615,9,100,2023
9,542888,"Armstrong, Shawn",9/2/2023,716754,9,100,2023
9,664199,"Clarke, Taylor",9/10/2023,716641,9,100,2023
9,621366,"Borucki, Ryan",9/2/2023,716744,9,100,2023
9,674444,"Cruz, Steven",9/4/2023,716681,9,100,2023
9,622766,"Díaz, Miguel",9/15/2023,716570,9,100,2023
9,664747,"Díaz, Alexis",9/10/2023,716642,9,100,2023
9,661395,"Duran, Jhoan",9/16/2023,716556,9,100,2023
9,678606,"Ferrer, Jose A.",9/3/2023,716740,9,100,2023
9,660261,"Fujinami, Shintaro",9/5/2023,716706,9,100,2023
9,642100,"Speier, Gabe",9/16/2023,716552,9,100,2023
9,681892,"Funderburk, Kody",9/2/2023,716752,9,100,2023
9,664139,"Gibaut, Ian",9/4/2023,716727,9,100,2023
9,572888,"Greene, Shane",9/3/2023,716738,9,100,2023
9,595978,"Hedges, Austin",9/5/2023,716705,9,100,2023
9,606149,"Gallegos, Giovanny",9/12/2023,716621,9,100,2023
9,605280,"Holmes, Clay",9/3/2023,716735,9,100,2023
9,669084,"Hall, DL",9/15/2023,716583,9,100,2023
9,572955,"Johnson, Pierce",9/5/2023,716709,9,100,2023
9,676254,"Walker, Ryan",9/12/2023,716619,9,100,2023
9,595978,"Hedges, Austin",9/15/2023,716575,9,100,2023
9,669424,"Lambert, Jimmy",9/3/2023,716734,9,100,2023
9,656945,"Scott, Tanner",9/29/2023,716398,9,100,2023
9,656529,"Hentges, Sam",9/15/2023,716575,9,100,2023
9,642528,"Loáisiga, Jonathan",9/5/2023,716711,9,100,2023
9,663704,"McArthur, James",9/2/2023,716750,9,100,2023
9,518617,"Diekman, Jake",9/9/2023,716656,9,100,2023
9,606160,"Montero, Rafael",9/4/2023,716724,9,100,2023
9,605280,"Holmes, Clay",9/16/2023,716563,9,100,2023
9,642546,"Hernández, Jonathan",9/28/2023,716397,9,100,2023
9,663986,"Stephan, Trevor",9/8/2023,716667,9,100,2023
9,667463,"King, John",9/12/2023,716621,9,100,2023
9,672335,"Pérez, Cionel",9/3/2023,716732,9,100,2023
9,669912,"Snead, Kirby",9/2/2023,716755,9,100,2023
9,596112,"Stephenson, Robert",9/2/2023,716754,9,100,2023
9,605498,"Suárez, Andrew",9/2/2023,716744,9,100,2023
9,605347,"López, Jorge",9/11/2023,716636,9,100,2023
9,666168,"Thompson, Mason",9/6/2023,716701,9,100,2023
9,665896,"Marte, José",9/11/2023,716623,9,100,2023
9,489446,"Yates, Kirby",9/30/2023,716369,9,100,2023
9,542585,"Cisnero, José",9/28/2023,716401,9,100,2023
9,573204,"Thielbar, Caleb",9/30/2023,716368,9,100,2023
8,623437,"Topa, Justin",9/6/2023,716693,8,100,2023
8,598286,"Ramirez, Nick",9/29/2023,716389,8,100,2023
8,547973,"Chapman, Aroldis",9/28/2023,716397,8,100,2023
8,594580,"Moll, Sam",9/14/2023,716584,8,100,2023
8,543272,"Hand, Brad",9/26/2023,716429,8,100,2023
8,606149,"Gallegos, Giovanny",9/3/2023,716733,8,100,2023
8,640462,"Puk, A.J.",9/10/2023,716643,8,100,2023
8,621366,"Borucki, Ryan",9/28/2023,716409,8,100,2023
8,622065,"Young, Alex",10/1/2023,716353,8,100,2023
8,643511,"Rogers, Tyler",9/10/2023,716634,8,100,2023
8,642100,"Speier, Gabe",9/11/2023,716623,8,100,2023
8,656546,"Hoffman, Jeff",9/28/2023,716409,8,100,2023
8,657044,"Thompson, Ryan",9/29/2023,716384,8,100,2023
8,669467,"Pallante, Andre",9/8/2023,716677,8,100,2023
8,682842,"Uribe, Abner",9/12/2023,716610,8,100,2023
8,592848,"Weiss, Zack",9/12/2023,716612,8,100,2023
8,518489,"Brasier, Ryan",9/21/2023,716484,8,100,2023
8,657044,"Thompson, Ryan",9/15/2023,716567,8,100,2023
8,621016,"Cuas, Jose",9/27/2023,716412,8,100,2023
8,640448,"Finnegan, Kyle",9/24/2023,716459,8,100,2023
8,608665,"Graveman, Kendall",9/17/2023,716547,8,100,2023
8,641627,"Gott, Trevor",9/24/2023,716454,8,100,2023
8,621363,"Poche, Colin",9/21/2023,716498,8,100,2023
8,621381,"Strahm, Matt",9/22/2023,716481,8,100,2023
8,623352,"Hader, Josh",9/18/2023,716526,8,100,2023
8,643377,"Jax, Griffin",9/8/2023,716666,8,100,2023
8,641941,"Pagán, Emilio",9/19/2023,716522,8,100,2023
8,669796,"Hernandez, Jose E.",9/23/2023,716462,8,100,2023
8,573204,"Thielbar, Caleb",9/1/2023,716772,8,100,2023
8,643377,"Jax, Griffin",9/27/2023,716410,8,100,2023
8,660261,"Fujinami, Shintaro",9/22/2023,716483,8,100,2023
8,664208,"Maton, Phil",9/22/2023,716473,8,100,2023
8,643410,"Leiter Jr., Mark",9/27/2023,716412,8,100,2023
8,666974,"Cano, Yennier",9/22/2023,716483,8,100,2023
8,667463,"King, John",9/18/2023,716531,8,100,2023
8,669060,"Wilson, Bryse",9/22/2023,716482,8,100,2023
8,672335,"Pérez, Cionel",9/18/2023,716530,8,100,2023
8,676395,"Garcia, Robert",9/19/2023,716525,8,100,2023
8,676680,"Cosgrove, Tom",9/22/2023,716476,8,100,2023
8,681432,"Little, Luke",9/20/2023,716497,8,100,2023
8,660853,"De Los Santos, Enyel",9/18/2023,716529,8,100,2023
8,669459,"Nelson, Kyle",9/1/2023,716756,8,100,2023
8,656464,"Ginkel, Kevin",9/7/2023,716685,8,100,2023
8,643410,"Leiter Jr., Mark",9/8/2023,716678,8,100,2023
8,641360,"Bickford, Phil",9/15/2023,716574,8,100,2023
8,666374,"Brash, Matt",9/15/2023,716568,8,100,2023
8,657514,"Bernardino, Brennan",9/12/2023,716612,8,100,2023
8,623437,"Topa, Justin",9/26/2023,716425,8,100,2023
8,641360,"Bickford, Phil",9/18/2023,716535,8,100,2023
8,650893,"Cabrera, Génesis",9/13/2023,716594,8,100,2023
8,621363,"Poche, Colin",9/6/2023,716696,8,100,2023
8,543056,"Coulombe, Danny",9/11/2023,716636,8,100,2023
8,666974,"Cano, Yennier",9/4/2023,716713,8,100,2023
8,656353,"Davidson, Tucker",9/13/2023,716598,8,100,2023
8,571656,"Farmer, Buck",9/2/2023,716753,8,100,2023
8,571670,"Floro, Dylan",9/2/2023,716752,8,100,2023
8,657024,"Swanson, Erik",9/16/2023,716566,8,100,2023
8,571656,"Farmer, Buck",9/10/2023,716642,8,100,2023
8,657571,"Ferguson, Caleb",9/10/2023,716647,8,100,2023
8,660261,"Fujinami, Shintaro",9/13/2023,716604,8,100,2023
8,670059,"Holderman, Colin",9/4/2023,716718,8,100,2023
8,606930,"Barnes, Jacob",9/27/2023,716408,8,100,2023
8,445276,"Jansen, Kenley",9/4/2023,716722,8,100,2023
8,660813,"Graterol, Brusdar",9/10/2023,716647,8,100,2023
8,621366,"Borucki, Ryan",9/9/2023,716651,8,100,2023
8,641755,"Kinley, Tyler",9/5/2023,716702,8,100,2023
8,663158,"Suarez, Robert",9/11/2023,716622,8,100,2023
8,605347,"López, Jorge",9/3/2023,716732,8,100,2023
8,663986,"Stephan, Trevor",9/7/2023,716684,8,100,2023
8,663947,"Holton, Tyler",9/14/2023,716584,8,100,2023
8,665625,"Peguero, Elvis",9/2/2023,716745,8,100,2023
8,660906,"Pérez, Francisco",9/3/2023,716731,8,100,2023
8,664875,"Lawrence, Justin",9/11/2023,716625,8,100,2023
8,669276,"Lee, Dylan",9/11/2023,717664,8,100,2023
8,676092,"Snider, Collin",9/2/2023,716750,8,100,2023
8,671111,"Peralta, Sammy",9/14/2023,716580,8,100,2023
8,682010,"Ramsey, Lane",9/16/2023,716556,8,100,2023
8,642100,"Speier, Gabe",9/5/2023,716712,8,100,2023
8,608678,"Leone, Dominic",9/12/2023,716606,8,100,2023
8,657044,"Thompson, Ryan",9/3/2023,716732,8,100,2023
8,543859,"Tonkin, Michael",9/2/2023,716741,8,100,2023
8,593576,"Neris, Héctor",9/9/2023,716649,8,100,2023
8,641835,"Mayza, Tim",9/12/2023,716616,8,100,2023
8,518617,"Diekman, Jake",9/30/2023,716383,8,100,2023
7,628452,"Iglesias, Raisel",9/10/2023,716644,7,100,2023
7,502083,"McAllister, Zach",9/29/2023,716389,7,100,2023
7,669674,"Long, Sam",9/2/2023,716755,7,100,2023
7,621363,"Poche, Colin",9/10/2023,716645,7,100,2023
7,656353,"Davidson, Tucker",9/24/2023,716448,7,100,2023
7,571882,"Law, Derek",9/22/2023,716487,7,100,2023
7,596271,"Lawrence, Casey",9/30/2023,716372,7,100,2023
7,657514,"Bernardino, Brennan",9/28/2023,716402,7,100,2023
7,682010,"Ramsey, Lane",9/29/2023,716391,7,100,2023
7,623437,"Topa, Justin",9/15/2023,716568,7,100,2023
7,502085,"Robertson, David",9/20/2023,716503,7,100,2023
7,661403,"Clase, Emmanuel",9/27/2023,716418,7,100,2023
7,600921,"Machado, Andrés",9/29/2023,716394,7,100,2023
7,571948,"Milner, Hoby",9/19/2023,716515,7,100,2023
7,607179,"Weems, Jordan",9/14/2023,716591,7,100,2023
7,671345,"Foley, Jason",9/24/2023,716442,7,100,2023
7,660813,"Graterol, Brusdar",9/24/2023,716439,7,100,2023
7,518489,"Brasier, Ryan",9/1/2023,716757,7,100,2023
7,641627,"Gott, Trevor",9/19/2023,716523,7,100,2023
7,656271,"Burke, Brock",9/18/2023,716533,7,100,2023
7,642397,"Soto, Gregory",9/20/2023,716509,7,100,2023
7,690829,"Joyce, Ben",9/23/2023,716465,7,100,2023
7,685314,"Saalfrank, Andrew",9/7/2023,716685,7,100,2023
7,650893,"Cabrera, Génesis",9/1/2023,716759,7,100,2023
7,671345,"Foley, Jason",9/17/2023,716544,7,100,2023
7,594580,"Moll, Sam",9/24/2023,716451,7,100,2023
7,669684,"Murphy, Chris",9/24/2023,716453,7,100,2023
7,607732,"Stallings, Jacob",9/17/2023,716546,7,100,2023
7,571882,"Law, Derek",9/18/2023,716534,7,100,2023
7,593576,"Neris, Héctor",9/24/2023,716448,7,100,2023
7,664208,"Maton, Phil",9/1/2023,716763,7,100,2023
7,676684,"Vest, Will",9/1/2023,716762,7,100,2023
7,694037,"Palencia, Daniel",9/1/2023,718700,7,100,2023
7,660853,"De Los Santos, Enyel",9/16/2023,716562,7,100,2023
7,661403,"Clase, Emmanuel",9/2/2023,716754,7,100,2023
7,664126,"Fairbanks, Pete",9/3/2023,716729,7,100,2023
7,622766,"Díaz, Miguel",9/10/2023,716648,7,100,2023
7,527048,"Pérez, Martín",9/13/2023,716594,7,100,2023
7,643338,"Green, Chad",9/3/2023,716730,7,100,2023
7,595978,"Hedges, Austin",9/4/2023,716724,7,100,2023
7,656546,"Hoffman, Jeff",9/4/2023,716720,7,100,2023
7,643377,"Jax, Griffin",9/2/2023,716752,7,100,2023
7,663855,"Hicks, Jordan",9/9/2023,716661,7,100,2023
7,664854,"Helsley, Ryan",9/12/2023,716621,7,100,2023
7,621016,"Cuas, Jose",9/29/2023,716385,7,100,2023
7,662253,"Muñoz, Andrés",9/5/2023,716712,7,100,2023
7,672335,"Pérez, Cionel",9/5/2023,716706,7,100,2023
7,571901,"Loup, Aaron",9/13/2023,716602,7,100,2023
7,657097,"Webb, Jacob",9/2/2023,716747,7,100,2023
6,680739,"Winder, Josh",9/2/2023,716752,6,100,2023
6,665896,"Marte, José",9/7/2023,716684,6,100,2023
6,657097,"Webb, Jacob",9/4/2023,716713,6,100,2023
6,552640,"Kittredge, Andrew",9/30/2023,716383,6,100,2023
6,621381,"Strahm, Matt",9/15/2023,716572,6,100,2023
6,573204,"Thielbar, Caleb",9/2/2023,716752,6,100,2023
6,685314,"Saalfrank, Andrew",9/29/2023,716384,6,100,2023
6,600917,"Leclerc, José",9/6/2023,716687,6,100,2023
6,650893,"Cabrera, Génesis",9/23/2023,716463,6,100,2023
6,666974,"Cano, Yennier",9/23/2023,716464,6,100,2023
6,612434,"Castro, Miguel",9/25/2023,716471,6,100,2023
6,669796,"Hernandez, Jose E.",9/16/2023,716563,6,100,2023
6,543056,"Coulombe, Danny",9/20/2023,716508,6,100,2023
6,656353,"Davidson, Tucker",9/27/2023,716414,6,100,2023
6,605347,"López, Jorge",9/19/2023,716514,6,100,2023
6,606149,"Gallegos, Giovanny",9/17/2023,716541,6,100,2023
6,664875,"Lawrence, Justin",9/15/2023,716571,6,100,2023
6,664874,"Zavala, Seby",9/14/2023,716588,6,100,2023
6,682842,"Uribe, Abner",9/15/2023,716578,6,100,2023
6,623352,"Hader, Josh",9/26/2023,716437,6,100,2023
6,592773,"Stanek, Ryne",9/1/2023,716763,6,100,2023
6,657044,"Thompson, Ryan",9/17/2023,716536,6,100,2023
6,456501,"Cueto, Johnny",9/22/2023,716482,6,100,2023
6,663947,"Holton, Tyler",9/17/2023,716544,6,100,2023
6,670990,"Ramírez, Yohan",9/22/2023,716478,6,100,2023
6,676477,"Whitlock, Garrett",9/18/2023,716533,6,100,2023
6,650556,"Abreu, Bryan",9/13/2023,716596,6,100,2023
6,685314,"Saalfrank, Andrew",9/15/2023,716567,6,100,2023
6,608371,"Sims, Lucas",9/26/2023,716435,6,100,2023
6,667755,"Soriano, José",9/23/2023,716465,6,100,2023
6,606965,"Devenski, Chris",9/8/2023,716671,6,100,2023
6,674003,"Bradford, Cody",9/10/2023,716637,6,100,2023
6,661403,"Clase, Emmanuel",9/11/2023,716632,6,100,2023
6,660813,"Graterol, Brusdar",9/15/2023,716568,6,100,2023
6,621383,"Banks, Tanner",9/9/2023,716658,6,100,2023
6,664208,"Maton, Phil",9/8/2023,716669,6,100,2023
6,681882,"Selby, Colin",9/2/2023,716744,6,100,2023
6,600921,"Machado, Andrés",9/12/2023,716620,6,100,2023
5,554340,"García, Yimi",9/30/2023,716383,5,100,2023
5,592779,"Stewart, Brock",10/1/2023,716359,5,100,2023
5,680739,"Winder, Josh",9/3/2023,716737,5,100,2023
5,678606,"Ferrer, Jose A.",9/10/2023,716647,5,100,2023
5,676395,"Garcia, Robert",9/15/2023,716578,5,100,2023
5,687330,"Kelly, Kevin",9/5/2023,716716,5,100,2023
5,543859,"Tonkin, Michael",9/1/2023,716757,5,100,2023
5,680704,"Sandlin, Nick",9/30/2023,716380,5,100,2023
5,681806,"Wantz, Andrew",9/8/2023,716667,5,100,2023
5,605347,"López, Jorge",9/21/2023,716489,5,100,2023
5,605447,"Romano, Jordan",9/1/2023,716759,5,100,2023
5,608638,"Chargois, JT",9/7/2023,716682,5,100,2023
5,669459,"Nelson, Kyle",9/20/2023,716499,5,100,2023
5,518617,"Diekman, Jake",9/17/2023,716553,5,100,2023
5,672335,"Pérez, Cionel",9/17/2023,716553,5,100,2023
5,656730,"Megill, Trevor",9/9/2023,716659,5,100,2023
5,598286,"Ramirez, Nick",9/25/2023,716471,5,100,2023
5,606930,"Barnes, Jacob",9/11/2023,716636,5,100,2023
5,621381,"Strahm, Matt",9/26/2023,716432,5,100,2023
5,663658,"Ward, Thaddeus",9/24/2023,716467,5,100,2023
5,608638,"Chargois, JT",9/14/2023,716585,5,100,2023
5,677076,"Andrews, Clayton",9/5/2023,716714,5,100,2023
5,518617,"Diekman, Jake",9/13/2023,716607,5,100,2023
4,628708,"Marte, Yunior",9/13/2023,716603,4,100,2023
4,672335,"Pérez, Cionel",9/28/2023,716402,4,100,2023
4,650893,"Cabrera, Génesis",9/30/2023,716383,4,100,2023
4,681402,"Varland, Gus",9/9/2023,716662,4,100,2023
4,600921,"Machado, Andrés",9/8/2023,716676,4,100,2023
4,669711,"Weissert, Greg",9/6/2023,716694,4,100,2023
4,543272,"Hand, Brad",9/10/2023,716644,4,100,2023
4,541640,"Ramírez, Erasmo",9/22/2023,716479,4,100,2023
4,571863,"Koch, Matt",9/15/2023,716571,4,100,2023
4,622098,"Smith, Drew",9/17/2023,716545,4,100,2023
4,572403,"VerHagen, Drew",9/1/2023,716766,4,100,2023
4,666818,"Frías, Luis",9/30/2023,716370,4,100,2023
4,660906,"Pérez, Francisco",9/19/2023,716512,4,100,2023
4,686826,"Jarvis, Bryce",9/26/2023,716427,4,100,2023
4,663423,"Thornton, Trent",9/22/2023,716477,4,100,2023
4,543351,"Jackson, Jay",9/4/2023,716726,4,100,2023
4,662253,"Muñoz, Andrés",9/28/2023,716397,4,100,2023
4,623149,"Sewald, Paul",9/7/2023,716685,4,100,2023
4,650893,"Cabrera, Génesis",9/10/2023,716641,4,100,2023
4,664199,"Clarke, Taylor",9/16/2023,716560,4,100,2023
4,641755,"Kinley, Tyler",9/2/2023,716748,4,100,2023
4,593974,"Peralta, Wandy",9/2/2023,716746,4,100,2023
4,596112,"Stephenson, Robert",9/9/2023,716656,4,100,2023
4,594580,"Moll, Sam",9/13/2023,716601,4,100,2023
3,607216,"Krehbiel, Joey",9/5/2023,716706,3,100,2023
3,543507,"May, Trevor",9/3/2023,716731,3,100,2023
3,623474,"Herget, Jimmy",9/5/2023,716706,3,100,2023
3,573204,"Thielbar, Caleb",9/29/2023,716387,3,100,2023
3,660853,"De Los Santos, Enyel",9/7/2023,716684,3,100,2023
3,676680,"Cosgrove, Tom",9/5/2023,716703,3,100,2023
3,668970,"Hollowell, Gavin",9/3/2023,716730,3,100,2023
3,622554,"Domínguez, Seranthony",10/1/2023,716355,3,100,2023
3,596112,"Stephenson, Robert",9/13/2023,716607,3,100,2023
3,666974,"Cano, Yennier",10/1/2023,716367,3,100,2023
3,656669,"Luplow, Jordan",10/1/2023,716359,3,100,2023
3,642397,"Soto, Gregory",9/16/2023,716557,3,100,2023
3,518489,"Brasier, Ryan",9/24/2023,716439,3,100,2023
3,519293,"Smith, Will",9/14/2023,716587,3,100,2023
3,656986,"Sousa, Bennett",9/15/2023,716577,3,100,2023
3,656271,"Burke, Brock",9/24/2023,716446,3,100,2023
3,666808,"Doval, Camilo",9/24/2023,716439,3,100,2023
3,625643,"López, Reynaldo",9/18/2023,716529,3,100,2023
3,656546,"Hoffman, Jeff",9/21/2023,716490,3,100,2023
3,657044,"Thompson, Ryan",9/20/2023,716499,3,100,2023
3,571882,"Law, Derek",9/23/2023,716462,3,100,2023
3,678061,"Kerr, Ray",9/23/2023,716457,3,100,2023
3,666974,"Cano, Yennier",9/18/2023,716530,3,100,2023
3,672335,"Pérez, Cionel",9/19/2023,716514,3,100,2023
3,669467,"Pallante, Andre",9/6/2023,716689,3,100,2023
2,621016,"Cuas, Jose",9/10/2023,716638,2,100,2023
2,668970,"Hollowell, Gavin",9/1/2023,716759,2,100,2023
2,671345,"Foley, Jason",9/14/2023,716584,2,100,2023
2,621016,"Cuas, Jose",9/2/2023,716753,2,100,2023
2,493603,"Ottavino, Adam",9/22/2023,716481,2,100,2023
2,664875,"Lawrence, Justin",9/8/2023,716668,2,100,2023
2,622065,"Young, Alex",9/30/2023,716372,2,100,2023
2,573124,"Rogers, Taylor",9/17/2023,716540,2,100,2023
2,605177,"Chafin, Andrew",9/23/2023,716460,2,100,2023
2,571670,"Floro, Dylan",9/23/2023,716465,2,100,2023
2,667463,"King, John",9/5/2023,716709,2,100,2023
2,657514,"Bernardino, Brennan",9/16/2023,716566,2,100,2023
2,621366,"Borucki, Ryan",9/21/2023,716493,2,100,2023
2,502083,"McAllister, Zach",9/24/2023,716458,2,100,2023
2,657508,"Baumann, Mike",9/21/2023,716489,2,100,2023
1,642100,"Speier, Gabe",9/1/2023,716769,1,100,2023
1,663462,"Campbell, Isaiah",9/11/2023,716623,1,100,2023
1,554340,"García, Yimi",9/28/2023,716403,1,100,2023
1,605177,"Chafin, Andrew",9/17/2023,716543,1,100,2023
1,656546,"Hoffman, Jeff",9/22/2023,716481,1,100,2023
1,669711,"Weissert, Greg",9/20/2023,716502,1,100,2023
1,666818,"Frías, Luis",9/27/2023,716417,1,100,2023
