pitches,playerid,player_name,game_date,game_pk,total_pitches,pitch_percent,season
100,675912,"Lowther, Zac",5/31/2022,661075,100,100,2022
99,670046,"Rosenberg, Kenny",5/31/2022,661331,99,100,2022
91,669060,"Wilson, Bryse",5/16/2022,663151,91,100,2022
87,667498,"Dugger, Robert",5/1/2022,661905,87,100,2022
86,667373,"Rondón, Angel",5/22/2022,662479,86,100,2022
84,659262,"Espinoza, Anderson",5/30/2022,663147,84,100,2022
78,680739,"Winder, Josh",5/17/2022,662370,78,100,2022
76,656686,"Martin, Corbin",5/4/2022,661363,76,100,2022
75,665665,"Sanmartin, Reiver",4/14/2022,662627,75,100,2022
74,656686,"Martin, Corbin",4/10/2022,663395,74,100,2022
73,607391,"Mazza, Chris",4/11/2022,661915,73,100,2022
71,675911,"Strider, Spencer",4/11/2022,661572,71,100,2022
71,642060,"Sedlock, Cody",5/29/2022,663299,71,100,2022
71,663804,"Kowar, Jackson",4/10/2022,662755,71,100,2022
69,675911,"Strider, Spencer",5/6/2022,661541,69,100,2022
68,676879,"Ashby, Aaron",4/11/2022,663403,68,100,2022
66,680739,"Winder, Josh",4/16/2022,663238,66,100,2022
66,547001,"Poteet, Cody",4/16/2022,661416,66,100,2022
65,676596,"Fleming, Josh",4/19/2022,663196,65,100,2022
65,650911,"Sánchez, Cristopher",4/17/2022,661415,65,100,2022
64,596001,"Junis, Jakob",4/27/2022,662066,64,100,2022
64,623485,"Goudeau, Ashton",5/28/2022,662514,64,100,2022
63,666818,"Frías, Luis",5/26/2022,663338,63,100,2022
62,607391,"Mazza, Chris",4/17/2022,661462,62,100,2022
62,642545,"Barria, Jaime",5/16/2022,661145,62,100,2022
61,680739,"Winder, Josh",4/24/2022,661781,61,100,2022
61,671790,"Bolaños, Ronald",5/4/2022,662739,61,100,2022
61,675911,"Strider, Spencer",4/17/2022,662234,61,100,2022
61,623451,"Stephens, Jackson",4/12/2022,661571,61,100,2022
61,596001,"Junis, Jakob",4/22/2022,662557,61,100,2022
60,676596,"Fleming, Josh",4/26/2022,661929,60,100,2022
60,663903,"Singer, Brady",4/10/2022,662755,60,100,2022
60,671790,"Bolaños, Ronald",5/14/2022,663011,60,100,2022
60,663765,"Woodford, Jake",5/7/2022,662102,60,100,2022
60,621383,"Banks, Tanner",5/26/2022,661486,60,100,2022
60,592761,"Smith, Caleb",4/15/2022,662485,60,100,2022
59,605446,"Rodríguez, Dereck",4/13/2022,661734,59,100,2022
59,545343,"Head, Louis",5/20/2022,661339,59,100,2022
59,621082,"Lemoine, Jacob",5/1/2022,662397,59,100,2022
59,676641,"Sulser, Beau",5/10/2022,662292,59,100,2022
59,542881,"Anderson, Tyler",4/9/2022,662931,59,100,2022
59,669060,"Wilson, Bryse",4/27/2022,662289,59,100,2022
59,656686,"Martin, Corbin",4/28/2022,662047,59,100,2022
59,667498,"Dugger, Robert",5/7/2022,663070,59,100,2022
58,519008,"McFarland, T.J.",5/22/2022,662479,58,100,2022
58,656557,"Houck, Tanner",5/19/2022,663269,58,100,2022
58,656849,"Peterson, David",4/11/2022,661637,58,100,2022
58,656353,"Davidson, Tucker",4/11/2022,661572,58,100,2022
58,605194,"Cotton, Jharel",5/10/2022,661696,58,100,2022
58,669211,"Akin, Keegan",5/16/2022,661308,58,100,2022
57,656557,"Houck, Tanner",5/25/2022,661487,57,100,2022
57,656605,"Keller, Mitch",5/25/2022,662453,57,100,2022
56,607229,"Gsellman, Robert",5/7/2022,663162,56,100,2022
56,642232,"Yarbrough, Ryan",5/20/2022,661348,56,100,2022
56,656557,"Houck, Tanner",5/5/2022,663227,56,100,2022
56,624522,"Thompson, Keegan",4/27/2022,661552,56,100,2022
55,502179,"Espino, Paolo",4/12/2022,661571,55,100,2022
55,664299,"Javier, Cristian",4/20/2022,662926,55,100,2022
55,656605,"Keller, Mitch",5/18/2022,663156,55,100,2022
55,669060,"Wilson, Bryse",5/4/2022,662838,55,100,2022
55,642770,"Guerra, Javy",4/10/2022,663395,55,100,2022
55,621389,"Blach, Ty",5/16/2022,663005,55,100,2022
55,642545,"Barria, Jaime",4/14/2022,661993,55,100,2022
55,542881,"Anderson, Tyler",4/15/2022,662620,55,100,2022
55,676879,"Ashby, Aaron",5/15/2022,661403,55,100,2022
54,665621,"García, Rony",5/18/2022,662054,54,100,2022
54,657376,"Schmidt, Clarke",4/19/2022,662896,54,100,2022
54,664042,"Lakins Sr., Travis",5/11/2022,662006,54,100,2022
54,658648,"Avila, Pedro",4/24/2022,662274,54,100,2022
54,663531,"Allen, Logan",4/27/2022,663439,54,100,2022
54,656686,"Martin, Corbin",4/20/2022,662560,54,100,2022
54,624522,"Thompson, Keegan",5/7/2022,663142,54,100,2022
53,664299,"Javier, Cristian",4/13/2022,663341,53,100,2022
53,642545,"Barria, Jaime",5/26/2022,663445,53,100,2022
53,676879,"Ashby, Aaron",4/22/2022,661621,53,100,2022
53,592866,"Williams, Trevor",5/4/2022,662577,53,100,2022
53,623485,"Goudeau, Ashton",5/9/2022,662097,53,100,2022
53,669467,"Pallante, Andre",5/30/2022,661989,53,100,2022
53,570488,"Valdez, Phillips",5/1/2022,663363,53,100,2022
53,592866,"Williams, Trevor",5/25/2022,662093,53,100,2022
52,669952,"White, Mitch",4/10/2022,662934,52,100,2022
51,621074,"Rucker, Michael",4/30/2022,661208,51,100,2022
51,592866,"Williams, Trevor",5/11/2022,662526,51,100,2022
51,675921,"Howard, Spencer",4/29/2022,661911,51,100,2022
51,547001,"Poteet, Cody",5/10/2022,663350,51,100,2022
51,664337,"Yajure, Miguel",4/15/2022,662291,51,100,2022
51,657508,"Baumann, Mike",5/21/2022,661291,51,100,2022
50,643377,"Jax, Griffin",5/13/2022,661698,50,100,2022
50,640444,"Crowe, Wil",4/13/2022,662317,50,100,2022
50,607229,"Gsellman, Robert",5/24/2022,663103,50,100,2022
50,640444,"Crowe, Wil",4/17/2022,662294,50,100,2022
50,607259,"Martinez, Nick",5/18/2022,661624,50,100,2022
50,608718,"Suter, Brent",5/22/2022,661248,50,100,2022
50,676710,"Crawford, Kutter",4/18/2022,663236,50,100,2022
50,670280,"Bednar, David",5/30/2022,662743,50,100,2022
50,656457,"Gilbert, Tyler",4/25/2022,663382,50,100,2022
49,621383,"Banks, Tanner",4/20/2022,663094,49,100,2022
49,671790,"Bolaños, Ronald",4/30/2022,662797,49,100,2022
49,669211,"Akin, Keegan",5/12/2022,662005,49,100,2022
49,670990,"Ramírez, Yohan",4/27/2022,661909,49,100,2022
48,656290,"Carlton, Drew",5/31/2022,662806,48,100,2022
48,668665,"Nogosek, Stephen",5/24/2022,662074,48,100,2022
48,676596,"Fleming, Josh",5/6/2022,662187,48,100,2022
48,661527,"Martinez, Seth",5/17/2022,663271,48,100,2022
48,624522,"Thompson, Keegan",5/22/2022,663150,48,100,2022
48,664337,"Yajure, Miguel",4/23/2022,663144,48,100,2022
48,502179,"Espino, Paolo",5/30/2022,662545,48,100,2022
48,628708,"Marte, Yunior",5/15/2022,661984,48,100,2022
48,519043,"Moore, Matt",4/16/2022,661981,48,100,2022
48,624522,"Thompson, Keegan",4/22/2022,663195,48,100,2022
47,650911,"Sánchez, Cristopher",4/12/2022,661636,47,100,2022
47,643377,"Jax, Griffin",4/18/2022,663236,47,100,2022
47,642028,"Rogers, Josh",5/24/2022,662536,47,100,2022
47,656793,"Nelson, Nick",4/15/2022,661417,47,100,2022
47,621389,"Blach, Ty",4/10/2022,662934,47,100,2022
47,670955,"Uceta, Edwin",5/17/2022,662697,47,100,2022
47,663465,"Allard, Kolby",5/11/2022,661899,47,100,2022
47,621074,"Rucker, Michael",5/8/2022,663161,47,100,2022
47,571656,"Farmer, Buck",4/13/2022,663117,47,100,2022
47,663474,"McKenzie, Triston",4/7/2022,662766,47,100,2022
47,608328,"De Jong, Chase",5/8/2022,663069,47,100,2022
47,657508,"Baumann, Mike",4/28/2022,661305,47,100,2022
46,669211,"Akin, Keegan",5/28/2022,663257,46,100,2022
46,445926,"Chavez, Jesse",5/23/2022,661544,46,100,2022
46,643377,"Jax, Griffin",4/28/2022,661729,46,100,2022
46,672710,"Contreras, Roansy",4/14/2022,662307,46,100,2022
46,669212,"Morgan, Eli",4/13/2022,663117,46,100,2022
46,668948,"McCarty, Kirk",4/24/2022,661317,46,100,2022
46,656793,"Nelson, Nick",5/8/2022,661627,46,100,2022
46,664054,"Stashak, Cody",5/11/2022,661702,46,100,2022
46,572403,"VerHagen, Drew",4/14/2022,661292,46,100,2022
46,624522,"Thompson, Keegan",5/3/2022,663165,46,100,2022
46,675911,"Strider, Spencer",5/25/2022,661542,46,100,2022
46,660730,"Rodriguez, Elvin",4/10/2022,662887,46,100,2022
46,600921,"Machado, Andrés",5/30/2022,662545,46,100,2022
46,572125,"Selman, Sam",4/22/2022,662390,46,100,2022
46,664042,"Lakins Sr., Travis",5/1/2022,663363,46,100,2022
45,624522,"Thompson, Keegan",4/14/2022,662950,45,100,2022
45,650556,"Abreu, Bryan",5/11/2022,661702,45,100,2022
45,571800,"Hutchison, Drew",5/8/2022,662795,45,100,2022
45,668665,"Nogosek, Stephen",5/11/2022,662526,45,100,2022
45,669212,"Morgan, Eli",5/8/2022,663086,45,100,2022
45,665621,"García, Rony",4/24/2022,662853,45,100,2022
45,669211,"Akin, Keegan",5/3/2022,663463,45,100,2022
45,621249,"Underwood Jr., Duane",5/12/2022,662372,45,100,2022
45,606303,"Payamps, Joel",5/4/2022,662739,45,100,2022
45,606303,"Payamps, Joel",5/17/2022,662780,45,100,2022
45,664299,"Javier, Cristian",5/8/2022,662795,45,100,2022
45,656793,"Nelson, Nick",4/11/2022,661637,45,100,2022
45,621082,"Lemoine, Jacob",4/12/2022,661944,45,100,2022
45,656271,"Burke, Brock",5/9/2022,661303,45,100,2022
45,592826,"Velasquez, Vince",5/24/2022,661488,45,100,2022
45,640444,"Crowe, Wil",4/21/2022,663145,45,100,2022
45,656887,"Reid-Foley, Sean",4/23/2022,663384,45,100,2022
45,650633,"King, Michael",4/11/2022,661315,45,100,2022
44,664042,"Lakins Sr., Travis",4/24/2022,661033,44,100,2022
44,672710,"Contreras, Roansy",4/9/2022,662020,44,100,2022
44,605156,"Brooks, Aaron",4/21/2022,661391,44,100,2022
44,621383,"Banks, Tanner",5/1/2022,661531,44,100,2022
44,623474,"Herget, Jimmy",5/15/2022,662380,44,100,2022
44,623485,"Goudeau, Ashton",4/17/2022,662930,44,100,2022
44,669467,"Pallante, Andre",5/26/2022,661997,44,100,2022
44,658431,"Medina, Adonis",5/21/2022,663001,44,100,2022
44,676641,"Sulser, Beau",4/26/2022,662297,44,100,2022
44,571656,"Farmer, Buck",4/26/2022,663079,44,100,2022
44,656557,"Houck, Tanner",4/29/2022,663337,44,100,2022
43,596071,"Peters, Dillon",4/24/2022,663166,43,100,2022
43,621082,"Lemoine, Jacob",5/28/2022,662375,43,100,2022
43,676641,"Sulser, Beau",5/27/2022,663276,43,100,2022
43,503449,"Peralta, Wily",5/11/2022,662873,43,100,2022
43,676637,"Sanders, Phoenix",4/26/2022,661929,43,100,2022
43,468504,"Chacín, Jhoulys",5/17/2022,663004,43,100,2022
43,592473,"Kolarek, Adam",5/28/2022,662375,43,100,2022
43,669467,"Pallante, Andre",4/26/2022,662007,43,100,2022
43,605156,"Brooks, Aaron",4/28/2022,662047,43,100,2022
43,541640,"Ramírez, Erasmo",4/22/2022,662557,43,100,2022
43,468504,"Chacín, Jhoulys",4/26/2022,661567,43,100,2022
43,656793,"Nelson, Nick",5/20/2022,661632,43,100,2022
42,624522,"Thompson, Keegan",4/9/2022,663205,42,100,2022
42,669467,"Pallante, Andre",4/15/2022,661267,42,100,2022
42,605538,"Wisler, Matt",4/30/2022,661906,42,100,2022
42,643316,"Fry, Paul",4/10/2022,661916,42,100,2022
42,571800,"Hutchison, Drew",4/13/2022,662885,42,100,2022
42,650633,"King, Michael",4/22/2022,661311,42,100,2022
42,650633,"King, Michael",4/16/2022,663266,42,100,2022
42,596057,"Norris, Daniel",5/30/2022,663149,42,100,2022
42,642545,"Barria, Jaime",4/17/2022,662038,42,100,2022
42,643400,"Knight, Dusten",4/13/2022,661943,42,100,2022
42,607216,"Krehbiel, Joey",5/22/2022,661279,42,100,2022
42,595881,"Beede, Tyler",5/22/2022,662479,42,100,2022
41,642545,"Barria, Jaime",4/8/2022,661041,41,100,2022
41,623451,"Stephens, Jackson",5/1/2022,661935,41,100,2022
41,570632,"Ureña, José",4/26/2022,662297,41,100,2022
41,518748,"Grimm, Justin",5/14/2022,662399,41,100,2022
41,570632,"Ureña, José",4/15/2022,661267,41,100,2022
41,665621,"García, Rony",4/13/2022,662885,41,100,2022
41,663574,"Santillan, Tony",5/7/2022,663070,41,100,2022
41,676879,"Ashby, Aaron",4/7/2022,663178,41,100,2022
41,640444,"Crowe, Wil",4/7/2022,662021,41,100,2022
41,605130,"Barlow, Scott",5/26/2022,661771,41,100,2022
41,502179,"Espino, Paolo",4/8/2022,662559,41,100,2022
41,663765,"Woodford, Jake",4/10/2022,662019,41,100,2022
41,656793,"Nelson, Nick",5/27/2022,662543,41,100,2022
41,656546,"Hoffman, Jeff",4/26/2022,663079,41,100,2022
41,676710,"Crawford, Kutter",4/23/2022,661941,41,100,2022
41,671790,"Bolaños, Ronald",5/19/2022,662715,41,100,2022
41,623485,"Goudeau, Ashton",5/21/2022,663001,41,100,2022
41,571656,"Farmer, Buck",5/4/2022,661197,41,100,2022
40,571656,"Farmer, Buck",5/1/2022,663007,40,100,2022
40,669022,"Gore, MacKenzie",5/17/2022,661625,40,100,2022
40,594577,"Mayers, Mike",5/25/2022,663446,40,100,2022
40,621082,"Lemoine, Jacob",4/17/2022,661804,40,100,2022
40,617228,"Sawamura, Hirokazu",4/15/2022,663265,40,100,2022
40,676710,"Crawford, Kutter",4/10/2022,661316,40,100,2022
40,656546,"Hoffman, Jeff",4/8/2022,661576,40,100,2022
40,571800,"Hutchison, Drew",4/16/2022,662798,40,100,2022
40,605538,"Wisler, Matt",5/30/2022,661900,40,100,2022
40,656793,"Nelson, Nick",4/29/2022,662592,40,100,2022
40,622503,"Crismatt, Nabil",4/16/2022,662235,40,100,2022
40,572403,"VerHagen, Drew",5/24/2022,661998,40,100,2022
40,592761,"Smith, Caleb",5/17/2022,662697,40,100,2022
40,548389,"Stripling, Ross",5/29/2022,663414,40,100,2022
39,572403,"VerHagen, Drew",5/21/2022,662478,39,100,2022
39,670990,"Ramírez, Yohan",4/10/2022,661738,39,100,2022
39,518748,"Grimm, Justin",5/22/2022,663447,39,100,2022
39,663765,"Woodford, Jake",5/28/2022,661991,39,100,2022
39,621383,"Banks, Tanner",5/17/2022,662727,39,100,2022
39,641743,"Kay, Anthony",4/12/2022,661314,39,100,2022
39,596082,"Reed, Jake",5/17/2022,662507,39,100,2022
39,675921,"Howard, Spencer",4/24/2022,662388,39,100,2022
39,640444,"Crowe, Wil",5/7/2022,663089,39,100,2022
39,669211,"Akin, Keegan",5/24/2022,661285,39,100,2022
39,676477,"Whitlock, Garrett",4/12/2022,662862,39,100,2022
39,624522,"Thompson, Keegan",4/18/2022,663197,39,100,2022
39,656061,"Abreu, Albert",4/29/2022,661911,39,100,2022
39,672710,"Contreras, Roansy",4/19/2022,661211,39,100,2022
39,641501,"Danish, Tyler",5/17/2022,663271,39,100,2022
39,606303,"Payamps, Joel",5/11/2022,661899,39,100,2022
39,664849,"Young, Danny",5/9/2022,662158,39,100,2022
39,668820,"Kranick, Max",5/7/2022,663070,39,100,2022
39,548389,"Stripling, Ross",5/24/2022,661998,39,100,2022
39,621593,"Castro, Anthony",5/7/2022,663056,39,100,2022
39,644429,"Severino, Anderson",4/23/2022,661752,39,100,2022
38,656222,"Beeks, Jalen",5/9/2022,663438,38,100,2022
38,503449,"Peralta, Wily",4/29/2022,662699,38,100,2022
38,641907,"Murphy, Patrick",4/14/2022,662307,38,100,2022
38,669674,"Long, Sam",5/1/2022,662106,38,100,2022
38,666974,"Cano, Yennier",5/22/2022,662712,38,100,2022
38,592761,"Smith, Caleb",5/11/2022,663358,38,100,2022
38,650633,"King, Michael",5/17/2022,661342,38,100,2022
38,664208,"Maton, Phil",5/11/2022,661702,38,100,2022
38,676596,"Fleming, Josh",4/9/2022,661917,38,100,2022
38,543521,"McHugh, Collin",4/27/2022,661552,38,100,2022
38,668684,"Tully, Tanner",4/22/2022,661311,38,100,2022
38,663423,"Thornton, Trent",4/8/2022,661782,38,100,2022
38,592473,"Kolarek, Adam",4/12/2022,661944,38,100,2022
38,643493,"Pruitt, Austin",5/28/2022,662375,38,100,2022
38,621248,"Garza Jr., Ralph",4/12/2022,661944,38,100,2022
38,656794,"Newcomb, Sean",4/10/2022,661573,38,100,2022
38,650959,"Diplán, Marcos",5/29/2022,663299,38,100,2022
38,656546,"Hoffman, Jeff",4/12/2022,663088,38,100,2022
38,676477,"Whitlock, Garrett",4/8/2022,661333,38,100,2022
38,642207,"Williams, Devin",5/10/2022,663090,38,100,2022
38,541640,"Ramírez, Erasmo",5/28/2022,662514,38,100,2022
38,608723,"Voth, Austin",4/12/2022,661571,38,100,2022
38,503449,"Peralta, Wily",4/19/2022,662896,38,100,2022
38,547001,"Poteet, Cody",5/3/2022,661364,38,100,2022
38,669804,"De Jesus, Angel",4/23/2022,662848,38,100,2022
38,656546,"Hoffman, Jeff",5/23/2022,663073,38,100,2022
37,621082,"Lemoine, Jacob",5/21/2022,663448,37,100,2022
37,608718,"Suter, Brent",5/8/2022,661550,37,100,2022
37,570488,"Valdez, Phillips",4/15/2022,663265,37,100,2022
37,503449,"Peralta, Wily",5/14/2022,662844,37,100,2022
37,656222,"Beeks, Jalen",5/27/2022,661960,37,100,2022
37,621389,"Blach, Ty",5/10/2022,662096,37,100,2022
37,667465,"Fletcher, Aaron",4/23/2022,663144,37,100,2022
37,656557,"Houck, Tanner",5/15/2022,661146,37,100,2022
37,621383,"Banks, Tanner",4/10/2022,662887,37,100,2022
37,643400,"Knight, Dusten",5/24/2022,661978,37,100,2022
37,643316,"Fry, Paul",4/28/2022,661305,37,100,2022
37,670036,"Festa, Matt",4/29/2022,661390,37,100,2022
37,642207,"Williams, Devin",4/17/2022,661226,37,100,2022
37,519043,"Moore, Matt",5/17/2022,661126,37,100,2022
37,656222,"Beeks, Jalen",4/10/2022,661916,37,100,2022
37,606131,"Perdomo, Luis",5/7/2022,661540,37,100,2022
37,640462,"Puk, A.J.",4/11/2022,661915,37,100,2022
37,664337,"Yajure, Miguel",4/28/2022,662295,37,100,2022
37,657508,"Baumann, Mike",4/11/2022,663403,37,100,2022
37,668820,"Kranick, Max",5/11/2022,662385,37,100,2022
37,571863,"Koch, Matt",4/26/2022,661929,37,100,2022
37,656887,"Reid-Foley, Sean",4/20/2022,662349,37,100,2022
37,656271,"Burke, Brock",5/29/2022,662374,37,100,2022
37,607237,"Garrett, Amir",4/19/2022,662753,37,100,2022
37,669952,"White, Mitch",4/16/2022,662619,37,100,2022
37,669211,"Akin, Keegan",4/29/2022,663337,37,100,2022
36,622098,"Smith, Drew",4/29/2022,662592,36,100,2022
36,608032,"Estévez, Carlos",5/13/2022,663012,36,100,2022
36,670036,"Festa, Matt",4/10/2022,661738,36,100,2022
36,656290,"Carlton, Drew",5/28/2022,662852,36,100,2022
36,445926,"Chavez, Jesse",4/19/2022,663196,36,100,2022
36,671790,"Bolaños, Ronald",5/9/2022,661349,36,100,2022
36,676831,"Whitley, Kodi",5/10/2022,661987,36,100,2022
36,666818,"Frías, Luis",4/29/2022,662037,36,100,2022
36,664849,"Young, Danny",5/19/2022,663269,36,100,2022
36,641793,"Littell, Zack",5/5/2022,662105,36,100,2022
36,656803,"Norwood, James",5/20/2022,661632,36,100,2022
36,664747,"Díaz, Alexis",4/17/2022,662618,36,100,2022
36,592473,"Kolarek, Adam",4/22/2022,662390,36,100,2022
36,656794,"Newcomb, Sean",4/18/2022,662617,36,100,2022
36,621383,"Banks, Tanner",4/28/2022,661532,36,100,2022
36,640444,"Crowe, Wil",5/14/2022,662384,36,100,2022
36,621248,"Garza Jr., Ralph",5/26/2022,662051,36,100,2022
36,642545,"Barria, Jaime",5/29/2022,663414,36,100,2022
36,621389,"Blach, Ty",5/3/2022,662994,36,100,2022
36,623474,"Herget, Jimmy",5/20/2022,663449,36,100,2022
36,621383,"Banks, Tanner",5/12/2022,661519,36,100,2022
36,676879,"Ashby, Aaron",5/3/2022,661200,36,100,2022
36,666974,"Cano, Yennier",5/11/2022,661702,36,100,2022
36,663765,"Woodford, Jake",5/3/2022,662690,36,100,2022
36,650633,"King, Michael",5/13/2022,661491,36,100,2022
36,644364,"Arano, Víctor",5/28/2022,662514,36,100,2022
36,605156,"Brooks, Aaron",4/10/2022,662019,36,100,2022
36,656271,"Burke, Brock",4/26/2022,661980,36,100,2022
35,608328,"De Jong, Chase",5/1/2022,662293,35,100,2022
35,621242,"Díaz, Edwin",5/19/2022,662520,35,100,2022
35,650556,"Abreu, Bryan",4/19/2022,662927,35,100,2022
35,650959,"Diplán, Marcos",5/27/2022,663276,35,100,2022
35,641793,"Littell, Zack",5/22/2022,662076,35,100,2022
35,676710,"Crawford, Kutter",5/13/2022,661882,35,100,2022
35,622503,"Crismatt, Nabil",5/11/2022,662273,35,100,2022
35,596071,"Peters, Dillon",5/28/2022,662280,35,100,2022
35,592804,"Thornburg, Tyler",5/6/2022,661541,35,100,2022
35,622250,"Sborz, Josh",5/19/2022,662778,35,100,2022
35,606303,"Payamps, Joel",5/23/2022,663340,35,100,2022
35,641582,"Foster, Matt",4/21/2022,663093,35,100,2022
35,657376,"Schmidt, Clarke",5/14/2022,661490,35,100,2022
35,543056,"Coulombe, Danny",4/29/2022,661907,35,100,2022
35,519326,"Strickland, Hunter",5/1/2022,663007,35,100,2022
35,595881,"Beede, Tyler",5/4/2022,662707,35,100,2022
35,657376,"Schmidt, Clarke",4/10/2022,661316,35,100,2022
35,669212,"Morgan, Eli",5/26/2022,662842,35,100,2022
35,656271,"Burke, Brock",4/10/2022,661802,35,100,2022
35,663855,"Hicks, Jordan",4/17/2022,661226,35,100,2022
35,665621,"García, Rony",5/15/2022,662843,35,100,2022
35,595881,"Beede, Tyler",4/12/2022,662104,35,100,2022
35,453268,"Bard, Daniel",5/24/2022,662454,35,100,2022
35,656546,"Hoffman, Jeff",4/22/2022,663169,35,100,2022
35,595881,"Beede, Tyler",4/17/2022,663132,35,100,2022
35,669211,"Akin, Keegan",4/12/2022,663295,35,100,2022
35,543521,"McHugh, Collin",4/10/2022,661573,35,100,2022
35,621389,"Blach, Ty",4/23/2022,662848,35,100,2022
35,445926,"Chavez, Jesse",4/23/2022,661568,35,100,2022
34,664337,"Yajure, Miguel",4/10/2022,662019,34,100,2022
34,519043,"Moore, Matt",4/22/2022,662390,34,100,2022
34,608723,"Voth, Austin",5/23/2022,662524,34,100,2022
34,607455,"Banda, Anthony",5/28/2022,662280,34,100,2022
34,673904,"Walsh, Jake",5/11/2022,662006,34,100,2022
34,659275,"Lamet, Dinelson",4/12/2022,662104,34,100,2022
34,571800,"Hutchison, Drew",5/4/2022,662839,34,100,2022
34,641501,"Danish, Tyler",4/20/2022,663247,34,100,2022
34,664584,"Romero, Jhon",4/12/2022,661753,34,100,2022
34,641941,"Pagán, Emilio",4/22/2022,661755,34,100,2022
34,592804,"Thornburg, Tyler",4/10/2022,661573,34,100,2022
34,468504,"Chacín, Jhoulys",5/28/2022,662514,34,100,2022
34,519043,"Moore, Matt",4/19/2022,662161,34,100,2022
34,541640,"Ramírez, Erasmo",5/10/2022,662537,34,100,2022
34,670426,"Diehl, Phillip",4/29/2022,663009,34,100,2022
34,656546,"Hoffman, Jeff",5/3/2022,661200,34,100,2022
34,650556,"Abreu, Bryan",5/23/2022,662858,34,100,2022
34,656794,"Newcomb, Sean",4/29/2022,661209,34,100,2022
34,656546,"Hoffman, Jeff",4/29/2022,663009,34,100,2022
34,676637,"Sanders, Phoenix",4/14/2022,661942,34,100,2022
34,656222,"Beeks, Jalen",4/28/2022,661908,34,100,2022
34,656730,"Megill, Trevor",5/30/2022,662854,34,100,2022
34,661395,"Duran, Jhoan",4/15/2022,663265,34,100,2022
34,621383,"Banks, Tanner",4/14/2022,661529,34,100,2022
34,663558,"Moran, Jovani",5/28/2022,661774,34,100,2022
34,663986,"Stephan, Trevor",5/4/2022,663068,34,100,2022
34,676641,"Sulser, Beau",4/29/2022,662296,34,100,2022
34,607481,"Bummer, Aaron",4/28/2022,661532,34,100,2022
34,600921,"Machado, Andrés",4/14/2022,662307,34,100,2022
34,614179,"Ruiz, José",5/21/2022,661289,34,100,2022
34,649144,"Wells, Alex",4/26/2022,661309,34,100,2022
34,656458,"Gilbreath, Lucas",4/23/2022,662848,34,100,2022
34,608371,"Sims, Lucas",5/4/2022,661197,34,100,2022
34,667427,"Jackson, Zach",5/17/2022,662370,34,100,2022
34,656061,"Abreu, Albert",4/15/2022,662014,34,100,2022
34,621295,"Wittgren, Nick",5/24/2022,661998,34,100,2022
34,664054,"Stashak, Cody",5/8/2022,661700,34,100,2022
34,650633,"King, Michael",4/27/2022,661306,34,100,2022
34,606303,"Payamps, Joel",5/20/2022,662714,34,100,2022
34,656887,"Reid-Foley, Sean",4/27/2022,662048,34,100,2022
33,663455,"Pilkington, Konnor",4/22/2022,661311,33,100,2022
33,663903,"Singer, Brady",4/26/2022,661536,33,100,2022
33,643377,"Jax, Griffin",5/23/2022,661730,33,100,2022
33,669912,"Snead, Kirby",5/18/2022,662377,33,100,2022
33,643377,"Jax, Griffin",5/31/2022,662806,33,100,2022
33,650633,"King, Michael",5/21/2022,661289,33,100,2022
33,642100,"Speier, Gabe",5/24/2022,663339,33,100,2022
33,664042,"Lakins Sr., Travis",4/16/2022,663266,33,100,2022
33,472610,"García, Luis",5/20/2022,662078,33,100,2022
33,520980,"Báez, Pedro",4/15/2022,662192,33,100,2022
33,605347,"López, Jorge",5/19/2022,661347,33,100,2022
33,622251,"Staumont, Josh",5/22/2022,662712,33,100,2022
33,643511,"Rogers, Tyler",5/31/2022,661618,33,100,2022
33,640444,"Crowe, Wil",4/24/2022,663166,33,100,2022
33,669395,"Coleman, Dylan",5/20/2022,662714,33,100,2022
33,622253,"Tate, Dillon",5/22/2022,661279,33,100,2022
33,641329,"Baker, Bryan",5/22/2022,661279,33,100,2022
33,675911,"Strider, Spencer",4/30/2022,661901,33,100,2022
33,650633,"King, Michael",5/4/2022,661795,33,100,2022
33,621249,"Underwood Jr., Duane",5/18/2022,663156,33,100,2022
33,608648,"Duffey, Tyler",5/12/2022,661694,33,100,2022
33,650556,"Abreu, Bryan",4/24/2022,662921,33,100,2022
33,592804,"Thornburg, Tyler",4/14/2022,662237,33,100,2022
33,608328,"De Jong, Chase",5/17/2022,663157,33,100,2022
33,676684,"Vest, Will",5/4/2022,662839,33,100,2022
33,592858,"Wick, Rowan",5/11/2022,662273,33,100,2022
33,596071,"Peters, Dillon",4/18/2022,661242,33,100,2022
33,656803,"Norwood, James",5/28/2022,662556,33,100,2022
33,658431,"Medina, Adonis",5/17/2022,662566,33,100,2022
33,669211,"Akin, Keegan",5/20/2022,661348,33,100,2022
33,521230,"Hendriks, Liam",4/8/2022,662888,33,100,2022
33,573124,"Rogers, Taylor",5/19/2022,661623,33,100,2022
33,595881,"Beede, Tyler",4/21/2022,662593,33,100,2022
33,623451,"Stephens, Jackson",5/15/2022,661545,33,100,2022
33,656271,"Burke, Brock",4/29/2022,661911,33,100,2022
33,621248,"Garza Jr., Ralph",5/30/2022,661900,33,100,2022
32,663559,"Falter, Bailey",4/10/2022,661129,32,100,2022
32,468504,"Chacín, Jhoulys",4/10/2022,662934,32,100,2022
32,621248,"Garza Jr., Ralph",5/21/2022,661291,32,100,2022
32,596271,"Lawrence, Casey",5/7/2022,663057,32,100,2022
32,622098,"Smith, Drew",5/3/2022,662569,32,100,2022
32,656271,"Burke, Brock",4/14/2022,661993,32,100,2022
32,669912,"Snead, Kirby",5/10/2022,662412,32,100,2022
32,605488,"Springs, Jeffrey",4/23/2022,661941,32,100,2022
32,475479,"Phelps, David",5/7/2022,663057,32,100,2022
32,663559,"Falter, Bailey",4/13/2022,661643,32,100,2022
32,656793,"Nelson, Nick",5/31/2022,661618,32,100,2022
32,664199,"Clarke, Taylor",4/21/2022,662742,32,100,2022
32,640462,"Puk, A.J.",4/29/2022,662405,32,100,2022
32,664776,"Cousins, Jake",4/25/2022,661210,32,100,2022
32,640444,"Crowe, Wil",5/27/2022,662281,32,100,2022
32,660906,"Pérez, Francisco",5/31/2022,662544,32,100,2022
32,676103,"Jones, Damon",4/13/2022,661643,32,100,2022
32,607216,"Krehbiel, Joey",4/18/2022,662407,32,100,2022
32,642028,"Rogers, Josh",5/5/2022,663013,32,100,2022
32,622253,"Tate, Dillon",5/4/2022,663462,32,100,2022
32,644429,"Severino, Anderson",4/20/2022,663094,32,100,2022
32,621249,"Underwood Jr., Duane",5/29/2022,662279,32,100,2022
32,622251,"Staumont, Josh",5/13/2022,663012,32,100,2022
32,517008,"Colomé, Alex",4/9/2022,662931,32,100,2022
32,571800,"Hutchison, Drew",4/8/2022,662888,32,100,2022
32,661395,"Duran, Jhoan",5/7/2022,661701,32,100,2022
32,656986,"Sousa, Bennett",5/24/2022,661488,32,100,2022
32,621051,"Wilson, Steven",5/30/2022,661989,32,100,2022
32,671790,"Bolaños, Ronald",5/29/2022,661731,32,100,2022
32,621248,"Garza Jr., Ralph",5/17/2022,662053,32,100,2022
32,445926,"Chavez, Jesse",4/16/2022,662966,32,100,2022
32,676103,"Jones, Damon",4/10/2022,661129,32,100,2022
32,650496,"Mejía, J.C.",5/11/2022,663074,32,100,2022
32,594577,"Mayers, Mike",5/2/2022,661526,32,100,2022
32,649144,"Wells, Alex",4/16/2022,663266,32,100,2022
32,595345,"Okert, Steven",5/17/2022,661401,32,100,2022
31,641329,"Baker, Bryan",5/28/2022,663257,31,100,2022
31,573668,"Minaya, Juan",5/28/2022,661774,31,100,2022
31,607359,"Patton, Spencer",4/15/2022,662014,31,100,2022
31,664294,"Moreta, Dauri",5/4/2022,661197,31,100,2022
31,656793,"Nelson, Nick",5/17/2022,661625,31,100,2022
31,519326,"Strickland, Hunter",4/20/2022,662231,31,100,2022
31,657612,"Hill, Tim",5/4/2022,663068,31,100,2022
31,671790,"Bolaños, Ronald",4/23/2022,662191,31,100,2022
31,676714,"Hughes, Brandon",5/17/2022,663157,31,100,2022
31,676760,"Marinaccio, Ron",4/28/2022,661305,31,100,2022
31,669467,"Pallante, Andre",4/20/2022,661404,31,100,2022
31,572403,"VerHagen, Drew",4/17/2022,661226,31,100,2022
31,669276,"Lee, Dylan",5/28/2022,661537,31,100,2022
31,660906,"Pérez, Francisco",4/30/2022,662084,31,100,2022
31,571901,"Loup, Aaron",4/15/2022,662014,31,100,2022
31,656061,"Abreu, Albert",4/26/2022,661980,31,100,2022
31,656730,"Megill, Trevor",5/22/2022,662712,31,100,2022
31,453268,"Bard, Daniel",5/11/2022,662095,31,100,2022
31,608328,"De Jong, Chase",5/13/2022,662494,31,100,2022
31,548384,"Raley, Brooks",4/12/2022,661944,31,100,2022
31,605218,"Edwards Jr., Carl",5/10/2022,662537,31,100,2022
31,622075,"Almonte, Yency",5/15/2022,662696,31,100,2022
31,605488,"Springs, Jeffrey",5/3/2022,662386,31,100,2022
31,605195,"Crick, Kyle",4/23/2022,661752,31,100,2022
31,594311,"Gustave, Jandel",4/14/2022,661292,31,100,2022
31,608648,"Duffey, Tyler",5/26/2022,661771,31,100,2022
31,661383,"Ortega, Oliver",5/17/2022,661126,31,100,2022
31,669211,"Akin, Keegan",4/9/2022,661917,31,100,2022
31,606303,"Payamps, Joel",4/30/2022,662797,31,100,2022
31,592804,"Thornburg, Tyler",5/10/2022,661549,31,100,2022
31,650960,"Duarte, Daniel",4/12/2022,663088,31,100,2022
31,661395,"Duran, Jhoan",4/8/2022,661750,31,100,2022
31,664747,"Díaz, Alexis",5/9/2022,663101,31,100,2022
31,489334,"Stammen, Craig",4/22/2022,662230,31,100,2022
31,608717,"Stratton, Chris",5/11/2022,662385,31,100,2022
31,518748,"Grimm, Justin",5/1/2022,662397,31,100,2022
31,614179,"Ruiz, José",5/15/2022,661489,31,100,2022
31,607625,"Lugo, Seth",5/21/2022,663002,31,100,2022
31,607229,"Gsellman, Robert",5/10/2022,662258,31,100,2022
31,657024,"Swanson, Erik",4/16/2022,662206,31,100,2022
31,664208,"Maton, Phil",5/14/2022,662547,31,100,2022
31,608328,"De Jong, Chase",5/22/2022,662479,31,100,2022
31,656793,"Nelson, Nick",5/3/2022,661635,31,100,2022
30,676710,"Crawford, Kutter",5/5/2022,663227,30,100,2022
30,656061,"Abreu, Albert",4/21/2022,662177,30,100,2022
30,656793,"Nelson, Nick",4/26/2022,661567,30,100,2022
30,667463,"King, John",5/10/2022,662016,30,100,2022
30,663485,"Sands, Cole",5/1/2022,661905,30,100,2022
30,625643,"López, Reynaldo",4/26/2022,661536,30,100,2022
30,608718,"Suter, Brent",5/27/2022,661992,30,100,2022
30,664584,"Romero, Jhon",4/19/2022,662753,30,100,2022
30,669395,"Coleman, Dylan",5/4/2022,662739,30,100,2022
30,641582,"Foster, Matt",4/26/2022,661536,30,100,2022
30,657508,"Baumann, Mike",4/24/2022,661033,30,100,2022
30,663158,"Suarez, Robert",4/10/2022,663395,30,100,2022
30,656271,"Burke, Brock",5/12/2022,661883,30,100,2022
30,573204,"Thielbar, Caleb",5/25/2022,661772,30,100,2022
30,681799,"Roberts, Ethan",4/21/2022,663145,30,100,2022
30,548389,"Stripling, Ross",5/18/2022,661767,30,100,2022
30,663986,"Stephan, Trevor",5/14/2022,661695,30,100,2022
30,594311,"Gustave, Jandel",4/9/2022,663205,30,100,2022
30,445276,"Jansen, Kenley",4/8/2022,661576,30,100,2022
30,656529,"Hentges, Sam",5/7/2022,663056,30,100,2022
30,608328,"De Jong, Chase",5/10/2022,662292,30,100,2022
30,660853,"De Los Santos, Enyel",5/7/2022,663056,30,100,2022
30,641755,"Kinley, Tyler",4/8/2022,662933,30,100,2022
30,641501,"Danish, Tyler",5/31/2022,663297,30,100,2022
30,503449,"Peralta, Wily",5/31/2022,662836,30,100,2022
30,682171,"Murfee, Penn",5/4/2022,662835,30,100,2022
30,621074,"Rucker, Michael",5/3/2022,663165,30,100,2022
30,594577,"Mayers, Mike",5/16/2022,661145,30,100,2022
30,519043,"Moore, Matt",4/27/2022,661964,30,100,2022
30,656887,"Reid-Foley, Sean",4/15/2022,662485,30,100,2022
30,670950,"Richards, Trevor",5/5/2022,663066,30,100,2022
30,664123,"Effross, Scott",5/11/2022,662273,30,100,2022
30,518553,"Cishek, Steve",5/17/2022,661401,30,100,2022
30,641501,"Danish, Tyler",5/15/2022,661146,30,100,2022
30,519043,"Moore, Matt",5/1/2022,661935,30,100,2022
30,664208,"Maton, Phil",5/16/2022,663275,30,100,2022
30,669467,"Pallante, Andre",5/1/2022,661988,30,100,2022
30,614179,"Ruiz, José",5/26/2022,661486,30,100,2022
30,642130,"Taylor, Blake",5/14/2022,662547,30,100,2022
30,641501,"Danish, Tyler",5/10/2022,661549,30,100,2022
30,621381,"Strahm, Matt",5/16/2022,663275,30,100,2022
30,676684,"Vest, Will",4/29/2022,662699,30,100,2022
30,642545,"Barria, Jaime",4/30/2022,661534,30,100,2022
30,650911,"Sánchez, Cristopher",4/23/2022,661620,30,100,2022
30,676534,"Faucher, Calvin",5/9/2022,663438,30,100,2022
30,658551,"Fernández, Junior",5/24/2022,661998,30,100,2022
30,521230,"Hendriks, Liam",4/24/2022,661781,30,100,2022
30,670950,"Richards, Trevor",4/24/2022,662921,30,100,2022
30,664776,"Cousins, Jake",4/30/2022,661208,30,100,2022
30,543238,"Gose, Anthony",5/9/2022,661525,30,100,2022
30,650960,"Duarte, Daniel",4/16/2022,662619,30,100,2022
30,676477,"Whitlock, Garrett",4/16/2022,663238,30,100,2022
30,571800,"Hutchison, Drew",4/23/2022,662849,30,100,2022
30,547001,"Poteet, Cody",4/11/2022,661036,30,100,2022
29,608716,"Steckenrider, Drew",5/4/2022,662835,29,100,2022
29,475479,"Phelps, David",4/24/2022,662921,29,100,2022
29,657766,"St. John, Locke",4/30/2022,661208,29,100,2022
29,608032,"Estévez, Carlos",4/15/2022,662960,29,100,2022
29,621389,"Blach, Ty",5/23/2022,662455,29,100,2022
29,663559,"Falter, Bailey",4/16/2022,661416,29,100,2022
29,519043,"Moore, Matt",5/11/2022,661899,29,100,2022
29,518886,"Kimbrel, Craig",5/17/2022,662628,29,100,2022
29,608718,"Suter, Brent",4/10/2022,663204,29,100,2022
29,489334,"Stammen, Craig",5/9/2022,662259,29,100,2022
29,521230,"Hendriks, Liam",4/16/2022,661527,29,100,2022
29,605130,"Barlow, Scott",5/22/2022,662712,29,100,2022
29,605347,"López, Jorge",4/13/2022,663433,29,100,2022
29,657508,"Baumann, Mike",4/19/2022,662406,29,100,2022
29,641394,"Brentz, Jake",4/23/2022,662191,29,100,2022
29,650911,"Sánchez, Cristopher",5/1/2022,662579,29,100,2022
29,643377,"Jax, Griffin",4/22/2022,661755,29,100,2022
29,660813,"Graterol, Brusdar",5/24/2022,662536,29,100,2022
29,650893,"Cabrera, Génesis",5/27/2022,661992,29,100,2022
29,676720,"Romero, Tommy",4/17/2022,661462,29,100,2022
29,641401,"Brogdon, Connor",5/25/2022,661542,29,100,2022
29,667427,"Jackson, Zach",4/30/2022,662393,29,100,2022
29,622503,"Crismatt, Nabil",4/22/2022,662230,29,100,2022
29,503449,"Peralta, Wily",5/5/2022,662816,29,100,2022
29,502202,"Boxberger, Brad",5/17/2022,661196,29,100,2022
29,642528,"Loáisiga, Jonathan",4/17/2022,663365,29,100,2022
29,523260,"Kelly, Joe",5/12/2022,661519,29,100,2022
29,592473,"Kolarek, Adam",5/14/2022,662399,29,100,2022
29,663574,"Santillan, Tony",4/28/2022,663078,29,100,2022
29,661383,"Ortega, Oliver",4/27/2022,663439,29,100,2022
29,669395,"Coleman, Dylan",5/31/2022,663034,29,100,2022
29,650893,"Cabrera, Génesis",4/27/2022,662048,29,100,2022
29,670280,"Bednar, David",5/23/2022,662455,29,100,2022
29,621082,"Lemoine, Jacob",4/8/2022,661131,29,100,2022
29,680704,"Sandlin, Nick",5/17/2022,663032,29,100,2022
29,670810,"Gillaspie, Logan",5/17/2022,661342,29,100,2022
29,605525,"Wendelken, J.B.",4/19/2022,662587,29,100,2022
29,642165,"VanMeter, Josh",5/22/2022,662479,29,100,2022
29,519326,"Strickland, Hunter",4/28/2022,663078,29,100,2022
29,676840,"Peacock, Matt",5/20/2022,662714,29,100,2022
29,547001,"Poteet, Cody",5/6/2022,662272,29,100,2022
29,605154,"Brebbia, John",4/25/2022,661210,29,100,2022
29,663423,"Thornton, Trent",4/10/2022,661802,29,100,2022
29,543056,"Coulombe, Danny",5/10/2022,661696,29,100,2022
29,605195,"Crick, Kyle",4/26/2022,661536,29,100,2022
29,680704,"Sandlin, Nick",5/5/2022,663066,29,100,2022
29,676840,"Peacock, Matt",4/17/2022,662625,29,100,2022
29,593576,"Neris, Héctor",5/16/2022,663275,29,100,2022
29,656685,"Martin, Brett",5/17/2022,661126,29,100,2022
29,661383,"Ortega, Oliver",4/24/2022,661033,29,100,2022
29,662253,"Muñoz, Andrés",4/26/2022,661929,29,100,2022
29,502085,"Robertson, David",5/1/2022,661216,29,100,2022
29,650895,"Castillo, Diego",4/12/2022,661538,29,100,2022
29,572070,"Richards, Garrett",4/14/2022,661993,29,100,2022
29,605130,"Barlow, Scott",4/7/2022,662766,29,100,2022
29,676050,"Naughton, Packy",5/17/2022,662507,29,100,2022
29,664854,"Helsley, Ryan",5/17/2022,662566,29,100,2022
29,571710,"Givens, Mychal",4/27/2022,661552,29,100,2022
29,660906,"Pérez, Francisco",4/29/2022,662081,29,100,2022
29,614179,"Ruiz, José",5/24/2022,661488,29,100,2022
29,622075,"Almonte, Yency",5/30/2022,662743,29,100,2022
29,625643,"López, Reynaldo",5/18/2022,662726,29,100,2022
29,519293,"Smith, Will",5/24/2022,661543,29,100,2022
29,593974,"Peralta, Wandy",5/19/2022,661347,29,100,2022
29,623474,"Herget, Jimmy",5/7/2022,663430,29,100,2022
29,681799,"Roberts, Ethan",4/28/2022,661551,29,100,2022
29,622098,"Smith, Drew",5/31/2022,662544,29,100,2022
29,621074,"Rucker, Michael",5/16/2022,663151,29,100,2022
29,642203,"Widener, Taylor",4/28/2022,662047,29,100,2022
29,663158,"Suarez, Robert",5/25/2022,662228,29,100,2022
29,676760,"Marinaccio, Ron",4/24/2022,661317,29,100,2022
29,664092,"Poppen, Sean",5/16/2022,662695,29,100,2022
29,570257,"Rodríguez, Joely",5/15/2022,662567,29,100,2022
29,622503,"Crismatt, Nabil",5/15/2022,661545,29,100,2022
28,570488,"Valdez, Phillips",4/20/2022,663247,28,100,2022
28,608717,"Stratton, Chris",4/16/2022,662290,28,100,2022
28,656546,"Hoffman, Jeff",5/11/2022,663074,28,100,2022
28,622253,"Tate, Dillon",5/17/2022,661342,28,100,2022
28,663465,"Allard, Kolby",4/24/2022,662388,28,100,2022
28,676714,"Hughes, Brandon",5/31/2022,663154,28,100,2022
28,519326,"Strickland, Hunter",4/23/2022,663100,28,100,2022
28,521230,"Hendriks, Liam",5/25/2022,661487,28,100,2022
28,623485,"Goudeau, Ashton",4/8/2022,662933,28,100,2022
28,664299,"Javier, Cristian",4/9/2022,661040,28,100,2022
28,621074,"Rucker, Michael",4/13/2022,662317,28,100,2022
28,641907,"Murphy, Patrick",4/20/2022,662560,28,100,2022
28,621433,"Phillips, Brett",4/11/2022,661915,28,100,2022
28,572403,"VerHagen, Drew",5/18/2022,662554,28,100,2022
28,605538,"Wisler, Matt",4/12/2022,661944,28,100,2022
28,663947,"Holton, Tyler",5/27/2022,663347,28,100,2022
28,543507,"May, Trevor",4/25/2022,662008,28,100,2022
28,676760,"Marinaccio, Ron",5/25/2022,661286,28,100,2022
28,650893,"Cabrera, Génesis",4/16/2022,661335,28,100,2022
28,503449,"Peralta, Wily",5/25/2022,661772,28,100,2022
28,622503,"Crismatt, Nabil",4/12/2022,662104,28,100,2022
28,641793,"Littell, Zack",5/7/2022,662102,28,100,2022
28,543056,"Coulombe, Danny",4/23/2022,661752,28,100,2022
28,594577,"Mayers, Mike",5/5/2022,663227,28,100,2022
28,656420,"Feyereisen, J.P.",5/6/2022,662187,28,100,2022
28,670280,"Bednar, David",5/18/2022,663156,28,100,2022
28,592858,"Wick, Rowan",5/14/2022,663348,28,100,2022
28,502202,"Boxberger, Brad",5/23/2022,662257,28,100,2022
28,680739,"Winder, Josh",4/12/2022,661753,28,100,2022
28,608723,"Voth, Austin",4/29/2022,662081,28,100,2022
28,468504,"Chacín, Jhoulys",5/21/2022,663002,28,100,2022
28,669952,"White, Mitch",5/17/2022,662628,28,100,2022
28,641907,"Murphy, Patrick",4/11/2022,661572,28,100,2022
28,607572,"Howard, Sam",4/27/2022,662289,28,100,2022
28,659275,"Lamet, Dinelson",5/9/2022,662259,28,100,2022
28,663574,"Santillan, Tony",5/28/2022,663118,28,100,2022
28,605130,"Barlow, Scott",5/16/2022,662728,28,100,2022
28,543521,"McHugh, Collin",5/4/2022,662577,28,100,2022
28,657240,"Merryweather, Julian",4/29/2022,661826,28,100,2022
28,608717,"Stratton, Chris",4/30/2022,662288,28,100,2022
28,656945,"Scott, Tanner",5/6/2022,662272,28,100,2022
28,543521,"McHugh, Collin",5/25/2022,661542,28,100,2022
28,573124,"Rogers, Taylor",5/10/2022,662258,28,100,2022
28,518617,"Diekman, Jake",4/22/2022,661914,28,100,2022
28,572955,"Johnson, Pierce",4/15/2022,662236,28,100,2022
28,592858,"Wick, Rowan",5/26/2022,663081,28,100,2022
28,669270,"Kuhnel, Joel",5/24/2022,663103,28,100,2022
28,493603,"Ottavino, Adam",4/30/2022,662591,28,100,2022
28,650893,"Cabrera, Génesis",5/6/2022,662103,28,100,2022
28,656458,"Gilbreath, Lucas",5/10/2022,662096,28,100,2022
28,592473,"Kolarek, Adam",5/21/2022,663448,28,100,2022
28,669467,"Pallante, Andre",5/19/2022,662520,28,100,2022
28,669211,"Akin, Keegan",4/24/2022,661033,28,100,2022
28,656222,"Beeks, Jalen",5/16/2022,661961,28,100,2022
28,664747,"Díaz, Alexis",4/13/2022,663117,28,100,2022
28,656354,"Davis, Austin",4/11/2022,662863,28,100,2022
28,669459,"Nelson, Kyle",5/4/2022,661363,28,100,2022
28,642207,"Williams, Devin",4/13/2022,663433,28,100,2022
28,614179,"Ruiz, José",5/12/2022,661519,28,100,2022
28,664948,"Misiewicz, Anthony",5/28/2022,662131,28,100,2022
28,670426,"Diehl, Phillip",4/27/2022,663148,28,100,2022
28,623465,"Phillips, Evan",5/26/2022,663338,28,100,2022
28,666818,"Frías, Luis",5/3/2022,661364,28,100,2022
28,456713,"Bush, Matt",4/11/2022,662042,28,100,2022
28,663158,"Suarez, Robert",4/15/2022,662236,28,100,2022
28,656271,"Burke, Brock",5/3/2022,661635,28,100,2022
28,625643,"López, Reynaldo",4/9/2022,662864,28,100,2022
28,571948,"Milner, Hoby",5/9/2022,663101,28,100,2022
28,661255,"López, Yoan",4/27/2022,662048,28,100,2022
28,608723,"Voth, Austin",5/11/2022,662526,28,100,2022
28,622503,"Crismatt, Nabil",5/4/2022,663067,28,100,2022
28,669912,"Snead, Kirby",4/8/2022,661131,28,100,2022
28,571710,"Givens, Mychal",5/11/2022,662273,28,100,2022
28,641941,"Pagán, Emilio",5/6/2022,661775,28,100,2022
28,669467,"Pallante, Andre",4/10/2022,662019,28,100,2022
28,608349,"Knebel, Corey",4/30/2022,662591,28,100,2022
28,667427,"Jackson, Zach",5/4/2022,662382,28,100,2022
28,596271,"Lawrence, Casey",5/5/2022,663066,28,100,2022
28,596112,"Stephenson, Robert",4/27/2022,661638,28,100,2022
28,621114,"Burr, Ryan",5/12/2022,661519,28,100,2022
28,676637,"Sanders, Phoenix",4/22/2022,661914,28,100,2022
28,605154,"Brebbia, John",4/20/2022,662349,28,100,2022
28,642130,"Taylor, Blake",5/3/2022,662919,28,100,2022
28,669276,"Lee, Dylan",5/23/2022,661544,28,100,2022
28,607216,"Krehbiel, Joey",4/10/2022,661916,28,100,2022
28,676092,"Snider, Collin",5/8/2022,661307,28,100,2022
28,663531,"Allen, Logan",4/22/2022,661311,28,100,2022
28,669212,"Morgan, Eli",5/13/2022,661698,28,100,2022
28,600921,"Machado, Andrés",4/9/2022,662588,28,100,2022
28,623474,"Herget, Jimmy",4/17/2022,662038,28,100,2022
28,543829,"Strange-Gordon, Dee",4/12/2022,661571,28,100,2022
28,621366,"Borucki, Ryan",5/29/2022,663414,28,100,2022
28,644364,"Arano, Víctor",4/11/2022,661572,28,100,2022
28,605347,"López, Jorge",5/9/2022,661349,28,100,2022
28,641941,"Pagán, Emilio",5/8/2022,661700,28,100,2022
28,519043,"Moore, Matt",5/14/2022,661147,28,100,2022
28,641941,"Pagán, Emilio",5/23/2022,661730,28,100,2022
28,670090,"Mills, Wyatt",5/4/2022,662835,28,100,2022
27,671345,"Foley, Jason",4/16/2022,662798,27,100,2022
27,621295,"Wittgren, Nick",5/29/2022,661990,27,100,2022
27,642152,"Trivino, Lou",5/10/2022,662855,27,100,2022
27,641755,"Kinley, Tyler",4/28/2022,661641,27,100,2022
27,502179,"Espino, Paolo",4/22/2022,662557,27,100,2022
27,523260,"Kelly, Joe",5/17/2022,662780,27,100,2022
27,520980,"Báez, Pedro",4/8/2022,661041,27,100,2022
27,598264,"Barnes, Matt",5/26/2022,661486,27,100,2022
27,670090,"Mills, Wyatt",4/29/2022,661390,27,100,2022
27,519008,"McFarland, T.J.",4/17/2022,661226,27,100,2022
27,623485,"Goudeau, Ashton",4/25/2022,661639,27,100,2022
27,468504,"Chacín, Jhoulys",4/12/2022,661995,27,100,2022
27,656945,"Scott, Tanner",5/15/2022,661403,27,100,2022
27,660896,"Alcala, Jorge",4/10/2022,661738,27,100,2022
27,592804,"Thornburg, Tyler",4/24/2022,661590,27,100,2022
27,596057,"Norris, Daniel",5/25/2022,663082,27,100,2022
27,453178,"Kennedy, Ian",4/30/2022,662036,27,100,2022
27,544727,"Familia, Jeurys",5/11/2022,662176,27,100,2022
27,657024,"Swanson, Erik",5/10/2022,662157,27,100,2022
27,607457,"Barraclough, Kyle",5/29/2022,663414,27,100,2022
27,518553,"Cishek, Steve",4/23/2022,662549,27,100,2022
27,664294,"Moreta, Dauri",4/13/2022,663117,27,100,2022
27,445276,"Jansen, Kenley",5/18/2022,661202,27,100,2022
27,667427,"Jackson, Zach",4/27/2022,662066,27,100,2022
27,643338,"Green, Chad",5/12/2022,661519,27,100,2022
27,656657,"Logue, Zach",4/19/2022,662406,27,100,2022
27,663574,"Santillan, Tony",4/24/2022,663111,27,100,2022
27,592473,"Kolarek, Adam",5/1/2022,662397,27,100,2022
27,663158,"Suarez, Robert",4/19/2022,662232,27,100,2022
27,592761,"Smith, Caleb",5/26/2022,663338,27,100,2022
27,642397,"Soto, Gregory",5/11/2022,662873,27,100,2022
27,657044,"Thompson, Ryan",5/20/2022,661348,27,100,2022
27,445926,"Chavez, Jesse",5/3/2022,662569,27,100,2022
27,606149,"Gallegos, Giovanny",5/31/2022,661977,27,100,2022
27,644364,"Arano, Víctor",5/16/2022,661402,27,100,2022
27,667427,"Jackson, Zach",5/10/2022,662855,27,100,2022
27,642121,"Sulser, Cole",5/15/2022,661403,27,100,2022
27,608718,"Suter, Brent",5/17/2022,661196,27,100,2022
27,543507,"May, Trevor",5/2/2022,662578,27,100,2022
27,664776,"Cousins, Jake",4/7/2022,663178,27,100,2022
27,544727,"Familia, Jeurys",5/13/2022,662705,27,100,2022
27,598264,"Barnes, Matt",5/24/2022,661488,27,100,2022
27,656986,"Sousa, Bennett",5/13/2022,661491,27,100,2022
27,656529,"Hentges, Sam",5/4/2022,663067,27,100,2022
27,664875,"Lawrence, Justin",5/17/2022,663004,27,100,2022
27,641941,"Pagán, Emilio",5/2/2022,663362,27,100,2022
27,641394,"Brentz, Jake",4/7/2022,662766,27,100,2022
27,663574,"Santillan, Tony",5/22/2022,661763,27,100,2022
27,598264,"Barnes, Matt",4/15/2022,663265,27,100,2022
27,656354,"Davis, Austin",5/31/2022,663297,27,100,2022
27,660636,"Castillo, Diego",4/23/2022,663144,27,100,2022
27,456713,"Bush, Matt",5/15/2022,661146,27,100,2022
27,542888,"Armstrong, Shawn",5/31/2022,661884,27,100,2022
27,502179,"Espino, Paolo",5/23/2022,662524,27,100,2022
27,676831,"Whitley, Kodi",5/5/2022,662105,27,100,2022
27,663855,"Hicks, Jordan",4/12/2022,662017,27,100,2022
27,606131,"Perdomo, Luis",5/22/2022,661248,27,100,2022
27,666204,"Jiménez, Dany",5/9/2022,662837,27,100,2022
27,640444,"Crowe, Wil",4/10/2022,662019,27,100,2022
27,503449,"Peralta, Wily",5/29/2022,662840,27,100,2022
27,669952,"White, Mitch",4/20/2022,662734,27,100,2022
27,572955,"Johnson, Pierce",4/11/2022,662116,27,100,2022
27,650496,"Mejía, J.C.",5/14/2022,661414,27,100,2022
27,641755,"Kinley, Tyler",5/28/2022,662513,27,100,2022
27,543056,"Coulombe, Danny",4/8/2022,661750,27,100,2022
27,650556,"Abreu, Bryan",4/15/2022,662192,27,100,2022
27,680704,"Sandlin, Nick",5/9/2022,661525,27,100,2022
27,664199,"Clarke, Taylor",5/15/2022,663010,27,100,2022
27,518553,"Cishek, Steve",5/28/2022,662513,27,100,2022
27,608371,"Sims, Lucas",5/7/2022,663089,27,100,2022
27,608349,"Knebel, Corey",5/12/2022,662706,27,100,2022
27,659275,"Lamet, Dinelson",4/15/2022,662236,27,100,2022
27,663986,"Stephan, Trevor",4/21/2022,663093,27,100,2022
27,625643,"López, Reynaldo",5/26/2022,661486,27,100,2022
27,666168,"Thompson, Mason",4/7/2022,662571,27,100,2022
27,518886,"Kimbrel, Craig",5/30/2022,662743,27,100,2022
27,680704,"Sandlin, Nick",4/16/2022,663076,27,100,2022
27,642100,"Speier, Gabe",5/13/2022,663012,27,100,2022
27,518489,"Brasier, Ryan",5/30/2022,663298,27,100,2022
27,573204,"Thielbar, Caleb",4/26/2022,661733,27,100,2022
27,661383,"Ortega, Oliver",4/8/2022,661041,27,100,2022
27,656945,"Scott, Tanner",5/30/2022,662992,27,100,2022
27,622075,"Almonte, Yency",5/12/2022,662706,27,100,2022
27,663485,"Sands, Cole",5/12/2022,661694,27,100,2022
27,405395,"Pujols, Albert",5/15/2022,661984,27,100,2022
27,605151,"Bradley, Archie",4/18/2022,662928,27,100,2022
26,640461,"Pinder, Chad",5/18/2022,662377,26,100,2022
26,657376,"Schmidt, Clarke",4/15/2022,663357,26,100,2022
26,675911,"Strider, Spencer",5/16/2022,661212,26,100,2022
26,614179,"Ruiz, José",5/3/2022,663165,26,100,2022
26,455119,"Martin, Chris",5/26/2022,663081,26,100,2022
26,571948,"Milner, Hoby",5/22/2022,661248,26,100,2022
26,605242,"Fulmer, Michael",5/7/2022,662796,26,100,2022
26,547001,"Poteet, Cody",5/21/2022,661399,26,100,2022
26,608328,"De Jong, Chase",4/22/2022,663195,26,100,2022
26,650556,"Abreu, Bryan",5/18/2022,663270,26,100,2022
26,677865,"Bruihl, Justin",4/17/2022,662618,26,100,2022
26,641582,"Foster, Matt",4/17/2022,661462,26,100,2022
26,621237,"Alvarado, José",5/25/2022,661542,26,100,2022
26,453343,"Melancon, Mark",5/7/2022,663359,26,100,2022
26,667463,"King, John",4/20/2022,662178,26,100,2022
26,642528,"Loáisiga, Jonathan",5/10/2022,661301,26,100,2022
26,676637,"Sanders, Phoenix",4/29/2022,661907,26,100,2022
26,664854,"Helsley, Ryan",4/19/2022,661405,26,100,2022
26,608716,"Steckenrider, Drew",4/21/2022,662177,26,100,2022
26,608717,"Stratton, Chris",5/24/2022,662454,26,100,2022
26,598287,"Ramirez, Noé",5/2/2022,661362,26,100,2022
26,519293,"Smith, Will",5/11/2022,661548,26,100,2022
26,676831,"Whitley, Kodi",5/7/2022,662102,26,100,2022
26,656786,"Mushinski, Parker",5/4/2022,662835,26,100,2022
26,623352,"Hader, Josh",4/27/2022,662289,26,100,2022
26,605521,"Warren, Art",5/8/2022,663069,26,100,2022
26,600921,"Machado, Andrés",4/30/2022,662084,26,100,2022
26,543507,"May, Trevor",4/22/2022,663394,26,100,2022
26,644364,"Arano, Víctor",4/8/2022,662559,26,100,2022
26,656222,"Beeks, Jalen",4/20/2022,663146,26,100,2022
26,664294,"Moreta, Dauri",4/7/2022,661577,26,100,2022
26,543521,"McHugh, Collin",5/28/2022,661537,26,100,2022
26,543056,"Coulombe, Danny",5/4/2022,663462,26,100,2022
26,622075,"Almonte, Yency",5/25/2022,662527,26,100,2022
26,664875,"Lawrence, Justin",5/25/2022,662453,26,100,2022
26,459429,"McGee, Jake",5/9/2022,662097,26,100,2022
26,453268,"Bard, Daniel",5/15/2022,663010,26,100,2022
26,592741,"Shreve, Chasen",5/15/2022,662567,26,100,2022
26,640444,"Crowe, Wil",5/21/2022,662478,26,100,2022
26,669854,"Blanco, Ronel",4/13/2022,663341,26,100,2022
26,453178,"Kennedy, Ian",5/13/2022,663349,26,100,2022
26,681810,"Warren, Austin",4/10/2022,661039,26,100,2022
26,621051,"Wilson, Steven",4/13/2022,662115,26,100,2022
26,656222,"Beeks, Jalen",5/6/2022,662187,26,100,2022
26,664123,"Effross, Scott",4/15/2022,662960,26,100,2022
26,521230,"Hendriks, Liam",5/14/2022,661490,26,100,2022
26,489334,"Stammen, Craig",5/22/2022,662076,26,100,2022
26,592761,"Smith, Caleb",5/20/2022,663143,26,100,2022
26,641329,"Baker, Bryan",5/15/2022,662843,26,100,2022
26,669395,"Coleman, Dylan",4/24/2022,662188,26,100,2022
26,605130,"Barlow, Scott",5/1/2022,662691,26,100,2022
26,656271,"Burke, Brock",4/20/2022,662178,26,100,2022
26,642207,"Williams, Devin",5/30/2022,663149,26,100,2022
26,664854,"Helsley, Ryan",5/6/2022,662103,26,100,2022
26,621074,"Rucker, Michael",4/19/2022,663196,26,100,2022
26,622554,"Domínguez, Seranthony",5/21/2022,661631,26,100,2022
26,606625,"Moronta, Reyes",5/7/2022,663162,26,100,2022
26,572193,"Tepera, Ryan",5/17/2022,661126,26,100,2022
26,545343,"Head, Louis",4/15/2022,661417,26,100,2022
26,489265,"Romo, Sergio",4/11/2022,661754,26,100,2022
26,667297,"Nance, Tommy",5/29/2022,661517,26,100,2022
26,502202,"Boxberger, Brad",5/21/2022,661280,26,100,2022
26,621082,"Lemoine, Jacob",4/26/2022,662086,26,100,2022
26,642770,"Guerra, Javy",4/30/2022,661906,26,100,2022
26,664199,"Clarke, Taylor",4/24/2022,662188,26,100,2022
26,606625,"Moronta, Reyes",5/14/2022,662704,26,100,2022
26,628452,"Iglesias, Raisel",5/1/2022,661531,26,100,2022
26,570632,"Ureña, José",4/9/2022,663205,26,100,2022
26,641360,"Bickford, Phil",5/1/2022,662716,26,100,2022
26,573668,"Minaya, Juan",5/31/2022,662836,26,100,2022
26,528748,"Castellanos, Humberto",4/10/2022,663395,26,100,2022
26,641447,"Castano, Daniel",4/15/2022,661417,26,100,2022
26,656730,"Megill, Trevor",5/27/2022,661777,26,100,2022
26,544727,"Familia, Jeurys",5/31/2022,661618,26,100,2022
26,502085,"Robertson, David",5/21/2022,663194,26,100,2022
26,663465,"Allard, Kolby",4/15/2022,662014,26,100,2022
26,518489,"Brasier, Ryan",5/15/2022,661146,26,100,2022
26,518886,"Kimbrel, Craig",5/3/2022,662708,26,100,2022
26,606303,"Payamps, Joel",5/27/2022,661777,26,100,2022
26,650633,"King, Michael",5/8/2022,661304,26,100,2022
26,670167,"Schreiber, John",5/10/2022,661549,26,100,2022
26,468504,"Chacín, Jhoulys",4/16/2022,662966,26,100,2022
26,596071,"Peters, Dillon",4/13/2022,662317,26,100,2022
26,605538,"Wisler, Matt",5/18/2022,662054,26,100,2022
26,501625,"Alvarez, Jose",5/27/2022,663080,26,100,2022
26,621363,"Poche, Colin",5/25/2022,662052,26,100,2022
26,671345,"Foley, Jason",5/14/2022,662844,26,100,2022
26,658431,"Medina, Adonis",5/5/2022,661619,26,100,2022
26,501625,"Alvarez, Jose",5/3/2022,662708,26,100,2022
26,528748,"Castellanos, Humberto",4/8/2022,663417,26,100,2022
26,676831,"Whitley, Kodi",5/27/2022,661992,26,100,2022
26,621249,"Underwood Jr., Duane",5/24/2022,662454,26,100,2022
26,665621,"García, Rony",5/9/2022,662837,26,100,2022
26,661383,"Ortega, Oliver",5/29/2022,663414,26,100,2022
26,676641,"Sulser, Beau",5/7/2022,663089,26,100,2022
26,572888,"Greene, Shane",5/15/2022,662696,26,100,2022
26,472610,"García, Luis",4/28/2022,663078,26,100,2022
26,518886,"Kimbrel, Craig",5/27/2022,663347,26,100,2022
26,623485,"Goudeau, Ashton",4/29/2022,663009,26,100,2022
26,607481,"Bummer, Aaron",4/24/2022,661781,26,100,2022
25,606149,"Gallegos, Giovanny",5/30/2022,661989,25,100,2022
25,663455,"Pilkington, Konnor",4/17/2022,663132,25,100,2022
25,605154,"Brebbia, John",5/22/2022,662076,25,100,2022
25,606303,"Payamps, Joel",5/8/2022,661345,25,100,2022
25,573124,"Rogers, Taylor",4/18/2022,662233,25,100,2022
25,519326,"Strickland, Hunter",5/25/2022,663082,25,100,2022
25,656954,"Sheffield, Justus",4/27/2022,661909,25,100,2022
25,669212,"Morgan, Eli",4/17/2022,663132,25,100,2022
25,543339,"Hudson, Daniel",5/12/2022,662706,25,100,2022
25,664875,"Lawrence, Justin",5/3/2022,662994,25,100,2022
25,661383,"Ortega, Oliver",4/12/2022,661038,25,100,2022
25,663423,"Thornton, Trent",5/7/2022,663056,25,100,2022
25,643377,"Jax, Griffin",5/16/2022,662378,25,100,2022
25,518553,"Cishek, Steve",4/10/2022,662570,25,100,2022
25,607625,"Lugo, Seth",5/18/2022,662554,25,100,2022
25,606625,"Moronta, Reyes",4/30/2022,662698,25,100,2022
25,644429,"Severino, Anderson",4/14/2022,661529,25,100,2022
25,640448,"Finnegan, Kyle",5/8/2022,663429,25,100,2022
25,544727,"Familia, Jeurys",4/30/2022,662591,25,100,2022
25,596112,"Stephenson, Robert",4/23/2022,662849,25,100,2022
25,669211,"Akin, Keegan",4/18/2022,662407,25,100,2022
25,493603,"Ottavino, Adam",4/23/2022,663384,25,100,2022
25,623149,"Sewald, Paul",5/13/2022,662523,25,100,2022
25,664199,"Clarke, Taylor",5/29/2022,661731,25,100,2022
25,572383,"Moran, Brian",4/14/2022,661993,25,100,2022
25,622554,"Domínguez, Seranthony",4/19/2022,662925,25,100,2022
25,592804,"Thornburg, Tyler",5/22/2022,661398,25,100,2022
25,670950,"Richards, Trevor",5/18/2022,661767,25,100,2022
25,592743,"Simmons, Andrelton",5/26/2022,663081,25,100,2022
25,663558,"Moran, Jovani",5/4/2022,663462,25,100,2022
25,521230,"Hendriks, Liam",4/12/2022,661538,25,100,2022
25,456034,"Price, David",5/24/2022,662536,25,100,2022
25,573124,"Rogers, Taylor",5/28/2022,662280,25,100,2022
25,666974,"Cano, Yennier",5/16/2022,662378,25,100,2022
25,643511,"Rogers, Tyler",5/24/2022,662074,25,100,2022
25,608723,"Voth, Austin",4/21/2022,662558,25,100,2022
25,518553,"Cishek, Steve",5/14/2022,662547,25,100,2022
25,503285,"O'Day, Darren",5/13/2022,661547,25,100,2022
25,572070,"Richards, Garrett",5/13/2022,661882,25,100,2022
25,663423,"Thornton, Trent",4/22/2022,662922,25,100,2022
25,600921,"Machado, Andrés",4/7/2022,662571,25,100,2022
25,596071,"Peters, Dillon",5/21/2022,662478,25,100,2022
25,519326,"Strickland, Hunter",4/18/2022,662233,25,100,2022
25,501625,"Alvarez, Jose",5/25/2022,662093,25,100,2022
25,625643,"López, Reynaldo",4/16/2022,661527,25,100,2022
25,623149,"Sewald, Paul",5/25/2022,662133,25,100,2022
25,607572,"Howard, Sam",4/29/2022,662296,25,100,2022
25,640462,"Puk, A.J.",4/20/2022,662392,25,100,2022
25,519043,"Moore, Matt",5/4/2022,661634,25,100,2022
25,669674,"Long, Sam",4/19/2022,662616,25,100,2022
25,622503,"Crismatt, Nabil",5/7/2022,662261,25,100,2022
25,663574,"Santillan, Tony",5/25/2022,663082,25,100,2022
25,456713,"Bush, Matt",4/21/2022,662177,25,100,2022
25,661383,"Ortega, Oliver",4/19/2022,662927,25,100,2022
25,661527,"Martinez, Seth",5/12/2022,661694,25,100,2022
25,571479,"Bellatti, Andrew",5/30/2022,661613,25,100,2022
25,554431,"Matzek, Tyler",5/10/2022,661549,25,100,2022
25,571670,"Floro, Dylan",5/10/2022,663350,25,100,2022
25,623451,"Stephens, Jackson",5/21/2022,661399,25,100,2022
25,625643,"López, Reynaldo",5/31/2022,661797,25,100,2022
25,656803,"Norwood, James",5/25/2022,661542,25,100,2022
25,670426,"Diehl, Phillip",5/3/2022,661200,25,100,2022
25,664854,"Helsley, Ryan",4/9/2022,662020,25,100,2022
25,519043,"Moore, Matt",5/22/2022,662857,25,100,2022
25,621051,"Wilson, Steven",5/6/2022,662272,25,100,2022
25,608328,"De Jong, Chase",5/20/2022,662506,25,100,2022
25,606930,"Barnes, Jacob",5/20/2022,663135,25,100,2022
25,669395,"Coleman, Dylan",5/28/2022,661774,25,100,2022
25,608665,"Graveman, Kendall",4/22/2022,661755,25,100,2022
25,642397,"Soto, Gregory",5/25/2022,661772,25,100,2022
25,628708,"Marte, Yunior",5/1/2022,662106,25,100,2022
25,676684,"Vest, Will",5/17/2022,662053,25,100,2022
25,605242,"Fulmer, Michael",5/12/2022,662872,25,100,2022
25,592773,"Stanek, Ryne",4/9/2022,661040,25,100,2022
25,542947,"Bleier, Richard",5/29/2022,661517,25,100,2022
25,571479,"Bellatti, Andrew",5/10/2022,662157,25,100,2022
25,656546,"Hoffman, Jeff",5/7/2022,663070,25,100,2022
25,642100,"Speier, Gabe",4/10/2022,662755,25,100,2022
25,501625,"Alvarez, Jose",5/31/2022,661618,25,100,2022
25,518553,"Cishek, Steve",5/21/2022,661280,25,100,2022
25,675911,"Strider, Spencer",5/13/2022,661547,25,100,2022
25,676050,"Naughton, Packy",5/13/2022,661986,25,100,2022
25,519008,"McFarland, T.J.",5/29/2022,661990,25,100,2022
25,657024,"Swanson, Erik",4/21/2022,662177,25,100,2022
25,519293,"Smith, Will",5/14/2022,661546,25,100,2022
25,612434,"Castro, Miguel",4/15/2022,663357,25,100,2022
25,669211,"Akin, Keegan",4/21/2022,662391,25,100,2022
25,669270,"Kuhnel, Joel",5/13/2022,662494,25,100,2022
25,671345,"Foley, Jason",5/24/2022,661699,25,100,2022
25,605347,"López, Jorge",5/8/2022,661307,25,100,2022
25,607481,"Bummer, Aaron",4/15/2022,661528,25,100,2022
25,669618,"Barlow, Joe",4/21/2022,662177,25,100,2022
25,596071,"Peters, Dillon",5/30/2022,662743,25,100,2022
25,605194,"Cotton, Jharel",4/12/2022,661753,25,100,2022
25,668665,"Nogosek, Stephen",5/30/2022,662545,25,100,2022
25,641401,"Brogdon, Connor",5/8/2022,661627,25,100,2022
25,621074,"Rucker, Michael",4/17/2022,662930,25,100,2022
25,641793,"Littell, Zack",5/15/2022,661984,25,100,2022
25,641853,"McKay, David",5/31/2022,661331,25,100,2022
25,594577,"Mayers, Mike",4/12/2022,661038,25,100,2022
24,650556,"Abreu, Bryan",5/28/2022,662131,24,100,2022
24,643316,"Fry, Paul",5/9/2022,661349,24,100,2022
24,662253,"Muñoz, Andrés",5/1/2022,661365,24,100,2022
24,518553,"Cishek, Steve",4/16/2022,662290,24,100,2022
24,676684,"Vest, Will",4/19/2022,662896,24,100,2022
24,621051,"Wilson, Steven",5/10/2022,662258,24,100,2022
24,608718,"Suter, Brent",4/26/2022,662297,24,100,2022
24,676684,"Vest, Will",5/8/2022,662795,24,100,2022
24,547973,"Chapman, Aroldis",4/26/2022,661309,24,100,2022
24,545343,"Head, Louis",5/10/2022,663350,24,100,2022
24,571917,"Markel, Parker",5/30/2022,662373,24,100,2022
24,596112,"Stephenson, Robert",5/21/2022,663001,24,100,2022
24,657044,"Thompson, Ryan",5/22/2022,661279,24,100,2022
24,570666,"Cessa, Luis",4/10/2022,661573,24,100,2022
24,669459,"Nelson, Kyle",4/10/2022,663395,24,100,2022
24,643338,"Green, Chad",5/16/2022,661308,24,100,2022
24,543238,"Gose, Anthony",4/20/2022,663075,24,100,2022
24,622503,"Crismatt, Nabil",5/20/2022,662078,24,100,2022
24,543056,"Coulombe, Danny",5/27/2022,661777,24,100,2022
24,642585,"Bautista, Félix",5/2/2022,663362,24,100,2022
24,613534,"Adams, Austin",4/10/2022,663395,24,100,2022
24,621237,"Alvarado, José",5/8/2022,661626,24,100,2022
24,643256,"Cimber, Adam",4/15/2022,661792,24,100,2022
24,665645,"Castro, Kervin",4/26/2022,662086,24,100,2022
24,521230,"Hendriks, Liam",5/19/2022,662715,24,100,2022
24,641582,"Foster, Matt",5/13/2022,661491,24,100,2022
24,666204,"Jiménez, Dany",4/18/2022,662407,24,100,2022
24,571710,"Givens, Mychal",4/17/2022,662930,24,100,2022
24,614179,"Ruiz, José",4/14/2022,661529,24,100,2022
24,650556,"Abreu, Bryan",4/27/2022,661964,24,100,2022
24,613534,"Adams, Austin",4/12/2022,662104,24,100,2022
24,656685,"Martin, Brett",4/14/2022,661993,24,100,2022
24,663465,"Allard, Kolby",4/29/2022,661911,24,100,2022
24,663574,"Santillan, Tony",5/5/2022,661204,24,100,2022
24,606273,"Elías, Roenis",5/31/2022,661075,24,100,2022
24,608723,"Voth, Austin",4/19/2022,662587,24,100,2022
24,656271,"Burke, Brock",5/25/2022,663446,24,100,2022
24,641627,"Gott, Trevor",4/9/2022,663205,24,100,2022
24,670059,"Holderman, Colin",5/23/2022,662075,24,100,2022
24,642130,"Taylor, Blake",5/28/2022,662131,24,100,2022
24,493603,"Ottavino, Adam",4/16/2022,662626,24,100,2022
24,669395,"Coleman, Dylan",5/19/2022,662715,24,100,2022
24,607216,"Krehbiel, Joey",4/12/2022,663295,24,100,2022
24,592390,"Hembree, Heath",4/17/2022,662294,24,100,2022
24,642701,"Santana, Dennis",5/11/2022,661899,24,100,2022
24,672335,"Pérez, Cionel",5/12/2022,662005,24,100,2022
24,656638,"Lange, Alex",5/22/2022,663120,24,100,2022
24,670280,"Bednar, David",4/16/2022,662290,24,100,2022
24,663947,"Holton, Tyler",4/28/2022,662047,24,100,2022
24,541640,"Ramírez, Erasmo",5/7/2022,663430,24,100,2022
24,667297,"Nance, Tommy",5/18/2022,661400,24,100,2022
24,672839,"Morales, Francisco",5/13/2022,662705,24,100,2022
24,518886,"Kimbrel, Craig",5/13/2022,662705,24,100,2022
24,621114,"Burr, Ryan",5/1/2022,661531,24,100,2022
24,640462,"Puk, A.J.",5/12/2022,662872,24,100,2022
24,642130,"Taylor, Blake",4/20/2022,662926,24,100,2022
24,573124,"Rogers, Taylor",4/23/2022,662276,24,100,2022
24,608723,"Voth, Austin",4/7/2022,662571,24,100,2022
24,640462,"Puk, A.J.",5/25/2022,662133,24,100,2022
24,664208,"Maton, Phil",4/12/2022,663411,24,100,2022
24,664076,"Cleavinger, Garrett",4/12/2022,661753,24,100,2022
24,656420,"Feyereisen, J.P.",5/22/2022,661279,24,100,2022
24,675911,"Strider, Spencer",4/7/2022,661577,24,100,2022
24,650895,"Castillo, Diego",5/9/2022,662158,24,100,2022
24,596057,"Norris, Daniel",5/14/2022,663348,24,100,2022
24,663765,"Woodford, Jake",4/27/2022,662048,24,100,2022
24,612434,"Castro, Miguel",4/21/2022,662850,24,100,2022
24,543766,"Shaw, Bryan",5/31/2022,663034,24,100,2022
24,662253,"Muñoz, Andrés",4/17/2022,662174,24,100,2022
24,607457,"Barraclough, Kyle",5/7/2022,663430,24,100,2022
24,608717,"Stratton, Chris",5/15/2022,662519,24,100,2022
24,622251,"Staumont, Josh",5/1/2022,662691,24,100,2022
24,642152,"Trivino, Lou",5/21/2022,663448,24,100,2022
24,672839,"Morales, Francisco",5/9/2022,662158,24,100,2022
24,659275,"Lamet, Dinelson",5/7/2022,662261,24,100,2022
24,605154,"Brebbia, John",5/8/2022,662098,24,100,2022
24,623465,"Phillips, Evan",5/20/2022,661632,24,100,2022
24,656354,"Davis, Austin",5/4/2022,663248,24,100,2022
24,489334,"Stammen, Craig",4/27/2022,663148,24,100,2022
24,672335,"Pérez, Cionel",5/22/2022,661279,24,100,2022
24,660593,"Reyes, Denyi",5/13/2022,662851,24,100,2022
24,571710,"Givens, Mychal",4/24/2022,663166,24,100,2022
24,664747,"Díaz, Alexis",5/7/2022,663070,24,100,2022
24,657240,"Merryweather, Julian",5/7/2022,663056,24,100,2022
24,607625,"Lugo, Seth",4/16/2022,662626,24,100,2022
24,608665,"Graveman, Kendall",4/24/2022,661781,24,100,2022
24,640462,"Puk, A.J.",5/3/2022,662386,24,100,2022
24,669618,"Barlow, Joe",5/8/2022,661304,24,100,2022
24,598287,"Ramirez, Noé",4/23/2022,663384,24,100,2022
24,548389,"Stripling, Ross",4/10/2022,661802,24,100,2022
24,543521,"McHugh, Collin",4/23/2022,661568,24,100,2022
24,595881,"Beede, Tyler",4/29/2022,662081,24,100,2022
24,642585,"Bautista, Félix",5/12/2022,662005,24,100,2022
24,669214,"Menez, Conner",5/13/2022,663349,24,100,2022
24,642585,"Bautista, Félix",5/22/2022,661279,24,100,2022
24,642207,"Williams, Devin",5/23/2022,662257,24,100,2022
24,670990,"Ramírez, Yohan",4/13/2022,661530,24,100,2022
24,661383,"Ortega, Oliver",5/14/2022,662379,24,100,2022
24,501625,"Alvarez, Jose",4/11/2022,662116,24,100,2022
24,572193,"Tepera, Ryan",5/29/2022,663414,24,100,2022
24,544727,"Familia, Jeurys",4/20/2022,662924,24,100,2022
24,669270,"Kuhnel, Joel",5/26/2022,663081,24,100,2022
24,663531,"Allen, Logan",4/11/2022,662754,24,100,2022
24,666808,"Doval, Camilo",5/17/2022,663004,24,100,2022
24,642585,"Bautista, Félix",5/28/2022,663309,24,100,2022
24,676714,"Hughes, Brandon",5/30/2022,663147,24,100,2022
24,656793,"Nelson, Nick",5/24/2022,661543,24,100,2022
24,623485,"Goudeau, Ashton",5/16/2022,663005,24,100,2022
24,666204,"Jiménez, Dany",5/27/2022,662369,24,100,2022
24,607481,"Bummer, Aaron",4/8/2022,662888,24,100,2022
24,656354,"Davis, Austin",4/13/2022,662885,24,100,2022
24,606930,"Barnes, Jacob",4/28/2022,661729,24,100,2022
24,623465,"Phillips, Evan",5/13/2022,662705,24,100,2022
24,622098,"Smith, Drew",4/12/2022,661636,24,100,2022
24,641329,"Baker, Bryan",4/15/2022,663357,24,100,2022
24,621237,"Alvarado, José",4/22/2022,661621,24,100,2022
24,676714,"Hughes, Brandon",5/21/2022,663194,24,100,2022
24,622554,"Domínguez, Seranthony",5/8/2022,661626,24,100,2022
24,656803,"Norwood, James",5/1/2022,662579,24,100,2022
24,669395,"Coleman, Dylan",5/10/2022,662016,24,100,2022
24,607481,"Bummer, Aaron",4/9/2022,662864,24,100,2022
24,642758,"Acevedo, Domingo",5/2/2022,662387,24,100,2022
24,605447,"Romano, Jordan",5/28/2022,663400,24,100,2022
24,608723,"Voth, Austin",5/20/2022,661195,24,100,2022
24,455119,"Martin, Chris",4/19/2022,663196,24,100,2022
24,661383,"Ortega, Oliver",5/8/2022,663429,24,100,2022
24,468504,"Chacín, Jhoulys",5/10/2022,662096,24,100,2022
24,664123,"Effross, Scott",4/28/2022,661551,24,100,2022
24,663989,"Vespi, Nick",5/20/2022,661348,24,100,2022
24,664199,"Clarke, Taylor",4/14/2022,662702,24,100,2022
24,622251,"Staumont, Josh",4/11/2022,662754,24,100,2022
24,622098,"Smith, Drew",5/13/2022,662523,24,100,2022
24,670036,"Festa, Matt",5/27/2022,662132,24,100,2022
24,663432,"Rainey, Tanner",5/14/2022,662547,24,100,2022
24,572955,"Johnson, Pierce",4/7/2022,663418,24,100,2022
24,605525,"Wendelken, J.B.",5/27/2022,663347,24,100,2022
24,547001,"Poteet, Cody",4/29/2022,661390,24,100,2022
24,656420,"Feyereisen, J.P.",4/28/2022,661908,24,100,2022
24,669395,"Coleman, Dylan",4/29/2022,662741,24,100,2022
24,643338,"Green, Chad",4/17/2022,663365,24,100,2022
24,519043,"Moore, Matt",5/8/2022,661304,24,100,2022
24,519326,"Strickland, Hunter",5/10/2022,663090,24,100,2022
24,453178,"Kennedy, Ian",4/9/2022,663404,24,100,2022
24,622251,"Staumont, Josh",4/23/2022,662191,24,100,2022
23,605280,"Holmes, Clay",5/18/2022,661344,23,100,2022
23,572955,"Johnson, Pierce",4/9/2022,663404,23,100,2022
23,642207,"Williams, Devin",4/12/2022,663295,23,100,2022
23,664208,"Maton, Phil",4/29/2022,661826,23,100,2022
23,667427,"Jackson, Zach",4/21/2022,662391,23,100,2022
23,666204,"Jiménez, Dany",4/12/2022,661944,23,100,2022
23,664747,"Díaz, Alexis",5/27/2022,663080,23,100,2022
23,642758,"Acevedo, Domingo",5/16/2022,662378,23,100,2022
23,660761,"Suarez, José",5/18/2022,661125,23,100,2022
23,670167,"Schreiber, John",5/20/2022,663268,23,100,2022
23,607481,"Bummer, Aaron",5/31/2022,661797,23,100,2022
23,642121,"Sulser, Cole",4/22/2022,661569,23,100,2022
23,676092,"Snider, Collin",5/11/2022,661899,23,100,2022
23,641582,"Foster, Matt",4/14/2022,661529,23,100,2022
23,621242,"Díaz, Edwin",5/17/2022,662507,23,100,2022
23,614179,"Ruiz, José",4/28/2022,661532,23,100,2022
23,642121,"Sulser, Cole",5/28/2022,661537,23,100,2022
23,608349,"Knebel, Corey",5/22/2022,661611,23,100,2022
23,670046,"Rosenberg, Kenny",4/18/2022,662928,23,100,2022
23,456034,"Price, David",5/31/2022,662735,23,100,2022
23,617228,"Sawamura, Hirokazu",5/30/2022,663298,23,100,2022
23,667427,"Jackson, Zach",5/31/2022,662367,23,100,2022
23,643316,"Fry, Paul",4/16/2022,663266,23,100,2022
23,622253,"Tate, Dillon",4/23/2022,661035,23,100,2022
23,518489,"Brasier, Ryan",4/21/2022,663225,23,100,2022
23,669618,"Barlow, Joe",4/10/2022,661802,23,100,2022
23,623451,"Stephens, Jackson",4/18/2022,662617,23,100,2022
23,605154,"Brebbia, John",5/14/2022,661985,23,100,2022
23,593576,"Neris, Héctor",4/18/2022,662928,23,100,2022
23,592773,"Stanek, Ryne",5/11/2022,661702,23,100,2022
23,605347,"López, Jorge",4/8/2022,661918,23,100,2022
23,641394,"Brentz, Jake",4/14/2022,662702,23,100,2022
23,606930,"Barnes, Jacob",5/31/2022,662806,23,100,2022
23,459429,"McGee, Jake",5/10/2022,662096,23,100,2022
23,608716,"Steckenrider, Drew",4/17/2022,662174,23,100,2022
23,660813,"Graterol, Brusdar",4/23/2022,662276,23,100,2022
23,605156,"Brooks, Aaron",4/26/2022,662007,23,100,2022
23,594311,"Gustave, Jandel",5/14/2022,661414,23,100,2022
23,595345,"Okert, Steven",5/13/2022,661361,23,100,2022
23,596071,"Peters, Dillon",4/16/2022,662290,23,100,2022
23,661395,"Duran, Jhoan",5/18/2022,662377,23,100,2022
23,608032,"Estévez, Carlos",5/11/2022,662095,23,100,2022
23,664948,"Misiewicz, Anthony",5/6/2022,662187,23,100,2022
23,621242,"Díaz, Edwin",4/12/2022,661636,23,100,2022
23,596133,"Weaver, Luke",4/7/2022,663418,23,100,2022
23,661395,"Duran, Jhoan",4/18/2022,663236,23,100,2022
23,572193,"Tepera, Ryan",4/15/2022,662014,23,100,2022
23,677865,"Bruihl, Justin",4/10/2022,662934,23,100,2022
23,605280,"Holmes, Clay",4/12/2022,661314,23,100,2022
23,455119,"Martin, Chris",4/15/2022,662960,23,100,2022
23,657240,"Merryweather, Julian",4/16/2022,661759,23,100,2022
23,665645,"Castro, Kervin",4/29/2022,662081,23,100,2022
23,664208,"Maton, Phil",4/10/2022,661039,23,100,2022
23,453343,"Melancon, Mark",5/21/2022,663194,23,100,2022
23,656803,"Norwood, James",4/14/2022,661418,23,100,2022
23,596057,"Norris, Daniel",4/10/2022,663204,23,100,2022
23,640448,"Finnegan, Kyle",4/16/2022,662290,23,100,2022
23,519043,"Moore, Matt",5/27/2022,662369,23,100,2022
23,518617,"Diekman, Jake",5/8/2022,663278,23,100,2022
23,641627,"Gott, Trevor",4/14/2022,661292,23,100,2022
23,592094,"Adam, Jason",4/23/2022,661941,23,100,2022
23,676714,"Hughes, Brandon",5/26/2022,663081,23,100,2022
23,571710,"Givens, Mychal",5/3/2022,663165,23,100,2022
23,596112,"Stephenson, Robert",5/17/2022,663004,23,100,2022
23,605525,"Wendelken, J.B.",4/22/2022,663394,23,100,2022
23,681810,"Warren, Austin",4/15/2022,662014,23,100,2022
23,664875,"Lawrence, Justin",4/24/2022,662853,23,100,2022
23,489334,"Stammen, Craig",5/24/2022,662229,23,100,2022
23,621242,"Díaz, Edwin",5/12/2022,662548,23,100,2022
23,573204,"Thielbar, Caleb",5/12/2022,661694,23,100,2022
23,607457,"Barraclough, Kyle",5/20/2022,663449,23,100,2022
23,664875,"Lawrence, Justin",4/26/2022,661567,23,100,2022
23,570663,"Robles, Hansel",4/19/2022,663249,23,100,2022
23,628452,"Iglesias, Raisel",5/14/2022,662379,23,100,2022
23,676103,"Jones, Damon",4/28/2022,661641,23,100,2022
23,641941,"Pagán, Emilio",4/26/2022,661733,23,100,2022
23,543521,"McHugh, Collin",5/17/2022,661196,23,100,2022
23,642545,"Barria, Jaime",5/8/2022,663429,23,100,2022
23,667376,"Sánchez, Miguel",5/30/2022,663149,23,100,2022
23,621593,"Castro, Anthony",4/17/2022,663132,23,100,2022
23,670768,"González, Luis",5/15/2022,661984,23,100,2022
23,669459,"Nelson, Kyle",5/1/2022,661988,23,100,2022
23,644364,"Arano, Víctor",4/14/2022,662307,23,100,2022
23,657044,"Thompson, Ryan",5/6/2022,662187,23,100,2022
23,541640,"Ramírez, Erasmo",4/21/2022,662558,23,100,2022
23,624418,"Castellani, Ryan",4/19/2022,662406,23,100,2022
23,660787,"De los Santos, Yerry",5/25/2022,662453,23,100,2022
23,543238,"Gose, Anthony",5/7/2022,663056,23,100,2022
23,656794,"Newcomb, Sean",4/14/2022,662237,23,100,2022
23,670426,"Diehl, Phillip",5/7/2022,663070,23,100,2022
23,640448,"Finnegan, Kyle",5/29/2022,662512,23,100,2022
23,594311,"Gustave, Jandel",4/29/2022,661209,23,100,2022
23,676617,"O'Brien, Riley",5/7/2022,662159,23,100,2022
23,605538,"Wisler, Matt",4/23/2022,661941,23,100,2022
23,554431,"Matzek, Tyler",5/6/2022,661541,23,100,2022
23,445926,"Chavez, Jesse",4/27/2022,661552,23,100,2022
23,642758,"Acevedo, Domingo",5/4/2022,662382,23,100,2022
23,667427,"Jackson, Zach",5/24/2022,662134,23,100,2022
23,608716,"Steckenrider, Drew",4/8/2022,661750,23,100,2022
23,660853,"De Los Santos, Enyel",5/26/2022,662842,23,100,2022
23,621237,"Alvarado, José",5/12/2022,662706,23,100,2022
23,667463,"King, John",5/8/2022,661302,23,100,2022
23,664747,"Díaz, Alexis",5/17/2022,663032,23,100,2022
23,621345,"Minter, A.J.",4/24/2022,661590,23,100,2022
23,621363,"Poche, Colin",5/29/2022,661910,23,100,2022
23,643377,"Jax, Griffin",5/25/2022,661772,23,100,2022
23,607237,"Garrett, Amir",5/4/2022,662739,23,100,2022
23,664776,"Cousins, Jake",4/12/2022,663295,23,100,2022
23,642758,"Acevedo, Domingo",5/21/2022,663448,23,100,2022
23,650633,"King, Michael",4/8/2022,661333,23,100,2022
23,663432,"Rainey, Tanner",5/18/2022,661400,23,100,2022
23,656638,"Lange, Alex",5/13/2022,662851,23,100,2022
23,656271,"Burke, Brock",4/17/2022,662038,23,100,2022
23,657376,"Schmidt, Clarke",5/24/2022,661285,23,100,2022
23,623352,"Hader, Josh",5/26/2022,661997,23,100,2022
23,641793,"Littell, Zack",5/13/2022,661986,23,100,2022
23,643400,"Knight, Dusten",5/22/2022,661279,23,100,2022
23,606424,"García, Jarlín",5/1/2022,662106,23,100,2022
23,606131,"Perdomo, Luis",5/27/2022,661992,23,100,2022
23,682171,"Murfee, Penn",4/29/2022,661390,23,100,2022
23,570663,"Robles, Hansel",4/29/2022,663337,23,100,2022
23,445276,"Jansen, Kenley",5/21/2022,661399,23,100,2022
23,663423,"Thornton, Trent",5/11/2022,661300,23,100,2022
23,554340,"García, Yimi",5/14/2022,661903,23,100,2022
23,669618,"Barlow, Joe",4/16/2022,661981,23,100,2022
23,621345,"Minter, A.J.",5/17/2022,661196,23,100,2022
23,676092,"Snider, Collin",4/29/2022,662741,23,100,2022
23,594580,"Moll, Sam",5/14/2022,662379,23,100,2022
23,641329,"Baker, Bryan",4/26/2022,661309,23,100,2022
23,664092,"Poppen, Sean",5/20/2022,663143,23,100,2022
23,656685,"Martin, Brett",5/11/2022,661899,23,100,2022
23,544727,"Familia, Jeurys",5/23/2022,661544,23,100,2022
22,612434,"Castro, Miguel",5/10/2022,661301,22,100,2022
22,650556,"Abreu, Bryan",4/29/2022,661826,22,100,2022
22,592773,"Stanek, Ryne",4/27/2022,661964,22,100,2022
22,680704,"Sandlin, Nick",5/14/2022,661695,22,100,2022
22,459429,"McGee, Jake",5/1/2022,662106,22,100,2022
22,572362,"Erlin, Robbie",5/8/2022,663161,22,100,2022
22,605521,"Warren, Art",4/17/2022,662618,22,100,2022
22,664199,"Clarke, Taylor",5/24/2022,663339,22,100,2022
22,571479,"Bellatti, Andrew",4/28/2022,661641,22,100,2022
22,571901,"Loup, Aaron",4/29/2022,661535,22,100,2022
22,605447,"Romano, Jordan",5/4/2022,661795,22,100,2022
22,676684,"Vest, Will",4/16/2022,662798,22,100,2022
22,518748,"Grimm, Justin",5/18/2022,662377,22,100,2022
22,642121,"Sulser, Cole",4/28/2022,662538,22,100,2022
22,657024,"Swanson, Erik",5/8/2022,662160,22,100,2022
22,606625,"Moronta, Reyes",4/24/2022,662274,22,100,2022
22,667297,"Nance, Tommy",5/21/2022,661399,22,100,2022
22,489334,"Stammen, Craig",5/4/2022,663068,22,100,2022
22,571901,"Loup, Aaron",5/21/2022,663448,22,100,2022
22,554431,"Matzek, Tyler",4/27/2022,661552,22,100,2022
22,672911,"Cruz, Jesus",5/30/2022,663327,22,100,2022
22,517008,"Colomé, Alex",4/23/2022,662849,22,100,2022
22,641729,"Jiménez, Joe",4/30/2022,662698,22,100,2022
22,548389,"Stripling, Ross",5/16/2022,661794,22,100,2022
22,667427,"Jackson, Zach",4/24/2022,662388,22,100,2022
22,607755,"Vasquez, Andrew",4/29/2022,661826,22,100,2022
22,592473,"Kolarek, Adam",5/18/2022,662377,22,100,2022
22,660813,"Graterol, Brusdar",5/31/2022,662735,22,100,2022
22,572193,"Tepera, Ryan",4/20/2022,662926,22,100,2022
22,656529,"Hentges, Sam",4/27/2022,663439,22,100,2022
22,640462,"Puk, A.J.",4/26/2022,662086,22,100,2022
22,658431,"Medina, Adonis",4/23/2022,663384,22,100,2022
22,608032,"Estévez, Carlos",4/27/2022,661638,22,100,2022
22,642397,"Soto, Gregory",5/16/2022,661961,22,100,2022
22,656803,"Norwood, James",4/30/2022,662591,22,100,2022
22,664054,"Stashak, Cody",4/23/2022,661752,22,100,2022
22,570666,"Cessa, Luis",4/29/2022,663009,22,100,2022
22,519008,"McFarland, T.J.",5/18/2022,662554,22,100,2022
22,663158,"Suarez, Robert",4/26/2022,663079,22,100,2022
22,669854,"Blanco, Ronel",4/15/2022,662192,22,100,2022
22,682171,"Murfee, Penn",5/17/2022,661765,22,100,2022
22,472610,"García, Luis",5/31/2022,661977,22,100,2022
22,476595,"Luetge, Lucas",4/14/2022,661312,22,100,2022
22,650893,"Cabrera, Génesis",4/7/2022,662021,22,100,2022
22,605130,"Barlow, Scott",4/24/2022,662188,22,100,2022
22,669395,"Coleman, Dylan",4/21/2022,662742,22,100,2022
22,617228,"Sawamura, Hirokazu",4/18/2022,663236,22,100,2022
22,681911,"Vesia, Alex",4/17/2022,662618,22,100,2022
22,625643,"López, Reynaldo",5/7/2022,663226,22,100,2022
22,642152,"Trivino, Lou",4/16/2022,661759,22,100,2022
22,608665,"Graveman, Kendall",4/30/2022,661534,22,100,2022
22,663432,"Rainey, Tanner",4/19/2022,662583,22,100,2022
22,607625,"Lugo, Seth",5/8/2022,661627,22,100,2022
22,670167,"Schreiber, John",4/28/2022,661827,22,100,2022
22,502085,"Robertson, David",4/21/2022,663145,22,100,2022
22,643338,"Green, Chad",4/13/2022,661313,22,100,2022
22,656529,"Hentges, Sam",4/24/2022,661317,22,100,2022
22,643377,"Jax, Griffin",4/13/2022,661734,22,100,2022
22,593974,"Peralta, Wandy",4/24/2022,661317,22,100,2022
22,664854,"Helsley, Ryan",5/23/2022,661999,22,100,2022
22,661403,"Clase, Emmanuel",4/11/2022,662754,22,100,2022
22,453343,"Melancon, Mark",4/12/2022,663411,22,100,2022
22,592858,"Wick, Rowan",5/31/2022,663154,22,100,2022
22,571976,"Myers, Wil",4/12/2022,662104,22,100,2022
22,572403,"VerHagen, Drew",4/21/2022,661391,22,100,2022
22,606303,"Payamps, Joel",4/11/2022,662754,22,100,2022
22,664337,"Yajure, Miguel",4/20/2022,661203,22,100,2022
22,592741,"Shreve, Chasen",4/10/2022,662570,22,100,2022
22,573204,"Thielbar, Caleb",4/23/2022,661752,22,100,2022
22,554431,"Matzek, Tyler",5/2/2022,662578,22,100,2022
22,570666,"Cessa, Luis",5/12/2022,662372,22,100,2022
22,664747,"Díaz, Alexis",5/1/2022,663007,22,100,2022
22,676660,"Solomon, Jared",5/13/2022,662494,22,100,2022
22,641729,"Jiménez, Joe",4/19/2022,662896,22,100,2022
22,670950,"Richards, Trevor",4/29/2022,661826,22,100,2022
22,641329,"Baker, Bryan",5/19/2022,661347,22,100,2022
22,593576,"Neris, Héctor",4/29/2022,661826,22,100,2022
22,606625,"Moronta, Reyes",5/10/2022,662292,22,100,2022
22,650556,"Abreu, Bryan",5/15/2022,662528,22,100,2022
22,543272,"Hand, Brad",5/4/2022,661634,22,100,2022
22,657044,"Thompson, Ryan",5/14/2022,661903,22,100,2022
22,621295,"Wittgren, Nick",4/26/2022,662007,22,100,2022
22,669622,"Bender, Anthony",4/27/2022,662546,22,100,2022
22,640444,"Crowe, Wil",4/27/2022,662289,22,100,2022
22,660813,"Graterol, Brusdar",5/27/2022,663347,22,100,2022
22,605521,"Warren, Art",5/5/2022,661204,22,100,2022
22,663765,"Woodford, Jake",5/13/2022,661986,22,100,2022
22,643511,"Rogers, Tyler",5/16/2022,663005,22,100,2022
22,572070,"Richards, Garrett",4/27/2022,661964,22,100,2022
22,607755,"Vasquez, Andrew",5/3/2022,661796,22,100,2022
22,642397,"Soto, Gregory",5/29/2022,662840,22,100,2022
22,543521,"McHugh, Collin",5/31/2022,663329,22,100,2022
22,543521,"McHugh, Collin",4/20/2022,662734,22,100,2022
22,664208,"Maton, Phil",4/27/2022,661964,22,100,2022
22,670059,"Holderman, Colin",5/15/2022,662567,22,100,2022
22,642701,"Santana, Dennis",4/8/2022,661782,22,100,2022
22,554340,"García, Yimi",5/8/2022,663086,22,100,2022
22,666808,"Doval, Camilo",4/8/2022,662124,22,100,2022
22,640444,"Crowe, Wil",5/11/2022,662385,22,100,2022
22,622554,"Domínguez, Seranthony",5/31/2022,661618,22,100,2022
22,641501,"Danish, Tyler",5/21/2022,663234,22,100,2022
22,571479,"Bellatti, Andrew",5/8/2022,661627,22,100,2022
22,622253,"Tate, Dillon",4/15/2022,663357,22,100,2022
22,663574,"Santillan, Tony",4/14/2022,662627,22,100,2022
22,573204,"Thielbar, Caleb",5/29/2022,661731,22,100,2022
22,676092,"Snider, Collin",5/30/2022,663109,22,100,2022
22,472610,"García, Luis",5/28/2022,662280,22,100,2022
22,664294,"Moreta, Dauri",4/9/2022,661575,22,100,2022
22,571948,"Milner, Hoby",4/18/2022,661242,22,100,2022
22,661383,"Ortega, Oliver",5/4/2022,663248,22,100,2022
22,641793,"Littell, Zack",5/27/2022,663080,22,100,2022
22,606273,"Elías, Roenis",5/16/2022,661794,22,100,2022
22,681810,"Warren, Austin",4/29/2022,661535,22,100,2022
22,608328,"De Jong, Chase",4/27/2022,662289,22,100,2022
22,606149,"Gallegos, Giovanny",5/17/2022,662566,22,100,2022
22,621366,"Borucki, Ryan",5/7/2022,663057,22,100,2022
22,641941,"Pagán, Emilio",5/13/2022,661698,22,100,2022
22,662253,"Muñoz, Andrés",4/22/2022,662175,22,100,2022
22,607755,"Vasquez, Andrew",5/24/2022,661998,22,100,2022
22,476595,"Luetge, Lucas",4/29/2022,662741,22,100,2022
22,656786,"Mushinski, Parker",4/19/2022,662927,22,100,2022
22,663986,"Stephan, Trevor",4/16/2022,663076,22,100,2022
22,592741,"Shreve, Chasen",4/17/2022,662625,22,100,2022
22,605447,"Romano, Jordan",5/26/2022,663445,22,100,2022
22,573124,"Rogers, Taylor",5/13/2022,661547,22,100,2022
22,657024,"Swanson, Erik",5/6/2022,662187,22,100,2022
22,664123,"Effross, Scott",5/29/2022,661461,22,100,2022
22,642130,"Taylor, Blake",4/26/2022,661980,22,100,2022
22,456034,"Price, David",5/21/2022,661631,22,100,2022
22,605538,"Wisler, Matt",5/9/2022,663438,22,100,2022
22,667463,"King, John",5/29/2022,662374,22,100,2022
22,518617,"Diekman, Jake",5/28/2022,663309,22,100,2022
22,621114,"Burr, Ryan",4/29/2022,661535,22,100,2022
22,541640,"Ramírez, Erasmo",5/12/2022,662548,22,100,2022
22,592858,"Wick, Rowan",4/13/2022,662317,22,100,2022
22,608717,"Stratton, Chris",4/12/2022,662318,22,100,2022
22,459429,"McGee, Jake",4/16/2022,663076,22,100,2022
22,621051,"Wilson, Steven",4/30/2022,662288,22,100,2022
22,472610,"García, Luis",5/15/2022,661545,22,100,2022
22,676714,"Hughes, Brandon",5/19/2022,663193,22,100,2022
22,656945,"Scott, Tanner",4/12/2022,661038,22,100,2022
22,656887,"Reid-Foley, Sean",4/13/2022,661643,22,100,2022
22,656492,"Griffin, Foster",5/21/2022,662713,22,100,2022
22,445276,"Jansen, Kenley",5/2/2022,662578,22,100,2022
21,594580,"Moll, Sam",5/20/2022,663449,21,100,2022
21,571656,"Farmer, Buck",4/8/2022,661576,21,100,2022
21,656945,"Scott, Tanner",4/11/2022,661036,21,100,2022
21,607625,"Lugo, Seth",4/13/2022,661643,21,100,2022
21,664776,"Cousins, Jake",4/16/2022,661335,21,100,2022
21,596112,"Stephenson, Robert",5/9/2022,662097,21,100,2022
21,650893,"Cabrera, Génesis",4/20/2022,661404,21,100,2022
21,621249,"Underwood Jr., Duane",5/27/2022,662281,21,100,2022
21,642130,"Taylor, Blake",5/10/2022,661696,21,100,2022
21,608723,"Voth, Austin",5/30/2022,662545,21,100,2022
21,623451,"Stephens, Jackson",4/24/2022,661590,21,100,2022
21,622554,"Domínguez, Seranthony",4/22/2022,661621,21,100,2022
21,664123,"Effross, Scott",5/19/2022,663193,21,100,2022
21,594311,"Gustave, Jandel",5/8/2022,661550,21,100,2022
21,608723,"Voth, Austin",5/16/2022,661402,21,100,2022
21,607455,"Banda, Anthony",5/20/2022,662506,21,100,2022
21,663423,"Thornton, Trent",4/27/2022,661757,21,100,2022
21,670955,"Uceta, Edwin",4/24/2022,663361,21,100,2022
21,502202,"Boxberger, Brad",5/31/2022,663154,21,100,2022
21,459429,"McGee, Jake",4/20/2022,662349,21,100,2022
21,605218,"Edwards Jr., Carl",5/12/2022,662548,21,100,2022
21,542888,"Armstrong, Shawn",4/19/2022,661405,21,100,2022
21,617228,"Sawamura, Hirokazu",5/24/2022,661488,21,100,2022
21,621389,"Blach, Ty",4/15/2022,662960,21,100,2022
21,670167,"Schreiber, John",5/6/2022,663224,21,100,2022
21,656458,"Gilbreath, Lucas",5/17/2022,663004,21,100,2022
21,519151,"Pressly, Ryan",5/5/2022,662816,21,100,2022
21,641447,"Castano, Daniel",4/16/2022,661416,21,100,2022
21,660813,"Graterol, Brusdar",5/18/2022,662744,21,100,2022
21,641682,"Hendrix, Ryan",4/15/2022,662620,21,100,2022
21,657024,"Swanson, Erik",4/26/2022,661929,21,100,2022
21,606424,"García, Jarlín",5/10/2022,662096,21,100,2022
21,543521,"McHugh, Collin",4/16/2022,662235,21,100,2022
21,641793,"Littell, Zack",4/10/2022,662122,21,100,2022
21,669854,"Blanco, Ronel",4/19/2022,662927,21,100,2022
21,622250,"Sborz, Josh",4/15/2022,662014,21,100,2022
21,592741,"Shreve, Chasen",4/15/2022,662485,21,100,2022
21,606160,"Montero, Rafael",5/2/2022,662920,21,100,2022
21,608723,"Voth, Austin",4/15/2022,662291,21,100,2022
21,608371,"Sims, Lucas",4/23/2022,663100,21,100,2022
21,518617,"Diekman, Jake",5/20/2022,663268,21,100,2022
21,519293,"Smith, Will",4/16/2022,662235,21,100,2022
21,672335,"Pérez, Cionel",4/19/2022,662406,21,100,2022
21,664054,"Stashak, Cody",4/20/2022,662703,21,100,2022
21,680704,"Sandlin, Nick",4/13/2022,663117,21,100,2022
21,625643,"López, Reynaldo",4/12/2022,661538,21,100,2022
21,608717,"Stratton, Chris",4/22/2022,663195,21,100,2022
21,593576,"Neris, Héctor",4/13/2022,663341,21,100,2022
21,641941,"Pagán, Emilio",5/25/2022,661772,21,100,2022
21,664875,"Lawrence, Justin",4/28/2022,661641,21,100,2022
21,661403,"Clase, Emmanuel",4/23/2022,661310,21,100,2022
21,518617,"Diekman, Jake",5/27/2022,663276,21,100,2022
21,518886,"Kimbrel, Craig",4/8/2022,662933,21,100,2022
21,548384,"Raley, Brooks",5/11/2022,663450,21,100,2022
21,667463,"King, John",4/28/2022,661912,21,100,2022
21,671345,"Foley, Jason",4/9/2022,662864,21,100,2022
21,572193,"Tepera, Ryan",4/23/2022,661035,21,100,2022
21,664875,"Lawrence, Justin",4/16/2022,662966,21,100,2022
21,644429,"Severino, Anderson",4/17/2022,661462,21,100,2022
21,548384,"Raley, Brooks",5/26/2022,662051,21,100,2022
21,592866,"Williams, Trevor",4/10/2022,662570,21,100,2022
21,455119,"Martin, Chris",5/23/2022,663073,21,100,2022
21,501925,"Smith, Joe",5/21/2022,662713,21,100,2022
21,641627,"Gott, Trevor",5/26/2022,661997,21,100,2022
21,662253,"Muñoz, Andrés",5/27/2022,662132,21,100,2022
21,541640,"Ramírez, Erasmo",5/23/2022,662524,21,100,2022
21,669395,"Coleman, Dylan",5/16/2022,662728,21,100,2022
21,606149,"Gallegos, Giovanny",5/20/2022,662506,21,100,2022
21,676831,"Whitley, Kodi",4/29/2022,662037,21,100,2022
21,640462,"Puk, A.J.",5/23/2022,662135,21,100,2022
21,608349,"Knebel, Corey",5/15/2022,662696,21,100,2022
21,641360,"Bickford, Phil",5/20/2022,661632,21,100,2022
21,607216,"Krehbiel, Joey",4/21/2022,662391,21,100,2022
21,663158,"Suarez, Robert",4/29/2022,662296,21,100,2022
21,663432,"Rainey, Tanner",4/27/2022,662546,21,100,2022
21,641627,"Gott, Trevor",5/14/2022,661414,21,100,2022
21,625643,"López, Reynaldo",4/20/2022,663075,21,100,2022
21,621593,"Castro, Anthony",4/10/2022,662755,21,100,2022
21,650895,"Castillo, Diego",4/20/2022,662178,21,100,2022
21,605538,"Wisler, Matt",4/10/2022,661916,21,100,2022
21,670059,"Holderman, Colin",5/28/2022,662556,21,100,2022
21,657024,"Swanson, Erik",4/30/2022,661389,21,100,2022
21,607237,"Garrett, Amir",5/3/2022,662690,21,100,2022
21,503285,"O'Day, Darren",5/28/2022,661537,21,100,2022
21,657024,"Swanson, Erik",4/11/2022,661754,21,100,2022
21,455119,"Martin, Chris",4/24/2022,663166,21,100,2022
21,554340,"García, Yimi",5/29/2022,663414,21,100,2022
21,605130,"Barlow, Scott",5/8/2022,661307,21,100,2022
21,621051,"Wilson, Steven",5/14/2022,661546,21,100,2022
21,670280,"Bednar, David",5/11/2022,662385,21,100,2022
21,607216,"Krehbiel, Joey",5/28/2022,663309,21,100,2022
21,607359,"Patton, Spencer",4/17/2022,662038,21,100,2022
21,622250,"Sborz, Josh",4/8/2022,661782,21,100,2022
21,664199,"Clarke, Taylor",5/2/2022,662009,21,100,2022
21,642585,"Bautista, Félix",4/24/2022,661033,21,100,2022
21,660813,"Graterol, Brusdar",5/11/2022,662385,21,100,2022
21,622251,"Staumont, Josh",5/28/2022,661774,21,100,2022
21,621051,"Wilson, Steven",5/4/2022,663067,21,100,2022
21,670990,"Ramírez, Yohan",4/24/2022,662188,21,100,2022
21,475479,"Phelps, David",4/19/2022,663249,21,100,2022
21,554340,"García, Yimi",5/22/2022,661763,21,100,2022
21,605447,"Romano, Jordan",5/1/2022,661824,21,100,2022
21,542888,"Armstrong, Shawn",4/16/2022,661416,21,100,2022
21,521230,"Hendriks, Liam",5/6/2022,663224,21,100,2022
21,621366,"Borucki, Ryan",4/26/2022,661758,21,100,2022
21,664042,"Lakins Sr., Travis",4/27/2022,661306,21,100,2022
21,665001,"Kelley, Trevor",5/30/2022,663149,21,100,2022
21,519293,"Smith, Will",4/9/2022,661575,21,100,2022
21,656986,"Sousa, Bennett",4/29/2022,661535,21,100,2022
21,592858,"Wick, Rowan",5/7/2022,663142,21,100,2022
21,518617,"Diekman, Jake",4/17/2022,663308,21,100,2022
21,641835,"Mayza, Tim",4/30/2022,661825,21,100,2022
21,663423,"Thornton, Trent",5/3/2022,661796,21,100,2022
21,642528,"Loáisiga, Jonathan",4/15/2022,663357,21,100,2022
21,608032,"Estévez, Carlos",5/8/2022,663368,21,100,2022
21,663423,"Thornton, Trent",4/16/2022,661759,21,100,2022
21,650633,"King, Michael",5/24/2022,661285,21,100,2022
21,554340,"García, Yimi",4/16/2022,661759,21,100,2022
21,502085,"Robertson, David",5/7/2022,663142,21,100,2022
21,642397,"Soto, Gregory",5/26/2022,662842,21,100,2022
21,608665,"Graveman, Kendall",5/22/2022,661288,21,100,2022
21,608678,"Leone, Dominic",4/25/2022,661210,21,100,2022
21,656420,"Feyereisen, J.P.",5/15/2022,661902,21,100,2022
21,663986,"Stephan, Trevor",5/19/2022,663043,21,100,2022
21,641907,"Murphy, Patrick",4/8/2022,662559,21,100,2022
21,663158,"Suarez, Robert",5/8/2022,662260,21,100,2022
21,606149,"Gallegos, Giovanny",4/25/2022,662008,21,100,2022
21,664875,"Lawrence, Justin",5/6/2022,663360,21,100,2022
21,623465,"Phillips, Evan",5/4/2022,662707,21,100,2022
21,663574,"Santillan, Tony",5/31/2022,663297,21,100,2022
21,642100,"Speier, Gabe",5/21/2022,662713,21,100,2022
21,621345,"Minter, A.J.",4/27/2022,661552,21,100,2022
21,623485,"Goudeau, Ashton",5/25/2022,662453,21,100,2022
21,643256,"Cimber, Adam",5/14/2022,661903,21,100,2022
21,596057,"Norris, Daniel",4/7/2022,663178,21,100,2022
21,642397,"Soto, Gregory",5/14/2022,662844,21,100,2022
21,656354,"Davis, Austin",4/15/2022,663265,21,100,2022
21,666619,"Santos, Gregory",5/5/2022,662105,21,100,2022
21,664076,"Cleavinger, Garrett",5/14/2022,662704,21,100,2022
21,622250,"Sborz, Josh",5/13/2022,661882,21,100,2022
21,664747,"Díaz, Alexis",5/22/2022,661763,21,100,2022
21,606424,"García, Jarlín",4/12/2022,662104,21,100,2022
21,605347,"López, Jorge",4/17/2022,663365,21,100,2022
21,656945,"Scott, Tanner",5/21/2022,661399,21,100,2022
21,643256,"Cimber, Adam",5/20/2022,661766,21,100,2022
21,571901,"Loup, Aaron",4/9/2022,661040,21,100,2022
21,642528,"Loáisiga, Jonathan",5/21/2022,661289,21,100,2022
21,642152,"Trivino, Lou",5/23/2022,662135,21,100,2022
21,661527,"Martinez, Seth",5/23/2022,662858,21,100,2022
21,641793,"Littell, Zack",5/20/2022,662078,21,100,2022
21,641755,"Kinley, Tyler",5/23/2022,662455,21,100,2022
21,605218,"Edwards Jr., Carl",5/25/2022,662527,21,100,2022
21,621249,"Underwood Jr., Duane",5/21/2022,662478,21,100,2022
21,642397,"Soto, Gregory",5/5/2022,662816,21,100,2022
21,643338,"Green, Chad",4/23/2022,661310,21,100,2022
21,605538,"Wisler, Matt",5/20/2022,661348,21,100,2022
21,680704,"Sandlin, Nick",5/30/2022,663109,21,100,2022
21,596057,"Norris, Daniel",5/20/2022,663143,21,100,2022
21,475479,"Phelps, David",5/22/2022,661763,21,100,2022
21,641729,"Jiménez, Joe",5/4/2022,662839,21,100,2022
21,607216,"Krehbiel, Joey",5/15/2022,662843,21,100,2022
21,606149,"Gallegos, Giovanny",4/9/2022,662020,21,100,2022
21,666808,"Doval, Camilo",5/8/2022,662098,21,100,2022
21,605447,"Romano, Jordan",5/10/2022,661301,21,100,2022
20,605521,"Warren, Art",5/10/2022,663090,20,100,2022
20,612434,"Castro, Miguel",5/2/2022,661823,20,100,2022
20,664092,"Poppen, Sean",5/19/2022,663193,20,100,2022
20,594580,"Moll, Sam",5/24/2022,662134,20,100,2022
20,664208,"Maton, Phil",5/31/2022,662367,20,100,2022
20,621295,"Wittgren, Nick",5/7/2022,662102,20,100,2022
20,605242,"Fulmer, Michael",5/18/2022,662054,20,100,2022
20,660813,"Graterol, Brusdar",4/12/2022,661753,20,100,2022
20,542914,"Bass, Anthony",4/24/2022,661590,20,100,2022
20,552640,"Kittredge, Andrew",4/27/2022,661909,20,100,2022
20,642585,"Bautista, Félix",5/16/2022,661308,20,100,2022
20,672335,"Pérez, Cionel",4/22/2022,661037,20,100,2022
20,605521,"Warren, Art",4/24/2022,663111,20,100,2022
20,598264,"Barnes, Matt",5/4/2022,663248,20,100,2022
20,552640,"Kittredge, Andrew",4/8/2022,661918,20,100,2022
20,608648,"Duffey, Tyler",5/28/2022,661774,20,100,2022
20,445276,"Jansen, Kenley",5/31/2022,663329,20,100,2022
20,661527,"Martinez, Seth",5/27/2022,662132,20,100,2022
20,681911,"Vesia, Alex",5/28/2022,663330,20,100,2022
20,608648,"Duffey, Tyler",5/16/2022,662378,20,100,2022
20,667465,"Fletcher, Aaron",4/26/2022,662297,20,100,2022
20,642100,"Speier, Gabe",5/19/2022,662715,20,100,2022
20,605347,"López, Jorge",5/22/2022,661279,20,100,2022
20,552640,"Kittredge, Andrew",4/19/2022,663196,20,100,2022
20,664747,"Díaz, Alexis",5/19/2022,663043,20,100,2022
20,656986,"Sousa, Bennett",4/23/2022,661752,20,100,2022
20,670090,"Mills, Wyatt",5/16/2022,661794,20,100,2022
20,666204,"Jiménez, Dany",4/14/2022,661942,20,100,2022
20,593974,"Peralta, Wandy",4/15/2022,663357,20,100,2022
20,670036,"Festa, Matt",4/16/2022,662206,20,100,2022
20,592741,"Shreve, Chasen",5/23/2022,662075,20,100,2022
20,641582,"Foster, Matt",5/9/2022,661525,20,100,2022
20,642130,"Taylor, Blake",5/25/2022,662845,20,100,2022
20,676710,"Crawford, Kutter",4/13/2022,662885,20,100,2022
20,622554,"Domínguez, Seranthony",4/13/2022,661643,20,100,2022
20,605447,"Romano, Jordan",4/22/2022,662922,20,100,2022
20,570257,"Rodríguez, Joely",5/8/2022,661626,20,100,2022
20,656638,"Lange, Alex",4/19/2022,662896,20,100,2022
20,665621,"García, Rony",4/10/2022,662887,20,100,2022
20,621345,"Minter, A.J.",4/18/2022,662617,20,100,2022
20,607455,"Banda, Anthony",4/12/2022,662318,20,100,2022
20,605521,"Warren, Art",5/17/2022,663032,20,100,2022
20,670950,"Richards, Trevor",4/13/2022,661313,20,100,2022
20,641941,"Pagán, Emilio",4/12/2022,661753,20,100,2022
20,475479,"Phelps, David",4/10/2022,661802,20,100,2022
20,622250,"Sborz, Josh",4/12/2022,661995,20,100,2022
20,468504,"Chacín, Jhoulys",5/15/2022,663010,20,100,2022
20,605242,"Fulmer, Michael",5/16/2022,661961,20,100,2022
20,542914,"Bass, Anthony",5/24/2022,661978,20,100,2022
20,663432,"Rainey, Tanner",5/8/2022,663429,20,100,2022
20,623465,"Phillips, Evan",5/11/2022,662385,20,100,2022
20,606149,"Gallegos, Giovanny",4/22/2022,663169,20,100,2022
20,628708,"Marte, Yunior",4/21/2022,662593,20,100,2022
20,669395,"Coleman, Dylan",5/1/2022,662691,20,100,2022
20,425877,"Molina, Yadier",5/22/2022,662479,20,100,2022
20,571710,"Givens, Mychal",5/20/2022,663143,20,100,2022
20,521230,"Hendriks, Liam",4/30/2022,661534,20,100,2022
20,593974,"Peralta, Wandy",5/8/2022,661304,20,100,2022
20,445276,"Jansen, Kenley",5/27/2022,661539,20,100,2022
20,664875,"Lawrence, Justin",4/8/2022,662933,20,100,2022
20,518617,"Diekman, Jake",5/22/2022,663277,20,100,2022
20,571948,"Milner, Hoby",5/24/2022,662229,20,100,2022
20,541640,"Ramírez, Erasmo",5/21/2022,661280,20,100,2022
20,543339,"Hudson, Daniel",5/21/2022,661631,20,100,2022
20,669467,"Pallante, Andre",5/8/2022,662098,20,100,2022
20,592761,"Smith, Caleb",5/22/2022,663150,20,100,2022
20,607481,"Bummer, Aaron",4/12/2022,661538,20,100,2022
20,592094,"Adam, Jason",5/22/2022,661279,20,100,2022
20,642758,"Acevedo, Domingo",4/10/2022,661129,20,100,2022
20,595345,"Okert, Steven",5/27/2022,661539,20,100,2022
20,676092,"Snider, Collin",4/27/2022,661533,20,100,2022
20,596057,"Norris, Daniel",4/15/2022,662960,20,100,2022
20,641755,"Kinley, Tyler",5/18/2022,663003,20,100,2022
20,642397,"Soto, Gregory",4/14/2022,662702,20,100,2022
20,617228,"Sawamura, Hirokazu",4/21/2022,663225,20,100,2022
20,660853,"De Los Santos, Enyel",5/20/2022,663135,20,100,2022
20,669395,"Coleman, Dylan",5/8/2022,661345,20,100,2022
20,623352,"Hader, Josh",4/17/2022,661226,20,100,2022
20,642758,"Acevedo, Domingo",4/12/2022,661944,20,100,2022
20,622503,"Crismatt, Nabil",5/23/2022,662257,20,100,2022
20,656529,"Hentges, Sam",4/12/2022,663088,20,100,2022
20,625643,"López, Reynaldo",5/21/2022,661289,20,100,2022
20,547973,"Chapman, Aroldis",5/9/2022,661303,20,100,2022
20,676092,"Snider, Collin",4/16/2022,662798,20,100,2022
20,670036,"Festa, Matt",5/1/2022,661365,20,100,2022
20,664092,"Poppen, Sean",4/7/2022,663418,20,100,2022
20,656945,"Scott, Tanner",5/17/2022,661401,20,100,2022
20,606160,"Montero, Rafael",4/13/2022,663341,20,100,2022
20,517008,"Colomé, Alex",5/13/2022,663012,20,100,2022
20,623474,"Herget, Jimmy",5/18/2022,661125,20,100,2022
20,544727,"Familia, Jeurys",4/27/2022,661638,20,100,2022
20,623465,"Phillips, Evan",4/10/2022,662934,20,100,2022
20,650895,"Castillo, Diego",4/23/2022,662191,20,100,2022
20,489334,"Stammen, Craig",4/16/2022,662235,20,100,2022
20,642758,"Acevedo, Domingo",4/16/2022,661759,20,100,2022
20,607237,"Garrett, Amir",5/19/2022,662715,20,100,2022
20,518489,"Brasier, Ryan",4/17/2022,663308,20,100,2022
20,667463,"King, John",5/3/2022,661635,20,100,2022
20,593619,"Tapia, Domingo",5/30/2022,662373,20,100,2022
20,592858,"Wick, Rowan",5/1/2022,661216,20,100,2022
20,606160,"Montero, Rafael",4/22/2022,662922,20,100,2022
20,622503,"Crismatt, Nabil",4/28/2022,663078,20,100,2022
20,622251,"Staumont, Josh",5/18/2022,662726,20,100,2022
20,545343,"Head, Louis",5/2/2022,661362,20,100,2022
20,670036,"Festa, Matt",4/27/2022,661909,20,100,2022
20,659275,"Lamet, Dinelson",4/27/2022,663148,20,100,2022
20,606930,"Barnes, Jacob",5/24/2022,661699,20,100,2022
20,643338,"Green, Chad",4/20/2022,662861,20,100,2022
20,660813,"Graterol, Brusdar",5/21/2022,661631,20,100,2022
20,554431,"Matzek, Tyler",4/22/2022,661569,20,100,2022
20,543339,"Hudson, Daniel",4/27/2022,663393,20,100,2022
20,656546,"Hoffman, Jeff",5/29/2022,663072,20,100,2022
20,518489,"Brasier, Ryan",5/7/2022,663226,20,100,2022
20,675911,"Strider, Spencer",5/20/2022,661339,20,100,2022
20,617228,"Sawamura, Hirokazu",5/27/2022,663276,20,100,2022
20,622098,"Smith, Drew",5/24/2022,662074,20,100,2022
20,661403,"Clase, Emmanuel",5/28/2022,662852,20,100,2022
20,640462,"Puk, A.J.",4/9/2022,661130,20,100,2022
20,608665,"Graveman, Kendall",4/27/2022,661533,20,100,2022
20,623451,"Stephens, Jackson",5/27/2022,661539,20,100,2022
20,554340,"García, Yimi",5/2/2022,661823,20,100,2022
20,608665,"Graveman, Kendall",5/6/2022,663224,20,100,2022
20,572193,"Tepera, Ryan",5/9/2022,663438,20,100,2022
20,605525,"Wendelken, J.B.",5/10/2022,663350,20,100,2022
20,666808,"Doval, Camilo",4/19/2022,662350,20,100,2022
20,681810,"Warren, Austin",4/18/2022,662928,20,100,2022
20,623474,"Herget, Jimmy",5/4/2022,663248,20,100,2022
20,608665,"Graveman, Kendall",5/2/2022,661526,20,100,2022
20,543339,"Hudson, Daniel",5/3/2022,662708,20,100,2022
20,594311,"Gustave, Jandel",4/18/2022,661242,20,100,2022
20,501925,"Smith, Joe",4/9/2022,661756,20,100,2022
20,666808,"Doval, Camilo",5/14/2022,661985,20,100,2022
20,543238,"Gose, Anthony",5/1/2022,662397,20,100,2022
20,453178,"Kennedy, Ian",4/23/2022,663384,20,100,2022
20,621295,"Wittgren, Nick",5/10/2022,661987,20,100,2022
20,543281,"Harrison, Josh",5/26/2022,661486,20,100,2022
20,489265,"Romo, Sergio",5/19/2022,663269,20,100,2022
20,519326,"Strickland, Hunter",4/26/2022,663079,20,100,2022
20,571710,"Givens, Mychal",5/4/2022,663164,20,100,2022
20,621114,"Burr, Ryan",5/18/2022,662726,20,100,2022
20,641394,"Brentz, Jake",4/29/2022,662741,20,100,2022
20,518748,"Grimm, Justin",4/18/2022,662407,20,100,2022
20,571901,"Loup, Aaron",5/28/2022,663400,20,100,2022
20,608718,"Suter, Brent",5/4/2022,661197,20,100,2022
20,605154,"Brebbia, John",5/11/2022,662095,20,100,2022
20,642152,"Trivino, Lou",5/3/2022,662386,20,100,2022
20,661440,"Llovera, Mauricio",5/25/2022,662093,20,100,2022
20,606930,"Barnes, Jacob",5/28/2022,662852,20,100,2022
20,543056,"Coulombe, Danny",4/27/2022,661739,20,100,2022
20,554340,"García, Yimi",4/8/2022,661782,20,100,2022
20,605194,"Cotton, Jharel",4/9/2022,661756,20,100,2022
20,493603,"Ottavino, Adam",5/8/2022,661626,20,100,2022
20,644364,"Arano, Víctor",5/1/2022,662106,20,100,2022
20,662253,"Muñoz, Andrés",4/9/2022,661756,20,100,2022
20,573204,"Thielbar, Caleb",5/8/2022,661700,20,100,2022
20,657044,"Thompson, Ryan",5/10/2022,663416,20,100,2022
20,456034,"Price, David",4/14/2022,662627,20,100,2022
20,608717,"Stratton, Chris",5/7/2022,663070,20,100,2022
20,650633,"King, Michael",5/28/2022,661933,20,100,2022
20,643377,"Jax, Griffin",5/29/2022,661731,20,100,2022
20,677865,"Bruihl, Justin",5/26/2022,663338,20,100,2022
20,542914,"Bass, Anthony",4/17/2022,661415,20,100,2022
20,570257,"Rodríguez, Joely",5/17/2022,662566,20,100,2022
20,608678,"Leone, Dominic",5/28/2022,663118,20,100,2022
20,453343,"Melancon, Mark",5/11/2022,663358,20,100,2022
20,642585,"Bautista, Félix",4/17/2022,663365,20,100,2022
20,622554,"Domínguez, Seranthony",5/11/2022,662176,20,100,2022
20,598264,"Barnes, Matt",5/30/2022,663298,20,100,2022
20,605151,"Bradley, Archie",4/16/2022,661981,20,100,2022
20,605242,"Fulmer, Michael",5/29/2022,662840,20,100,2022
20,669912,"Snead, Kirby",5/3/2022,662386,20,100,2022
20,663531,"Allen, Logan",5/11/2022,662006,20,100,2022
20,519008,"McFarland, T.J.",5/28/2022,661991,20,100,2022
20,661395,"Duran, Jhoan",4/30/2022,661906,20,100,2022
20,570663,"Robles, Hansel",5/4/2022,663248,20,100,2022
20,554431,"Matzek, Tyler",5/8/2022,661550,20,100,2022
20,493603,"Ottavino, Adam",5/28/2022,662556,20,100,2022
20,472610,"García, Luis",5/11/2022,662273,20,100,2022
20,663158,"Suarez, Robert",5/13/2022,661547,20,100,2022
20,594311,"Gustave, Jandel",5/9/2022,663101,20,100,2022
19,621381,"Strahm, Matt",4/17/2022,663308,19,100,2022
19,657044,"Thompson, Ryan",4/16/2022,661527,19,100,2022
19,656529,"Hentges, Sam",4/16/2022,663076,19,100,2022
19,518617,"Diekman, Jake",4/10/2022,661316,19,100,2022
19,594311,"Gustave, Jandel",4/17/2022,661226,19,100,2022
19,670950,"Richards, Trevor",4/9/2022,661803,19,100,2022
19,669395,"Coleman, Dylan",4/16/2022,662798,19,100,2022
19,667463,"King, John",4/25/2022,661979,19,100,2022
19,656887,"Reid-Foley, Sean",4/30/2022,662591,19,100,2022
19,519293,"Smith, Will",5/18/2022,661202,19,100,2022
19,606160,"Montero, Rafael",4/24/2022,662921,19,100,2022
19,518748,"Grimm, Justin",4/11/2022,661915,19,100,2022
19,672335,"Pérez, Cionel",5/8/2022,661307,19,100,2022
19,670280,"Bednar, David",4/22/2022,663195,19,100,2022
19,664854,"Helsley, Ryan",5/30/2022,661989,19,100,2022
19,592094,"Adam, Jason",5/3/2022,662386,19,100,2022
19,445276,"Jansen, Kenley",5/7/2022,661540,19,100,2022
19,518553,"Cishek, Steve",4/24/2022,662539,19,100,2022
19,669270,"Kuhnel, Joel",5/29/2022,663072,19,100,2022
19,542888,"Armstrong, Shawn",4/23/2022,661568,19,100,2022
19,570257,"Rodríguez, Joely",5/1/2022,662579,19,100,2022
19,547001,"Poteet, Cody",4/24/2022,661590,19,100,2022
19,643377,"Jax, Griffin",5/7/2022,661701,19,100,2022
19,453268,"Bard, Daniel",5/16/2022,663005,19,100,2022
19,476595,"Luetge, Lucas",5/19/2022,661347,19,100,2022
19,676831,"Whitley, Kodi",4/9/2022,662020,19,100,2022
19,608723,"Voth, Austin",4/24/2022,662539,19,100,2022
19,594577,"Mayers, Mike",5/18/2022,661125,19,100,2022
19,606160,"Montero, Rafael",4/26/2022,661980,19,100,2022
19,675911,"Strider, Spencer",4/23/2022,661568,19,100,2022
19,608716,"Steckenrider, Drew",4/27/2022,661909,19,100,2022
19,621348,"Clay, Sam",4/24/2022,662539,19,100,2022
19,608648,"Duffey, Tyler",4/26/2022,661733,19,100,2022
19,608678,"Leone, Dominic",5/31/2022,661618,19,100,2022
19,598287,"Ramirez, Noé",5/18/2022,662744,19,100,2022
19,642121,"Sulser, Cole",4/17/2022,661415,19,100,2022
19,656061,"Abreu, Albert",4/24/2022,662388,19,100,2022
19,608678,"Leone, Dominic",5/16/2022,663005,19,100,2022
19,666204,"Jiménez, Dany",4/24/2022,662388,19,100,2022
19,607216,"Krehbiel, Joey",4/23/2022,661035,19,100,2022
19,670036,"Festa, Matt",4/23/2022,662191,19,100,2022
19,605130,"Barlow, Scott",4/16/2022,662798,19,100,2022
19,642130,"Taylor, Blake",5/17/2022,663271,19,100,2022
19,595345,"Okert, Steven",4/23/2022,661568,19,100,2022
19,650895,"Castillo, Diego",5/18/2022,661767,19,100,2022
19,650556,"Abreu, Bryan",4/8/2022,661041,19,100,2022
19,571710,"Givens, Mychal",4/21/2022,663145,19,100,2022
19,455119,"Martin, Chris",4/12/2022,662318,19,100,2022
19,572955,"Johnson, Pierce",4/20/2022,662231,19,100,2022
19,605280,"Holmes, Clay",4/27/2022,661306,19,100,2022
19,605347,"López, Jorge",4/20/2022,662392,19,100,2022
19,664948,"Misiewicz, Anthony",5/19/2022,663269,19,100,2022
19,592390,"Hembree, Heath",4/15/2022,662291,19,100,2022
19,641682,"Hendrix, Ryan",4/14/2022,662627,19,100,2022
19,666974,"Cano, Yennier",5/18/2022,662377,19,100,2022
19,661255,"López, Yoan",5/1/2022,662579,19,100,2022
19,606424,"García, Jarlín",5/7/2022,662102,19,100,2022
19,656945,"Scott, Tanner",5/9/2022,663366,19,100,2022
19,642207,"Williams, Devin",5/25/2022,662228,19,100,2022
19,656803,"Norwood, James",4/18/2022,662929,19,100,2022
19,666808,"Doval, Camilo",4/13/2022,662115,19,100,2022
19,608716,"Steckenrider, Drew",5/1/2022,661365,19,100,2022
19,521230,"Hendriks, Liam",4/13/2022,661530,19,100,2022
19,598287,"Ramirez, Noé",4/7/2022,663418,19,100,2022
19,518813,"Holland, Greg",4/12/2022,661995,19,100,2022
19,593974,"Peralta, Wandy",4/10/2022,661316,19,100,2022
19,475479,"Phelps, David",5/26/2022,663445,19,100,2022
19,656354,"Davis, Austin",4/26/2022,661758,19,100,2022
19,681799,"Roberts, Ethan",4/14/2022,662950,19,100,2022
19,642048,"Saucedo, Tayler",4/10/2022,661802,19,100,2022
19,606303,"Payamps, Joel",4/22/2022,662175,19,100,2022
19,592390,"Hembree, Heath",4/7/2022,662021,19,100,2022
19,573204,"Thielbar, Caleb",4/11/2022,661754,19,100,2022
19,543272,"Hand, Brad",5/13/2022,662705,19,100,2022
19,605218,"Edwards Jr., Carl",5/18/2022,661400,19,100,2022
19,503285,"O'Day, Darren",5/23/2022,661544,19,100,2022
19,503449,"Peralta, Wily",5/23/2022,661730,19,100,2022
19,571901,"Loup, Aaron",5/24/2022,663381,19,100,2022
19,595345,"Okert, Steven",5/20/2022,661339,19,100,2022
19,573009,"Mantiply, Joe",5/23/2022,663340,19,100,2022
19,594577,"Mayers, Mike",4/18/2022,662928,19,100,2022
19,571901,"Loup, Aaron",4/24/2022,661033,19,100,2022
19,592741,"Shreve, Chasen",5/21/2022,663001,19,100,2022
19,518553,"Cishek, Steve",5/10/2022,662537,19,100,2022
19,660853,"De Los Santos, Enyel",4/29/2022,662405,19,100,2022
19,607455,"Banda, Anthony",5/13/2022,662494,19,100,2022
19,676766,"Snyder, Nick",4/15/2022,662014,19,100,2022
19,605242,"Fulmer, Michael",5/24/2022,661699,19,100,2022
19,643511,"Rogers, Tyler",5/20/2022,662078,19,100,2022
19,622251,"Staumont, Josh",4/28/2022,661532,19,100,2022
19,608716,"Steckenrider, Drew",5/15/2022,662567,19,100,2022
19,642028,"Rogers, Josh",5/22/2022,661248,19,100,2022
19,605521,"Warren, Art",5/27/2022,663080,19,100,2022
19,670036,"Festa, Matt",5/3/2022,662919,19,100,2022
19,643377,"Jax, Griffin",5/5/2022,661341,19,100,2022
19,670768,"González, Luis",5/23/2022,662075,19,100,2022
19,682171,"Murfee, Penn",5/23/2022,662135,19,100,2022
19,606930,"Barnes, Jacob",5/6/2022,662815,19,100,2022
19,542914,"Bass, Anthony",5/3/2022,661364,19,100,2022
19,642585,"Bautista, Félix",5/5/2022,661341,19,100,2022
19,670280,"Bednar, David",5/4/2022,662839,19,100,2022
19,503285,"O'Day, Darren",5/1/2022,661935,19,100,2022
19,660853,"De Los Santos, Enyel",5/15/2022,661732,19,100,2022
19,571656,"Farmer, Buck",4/22/2022,663169,19,100,2022
19,669854,"Blanco, Ronel",4/8/2022,661041,19,100,2022
19,622554,"Domínguez, Seranthony",5/14/2022,662704,19,100,2022
19,622554,"Domínguez, Seranthony",5/3/2022,661635,19,100,2022
19,608665,"Graveman, Kendall",4/8/2022,662888,19,100,2022
19,640448,"Finnegan, Kyle",5/5/2022,663013,19,100,2022
19,642207,"Williams, Devin",5/20/2022,661195,19,100,2022
19,664854,"Helsley, Ryan",5/14/2022,661985,19,100,2022
19,641941,"Pagán, Emilio",5/20/2022,662714,19,100,2022
19,623352,"Hader, Josh",5/6/2022,661541,19,100,2022
19,594311,"Gustave, Jandel",5/6/2022,661541,19,100,2022
19,640448,"Finnegan, Kyle",5/25/2022,662527,19,100,2022
19,669618,"Barlow, Joe",5/12/2022,661883,19,100,2022
19,548384,"Raley, Brooks",4/15/2022,661528,19,100,2022
19,607216,"Krehbiel, Joey",5/3/2022,663463,19,100,2022
19,453178,"Kennedy, Ian",5/2/2022,661362,19,100,2022
19,605347,"López, Jorge",5/5/2022,661341,19,100,2022
19,681911,"Vesia, Alex",5/15/2022,662696,19,100,2022
19,445276,"Jansen, Kenley",4/29/2022,661911,19,100,2022
19,606160,"Montero, Rafael",5/20/2022,662764,19,100,2022
19,641501,"Danish, Tyler",4/25/2022,661760,19,100,2022
19,445276,"Jansen, Kenley",5/29/2022,661517,19,100,2022
19,598287,"Ramirez, Noé",5/20/2022,663143,19,100,2022
19,661395,"Duran, Jhoan",5/27/2022,661777,19,100,2022
19,456034,"Price, David",5/29/2022,663328,19,100,2022
19,607457,"Barraclough, Kyle",5/14/2022,662399,19,100,2022
19,598287,"Ramirez, Noé",5/23/2022,663340,19,100,2022
19,621383,"Banks, Tanner",5/9/2022,661525,19,100,2022
19,503285,"O'Day, Darren",5/4/2022,662577,19,100,2022
19,676760,"Marinaccio, Ron",4/9/2022,661332,19,100,2022
19,667376,"Sánchez, Miguel",5/28/2022,661991,19,100,2022
19,592390,"Hembree, Heath",5/13/2022,662494,19,100,2022
19,641729,"Jiménez, Joe",4/28/2022,661729,19,100,2022
19,518617,"Diekman, Jake",5/31/2022,663297,19,100,2022
19,519043,"Moore, Matt",5/30/2022,661900,19,100,2022
19,519293,"Smith, Will",5/20/2022,661339,19,100,2022
19,519293,"Smith, Will",5/31/2022,663329,19,100,2022
19,664875,"Lawrence, Justin",4/17/2022,662930,19,100,2022
19,605242,"Fulmer, Michael",4/19/2022,662896,19,100,2022
19,669674,"Long, Sam",5/4/2022,662707,19,100,2022
19,592858,"Wick, Rowan",4/7/2022,663178,19,100,2022
19,656354,"Davis, Austin",5/26/2022,661486,19,100,2022
19,570488,"Valdez, Phillips",5/29/2022,663299,19,100,2022
19,669622,"Bender, Anthony",4/30/2022,661389,19,100,2022
19,571479,"Bellatti, Andrew",5/27/2022,662543,19,100,2022
19,663531,"Allen, Logan",4/16/2022,663076,19,100,2022
19,572070,"Richards, Garrett",5/28/2022,662375,19,100,2022
19,543766,"Shaw, Bryan",4/9/2022,662765,19,100,2022
19,605521,"Warren, Art",4/12/2022,663088,19,100,2022
19,542914,"Bass, Anthony",5/8/2022,662260,19,100,2022
19,622250,"Sborz, Josh",5/17/2022,661126,19,100,2022
19,571800,"Hutchison, Drew",4/27/2022,661739,19,100,2022
19,667297,"Nance, Tommy",5/9/2022,663366,19,100,2022
19,600921,"Machado, Andrés",5/29/2022,662512,19,100,2022
19,669622,"Bender, Anthony",5/8/2022,662260,19,100,2022
19,663432,"Rainey, Tanner",5/25/2022,662527,19,100,2022
19,605218,"Edwards Jr., Carl",5/28/2022,662514,19,100,2022
19,681799,"Roberts, Ethan",4/12/2022,662318,19,100,2022
19,664747,"Díaz, Alexis",5/25/2022,663082,19,100,2022
19,664948,"Misiewicz, Anthony",5/24/2022,662134,19,100,2022
19,660813,"Graterol, Brusdar",5/7/2022,663142,19,100,2022
19,605280,"Holmes, Clay",5/11/2022,661300,19,100,2022
19,664208,"Maton, Phil",5/3/2022,662919,19,100,2022
19,608349,"Knebel, Corey",5/30/2022,661613,19,100,2022
19,501925,"Smith, Joe",4/11/2022,661754,19,100,2022
19,642528,"Loáisiga, Jonathan",4/28/2022,661305,19,100,2022
19,472610,"García, Luis",4/23/2022,662276,19,100,2022
19,669622,"Bender, Anthony",4/20/2022,661404,19,100,2022
19,656685,"Martin, Brett",4/21/2022,662177,19,100,2022
19,642100,"Speier, Gabe",5/4/2022,662739,19,100,2022
19,592741,"Shreve, Chasen",4/20/2022,662349,19,100,2022
19,666204,"Jiménez, Dany",5/8/2022,661700,19,100,2022
19,608678,"Leone, Dominic",4/11/2022,662116,19,100,2022
19,572193,"Tepera, Ryan",4/28/2022,663432,19,100,2022
19,523260,"Kelly, Joe",5/9/2022,661525,19,100,2022
19,596071,"Peters, Dillon",5/8/2022,663069,19,100,2022
19,681911,"Vesia, Alex",5/27/2022,663347,19,100,2022
19,456713,"Bush, Matt",5/18/2022,661125,19,100,2022
19,518886,"Kimbrel, Craig",5/7/2022,663142,19,100,2022
19,670810,"Gillaspie, Logan",5/25/2022,661286,19,100,2022
19,621383,"Banks, Tanner",4/24/2022,661781,19,100,2022
19,664123,"Effross, Scott",5/28/2022,661518,19,100,2022
19,605154,"Brebbia, John",4/19/2022,662616,19,100,2022
19,502085,"Robertson, David",5/28/2022,661518,19,100,2022
19,502085,"Robertson, David",4/24/2022,663166,19,100,2022
19,621345,"Minter, A.J.",5/24/2022,661543,19,100,2022
19,628452,"Iglesias, Raisel",4/15/2022,662014,19,100,2022
19,573009,"Mantiply, Joe",4/9/2022,663404,19,100,2022
19,663986,"Stephan, Trevor",4/29/2022,662405,19,100,2022
19,656546,"Hoffman, Jeff",4/17/2022,662618,19,100,2022
19,643338,"Green, Chad",4/29/2022,662741,19,100,2022
19,623352,"Hader, Josh",4/12/2022,663295,19,100,2022
19,656271,"Burke, Brock",4/23/2022,662389,19,100,2022
19,623149,"Sewald, Paul",5/10/2022,662157,19,100,2022
19,643410,"Leiter Jr., Mark",4/29/2022,661209,19,100,2022
19,570663,"Robles, Hansel",5/10/2022,661549,19,100,2022
19,621237,"Alvarado, José",4/17/2022,661415,19,100,2022
19,642121,"Sulser, Cole",5/8/2022,662260,19,100,2022
18,517008,"Colomé, Alex",5/5/2022,663013,18,100,2022
18,608648,"Duffey, Tyler",5/3/2022,663463,18,100,2022
18,607625,"Lugo, Seth",4/19/2022,662350,18,100,2022
18,641501,"Danish, Tyler",5/26/2022,661486,18,100,2022
18,641360,"Bickford, Phil",5/26/2022,663338,18,100,2022
18,642100,"Speier, Gabe",5/27/2022,661777,18,100,2022
18,621345,"Minter, A.J.",4/9/2022,661575,18,100,2022
18,598264,"Barnes, Matt",4/30/2022,663364,18,100,2022
18,541640,"Ramírez, Erasmo",5/31/2022,662544,18,100,2022
18,592390,"Hembree, Heath",5/16/2022,663151,18,100,2022
18,573204,"Thielbar, Caleb",5/5/2022,661341,18,100,2022
18,656803,"Norwood, James",5/24/2022,661543,18,100,2022
18,623465,"Phillips, Evan",5/29/2022,663328,18,100,2022
18,641729,"Jiménez, Joe",5/30/2022,662854,18,100,2022
18,592473,"Kolarek, Adam",5/10/2022,662412,18,100,2022
18,571901,"Loup, Aaron",5/11/2022,663450,18,100,2022
18,621242,"Díaz, Edwin",4/25/2022,662008,18,100,2022
18,592716,"Sampson, Adrian",5/8/2022,663161,18,100,2022
18,543339,"Hudson, Daniel",5/28/2022,663330,18,100,2022
18,656222,"Beeks, Jalen",4/14/2022,661942,18,100,2022
18,592761,"Smith, Caleb",5/10/2022,663350,18,100,2022
18,552640,"Kittredge, Andrew",5/11/2022,663450,18,100,2022
18,650959,"Diplán, Marcos",5/31/2022,661075,18,100,2022
18,608648,"Duffey, Tyler",4/9/2022,661756,18,100,2022
18,625643,"López, Reynaldo",5/29/2022,661461,18,100,2022
18,670167,"Schreiber, John",5/27/2022,663276,18,100,2022
18,623465,"Phillips, Evan",5/22/2022,661611,18,100,2022
18,660853,"De Los Santos, Enyel",5/4/2022,663067,18,100,2022
18,545343,"Head, Louis",5/1/2022,661365,18,100,2022
18,606149,"Gallegos, Giovanny",5/8/2022,662098,18,100,2022
18,608032,"Estévez, Carlos",5/6/2022,663360,18,100,2022
18,570666,"Cessa, Luis",5/9/2022,663101,18,100,2022
18,594580,"Moll, Sam",5/29/2022,662374,18,100,2022
18,545343,"Head, Louis",5/4/2022,661363,18,100,2022
18,617228,"Sawamura, Hirokazu",5/14/2022,661147,18,100,2022
18,605507,"Thompson, Zach",5/4/2022,662839,18,100,2022
18,518489,"Brasier, Ryan",4/15/2022,663265,18,100,2022
18,672335,"Pérez, Cionel",5/2/2022,663362,18,100,2022
18,570666,"Cessa, Luis",4/7/2022,661577,18,100,2022
18,519326,"Strickland, Hunter",5/5/2022,661204,18,100,2022
18,621237,"Alvarado, José",5/11/2022,662176,18,100,2022
18,593974,"Peralta, Wandy",5/3/2022,661796,18,100,2022
18,459429,"McGee, Jake",5/5/2022,662105,18,100,2022
18,641627,"Gott, Trevor",5/24/2022,662229,18,100,2022
18,661440,"Llovera, Mauricio",5/4/2022,662707,18,100,2022
18,446321,"Detwiler, Ross",5/28/2022,663118,18,100,2022
18,608349,"Knebel, Corey",5/5/2022,661619,18,100,2022
18,594580,"Moll, Sam",4/29/2022,662405,18,100,2022
18,641582,"Foster, Matt",5/29/2022,661461,18,100,2022
18,667427,"Jackson, Zach",5/15/2022,662380,18,100,2022
18,606149,"Gallegos, Giovanny",5/2/2022,662009,18,100,2022
18,608349,"Knebel, Corey",4/9/2022,661130,18,100,2022
18,572362,"Erlin, Robbie",5/9/2022,662287,18,100,2022
18,642121,"Sulser, Cole",5/25/2022,662052,18,100,2022
18,518617,"Diekman, Jake",5/4/2022,663248,18,100,2022
18,605447,"Romano, Jordan",4/8/2022,661782,18,100,2022
18,656546,"Hoffman, Jeff",5/14/2022,662384,18,100,2022
18,573204,"Thielbar, Caleb",5/3/2022,663463,18,100,2022
18,656685,"Martin, Brett",5/14/2022,661147,18,100,2022
18,656793,"Nelson, Nick",5/13/2022,662705,18,100,2022
18,571948,"Milner, Hoby",4/15/2022,661267,18,100,2022
18,663432,"Rainey, Tanner",5/29/2022,662512,18,100,2022
18,658431,"Medina, Adonis",5/31/2022,662544,18,100,2022
18,521230,"Hendriks, Liam",5/17/2022,662780,18,100,2022
18,642770,"Guerra, Javy",4/23/2022,661941,18,100,2022
18,592858,"Wick, Rowan",4/24/2022,663166,18,100,2022
18,571479,"Bellatti, Andrew",4/26/2022,661567,18,100,2022
18,542947,"Bleier, Richard",4/26/2022,662540,18,100,2022
18,605218,"Edwards Jr., Carl",5/16/2022,661402,18,100,2022
18,605525,"Wendelken, J.B.",5/16/2022,662695,18,100,2022
18,573204,"Thielbar, Caleb",4/9/2022,661756,18,100,2022
18,519151,"Pressly, Ryan",5/29/2022,662130,18,100,2022
18,656685,"Martin, Brett",4/27/2022,661964,18,100,2022
18,502085,"Robertson, David",4/27/2022,661552,18,100,2022
18,598264,"Barnes, Matt",5/6/2022,663224,18,100,2022
18,519008,"McFarland, T.J.",4/9/2022,662020,18,100,2022
18,669459,"Nelson, Kyle",5/31/2022,663329,18,100,2022
18,650893,"Cabrera, Génesis",5/1/2022,661988,18,100,2022
18,676083,"Junk, Janson",5/28/2022,663400,18,100,2022
18,548384,"Raley, Brooks",4/27/2022,661909,18,100,2022
18,493603,"Ottavino, Adam",4/7/2022,662571,18,100,2022
18,570663,"Robles, Hansel",4/23/2022,661941,18,100,2022
18,502179,"Espino, Paolo",5/17/2022,661401,18,100,2022
18,605177,"Chafin, Andrew",4/27/2022,661739,18,100,2022
18,605347,"López, Jorge",4/23/2022,661035,18,100,2022
18,547973,"Chapman, Aroldis",5/17/2022,661342,18,100,2022
18,623474,"Herget, Jimmy",4/24/2022,661033,18,100,2022
18,676664,"Sears, JP",4/16/2022,663266,18,100,2022
18,571670,"Floro, Dylan",5/18/2022,661400,18,100,2022
18,641329,"Baker, Bryan",4/23/2022,661035,18,100,2022
18,593643,"Alberto, Hanser",5/17/2022,662697,18,100,2022
18,543272,"Hand, Brad",5/10/2022,662157,18,100,2022
18,673904,"Walsh, Jake",5/18/2022,662554,18,100,2022
18,607457,"Barraclough, Kyle",5/17/2022,661126,18,100,2022
18,643338,"Green, Chad",5/10/2022,661301,18,100,2022
18,661395,"Duran, Jhoan",4/24/2022,661781,18,100,2022
18,664199,"Clarke, Taylor",4/26/2022,661536,18,100,2022
18,621242,"Díaz, Edwin",4/7/2022,662571,18,100,2022
18,670950,"Richards, Trevor",5/2/2022,661823,18,100,2022
18,621383,"Banks, Tanner",4/17/2022,661462,18,100,2022
18,592094,"Adam, Jason",4/18/2022,663197,18,100,2022
18,666808,"Doval, Camilo",4/15/2022,663136,18,100,2022
18,453178,"Kennedy, Ian",4/21/2022,662558,18,100,2022
18,656986,"Sousa, Bennett",5/19/2022,662715,18,100,2022
18,650895,"Castillo, Diego",4/17/2022,662174,18,100,2022
18,669467,"Pallante, Andre",5/17/2022,662566,18,100,2022
18,661403,"Clase, Emmanuel",5/17/2022,663032,18,100,2022
18,642770,"Guerra, Javy",4/18/2022,663197,18,100,2022
18,667463,"King, John",4/14/2022,661993,18,100,2022
18,669674,"Long, Sam",4/17/2022,663132,18,100,2022
18,545343,"Head, Louis",4/17/2022,661415,18,100,2022
18,671345,"Foley, Jason",5/17/2022,662053,18,100,2022
18,608371,"Sims, Lucas",5/10/2022,663090,18,100,2022
18,571948,"Milner, Hoby",5/21/2022,661280,18,100,2022
18,681806,"Wantz, Andrew",4/27/2022,663439,18,100,2022
18,595345,"Okert, Steven",4/19/2022,661405,18,100,2022
18,542888,"Armstrong, Shawn",4/11/2022,661036,18,100,2022
18,593576,"Neris, Héctor",4/22/2022,662922,18,100,2022
18,518617,"Diekman, Jake",4/13/2022,662885,18,100,2022
18,571948,"Milner, Hoby",4/29/2022,661209,18,100,2022
18,608700,"Plawecki, Kevin",5/1/2022,663363,18,100,2022
18,664054,"Stashak, Cody",4/28/2022,661729,18,100,2022
18,666808,"Doval, Camilo",5/20/2022,662078,18,100,2022
18,623474,"Herget, Jimmy",4/12/2022,661038,18,100,2022
18,608718,"Suter, Brent",5/1/2022,661216,18,100,2022
18,554340,"García, Yimi",5/20/2022,661766,18,100,2022
18,543507,"May, Trevor",4/11/2022,661637,18,100,2022
18,642100,"Speier, Gabe",4/22/2022,662175,18,100,2022
18,676760,"Marinaccio, Ron",4/11/2022,661315,18,100,2022
18,656458,"Gilbreath, Lucas",4/25/2022,661639,18,100,2022
18,446321,"Detwiler, Ross",5/14/2022,662384,18,100,2022
18,663158,"Suarez, Robert",5/1/2022,662293,18,100,2022
18,501925,"Smith, Joe",5/27/2022,661777,18,100,2022
18,547973,"Chapman, Aroldis",4/22/2022,661311,18,100,2022
18,570257,"Rodríguez, Joely",4/11/2022,661637,18,100,2022
18,663986,"Stephan, Trevor",4/12/2022,663088,18,100,2022
18,518553,"Cishek, Steve",5/12/2022,662548,18,100,2022
18,664854,"Helsley, Ryan",5/1/2022,661988,18,100,2022
18,641582,"Foster, Matt",4/20/2022,663094,18,100,2022
18,573204,"Thielbar, Caleb",4/12/2022,661753,18,100,2022
18,669212,"Morgan, Eli",4/10/2022,662755,18,100,2022
18,642152,"Trivino, Lou",4/13/2022,661943,18,100,2022
18,592094,"Adam, Jason",4/28/2022,661908,18,100,2022
18,476595,"Luetge, Lucas",5/22/2022,661288,18,100,2022
18,641360,"Bickford, Phil",5/17/2022,662697,18,100,2022
18,607625,"Lugo, Seth",4/11/2022,661637,18,100,2022
18,605525,"Wendelken, J.B.",4/12/2022,663411,18,100,2022
18,571479,"Bellatti, Andrew",5/24/2022,661543,18,100,2022
18,493603,"Ottavino, Adam",5/22/2022,662982,18,100,2022
18,573009,"Mantiply, Joe",4/7/2022,663418,18,100,2022
18,573009,"Mantiply, Joe",5/14/2022,663348,18,100,2022
18,548384,"Raley, Brooks",5/22/2022,661279,18,100,2022
18,670280,"Bednar, David",4/30/2022,662288,18,100,2022
18,571479,"Bellatti, Andrew",5/20/2022,661632,18,100,2022
18,605447,"Romano, Jordan",4/21/2022,663225,18,100,2022
18,517008,"Colomé, Alex",5/7/2022,663359,18,100,2022
18,605525,"Wendelken, J.B.",4/8/2022,663417,18,100,2022
18,621295,"Wittgren, Nick",5/1/2022,661988,18,100,2022
18,573204,"Thielbar, Caleb",5/21/2022,662713,18,100,2022
18,622554,"Domínguez, Seranthony",4/11/2022,661637,18,100,2022
18,608371,"Sims, Lucas",4/30/2022,663008,18,100,2022
18,621248,"Garza Jr., Ralph",5/7/2022,662159,18,100,2022
18,453343,"Melancon, Mark",4/9/2022,663404,18,100,2022
18,547973,"Chapman, Aroldis",5/11/2022,661300,18,100,2022
18,593576,"Neris, Héctor",5/21/2022,662763,18,100,2022
18,643256,"Cimber, Adam",4/11/2022,661315,18,100,2022
18,664076,"Cleavinger, Garrett",4/24/2022,662274,18,100,2022
18,607625,"Lugo, Seth",4/22/2022,663394,18,100,2022
18,605195,"Crick, Kyle",4/13/2022,661530,18,100,2022
18,605154,"Brebbia, John",5/20/2022,662078,18,100,2022
18,608648,"Duffey, Tyler",5/20/2022,662714,18,100,2022
18,606160,"Montero, Rafael",5/15/2022,662528,18,100,2022
18,543339,"Hudson, Daniel",4/8/2022,662933,18,100,2022
18,608717,"Stratton, Chris",5/20/2022,662506,18,100,2022
18,595014,"Treinen, Blake",4/9/2022,662931,18,100,2022
18,592804,"Thornburg, Tyler",4/7/2022,661577,18,100,2022
18,621237,"Alvarado, José",5/22/2022,661611,18,100,2022
18,607216,"Krehbiel, Joey",5/12/2022,662005,18,100,2022
18,607237,"Garrett, Amir",5/15/2022,663010,18,100,2022
18,621363,"Poche, Colin",5/21/2022,661291,18,100,2022
18,605151,"Bradley, Archie",4/10/2022,661039,18,100,2022
18,650556,"Abreu, Bryan",4/12/2022,663411,18,100,2022
18,600921,"Machado, Andrés",4/24/2022,662539,18,100,2022
18,607625,"Lugo, Seth",5/14/2022,662568,18,100,2022
18,596057,"Norris, Daniel",5/8/2022,663161,18,100,2022
18,623149,"Sewald, Paul",5/22/2022,663277,18,100,2022
18,571901,"Loup, Aaron",4/19/2022,662927,18,100,2022
18,623451,"Stephens, Jackson",5/23/2022,661544,18,100,2022
18,608665,"Graveman, Kendall",5/14/2022,661490,18,100,2022
18,608648,"Duffey, Tyler",4/17/2022,663308,18,100,2022
18,656638,"Lange, Alex",4/29/2022,662699,18,100,2022
18,621249,"Underwood Jr., Duane",5/31/2022,662735,18,100,2022
18,621242,"Díaz, Edwin",5/14/2022,662568,18,100,2022
18,445926,"Chavez, Jesse",4/29/2022,661911,18,100,2022
18,608718,"Suter, Brent",5/31/2022,663154,18,100,2022
18,642528,"Loáisiga, Jonathan",5/22/2022,661290,18,100,2022
18,605280,"Holmes, Clay",4/26/2022,661309,18,100,2022
18,643377,"Jax, Griffin",5/20/2022,662714,18,100,2022
18,605347,"López, Jorge",4/30/2022,663364,18,100,2022
18,622250,"Sborz, Josh",5/14/2022,661147,18,100,2022
18,650895,"Castillo, Diego",5/23/2022,662135,18,100,2022
18,656354,"Davis, Austin",5/20/2022,663268,18,100,2022
18,665001,"Kelley, Trevor",5/26/2022,661997,18,100,2022
18,606160,"Montero, Rafael",5/24/2022,662846,18,100,2022
18,656945,"Scott, Tanner",4/27/2022,662546,18,100,2022
18,456713,"Bush, Matt",4/28/2022,661912,18,100,2022
18,664054,"Stashak, Cody",5/21/2022,662713,18,100,2022
18,572193,"Tepera, Ryan",4/9/2022,661040,18,100,2022
18,664854,"Helsley, Ryan",5/31/2022,661977,18,100,2022
18,682016,"Woods, William",4/27/2022,661552,18,100,2022
18,676103,"Jones, Damon",4/26/2022,661567,18,100,2022
18,502202,"Boxberger, Brad",5/30/2022,663147,18,100,2022
18,622554,"Domínguez, Seranthony",5/19/2022,661623,18,100,2022
18,642758,"Acevedo, Domingo",5/12/2022,662872,18,100,2022
18,595014,"Treinen, Blake",4/14/2022,662627,18,100,2022
18,671345,"Foley, Jason",5/20/2022,663135,18,100,2022
18,676092,"Snider, Collin",5/23/2022,663340,18,100,2022
18,642397,"Soto, Gregory",5/13/2022,662851,18,100,2022
17,605525,"Wendelken, J.B.",5/11/2022,663358,17,100,2022
17,571479,"Bellatti, Andrew",4/19/2022,662925,17,100,2022
17,595345,"Okert, Steven",4/27/2022,662546,17,100,2022
17,642585,"Bautista, Félix",4/27/2022,661306,17,100,2022
17,547973,"Chapman, Aroldis",5/16/2022,661308,17,100,2022
17,518553,"Cishek, Steve",4/19/2022,662587,17,100,2022
17,493603,"Ottavino, Adam",4/19/2022,662350,17,100,2022
17,519043,"Moore, Matt",4/25/2022,661979,17,100,2022
17,664123,"Effross, Scott",4/24/2022,663166,17,100,2022
17,453178,"Kennedy, Ian",5/19/2022,663193,17,100,2022
17,661403,"Clase, Emmanuel",4/13/2022,663117,17,100,2022
17,642585,"Bautista, Félix",4/19/2022,662406,17,100,2022
17,453178,"Kennedy, Ian",5/18/2022,662744,17,100,2022
17,594577,"Mayers, Mike",4/23/2022,661035,17,100,2022
17,612434,"Castro, Miguel",5/31/2022,661331,17,100,2022
17,542947,"Bleier, Richard",5/6/2022,662272,17,100,2022
17,518748,"Grimm, Justin",5/16/2022,662378,17,100,2022
17,543272,"Hand, Brad",5/17/2022,661625,17,100,2022
17,605154,"Brebbia, John",4/8/2022,662124,17,100,2022
17,518553,"Cishek, Steve",4/27/2022,662546,17,100,2022
17,641394,"Brentz, Jake",4/27/2022,661533,17,100,2022
17,642758,"Acevedo, Domingo",4/27/2022,662066,17,100,2022
17,670059,"Holderman, Colin",5/18/2022,662554,17,100,2022
17,605154,"Brebbia, John",5/16/2022,663005,17,100,2022
17,664208,"Maton, Phil",4/25/2022,661979,17,100,2022
17,623451,"Stephens, Jackson",5/10/2022,661549,17,100,2022
17,666974,"Cano, Yennier",5/27/2022,661777,17,100,2022
17,664294,"Moreta, Dauri",4/27/2022,663148,17,100,2022
17,592390,"Hembree, Heath",4/21/2022,663145,17,100,2022
17,623474,"Herget, Jimmy",4/19/2022,662927,17,100,2022
17,592761,"Smith, Caleb",5/17/2022,662628,17,100,2022
17,623465,"Phillips, Evan",5/17/2022,662628,17,100,2022
17,543339,"Hudson, Daniel",4/22/2022,662230,17,100,2022
17,501625,"Alvarez, Jose",5/9/2022,662097,17,100,2022
17,518617,"Diekman, Jake",4/29/2022,663337,17,100,2022
17,657240,"Merryweather, Julian",4/27/2022,661757,17,100,2022
17,607237,"Garrett, Amir",5/9/2022,661349,17,100,2022
17,664747,"Díaz, Alexis",4/15/2022,662620,17,100,2022
17,554340,"García, Yimi",4/15/2022,661792,17,100,2022
17,605347,"López, Jorge",4/22/2022,661037,17,100,2022
17,666204,"Jiménez, Dany",5/17/2022,662370,17,100,2022
17,606160,"Montero, Rafael",4/18/2022,662928,17,100,2022
17,628708,"Marte, Yunior",4/19/2022,662616,17,100,2022
17,572955,"Johnson, Pierce",4/18/2022,662233,17,100,2022
17,669212,"Morgan, Eli",5/19/2022,663043,17,100,2022
17,476595,"Luetge, Lucas",4/15/2022,663357,17,100,2022
17,621345,"Minter, A.J.",4/15/2022,662236,17,100,2022
17,661440,"Llovera, Mauricio",4/29/2022,662081,17,100,2022
17,542888,"Armstrong, Shawn",4/15/2022,661417,17,100,2022
17,453343,"Melancon, Mark",4/22/2022,663394,17,100,2022
17,662253,"Muñoz, Andrés",4/20/2022,662178,17,100,2022
17,572070,"Richards, Garrett",4/16/2022,661981,17,100,2022
17,605130,"Barlow, Scott",4/11/2022,662754,17,100,2022
17,681799,"Roberts, Ethan",4/26/2022,661589,17,100,2022
17,608648,"Duffey, Tyler",5/1/2022,661905,17,100,2022
17,573204,"Thielbar, Caleb",4/17/2022,663308,17,100,2022
17,517008,"Colomé, Alex",4/11/2022,662042,17,100,2022
17,598287,"Ramirez, Noé",4/22/2022,663394,17,100,2022
17,571479,"Bellatti, Andrew",5/25/2022,661542,17,100,2022
17,598287,"Ramirez, Noé",4/9/2022,663404,17,100,2022
17,544727,"Familia, Jeurys",5/15/2022,662696,17,100,2022
17,656420,"Feyereisen, J.P.",4/11/2022,661915,17,100,2022
17,656986,"Sousa, Bennett",4/14/2022,661529,17,100,2022
17,570257,"Rodríguez, Joely",4/29/2022,662592,17,100,2022
17,623485,"Goudeau, Ashton",4/11/2022,662042,17,100,2022
17,663574,"Santillan, Tony",4/10/2022,661573,17,100,2022
17,656945,"Scott, Tanner",4/21/2022,661391,17,100,2022
17,592773,"Stanek, Ryne",4/20/2022,662926,17,100,2022
17,453343,"Melancon, Mark",5/24/2022,663339,17,100,2022
17,592773,"Stanek, Ryne",4/23/2022,662875,17,100,2022
17,554431,"Matzek, Tyler",4/13/2022,661570,17,100,2022
17,622253,"Tate, Dillon",4/21/2022,662391,17,100,2022
17,476595,"Luetge, Lucas",5/25/2022,661286,17,100,2022
17,570488,"Valdez, Phillips",4/21/2022,663225,17,100,2022
17,453268,"Bard, Daniel",4/11/2022,662042,17,100,2022
17,664054,"Stashak, Cody",4/17/2022,663308,17,100,2022
17,666204,"Jiménez, Dany",4/30/2022,662393,17,100,2022
17,642207,"Williams, Devin",4/20/2022,661203,17,100,2022
17,502085,"Robertson, David",4/10/2022,663204,17,100,2022
17,570663,"Robles, Hansel",4/13/2022,662885,17,100,2022
17,664199,"Clarke, Taylor",5/1/2022,662691,17,100,2022
17,476595,"Luetge, Lucas",5/12/2022,661519,17,100,2022
17,570257,"Rodríguez, Joely",4/16/2022,662626,17,100,2022
17,424144,"Pérez, Oliver",4/7/2022,663418,17,100,2022
17,570257,"Rodríguez, Joely",4/13/2022,661643,17,100,2022
17,489334,"Stammen, Craig",4/11/2022,662116,17,100,2022
17,502179,"Espino, Paolo",5/13/2022,662525,17,100,2022
17,622253,"Tate, Dillon",4/13/2022,663433,17,100,2022
17,570488,"Valdez, Phillips",4/11/2022,662863,17,100,2022
17,519293,"Smith, Will",5/13/2022,661547,17,100,2022
17,608717,"Stratton, Chris",5/1/2022,662293,17,100,2022
17,475479,"Phelps, David",5/23/2022,661999,17,100,2022
17,570257,"Rodríguez, Joely",5/27/2022,662543,17,100,2022
17,501925,"Smith, Joe",5/23/2022,661730,17,100,2022
17,570257,"Rodríguez, Joely",5/21/2022,663001,17,100,2022
17,571670,"Floro, Dylan",5/14/2022,661414,17,100,2022
17,644364,"Arano, Víctor",4/24/2022,662539,17,100,2022
17,570663,"Robles, Hansel",5/22/2022,663277,17,100,2022
17,669395,"Coleman, Dylan",4/12/2022,662017,17,100,2022
17,521230,"Hendriks, Liam",5/22/2022,661288,17,100,2022
17,573124,"Rogers, Taylor",5/23/2022,662257,17,100,2022
17,608665,"Graveman, Kendall",5/16/2022,662728,17,100,2022
17,605177,"Chafin, Andrew",5/14/2022,662844,17,100,2022
17,607229,"Gsellman, Robert",5/20/2022,663143,17,100,2022
17,622098,"Smith, Drew",4/17/2022,662625,17,100,2022
17,662253,"Muñoz, Andrés",5/6/2022,662187,17,100,2022
17,607237,"Garrett, Amir",5/12/2022,661883,17,100,2022
17,598287,"Ramirez, Noé",5/24/2022,663339,17,100,2022
17,606149,"Gallegos, Giovanny",5/14/2022,661985,17,100,2022
17,667465,"Fletcher, Aaron",4/20/2022,661203,17,100,2022
17,592741,"Shreve, Chasen",4/30/2022,662591,17,100,2022
17,622075,"Almonte, Yency",5/20/2022,661632,17,100,2022
17,543238,"Gose, Anthony",4/15/2022,663136,17,100,2022
17,642121,"Sulser, Cole",4/26/2022,662540,17,100,2022
17,621345,"Minter, A.J.",5/7/2022,661540,17,100,2022
17,642585,"Bautista, Félix",5/23/2022,661287,17,100,2022
17,572070,"Richards, Garrett",4/20/2022,662178,17,100,2022
17,543766,"Shaw, Bryan",5/25/2022,662845,17,100,2022
17,640448,"Finnegan, Kyle",4/13/2022,661570,17,100,2022
17,643511,"Rogers, Tyler",4/20/2022,662349,17,100,2022
17,519326,"Strickland, Hunter",4/12/2022,663088,17,100,2022
17,664092,"Poppen, Sean",5/23/2022,663340,17,100,2022
17,661395,"Duran, Jhoan",5/22/2022,662712,17,100,2022
17,662253,"Muñoz, Andrés",5/22/2022,663277,17,100,2022
17,623149,"Sewald, Paul",4/30/2022,661389,17,100,2022
17,663158,"Suarez, Robert",5/21/2022,662077,17,100,2022
17,664123,"Effross, Scott",5/21/2022,663194,17,100,2022
17,605347,"López, Jorge",4/15/2022,663357,17,100,2022
17,606149,"Gallegos, Giovanny",4/16/2022,661335,17,100,2022
17,667427,"Jackson, Zach",4/13/2022,661943,17,100,2022
17,641729,"Jiménez, Joe",4/12/2022,662862,17,100,2022
17,445926,"Chavez, Jesse",4/10/2022,663204,17,100,2022
17,664092,"Poppen, Sean",4/13/2022,663341,17,100,2022
17,543272,"Hand, Brad",4/17/2022,661415,17,100,2022
17,641853,"McKay, David",5/22/2022,661290,17,100,2022
17,650556,"Abreu, Bryan",5/3/2022,662919,17,100,2022
17,657044,"Thompson, Ryan",4/19/2022,663196,17,100,2022
17,621051,"Wilson, Steven",5/13/2022,661547,17,100,2022
17,642758,"Acevedo, Domingo",5/6/2022,661775,17,100,2022
17,644364,"Arano, Víctor",5/6/2022,663431,17,100,2022
17,453268,"Bard, Daniel",5/4/2022,662993,17,100,2022
17,608723,"Voth, Austin",5/15/2022,662528,17,100,2022
17,592858,"Wick, Rowan",4/16/2022,662966,17,100,2022
17,605525,"Wendelken, J.B.",5/14/2022,663348,17,100,2022
17,669622,"Bender, Anthony",5/4/2022,661363,17,100,2022
17,621242,"Díaz, Edwin",5/24/2022,662074,17,100,2022
17,670036,"Festa, Matt",4/24/2022,662188,17,100,2022
17,621345,"Minter, A.J.",5/10/2022,661549,17,100,2022
17,570666,"Cessa, Luis",5/5/2022,661204,17,100,2022
17,621389,"Blach, Ty",5/26/2022,662515,17,100,2022
17,662253,"Muñoz, Andrés",5/14/2022,662568,17,100,2022
17,663531,"Allen, Logan",5/15/2022,662843,17,100,2022
17,605538,"Wisler, Matt",5/22/2022,661279,17,100,2022
17,640444,"Crowe, Wil",4/30/2022,662288,17,100,2022
17,657612,"Hill, Tim",4/22/2022,662230,17,100,2022
17,623474,"Herget, Jimmy",5/27/2022,663444,17,100,2022
17,543238,"Gose, Anthony",5/4/2022,663068,17,100,2022
17,592094,"Adam, Jason",5/13/2022,661904,17,100,2022
17,592454,"Kahnle, Tommy",5/13/2022,662705,17,100,2022
17,669395,"Coleman, Dylan",5/13/2022,663012,17,100,2022
17,571710,"Givens, Mychal",5/29/2022,661461,17,100,2022
17,669467,"Pallante, Andre",5/14/2022,661985,17,100,2022
17,680704,"Sandlin, Nick",4/20/2022,663075,17,100,2022
17,669618,"Barlow, Joe",5/15/2022,661146,17,100,2022
17,660813,"Graterol, Brusdar",4/26/2022,663383,17,100,2022
17,519293,"Smith, Will",4/14/2022,662237,17,100,2022
17,643511,"Rogers, Tyler",4/27/2022,662066,17,100,2022
17,612434,"Castro, Miguel",4/9/2022,661332,17,100,2022
17,453178,"Kennedy, Ian",5/30/2022,663327,17,100,2022
17,608716,"Steckenrider, Drew",5/8/2022,662160,17,100,2022
17,623474,"Herget, Jimmy",4/22/2022,661037,17,100,2022
17,453268,"Bard, Daniel",4/9/2022,662931,17,100,2022
17,667465,"Fletcher, Aaron",4/7/2022,662021,17,100,2022
17,656222,"Beeks, Jalen",4/17/2022,661462,17,100,2022
17,518617,"Diekman, Jake",4/26/2022,661758,17,100,2022
17,656420,"Feyereisen, J.P.",5/25/2022,662052,17,100,2022
17,663158,"Suarez, Robert",5/4/2022,663068,17,100,2022
17,502179,"Espino, Paolo",4/15/2022,662291,17,100,2022
17,664776,"Cousins, Jake",4/17/2022,661226,17,100,2022
17,666808,"Doval, Camilo",5/16/2022,663005,17,100,2022
17,519326,"Strickland, Hunter",4/9/2022,661575,17,100,2022
17,592094,"Adam, Jason",5/28/2022,661933,17,100,2022
17,663986,"Stephan, Trevor",5/17/2022,663032,17,100,2022
17,571710,"Givens, Mychal",4/14/2022,662950,17,100,2022
17,605177,"Chafin, Andrew",5/10/2022,662855,17,100,2022
17,605194,"Cotton, Jharel",5/14/2022,661695,17,100,2022
17,605130,"Barlow, Scott",4/28/2022,661532,17,100,2022
17,664199,"Clarke, Taylor",5/11/2022,661899,17,100,2022
17,656354,"Davis, Austin",5/8/2022,663278,17,100,2022
17,641582,"Foster, Matt",5/8/2022,663278,17,100,2022
17,607755,"Vasquez, Andrew",5/29/2022,663414,17,100,2022
17,459429,"McGee, Jake",4/27/2022,662066,17,100,2022
17,642758,"Acevedo, Domingo",4/29/2022,662405,17,100,2022
17,670167,"Schreiber, John",5/26/2022,661486,17,100,2022
17,642397,"Soto, Gregory",5/30/2022,662854,17,100,2022
17,650893,"Cabrera, Génesis",5/30/2022,661989,17,100,2022
17,592741,"Shreve, Chasen",5/8/2022,661627,17,100,2022
17,552640,"Kittredge, Andrew",4/9/2022,661917,17,100,2022
17,607359,"Patton, Spencer",4/9/2022,661803,17,100,2022
17,656061,"Abreu, Albert",5/28/2022,662375,17,100,2022
17,676660,"Solomon, Jared",5/7/2022,663070,17,100,2022
17,622251,"Staumont, Josh",5/10/2022,662016,17,100,2022
17,664747,"Díaz, Alexis",4/20/2022,662231,17,100,2022
17,621433,"Phillips, Brett",5/10/2022,663416,17,100,2022
17,665001,"Kelley, Trevor",5/31/2022,663154,17,100,2022
17,642770,"Guerra, Javy",4/29/2022,661907,17,100,2022
17,664294,"Moreta, Dauri",5/11/2022,663074,17,100,2022
17,668665,"Nogosek, Stephen",5/29/2022,662555,17,100,2022
17,493603,"Ottavino, Adam",4/26/2022,662007,17,100,2022
17,595881,"Beede, Tyler",5/16/2022,663151,17,100,2022
17,623149,"Sewald, Paul",5/29/2022,662130,17,100,2022
17,641394,"Brentz, Jake",4/19/2022,662753,17,100,2022
17,570663,"Robles, Hansel",5/7/2022,663226,17,100,2022
17,641627,"Gott, Trevor",5/30/2022,663149,17,100,2022
17,543238,"Gose, Anthony",4/17/2022,663132,17,100,2022
17,656354,"Davis, Austin",4/22/2022,661914,17,100,2022
17,640448,"Finnegan, Kyle",5/28/2022,662513,17,100,2022
17,493603,"Ottavino, Adam",5/18/2022,662554,17,100,2022
17,552640,"Kittredge, Andrew",5/8/2022,662160,17,100,2022
17,642528,"Loáisiga, Jonathan",5/8/2022,661302,17,100,2022
17,543339,"Hudson, Daniel",5/11/2022,662385,17,100,2022
17,608665,"Graveman, Kendall",5/10/2022,661524,17,100,2022
17,667427,"Jackson, Zach",5/27/2022,662369,17,100,2022
17,607229,"Gsellman, Robert",5/29/2022,661461,17,100,2022
17,605521,"Warren, Art",5/29/2022,663072,17,100,2022
17,605347,"López, Jorge",5/28/2022,663309,17,100,2022
17,670950,"Richards, Trevor",5/16/2022,661794,17,100,2022
17,595881,"Beede, Tyler",5/31/2022,662735,17,100,2022
17,518489,"Brasier, Ryan",5/10/2022,661549,17,100,2022
17,456713,"Bush, Matt",5/8/2022,661302,17,100,2022
17,670280,"Bednar, David",5/7/2022,663070,17,100,2022
17,657044,"Thompson, Ryan",5/24/2022,661978,17,100,2022
17,669854,"Blanco, Ronel",4/17/2022,662174,17,100,2022
17,621114,"Burr, Ryan",5/9/2022,661525,17,100,2022
17,663432,"Rainey, Tanner",4/13/2022,661570,17,100,2022
17,676831,"Whitley, Kodi",5/2/2022,662009,17,100,2022
17,606930,"Barnes, Jacob",4/19/2022,662896,17,100,2022
17,572193,"Tepera, Ryan",5/4/2022,663248,17,100,2022
17,642528,"Loáisiga, Jonathan",4/8/2022,661333,17,100,2022
17,596071,"Peters, Dillon",4/30/2022,662288,17,100,2022
17,656458,"Gilbreath, Lucas",5/25/2022,662453,17,100,2022
17,570257,"Rodríguez, Joely",5/29/2022,662555,17,100,2022
17,663158,"Suarez, Robert",5/31/2022,661977,17,100,2022
16,664747,"Díaz, Alexis",5/31/2022,663297,16,100,2022
16,642121,"Sulser, Cole",4/8/2022,662124,16,100,2022
16,605538,"Wisler, Matt",4/8/2022,661918,16,100,2022
16,643316,"Fry, Paul",4/26/2022,661309,16,100,2022
16,552640,"Kittredge, Andrew",4/23/2022,661941,16,100,2022
16,608678,"Leone, Dominic",5/24/2022,662074,16,100,2022
16,665001,"Kelley, Trevor",5/28/2022,661991,16,100,2022
16,521230,"Hendriks, Liam",4/23/2022,661752,16,100,2022
16,670768,"González, Luis",5/22/2022,662076,16,100,2022
16,605151,"Bradley, Archie",4/22/2022,661037,16,100,2022
16,666808,"Doval, Camilo",4/23/2022,662549,16,100,2022
16,669276,"Lee, Dylan",5/30/2022,663327,16,100,2022
16,518617,"Diekman, Jake",4/27/2022,661757,16,100,2022
16,642528,"Loáisiga, Jonathan",5/19/2022,661347,16,100,2022
16,605488,"Springs, Jeffrey",4/8/2022,661918,16,100,2022
16,676760,"Marinaccio, Ron",5/29/2022,661910,16,100,2022
16,573009,"Mantiply, Joe",4/26/2022,663383,16,100,2022
16,453343,"Melancon, Mark",5/19/2022,663193,16,100,2022
16,456034,"Price, David",5/18/2022,662744,16,100,2022
16,491624,"Valdez, César",5/17/2022,661126,16,100,2022
16,677865,"Bruihl, Justin",5/18/2022,662744,16,100,2022
16,605195,"Crick, Kyle",4/20/2022,663075,16,100,2022
16,676684,"Vest, Will",5/10/2022,662855,16,100,2022
16,518886,"Kimbrel, Craig",5/16/2022,662695,16,100,2022
16,519043,"Moore, Matt",5/19/2022,662778,16,100,2022
16,541640,"Ramírez, Erasmo",5/16/2022,661402,16,100,2022
16,554431,"Matzek, Tyler",4/19/2022,662717,16,100,2022
16,608032,"Estévez, Carlos",4/24/2022,662853,16,100,2022
16,642121,"Sulser, Cole",4/9/2022,662123,16,100,2022
16,666808,"Doval, Camilo",4/9/2022,662123,16,100,2022
16,621363,"Poche, Colin",4/27/2022,661909,16,100,2022
16,573009,"Mantiply, Joe",5/18/2022,662744,16,100,2022
16,623352,"Hader, Josh",5/10/2022,663090,16,100,2022
16,628708,"Marte, Yunior",4/26/2022,662086,16,100,2022
16,573204,"Thielbar, Caleb",5/17/2022,662370,16,100,2022
16,640448,"Finnegan, Kyle",4/23/2022,662549,16,100,2022
16,571901,"Loup, Aaron",5/17/2022,661126,16,100,2022
16,670036,"Festa, Matt",4/21/2022,662177,16,100,2022
16,642130,"Taylor, Blake",4/23/2022,662875,16,100,2022
16,642397,"Soto, Gregory",4/26/2022,661733,16,100,2022
16,644364,"Arano, Víctor",4/26/2022,662540,16,100,2022
16,605195,"Crick, Kyle",5/17/2022,662727,16,100,2022
16,656458,"Gilbreath, Lucas",4/26/2022,661567,16,100,2022
16,641729,"Jiménez, Joe",4/20/2022,662861,16,100,2022
16,543507,"May, Trevor",4/7/2022,662571,16,100,2022
16,641682,"Hendrix, Ryan",4/19/2022,662232,16,100,2022
16,622251,"Staumont, Josh",5/17/2022,662727,16,100,2022
16,670280,"Bednar, David",4/24/2022,663166,16,100,2022
16,656638,"Lange, Alex",4/8/2022,662888,16,100,2022
16,641447,"Castano, Daniel",5/18/2022,661400,16,100,2022
16,642758,"Acevedo, Domingo",4/18/2022,662407,16,100,2022
16,642121,"Sulser, Cole",5/17/2022,661401,16,100,2022
16,642207,"Williams, Devin",5/16/2022,661212,16,100,2022
16,658648,"Avila, Pedro",4/14/2022,662237,16,100,2022
16,642701,"Santana, Dennis",5/17/2022,661126,16,100,2022
16,657376,"Schmidt, Clarke",5/1/2022,662691,16,100,2022
16,608349,"Knebel, Corey",4/22/2022,661621,16,100,2022
16,656458,"Gilbreath, Lucas",5/16/2022,663005,16,100,2022
16,547973,"Chapman, Aroldis",4/14/2022,661312,16,100,2022
16,656945,"Scott, Tanner",5/18/2022,661400,16,100,2022
16,544727,"Familia, Jeurys",4/15/2022,661417,16,100,2022
16,571656,"Farmer, Buck",4/18/2022,662233,16,100,2022
16,472610,"García, Luis",4/17/2022,662234,16,100,2022
16,664199,"Clarke, Taylor",5/18/2022,662726,16,100,2022
16,543272,"Hand, Brad",4/14/2022,661418,16,100,2022
16,605242,"Fulmer, Michael",4/24/2022,662853,16,100,2022
16,543339,"Hudson, Daniel",4/18/2022,662617,16,100,2022
16,666204,"Jiménez, Dany",4/16/2022,661759,16,100,2022
16,622098,"Smith, Drew",5/10/2022,662537,16,100,2022
16,664294,"Moreta, Dauri",4/22/2022,663169,16,100,2022
16,475479,"Phelps, David",4/14/2022,661312,16,100,2022
16,681799,"Roberts, Ethan",4/16/2022,662966,16,100,2022
16,596057,"Norris, Daniel",4/20/2022,663146,16,100,2022
16,642585,"Bautista, Félix",4/10/2022,661916,16,100,2022
16,642585,"Bautista, Félix",4/12/2022,663295,16,100,2022
16,642585,"Bautista, Félix",4/13/2022,663433,16,100,2022
16,676840,"Peacock, Matt",4/19/2022,662587,16,100,2022
16,593974,"Peralta, Wandy",4/19/2022,662896,16,100,2022
16,667427,"Jackson, Zach",5/20/2022,663449,16,100,2022
16,605525,"Wendelken, J.B.",4/15/2022,662485,16,100,2022
16,592866,"Williams, Trevor",4/17/2022,662625,16,100,2022
16,660906,"Pérez, Francisco",4/22/2022,662557,16,100,2022
16,671345,"Foley, Jason",4/12/2022,662862,16,100,2022
16,572070,"Richards, Garrett",5/11/2022,661899,16,100,2022
16,570663,"Robles, Hansel",4/22/2022,661914,16,100,2022
16,669618,"Barlow, Joe",4/11/2022,662042,16,100,2022
16,606424,"García, Jarlín",4/10/2022,662122,16,100,2022
16,621051,"Wilson, Steven",4/9/2022,663404,16,100,2022
16,608665,"Graveman, Kendall",4/13/2022,661530,16,100,2022
16,657612,"Hill, Tim",4/8/2022,663417,16,100,2022
16,640451,"Harvey, Hunter",4/11/2022,661572,16,100,2022
16,608717,"Stratton, Chris",4/28/2022,662295,16,100,2022
16,543339,"Hudson, Daniel",4/12/2022,661753,16,100,2022
16,501925,"Smith, Joe",4/21/2022,662742,16,100,2022
16,664294,"Moreta, Dauri",4/30/2022,663008,16,100,2022
16,641871,"Middleton, Keynan",5/3/2022,661364,16,100,2022
16,642528,"Loáisiga, Jonathan",4/10/2022,661316,16,100,2022
16,592741,"Shreve, Chasen",4/27/2022,662048,16,100,2022
16,641401,"Brogdon, Connor",5/14/2022,662704,16,100,2022
16,606160,"Montero, Rafael",4/10/2022,661039,16,100,2022
16,612434,"Castro, Miguel",4/30/2022,662797,16,100,2022
16,664948,"Misiewicz, Anthony",4/28/2022,661908,16,100,2022
16,502179,"Espino, Paolo",5/24/2022,662536,16,100,2022
16,614179,"Ruiz, José",4/13/2022,661530,16,100,2022
16,543272,"Hand, Brad",5/27/2022,662543,16,100,2022
16,543339,"Hudson, Daniel",5/27/2022,663347,16,100,2022
16,621295,"Wittgren, Nick",4/12/2022,662017,16,100,2022
16,554340,"García, Yimi",4/26/2022,661758,16,100,2022
16,547973,"Chapman, Aroldis",5/14/2022,661490,16,100,2022
16,664208,"Maton, Phil",4/18/2022,662928,16,100,2022
16,607237,"Garrett, Amir",5/24/2022,663339,16,100,2022
16,547973,"Chapman, Aroldis",5/22/2022,661288,16,100,2022
16,502179,"Espino, Paolo",4/29/2022,662081,16,100,2022
16,543507,"May, Trevor",4/16/2022,662626,16,100,2022
16,605447,"Romano, Jordan",4/17/2022,661804,16,100,2022
16,669618,"Barlow, Joe",5/30/2022,661900,16,100,2022
16,605130,"Barlow, Scott",5/15/2022,663010,16,100,2022
16,605177,"Chafin, Andrew",5/22/2022,663120,16,100,2022
16,593643,"Alberto, Hanser",5/26/2022,663338,16,100,2022
16,595345,"Okert, Steven",5/25/2022,662052,16,100,2022
16,676092,"Snider, Collin",5/17/2022,662727,16,100,2022
16,608678,"Leone, Dominic",5/21/2022,662077,16,100,2022
16,621345,"Minter, A.J.",5/20/2022,661339,16,100,2022
16,641501,"Danish, Tyler",5/24/2022,661488,16,100,2022
16,605218,"Edwards Jr., Carl",5/24/2022,662536,16,100,2022
16,625643,"López, Reynaldo",5/22/2022,661290,16,100,2022
16,650895,"Castillo, Diego",5/7/2022,662159,16,100,2022
16,622075,"Almonte, Yency",5/22/2022,661611,16,100,2022
16,681799,"Roberts, Ethan",4/29/2022,661209,16,100,2022
16,641401,"Brogdon, Connor",5/23/2022,661544,16,100,2022
16,641401,"Brogdon, Connor",5/21/2022,661631,16,100,2022
16,641627,"Gott, Trevor",5/23/2022,662257,16,100,2022
16,676092,"Snider, Collin",4/23/2022,662191,16,100,2022
16,605447,"Romano, Jordan",5/21/2022,661793,16,100,2022
16,606131,"Perdomo, Luis",5/25/2022,662228,16,100,2022
16,622251,"Staumont, Josh",5/15/2022,663010,16,100,2022
16,656354,"Davis, Austin",5/22/2022,663277,16,100,2022
16,670950,"Richards, Trevor",4/27/2022,661757,16,100,2022
16,593576,"Neris, Héctor",5/29/2022,662130,16,100,2022
16,661395,"Duran, Jhoan",5/20/2022,662714,16,100,2022
16,661440,"Llovera, Mauricio",5/22/2022,662076,16,100,2022
16,662253,"Muñoz, Andrés",5/21/2022,663234,16,100,2022
16,640448,"Finnegan, Kyle",5/15/2022,662528,16,100,2022
16,608032,"Estévez, Carlos",5/25/2022,662453,16,100,2022
16,453178,"Kennedy, Ian",4/16/2022,662626,16,100,2022
16,612434,"Castro, Miguel",4/14/2022,661312,16,100,2022
16,641755,"Kinley, Tyler",5/15/2022,663010,16,100,2022
16,472610,"García, Luis",4/30/2022,662288,16,100,2022
16,621295,"Wittgren, Nick",4/29/2022,662037,16,100,2022
16,592390,"Hembree, Heath",4/29/2022,662296,16,100,2022
16,453178,"Kennedy, Ian",4/27/2022,663393,16,100,2022
16,670810,"Gillaspie, Logan",5/20/2022,661348,16,100,2022
16,608716,"Steckenrider, Drew",5/24/2022,662134,16,100,2022
16,676660,"Solomon, Jared",5/23/2022,663073,16,100,2022
16,623474,"Herget, Jimmy",4/8/2022,661041,16,100,2022
16,642152,"Trivino, Lou",5/13/2022,662381,16,100,2022
16,642130,"Taylor, Blake",4/8/2022,661041,16,100,2022
16,475479,"Phelps, David",4/16/2022,661759,16,100,2022
16,642701,"Santana, Dennis",5/14/2022,661147,16,100,2022
16,621381,"Strahm, Matt",4/22/2022,661914,16,100,2022
16,592094,"Adam, Jason",5/5/2022,662189,16,100,2022
16,628452,"Iglesias, Raisel",4/29/2022,661535,16,100,2022
16,445926,"Chavez, Jesse",5/26/2022,661574,16,100,2022
16,621242,"Díaz, Edwin",5/27/2022,662543,16,100,2022
16,571901,"Loup, Aaron",4/7/2022,661042,16,100,2022
16,666204,"Jiménez, Dany",5/29/2022,662374,16,100,2022
16,572193,"Tepera, Ryan",4/7/2022,661042,16,100,2022
16,663986,"Stephan, Trevor",4/9/2022,662765,16,100,2022
16,628708,"Marte, Yunior",4/29/2022,662081,16,100,2022
16,518813,"Holland, Greg",4/11/2022,662042,16,100,2022
16,656803,"Norwood, James",5/13/2022,662705,16,100,2022
16,468504,"Chacín, Jhoulys",5/5/2022,663013,16,100,2022
16,661403,"Clase, Emmanuel",5/14/2022,661695,16,100,2022
16,666808,"Doval, Camilo",5/6/2022,662103,16,100,2022
16,605242,"Fulmer, Michael",4/11/2022,662863,16,100,2022
16,664747,"Díaz, Alexis",5/3/2022,661200,16,100,2022
16,650633,"King, Michael",5/1/2022,662691,16,100,2022
16,503449,"Peralta, Wily",4/28/2022,661729,16,100,2022
16,622503,"Crismatt, Nabil",5/27/2022,662281,16,100,2022
16,681799,"Roberts, Ethan",4/9/2022,663205,16,100,2022
16,472610,"García, Luis",5/5/2022,662262,16,100,2022
16,640448,"Finnegan, Kyle",5/1/2022,662106,16,100,2022
16,571948,"Milner, Hoby",4/28/2022,662295,16,100,2022
16,666204,"Jiménez, Dany",5/15/2022,662380,16,100,2022
16,667427,"Jackson, Zach",4/9/2022,661130,16,100,2022
16,640444,"Crowe, Wil",5/25/2022,662453,16,100,2022
16,641329,"Baker, Bryan",5/24/2022,661285,16,100,2022
16,476595,"Luetge, Lucas",4/9/2022,661332,16,100,2022
16,598264,"Barnes, Matt",5/7/2022,663226,16,100,2022
16,669459,"Nelson, Kyle",4/20/2022,662560,16,100,2022
16,543521,"McHugh, Collin",5/6/2022,661541,16,100,2022
16,670090,"Mills, Wyatt",5/2/2022,662920,16,100,2022
16,682027,"Alldred, Cam",5/12/2022,662372,16,100,2022
16,571948,"Milner, Hoby",5/4/2022,661197,16,100,2022
16,594580,"Moll, Sam",5/17/2022,662370,16,100,2022
16,664948,"Misiewicz, Anthony",5/3/2022,662919,16,100,2022
16,669459,"Nelson, Kyle",5/28/2022,663330,16,100,2022
16,672335,"Pérez, Cionel",5/4/2022,663462,16,100,2022
16,593576,"Neris, Héctor",5/5/2022,662816,16,100,2022
16,596057,"Norris, Daniel",4/29/2022,661209,16,100,2022
16,607216,"Krehbiel, Joey",5/19/2022,661347,16,100,2022
16,640462,"Puk, A.J.",5/6/2022,661775,16,100,2022
16,501925,"Smith, Joe",5/30/2022,662854,16,100,2022
16,519008,"McFarland, T.J.",5/10/2022,661987,16,100,2022
16,502085,"Robertson, David",5/29/2022,661461,16,100,2022
16,543766,"Shaw, Bryan",5/5/2022,663066,16,100,2022
16,643511,"Rogers, Tyler",5/6/2022,662103,16,100,2022
16,517008,"Colomé, Alex",4/18/2022,662929,16,100,2022
16,623149,"Sewald, Paul",5/6/2022,662187,16,100,2022
16,614179,"Ruiz, José",4/16/2022,661527,16,100,2022
16,621363,"Poche, Colin",5/5/2022,662189,16,100,2022
16,592761,"Smith, Caleb",5/3/2022,661364,16,100,2022
16,666974,"Cano, Yennier",5/26/2022,661771,16,100,2022
16,650959,"Diplán, Marcos",5/25/2022,661286,16,100,2022
16,621381,"Strahm, Matt",4/8/2022,661333,16,100,2022
16,518489,"Brasier, Ryan",5/19/2022,663269,16,100,2022
16,554340,"García, Yimi",5/31/2022,661797,16,100,2022
16,656546,"Hoffman, Jeff",5/26/2022,663081,16,100,2022
16,644364,"Arano, Víctor",5/11/2022,662526,16,100,2022
16,598287,"Ramirez, Noé",4/29/2022,662037,16,100,2022
16,667297,"Nance, Tommy",5/25/2022,662052,16,100,2022
16,642121,"Sulser, Cole",5/4/2022,661363,16,100,2022
16,657044,"Thompson, Ryan",5/3/2022,662386,16,100,2022
16,594580,"Moll, Sam",5/31/2022,662367,16,100,2022
16,592773,"Stanek, Ryne",5/31/2022,662367,16,100,2022
16,660853,"De Los Santos, Enyel",5/24/2022,662846,16,100,2022
16,669467,"Pallante, Andre",4/23/2022,663100,16,100,2022
16,657044,"Thompson, Ryan",4/24/2022,661931,16,100,2022
16,595345,"Okert, Steven",5/30/2022,662992,16,100,2022
16,650960,"Duarte, Daniel",4/8/2022,661576,16,100,2022
16,571656,"Farmer, Buck",4/16/2022,662619,16,100,2022
16,640444,"Crowe, Wil",5/9/2022,662287,16,100,2022
16,543521,"McHugh, Collin",4/7/2022,661577,16,100,2022
16,664747,"Díaz, Alexis",5/11/2022,663074,16,100,2022
16,669459,"Nelson, Kyle",4/23/2022,663384,16,100,2022
16,666204,"Jiménez, Dany",5/25/2022,662133,16,100,2022
16,543766,"Shaw, Bryan",4/28/2022,663432,16,100,2022
16,624503,"Gordon, Nick",5/11/2022,661702,16,100,2022
16,623149,"Sewald, Paul",5/5/2022,662189,16,100,2022
16,571710,"Givens, Mychal",5/7/2022,663142,16,100,2022
16,642207,"Williams, Devin",4/28/2022,662295,16,100,2022
16,621363,"Poche, Colin",5/18/2022,662054,16,100,2022
16,621016,"Cuas, Jose",5/31/2022,663034,16,100,2022
16,621345,"Minter, A.J.",5/29/2022,661517,16,100,2022
16,445276,"Jansen, Kenley",5/11/2022,661548,16,100,2022
16,542914,"Bass, Anthony",4/8/2022,662124,16,100,2022
16,656420,"Feyereisen, J.P.",4/30/2022,661906,16,100,2022
16,622098,"Smith, Drew",4/26/2022,662007,16,100,2022
16,664948,"Misiewicz, Anthony",4/9/2022,661756,16,100,2022
16,641835,"Mayza, Tim",5/8/2022,663086,16,100,2022
16,518813,"Holland, Greg",4/8/2022,661782,16,100,2022
16,641401,"Brogdon, Connor",5/31/2022,661618,16,100,2022
16,641360,"Bickford, Phil",4/18/2022,662617,16,100,2022
16,571479,"Bellatti, Andrew",5/19/2022,661623,16,100,2022
16,517008,"Colomé, Alex",5/17/2022,663004,16,100,2022
16,682171,"Murfee, Penn",5/7/2022,662159,16,100,2022
16,641755,"Kinley, Tyler",5/30/2022,662992,16,100,2022
16,643256,"Cimber, Adam",5/29/2022,663414,16,100,2022
16,667463,"King, John",4/8/2022,661782,16,100,2022
16,605177,"Chafin, Andrew",5/1/2022,662716,16,100,2022
16,621363,"Poche, Colin",5/10/2022,663416,16,100,2022
16,455119,"Martin, Chris",5/18/2022,663156,16,100,2022
16,650895,"Castillo, Diego",4/28/2022,661908,16,100,2022
16,621363,"Poche, Colin",5/7/2022,662159,16,100,2022
16,643511,"Rogers, Tyler",5/28/2022,663118,16,100,2022
16,623352,"Hader, Josh",5/30/2022,663149,16,100,2022
16,640462,"Puk, A.J.",5/7/2022,661701,16,100,2022
16,547973,"Chapman, Aroldis",5/1/2022,662691,16,100,2022
16,656638,"Lange, Alex",5/30/2022,662854,16,100,2022
16,666808,"Doval, Camilo",5/29/2022,663072,16,100,2022
16,592473,"Kolarek, Adam",5/8/2022,661700,16,100,2022
16,641329,"Baker, Bryan",4/20/2022,662392,16,100,2022
16,657044,"Thompson, Ryan",5/30/2022,661900,16,100,2022
16,608678,"Leone, Dominic",5/7/2022,662102,16,100,2022
16,518489,"Brasier, Ryan",4/30/2022,663364,16,100,2022
16,656986,"Sousa, Bennett",5/28/2022,661518,16,100,2022
16,592773,"Stanek, Ryne",5/7/2022,662796,16,100,2022
16,660853,"De Los Santos, Enyel",5/31/2022,663034,16,100,2022
16,519326,"Strickland, Hunter",5/7/2022,663089,16,100,2022
16,542914,"Bass, Anthony",4/21/2022,661391,16,100,2022
16,663158,"Suarez, Robert",5/10/2022,662258,16,100,2022
16,598264,"Barnes, Matt",4/20/2022,663247,16,100,2022
16,644364,"Arano, Víctor",4/28/2022,662538,16,100,2022
16,681911,"Vesia, Alex",5/10/2022,662292,16,100,2022
15,459429,"McGee, Jake",4/25/2022,661210,15,100,2022
15,670280,"Bednar, David",4/21/2022,663145,15,100,2022
15,518553,"Cishek, Steve",5/1/2022,662106,15,100,2022
15,642585,"Bautista, Félix",4/22/2022,661037,15,100,2022
15,676840,"Peacock, Matt",5/29/2022,661731,15,100,2022
15,453178,"Kennedy, Ian",4/26/2022,663383,15,100,2022
15,595345,"Okert, Steven",4/9/2022,662123,15,100,2022
15,456713,"Bush, Matt",4/25/2022,661979,15,100,2022
15,456713,"Bush, Matt",4/23/2022,662389,15,100,2022
15,592858,"Wick, Rowan",5/18/2022,663156,15,100,2022
15,475479,"Phelps, David",4/23/2022,662875,15,100,2022
15,476595,"Luetge, Lucas",4/26/2022,661309,15,100,2022
15,656420,"Feyereisen, J.P.",4/8/2022,661918,15,100,2022
15,518886,"Kimbrel, Craig",4/24/2022,662274,15,100,2022
15,670059,"Holderman, Colin",5/30/2022,662545,15,100,2022
15,605521,"Warren, Art",4/30/2022,663008,15,100,2022
15,502085,"Robertson, David",4/18/2022,663197,15,100,2022
15,547973,"Chapman, Aroldis",4/20/2022,662861,15,100,2022
15,598264,"Barnes, Matt",4/24/2022,661931,15,100,2022
15,502085,"Robertson, David",5/18/2022,663156,15,100,2022
15,600921,"Machado, Andrés",4/26/2022,662540,15,100,2022
15,656354,"Davis, Austin",4/21/2022,663225,15,100,2022
15,606160,"Montero, Rafael",4/28/2022,661912,15,100,2022
15,614179,"Ruiz, José",4/27/2022,661533,15,100,2022
15,621051,"Wilson, Steven",4/26/2022,663079,15,100,2022
15,621074,"Rucker, Michael",4/26/2022,661589,15,100,2022
15,608648,"Duffey, Tyler",4/19/2022,662753,15,100,2022
15,542914,"Bass, Anthony",5/16/2022,661402,15,100,2022
15,642758,"Acevedo, Domingo",4/8/2022,661131,15,100,2022
15,642121,"Sulser, Cole",4/23/2022,661568,15,100,2022
15,642770,"Guerra, Javy",4/26/2022,661929,15,100,2022
15,643511,"Rogers, Tyler",4/23/2022,662549,15,100,2022
15,605347,"López, Jorge",5/18/2022,661344,15,100,2022
15,656945,"Scott, Tanner",4/8/2022,662124,15,100,2022
15,606424,"García, Jarlín",4/29/2022,662081,15,100,2022
15,665621,"García, Rony",4/19/2022,662896,15,100,2022
15,656794,"Newcomb, Sean",4/23/2022,663144,15,100,2022
15,656945,"Scott, Tanner",4/24/2022,661590,15,100,2022
15,656458,"Gilbreath, Lucas",4/20/2022,662924,15,100,2022
15,660813,"Graterol, Brusdar",4/20/2022,662734,15,100,2022
15,663986,"Stephan, Trevor",5/7/2022,663057,15,100,2022
15,623352,"Hader, Josh",4/20/2022,661203,15,100,2022
15,614179,"Ruiz, José",5/17/2022,662780,15,100,2022
15,617228,"Sawamura, Hirokazu",5/19/2022,663269,15,100,2022
15,621237,"Alvarado, José",5/18/2022,661624,15,100,2022
15,545343,"Head, Louis",4/22/2022,661569,15,100,2022
15,666808,"Doval, Camilo",4/25/2022,661210,15,100,2022
15,657612,"Hill, Tim",4/19/2022,662232,15,100,2022
15,623352,"Hader, Josh",5/16/2022,661212,15,100,2022
15,656546,"Hoffman, Jeff",4/19/2022,662232,15,100,2022
15,670950,"Richards, Trevor",4/26/2022,661758,15,100,2022
15,670990,"Ramírez, Yohan",4/23/2022,662191,15,100,2022
15,605280,"Holmes, Clay",4/19/2022,662896,15,100,2022
15,656061,"Abreu, Albert",4/11/2022,662042,15,100,2022
15,640462,"Puk, A.J.",5/16/2022,662378,15,100,2022
15,608723,"Voth, Austin",4/9/2022,662588,15,100,2022
15,445276,"Jansen, Kenley",4/22/2022,661569,15,100,2022
15,642152,"Trivino, Lou",5/16/2022,662378,15,100,2022
15,453268,"Bard, Daniel",4/15/2022,662960,15,100,2022
15,606930,"Barnes, Jacob",4/15/2022,662701,15,100,2022
15,642701,"Santana, Dennis",5/18/2022,661125,15,100,2022
15,650893,"Cabrera, Génesis",5/17/2022,662566,15,100,2022
15,670712,"Brosseau, Mike",4/15/2022,661267,15,100,2022
15,608678,"Leone, Dominic",4/19/2022,662350,15,100,2022
15,650959,"Diplán, Marcos",4/18/2022,662407,15,100,2022
15,621242,"Díaz, Edwin",4/17/2022,662625,15,100,2022
15,641627,"Gott, Trevor",4/16/2022,661335,15,100,2022
15,665001,"Kelley, Trevor",5/18/2022,661202,15,100,2022
15,656546,"Hoffman, Jeff",4/15/2022,662620,15,100,2022
15,641729,"Jiménez, Joe",4/14/2022,662702,15,100,2022
15,661403,"Clase, Emmanuel",4/30/2022,662393,15,100,2022
15,676684,"Vest, Will",5/18/2022,662054,15,100,2022
15,621051,"Wilson, Steven",4/18/2022,662233,15,100,2022
15,642397,"Soto, Gregory",4/8/2022,662888,15,100,2022
15,669459,"Nelson, Kyle",4/16/2022,662626,15,100,2022
15,593576,"Neris, Héctor",4/16/2022,662206,15,100,2022
15,595345,"Okert, Steven",4/16/2022,661416,15,100,2022
15,641907,"Murphy, Patrick",4/22/2022,662557,15,100,2022
15,663455,"Pilkington, Konnor",4/15/2022,663136,15,100,2022
15,641329,"Baker, Bryan",4/10/2022,661916,15,100,2022
15,641329,"Baker, Bryan",4/12/2022,663295,15,100,2022
15,605488,"Springs, Jeffrey",4/14/2022,661942,15,100,2022
15,489334,"Stammen, Craig",4/14/2022,662237,15,100,2022
15,657571,"Ferguson, Caleb",5/16/2022,662695,15,100,2022
15,621593,"Castro, Anthony",4/12/2022,663088,15,100,2022
15,664092,"Poppen, Sean",4/19/2022,662583,15,100,2022
15,518813,"Holland, Greg",4/16/2022,661981,15,100,2022
15,592858,"Wick, Rowan",4/17/2022,662930,15,100,2022
15,669395,"Coleman, Dylan",4/11/2022,662754,15,100,2022
15,543056,"Coulombe, Danny",4/10/2022,661738,15,100,2022
15,571948,"Milner, Hoby",4/9/2022,663205,15,100,2022
15,681799,"Roberts, Ethan",4/19/2022,663196,15,100,2022
15,544727,"Familia, Jeurys",4/12/2022,661636,15,100,2022
15,571710,"Givens, Mychal",4/12/2022,662318,15,100,2022
15,664092,"Poppen, Sean",4/8/2022,663417,15,100,2022
15,623474,"Herget, Jimmy",4/10/2022,661039,15,100,2022
15,656954,"Sheffield, Justus",4/21/2022,662177,15,100,2022
15,622098,"Smith, Drew",4/19/2022,662616,15,100,2022
15,519293,"Smith, Will",4/20/2022,662734,15,100,2022
15,676092,"Snider, Collin",4/20/2022,662703,15,100,2022
15,663158,"Suarez, Robert",4/7/2022,663418,15,100,2022
15,519293,"Smith, Will",4/28/2022,661551,15,100,2022
15,445276,"Jansen, Kenley",5/24/2022,661543,15,100,2022
15,656638,"Lange, Alex",4/12/2022,662862,15,100,2022
15,472610,"García, Luis",5/19/2022,661623,15,100,2022
15,605347,"López, Jorge",4/11/2022,663403,15,100,2022
15,621381,"Strahm, Matt",4/19/2022,663249,15,100,2022
15,660813,"Graterol, Brusdar",4/8/2022,662933,15,100,2022
15,493603,"Ottavino, Adam",4/13/2022,661643,15,100,2022
15,606303,"Payamps, Joel",4/12/2022,662017,15,100,2022
15,519151,"Pressly, Ryan",4/13/2022,663341,15,100,2022
15,598287,"Ramirez, Noé",4/17/2022,662625,15,100,2022
15,592858,"Wick, Rowan",4/21/2022,663145,15,100,2022
15,502085,"Robertson, David",4/12/2022,662318,15,100,2022
15,570663,"Robles, Hansel",4/10/2022,661316,15,100,2022
15,445276,"Jansen, Kenley",5/14/2022,661546,15,100,2022
15,453178,"Kennedy, Ian",5/15/2022,663367,15,100,2022
15,664584,"Romero, Jhon",4/10/2022,661738,15,100,2022
15,453343,"Melancon, Mark",5/14/2022,663348,15,100,2022
15,622250,"Sborz, Josh",4/10/2022,661802,15,100,2022
15,641401,"Brogdon, Connor",5/19/2022,661623,15,100,2022
15,667465,"Fletcher, Aaron",4/29/2022,662296,15,100,2022
15,493603,"Ottavino, Adam",5/14/2022,662568,15,100,2022
15,493603,"Ottavino, Adam",5/13/2022,662523,15,100,2022
15,501925,"Smith, Joe",5/14/2022,661695,15,100,2022
15,573204,"Thielbar, Caleb",4/30/2022,661906,15,100,2022
15,642152,"Trivino, Lou",4/12/2022,661944,15,100,2022
15,681911,"Vesia, Alex",4/13/2022,661734,15,100,2022
15,502202,"Boxberger, Brad",4/10/2022,663204,15,100,2022
15,445926,"Chavez, Jesse",5/22/2022,661398,15,100,2022
15,543521,"McHugh, Collin",5/15/2022,661545,15,100,2022
15,543766,"Shaw, Bryan",5/13/2022,661698,15,100,2022
15,489265,"Romo, Sergio",5/21/2022,663234,15,100,2022
15,593974,"Peralta, Wandy",5/10/2022,661301,15,100,2022
15,572193,"Tepera, Ryan",5/14/2022,662379,15,100,2022
15,669395,"Coleman, Dylan",4/9/2022,662765,15,100,2022
15,573204,"Thielbar, Caleb",5/14/2022,661695,15,100,2022
15,592094,"Adam, Jason",5/25/2022,662052,15,100,2022
15,672335,"Pérez, Cionel",4/24/2022,661033,15,100,2022
15,593974,"Peralta, Wandy",5/23/2022,661287,15,100,2022
15,489265,"Romo, Sergio",5/23/2022,662135,15,100,2022
15,596057,"Norris, Daniel",5/23/2022,663073,15,100,2022
15,598264,"Barnes, Matt",5/21/2022,663234,15,100,2022
15,605347,"López, Jorge",5/23/2022,661287,15,100,2022
15,593974,"Peralta, Wandy",5/26/2022,662051,15,100,2022
15,605280,"Holmes, Clay",5/15/2022,661489,15,100,2022
15,605447,"Romano, Jordan",5/14/2022,661903,15,100,2022
15,607455,"Banda, Anthony",5/22/2022,662479,15,100,2022
15,608032,"Estévez, Carlos",5/21/2022,663002,15,100,2022
15,657044,"Thompson, Ryan",4/12/2022,661944,15,100,2022
15,608716,"Steckenrider, Drew",4/12/2022,661538,15,100,2022
15,542914,"Bass, Anthony",4/30/2022,661389,15,100,2022
15,608717,"Stratton, Chris",5/14/2022,662384,15,100,2022
15,605280,"Holmes, Clay",5/27/2022,661960,15,100,2022
15,605280,"Holmes, Clay",5/25/2022,661286,15,100,2022
15,605488,"Springs, Jeffrey",4/18/2022,663197,15,100,2022
15,650893,"Cabrera, Génesis",5/20/2022,662506,15,100,2022
15,606160,"Montero, Rafael",5/25/2022,662845,15,100,2022
15,622554,"Domínguez, Seranthony",5/12/2022,662706,15,100,2022
15,623485,"Goudeau, Ashton",5/14/2022,663011,15,100,2022
15,625643,"López, Reynaldo",5/15/2022,661489,15,100,2022
15,643377,"Jax, Griffin",5/2/2022,663362,15,100,2022
15,502202,"Boxberger, Brad",5/25/2022,662228,15,100,2022
15,608349,"Knebel, Corey",5/26/2022,661574,15,100,2022
15,666818,"Frías, Luis",5/23/2022,663340,15,100,2022
15,667376,"Sánchez, Miguel",5/23/2022,662257,15,100,2022
15,667463,"King, John",5/22/2022,662857,15,100,2022
15,669467,"Pallante, Andre",5/21/2022,662478,15,100,2022
15,670036,"Festa, Matt",5/22/2022,663277,15,100,2022
15,623465,"Phillips, Evan",4/12/2022,661753,15,100,2022
15,573204,"Thielbar, Caleb",4/20/2022,662703,15,100,2022
15,680704,"Sandlin, Nick",5/23/2022,662858,15,100,2022
15,642528,"Loáisiga, Jonathan",5/12/2022,661519,15,100,2022
15,681911,"Vesia, Alex",5/22/2022,661611,15,100,2022
15,650893,"Cabrera, Génesis",5/14/2022,661985,15,100,2022
15,669618,"Barlow, Joe",5/4/2022,661634,15,100,2022
15,571479,"Bellatti, Andrew",5/3/2022,661635,15,100,2022
15,542947,"Bleier, Richard",5/2/2022,661362,15,100,2022
15,656420,"Feyereisen, J.P.",5/14/2022,661903,15,100,2022
15,667463,"King, John",4/12/2022,661995,15,100,2022
15,656529,"Hentges, Sam",5/13/2022,661698,15,100,2022
15,605154,"Brebbia, John",5/3/2022,662708,15,100,2022
15,656557,"Houck, Tanner",4/24/2022,661931,15,100,2022
15,456713,"Bush, Matt",5/3/2022,661635,15,100,2022
15,621381,"Strahm, Matt",5/27/2022,663276,15,100,2022
15,605151,"Bradley, Archie",4/7/2022,661042,15,100,2022
15,670810,"Gillaspie, Logan",5/30/2022,663298,15,100,2022
15,660813,"Graterol, Brusdar",5/13/2022,662705,15,100,2022
15,622098,"Smith, Drew",5/27/2022,662543,15,100,2022
15,543272,"Hand, Brad",4/11/2022,661637,15,100,2022
15,518617,"Diekman, Jake",5/3/2022,663237,15,100,2022
15,661395,"Duran, Jhoan",5/5/2022,661341,15,100,2022
15,621242,"Díaz, Edwin",5/3/2022,662569,15,100,2022
15,502179,"Espino, Paolo",5/6/2022,663431,15,100,2022
15,676831,"Whitley, Kodi",4/17/2022,661226,15,100,2022
15,621237,"Alvarado, José",4/9/2022,661130,15,100,2022
15,554340,"García, Yimi",5/4/2022,661795,15,100,2022
15,667427,"Jackson, Zach",5/14/2022,662379,15,100,2022
15,640448,"Finnegan, Kyle",5/24/2022,662536,15,100,2022
15,642121,"Sulser, Cole",4/14/2022,661418,15,100,2022
15,544727,"Familia, Jeurys",4/8/2022,661131,15,100,2022
15,669459,"Nelson, Kyle",5/15/2022,663367,15,100,2022
15,669622,"Bender, Anthony",5/13/2022,661361,15,100,2022
15,669912,"Snead, Kirby",5/14/2022,662379,15,100,2022
15,592473,"Kolarek, Adam",5/2/2022,662387,15,100,2022
15,670280,"Bednar, David",5/14/2022,662384,15,100,2022
15,669674,"Long, Sam",5/5/2022,662105,15,100,2022
15,607359,"Patton, Spencer",4/21/2022,662177,15,100,2022
15,641501,"Danish, Tyler",4/23/2022,661941,15,100,2022
15,676092,"Snider, Collin",5/12/2022,661883,15,100,2022
15,664208,"Maton, Phil",5/6/2022,662815,15,100,2022
15,681911,"Vesia, Alex",5/13/2022,662705,15,100,2022
15,621345,"Minter, A.J.",5/4/2022,662577,15,100,2022
15,606625,"Moronta, Reyes",5/4/2022,662707,15,100,2022
15,669467,"Pallante, Andre",5/5/2022,662105,15,100,2022
15,665625,"Peguero, Elvis",5/3/2022,663237,15,100,2022
15,455119,"Martin, Chris",4/21/2022,663145,15,100,2022
15,573009,"Mantiply, Joe",4/21/2022,662558,15,100,2022
15,475479,"Phelps, David",5/2/2022,661823,15,100,2022
15,475479,"Phelps, David",5/28/2022,663400,15,100,2022
15,598287,"Ramirez, Noé",5/4/2022,661363,15,100,2022
15,541640,"Ramírez, Erasmo",5/3/2022,662994,15,100,2022
15,573124,"Rogers, Taylor",5/5/2022,662262,15,100,2022
15,543272,"Hand, Brad",4/28/2022,661641,15,100,2022
15,518886,"Kimbrel, Craig",5/29/2022,663328,15,100,2022
15,676092,"Snider, Collin",5/2/2022,662009,15,100,2022
15,670280,"Bednar, David",4/17/2022,662294,15,100,2022
15,642397,"Soto, Gregory",5/4/2022,662838,15,100,2022
15,521230,"Hendriks, Liam",5/29/2022,661461,15,100,2022
15,623451,"Stephens, Jackson",5/6/2022,661541,15,100,2022
15,596112,"Stephenson, Robert",5/5/2022,663013,15,100,2022
15,642207,"Williams, Devin",5/18/2022,661202,15,100,2022
15,608717,"Stratton, Chris",5/4/2022,662839,15,100,2022
15,656458,"Gilbreath, Lucas",5/24/2022,662454,15,100,2022
15,608723,"Voth, Austin",5/5/2022,663013,15,100,2022
15,592858,"Wick, Rowan",5/4/2022,663164,15,100,2022
15,641627,"Gott, Trevor",5/18/2022,661202,15,100,2022
15,621295,"Wittgren, Nick",5/2/2022,662009,15,100,2022
15,503285,"O'Day, Darren",4/9/2022,661575,15,100,2022
15,650556,"Abreu, Bryan",5/7/2022,662796,15,100,2022
15,669211,"Akin, Keegan",5/8/2022,661345,15,100,2022
15,571948,"Milner, Hoby",5/31/2022,663154,15,100,2022
15,607455,"Banda, Anthony",5/9/2022,662287,15,100,2022
15,453268,"Bard, Daniel",5/7/2022,663359,15,100,2022
15,572403,"VerHagen, Drew",5/31/2022,661977,15,100,2022
15,623149,"Sewald, Paul",5/18/2022,661767,15,100,2022
15,664123,"Effross, Scott",4/23/2022,663144,15,100,2022
15,573009,"Mantiply, Joe",5/31/2022,663329,15,100,2022
15,642585,"Bautista, Félix",5/9/2022,661349,15,100,2022
15,641360,"Bickford, Phil",5/10/2022,662292,15,100,2022
15,592741,"Shreve, Chasen",5/30/2022,662545,15,100,2022
15,612434,"Castro, Miguel",5/19/2022,661347,15,100,2022
15,596112,"Stephenson, Robert",5/28/2022,662514,15,100,2022
15,518553,"Cishek, Steve",5/7/2022,663430,15,100,2022
15,663432,"Rainey, Tanner",5/26/2022,662515,15,100,2022
15,458677,"Wilson, Justin",4/7/2022,661577,15,100,2022
15,607237,"Garrett, Amir",4/9/2022,662765,15,100,2022
15,621242,"Díaz, Edwin",5/10/2022,662537,15,100,2022
15,660853,"De Los Santos, Enyel",4/20/2022,663094,15,100,2022
15,502179,"Espino, Paolo",5/11/2022,662526,15,100,2022
15,544727,"Familia, Jeurys",5/10/2022,662157,15,100,2022
15,642203,"Widener, Taylor",5/1/2022,661988,15,100,2022
15,663574,"Santillan, Tony",4/7/2022,661577,15,100,2022
15,607179,"Weems, Jordan",5/31/2022,662544,15,100,2022
15,518748,"Grimm, Justin",5/11/2022,662873,15,100,2022
15,606149,"Gallegos, Giovanny",4/20/2022,661404,15,100,2022
15,593576,"Neris, Héctor",5/19/2022,662778,15,100,2022
15,543272,"Hand, Brad",5/8/2022,661627,15,100,2022
15,608349,"Knebel, Corey",5/29/2022,662555,15,100,2022
15,592390,"Hembree, Heath",5/8/2022,663069,15,100,2022
15,608678,"Leone, Dominic",5/30/2022,661613,15,100,2022
15,608717,"Stratton, Chris",5/31/2022,662735,15,100,2022
15,667427,"Jackson, Zach",5/25/2022,662133,15,100,2022
15,628452,"Iglesias, Raisel",5/11/2022,663450,15,100,2022
15,489265,"Romo, Sergio",4/9/2022,661756,15,100,2022
15,608716,"Steckenrider, Drew",4/24/2022,662188,15,100,2022
15,667427,"Jackson, Zach",5/9/2022,662837,15,100,2022
15,592454,"Kahnle, Tommy",5/11/2022,662385,15,100,2022
15,600921,"Machado, Andrés",4/27/2022,662546,15,100,2022
15,453178,"Kennedy, Ian",5/9/2022,663366,15,100,2022
15,669270,"Kuhnel, Joel",5/9/2022,663101,15,100,2022
15,608678,"Leone, Dominic",5/8/2022,662098,15,100,2022
15,455119,"Martin, Chris",5/11/2022,662273,15,100,2022
15,670950,"Richards, Trevor",5/27/2022,663444,15,100,2022
15,543521,"McHugh, Collin",5/11/2022,661548,15,100,2022
15,571901,"Loup, Aaron",4/26/2022,661032,15,100,2022
15,664854,"Helsley, Ryan",4/22/2022,663169,15,100,2022
15,676092,"Snider, Collin",5/27/2022,661777,15,100,2022
15,642048,"Saucedo, Tayler",4/8/2022,661782,15,100,2022
15,623485,"Goudeau, Ashton",4/14/2022,662950,15,100,2022
15,502202,"Boxberger, Brad",4/22/2022,661621,15,100,2022
15,643256,"Cimber, Adam",4/8/2022,661782,15,100,2022
15,642758,"Acevedo, Domingo",5/29/2022,662374,15,100,2022
15,643511,"Rogers, Tyler",5/29/2022,663072,15,100,2022
15,663432,"Rainey, Tanner",5/7/2022,663430,15,100,2022
15,453268,"Bard, Daniel",4/27/2022,661638,15,100,2022
15,548384,"Raley, Brooks",5/7/2022,662159,15,100,2022
15,621389,"Blach, Ty",4/19/2022,662925,15,100,2022
15,661395,"Duran, Jhoan",4/21/2022,662742,15,100,2022
15,656420,"Feyereisen, J.P.",5/28/2022,661933,15,100,2022
15,643338,"Green, Chad",4/28/2022,661305,15,100,2022
15,656638,"Lange, Alex",5/29/2022,662840,15,100,2022
15,656685,"Martin, Brett",5/29/2022,662374,15,100,2022
15,642100,"Speier, Gabe",5/8/2022,661345,15,100,2022
15,657240,"Merryweather, Julian",5/31/2022,661797,15,100,2022
15,657612,"Hill, Tim",5/30/2022,661989,15,100,2022
15,663423,"Thornton, Trent",4/29/2022,661826,15,100,2022
14,664747,"Díaz, Alexis",5/28/2022,663118,14,100,2022
14,547973,"Chapman, Aroldis",4/12/2022,661314,14,100,2022
14,643316,"Fry, Paul",5/11/2022,662006,14,100,2022
14,621051,"Wilson, Steven",4/27/2022,663148,14,100,2022
14,605242,"Fulmer, Michael",5/11/2022,662873,14,100,2022
14,543339,"Hudson, Daniel",4/23/2022,662276,14,100,2022
14,543339,"Hudson, Daniel",5/18/2022,662744,14,100,2022
14,666204,"Jiménez, Dany",5/24/2022,662134,14,100,2022
14,621051,"Wilson, Steven",4/23/2022,662276,14,100,2022
14,472610,"García, Luis",4/26/2022,663079,14,100,2022
14,518617,"Diekman, Jake",4/24/2022,661931,14,100,2022
14,670950,"Richards, Trevor",5/31/2022,661797,14,100,2022
14,543238,"Gose, Anthony",4/26/2022,661032,14,100,2022
14,650893,"Cabrera, Génesis",4/22/2022,663169,14,100,2022
14,572193,"Tepera, Ryan",5/11/2022,663450,14,100,2022
14,554340,"García, Yimi",4/24/2022,662921,14,100,2022
14,570257,"Rodríguez, Joely",4/23/2022,663384,14,100,2022
14,570663,"Robles, Hansel",4/26/2022,661758,14,100,2022
14,592473,"Kolarek, Adam",4/26/2022,662086,14,100,2022
14,621348,"Clay, Sam",4/21/2022,662558,14,100,2022
14,598264,"Barnes, Matt",4/26/2022,661758,14,100,2022
14,503449,"Peralta, Wily",5/18/2022,662054,14,100,2022
14,605154,"Brebbia, John",4/23/2022,662549,14,100,2022
14,605525,"Wendelken, J.B.",4/24/2022,663361,14,100,2022
14,605525,"Wendelken, J.B.",4/26/2022,663383,14,100,2022
14,608349,"Knebel, Corey",4/27/2022,661638,14,100,2022
14,541640,"Ramírez, Erasmo",5/17/2022,661401,14,100,2022
14,656354,"Davis, Austin",4/28/2022,661827,14,100,2022
14,623465,"Phillips, Evan",4/26/2022,663383,14,100,2022
14,608349,"Knebel, Corey",4/24/2022,661640,14,100,2022
14,669622,"Bender, Anthony",5/17/2022,661401,14,100,2022
14,642203,"Widener, Taylor",4/24/2022,663361,14,100,2022
14,605130,"Barlow, Scott",5/18/2022,662726,14,100,2022
14,656638,"Lange, Alex",4/23/2022,662849,14,100,2022
14,656786,"Mushinski, Parker",4/24/2022,662921,14,100,2022
14,657612,"Hill, Tim",4/27/2022,663148,14,100,2022
14,656945,"Scott, Tanner",4/29/2022,661390,14,100,2022
14,519151,"Pressly, Ryan",5/19/2022,662778,14,100,2022
14,607625,"Lugo, Seth",4/7/2022,662571,14,100,2022
14,621295,"Wittgren, Nick",5/18/2022,662554,14,100,2022
14,670167,"Schreiber, John",4/27/2022,661757,14,100,2022
14,676050,"Naughton, Packy",4/26/2022,662007,14,100,2022
14,676684,"Vest, Will",4/23/2022,662849,14,100,2022
14,681911,"Vesia, Alex",4/26/2022,663383,14,100,2022
14,607216,"Krehbiel, Joey",4/30/2022,663364,14,100,2022
14,607455,"Banda, Anthony",4/14/2022,662307,14,100,2022
14,570666,"Cessa, Luis",4/17/2022,662618,14,100,2022
14,656638,"Lange, Alex",5/18/2022,662054,14,100,2022
14,448281,"Doolittle, Sean",4/15/2022,662291,14,100,2022
14,641793,"Littell, Zack",4/19/2022,662616,14,100,2022
14,608032,"Estévez, Carlos",4/18/2022,662929,14,100,2022
14,662253,"Muñoz, Andrés",5/18/2022,661767,14,100,2022
14,606424,"García, Jarlín",4/16/2022,663076,14,100,2022
14,660813,"Graterol, Brusdar",4/18/2022,662617,14,100,2022
14,608665,"Graveman, Kendall",4/15/2022,661528,14,100,2022
14,571656,"Farmer, Buck",4/28/2022,663078,14,100,2022
14,669459,"Nelson, Kyle",5/17/2022,662628,14,100,2022
14,667427,"Jackson, Zach",4/15/2022,661792,14,100,2022
14,518886,"Kimbrel, Craig",4/30/2022,662698,14,100,2022
14,641755,"Kinley, Tyler",4/18/2022,662929,14,100,2022
14,641835,"Mayza, Tim",4/22/2022,662922,14,100,2022
14,600921,"Machado, Andrés",4/17/2022,662294,14,100,2022
14,677865,"Bruihl, Justin",5/17/2022,662628,14,100,2022
14,664294,"Moreta, Dauri",4/15/2022,662620,14,100,2022
14,664294,"Moreta, Dauri",4/16/2022,662619,14,100,2022
14,571901,"Loup, Aaron",4/28/2022,663432,14,100,2022
14,662253,"Muñoz, Andrés",4/14/2022,661529,14,100,2022
14,663465,"Allard, Kolby",4/12/2022,661995,14,100,2022
14,453268,"Bard, Daniel",4/12/2022,661995,14,100,2022
14,656945,"Scott, Tanner",4/16/2022,661416,14,100,2022
14,661383,"Ortega, Oliver",4/22/2022,661037,14,100,2022
14,676766,"Snyder, Nick",4/17/2022,662038,14,100,2022
14,656986,"Sousa, Bennett",4/16/2022,661527,14,100,2022
14,641394,"Brentz, Jake",4/11/2022,662754,14,100,2022
14,605488,"Springs, Jeffrey",4/16/2022,661527,14,100,2022
14,621381,"Strahm, Matt",4/16/2022,663238,14,100,2022
14,502085,"Robertson, David",4/7/2022,663178,14,100,2022
14,642130,"Taylor, Blake",4/17/2022,662174,14,100,2022
14,612434,"Castro, Miguel",4/12/2022,661314,14,100,2022
14,456034,"Price, David",4/19/2022,662717,14,100,2022
14,543056,"Coulombe, Danny",4/12/2022,661753,14,100,2022
14,606930,"Barnes, Jacob",4/12/2022,662862,14,100,2022
14,608648,"Duffey, Tyler",4/11/2022,661754,14,100,2022
14,570257,"Rodríguez, Joely",4/19/2022,662350,14,100,2022
14,664054,"Stashak, Cody",4/30/2022,661906,14,100,2022
14,594311,"Gustave, Jandel",4/11/2022,663403,14,100,2022
14,656945,"Scott, Tanner",4/19/2022,661405,14,100,2022
14,592741,"Shreve, Chasen",4/22/2022,663394,14,100,2022
14,628452,"Iglesias, Raisel",4/12/2022,661038,14,100,2022
14,628452,"Iglesias, Raisel",4/11/2022,661036,14,100,2022
14,642397,"Soto, Gregory",4/21/2022,662850,14,100,2022
14,656986,"Sousa, Bennett",4/20/2022,663075,14,100,2022
14,453178,"Kennedy, Ian",5/24/2022,663339,14,100,2022
14,456713,"Bush, Matt",5/26/2022,662376,14,100,2022
14,621345,"Minter, A.J.",4/13/2022,661570,14,100,2022
14,594580,"Moll, Sam",4/10/2022,661129,14,100,2022
14,661383,"Ortega, Oliver",4/10/2022,661039,14,100,2022
14,681911,"Vesia, Alex",4/19/2022,662717,14,100,2022
14,598287,"Ramirez, Noé",4/13/2022,663341,14,100,2022
14,666808,"Doval, Camilo",5/1/2022,662106,14,100,2022
14,621295,"Wittgren, Nick",4/22/2022,663169,14,100,2022
14,680704,"Sandlin, Nick",4/11/2022,662754,14,100,2022
14,667463,"King, John",5/1/2022,661935,14,100,2022
14,642397,"Soto, Gregory",4/13/2022,662885,14,100,2022
14,605488,"Springs, Jeffrey",4/12/2022,661944,14,100,2022
14,622253,"Tate, Dillon",4/11/2022,663403,14,100,2022
14,572193,"Tepera, Ryan",4/11/2022,661036,14,100,2022
14,657044,"Thompson, Ryan",4/11/2022,661915,14,100,2022
14,621051,"Wilson, Steven",4/11/2022,662116,14,100,2022
14,554340,"García, Yimi",5/27/2022,663444,14,100,2022
14,455119,"Martin, Chris",5/21/2022,663194,14,100,2022
14,571670,"Floro, Dylan",5/25/2022,662052,14,100,2022
14,503285,"O'Day, Darren",5/21/2022,661399,14,100,2022
14,571710,"Givens, Mychal",5/25/2022,663082,14,100,2022
14,571670,"Floro, Dylan",5/15/2022,661403,14,100,2022
14,642152,"Trivino, Lou",4/10/2022,661129,14,100,2022
14,572193,"Tepera, Ryan",5/27/2022,663444,14,100,2022
14,543272,"Hand, Brad",5/21/2022,661631,14,100,2022
14,573009,"Mantiply, Joe",5/15/2022,663367,14,100,2022
14,592390,"Hembree, Heath",5/12/2022,662372,14,100,2022
14,542914,"Bass, Anthony",5/27/2022,661539,14,100,2022
14,592741,"Shreve, Chasen",5/14/2022,662568,14,100,2022
14,592773,"Stanek, Ryne",5/15/2022,662528,14,100,2022
14,592773,"Stanek, Ryne",5/14/2022,662547,14,100,2022
14,595881,"Beede, Tyler",5/20/2022,662506,14,100,2022
14,592858,"Wick, Rowan",5/25/2022,663082,14,100,2022
14,605280,"Holmes, Clay",5/21/2022,661289,14,100,2022
14,605525,"Wendelken, J.B.",5/23/2022,663340,14,100,2022
14,605525,"Wendelken, J.B.",5/22/2022,663150,14,100,2022
14,614179,"Ruiz, José",5/1/2022,661531,14,100,2022
14,468504,"Chacín, Jhoulys",5/24/2022,662454,14,100,2022
14,621348,"Clay, Sam",4/29/2022,662081,14,100,2022
14,608648,"Duffey, Tyler",5/22/2022,662712,14,100,2022
14,612434,"Castro, Miguel",5/21/2022,661289,14,100,2022
14,621345,"Minter, A.J.",5/21/2022,661399,14,100,2022
14,542888,"Armstrong, Shawn",4/29/2022,661390,14,100,2022
14,605151,"Bradley, Archie",5/25/2022,663446,14,100,2022
14,621381,"Strahm, Matt",5/20/2022,663268,14,100,2022
14,640448,"Finnegan, Kyle",5/22/2022,661248,14,100,2022
14,656638,"Lange, Alex",4/11/2022,662863,14,100,2022
14,641582,"Foster, Matt",5/21/2022,661289,14,100,2022
14,681911,"Vesia, Alex",5/1/2022,662716,14,100,2022
14,621366,"Borucki, Ryan",5/15/2022,661902,14,100,2022
14,605538,"Wisler, Matt",5/25/2022,662052,14,100,2022
14,623352,"Hader, Josh",4/10/2022,663204,14,100,2022
14,642701,"Santana, Dennis",5/21/2022,662763,14,100,2022
14,622251,"Staumont, Josh",5/12/2022,661883,14,100,2022
14,622253,"Tate, Dillon",5/12/2022,662005,14,100,2022
14,656458,"Gilbreath, Lucas",5/22/2022,662982,14,100,2022
14,548384,"Raley, Brooks",4/19/2022,663196,14,100,2022
14,456034,"Price, David",4/22/2022,662230,14,100,2022
14,622554,"Domínguez, Seranthony",4/30/2022,662591,14,100,2022
14,607481,"Bummer, Aaron",5/24/2022,661488,14,100,2022
14,664208,"Maton, Phil",5/21/2022,662763,14,100,2022
14,664208,"Maton, Phil",5/23/2022,662858,14,100,2022
14,669270,"Kuhnel, Joel",5/23/2022,663073,14,100,2022
14,670036,"Festa, Matt",5/23/2022,662135,14,100,2022
14,606160,"Montero, Rafael",4/8/2022,661041,14,100,2022
14,670950,"Richards, Trevor",5/22/2022,661763,14,100,2022
14,605154,"Brebbia, John",5/6/2022,662103,14,100,2022
14,607481,"Bummer, Aaron",5/4/2022,663164,14,100,2022
14,594311,"Gustave, Jandel",5/1/2022,661216,14,100,2022
14,664208,"Maton, Phil",4/7/2022,661042,14,100,2022
14,503285,"O'Day, Darren",4/22/2022,661569,14,100,2022
14,621242,"Díaz, Edwin",5/5/2022,661619,14,100,2022
14,641627,"Gott, Trevor",5/5/2022,661204,14,100,2022
14,641627,"Gott, Trevor",5/4/2022,661197,14,100,2022
14,666204,"Jiménez, Dany",5/12/2022,662872,14,100,2022
14,656786,"Mushinski, Parker",4/17/2022,662174,14,100,2022
14,643338,"Green, Chad",5/2/2022,661823,14,100,2022
14,628452,"Iglesias, Raisel",5/27/2022,663444,14,100,2022
14,667463,"King, John",5/15/2022,661146,14,100,2022
14,605280,"Holmes, Clay",5/2/2022,661823,14,100,2022
14,669622,"Bender, Anthony",5/14/2022,661414,14,100,2022
14,641582,"Foster, Matt",5/26/2022,661486,14,100,2022
14,519008,"McFarland, T.J.",5/4/2022,662739,14,100,2022
14,657240,"Merryweather, Julian",5/3/2022,661796,14,100,2022
14,664208,"Maton, Phil",4/20/2022,662926,14,100,2022
14,518813,"Holland, Greg",4/15/2022,662014,14,100,2022
14,682171,"Murfee, Penn",5/14/2022,662568,14,100,2022
14,594580,"Moll, Sam",5/2/2022,662387,14,100,2022
14,606160,"Montero, Rafael",5/6/2022,662815,14,100,2022
14,676050,"Naughton, Packy",5/4/2022,662739,14,100,2022
14,598264,"Barnes, Matt",4/13/2022,662885,14,100,2022
14,595345,"Okert, Steven",5/3/2022,661364,14,100,2022
14,493603,"Ottavino, Adam",5/3/2022,662569,14,100,2022
14,493603,"Ottavino, Adam",5/4/2022,662577,14,100,2022
14,518489,"Brasier, Ryan",4/8/2022,661333,14,100,2022
14,643511,"Rogers, Tyler",5/5/2022,662105,14,100,2022
14,617228,"Sawamura, Hirokazu",5/3/2022,663237,14,100,2022
14,592741,"Shreve, Chasen",5/5/2022,661619,14,100,2022
14,605280,"Holmes, Clay",4/8/2022,661333,14,100,2022
14,518886,"Kimbrel, Craig",4/18/2022,662617,14,100,2022
14,475479,"Phelps, David",4/29/2022,661826,14,100,2022
14,608723,"Voth, Austin",5/6/2022,663431,14,100,2022
14,622098,"Smith, Drew",5/19/2022,662520,14,100,2022
14,570666,"Cessa, Luis",5/28/2022,663118,14,100,2022
14,641627,"Gott, Trevor",5/17/2022,661196,14,100,2022
14,664948,"Misiewicz, Anthony",4/23/2022,662191,14,100,2022
14,571863,"Koch, Matt",4/15/2022,662192,14,100,2022
14,642758,"Acevedo, Domingo",5/10/2022,662855,14,100,2022
14,641871,"Middleton, Keynan",5/1/2022,661988,14,100,2022
14,572125,"Selman, Sam",5/29/2022,662374,14,100,2022
14,641360,"Bickford, Phil",5/7/2022,663162,14,100,2022
14,621389,"Blach, Ty",5/8/2022,663368,14,100,2022
14,502202,"Boxberger, Brad",5/9/2022,663101,14,100,2022
14,663460,"Bubic, Kris",5/11/2022,661899,14,100,2022
14,621114,"Burr, Ryan",5/8/2022,663278,14,100,2022
14,661395,"Duran, Jhoan",5/24/2022,661699,14,100,2022
14,598287,"Ramirez, Noé",5/28/2022,663330,14,100,2022
14,517008,"Colomé, Alex",5/11/2022,662095,14,100,2022
14,641501,"Danish, Tyler",5/8/2022,663278,14,100,2022
14,650893,"Cabrera, Génesis",4/25/2022,662008,14,100,2022
14,640448,"Finnegan, Kyle",4/19/2022,662583,14,100,2022
14,621242,"Díaz, Edwin",4/26/2022,662007,14,100,2022
14,622554,"Domínguez, Seranthony",4/25/2022,661639,14,100,2022
14,608032,"Estévez, Carlos",5/28/2022,662514,14,100,2022
14,621242,"Díaz, Edwin",5/29/2022,662555,14,100,2022
14,641729,"Jiménez, Joe",5/8/2022,662795,14,100,2022
14,678061,"Kerr, Ray",5/7/2022,662261,14,100,2022
14,650633,"King, Michael",5/11/2022,661300,14,100,2022
14,608349,"Knebel, Corey",5/8/2022,661626,14,100,2022
14,608349,"Knebel, Corey",5/11/2022,662176,14,100,2022
14,607216,"Krehbiel, Joey",5/10/2022,661987,14,100,2022
14,669270,"Kuhnel, Joel",5/11/2022,663074,14,100,2022
14,669618,"Barlow, Joe",5/26/2022,662376,14,100,2022
14,622503,"Crismatt, Nabil",5/29/2022,662279,14,100,2022
14,445276,"Jansen, Kenley",5/17/2022,661196,14,100,2022
14,641793,"Littell, Zack",5/8/2022,662098,14,100,2022
14,623451,"Stephens, Jackson",5/29/2022,661517,14,100,2022
14,656685,"Martin, Brett",5/9/2022,661303,14,100,2022
14,640444,"Crowe, Wil",5/29/2022,662279,14,100,2022
14,672335,"Pérez, Cionel",5/28/2022,663309,14,100,2022
14,670280,"Bednar, David",5/24/2022,662454,14,100,2022
14,641401,"Brogdon, Connor",5/28/2022,662556,14,100,2022
14,641627,"Gott, Trevor",5/31/2022,663154,14,100,2022
14,594580,"Moll, Sam",5/11/2022,662873,14,100,2022
14,642100,"Speier, Gabe",5/28/2022,661774,14,100,2022
14,669459,"Nelson, Kyle",5/9/2022,663366,14,100,2022
14,642121,"Sulser, Cole",5/30/2022,662992,14,100,2022
14,621242,"Díaz, Edwin",4/22/2022,663394,14,100,2022
14,445276,"Jansen, Kenley",4/26/2022,661589,14,100,2022
14,669467,"Pallante, Andre",5/10/2022,661987,14,100,2022
14,665625,"Peguero, Elvis",5/7/2022,663430,14,100,2022
14,503285,"O'Day, Darren",4/15/2022,662236,14,100,2022
14,650671,"Quijada, José",5/29/2022,663414,14,100,2022
14,664747,"Díaz, Alexis",4/27/2022,663148,14,100,2022
14,656557,"Houck, Tanner",5/29/2022,663299,14,100,2022
14,605130,"Barlow, Scott",4/20/2022,662703,14,100,2022
14,608716,"Steckenrider, Drew",5/11/2022,662176,14,100,2022
14,606930,"Barnes, Jacob",4/21/2022,662850,14,100,2022
14,622253,"Tate, Dillon",5/10/2022,661987,14,100,2022
13,621381,"Strahm, Matt",5/8/2022,663278,13,100,2022
13,663385,"Smith, Chad",5/29/2022,662512,13,100,2022
13,570666,"Cessa, Luis",5/7/2022,663089,13,100,2022
13,681911,"Vesia, Alex",5/11/2022,662385,13,100,2022
13,607229,"Gsellman, Robert",5/19/2022,663193,13,100,2022
13,458677,"Wilson, Justin",4/14/2022,662627,13,100,2022
13,458677,"Wilson, Justin",4/23/2022,663100,13,100,2022
13,445276,"Jansen, Kenley",4/27/2022,661552,13,100,2022
13,641394,"Brentz, Jake",4/20/2022,662703,13,100,2022
13,672335,"Pérez, Cionel",4/8/2022,661918,13,100,2022
13,501925,"Smith, Joe",4/24/2022,661781,13,100,2022
13,545343,"Head, Louis",4/24/2022,661590,13,100,2022
13,519293,"Smith, Will",4/26/2022,661589,13,100,2022
13,607455,"Banda, Anthony",4/9/2022,662020,13,100,2022
13,542914,"Bass, Anthony",4/27/2022,662546,13,100,2022
13,520980,"Báez, Pedro",4/19/2022,662927,13,100,2022
13,543766,"Shaw, Bryan",4/23/2022,661310,13,100,2022
13,570257,"Rodríguez, Joely",4/24/2022,663361,13,100,2022
13,468504,"Chacín, Jhoulys",4/20/2022,662924,13,100,2022
13,608717,"Stratton, Chris",4/7/2022,662021,13,100,2022
13,643256,"Cimber, Adam",4/22/2022,662922,13,100,2022
13,475479,"Phelps, David",5/17/2022,661765,13,100,2022
13,605521,"Warren, Art",5/1/2022,663007,13,100,2022
13,594577,"Mayers, Mike",4/27/2022,663439,13,100,2022
13,605242,"Fulmer, Michael",4/26/2022,661733,13,100,2022
13,518617,"Diekman, Jake",5/17/2022,663271,13,100,2022
13,605521,"Warren, Art",4/23/2022,663100,13,100,2022
13,607237,"Garrett, Amir",4/24/2022,662188,13,100,2022
13,667465,"Fletcher, Aaron",4/14/2022,662307,13,100,2022
13,607625,"Lugo, Seth",4/24/2022,663361,13,100,2022
13,523260,"Kelly, Joe",5/19/2022,662715,13,100,2022
13,608648,"Duffey, Tyler",4/22/2022,661755,13,100,2022
13,621348,"Clay, Sam",4/23/2022,662549,13,100,2022
13,622251,"Staumont, Josh",4/24/2022,662188,13,100,2022
13,641360,"Bickford, Phil",4/27/2022,663393,13,100,2022
13,641793,"Littell, Zack",4/25/2022,661210,13,100,2022
13,640448,"Finnegan, Kyle",4/19/2022,662587,13,100,2022
13,596112,"Stephenson, Robert",5/18/2022,663003,13,100,2022
13,642701,"Santana, Dennis",4/24/2022,662388,13,100,2022
13,570663,"Robles, Hansel",4/28/2022,661827,13,100,2022
13,606424,"García, Jarlín",4/19/2022,662350,13,100,2022
13,656803,"Norwood, James",4/23/2022,661620,13,100,2022
13,554340,"García, Yimi",4/19/2022,663249,13,100,2022
13,657024,"Swanson, Erik",4/24/2022,662188,13,100,2022
13,570666,"Cessa, Luis",5/1/2022,663007,13,100,2022
13,663765,"Woodford, Jake",4/24/2022,663111,13,100,2022
13,621295,"Wittgren, Nick",5/19/2022,662520,13,100,2022
13,621366,"Borucki, Ryan",5/16/2022,661794,13,100,2022
13,622098,"Smith, Drew",5/17/2022,662507,13,100,2022
13,607216,"Krehbiel, Joey",5/1/2022,663363,13,100,2022
13,570257,"Rodríguez, Joely",4/9/2022,662588,13,100,2022
13,456713,"Bush, Matt",5/1/2022,661935,13,100,2022
13,641582,"Foster, Matt",5/16/2022,662728,13,100,2022
13,622098,"Smith, Drew",4/9/2022,662588,13,100,2022
13,644364,"Arano, Víctor",4/16/2022,662290,13,100,2022
13,663432,"Rainey, Tanner",4/9/2022,662588,13,100,2022
13,643410,"Leiter Jr., Mark",5/17/2022,663157,13,100,2022
13,502202,"Boxberger, Brad",4/17/2022,661226,13,100,2022
13,456713,"Bush, Matt",4/17/2022,662038,13,100,2022
13,656420,"Feyereisen, J.P.",5/18/2022,662054,13,100,2022
13,657612,"Hill, Tim",4/28/2022,663078,13,100,2022
13,517008,"Colomé, Alex",4/15/2022,662960,13,100,2022
13,664123,"Effross, Scott",4/17/2022,662930,13,100,2022
13,663574,"Santillan, Tony",5/19/2022,663043,13,100,2022
13,571800,"Hutchison, Drew",5/1/2022,662716,13,100,2022
13,664054,"Stashak, Cody",5/18/2022,662377,13,100,2022
13,664854,"Helsley, Ryan",5/19/2022,662520,13,100,2022
13,669618,"Barlow, Joe",5/16/2022,661145,13,100,2022
13,669622,"Bender, Anthony",5/18/2022,661400,13,100,2022
13,518886,"Kimbrel, Craig",4/15/2022,662620,13,100,2022
13,656986,"Sousa, Bennett",4/9/2022,662864,13,100,2022
13,608349,"Knebel, Corey",4/14/2022,661418,13,100,2022
13,656638,"Lange, Alex",4/14/2022,662702,13,100,2022
13,641835,"Mayza, Tim",4/20/2022,663247,13,100,2022
13,476595,"Luetge, Lucas",4/17/2022,663365,13,100,2022
13,519008,"McFarland, T.J.",4/29/2022,662037,13,100,2022
13,641835,"Mayza, Tim",4/17/2022,661804,13,100,2022
13,453343,"Melancon, Mark",4/16/2022,662626,13,100,2022
13,594580,"Moll, Sam",4/21/2022,662391,13,100,2022
13,682171,"Murfee, Penn",5/16/2022,661794,13,100,2022
13,606160,"Montero, Rafael",4/20/2022,662926,13,100,2022
13,661527,"Martinez, Seth",4/30/2022,661825,13,100,2022
13,592094,"Adam, Jason",4/11/2022,661915,13,100,2022
13,542888,"Armstrong, Shawn",4/10/2022,662122,13,100,2022
13,456034,"Price, David",4/16/2022,662619,13,100,2022
13,424144,"Pérez, Oliver",4/17/2022,662625,13,100,2022
13,670950,"Richards, Trevor",4/15/2022,661792,13,100,2022
13,663432,"Rainey, Tanner",5/1/2022,662106,13,100,2022
13,542914,"Bass, Anthony",4/12/2022,661038,13,100,2022
13,608716,"Steckenrider, Drew",4/14/2022,661529,13,100,2022
13,503449,"Peralta, Wily",4/21/2022,662850,13,100,2022
13,608718,"Suter, Brent",4/15/2022,661267,13,100,2022
13,608718,"Suter, Brent",4/16/2022,661335,13,100,2022
13,570632,"Ureña, José",4/18/2022,661242,13,100,2022
13,570488,"Valdez, Phillips",4/18/2022,663236,13,100,2022
13,424144,"Pérez, Oliver",4/22/2022,663394,13,100,2022
13,670950,"Richards, Trevor",4/19/2022,663249,13,100,2022
13,571710,"Givens, Mychal",4/10/2022,663204,13,100,2022
13,667427,"Jackson, Zach",4/11/2022,661915,13,100,2022
13,445276,"Jansen, Kenley",4/13/2022,661570,13,100,2022
13,608348,"Kelly, Carson",4/10/2022,663395,13,100,2022
13,656986,"Sousa, Bennett",4/21/2022,663093,13,100,2022
13,664875,"Lawrence, Justin",4/11/2022,662042,13,100,2022
13,608678,"Leone, Dominic",4/10/2022,662122,13,100,2022
13,622251,"Staumont, Josh",4/19/2022,662753,13,100,2022
13,608716,"Steckenrider, Drew",4/19/2022,662161,13,100,2022
13,596112,"Stephenson, Robert",4/20/2022,662924,13,100,2022
13,628708,"Marte, Yunior",4/12/2022,662104,13,100,2022
13,662253,"Muñoz, Andrés",4/11/2022,661754,13,100,2022
13,593576,"Neris, Héctor",4/10/2022,661039,13,100,2022
13,607359,"Patton, Spencer",4/12/2022,661995,13,100,2022
13,676831,"Whitley, Kodi",4/21/2022,661391,13,100,2022
13,605447,"Romano, Jordan",4/13/2022,661313,13,100,2022
13,642701,"Santana, Dennis",4/10/2022,661802,13,100,2022
13,545343,"Head, Louis",5/27/2022,661539,13,100,2022
13,519326,"Strickland, Hunter",5/14/2022,662384,13,100,2022
13,554340,"García, Yimi",5/26/2022,663445,13,100,2022
13,570666,"Cessa, Luis",5/24/2022,663103,13,100,2022
13,456713,"Bush, Matt",5/22/2022,662857,13,100,2022
13,472610,"García, Luis",5/23/2022,662257,13,100,2022
13,545343,"Head, Louis",5/15/2022,661403,13,100,2022
13,571901,"Loup, Aaron",5/13/2022,662381,13,100,2022
13,518886,"Kimbrel, Craig",5/21/2022,661631,13,100,2022
13,572193,"Tepera, Ryan",5/13/2022,662381,13,100,2022
13,621242,"Díaz, Edwin",4/29/2022,662592,13,100,2022
13,523260,"Kelly, Joe",5/22/2022,661288,13,100,2022
13,572403,"VerHagen, Drew",5/15/2022,661984,13,100,2022
13,543766,"Shaw, Bryan",5/22/2022,663120,13,100,2022
13,544727,"Familia, Jeurys",5/20/2022,661632,13,100,2022
13,570663,"Robles, Hansel",5/21/2022,663234,13,100,2022
13,573124,"Rogers, Taylor",5/21/2022,662077,13,100,2022
13,489265,"Romo, Sergio",5/15/2022,662567,13,100,2022
13,592761,"Smith, Caleb",5/23/2022,663340,13,100,2022
13,593576,"Neris, Héctor",5/14/2022,662547,13,100,2022
13,672335,"Pérez, Cionel",4/30/2022,663364,13,100,2022
13,594580,"Moll, Sam",5/13/2022,662381,13,100,2022
13,605130,"Barlow, Scott",5/13/2022,663012,13,100,2022
13,605177,"Chafin, Andrew",5/23/2022,661730,13,100,2022
13,573124,"Rogers, Taylor",5/1/2022,662293,13,100,2022
13,657240,"Merryweather, Julian",4/10/2022,661802,13,100,2022
13,605280,"Holmes, Clay",5/14/2022,661490,13,100,2022
13,607237,"Garrett, Amir",5/23/2022,663340,13,100,2022
13,608716,"Steckenrider, Drew",5/21/2022,663234,13,100,2022
13,592761,"Smith, Caleb",5/1/2022,661988,13,100,2022
13,606930,"Barnes, Jacob",5/15/2022,662843,13,100,2022
13,621242,"Díaz, Edwin",5/22/2022,662982,13,100,2022
13,623149,"Sewald, Paul",5/23/2022,662135,13,100,2022
13,640444,"Crowe, Wil",5/23/2022,662455,13,100,2022
13,641755,"Kinley, Tyler",4/11/2022,662042,13,100,2022
13,640462,"Puk, A.J.",5/20/2022,663449,13,100,2022
13,641729,"Jiménez, Joe",5/23/2022,661730,13,100,2022
13,592390,"Hembree, Heath",4/10/2022,662019,13,100,2022
13,680704,"Sandlin, Nick",4/28/2022,663432,13,100,2022
13,642130,"Taylor, Blake",5/20/2022,662764,13,100,2022
13,643256,"Cimber, Adam",5/22/2022,661763,13,100,2022
13,682016,"Woods, William",5/1/2022,661935,13,100,2022
13,650895,"Castillo, Diego",5/20/2022,663268,13,100,2022
13,606424,"García, Jarlín",5/24/2022,662074,13,100,2022
13,660906,"Pérez, Francisco",4/20/2022,662560,13,100,2022
13,623149,"Sewald, Paul",5/15/2022,662567,13,100,2022
13,661403,"Clase, Emmanuel",5/20/2022,663135,13,100,2022
13,628452,"Iglesias, Raisel",5/13/2022,662381,13,100,2022
13,661440,"Llovera, Mauricio",5/21/2022,662077,13,100,2022
13,663158,"Suarez, Robert",5/20/2022,662078,13,100,2022
13,640448,"Finnegan, Kyle",5/12/2022,662548,13,100,2022
13,623465,"Phillips, Evan",4/30/2022,662698,13,100,2022
13,641360,"Bickford, Phil",5/13/2022,662705,13,100,2022
13,656793,"Nelson, Nick",4/22/2022,661621,13,100,2022
13,664854,"Helsley, Ryan",5/21/2022,662478,13,100,2022
13,542947,"Bleier, Richard",4/28/2022,662538,13,100,2022
13,670167,"Schreiber, John",5/21/2022,663234,13,100,2022
13,670280,"Bednar, David",5/21/2022,662478,13,100,2022
13,592094,"Adam, Jason",4/10/2022,661916,13,100,2022
13,642130,"Taylor, Blake",5/12/2022,661694,13,100,2022
13,677865,"Bruihl, Justin",5/22/2022,661611,13,100,2022
13,682171,"Murfee, Penn",5/20/2022,663268,13,100,2022
13,644364,"Arano, Víctor",5/13/2022,662525,13,100,2022
13,656458,"Gilbreath, Lucas",5/14/2022,663011,13,100,2022
13,669622,"Bender, Anthony",5/5/2022,662262,13,100,2022
13,459429,"McGee, Jake",4/19/2022,662350,13,100,2022
13,607481,"Bummer, Aaron",5/6/2022,663224,13,100,2022
13,612434,"Castro, Miguel",5/3/2022,661796,13,100,2022
13,661403,"Clase, Emmanuel",4/29/2022,662405,13,100,2022
13,661403,"Clase, Emmanuel",5/5/2022,663066,13,100,2022
13,656354,"Davis, Austin",5/6/2022,663224,13,100,2022
13,622251,"Staumont, Josh",5/26/2022,661771,13,100,2022
13,664054,"Stashak, Cody",5/15/2022,661732,13,100,2022
13,667463,"King, John",4/17/2022,662038,13,100,2022
13,622694,"Hernández, Elieser",5/25/2022,662052,13,100,2022
13,641729,"Jiménez, Joe",4/24/2022,662853,13,100,2022
13,605280,"Holmes, Clay",5/4/2022,661795,13,100,2022
13,669459,"Nelson, Kyle",5/13/2022,663349,13,100,2022
13,595881,"Beede, Tyler",5/1/2022,662106,13,100,2022
13,641755,"Kinley, Tyler",5/4/2022,662993,13,100,2022
13,552640,"Kittredge, Andrew",5/3/2022,662386,13,100,2022
13,608349,"Knebel, Corey",5/4/2022,661634,13,100,2022
13,676092,"Snider, Collin",4/9/2022,662765,13,100,2022
13,641582,"Foster, Matt",5/24/2022,661488,13,100,2022
13,656638,"Lange, Alex",5/4/2022,662838,13,100,2022
13,624418,"Castellani, Ryan",4/17/2022,661804,13,100,2022
13,670280,"Bednar, David",5/15/2022,662519,13,100,2022
13,571901,"Loup, Aaron",5/6/2022,663431,13,100,2022
13,643256,"Cimber, Adam",5/17/2022,661765,13,100,2022
13,673904,"Walsh, Jake",5/13/2022,661986,13,100,2022
13,641729,"Jiménez, Joe",5/25/2022,661772,13,100,2022
13,676684,"Vest, Will",5/12/2022,662872,13,100,2022
13,641793,"Littell, Zack",5/25/2022,662093,13,100,2022
13,445926,"Chavez, Jesse",5/30/2022,663327,13,100,2022
13,642701,"Santana, Dennis",5/25/2022,663446,13,100,2022
13,489334,"Stammen, Craig",5/31/2022,661977,13,100,2022
13,641582,"Foster, Matt",4/29/2022,661535,13,100,2022
13,669459,"Nelson, Kyle",4/26/2022,663383,13,100,2022
13,642758,"Acevedo, Domingo",5/24/2022,662134,13,100,2022
13,642758,"Acevedo, Domingo",5/26/2022,662376,13,100,2022
13,502085,"Robertson, David",5/4/2022,663164,13,100,2022
13,676637,"Sanders, Phoenix",5/2/2022,662387,13,100,2022
13,617228,"Sawamura, Hirokazu",5/17/2022,663271,13,100,2022
13,518489,"Brasier, Ryan",5/28/2022,663309,13,100,2022
13,543272,"Hand, Brad",5/29/2022,662555,13,100,2022
13,622098,"Smith, Drew",4/8/2022,662559,13,100,2022
13,642207,"Williams, Devin",5/5/2022,661204,13,100,2022
13,642207,"Williams, Devin",5/3/2022,661200,13,100,2022
13,605538,"Wisler, Matt",5/3/2022,662386,13,100,2022
13,621295,"Wittgren, Nick",5/5/2022,662105,13,100,2022
13,571670,"Floro, Dylan",5/29/2022,661517,13,100,2022
13,571710,"Givens, Mychal",5/31/2022,663154,13,100,2022
13,592094,"Adam, Jason",5/10/2022,663416,13,100,2022
13,657044,"Thompson, Ryan",5/26/2022,662051,13,100,2022
13,517008,"Colomé, Alex",4/29/2022,663009,13,100,2022
13,592094,"Adam, Jason",5/29/2022,661910,13,100,2022
13,519293,"Smith, Will",4/8/2022,661576,13,100,2022
13,593576,"Neris, Héctor",5/31/2022,662367,13,100,2022
13,650893,"Cabrera, Génesis",5/8/2022,662098,13,100,2022
13,642207,"Williams, Devin",4/27/2022,662289,13,100,2022
13,641755,"Kinley, Tyler",4/17/2022,662930,13,100,2022
13,608349,"Knebel, Corey",4/18/2022,662929,13,100,2022
13,643256,"Cimber, Adam",5/10/2022,661301,13,100,2022
13,643256,"Cimber, Adam",5/8/2022,663086,13,100,2022
13,661403,"Clase, Emmanuel",5/9/2022,661525,13,100,2022
13,664747,"Díaz, Alexis",4/8/2022,661576,13,100,2022
13,605154,"Brebbia, John",5/31/2022,661618,13,100,2022
13,663986,"Stephan, Trevor",5/26/2022,662842,13,100,2022
13,605447,"Romano, Jordan",5/31/2022,661797,13,100,2022
13,605525,"Wendelken, J.B.",5/29/2022,663328,13,100,2022
13,656354,"Davis, Austin",5/1/2022,663363,13,100,2022
13,472610,"García, Luis",5/10/2022,662258,13,100,2022
13,606424,"García, Jarlín",5/11/2022,662095,13,100,2022
13,592773,"Stanek, Ryne",4/25/2022,661979,13,100,2022
13,607229,"Gsellman, Robert",5/30/2022,663149,13,100,2022
13,621248,"Garza Jr., Ralph",5/8/2022,662160,13,100,2022
13,666808,"Doval, Camilo",5/24/2022,662074,13,100,2022
13,623149,"Sewald, Paul",4/8/2022,661750,13,100,2022
13,656529,"Hentges, Sam",5/10/2022,661524,13,100,2022
13,660896,"Alcala, Jorge",4/8/2022,661750,13,100,2022
13,571479,"Bellatti, Andrew",4/23/2022,661620,13,100,2022
13,605280,"Holmes, Clay",5/8/2022,661302,13,100,2022
13,678061,"Kerr, Ray",5/9/2022,662259,13,100,2022
13,621345,"Minter, A.J.",5/31/2022,663329,13,100,2022
13,621363,"Poche, Colin",5/28/2022,661933,13,100,2022
13,650893,"Cabrera, Génesis",4/30/2022,662036,13,100,2022
13,623352,"Hader, Josh",5/30/2022,663147,13,100,2022
13,455119,"Martin, Chris",5/7/2022,663142,13,100,2022
13,670810,"Gillaspie, Logan",5/24/2022,661285,13,100,2022
13,640462,"Puk, A.J.",5/30/2022,662373,13,100,2022
13,468504,"Chacín, Jhoulys",4/23/2022,662848,13,100,2022
13,664948,"Misiewicz, Anthony",5/10/2022,662157,13,100,2022
13,664294,"Moreta, Dauri",5/8/2022,663069,13,100,2022
13,647315,"Pop, Zach",5/1/2022,661365,13,100,2022
13,642028,"Rogers, Josh",5/30/2022,662545,13,100,2022
13,676660,"Solomon, Jared",5/24/2022,663103,13,100,2022
13,662253,"Muñoz, Andrés",5/8/2022,662160,13,100,2022
13,593576,"Neris, Héctor",5/11/2022,661702,13,100,2022
13,642758,"Acevedo, Domingo",4/21/2022,662391,13,100,2022
13,598287,"Ramirez, Noé",5/8/2022,663368,13,100,2022
13,614179,"Ruiz, José",5/10/2022,661524,13,100,2022
13,656492,"Griffin, Foster",5/30/2022,663109,13,100,2022
13,623149,"Sewald, Paul",5/8/2022,662160,13,100,2022
13,605130,"Barlow, Scott",4/19/2022,662753,13,100,2022
12,607481,"Bummer, Aaron",4/22/2022,661755,12,100,2022
12,656794,"Newcomb, Sean",5/7/2022,663162,12,100,2022
12,656803,"Norwood, James",5/8/2022,661627,12,100,2022
12,676684,"Vest, Will",4/12/2022,662862,12,100,2022
12,663158,"Suarez, Robert",5/28/2022,662280,12,100,2022
12,501625,"Alvarez, Jose",4/9/2022,662123,12,100,2022
12,641907,"Murphy, Patrick",4/7/2022,662571,12,100,2022
12,663558,"Moran, Jovani",5/31/2022,662836,12,100,2022
12,605447,"Romano, Jordan",4/28/2022,661827,12,100,2022
12,455119,"Martin, Chris",4/27/2022,661552,12,100,2022
12,502202,"Boxberger, Brad",4/20/2022,661203,12,100,2022
12,475479,"Phelps, David",4/26/2022,661758,12,100,2022
12,667463,"King, John",5/31/2022,661884,12,100,2022
12,677865,"Bruihl, Justin",4/19/2022,662717,12,100,2022
12,670950,"Richards, Trevor",5/28/2022,663400,12,100,2022
12,548384,"Raley, Brooks",4/26/2022,661929,12,100,2022
12,670280,"Bednar, David",4/9/2022,662020,12,100,2022
12,571863,"Koch, Matt",4/23/2022,662191,12,100,2022
12,570666,"Cessa, Luis",4/22/2022,663169,12,100,2022
12,571948,"Milner, Hoby",4/26/2022,662297,12,100,2022
12,592094,"Adam, Jason",4/26/2022,661929,12,100,2022
12,593576,"Neris, Héctor",4/27/2022,661964,12,100,2022
12,594580,"Moll, Sam",4/27/2022,662066,12,100,2022
12,605280,"Holmes, Clay",4/23/2022,661310,12,100,2022
12,606303,"Payamps, Joel",4/23/2022,662191,12,100,2022
12,607216,"Krehbiel, Joey",4/27/2022,661306,12,100,2022
12,521230,"Hendriks, Liam",5/16/2022,662728,12,100,2022
12,608678,"Leone, Dominic",4/23/2022,662549,12,100,2022
12,608717,"Stratton, Chris",4/24/2022,663166,12,100,2022
12,554340,"García, Yimi",5/16/2022,661794,12,100,2022
12,664747,"Díaz, Alexis",4/22/2022,663169,12,100,2022
12,621242,"Díaz, Edwin",4/19/2022,662350,12,100,2022
12,571710,"Givens, Mychal",5/18/2022,663156,12,100,2022
12,571948,"Milner, Hoby",5/18/2022,661202,12,100,2022
12,623352,"Hader, Josh",4/24/2022,661640,12,100,2022
12,573124,"Rogers, Taylor",5/17/2022,661625,12,100,2022
12,640448,"Finnegan, Kyle",4/27/2022,662546,12,100,2022
12,641501,"Danish, Tyler",4/27/2022,661757,12,100,2022
12,641627,"Gott, Trevor",4/25/2022,661210,12,100,2022
12,642207,"Williams, Devin",4/24/2022,661640,12,100,2022
12,605154,"Brebbia, John",5/17/2022,663004,12,100,2022
12,644429,"Severino, Anderson",4/26/2022,661536,12,100,2022
12,657240,"Merryweather, Julian",4/25/2022,661760,12,100,2022
12,607625,"Lugo, Seth",5/17/2022,662507,12,100,2022
12,660853,"De Los Santos, Enyel",4/26/2022,661032,12,100,2022
12,663432,"Rainey, Tanner",4/23/2022,662549,12,100,2022
12,621114,"Burr, Ryan",5/16/2022,662728,12,100,2022
12,640451,"Harvey, Hunter",4/20/2022,662560,12,100,2022
12,664747,"Díaz, Alexis",4/26/2022,663079,12,100,2022
12,621381,"Strahm, Matt",5/19/2022,663269,12,100,2022
12,656529,"Hentges, Sam",4/20/2022,663094,12,100,2022
12,669952,"White, Mitch",4/23/2022,662276,12,100,2022
12,676684,"Vest, Will",4/27/2022,661739,12,100,2022
12,676831,"Whitley, Kodi",4/23/2022,663100,12,100,2022
12,642100,"Speier, Gabe",5/16/2022,662728,12,100,2022
12,592094,"Adam, Jason",4/15/2022,661528,12,100,2022
12,571479,"Bellatti, Andrew",4/15/2022,661417,12,100,2022
12,608349,"Knebel, Corey",4/20/2022,662924,12,100,2022
12,518886,"Kimbrel, Craig",5/1/2022,662716,12,100,2022
12,650893,"Cabrera, Génesis",5/19/2022,662520,12,100,2022
12,656271,"Burke, Brock",5/16/2022,661145,12,100,2022
12,518553,"Cishek, Steve",4/17/2022,662294,12,100,2022
12,476595,"Luetge, Lucas",4/21/2022,662850,12,100,2022
12,622251,"Staumont, Josh",4/7/2022,662766,12,100,2022
12,600921,"Machado, Andrés",4/21/2022,662558,12,100,2022
12,518748,"Grimm, Justin",4/16/2022,661759,12,100,2022
12,600921,"Machado, Andrés",4/20/2022,662560,12,100,2022
12,641755,"Kinley, Tyler",4/14/2022,662950,12,100,2022
12,670090,"Mills, Wyatt",5/19/2022,663269,12,100,2022
12,606930,"Barnes, Jacob",4/8/2022,662888,12,100,2022
12,595345,"Okert, Steven",4/14/2022,661418,12,100,2022
12,623465,"Phillips, Evan",4/16/2022,662619,12,100,2022
12,664092,"Poppen, Sean",4/16/2022,662626,12,100,2022
12,573124,"Rogers, Taylor",4/17/2022,662234,12,100,2022
12,605447,"Romano, Jordan",4/15/2022,661792,12,100,2022
12,623149,"Sewald, Paul",4/14/2022,661529,12,100,2022
12,670280,"Bednar, David",4/12/2022,662318,12,100,2022
12,502202,"Boxberger, Brad",4/12/2022,663295,12,100,2022
12,677865,"Bruihl, Justin",4/13/2022,661734,12,100,2022
12,663574,"Santillan, Tony",5/1/2022,663007,12,100,2022
12,608032,"Estévez, Carlos",5/1/2022,663007,12,100,2022
12,670950,"Richards, Trevor",4/20/2022,663247,12,100,2022
12,608032,"Estévez, Carlos",4/11/2022,662042,12,100,2022
12,519293,"Smith, Will",4/29/2022,661911,12,100,2022
12,614179,"Ruiz, José",4/20/2022,663075,12,100,2022
12,623352,"Hader, Josh",4/13/2022,663433,12,100,2022
12,608718,"Suter, Brent",4/28/2022,662295,12,100,2022
12,622251,"Staumont, Josh",4/20/2022,662703,12,100,2022
12,468504,"Chacín, Jhoulys",5/26/2022,662515,12,100,2022
12,664776,"Cousins, Jake",4/29/2022,661209,12,100,2022
12,593576,"Neris, Héctor",4/12/2022,663411,12,100,2022
12,641401,"Brogdon, Connor",4/10/2022,661129,12,100,2022
12,593974,"Peralta, Wandy",4/13/2022,661313,12,100,2022
12,670950,"Richards, Trevor",4/11/2022,661315,12,100,2022
12,573124,"Rogers, Taylor",4/11/2022,662116,12,100,2022
12,605447,"Romano, Jordan",4/11/2022,661315,12,100,2022
12,642701,"Santana, Dennis",4/11/2022,662042,12,100,2022
12,573124,"Rogers, Taylor",4/28/2022,663078,12,100,2022
12,472610,"García, Luis",5/13/2022,661547,12,100,2022
12,489334,"Stammen, Craig",4/10/2022,663395,12,100,2022
12,621381,"Strahm, Matt",4/10/2022,661316,12,100,2022
12,642130,"Taylor, Blake",4/12/2022,663411,12,100,2022
12,519008,"McFarland, T.J.",5/15/2022,661984,12,100,2022
12,523260,"Kelly, Joe",5/14/2022,661490,12,100,2022
12,501625,"Alvarez, Jose",5/23/2022,662075,12,100,2022
12,502085,"Robertson, David",5/23/2022,663073,12,100,2022
12,621237,"Alvarado, José",5/1/2022,662579,12,100,2022
12,571948,"Milner, Hoby",5/14/2022,661414,12,100,2022
12,572070,"Richards, Garrett",5/24/2022,663381,12,100,2022
12,570666,"Cessa, Luis",5/21/2022,661793,12,100,2022
12,571670,"Floro, Dylan",5/20/2022,661339,12,100,2022
12,573009,"Mantiply, Joe",5/21/2022,663194,12,100,2022
12,592390,"Hembree, Heath",5/20/2022,662506,12,100,2022
12,621345,"Minter, A.J.",4/28/2022,661551,12,100,2022
12,592773,"Stanek, Ryne",5/22/2022,662857,12,100,2022
12,594580,"Moll, Sam",5/23/2022,662135,12,100,2022
12,598287,"Ramirez, Noé",5/14/2022,663348,12,100,2022
12,596082,"Reed, Jake",5/21/2022,663001,12,100,2022
12,621295,"Wittgren, Nick",4/28/2022,662047,12,100,2022
12,605218,"Edwards Jr., Carl",5/20/2022,661195,12,100,2022
12,606149,"Gallegos, Giovanny",5/23/2022,661999,12,100,2022
12,594580,"Moll, Sam",5/26/2022,662376,12,100,2022
12,605538,"Wisler, Matt",5/13/2022,661904,12,100,2022
12,605538,"Wisler, Matt",5/15/2022,661902,12,100,2022
12,544727,"Familia, Jeurys",5/21/2022,661631,12,100,2022
12,608716,"Steckenrider, Drew",5/13/2022,662523,12,100,2022
12,628452,"Iglesias, Raisel",5/22/2022,663447,12,100,2022
12,605242,"Fulmer, Michael",5/25/2022,661772,12,100,2022
12,605347,"López, Jorge",5/27/2022,663276,12,100,2022
12,641582,"Foster, Matt",5/22/2022,661290,12,100,2022
12,641627,"Gott, Trevor",5/21/2022,661280,12,100,2022
12,621114,"Burr, Ryan",5/15/2022,661489,12,100,2022
12,605521,"Warren, Art",5/25/2022,663082,12,100,2022
12,571479,"Bellatti, Andrew",5/13/2022,662705,12,100,2022
12,519151,"Pressly, Ryan",5/13/2022,662525,12,100,2022
12,605447,"Romano, Jordan",5/27/2022,663444,12,100,2022
12,621345,"Minter, A.J.",5/15/2022,661545,12,100,2022
12,542947,"Bleier, Richard",5/1/2022,661365,12,100,2022
12,621389,"Blach, Ty",5/13/2022,663012,12,100,2022
12,656638,"Lange, Alex",5/23/2022,661730,12,100,2022
12,621593,"Castro, Anthony",4/15/2022,663136,12,100,2022
12,607216,"Krehbiel, Joey",5/25/2022,661286,12,100,2022
12,606993,"Hager, Jake",5/26/2022,663338,12,100,2022
12,661440,"Llovera, Mauricio",5/23/2022,662075,12,100,2022
12,607625,"Lugo, Seth",5/25/2022,662093,12,100,2022
12,676477,"Whitlock, Garrett",4/19/2022,663249,12,100,2022
12,664199,"Clarke, Taylor",5/22/2022,662712,12,100,2022
12,608648,"Duffey, Tyler",5/24/2022,661699,12,100,2022
12,641729,"Jiménez, Joe",5/14/2022,662844,12,100,2022
12,666204,"Jiménez, Dany",5/20/2022,663449,12,100,2022
12,641729,"Jiménez, Joe",5/12/2022,662872,12,100,2022
12,641835,"Mayza, Tim",5/14/2022,661903,12,100,2022
12,501625,"Alvarez, Jose",4/30/2022,662084,12,100,2022
12,669467,"Pallante, Andre",5/23/2022,661999,12,100,2022
12,642028,"Rogers, Josh",5/14/2022,662547,12,100,2022
12,670950,"Richards, Trevor",5/23/2022,661999,12,100,2022
12,642207,"Williams, Devin",5/13/2022,661361,12,100,2022
12,608032,"Estévez, Carlos",4/12/2022,661995,12,100,2022
12,621051,"Wilson, Steven",5/24/2022,662229,12,100,2022
12,641329,"Baker, Bryan",5/2/2022,663362,12,100,2022
12,641329,"Baker, Bryan",5/5/2022,661341,12,100,2022
12,453268,"Bard, Daniel",5/5/2022,663013,12,100,2022
12,605195,"Crick, Kyle",4/10/2022,662887,12,100,2022
12,628452,"Iglesias, Raisel",4/28/2022,663432,12,100,2022
12,518489,"Brasier, Ryan",5/3/2022,663237,12,100,2022
12,622098,"Smith, Drew",4/15/2022,662485,12,100,2022
12,605154,"Brebbia, John",5/5/2022,662105,12,100,2022
12,640444,"Crowe, Wil",5/4/2022,662838,12,100,2022
12,661395,"Duran, Jhoan",5/14/2022,661695,12,100,2022
12,622253,"Tate, Dillon",5/27/2022,663276,12,100,2022
12,640448,"Finnegan, Kyle",4/30/2022,662084,12,100,2022
12,664123,"Effross, Scott",5/15/2022,663367,12,100,2022
12,453343,"Melancon, Mark",4/21/2022,662558,12,100,2022
12,643316,"Fry, Paul",5/2/2022,663362,12,100,2022
12,606424,"García, Jarlín",5/5/2022,662105,12,100,2022
12,664948,"Misiewicz, Anthony",5/14/2022,662568,12,100,2022
12,641329,"Baker, Bryan",4/30/2022,663364,12,100,2022
12,641729,"Jiménez, Joe",4/15/2022,662701,12,100,2022
12,641729,"Jiménez, Joe",5/6/2022,662815,12,100,2022
12,453178,"Kennedy, Ian",5/4/2022,661363,12,100,2022
12,642528,"Loáisiga, Jonathan",5/2/2022,661823,12,100,2022
12,605347,"López, Jorge",5/4/2022,663462,12,100,2022
12,664123,"Effross, Scott",5/18/2022,663156,12,100,2022
12,573009,"Mantiply, Joe",5/4/2022,661363,12,100,2022
12,547973,"Chapman, Aroldis",4/9/2022,661332,12,100,2022
12,617228,"Sawamura, Hirokazu",4/9/2022,661332,12,100,2022
12,606160,"Montero, Rafael",5/5/2022,662816,12,100,2022
12,453268,"Bard, Daniel",5/28/2022,662513,12,100,2022
12,682171,"Murfee, Penn",5/3/2022,662919,12,100,2022
12,641582,"Foster, Matt",5/1/2022,661531,12,100,2022
12,643338,"Green, Chad",4/9/2022,661332,12,100,2022
12,622251,"Staumont, Josh",4/9/2022,662765,12,100,2022
12,445276,"Jansen, Kenley",4/19/2022,662717,12,100,2022
12,642207,"Williams, Devin",5/24/2022,662229,12,100,2022
12,661383,"Ortega, Oliver",5/6/2022,663431,12,100,2022
12,475479,"Phelps, David",5/29/2022,663414,12,100,2022
12,493603,"Ottavino, Adam",5/29/2022,662555,12,100,2022
12,669854,"Blanco, Ronel",4/25/2022,661979,12,100,2022
12,548384,"Raley, Brooks",5/5/2022,662189,12,100,2022
12,502085,"Robertson, David",5/31/2022,663154,12,100,2022
12,547973,"Chapman, Aroldis",4/8/2022,661333,12,100,2022
12,573124,"Rogers, Taylor",5/4/2022,663067,12,100,2022
12,656945,"Scott, Tanner",5/4/2022,661363,12,100,2022
12,650895,"Castillo, Diego",5/25/2022,662133,12,100,2022
12,642121,"Sulser, Cole",5/2/2022,661362,12,100,2022
12,543507,"May, Trevor",4/30/2022,662591,12,100,2022
12,642770,"Guerra, Javy",4/22/2022,661914,12,100,2022
12,572193,"Tepera, Ryan",5/6/2022,663431,12,100,2022
12,598287,"Ramirez, Noé",4/30/2022,662036,12,100,2022
12,570257,"Rodríguez, Joely",5/31/2022,662544,12,100,2022
12,571479,"Bellatti, Andrew",5/31/2022,661618,12,100,2022
12,656638,"Lange, Alex",4/26/2022,661733,12,100,2022
12,641627,"Gott, Trevor",4/23/2022,661620,12,100,2022
12,521230,"Hendriks, Liam",5/2/2022,661526,12,100,2022
12,571710,"Givens, Mychal",5/28/2022,661518,12,100,2022
12,493603,"Ottavino, Adam",5/2/2022,662578,12,100,2022
12,592094,"Adam, Jason",5/8/2022,662160,12,100,2022
12,656986,"Sousa, Bennett",5/26/2022,661486,12,100,2022
12,571948,"Milner, Hoby",5/29/2022,661990,12,100,2022
12,592858,"Wick, Rowan",5/28/2022,661518,12,100,2022
12,661383,"Ortega, Oliver",5/27/2022,663444,12,100,2022
12,622253,"Tate, Dillon",4/27/2022,661306,12,100,2022
12,621345,"Minter, A.J.",4/8/2022,661576,12,100,2022
12,598264,"Barnes, Matt",5/28/2022,663309,12,100,2022
12,543056,"Coulombe, Danny",5/7/2022,661701,12,100,2022
12,664123,"Effross, Scott",5/26/2022,663081,12,100,2022
12,621363,"Poche, Colin",4/24/2022,661931,12,100,2022
12,605525,"Wendelken, J.B.",5/31/2022,663329,12,100,2022
12,656420,"Feyereisen, J.P.",5/11/2022,663450,12,100,2022
12,606424,"García, Jarlín",5/31/2022,661618,12,100,2022
12,641627,"Gott, Trevor",5/9/2022,663101,12,100,2022
12,607755,"Vasquez, Andrew",4/27/2022,661757,12,100,2022
12,607457,"Barraclough, Kyle",5/28/2022,663400,12,100,2022
12,605151,"Bradley, Archie",4/28/2022,663432,12,100,2022
12,623474,"Herget, Jimmy",5/11/2022,663450,12,100,2022
12,608717,"Stratton, Chris",5/28/2022,662280,12,100,2022
12,573009,"Mantiply, Joe",4/23/2022,663384,12,100,2022
12,614179,"Ruiz, José",5/28/2022,661518,12,100,2022
12,641729,"Jiménez, Joe",5/10/2022,662412,12,100,2022
12,622253,"Tate, Dillon",5/30/2022,663298,12,100,2022
12,623451,"Stephens, Jackson",5/31/2022,663329,12,100,2022
12,641835,"Mayza, Tim",5/10/2022,661301,12,100,2022
12,671345,"Foley, Jason",5/26/2022,662842,12,100,2022
12,571948,"Milner, Hoby",5/11/2022,663074,12,100,2022
12,664948,"Misiewicz, Anthony",5/11/2022,662176,12,100,2022
12,641941,"Pagán, Emilio",5/29/2022,661731,12,100,2022
12,682171,"Murfee, Penn",5/11/2022,662176,12,100,2022
12,612434,"Castro, Miguel",4/19/2022,662896,12,100,2022
12,670280,"Bednar, David",5/28/2022,662280,12,100,2022
12,595345,"Okert, Steven",5/11/2022,663358,12,100,2022
12,650895,"Castillo, Diego",5/29/2022,662130,12,100,2022
12,642028,"Rogers, Josh",5/8/2022,663429,12,100,2022
12,570663,"Robles, Hansel",5/8/2022,663278,12,100,2022
12,641360,"Bickford, Phil",4/22/2022,662230,12,100,2022
12,643511,"Rogers, Tyler",5/7/2022,662102,12,100,2022
12,656354,"Davis, Austin",5/28/2022,663309,12,100,2022
12,621237,"Alvarado, José",4/20/2022,662924,12,100,2022
12,663574,"Santillan, Tony",5/10/2022,663090,12,100,2022
12,617228,"Sawamura, Hirokazu",5/8/2022,663278,12,100,2022
12,670167,"Schreiber, John",5/7/2022,663226,12,100,2022
12,644364,"Arano, Víctor",4/19/2022,662583,12,100,2022
12,501925,"Smith, Joe",5/8/2022,661700,12,100,2022
12,453268,"Bard, Daniel",4/19/2022,662925,12,100,2022
12,657376,"Schmidt, Clarke",5/29/2022,661910,12,100,2022
12,663986,"Stephan, Trevor",5/9/2022,661525,12,100,2022
11,681911,"Vesia, Alex",4/23/2022,662276,11,100,2022
11,554340,"García, Yimi",4/23/2022,662875,11,100,2022
11,519151,"Pressly, Ryan",4/12/2022,663411,11,100,2022
11,453343,"Melancon, Mark",4/27/2022,663393,11,100,2022
11,622253,"Tate, Dillon",4/8/2022,661918,11,100,2022
11,605280,"Holmes, Clay",4/30/2022,662797,11,100,2022
11,641329,"Baker, Bryan",4/8/2022,661918,11,100,2022
11,501625,"Alvarez, Jose",4/25/2022,661210,11,100,2022
11,670036,"Festa, Matt",5/31/2022,661075,11,100,2022
11,541640,"Ramírez, Erasmo",4/26/2022,662540,11,100,2022
11,542947,"Bleier, Richard",4/24/2022,661590,11,100,2022
11,621295,"Wittgren, Nick",4/9/2022,662020,11,100,2022
11,663986,"Stephan, Trevor",5/30/2022,663109,11,100,2022
11,445926,"Chavez, Jesse",5/18/2022,661202,11,100,2022
11,453268,"Bard, Daniel",5/18/2022,663003,11,100,2022
11,592390,"Hembree, Heath",4/26/2022,662297,11,100,2022
11,594577,"Mayers, Mike",4/25/2022,661034,11,100,2022
11,664854,"Helsley, Ryan",4/7/2022,662021,11,100,2022
11,459429,"McGee, Jake",4/9/2022,662123,11,100,2022
11,606303,"Payamps, Joel",4/24/2022,662188,11,100,2022
11,607237,"Garrett, Amir",4/23/2022,662191,11,100,2022
11,656529,"Hentges, Sam",4/29/2022,662405,11,100,2022
11,542947,"Bleier, Richard",4/9/2022,662123,11,100,2022
11,608371,"Sims, Lucas",4/24/2022,663111,11,100,2022
11,542914,"Bass, Anthony",5/17/2022,661401,11,100,2022
11,608723,"Voth, Austin",5/8/2022,663429,11,100,2022
11,621389,"Blach, Ty",4/25/2022,661639,11,100,2022
11,623352,"Hader, Josh",4/23/2022,661620,11,100,2022
11,623474,"Herget, Jimmy",4/26/2022,661032,11,100,2022
11,502179,"Espino, Paolo",4/20/2022,662560,11,100,2022
11,606625,"Moronta, Reyes",4/29/2022,662699,11,100,2022
11,641755,"Kinley, Tyler",4/24/2022,662853,11,100,2022
11,641755,"Kinley, Tyler",4/23/2022,662849,11,100,2022
11,642028,"Rogers, Josh",4/24/2022,662539,11,100,2022
11,643511,"Rogers, Tyler",4/8/2022,662124,11,100,2022
11,671345,"Foley, Jason",4/20/2022,662861,11,100,2022
11,643316,"Fry, Paul",4/20/2022,662392,11,100,2022
11,448281,"Doolittle, Sean",4/8/2022,662559,11,100,2022
11,606149,"Gallegos, Giovanny",4/19/2022,661405,11,100,2022
11,605525,"Wendelken, J.B.",5/17/2022,662628,11,100,2022
11,656685,"Martin, Brett",4/24/2022,662388,11,100,2022
11,606160,"Montero, Rafael",5/18/2022,663270,11,100,2022
11,656945,"Scott, Tanner",4/23/2022,661568,11,100,2022
11,657024,"Swanson, Erik",4/23/2022,662191,11,100,2022
11,607237,"Garrett, Amir",5/17/2022,662780,11,100,2022
11,518748,"Grimm, Justin",4/21/2022,662391,11,100,2022
11,608678,"Leone, Dominic",5/17/2022,663004,11,100,2022
11,543272,"Hand, Brad",4/20/2022,662924,11,100,2022
11,664294,"Moreta, Dauri",4/23/2022,663100,11,100,2022
11,493603,"Ottavino, Adam",4/9/2022,662588,11,100,2022
11,628452,"Iglesias, Raisel",4/20/2022,662926,11,100,2022
11,664208,"Maton, Phil",5/28/2022,662131,11,100,2022
11,642528,"Loáisiga, Jonathan",5/16/2022,661308,11,100,2022
11,642585,"Bautista, Félix",5/18/2022,661344,11,100,2022
11,643338,"Green, Chad",5/19/2022,661347,11,100,2022
11,664875,"Lawrence, Justin",4/19/2022,662925,11,100,2022
11,605195,"Crick, Kyle",4/17/2022,661462,11,100,2022
11,622554,"Domínguez, Seranthony",4/16/2022,661416,11,100,2022
11,605242,"Fulmer, Michael",4/15/2022,662701,11,100,2022
11,518748,"Grimm, Justin",4/15/2022,661792,11,100,2022
11,640451,"Harvey, Hunter",4/14/2022,662307,11,100,2022
11,521230,"Hendriks, Liam",4/15/2022,661528,11,100,2022
11,628708,"Marte, Yunior",4/22/2022,662557,11,100,2022
11,656685,"Martin, Brett",4/19/2022,662161,11,100,2022
11,676684,"Vest, Will",4/9/2022,662864,11,100,2022
11,445276,"Jansen, Kenley",4/15/2022,662236,11,100,2022
11,670167,"Schreiber, John",5/19/2022,663269,11,100,2022
11,592473,"Kolarek, Adam",4/15/2022,661792,11,100,2022
11,543507,"May, Trevor",4/19/2022,662616,11,100,2022
11,664875,"Lawrence, Justin",4/14/2022,662950,11,100,2022
11,519008,"McFarland, T.J.",4/19/2022,661405,11,100,2022
11,656685,"Martin, Brett",4/17/2022,662038,11,100,2022
11,554431,"Matzek, Tyler",4/15/2022,662236,11,100,2022
11,675911,"Strider, Spencer",5/18/2022,661202,11,100,2022
11,657240,"Merryweather, Julian",4/14/2022,661312,11,100,2022
11,661440,"Llovera, Mauricio",4/30/2022,662084,11,100,2022
11,594580,"Moll, Sam",4/15/2022,661792,11,100,2022
11,656803,"Norwood, James",4/16/2022,661416,11,100,2022
11,641941,"Pagán, Emilio",4/15/2022,663265,11,100,2022
11,542914,"Bass, Anthony",4/10/2022,662122,11,100,2022
11,664584,"Romero, Jhon",4/16/2022,663238,11,100,2022
11,607359,"Patton, Spencer",4/19/2022,662161,11,100,2022
11,622253,"Tate, Dillon",4/17/2022,663365,11,100,2022
11,623465,"Phillips, Evan",4/22/2022,662230,11,100,2022
11,547001,"Poteet, Cody",4/22/2022,661569,11,100,2022
11,666808,"Doval, Camilo",4/11/2022,662116,11,100,2022
11,663986,"Stephan, Trevor",5/1/2022,662397,11,100,2022
11,661395,"Duran, Jhoan",4/11/2022,661754,11,100,2022
11,572070,"Richards, Garrett",4/22/2022,662390,11,100,2022
11,621242,"Díaz, Edwin",4/13/2022,661643,11,100,2022
11,664123,"Effross, Scott",4/13/2022,662317,11,100,2022
11,671345,"Foley, Jason",4/10/2022,662887,11,100,2022
11,606149,"Gallegos, Giovanny",4/12/2022,662017,11,100,2022
11,643511,"Rogers, Tyler",4/19/2022,662350,11,100,2022
11,543238,"Gose, Anthony",4/12/2022,663088,11,100,2022
11,608665,"Graveman, Kendall",4/12/2022,661538,11,100,2022
11,664123,"Effross, Scott",4/30/2022,661208,11,100,2022
11,642528,"Loáisiga, Jonathan",4/12/2022,661314,11,100,2022
11,656685,"Martin, Brett",4/11/2022,662042,11,100,2022
11,608717,"Stratton, Chris",4/21/2022,663145,11,100,2022
11,670955,"Uceta, Edwin",4/22/2022,663394,11,100,2022
11,641941,"Pagán, Emilio",4/10/2022,661738,11,100,2022
11,489265,"Romo, Sergio",5/24/2022,662134,11,100,2022
11,681810,"Warren, Austin",4/22/2022,661037,11,100,2022
11,663432,"Rainey, Tanner",4/10/2022,662570,11,100,2022
11,642207,"Williams, Devin",4/19/2022,661211,11,100,2022
11,502202,"Boxberger, Brad",5/26/2022,661997,11,100,2022
11,445276,"Jansen, Kenley",5/15/2022,661545,11,100,2022
11,663574,"Santillan, Tony",4/12/2022,663088,11,100,2022
11,453343,"Melancon, Mark",5/13/2022,663349,11,100,2022
11,642397,"Soto, Gregory",4/11/2022,662863,11,100,2022
11,656986,"Sousa, Bennett",4/12/2022,661538,11,100,2022
11,502179,"Espino, Paolo",5/15/2022,662528,11,100,2022
11,663158,"Suarez, Robert",4/12/2022,662104,11,100,2022
11,642121,"Sulser, Cole",4/12/2022,661038,11,100,2022
11,657024,"Swanson, Erik",4/10/2022,661738,11,100,2022
11,669467,"Pallante, Andre",4/29/2022,662037,11,100,2022
11,543766,"Shaw, Bryan",4/11/2022,662754,11,100,2022
11,669618,"Barlow, Joe",4/30/2022,661901,11,100,2022
11,541640,"Ramírez, Erasmo",5/14/2022,662547,11,100,2022
11,643511,"Rogers, Tyler",4/11/2022,662116,11,100,2022
11,541640,"Ramírez, Erasmo",4/30/2022,662084,11,100,2022
11,570257,"Rodríguez, Joely",5/24/2022,662074,11,100,2022
11,672335,"Pérez, Cionel",4/12/2022,663295,11,100,2022
11,571479,"Bellatti, Andrew",5/12/2022,662706,11,100,2022
11,571710,"Givens, Mychal",5/14/2022,663348,11,100,2022
11,517008,"Colomé, Alex",5/21/2022,663001,11,100,2022
11,518617,"Diekman, Jake",5/21/2022,663234,11,100,2022
11,592390,"Hembree, Heath",4/28/2022,662295,11,100,2022
11,519151,"Pressly, Ryan",5/21/2022,662763,11,100,2022
11,573124,"Rogers, Taylor",5/27/2022,662281,11,100,2022
11,592094,"Adam, Jason",5/14/2022,661903,11,100,2022
11,571670,"Floro, Dylan",5/21/2022,661399,11,100,2022
11,592741,"Shreve, Chasen",5/25/2022,662093,11,100,2022
11,572193,"Tepera, Ryan",5/21/2022,663448,11,100,2022
11,592094,"Adam, Jason",5/20/2022,661348,11,100,2022
11,608678,"Leone, Dominic",4/26/2022,662086,11,100,2022
11,554340,"García, Yimi",4/13/2022,661313,11,100,2022
11,592858,"Wick, Rowan",5/15/2022,663367,11,100,2022
11,598264,"Barnes, Matt",5/14/2022,661147,11,100,2022
11,670036,"Festa, Matt",4/12/2022,661538,11,100,2022
11,605521,"Warren, Art",5/12/2022,662372,11,100,2022
11,676710,"Crawford, Kutter",5/1/2022,663363,11,100,2022
11,621051,"Wilson, Steven",5/22/2022,662076,11,100,2022
11,621237,"Alvarado, José",5/21/2022,661631,11,100,2022
11,607625,"Lugo, Seth",5/12/2022,662548,11,100,2022
11,621363,"Poche, Colin",5/20/2022,661348,11,100,2022
11,623465,"Phillips, Evan",4/19/2022,662717,11,100,2022
11,605154,"Brebbia, John",5/27/2022,663080,11,100,2022
11,622554,"Domínguez, Seranthony",5/22/2022,661611,11,100,2022
11,608678,"Leone, Dominic",5/13/2022,661986,11,100,2022
11,641329,"Baker, Bryan",5/20/2022,661348,11,100,2022
11,543766,"Shaw, Bryan",4/15/2022,663136,11,100,2022
11,641360,"Bickford, Phil",5/21/2022,661631,11,100,2022
11,641360,"Bickford, Phil",5/23/2022,662524,11,100,2022
11,621295,"Wittgren, Nick",5/12/2022,662005,11,100,2022
11,642028,"Rogers, Josh",5/21/2022,661280,11,100,2022
11,661383,"Ortega, Oliver",4/16/2022,661981,11,100,2022
11,621345,"Minter, A.J.",5/14/2022,661546,11,100,2022
11,621363,"Poche, Colin",5/15/2022,661902,11,100,2022
11,606149,"Gallegos, Giovanny",5/26/2022,661997,11,100,2022
11,656458,"Gilbreath, Lucas",5/21/2022,663001,11,100,2022
11,656529,"Hentges, Sam",5/22/2022,663120,11,100,2022
11,502202,"Boxberger, Brad",4/28/2022,662295,11,100,2022
11,641835,"Mayza, Tim",5/13/2022,661904,11,100,2022
11,641871,"Middleton, Keynan",5/15/2022,663367,11,100,2022
11,608678,"Leone, Dominic",4/16/2022,663076,11,100,2022
11,605195,"Crick, Kyle",4/8/2022,662888,11,100,2022
11,608665,"Graveman, Kendall",5/25/2022,661487,11,100,2022
11,608703,"Reynolds, Matt",5/24/2022,663103,11,100,2022
11,592094,"Adam, Jason",5/2/2022,662387,11,100,2022
11,606930,"Barnes, Jacob",5/4/2022,662838,11,100,2022
11,656685,"Martin, Brett",5/13/2022,661882,11,100,2022
11,607481,"Bummer, Aaron",5/3/2022,663165,11,100,2022
11,650895,"Castillo, Diego",5/3/2022,662919,11,100,2022
11,661403,"Clase, Emmanuel",5/4/2022,663068,11,100,2022
11,445276,"Jansen, Kenley",4/16/2022,662235,11,100,2022
11,608648,"Duffey, Tyler",5/6/2022,661775,11,100,2022
11,681810,"Warren, Austin",4/7/2022,661042,11,100,2022
11,641582,"Foster, Matt",5/3/2022,663165,11,100,2022
11,664747,"Díaz, Alexis",5/13/2022,662494,11,100,2022
11,605242,"Fulmer, Michael",4/9/2022,662864,11,100,2022
11,518748,"Grimm, Justin",5/3/2022,662386,11,100,2022
11,667463,"King, John",5/12/2022,661883,11,100,2022
11,663546,"Hjelle, Sean",5/6/2022,662103,11,100,2022
11,659275,"Lamet, Dinelson",5/4/2022,663068,11,100,2022
11,656638,"Lange, Alex",4/21/2022,662850,11,100,2022
11,666204,"Jiménez, Dany",4/21/2022,662391,11,100,2022
11,656638,"Lange, Alex",5/6/2022,662815,11,100,2022
11,571901,"Loup, Aaron",5/4/2022,663248,11,100,2022
11,476595,"Luetge, Lucas",5/3/2022,661796,11,100,2022
11,455119,"Martin, Chris",5/3/2022,663165,11,100,2022
11,570488,"Valdez, Phillips",4/9/2022,661332,11,100,2022
11,571948,"Milner, Hoby",5/5/2022,661204,11,100,2022
11,621345,"Minter, A.J.",5/2/2022,662578,11,100,2022
11,593576,"Neris, Héctor",5/2/2022,662920,11,100,2022
11,608665,"Graveman, Kendall",4/21/2022,663093,11,100,2022
11,656803,"Norwood, James",5/5/2022,661619,11,100,2022
11,472610,"García, Luis",5/29/2022,662279,11,100,2022
11,642701,"Santana, Dennis",5/27/2022,662369,11,100,2022
11,518553,"Cishek, Steve",5/31/2022,662544,11,100,2022
11,607625,"Lugo, Seth",4/8/2022,662559,11,100,2022
11,543766,"Shaw, Bryan",5/4/2022,663067,11,100,2022
11,644364,"Arano, Víctor",5/24/2022,662536,11,100,2022
11,519293,"Smith, Will",5/3/2022,662459,11,100,2022
11,664054,"Stashak, Cody",5/3/2022,663463,11,100,2022
11,656354,"Davis, Austin",4/23/2022,661941,11,100,2022
11,621381,"Strahm, Matt",5/4/2022,663248,11,100,2022
11,543272,"Hand, Brad",5/30/2022,661613,11,100,2022
11,656638,"Lange, Alex",5/25/2022,661772,11,100,2022
11,571948,"Milner, Hoby",5/28/2022,661991,11,100,2022
11,598264,"Barnes, Matt",4/28/2022,661827,11,100,2022
11,669618,"Barlow, Joe",5/10/2022,662016,11,100,2022
11,573204,"Thielbar, Caleb",5/31/2022,662836,11,100,2022
11,642048,"Saucedo, Tayler",4/29/2022,661826,11,100,2022
11,641793,"Littell, Zack",4/24/2022,662539,11,100,2022
11,625643,"López, Reynaldo",4/24/2022,661781,11,100,2022
11,592761,"Smith, Caleb",5/29/2022,663328,11,100,2022
11,596112,"Stephenson, Robert",5/29/2022,662512,11,100,2022
11,664199,"Clarke, Taylor",5/8/2022,661307,11,100,2022
11,642100,"Speier, Gabe",4/29/2022,662741,11,100,2022
11,570666,"Cessa, Luis",5/19/2022,663043,11,100,2022
11,660853,"De Los Santos, Enyel",5/9/2022,661525,11,100,2022
11,642130,"Taylor, Blake",4/28/2022,661912,11,100,2022
11,664123,"Effross, Scott",5/7/2022,663142,11,100,2022
11,606160,"Montero, Rafael",5/31/2022,662367,11,100,2022
11,665621,"García, Rony",5/10/2022,662855,11,100,2022
11,545343,"Head, Louis",5/7/2022,662261,11,100,2022
11,605447,"Romano, Jordan",4/26/2022,661758,11,100,2022
11,669212,"Morgan, Eli",5/24/2022,662846,11,100,2022
11,608718,"Suter, Brent",5/29/2022,661990,11,100,2022
11,543339,"Hudson, Daniel",5/7/2022,663142,11,100,2022
11,571800,"Hutchison, Drew",5/10/2022,662412,11,100,2022
11,642397,"Soto, Gregory",4/30/2022,662698,11,100,2022
11,641755,"Kinley, Tyler",5/7/2022,663359,11,100,2022
11,592858,"Wick, Rowan",4/27/2022,661552,11,100,2022
11,650895,"Castillo, Diego",4/19/2022,662161,11,100,2022
11,622098,"Smith, Drew",5/29/2022,662555,11,100,2022
11,547973,"Chapman, Aroldis",4/30/2022,662797,11,100,2022
11,656638,"Lange, Alex",5/11/2022,662873,11,100,2022
11,622554,"Domínguez, Seranthony",5/29/2022,662555,11,100,2022
11,641793,"Littell, Zack",5/10/2022,662096,11,100,2022
11,625643,"López, Reynaldo",5/9/2022,661525,11,100,2022
11,656685,"Martin, Brett",5/8/2022,661304,11,100,2022
11,640444,"Crowe, Wil",5/31/2022,662735,11,100,2022
11,666808,"Doval, Camilo",5/31/2022,661618,11,100,2022
11,670090,"Mills, Wyatt",5/7/2022,662159,11,100,2022
11,670090,"Mills, Wyatt",5/11/2022,662176,11,100,2022
11,594580,"Moll, Sam",5/7/2022,661701,11,100,2022
11,656803,"Norwood, James",5/9/2022,662158,11,100,2022
11,643256,"Cimber, Adam",5/28/2022,663400,11,100,2022
11,605177,"Chafin, Andrew",4/29/2022,662699,11,100,2022
11,456713,"Bush, Matt",4/9/2022,661803,11,100,2022
11,424144,"Pérez, Oliver",4/24/2022,663361,11,100,2022
11,656685,"Martin, Brett",4/9/2022,661803,11,100,2022
11,543766,"Shaw, Bryan",5/7/2022,663057,11,100,2022
11,656685,"Martin, Brett",5/28/2022,662375,11,100,2022
11,519293,"Smith, Will",5/8/2022,661550,11,100,2022
11,489334,"Stammen, Craig",5/11/2022,662273,11,100,2022
10,661403,"Clase, Emmanuel",5/30/2022,663109,10,100,2022
10,605347,"López, Jorge",4/29/2022,663337,10,100,2022
10,622253,"Tate, Dillon",5/8/2022,661345,10,100,2022
10,664092,"Poppen, Sean",5/28/2022,663330,10,100,2022
10,519326,"Strickland, Hunter",5/8/2022,663069,10,100,2022
10,664199,"Clarke, Taylor",5/31/2022,663034,10,100,2022
10,621381,"Strahm, Matt",5/11/2022,661548,10,100,2022
10,518489,"Brasier, Ryan",4/28/2022,661827,10,100,2022
10,670167,"Schreiber, John",5/11/2022,661548,10,100,2022
10,593576,"Neris, Héctor",4/23/2022,662875,10,100,2022
10,666808,"Doval, Camilo",5/30/2022,661613,10,100,2022
10,661403,"Clase, Emmanuel",4/21/2022,663093,10,100,2022
10,501925,"Smith, Joe",4/27/2022,661739,10,100,2022
10,502202,"Boxberger, Brad",4/24/2022,661640,10,100,2022
10,669618,"Barlow, Joe",4/25/2022,661979,10,100,2022
10,543766,"Shaw, Bryan",4/25/2022,661034,10,100,2022
10,544727,"Familia, Jeurys",4/24/2022,661640,10,100,2022
10,554431,"Matzek, Tyler",4/26/2022,661589,10,100,2022
10,570488,"Valdez, Phillips",4/24/2022,661931,10,100,2022
10,570666,"Cessa, Luis",4/27/2022,663148,10,100,2022
10,621051,"Wilson, Steven",4/20/2022,662231,10,100,2022
10,598287,"Ramirez, Noé",4/27/2022,663393,10,100,2022
10,501625,"Alvarez, Jose",5/18/2022,663003,10,100,2022
10,503285,"O'Day, Darren",5/18/2022,661202,10,100,2022
10,518617,"Diekman, Jake",5/16/2022,663275,10,100,2022
10,669622,"Bender, Anthony",4/9/2022,662123,10,100,2022
10,543339,"Hudson, Daniel",5/16/2022,662695,10,100,2022
10,621345,"Minter, A.J.",4/23/2022,661568,10,100,2022
10,459429,"McGee, Jake",4/8/2022,662124,10,100,2022
10,570663,"Robles, Hansel",5/16/2022,663275,10,100,2022
10,621242,"Díaz, Edwin",4/21/2022,662593,10,100,2022
10,573009,"Mantiply, Joe",5/19/2022,663193,10,100,2022
10,628452,"Iglesias, Raisel",4/23/2022,661035,10,100,2022
10,542947,"Bleier, Richard",4/8/2022,662124,10,100,2022
10,592773,"Stanek, Ryne",5/18/2022,663270,10,100,2022
10,641835,"Mayza, Tim",4/24/2022,662921,10,100,2022
10,643256,"Cimber, Adam",4/23/2022,662875,10,100,2022
10,643377,"Jax, Griffin",4/26/2022,661733,10,100,2022
10,650895,"Castillo, Diego",4/24/2022,662188,10,100,2022
10,656786,"Mushinski, Parker",4/25/2022,661979,10,100,2022
10,657044,"Thompson, Ryan",4/23/2022,661941,10,100,2022
10,518748,"Grimm, Justin",4/29/2022,662405,10,100,2022
10,608665,"Graveman, Kendall",5/19/2022,662715,10,100,2022
10,663559,"Falter, Bailey",4/25/2022,661639,10,100,2022
10,664854,"Helsley, Ryan",4/27/2022,662048,10,100,2022
10,666204,"Jiménez, Dany",4/27/2022,662066,10,100,2022
10,657024,"Swanson, Erik",5/1/2022,661365,10,100,2022
10,676831,"Whitley, Kodi",4/26/2022,662007,10,100,2022
10,677865,"Bruihl, Justin",4/24/2022,662274,10,100,2022
10,571800,"Hutchison, Drew",4/20/2022,662861,10,100,2022
10,621237,"Alvarado, José",4/18/2022,662929,10,100,2022
10,453268,"Bard, Daniel",4/16/2022,662966,10,100,2022
10,592473,"Kolarek, Adam",4/20/2022,662392,10,100,2022
10,656271,"Burke, Brock",5/18/2022,661125,10,100,2022
10,664042,"Lakins Sr., Travis",4/21/2022,662391,10,100,2022
10,656354,"Davis, Austin",5/17/2022,663271,10,100,2022
10,547973,"Chapman, Aroldis",4/15/2022,663357,10,100,2022
10,643256,"Cimber, Adam",4/17/2022,661804,10,100,2022
10,680704,"Sandlin, Nick",4/9/2022,662765,10,100,2022
10,660813,"Graterol, Brusdar",4/30/2022,662698,10,100,2022
10,661440,"Llovera, Mauricio",5/18/2022,663003,10,100,2022
10,642528,"Loáisiga, Jonathan",4/20/2022,662861,10,100,2022
10,660813,"Graterol, Brusdar",4/29/2022,662699,10,100,2022
10,607625,"Lugo, Seth",5/1/2022,662579,10,100,2022
10,664208,"Maton, Phil",4/22/2022,662922,10,100,2022
10,594577,"Mayers, Mike",4/17/2022,662038,10,100,2022
10,594580,"Moll, Sam",4/19/2022,662406,10,100,2022
10,669459,"Nelson, Kyle",4/17/2022,662625,10,100,2022
10,623465,"Phillips, Evan",4/14/2022,662627,10,100,2022
10,598264,"Barnes, Matt",4/11/2022,662863,10,100,2022
10,623149,"Sewald, Paul",4/17/2022,662174,10,100,2022
10,656954,"Sheffield, Justus",4/16/2022,662206,10,100,2022
10,641401,"Brogdon, Connor",4/13/2022,661643,10,100,2022
10,650893,"Cabrera, Génesis",4/12/2022,662017,10,100,2022
10,519326,"Strickland, Hunter",4/14/2022,662627,10,100,2022
10,657044,"Thompson, Ryan",4/17/2022,661462,10,100,2022
10,621295,"Wittgren, Nick",4/15/2022,661267,10,100,2022
10,424144,"Pérez, Oliver",4/19/2022,662587,10,100,2022
10,643316,"Fry, Paul",4/13/2022,663433,10,100,2022
10,573124,"Rogers, Taylor",4/9/2022,663404,10,100,2022
10,543766,"Shaw, Bryan",4/20/2022,663094,10,100,2022
10,663903,"Singer, Brady",4/22/2022,662175,10,100,2022
10,622098,"Smith, Drew",4/22/2022,663394,10,100,2022
10,657612,"Hill, Tim",4/7/2022,663418,10,100,2022
10,453178,"Kennedy, Ian",4/13/2022,663341,10,100,2022
10,552640,"Kittredge, Andrew",4/13/2022,661943,10,100,2022
10,642100,"Speier, Gabe",4/21/2022,662742,10,100,2022
10,607216,"Krehbiel, Joey",4/13/2022,663433,10,100,2022
10,664294,"Moreta, Dauri",4/28/2022,663078,10,100,2022
10,445926,"Chavez, Jesse",5/1/2022,661935,10,100,2022
10,664747,"Díaz, Alexis",4/29/2022,663009,10,100,2022
10,641835,"Mayza, Tim",4/12/2022,661314,10,100,2022
10,572193,"Tepera, Ryan",4/29/2022,661535,10,100,2022
10,657240,"Merryweather, Julian",4/12/2022,661314,10,100,2022
10,664948,"Misiewicz, Anthony",4/11/2022,661754,10,100,2022
10,612434,"Castro, Miguel",4/28/2022,661305,10,100,2022
10,681806,"Wantz, Andrew",4/19/2022,662927,10,100,2022
10,517008,"Colomé, Alex",5/24/2022,662454,10,100,2022
10,468504,"Chacín, Jhoulys",5/13/2022,663012,10,100,2022
10,656954,"Sheffield, Justus",4/10/2022,661738,10,100,2022
10,592741,"Shreve, Chasen",4/12/2022,661636,10,100,2022
10,475479,"Phelps, David",5/13/2022,661904,10,100,2022
10,669912,"Snead, Kirby",4/12/2022,661944,10,100,2022
10,489334,"Stammen, Craig",5/15/2022,661545,10,100,2022
10,642207,"Williams, Devin",4/10/2022,663204,10,100,2022
10,453178,"Kennedy, Ian",5/22/2022,663150,10,100,2022
10,453178,"Kennedy, Ian",5/21/2022,663194,10,100,2022
10,493603,"Ottavino, Adam",5/21/2022,663002,10,100,2022
10,548384,"Raley, Brooks",5/13/2022,661904,10,100,2022
10,518553,"Cishek, Steve",5/22/2022,661248,10,100,2022
10,519151,"Pressly, Ryan",5/22/2022,662857,10,100,2022
10,543272,"Hand, Brad",5/24/2022,661543,10,100,2022
10,519326,"Strickland, Hunter",5/23/2022,663073,10,100,2022
10,573124,"Rogers, Taylor",5/15/2022,661545,10,100,2022
10,670280,"Bednar, David",4/28/2022,662295,10,100,2022
10,592473,"Kolarek, Adam",5/15/2022,662380,10,100,2022
10,669912,"Snead, Kirby",4/13/2022,661943,10,100,2022
10,594577,"Mayers, Mike",5/14/2022,662399,10,100,2022
10,593576,"Neris, Héctor",5/24/2022,662846,10,100,2022
10,605447,"Romano, Jordan",5/20/2022,661766,10,100,2022
10,605521,"Warren, Art",5/20/2022,661766,10,100,2022
10,518553,"Cishek, Steve",5/26/2022,662515,10,100,2022
10,605218,"Edwards Jr., Carl",5/14/2022,662547,10,100,2022
10,605347,"López, Jorge",5/14/2022,662844,10,100,2022
10,606424,"García, Jarlín",5/21/2022,662077,10,100,2022
10,608665,"Graveman, Kendall",5/21/2022,661289,10,100,2022
10,606149,"Gallegos, Giovanny",5/12/2022,662005,10,100,2022
10,606160,"Montero, Rafael",5/12/2022,661694,10,100,2022
10,607229,"Gsellman, Robert",5/13/2022,663349,10,100,2022
10,621366,"Borucki, Ryan",5/20/2022,661766,10,100,2022
10,605280,"Holmes, Clay",5/24/2022,661285,10,100,2022
10,612434,"Castro, Miguel",5/12/2022,661519,10,100,2022
10,641793,"Littell, Zack",4/11/2022,662116,10,100,2022
10,621295,"Wittgren, Nick",5/13/2022,661986,10,100,2022
10,656222,"Beeks, Jalen",5/22/2022,661279,10,100,2022
10,453178,"Kennedy, Ian",4/12/2022,663411,10,100,2022
10,656420,"Feyereisen, J.P.",5/20/2022,661348,10,100,2022
10,606303,"Payamps, Joel",5/26/2022,661771,10,100,2022
10,656546,"Hoffman, Jeff",5/21/2022,661793,10,100,2022
10,625643,"López, Reynaldo",5/13/2022,661491,10,100,2022
10,661403,"Clase, Emmanuel",5/23/2022,662858,10,100,2022
10,663432,"Rainey, Tanner",5/22/2022,661248,10,100,2022
10,641360,"Bickford, Phil",5/15/2022,662696,10,100,2022
10,641941,"Pagán, Emilio",5/15/2022,661732,10,100,2022
10,656420,"Feyereisen, J.P.",4/13/2022,661943,10,100,2022
10,642028,"Rogers, Josh",5/13/2022,662525,10,100,2022
10,676760,"Marinaccio, Ron",5/22/2022,661288,10,100,2022
10,623465,"Phillips, Evan",4/29/2022,662699,10,100,2022
10,677865,"Bruihl, Justin",5/21/2022,661631,10,100,2022
10,455119,"Martin, Chris",4/7/2022,663178,10,100,2022
10,682171,"Murfee, Penn",5/21/2022,663234,10,100,2022
10,542914,"Bass, Anthony",5/5/2022,662262,10,100,2022
10,622251,"Staumont, Josh",4/16/2022,662798,10,100,2022
10,641360,"Bickford, Phil",5/4/2022,662707,10,100,2022
10,593974,"Peralta, Wandy",4/28/2022,661305,10,100,2022
10,656945,"Scott, Tanner",5/13/2022,661361,10,100,2022
10,605177,"Chafin, Andrew",5/6/2022,662815,10,100,2022
10,605177,"Chafin, Andrew",5/4/2022,662838,10,100,2022
10,643256,"Cimber, Adam",5/3/2022,661796,10,100,2022
10,621082,"Lemoine, Jacob",4/15/2022,661792,10,100,2022
10,643256,"Cimber, Adam",5/2/2022,661823,10,100,2022
10,622253,"Tate, Dillon",5/24/2022,661285,10,100,2022
10,661395,"Duran, Jhoan",5/13/2022,661698,10,100,2022
10,670426,"Diehl, Phillip",5/5/2022,661204,10,100,2022
10,661395,"Duran, Jhoan",5/2/2022,663362,10,100,2022
10,544727,"Familia, Jeurys",5/5/2022,661619,10,100,2022
10,656420,"Feyereisen, J.P.",5/4/2022,662382,10,100,2022
10,660813,"Graterol, Brusdar",5/3/2022,662708,10,100,2022
10,667463,"King, John",5/16/2022,661145,10,100,2022
10,656803,"Norwood, James",5/17/2022,661625,10,100,2022
10,594311,"Gustave, Jandel",5/4/2022,661197,10,100,2022
10,521230,"Hendriks, Liam",5/4/2022,663164,10,100,2022
10,521230,"Hendriks, Liam",5/3/2022,663165,10,100,2022
10,608349,"Knebel, Corey",4/8/2022,661131,10,100,2022
10,666204,"Jiménez, Dany",5/3/2022,662386,10,100,2022
10,641755,"Kinley, Tyler",5/5/2022,663013,10,100,2022
10,552640,"Kittredge, Andrew",5/4/2022,662382,10,100,2022
10,552640,"Kittredge, Andrew",5/2/2022,662387,10,100,2022
10,667463,"King, John",4/22/2022,662390,10,100,2022
10,678061,"Kerr, Ray",4/24/2022,662274,10,100,2022
10,573009,"Mantiply, Joe",5/3/2022,661364,10,100,2022
10,573009,"Mantiply, Joe",5/2/2022,661362,10,100,2022
10,543272,"Hand, Brad",5/1/2022,662579,10,100,2022
10,663558,"Moran, Jovani",5/5/2022,661341,10,100,2022
10,622253,"Tate, Dillon",5/19/2022,661347,10,100,2022
10,642152,"Trivino, Lou",5/26/2022,662376,10,100,2022
10,456713,"Bush, Matt",5/30/2022,661900,10,100,2022
10,641627,"Gott, Trevor",4/30/2022,661208,10,100,2022
10,608703,"Reynolds, Matt",5/4/2022,661197,10,100,2022
10,643256,"Cimber, Adam",5/26/2022,663445,10,100,2022
10,680704,"Sandlin, Nick",5/4/2022,663068,10,100,2022
10,656945,"Scott, Tanner",5/2/2022,661362,10,100,2022
10,643338,"Green, Chad",4/8/2022,661333,10,100,2022
10,656986,"Sousa, Bennett",4/27/2022,661533,10,100,2022
10,545343,"Head, Louis",5/29/2022,661517,10,100,2022
10,641835,"Mayza, Tim",5/1/2022,661824,10,100,2022
10,656945,"Scott, Tanner",5/27/2022,661539,10,100,2022
10,641682,"Hendrix, Ryan",4/9/2022,661575,10,100,2022
10,605242,"Fulmer, Michael",4/20/2022,662861,10,100,2022
10,544727,"Familia, Jeurys",4/19/2022,662925,10,100,2022
10,607455,"Banda, Anthony",5/7/2022,663089,10,100,2022
10,572008,"Owings, Chris",5/31/2022,661075,10,100,2022
10,606930,"Barnes, Jacob",5/8/2022,662795,10,100,2022
10,657612,"Hill, Tim",5/24/2022,662229,10,100,2022
10,670280,"Bednar, David",5/9/2022,662287,10,100,2022
10,641360,"Bickford, Phil",5/9/2022,662287,10,100,2022
10,598287,"Ramirez, Noé",5/30/2022,663327,10,100,2022
10,663986,"Stephan, Trevor",5/25/2022,662845,10,100,2022
10,621237,"Alvarado, José",4/27/2022,661638,10,100,2022
10,605151,"Bradley, Archie",5/28/2022,663400,10,100,2022
10,605195,"Crick, Kyle",5/31/2022,661797,10,100,2022
10,605242,"Fulmer, Michael",5/31/2022,662836,10,100,2022
10,571710,"Givens, Mychal",5/10/2022,662258,10,100,2022
10,517008,"Colomé, Alex",5/16/2022,663005,10,100,2022
10,518748,"Grimm, Justin",5/8/2022,661700,10,100,2022
10,608665,"Graveman, Kendall",5/29/2022,661461,10,100,2022
10,608717,"Stratton, Chris",5/29/2022,662279,10,100,2022
10,623474,"Herget, Jimmy",5/9/2022,663438,10,100,2022
10,621249,"Underwood Jr., Duane",4/7/2022,662021,10,100,2022
10,669276,"Lee, Dylan",5/26/2022,661574,10,100,2022
10,650895,"Castillo, Diego",4/9/2022,661756,10,100,2022
10,669618,"Barlow, Joe",5/25/2022,663446,10,100,2022
10,669395,"Coleman, Dylan",5/27/2022,661777,10,100,2022
10,670059,"Holderman, Colin",5/25/2022,662093,10,100,2022
10,573009,"Mantiply, Joe",5/8/2022,663368,10,100,2022
10,455119,"Martin, Chris",5/10/2022,662258,10,100,2022
10,543521,"McHugh, Collin",5/8/2022,661550,10,100,2022
10,519008,"McFarland, T.J.",4/24/2022,663111,10,100,2022
10,669212,"Morgan, Eli",5/30/2022,663109,10,100,2022
10,605154,"Brebbia, John",4/30/2022,662084,10,100,2022
10,641871,"Middleton, Keynan",5/10/2022,663350,10,100,2022
10,676660,"Solomon, Jared",5/26/2022,663081,10,100,2022
10,621345,"Minter, A.J.",5/11/2022,661548,10,100,2022
10,518489,"Brasier, Ryan",4/24/2022,661931,10,100,2022
10,642152,"Trivino, Lou",5/31/2022,662367,10,100,2022
10,643256,"Cimber, Adam",4/28/2022,661827,10,100,2022
10,642701,"Santana, Dennis",5/29/2022,662374,10,100,2022
10,475479,"Phelps, David",5/10/2022,661301,10,100,2022
10,623465,"Phillips, Evan",5/8/2022,663161,10,100,2022
10,598287,"Ramirez, Noé",5/9/2022,663366,10,100,2022
10,670950,"Richards, Trevor",5/11/2022,661300,10,100,2022
10,643511,"Rogers, Tyler",5/9/2022,662097,10,100,2022
9,607481,"Bummer, Aaron",4/30/2022,661534,9,100,2022
9,664092,"Poppen, Sean",5/31/2022,663329,9,100,2022
9,642121,"Sulser, Cole",4/30/2022,661389,9,100,2022
9,641871,"Middleton, Keynan",5/16/2022,662695,9,100,2022
9,614179,"Ruiz, José",5/7/2022,663226,9,100,2022
9,547973,"Chapman, Aroldis",4/19/2022,662896,9,100,2022
9,571901,"Loup, Aaron",4/23/2022,661035,9,100,2022
9,657240,"Merryweather, Julian",5/28/2022,663400,9,100,2022
9,503449,"Peralta, Wily",4/23/2022,662848,9,100,2022
9,669618,"Barlow, Joe",5/31/2022,661884,9,100,2022
9,605447,"Romano, Jordan",4/30/2022,661825,9,100,2022
9,468504,"Chacín, Jhoulys",4/29/2022,663009,9,100,2022
9,624418,"Castellani, Ryan",4/22/2022,662390,9,100,2022
9,642121,"Sulser, Cole",5/11/2022,663358,9,100,2022
9,593576,"Neris, Héctor",4/26/2022,661980,9,100,2022
9,605130,"Barlow, Scott",4/27/2022,661533,9,100,2022
9,605154,"Brebbia, John",4/9/2022,662123,9,100,2022
9,448281,"Doolittle, Sean",4/19/2022,662587,9,100,2022
9,543766,"Shaw, Bryan",5/17/2022,663032,9,100,2022
9,552640,"Kittredge, Andrew",5/16/2022,661961,9,100,2022
9,628452,"Iglesias, Raisel",4/26/2022,661032,9,100,2022
9,608032,"Estévez, Carlos",4/20/2022,662924,9,100,2022
9,642207,"Williams, Devin",4/23/2022,661620,9,100,2022
9,598264,"Barnes, Matt",5/17/2022,663271,9,100,2022
9,642701,"Santana, Dennis",4/26/2022,661980,9,100,2022
9,605177,"Chafin, Andrew",5/16/2022,661961,9,100,2022
9,643511,"Rogers, Tyler",4/24/2022,662539,9,100,2022
9,472610,"García, Luis",4/20/2022,662231,9,100,2022
9,607216,"Krehbiel, Joey",5/17/2022,661342,9,100,2022
9,659275,"Lamet, Dinelson",4/24/2022,662274,9,100,2022
9,663158,"Suarez, Robert",4/23/2022,662276,9,100,2022
9,661403,"Clase, Emmanuel",4/27/2022,663439,9,100,2022
9,664123,"Effross, Scott",4/27/2022,661552,9,100,2022
9,623352,"Hader, Josh",4/19/2022,661211,9,100,2022
9,545343,"Head, Louis",4/19/2022,661405,9,100,2022
9,669912,"Snead, Kirby",4/23/2022,662389,9,100,2022
9,670102,"Francis, Bowden",4/27/2022,661757,9,100,2022
9,677865,"Bruihl, Justin",4/26/2022,663383,9,100,2022
9,681810,"Warren, Austin",4/24/2022,661033,9,100,2022
9,669622,"Bender, Anthony",4/14/2022,661418,9,100,2022
9,643511,"Rogers, Tyler",5/17/2022,663004,9,100,2022
9,644364,"Arano, Víctor",5/18/2022,661400,9,100,2022
9,659275,"Lamet, Dinelson",4/20/2022,662231,9,100,2022
9,621082,"Lemoine, Jacob",4/20/2022,662392,9,100,2022
9,656354,"Davis, Austin",4/17/2022,663308,9,100,2022
9,605242,"Fulmer, Michael",4/14/2022,662702,9,100,2022
9,573009,"Mantiply, Joe",4/19/2022,662583,9,100,2022
9,641729,"Jiménez, Joe",4/9/2022,662864,9,100,2022
9,605280,"Holmes, Clay",4/16/2022,663266,9,100,2022
9,543339,"Hudson, Daniel",4/16/2022,662619,9,100,2022
9,573009,"Mantiply, Joe",4/16/2022,662626,9,100,2022
9,641835,"Mayza, Tim",4/15/2022,661792,9,100,2022
9,656986,"Sousa, Bennett",4/8/2022,662888,9,100,2022
9,663574,"Santillan, Tony",4/18/2022,662233,9,100,2022
9,669622,"Bender, Anthony",4/12/2022,661038,9,100,2022
9,641941,"Pagán, Emilio",4/21/2022,662742,9,100,2022
9,641401,"Brogdon, Connor",4/12/2022,661636,9,100,2022
9,622251,"Staumont, Josh",4/15/2022,662701,9,100,2022
9,448281,"Doolittle, Sean",4/10/2022,662570,9,100,2022
9,664199,"Clarke, Taylor",4/28/2022,661532,9,100,2022
9,640448,"Finnegan, Kyle",4/10/2022,662570,9,100,2022
9,641582,"Foster, Matt",4/10/2022,662887,9,100,2022
9,573124,"Rogers, Taylor",4/8/2022,663417,9,100,2022
9,614179,"Ruiz, José",4/22/2022,661755,9,100,2022
9,656529,"Hentges, Sam",4/10/2022,662755,9,100,2022
9,501925,"Smith, Joe",4/30/2022,661906,9,100,2022
9,669674,"Long, Sam",4/11/2022,662116,9,100,2022
9,476595,"Luetge, Lucas",4/10/2022,661316,9,100,2022
9,669459,"Nelson, Kyle",4/13/2022,663341,9,100,2022
9,472610,"García, Luis",5/25/2022,662228,9,100,2022
9,456034,"Price, David",4/12/2022,661753,9,100,2022
9,455119,"Martin, Chris",5/15/2022,663367,9,100,2022
9,519151,"Pressly, Ryan",5/25/2022,662845,9,100,2022
9,669212,"Morgan, Eli",5/1/2022,662397,9,100,2022
9,676092,"Snider, Collin",4/11/2022,662754,9,100,2022
9,543238,"Gose, Anthony",5/24/2022,662846,9,100,2022
9,663986,"Stephan, Trevor",4/11/2022,662754,9,100,2022
9,621381,"Strahm, Matt",4/11/2022,662863,9,100,2022
9,518617,"Diekman, Jake",5/14/2022,661147,9,100,2022
9,544727,"Familia, Jeurys",5/27/2022,662543,9,100,2022
9,605521,"Warren, Art",4/10/2022,661573,9,100,2022
9,501625,"Alvarez, Jose",5/21/2022,662077,9,100,2022
9,571901,"Loup, Aaron",5/27/2022,663444,9,100,2022
9,519326,"Strickland, Hunter",5/20/2022,661766,9,100,2022
9,543238,"Gose, Anthony",5/13/2022,661698,9,100,2022
9,501925,"Smith, Joe",5/15/2022,661732,9,100,2022
9,669912,"Snead, Kirby",4/30/2022,662393,9,100,2022
9,572193,"Tepera, Ryan",5/22/2022,663447,9,100,2022
9,621363,"Poche, Colin",4/28/2022,661908,9,100,2022
9,592773,"Stanek, Ryne",5/20/2022,662764,9,100,2022
9,592858,"Wick, Rowan",5/21/2022,663194,9,100,2022
9,596057,"Norris, Daniel",5/21/2022,663194,9,100,2022
9,605521,"Warren, Art",5/22/2022,661763,9,100,2022
9,593576,"Neris, Héctor",5/25/2022,662845,9,100,2022
9,672335,"Pérez, Cionel",4/11/2022,663403,9,100,2022
9,605521,"Warren, Art",5/15/2022,662519,9,100,2022
9,606424,"García, Jarlín",5/23/2022,662075,9,100,2022
9,608349,"Knebel, Corey",5/23/2022,661544,9,100,2022
9,606424,"García, Jarlín",5/13/2022,661986,9,100,2022
9,608718,"Suter, Brent",4/20/2022,661203,9,100,2022
9,592454,"Kahnle, Tommy",5/1/2022,662716,9,100,2022
9,621366,"Borucki, Ryan",5/23/2022,661999,9,100,2022
9,605154,"Brebbia, John",5/24/2022,662074,9,100,2022
9,622098,"Smith, Drew",5/21/2022,663002,9,100,2022
9,623149,"Sewald, Paul",4/19/2022,662161,9,100,2022
9,621381,"Strahm, Matt",4/29/2022,663337,9,100,2022
9,677865,"Bruihl, Justin",5/1/2022,662716,9,100,2022
9,628452,"Iglesias, Raisel",5/21/2022,663448,9,100,2022
9,593576,"Neris, Héctor",5/1/2022,661824,9,100,2022
9,641755,"Kinley, Tyler",5/22/2022,662982,9,100,2022
9,621363,"Poche, Colin",5/14/2022,661903,9,100,2022
9,622098,"Smith, Drew",5/15/2022,662567,9,100,2022
9,622253,"Tate, Dillon",5/14/2022,662844,9,100,2022
9,664199,"Clarke, Taylor",4/10/2022,662755,9,100,2022
9,518489,"Brasier, Ryan",4/11/2022,662863,9,100,2022
9,656685,"Martin, Brett",5/21/2022,662763,9,100,2022
9,657612,"Hill, Tim",5/23/2022,662257,9,100,2022
9,661383,"Ortega, Oliver",5/21/2022,663448,9,100,2022
9,663158,"Suarez, Robert",5/23/2022,662257,9,100,2022
9,594580,"Moll, Sam",4/17/2022,661804,9,100,2022
9,641941,"Pagán, Emilio",5/14/2022,661695,9,100,2022
9,617228,"Sawamura, Hirokazu",5/26/2022,661486,9,100,2022
9,501625,"Alvarez, Jose",5/5/2022,662105,9,100,2022
9,650895,"Castillo, Diego",5/15/2022,662567,9,100,2022
9,502202,"Boxberger, Brad",5/5/2022,661204,9,100,2022
9,518489,"Brasier, Ryan",5/6/2022,663224,9,100,2022
9,667465,"Fletcher, Aaron",4/18/2022,661242,9,100,2022
9,664199,"Clarke, Taylor",5/12/2022,661883,9,100,2022
9,605242,"Fulmer, Michael",5/4/2022,662838,9,100,2022
9,666204,"Jiménez, Dany",4/9/2022,661130,9,100,2022
9,667297,"Nance, Tommy",5/14/2022,661414,9,100,2022
9,667297,"Nance, Tommy",5/15/2022,661403,9,100,2022
9,669912,"Snead, Kirby",5/13/2022,662381,9,100,2022
9,657612,"Hill, Tim",5/1/2022,662293,9,100,2022
9,657508,"Baumann, Mike",4/16/2022,663266,9,100,2022
9,592454,"Kahnle, Tommy",5/4/2022,662707,9,100,2022
9,641360,"Bickford, Phil",4/29/2022,662699,9,100,2022
9,625643,"López, Reynaldo",5/3/2022,663165,9,100,2022
9,676092,"Snider, Collin",5/15/2022,663010,9,100,2022
9,605280,"Holmes, Clay",4/9/2022,661332,9,100,2022
9,453343,"Melancon, Mark",5/31/2022,663329,9,100,2022
9,453343,"Melancon, Mark",5/30/2022,663327,9,100,2022
9,595345,"Okert, Steven",5/5/2022,662262,9,100,2022
9,475479,"Phelps, David",5/4/2022,661795,9,100,2022
9,548384,"Raley, Brooks",5/6/2022,662187,9,100,2022
9,570663,"Robles, Hansel",4/8/2022,661333,9,100,2022
9,617228,"Sawamura, Hirokazu",5/4/2022,663248,9,100,2022
9,656887,"Reid-Foley, Sean",4/8/2022,662559,9,100,2022
9,669912,"Snead, Kirby",5/6/2022,661775,9,100,2022
9,519151,"Pressly, Ryan",5/31/2022,662367,9,100,2022
9,519293,"Smith, Will",5/30/2022,663327,9,100,2022
9,656290,"Carlton, Drew",5/24/2022,661699,9,100,2022
9,606424,"García, Jarlín",4/22/2022,662557,9,100,2022
9,657024,"Swanson, Erik",5/5/2022,662189,9,100,2022
9,657044,"Thompson, Ryan",5/2/2022,662387,9,100,2022
9,544727,"Familia, Jeurys",5/30/2022,661613,9,100,2022
9,458677,"Wilson, Justin",4/9/2022,661575,9,100,2022
9,621381,"Strahm, Matt",4/26/2022,661758,9,100,2022
9,592773,"Stanek, Ryne",5/2/2022,662920,9,100,2022
9,606930,"Barnes, Jacob",5/11/2022,662873,9,100,2022
9,502202,"Boxberger, Brad",5/10/2022,663090,9,100,2022
9,662253,"Muñoz, Andrés",5/25/2022,662133,9,100,2022
9,661403,"Clase, Emmanuel",5/8/2022,663086,9,100,2022
9,605154,"Brebbia, John",5/29/2022,663072,9,100,2022
9,605177,"Chafin, Andrew",5/29/2022,662840,9,100,2022
9,605177,"Chafin, Andrew",5/31/2022,662836,9,100,2022
9,605218,"Edwards Jr., Carl",5/29/2022,662512,9,100,2022
9,608648,"Duffey, Tyler",5/8/2022,661700,9,100,2022
9,606160,"Montero, Rafael",5/29/2022,662130,9,100,2022
9,612434,"Castro, Miguel",4/23/2022,661310,9,100,2022
9,571863,"Koch, Matt",4/24/2022,662188,9,100,2022
9,605151,"Bradley, Archie",4/29/2022,661535,9,100,2022
9,607625,"Lugo, Seth",5/28/2022,662556,9,100,2022
9,521230,"Hendriks, Liam",5/9/2022,661525,9,100,2022
9,656638,"Lange, Alex",5/10/2022,662855,9,100,2022
9,502202,"Boxberger, Brad",4/27/2022,662289,9,100,2022
9,642585,"Bautista, Félix",4/30/2022,663364,9,100,2022
9,519008,"McFarland, T.J.",5/7/2022,662102,9,100,2022
9,643256,"Cimber, Adam",4/30/2022,661825,9,100,2022
9,571948,"Milner, Hoby",5/8/2022,661550,9,100,2022
9,605538,"Wisler, Matt",5/8/2022,662160,9,100,2022
9,676714,"Hughes, Brandon",5/24/2022,663103,9,100,2022
9,503285,"O'Day, Darren",5/8/2022,661550,9,100,2022
9,657240,"Merryweather, Julian",4/8/2022,661782,9,100,2022
9,606131,"Perdomo, Luis",5/11/2022,663074,9,100,2022
9,554340,"García, Yimi",4/9/2022,661803,9,100,2022
9,572070,"Richards, Garrett",5/8/2022,661304,9,100,2022
9,643511,"Rogers, Tyler",5/11/2022,662095,9,100,2022
8,605242,"Fulmer, Michael",4/30/2022,662698,8,100,2022
8,656986,"Sousa, Bennett",5/7/2022,663226,8,100,2022
8,607216,"Krehbiel, Joey",4/15/2022,663357,8,100,2022
8,641793,"Littell, Zack",4/17/2022,663132,8,100,2022
8,605447,"Romano, Jordan",4/9/2022,661803,8,100,2022
8,541640,"Ramírez, Erasmo",4/27/2022,662546,8,100,2022
8,503285,"O'Day, Darren",4/24/2022,661590,8,100,2022
8,489334,"Stammen, Craig",4/29/2022,662296,8,100,2022
8,502179,"Espino, Paolo",4/24/2022,662539,8,100,2022
8,552640,"Kittredge, Andrew",4/16/2022,661527,8,100,2022
8,607481,"Bummer, Aaron",4/20/2022,663075,8,100,2022
8,682171,"Murfee, Penn",5/28/2022,662131,8,100,2022
8,572193,"Tepera, Ryan",4/25/2022,661034,8,100,2022
8,592390,"Hembree, Heath",4/24/2022,663166,8,100,2022
8,493603,"Ottavino, Adam",5/17/2022,662566,8,100,2022
8,476595,"Luetge, Lucas",5/1/2022,662691,8,100,2022
8,518489,"Brasier, Ryan",5/17/2022,663271,8,100,2022
8,628708,"Marte, Yunior",4/25/2022,661210,8,100,2022
8,608678,"Leone, Dominic",4/8/2022,662124,8,100,2022
8,643256,"Cimber, Adam",4/25/2022,661760,8,100,2022
8,606131,"Perdomo, Luis",5/18/2022,661202,8,100,2022
8,607457,"Barraclough, Kyle",5/16/2022,661145,8,100,2022
8,660906,"Pérez, Francisco",4/23/2022,662549,8,100,2022
8,666808,"Doval, Camilo",4/27/2022,662066,8,100,2022
8,669912,"Snead, Kirby",4/24/2022,662388,8,100,2022
8,605280,"Holmes, Clay",4/20/2022,662861,8,100,2022
8,671345,"Foley, Jason",5/28/2022,662852,8,100,2022
8,680704,"Sandlin, Nick",4/23/2022,661310,8,100,2022
8,642121,"Sulser, Cole",5/18/2022,661400,8,100,2022
8,642758,"Acevedo, Domingo",4/14/2022,661942,8,100,2022
8,640448,"Finnegan, Kyle",4/9/2022,662588,8,100,2022
8,644364,"Arano, Víctor",4/17/2022,662294,8,100,2022
8,642585,"Bautista, Félix",5/19/2022,661347,8,100,2022
8,605154,"Brebbia, John",4/16/2022,663076,8,100,2022
8,605156,"Brooks, Aaron",4/14/2022,661292,8,100,2022
8,657240,"Merryweather, Julian",4/20/2022,663247,8,100,2022
8,502085,"Robertson, David",4/17/2022,662930,8,100,2022
8,643511,"Rogers, Tyler",4/16/2022,663076,8,100,2022
8,502202,"Boxberger, Brad",4/13/2022,663433,8,100,2022
8,608648,"Duffey, Tyler",4/28/2022,661729,8,100,2022
8,605538,"Wisler, Matt",4/15/2022,661528,8,100,2022
8,667463,"King, John",4/10/2022,661802,8,100,2022
8,642528,"Loáisiga, Jonathan",4/13/2022,661313,8,100,2022
8,664208,"Maton, Phil",5/1/2022,661824,8,100,2022
8,622253,"Tate, Dillon",4/20/2022,662392,8,100,2022
8,595345,"Okert, Steven",4/10/2022,662122,8,100,2022
8,518748,"Grimm, Justin",5/27/2022,662369,8,100,2022
8,573124,"Rogers, Taylor",4/29/2022,662296,8,100,2022
8,605488,"Springs, Jeffrey",4/10/2022,661916,8,100,2022
8,669622,"Bender, Anthony",4/29/2022,661390,8,100,2022
8,552640,"Kittredge, Andrew",5/15/2022,661902,8,100,2022
8,592741,"Shreve, Chasen",5/27/2022,662543,8,100,2022
8,605177,"Chafin, Andrew",5/13/2022,662851,8,100,2022
8,680704,"Sandlin, Nick",4/30/2022,662393,8,100,2022
8,592773,"Stanek, Ryne",4/29/2022,661826,8,100,2022
8,596071,"Peters, Dillon",5/25/2022,662453,8,100,2022
8,606930,"Barnes, Jacob",5/13/2022,662851,8,100,2022
8,621248,"Garza Jr., Ralph",5/22/2022,661279,8,100,2022
8,622253,"Tate, Dillon",5/20/2022,661348,8,100,2022
8,676664,"Sears, JP",4/13/2022,661313,8,100,2022
8,605177,"Chafin, Andrew",5/25/2022,661772,8,100,2022
8,642130,"Taylor, Blake",5/22/2022,662857,8,100,2022
8,681806,"Wantz, Andrew",4/30/2022,661534,8,100,2022
8,642397,"Soto, Gregory",5/22/2022,663120,8,100,2022
8,656492,"Griffin, Foster",5/20/2022,662714,8,100,2022
8,656529,"Hentges, Sam",5/23/2022,662858,8,100,2022
8,607237,"Garrett, Amir",4/12/2022,662017,8,100,2022
8,607481,"Bummer, Aaron",5/25/2022,661487,8,100,2022
8,628452,"Iglesias, Raisel",4/9/2022,661040,8,100,2022
8,643511,"Rogers, Tyler",4/15/2022,663136,8,100,2022
8,594577,"Mayers, Mike",4/8/2022,661041,8,100,2022
8,681911,"Vesia, Alex",5/20/2022,661632,8,100,2022
8,669618,"Barlow, Joe",5/3/2022,661635,8,100,2022
8,542947,"Bleier, Richard",5/4/2022,661363,8,100,2022
8,670167,"Schreiber, John",5/16/2022,663275,8,100,2022
8,519151,"Pressly, Ryan",4/7/2022,661042,8,100,2022
8,542914,"Bass, Anthony",4/28/2022,662538,8,100,2022
8,641582,"Foster, Matt",5/4/2022,663164,8,100,2022
8,641582,"Foster, Matt",5/6/2022,663224,8,100,2022
8,676684,"Vest, Will",5/13/2022,662851,8,100,2022
8,607625,"Lugo, Seth",5/3/2022,662459,8,100,2022
8,519008,"McFarland, T.J.",5/3/2022,662690,8,100,2022
8,453343,"Melancon, Mark",5/6/2022,663360,8,100,2022
8,644364,"Arano, Víctor",5/26/2022,662515,8,100,2022
8,612434,"Castro, Miguel",4/8/2022,661333,8,100,2022
8,519326,"Strickland, Hunter",5/31/2022,663297,8,100,2022
8,527055,"Vizcaíno, Arodys",5/30/2022,663109,8,100,2022
8,519326,"Strickland, Hunter",5/4/2022,661197,8,100,2022
8,453268,"Bard, Daniel",4/30/2022,663008,8,100,2022
8,681911,"Vesia, Alex",5/3/2022,662708,8,100,2022
8,656730,"Megill, Trevor",5/25/2022,661772,8,100,2022
8,663423,"Thornton, Trent",4/24/2022,662921,8,100,2022
8,570488,"Valdez, Phillips",5/28/2022,663309,8,100,2022
8,573009,"Mantiply, Joe",5/28/2022,663330,8,100,2022
8,607455,"Banda, Anthony",5/10/2022,662292,8,100,2022
8,642028,"Rogers, Josh",4/28/2022,662538,8,100,2022
8,607457,"Barraclough, Kyle",5/9/2022,663438,8,100,2022
8,573124,"Rogers, Taylor",5/31/2022,661977,8,100,2022
8,445926,"Chavez, Jesse",5/10/2022,661549,8,100,2022
8,656420,"Feyereisen, J.P.",5/10/2022,663416,8,100,2022
8,517008,"Colomé, Alex",4/19/2022,662925,8,100,2022
8,661403,"Clase, Emmanuel",4/20/2022,663075,8,100,2022
8,607216,"Krehbiel, Joey",5/30/2022,663298,8,100,2022
8,607237,"Garrett, Amir",5/10/2022,662016,8,100,2022
8,660813,"Graterol, Brusdar",5/10/2022,662292,8,100,2022
8,592390,"Hembree, Heath",5/7/2022,663070,8,100,2022
8,671345,"Foley, Jason",5/31/2022,662836,8,100,2022
8,521230,"Hendriks, Liam",5/7/2022,663226,8,100,2022
8,607481,"Bummer, Aaron",5/29/2022,661461,8,100,2022
8,656546,"Hoffman, Jeff",5/9/2022,663101,8,100,2022
8,453178,"Kennedy, Ian",5/7/2022,663359,8,100,2022
8,573009,"Mantiply, Joe",5/7/2022,663359,8,100,2022
8,594577,"Mayers, Mike",5/8/2022,663429,8,100,2022
8,548389,"Stripling, Ross",4/8/2022,661782,8,100,2022
8,519008,"McFarland, T.J.",5/8/2022,662098,8,100,2022
8,641501,"Danish, Tyler",5/28/2022,663309,8,100,2022
8,662253,"Muñoz, Andrés",5/10/2022,662157,8,100,2022
8,642701,"Santana, Dennis",5/30/2022,661900,8,100,2022
8,519151,"Pressly, Ryan",5/7/2022,662796,8,100,2022
8,592094,"Adam, Jason",4/19/2022,663196,8,100,2022
8,644364,"Arano, Víctor",4/21/2022,662558,8,100,2022
8,656458,"Gilbreath, Lucas",5/30/2022,662992,8,100,2022
8,656529,"Hentges, Sam",5/31/2022,663034,8,100,2022
7,596112,"Stephenson, Robert",5/11/2022,662095,7,100,2022
7,664092,"Poppen, Sean",5/29/2022,663328,7,100,2022
7,606930,"Barnes, Jacob",4/24/2022,662853,7,100,2022
7,621295,"Wittgren, Nick",4/7/2022,662021,7,100,2022
7,543766,"Shaw, Bryan",5/1/2022,662397,7,100,2022
7,608638,"Chargois, JT",4/8/2022,661918,7,100,2022
7,677865,"Bruihl, Justin",5/28/2022,663330,7,100,2022
7,543766,"Shaw, Bryan",5/10/2022,661524,7,100,2022
7,453343,"Melancon, Mark",4/26/2022,663383,7,100,2022
7,650895,"Castillo, Diego",4/30/2022,661389,7,100,2022
7,519293,"Smith, Will",4/23/2022,661568,7,100,2022
7,542914,"Bass, Anthony",4/23/2022,661568,7,100,2022
7,622098,"Smith, Drew",5/8/2022,661627,7,100,2022
7,518617,"Diekman, Jake",4/19/2022,663249,7,100,2022
7,617228,"Sawamura, Hirokazu",4/27/2022,661757,7,100,2022
7,606930,"Barnes, Jacob",4/30/2022,662698,7,100,2022
7,571656,"Farmer, Buck",4/20/2022,662231,7,100,2022
7,642758,"Acevedo, Domingo",4/23/2022,662389,7,100,2022
7,669622,"Bender, Anthony",4/8/2022,662124,7,100,2022
7,660853,"De Los Santos, Enyel",4/23/2022,661310,7,100,2022
7,663986,"Stephan, Trevor",4/25/2022,661034,7,100,2022
7,669622,"Bender, Anthony",4/26/2022,662540,7,100,2022
7,640448,"Finnegan, Kyle",5/18/2022,661400,7,100,2022
7,605130,"Barlow, Scott",4/15/2022,662701,7,100,2022
7,669395,"Coleman, Dylan",4/14/2022,662702,7,100,2022
7,667463,"King, John",5/18/2022,661125,7,100,2022
7,672335,"Pérez, Cionel",5/18/2022,661344,7,100,2022
7,681911,"Vesia, Alex",5/17/2022,662628,7,100,2022
7,503285,"O'Day, Darren",4/18/2022,662617,7,100,2022
7,640462,"Puk, A.J.",4/14/2022,661942,7,100,2022
7,663765,"Woodford, Jake",4/30/2022,662036,7,100,2022
7,676092,"Snider, Collin",4/14/2022,662702,7,100,2022
7,596071,"Peters, Dillon",4/21/2022,663145,7,100,2022
7,643256,"Cimber, Adam",4/13/2022,661313,7,100,2022
7,608665,"Graveman, Kendall",4/10/2022,662887,7,100,2022
7,608723,"Voth, Austin",4/28/2022,662538,7,100,2022
7,424144,"Pérez, Oliver",4/8/2022,663417,7,100,2022
7,664337,"Yajure, Miguel",5/1/2022,662293,7,100,2022
7,676092,"Snider, Collin",4/19/2022,662753,7,100,2022
7,453343,"Melancon, Mark",4/13/2022,663341,7,100,2022
7,681911,"Vesia, Alex",4/22/2022,662230,7,100,2022
7,519151,"Pressly, Ryan",4/10/2022,661039,7,100,2022
7,523260,"Kelly, Joe",5/25/2022,661487,7,100,2022
7,519008,"McFarland, T.J.",5/13/2022,661986,7,100,2022
7,552640,"Kittredge, Andrew",5/13/2022,661904,7,100,2022
7,669912,"Snead, Kirby",4/10/2022,661129,7,100,2022
7,571901,"Loup, Aaron",4/11/2022,661036,7,100,2022
7,502179,"Espino, Paolo",5/20/2022,661195,7,100,2022
7,571901,"Loup, Aaron",5/14/2022,662379,7,100,2022
7,543521,"McHugh, Collin",5/20/2022,661339,7,100,2022
7,621237,"Alvarado, José",4/30/2022,662591,7,100,2022
7,595345,"Okert, Steven",5/14/2022,661414,7,100,2022
7,593974,"Peralta, Wandy",5/24/2022,661285,7,100,2022
7,612434,"Castro, Miguel",5/22/2022,661290,7,100,2022
7,605538,"Wisler, Matt",5/27/2022,661960,7,100,2022
7,592773,"Stanek, Ryne",4/17/2022,662174,7,100,2022
7,623352,"Hader, Josh",5/13/2022,661361,7,100,2022
7,657240,"Merryweather, Julian",5/23/2022,661999,7,100,2022
7,594577,"Mayers, Mike",4/29/2022,661535,7,100,2022
7,664092,"Poppen, Sean",5/22/2022,663150,7,100,2022
7,664294,"Moreta, Dauri",4/19/2022,662232,7,100,2022
7,664123,"Effross, Scott",5/23/2022,663073,7,100,2022
7,453178,"Kennedy, Ian",4/29/2022,662037,7,100,2022
7,664948,"Misiewicz, Anthony",5/20/2022,663268,7,100,2022
7,676879,"Ashby, Aaron",5/20/2022,661195,7,100,2022
7,605280,"Holmes, Clay",4/14/2022,661312,7,100,2022
7,502202,"Boxberger, Brad",5/6/2022,661541,7,100,2022
7,543272,"Hand, Brad",4/8/2022,661131,7,100,2022
7,472610,"García, Luis",5/4/2022,663067,7,100,2022
7,628452,"Iglesias, Raisel",5/24/2022,663381,7,100,2022
7,641329,"Baker, Bryan",4/28/2022,661305,7,100,2022
7,625643,"López, Reynaldo",5/4/2022,663164,7,100,2022
7,622554,"Domínguez, Seranthony",4/8/2022,661131,7,100,2022
7,596112,"Stephenson, Robert",5/1/2022,663007,7,100,2022
7,656803,"Norwood, James",4/25/2022,661639,7,100,2022
7,628452,"Iglesias, Raisel",4/25/2022,661034,7,100,2022
7,642152,"Trivino, Lou",5/25/2022,662133,7,100,2022
7,592773,"Stanek, Ryne",4/30/2022,661825,7,100,2022
7,476595,"Luetge, Lucas",5/28/2022,661933,7,100,2022
7,641755,"Kinley, Tyler",4/30/2022,663008,7,100,2022
7,606424,"García, Jarlín",4/26/2022,662086,7,100,2022
7,517008,"Colomé, Alex",5/29/2022,662512,7,100,2022
7,642100,"Speier, Gabe",5/3/2022,662690,7,100,2022
7,663158,"Suarez, Robert",5/6/2022,662272,7,100,2022
7,642028,"Rogers, Josh",4/30/2022,662084,7,100,2022
7,642758,"Acevedo, Domingo",5/8/2022,661700,7,100,2022
7,554431,"Matzek, Tyler",4/8/2022,661576,7,100,2022
7,518489,"Brasier, Ryan",5/11/2022,661548,7,100,2022
7,642528,"Loáisiga, Jonathan",4/29/2022,662741,7,100,2022
7,664854,"Helsley, Ryan",5/27/2022,661992,7,100,2022
7,664123,"Effross, Scott",5/9/2022,662259,7,100,2022
7,554340,"García, Yimi",5/10/2022,661301,7,100,2022
7,548384,"Raley, Brooks",4/30/2022,661906,7,100,2022
7,476595,"Luetge, Lucas",4/28/2022,661305,7,100,2022
7,519293,"Smith, Will",5/17/2022,661196,7,100,2022
7,571901,"Loup, Aaron",5/9/2022,663438,7,100,2022
7,682171,"Murfee, Penn",5/9/2022,662158,7,100,2022
7,596057,"Norris, Daniel",5/10/2022,662258,7,100,2022
7,682171,"Murfee, Penn",5/24/2022,662134,7,100,2022
7,501625,"Alvarez, Jose",4/19/2022,662350,7,100,2022
7,614179,"Ruiz, José",5/8/2022,663278,7,100,2022
7,607455,"Banda, Anthony",4/20/2022,661203,7,100,2022
6,664854,"Helsley, Ryan",4/16/2022,661335,6,100,2022
6,641835,"Mayza, Tim",4/9/2022,661803,6,100,2022
6,642701,"Santana, Dennis",4/30/2022,661901,6,100,2022
6,614179,"Ruiz, José",4/9/2022,662864,6,100,2022
6,656685,"Martin, Brett",4/23/2022,662389,6,100,2022
6,643256,"Cimber, Adam",5/31/2022,661797,6,100,2022
6,453343,"Melancon, Mark",5/18/2022,662744,6,100,2022
6,489334,"Stammen, Craig",5/18/2022,661624,6,100,2022
6,676840,"Peacock, Matt",5/27/2022,661777,6,100,2022
6,605447,"Romano, Jordan",4/24/2022,662921,6,100,2022
6,621348,"Clay, Sam",4/20/2022,662560,6,100,2022
6,621381,"Strahm, Matt",4/25/2022,661760,6,100,2022
6,622554,"Domínguez, Seranthony",4/27/2022,661638,6,100,2022
6,623352,"Hader, Josh",4/26/2022,662297,6,100,2022
6,641627,"Gott, Trevor",4/27/2022,662289,6,100,2022
6,657612,"Hill, Tim",5/29/2022,662279,6,100,2022
6,554431,"Matzek, Tyler",4/29/2022,661911,6,100,2022
6,628452,"Iglesias, Raisel",5/18/2022,661125,6,100,2022
6,642152,"Trivino, Lou",5/18/2022,662377,6,100,2022
6,543238,"Gose, Anthony",4/9/2022,662765,6,100,2022
6,643256,"Cimber, Adam",5/16/2022,661794,6,100,2022
6,664199,"Clarke, Taylor",4/9/2022,662765,6,100,2022
6,659275,"Lamet, Dinelson",4/22/2022,662230,6,100,2022
6,468504,"Chacín, Jhoulys",4/18/2022,662929,6,100,2022
6,448281,"Doolittle, Sean",4/17/2022,662294,6,100,2022
6,472610,"García, Luis",4/15/2022,662236,6,100,2022
6,663574,"Santillan, Tony",5/17/2022,663032,6,100,2022
6,548384,"Raley, Brooks",4/8/2022,661918,6,100,2022
6,672335,"Pérez, Cionel",5/17/2022,661342,6,100,2022
6,656685,"Martin, Brett",4/16/2022,661981,6,100,2022
6,664948,"Misiewicz, Anthony",4/22/2022,662175,6,100,2022
6,518489,"Brasier, Ryan",4/10/2022,661316,6,100,2022
6,670990,"Ramírez, Yohan",4/15/2022,662192,6,100,2022
6,501925,"Smith, Joe",4/18/2022,663236,6,100,2022
6,663986,"Stephan, Trevor",4/15/2022,663136,6,100,2022
6,518553,"Cishek, Steve",4/13/2022,661570,6,100,2022
6,621363,"Poche, Colin",4/22/2022,661914,6,100,2022
6,664776,"Cousins, Jake",4/10/2022,663204,6,100,2022
6,621237,"Alvarado, José",4/13/2022,661643,6,100,2022
6,571710,"Givens, Mychal",4/7/2022,663178,6,100,2022
6,448281,"Doolittle, Sean",4/13/2022,661570,6,100,2022
6,543521,"McHugh, Collin",4/13/2022,661570,6,100,2022
6,592804,"Thornburg, Tyler",4/20/2022,662734,6,100,2022
6,670059,"Holderman, Colin",5/19/2022,662520,6,100,2022
6,543272,"Hand, Brad",5/12/2022,662706,6,100,2022
6,605538,"Wisler, Matt",4/13/2022,661943,6,100,2022
6,518886,"Kimbrel, Craig",5/20/2022,661632,6,100,2022
6,676831,"Whitley, Kodi",5/1/2022,661988,6,100,2022
6,650895,"Castillo, Diego",4/14/2022,661529,6,100,2022
6,573009,"Mantiply, Joe",5/24/2022,663339,6,100,2022
6,548384,"Raley, Brooks",5/20/2022,661348,6,100,2022
6,656290,"Carlton, Drew",5/20/2022,663135,6,100,2022
6,641755,"Kinley, Tyler",5/14/2022,663011,6,100,2022
6,607455,"Banda, Anthony",4/15/2022,662291,6,100,2022
6,672335,"Pérez, Cionel",5/20/2022,661348,6,100,2022
6,612434,"Castro, Miguel",5/25/2022,661286,6,100,2022
6,642758,"Acevedo, Domingo",5/15/2022,662380,6,100,2022
6,650893,"Cabrera, Génesis",5/12/2022,662005,6,100,2022
6,656686,"Martin, Corbin",4/24/2022,663361,6,100,2022
6,656222,"Beeks, Jalen",5/14/2022,661903,6,100,2022
6,502179,"Espino, Paolo",5/3/2022,662994,6,100,2022
6,643316,"Fry, Paul",5/5/2022,661341,6,100,2022
6,643316,"Fry, Paul",5/3/2022,663463,6,100,2022
6,606149,"Gallegos, Giovanny",5/6/2022,662103,6,100,2022
6,608665,"Graveman, Kendall",5/4/2022,663164,6,100,2022
6,605151,"Bradley, Archie",4/24/2022,661033,6,100,2022
6,628452,"Iglesias, Raisel",5/6/2022,663431,6,100,2022
6,664948,"Misiewicz, Anthony",5/2/2022,662920,6,100,2022
6,542947,"Bleier, Richard",4/22/2022,661569,6,100,2022
6,518617,"Diekman, Jake",4/8/2022,661333,6,100,2022
6,459429,"McGee, Jake",5/31/2022,661618,6,100,2022
6,621363,"Poche, Colin",5/4/2022,662382,6,100,2022
6,501925,"Smith, Joe",5/6/2022,661775,6,100,2022
6,641582,"Foster, Matt",4/28/2022,661532,6,100,2022
6,621366,"Borucki, Ryan",5/11/2022,661300,6,100,2022
6,661403,"Clase, Emmanuel",5/7/2022,663057,6,100,2022
6,607216,"Krehbiel, Joey",5/9/2022,661349,6,100,2022
6,453343,"Melancon, Mark",5/9/2022,663366,6,100,2022
6,676050,"Naughton, Packy",5/7/2022,662102,6,100,2022
6,593576,"Neris, Héctor",5/8/2022,662795,6,100,2022
6,676092,"Snider, Collin",5/26/2022,661771,6,100,2022
5,608718,"Suter, Brent",5/11/2022,663074,5,100,2022
5,543766,"Shaw, Bryan",5/8/2022,663086,5,100,2022
5,489265,"Romo, Sergio",5/14/2022,662568,5,100,2022
5,656420,"Feyereisen, J.P.",5/29/2022,661910,5,100,2022
5,670950,"Richards, Trevor",5/10/2022,661301,5,100,2022
5,543272,"Hand, Brad",5/19/2022,661623,5,100,2022
5,519008,"McFarland, T.J.",4/25/2022,662008,5,100,2022
5,643511,"Rogers, Tyler",4/10/2022,662122,5,100,2022
5,518489,"Brasier, Ryan",4/26/2022,661758,5,100,2022
5,573009,"Mantiply, Joe",4/29/2022,662037,5,100,2022
5,607572,"Howard, Sam",4/26/2022,662297,5,100,2022
5,641360,"Bickford, Phil",4/23/2022,662276,5,100,2022
5,598264,"Barnes, Matt",5/16/2022,663275,5,100,2022
5,606930,"Barnes, Jacob",5/18/2022,662054,5,100,2022
5,657240,"Merryweather, Julian",4/24/2022,662921,5,100,2022
5,657044,"Thompson, Ryan",4/28/2022,661908,5,100,2022
5,592390,"Hembree, Heath",4/22/2022,663195,5,100,2022
5,669912,"Snead, Kirby",4/27/2022,662066,5,100,2022
5,644364,"Arano, Víctor",4/7/2022,662571,5,100,2022
5,641729,"Jiménez, Joe",5/17/2022,662053,5,100,2022
5,607625,"Lugo, Seth",4/29/2022,662592,5,100,2022
5,571479,"Bellatti, Andrew",4/14/2022,661418,5,100,2022
5,661403,"Clase, Emmanuel",4/9/2022,662765,5,100,2022
5,667465,"Fletcher, Aaron",4/15/2022,662291,5,100,2022
5,641627,"Gott, Trevor",4/17/2022,661226,5,100,2022
5,640451,"Harvey, Hunter",4/16/2022,662290,5,100,2022
5,650633,"King, Michael",4/14/2022,661312,5,100,2022
5,595014,"Treinen, Blake",4/8/2022,662933,5,100,2022
5,664123,"Effross, Scott",4/9/2022,663205,5,100,2022
5,670036,"Festa, Matt",4/13/2022,661530,5,100,2022
5,663986,"Stephan, Trevor",4/20/2022,663075,5,100,2022
5,594580,"Moll, Sam",4/12/2022,661944,5,100,2022
5,493603,"Ottavino, Adam",5/24/2022,662074,5,100,2022
5,455119,"Martin, Chris",4/28/2022,661551,5,100,2022
5,475479,"Phelps, David",5/15/2022,661902,5,100,2022
5,598287,"Ramirez, Noé",5/15/2022,663367,5,100,2022
5,641682,"Hendrix, Ryan",4/17/2022,662618,5,100,2022
5,605525,"Wendelken, J.B.",5/21/2022,663194,5,100,2022
5,606160,"Montero, Rafael",5/22/2022,662857,5,100,2022
5,608678,"Leone, Dominic",4/20/2022,662349,5,100,2022
5,608648,"Duffey, Tyler",5/14/2022,661695,5,100,2022
5,623352,"Hader, Josh",5/21/2022,661280,5,100,2022
5,642758,"Acevedo, Domingo",5/23/2022,662135,5,100,2022
5,643256,"Cimber, Adam",5/23/2022,661999,5,100,2022
5,650893,"Cabrera, Génesis",5/23/2022,661999,5,100,2022
5,607625,"Lugo, Seth",5/27/2022,662543,5,100,2022
5,642130,"Taylor, Blake",4/9/2022,661040,5,100,2022
5,676092,"Snider, Collin",5/22/2022,662712,5,100,2022
5,669395,"Coleman, Dylan",4/23/2022,662191,5,100,2022
5,681911,"Vesia, Alex",5/21/2022,661631,5,100,2022
5,593576,"Neris, Héctor",4/7/2022,661042,5,100,2022
5,456713,"Bush, Matt",5/4/2022,661634,5,100,2022
5,622253,"Tate, Dillon",4/30/2022,663364,5,100,2022
5,642528,"Loáisiga, Jonathan",4/26/2022,661309,5,100,2022
5,656354,"Davis, Austin",4/9/2022,661332,5,100,2022
5,670950,"Richards, Trevor",5/15/2022,661902,5,100,2022
5,608723,"Voth, Austin",4/26/2022,662540,5,100,2022
5,641835,"Mayza, Tim",5/4/2022,661795,5,100,2022
5,593974,"Peralta, Wandy",4/8/2022,661333,5,100,2022
5,596112,"Stephenson, Robert",5/6/2022,663360,5,100,2022
5,595345,"Okert, Steven",5/1/2022,661365,5,100,2022
5,621593,"Castro, Anthony",5/4/2022,663068,5,100,2022
5,669459,"Nelson, Kyle",5/3/2022,661364,5,100,2022
5,592390,"Hembree, Heath",4/9/2022,662020,5,100,2022
5,501625,"Alvarez, Jose",5/11/2022,662095,5,100,2022
5,642585,"Bautista, Félix",5/10/2022,661987,5,100,2022
5,605177,"Chafin, Andrew",5/9/2022,662837,5,100,2022
5,605151,"Bradley, Archie",5/31/2022,661331,5,100,2022
5,667427,"Jackson, Zach",5/7/2022,661701,5,100,2022
5,642152,"Trivino, Lou",5/29/2022,662374,5,100,2022
5,595345,"Okert, Steven",5/8/2022,662260,5,100,2022
5,656420,"Feyereisen, J.P.",4/9/2022,661917,5,100,2022
5,621363,"Poche, Colin",5/11/2022,663450,5,100,2022
4,621381,"Strahm, Matt",5/7/2022,663226,4,100,2022
4,608718,"Suter, Brent",5/10/2022,663090,4,100,2022
4,606131,"Perdomo, Luis",5/10/2022,663090,4,100,2022
4,642701,"Santana, Dennis",5/8/2022,661302,4,100,2022
4,656986,"Sousa, Bennett",5/8/2022,663278,4,100,2022
4,544727,"Familia, Jeurys",4/25/2022,661639,4,100,2022
4,543272,"Hand, Brad",4/23/2022,661620,4,100,2022
4,456713,"Bush, Matt",5/12/2022,661883,4,100,2022
4,501625,"Alvarez, Jose",4/24/2022,662539,4,100,2022
4,641582,"Foster, Matt",5/28/2022,661518,4,100,2022
4,592804,"Thornburg, Tyler",4/27/2022,661552,4,100,2022
4,617228,"Sawamura, Hirokazu",4/26/2022,661758,4,100,2022
4,545343,"Head, Louis",4/8/2022,662124,4,100,2022
4,518553,"Cishek, Steve",4/29/2022,662081,4,100,2022
4,656685,"Martin, Brett",4/29/2022,661911,4,100,2022
4,608349,"Knebel, Corey",5/18/2022,661624,4,100,2022
4,677865,"Bruihl, Justin",4/23/2022,662276,4,100,2022
4,605521,"Warren, Art",4/28/2022,663078,4,100,2022
4,542947,"Bleier, Richard",4/15/2022,661417,4,100,2022
4,543766,"Shaw, Bryan",4/7/2022,662766,4,100,2022
4,656986,"Sousa, Bennett",5/17/2022,662780,4,100,2022
4,643338,"Green, Chad",4/14/2022,661312,4,100,2022
4,656529,"Hentges, Sam",4/15/2022,663136,4,100,2022
4,676092,"Snider, Collin",5/18/2022,662726,4,100,2022
4,664948,"Misiewicz, Anthony",4/20/2022,662178,4,100,2022
4,670990,"Ramírez, Yohan",4/21/2022,662177,4,100,2022
4,570257,"Rodríguez, Joely",4/21/2022,662593,4,100,2022
4,660813,"Graterol, Brusdar",4/10/2022,662934,4,100,2022
4,573009,"Mantiply, Joe",4/12/2022,663411,4,100,2022
4,617228,"Sawamura, Hirokazu",4/30/2022,663364,4,100,2022
4,657612,"Hill, Tim",4/14/2022,662237,4,100,2022
4,571948,"Milner, Hoby",4/11/2022,663403,4,100,2022
4,476595,"Luetge, Lucas",5/24/2022,661285,4,100,2022
4,503285,"O'Day, Darren",4/12/2022,661571,4,100,2022
4,458677,"Wilson, Justin",4/20/2022,662231,4,100,2022
4,475479,"Phelps, David",4/12/2022,661314,4,100,2022
4,621295,"Wittgren, Nick",4/21/2022,661391,4,100,2022
4,519293,"Smith, Will",5/26/2022,661574,4,100,2022
4,667427,"Jackson, Zach",4/19/2022,662406,4,100,2022
4,501925,"Smith, Joe",5/13/2022,661698,4,100,2022
4,501625,"Alvarez, Jose",5/20/2022,662078,4,100,2022
4,621248,"Garza Jr., Ralph",5/20/2022,661348,4,100,2022
4,621366,"Borucki, Ryan",5/22/2022,661763,4,100,2022
4,596057,"Norris, Daniel",5/17/2022,663157,4,100,2022
4,644429,"Severino, Anderson",4/29/2022,661535,4,100,2022
4,644364,"Arano, Víctor",5/20/2022,661195,4,100,2022
4,656685,"Martin, Brett",5/22/2022,662857,4,100,2022
4,657612,"Hill, Tim",5/20/2022,662078,4,100,2022
4,643316,"Fry, Paul",4/8/2022,661918,4,100,2022
4,664208,"Maton, Phil",5/20/2022,662764,4,100,2022
4,664875,"Lawrence, Justin",5/21/2022,663001,4,100,2022
4,642152,"Trivino, Lou",5/14/2022,662379,4,100,2022
4,621345,"Minter, A.J.",5/27/2022,661539,4,100,2022
4,657044,"Thompson, Ryan",5/13/2022,661904,4,100,2022
4,667427,"Jackson, Zach",5/3/2022,662386,4,100,2022
4,670090,"Mills, Wyatt",5/6/2022,662187,4,100,2022
4,543521,"McHugh, Collin",5/2/2022,662578,4,100,2022
4,543272,"Hand, Brad",4/27/2022,661638,4,100,2022
4,641871,"Middleton, Keynan",5/4/2022,661363,4,100,2022
4,544727,"Familia, Jeurys",5/29/2022,662555,4,100,2022
4,642152,"Trivino, Lou",5/6/2022,661775,4,100,2022
4,542914,"Bass, Anthony",5/11/2022,663358,4,100,2022
4,605280,"Holmes, Clay",5/9/2022,661303,4,100,2022
4,656638,"Lange, Alex",5/7/2022,662796,4,100,2022
3,605130,"Barlow, Scott",5/11/2022,661899,3,100,2022
3,573204,"Thielbar, Caleb",5/10/2022,661696,3,100,2022
3,676710,"Crawford, Kutter",4/8/2022,661333,3,100,2022
3,656803,"Norwood, James",4/28/2022,661641,3,100,2022
3,670810,"Gillaspie, Logan",5/27/2022,663276,3,100,2022
3,641835,"Mayza, Tim",4/14/2022,661312,3,100,2022
3,672335,"Pérez, Cionel",4/15/2022,663357,3,100,2022
3,598264,"Barnes, Matt",4/22/2022,661914,3,100,2022
3,554431,"Matzek, Tyler",4/24/2022,661590,3,100,2022
3,501625,"Alvarez, Jose",4/8/2022,662124,3,100,2022
3,642048,"Saucedo, Tayler",4/27/2022,661757,3,100,2022
3,664123,"Effross, Scott",4/21/2022,663145,3,100,2022
3,607455,"Banda, Anthony",5/17/2022,663157,3,100,2022
3,621366,"Borucki, Ryan",5/18/2022,661767,3,100,2022
3,669854,"Blanco, Ronel",4/24/2022,662921,3,100,2022
3,666168,"Thompson, Mason",4/9/2022,662588,3,100,2022
3,542914,"Bass, Anthony",4/14/2022,661418,3,100,2022
3,641755,"Kinley, Tyler",4/15/2022,662960,3,100,2022
3,572193,"Tepera, Ryan",5/1/2022,661531,3,100,2022
3,664199,"Clarke, Taylor",4/11/2022,662754,3,100,2022
3,617228,"Sawamura, Hirokazu",5/1/2022,663363,3,100,2022
3,608717,"Stratton, Chris",4/20/2022,661203,3,100,2022
3,571948,"Milner, Hoby",4/12/2022,663295,3,100,2022
3,501925,"Smith, Joe",5/25/2022,661772,3,100,2022
3,607359,"Patton, Spencer",4/11/2022,662042,3,100,2022
3,598287,"Ramirez, Noé",4/12/2022,663411,3,100,2022
3,455119,"Martin, Chris",5/13/2022,663349,3,100,2022
3,642130,"Taylor, Blake",4/24/2022,662921,3,100,2022
3,617228,"Sawamura, Hirokazu",4/12/2022,662862,3,100,2022
3,501925,"Smith, Joe",4/12/2022,661753,3,100,2022
3,572403,"VerHagen, Drew",5/27/2022,661992,3,100,2022
3,570666,"Cessa, Luis",5/23/2022,663073,3,100,2022
3,607237,"Garrett, Amir",4/29/2022,662741,3,100,2022
3,592773,"Stanek, Ryne",5/25/2022,662845,3,100,2022
3,592761,"Smith, Caleb",5/15/2022,663367,3,100,2022
3,573204,"Thielbar, Caleb",5/23/2022,661730,3,100,2022
3,606160,"Montero, Rafael",5/13/2022,662525,3,100,2022
3,622503,"Crismatt, Nabil",5/14/2022,661546,3,100,2022
3,676840,"Peacock, Matt",5/23/2022,663340,3,100,2022
3,664123,"Effross, Scott",5/14/2022,663348,3,100,2022
3,641941,"Pagán, Emilio",5/27/2022,661777,3,100,2022
3,519326,"Strickland, Hunter",5/29/2022,663072,3,100,2022
3,548389,"Stripling, Ross",5/28/2022,663400,3,100,2022
3,518553,"Cishek, Steve",5/5/2022,663013,3,100,2022
2,656986,"Sousa, Bennett",5/10/2022,661524,2,100,2022
2,669459,"Nelson, Kyle",5/7/2022,663359,2,100,2022
2,642701,"Santana, Dennis",5/8/2022,661304,2,100,2022
2,501925,"Smith, Joe",5/2/2022,663362,2,100,2022
2,518553,"Cishek, Steve",4/8/2022,662559,2,100,2022
2,676092,"Snider, Collin",5/3/2022,662690,2,100,2022
2,621366,"Borucki, Ryan",4/23/2022,662875,2,100,2022
2,606149,"Gallegos, Giovanny",5/19/2022,662520,2,100,2022
2,642701,"Santana, Dennis",5/3/2022,661635,2,100,2022
2,664208,"Maton, Phil",4/23/2022,662875,2,100,2022
2,676092,"Snider, Collin",4/24/2022,662188,2,100,2022
2,501625,"Alvarez, Jose",4/16/2022,663076,2,100,2022
2,667427,"Jackson, Zach",4/17/2022,661804,2,100,2022
2,598287,"Ramirez, Noé",4/21/2022,662558,2,100,2022
2,657044,"Thompson, Ryan",4/30/2022,661906,2,100,2022
2,608032,"Estévez, Carlos",5/16/2022,663005,2,100,2022
2,608032,"Estévez, Carlos",4/9/2022,662931,2,100,2022
2,501925,"Smith, Joe",4/19/2022,662753,2,100,2022
2,424144,"Pérez, Oliver",4/13/2022,663341,2,100,2022
2,489334,"Stammen, Craig",4/7/2022,663418,2,100,2022
2,592473,"Kolarek, Adam",5/27/2022,662369,2,100,2022
2,573204,"Thielbar, Caleb",5/15/2022,661732,2,100,2022
2,592094,"Adam, Jason",5/21/2022,661291,2,100,2022
2,607755,"Vasquez, Andrew",5/22/2022,661763,2,100,2022
2,663531,"Allen, Logan",5/13/2022,662851,2,100,2022
2,456713,"Bush, Matt",5/29/2022,662374,2,100,2022
2,650671,"Quijada, José",4/7/2022,661042,2,100,2022
1,621383,"Banks, Tanner",4/30/2022,661534,1,100,2022
1,543766,"Shaw, Bryan",5/29/2022,662840,1,100,2022
1,622554,"Domínguez, Seranthony",5/28/2022,662556,1,100,2022
1,570257,"Rodríguez, Joely",5/10/2022,662537,1,100,2022
1,659275,"Lamet, Dinelson",4/8/2022,663417,1,100,2022
1,642152,"Trivino, Lou",5/7/2022,661701,1,100,2022
1,621295,"Wittgren, Nick",5/17/2022,662507,1,100,2022
1,573124,"Rogers, Taylor",4/27/2022,663148,1,100,2022
1,656638,"Lange, Alex",5/16/2022,661961,1,100,2022
1,621051,"Wilson, Steven",4/17/2022,662234,1,100,2022
1,573204,"Thielbar, Caleb",5/27/2022,661777,1,100,2022
1,596112,"Stephenson, Robert",5/15/2022,663010,1,100,2022
1,570257,"Rodríguez, Joely",5/22/2022,662982,1,100,2022
1,623149,"Sewald, Paul",5/21/2022,663234,1,100,2022
1,621237,"Alvarado, José",5/4/2022,661634,1,100,2022
1,640462,"Puk, A.J.",5/15/2022,662380,1,100,2022
1,592773,"Stanek, Ryne",5/4/2022,662835,1,100,2022
1,672335,"Pérez, Cionel",5/27/2022,663276,1,100,2022
96,594577,"Mayers, Mike",8/17/2022,663408,96,100,2022
95,642232,"Yarbrough, Ryan",6/30/2022,661726,95,100,2022
95,669920,"Alexander, Jason",7/17/2022,662059,95,100,2022
94,622694,"Hernández, Elieser",6/3/2022,661396,94,100,2022
93,592761,"Smith, Caleb",6/18/2022,663351,93,100,2022
93,676596,"Fleming, Josh",7/4/2022,663251,93,100,2022
87,660761,"Suarez, José",6/26/2022,663387,87,100,2022
87,596271,"Lawrence, Casey",7/2/2022,661724,87,100,2022
85,657053,"Toussaint, Touki",8/4/2022,663374,85,100,2022
82,676710,"Crawford, Kutter",7/4/2022,663251,82,100,2022
82,605507,"Thompson, Zach",8/26/2022,661603,82,100,2022
81,642232,"Yarbrough, Ryan",8/26/2022,663171,81,100,2022
80,663436,"Martin, Davis",6/10/2022,661485,80,100,2022
78,592761,"Smith, Caleb",6/7/2022,663064,78,100,2022
77,456501,"Cueto, Johnny",6/12/2022,661483,77,100,2022
74,668868,"Thompson, Zack",6/3/2022,663153,74,100,2022
74,621219,"Mills, Alec",6/20/2022,661121,74,100,2022
74,642232,"Yarbrough, Ryan",7/23/2022,662657,74,100,2022
74,656232,"Bielak, Brandon",7/21/2022,662775,74,100,2022
73,621219,"Mills, Alec",6/7/2022,661170,73,100,2022
72,672578,"Hernández, Carlos",7/15/2022,661719,72,100,2022
72,621368,"Hearn, Taylor",7/15/2022,661810,72,100,2022
70,607259,"Martinez, Nick",6/5/2022,661241,70,100,2022
69,666721,"Castillo, Max",6/25/2022,661264,69,100,2022
69,594577,"Mayers, Mike",8/6/2022,662154,69,100,2022
68,642545,"Barria, Jaime",6/3/2022,661642,68,100,2022
68,592826,"Velasquez, Vince",8/27/2022,661444,68,100,2022
67,663546,"Hjelle, Sean",6/3/2022,661396,67,100,2022
67,676596,"Fleming, Josh",7/11/2022,661878,67,100,2022
67,668948,"McCarty, Kirk",7/26/2022,663203,67,100,2022
66,643410,"Leiter Jr., Mark",7/14/2022,661101,66,100,2022
66,659262,"Espinoza, Anderson",8/23/2022,663113,66,100,2022
65,669467,"Pallante, Andre",8/5/2022,661946,65,100,2022
65,621389,"Blach, Ty",6/10/2022,662275,65,100,2022
65,659262,"Espinoza, Anderson",7/10/2022,662729,65,100,2022
65,667498,"Dugger, Robert",7/7/2022,663140,65,100,2022
65,663753,"Knehr, Reiss",6/11/2022,662222,65,100,2022
64,643410,"Leiter Jr., Mark",6/3/2022,663153,64,100,2022
63,642232,"Yarbrough, Ryan",8/9/2022,661182,63,100,2022
63,621368,"Hearn, Taylor",8/12/2022,661791,63,100,2022
62,596133,"Weaver, Luke",6/12/2022,661622,62,100,2022
62,678394,"Bello, Brayan",7/29/2022,663190,62,100,2022
62,668684,"Tully, Tanner",6/26/2022,663121,62,100,2022
62,596295,"Gomber, Austin",8/10/2022,662892,62,100,2022
62,594577,"Mayers, Mike",8/12/2022,663373,62,100,2022
62,663804,"Kowar, Jackson",6/27/2022,662681,62,100,2022
61,623167,"Flexen, Chris",8/30/2022,662804,61,100,2022
61,657053,"Toussaint, Touki",8/30/2022,663437,61,100,2022
61,642545,"Barria, Jaime",6/28/2022,663392,61,100,2022
61,593140,"Feliz, Michael",7/8/2022,663202,61,100,2022
60,657376,"Schmidt, Clarke",8/23/2022,661237,60,100,2022
60,663804,"Kowar, Jackson",7/9/2022,662663,60,100,2022
60,623451,"Stephens, Jackson",7/24/2022,661502,60,100,2022
60,621368,"Hearn, Taylor",7/23/2022,662348,60,100,2022
60,623211,"Brazobán, Huascar",8/21/2022,662600,60,100,2022
60,596295,"Gomber, Austin",8/18/2022,661937,60,100,2022
60,670955,"Uceta, Edwin",6/10/2022,661617,60,100,2022
59,656354,"Davis, Austin",8/23/2022,663174,59,100,2022
58,663804,"Kowar, Jackson",7/5/2022,662847,58,100,2022
58,642232,"Yarbrough, Ryan",8/15/2022,661283,58,100,2022
58,663436,"Martin, Davis",6/15/2022,662883,58,100,2022
58,596057,"Norris, Daniel",6/12/2022,661270,58,100,2022
58,670912,"Oviedo, Johan",6/8/2022,661892,58,100,2022
58,650893,"Cabrera, Génesis",6/5/2022,663138,58,100,2022
58,657649,"Koenig, Jared",8/26/2022,662342,58,100,2022
58,663465,"Allard, Kolby",6/15/2022,661845,58,100,2022
57,668948,"McCarty, Kirk",7/31/2022,661869,57,100,2022
57,643410,"Leiter Jr., Mark",7/2/2022,663198,57,100,2022
57,663546,"Hjelle, Sean",7/3/2022,662099,57,100,2022
57,607179,"Weems, Jordan",8/6/2022,661561,57,100,2022
57,657053,"Toussaint, Touki",7/30/2022,663378,57,100,2022
56,663372,"Feltner, Ryan",7/29/2022,661076,56,100,2022
56,596295,"Gomber, Austin",7/24/2022,661184,56,100,2022
56,656232,"Bielak, Brandon",6/18/2022,662752,56,100,2022
56,664944,"Vieaux, Cam",7/1/2022,661104,56,100,2022
56,543548,"Milone, Tommy",6/18/2022,662170,56,100,2022
56,592716,"Sampson, Adrian",6/19/2022,663218,56,100,2022
56,657376,"Schmidt, Clarke",7/24/2022,661056,56,100,2022
56,659262,"Espinoza, Anderson",8/14/2022,663021,56,100,2022
56,593619,"Tapia, Domingo",6/22/2022,662359,56,100,2022
56,656354,"Davis, Austin",6/18/2022,663255,56,100,2022
55,579328,"Kikuchi, Yusei",8/26/2022,661704,55,100,2022
55,621389,"Blach, Ty",6/2/2022,663000,55,100,2022
55,672578,"Hernández, Carlos",8/13/2022,662670,55,100,2022
55,672911,"Cruz, Jesus",6/30/2022,661579,55,100,2022
55,592761,"Smith, Caleb",6/28/2022,663344,55,100,2022
55,572070,"Richards, Garrett",8/1/2022,661820,55,100,2022
55,608652,"Farrell, Luke",8/28/2022,661168,55,100,2022
55,596295,"Gomber, Austin",8/24/2022,662877,55,100,2022
55,676050,"Naughton, Packy",8/9/2022,662979,55,100,2022
55,643493,"Pruitt, Austin",7/3/2022,662162,55,100,2022
55,656354,"Davis, Austin",8/18/2022,662413,55,100,2022
54,605463,"Scott, Tayler",7/10/2022,662198,54,100,2022
53,676641,"Sulser, Beau",7/30/2022,663025,53,100,2022
53,572703,"Bard, Luke",7/11/2022,661878,53,100,2022
53,646242,"Díaz, Jhonathan",6/2/2022,661330,53,100,2022
53,607259,"Martinez, Nick",6/22/2022,662245,53,100,2022
53,657093,"Watkins, Spenser",8/13/2022,661865,53,100,2022
52,596271,"Lawrence, Casey",7/7/2022,662156,52,100,2022
52,665001,"Kelley, Trevor",7/1/2022,661104,52,100,2022
52,596271,"Lawrence, Casey",6/17/2022,661742,52,100,2022
52,657376,"Schmidt, Clarke",7/30/2022,661255,52,100,2022
52,663558,"Moran, Jovani",8/31/2022,661649,52,100,2022
52,592866,"Williams, Trevor",8/5/2022,662418,52,100,2022
51,656970,"Smeltzer, Devin",8/28/2022,661663,51,100,2022
51,571439,"Alvarez, R.J.",8/16/2022,661495,51,100,2022
51,650204,"Ruiz, Norge",8/25/2022,662337,51,100,2022
51,592826,"Velasquez, Vince",8/18/2022,661446,51,100,2022
51,669674,"Long, Sam",7/13/2022,662107,51,100,2022
51,656271,"Burke, Brock",8/28/2022,661784,51,100,2022
51,663485,"Sands, Cole",8/7/2022,661653,51,100,2022
51,663765,"Woodford, Jake",6/4/2022,663179,51,100,2022
51,664849,"Young, Danny",8/15/2022,661497,51,100,2022
51,623211,"Brazobán, Huascar",8/13/2022,661360,51,100,2022
51,592866,"Williams, Trevor",6/28/2022,662521,51,100,2022
50,656354,"Davis, Austin",8/28/2022,663211,50,100,2022
50,693821,"Elder, Bryce",8/6/2022,662499,50,100,2022
50,688010,"Fisher, Nate",8/21/2022,661602,50,100,2022
50,643493,"Pruitt, Austin",7/10/2022,662215,50,100,2022
50,596057,"Norris, Daniel",8/30/2022,662804,50,100,2022
50,650382,"Hernández, Darwinzon",7/22/2022,663222,50,100,2022
50,657770,"Stout, Eric",8/29/2022,661167,50,100,2022
50,668868,"Thompson, Zack",6/18/2022,663255,50,100,2022
50,592826,"Velasquez, Vince",8/22/2022,662767,50,100,2022
50,658431,"Medina, Adonis",8/15/2022,661497,50,100,2022
49,621248,"Garza Jr., Ralph",6/5/2022,661895,49,100,2022
49,643493,"Pruitt, Austin",6/17/2022,662362,49,100,2022
49,643410,"Leiter Jr., Mark",7/30/2022,662112,49,100,2022
49,621368,"Hearn, Taylor",6/25/2022,661898,49,100,2022
49,658431,"Medina, Adonis",7/6/2022,663051,49,100,2022
49,650204,"Ruiz, Norge",8/22/2022,662314,49,100,2022
49,670288,"Fishman, Jake",7/31/2022,661370,49,100,2022
49,663765,"Woodford, Jake",8/30/2022,663137,49,100,2022
49,621383,"Banks, Tanner",8/6/2022,661815,49,100,2022
49,605463,"Scott, Tayler",7/4/2022,662270,49,100,2022
49,621248,"Garza Jr., Ralph",6/22/2022,661889,49,100,2022
49,676641,"Sulser, Beau",8/7/2022,661049,49,100,2022
49,476595,"Luetge, Lucas",7/8/2022,663202,49,100,2022
48,676886,"Beasley, Jeremy",7/22/2022,663222,48,100,2022
48,622694,"Hernández, Elieser",7/12/2022,661377,48,100,2022
48,676886,"Beasley, Jeremy",6/16/2022,661743,48,100,2022
48,547001,"Poteet, Cody",7/16/2022,661359,48,100,2022
48,672391,"Ort, Kaleb",8/3/2022,662725,48,100,2022
48,642232,"Yarbrough, Ryan",8/3/2022,661867,48,100,2022
48,592804,"Thornburg, Tyler",6/30/2022,662983,48,100,2022
48,663436,"Martin, Davis",7/29/2022,661406,48,100,2022
48,621074,"Rucker, Michael",6/11/2022,661276,48,100,2022
48,543901,"Weber, Ryan",6/16/2022,661326,48,100,2022
47,656232,"Bielak, Brandon",6/8/2022,662760,47,100,2022
47,596071,"Peters, Dillon",7/15/2022,661113,47,100,2022
47,657053,"Toussaint, Touki",8/25/2022,661856,47,100,2022
47,665001,"Kelley, Trevor",8/23/2022,662605,47,100,2022
47,664199,"Clarke, Taylor",6/7/2022,662678,47,100,2022
47,665001,"Kelley, Trevor",6/9/2022,661194,47,100,2022
47,606303,"Payamps, Joel",7/26/2022,662653,47,100,2022
47,670090,"Mills, Wyatt",7/9/2022,662663,47,100,2022
47,656794,"Newcomb, Sean",8/28/2022,661168,47,100,2022
47,641853,"McKay, David",7/1/2022,661725,47,100,2022
47,468504,"Chacín, Jhoulys",7/23/2022,661201,47,100,2022
47,656548,"Holloway, Jordan",7/25/2022,663046,47,100,2022
46,682051,"Hill, Garrett",8/26/2022,661786,46,100,2022
46,621219,"Mills, Alec",6/12/2022,661270,46,100,2022
46,606424,"García, Jarlín",6/23/2022,661140,46,100,2022
46,664337,"Yajure, Miguel",8/31/2022,661165,46,100,2022
46,650911,"Sánchez, Cristopher",7/10/2022,661135,46,100,2022
46,664299,"Javier, Cristian",8/26/2022,662710,46,100,2022
46,641793,"Littell, Zack",7/8/2022,662225,46,100,2022
46,621295,"Wittgren, Nick",6/2/2022,663139,46,100,2022
46,622503,"Crismatt, Nabil",8/12/2022,662551,46,100,2022
46,641853,"McKay, David",7/24/2022,662343,46,100,2022
46,666619,"Santos, Gregory",7/25/2022,663315,46,100,2022
46,665625,"Peguero, Elvis",7/1/2022,662748,46,100,2022
46,596295,"Gomber, Austin",8/2/2022,662220,46,100,2022
46,596133,"Weaver, Luke",8/23/2022,662668,46,100,2022
46,666974,"Cano, Yennier",7/27/2022,661249,46,100,2022
45,656970,"Smeltzer, Devin",8/20/2022,661670,45,100,2022
45,571710,"Givens, Mychal",6/4/2022,663152,45,100,2022
45,592866,"Williams, Trevor",7/14/2022,661101,45,100,2022
45,614179,"Ruiz, José",8/18/2022,661446,45,100,2022
45,676664,"Sears, JP",7/13/2022,661269,45,100,2022
45,572070,"Richards, Garrett",6/7/2022,663122,45,100,2022
45,570488,"Valdez, Phillips",7/11/2022,661878,45,100,2022
45,656849,"Peterson, David",6/10/2022,663390,45,100,2022
45,596295,"Gomber, Austin",6/22/2022,661393,45,100,2022
45,670955,"Uceta, Edwin",7/12/2022,662108,45,100,2022
45,669674,"Long, Sam",7/3/2022,662099,45,100,2022
45,593619,"Tapia, Domingo",8/18/2022,661787,45,100,2022
45,607179,"Weems, Jordan",6/13/2022,662505,45,100,2022
45,643410,"Leiter Jr., Mark",8/4/2022,661932,45,100,2022
45,658431,"Medina, Adonis",6/21/2022,662750,45,100,2022
44,640444,"Crowe, Wil",6/28/2022,662484,44,100,2022
44,656257,"Brigham, Jeff",7/28/2022,663027,44,100,2022
44,608718,"Suter, Brent",6/30/2022,661105,44,100,2022
44,656794,"Newcomb, Sean",6/12/2022,661270,44,100,2022
44,608648,"Duffey, Tyler",8/4/2022,661660,44,100,2022
44,608718,"Suter, Brent",7/5/2022,661187,44,100,2022
44,669461,"Liberatore, Matthew",7/12/2022,661119,44,100,2022
44,476595,"Luetge, Lucas",8/25/2022,662337,44,100,2022
44,596071,"Peters, Dillon",8/3/2022,662324,44,100,2022
44,606303,"Payamps, Joel",7/30/2022,661255,44,100,2022
44,656257,"Brigham, Jeff",8/13/2022,661428,44,100,2022
44,623451,"Stephens, Jackson",6/14/2022,662503,44,100,2022
44,519008,"McFarland, T.J.",6/8/2022,661892,44,100,2022
44,643410,"Leiter Jr., Mark",6/21/2022,661124,44,100,2022
44,572070,"Richards, Garrett",6/26/2022,661847,44,100,2022
44,669424,"Lambert, Jimmy",6/11/2022,661484,44,100,2022
44,621389,"Blach, Ty",7/1/2022,662997,44,100,2022
44,676664,"Sears, JP",7/21/2022,662775,44,100,2022
44,669920,"Alexander, Jason",8/24/2022,662604,44,100,2022
44,572070,"Richards, Garrett",8/7/2022,661835,44,100,2022
44,545343,"Head, Louis",6/3/2022,661396,44,100,2022
44,657585,"Garrett, Reed",7/5/2022,661578,44,100,2022
44,595881,"Beede, Tyler",6/14/2022,662018,44,100,2022
44,656794,"Newcomb, Sean",8/13/2022,663022,44,100,2022
44,676637,"Sanders, Phoenix",7/10/2022,663048,44,100,2022
43,656657,"Logue, Zach",8/31/2022,662465,43,100,2022
43,476595,"Luetge, Lucas",8/18/2022,661265,43,100,2022
43,669211,"Akin, Keegan",6/27/2022,662168,43,100,2022
43,543548,"Milone, Tommy",7/13/2022,662531,43,100,2022
43,606424,"García, Jarlín",6/26/2022,662061,43,100,2022
43,628708,"Marte, Yunior",7/10/2022,662198,43,100,2022
43,656234,"Bird, Jake",8/2/2022,662250,43,100,2022
43,608328,"De Jong, Chase",8/27/2022,661599,43,100,2022
43,571446,"Appel, Mark",7/12/2022,661722,43,100,2022
43,650382,"Hernández, Darwinzon",8/4/2022,662651,43,100,2022
43,656222,"Beeks, Jalen",6/1/2022,661963,43,100,2022
43,608328,"De Jong, Chase",6/22/2022,661107,43,100,2022
43,621368,"Hearn, Taylor",8/21/2022,661652,43,100,2022
43,623167,"Flexen, Chris",8/13/2022,661790,43,100,2022
43,668665,"Nogosek, Stephen",8/20/2022,661606,43,100,2022
43,670280,"Bednar, David",6/15/2022,661972,43,100,2022
42,642545,"Barria, Jaime",7/23/2022,661503,42,100,2022
42,605194,"Cotton, Jharel",7/8/2022,661843,42,100,2022
42,640444,"Crowe, Wil",6/23/2022,661106,42,100,2022
42,641656,"Hamilton, Ian",6/4/2022,661749,42,100,2022
42,659262,"Espinoza, Anderson",7/16/2022,661115,42,100,2022
42,543548,"Milone, Tommy",7/24/2022,662145,42,100,2022
42,642545,"Barria, Jaime",7/15/2022,663385,42,100,2022
42,592761,"Smith, Caleb",6/22/2022,662245,42,100,2022
42,667297,"Nance, Tommy",6/5/2022,661394,42,100,2022
42,642657,"Ogando, Cristofer",7/3/2022,661723,42,100,2022
42,650671,"Quijada, José",7/26/2022,662653,42,100,2022
42,664161,"Swarmer, Matt",6/29/2022,663215,42,100,2022
42,622251,"Staumont, Josh",8/23/2022,662668,42,100,2022
42,596295,"Gomber, Austin",6/26/2022,661692,42,100,2022
42,453268,"Bard, Daniel",6/1/2022,662991,42,100,2022
42,669912,"Snead, Kirby",7/21/2022,662411,42,100,2022
41,666721,"Castillo, Max",7/7/2022,662156,41,100,2022
41,607259,"Martinez, Nick",7/8/2022,662225,41,100,2022
41,659275,"Lamet, Dinelson",7/10/2022,662198,41,100,2022
41,608723,"Voth, Austin",7/16/2022,661873,41,100,2022
41,608717,"Stratton, Chris",8/7/2022,661948,41,100,2022
41,666808,"Doval, Camilo",7/14/2022,662109,41,100,2022
41,621381,"Strahm, Matt",6/29/2022,661727,41,100,2022
41,593619,"Tapia, Domingo",8/9/2022,662330,41,100,2022
41,596071,"Peters, Dillon",7/12/2022,661377,41,100,2022
41,544365,"Bañuelos, Manny",6/12/2022,661270,41,100,2022
41,542888,"Armstrong, Shawn",7/10/2022,663048,41,100,2022
41,541640,"Ramírez, Erasmo",7/8/2022,661522,41,100,2022
41,608328,"De Jong, Chase",8/16/2022,662302,41,100,2022
41,677053,"Nardi, Andrew",8/26/2022,661355,41,100,2022
41,596057,"Norris, Daniel",6/22/2022,661107,41,100,2022
41,621593,"Castro, Anthony",7/2/2022,662964,41,100,2022
41,681885,"Lee, Evan",6/12/2022,662542,41,100,2022
41,607609,"Ladwig, A.J.",8/13/2022,661360,41,100,2022
41,669674,"Long, Sam",6/7/2022,662092,41,100,2022
41,488984,"Hunter, Tommy",7/2/2022,662456,41,100,2022
41,656354,"Davis, Austin",7/16/2022,661259,41,100,2022
41,668665,"Nogosek, Stephen",6/8/2022,662223,41,100,2022
41,670329,"Garcia, Rico",7/24/2022,661056,41,100,2022
41,623474,"Herget, Jimmy",6/18/2022,662170,41,100,2022
41,596295,"Gomber, Austin",7/28/2022,661077,41,100,2022
41,664161,"Swarmer, Matt",6/26/2022,661969,41,100,2022
40,592858,"Wick, Rowan",7/3/2022,663186,40,100,2022
40,642231,"Yacabonis, Jimmy",7/7/2022,662508,40,100,2022
40,664854,"Helsley, Ryan",6/4/2022,663152,40,100,2022
40,667297,"Nance, Tommy",6/27/2022,661968,40,100,2022
40,661383,"Ortega, Oliver",6/11/2022,663412,40,100,2022
40,656222,"Beeks, Jalen",6/25/2022,661887,40,100,2022
40,542888,"Armstrong, Shawn",8/26/2022,663171,40,100,2022
40,641793,"Littell, Zack",6/23/2022,661140,40,100,2022
40,608328,"De Jong, Chase",7/2/2022,661103,40,100,2022
40,656234,"Bird, Jake",8/18/2022,661937,40,100,2022
40,607216,"Krehbiel, Joey",7/26/2022,661054,40,100,2022
40,650633,"King, Michael",7/2/2022,662954,40,100,2022
40,468504,"Chacín, Jhoulys",7/9/2022,663310,40,100,2022
40,573668,"Minaya, Juan",6/7/2022,661693,40,100,2022
40,622250,"Sborz, Josh",8/5/2022,661816,40,100,2022
40,669912,"Snead, Kirby",7/8/2022,662352,40,100,2022
40,641302,"Alexander, Tyler",7/23/2022,662902,40,100,2022
40,664199,"Clarke, Taylor",7/31/2022,661254,40,100,2022
40,670990,"Ramírez, Yohan",6/24/2022,663054,40,100,2022
40,667465,"Fletcher, Aaron",7/1/2022,661104,40,100,2022
40,622065,"Young, Alex",8/10/2022,662217,40,100,2022
40,660787,"De los Santos, Yerry",6/3/2022,662452,40,100,2022
40,656271,"Burke, Brock",8/13/2022,661790,40,100,2022
40,669467,"Pallante, Andre",6/15/2022,661972,40,100,2022
40,600917,"Leclerc, José",7/15/2022,661810,40,100,2022
40,621074,"Rucker, Michael",8/27/2022,661180,40,100,2022
40,661395,"Duran, Jhoan",7/16/2022,661673,40,100,2022
40,592741,"Shreve, Chasen",6/11/2022,663412,40,100,2022
40,641302,"Alexander, Tyler",7/11/2022,662661,40,100,2022
39,605182,"Clevinger, Mike",6/17/2022,662985,39,100,2022
39,621051,"Wilson, Steven",8/5/2022,662564,39,100,2022
39,502085,"Robertson, David",6/4/2022,663152,39,100,2022
39,641941,"Pagán, Emilio",8/21/2022,661652,39,100,2022
39,650893,"Cabrera, Génesis",6/22/2022,661230,39,100,2022
39,650204,"Ruiz, Norge",8/19/2022,662341,39,100,2022
39,681806,"Wantz, Andrew",6/10/2022,663390,39,100,2022
39,657265,"Strzelecki, Peter",6/24/2022,661190,39,100,2022
39,518617,"Diekman, Jake",7/17/2022,661258,39,100,2022
39,489334,"Stammen, Craig",6/11/2022,662222,39,100,2022
39,518553,"Cishek, Steve",7/27/2022,662565,39,100,2022
39,656271,"Burke, Brock",8/15/2022,661834,39,100,2022
39,665665,"Sanmartin, Reiver",8/16/2022,663019,39,100,2022
39,670124,"Oller, Adam",6/21/2022,662360,39,100,2022
39,669935,"Alexy, A.J.",7/15/2022,661810,39,100,2022
39,608349,"Knebel, Corey",6/19/2022,662553,39,100,2022
39,669211,"Akin, Keegan",8/1/2022,661820,39,100,2022
39,628708,"Marte, Yunior",7/26/2022,663314,39,100,2022
39,666974,"Cano, Yennier",6/4/2022,661749,39,100,2022
39,606424,"García, Jarlín",8/29/2022,662001,39,100,2022
39,664875,"Lawrence, Justin",8/27/2022,662442,39,100,2022
39,606303,"Payamps, Joel",8/23/2022,662339,39,100,2022
39,489334,"Stammen, Craig",6/15/2022,663155,39,100,2022
39,656820,"Padilla, Nicholas",8/23/2022,663113,39,100,2022
39,592826,"Velasquez, Vince",6/24/2022,661455,39,100,2022
39,656257,"Brigham, Jeff",7/31/2022,661370,39,100,2022
39,656354,"Davis, Austin",7/22/2022,663222,39,100,2022
39,541640,"Ramírez, Erasmo",7/27/2022,662565,39,100,2022
39,621051,"Wilson, Steven",6/6/2022,662278,39,100,2022
39,667297,"Nance, Tommy",6/20/2022,662522,39,100,2022
39,656945,"Scott, Tanner",8/11/2022,661608,39,100,2022
39,676050,"Naughton, Packy",7/5/2022,661510,39,100,2022
39,543521,"McHugh, Collin",6/24/2022,661139,39,100,2022
39,644364,"Arano, Víctor",8/12/2022,662551,39,100,2022
39,592346,"González, Chi Chi",7/2/2022,661103,39,100,2022
39,643410,"Leiter Jr., Mark",6/28/2022,663231,39,100,2022
39,621383,"Banks, Tanner",6/12/2022,661483,39,100,2022
38,661255,"López, Yoan",7/16/2022,661115,38,100,2022
38,642545,"Barria, Jaime",8/10/2022,662316,38,100,2022
38,607179,"Weems, Jordan",8/3/2022,662552,38,100,2022
38,669211,"Akin, Keegan",7/24/2022,661056,38,100,2022
38,623474,"Herget, Jimmy",6/15/2022,662694,38,100,2022
38,607259,"Martinez, Nick",8/8/2022,662218,38,100,2022
38,669804,"De Jesus, Angel",7/16/2022,662952,38,100,2022
38,592858,"Wick, Rowan",6/4/2022,663179,38,100,2022
38,661440,"Llovera, Mauricio",7/4/2022,663343,38,100,2022
38,647315,"Pop, Zach",6/1/2022,662981,38,100,2022
38,571901,"Loup, Aaron",6/24/2022,663388,38,100,2022
38,621248,"Garza Jr., Ralph",7/29/2022,661871,38,100,2022
38,592169,"Brice, Austin",7/1/2022,661104,38,100,2022
38,676477,"Whitlock, Garrett",8/31/2022,661649,38,100,2022
38,642545,"Barria, Jaime",7/28/2022,663380,38,100,2022
38,605194,"Cotton, Jharel",7/2/2022,661683,38,100,2022
38,663378,"Szapucki, Thomas",8/18/2022,662002,38,100,2022
38,596071,"Peters, Dillon",7/31/2022,662414,38,100,2022
38,596295,"Gomber, Austin",8/14/2022,662881,38,100,2022
38,545343,"Head, Louis",8/24/2022,663460,38,100,2022
38,668868,"Thompson, Zack",6/26/2022,661969,38,100,2022
38,548389,"Stripling, Ross",6/1/2022,661764,38,100,2022
38,641329,"Baker, Bryan",6/29/2022,662151,38,100,2022
38,669912,"Snead, Kirby",8/25/2022,662337,38,100,2022
38,621248,"Garza Jr., Ralph",6/28/2022,661885,38,100,2022
38,571479,"Bellatti, Andrew",8/29/2022,663332,38,100,2022
38,665645,"Castro, Kervin",8/25/2022,663240,38,100,2022
38,656793,"Nelson, Nick",6/19/2022,662553,38,100,2022
38,621389,"Blach, Ty",8/2/2022,662250,38,100,2022
38,681806,"Wantz, Andrew",7/24/2022,661502,38,100,2022
38,541640,"Ramírez, Erasmo",8/26/2022,662469,38,100,2022
38,640444,"Crowe, Wil",6/8/2022,662448,38,100,2022
38,445926,"Chavez, Jesse",7/13/2022,661505,38,100,2022
38,663485,"Sands, Cole",8/23/2022,662800,38,100,2022
38,642701,"Santana, Dennis",8/31/2022,661831,38,100,2022
38,656730,"Megill, Trevor",6/7/2022,661693,38,100,2022
38,621219,"Mills, Alec",6/15/2022,663155,38,100,2022
38,661383,"Ortega, Oliver",6/24/2022,663388,38,100,2022
38,623451,"Stephens, Jackson",6/21/2022,661142,38,100,2022
38,664161,"Swarmer, Matt",7/5/2022,661187,38,100,2022
37,623352,"Hader, Josh",8/9/2022,662246,37,100,2022
37,670912,"Oviedo, Johan",7/12/2022,661119,37,100,2022
37,595881,"Beede, Tyler",6/20/2022,661121,37,100,2022
37,596057,"Norris, Daniel",6/5/2022,663138,37,100,2022
37,643410,"Leiter Jr., Mark",6/25/2022,661970,37,100,2022
37,622786,"Tinoco, Jesus",6/18/2022,662802,37,100,2022
37,489334,"Stammen, Craig",6/6/2022,662278,37,100,2022
37,622503,"Crismatt, Nabil",8/28/2022,662638,37,100,2022
37,676886,"Beasley, Jeremy",6/3/2022,661761,37,100,2022
37,607259,"Martinez, Nick",8/4/2022,662219,37,100,2022
37,476595,"Luetge, Lucas",7/22/2022,661072,37,100,2022
37,623451,"Stephens, Jackson",8/2/2022,661496,37,100,2022
37,642207,"Williams, Devin",8/20/2022,663116,37,100,2022
37,661440,"Llovera, Mauricio",7/11/2022,662100,37,100,2022
37,542888,"Armstrong, Shawn",7/15/2022,661874,37,100,2022
37,669674,"Long, Sam",8/1/2022,662070,37,100,2022
37,606424,"García, Jarlín",8/10/2022,662217,37,100,2022
37,621249,"Underwood Jr., Duane",6/7/2022,662449,37,100,2022
37,663385,"Smith, Chad",8/3/2022,662244,37,100,2022
37,671345,"Foley, Jason",6/26/2022,663331,37,100,2022
37,595881,"Beede, Tyler",7/17/2022,661080,37,100,2022
37,668948,"McCarty, Kirk",8/4/2022,662975,37,100,2022
37,656354,"Davis, Austin",7/8/2022,663202,37,100,2022
37,623211,"Brazobán, Huascar",8/26/2022,661355,37,100,2022
37,657265,"Strzelecki, Peter",8/28/2022,661168,37,100,2022
37,572191,"Taylor, Michael A.",7/9/2022,662663,37,100,2022
37,608328,"De Jong, Chase",8/20/2022,662395,37,100,2022
37,657265,"Strzelecki, Peter",6/21/2022,661192,37,100,2022
37,641302,"Alexander, Tyler",6/14/2022,662884,37,100,2022
37,664854,"Helsley, Ryan",7/2/2022,661581,37,100,2022
37,666808,"Doval, Camilo",7/6/2022,663318,37,100,2022
37,656803,"Norwood, James",6/12/2022,661622,37,100,2022
37,659262,"Espinoza, Anderson",8/2/2022,661959,37,100,2022
37,592741,"Shreve, Chasen",6/16/2022,662535,37,100,2022
37,617228,"Sawamura, Hirokazu",8/28/2022,663211,37,100,2022
37,617228,"Sawamura, Hirokazu",7/6/2022,663244,37,100,2022
37,665665,"Sanmartin, Reiver",6/30/2022,663199,37,100,2022
36,623474,"Herget, Jimmy",8/13/2022,663372,36,100,2022
36,641329,"Baker, Bryan",6/19/2022,661074,36,100,2022
36,670124,"Oller, Adam",6/12/2022,663083,36,100,2022
36,664854,"Helsley, Ryan",6/25/2022,661970,36,100,2022
36,669211,"Akin, Keegan",6/21/2022,661198,36,100,2022
36,572070,"Richards, Garrett",6/2/2022,661934,36,100,2022
36,600917,"Leclerc, José",8/12/2022,661791,36,100,2022
36,544365,"Bañuelos, Manny",6/8/2022,661681,36,100,2022
36,608718,"Suter, Brent",8/29/2022,661167,36,100,2022
36,623474,"Herget, Jimmy",8/16/2022,663369,36,100,2022
36,446321,"Detwiler, Ross",8/29/2022,663018,36,100,2022
36,669211,"Akin, Keegan",7/5/2022,661244,36,100,2022
36,658431,"Medina, Adonis",6/17/2022,662534,36,100,2022
36,623211,"Brazobán, Huascar",7/27/2022,663028,36,100,2022
36,606149,"Gallegos, Giovanny",6/4/2022,663152,36,100,2022
36,595881,"Beede, Tyler",6/29/2022,662493,36,100,2022
36,608717,"Stratton, Chris",8/21/2022,663301,36,100,2022
36,664944,"Vieaux, Cam",8/24/2022,662371,36,100,2022
36,669022,"Gore, MacKenzie",7/25/2022,662809,36,100,2022
36,461325,"Clippard, Tyler",8/14/2022,662472,36,100,2022
36,595881,"Beede, Tyler",7/6/2022,662328,36,100,2022
36,656945,"Scott, Tanner",8/14/2022,661338,36,100,2022
36,670167,"Schreiber, John",7/27/2022,663191,36,100,2022
36,665001,"Kelley, Trevor",6/14/2022,662441,36,100,2022
36,664208,"Maton, Phil",6/10/2022,662759,36,100,2022
36,623451,"Stephens, Jackson",8/6/2022,662417,36,100,2022
36,543521,"McHugh, Collin",8/12/2022,661366,36,100,2022
36,608717,"Stratton, Chris",8/26/2022,661940,36,100,2022
36,670950,"Richards, Trevor",6/8/2022,662679,36,100,2022
36,596133,"Weaver, Luke",6/22/2022,662245,36,100,2022
36,605218,"Edwards Jr., Carl",7/17/2022,662530,36,100,2022
36,676886,"Beasley, Jeremy",6/24/2022,661190,36,100,2022
36,664076,"Cleavinger, Garrett",7/26/2022,662573,36,100,2022
36,502085,"Robertson, David",8/20/2022,661606,36,100,2022
36,663558,"Moran, Jovani",6/9/2022,661697,36,100,2022
36,596133,"Weaver, Luke",8/16/2022,661682,36,100,2022
35,657044,"Thompson, Ryan",6/29/2022,661879,35,100,2022
35,519293,"Smith, Will",7/4/2022,661511,35,100,2022
35,656271,"Burke, Brock",6/27/2022,662681,35,100,2022
35,656793,"Nelson, Nick",8/20/2022,661628,35,100,2022
35,667463,"King, John",6/18/2022,662802,35,100,2022
35,656730,"Megill, Trevor",8/27/2022,661657,35,100,2022
35,663989,"Vespi, Nick",8/2/2022,661819,35,100,2022
35,641941,"Pagán, Emilio",8/17/2022,661654,35,100,2022
35,672391,"Ort, Kaleb",8/29/2022,661651,35,100,2022
35,600921,"Machado, Andrés",6/14/2022,662503,35,100,2022
35,660853,"De Los Santos, Enyel",8/5/2022,662945,35,100,2022
35,665625,"Peguero, Elvis",7/26/2022,662653,35,100,2022
35,544365,"Bañuelos, Manny",6/17/2022,661742,35,100,2022
35,656061,"Abreu, Albert",6/27/2022,661275,35,100,2022
35,656529,"Hentges, Sam",7/13/2022,662949,35,100,2022
35,665645,"Castro, Kervin",8/14/2022,663021,35,100,2022
35,664139,"Gibaut, Ian",8/10/2022,662443,35,100,2022
35,656546,"Hoffman, Jeff",6/23/2022,663039,35,100,2022
35,670124,"Oller, Adam",6/27/2022,661275,35,100,2022
35,668338,"Miller, Tyson",6/10/2022,661485,35,100,2022
35,622250,"Sborz, Josh",8/27/2022,661785,35,100,2022
35,669211,"Akin, Keegan",6/4/2022,661346,35,100,2022
35,642545,"Barria, Jaime",8/28/2022,661773,35,100,2022
35,667297,"Nance, Tommy",6/12/2022,662758,35,100,2022
35,607259,"Martinez, Nick",7/3/2022,662684,35,100,2022
35,570666,"Cessa, Luis",6/8/2022,663050,35,100,2022
35,656730,"Megill, Trevor",8/9/2022,662562,35,100,2022
35,596043,"Mengden, Daniel",6/25/2022,662672,35,100,2022
35,681806,"Wantz, Andrew",6/14/2022,662611,35,100,2022
35,657265,"Strzelecki, Peter",6/2/2022,661340,35,100,2022
35,676760,"Marinaccio, Ron",6/7/2022,661693,35,100,2022
35,672578,"Hernández, Carlos",8/27/2022,662666,35,100,2022
35,543339,"Hudson, Daniel",6/9/2022,661458,35,100,2022
35,519043,"Moore, Matt",7/23/2022,662348,35,100,2022
35,656793,"Nelson, Nick",6/12/2022,661622,35,100,2022
35,605130,"Barlow, Scott",7/29/2022,661256,35,100,2022
35,592804,"Thornburg, Tyler",6/25/2022,661686,35,100,2022
35,664875,"Lawrence, Justin",7/28/2022,661077,35,100,2022
35,592741,"Shreve, Chasen",6/21/2022,662750,35,100,2022
35,600921,"Machado, Andrés",6/12/2022,662542,35,100,2022
35,661527,"Martinez, Seth",8/11/2022,662722,35,100,2022
35,667297,"Nance, Tommy",7/21/2022,661421,35,100,2022
35,657514,"Bernardino, Brennan",8/6/2022,662193,35,100,2022
35,468504,"Chacín, Jhoulys",8/24/2022,662877,35,100,2022
35,663855,"Hicks, Jordan",7/26/2022,661716,35,100,2022
35,643511,"Rogers, Tyler",8/26/2022,661669,35,100,2022
35,676265,"Abbott, Cory",7/13/2022,662517,35,100,2022
35,670950,"Richards, Trevor",7/24/2022,663220,35,100,2022
34,670124,"Oller, Adam",6/14/2022,663279,34,100,2022
34,622250,"Sborz, Josh",8/14/2022,661789,34,100,2022
34,672391,"Ort, Kaleb",7/22/2022,663222,34,100,2022
34,643410,"Leiter Jr., Mark",8/9/2022,661059,34,100,2022
34,596071,"Peters, Dillon",7/22/2022,662327,34,100,2022
34,663558,"Moran, Jovani",6/14/2022,662125,34,100,2022
34,643400,"Knight, Dusten",7/2/2022,661836,34,100,2022
34,650556,"Abreu, Bryan",7/13/2022,663401,34,100,2022
34,543901,"Weber, Ryan",7/16/2022,661259,34,100,2022
34,595881,"Beede, Tyler",7/31/2022,662414,34,100,2022
34,489334,"Stammen, Craig",7/1/2022,662609,34,100,2022
34,518617,"Diekman, Jake",7/13/2022,661876,34,100,2022
34,642397,"Soto, Gregory",6/16/2022,662827,34,100,2022
34,656008,"Zabala, Aneurys",8/1/2022,661369,34,100,2022
34,596001,"Junis, Jakob",7/17/2022,662059,34,100,2022
34,669270,"Kuhnel, Joel",8/22/2022,661601,34,100,2022
34,605194,"Cotton, Jharel",7/14/2022,661675,34,100,2022
34,621368,"Hearn, Taylor",8/26/2022,661786,34,100,2022
34,663855,"Hicks, Jordan",7/7/2022,661521,34,100,2022
34,606303,"Payamps, Joel",8/17/2022,661654,34,100,2022
34,676664,"Sears, JP",7/3/2022,662957,34,100,2022
34,663753,"Knehr, Reiss",6/17/2022,662985,34,100,2022
34,608328,"De Jong, Chase",8/23/2022,662383,34,100,2022
34,642231,"Yacabonis, Jimmy",6/21/2022,661148,34,100,2022
34,641793,"Littell, Zack",8/18/2022,662002,34,100,2022
34,676477,"Whitlock, Garrett",7/31/2022,663189,34,100,2022
34,621383,"Banks, Tanner",8/26/2022,661445,34,100,2022
34,665665,"Sanmartin, Reiver",8/31/2022,662995,34,100,2022
34,592866,"Williams, Trevor",6/15/2022,662480,34,100,2022
34,672578,"Hernández, Carlos",8/20/2022,661861,34,100,2022
34,669424,"Lambert, Jimmy",8/10/2022,662639,34,100,2022
34,642701,"Santana, Dennis",7/12/2022,661813,34,100,2022
34,656271,"Burke, Brock",8/4/2022,661817,34,100,2022
34,592761,"Smith, Caleb",8/29/2022,663332,34,100,2022
34,663558,"Moran, Jovani",6/28/2022,663033,34,100,2022
34,656793,"Nelson, Nick",6/5/2022,661633,34,100,2022
34,666721,"Castillo, Max",7/1/2022,661725,34,100,2022
34,669920,"Alexander, Jason",8/15/2022,661199,34,100,2022
34,606424,"García, Jarlín",8/6/2022,662308,34,100,2022
34,623352,"Hader, Josh",8/28/2022,662638,34,100,2022
34,672391,"Ort, Kaleb",7/24/2022,663220,34,100,2022
34,669674,"Long, Sam",6/25/2022,662083,34,100,2022
34,519043,"Moore, Matt",6/25/2022,661898,34,100,2022
34,656271,"Burke, Brock",7/31/2022,663377,34,100,2022
34,670950,"Richards, Trevor",8/15/2022,661707,34,100,2022
34,621074,"Rucker, Michael",8/23/2022,663163,34,100,2022
33,596082,"Reed, Jake",6/15/2022,662480,33,100,2022
33,641501,"Danish, Tyler",7/6/2022,663244,33,100,2022
33,663855,"Hicks, Jordan",8/16/2022,661955,33,100,2022
33,656730,"Megill, Trevor",7/12/2022,661688,33,100,2022
33,605521,"Warren, Art",8/24/2022,661605,33,100,2022
33,621074,"Rucker, Michael",7/5/2022,661187,33,100,2022
33,608328,"De Jong, Chase",7/14/2022,661375,33,100,2022
33,592804,"Thornburg, Tyler",6/17/2022,663335,33,100,2022
33,664199,"Clarke, Taylor",6/12/2022,662673,33,100,2022
33,623352,"Hader, Josh",7/3/2022,661102,33,100,2022
33,543521,"McHugh, Collin",8/7/2022,662416,33,100,2022
33,594311,"Gustave, Jandel",7/24/2022,661184,33,100,2022
33,656222,"Beeks, Jalen",7/12/2022,661877,33,100,2022
33,572125,"Selman, Sam",7/8/2022,662352,33,100,2022
33,503449,"Peralta, Wily",6/28/2022,662060,33,100,2022
33,622554,"Domínguez, Seranthony",7/15/2022,661374,33,100,2022
33,681806,"Wantz, Andrew",6/21/2022,663442,33,100,2022
33,628452,"Iglesias, Raisel",7/8/2022,661108,33,100,2022
33,593619,"Tapia, Domingo",7/21/2022,662411,33,100,2022
33,571656,"Farmer, Buck",8/16/2022,663019,33,100,2022
33,657770,"Stout, Eric",6/14/2022,663182,33,100,2022
33,475479,"Phelps, David",8/23/2022,663174,33,100,2022
33,621249,"Underwood Jr., Duane",8/29/2022,661167,33,100,2022
33,663385,"Smith, Chad",6/1/2022,662981,33,100,2022
33,606149,"Gallegos, Giovanny",6/10/2022,661983,33,100,2022
33,608723,"Voth, Austin",6/13/2022,661746,33,100,2022
33,666974,"Cano, Yennier",6/7/2022,661693,33,100,2022
33,669467,"Pallante, Andre",8/31/2022,662995,33,100,2022
33,608718,"Suter, Brent",6/2/2022,661340,33,100,2022
33,657376,"Schmidt, Clarke",6/8/2022,661681,33,100,2022
33,664161,"Swarmer, Matt",7/3/2022,663186,33,100,2022
33,677053,"Nardi, Andrew",8/16/2022,661357,33,100,2022
33,657585,"Garrett, Reed",6/18/2022,662500,33,100,2022
33,661395,"Duran, Jhoan",6/29/2022,663030,33,100,2022
33,621368,"Hearn, Taylor",8/2/2022,661819,33,100,2022
33,657265,"Strzelecki, Peter",6/15/2022,662480,33,100,2022
33,665665,"Sanmartin, Reiver",7/7/2022,663140,33,100,2022
33,608328,"De Jong, Chase",8/11/2022,663293,33,100,2022
33,571948,"Milner, Hoby",8/24/2022,662604,33,100,2022
33,640462,"Puk, A.J.",6/30/2022,662150,33,100,2022
33,608648,"Duffey, Tyler",6/12/2022,661679,33,100,2022
33,676534,"Faucher, Calvin",6/30/2022,661726,33,100,2022
33,663773,"Hoeing, Bryan",8/26/2022,661355,33,100,2022
33,623451,"Stephens, Jackson",8/21/2022,661480,33,100,2022
33,660636,"Castillo, Diego",6/22/2022,661107,33,100,2022
33,622694,"Hernández, Elieser",8/17/2022,661356,33,100,2022
33,621383,"Banks, Tanner",7/2/2022,662101,33,100,2022
33,518553,"Cishek, Steve",8/30/2022,662466,33,100,2022
33,445926,"Chavez, Jesse",8/23/2022,661858,33,100,2022
33,661527,"Martinez, Seth",7/4/2022,662874,33,100,2022
33,596112,"Stephenson, Robert",8/18/2022,661937,33,100,2022
33,503449,"Peralta, Wily",8/14/2022,661450,33,100,2022
33,650633,"King, Michael",6/18/2022,661748,33,100,2022
33,605194,"Cotton, Jharel",7/27/2022,661249,33,100,2022
33,681806,"Wantz, Andrew",6/3/2022,661642,33,100,2022
33,596112,"Stephenson, Robert",8/24/2022,662877,33,100,2022
33,676714,"Hughes, Brandon",7/16/2022,661114,33,100,2022
32,542888,"Armstrong, Shawn",8/18/2022,661863,32,100,2022
32,572703,"Bard, Luke",7/29/2022,661871,32,100,2022
32,676760,"Marinaccio, Ron",8/27/2022,662336,32,100,2022
32,608328,"De Jong, Chase",8/6/2022,661050,32,100,2022
32,543548,"Milone, Tommy",6/27/2022,662168,32,100,2022
32,675916,"Karinchak, James",8/17/2022,662951,32,100,2022
32,622253,"Tate, Dillon",6/23/2022,661456,32,100,2022
32,608032,"Estévez, Carlos",7/17/2022,661080,32,100,2022
32,572070,"Richards, Garrett",6/10/2022,661485,32,100,2022
32,670970,"Morejon, Adrian",8/29/2022,662001,32,100,2022
32,659275,"Lamet, Dinelson",8/14/2022,662881,32,100,2022
32,592761,"Smith, Caleb",7/30/2022,661499,32,100,2022
32,642152,"Trivino, Lou",8/21/2022,661239,32,100,2022
32,661395,"Duran, Jhoan",7/26/2022,661281,32,100,2022
32,606149,"Gallegos, Giovanny",6/25/2022,661970,32,100,2022
32,605525,"Wendelken, J.B.",6/26/2022,663331,32,100,2022
32,642545,"Barria, Jaime",8/20/2022,662917,32,100,2022
32,518886,"Kimbrel, Craig",8/29/2022,661352,32,100,2022
32,661383,"Ortega, Oliver",7/1/2022,662748,32,100,2022
32,657770,"Stout, Eric",8/20/2022,662395,32,100,2022
32,641941,"Pagán, Emilio",8/9/2022,662562,32,100,2022
32,606303,"Payamps, Joel",8/5/2022,662650,32,100,2022
32,669212,"Morgan, Eli",6/1/2022,663031,32,100,2022
32,667297,"Nance, Tommy",7/6/2022,661378,32,100,2022
32,607179,"Weems, Jordan",7/31/2022,662475,32,100,2022
32,675916,"Karinchak, James",7/12/2022,662976,32,100,2022
32,445926,"Chavez, Jesse",8/16/2022,663369,32,100,2022
32,445926,"Chavez, Jesse",7/4/2022,661511,32,100,2022
32,593619,"Tapia, Domingo",7/11/2022,661814,32,100,2022
32,670912,"Oviedo, Johan",6/22/2022,661230,32,100,2022
32,669674,"Long, Sam",6/19/2022,661122,32,100,2022
32,543766,"Shaw, Bryan",7/23/2022,661408,32,100,2022
32,656945,"Scott, Tanner",6/15/2022,661583,32,100,2022
32,596057,"Norris, Daniel",7/13/2022,663230,32,100,2022
32,669912,"Snead, Kirby",8/6/2022,662308,32,100,2022
32,660593,"Reyes, Denyi",6/3/2022,661058,32,100,2022
32,628708,"Marte, Yunior",7/3/2022,662099,32,100,2022
32,656557,"Houck, Tanner",7/9/2022,663223,32,100,2022
32,642152,"Trivino, Lou",6/25/2022,662672,32,100,2022
32,571446,"Appel, Mark",8/2/2022,661496,32,100,2022
32,669920,"Alexander, Jason",6/30/2022,661105,32,100,2022
32,572403,"VerHagen, Drew",6/4/2022,663152,32,100,2022
32,598287,"Ramirez, Noé",8/10/2022,663302,32,100,2022
32,668665,"Nogosek, Stephen",7/31/2022,661370,32,100,2022
32,656793,"Nelson, Nick",6/26/2022,662254,32,100,2022
32,489265,"Romo, Sergio",6/1/2022,661343,32,100,2022
32,640444,"Crowe, Wil",7/5/2022,662329,32,100,2022
32,519043,"Moore, Matt",8/12/2022,661791,32,100,2022
32,614179,"Ruiz, José",6/21/2022,661481,32,100,2022
32,544365,"Bañuelos, Manny",8/21/2022,662300,32,100,2022
32,592169,"Brice, Austin",8/12/2022,662111,32,100,2022
32,663423,"Thornton, Trent",7/5/2022,662354,32,100,2022
32,670280,"Bednar, David",6/19/2022,661122,32,100,2022
32,607259,"Martinez, Nick",6/29/2022,663325,32,100,2022
32,670059,"Holderman, Colin",8/21/2022,662300,32,100,2022
32,660853,"De Los Santos, Enyel",7/13/2022,662949,32,100,2022
32,669211,"Akin, Keegan",8/30/2022,662973,32,100,2022
32,600921,"Machado, Andrés",6/10/2022,662511,32,100,2022
32,665001,"Kelley, Trevor",6/22/2022,661230,32,100,2022
32,643493,"Pruitt, Austin",7/24/2022,662343,32,100,2022
32,519326,"Strickland, Hunter",6/8/2022,663050,32,100,2022
32,573009,"Mantiply, Joe",7/4/2022,663343,32,100,2022
32,656638,"Lange, Alex",6/15/2022,662883,32,100,2022
32,676714,"Hughes, Brandon",6/10/2022,661284,32,100,2022
32,519043,"Moore, Matt",6/19/2022,662807,32,100,2022
32,642397,"Soto, Gregory",8/31/2022,662903,32,100,2022
32,681806,"Wantz, Andrew",8/7/2022,662153,32,100,2022
32,670950,"Richards, Trevor",6/14/2022,661745,32,100,2022
32,622503,"Crismatt, Nabil",6/8/2022,662223,32,100,2022
32,605195,"Crick, Kyle",6/1/2022,661764,32,100,2022
32,605538,"Wisler, Matt",6/16/2022,661326,32,100,2022
32,642203,"Widener, Taylor",6/6/2022,663065,32,100,2022
32,608349,"Knebel, Corey",6/7/2022,661205,32,100,2022
32,641302,"Alexander, Tyler",7/4/2022,662841,32,100,2022
32,614179,"Ruiz, José",8/6/2022,661815,32,100,2022
31,656638,"Lange, Alex",6/5/2022,661277,31,100,2022
31,656234,"Bird, Jake",8/25/2022,662433,31,100,2022
31,643493,"Pruitt, Austin",7/21/2022,662408,31,100,2022
31,493603,"Ottavino, Adam",8/6/2022,662499,31,100,2022
31,621368,"Hearn, Taylor",8/6/2022,661815,31,100,2022
31,641501,"Danish, Tyler",7/5/2022,663245,31,100,2022
31,656945,"Scott, Tanner",7/23/2022,662436,31,100,2022
31,660787,"De los Santos, Yerry",7/8/2022,661177,31,100,2022
31,543766,"Shaw, Bryan",7/12/2022,662976,31,100,2022
31,656794,"Newcomb, Sean",8/18/2022,661109,31,100,2022
31,607259,"Martinez, Nick",8/1/2022,662224,31,100,2022
31,656061,"Abreu, Albert",6/6/2022,662613,31,100,2022
31,681810,"Warren, Austin",7/23/2022,661503,31,100,2022
31,676831,"Whitley, Kodi",6/1/2022,661982,31,100,2022
31,621593,"Castro, Anthony",6/18/2022,662686,31,100,2022
31,669461,"Liberatore, Matthew",8/23/2022,663113,31,100,2022
31,656234,"Bird, Jake",7/14/2022,661100,31,100,2022
31,656061,"Abreu, Albert",8/2/2022,661253,31,100,2022
31,542947,"Bleier, Richard",8/28/2022,661353,31,100,2022
31,543766,"Shaw, Bryan",8/15/2022,662948,31,100,2022
31,641793,"Littell, Zack",8/31/2022,662033,31,100,2022
31,643493,"Pruitt, Austin",8/30/2022,662466,31,100,2022
31,672839,"Morales, Francisco",8/2/2022,661496,31,100,2022
31,664747,"Díaz, Alexis",6/9/2022,663049,31,100,2022
31,656234,"Bird, Jake",8/9/2022,662979,31,100,2022
31,571656,"Farmer, Buck",7/13/2022,661269,31,100,2022
31,650556,"Abreu, Bryan",8/13/2022,662824,31,100,2022
31,657272,"Uelmen, Erich",8/23/2022,663163,31,100,2022
31,596112,"Stephenson, Robert",7/1/2022,662997,31,100,2022
31,621249,"Underwood Jr., Duane",8/9/2022,663303,31,100,2022
31,661440,"Llovera, Mauricio",7/15/2022,662072,31,100,2022
31,608328,"De Jong, Chase",6/17/2022,662437,31,100,2022
31,681810,"Warren, Austin",6/17/2022,662171,31,100,2022
31,573204,"Thielbar, Caleb",6/19/2022,663334,31,100,2022
31,593974,"Peralta, Wandy",8/15/2022,661283,31,100,2022
31,641302,"Alexander, Tyler",7/14/2022,663123,31,100,2022
31,600917,"Leclerc, José",7/22/2022,662344,31,100,2022
31,669912,"Snead, Kirby",8/17/2022,661788,31,100,2022
31,650893,"Cabrera, Génesis",8/26/2022,661940,31,100,2022
31,664854,"Helsley, Ryan",6/21/2022,661192,31,100,2022
31,600921,"Machado, Andrés",6/16/2022,662501,31,100,2022
31,660906,"Pérez, Francisco",6/15/2022,662504,31,100,2022
31,606303,"Payamps, Joel",6/6/2022,662613,31,100,2022
31,623465,"Phillips, Evan",6/1/2022,662721,31,100,2022
31,669467,"Pallante, Andre",8/20/2022,663291,31,100,2022
31,606625,"Moronta, Reyes",7/25/2022,662576,31,100,2022
31,656222,"Beeks, Jalen",7/9/2022,663092,31,100,2022
31,669674,"Long, Sam",7/22/2022,662589,31,100,2022
31,605218,"Edwards Jr., Carl",6/8/2022,661150,31,100,2022
31,681885,"Lee, Evan",6/17/2022,662580,31,100,2022
31,518886,"Kimbrel, Craig",7/7/2022,662730,31,100,2022
31,623211,"Brazobán, Huascar",7/30/2022,661371,31,100,2022
31,608032,"Estévez, Carlos",8/30/2022,661479,31,100,2022
31,641360,"Bickford, Phil",8/22/2022,662594,31,100,2022
31,656271,"Burke, Brock",7/4/2022,661073,31,100,2022
31,676684,"Vest, Will",8/5/2022,662811,31,100,2022
31,621249,"Underwood Jr., Duane",8/13/2022,662110,31,100,2022
31,664139,"Gibaut, Ian",7/15/2022,661116,31,100,2022
31,600921,"Machado, Andrés",6/7/2022,661169,31,100,2022
31,543521,"McHugh, Collin",7/12/2022,661506,31,100,2022
31,643511,"Rogers, Tyler",6/11/2022,662089,31,100,2022
31,666818,"Frías, Luis",8/29/2022,663332,31,100,2022
31,518553,"Cishek, Steve",6/22/2022,661246,31,100,2022
31,656546,"Hoffman, Jeff",6/1/2022,663296,31,100,2022
31,664747,"Díaz, Alexis",6/4/2022,663102,31,100,2022
30,607625,"Lugo, Seth",6/16/2022,662535,30,100,2022
30,606160,"Montero, Rafael",6/11/2022,662756,30,100,2022
30,600921,"Machado, Andrés",7/2/2022,662482,30,100,2022
30,608718,"Suter, Brent",8/6/2022,661173,30,100,2022
30,669276,"Lee, Dylan",6/13/2022,662505,30,100,2022
30,541640,"Ramírez, Erasmo",7/15/2022,662516,30,100,2022
30,670990,"Ramírez, Yohan",8/17/2022,662301,30,100,2022
30,519043,"Moore, Matt",8/20/2022,661670,30,100,2022
30,656945,"Scott, Tanner",7/28/2022,663027,30,100,2022
30,657585,"Garrett, Reed",6/16/2022,662501,30,100,2022
30,670090,"Mills, Wyatt",7/26/2022,662653,30,100,2022
30,664161,"Swarmer, Matt",7/12/2022,663187,30,100,2022
30,554340,"García, Yimi",8/27/2022,661703,30,100,2022
30,676684,"Vest, Will",6/26/2022,663331,30,100,2022
30,659275,"Lamet, Dinelson",8/9/2022,662979,30,100,2022
30,623149,"Sewald, Paul",7/8/2022,662155,30,100,2022
30,605525,"Wendelken, J.B.",6/13/2022,663345,30,100,2022
30,607216,"Krehbiel, Joey",6/24/2022,661455,30,100,2022
30,573124,"Rogers, Taylor",7/26/2022,662813,30,100,2022
30,676760,"Marinaccio, Ron",6/19/2022,661741,30,100,2022
30,614179,"Ruiz, José",6/9/2022,661458,30,100,2022
30,605521,"Warren, Art",8/20/2022,662395,30,100,2022
30,670990,"Ramírez, Yohan",8/20/2022,662395,30,100,2022
30,657272,"Uelmen, Erich",8/29/2022,661801,30,100,2022
30,656945,"Scott, Tanner",8/15/2022,661358,30,100,2022
30,570257,"Rodríguez, Joely",8/7/2022,662416,30,100,2022
30,676684,"Vest, Will",6/17/2022,662826,30,100,2022
30,669912,"Snead, Kirby",7/11/2022,661814,30,100,2022
30,641302,"Alexander, Tyler",6/17/2022,662826,30,100,2022
30,669212,"Morgan, Eli",8/25/2022,662141,30,100,2022
30,606149,"Gallegos, Giovanny",8/31/2022,662995,30,100,2022
30,628708,"Marte, Yunior",7/30/2022,662112,30,100,2022
30,670280,"Bednar, David",6/30/2022,661105,30,100,2022
30,518489,"Brasier, Ryan",6/29/2022,661727,30,100,2022
30,592761,"Smith, Caleb",7/27/2022,663294,30,100,2022
30,605195,"Crick, Kyle",6/13/2022,662828,30,100,2022
30,606424,"García, Jarlín",7/13/2022,662107,30,100,2022
30,622098,"Smith, Drew",7/13/2022,661505,30,100,2022
30,669935,"Alexy, A.J.",8/22/2022,661658,30,100,2022
30,670950,"Richards, Trevor",8/25/2022,663172,30,100,2022
30,666204,"Jiménez, Dany",8/10/2022,662316,30,100,2022
30,593619,"Tapia, Domingo",7/13/2022,661812,30,100,2022
30,623149,"Sewald, Paul",6/2/2022,661247,30,100,2022
30,670167,"Schreiber, John",8/13/2022,663176,30,100,2022
30,656546,"Hoffman, Jeff",6/29/2022,663215,30,100,2022
30,670990,"Ramírez, Yohan",8/31/2022,661165,30,100,2022
30,493603,"Ottavino, Adam",7/26/2022,662438,30,100,2022
30,650911,"Sánchez, Cristopher",8/29/2022,663332,30,100,2022
30,592826,"Velasquez, Vince",6/19/2022,662751,30,100,2022
30,461325,"Clippard, Tyler",8/12/2022,662551,30,100,2022
30,656793,"Nelson, Nick",7/24/2022,661556,30,100,2022
30,598265,"Bradley Jr., Jackie",7/8/2022,663202,30,100,2022
30,592390,"Hembree, Heath",6/18/2022,661123,30,100,2022
30,640444,"Crowe, Wil",6/15/2022,661972,30,100,2022
30,642545,"Barria, Jaime",6/10/2022,663390,30,100,2022
30,608328,"De Jong, Chase",6/25/2022,661887,30,100,2022
30,608328,"De Jong, Chase",6/12/2022,661144,30,100,2022
30,669424,"Lambert, Jimmy",7/22/2022,661409,30,100,2022
30,621248,"Garza Jr., Ralph",6/25/2022,661887,30,100,2022
30,606149,"Gallegos, Giovanny",7/23/2022,663047,30,100,2022
30,664139,"Gibaut, Ian",8/5/2022,661174,30,100,2022
30,656061,"Abreu, Albert",8/7/2022,661948,30,100,2022
30,628708,"Marte, Yunior",7/12/2022,662108,30,100,2022
30,642121,"Sulser, Cole",6/10/2022,662759,30,100,2022
30,621383,"Banks, Tanner",6/17/2022,662757,30,100,2022
30,446321,"Detwiler, Ross",6/29/2022,663215,30,100,2022
30,622098,"Smith, Drew",7/8/2022,662498,30,100,2022
30,669804,"De Jesus, Angel",7/28/2022,661714,30,100,2022
30,605347,"López, Jorge",8/5/2022,661659,30,100,2022
30,621295,"Wittgren, Nick",6/17/2022,663256,30,100,2022
30,664199,"Clarke, Taylor",6/25/2022,662672,30,100,2022
30,670090,"Mills, Wyatt",8/13/2022,662670,30,100,2022
30,677053,"Nardi, Andrew",8/20/2022,662561,30,100,2022
30,542947,"Bleier, Richard",7/28/2022,663027,30,100,2022
30,594580,"Moll, Sam",8/28/2022,662335,30,100,2022
30,656793,"Nelson, Nick",7/1/2022,661582,30,100,2022
30,607179,"Weems, Jordan",6/7/2022,661169,30,100,2022
30,641627,"Gott, Trevor",8/5/2022,661174,30,100,2022
30,607625,"Lugo, Seth",8/6/2022,662499,30,100,2022
30,670912,"Oviedo, Johan",7/4/2022,661511,30,100,2022
30,656529,"Hentges, Sam",6/26/2022,663121,30,100,2022
30,572403,"VerHagen, Drew",6/19/2022,663254,30,100,2022
30,676760,"Marinaccio, Ron",7/28/2022,661257,30,100,2022
30,453268,"Bard, Daniel",8/11/2022,662891,30,100,2022
30,642152,"Trivino, Lou",6/9/2022,663015,30,100,2022
30,665645,"Castro, Kervin",8/4/2022,661932,30,100,2022
30,642701,"Santana, Dennis",6/10/2022,661485,30,100,2022
30,571446,"Appel, Mark",7/31/2022,662414,30,100,2022
30,571901,"Loup, Aaron",8/15/2022,663370,30,100,2022
30,459429,"McGee, Jake",7/8/2022,662225,30,100,2022
30,571656,"Farmer, Buck",8/21/2022,662300,30,100,2022
30,541640,"Ramírez, Erasmo",8/7/2022,661558,30,100,2022
30,656557,"Houck, Tanner",6/7/2022,663391,30,100,2022
29,468504,"Chacín, Jhoulys",6/21/2022,661148,29,100,2022
29,658431,"Medina, Adonis",6/28/2022,662521,29,100,2022
29,656529,"Hentges, Sam",7/30/2022,661870,29,100,2022
29,664944,"Vieaux, Cam",6/17/2022,662437,29,100,2022
29,518489,"Brasier, Ryan",7/23/2022,663221,29,100,2022
29,658551,"Fernández, Junior",7/2/2022,661581,29,100,2022
29,476595,"Luetge, Lucas",6/29/2022,661263,29,100,2022
29,573204,"Thielbar, Caleb",7/13/2022,661687,29,100,2022
29,621363,"Poche, Colin",7/8/2022,663053,29,100,2022
29,670912,"Oviedo, Johan",6/15/2022,661972,29,100,2022
29,518617,"Diekman, Jake",7/3/2022,663186,29,100,2022
29,661527,"Martinez, Seth",6/3/2022,662692,29,100,2022
29,664161,"Swarmer, Matt",7/10/2022,662729,29,100,2022
29,605151,"Bradley, Archie",6/24/2022,663388,29,100,2022
29,595345,"Okert, Steven",7/9/2022,662497,29,100,2022
29,572193,"Tepera, Ryan",6/29/2022,663396,29,100,2022
29,682171,"Murfee, Penn",6/15/2022,662173,29,100,2022
29,622098,"Smith, Drew",6/24/2022,661382,29,100,2022
29,617228,"Sawamura, Hirokazu",7/10/2022,663232,29,100,2022
29,669270,"Kuhnel, Joel",7/25/2022,663046,29,100,2022
29,571882,"Law, Derek",8/3/2022,661664,29,100,2022
29,664294,"Moreta, Dauri",7/10/2022,663048,29,100,2022
29,606160,"Montero, Rafael",7/14/2022,663386,29,100,2022
29,643256,"Cimber, Adam",6/22/2022,661457,29,100,2022
29,622251,"Staumont, Josh",7/22/2022,662658,29,100,2022
29,571656,"Farmer, Buck",7/26/2022,663029,29,100,2022
29,668868,"Thompson, Zack",8/29/2022,663018,29,100,2022
29,660787,"De los Santos, Yerry",6/27/2022,662487,29,100,2022
29,593974,"Peralta, Wandy",7/15/2022,661260,29,100,2022
29,641745,"Keller, Brad",8/18/2022,661863,29,100,2022
29,606160,"Montero, Rafael",7/17/2022,662908,29,100,2022
29,669211,"Akin, Keegan",6/18/2022,661127,29,100,2022
29,605218,"Edwards Jr., Carl",6/29/2022,662493,29,100,2022
29,608349,"Knebel, Corey",8/2/2022,661496,29,100,2022
29,518886,"Kimbrel, Craig",7/29/2022,661076,29,100,2022
29,573124,"Rogers, Taylor",6/28/2022,663344,29,100,2022
29,669395,"Coleman, Dylan",8/22/2022,662767,29,100,2022
29,664854,"Helsley, Ryan",8/12/2022,661947,29,100,2022
29,622503,"Crismatt, Nabil",7/11/2022,662996,29,100,2022
29,617228,"Sawamura, Hirokazu",7/1/2022,663185,29,100,2022
29,519008,"McFarland, T.J.",8/9/2022,662979,29,100,2022
29,543507,"May, Trevor",8/9/2022,662444,29,100,2022
29,476595,"Luetge, Lucas",7/27/2022,662420,29,100,2022
29,667376,"Sánchez, Miguel",6/10/2022,662511,29,100,2022
29,656945,"Scott, Tanner",8/26/2022,661355,29,100,2022
29,670059,"Holderman, Colin",8/7/2022,661049,29,100,2022
29,570663,"Robles, Hansel",7/1/2022,663185,29,100,2022
29,622503,"Crismatt, Nabil",7/14/2022,661100,29,100,2022
29,656271,"Burke, Brock",6/2/2022,661934,29,100,2022
29,475479,"Phelps, David",8/6/2022,661662,29,100,2022
29,445926,"Chavez, Jesse",8/5/2022,662164,29,100,2022
29,664199,"Clarke, Taylor",6/10/2022,662676,29,100,2022
29,605195,"Crick, Kyle",6/9/2022,661458,29,100,2022
29,663423,"Thornton, Trent",7/3/2022,661723,29,100,2022
29,472610,"García, Luis",7/9/2022,662266,29,100,2022
29,642397,"Soto, Gregory",8/1/2022,661671,29,100,2022
29,656354,"Davis, Austin",7/26/2022,663203,29,100,2022
29,518553,"Cishek, Steve",6/13/2022,662505,29,100,2022
29,663423,"Thornton, Trent",6/25/2022,661264,29,100,2022
29,608718,"Suter, Brent",6/8/2022,661188,29,100,2022
29,596112,"Stephenson, Robert",6/5/2022,662990,29,100,2022
29,656546,"Hoffman, Jeff",6/3/2022,663119,29,100,2022
29,669211,"Akin, Keegan",7/17/2022,661872,29,100,2022
29,605288,"Houser, Adrian",8/31/2022,661165,29,100,2022
29,664747,"Díaz, Alexis",8/14/2022,663021,29,100,2022
29,571948,"Milner, Hoby",7/12/2022,661688,29,100,2022
29,621368,"Hearn, Taylor",8/16/2022,661833,29,100,2022
29,676886,"Beasley, Jeremy",6/5/2022,661747,29,100,2022
29,656730,"Megill, Trevor",8/4/2022,661660,29,100,2022
29,612434,"Castro, Miguel",6/26/2022,661273,29,100,2022
29,519293,"Smith, Will",7/15/2022,662516,29,100,2022
29,680704,"Sandlin, Nick",7/5/2022,662905,29,100,2022
29,657424,"Gage, Matt",6/21/2022,661481,29,100,2022
29,642545,"Barria, Jaime",8/24/2022,661857,29,100,2022
29,605463,"Scott, Tayler",8/12/2022,662551,29,100,2022
29,657612,"Hill, Tim",7/1/2022,662609,29,100,2022
29,571710,"Givens, Mychal",8/30/2022,662426,29,100,2022
29,642546,"Hernández, Jonathan",8/12/2022,661791,29,100,2022
29,670167,"Schreiber, John",8/1/2022,662737,29,100,2022
29,670280,"Bednar, David",6/25/2022,661887,29,100,2022
29,625643,"López, Reynaldo",6/18/2022,662752,29,100,2022
29,605463,"Scott, Tayler",7/13/2022,662895,29,100,2022
29,548384,"Raley, Brooks",6/29/2022,661879,29,100,2022
29,661255,"López, Yoan",6/22/2022,662749,29,100,2022
29,643511,"Rogers, Tyler",7/13/2022,662107,29,100,2022
29,541640,"Ramírez, Erasmo",6/18/2022,662500,29,100,2022
29,605177,"Chafin, Andrew",7/21/2022,662408,29,100,2022
29,665896,"Marte, José",7/7/2022,661091,29,100,2022
29,666374,"Brash, Matt",8/9/2022,662148,29,100,2022
29,665625,"Peguero, Elvis",7/16/2022,663415,29,100,2022
29,621248,"Garza Jr., Ralph",6/10/2022,661678,29,100,2022
29,644364,"Arano, Víctor",8/7/2022,661558,29,100,2022
29,605218,"Edwards Jr., Carl",7/3/2022,662486,29,100,2022
29,592858,"Wick, Rowan",8/24/2022,663216,29,100,2022
29,573124,"Rogers, Taylor",6/24/2022,662255,29,100,2022
29,641627,"Gott, Trevor",7/10/2022,661178,29,100,2022
29,643511,"Rogers, Tyler",7/8/2022,662225,29,100,2022
29,543238,"Gose, Anthony",6/7/2022,663134,29,100,2022
29,605280,"Holmes, Clay",6/2/2022,661329,29,100,2022
29,600917,"Leclerc, José",7/6/2022,661245,29,100,2022
29,641329,"Baker, Bryan",6/15/2022,661744,29,100,2022
29,657770,"Stout, Eric",8/13/2022,662110,29,100,2022
29,665001,"Kelley, Trevor",6/24/2022,661190,29,100,2022
29,592761,"Smith, Caleb",7/5/2022,663320,29,100,2022
29,670990,"Ramírez, Yohan",8/26/2022,661603,29,100,2022
29,476595,"Luetge, Lucas",6/9/2022,661697,29,100,2022
29,488984,"Hunter, Tommy",8/2/2022,662529,29,100,2022
29,669804,"De Jesus, Angel",7/24/2022,662901,29,100,2022
29,661527,"Martinez, Seth",8/5/2022,662945,29,100,2022
28,664139,"Gibaut, Ian",6/27/2022,663016,28,100,2022
28,656061,"Abreu, Albert",8/16/2022,661250,28,100,2022
28,621051,"Wilson, Steven",7/24/2022,662458,28,100,2022
28,608717,"Stratton, Chris",7/28/2022,662326,28,100,2022
28,621242,"Díaz, Edwin",6/12/2022,663397,28,100,2022
28,622253,"Tate, Dillon",6/25/2022,661454,28,100,2022
28,572703,"Bard, Luke",7/25/2022,661055,28,100,2022
28,605218,"Edwards Jr., Carl",6/27/2022,662487,28,100,2022
28,605194,"Cotton, Jharel",7/17/2022,661672,28,100,2022
28,656492,"Griffin, Foster",6/22/2022,663389,28,100,2022
28,642231,"Yacabonis, Jimmy",7/11/2022,661324,28,100,2022
28,593619,"Tapia, Domingo",6/4/2022,662364,28,100,2022
28,656638,"Lange, Alex",8/4/2022,662812,28,100,2022
28,608678,"Leone, Dominic",7/5/2022,663320,28,100,2022
28,642152,"Trivino, Lou",6/15/2022,663235,28,100,2022
28,608717,"Stratton, Chris",6/27/2022,662487,28,100,2022
28,605130,"Barlow, Scott",7/8/2022,662614,28,100,2022
28,656061,"Abreu, Albert",8/18/2022,661265,28,100,2022
28,667297,"Nance, Tommy",7/23/2022,662436,28,100,2022
28,641360,"Bickford, Phil",6/23/2022,663039,28,100,2022
28,488984,"Hunter, Tommy",8/5/2022,662418,28,100,2022
28,664294,"Moreta, Dauri",7/23/2022,663047,28,100,2022
28,608648,"Duffey, Tyler",6/30/2022,662983,28,100,2022
28,668665,"Nogosek, Stephen",8/16/2022,661495,28,100,2022
28,579328,"Kikuchi, Yusei",8/23/2022,663174,28,100,2022
28,670090,"Mills, Wyatt",7/4/2022,662874,28,100,2022
28,667427,"Jackson, Zach",7/12/2022,661813,28,100,2022
28,608328,"De Jong, Chase",8/3/2022,662324,28,100,2022
28,628708,"Marte, Yunior",6/24/2022,662067,28,100,2022
28,445926,"Chavez, Jesse",6/19/2022,663218,28,100,2022
28,642770,"Guerra, Javy",7/2/2022,661724,28,100,2022
28,643493,"Pruitt, Austin",8/14/2022,662801,28,100,2022
28,622786,"Tinoco, Jesus",6/15/2022,661845,28,100,2022
28,667297,"Nance, Tommy",6/1/2022,662991,28,100,2022
28,518553,"Cishek, Steve",6/15/2022,662504,28,100,2022
28,663855,"Hicks, Jordan",7/2/2022,661581,28,100,2022
28,676660,"Solomon, Jared",6/25/2022,662083,28,100,2022
28,607455,"Banda, Anthony",6/1/2022,662721,28,100,2022
28,640462,"Puk, A.J.",8/16/2022,661833,28,100,2022
28,640448,"Finnegan, Kyle",7/10/2022,661520,28,100,2022
28,518489,"Brasier, Ryan",8/9/2022,663201,28,100,2022
28,657044,"Thompson, Ryan",6/18/2022,661127,28,100,2022
28,592826,"Velasquez, Vince",6/21/2022,661481,28,100,2022
28,596133,"Weaver, Luke",8/28/2022,662638,28,100,2022
28,664747,"Díaz, Alexis",7/31/2022,663024,28,100,2022
28,663558,"Moran, Jovani",7/23/2022,662902,28,100,2022
28,621242,"Díaz, Edwin",8/4/2022,662419,28,100,2022
28,571446,"Appel, Mark",7/5/2022,661578,28,100,2022
28,606625,"Moronta, Reyes",6/26/2022,661512,28,100,2022
28,542888,"Armstrong, Shawn",8/12/2022,661866,28,100,2022
28,606149,"Gallegos, Giovanny",7/13/2022,661118,28,100,2022
28,662253,"Muñoz, Andrés",8/12/2022,661791,28,100,2022
28,664139,"Gibaut, Ian",8/27/2022,662468,28,100,2022
28,676660,"Solomon, Jared",6/7/2022,663064,28,100,2022
28,519043,"Moore, Matt",6/11/2022,661484,28,100,2022
28,605194,"Cotton, Jharel",6/22/2022,661690,28,100,2022
28,640451,"Harvey, Hunter",7/16/2022,662483,28,100,2022
28,543281,"Harrison, Josh",8/18/2022,661446,28,100,2022
28,663989,"Vespi, Nick",7/25/2022,661055,28,100,2022
28,612434,"Castro, Miguel",7/8/2022,663202,28,100,2022
28,676684,"Vest, Will",7/23/2022,662902,28,100,2022
28,617228,"Sawamura, Hirokazu",7/26/2022,663203,28,100,2022
28,518617,"Diekman, Jake",6/7/2022,663391,28,100,2022
28,621074,"Rucker, Michael",8/14/2022,663021,28,100,2022
28,489334,"Stammen, Craig",6/19/2022,662998,28,100,2022
28,571948,"Milner, Hoby",6/22/2022,661230,28,100,2022
28,625643,"López, Reynaldo",6/20/2022,661482,28,100,2022
28,606303,"Payamps, Joel",8/12/2022,662671,28,100,2022
28,621363,"Poche, Colin",7/27/2022,661053,28,100,2022
28,605447,"Romano, Jordan",6/19/2022,661741,28,100,2022
28,592866,"Williams, Trevor",8/14/2022,662427,28,100,2022
28,608648,"Duffey, Tyler",6/5/2022,661747,28,100,2022
28,544727,"Familia, Jeurys",6/21/2022,661846,28,100,2022
28,661395,"Duran, Jhoan",6/2/2022,662832,28,100,2022
28,605447,"Romano, Jordan",8/25/2022,663172,28,100,2022
28,656557,"Houck, Tanner",7/15/2022,661260,28,100,2022
28,664076,"Cleavinger, Garrett",8/30/2022,661351,28,100,2022
28,608349,"Knebel, Corey",8/6/2022,661561,28,100,2022
28,656464,"Ginkel, Kevin",8/19/2022,663292,28,100,2022
28,544727,"Familia, Jeurys",8/25/2022,663172,28,100,2022
28,669276,"Lee, Dylan",8/30/2022,661479,28,100,2022
28,675916,"Karinchak, James",7/4/2022,662906,28,100,2022
28,541640,"Ramírez, Erasmo",8/17/2022,662470,28,100,2022
28,670970,"Morejon, Adrian",6/19/2022,662998,28,100,2022
28,592773,"Stanek, Ryne",7/13/2022,663401,28,100,2022
28,503449,"Peralta, Wily",6/12/2022,662829,28,100,2022
28,665665,"Sanmartin, Reiver",6/18/2022,663062,28,100,2022
28,672391,"Ort, Kaleb",7/10/2022,663232,28,100,2022
28,607216,"Krehbiel, Joey",8/18/2022,661109,28,100,2022
28,670090,"Mills, Wyatt",7/30/2022,661255,28,100,2022
28,592858,"Wick, Rowan",7/16/2022,661114,28,100,2022
28,680704,"Sandlin, Nick",6/15/2022,662893,28,100,2022
28,605347,"López, Jorge",6/29/2022,662151,28,100,2022
28,517008,"Colomé, Alex",7/24/2022,661184,28,100,2022
28,608648,"Duffey, Tyler",7/30/2022,662196,28,100,2022
28,518617,"Diekman, Jake",6/25/2022,663042,28,100,2022
28,641360,"Bickford, Phil",7/5/2022,662731,28,100,2022
28,656458,"Gilbreath, Lucas",8/26/2022,662432,28,100,2022
28,641582,"Foster, Matt",6/17/2022,662757,28,100,2022
28,572703,"Bard, Luke",6/8/2022,661892,28,100,2022
28,503449,"Peralta, Wily",7/3/2022,662794,28,100,2022
28,663158,"Suarez, Robert",8/10/2022,662217,28,100,2022
28,592761,"Smith, Caleb",6/1/2022,663326,28,100,2022
28,614179,"Ruiz, José",6/25/2022,661454,28,100,2022
28,592826,"Velasquez, Vince",7/3/2022,662099,28,100,2022
28,598264,"Barnes, Matt",8/30/2022,661648,28,100,2022
28,664139,"Gibaut, Ian",8/15/2022,663020,28,100,2022
28,573009,"Mantiply, Joe",6/25/2022,663346,28,100,2022
28,670970,"Morejon, Adrian",8/20/2022,662180,28,100,2022
28,445276,"Jansen, Kenley",6/26/2022,661512,28,100,2022
28,502085,"Robertson, David",6/10/2022,661284,28,100,2022
28,666808,"Doval, Camilo",8/23/2022,662914,28,100,2022
28,608718,"Suter, Brent",7/10/2022,661178,28,100,2022
28,623474,"Herget, Jimmy",8/21/2022,662805,28,100,2022
28,664139,"Gibaut, Ian",7/7/2022,663071,28,100,2022
28,623149,"Sewald, Paul",7/26/2022,662184,28,100,2022
28,592858,"Wick, Rowan",8/27/2022,661180,28,100,2022
28,666808,"Doval, Camilo",8/27/2022,661657,28,100,2022
28,608648,"Duffey, Tyler",6/24/2022,661684,28,100,2022
28,670955,"Uceta, Edwin",8/20/2022,663291,28,100,2022
28,665665,"Sanmartin, Reiver",8/29/2022,663018,28,100,2022
28,641941,"Pagán, Emilio",8/26/2022,661669,28,100,2022
28,600921,"Machado, Andrés",7/27/2022,662565,28,100,2022
28,656638,"Lange, Alex",7/24/2022,662901,28,100,2022
28,593576,"Neris, Héctor",8/23/2022,662800,28,100,2022
28,621237,"Alvarado, José",8/23/2022,661600,28,100,2022
28,650671,"Quijada, José",7/8/2022,661108,28,100,2022
28,642545,"Barria, Jaime",7/10/2022,661092,28,100,2022
28,600917,"Leclerc, José",6/18/2022,662802,28,100,2022
28,605463,"Scott, Tayler",8/2/2022,662220,28,100,2022
28,573124,"Rogers, Taylor",7/23/2022,662495,28,100,2022
28,658551,"Fernández, Junior",7/26/2022,661716,28,100,2022
27,643377,"Jax, Griffin",6/21/2022,661677,27,100,2022
27,542914,"Bass, Anthony",7/24/2022,662357,27,100,2022
27,519008,"McFarland, T.J.",6/2/2022,663139,27,100,2022
27,445926,"Chavez, Jesse",6/11/2022,661160,27,100,2022
27,670090,"Mills, Wyatt",8/16/2022,661682,27,100,2022
27,489334,"Stammen, Craig",6/23/2022,662227,27,100,2022
27,643230,"Brault, Steven",8/17/2022,662470,27,100,2022
27,676534,"Faucher, Calvin",6/10/2022,661678,27,100,2022
27,641682,"Hendrix, Ryan",8/8/2022,662445,27,100,2022
27,643316,"Fry, Paul",6/1/2022,663326,27,100,2022
27,670990,"Ramírez, Yohan",8/8/2022,663304,27,100,2022
27,669212,"Morgan, Eli",7/13/2022,662949,27,100,2022
27,641360,"Bickford, Phil",7/10/2022,662729,27,100,2022
27,622098,"Smith, Drew",6/4/2022,662687,27,100,2022
27,667463,"King, John",6/26/2022,661847,27,100,2022
27,621366,"Borucki, Ryan",7/17/2022,661821,27,100,2022
27,523260,"Kelly, Joe",7/2/2022,662101,27,100,2022
27,622253,"Tate, Dillon",6/2/2022,661247,27,100,2022
27,621237,"Alvarado, José",7/25/2022,661555,27,100,2022
27,622694,"Hernández, Elieser",7/15/2022,661374,27,100,2022
27,656529,"Hentges, Sam",7/10/2022,662662,27,100,2022
27,676477,"Whitlock, Garrett",8/12/2022,663177,27,100,2022
27,621016,"Cuas, Jose",6/11/2022,662674,27,100,2022
27,663855,"Hicks, Jordan",8/11/2022,662891,27,100,2022
27,617228,"Sawamura, Hirokazu",7/3/2022,663186,27,100,2022
27,598287,"Ramirez, Noé",7/5/2022,663320,27,100,2022
27,656234,"Bird, Jake",7/11/2022,662996,27,100,2022
27,547973,"Chapman, Aroldis",7/10/2022,663232,27,100,2022
27,608032,"Estévez, Carlos",6/29/2022,662894,27,100,2022
27,663423,"Thornton, Trent",6/14/2022,661745,27,100,2022
27,672391,"Ort, Kaleb",7/30/2022,663192,27,100,2022
27,657265,"Strzelecki, Peter",8/15/2022,661199,27,100,2022
27,666374,"Brash, Matt",7/13/2022,662531,27,100,2022
27,660600,"Paredes, Enoli",6/28/2022,662521,27,100,2022
27,607625,"Lugo, Seth",6/5/2022,662612,27,100,2022
27,642545,"Barria, Jaime",6/20/2022,663443,27,100,2022
27,657272,"Uelmen, Erich",7/31/2022,662071,27,100,2022
27,544727,"Familia, Jeurys",8/27/2022,663170,27,100,2022
27,605194,"Cotton, Jharel",8/1/2022,661671,27,100,2022
27,665625,"Peguero, Elvis",7/29/2022,663379,27,100,2022
27,593619,"Tapia, Domingo",8/13/2022,662824,27,100,2022
27,672582,"Zerpa, Angel",7/11/2022,662661,27,100,2022
27,543766,"Shaw, Bryan",7/4/2022,662841,27,100,2022
27,573668,"Minaya, Juan",7/1/2022,661691,27,100,2022
27,623474,"Herget, Jimmy",8/9/2022,662330,27,100,2022
27,606303,"Payamps, Joel",7/12/2022,662660,27,100,2022
27,475479,"Phelps, David",6/20/2022,661482,27,100,2022
27,519293,"Smith, Will",8/18/2022,661446,27,100,2022
27,605218,"Edwards Jr., Carl",8/9/2022,661059,27,100,2022
27,621051,"Wilson, Steven",8/2/2022,662220,27,100,2022
27,665625,"Peguero, Elvis",7/10/2022,661092,27,100,2022
27,656546,"Hoffman, Jeff",7/16/2022,661966,27,100,2022
27,643511,"Rogers, Tyler",6/29/2022,662080,27,100,2022
27,661395,"Duran, Jhoan",6/21/2022,661677,27,100,2022
27,676477,"Whitlock, Garrett",8/6/2022,662649,27,100,2022
27,665896,"Marte, José",8/26/2022,661704,27,100,2022
27,489334,"Stammen, Craig",7/4/2022,662270,27,100,2022
27,669212,"Morgan, Eli",6/19/2022,662590,27,100,2022
27,656970,"Smeltzer, Devin",8/24/2022,662799,27,100,2022
27,600917,"Leclerc, José",7/3/2022,662509,27,100,2022
27,676477,"Whitlock, Garrett",7/28/2022,663200,27,100,2022
27,650671,"Quijada, José",6/25/2022,663441,27,100,2022
27,628452,"Iglesias, Raisel",6/5/2022,661633,27,100,2022
27,656546,"Hoffman, Jeff",6/19/2022,663061,27,100,2022
27,640451,"Harvey, Hunter",8/30/2022,662466,27,100,2022
27,672391,"Ort, Kaleb",7/16/2022,661259,27,100,2022
27,670912,"Oviedo, Johan",7/16/2022,661966,27,100,2022
27,664208,"Maton, Phil",8/19/2022,661492,27,100,2022
27,650556,"Abreu, Bryan",8/28/2022,661089,27,100,2022
27,663765,"Woodford, Jake",8/11/2022,662891,27,100,2022
27,605218,"Edwards Jr., Carl",8/6/2022,661561,27,100,2022
27,641582,"Foster, Matt",7/27/2022,661078,27,100,2022
27,621074,"Rucker, Michael",8/31/2022,661779,27,100,2022
27,622253,"Tate, Dillon",7/27/2022,661053,27,100,2022
27,642397,"Soto, Gregory",7/4/2022,662906,27,100,2022
27,681911,"Vesia, Alex",8/10/2022,662575,27,100,2022
27,621051,"Wilson, Steven",8/24/2022,662212,27,100,2022
27,675916,"Karinchak, James",8/10/2022,662791,27,100,2022
27,656945,"Scott, Tanner",7/13/2022,661376,27,100,2022
27,663436,"Martin, Davis",6/21/2022,661481,27,100,2022
27,621237,"Alvarado, José",7/29/2022,662435,27,100,2022
27,669211,"Akin, Keegan",6/12/2022,662673,27,100,2022
27,543238,"Gose, Anthony",7/2/2022,662964,27,100,2022
27,665625,"Peguero, Elvis",7/13/2022,663401,27,100,2022
27,542914,"Bass, Anthony",7/29/2022,661372,27,100,2022
27,670970,"Morejon, Adrian",8/26/2022,662667,27,100,2022
27,493603,"Ottavino, Adam",6/17/2022,662534,27,100,2022
27,543548,"Milone, Tommy",6/22/2022,662359,27,100,2022
27,592773,"Stanek, Ryne",8/12/2022,662817,27,100,2022
27,647315,"Pop, Zach",7/25/2022,663046,27,100,2022
27,571670,"Floro, Dylan",8/5/2022,661063,27,100,2022
27,663986,"Stephan, Trevor",8/3/2022,662946,27,100,2022
27,502202,"Boxberger, Brad",8/30/2022,661166,27,100,2022
27,663432,"Rainey, Tanner",6/4/2022,663102,27,100,2022
27,502202,"Boxberger, Brad",7/24/2022,661184,27,100,2022
27,669276,"Lee, Dylan",7/17/2022,662530,27,100,2022
27,663804,"Kowar, Jackson",7/14/2022,661720,27,100,2022
27,663558,"Moran, Jovani",6/3/2022,661761,27,100,2022
27,660853,"De Los Santos, Enyel",7/30/2022,661870,27,100,2022
27,628708,"Marte, Yunior",8/10/2022,662217,27,100,2022
27,595881,"Beede, Tyler",6/7/2022,662449,27,100,2022
27,672391,"Ort, Kaleb",7/17/2022,661258,27,100,2022
27,642545,"Barria, Jaime",8/14/2022,663371,27,100,2022
27,545343,"Head, Louis",6/12/2022,662758,27,100,2022
27,518886,"Kimbrel, Craig",6/14/2022,662611,27,100,2022
27,543507,"May, Trevor",8/17/2022,661494,27,100,2022
27,665896,"Marte, José",7/15/2022,663385,27,100,2022
27,489265,"Romo, Sergio",6/18/2022,662170,27,100,2022
27,676714,"Hughes, Brandon",8/26/2022,661189,27,100,2022
27,605130,"Barlow, Scott",6/8/2022,662679,27,100,2022
27,605130,"Barlow, Scott",8/1/2022,661387,27,100,2022
27,671345,"Foley, Jason",7/3/2022,662794,27,100,2022
27,643377,"Jax, Griffin",6/8/2022,661681,27,100,2022
27,607259,"Martinez, Nick",8/29/2022,662001,27,100,2022
27,656322,"Coonrod, Sam",8/19/2022,661607,27,100,2022
27,592773,"Stanek, Ryne",7/6/2022,662747,27,100,2022
27,664942,"Naile, James",7/4/2022,661511,27,100,2022
27,600917,"Leclerc, José",7/30/2022,663378,27,100,2022
27,468504,"Chacín, Jhoulys",6/5/2022,662990,27,100,2022
27,640448,"Finnegan, Kyle",8/13/2022,662473,27,100,2022
27,493603,"Ottavino, Adam",6/4/2022,662687,27,100,2022
27,593974,"Peralta, Wandy",8/7/2022,661948,27,100,2022
27,640462,"Puk, A.J.",6/25/2022,662672,27,100,2022
27,665665,"Sanmartin, Reiver",7/14/2022,661261,27,100,2022
27,521230,"Hendriks, Liam",7/26/2022,661079,27,100,2022
27,621016,"Cuas, Jose",7/16/2022,661718,27,100,2022
27,596082,"Reed, Jake",6/11/2022,663412,27,100,2022
27,642165,"VanMeter, Josh",7/6/2022,662328,27,100,2022
27,598287,"Ramirez, Noé",7/9/2022,663310,27,100,2022
27,660787,"De los Santos, Yerry",8/3/2022,662324,27,100,2022
27,676714,"Hughes, Brandon",7/1/2022,663185,27,100,2022
27,643410,"Leiter Jr., Mark",8/15/2022,662471,27,100,2022
27,669212,"Morgan, Eli",6/5/2022,661151,27,100,2022
27,593576,"Neris, Héctor",6/5/2022,662688,27,100,2022
27,518617,"Diekman, Jake",6/11/2022,662128,27,100,2022
27,571948,"Milner, Hoby",6/3/2022,661334,27,100,2022
27,642585,"Bautista, Félix",8/23/2022,663461,27,100,2022
27,542888,"Armstrong, Shawn",8/9/2022,661182,27,100,2022
26,643493,"Pruitt, Austin",6/8/2022,661515,26,100,2022
26,621011,"Schrock, Max",6/30/2022,663199,26,100,2022
26,456034,"Price, David",8/5/2022,662564,26,100,2022
26,608665,"Graveman, Kendall",6/10/2022,661485,26,100,2022
26,519151,"Pressly, Ryan",6/23/2022,661325,26,100,2022
26,670036,"Festa, Matt",7/30/2022,662738,26,100,2022
26,660787,"De los Santos, Yerry",7/25/2022,661065,26,100,2022
26,647315,"Pop, Zach",7/11/2022,661324,26,100,2022
26,571479,"Bellatti, Andrew",7/10/2022,661135,26,100,2022
26,663986,"Stephan, Trevor",6/17/2022,662719,26,100,2022
26,518553,"Cishek, Steve",6/10/2022,662511,26,100,2022
26,502202,"Boxberger, Brad",7/4/2022,661181,26,100,2022
26,643256,"Cimber, Adam",6/19/2022,661741,26,100,2022
26,501925,"Smith, Joe",6/9/2022,661697,26,100,2022
26,600921,"Machado, Andrés",8/1/2022,662474,26,100,2022
26,675916,"Karinchak, James",7/25/2022,663219,26,100,2022
26,663385,"Smith, Chad",6/15/2022,662893,26,100,2022
26,607216,"Krehbiel, Joey",7/22/2022,661072,26,100,2022
26,592761,"Smith, Caleb",6/11/2022,661614,26,100,2022
26,459429,"McGee, Jake",8/3/2022,662324,26,100,2022
26,669212,"Morgan, Eli",8/3/2022,662946,26,100,2022
26,605347,"López, Jorge",6/2/2022,661247,26,100,2022
26,502202,"Boxberger, Brad",7/26/2022,661281,26,100,2022
26,660787,"De los Santos, Yerry",7/11/2022,661324,26,100,2022
26,519326,"Strickland, Hunter",6/4/2022,663102,26,100,2022
26,681885,"Lee, Evan",6/7/2022,661169,26,100,2022
26,641329,"Baker, Bryan",8/20/2022,661043,26,100,2022
26,642207,"Williams, Devin",8/29/2022,661167,26,100,2022
26,501925,"Smith, Joe",6/23/2022,661685,26,100,2022
26,660813,"Graterol, Brusdar",6/5/2022,662612,26,100,2022
26,670059,"Holderman, Colin",6/2/2022,662693,26,100,2022
26,656257,"Brigham, Jeff",8/6/2022,661062,26,100,2022
26,617228,"Sawamura, Hirokazu",6/18/2022,663255,26,100,2022
26,592804,"Thornburg, Tyler",6/12/2022,661679,26,100,2022
26,621051,"Wilson, Steven",6/21/2022,662248,26,100,2022
26,656730,"Megill, Trevor",8/14/2022,663371,26,100,2022
26,519043,"Moore, Matt",8/4/2022,661817,26,100,2022
26,668868,"Thompson, Zack",6/21/2022,661192,26,100,2022
26,621248,"Garza Jr., Ralph",7/2/2022,661836,26,100,2022
26,641745,"Keller, Brad",8/21/2022,661860,26,100,2022
26,669270,"Kuhnel, Joel",7/10/2022,663048,26,100,2022
26,656529,"Hentges, Sam",8/5/2022,662945,26,100,2022
26,607455,"Banda, Anthony",6/14/2022,661973,26,100,2022
26,518489,"Brasier, Ryan",8/19/2022,661044,26,100,2022
26,606303,"Payamps, Joel",6/12/2022,662673,26,100,2022
26,605194,"Cotton, Jharel",6/11/2022,661680,26,100,2022
26,656271,"Burke, Brock",6/8/2022,663055,26,100,2022
26,682171,"Murfee, Penn",6/1/2022,661343,26,100,2022
26,493603,"Ottavino, Adam",8/23/2022,661237,26,100,2022
26,607179,"Weems, Jordan",7/26/2022,662573,26,100,2022
26,650893,"Cabrera, Génesis",6/19/2022,663254,26,100,2022
26,664747,"Díaz, Alexis",8/27/2022,662468,26,100,2022
26,593974,"Peralta, Wandy",6/2/2022,661330,26,100,2022
26,663423,"Thornton, Trent",6/18/2022,661748,26,100,2022
26,663558,"Moran, Jovani",7/15/2022,661674,26,100,2022
26,656458,"Gilbreath, Lucas",7/11/2022,662996,26,100,2022
26,664208,"Maton, Phil",8/18/2022,661446,26,100,2022
26,656234,"Bird, Jake",8/13/2022,662882,26,100,2022
26,489265,"Romo, Sergio",6/6/2022,662762,26,100,2022
26,598264,"Barnes, Matt",8/21/2022,661051,26,100,2022
26,595345,"Okert, Steven",7/8/2022,662498,26,100,2022
26,571882,"Law, Derek",7/30/2022,661712,26,100,2022
26,675916,"Karinchak, James",7/9/2022,662663,26,100,2022
26,665625,"Peguero, Elvis",7/5/2022,661379,26,100,2022
26,502202,"Boxberger, Brad",6/23/2022,661183,26,100,2022
26,571616,"Dermody, Matt",8/4/2022,661932,26,100,2022
26,502085,"Robertson, David",7/8/2022,662610,26,100,2022
26,669424,"Lambert, Jimmy",6/14/2022,662884,26,100,2022
26,456034,"Price, David",8/26/2022,661355,26,100,2022
26,657265,"Strzelecki, Peter",8/30/2022,661166,26,100,2022
26,656685,"Martin, Brett",8/1/2022,661820,26,100,2022
26,641582,"Foster, Matt",6/22/2022,661457,26,100,2022
26,502085,"Robertson, David",7/2/2022,663198,26,100,2022
26,621345,"Minter, A.J.",6/22/2022,661141,26,100,2022
26,661269,"Gutierrez, Vladimir",6/3/2022,663119,26,100,2022
26,656803,"Norwood, James",6/9/2022,661194,26,100,2022
26,605347,"López, Jorge",7/27/2022,661053,26,100,2022
26,628708,"Marte, Yunior",7/15/2022,662072,26,100,2022
26,676477,"Whitlock, Garrett",8/9/2022,663201,26,100,2022
26,656222,"Beeks, Jalen",8/19/2022,661862,26,100,2022
26,608678,"Leone, Dominic",6/28/2022,662060,26,100,2022
26,640462,"Puk, A.J.",6/15/2022,663235,26,100,2022
26,456713,"Bush, Matt",6/19/2022,662807,26,100,2022
26,543272,"Hand, Brad",6/28/2022,661580,26,100,2022
26,455119,"Martin, Chris",7/10/2022,662729,26,100,2022
26,650895,"Castillo, Diego",6/2/2022,661247,26,100,2022
26,607216,"Krehbiel, Joey",8/28/2022,661089,26,100,2022
26,502085,"Robertson, David",7/16/2022,661114,26,100,2022
26,642397,"Soto, Gregory",8/7/2022,662810,26,100,2022
26,608648,"Duffey, Tyler",7/9/2022,661842,26,100,2022
26,544365,"Bañuelos, Manny",8/28/2022,661598,26,100,2022
26,628452,"Iglesias, Raisel",7/30/2022,663378,26,100,2022
26,672391,"Ort, Kaleb",8/9/2022,663201,26,100,2022
26,621295,"Wittgren, Nick",6/8/2022,661892,26,100,2022
26,667376,"Sánchez, Miguel",6/21/2022,661192,26,100,2022
26,592094,"Adam, Jason",6/5/2022,661895,26,100,2022
26,656793,"Nelson, Nick",8/16/2022,663019,26,100,2022
26,608328,"De Jong, Chase",6/1/2022,662721,26,100,2022
26,669467,"Pallante, Andre",8/17/2022,661938,26,100,2022
26,621016,"Cuas, Jose",7/7/2022,662746,26,100,2022
26,554431,"Matzek, Tyler",8/6/2022,662499,26,100,2022
26,641329,"Baker, Bryan",8/24/2022,663460,26,100,2022
26,656638,"Lange, Alex",8/28/2022,661784,26,100,2022
26,669711,"Weissert, Greg",8/28/2022,662335,26,100,2022
26,595345,"Okert, Steven",6/14/2022,661616,26,100,2022
26,554340,"García, Yimi",8/24/2022,663173,26,100,2022
26,476595,"Luetge, Lucas",7/5/2022,662329,26,100,2022
26,523260,"Kelly, Joe",7/4/2022,661452,26,100,2022
26,628708,"Marte, Yunior",7/23/2022,662608,26,100,2022
26,664139,"Gibaut, Ian",7/9/2022,663092,26,100,2022
26,656458,"Gilbreath, Lucas",7/22/2022,661193,26,100,2022
26,622503,"Crismatt, Nabil",6/24/2022,662255,26,100,2022
26,661527,"Martinez, Seth",7/24/2022,662145,26,100,2022
26,666204,"Jiménez, Dany",6/1/2022,662366,26,100,2022
26,596133,"Weaver, Luke",7/26/2022,663314,26,100,2022
26,663986,"Stephan, Trevor",8/23/2022,662213,26,100,2022
26,680704,"Sandlin, Nick",6/7/2022,663134,26,100,2022
26,669270,"Kuhnel, Joel",8/14/2022,663021,26,100,2022
26,669211,"Akin, Keegan",8/14/2022,661864,26,100,2022
26,657770,"Stout, Eric",6/15/2022,663155,26,100,2022
26,445276,"Jansen, Kenley",7/29/2022,661501,26,100,2022
26,475479,"Phelps, David",8/28/2022,661773,26,100,2022
26,681911,"Vesia, Alex",6/9/2022,661458,26,100,2022
26,656354,"Davis, Austin",8/7/2022,662648,26,100,2022
26,570666,"Cessa, Luis",6/18/2022,663062,26,100,2022
26,681806,"Wantz, Andrew",6/8/2022,663398,26,100,2022
26,647315,"Pop, Zach",6/28/2022,661967,26,100,2022
26,669674,"Long, Sam",6/2/2022,661397,26,100,2022
26,664854,"Helsley, Ryan",7/7/2022,661521,26,100,2022
26,572070,"Richards, Garrett",8/11/2022,662722,26,100,2022
26,670970,"Morejon, Adrian",6/22/2022,662245,26,100,2022
26,670950,"Richards, Trevor",6/3/2022,661761,26,100,2022
26,472610,"García, Luis",7/5/2022,662226,26,100,2022
26,670329,"Garcia, Rico",6/13/2022,661746,26,100,2022
26,650633,"King, Michael",7/9/2022,663223,26,100,2022
26,665001,"Kelley, Trevor",6/18/2022,663062,26,100,2022
26,642701,"Santana, Dennis",8/27/2022,661785,26,100,2022
26,669467,"Pallante, Andre",8/10/2022,662892,26,100,2022
26,657571,"Ferguson, Caleb",8/24/2022,662604,26,100,2022
26,544365,"Bañuelos, Manny",8/31/2022,661165,26,100,2022
26,518886,"Kimbrel, Craig",7/14/2022,661117,26,100,2022
26,617228,"Sawamura, Hirokazu",7/29/2022,663190,26,100,2022
26,600917,"Leclerc, José",8/26/2022,661786,26,100,2022
26,663989,"Vespi, Nick",7/4/2022,661073,26,100,2022
26,642397,"Soto, Gregory",6/5/2022,661277,26,100,2022
26,606149,"Gallegos, Giovanny",6/28/2022,661967,26,100,2022
26,573668,"Minaya, Juan",7/3/2022,661689,26,100,2022
26,518886,"Kimbrel, Craig",7/31/2022,662988,26,100,2022
26,656849,"Peterson, David",7/24/2022,662458,26,100,2022
26,656271,"Burke, Brock",8/23/2022,662876,26,100,2022
26,643377,"Jax, Griffin",7/4/2022,661452,26,100,2022
26,661527,"Martinez, Seth",6/8/2022,662760,26,100,2022
26,664208,"Maton, Phil",8/13/2022,662824,26,100,2022
25,623149,"Sewald, Paul",6/12/2022,662127,25,100,2022
25,662253,"Muñoz, Andrés",7/28/2022,662907,25,100,2022
25,605218,"Edwards Jr., Carl",6/24/2022,661844,25,100,2022
25,662253,"Muñoz, Andrés",8/2/2022,661253,25,100,2022
25,643493,"Pruitt, Austin",7/26/2022,662346,25,100,2022
25,571479,"Bellatti, Andrew",8/19/2022,661607,25,100,2022
25,542914,"Bass, Anthony",6/1/2022,662991,25,100,2022
25,681806,"Wantz, Andrew",7/7/2022,661091,25,100,2022
25,676760,"Marinaccio, Ron",8/17/2022,661266,25,100,2022
25,453343,"Melancon, Mark",6/28/2022,663344,25,100,2022
25,642121,"Sulser, Cole",8/28/2022,661353,25,100,2022
25,456034,"Price, David",8/23/2022,662605,25,100,2022
25,641729,"Jiménez, Joe",8/5/2022,662811,25,100,2022
25,542888,"Armstrong, Shawn",6/29/2022,661879,25,100,2022
25,596133,"Weaver, Luke",8/12/2022,662671,25,100,2022
25,502085,"Robertson, David",7/4/2022,661181,25,100,2022
25,518553,"Cishek, Steve",8/13/2022,662473,25,100,2022
25,518553,"Cishek, Steve",7/17/2022,662530,25,100,2022
25,650556,"Abreu, Bryan",6/21/2022,662750,25,100,2022
25,543521,"McHugh, Collin",7/3/2022,663052,25,100,2022
25,642397,"Soto, Gregory",7/26/2022,662813,25,100,2022
25,669395,"Coleman, Dylan",6/12/2022,662673,25,100,2022
25,656458,"Gilbreath, Lucas",7/24/2022,661184,25,100,2022
25,663378,"Szapucki, Thomas",8/24/2022,662916,25,100,2022
25,670167,"Schreiber, John",8/11/2022,663274,25,100,2022
25,669674,"Long, Sam",6/23/2022,661140,25,100,2022
25,660853,"De Los Santos, Enyel",7/2/2022,662954,25,100,2022
25,593974,"Peralta, Wandy",7/2/2022,662954,25,100,2022
25,573204,"Thielbar, Caleb",6/11/2022,661680,25,100,2022
25,596071,"Peters, Dillon",7/28/2022,662326,25,100,2022
25,621348,"Clay, Sam",8/20/2022,661628,25,100,2022
25,641941,"Pagán, Emilio",8/4/2022,661660,25,100,2022
25,519043,"Moore, Matt",7/26/2022,662184,25,100,2022
25,622253,"Tate, Dillon",7/5/2022,661244,25,100,2022
25,663558,"Moran, Jovani",7/29/2022,662268,25,100,2022
25,621381,"Strahm, Matt",6/10/2022,662129,25,100,2022
25,554340,"García, Yimi",7/30/2022,661712,25,100,2022
25,621295,"Wittgren, Nick",6/24/2022,661971,25,100,2022
25,455119,"Martin, Chris",8/13/2022,662670,25,100,2022
25,607455,"Banda, Anthony",7/27/2022,661715,25,100,2022
25,664123,"Effross, Scott",8/17/2022,661266,25,100,2022
25,596112,"Stephenson, Robert",6/1/2022,662991,25,100,2022
25,623474,"Herget, Jimmy",6/21/2022,663442,25,100,2022
25,621074,"Rucker, Michael",8/5/2022,661063,25,100,2022
25,600917,"Leclerc, José",8/22/2022,661658,25,100,2022
25,621242,"Díaz, Edwin",8/13/2022,662428,25,100,2022
25,642585,"Bautista, Félix",6/23/2022,661456,25,100,2022
25,518886,"Kimbrel, Craig",6/26/2022,661512,25,100,2022
25,622503,"Crismatt, Nabil",8/16/2022,661357,25,100,2022
25,476595,"Luetge, Lucas",6/25/2022,661271,25,100,2022
25,605130,"Barlow, Scott",8/24/2022,662640,25,100,2022
25,607625,"Lugo, Seth",7/12/2022,661506,25,100,2022
25,666374,"Brash, Matt",7/9/2022,662147,25,100,2022
25,446321,"Detwiler, Ross",6/18/2022,663062,25,100,2022
25,501925,"Smith, Joe",7/17/2022,661672,25,100,2022
25,642546,"Hernández, Jonathan",8/20/2022,661670,25,100,2022
25,548384,"Raley, Brooks",8/7/2022,662810,25,100,2022
25,625643,"López, Reynaldo",6/27/2022,663440,25,100,2022
25,605280,"Holmes, Clay",8/5/2022,661946,25,100,2022
25,605130,"Barlow, Scott",6/15/2022,662082,25,100,2022
25,664139,"Gibaut, Ian",7/22/2022,663060,25,100,2022
25,642121,"Sulser, Cole",8/30/2022,661351,25,100,2022
25,570257,"Rodríguez, Joely",8/15/2022,661497,25,100,2022
25,547973,"Chapman, Aroldis",7/15/2022,661260,25,100,2022
25,668941,"Romero, JoJo",8/23/2022,663163,25,100,2022
25,676760,"Marinaccio, Ron",8/30/2022,663437,25,100,2022
25,669212,"Morgan, Eli",8/9/2022,662793,25,100,2022
25,527055,"Vizcaíno, Arodys",6/1/2022,663031,25,100,2022
25,621345,"Minter, A.J.",7/9/2022,661508,25,100,2022
25,669270,"Kuhnel, Joel",7/23/2022,663047,25,100,2022
25,643256,"Cimber, Adam",6/8/2022,662679,25,100,2022
25,669212,"Morgan, Eli",7/26/2022,663203,25,100,2022
25,642758,"Acevedo, Domingo",7/23/2022,662348,25,100,2022
25,445926,"Chavez, Jesse",6/15/2022,662504,25,100,2022
25,519326,"Strickland, Hunter",8/26/2022,662469,25,100,2022
25,642585,"Bautista, Félix",8/5/2022,661048,25,100,2022
25,664208,"Maton, Phil",6/26/2022,661273,25,100,2022
25,518553,"Cishek, Steve",6/17/2022,662502,25,100,2022
25,570257,"Rodríguez, Joely",6/8/2022,662223,25,100,2022
25,596133,"Weaver, Luke",8/31/2022,661441,25,100,2022
25,670912,"Oviedo, Johan",6/26/2022,661969,25,100,2022
25,664942,"Naile, James",7/3/2022,661630,25,100,2022
25,650556,"Abreu, Bryan",6/10/2022,662759,25,100,2022
25,605280,"Holmes, Clay",6/20/2022,661893,25,100,2022
25,656061,"Abreu, Albert",7/31/2022,661254,25,100,2022
25,676684,"Vest, Will",6/14/2022,662884,25,100,2022
25,657272,"Uelmen, Erich",8/9/2022,661059,25,100,2022
25,608717,"Stratton, Chris",8/29/2022,663018,25,100,2022
25,656793,"Nelson, Nick",8/31/2022,663312,25,100,2022
25,572125,"Selman, Sam",6/8/2022,661515,25,100,2022
25,667463,"King, John",8/11/2022,662722,25,100,2022
25,664747,"Díaz, Alexis",8/7/2022,661172,25,100,2022
25,663432,"Rainey, Tanner",6/17/2022,662502,25,100,2022
25,676684,"Vest, Will",7/11/2022,662700,25,100,2022
25,502202,"Boxberger, Brad",8/7/2022,661172,25,100,2022
25,656529,"Hentges, Sam",7/5/2022,662905,25,100,2022
25,656222,"Beeks, Jalen",7/14/2022,661875,25,100,2022
25,623211,"Brazobán, Huascar",8/2/2022,661368,25,100,2022
25,664199,"Clarke, Taylor",6/15/2022,662082,25,100,2022
25,669424,"Lambert, Jimmy",7/7/2022,661425,25,100,2022
25,502202,"Boxberger, Brad",7/13/2022,661687,25,100,2022
25,592858,"Wick, Rowan",6/30/2022,663199,25,100,2022
25,446321,"Detwiler, Ross",8/22/2022,661601,25,100,2022
25,617228,"Sawamura, Hirokazu",8/25/2022,663172,25,100,2022
25,665645,"Castro, Kervin",8/19/2022,663228,25,100,2022
25,605218,"Edwards Jr., Carl",8/24/2022,662144,25,100,2022
25,650893,"Cabrera, Génesis",8/6/2022,661949,25,100,2022
25,676714,"Hughes, Brandon",8/29/2022,661801,25,100,2022
25,663855,"Hicks, Jordan",8/4/2022,661932,25,100,2022
25,621383,"Banks, Tanner",7/22/2022,661409,25,100,2022
25,596117,"Stubbs, Garrett",7/22/2022,661560,25,100,2022
25,605242,"Fulmer, Michael",7/6/2022,662814,25,100,2022
25,643493,"Pruitt, Austin",6/3/2022,662365,25,100,2022
25,657376,"Schmidt, Clarke",6/2/2022,661330,25,100,2022
25,592866,"Williams, Trevor",7/22/2022,662481,25,100,2022
25,594580,"Moll, Sam",7/23/2022,662348,25,100,2022
25,641401,"Brogdon, Connor",8/20/2022,661628,25,100,2022
25,605538,"Wisler, Matt",6/21/2022,661890,25,100,2022
25,592826,"Velasquez, Vince",8/16/2022,661448,25,100,2022
25,592712,"Sadzeck, Connor",7/17/2022,662059,25,100,2022
25,472610,"García, Luis",7/14/2022,661100,25,100,2022
25,642701,"Santana, Dennis",6/1/2022,661963,25,100,2022
25,661255,"López, Yoan",7/31/2022,661370,25,100,2022
25,607179,"Weems, Jordan",7/8/2022,661522,25,100,2022
25,640448,"Finnegan, Kyle",8/31/2022,662465,25,100,2022
25,656685,"Martin, Brett",7/16/2022,661809,25,100,2022
25,527055,"Vizcaíno, Arodys",6/13/2022,662069,25,100,2022
25,657044,"Thompson, Ryan",8/25/2022,661856,25,100,2022
25,621363,"Poche, Colin",8/5/2022,662811,25,100,2022
25,641360,"Bickford, Phil",8/13/2022,662670,25,100,2022
25,656222,"Beeks, Jalen",6/4/2022,661896,25,100,2022
25,656271,"Burke, Brock",7/1/2022,662439,25,100,2022
25,641729,"Jiménez, Joe",6/10/2022,662831,25,100,2022
25,669424,"Lambert, Jimmy",7/16/2022,661673,25,100,2022
25,607237,"Garrett, Amir",8/26/2022,662667,25,100,2022
25,617228,"Sawamura, Hirokazu",7/24/2022,663220,25,100,2022
25,606303,"Payamps, Joel",7/8/2022,662614,25,100,2022
25,623211,"Brazobán, Huascar",8/17/2022,661356,25,100,2022
25,607216,"Krehbiel, Joey",7/13/2022,663230,25,100,2022
25,664294,"Moreta, Dauri",6/30/2022,663199,25,100,2022
25,573124,"Rogers, Taylor",7/11/2022,662996,25,100,2022
25,641329,"Baker, Bryan",6/7/2022,661170,25,100,2022
25,640451,"Harvey, Hunter",8/18/2022,662182,25,100,2022
25,642545,"Barria, Jaime",8/3/2022,663375,25,100,2022
25,605447,"Romano, Jordan",6/29/2022,661727,25,100,2022
25,605538,"Wisler, Matt",6/3/2022,661897,25,100,2022
25,622554,"Domínguez, Seranthony",7/10/2022,661135,25,100,2022
25,672578,"Hernández, Carlos",8/22/2022,662767,25,100,2022
25,641582,"Foster, Matt",8/11/2022,662645,25,100,2022
25,656546,"Hoffman, Jeff",6/12/2022,661975,25,100,2022
25,598264,"Barnes, Matt",8/9/2022,663201,25,100,2022
25,544727,"Familia, Jeurys",8/17/2022,662301,25,100,2022
25,605463,"Scott, Tayler",8/4/2022,662219,25,100,2022
25,650671,"Quijada, José",7/3/2022,662889,25,100,2022
25,572703,"Bard, Luke",7/16/2022,661873,25,100,2022
25,595881,"Beede, Tyler",6/10/2022,661513,25,100,2022
25,664875,"Lawrence, Justin",8/17/2022,661938,25,100,2022
25,518489,"Brasier, Ryan",6/5/2022,662363,25,100,2022
25,592390,"Hembree, Heath",6/20/2022,661121,25,100,2022
25,670950,"Richards, Trevor",7/5/2022,662354,25,100,2022
25,445926,"Chavez, Jesse",7/6/2022,661509,25,100,2022
25,669211,"Akin, Keegan",8/19/2022,661044,25,100,2022
25,676477,"Whitlock, Garrett",8/20/2022,661043,25,100,2022
25,600917,"Leclerc, José",8/3/2022,661818,25,100,2022
25,659262,"Espinoza, Anderson",8/7/2022,661061,25,100,2022
25,667463,"King, John",7/5/2022,661244,25,100,2022
25,670810,"Gillaspie, Logan",6/7/2022,661170,25,100,2022
25,608648,"Duffey, Tyler",7/26/2022,661281,25,100,2022
25,669618,"Barlow, Joe",6/12/2022,661483,25,100,2022
25,643524,"Schwindel, Frank",6/15/2022,663155,25,100,2022
25,523260,"Kelly, Joe",7/17/2022,661672,25,100,2022
25,475479,"Phelps, David",7/8/2022,662155,25,100,2022
25,445926,"Chavez, Jesse",7/27/2022,661554,25,100,2022
25,608648,"Duffey, Tyler",6/19/2022,663334,25,100,2022
25,623451,"Stephens, Jackson",7/11/2022,661507,25,100,2022
25,605194,"Cotton, Jharel",6/25/2022,661686,25,100,2022
25,676886,"Beasley, Jeremy",7/26/2022,661716,25,100,2022
25,595345,"Okert, Steven",7/14/2022,661375,25,100,2022
25,641582,"Foster, Matt",6/1/2022,661764,25,100,2022
25,657272,"Uelmen, Erich",7/28/2022,662058,25,100,2022
25,641793,"Littell, Zack",6/3/2022,661396,25,100,2022
25,643511,"Rogers, Tyler",8/4/2022,662114,25,100,2022
25,656557,"Houck, Tanner",6/1/2022,663296,25,100,2022
25,628452,"Iglesias, Raisel",7/12/2022,663402,25,100,2022
25,656464,"Ginkel, Kevin",8/15/2022,662034,25,100,2022
25,622098,"Smith, Drew",7/17/2022,661082,25,100,2022
25,571479,"Bellatti, Andrew",6/19/2022,662553,25,100,2022
25,625643,"López, Reynaldo",8/19/2022,662936,25,100,2022
25,640444,"Crowe, Wil",8/10/2022,663302,25,100,2022
25,453178,"Kennedy, Ian",6/13/2022,663345,25,100,2022
24,501925,"Smith, Joe",6/10/2022,661678,24,100,2022
24,669395,"Coleman, Dylan",7/10/2022,662662,24,100,2022
24,671345,"Foley, Jason",8/21/2022,662805,24,100,2022
24,621249,"Underwood Jr., Duane",8/6/2022,661050,24,100,2022
24,621366,"Borucki, Ryan",7/4/2022,662270,24,100,2022
24,656458,"Gilbreath, Lucas",7/5/2022,662731,24,100,2022
24,676477,"Whitlock, Garrett",8/24/2022,663173,24,100,2022
24,554340,"García, Yimi",7/16/2022,661718,24,100,2022
24,623474,"Herget, Jimmy",8/27/2022,661703,24,100,2022
24,643410,"Leiter Jr., Mark",8/6/2022,661062,24,100,2022
24,642121,"Sulser, Cole",8/20/2022,662561,24,100,2022
24,606625,"Moronta, Reyes",8/31/2022,663312,24,100,2022
24,518489,"Brasier, Ryan",7/30/2022,663192,24,100,2022
24,665645,"Castro, Kervin",8/21/2022,663115,24,100,2022
24,643377,"Jax, Griffin",8/2/2022,661661,24,100,2022
24,605242,"Fulmer, Michael",6/29/2022,662080,24,100,2022
24,571710,"Givens, Mychal",7/2/2022,663198,24,100,2022
24,642207,"Williams, Devin",6/29/2022,661879,24,100,2022
24,519326,"Strickland, Hunter",8/1/2022,661369,24,100,2022
24,656945,"Scott, Tanner",6/26/2022,661380,24,100,2022
24,670970,"Morejon, Adrian",7/17/2022,662269,24,100,2022
24,543548,"Milone, Tommy",7/29/2022,662745,24,100,2022
24,668665,"Nogosek, Stephen",8/2/2022,662529,24,100,2022
24,605194,"Cotton, Jharel",6/27/2022,663016,24,100,2022
24,656685,"Martin, Brett",8/31/2022,661831,24,100,2022
24,608717,"Stratton, Chris",6/8/2022,662448,24,100,2022
24,605447,"Romano, Jordan",8/7/2022,661653,24,100,2022
24,571710,"Givens, Mychal",8/3/2022,662552,24,100,2022
24,519043,"Moore, Matt",7/12/2022,661813,24,100,2022
24,681911,"Vesia, Alex",7/2/2022,662718,24,100,2022
24,617228,"Sawamura, Hirokazu",7/17/2022,661258,24,100,2022
24,445276,"Jansen, Kenley",7/14/2022,662518,24,100,2022
24,607455,"Banda, Anthony",6/18/2022,661123,24,100,2022
24,621363,"Poche, Colin",7/5/2022,663245,24,100,2022
24,656234,"Bird, Jake",6/21/2022,661148,24,100,2022
24,543272,"Hand, Brad",8/21/2022,661602,24,100,2022
24,543238,"Gose, Anthony",6/22/2022,661690,24,100,2022
24,641729,"Jiménez, Joe",6/13/2022,662828,24,100,2022
24,571670,"Floro, Dylan",6/5/2022,661394,24,100,2022
24,657424,"Gage, Matt",6/26/2022,661206,24,100,2022
24,622103,"Reyes, Gerardo",8/26/2022,661704,24,100,2022
24,622250,"Sborz, Josh",8/17/2022,661788,24,100,2022
24,592094,"Adam, Jason",8/10/2022,661207,24,100,2022
24,656271,"Burke, Brock",8/10/2022,662723,24,100,2022
24,605177,"Chafin, Andrew",8/17/2022,662951,24,100,2022
24,544365,"Bañuelos, Manny",7/14/2022,661375,24,100,2022
24,643230,"Brault, Steven",7/23/2022,661559,24,100,2022
24,595881,"Beede, Tyler",7/12/2022,661377,24,100,2022
24,598264,"Barnes, Matt",8/12/2022,663177,24,100,2022
24,476595,"Luetge, Lucas",7/2/2022,662964,24,100,2022
24,657585,"Garrett, Reed",6/14/2022,662503,24,100,2022
24,669467,"Pallante, Andre",8/12/2022,661947,24,100,2022
24,606424,"García, Jarlín",6/3/2022,661396,24,100,2022
24,596112,"Stephenson, Robert",6/19/2022,662998,24,100,2022
24,623352,"Hader, Josh",6/29/2022,661879,24,100,2022
24,548384,"Raley, Brooks",6/21/2022,661890,24,100,2022
24,595345,"Okert, Steven",8/14/2022,661338,24,100,2022
24,666374,"Brash, Matt",7/23/2022,662146,24,100,2022
24,542888,"Armstrong, Shawn",6/11/2022,661680,24,100,2022
24,606625,"Moronta, Reyes",8/5/2022,662564,24,100,2022
24,573668,"Minaya, Juan",6/4/2022,661749,24,100,2022
24,595881,"Beede, Tyler",6/3/2022,662452,24,100,2022
24,643511,"Rogers, Tyler",6/21/2022,661142,24,100,2022
24,669211,"Akin, Keegan",7/8/2022,661108,24,100,2022
24,665665,"Sanmartin, Reiver",6/21/2022,663041,24,100,2022
24,461325,"Clippard, Tyler",7/14/2022,662518,24,100,2022
24,572070,"Richards, Garrett",7/14/2022,661811,24,100,2022
24,622251,"Staumont, Josh",6/20/2022,663443,24,100,2022
24,445926,"Chavez, Jesse",8/13/2022,663372,24,100,2022
24,608665,"Graveman, Kendall",6/4/2022,661896,24,100,2022
24,542888,"Armstrong, Shawn",8/21/2022,661860,24,100,2022
24,453268,"Bard, Daniel",6/3/2022,662980,24,100,2022
24,605463,"Scott, Tayler",7/14/2022,661100,24,100,2022
24,571710,"Givens, Mychal",7/25/2022,661065,24,100,2022
24,681911,"Vesia, Alex",7/10/2022,662729,24,100,2022
24,643256,"Cimber, Adam",8/3/2022,661867,24,100,2022
24,656730,"Megill, Trevor",8/19/2022,661655,24,100,2022
24,547973,"Chapman, Aroldis",8/17/2022,661266,24,100,2022
24,660853,"De Los Santos, Enyel",8/16/2022,662943,24,100,2022
24,605347,"López, Jorge",7/4/2022,661073,24,100,2022
24,664208,"Maton, Phil",8/27/2022,661090,24,100,2022
24,605130,"Barlow, Scott",6/21/2022,663442,24,100,2022
24,661527,"Martinez, Seth",7/15/2022,662923,24,100,2022
24,667297,"Nance, Tommy",6/9/2022,661149,24,100,2022
24,640462,"Puk, A.J.",7/30/2022,661451,24,100,2022
24,545343,"Head, Louis",6/1/2022,662991,24,100,2022
24,650893,"Cabrera, Génesis",7/9/2022,661137,24,100,2022
24,570666,"Cessa, Luis",6/14/2022,663342,24,100,2022
24,682171,"Murfee, Penn",7/24/2022,662145,24,100,2022
24,656354,"Davis, Austin",7/31/2022,663189,24,100,2022
24,670970,"Morejon, Adrian",7/23/2022,662495,24,100,2022
24,669395,"Coleman, Dylan",6/11/2022,662674,24,100,2022
24,670970,"Morejon, Adrian",8/17/2022,661356,24,100,2022
24,657376,"Schmidt, Clarke",6/5/2022,661277,24,100,2022
24,650671,"Quijada, José",6/5/2022,661633,24,100,2022
24,571882,"Law, Derek",8/30/2022,663137,24,100,2022
24,571901,"Loup, Aaron",8/5/2022,662164,24,100,2022
24,640451,"Harvey, Hunter",8/8/2022,661060,24,100,2022
24,681806,"Wantz, Andrew",7/12/2022,663402,24,100,2022
24,608717,"Stratton, Chris",8/10/2022,662892,24,100,2022
24,607625,"Lugo, Seth",7/16/2022,661114,24,100,2022
24,656271,"Burke, Brock",7/25/2022,662166,24,100,2022
24,543521,"McHugh, Collin",8/19/2022,661492,24,100,2022
24,676714,"Hughes, Brandon",6/30/2022,663199,24,100,2022
24,544365,"Bañuelos, Manny",8/24/2022,662371,24,100,2022
24,596133,"Weaver, Luke",7/1/2022,662997,24,100,2022
24,493603,"Ottavino, Adam",7/16/2022,661114,24,100,2022
24,622253,"Tate, Dillon",6/18/2022,661127,24,100,2022
24,672335,"Pérez, Cionel",7/28/2022,661052,24,100,2022
24,670950,"Richards, Trevor",7/3/2022,661723,24,100,2022
24,670970,"Morejon, Adrian",7/30/2022,662196,24,100,2022
24,670036,"Festa, Matt",8/21/2022,662315,24,100,2022
24,554340,"García, Yimi",8/9/2022,661046,24,100,2022
24,608348,"Kelly, Carson",8/31/2022,663312,24,100,2022
24,643511,"Rogers, Tyler",8/30/2022,662000,24,100,2022
24,663989,"Vespi, Nick",7/27/2022,661053,24,100,2022
24,623451,"Stephens, Jackson",8/13/2022,661428,24,100,2022
24,623352,"Hader, Josh",7/8/2022,661177,24,100,2022
24,676886,"Beasley, Jeremy",6/26/2022,661206,24,100,2022
24,641627,"Gott, Trevor",7/26/2022,661281,24,100,2022
24,456713,"Bush, Matt",8/27/2022,661180,24,100,2022
24,607625,"Lugo, Seth",7/27/2022,662420,24,100,2022
24,664208,"Maton, Phil",6/24/2022,661274,24,100,2022
24,657770,"Stout, Eric",8/4/2022,662303,24,100,2022
24,670950,"Richards, Trevor",6/17/2022,661742,24,100,2022
24,642701,"Santana, Dennis",8/2/2022,661819,24,100,2022
24,641401,"Brogdon, Connor",8/2/2022,661496,24,100,2022
24,676760,"Marinaccio, Ron",6/21/2022,661890,24,100,2022
24,665001,"Kelley, Trevor",6/3/2022,661334,24,100,2022
24,676684,"Vest, Will",7/9/2022,661411,24,100,2022
24,572125,"Selman, Sam",8/9/2022,662330,24,100,2022
24,676534,"Faucher, Calvin",6/14/2022,661328,24,100,2022
24,608349,"Knebel, Corey",7/30/2022,662415,24,100,2022
24,606160,"Montero, Rafael",7/30/2022,662738,24,100,2022
24,548384,"Raley, Brooks",6/11/2022,661680,24,100,2022
24,657571,"Ferguson, Caleb",6/3/2022,662720,24,100,2022
24,572888,"Greene, Shane",7/23/2022,661057,24,100,2022
24,656271,"Burke, Brock",6/25/2022,661898,24,100,2022
24,605130,"Barlow, Scott",7/1/2022,662834,24,100,2022
24,518617,"Diekman, Jake",8/22/2022,662767,24,100,2022
24,641501,"Danish, Tyler",6/19/2022,663254,24,100,2022
24,623149,"Sewald, Paul",8/31/2022,662903,24,100,2022
24,670059,"Holderman, Colin",8/12/2022,662111,24,100,2022
24,606160,"Montero, Rafael",6/4/2022,662689,24,100,2022
24,571948,"Milner, Hoby",6/16/2022,662535,24,100,2022
24,641302,"Alexander, Tyler",6/25/2022,663346,24,100,2022
24,544365,"Bañuelos, Manny",6/3/2022,661318,24,100,2022
24,541640,"Ramírez, Erasmo",7/5/2022,661578,24,100,2022
24,662253,"Muñoz, Andrés",6/18/2022,662194,24,100,2022
24,642207,"Williams, Devin",7/30/2022,663192,24,100,2022
24,598287,"Ramirez, Noé",6/19/2022,663334,24,100,2022
24,623474,"Herget, Jimmy",8/31/2022,663410,24,100,2022
24,608328,"De Jong, Chase",8/13/2022,662110,24,100,2022
24,682171,"Murfee, Penn",7/22/2022,662167,24,100,2022
24,517008,"Colomé, Alex",6/21/2022,661148,24,100,2022
24,489265,"Romo, Sergio",6/5/2022,661962,24,100,2022
24,472610,"García, Luis",8/30/2022,662000,24,100,2022
24,592858,"Wick, Rowan",8/16/2022,662550,24,100,2022
24,642397,"Soto, Gregory",6/8/2022,662448,24,100,2022
24,605218,"Edwards Jr., Carl",7/25/2022,662576,24,100,2022
24,665625,"Peguero, Elvis",6/25/2022,663441,24,100,2022
24,598287,"Ramirez, Noé",6/7/2022,663064,24,100,2022
24,621249,"Underwood Jr., Duane",7/5/2022,662329,24,100,2022
24,641729,"Jiménez, Joe",6/4/2022,661278,24,100,2022
24,608665,"Graveman, Kendall",6/26/2022,661453,24,100,2022
24,669276,"Lee, Dylan",7/11/2022,661507,24,100,2022
24,663423,"Thornton, Trent",8/15/2022,661707,24,100,2022
24,650633,"King, Michael",6/14/2022,661328,24,100,2022
24,643511,"Rogers, Tyler",6/4/2022,661395,24,100,2022
24,656945,"Scott, Tanner",7/21/2022,661421,24,100,2022
24,650556,"Abreu, Bryan",7/26/2022,662346,24,100,2022
24,641941,"Pagán, Emilio",6/22/2022,661690,24,100,2022
24,666721,"Castillo, Max",6/19/2022,661741,24,100,2022
24,640448,"Finnegan, Kyle",6/29/2022,662493,24,100,2022
24,606160,"Montero, Rafael",8/28/2022,661089,24,100,2022
24,676760,"Marinaccio, Ron",7/26/2022,662438,24,100,2022
24,593974,"Peralta, Wandy",6/26/2022,661273,24,100,2022
24,600921,"Machado, Andrés",7/23/2022,663305,24,100,2022
24,669424,"Lambert, Jimmy",6/23/2022,661456,24,100,2022
24,642528,"Loáisiga, Jonathan",7/14/2022,661261,24,100,2022
24,605242,"Fulmer, Michael",6/5/2022,661277,24,100,2022
24,643511,"Rogers, Tyler",7/15/2022,662072,24,100,2022
24,489446,"Yates, Kirby",8/24/2022,662371,24,100,2022
24,475479,"Phelps, David",6/30/2022,661726,24,100,2022
24,641329,"Baker, Bryan",7/17/2022,661872,24,100,2022
24,657585,"Garrett, Reed",7/2/2022,662482,24,100,2022
24,643511,"Rogers, Tyler",6/9/2022,662091,24,100,2022
24,592741,"Shreve, Chasen",6/7/2022,662277,24,100,2022
24,571670,"Floro, Dylan",8/14/2022,661338,24,100,2022
24,663432,"Rainey, Tanner",6/13/2022,662505,24,100,2022
24,656458,"Gilbreath, Lucas",6/5/2022,662990,24,100,2022
24,622098,"Smith, Drew",7/24/2022,662458,24,100,2022
24,676641,"Sulser, Beau",7/8/2022,661108,24,100,2022
24,640444,"Crowe, Wil",6/12/2022,661144,24,100,2022
24,656271,"Burke, Brock",6/13/2022,661881,24,100,2022
24,662253,"Muñoz, Andrés",7/5/2022,662226,24,100,2022
24,605242,"Fulmer, Michael",7/24/2022,662901,24,100,2022
24,621368,"Hearn, Taylor",8/30/2022,661832,24,100,2022
24,608665,"Graveman, Kendall",7/12/2022,662976,24,100,2022
24,656546,"Hoffman, Jeff",7/14/2022,661261,24,100,2022
24,669212,"Morgan, Eli",6/14/2022,662935,24,100,2022
24,641360,"Bickford, Phil",8/18/2022,661179,24,100,2022
24,598287,"Ramirez, Noé",8/3/2022,662946,24,100,2022
24,606160,"Montero, Rafael",7/5/2022,662847,24,100,2022
23,607455,"Banda, Anthony",8/28/2022,662335,23,100,2022
23,596082,"Reed, Jake",7/7/2022,662508,23,100,2022
23,455119,"Martin, Chris",8/15/2022,661199,23,100,2022
23,669270,"Kuhnel, Joel",6/7/2022,663064,23,100,2022
23,605242,"Fulmer, Michael",8/24/2022,662799,23,100,2022
23,621593,"Castro, Anthony",6/28/2022,663033,23,100,2022
23,641871,"Middleton, Keynan",7/10/2022,663307,23,100,2022
23,593974,"Peralta, Wandy",7/29/2022,661256,23,100,2022
23,517008,"Colomé, Alex",7/8/2022,663319,23,100,2022
23,656222,"Beeks, Jalen",8/26/2022,663171,23,100,2022
23,519043,"Moore, Matt",7/21/2022,661421,23,100,2022
23,608678,"Leone, Dominic",8/7/2022,662332,23,100,2022
23,622103,"Reyes, Gerardo",8/28/2022,661773,23,100,2022
23,622098,"Smith, Drew",6/18/2022,662533,23,100,2022
23,571948,"Milner, Hoby",8/15/2022,661199,23,100,2022
23,621242,"Díaz, Edwin",6/18/2022,662533,23,100,2022
23,670955,"Uceta, Edwin",8/10/2022,663302,23,100,2022
23,656730,"Megill, Trevor",8/30/2022,661648,23,100,2022
23,669211,"Akin, Keegan",8/7/2022,661049,23,100,2022
23,596082,"Reed, Jake",7/27/2022,662565,23,100,2022
23,656793,"Nelson, Nick",7/26/2022,661563,23,100,2022
23,623149,"Sewald, Paul",6/3/2022,661913,23,100,2022
23,670955,"Uceta, Edwin",8/19/2022,663292,23,100,2022
23,605280,"Holmes, Clay",7/13/2022,661269,23,100,2022
23,657053,"Toussaint, Touki",8/23/2022,661858,23,100,2022
23,664747,"Díaz, Alexis",7/8/2022,663053,23,100,2022
23,519043,"Moore, Matt",8/3/2022,661818,23,100,2022
23,519151,"Pressly, Ryan",7/14/2022,663386,23,100,2022
23,592712,"Sadzeck, Connor",7/23/2022,661201,23,100,2022
23,641360,"Bickford, Phil",8/9/2022,662562,23,100,2022
23,607216,"Krehbiel, Joey",7/29/2022,663026,23,100,2022
23,468504,"Chacín, Jhoulys",7/14/2022,661100,23,100,2022
23,669276,"Lee, Dylan",8/20/2022,661610,23,100,2022
23,573124,"Rogers, Taylor",8/31/2022,661165,23,100,2022
23,543238,"Gose, Anthony",6/26/2022,663121,23,100,2022
23,605242,"Fulmer, Michael",8/1/2022,661671,23,100,2022
23,643256,"Cimber, Adam",6/5/2022,661747,23,100,2022
23,623474,"Herget, Jimmy",6/8/2022,663398,23,100,2022
23,621249,"Underwood Jr., Duane",8/4/2022,662303,23,100,2022
23,663423,"Thornton, Trent",6/8/2022,662679,23,100,2022
23,621383,"Banks, Tanner",6/22/2022,661457,23,100,2022
23,656730,"Megill, Trevor",7/31/2022,662267,23,100,2022
23,622065,"Young, Alex",8/3/2022,662055,23,100,2022
23,622098,"Smith, Drew",6/6/2022,662278,23,100,2022
23,669212,"Morgan, Eli",6/29/2022,663030,23,100,2022
23,607455,"Banda, Anthony",6/3/2022,662452,23,100,2022
23,621383,"Banks, Tanner",7/14/2022,661675,23,100,2022
23,622250,"Sborz, Josh",8/2/2022,661819,23,100,2022
23,623352,"Hader, Josh",8/24/2022,662212,23,100,2022
23,598287,"Ramirez, Noé",8/30/2022,663286,23,100,2022
23,607237,"Garrett, Amir",6/22/2022,663389,23,100,2022
23,643511,"Rogers, Tyler",7/24/2022,662682,23,100,2022
23,542888,"Armstrong, Shawn",7/5/2022,663245,23,100,2022
23,676391,"Clement, Ernie",6/27/2022,663016,23,100,2022
23,621345,"Minter, A.J.",7/30/2022,661499,23,100,2022
23,468504,"Chacín, Jhoulys",7/13/2022,662895,23,100,2022
23,606149,"Gallegos, Giovanny",7/15/2022,661116,23,100,2022
23,519043,"Moore, Matt",8/10/2022,662723,23,100,2022
23,623352,"Hader, Josh",7/24/2022,661184,23,100,2022
23,605347,"López, Jorge",7/16/2022,661873,23,100,2022
23,662253,"Muñoz, Andrés",8/16/2022,663369,23,100,2022
23,544727,"Familia, Jeurys",6/30/2022,661579,23,100,2022
23,605218,"Edwards Jr., Carl",7/24/2022,663316,23,100,2022
23,605447,"Romano, Jordan",6/21/2022,661481,23,100,2022
23,682171,"Murfee, Penn",7/31/2022,662918,23,100,2022
23,656945,"Scott, Tanner",6/4/2022,661395,23,100,2022
23,608032,"Estévez, Carlos",8/3/2022,662244,23,100,2022
23,676534,"Faucher, Calvin",6/3/2022,661897,23,100,2022
23,641941,"Pagán, Emilio",7/6/2022,661413,23,100,2022
23,663574,"Santillan, Tony",6/9/2022,663049,23,100,2022
23,446321,"Detwiler, Ross",8/5/2022,661174,23,100,2022
23,518553,"Cishek, Steve",7/2/2022,662482,23,100,2022
23,677865,"Bruihl, Justin",6/10/2022,662090,23,100,2022
23,605130,"Barlow, Scott",6/9/2022,662677,23,100,2022
23,667427,"Jackson, Zach",8/20/2022,662340,23,100,2022
23,656464,"Ginkel, Kevin",8/7/2022,663300,23,100,2022
23,608717,"Stratton, Chris",7/15/2022,661113,23,100,2022
23,621237,"Alvarado, José",8/29/2022,663332,23,100,2022
23,669212,"Morgan, Eli",7/23/2022,661523,23,100,2022
23,623465,"Phillips, Evan",7/21/2022,662685,23,100,2022
23,543272,"Hand, Brad",6/17/2022,662580,23,100,2022
23,670059,"Holderman, Colin",7/12/2022,661506,23,100,2022
23,608032,"Estévez, Carlos",7/1/2022,662997,23,100,2022
23,606424,"García, Jarlín",8/17/2022,662003,23,100,2022
23,572070,"Richards, Garrett",7/24/2022,662343,23,100,2022
23,663574,"Santillan, Tony",6/4/2022,663102,23,100,2022
23,625643,"López, Reynaldo",6/23/2022,661456,23,100,2022
23,656458,"Gilbreath, Lucas",7/3/2022,662913,23,100,2022
23,656945,"Scott, Tanner",7/5/2022,661379,23,100,2022
23,608717,"Stratton, Chris",6/24/2022,661888,23,100,2022
23,570663,"Robles, Hansel",6/18/2022,663255,23,100,2022
23,677053,"Nardi, Andrew",8/30/2022,661351,23,100,2022
23,642758,"Acevedo, Domingo",6/15/2022,663235,23,100,2022
23,669618,"Barlow, Joe",6/11/2022,661484,23,100,2022
23,665665,"Sanmartin, Reiver",8/10/2022,662443,23,100,2022
23,664208,"Maton, Phil",7/12/2022,663402,23,100,2022
23,656458,"Gilbreath, Lucas",6/16/2022,662986,23,100,2022
23,663432,"Rainey, Tanner",7/3/2022,662486,23,100,2022
23,622253,"Tate, Dillon",8/21/2022,661051,23,100,2022
23,621249,"Underwood Jr., Duane",7/13/2022,661376,23,100,2022
23,670036,"Festa, Matt",8/20/2022,662340,23,100,2022
23,656271,"Burke, Brock",6/5/2022,661962,23,100,2022
23,572193,"Tepera, Ryan",6/7/2022,663391,23,100,2022
23,593576,"Neris, Héctor",7/26/2022,662346,23,100,2022
23,475479,"Phelps, David",7/5/2022,662354,23,100,2022
23,669395,"Coleman, Dylan",8/26/2022,662667,23,100,2022
23,542888,"Armstrong, Shawn",6/21/2022,661890,23,100,2022
23,676477,"Whitlock, Garrett",7/15/2022,661260,23,100,2022
23,445926,"Chavez, Jesse",7/2/2022,663037,23,100,2022
23,607179,"Weems, Jordan",6/4/2022,663102,23,100,2022
23,656945,"Scott, Tanner",6/23/2022,661392,23,100,2022
23,680704,"Sandlin, Nick",8/2/2022,662941,23,100,2022
23,681911,"Vesia, Alex",8/28/2022,661353,23,100,2022
23,641531,"Dozier, Hunter",8/26/2022,662667,23,100,2022
23,545343,"Head, Louis",6/22/2022,661393,23,100,2022
23,544727,"Familia, Jeurys",7/12/2022,661722,23,100,2022
23,664944,"Vieaux, Cam",6/19/2022,661122,23,100,2022
23,656464,"Ginkel, Kevin",8/31/2022,663312,23,100,2022
23,623451,"Stephens, Jackson",8/26/2022,661940,23,100,2022
23,605218,"Edwards Jr., Carl",7/10/2022,661520,23,100,2022
23,573124,"Rogers, Taylor",7/5/2022,662226,23,100,2022
23,571901,"Loup, Aaron",7/29/2022,663379,23,100,2022
23,672335,"Pérez, Cionel",6/12/2022,662673,23,100,2022
23,665896,"Marte, José",7/24/2022,661502,23,100,2022
23,676684,"Vest, Will",7/25/2022,662809,23,100,2022
23,472610,"García, Luis",6/12/2022,662256,23,100,2022
23,661440,"Llovera, Mauricio",7/7/2022,662253,23,100,2022
23,670970,"Morejon, Adrian",8/13/2022,662473,23,100,2022
23,621242,"Díaz, Edwin",7/26/2022,662438,23,100,2022
23,664123,"Effross, Scott",7/29/2022,662057,23,100,2022
23,523260,"Kelly, Joe",6/28/2022,663392,23,100,2022
23,572193,"Tepera, Ryan",8/29/2022,663424,23,100,2022
23,570666,"Cessa, Luis",6/29/2022,663215,23,100,2022
23,650382,"Hernández, Darwinzon",8/7/2022,662648,23,100,2022
23,650893,"Cabrera, Génesis",8/24/2022,663216,23,100,2022
23,663158,"Suarez, Robert",8/17/2022,661356,23,100,2022
23,623451,"Stephens, Jackson",7/22/2022,661504,23,100,2022
23,445276,"Jansen, Kenley",8/27/2022,661939,23,100,2022
23,517008,"Colomé, Alex",8/5/2022,663313,23,100,2022
23,670059,"Holderman, Colin",8/2/2022,662298,23,100,2022
23,594580,"Moll, Sam",8/19/2022,662341,23,100,2022
23,657571,"Ferguson, Caleb",8/17/2022,661171,23,100,2022
23,608665,"Graveman, Kendall",7/2/2022,662101,23,100,2022
23,607625,"Lugo, Seth",6/1/2022,662457,23,100,2022
23,657265,"Strzelecki, Peter",7/31/2022,663189,23,100,2022
23,661403,"Clase, Emmanuel",7/3/2022,662957,23,100,2022
23,608349,"Knebel, Corey",6/22/2022,661851,23,100,2022
23,664294,"Moreta, Dauri",6/19/2022,663061,23,100,2022
23,640444,"Crowe, Wil",6/18/2022,661123,23,100,2022
23,656986,"Sousa, Bennett",6/13/2022,662828,23,100,2022
23,663423,"Thornton, Trent",6/17/2022,661742,23,100,2022
23,570663,"Robles, Hansel",6/11/2022,662128,23,100,2022
23,606160,"Montero, Rafael",8/20/2022,661610,23,100,2022
23,608718,"Suter, Brent",8/23/2022,662605,23,100,2022
23,676760,"Marinaccio, Ron",7/31/2022,661254,23,100,2022
23,640444,"Crowe, Wil",7/29/2022,662435,23,100,2022
23,621074,"Rucker, Michael",7/7/2022,662730,23,100,2022
23,656793,"Nelson, Nick",7/7/2022,661566,23,100,2022
23,669395,"Coleman, Dylan",6/17/2022,662362,23,100,2022
23,660853,"De Los Santos, Enyel",8/2/2022,662941,23,100,2022
23,605242,"Fulmer, Michael",7/15/2022,662942,23,100,2022
23,544365,"Bañuelos, Manny",7/8/2022,661177,23,100,2022
23,642207,"Williams, Devin",7/3/2022,661102,23,100,2022
23,621363,"Poche, Colin",6/1/2022,661963,23,100,2022
23,606160,"Montero, Rafael",6/7/2022,662761,23,100,2022
23,621249,"Underwood Jr., Duane",7/3/2022,661102,23,100,2022
23,664199,"Clarke, Taylor",8/4/2022,662651,23,100,2022
23,669212,"Morgan, Eli",6/11/2022,663084,23,100,2022
23,681911,"Vesia, Alex",6/1/2022,662721,23,100,2022
23,682171,"Murfee, Penn",8/8/2022,662152,23,100,2022
23,542888,"Armstrong, Shawn",7/24/2022,662656,23,100,2022
23,445926,"Chavez, Jesse",8/7/2022,662153,23,100,2022
23,543521,"McHugh, Collin",6/21/2022,661142,23,100,2022
23,600921,"Machado, Andrés",8/3/2022,662552,23,100,2022
23,455119,"Martin, Chris",7/24/2022,661556,23,100,2022
23,475479,"Phelps, David",6/22/2022,661457,23,100,2022
23,669212,"Morgan, Eli",8/12/2022,661710,23,100,2022
23,461325,"Clippard, Tyler",8/20/2022,662180,23,100,2022
23,656730,"Megill, Trevor",8/25/2022,662711,23,100,2022
23,607179,"Weems, Jordan",7/22/2022,663306,23,100,2022
23,623211,"Brazobán, Huascar",8/5/2022,661063,23,100,2022
23,641682,"Hendrix, Ryan",7/16/2022,661966,23,100,2022
23,593974,"Peralta, Wandy",6/20/2022,661893,23,100,2022
23,621345,"Minter, A.J.",8/10/2022,663188,23,100,2022
23,650671,"Quijada, José",8/9/2022,662330,23,100,2022
23,545343,"Head, Louis",8/17/2022,661705,23,100,2022
23,670912,"Oviedo, Johan",6/20/2022,661186,23,100,2022
23,608032,"Estévez, Carlos",6/25/2022,661686,23,100,2022
23,657265,"Strzelecki, Peter",8/22/2022,662594,23,100,2022
23,544365,"Bañuelos, Manny",8/5/2022,661048,23,100,2022
23,606160,"Montero, Rafael",8/24/2022,662799,23,100,2022
23,642701,"Santana, Dennis",6/7/2022,663134,23,100,2022
23,503449,"Peralta, Wily",8/12/2022,661384,23,100,2022
23,543272,"Hand, Brad",6/18/2022,662500,23,100,2022
23,453178,"Kennedy, Ian",8/14/2022,662881,23,100,2022
23,598287,"Ramirez, Noé",8/21/2022,663301,23,100,2022
23,605194,"Cotton, Jharel",6/3/2022,661761,23,100,2022
23,573204,"Thielbar, Caleb",7/10/2022,661808,23,100,2022
23,544727,"Familia, Jeurys",8/19/2022,661044,23,100,2022
23,676534,"Faucher, Calvin",6/20/2022,661893,23,100,2022
23,606149,"Gallegos, Giovanny",7/12/2022,661119,23,100,2022
23,605242,"Fulmer, Michael",8/17/2022,661654,23,100,2022
23,608665,"Graveman, Kendall",7/24/2022,661407,23,100,2022
23,656271,"Burke, Brock",7/28/2022,663380,23,100,2022
23,663989,"Vespi, Nick",6/9/2022,662677,23,100,2022
23,608678,"Leone, Dominic",6/18/2022,661123,23,100,2022
23,605538,"Wisler, Matt",6/18/2022,661127,23,100,2022
23,676714,"Hughes, Brandon",7/31/2022,662071,23,100,2022
23,641582,"Foster, Matt",6/12/2022,661483,23,100,2022
23,502202,"Boxberger, Brad",7/6/2022,661225,23,100,2022
22,656061,"Abreu, Albert",7/23/2022,661057,22,100,2022
22,642397,"Soto, Gregory",6/11/2022,662830,22,100,2022
22,656458,"Gilbreath, Lucas",8/19/2022,662880,22,100,2022
22,660787,"De los Santos, Yerry",7/16/2022,661081,22,100,2022
22,521230,"Hendriks, Liam",8/24/2022,663460,22,100,2022
22,641360,"Bickford, Phil",8/20/2022,662561,22,100,2022
22,489265,"Romo, Sergio",7/1/2022,661725,22,100,2022
22,667463,"King, John",6/10/2022,661485,22,100,2022
22,681806,"Wantz, Andrew",6/24/2022,663388,22,100,2022
22,446321,"Detwiler, Ross",7/7/2022,663140,22,100,2022
22,606930,"Barnes, Jacob",6/3/2022,661318,22,100,2022
22,544727,"Familia, Jeurys",7/26/2022,661563,22,100,2022
22,445276,"Jansen, Kenley",8/12/2022,661366,22,100,2022
22,657376,"Schmidt, Clarke",6/22/2022,661889,22,100,2022
22,519293,"Smith, Will",7/2/2022,663037,22,100,2022
22,518617,"Diekman, Jake",7/28/2022,663200,22,100,2022
22,650893,"Cabrera, Génesis",7/11/2022,661120,22,100,2022
22,670768,"González, Luis",7/12/2022,662108,22,100,2022
22,608348,"Kelly, Carson",7/12/2022,662108,22,100,2022
22,663558,"Moran, Jovani",7/12/2022,661688,22,100,2022
22,650633,"King, Michael",6/16/2022,661326,22,100,2022
22,623451,"Stephens, Jackson",8/17/2022,661494,22,100,2022
22,663465,"Allard, Kolby",7/11/2022,661814,22,100,2022
22,623451,"Stephens, Jackson",6/10/2022,661513,22,100,2022
22,682171,"Murfee, Penn",8/13/2022,661790,22,100,2022
22,660853,"De Los Santos, Enyel",6/21/2022,661677,22,100,2022
22,543521,"McHugh, Collin",6/5/2022,662990,22,100,2022
22,542947,"Bleier, Richard",6/14/2022,661616,22,100,2022
22,517008,"Colomé, Alex",7/6/2022,662630,22,100,2022
22,665155,"Maton, Nick",8/30/2022,663286,22,100,2022
22,657770,"Stout, Eric",8/24/2022,662371,22,100,2022
22,607625,"Lugo, Seth",6/12/2022,663397,22,100,2022
22,570257,"Rodríguez, Joely",7/8/2022,662498,22,100,2022
22,605218,"Edwards Jr., Carl",8/27/2022,662468,22,100,2022
22,607179,"Weems, Jordan",6/9/2022,661149,22,100,2022
22,664123,"Effross, Scott",6/18/2022,663239,22,100,2022
22,656638,"Lange, Alex",7/21/2022,662411,22,100,2022
22,656945,"Scott, Tanner",7/8/2022,662498,22,100,2022
22,608718,"Suter, Brent",8/16/2022,661191,22,100,2022
22,667376,"Sánchez, Miguel",6/15/2022,662480,22,100,2022
22,656685,"Martin, Brett",8/12/2022,661791,22,100,2022
22,488984,"Hunter, Tommy",6/19/2022,662532,22,100,2022
22,641941,"Pagán, Emilio",8/28/2022,661663,22,100,2022
22,607625,"Lugo, Seth",6/19/2022,662532,22,100,2022
22,650895,"Castillo, Diego",7/7/2022,662156,22,100,2022
22,642152,"Trivino, Lou",7/22/2022,662344,22,100,2022
22,614179,"Ruiz, José",6/1/2022,661764,22,100,2022
22,656458,"Gilbreath, Lucas",6/19/2022,662998,22,100,2022
22,669270,"Kuhnel, Joel",6/22/2022,663040,22,100,2022
22,592773,"Stanek, Ryne",8/7/2022,662944,22,100,2022
22,664875,"Lawrence, Justin",8/25/2022,662433,22,100,2022
22,623211,"Brazobán, Huascar",8/16/2022,661357,22,100,2022
22,468504,"Chacín, Jhoulys",7/4/2022,662732,22,100,2022
22,607237,"Garrett, Amir",8/14/2022,662669,22,100,2022
22,641941,"Pagán, Emilio",6/26/2022,661692,22,100,2022
22,608032,"Estévez, Carlos",7/26/2022,661079,22,100,2022
22,607237,"Garrett, Amir",8/18/2022,661863,22,100,2022
22,641835,"Mayza, Tim",6/26/2022,661206,22,100,2022
22,681806,"Wantz, Andrew",8/15/2022,663370,22,100,2022
22,543521,"McHugh, Collin",6/4/2022,662987,22,100,2022
22,622251,"Staumont, Josh",8/18/2022,661863,22,100,2022
22,670950,"Richards, Trevor",8/5/2022,661659,22,100,2022
22,641302,"Alexander, Tyler",7/1/2022,662834,22,100,2022
22,656557,"Houck, Tanner",6/10/2022,662129,22,100,2022
22,445926,"Chavez, Jesse",6/4/2022,662987,22,100,2022
22,606149,"Gallegos, Giovanny",8/17/2022,661938,22,100,2022
22,677865,"Bruihl, Justin",6/30/2022,662733,22,100,2022
22,669276,"Lee, Dylan",6/21/2022,661142,22,100,2022
22,622253,"Tate, Dillon",6/11/2022,662674,22,100,2022
22,605280,"Holmes, Clay",8/8/2022,662152,22,100,2022
22,657044,"Thompson, Ryan",8/15/2022,661283,22,100,2022
22,663158,"Suarez, Robert",6/2/2022,661340,22,100,2022
22,669459,"Nelson, Kyle",6/29/2022,663325,22,100,2022
22,656458,"Gilbreath, Lucas",8/5/2022,663313,22,100,2022
22,656685,"Martin, Brett",7/11/2022,661814,22,100,2022
22,675627,"Grove, Michael",6/1/2022,662721,22,100,2022
22,605280,"Holmes, Clay",6/15/2022,661327,22,100,2022
22,641627,"Gott, Trevor",7/22/2022,661193,22,100,2022
22,622075,"Almonte, Yency",7/14/2022,661117,22,100,2022
22,621345,"Minter, A.J.",6/17/2022,663124,22,100,2022
22,468504,"Chacín, Jhoulys",6/1/2022,662981,22,100,2022
22,606965,"Devenski, Chris",8/5/2022,663313,22,100,2022
22,605130,"Barlow, Scott",8/30/2022,661442,22,100,2022
22,657272,"Uelmen, Erich",8/13/2022,663022,22,100,2022
22,663947,"Holton, Tyler",8/26/2022,661445,22,100,2022
22,519043,"Moore, Matt",6/29/2022,662675,22,100,2022
22,621237,"Alvarado, José",6/17/2022,662502,22,100,2022
22,656546,"Hoffman, Jeff",7/23/2022,663047,22,100,2022
22,605151,"Bradley, Archie",6/25/2022,663441,22,100,2022
22,676534,"Faucher, Calvin",6/22/2022,661889,22,100,2022
22,666808,"Doval, Camilo",6/14/2022,662068,22,100,2022
22,542888,"Armstrong, Shawn",8/2/2022,661868,22,100,2022
22,502085,"Robertson, David",8/17/2022,663017,22,100,2022
22,643511,"Rogers, Tyler",8/2/2022,662056,22,100,2022
22,571670,"Floro, Dylan",8/26/2022,661355,22,100,2022
22,669395,"Coleman, Dylan",8/19/2022,661862,22,100,2022
22,592094,"Adam, Jason",7/5/2022,663245,22,100,2022
22,605130,"Barlow, Scott",6/24/2022,662664,22,100,2022
22,570257,"Rodríguez, Joely",8/14/2022,662427,22,100,2022
22,453178,"Kennedy, Ian",7/26/2022,663314,22,100,2022
22,667725,"Tyler, Kyle",6/15/2022,663155,22,100,2022
22,640462,"Puk, A.J.",7/25/2022,662347,22,100,2022
22,519326,"Strickland, Hunter",7/3/2022,663052,22,100,2022
22,547973,"Chapman, Aroldis",8/9/2022,662148,22,100,2022
22,641941,"Pagán, Emilio",6/28/2022,663045,22,100,2022
22,641360,"Bickford, Phil",6/9/2022,661458,22,100,2022
22,656730,"Megill, Trevor",7/9/2022,661842,22,100,2022
22,656793,"Nelson, Nick",8/6/2022,661561,22,100,2022
22,606625,"Moronta, Reyes",8/12/2022,662671,22,100,2022
22,663432,"Rainey, Tanner",6/24/2022,661844,22,100,2022
22,640448,"Finnegan, Kyle",6/17/2022,662502,22,100,2022
22,542947,"Bleier, Richard",8/17/2022,661356,22,100,2022
22,668665,"Nogosek, Stephen",6/3/2022,662720,22,100,2022
22,640444,"Crowe, Wil",8/19/2022,662396,22,100,2022
22,656793,"Nelson, Nick",8/24/2022,661605,22,100,2022
22,650556,"Abreu, Bryan",7/16/2022,662909,22,100,2022
22,661527,"Martinez, Seth",7/13/2022,663401,22,100,2022
22,605347,"López, Jorge",6/17/2022,661093,22,100,2022
22,675916,"Karinchak, James",7/22/2022,661409,22,100,2022
22,668941,"Romero, JoJo",7/22/2022,661560,22,100,2022
22,667297,"Nance, Tommy",8/20/2022,662561,22,100,2022
22,614179,"Ruiz, José",6/8/2022,661459,22,100,2022
22,592773,"Stanek, Ryne",6/13/2022,661881,22,100,2022
22,656546,"Hoffman, Jeff",6/17/2022,663063,22,100,2022
22,608678,"Leone, Dominic",8/26/2022,661669,22,100,2022
22,656730,"Megill, Trevor",7/6/2022,661413,22,100,2022
22,554431,"Matzek, Tyler",7/5/2022,661510,22,100,2022
22,642701,"Santana, Dennis",7/23/2022,662348,22,100,2022
22,607216,"Krehbiel, Joey",8/6/2022,661050,22,100,2022
22,607237,"Garrett, Amir",8/5/2022,662650,22,100,2022
22,672391,"Ort, Kaleb",8/10/2022,663188,22,100,2022
22,571948,"Milner, Hoby",8/19/2022,663228,22,100,2022
22,669276,"Lee, Dylan",8/13/2022,661360,22,100,2022
22,656222,"Beeks, Jalen",8/5/2022,662811,22,100,2022
22,671790,"Bolaños, Ronald",6/3/2022,662692,22,100,2022
22,656529,"Hentges, Sam",8/16/2022,662943,22,100,2022
22,675916,"Karinchak, James",8/15/2022,662977,22,100,2022
22,453268,"Bard, Daniel",8/4/2022,662219,22,100,2022
22,623149,"Sewald, Paul",7/13/2022,662531,22,100,2022
22,503449,"Peralta, Wily",6/19/2022,662807,22,100,2022
22,657770,"Stout, Eric",8/17/2022,662301,22,100,2022
22,621345,"Minter, A.J.",8/5/2022,662418,22,100,2022
22,666374,"Brash, Matt",7/17/2022,661821,22,100,2022
22,663986,"Stephan, Trevor",6/7/2022,663134,22,100,2022
22,672335,"Pérez, Cionel",8/19/2022,661044,22,100,2022
22,656638,"Lange, Alex",8/24/2022,662916,22,100,2022
22,621593,"Castro, Anthony",6/22/2022,661690,22,100,2022
22,502085,"Robertson, David",7/24/2022,661556,22,100,2022
22,570666,"Cessa, Luis",8/5/2022,661174,22,100,2022
22,605218,"Edwards Jr., Carl",7/6/2022,661564,22,100,2022
22,628452,"Iglesias, Raisel",8/9/2022,663201,22,100,2022
22,670167,"Schreiber, John",7/3/2022,663186,22,100,2022
22,628708,"Marte, Yunior",8/6/2022,662308,22,100,2022
22,543521,"McHugh, Collin",6/28/2022,661580,22,100,2022
22,641401,"Brogdon, Connor",6/9/2022,661194,22,100,2022
22,641729,"Jiménez, Joe",7/5/2022,662905,22,100,2022
22,643511,"Rogers, Tyler",7/30/2022,662112,22,100,2022
22,600917,"Leclerc, José",8/30/2022,661832,22,100,2022
22,664208,"Maton, Phil",7/25/2022,662347,22,100,2022
22,608723,"Voth, Austin",6/10/2022,662676,22,100,2022
22,670036,"Festa, Matt",7/26/2022,662184,22,100,2022
22,641501,"Danish, Tyler",6/28/2022,661728,22,100,2022
22,650895,"Castillo, Diego",7/25/2022,662166,22,100,2022
22,456034,"Price, David",8/1/2022,662070,22,100,2022
22,673316,"Barker, Luke",6/8/2022,661188,22,100,2022
22,676714,"Hughes, Brandon",8/8/2022,661060,22,100,2022
22,608349,"Knebel, Corey",7/9/2022,661137,22,100,2022
22,543521,"McHugh, Collin",7/5/2022,661510,22,100,2022
22,622065,"Young, Alex",8/24/2022,662916,22,100,2022
22,663855,"Hicks, Jordan",8/27/2022,661939,22,100,2022
22,594580,"Moll, Sam",6/19/2022,662361,22,100,2022
22,608718,"Suter, Brent",8/17/2022,661171,22,100,2022
22,595345,"Okert, Steven",8/26/2022,661355,22,100,2022
22,642701,"Santana, Dennis",7/5/2022,661244,22,100,2022
22,670090,"Mills, Wyatt",8/5/2022,662650,22,100,2022
22,641835,"Mayza, Tim",6/28/2022,661728,22,100,2022
22,592858,"Wick, Rowan",6/25/2022,661970,22,100,2022
22,669270,"Kuhnel, Joel",6/28/2022,663231,22,100,2022
22,641729,"Jiménez, Joe",8/6/2022,662856,22,100,2022
22,552640,"Kittredge, Andrew",6/7/2022,661894,22,100,2022
22,664854,"Helsley, Ryan",6/29/2022,661134,22,100,2022
22,642546,"Hernández, Jonathan",8/3/2022,661818,22,100,2022
22,641745,"Keller, Brad",8/28/2022,662638,22,100,2022
22,600921,"Machado, Andrés",6/29/2022,662493,22,100,2022
22,681810,"Warren, Austin",6/15/2022,662694,22,100,2022
22,607179,"Weems, Jordan",7/5/2022,661578,22,100,2022
22,608349,"Knebel, Corey",7/22/2022,661560,22,100,2022
22,666808,"Doval, Camilo",7/1/2022,662079,22,100,2022
22,625643,"López, Reynaldo",8/12/2022,661384,22,100,2022
22,667297,"Nance, Tommy",6/17/2022,662534,22,100,2022
22,642758,"Acevedo, Domingo",7/15/2022,662923,22,100,2022
22,663893,"Little, Brendon",8/30/2022,661800,22,100,2022
22,657612,"Hill, Tim",6/25/2022,662247,22,100,2022
22,607455,"Banda, Anthony",6/21/2022,661124,22,100,2022
22,517008,"Colomé, Alex",7/10/2022,663307,22,100,2022
22,642207,"Williams, Devin",7/8/2022,661177,22,100,2022
22,573204,"Thielbar, Caleb",8/27/2022,661657,22,100,2022
22,554340,"García, Yimi",7/28/2022,661714,22,100,2022
22,650556,"Abreu, Bryan",7/5/2022,662847,22,100,2022
22,571917,"Markel, Parker",6/4/2022,662364,22,100,2022
22,640451,"Harvey, Hunter",8/15/2022,662471,22,100,2022
22,642207,"Williams, Devin",7/29/2022,663190,22,100,2022
22,600917,"Leclerc, José",8/28/2022,661784,22,100,2022
22,456034,"Price, David",7/27/2022,662565,22,100,2022
22,592858,"Wick, Rowan",6/15/2022,663155,22,100,2022
22,656685,"Martin, Brett",7/24/2022,662343,22,100,2022
22,543521,"McHugh, Collin",7/26/2022,661563,22,100,2022
22,606149,"Gallegos, Giovanny",6/21/2022,661192,22,100,2022
22,657024,"Swanson, Erik",7/1/2022,662149,22,100,2022
22,608717,"Stratton, Chris",6/18/2022,661123,22,100,2022
22,670329,"Garcia, Rico",7/10/2022,661092,22,100,2022
22,571710,"Givens, Mychal",8/15/2022,661497,22,100,2022
22,641729,"Jiménez, Joe",6/22/2022,663252,22,100,2022
22,623352,"Hader, Josh",7/29/2022,663190,22,100,2022
22,670912,"Oviedo, Johan",7/10/2022,661135,22,100,2022
22,666374,"Brash, Matt",7/29/2022,662745,22,100,2022
22,656945,"Scott, Tanner",6/19/2022,662532,22,100,2022
22,592826,"Velasquez, Vince",7/5/2022,661426,22,100,2022
22,664092,"Poppen, Sean",6/5/2022,662450,22,100,2022
22,676050,"Naughton, Packy",8/25/2022,663240,22,100,2022
22,453268,"Bard, Daniel",8/20/2022,662879,22,100,2022
22,669674,"Long, Sam",7/25/2022,663315,22,100,2022
22,605280,"Holmes, Clay",6/28/2022,661272,22,100,2022
22,621345,"Minter, A.J.",8/28/2022,661950,22,100,2022
22,641793,"Littell, Zack",8/29/2022,662001,22,100,2022
22,571670,"Floro, Dylan",7/23/2022,662436,22,100,2022
22,643511,"Rogers, Tyler",6/5/2022,661394,22,100,2022
21,621345,"Minter, A.J.",7/23/2022,661503,21,100,2022
21,664076,"Cleavinger, Garrett",8/27/2022,663170,21,100,2022
21,659275,"Lamet, Dinelson",8/16/2022,661955,21,100,2022
21,453268,"Bard, Daniel",7/3/2022,662913,21,100,2022
21,605525,"Wendelken, J.B.",7/2/2022,662910,21,100,2022
21,621016,"Cuas, Jose",8/11/2022,662645,21,100,2022
21,445926,"Chavez, Jesse",7/10/2022,661520,21,100,2022
21,669459,"Nelson, Kyle",8/1/2022,662947,21,100,2022
21,621237,"Alvarado, José",7/12/2022,661722,21,100,2022
21,518886,"Kimbrel, Craig",6/19/2022,662590,21,100,2022
21,661255,"López, Yoan",8/2/2022,662529,21,100,2022
21,605521,"Warren, Art",8/22/2022,661601,21,100,2022
21,571901,"Loup, Aaron",7/2/2022,662890,21,100,2022
21,453343,"Melancon, Mark",8/1/2022,662947,21,100,2022
21,669395,"Coleman, Dylan",7/7/2022,662746,21,100,2022
21,605280,"Holmes, Clay",7/27/2022,662420,21,100,2022
21,475479,"Phelps, David",6/1/2022,661764,21,100,2022
21,670970,"Morejon, Adrian",8/2/2022,662220,21,100,2022
21,650633,"King, Michael",6/26/2022,661273,21,100,2022
21,657612,"Hill, Tim",8/3/2022,662244,21,100,2022
21,669395,"Coleman, Dylan",7/11/2022,662661,21,100,2022
21,607216,"Krehbiel, Joey",7/5/2022,661244,21,100,2022
21,663986,"Stephan, Trevor",7/4/2022,662841,21,100,2022
21,656222,"Beeks, Jalen",8/24/2022,661857,21,100,2022
21,518617,"Diekman, Jake",8/27/2022,661444,21,100,2022
21,542914,"Bass, Anthony",6/23/2022,661392,21,100,2022
21,607625,"Lugo, Seth",8/25/2022,662433,21,100,2022
21,662253,"Muñoz, Andrés",8/25/2022,662141,21,100,2022
21,621237,"Alvarado, José",7/9/2022,661137,21,100,2022
21,643256,"Cimber, Adam",7/30/2022,661712,21,100,2022
21,672335,"Pérez, Cionel",6/5/2022,661151,21,100,2022
21,663558,"Moran, Jovani",7/27/2022,661249,21,100,2022
21,658551,"Fernández, Junior",6/28/2022,661967,21,100,2022
21,656945,"Scott, Tanner",7/2/2022,662482,21,100,2022
21,605538,"Wisler, Matt",7/9/2022,663092,21,100,2022
21,608717,"Stratton, Chris",6/13/2022,661974,21,100,2022
21,642758,"Acevedo, Domingo",8/23/2022,662339,21,100,2022
21,544727,"Familia, Jeurys",6/17/2022,662502,21,100,2022
21,605177,"Chafin, Andrew",7/6/2022,662814,21,100,2022
21,622250,"Sborz, Josh",6/26/2022,661847,21,100,2022
21,621383,"Banks, Tanner",8/30/2022,661442,21,100,2022
21,650671,"Quijada, José",6/21/2022,663442,21,100,2022
21,570257,"Rodríguez, Joely",7/2/2022,662456,21,100,2022
21,642239,"Zastryzny, Rob",8/20/2022,661606,21,100,2022
21,676265,"Abbott, Cory",8/23/2022,662142,21,100,2022
21,607455,"Banda, Anthony",7/14/2022,661720,21,100,2022
21,642701,"Santana, Dennis",8/24/2022,662877,21,100,2022
21,475479,"Phelps, David",6/16/2022,661743,21,100,2022
21,605177,"Chafin, Andrew",7/27/2022,662900,21,100,2022
21,592858,"Wick, Rowan",6/1/2022,663184,21,100,2022
21,595881,"Beede, Tyler",6/26/2022,661886,21,100,2022
21,475479,"Phelps, David",7/10/2022,662183,21,100,2022
21,548384,"Raley, Brooks",7/12/2022,661877,21,100,2022
21,663432,"Rainey, Tanner",7/10/2022,661520,21,100,2022
21,669674,"Long, Sam",7/15/2022,662072,21,100,2022
21,663485,"Sands, Cole",8/10/2022,662575,21,100,2022
21,666808,"Doval, Camilo",6/21/2022,661142,21,100,2022
21,621237,"Alvarado, José",7/23/2022,661559,21,100,2022
21,664747,"Díaz, Alexis",8/11/2022,663023,21,100,2022
21,605447,"Romano, Jordan",8/13/2022,661709,21,100,2022
21,667427,"Jackson, Zach",7/1/2022,662149,21,100,2022
21,676684,"Vest, Will",7/1/2022,662834,21,100,2022
21,656061,"Abreu, Albert",7/8/2022,663202,21,100,2022
21,669618,"Barlow, Joe",8/17/2022,661788,21,100,2022
21,666818,"Frías, Luis",8/31/2022,663312,21,100,2022
21,542585,"Cisnero, José",8/3/2022,661664,21,100,2022
21,517008,"Colomé, Alex",7/5/2022,662731,21,100,2022
21,571479,"Bellatti, Andrew",7/16/2022,661359,21,100,2022
21,571479,"Bellatti, Andrew",7/1/2022,661582,21,100,2022
21,623352,"Hader, Josh",7/4/2022,661181,21,100,2022
21,672911,"Cruz, Jesus",6/2/2022,663000,21,100,2022
21,670036,"Festa, Matt",6/14/2022,662125,21,100,2022
21,502202,"Boxberger, Brad",7/9/2022,661224,21,100,2022
21,676714,"Hughes, Brandon",8/13/2022,663022,21,100,2022
21,475479,"Phelps, David",8/12/2022,661710,21,100,2022
21,592094,"Adam, Jason",6/20/2022,661893,21,100,2022
21,621242,"Díaz, Edwin",7/3/2022,662509,21,100,2022
21,614179,"Ruiz, José",7/23/2022,661408,21,100,2022
21,676684,"Vest, Will",8/24/2022,662916,21,100,2022
21,642397,"Soto, Gregory",7/7/2022,661425,21,100,2022
21,670167,"Schreiber, John",6/10/2022,662129,21,100,2022
21,605507,"Thompson, Zach",8/18/2022,662413,21,100,2022
21,622253,"Tate, Dillon",6/14/2022,661745,21,100,2022
21,666204,"Jiménez, Dany",8/20/2022,662340,21,100,2022
21,682171,"Murfee, Penn",8/17/2022,663408,21,100,2022
21,571656,"Farmer, Buck",8/27/2022,662468,21,100,2022
21,593974,"Peralta, Wandy",6/15/2022,661327,21,100,2022
21,667427,"Jackson, Zach",6/16/2022,663267,21,100,2022
21,518886,"Kimbrel, Craig",8/3/2022,662055,21,100,2022
21,643377,"Jax, Griffin",6/28/2022,663045,21,100,2022
21,640448,"Finnegan, Kyle",6/24/2022,661844,21,100,2022
21,641329,"Baker, Bryan",7/8/2022,661108,21,100,2022
21,623474,"Herget, Jimmy",6/6/2022,663399,21,100,2022
21,542585,"Cisnero, José",8/17/2022,662951,21,100,2022
21,671345,"Foley, Jason",8/16/2022,662943,21,100,2022
21,656557,"Houck, Tanner",7/26/2022,663203,21,100,2022
21,621249,"Underwood Jr., Duane",7/24/2022,662357,21,100,2022
21,670167,"Schreiber, John",8/25/2022,663172,21,100,2022
21,605154,"Brebbia, John",7/14/2022,662109,21,100,2022
21,650556,"Abreu, Bryan",7/6/2022,662747,21,100,2022
21,592858,"Wick, Rowan",6/5/2022,663138,21,100,2022
21,656945,"Scott, Tanner",7/3/2022,662486,21,100,2022
21,605521,"Warren, Art",6/5/2022,663058,21,100,2022
21,621242,"Díaz, Edwin",8/21/2022,661602,21,100,2022
21,622065,"Young, Alex",8/27/2022,661657,21,100,2022
21,642585,"Bautista, Félix",7/5/2022,661244,21,100,2022
21,642152,"Trivino, Lou",7/21/2022,662408,21,100,2022
21,541640,"Ramírez, Erasmo",7/1/2022,662492,21,100,2022
21,664092,"Poppen, Sean",7/6/2022,663318,21,100,2022
21,606930,"Barnes, Jacob",6/12/2022,662829,21,100,2022
21,656290,"Carlton, Drew",7/13/2022,662659,21,100,2022
21,660853,"De Los Santos, Enyel",6/25/2022,663042,21,100,2022
21,592773,"Stanek, Ryne",8/17/2022,661447,21,100,2022
21,453343,"Melancon, Mark",7/7/2022,663317,21,100,2022
21,596133,"Weaver, Luke",8/10/2022,662639,21,100,2022
21,519293,"Smith, Will",7/26/2022,661563,21,100,2022
21,455119,"Martin, Chris",7/6/2022,661225,21,100,2022
21,640462,"Puk, A.J.",7/17/2022,662908,21,100,2022
21,641302,"Alexander, Tyler",6/20/2022,663253,21,100,2022
21,656786,"Mushinski, Parker",6/6/2022,662762,21,100,2022
21,658551,"Fernández, Junior",6/26/2022,661969,21,100,2022
21,598287,"Ramirez, Noé",8/28/2022,661443,21,100,2022
21,605177,"Chafin, Andrew",6/13/2022,662828,21,100,2022
21,571670,"Floro, Dylan",6/14/2022,661616,21,100,2022
21,518489,"Brasier, Ryan",6/21/2022,663246,21,100,2022
21,608665,"Graveman, Kendall",8/22/2022,662767,21,100,2022
21,572403,"VerHagen, Drew",6/7/2022,661894,21,100,2022
21,501925,"Smith, Joe",6/22/2022,661690,21,100,2022
21,640462,"Puk, A.J.",7/12/2022,661813,21,100,2022
21,573204,"Thielbar, Caleb",8/7/2022,661653,21,100,2022
21,606303,"Payamps, Joel",6/9/2022,662677,21,100,2022
21,456713,"Bush, Matt",6/1/2022,661963,21,100,2022
21,642701,"Santana, Dennis",7/30/2022,663378,21,100,2022
21,459429,"McGee, Jake",8/30/2022,662466,21,100,2022
21,656234,"Bird, Jake",7/31/2022,662988,21,100,2022
21,669270,"Kuhnel, Joel",6/11/2022,661976,21,100,2022
21,605538,"Wisler, Matt",6/12/2022,661679,21,100,2022
21,672335,"Pérez, Cionel",7/25/2022,661055,21,100,2022
21,571670,"Floro, Dylan",6/10/2022,662759,21,100,2022
21,665665,"Sanmartin, Reiver",7/24/2022,663059,21,100,2022
21,669711,"Weissert, Greg",8/30/2022,663437,21,100,2022
21,670955,"Uceta, Edwin",7/22/2022,663306,21,100,2022
21,669459,"Nelson, Kyle",7/8/2022,663319,21,100,2022
21,571948,"Milner, Hoby",8/30/2022,661166,21,100,2022
21,640448,"Finnegan, Kyle",6/21/2022,661198,21,100,2022
21,640444,"Crowe, Wil",6/25/2022,661887,21,100,2022
21,502202,"Boxberger, Brad",6/16/2022,662535,21,100,2022
21,644364,"Arano, Víctor",7/22/2022,663306,21,100,2022
21,663855,"Hicks, Jordan",8/7/2022,661948,21,100,2022
21,666808,"Doval, Camilo",7/29/2022,662057,21,100,2022
21,667463,"King, John",6/4/2022,661936,21,100,2022
21,657612,"Hill, Tim",7/4/2022,662270,21,100,2022
21,640448,"Finnegan, Kyle",6/11/2022,662510,21,100,2022
21,571948,"Milner, Hoby",6/12/2022,662542,21,100,2022
21,594311,"Gustave, Jandel",6/26/2022,661206,21,100,2022
21,676265,"Abbott, Cory",7/31/2022,662475,21,100,2022
21,657272,"Uelmen, Erich",8/18/2022,661109,21,100,2022
21,623352,"Hader, Josh",8/8/2022,662218,21,100,2022
21,676840,"Peacock, Matt",6/27/2022,662681,21,100,2022
21,608032,"Estévez, Carlos",7/7/2022,663317,21,100,2022
21,664747,"Díaz, Alexis",8/6/2022,661173,21,100,2022
21,623352,"Hader, Josh",6/7/2022,661205,21,100,2022
21,662253,"Muñoz, Andrés",6/10/2022,662129,21,100,2022
21,665665,"Sanmartin, Reiver",8/24/2022,661605,21,100,2022
21,656529,"Hentges, Sam",6/28/2022,663045,21,100,2022
21,445926,"Chavez, Jesse",8/28/2022,661773,21,100,2022
21,650893,"Cabrera, Génesis",6/10/2022,661983,21,100,2022
21,608665,"Graveman, Kendall",8/24/2022,663460,21,100,2022
21,607625,"Lugo, Seth",8/20/2022,661628,21,100,2022
21,607625,"Lugo, Seth",8/23/2022,661237,21,100,2022
21,656061,"Abreu, Albert",7/10/2022,663232,21,100,2022
21,605194,"Cotton, Jharel",7/5/2022,661426,21,100,2022
21,664123,"Effross, Scott",8/7/2022,661948,21,100,2022
21,592169,"Brice, Austin",8/16/2022,662302,21,100,2022
21,641729,"Jiménez, Joe",8/23/2022,662914,21,100,2022
21,640462,"Puk, A.J.",6/9/2022,663015,21,100,2022
21,676714,"Hughes, Brandon",6/14/2022,663182,21,100,2022
21,542947,"Bleier, Richard",8/13/2022,661428,21,100,2022
21,571901,"Loup, Aaron",8/10/2022,662316,21,100,2022
21,573009,"Mantiply, Joe",8/16/2022,662004,21,100,2022
21,573009,"Mantiply, Joe",7/11/2022,662100,21,100,2022
21,643493,"Pruitt, Austin",8/18/2022,661787,21,100,2022
21,455119,"Martin, Chris",7/13/2022,663230,21,100,2022
21,676760,"Marinaccio, Ron",8/22/2022,661238,21,100,2022
21,643377,"Jax, Griffin",8/10/2022,662575,21,100,2022
21,621363,"Poche, Colin",7/15/2022,661874,21,100,2022
21,644364,"Arano, Víctor",8/18/2022,662182,21,100,2022
21,453178,"Kennedy, Ian",6/14/2022,663342,21,100,2022
21,543521,"McHugh, Collin",7/10/2022,661520,21,100,2022
21,621366,"Borucki, Ryan",7/8/2022,662155,21,100,2022
21,656061,"Abreu, Albert",7/26/2022,662438,21,100,2022
21,502085,"Robertson, David",8/21/2022,661602,21,100,2022
21,670280,"Bednar, David",7/10/2022,661178,21,100,2022
21,605525,"Wendelken, J.B.",6/11/2022,661614,21,100,2022
21,455119,"Martin, Chris",6/18/2022,663239,21,100,2022
21,641941,"Pagán, Emilio",6/11/2022,661680,21,100,2022
21,641745,"Keller, Brad",8/26/2022,662667,21,100,2022
21,544365,"Bañuelos, Manny",8/8/2022,663304,21,100,2022
21,542947,"Bleier, Richard",6/1/2022,662991,21,100,2022
21,656986,"Sousa, Bennett",6/1/2022,661764,21,100,2022
21,670950,"Richards, Trevor",7/27/2022,661715,21,100,2022
21,570257,"Rodríguez, Joely",6/22/2022,662749,21,100,2022
21,623352,"Hader, Josh",7/22/2022,661193,21,100,2022
21,664199,"Clarke, Taylor",7/23/2022,662657,21,100,2022
21,518886,"Kimbrel, Craig",8/17/2022,661171,21,100,2022
21,476595,"Luetge, Lucas",7/14/2022,661261,21,100,2022
21,621345,"Minter, A.J.",8/20/2022,661610,21,100,2022
21,622268,"Walton, Donovan",6/3/2022,661396,21,100,2022
21,571710,"Givens, Mychal",8/14/2022,662427,21,100,2022
21,656557,"Houck, Tanner",6/24/2022,663054,21,100,2022
21,605130,"Barlow, Scott",8/6/2022,662649,21,100,2022
21,672911,"Cruz, Jesus",6/15/2022,662504,21,100,2022
21,676714,"Hughes, Brandon",8/11/2022,663023,21,100,2022
21,662253,"Muñoz, Andrés",6/24/2022,663388,21,100,2022
21,657612,"Hill, Tim",8/15/2022,661358,21,100,2022
21,623465,"Phillips, Evan",8/16/2022,661191,21,100,2022
21,605521,"Warren, Art",7/2/2022,663037,21,100,2022
21,669467,"Pallante, Andre",8/26/2022,661940,21,100,2022
21,657044,"Thompson, Ryan",8/3/2022,661867,21,100,2022
21,571656,"Farmer, Buck",8/6/2022,661173,21,100,2022
21,445276,"Jansen, Kenley",8/13/2022,661428,21,100,2022
21,571704,"Giles, Ken",6/26/2022,663387,21,100,2022
21,656638,"Lange, Alex",6/2/2022,662832,21,100,2022
21,642546,"Hernández, Jonathan",8/15/2022,661834,21,100,2022
21,518553,"Cishek, Steve",8/23/2022,662142,21,100,2022
21,594580,"Moll, Sam",7/30/2022,661451,21,100,2022
21,543766,"Shaw, Bryan",8/5/2022,662945,21,100,2022
21,663986,"Stephan, Trevor",8/11/2022,662790,21,100,2022
21,664944,"Vieaux, Cam",8/27/2022,661599,21,100,2022
21,657044,"Thompson, Ryan",6/11/2022,661680,21,100,2022
21,542888,"Armstrong, Shawn",8/16/2022,661250,21,100,2022
21,667427,"Jackson, Zach",6/26/2022,662665,21,100,2022
21,641941,"Pagán, Emilio",8/30/2022,661648,21,100,2022
21,570666,"Cessa, Luis",7/4/2022,663036,21,100,2022
21,663989,"Vespi, Nick",6/29/2022,662151,21,100,2022
21,641312,"Anderson, Shaun",6/27/2022,661740,21,100,2022
21,572070,"Richards, Garrett",7/5/2022,661244,21,100,2022
20,622253,"Tate, Dillon",6/10/2022,662676,20,100,2022
20,592761,"Smith, Caleb",7/9/2022,663310,20,100,2022
20,606965,"Devenski, Chris",8/20/2022,663291,20,100,2022
20,622694,"Hernández, Elieser",8/16/2022,661357,20,100,2022
20,547973,"Chapman, Aroldis",7/22/2022,661072,20,100,2022
20,571670,"Floro, Dylan",7/14/2022,661375,20,100,2022
20,656354,"Davis, Austin",8/5/2022,662650,20,100,2022
20,669424,"Lambert, Jimmy",8/7/2022,661835,20,100,2022
20,669424,"Lambert, Jimmy",8/30/2022,661442,20,100,2022
20,676714,"Hughes, Brandon",8/15/2022,662471,20,100,2022
20,622251,"Staumont, Josh",6/14/2022,662068,20,100,2022
20,657571,"Ferguson, Caleb",7/16/2022,663415,20,100,2022
20,682171,"Murfee, Penn",6/27/2022,662168,20,100,2022
20,681911,"Vesia, Alex",6/30/2022,662733,20,100,2022
20,641755,"Kinley, Tyler",6/1/2022,662991,20,100,2022
20,503449,"Peralta, Wily",6/14/2022,662884,20,100,2022
20,608328,"De Jong, Chase",6/29/2022,662493,20,100,2022
20,656730,"Megill, Trevor",6/1/2022,662833,20,100,2022
20,641941,"Pagán, Emilio",7/17/2022,661672,20,100,2022
20,642528,"Loáisiga, Jonathan",8/7/2022,661948,20,100,2022
20,600917,"Leclerc, José",6/26/2022,661847,20,100,2022
20,641329,"Baker, Bryan",7/13/2022,663230,20,100,2022
20,671345,"Foley, Jason",6/18/2022,662802,20,100,2022
20,445276,"Jansen, Kenley",6/20/2022,661143,20,100,2022
20,656061,"Abreu, Albert",7/6/2022,662328,20,100,2022
20,592858,"Wick, Rowan",7/5/2022,661187,20,100,2022
20,542947,"Bleier, Richard",8/21/2022,662600,20,100,2022
20,676684,"Vest, Will",8/11/2022,662790,20,100,2022
20,640444,"Crowe, Wil",8/3/2022,662324,20,100,2022
20,608678,"Leone, Dominic",8/9/2022,662246,20,100,2022
20,521230,"Hendriks, Liam",8/25/2022,663459,20,100,2022
20,664139,"Gibaut, Ian",7/29/2022,663026,20,100,2022
20,656638,"Lange, Alex",8/17/2022,662951,20,100,2022
20,547973,"Chapman, Aroldis",7/13/2022,661269,20,100,2022
20,608349,"Knebel, Corey",6/5/2022,661633,20,100,2022
20,622554,"Domínguez, Seranthony",7/2/2022,661581,20,100,2022
20,605130,"Barlow, Scott",6/1/2022,663031,20,100,2022
20,641360,"Bickford, Phil",8/29/2022,661352,20,100,2022
20,605154,"Brebbia, John",7/31/2022,662071,20,100,2022
20,663855,"Hicks, Jordan",8/31/2022,662995,20,100,2022
20,541640,"Ramírez, Erasmo",8/9/2022,661059,20,100,2022
20,606424,"García, Jarlín",7/2/2022,662101,20,100,2022
20,621016,"Cuas, Jose",8/23/2022,662668,20,100,2022
20,656557,"Houck, Tanner",8/1/2022,662737,20,100,2022
20,658551,"Fernández, Junior",6/23/2022,661183,20,100,2022
20,642152,"Trivino, Lou",8/9/2022,662148,20,100,2022
20,622075,"Almonte, Yency",6/11/2022,662089,20,100,2022
20,573009,"Mantiply, Joe",6/12/2022,661622,20,100,2022
20,641941,"Pagán, Emilio",7/26/2022,661281,20,100,2022
20,643256,"Cimber, Adam",7/10/2022,662183,20,100,2022
20,669212,"Morgan, Eli",7/8/2022,662614,20,100,2022
20,643256,"Cimber, Adam",7/6/2022,662353,20,100,2022
20,519326,"Strickland, Hunter",8/29/2022,663018,20,100,2022
20,493603,"Ottavino, Adam",7/9/2022,662497,20,100,2022
20,641941,"Pagán, Emilio",7/31/2022,662267,20,100,2022
20,571710,"Givens, Mychal",7/8/2022,662610,20,100,2022
20,600917,"Leclerc, José",7/25/2022,662166,20,100,2022
20,656529,"Hentges, Sam",6/11/2022,663084,20,100,2022
20,542888,"Armstrong, Shawn",7/6/2022,663244,20,100,2022
20,671345,"Foley, Jason",8/26/2022,661786,20,100,2022
20,641360,"Bickford, Phil",8/26/2022,661355,20,100,2022
20,657044,"Thompson, Ryan",7/5/2022,663245,20,100,2022
20,606273,"Elías, Roenis",6/15/2022,662173,20,100,2022
20,425877,"Molina, Yadier",6/8/2022,661892,20,100,2022
20,596082,"Reed, Jake",7/28/2022,661077,20,100,2022
20,456713,"Bush, Matt",8/26/2022,661189,20,100,2022
20,628452,"Iglesias, Raisel",8/27/2022,661939,20,100,2022
20,594580,"Moll, Sam",7/8/2022,662352,20,100,2022
20,676684,"Vest, Will",8/9/2022,662793,20,100,2022
20,664123,"Effross, Scott",6/2/2022,663139,20,100,2022
20,523260,"Kelly, Joe",7/26/2022,661079,20,100,2022
20,573124,"Rogers, Taylor",8/26/2022,661189,20,100,2022
20,661395,"Duran, Jhoan",8/25/2022,662711,20,100,2022
20,663432,"Rainey, Tanner",6/28/2022,662484,20,100,2022
20,456034,"Price, David",7/10/2022,662729,20,100,2022
20,595345,"Okert, Steven",7/29/2022,661372,20,100,2022
20,518397,"Alexander, Scott",8/28/2022,661663,20,100,2022
20,542947,"Bleier, Richard",7/30/2022,661371,20,100,2022
20,544727,"Familia, Jeurys",8/30/2022,661648,20,100,2022
20,623149,"Sewald, Paul",6/30/2022,662150,20,100,2022
20,621345,"Minter, A.J.",7/7/2022,661521,20,100,2022
20,669395,"Coleman, Dylan",7/24/2022,662656,20,100,2022
20,605242,"Fulmer, Michael",8/14/2022,663371,20,100,2022
20,656954,"Sheffield, Justus",6/18/2022,662170,20,100,2022
20,542888,"Armstrong, Shawn",6/3/2022,661897,20,100,2022
20,621363,"Poche, Colin",8/21/2022,661860,20,100,2022
20,641401,"Brogdon, Connor",8/21/2022,661602,20,100,2022
20,657272,"Uelmen, Erich",7/22/2022,661560,20,100,2022
20,658551,"Fernández, Junior",7/13/2022,661118,20,100,2022
20,642585,"Bautista, Félix",8/19/2022,661044,20,100,2022
20,660813,"Graterol, Brusdar",8/24/2022,662604,20,100,2022
20,623465,"Phillips, Evan",7/5/2022,662731,20,100,2022
20,502085,"Robertson, David",6/17/2022,663124,20,100,2022
20,641627,"Gott, Trevor",7/23/2022,661201,20,100,2022
20,592094,"Adam, Jason",6/26/2022,661886,20,100,2022
20,664199,"Clarke, Taylor",6/3/2022,662692,20,100,2022
20,518553,"Cishek, Steve",8/1/2022,662474,20,100,2022
20,663158,"Suarez, Robert",8/6/2022,662654,20,100,2022
20,594311,"Gustave, Jandel",7/30/2022,663192,20,100,2022
20,664123,"Effross, Scott",8/5/2022,661946,20,100,2022
20,592094,"Adam, Jason",8/19/2022,661862,20,100,2022
20,519043,"Moore, Matt",7/10/2022,661808,20,100,2022
20,682171,"Murfee, Penn",7/13/2022,662517,20,100,2022
20,664875,"Lawrence, Justin",7/4/2022,662732,20,100,2022
20,657240,"Merryweather, Julian",6/3/2022,661761,20,100,2022
20,657424,"Gage, Matt",7/2/2022,661836,20,100,2022
20,641329,"Baker, Bryan",7/10/2022,661092,20,100,2022
20,612434,"Castro, Miguel",6/19/2022,661741,20,100,2022
20,621366,"Borucki, Ryan",6/19/2022,662169,20,100,2022
20,669424,"Lambert, Jimmy",6/27/2022,663440,20,100,2022
20,657272,"Uelmen, Erich",8/26/2022,661189,20,100,2022
20,672335,"Pérez, Cionel",8/5/2022,661048,20,100,2022
20,641793,"Littell, Zack",8/26/2022,661669,20,100,2022
20,605130,"Barlow, Scott",8/4/2022,662651,20,100,2022
20,459429,"McGee, Jake",6/24/2022,662067,20,100,2022
20,608032,"Estévez, Carlos",6/3/2022,662980,20,100,2022
20,571901,"Loup, Aaron",7/7/2022,661091,20,100,2022
20,624503,"Gordon, Nick",7/29/2022,662268,20,100,2022
20,676714,"Hughes, Brandon",6/21/2022,661124,20,100,2022
20,518489,"Brasier, Ryan",7/29/2022,663190,20,100,2022
20,600921,"Machado, Andrés",7/25/2022,662576,20,100,2022
20,605447,"Romano, Jordan",8/29/2022,661801,20,100,2022
20,605280,"Holmes, Clay",7/31/2022,661254,20,100,2022
20,607216,"Krehbiel, Joey",7/3/2022,661689,20,100,2022
20,670950,"Richards, Trevor",7/7/2022,662156,20,100,2022
20,621249,"Underwood Jr., Duane",6/11/2022,661160,20,100,2022
20,605242,"Fulmer, Michael",6/16/2022,662827,20,100,2022
20,657424,"Gage, Matt",6/13/2022,661746,20,100,2022
20,663158,"Suarez, Robert",8/29/2022,662001,20,100,2022
20,641941,"Pagán, Emilio",7/30/2022,662196,20,100,2022
20,676050,"Naughton, Packy",7/30/2022,662476,20,100,2022
20,650633,"King, Michael",6/28/2022,661272,20,100,2022
20,622379,"Castillo, Luis F.",8/6/2022,662856,20,100,2022
20,592773,"Stanek, Ryne",7/25/2022,662347,20,100,2022
20,542914,"Bass, Anthony",8/27/2022,661703,20,100,2022
20,621345,"Minter, A.J.",7/25/2022,661555,20,100,2022
20,570666,"Cessa, Luis",7/1/2022,663038,20,100,2022
20,519043,"Moore, Matt",6/22/2022,661851,20,100,2022
20,617228,"Sawamura, Hirokazu",8/9/2022,663201,20,100,2022
20,519326,"Strickland, Hunter",6/11/2022,661976,20,100,2022
20,623352,"Hader, Josh",6/25/2022,661264,20,100,2022
20,519326,"Strickland, Hunter",8/15/2022,663020,20,100,2022
20,446321,"Detwiler, Ross",6/8/2022,663050,20,100,2022
20,656257,"Brigham, Jeff",7/24/2022,662357,20,100,2022
20,664747,"Díaz, Alexis",8/31/2022,662995,20,100,2022
20,669395,"Coleman, Dylan",7/22/2022,662658,20,100,2022
20,445926,"Chavez, Jesse",6/23/2022,661140,20,100,2022
20,596112,"Stephenson, Robert",6/9/2022,662091,20,100,2022
20,502202,"Boxberger, Brad",7/3/2022,661102,20,100,2022
20,598287,"Ramirez, Noé",6/26/2022,663331,20,100,2022
20,456713,"Bush, Matt",8/14/2022,661957,20,100,2022
20,543507,"May, Trevor",8/21/2022,661602,20,100,2022
20,605280,"Holmes, Clay",8/12/2022,663177,20,100,2022
20,572403,"VerHagen, Drew",6/11/2022,661976,20,100,2022
20,605154,"Brebbia, John",6/12/2022,662085,20,100,2022
20,666808,"Doval, Camilo",8/14/2022,662035,20,100,2022
20,669395,"Coleman, Dylan",8/28/2022,662638,20,100,2022
20,605130,"Barlow, Scott",7/23/2022,662657,20,100,2022
20,572193,"Tepera, Ryan",6/16/2022,662172,20,100,2022
20,544365,"Bañuelos, Manny",8/30/2022,661166,20,100,2022
20,573009,"Mantiply, Joe",6/21/2022,662248,20,100,2022
20,593974,"Peralta, Wandy",6/19/2022,661741,20,100,2022
20,606930,"Barnes, Jacob",6/10/2022,662831,20,100,2022
20,608648,"Duffey, Tyler",6/3/2022,661761,20,100,2022
20,542585,"Cisnero, José",7/21/2022,662408,20,100,2022
20,656061,"Abreu, Albert",6/12/2022,662673,20,100,2022
20,661527,"Martinez, Seth",6/15/2022,661845,20,100,2022
20,676637,"Sanders, Phoenix",7/1/2022,661725,20,100,2022
20,622251,"Staumont, Josh",7/30/2022,661255,20,100,2022
20,681806,"Wantz, Andrew",7/16/2022,663415,20,100,2022
20,656271,"Burke, Brock",7/22/2022,662344,20,100,2022
20,663986,"Stephan, Trevor",7/23/2022,661523,20,100,2022
20,656529,"Hentges, Sam",6/9/2022,663015,20,100,2022
20,643230,"Brault, Steven",7/30/2022,662112,20,100,2022
20,502085,"Robertson, David",7/29/2022,662057,20,100,2022
20,665001,"Kelley, Trevor",6/19/2022,663061,20,100,2022
20,660906,"Pérez, Francisco",6/17/2022,662580,20,100,2022
20,669270,"Kuhnel, Joel",6/3/2022,663119,20,100,2022
20,622253,"Tate, Dillon",8/25/2022,663459,20,100,2022
20,622065,"Young, Alex",8/28/2022,661663,20,100,2022
20,456034,"Price, David",6/10/2022,662090,20,100,2022
20,445926,"Chavez, Jesse",8/4/2022,663374,20,100,2022
20,656986,"Sousa, Bennett",6/9/2022,661458,20,100,2022
20,670167,"Schreiber, John",6/17/2022,663256,20,100,2022
20,656945,"Scott, Tanner",8/7/2022,661061,20,100,2022
20,622503,"Crismatt, Nabil",6/26/2022,662254,20,100,2022
20,643377,"Jax, Griffin",7/15/2022,661674,20,100,2022
20,593576,"Neris, Héctor",6/25/2022,661271,20,100,2022
20,489446,"Yates, Kirby",8/30/2022,661479,20,100,2022
20,543766,"Shaw, Bryan",6/24/2022,663054,20,100,2022
20,681806,"Wantz, Andrew",7/3/2022,662889,20,100,2022
20,641582,"Foster, Matt",8/6/2022,661815,20,100,2022
20,608717,"Stratton, Chris",6/30/2022,661105,20,100,2022
20,623474,"Herget, Jimmy",6/2/2022,661329,20,100,2022
20,664875,"Lawrence, Justin",8/30/2022,661479,20,100,2022
20,643377,"Jax, Griffin",8/1/2022,661671,20,100,2022
20,453343,"Melancon, Mark",7/11/2022,662100,20,100,2022
20,621363,"Poche, Colin",8/18/2022,661863,20,100,2022
20,676684,"Vest, Will",7/28/2022,661714,20,100,2022
20,670970,"Morejon, Adrian",7/13/2022,662895,20,100,2022
20,642528,"Loáisiga, Jonathan",8/15/2022,661283,20,100,2022
20,622503,"Crismatt, Nabil",7/16/2022,662271,20,100,2022
20,605347,"López, Jorge",8/19/2022,661655,20,100,2022
20,622253,"Tate, Dillon",8/15/2022,661707,20,100,2022
20,608717,"Stratton, Chris",8/4/2022,661932,20,100,2022
20,600917,"Leclerc, José",8/9/2022,662724,20,100,2022
20,595345,"Okert, Steven",7/28/2022,663027,20,100,2022
20,657571,"Ferguson, Caleb",7/23/2022,662608,20,100,2022
20,502202,"Boxberger, Brad",6/28/2022,661885,20,100,2022
20,621389,"Blach, Ty",6/29/2022,662894,20,100,2022
20,572703,"Bard, Luke",6/14/2022,661328,20,100,2022
20,663558,"Moran, Jovani",6/30/2022,662983,20,100,2022
20,554340,"García, Yimi",8/13/2022,661709,20,100,2022
20,642068,"Sheffield, Jordan",8/1/2022,662224,20,100,2022
20,676534,"Faucher, Calvin",6/29/2022,661879,20,100,2022
20,543766,"Shaw, Bryan",6/7/2022,663134,20,100,2022
20,621074,"Rucker, Michael",8/11/2022,663023,20,100,2022
20,600917,"Leclerc, José",7/13/2022,661812,20,100,2022
20,669424,"Lambert, Jimmy",8/22/2022,662767,20,100,2022
20,672335,"Pérez, Cionel",8/21/2022,661051,20,100,2022
20,675916,"Karinchak, James",8/23/2022,662213,20,100,2022
20,493603,"Ottavino, Adam",7/11/2022,661507,20,100,2022
20,521230,"Hendriks, Liam",7/24/2022,661407,20,100,2022
20,621016,"Cuas, Jose",7/27/2022,662652,20,100,2022
20,670059,"Holderman, Colin",8/10/2022,663302,20,100,2022
20,642758,"Acevedo, Domingo",8/15/2022,661834,20,100,2022
20,607259,"Martinez, Nick",7/12/2022,662984,20,100,2022
20,519293,"Smith, Will",6/20/2022,661143,20,100,2022
20,547184,"Kelly, Michael",6/16/2022,662501,20,100,2022
20,519326,"Strickland, Hunter",7/8/2022,663053,20,100,2022
20,605218,"Edwards Jr., Carl",6/17/2022,662580,20,100,2022
20,621237,"Alvarado, José",6/16/2022,662501,20,100,2022
20,503449,"Peralta, Wily",6/26/2022,663331,20,100,2022
20,453178,"Kennedy, Ian",6/29/2022,663325,20,100,2022
20,656271,"Burke, Brock",7/10/2022,661808,20,100,2022
20,660787,"De los Santos, Yerry",6/17/2022,662437,20,100,2022
20,664854,"Helsley, Ryan",6/14/2022,662018,20,100,2022
20,623451,"Stephens, Jackson",8/4/2022,662419,20,100,2022
20,614179,"Ruiz, José",7/27/2022,661078,20,100,2022
20,656685,"Martin, Brett",8/18/2022,661787,20,100,2022
20,571670,"Floro, Dylan",6/21/2022,661148,20,100,2022
20,621051,"Wilson, Steven",8/15/2022,661358,20,100,2022
20,572703,"Bard, Luke",6/19/2022,661074,20,100,2022
20,628708,"Marte, Yunior",8/1/2022,662070,20,100,2022
20,664199,"Clarke, Taylor",6/22/2022,663389,20,100,2022
20,667427,"Jackson, Zach",6/18/2022,662368,20,100,2022
20,680704,"Sandlin, Nick",6/18/2022,662686,20,100,2022
20,518886,"Kimbrel, Craig",7/22/2022,662589,20,100,2022
20,573124,"Rogers, Taylor",6/2/2022,661340,20,100,2022
20,656061,"Abreu, Albert",7/14/2022,661261,20,100,2022
20,676050,"Naughton, Packy",6/26/2022,661969,20,100,2022
20,643230,"Brault, Steven",7/17/2022,661082,20,100,2022
20,650895,"Castillo, Diego",6/28/2022,662186,20,100,2022
20,621345,"Minter, A.J.",7/14/2022,662518,20,100,2022
20,475479,"Phelps, David",6/7/2022,662678,20,100,2022
20,592858,"Wick, Rowan",8/5/2022,661063,20,100,2022
20,453268,"Bard, Daniel",7/25/2022,661231,20,100,2022
20,660787,"De los Santos, Yerry",8/11/2022,663293,20,100,2022
20,596057,"Norris, Daniel",6/20/2022,661121,20,100,2022
20,667427,"Jackson, Zach",6/23/2022,662358,20,100,2022
20,518553,"Cishek, Steve",6/8/2022,661150,20,100,2022
20,670059,"Holderman, Colin",8/14/2022,662035,20,100,2022
20,519151,"Pressly, Ryan",8/9/2022,662724,20,100,2022
20,607455,"Banda, Anthony",7/15/2022,661719,20,100,2022
20,456034,"Price, David",6/25/2022,661138,20,100,2022
20,612434,"Castro, Miguel",6/29/2022,661263,20,100,2022
20,606424,"García, Jarlín",6/1/2022,661612,20,100,2022
20,542585,"Cisnero, José",8/15/2022,662948,20,100,2022
20,573124,"Rogers, Taylor",8/27/2022,661180,20,100,2022
20,608648,"Duffey, Tyler",7/10/2022,661808,20,100,2022
20,475479,"Phelps, David",6/18/2022,661748,20,100,2022
20,541640,"Ramírez, Erasmo",7/13/2022,662531,20,100,2022
20,669424,"Lambert, Jimmy",6/21/2022,661481,20,100,2022
20,543521,"McHugh, Collin",8/9/2022,663201,20,100,2022
20,661383,"Ortega, Oliver",6/26/2022,663387,20,100,2022
20,661395,"Duran, Jhoan",7/4/2022,661452,20,100,2022
20,518886,"Kimbrel, Craig",8/16/2022,661191,20,100,2022
20,453268,"Bard, Daniel",8/19/2022,662880,20,100,2022
20,592094,"Adam, Jason",8/16/2022,661250,20,100,2022
20,605218,"Edwards Jr., Carl",6/12/2022,662542,20,100,2022
20,621383,"Banks, Tanner",7/11/2022,662956,20,100,2022
20,621249,"Underwood Jr., Duane",7/14/2022,661375,20,100,2022
20,605347,"López, Jorge",6/4/2022,661346,20,100,2022
20,605154,"Brebbia, John",6/28/2022,662060,20,100,2022
20,678061,"Kerr, Ray",6/26/2022,662254,20,100,2022
20,650895,"Castillo, Diego",8/15/2022,663370,20,100,2022
20,472610,"García, Luis",8/16/2022,661357,20,100,2022
20,554340,"García, Yimi",8/4/2022,661660,20,100,2022
20,573124,"Rogers, Taylor",8/3/2022,662324,20,100,2022
20,572193,"Tepera, Ryan",7/8/2022,661108,20,100,2022
20,455119,"Martin, Chris",7/28/2022,662058,20,100,2022
20,519151,"Pressly, Ryan",7/30/2022,662738,20,100,2022
20,670167,"Schreiber, John",8/5/2022,662650,20,100,2022
20,663986,"Stephan, Trevor",6/12/2022,663083,20,100,2022
20,656464,"Ginkel, Kevin",8/1/2022,662947,20,100,2022
20,662253,"Muñoz, Andrés",6/5/2022,661962,20,100,2022
20,665665,"Sanmartin, Reiver",6/13/2022,663345,20,100,2022
20,519151,"Pressly, Ryan",7/28/2022,662907,20,100,2022
20,670059,"Holderman, Colin",8/4/2022,662303,20,100,2022
20,670167,"Schreiber, John",6/8/2022,663398,20,100,2022
20,663986,"Stephan, Trevor",8/26/2022,662143,20,100,2022
20,570257,"Rodríguez, Joely",7/3/2022,662509,20,100,2022
20,554340,"García, Yimi",8/5/2022,661659,20,100,2022
20,503285,"O'Day, Darren",7/10/2022,661520,20,100,2022
19,573009,"Mantiply, Joe",7/6/2022,663318,19,100,2022
19,670912,"Oviedo, Johan",7/22/2022,663060,19,100,2022
19,656546,"Hoffman, Jeff",7/5/2022,663035,19,100,2022
19,628452,"Iglesias, Raisel",7/6/2022,661378,19,100,2022
19,662253,"Muñoz, Andrés",7/3/2022,662162,19,100,2022
19,519293,"Smith, Will",7/7/2022,661521,19,100,2022
19,662253,"Muñoz, Andrés",6/2/2022,661247,19,100,2022
19,657044,"Thompson, Ryan",6/20/2022,661893,19,100,2022
19,642231,"Yacabonis, Jimmy",8/6/2022,662856,19,100,2022
19,518886,"Kimbrel, Craig",6/5/2022,662612,19,100,2022
19,641729,"Jiménez, Joe",8/16/2022,662943,19,100,2022
19,656061,"Abreu, Albert",7/13/2022,661269,19,100,2022
19,667463,"King, John",6/12/2022,661483,19,100,2022
19,592773,"Stanek, Ryne",7/4/2022,662874,19,100,2022
19,661383,"Ortega, Oliver",6/28/2022,663392,19,100,2022
19,676714,"Hughes, Brandon",7/3/2022,663186,19,100,2022
19,656638,"Lange, Alex",6/29/2022,662080,19,100,2022
19,670036,"Festa, Matt",6/16/2022,662172,19,100,2022
19,657770,"Stout, Eric",8/6/2022,661050,19,100,2022
19,661255,"López, Yoan",6/20/2022,662522,19,100,2022
19,519293,"Smith, Will",8/6/2022,662937,19,100,2022
19,472610,"García, Luis",6/28/2022,663344,19,100,2022
19,650633,"King, Michael",7/21/2022,662776,19,100,2022
19,518617,"Diekman, Jake",7/30/2022,663192,19,100,2022
19,608718,"Suter, Brent",6/16/2022,662535,19,100,2022
19,592858,"Wick, Rowan",7/9/2022,662683,19,100,2022
19,656945,"Scott, Tanner",7/10/2022,662496,19,100,2022
19,664208,"Maton, Phil",6/5/2022,662688,19,100,2022
19,663855,"Hicks, Jordan",8/19/2022,663292,19,100,2022
19,572125,"Selman, Sam",6/28/2022,661272,19,100,2022
19,608648,"Duffey, Tyler",6/7/2022,661693,19,100,2022
19,661383,"Ortega, Oliver",7/5/2022,661379,19,100,2022
19,642701,"Santana, Dennis",7/2/2022,662456,19,100,2022
19,658551,"Fernández, Junior",7/5/2022,661510,19,100,2022
19,669395,"Coleman, Dylan",6/24/2022,662664,19,100,2022
19,572193,"Tepera, Ryan",6/18/2022,662194,19,100,2022
19,607259,"Martinez, Nick",8/14/2022,662472,19,100,2022
19,663423,"Thornton, Trent",6/30/2022,661726,19,100,2022
19,572703,"Bard, Luke",6/17/2022,661093,19,100,2022
19,660813,"Graterol, Brusdar",7/2/2022,662718,19,100,2022
19,660600,"Paredes, Enoli",7/1/2022,662748,19,100,2022
19,640451,"Harvey, Hunter",8/6/2022,661561,19,100,2022
19,640462,"Puk, A.J.",8/3/2022,663375,19,100,2022
19,657265,"Strzelecki, Peter",8/19/2022,663228,19,100,2022
19,518489,"Brasier, Ryan",8/10/2022,663188,19,100,2022
19,606965,"Devenski, Chris",8/9/2022,663303,19,100,2022
19,656222,"Beeks, Jalen",7/31/2022,661869,19,100,2022
19,543521,"McHugh, Collin",7/1/2022,663038,19,100,2022
19,621249,"Underwood Jr., Duane",8/11/2022,663293,19,100,2022
19,663989,"Vespi, Nick",8/6/2022,661050,19,100,2022
19,665625,"Peguero, Elvis",7/22/2022,661504,19,100,2022
19,666721,"Castillo, Max",7/29/2022,661713,19,100,2022
19,650893,"Cabrera, Génesis",7/30/2022,662476,19,100,2022
19,658551,"Fernández, Junior",7/23/2022,663047,19,100,2022
19,503285,"O'Day, Darren",6/21/2022,661142,19,100,2022
19,518617,"Diekman, Jake",7/24/2022,663220,19,100,2022
19,656234,"Bird, Jake",8/17/2022,661938,19,100,2022
19,459429,"McGee, Jake",6/22/2022,661141,19,100,2022
19,607259,"Martinez, Nick",8/19/2022,662181,19,100,2022
19,621074,"Rucker, Michael",8/4/2022,661932,19,100,2022
19,571710,"Givens, Mychal",6/26/2022,661969,19,100,2022
19,623149,"Sewald, Paul",7/17/2022,661821,19,100,2022
19,544727,"Familia, Jeurys",7/28/2022,662326,19,100,2022
19,592773,"Stanek, Ryne",6/22/2022,662749,19,100,2022
19,608678,"Leone, Dominic",8/19/2022,662880,19,100,2022
19,519151,"Pressly, Ryan",7/31/2022,662918,19,100,2022
19,518553,"Cishek, Steve",7/23/2022,663305,19,100,2022
19,663423,"Thornton, Trent",8/14/2022,661708,19,100,2022
19,669395,"Coleman, Dylan",7/3/2022,662794,19,100,2022
19,662253,"Muñoz, Andrés",8/27/2022,662140,19,100,2022
19,676714,"Hughes, Brandon",8/5/2022,661063,19,100,2022
19,641941,"Pagán, Emilio",8/7/2022,661653,19,100,2022
19,641401,"Brogdon, Connor",8/11/2022,661608,19,100,2022
19,571656,"Farmer, Buck",7/29/2022,663026,19,100,2022
19,543272,"Hand, Brad",7/15/2022,661374,19,100,2022
19,641627,"Gott, Trevor",7/30/2022,663192,19,100,2022
19,642152,"Trivino, Lou",6/26/2022,662665,19,100,2022
19,667376,"Sánchez, Miguel",6/3/2022,661334,19,100,2022
19,641582,"Foster, Matt",7/6/2022,661413,19,100,2022
19,664092,"Poppen, Sean",7/4/2022,663343,19,100,2022
19,650671,"Quijada, José",8/13/2022,663372,19,100,2022
19,670036,"Festa, Matt",8/1/2022,661268,19,100,2022
19,622503,"Crismatt, Nabil",7/7/2022,662253,19,100,2022
19,571479,"Bellatti, Andrew",7/27/2022,661554,19,100,2022
19,518886,"Kimbrel, Craig",7/3/2022,662684,19,100,2022
19,593576,"Neris, Héctor",7/21/2022,662776,19,100,2022
19,455119,"Martin, Chris",7/1/2022,663185,19,100,2022
19,621016,"Cuas, Jose",7/10/2022,662662,19,100,2022
19,656793,"Nelson, Nick",7/22/2022,661560,19,100,2022
19,656322,"Coonrod, Sam",8/30/2022,663286,19,100,2022
19,666721,"Castillo, Max",7/2/2022,661724,19,100,2022
19,622075,"Almonte, Yency",7/31/2022,662988,19,100,2022
19,592094,"Adam, Jason",8/22/2022,661859,19,100,2022
19,669276,"Lee, Dylan",8/17/2022,661494,19,100,2022
19,656557,"Houck, Tanner",7/2/2022,663198,19,100,2022
19,445276,"Jansen, Kenley",8/31/2022,661478,19,100,2022
19,663855,"Hicks, Jordan",8/25/2022,663240,19,100,2022
19,642231,"Yacabonis, Jimmy",8/13/2022,661865,19,100,2022
19,605218,"Edwards Jr., Carl",7/30/2022,662476,19,100,2022
19,667463,"King, John",8/17/2022,661788,19,100,2022
19,671345,"Foley, Jason",8/7/2022,662810,19,100,2022
19,543766,"Shaw, Bryan",6/27/2022,663016,19,100,2022
19,642152,"Trivino, Lou",7/25/2022,662347,19,100,2022
19,663485,"Sands, Cole",8/16/2022,661682,19,100,2022
19,453343,"Melancon, Mark",8/7/2022,663300,19,100,2022
19,468504,"Chacín, Jhoulys",6/4/2022,662987,19,100,2022
19,519326,"Strickland, Hunter",8/20/2022,662395,19,100,2022
19,605347,"López, Jorge",8/13/2022,663372,19,100,2022
19,541640,"Ramírez, Erasmo",8/30/2022,662466,19,100,2022
19,502085,"Robertson, David",8/30/2022,663286,19,100,2022
19,664294,"Moreta, Dauri",8/25/2022,661604,19,100,2022
19,660787,"De los Santos, Yerry",6/23/2022,661106,19,100,2022
19,617228,"Sawamura, Hirokazu",8/5/2022,662650,19,100,2022
19,656271,"Burke, Brock",6/11/2022,661484,19,100,2022
19,596117,"Stubbs, Garrett",6/12/2022,661622,19,100,2022
19,669912,"Snead, Kirby",6/21/2022,662360,19,100,2022
19,675916,"Karinchak, James",7/28/2022,663200,19,100,2022
19,573204,"Thielbar, Caleb",6/26/2022,661692,19,100,2022
19,623149,"Sewald, Paul",8/23/2022,662142,19,100,2022
19,621345,"Minter, A.J.",8/26/2022,661940,19,100,2022
19,605347,"López, Jorge",7/23/2022,661057,19,100,2022
19,547973,"Chapman, Aroldis",7/2/2022,662964,19,100,2022
19,607216,"Krehbiel, Joey",8/12/2022,661866,19,100,2022
19,657024,"Swanson, Erik",6/29/2022,662151,19,100,2022
19,650671,"Quijada, José",8/31/2022,663410,19,100,2022
19,542888,"Armstrong, Shawn",6/5/2022,661895,19,100,2022
19,666808,"Doval, Camilo",8/7/2022,662332,19,100,2022
19,641793,"Littell, Zack",6/21/2022,661142,19,100,2022
19,596133,"Weaver, Luke",7/8/2022,663319,19,100,2022
19,656234,"Bird, Jake",7/2/2022,662910,19,100,2022
19,642100,"Speier, Gabe",6/17/2022,662362,19,100,2022
19,518886,"Kimbrel, Craig",6/22/2022,663040,19,100,2022
19,502085,"Robertson, David",8/24/2022,661605,19,100,2022
19,621051,"Wilson, Steven",7/25/2022,662809,19,100,2022
19,676477,"Whitlock, Garrett",7/25/2022,663219,19,100,2022
19,657571,"Ferguson, Caleb",7/21/2022,662685,19,100,2022
19,640462,"Puk, A.J.",7/9/2022,662351,19,100,2022
19,624503,"Gordon, Nick",7/14/2022,661675,19,100,2022
19,472610,"García, Luis",8/23/2022,662213,19,100,2022
19,605154,"Brebbia, John",8/27/2022,661657,19,100,2022
19,519043,"Moore, Matt",6/8/2022,663055,19,100,2022
19,595881,"Beede, Tyler",7/26/2022,661064,19,100,2022
19,554431,"Matzek, Tyler",7/17/2022,662530,19,100,2022
19,621363,"Poche, Colin",8/28/2022,663211,19,100,2022
19,650671,"Quijada, José",8/23/2022,661858,19,100,2022
19,644364,"Arano, Víctor",8/27/2022,662468,19,100,2022
19,640462,"Puk, A.J.",6/18/2022,662368,19,100,2022
19,623465,"Phillips, Evan",8/6/2022,662654,19,100,2022
19,656222,"Beeks, Jalen",6/12/2022,661679,19,100,2022
19,678394,"Bello, Brayan",8/3/2022,662725,19,100,2022
19,670036,"Festa, Matt",8/27/2022,662140,19,100,2022
19,596057,"Norris, Daniel",6/16/2022,663125,19,100,2022
19,542585,"Cisnero, José",8/5/2022,662811,19,100,2022
19,543521,"McHugh, Collin",6/18/2022,663239,19,100,2022
19,607455,"Banda, Anthony",6/5/2022,662450,19,100,2022
19,554340,"García, Yimi",8/7/2022,661653,19,100,2022
19,453178,"Kennedy, Ian",8/13/2022,662882,19,100,2022
19,592858,"Wick, Rowan",6/18/2022,663239,19,100,2022
19,657240,"Merryweather, Julian",6/4/2022,661749,19,100,2022
19,643511,"Rogers, Tyler",7/4/2022,663343,19,100,2022
19,617228,"Sawamura, Hirokazu",8/17/2022,662301,19,100,2022
19,667427,"Jackson, Zach",8/17/2022,661788,19,100,2022
19,650556,"Abreu, Bryan",8/10/2022,662723,19,100,2022
19,670167,"Schreiber, John",8/27/2022,663170,19,100,2022
19,676760,"Marinaccio, Ron",6/11/2022,661276,19,100,2022
19,445276,"Jansen, Kenley",6/23/2022,661140,19,100,2022
19,664139,"Gibaut, Ian",8/8/2022,662445,19,100,2022
19,669276,"Lee, Dylan",7/15/2022,662516,19,100,2022
19,625643,"López, Reynaldo",6/2/2022,661762,19,100,2022
19,519293,"Smith, Will",6/23/2022,661140,19,100,2022
19,657024,"Swanson, Erik",7/5/2022,662226,19,100,2022
19,625643,"López, Reynaldo",6/12/2022,661483,19,100,2022
19,453343,"Melancon, Mark",7/24/2022,663316,19,100,2022
19,523260,"Kelly, Joe",8/17/2022,661447,19,100,2022
19,605218,"Edwards Jr., Carl",8/19/2022,662181,19,100,2022
19,656271,"Burke, Brock",7/17/2022,661821,19,100,2022
19,554431,"Matzek, Tyler",8/30/2022,661479,19,100,2022
19,678061,"Kerr, Ray",7/2/2022,662718,19,100,2022
19,664747,"Díaz, Alexis",7/10/2022,663048,19,100,2022
19,527055,"Vizcaíno, Arodys",6/9/2022,662677,19,100,2022
19,605151,"Bradley, Archie",6/10/2022,663390,19,100,2022
19,614179,"Ruiz, José",6/12/2022,661483,19,100,2022
19,676714,"Hughes, Brandon",6/4/2022,663179,19,100,2022
19,573124,"Rogers, Taylor",8/14/2022,661957,19,100,2022
19,641329,"Baker, Bryan",7/28/2022,661052,19,100,2022
19,656061,"Abreu, Albert",8/10/2022,662185,19,100,2022
19,664747,"Díaz, Alexis",8/23/2022,661600,19,100,2022
19,608032,"Estévez, Carlos",6/19/2022,662998,19,100,2022
19,642585,"Bautista, Félix",6/17/2022,661093,19,100,2022
19,657024,"Swanson, Erik",8/28/2022,662139,19,100,2022
19,594311,"Gustave, Jandel",7/9/2022,661224,19,100,2022
19,681806,"Wantz, Andrew",8/2/2022,663376,19,100,2022
19,493603,"Ottavino, Adam",8/8/2022,662445,19,100,2022
19,664747,"Díaz, Alexis",8/30/2022,663137,19,100,2022
19,518617,"Diekman, Jake",8/19/2022,662936,19,100,2022
19,571710,"Givens, Mychal",6/22/2022,661107,19,100,2022
19,641729,"Jiménez, Joe",6/15/2022,662883,19,100,2022
19,656271,"Burke, Brock",8/20/2022,661670,19,100,2022
19,668868,"Thompson, Zack",7/22/2022,663060,19,100,2022
19,594311,"Gustave, Jandel",7/27/2022,661249,19,100,2022
19,670167,"Schreiber, John",8/20/2022,661043,19,100,2022
19,667297,"Nance, Tommy",8/23/2022,662339,19,100,2022
19,542914,"Bass, Anthony",8/20/2022,661240,19,100,2022
19,641627,"Gott, Trevor",6/5/2022,661241,19,100,2022
19,641360,"Bickford, Phil",8/5/2022,662564,19,100,2022
19,445926,"Chavez, Jesse",6/29/2022,661584,19,100,2022
19,548384,"Raley, Brooks",8/20/2022,661861,19,100,2022
19,543272,"Hand, Brad",8/14/2022,662427,19,100,2022
19,596112,"Stephenson, Robert",8/2/2022,662250,19,100,2022
19,503449,"Peralta, Wily",6/22/2022,663252,19,100,2022
19,657044,"Thompson, Ryan",8/9/2022,661182,19,100,2022
19,663158,"Suarez, Robert",8/21/2022,662179,19,100,2022
19,519293,"Smith, Will",8/14/2022,662801,19,100,2022
19,664854,"Helsley, Ryan",7/23/2022,663047,19,100,2022
19,667427,"Jackson, Zach",7/17/2022,662908,19,100,2022
19,676391,"Clement, Ernie",7/2/2022,662964,19,100,2022
19,682171,"Murfee, Penn",7/29/2022,662745,19,100,2022
19,543766,"Shaw, Bryan",7/15/2022,662942,19,100,2022
19,572403,"VerHagen, Drew",7/13/2022,661118,19,100,2022
19,641755,"Kinley, Tyler",6/8/2022,662094,19,100,2022
19,663986,"Stephan, Trevor",8/19/2022,662936,19,100,2022
19,608032,"Estévez, Carlos",8/26/2022,662432,19,100,2022
19,592858,"Wick, Rowan",8/11/2022,663023,19,100,2022
19,605130,"Barlow, Scott",8/14/2022,662669,19,100,2022
19,605521,"Warren, Art",8/28/2022,662467,19,100,2022
19,676092,"Snider, Collin",6/7/2022,662678,19,100,2022
19,621074,"Rucker, Michael",8/30/2022,661800,19,100,2022
19,642758,"Acevedo, Domingo",6/24/2022,662664,19,100,2022
19,544365,"Bañuelos, Manny",7/6/2022,662328,19,100,2022
19,606303,"Payamps, Joel",7/10/2022,662662,19,100,2022
19,670167,"Schreiber, John",7/23/2022,663221,19,100,2022
19,657612,"Hill, Tim",8/23/2022,662213,19,100,2022
19,641871,"Middleton, Keynan",7/8/2022,663319,19,100,2022
19,642701,"Santana, Dennis",7/9/2022,661842,19,100,2022
19,664208,"Maton, Phil",7/10/2022,662215,19,100,2022
19,614179,"Ruiz, José",8/16/2022,661448,19,100,2022
19,671345,"Foley, Jason",7/9/2022,661411,19,100,2022
19,662253,"Muñoz, Andrés",6/19/2022,662169,19,100,2022
19,543272,"Hand, Brad",6/10/2022,661617,19,100,2022
19,666808,"Doval, Camilo",6/20/2022,661143,19,100,2022
19,608032,"Estévez, Carlos",6/17/2022,662985,19,100,2022
19,667427,"Jackson, Zach",8/24/2022,662338,19,100,2022
19,571948,"Milner, Hoby",7/22/2022,661193,19,100,2022
19,623149,"Sewald, Paul",8/24/2022,662144,19,100,2022
19,664854,"Helsley, Ryan",8/28/2022,661950,19,100,2022
19,641793,"Littell, Zack",6/11/2022,662089,19,100,2022
19,642701,"Santana, Dennis",7/14/2022,661811,19,100,2022
19,571901,"Loup, Aaron",6/28/2022,663392,19,100,2022
19,656061,"Abreu, Albert",7/21/2022,662776,19,100,2022
19,663947,"Holton, Tyler",8/11/2022,663293,19,100,2022
19,608678,"Leone, Dominic",7/1/2022,662079,19,100,2022
19,453343,"Melancon, Mark",6/14/2022,663342,19,100,2022
19,623211,"Brazobán, Huascar",8/12/2022,661366,19,100,2022
19,661395,"Duran, Jhoan",8/13/2022,663372,19,100,2022
19,542585,"Cisnero, José",7/26/2022,662813,19,100,2022
19,661440,"Llovera, Mauricio",6/15/2022,662082,19,100,2022
19,641627,"Gott, Trevor",6/28/2022,661885,19,100,2022
19,606160,"Montero, Rafael",6/24/2022,661274,19,100,2022
19,640448,"Finnegan, Kyle",8/18/2022,662182,19,100,2022
19,640448,"Finnegan, Kyle",7/17/2022,662530,19,100,2022
19,664092,"Poppen, Sean",6/14/2022,663342,19,100,2022
19,663989,"Vespi, Nick",8/19/2022,661044,19,100,2022
19,503449,"Peralta, Wily",6/10/2022,662831,19,100,2022
19,547184,"Kelly, Michael",7/11/2022,661120,19,100,2022
19,669424,"Lambert, Jimmy",8/14/2022,661450,19,100,2022
19,681911,"Vesia, Alex",6/28/2022,662911,19,100,2022
19,519043,"Moore, Matt",8/18/2022,661787,19,100,2022
19,663989,"Vespi, Nick",6/25/2022,661454,19,100,2022
19,592346,"González, Chi Chi",7/10/2022,661178,19,100,2022
19,453343,"Melancon, Mark",6/26/2022,663331,19,100,2022
19,650382,"Hernández, Darwinzon",8/10/2022,663188,19,100,2022
19,621345,"Minter, A.J.",6/25/2022,661138,19,100,2022
19,676760,"Marinaccio, Ron",6/24/2022,661274,19,100,2022
19,664199,"Clarke, Taylor",6/28/2022,662615,19,100,2022
19,641401,"Brogdon, Connor",7/25/2022,661555,19,100,2022
19,642758,"Acevedo, Domingo",8/10/2022,662316,19,100,2022
19,598287,"Ramirez, Noé",7/30/2022,661499,19,100,2022
19,664199,"Clarke, Taylor",7/11/2022,662700,19,100,2022
19,593576,"Neris, Héctor",6/13/2022,661881,19,100,2022
19,643256,"Cimber, Adam",8/9/2022,661046,19,100,2022
19,657612,"Hill, Tim",8/7/2022,662563,19,100,2022
19,670970,"Morejon, Adrian",8/31/2022,662033,19,100,2022
19,518617,"Diekman, Jake",8/7/2022,661835,19,100,2022
19,488984,"Hunter, Tommy",7/10/2022,662496,19,100,2022
19,657024,"Swanson, Erik",8/16/2022,663369,19,100,2022
19,641835,"Mayza, Tim",6/21/2022,661481,19,100,2022
19,607259,"Martinez, Nick",7/15/2022,662197,19,100,2022
19,607259,"Martinez, Nick",8/16/2022,661357,19,100,2022
19,608032,"Estévez, Carlos",8/16/2022,661955,19,100,2022
19,593576,"Neris, Héctor",7/12/2022,663402,19,100,2022
19,669276,"Lee, Dylan",6/24/2022,661139,19,100,2022
19,657024,"Swanson, Erik",8/21/2022,662315,19,100,2022
19,523260,"Kelly, Joe",7/31/2022,661388,19,100,2022
19,542888,"Armstrong, Shawn",7/28/2022,661052,19,100,2022
19,641755,"Kinley, Tyler",6/7/2022,662092,19,100,2022
19,593974,"Peralta, Wandy",8/1/2022,661268,19,100,2022
19,664123,"Effross, Scott",7/3/2022,663186,19,100,2022
19,664199,"Clarke, Taylor",7/14/2022,661720,19,100,2022
19,660853,"De Los Santos, Enyel",6/28/2022,663033,19,100,2022
19,661395,"Duran, Jhoan",8/3/2022,661664,19,100,2022
19,640448,"Finnegan, Kyle",7/3/2022,662486,19,100,2022
19,605130,"Barlow, Scott",8/19/2022,661862,19,100,2022
19,606625,"Moronta, Reyes",7/4/2022,662732,19,100,2022
19,595881,"Beede, Tyler",7/3/2022,661102,19,100,2022
19,660853,"De Los Santos, Enyel",6/11/2022,663084,19,100,2022
19,650633,"King, Michael",6/25/2022,661271,19,100,2022
19,544727,"Familia, Jeurys",6/5/2022,661633,19,100,2022
19,669276,"Lee, Dylan",8/7/2022,662416,19,100,2022
19,660853,"De Los Santos, Enyel",6/17/2022,662719,19,100,2022
19,676050,"Naughton, Packy",8/7/2022,661948,19,100,2022
19,598287,"Ramirez, Noé",6/1/2022,663326,19,100,2022
19,488984,"Hunter, Tommy",7/5/2022,663035,19,100,2022
19,606965,"Devenski, Chris",8/7/2022,663300,19,100,2022
19,502202,"Boxberger, Brad",8/16/2022,661191,19,100,2022
19,493603,"Ottavino, Adam",8/19/2022,661607,19,100,2022
19,663432,"Rainey, Tanner",6/11/2022,662510,19,100,2022
19,657024,"Swanson, Erik",7/31/2022,662918,19,100,2022
19,606965,"Devenski, Chris",8/12/2022,662978,19,100,2022
19,656685,"Martin, Brett",8/7/2022,661835,19,100,2022
19,605521,"Warren, Art",6/23/2022,663039,19,100,2022
19,519326,"Strickland, Hunter",6/24/2022,662067,19,100,2022
19,596112,"Stephenson, Robert",7/13/2022,662895,19,100,2022
19,476595,"Luetge, Lucas",8/13/2022,663176,19,100,2022
19,644364,"Arano, Víctor",8/5/2022,661562,19,100,2022
19,663855,"Hicks, Jordan",8/6/2022,661949,19,100,2022
19,669618,"Barlow, Joe",6/7/2022,663134,19,100,2022
19,660853,"De Los Santos, Enyel",7/15/2022,662942,19,100,2022
19,622075,"Almonte, Yency",6/7/2022,661460,19,100,2022
19,643493,"Pruitt, Austin",8/12/2022,662817,19,100,2022
19,682171,"Murfee, Penn",6/3/2022,661913,19,100,2022
19,502085,"Robertson, David",6/26/2022,661969,19,100,2022
19,570257,"Rodríguez, Joely",7/22/2022,662481,19,100,2022
19,502624,"Anderson, Chase",8/31/2022,662995,19,100,2022
19,543272,"Hand, Brad",8/5/2022,661562,19,100,2022
19,493603,"Ottavino, Adam",8/1/2022,662474,19,100,2022
19,641793,"Littell, Zack",6/1/2022,661612,19,100,2022
19,657612,"Hill, Tim",7/14/2022,661100,19,100,2022
19,664199,"Clarke, Taylor",6/17/2022,662362,19,100,2022
19,622251,"Staumont, Josh",8/12/2022,662671,19,100,2022
19,605218,"Edwards Jr., Carl",6/15/2022,662504,19,100,2022
19,554431,"Matzek, Tyler",8/12/2022,661366,19,100,2022
19,542585,"Cisnero, José",8/30/2022,662804,19,100,2022
19,664123,"Effross, Scott",7/9/2022,662683,19,100,2022
19,657024,"Swanson, Erik",8/31/2022,662903,19,100,2022
19,571656,"Farmer, Buck",7/22/2022,663060,19,100,2022
19,682171,"Murfee, Penn",7/17/2022,661821,19,100,2022
18,643230,"Brault, Steven",8/20/2022,663116,18,100,2022
18,621051,"Wilson, Steven",8/28/2022,662638,18,100,2022
18,598287,"Ramirez, Noé",6/29/2022,663325,18,100,2022
18,621016,"Cuas, Jose",8/30/2022,661442,18,100,2022
18,664747,"Díaz, Alexis",6/12/2022,661975,18,100,2022
18,605280,"Holmes, Clay",7/22/2022,661072,18,100,2022
18,657044,"Thompson, Ryan",7/8/2022,663053,18,100,2022
18,517008,"Colomé, Alex",6/28/2022,662911,18,100,2022
18,592094,"Adam, Jason",7/27/2022,661053,18,100,2022
18,622554,"Domínguez, Seranthony",8/17/2022,663017,18,100,2022
18,670950,"Richards, Trevor",8/30/2022,661800,18,100,2022
18,475479,"Phelps, David",6/29/2022,661727,18,100,2022
18,523260,"Kelly, Joe",7/11/2022,662956,18,100,2022
18,676684,"Vest, Will",7/29/2022,661713,18,100,2022
18,571479,"Bellatti, Andrew",8/22/2022,661601,18,100,2022
18,544727,"Familia, Jeurys",7/10/2022,661135,18,100,2022
18,656638,"Lange, Alex",8/31/2022,662903,18,100,2022
18,493603,"Ottavino, Adam",8/12/2022,662434,18,100,2022
18,642546,"Hernández, Jonathan",8/10/2022,662723,18,100,2022
18,605154,"Brebbia, John",6/26/2022,662061,18,100,2022
18,518489,"Brasier, Ryan",7/17/2022,661258,18,100,2022
18,672335,"Pérez, Cionel",7/29/2022,663026,18,100,2022
18,543766,"Shaw, Bryan",8/28/2022,662139,18,100,2022
18,622251,"Staumont, Josh",6/13/2022,662069,18,100,2022
18,621363,"Poche, Colin",6/12/2022,661679,18,100,2022
18,666808,"Doval, Camilo",7/28/2022,662058,18,100,2022
18,643511,"Rogers, Tyler",6/18/2022,661123,18,100,2022
18,657571,"Ferguson, Caleb",6/5/2022,662612,18,100,2022
18,670167,"Schreiber, John",6/5/2022,662363,18,100,2022
18,641360,"Bickford, Phil",7/27/2022,662565,18,100,2022
18,664854,"Helsley, Ryan",8/31/2022,662995,18,100,2022
18,676760,"Marinaccio, Ron",6/10/2022,661284,18,100,2022
18,592773,"Stanek, Ryne",6/19/2022,662751,18,100,2022
18,476595,"Luetge, Lucas",6/7/2022,661693,18,100,2022
18,661395,"Duran, Jhoan",6/26/2022,661692,18,100,2022
18,453268,"Bard, Daniel",6/18/2022,662999,18,100,2022
18,641329,"Baker, Bryan",8/28/2022,661089,18,100,2022
18,663558,"Moran, Jovani",7/3/2022,661689,18,100,2022
18,548384,"Raley, Brooks",7/24/2022,662656,18,100,2022
18,657424,"Gage, Matt",7/3/2022,661723,18,100,2022
18,621295,"Wittgren, Nick",6/26/2022,661969,18,100,2022
18,650556,"Abreu, Bryan",7/29/2022,662745,18,100,2022
18,641729,"Jiménez, Joe",7/29/2022,661713,18,100,2022
18,543766,"Shaw, Bryan",7/9/2022,662663,18,100,2022
18,642585,"Bautista, Félix",7/31/2022,663024,18,100,2022
18,608032,"Estévez, Carlos",8/11/2022,662891,18,100,2022
18,621016,"Cuas, Jose",7/12/2022,662660,18,100,2022
18,657612,"Hill, Tim",6/6/2022,662278,18,100,2022
18,663158,"Suarez, Robert",6/5/2022,661241,18,100,2022
18,621381,"Strahm, Matt",6/3/2022,662365,18,100,2022
18,666374,"Brash, Matt",8/14/2022,661789,18,100,2022
18,656529,"Hentges, Sam",6/5/2022,661151,18,100,2022
18,596133,"Weaver, Luke",8/3/2022,661385,18,100,2022
18,620443,"Torrens, Luis",7/29/2022,662745,18,100,2022
18,664139,"Gibaut, Ian",7/13/2022,661269,18,100,2022
18,670167,"Schreiber, John",7/25/2022,663219,18,100,2022
18,468504,"Chacín, Jhoulys",6/15/2022,662893,18,100,2022
18,542914,"Bass, Anthony",8/4/2022,661660,18,100,2022
18,623149,"Sewald, Paul",7/5/2022,662226,18,100,2022
18,596133,"Weaver, Luke",7/15/2022,662197,18,100,2022
18,593576,"Neris, Héctor",7/6/2022,662747,18,100,2022
18,596112,"Stephenson, Robert",7/31/2022,662988,18,100,2022
18,571710,"Givens, Mychal",6/17/2022,663124,18,100,2022
18,446321,"Detwiler, Ross",8/16/2022,663019,18,100,2022
18,518553,"Cishek, Steve",7/7/2022,661566,18,100,2022
18,519293,"Smith, Will",6/5/2022,662990,18,100,2022
18,669276,"Lee, Dylan",8/9/2022,663201,18,100,2022
18,605538,"Wisler, Matt",7/15/2022,661874,18,100,2022
18,621051,"Wilson, Steven",8/3/2022,662244,18,100,2022
18,623149,"Sewald, Paul",8/7/2022,662153,18,100,2022
18,642152,"Trivino, Lou",8/6/2022,661949,18,100,2022
18,517008,"Colomé, Alex",7/12/2022,662984,18,100,2022
18,641627,"Gott, Trevor",8/9/2022,661182,18,100,2022
18,518617,"Diekman, Jake",7/9/2022,663223,18,100,2022
18,663423,"Thornton, Trent",6/2/2022,661762,18,100,2022
18,573124,"Rogers, Taylor",8/21/2022,663115,18,100,2022
18,606149,"Gallegos, Giovanny",7/7/2022,661521,18,100,2022
18,666808,"Doval, Camilo",8/4/2022,662114,18,100,2022
18,605130,"Barlow, Scott",7/6/2022,662747,18,100,2022
18,671345,"Foley, Jason",8/12/2022,661384,18,100,2022
18,605195,"Crick, Kyle",6/11/2022,661484,18,100,2022
18,608717,"Stratton, Chris",7/6/2022,662328,18,100,2022
18,453178,"Kennedy, Ian",8/6/2022,663288,18,100,2022
18,641941,"Pagán, Emilio",6/13/2022,662126,18,100,2022
18,518617,"Diekman, Jake",7/6/2022,663244,18,100,2022
18,607455,"Banda, Anthony",7/29/2022,661713,18,100,2022
18,666808,"Doval, Camilo",6/11/2022,662089,18,100,2022
18,621345,"Minter, A.J.",7/3/2022,663052,18,100,2022
18,682171,"Murfee, Penn",8/26/2022,662143,18,100,2022
18,656354,"Davis, Austin",6/9/2022,663413,18,100,2022
18,493603,"Ottavino, Adam",6/20/2022,662522,18,100,2022
18,670970,"Morejon, Adrian",6/7/2022,662277,18,100,2022
18,680704,"Sandlin, Nick",8/23/2022,662213,18,100,2022
18,656354,"Davis, Austin",6/17/2022,663256,18,100,2022
18,642231,"Yacabonis, Jimmy",6/25/2022,661381,18,100,2022
18,543339,"Hudson, Daniel",6/19/2022,662590,18,100,2022
18,554340,"García, Yimi",6/19/2022,661741,18,100,2022
18,453343,"Melancon, Mark",8/9/2022,663303,18,100,2022
18,475479,"Phelps, David",6/26/2022,661206,18,100,2022
18,661395,"Duran, Jhoan",8/17/2022,661654,18,100,2022
18,650382,"Hernández, Darwinzon",7/16/2022,661259,18,100,2022
18,657044,"Thompson, Ryan",7/24/2022,662656,18,100,2022
18,657424,"Gage, Matt",6/16/2022,661743,18,100,2022
18,605447,"Romano, Jordan",6/12/2022,662829,18,100,2022
18,605177,"Chafin, Andrew",7/15/2022,662942,18,100,2022
18,608349,"Knebel, Corey",7/28/2022,662326,18,100,2022
18,621242,"Díaz, Edwin",7/1/2022,662439,18,100,2022
18,641941,"Pagán, Emilio",7/4/2022,661452,18,100,2022
18,554431,"Matzek, Tyler",7/7/2022,661521,18,100,2022
18,669270,"Kuhnel, Joel",8/24/2022,661605,18,100,2022
18,670036,"Festa, Matt",7/27/2022,662165,18,100,2022
18,608717,"Stratton, Chris",7/10/2022,661178,18,100,2022
18,605154,"Brebbia, John",7/8/2022,662225,18,100,2022
18,656638,"Lange, Alex",7/11/2022,662661,18,100,2022
18,642585,"Bautista, Félix",8/25/2022,663459,18,100,2022
18,669211,"Akin, Keegan",8/24/2022,663460,18,100,2022
18,446321,"Detwiler, Ross",6/23/2022,663039,18,100,2022
18,542914,"Bass, Anthony",8/25/2022,663172,18,100,2022
18,642585,"Bautista, Félix",7/9/2022,661071,18,100,2022
18,605130,"Barlow, Scott",8/7/2022,662648,18,100,2022
18,663804,"Kowar, Jackson",7/29/2022,661256,18,100,2022
18,621345,"Minter, A.J.",8/22/2022,662394,18,100,2022
18,502085,"Robertson, David",8/7/2022,661558,18,100,2022
18,643410,"Leiter Jr., Mark",8/31/2022,661779,18,100,2022
18,542914,"Bass, Anthony",6/11/2022,662756,18,100,2022
18,518617,"Diekman, Jake",7/22/2022,663222,18,100,2022
18,670990,"Ramírez, Yohan",8/29/2022,661167,18,100,2022
18,623149,"Sewald, Paul",6/11/2022,662128,18,100,2022
18,670288,"Fishman, Jake",8/30/2022,661351,18,100,2022
18,642397,"Soto, Gregory",8/28/2022,661784,18,100,2022
18,600917,"Leclerc, José",7/11/2022,661814,18,100,2022
18,543521,"McHugh, Collin",8/15/2022,661497,18,100,2022
18,571479,"Bellatti, Andrew",7/2/2022,661581,18,100,2022
18,521230,"Hendriks, Liam",8/13/2022,661383,18,100,2022
18,676050,"Naughton, Packy",7/1/2022,661582,18,100,2022
18,614179,"Ruiz, José",8/11/2022,662645,18,100,2022
18,656354,"Davis, Austin",6/27/2022,661740,18,100,2022
18,657044,"Thompson, Ryan",8/17/2022,661266,18,100,2022
18,608032,"Estévez, Carlos",8/12/2022,662978,18,100,2022
18,573124,"Rogers, Taylor",8/13/2022,661951,18,100,2022
18,621074,"Rucker, Michael",7/9/2022,662683,18,100,2022
18,676050,"Naughton, Packy",7/24/2022,663059,18,100,2022
18,667725,"Tyler, Kyle",6/14/2022,663182,18,100,2022
18,656546,"Hoffman, Jeff",7/1/2022,663038,18,100,2022
18,650895,"Castillo, Diego",7/2/2022,662163,18,100,2022
18,622253,"Tate, Dillon",7/22/2022,661072,18,100,2022
18,641501,"Danish, Tyler",6/3/2022,662365,18,100,2022
18,656685,"Martin, Brett",7/1/2022,662439,18,100,2022
18,542888,"Armstrong, Shawn",7/3/2022,661723,18,100,2022
18,641627,"Gott, Trevor",6/26/2022,661206,18,100,2022
18,554340,"García, Yimi",6/15/2022,661744,18,100,2022
18,517008,"Colomé, Alex",8/7/2022,663300,18,100,2022
18,592741,"Shreve, Chasen",6/2/2022,662693,18,100,2022
18,670167,"Schreiber, John",7/15/2022,661260,18,100,2022
18,656354,"Davis, Austin",8/16/2022,662302,18,100,2022
18,656638,"Lange, Alex",6/12/2022,662829,18,100,2022
18,640444,"Crowe, Wil",8/24/2022,662371,18,100,2022
18,608665,"Graveman, Kendall",8/3/2022,661385,18,100,2022
18,657612,"Hill, Tim",6/5/2022,661241,18,100,2022
18,595345,"Okert, Steven",8/1/2022,661369,18,100,2022
18,656458,"Gilbreath, Lucas",8/4/2022,662219,18,100,2022
18,493603,"Ottavino, Adam",8/4/2022,662419,18,100,2022
18,446321,"Detwiler, Ross",6/30/2022,663199,18,100,2022
18,519151,"Pressly, Ryan",7/3/2022,662889,18,100,2022
18,608349,"Knebel, Corey",7/6/2022,661564,18,100,2022
18,517008,"Colomé, Alex",6/11/2022,662222,18,100,2022
18,592741,"Shreve, Chasen",6/28/2022,662521,18,100,2022
18,605177,"Chafin, Andrew",7/23/2022,662902,18,100,2022
18,642152,"Trivino, Lou",7/12/2022,661813,18,100,2022
18,543339,"Hudson, Daniel",6/8/2022,661459,18,100,2022
18,570663,"Robles, Hansel",7/5/2022,663245,18,100,2022
18,605280,"Holmes, Clay",7/28/2022,661257,18,100,2022
18,660787,"De los Santos, Yerry",6/13/2022,661974,18,100,2022
18,669920,"Alexander, Jason",6/28/2022,661885,18,100,2022
18,663986,"Stephan, Trevor",6/9/2022,663015,18,100,2022
18,675916,"Karinchak, James",8/26/2022,662143,18,100,2022
18,459429,"McGee, Jake",8/27/2022,662468,18,100,2022
18,670810,"Gillaspie, Logan",6/5/2022,661151,18,100,2022
18,621363,"Poche, Colin",8/25/2022,661856,18,100,2022
18,445926,"Chavez, Jesse",7/30/2022,661499,18,100,2022
18,650671,"Quijada, José",6/29/2022,663396,18,100,2022
18,608032,"Estévez, Carlos",7/29/2022,661076,18,100,2022
18,476595,"Luetge, Lucas",8/30/2022,663437,18,100,2022
18,621016,"Cuas, Jose",7/31/2022,661254,18,100,2022
18,623465,"Phillips, Evan",7/29/2022,661076,18,100,2022
18,641329,"Baker, Bryan",7/31/2022,663024,18,100,2022
18,641835,"Mayza, Tim",8/6/2022,661662,18,100,2022
18,608665,"Graveman, Kendall",7/6/2022,661413,18,100,2022
18,642758,"Acevedo, Domingo",7/29/2022,661406,18,100,2022
18,643511,"Rogers, Tyler",6/14/2022,662068,18,100,2022
18,571710,"Givens, Mychal",8/28/2022,662446,18,100,2022
18,656638,"Lange, Alex",7/28/2022,661714,18,100,2022
18,596133,"Weaver, Luke",8/7/2022,662648,18,100,2022
18,660813,"Graterol, Brusdar",6/29/2022,662894,18,100,2022
18,665665,"Sanmartin, Reiver",7/4/2022,663036,18,100,2022
18,608638,"Chargois, JT",8/30/2022,661351,18,100,2022
18,519008,"McFarland, T.J.",6/13/2022,661974,18,100,2022
18,592858,"Wick, Rowan",6/10/2022,661284,18,100,2022
18,595345,"Okert, Steven",6/10/2022,662759,18,100,2022
18,623352,"Hader, Josh",7/15/2022,662072,18,100,2022
18,671345,"Foley, Jason",7/14/2022,663123,18,100,2022
18,663423,"Thornton, Trent",6/12/2022,662829,18,100,2022
18,453178,"Kennedy, Ian",8/28/2022,661443,18,100,2022
18,621237,"Alvarado, José",8/9/2022,661553,18,100,2022
18,664092,"Poppen, Sean",6/24/2022,663333,18,100,2022
18,669920,"Alexander, Jason",8/12/2022,661947,18,100,2022
18,475479,"Phelps, David",7/16/2022,661718,18,100,2022
18,676684,"Vest, Will",7/3/2022,662794,18,100,2022
18,677161,"Kelly, Zack",8/29/2022,661651,18,100,2022
18,607179,"Weems, Jordan",6/1/2022,662457,18,100,2022
18,663423,"Thornton, Trent",8/8/2022,661047,18,100,2022
18,608718,"Suter, Brent",8/21/2022,663115,18,100,2022
18,622503,"Crismatt, Nabil",6/21/2022,662248,18,100,2022
18,666808,"Doval, Camilo",8/21/2022,662878,18,100,2022
18,605447,"Romano, Jordan",7/23/2022,663221,18,100,2022
18,607237,"Garrett, Amir",7/26/2022,662653,18,100,2022
18,666374,"Brash, Matt",8/25/2022,662141,18,100,2022
18,628452,"Iglesias, Raisel",6/29/2022,663396,18,100,2022
18,614179,"Ruiz, José",7/17/2022,661672,18,100,2022
18,612434,"Castro, Miguel",6/12/2022,661270,18,100,2022
18,672335,"Pérez, Cionel",7/23/2022,661057,18,100,2022
18,623465,"Phillips, Evan",8/23/2022,662605,18,100,2022
18,621016,"Cuas, Jose",6/15/2022,662082,18,100,2022
18,518553,"Cishek, Steve",6/5/2022,663058,18,100,2022
18,571948,"Milner, Hoby",6/7/2022,661205,18,100,2022
18,518617,"Diekman, Jake",6/22/2022,663252,18,100,2022
18,518617,"Diekman, Jake",8/10/2022,662639,18,100,2022
18,661527,"Martinez, Seth",6/6/2022,662762,18,100,2022
18,518886,"Kimbrel, Craig",6/11/2022,662089,18,100,2022
18,605194,"Cotton, Jharel",6/13/2022,662126,18,100,2022
18,622503,"Crismatt, Nabil",8/10/2022,662217,18,100,2022
18,640448,"Finnegan, Kyle",8/24/2022,662144,18,100,2022
18,657272,"Uelmen, Erich",8/20/2022,663116,18,100,2022
18,640444,"Crowe, Wil",7/7/2022,663071,18,100,2022
18,669212,"Morgan, Eli",6/28/2022,663045,18,100,2022
18,676477,"Whitlock, Garrett",7/24/2022,663220,18,100,2022
18,571710,"Givens, Mychal",6/14/2022,663182,18,100,2022
18,681806,"Wantz, Andrew",8/21/2022,662805,18,100,2022
18,607237,"Garrett, Amir",6/15/2022,662082,18,100,2022
18,670090,"Mills, Wyatt",7/17/2022,661717,18,100,2022
18,641401,"Brogdon, Connor",6/17/2022,662580,18,100,2022
18,621381,"Strahm, Matt",8/19/2022,661044,18,100,2022
18,642528,"Loáisiga, Jonathan",7/17/2022,661258,18,100,2022
18,592773,"Stanek, Ryne",6/30/2022,662788,18,100,2022
18,541640,"Ramírez, Erasmo",6/26/2022,661847,18,100,2022
18,681911,"Vesia, Alex",6/17/2022,662719,18,100,2022
18,607216,"Krehbiel, Joey",8/20/2022,661043,18,100,2022
18,605521,"Warren, Art",6/28/2022,663231,18,100,2022
18,606160,"Montero, Rafael",8/11/2022,662722,18,100,2022
18,605347,"López, Jorge",8/25/2022,662711,18,100,2022
18,641627,"Gott, Trevor",7/2/2022,661103,18,100,2022
18,503285,"O'Day, Darren",6/2/2022,663000,18,100,2022
18,519151,"Pressly, Ryan",6/1/2022,662366,18,100,2022
18,572125,"Selman, Sam",7/3/2022,662162,18,100,2022
18,656638,"Lange, Alex",8/12/2022,661384,18,100,2022
18,596057,"Norris, Daniel",6/1/2022,663184,18,100,2022
18,681810,"Warren, Austin",7/25/2022,662655,18,100,2022
18,621074,"Rucker, Michael",6/1/2022,663184,18,100,2022
18,570666,"Cessa, Luis",8/15/2022,663020,18,100,2022
18,641360,"Bickford, Phil",6/27/2022,662912,18,100,2022
18,621016,"Cuas, Jose",6/3/2022,662692,18,100,2022
18,666168,"Thompson, Mason",7/1/2022,662492,18,100,2022
18,543339,"Hudson, Daniel",6/3/2022,662720,18,100,2022
18,669459,"Nelson, Kyle",7/26/2022,663314,18,100,2022
18,476595,"Luetge, Lucas",8/2/2022,661253,18,100,2022
18,682171,"Murfee, Penn",6/29/2022,662151,18,100,2022
18,606149,"Gallegos, Giovanny",8/6/2022,661949,18,100,2022
18,656420,"Feyereisen, J.P.",6/1/2022,661963,18,100,2022
18,596112,"Stephenson, Robert",6/11/2022,662222,18,100,2022
18,608648,"Duffey, Tyler",7/5/2022,661426,18,100,2022
18,593576,"Neris, Héctor",8/16/2022,661448,18,100,2022
18,621249,"Underwood Jr., Duane",8/17/2022,662301,18,100,2022
18,606424,"García, Jarlín",6/11/2022,662089,18,100,2022
18,606149,"Gallegos, Giovanny",7/9/2022,661137,18,100,2022
18,607237,"Garrett, Amir",6/12/2022,662673,18,100,2022
18,475479,"Phelps, David",7/29/2022,661713,18,100,2022
18,669211,"Akin, Keegan",6/1/2022,661343,18,100,2022
18,625643,"López, Reynaldo",6/14/2022,662884,18,100,2022
18,606149,"Gallegos, Giovanny",8/4/2022,661945,18,100,2022
18,670036,"Festa, Matt",8/17/2022,663408,18,100,2022
18,544727,"Familia, Jeurys",7/31/2022,662414,18,100,2022
18,640448,"Finnegan, Kyle",6/13/2022,662505,18,100,2022
18,657745,"Rossman, Bubby",7/13/2022,661721,18,100,2022
18,571948,"Milner, Hoby",7/14/2022,662109,18,100,2022
18,571479,"Bellatti, Andrew",8/2/2022,661496,18,100,2022
18,657272,"Uelmen, Erich",8/4/2022,661945,18,100,2022
18,643511,"Rogers, Tyler",8/9/2022,662246,18,100,2022
18,642758,"Acevedo, Domingo",8/7/2022,662332,18,100,2022
18,669270,"Kuhnel, Joel",8/6/2022,661173,18,100,2022
18,573124,"Rogers, Taylor",8/7/2022,661172,18,100,2022
18,681911,"Vesia, Alex",6/25/2022,661138,18,100,2022
18,544727,"Familia, Jeurys",7/22/2022,661560,18,100,2022
18,605280,"Holmes, Clay",7/9/2022,663223,18,100,2022
18,502202,"Boxberger, Brad",7/12/2022,661688,18,100,2022
18,621074,"Rucker, Michael",6/4/2022,663152,18,100,2022
18,501625,"Alvarez, Jose",6/11/2022,662089,18,100,2022
18,571656,"Farmer, Buck",7/15/2022,661116,18,100,2022
18,641793,"Littell, Zack",6/15/2022,662082,18,100,2022
18,677053,"Nardi, Andrew",8/21/2022,662600,18,100,2022
18,592094,"Adam, Jason",7/30/2022,661870,18,100,2022
18,605538,"Wisler, Matt",6/28/2022,661885,18,100,2022
18,643377,"Jax, Griffin",7/16/2022,661673,18,100,2022
18,625643,"López, Reynaldo",7/12/2022,662976,18,100,2022
18,676840,"Peacock, Matt",6/19/2022,662361,18,100,2022
18,681911,"Vesia, Alex",8/14/2022,662669,18,100,2022
18,642165,"VanMeter, Josh",7/1/2022,661104,18,100,2022
18,669276,"Lee, Dylan",8/10/2022,663188,18,100,2022
18,623465,"Phillips, Evan",7/24/2022,662682,18,100,2022
18,573124,"Rogers, Taylor",7/7/2022,662253,18,100,2022
18,628452,"Iglesias, Raisel",8/20/2022,661610,18,100,2022
18,592773,"Stanek, Ryne",8/23/2022,662800,18,100,2022
18,663989,"Vespi, Nick",6/16/2022,661743,18,100,2022
18,519326,"Strickland, Hunter",7/16/2022,661966,18,100,2022
18,595345,"Okert, Steven",8/11/2022,661608,18,100,2022
18,676684,"Vest, Will",6/13/2022,662828,18,100,2022
18,594580,"Moll, Sam",6/16/2022,663267,18,100,2022
18,518553,"Cishek, Steve",7/10/2022,661520,18,100,2022
17,663989,"Vespi, Nick",6/19/2022,661074,17,100,2022
17,543238,"Gose, Anthony",6/24/2022,663054,17,100,2022
17,641329,"Baker, Bryan",8/18/2022,661109,17,100,2022
17,571710,"Givens, Mychal",8/6/2022,662417,17,100,2022
17,664123,"Effross, Scott",6/10/2022,661284,17,100,2022
17,607625,"Lugo, Seth",7/5/2022,663035,17,100,2022
17,608678,"Leone, Dominic",8/15/2022,662034,17,100,2022
17,664208,"Maton, Phil",7/27/2022,662345,17,100,2022
17,664199,"Clarke, Taylor",6/29/2022,662675,17,100,2022
17,673316,"Barker, Luke",6/10/2022,662511,17,100,2022
17,656529,"Hentges, Sam",8/31/2022,662972,17,100,2022
17,657612,"Hill, Tim",7/24/2022,662458,17,100,2022
17,621363,"Poche, Colin",7/26/2022,661054,17,100,2022
17,606625,"Moronta, Reyes",8/29/2022,663332,17,100,2022
17,593576,"Neris, Héctor",6/19/2022,662751,17,100,2022
17,655889,"Rodríguez, Manuel",8/31/2022,661779,17,100,2022
17,621016,"Cuas, Jose",7/29/2022,661256,17,100,2022
17,670950,"Richards, Trevor",8/28/2022,661773,17,100,2022
17,572070,"Richards, Garrett",7/8/2022,661843,17,100,2022
17,608032,"Estévez, Carlos",6/1/2022,662981,17,100,2022
17,607259,"Martinez, Nick",8/30/2022,662000,17,100,2022
17,642758,"Acevedo, Domingo",8/28/2022,662335,17,100,2022
17,681806,"Wantz, Andrew",7/14/2022,663386,17,100,2022
17,608678,"Leone, Dominic",8/30/2022,662000,17,100,2022
17,572193,"Tepera, Ryan",7/25/2022,662655,17,100,2022
17,656638,"Lange, Alex",7/31/2022,661711,17,100,2022
17,518886,"Kimbrel, Craig",7/13/2022,661118,17,100,2022
17,669912,"Snead, Kirby",6/27/2022,661275,17,100,2022
17,665645,"Castro, Kervin",8/22/2022,663114,17,100,2022
17,596112,"Stephenson, Robert",8/10/2022,662892,17,100,2022
17,663423,"Thornton, Trent",8/12/2022,661710,17,100,2022
17,659275,"Lamet, Dinelson",8/23/2022,662876,17,100,2022
17,622065,"Young, Alex",8/19/2022,662880,17,100,2022
17,607179,"Weems, Jordan",7/24/2022,663316,17,100,2022
17,650895,"Castillo, Diego",6/30/2022,662150,17,100,2022
17,642758,"Acevedo, Domingo",7/1/2022,662149,17,100,2022
17,608349,"Knebel, Corey",7/2/2022,661581,17,100,2022
17,642152,"Trivino, Lou",7/1/2022,662149,17,100,2022
17,614179,"Ruiz, José",8/7/2022,661835,17,100,2022
17,456713,"Bush, Matt",7/10/2022,661808,17,100,2022
17,676714,"Hughes, Brandon",7/22/2022,661560,17,100,2022
17,643256,"Cimber, Adam",8/21/2022,661239,17,100,2022
17,605347,"López, Jorge",7/2/2022,661683,17,100,2022
17,554340,"García, Yimi",7/23/2022,663221,17,100,2022
17,543272,"Hand, Brad",8/23/2022,661600,17,100,2022
17,523260,"Kelly, Joe",7/1/2022,662079,17,100,2022
17,518489,"Brasier, Ryan",6/28/2022,661728,17,100,2022
17,607179,"Weems, Jordan",7/27/2022,662565,17,100,2022
17,519326,"Strickland, Hunter",8/11/2022,663023,17,100,2022
17,640462,"Puk, A.J.",8/21/2022,662315,17,100,2022
17,661403,"Clase, Emmanuel",8/6/2022,662937,17,100,2022
17,573124,"Rogers, Taylor",7/27/2022,662900,17,100,2022
17,670810,"Gillaspie, Logan",6/13/2022,661746,17,100,2022
17,657024,"Swanson, Erik",8/5/2022,662164,17,100,2022
17,493603,"Ottavino, Adam",7/6/2022,663051,17,100,2022
17,656234,"Bird, Jake",7/17/2022,661080,17,100,2022
17,570666,"Cessa, Luis",8/8/2022,662445,17,100,2022
17,622554,"Domínguez, Seranthony",6/9/2022,661194,17,100,2022
17,592858,"Wick, Rowan",7/13/2022,663230,17,100,2022
17,621237,"Alvarado, José",6/26/2022,662254,17,100,2022
17,623451,"Stephens, Jackson",7/8/2022,661522,17,100,2022
17,642207,"Williams, Devin",6/1/2022,663184,17,100,2022
17,641941,"Pagán, Emilio",6/21/2022,661677,17,100,2022
17,681806,"Wantz, Andrew",8/22/2022,661859,17,100,2022
17,641871,"Middleton, Keynan",7/5/2022,663320,17,100,2022
17,542914,"Bass, Anthony",6/9/2022,661149,17,100,2022
17,641835,"Mayza, Tim",7/10/2022,662183,17,100,2022
17,605447,"Romano, Jordan",8/19/2022,661319,17,100,2022
17,677865,"Bruihl, Justin",6/4/2022,662687,17,100,2022
17,544727,"Familia, Jeurys",6/14/2022,661616,17,100,2022
17,664199,"Clarke, Taylor",7/4/2022,662874,17,100,2022
17,572193,"Tepera, Ryan",8/22/2022,661859,17,100,2022
17,665896,"Marte, José",7/12/2022,663402,17,100,2022
17,669395,"Coleman, Dylan",7/27/2022,662652,17,100,2022
17,621381,"Strahm, Matt",8/25/2022,663172,17,100,2022
17,660787,"De los Santos, Yerry",7/30/2022,662415,17,100,2022
17,621383,"Banks, Tanner",6/2/2022,661762,17,100,2022
17,542888,"Armstrong, Shawn",6/15/2022,661327,17,100,2022
17,641835,"Mayza, Tim",7/29/2022,661713,17,100,2022
17,606424,"García, Jarlín",6/19/2022,661122,17,100,2022
17,543238,"Gose, Anthony",6/10/2022,663014,17,100,2022
17,641329,"Baker, Bryan",8/3/2022,661818,17,100,2022
17,661403,"Clase, Emmanuel",6/19/2022,662590,17,100,2022
17,605242,"Fulmer, Michael",7/21/2022,662411,17,100,2022
17,571710,"Givens, Mychal",6/16/2022,663125,17,100,2022
17,664123,"Effross, Scott",6/4/2022,663179,17,100,2022
17,660853,"De Los Santos, Enyel",6/3/2022,661058,17,100,2022
17,502202,"Boxberger, Brad",6/9/2022,661194,17,100,2022
17,670090,"Mills, Wyatt",8/1/2022,661387,17,100,2022
17,503449,"Peralta, Wily",8/4/2022,662812,17,100,2022
17,643377,"Jax, Griffin",8/29/2022,661651,17,100,2022
17,641627,"Gott, Trevor",8/3/2022,662324,17,100,2022
17,669459,"Nelson, Kyle",6/5/2022,662450,17,100,2022
17,650895,"Castillo, Diego",8/26/2022,662143,17,100,2022
17,621363,"Poche, Colin",6/21/2022,661890,17,100,2022
17,621237,"Alvarado, José",7/15/2022,661374,17,100,2022
17,570663,"Robles, Hansel",6/9/2022,663413,17,100,2022
17,518617,"Diekman, Jake",6/10/2022,662129,17,100,2022
17,621237,"Alvarado, José",6/12/2022,661622,17,100,2022
17,663423,"Thornton, Trent",6/20/2022,661482,17,100,2022
17,572070,"Richards, Garrett",8/16/2022,661833,17,100,2022
17,663989,"Vespi, Nick",6/18/2022,661127,17,100,2022
17,572193,"Tepera, Ryan",6/2/2022,661329,17,100,2022
17,571670,"Floro, Dylan",8/31/2022,661350,17,100,2022
17,554340,"García, Yimi",6/1/2022,661764,17,100,2022
17,656234,"Bird, Jake",7/13/2022,662895,17,100,2022
17,527055,"Vizcaíno, Arodys",6/4/2022,662689,17,100,2022
17,622065,"Young, Alex",8/2/2022,662056,17,100,2022
17,594580,"Moll, Sam",6/25/2022,662672,17,100,2022
17,621383,"Banks, Tanner",7/16/2022,661673,17,100,2022
17,608032,"Estévez, Carlos",8/19/2022,662880,17,100,2022
17,664126,"Fairbanks, Pete",7/22/2022,662658,17,100,2022
17,681911,"Vesia, Alex",8/21/2022,662600,17,100,2022
17,523260,"Kelly, Joe",7/23/2022,661408,17,100,2022
17,542914,"Bass, Anthony",7/2/2022,662482,17,100,2022
17,656458,"Gilbreath, Lucas",8/2/2022,662220,17,100,2022
17,641729,"Jiménez, Joe",6/25/2022,663346,17,100,2022
17,571670,"Floro, Dylan",8/11/2022,661608,17,100,2022
17,641329,"Baker, Bryan",6/12/2022,662673,17,100,2022
17,605538,"Wisler, Matt",6/11/2022,661680,17,100,2022
17,608349,"Knebel, Corey",6/10/2022,661617,17,100,2022
17,606160,"Montero, Rafael",8/14/2022,662801,17,100,2022
17,456034,"Price, David",7/12/2022,661119,17,100,2022
17,621249,"Underwood Jr., Duane",7/9/2022,661224,17,100,2022
17,663432,"Rainey, Tanner",6/26/2022,661847,17,100,2022
17,571901,"Loup, Aaron",6/5/2022,661633,17,100,2022
17,571901,"Loup, Aaron",8/24/2022,661857,17,100,2022
17,571670,"Floro, Dylan",7/1/2022,662492,17,100,2022
17,642231,"Yacabonis, Jimmy",6/18/2022,662533,17,100,2022
17,593576,"Neris, Héctor",7/22/2022,662167,17,100,2022
17,621051,"Wilson, Steven",6/15/2022,663155,17,100,2022
17,650633,"King, Michael",7/7/2022,663233,17,100,2022
17,641360,"Bickford, Phil",6/18/2022,662686,17,100,2022
17,595345,"Okert, Steven",6/26/2022,661380,17,100,2022
17,664294,"Moreta, Dauri",7/2/2022,663037,17,100,2022
17,606424,"García, Jarlín",8/9/2022,662246,17,100,2022
17,542888,"Armstrong, Shawn",7/22/2022,662658,17,100,2022
17,595345,"Okert, Steven",6/23/2022,661392,17,100,2022
17,642585,"Bautista, Félix",6/19/2022,661074,17,100,2022
17,663986,"Stephan, Trevor",6/21/2022,661677,17,100,2022
17,607237,"Garrett, Amir",7/4/2022,662874,17,100,2022
17,641729,"Jiménez, Joe",7/16/2022,662952,17,100,2022
17,640451,"Harvey, Hunter",8/3/2022,662552,17,100,2022
17,608678,"Leone, Dominic",6/12/2022,662085,17,100,2022
17,640451,"Harvey, Hunter",8/13/2022,662473,17,100,2022
17,475479,"Phelps, David",8/16/2022,661706,17,100,2022
17,661395,"Duran, Jhoan",8/5/2022,661659,17,100,2022
17,642397,"Soto, Gregory",8/11/2022,662790,17,100,2022
17,592094,"Adam, Jason",7/11/2022,661878,17,100,2022
17,657024,"Swanson, Erik",6/10/2022,662129,17,100,2022
17,665665,"Sanmartin, Reiver",6/26/2022,662061,17,100,2022
17,488984,"Hunter, Tommy",6/26/2022,661380,17,100,2022
17,571948,"Milner, Hoby",6/9/2022,661194,17,100,2022
17,656529,"Hentges, Sam",8/11/2022,662790,17,100,2022
17,572403,"VerHagen, Drew",6/1/2022,661982,17,100,2022
17,621383,"Banks, Tanner",7/1/2022,662079,17,100,2022
17,605347,"López, Jorge",6/14/2022,661745,17,100,2022
17,605521,"Warren, Art",6/8/2022,663050,17,100,2022
17,622098,"Smith, Drew",6/16/2022,662535,17,100,2022
17,622554,"Domínguez, Seranthony",6/4/2022,661615,17,100,2022
17,605130,"Barlow, Scott",6/4/2022,662689,17,100,2022
17,592761,"Smith, Caleb",6/12/2022,661622,17,100,2022
17,493603,"Ottavino, Adam",6/1/2022,662457,17,100,2022
17,605347,"López, Jorge",8/6/2022,661662,17,100,2022
17,661383,"Ortega, Oliver",6/2/2022,661329,17,100,2022
17,662253,"Muñoz, Andrés",7/24/2022,662145,17,100,2022
17,640462,"Puk, A.J.",6/23/2022,662358,17,100,2022
17,661395,"Duran, Jhoan",6/23/2022,661685,17,100,2022
17,641627,"Gott, Trevor",7/8/2022,661177,17,100,2022
17,666204,"Jiménez, Dany",8/21/2022,662315,17,100,2022
17,592858,"Wick, Rowan",8/8/2022,661060,17,100,2022
17,607216,"Krehbiel, Joey",8/14/2022,661864,17,100,2022
17,453178,"Kennedy, Ian",6/26/2022,663331,17,100,2022
17,605242,"Fulmer, Michael",6/8/2022,662448,17,100,2022
17,640451,"Harvey, Hunter",8/21/2022,662179,17,100,2022
17,657240,"Merryweather, Julian",6/8/2022,662679,17,100,2022
17,672335,"Pérez, Cionel",7/16/2022,661873,17,100,2022
17,453343,"Melancon, Mark",6/25/2022,663346,17,100,2022
17,488984,"Hunter, Tommy",7/17/2022,661082,17,100,2022
17,554431,"Matzek, Tyler",7/12/2022,661506,17,100,2022
17,650671,"Quijada, José",6/2/2022,661330,17,100,2022
17,658551,"Fernández, Junior",7/12/2022,661119,17,100,2022
17,670280,"Bednar, David",7/23/2022,662436,17,100,2022
17,666808,"Doval, Camilo",7/13/2022,662107,17,100,2022
17,519043,"Moore, Matt",8/13/2022,661790,17,100,2022
17,621366,"Borucki, Ryan",6/7/2022,662761,17,100,2022
17,573204,"Thielbar, Caleb",8/19/2022,661655,17,100,2022
17,519293,"Smith, Will",6/29/2022,661584,17,100,2022
17,642152,"Trivino, Lou",8/15/2022,661283,17,100,2022
17,642152,"Trivino, Lou",6/4/2022,662364,17,100,2022
17,453178,"Kennedy, Ian",7/24/2022,663316,17,100,2022
17,669093,"Estrada, Jeremiah",8/30/2022,661800,17,100,2022
17,622251,"Staumont, Josh",6/8/2022,662679,17,100,2022
17,595345,"Okert, Steven",6/22/2022,661393,17,100,2022
17,642528,"Loáisiga, Jonathan",8/30/2022,663437,17,100,2022
17,671345,"Foley, Jason",6/11/2022,662830,17,100,2022
17,642207,"Williams, Devin",7/13/2022,661687,17,100,2022
17,669912,"Snead, Kirby",8/4/2022,663374,17,100,2022
17,670059,"Holderman, Colin",6/7/2022,662277,17,100,2022
17,472610,"García, Luis",6/18/2022,662999,17,100,2022
17,640462,"Puk, A.J.",8/7/2022,662332,17,100,2022
17,592858,"Wick, Rowan",6/13/2022,663183,17,100,2022
17,664199,"Clarke, Taylor",7/6/2022,662747,17,100,2022
17,446321,"Detwiler, Ross",7/5/2022,663035,17,100,2022
17,669395,"Coleman, Dylan",6/5/2022,662688,17,100,2022
17,642207,"Williams, Devin",6/5/2022,661241,17,100,2022
17,642068,"Sheffield, Jordan",7/31/2022,662988,17,100,2022
17,675916,"Karinchak, James",8/1/2022,662947,17,100,2022
17,663765,"Woodford, Jake",8/21/2022,663301,17,100,2022
17,622554,"Domínguez, Seranthony",8/7/2022,661558,17,100,2022
17,650911,"Sánchez, Cristopher",6/5/2022,661633,17,100,2022
17,543766,"Shaw, Bryan",8/31/2022,662972,17,100,2022
17,676684,"Vest, Will",8/15/2022,662977,17,100,2022
17,621363,"Poche, Colin",8/17/2022,661266,17,100,2022
17,676092,"Snider, Collin",8/26/2022,662667,17,100,2022
17,670950,"Richards, Trevor",6/11/2022,662830,17,100,2022
17,628452,"Iglesias, Raisel",6/9/2022,663413,17,100,2022
17,625643,"López, Reynaldo",7/6/2022,661413,17,100,2022
17,554431,"Matzek, Tyler",7/30/2022,661499,17,100,2022
17,681911,"Vesia, Alex",6/22/2022,663040,17,100,2022
17,660813,"Graterol, Brusdar",6/4/2022,662687,17,100,2022
17,670167,"Schreiber, John",7/4/2022,663251,17,100,2022
17,642701,"Santana, Dennis",6/12/2022,661483,17,100,2022
17,572403,"VerHagen, Drew",7/14/2022,661117,17,100,2022
17,605242,"Fulmer, Michael",7/29/2022,661713,17,100,2022
17,623474,"Herget, Jimmy",8/2/2022,663376,17,100,2022
17,596133,"Weaver, Luke",7/12/2022,662108,17,100,2022
17,641329,"Baker, Bryan",7/4/2022,661073,17,100,2022
17,579328,"Kikuchi, Yusei",8/18/2022,661265,17,100,2022
17,682171,"Murfee, Penn",7/1/2022,662149,17,100,2022
17,664139,"Gibaut, Ian",8/1/2022,661369,17,100,2022
17,656458,"Gilbreath, Lucas",6/12/2022,662256,17,100,2022
17,506702,"León, Sandy",7/5/2022,662905,17,100,2022
17,621381,"Strahm, Matt",6/25/2022,663042,17,100,2022
17,622503,"Crismatt, Nabil",7/4/2022,662270,17,100,2022
17,670280,"Bednar, David",7/2/2022,661103,17,100,2022
17,554431,"Matzek, Tyler",7/27/2022,661554,17,100,2022
17,622250,"Sborz, Josh",6/7/2022,663122,17,100,2022
17,617228,"Sawamura, Hirokazu",8/13/2022,663176,17,100,2022
17,608718,"Suter, Brent",7/31/2022,663189,17,100,2022
17,658431,"Medina, Adonis",6/5/2022,662612,17,100,2022
17,666808,"Doval, Camilo",6/5/2022,661394,17,100,2022
17,622253,"Tate, Dillon",7/16/2022,661873,17,100,2022
17,502085,"Robertson, David",8/3/2022,661500,17,100,2022
17,572193,"Tepera, Ryan",8/24/2022,661857,17,100,2022
17,542914,"Bass, Anthony",7/8/2022,662498,17,100,2022
17,518553,"Cishek, Steve",7/31/2022,662475,17,100,2022
17,605347,"López, Jorge",7/7/2022,661091,17,100,2022
17,650893,"Cabrera, Génesis",7/29/2022,662477,17,100,2022
17,656061,"Abreu, Albert",6/23/2022,661325,17,100,2022
17,643230,"Brault, Steven",7/31/2022,662071,17,100,2022
17,621381,"Strahm, Matt",7/7/2022,663233,17,100,2022
17,664126,"Fairbanks, Pete",8/3/2022,661867,17,100,2022
17,650671,"Quijada, José",7/31/2022,663377,17,100,2022
17,606424,"García, Jarlín",7/26/2022,663314,17,100,2022
17,608718,"Suter, Brent",7/24/2022,661184,17,100,2022
17,668868,"Thompson, Zack",7/24/2022,663059,17,100,2022
17,669212,"Morgan, Eli",8/1/2022,662947,17,100,2022
17,676684,"Vest, Will",7/6/2022,662814,17,100,2022
17,446321,"Detwiler, Ross",6/22/2022,663040,17,100,2022
17,612434,"Castro, Miguel",6/9/2022,661697,17,100,2022
17,664747,"Díaz, Alexis",7/28/2022,663027,17,100,2022
17,640462,"Puk, A.J.",8/24/2022,662338,17,100,2022
17,617228,"Sawamura, Hirokazu",6/9/2022,663413,17,100,2022
17,622098,"Smith, Drew",6/10/2022,663390,17,100,2022
17,642585,"Bautista, Félix",6/12/2022,662673,17,100,2022
17,650911,"Sánchez, Cristopher",6/11/2022,661614,17,100,2022
17,657571,"Ferguson, Caleb",6/11/2022,662089,17,100,2022
17,667427,"Jackson, Zach",6/5/2022,662363,17,100,2022
17,667376,"Sánchez, Miguel",6/9/2022,661194,17,100,2022
17,672911,"Cruz, Jesus",6/11/2022,661160,17,100,2022
17,592773,"Stanek, Ryne",8/10/2022,662723,17,100,2022
17,622251,"Staumont, Josh",6/21/2022,663442,17,100,2022
17,667297,"Nance, Tommy",8/31/2022,661350,17,100,2022
17,663989,"Vespi, Nick",8/30/2022,662973,17,100,2022
17,642758,"Acevedo, Domingo",6/19/2022,662361,17,100,2022
17,681911,"Vesia, Alex",8/30/2022,662426,17,100,2022
17,554340,"García, Yimi",8/20/2022,661240,17,100,2022
17,605177,"Chafin, Andrew",7/2/2022,662904,17,100,2022
17,657024,"Swanson, Erik",8/23/2022,662142,17,100,2022
17,521230,"Hendriks, Liam",8/12/2022,661384,17,100,2022
17,501925,"Smith, Joe",7/26/2022,661281,17,100,2022
17,543272,"Hand, Brad",7/23/2022,661559,17,100,2022
17,502202,"Boxberger, Brad",6/29/2022,661879,17,100,2022
17,503285,"O'Day, Darren",6/30/2022,661579,17,100,2022
17,640444,"Crowe, Wil",6/5/2022,662450,17,100,2022
17,571901,"Loup, Aaron",8/22/2022,661859,17,100,2022
17,650382,"Hernández, Darwinzon",7/17/2022,661258,17,100,2022
17,621237,"Alvarado, José",7/1/2022,661582,17,100,2022
17,622098,"Smith, Drew",6/29/2022,662440,17,100,2022
17,594580,"Moll, Sam",8/21/2022,662315,17,100,2022
17,640444,"Crowe, Wil",7/23/2022,662436,17,100,2022
17,475479,"Phelps, David",7/3/2022,661723,17,100,2022
17,643256,"Cimber, Adam",7/14/2022,661720,17,100,2022
17,650633,"King, Michael",7/22/2022,661072,17,100,2022
17,605447,"Romano, Jordan",6/28/2022,661728,17,100,2022
17,592858,"Wick, Rowan",7/26/2022,661064,17,100,2022
17,598287,"Ramirez, Noé",6/15/2022,663336,17,100,2022
17,503285,"O'Day, Darren",7/11/2022,661507,17,100,2022
17,595345,"Okert, Steven",7/13/2022,661376,17,100,2022
17,669022,"Gore, MacKenzie",7/17/2022,662269,17,100,2022
17,501925,"Smith, Joe",7/14/2022,661675,17,100,2022
17,547973,"Chapman, Aroldis",8/8/2022,662152,17,100,2022
17,573204,"Thielbar, Caleb",8/16/2022,661682,17,100,2022
17,519043,"Moore, Matt",6/5/2022,661962,17,100,2022
17,641729,"Jiménez, Joe",8/20/2022,662917,17,100,2022
17,670280,"Bednar, David",7/12/2022,661377,17,100,2022
17,676684,"Vest, Will",7/16/2022,662952,17,100,2022
17,642121,"Sulser, Cole",8/23/2022,662339,17,100,2022
17,571670,"Floro, Dylan",8/16/2022,661357,17,100,2022
17,608665,"Graveman, Kendall",7/27/2022,661078,17,100,2022
17,605242,"Fulmer, Michael",8/10/2022,662575,17,100,2022
17,605463,"Scott, Tayler",8/10/2022,662217,17,100,2022
17,606424,"García, Jarlín",8/14/2022,662035,17,100,2022
17,622379,"Castillo, Luis F.",8/11/2022,662790,17,100,2022
17,657024,"Swanson, Erik",8/20/2022,662340,17,100,2022
17,640444,"Crowe, Wil",8/14/2022,662035,17,100,2022
17,628452,"Iglesias, Raisel",7/24/2022,661502,17,100,2022
17,669270,"Kuhnel, Joel",7/1/2022,663038,17,100,2022
17,663432,"Rainey, Tanner",7/6/2022,661564,17,100,2022
17,671345,"Foley, Jason",7/8/2022,661412,17,100,2022
17,502085,"Robertson, David",6/16/2022,663125,17,100,2022
17,571466,"Barnhart, Tucker",6/15/2022,662883,17,100,2022
17,656945,"Scott, Tanner",6/21/2022,661148,17,100,2022
17,661527,"Martinez, Seth",6/21/2022,662750,17,100,2022
17,642546,"Hernández, Jonathan",8/26/2022,661786,17,100,2022
17,541640,"Ramírez, Erasmo",7/23/2022,663305,17,100,2022
17,542947,"Bleier, Richard",7/23/2022,662436,17,100,2022
17,571901,"Loup, Aaron",7/22/2022,661504,17,100,2022
17,642397,"Soto, Gregory",7/12/2022,662660,17,100,2022
17,656793,"Nelson, Nick",6/17/2022,662502,17,100,2022
17,662253,"Muñoz, Andrés",7/8/2022,662155,17,100,2022
17,656458,"Gilbreath, Lucas",7/17/2022,661080,17,100,2022
17,681911,"Vesia, Alex",7/21/2022,662685,17,100,2022
17,621016,"Cuas, Jose",8/9/2022,662779,17,100,2022
17,519326,"Strickland, Hunter",8/10/2022,662443,17,100,2022
17,571656,"Farmer, Buck",8/11/2022,663023,17,100,2022
17,570666,"Cessa, Luis",6/3/2022,663119,17,100,2022
17,608665,"Graveman, Kendall",8/14/2022,661450,17,100,2022
17,543272,"Hand, Brad",8/26/2022,661603,17,100,2022
17,519326,"Strickland, Hunter",8/7/2022,661172,17,100,2022
17,670036,"Festa, Matt",6/2/2022,661247,17,100,2022
17,670950,"Richards, Trevor",8/14/2022,661708,17,100,2022
17,643256,"Cimber, Adam",6/28/2022,661728,17,100,2022
17,596057,"Norris, Daniel",8/27/2022,661785,17,100,2022
17,643377,"Jax, Griffin",7/6/2022,661413,17,100,2022
17,607625,"Lugo, Seth",6/25/2022,661381,17,100,2022
17,607455,"Banda, Anthony",6/24/2022,661888,17,100,2022
17,669395,"Coleman, Dylan",6/25/2022,662672,17,100,2022
17,643493,"Pruitt, Austin",6/27/2022,661275,17,100,2022
17,605280,"Holmes, Clay",7/15/2022,661260,17,100,2022
17,545343,"Head, Louis",6/11/2022,662756,17,100,2022
17,681911,"Vesia, Alex",6/26/2022,661512,17,100,2022
17,664139,"Gibaut, Ian",8/23/2022,661600,17,100,2022
17,640448,"Finnegan, Kyle",7/24/2022,663316,17,100,2022
17,596112,"Stephenson, Robert",8/7/2022,663300,17,100,2022
17,592094,"Adam, Jason",6/9/2022,661891,17,100,2022
17,621381,"Strahm, Matt",8/26/2022,663171,17,100,2022
17,605177,"Chafin, Andrew",7/25/2022,662809,17,100,2022
17,643493,"Pruitt, Austin",8/7/2022,662332,17,100,2022
17,656222,"Beeks, Jalen",8/9/2022,661182,17,100,2022
17,656794,"Newcomb, Sean",8/7/2022,661061,17,100,2022
17,545343,"Head, Louis",8/9/2022,661046,17,100,2022
17,676946,"Batten, Matthew",8/5/2022,662564,17,100,2022
17,456713,"Bush, Matt",8/16/2022,661191,17,100,2022
17,669212,"Morgan, Eli",8/15/2022,662948,17,100,2022
17,606160,"Montero, Rafael",8/15/2022,661449,17,100,2022
17,606625,"Moronta, Reyes",8/16/2022,661191,17,100,2022
17,459429,"McGee, Jake",6/10/2022,662090,17,100,2022
17,596057,"Norris, Daniel",7/14/2022,661101,17,100,2022
17,664747,"Díaz, Alexis",8/17/2022,663017,17,100,2022
17,665665,"Sanmartin, Reiver",7/12/2022,661262,17,100,2022
17,523260,"Kelly, Joe",8/5/2022,661816,17,100,2022
17,682171,"Murfee, Penn",7/15/2022,661810,17,100,2022
17,664139,"Gibaut, Ian",8/20/2022,662395,17,100,2022
17,623352,"Hader, Josh",8/18/2022,662182,17,100,2022
16,642207,"Williams, Devin",7/4/2022,661181,16,100,2022
16,621016,"Cuas, Jose",7/6/2022,662747,16,100,2022
16,605242,"Fulmer, Michael",6/24/2022,663333,16,100,2022
16,656529,"Hentges, Sam",7/4/2022,662906,16,100,2022
16,554340,"García, Yimi",8/29/2022,661801,16,100,2022
16,670090,"Mills, Wyatt",8/9/2022,662779,16,100,2022
16,643410,"Leiter Jr., Mark",7/10/2022,662729,16,100,2022
16,572703,"Bard, Luke",8/28/2022,662335,16,100,2022
16,657044,"Thompson, Ryan",8/24/2022,661857,16,100,2022
16,608678,"Leone, Dominic",7/29/2022,662057,16,100,2022
16,592858,"Wick, Rowan",8/31/2022,661779,16,100,2022
16,519326,"Strickland, Hunter",7/28/2022,663027,16,100,2022
16,621242,"Díaz, Edwin",6/25/2022,661381,16,100,2022
16,661395,"Duran, Jhoan",7/10/2022,661808,16,100,2022
16,571656,"Farmer, Buck",7/31/2022,663024,16,100,2022
16,593643,"Alberto, Hanser",7/28/2022,661077,16,100,2022
16,596133,"Weaver, Luke",7/29/2022,661501,16,100,2022
16,621249,"Underwood Jr., Duane",7/29/2022,662435,16,100,2022
16,607216,"Krehbiel, Joey",7/31/2022,663024,16,100,2022
16,621366,"Borucki, Ryan",7/29/2022,662745,16,100,2022
16,661527,"Martinez, Seth",8/3/2022,662725,16,100,2022
16,607625,"Lugo, Seth",8/30/2022,662426,16,100,2022
16,641360,"Bickford, Phil",7/30/2022,662989,16,100,2022
16,641835,"Mayza, Tim",7/28/2022,661714,16,100,2022
16,670280,"Bednar, David",7/9/2022,661224,16,100,2022
16,608665,"Graveman, Kendall",8/28/2022,661443,16,100,2022
16,663432,"Rainey, Tanner",7/4/2022,662541,16,100,2022
16,614179,"Ruiz, José",8/30/2022,661442,16,100,2022
16,642545,"Barria, Jaime",8/17/2022,663408,16,100,2022
16,459429,"McGee, Jake",7/25/2022,661231,16,100,2022
16,543272,"Hand, Brad",7/27/2022,661554,16,100,2022
16,598287,"Ramirez, Noé",6/12/2022,661622,16,100,2022
16,628708,"Marte, Yunior",6/29/2022,662080,16,100,2022
16,647315,"Pop, Zach",8/17/2022,661705,16,100,2022
16,518886,"Kimbrel, Craig",8/7/2022,662563,16,100,2022
16,656271,"Burke, Brock",8/31/2022,661831,16,100,2022
16,622253,"Tate, Dillon",8/8/2022,661047,16,100,2022
16,657272,"Uelmen, Erich",8/31/2022,661779,16,100,2022
16,670280,"Bednar, David",7/24/2022,662357,16,100,2022
16,661403,"Clase, Emmanuel",8/30/2022,662973,16,100,2022
16,541640,"Ramírez, Erasmo",6/9/2022,661149,16,100,2022
16,668941,"Romero, JoJo",8/31/2022,662995,16,100,2022
16,605130,"Barlow, Scott",8/11/2022,662645,16,100,2022
16,667427,"Jackson, Zach",7/4/2022,662355,16,100,2022
16,621248,"Garza Jr., Ralph",8/4/2022,662812,16,100,2022
16,621345,"Minter, A.J.",6/28/2022,661580,16,100,2022
16,621295,"Wittgren, Nick",6/11/2022,661976,16,100,2022
16,650633,"King, Michael",6/10/2022,661284,16,100,2022
16,656793,"Nelson, Nick",6/9/2022,661194,16,100,2022
16,676534,"Faucher, Calvin",6/12/2022,661679,16,100,2022
16,622694,"Hernández, Elieser",8/9/2022,661553,16,100,2022
16,669395,"Coleman, Dylan",6/21/2022,663442,16,100,2022
16,667427,"Jackson, Zach",8/4/2022,663374,16,100,2022
16,493603,"Ottavino, Adam",8/31/2022,662447,16,100,2022
16,670280,"Bednar, David",7/29/2022,662435,16,100,2022
16,641729,"Jiménez, Joe",7/11/2022,662661,16,100,2022
16,640451,"Harvey, Hunter",8/28/2022,662467,16,100,2022
16,517008,"Colomé, Alex",8/4/2022,662219,16,100,2022
16,570257,"Rodríguez, Joely",8/20/2022,661628,16,100,2022
16,572070,"Richards, Garrett",7/17/2022,661821,16,100,2022
16,663986,"Stephan, Trevor",8/30/2022,662973,16,100,2022
16,650671,"Quijada, José",6/8/2022,663398,16,100,2022
16,445276,"Jansen, Kenley",7/24/2022,661502,16,100,2022
16,455119,"Martin, Chris",8/19/2022,662574,16,100,2022
16,541640,"Ramírez, Erasmo",8/19/2022,662181,16,100,2022
16,598264,"Barnes, Matt",8/19/2022,661044,16,100,2022
16,605154,"Brebbia, John",8/23/2022,662914,16,100,2022
16,641401,"Brogdon, Connor",6/7/2022,661205,16,100,2022
16,608678,"Leone, Dominic",7/21/2022,662685,16,100,2022
16,642758,"Acevedo, Domingo",8/27/2022,662336,16,100,2022
16,622251,"Staumont, Josh",7/16/2022,661718,16,100,2022
16,600917,"Leclerc, José",8/19/2022,661655,16,100,2022
16,608718,"Suter, Brent",8/20/2022,663116,16,100,2022
16,643256,"Cimber, Adam",7/23/2022,663221,16,100,2022
16,453268,"Bard, Daniel",8/26/2022,662432,16,100,2022
16,676714,"Hughes, Brandon",8/21/2022,663115,16,100,2022
16,544365,"Bañuelos, Manny",7/24/2022,662357,16,100,2022
16,592094,"Adam, Jason",8/15/2022,661283,16,100,2022
16,671345,"Foley, Jason",7/21/2022,662411,16,100,2022
16,592761,"Smith, Caleb",7/2/2022,662910,16,100,2022
16,605280,"Holmes, Clay",6/29/2022,661263,16,100,2022
16,650895,"Castillo, Diego",8/19/2022,662341,16,100,2022
16,445276,"Jansen, Kenley",8/14/2022,661338,16,100,2022
16,475479,"Phelps, David",8/14/2022,661708,16,100,2022
16,662253,"Muñoz, Andrés",8/6/2022,662154,16,100,2022
16,523260,"Kelly, Joe",8/11/2022,662645,16,100,2022
16,641401,"Brogdon, Connor",8/24/2022,661605,16,100,2022
16,664944,"Vieaux, Cam",6/29/2022,662493,16,100,2022
16,670912,"Oviedo, Johan",7/1/2022,661582,16,100,2022
16,554340,"García, Yimi",7/12/2022,661722,16,100,2022
16,620454,"Castillo, José",8/24/2022,662212,16,100,2022
16,664208,"Maton, Phil",7/22/2022,662167,16,100,2022
16,623465,"Phillips, Evan",8/10/2022,662575,16,100,2022
16,628452,"Iglesias, Raisel",8/10/2022,663188,16,100,2022
16,669424,"Lambert, Jimmy",7/14/2022,661675,16,100,2022
16,519008,"McFarland, T.J.",7/14/2022,661117,16,100,2022
16,453343,"Melancon, Mark",7/13/2022,662107,16,100,2022
16,664139,"Gibaut, Ian",8/13/2022,663022,16,100,2022
16,643256,"Cimber, Adam",8/25/2022,663172,16,100,2022
16,670167,"Schreiber, John",7/14/2022,661875,16,100,2022
16,596112,"Stephenson, Robert",7/12/2022,662984,16,100,2022
16,468504,"Chacín, Jhoulys",6/29/2022,662894,16,100,2022
16,660853,"De Los Santos, Enyel",8/13/2022,661709,16,100,2022
16,453178,"Kennedy, Ian",6/8/2022,663050,16,100,2022
16,542888,"Armstrong, Shawn",6/18/2022,661127,16,100,2022
16,573009,"Mantiply, Joe",6/8/2022,663050,16,100,2022
16,519326,"Strickland, Hunter",7/14/2022,661261,16,100,2022
16,542914,"Bass, Anthony",7/1/2022,662492,16,100,2022
16,670950,"Richards, Trevor",8/12/2022,661710,16,100,2022
16,523260,"Kelly, Joe",6/20/2022,661482,16,100,2022
16,641729,"Jiménez, Joe",7/27/2022,662900,16,100,2022
16,608328,"De Jong, Chase",7/9/2022,661224,16,100,2022
16,621242,"Díaz, Edwin",8/25/2022,662433,16,100,2022
16,570663,"Robles, Hansel",6/26/2022,663121,16,100,2022
16,542947,"Bleier, Richard",6/5/2022,661394,16,100,2022
16,605177,"Chafin, Andrew",6/28/2022,662060,16,100,2022
16,666721,"Castillo, Max",7/26/2022,661716,16,100,2022
16,642546,"Hernández, Jonathan",7/23/2022,662348,16,100,2022
16,607237,"Garrett, Amir",6/28/2022,662615,16,100,2022
16,614179,"Ruiz, José",6/28/2022,663392,16,100,2022
16,656222,"Beeks, Jalen",8/7/2022,662810,16,100,2022
16,669212,"Morgan, Eli",6/16/2022,662986,16,100,2022
16,681911,"Vesia, Alex",8/6/2022,662654,16,100,2022
16,571948,"Milner, Hoby",8/9/2022,661182,16,100,2022
16,605280,"Holmes, Clay",6/14/2022,661328,16,100,2022
16,656546,"Hoffman, Jeff",7/9/2022,663092,16,100,2022
16,667427,"Jackson, Zach",7/9/2022,662351,16,100,2022
16,672335,"Pérez, Cionel",6/1/2022,661343,16,100,2022
16,621366,"Borucki, Ryan",7/2/2022,662163,16,100,2022
16,605280,"Holmes, Clay",7/12/2022,661262,16,100,2022
16,518489,"Brasier, Ryan",6/26/2022,663121,16,100,2022
16,671345,"Foley, Jason",6/22/2022,663252,16,100,2022
16,622251,"Staumont, Josh",8/15/2022,661676,16,100,2022
16,661255,"López, Yoan",8/6/2022,662499,16,100,2022
16,503449,"Peralta, Wily",8/15/2022,662977,16,100,2022
16,670059,"Holderman, Colin",7/9/2022,662497,16,100,2022
16,628452,"Iglesias, Raisel",7/2/2022,662890,16,100,2022
16,642207,"Williams, Devin",6/20/2022,661186,16,100,2022
16,665019,"Clemens, Kody",6/15/2022,662883,16,100,2022
16,571710,"Givens, Mychal",6/2/2022,663139,16,100,2022
16,595345,"Okert, Steven",6/21/2022,661148,16,100,2022
16,605195,"Crick, Kyle",6/4/2022,661896,16,100,2022
16,502202,"Boxberger, Brad",6/17/2022,663063,16,100,2022
16,641835,"Mayza, Tim",7/16/2022,661718,16,100,2022
16,606160,"Montero, Rafael",8/25/2022,662711,16,100,2022
16,669276,"Lee, Dylan",7/22/2022,661504,16,100,2022
16,623352,"Hader, Josh",6/20/2022,661186,16,100,2022
16,657024,"Swanson, Erik",6/25/2022,663441,16,100,2022
16,521230,"Hendriks, Liam",7/31/2022,661388,16,100,2022
16,543507,"May, Trevor",8/6/2022,662417,16,100,2022
16,641941,"Pagán, Emilio",8/2/2022,661661,16,100,2022
16,628452,"Iglesias, Raisel",8/26/2022,661940,16,100,2022
16,608032,"Estévez, Carlos",8/1/2022,662224,16,100,2022
16,643493,"Pruitt, Austin",8/6/2022,662308,16,100,2022
16,621366,"Borucki, Ryan",8/8/2022,662152,16,100,2022
16,605154,"Brebbia, John",8/16/2022,662004,16,100,2022
16,518489,"Brasier, Ryan",6/11/2022,662128,16,100,2022
16,676684,"Vest, Will",6/18/2022,662802,16,100,2022
16,622503,"Crismatt, Nabil",8/3/2022,662244,16,100,2022
16,642397,"Soto, Gregory",8/5/2022,662811,16,100,2022
16,545343,"Head, Louis",6/7/2022,661169,16,100,2022
16,656730,"Megill, Trevor",6/11/2022,661680,16,100,2022
16,493603,"Ottavino, Adam",6/5/2022,662612,16,100,2022
16,664199,"Clarke, Taylor",7/16/2022,661718,16,100,2022
16,606424,"García, Jarlín",7/23/2022,662608,16,100,2022
16,608665,"Graveman, Kendall",6/21/2022,661481,16,100,2022
16,656685,"Martin, Brett",8/9/2022,662724,16,100,2022
16,472610,"García, Luis",6/4/2022,661214,16,100,2022
16,660813,"Graterol, Brusdar",6/17/2022,662719,16,100,2022
16,670167,"Schreiber, John",7/17/2022,661258,16,100,2022
16,666374,"Brash, Matt",8/8/2022,662152,16,100,2022
16,663158,"Suarez, Robert",8/14/2022,662472,16,100,2022
16,548384,"Raley, Brooks",8/4/2022,662812,16,100,2022
16,643377,"Jax, Griffin",7/13/2022,661687,16,100,2022
16,608678,"Leone, Dominic",6/26/2022,662061,16,100,2022
16,459429,"McGee, Jake",8/18/2022,662182,16,100,2022
16,669395,"Coleman, Dylan",6/28/2022,662615,16,100,2022
16,592761,"Smith, Caleb",7/15/2022,662197,16,100,2022
16,663986,"Stephan, Trevor",6/23/2022,661685,16,100,2022
16,676714,"Hughes, Brandon",6/16/2022,663125,16,100,2022
16,664123,"Effross, Scott",8/13/2022,663176,16,100,2022
16,606965,"Devenski, Chris",8/17/2022,662003,16,100,2022
16,606424,"García, Jarlín",7/3/2022,662099,16,100,2022
16,641329,"Baker, Bryan",8/9/2022,661046,16,100,2022
16,606149,"Gallegos, Giovanny",6/14/2022,662018,16,100,2022
16,605218,"Edwards Jr., Carl",8/15/2022,662471,16,100,2022
16,543521,"McHugh, Collin",6/1/2022,663326,16,100,2022
16,605447,"Romano, Jordan",6/7/2022,662678,16,100,2022
16,656354,"Davis, Austin",8/2/2022,662736,16,100,2022
16,459429,"McGee, Jake",8/6/2022,661173,16,100,2022
16,453178,"Kennedy, Ian",8/16/2022,662004,16,100,2022
16,657571,"Ferguson, Caleb",7/25/2022,662576,16,100,2022
16,670090,"Mills, Wyatt",7/22/2022,662658,16,100,2022
16,666168,"Thompson, Mason",8/7/2022,661558,16,100,2022
16,640462,"Puk, A.J.",8/27/2022,662336,16,100,2022
16,607481,"Bummer, Aaron",6/4/2022,661896,16,100,2022
16,663989,"Vespi, Nick",6/5/2022,661151,16,100,2022
16,666808,"Doval, Camilo",6/28/2022,662060,16,100,2022
16,640462,"Puk, A.J.",8/12/2022,662817,16,100,2022
16,593576,"Neris, Héctor",7/14/2022,663386,16,100,2022
16,592773,"Stanek, Ryne",6/26/2022,661273,16,100,2022
16,656464,"Ginkel, Kevin",8/3/2022,662946,16,100,2022
16,666808,"Doval, Camilo",6/13/2022,662069,16,100,2022
16,605177,"Chafin, Andrew",7/4/2022,662906,16,100,2022
16,641582,"Foster, Matt",7/3/2022,662099,16,100,2022
16,641360,"Bickford, Phil",8/4/2022,662114,16,100,2022
16,650556,"Abreu, Bryan",8/2/2022,662736,16,100,2022
16,670950,"Richards, Trevor",7/13/2022,661721,16,100,2022
16,657024,"Swanson, Erik",8/2/2022,661253,16,100,2022
16,676714,"Hughes, Brandon",8/4/2022,661945,16,100,2022
16,541640,"Ramírez, Erasmo",6/5/2022,663058,16,100,2022
16,542947,"Bleier, Richard",6/7/2022,661169,16,100,2022
16,642851,"Wynns, Austin",7/3/2022,662099,16,100,2022
16,446321,"Detwiler, Ross",8/25/2022,661604,16,100,2022
16,662253,"Muñoz, Andrés",6/8/2022,662760,16,100,2022
16,661527,"Martinez, Seth",8/27/2022,661090,16,100,2022
16,656685,"Martin, Brett",8/27/2022,661785,16,100,2022
16,493603,"Ottavino, Adam",8/27/2022,662442,16,100,2022
16,614179,"Ruiz, José",8/26/2022,661445,16,100,2022
16,519326,"Strickland, Hunter",7/9/2022,663092,16,100,2022
16,523260,"Kelly, Joe",7/8/2022,661412,16,100,2022
16,676714,"Hughes, Brandon",6/13/2022,663183,16,100,2022
16,453268,"Bard, Daniel",7/30/2022,662989,16,100,2022
16,643377,"Jax, Griffin",6/29/2022,663030,16,100,2022
16,521230,"Hendriks, Liam",7/30/2022,661451,16,100,2022
16,571901,"Loup, Aaron",7/9/2022,661071,16,100,2022
16,453343,"Melancon, Mark",7/17/2022,662269,16,100,2022
16,605177,"Chafin, Andrew",7/7/2022,661425,16,100,2022
16,605347,"López, Jorge",7/9/2022,661071,16,100,2022
16,642397,"Soto, Gregory",7/29/2022,661713,16,100,2022
16,542914,"Bass, Anthony",8/29/2022,661801,16,100,2022
16,666374,"Brash, Matt",7/31/2022,662918,16,100,2022
16,456713,"Bush, Matt",7/26/2022,662184,16,100,2022
16,573009,"Mantiply, Joe",7/24/2022,663316,16,100,2022
16,657024,"Swanson, Erik",7/30/2022,662738,16,100,2022
16,596112,"Stephenson, Robert",8/31/2022,661165,16,100,2022
16,641329,"Baker, Bryan",7/25/2022,661055,16,100,2022
16,660853,"De Los Santos, Enyel",7/27/2022,663191,16,100,2022
16,605447,"Romano, Jordan",8/30/2022,661800,16,100,2022
16,681911,"Vesia, Alex",7/24/2022,662682,16,100,2022
16,666168,"Thompson, Mason",7/9/2022,661508,16,100,2022
16,608638,"Chargois, JT",8/28/2022,663211,16,100,2022
16,663558,"Moran, Jovani",7/31/2022,662267,16,100,2022
16,623211,"Brazobán, Huascar",8/29/2022,661352,16,100,2022
16,640462,"Puk, A.J.",6/11/2022,663084,16,100,2022
16,640444,"Crowe, Wil",8/29/2022,661167,16,100,2022
16,664854,"Helsley, Ryan",7/31/2022,662475,16,100,2022
16,543766,"Shaw, Bryan",6/21/2022,661677,16,100,2022
16,660853,"De Los Santos, Enyel",6/9/2022,663015,16,100,2022
16,573009,"Mantiply, Joe",6/19/2022,663334,16,100,2022
16,593576,"Neris, Héctor",6/22/2022,662749,16,100,2022
16,456713,"Bush, Matt",8/30/2022,661166,16,100,2022
16,672335,"Pérez, Cionel",7/4/2022,661073,16,100,2022
16,605521,"Warren, Art",6/22/2022,663040,16,100,2022
16,606160,"Montero, Rafael",6/22/2022,662749,16,100,2022
16,657571,"Ferguson, Caleb",8/29/2022,661352,16,100,2022
16,641501,"Danish, Tyler",6/21/2022,663246,16,100,2022
16,642758,"Acevedo, Domingo",6/18/2022,662368,16,100,2022
16,670950,"Richards, Trevor",8/31/2022,661779,16,100,2022
16,664294,"Moreta, Dauri",6/22/2022,663040,16,100,2022
16,650895,"Castillo, Diego",6/6/2022,662762,16,100,2022
16,475479,"Phelps, David",8/20/2022,661240,16,100,2022
16,656464,"Ginkel, Kevin",8/21/2022,663301,16,100,2022
16,605177,"Chafin, Andrew",6/24/2022,663333,16,100,2022
16,663855,"Hicks, Jordan",8/20/2022,663291,16,100,2022
16,543272,"Hand, Brad",7/1/2022,661582,16,100,2022
16,571479,"Bellatti, Andrew",6/28/2022,661580,16,100,2022
16,670032,"Lopez, Nicky",8/13/2022,662670,16,100,2022
16,663986,"Stephan, Trevor",6/25/2022,663042,16,100,2022
16,621051,"Wilson, Steven",7/17/2022,662269,16,100,2022
16,656234,"Bird, Jake",6/29/2022,662894,16,100,2022
16,656234,"Bird, Jake",7/22/2022,661193,16,100,2022
16,622250,"Sborz, Josh",7/14/2022,661811,16,100,2022
16,681810,"Warren, Austin",7/15/2022,663385,16,100,2022
16,554431,"Matzek, Tyler",8/14/2022,661338,16,100,2022
16,503449,"Peralta, Wily",7/5/2022,662905,16,100,2022
16,606149,"Gallegos, Giovanny",8/13/2022,661951,16,100,2022
16,503285,"O'Day, Darren",7/7/2022,661521,16,100,2022
16,628452,"Iglesias, Raisel",6/12/2022,663397,16,100,2022
16,572070,"Richards, Garrett",7/10/2022,661808,16,100,2022
16,664123,"Effross, Scott",8/20/2022,661240,16,100,2022
16,643511,"Rogers, Tyler",8/15/2022,662034,16,100,2022
16,664875,"Lawrence, Justin",8/23/2022,662876,16,100,2022
16,676534,"Faucher, Calvin",7/6/2022,663244,16,100,2022
16,453343,"Melancon, Mark",6/15/2022,663336,16,100,2022
16,605280,"Holmes, Clay",6/22/2022,661889,16,100,2022
16,543238,"Gose, Anthony",6/17/2022,662719,16,100,2022
16,607237,"Garrett, Amir",6/13/2022,662069,16,100,2022
16,570488,"Valdez, Phillips",6/14/2022,663279,16,100,2022
16,656458,"Gilbreath, Lucas",7/27/2022,661078,16,100,2022
16,608349,"Knebel, Corey",6/17/2022,662502,16,100,2022
16,493603,"Ottavino, Adam",8/17/2022,661494,16,100,2022
16,668684,"Tully, Tanner",7/16/2022,662952,16,100,2022
16,571901,"Loup, Aaron",8/13/2022,663372,16,100,2022
16,573009,"Mantiply, Joe",8/11/2022,663293,16,100,2022
16,593643,"Alberto, Hanser",8/13/2022,662670,16,100,2022
16,642585,"Bautista, Félix",8/8/2022,661047,16,100,2022
16,640444,"Crowe, Wil",6/4/2022,662451,16,100,2022
16,669395,"Coleman, Dylan",8/10/2022,662639,16,100,2022
16,669276,"Lee, Dylan",6/2/2022,663000,16,100,2022
16,598287,"Ramirez, Noé",6/3/2022,662452,16,100,2022
16,572125,"Selman, Sam",6/1/2022,662366,16,100,2022
16,622098,"Smith, Drew",6/14/2022,662441,16,100,2022
16,623465,"Phillips, Evan",6/17/2022,662719,16,100,2022
16,660906,"Pérez, Francisco",6/14/2022,662503,16,100,2022
16,445926,"Chavez, Jesse",6/26/2022,661512,16,100,2022
16,605151,"Bradley, Archie",6/4/2022,661615,16,100,2022
16,660853,"De Los Santos, Enyel",6/23/2022,661685,16,100,2022
16,608032,"Estévez, Carlos",7/22/2022,661193,16,100,2022
16,623465,"Phillips, Evan",6/4/2022,662687,16,100,2022
16,641755,"Kinley, Tyler",6/4/2022,662987,16,100,2022
16,571479,"Bellatti, Andrew",6/25/2022,662247,16,100,2022
16,541640,"Ramírez, Erasmo",8/5/2022,661562,16,100,2022
16,572193,"Tepera, Ryan",6/12/2022,663397,16,100,2022
16,643256,"Cimber, Adam",7/24/2022,663220,16,100,2022
16,606160,"Montero, Rafael",8/7/2022,662944,16,100,2022
16,605538,"Wisler, Matt",7/16/2022,661873,16,100,2022
16,640448,"Finnegan, Kyle",6/27/2022,662487,16,100,2022
16,622251,"Staumont, Josh",8/5/2022,662650,16,100,2022
16,663975,"Duron, Nick",7/13/2022,661721,16,100,2022
16,664126,"Fairbanks, Pete",8/13/2022,661865,16,100,2022
16,656464,"Ginkel, Kevin",8/5/2022,663313,16,100,2022
16,605151,"Bradley, Archie",6/12/2022,663397,16,100,2022
16,608665,"Graveman, Kendall",7/13/2022,662949,16,100,2022
16,571670,"Floro, Dylan",6/24/2022,661382,16,100,2022
16,641329,"Baker, Bryan",8/15/2022,661707,16,100,2022
16,656794,"Newcomb, Sean",8/16/2022,662550,16,100,2022
16,622098,"Smith, Drew",7/4/2022,663036,16,100,2022
16,608717,"Stratton, Chris",6/11/2022,661160,16,100,2022
16,621016,"Cuas, Jose",6/13/2022,662069,16,100,2022
16,621074,"Rucker, Michael",8/8/2022,661060,16,100,2022
16,642121,"Sulser, Cole",8/17/2022,661356,16,100,2022
16,475479,"Phelps, David",7/14/2022,661720,16,100,2022
16,543507,"May, Trevor",8/3/2022,662552,16,100,2022
16,554431,"Matzek, Tyler",8/2/2022,661496,16,100,2022
16,621381,"Strahm, Matt",6/17/2022,663256,16,100,2022
16,606965,"Devenski, Chris",8/1/2022,662947,16,100,2022
16,617228,"Sawamura, Hirokazu",8/2/2022,662736,16,100,2022
16,605194,"Cotton, Jharel",6/15/2022,662173,16,100,2022
16,640462,"Puk, A.J.",7/2/2022,662163,16,100,2022
16,662253,"Muñoz, Andrés",6/30/2022,662150,16,100,2022
16,622253,"Tate, Dillon",7/2/2022,661683,16,100,2022
16,608718,"Suter, Brent",8/12/2022,661947,16,100,2022
16,606303,"Payamps, Joel",7/2/2022,662904,16,100,2022
16,593974,"Peralta, Wandy",6/28/2022,661272,16,100,2022
16,571948,"Milner, Hoby",7/2/2022,661103,16,100,2022
16,521230,"Hendriks, Liam",7/23/2022,661523,16,100,2022
16,681806,"Wantz, Andrew",6/19/2022,662169,16,100,2022
16,643377,"Jax, Griffin",6/19/2022,663334,16,100,2022
16,669459,"Nelson, Kyle",6/24/2022,663333,16,100,2022
16,548384,"Raley, Brooks",6/16/2022,661326,16,100,2022
16,622098,"Smith, Drew",6/20/2022,662522,16,100,2022
16,572070,"Richards, Garrett",6/17/2022,662826,16,100,2022
16,664854,"Helsley, Ryan",8/14/2022,661957,16,100,2022
16,614179,"Ruiz, José",7/16/2022,661673,16,100,2022
16,623352,"Hader, Josh",7/6/2022,661225,16,100,2022
16,614179,"Ruiz, José",7/9/2022,661411,16,100,2022
16,488984,"Hunter, Tommy",6/22/2022,662749,16,100,2022
16,571670,"Floro, Dylan",8/24/2022,662338,16,100,2022
16,621363,"Poche, Colin",8/13/2022,661865,16,100,2022
16,542914,"Bass, Anthony",7/9/2022,662497,16,100,2022
16,621242,"Díaz, Edwin",8/26/2022,662432,16,100,2022
16,592773,"Stanek, Ryne",6/6/2022,662762,16,100,2022
16,445926,"Chavez, Jesse",8/10/2022,662316,16,100,2022
16,656529,"Hentges, Sam",8/25/2022,662141,16,100,2022
16,667427,"Jackson, Zach",7/15/2022,662923,16,100,2022
16,608349,"Knebel, Corey",6/14/2022,661616,16,100,2022
16,650671,"Quijada, José",7/16/2022,663415,16,100,2022
16,605154,"Brebbia, John",8/20/2022,662879,16,100,2022
16,665625,"Peguero, Elvis",6/28/2022,663392,16,100,2022
16,519151,"Pressly, Ryan",8/21/2022,661480,16,100,2022
16,518489,"Brasier, Ryan",8/23/2022,663174,16,100,2022
16,571948,"Milner, Hoby",8/22/2022,662594,16,100,2022
16,664126,"Fairbanks, Pete",8/30/2022,661351,16,100,2022
16,656793,"Nelson, Nick",8/28/2022,661598,16,100,2022
16,656322,"Coonrod, Sam",8/28/2022,661598,16,100,2022
16,621363,"Poche, Colin",8/31/2022,661350,16,100,2022
16,642207,"Williams, Devin",8/7/2022,661172,16,100,2022
16,664747,"Díaz, Alexis",6/11/2022,661976,16,100,2022
16,519293,"Smith, Will",6/22/2022,661141,16,100,2022
16,614179,"Ruiz, José",6/11/2022,661484,16,100,2022
16,608328,"De Jong, Chase",8/30/2022,661166,16,100,2022
16,544365,"Bañuelos, Manny",8/16/2022,662302,16,100,2022
16,605347,"López, Jorge",7/26/2022,661054,16,100,2022
16,663986,"Stephan, Trevor",7/31/2022,661869,16,100,2022
16,640448,"Finnegan, Kyle",7/30/2022,662476,16,100,2022
16,680704,"Sandlin, Nick",6/10/2022,663014,16,100,2022
16,621363,"Poche, Colin",7/30/2022,661870,16,100,2022
16,675916,"Karinchak, James",8/27/2022,662140,16,100,2022
16,605154,"Brebbia, John",7/5/2022,663320,16,100,2022
16,623352,"Hader, Josh",7/12/2022,661688,16,100,2022
16,518553,"Cishek, Steve",8/16/2022,662550,16,100,2022
16,606160,"Montero, Rafael",8/1/2022,662737,16,100,2022
16,542194,"Bethancourt, Christian",8/23/2022,661858,16,100,2022
16,640451,"Harvey, Hunter",7/22/2022,663306,16,100,2022
16,518489,"Brasier, Ryan",8/30/2022,661648,16,100,2022
16,643511,"Rogers, Tyler",7/5/2022,663320,16,100,2022
16,598264,"Barnes, Matt",8/24/2022,663173,16,100,2022
15,642397,"Soto, Gregory",6/24/2022,663333,15,100,2022
15,598287,"Ramirez, Noé",6/25/2022,663346,15,100,2022
15,676760,"Marinaccio, Ron",7/2/2022,662964,15,100,2022
15,623474,"Herget, Jimmy",8/7/2022,662153,15,100,2022
15,593974,"Peralta, Wandy",8/26/2022,662342,15,100,2022
15,605218,"Edwards Jr., Carl",6/3/2022,663119,15,100,2022
15,595345,"Okert, Steven",6/2/2022,661397,15,100,2022
15,669211,"Akin, Keegan",8/12/2022,661866,15,100,2022
15,644364,"Arano, Víctor",8/14/2022,662472,15,100,2022
15,657612,"Hill, Tim",7/9/2022,662266,15,100,2022
15,650556,"Abreu, Bryan",6/4/2022,662689,15,100,2022
15,573124,"Rogers, Taylor",7/16/2022,662271,15,100,2022
15,661527,"Martinez, Seth",7/27/2022,662345,15,100,2022
15,608032,"Estévez, Carlos",6/15/2022,662893,15,100,2022
15,625643,"López, Reynaldo",8/9/2022,662779,15,100,2022
15,666808,"Doval, Camilo",8/13/2022,662110,15,100,2022
15,571710,"Givens, Mychal",8/26/2022,662432,15,100,2022
15,656945,"Scott, Tanner",8/22/2022,662314,15,100,2022
15,605521,"Warren, Art",6/18/2022,663062,15,100,2022
15,669395,"Coleman, Dylan",6/8/2022,662679,15,100,2022
15,628708,"Marte, Yunior",8/4/2022,662114,15,100,2022
15,571948,"Milner, Hoby",6/18/2022,663062,15,100,2022
15,608678,"Leone, Dominic",8/21/2022,662878,15,100,2022
15,642546,"Hernández, Jonathan",7/16/2022,661809,15,100,2022
15,641941,"Pagán, Emilio",6/8/2022,661681,15,100,2022
15,622075,"Almonte, Yency",7/12/2022,661119,15,100,2022
15,641729,"Jiménez, Joe",6/28/2022,662060,15,100,2022
15,573124,"Rogers, Taylor",8/20/2022,663116,15,100,2022
15,571704,"Giles, Ken",6/29/2022,662151,15,100,2022
15,642585,"Bautista, Félix",8/27/2022,661090,15,100,2022
15,663158,"Suarez, Robert",8/19/2022,662181,15,100,2022
15,663423,"Thornton, Trent",7/1/2022,661725,15,100,2022
15,656730,"Megill, Trevor",8/21/2022,661652,15,100,2022
15,573009,"Mantiply, Joe",8/23/2022,662668,15,100,2022
15,664139,"Gibaut, Ian",8/31/2022,662995,15,100,2022
15,593576,"Neris, Héctor",8/30/2022,661832,15,100,2022
15,656222,"Beeks, Jalen",8/31/2022,661350,15,100,2022
15,592773,"Stanek, Ryne",6/11/2022,662756,15,100,2022
15,623352,"Hader, Josh",6/12/2022,662542,15,100,2022
15,571479,"Bellatti, Andrew",7/25/2022,661555,15,100,2022
15,642758,"Acevedo, Domingo",7/25/2022,662347,15,100,2022
15,661395,"Duran, Jhoan",7/13/2022,661687,15,100,2022
15,621248,"Garza Jr., Ralph",7/31/2022,661869,15,100,2022
15,676684,"Vest, Will",6/10/2022,662831,15,100,2022
15,518886,"Kimbrel, Craig",7/9/2022,662683,15,100,2022
15,606303,"Payamps, Joel",8/27/2022,662336,15,100,2022
15,608665,"Graveman, Kendall",7/31/2022,661388,15,100,2022
15,622253,"Tate, Dillon",7/3/2022,661689,15,100,2022
15,666818,"Frías, Luis",8/27/2022,661444,15,100,2022
15,669459,"Nelson, Kyle",8/2/2022,662941,15,100,2022
15,571948,"Milner, Hoby",7/31/2022,663189,15,100,2022
15,521230,"Hendriks, Liam",6/10/2022,661485,15,100,2022
15,641941,"Pagán, Emilio",6/10/2022,661678,15,100,2022
15,642758,"Acevedo, Domingo",6/11/2022,663084,15,100,2022
15,641360,"Bickford, Phil",8/12/2022,662671,15,100,2022
15,669395,"Coleman, Dylan",8/4/2022,662651,15,100,2022
15,671345,"Foley, Jason",8/5/2022,662811,15,100,2022
15,669395,"Coleman, Dylan",8/1/2022,661387,15,100,2022
15,669912,"Snead, Kirby",8/2/2022,663376,15,100,2022
15,680704,"Sandlin, Nick",8/16/2022,662943,15,100,2022
15,605280,"Holmes, Clay",6/26/2022,661273,15,100,2022
15,661395,"Duran, Jhoan",6/9/2022,661697,15,100,2022
15,656557,"Houck, Tanner",7/3/2022,663186,15,100,2022
15,663804,"Kowar, Jackson",7/3/2022,662794,15,100,2022
15,642152,"Trivino, Lou",6/7/2022,661516,15,100,2022
15,650895,"Castillo, Diego",8/27/2022,662140,15,100,2022
15,445926,"Chavez, Jesse",8/26/2022,661704,15,100,2022
15,661383,"Ortega, Oliver",6/7/2022,663391,15,100,2022
15,605447,"Romano, Jordan",8/24/2022,663173,15,100,2022
15,622503,"Crismatt, Nabil",7/30/2022,662196,15,100,2022
15,657024,"Swanson, Erik",8/25/2022,662141,15,100,2022
15,642207,"Williams, Devin",8/26/2022,661189,15,100,2022
15,570257,"Rodríguez, Joely",8/1/2022,662474,15,100,2022
15,571479,"Bellatti, Andrew",7/30/2022,662415,15,100,2022
15,596112,"Stephenson, Robert",7/7/2022,663317,15,100,2022
15,488984,"Hunter, Tommy",8/30/2022,662426,15,100,2022
15,517008,"Colomé, Alex",8/31/2022,661478,15,100,2022
15,664854,"Helsley, Ryan",8/4/2022,661945,15,100,2022
15,614179,"Ruiz, José",7/6/2022,661413,15,100,2022
15,669424,"Lambert, Jimmy",7/30/2022,661451,15,100,2022
15,548384,"Raley, Brooks",8/30/2022,661351,15,100,2022
15,642758,"Acevedo, Domingo",7/6/2022,662353,15,100,2022
15,647315,"Pop, Zach",7/6/2022,661378,15,100,2022
15,656638,"Lange, Alex",7/6/2022,662814,15,100,2022
15,598264,"Barnes, Matt",8/31/2022,661649,15,100,2022
15,657265,"Strzelecki, Peter",7/27/2022,661249,15,100,2022
15,605242,"Fulmer, Michael",8/28/2022,661663,15,100,2022
15,664294,"Moreta, Dauri",7/6/2022,663051,15,100,2022
15,608665,"Graveman, Kendall",8/31/2022,661441,15,100,2022
15,543766,"Shaw, Bryan",6/12/2022,663083,15,100,2022
15,669622,"Bender, Anthony",8/5/2022,661063,15,100,2022
15,593974,"Peralta, Wandy",6/9/2022,661697,15,100,2022
15,664126,"Fairbanks, Pete",8/24/2022,661857,15,100,2022
15,665665,"Sanmartin, Reiver",7/29/2022,663026,15,100,2022
15,669276,"Lee, Dylan",7/31/2022,661498,15,100,2022
15,656222,"Beeks, Jalen",6/11/2022,661680,15,100,2022
15,571704,"Giles, Ken",6/21/2022,662360,15,100,2022
15,518617,"Diekman, Jake",8/30/2022,661442,15,100,2022
15,670950,"Richards, Trevor",8/3/2022,661867,15,100,2022
15,554340,"García, Yimi",8/31/2022,661779,15,100,2022
15,621016,"Cuas, Jose",8/28/2022,662638,15,100,2022
15,643256,"Cimber, Adam",8/28/2022,661773,15,100,2022
15,676714,"Hughes, Brandon",7/28/2022,662058,15,100,2022
15,650556,"Abreu, Bryan",8/27/2022,661090,15,100,2022
15,453178,"Kennedy, Ian",8/21/2022,663301,15,100,2022
15,518553,"Cishek, Steve",8/19/2022,662181,15,100,2022
15,617228,"Sawamura, Hirokazu",8/23/2022,663174,15,100,2022
15,623149,"Sewald, Paul",8/20/2022,662340,15,100,2022
15,656222,"Beeks, Jalen",8/22/2022,661859,15,100,2022
15,475479,"Phelps, David",7/24/2022,663220,15,100,2022
15,453268,"Bard, Daniel",7/22/2022,661193,15,100,2022
15,518617,"Diekman, Jake",8/23/2022,663461,15,100,2022
15,523260,"Kelly, Joe",7/22/2022,661409,15,100,2022
15,468504,"Chacín, Jhoulys",7/2/2022,662910,15,100,2022
15,573124,"Rogers, Taylor",7/22/2022,662481,15,100,2022
15,542585,"Cisnero, José",7/24/2022,662901,15,100,2022
15,593576,"Neris, Héctor",8/20/2022,661610,15,100,2022
15,672335,"Pérez, Cionel",8/23/2022,663461,15,100,2022
15,622253,"Tate, Dillon",7/17/2022,661872,15,100,2022
15,664854,"Helsley, Ryan",6/28/2022,661967,15,100,2022
15,571948,"Milner, Hoby",8/16/2022,661191,15,100,2022
15,676050,"Naughton, Packy",7/2/2022,661581,15,100,2022
15,641729,"Jiménez, Joe",7/21/2022,662408,15,100,2022
15,594580,"Moll, Sam",6/3/2022,662365,15,100,2022
15,570257,"Rodríguez, Joely",7/24/2022,662458,15,100,2022
15,642701,"Santana, Dennis",7/21/2022,661421,15,100,2022
15,641627,"Gott, Trevor",7/13/2022,661687,15,100,2022
15,594311,"Gustave, Jandel",7/15/2022,662072,15,100,2022
15,669270,"Kuhnel, Joel",7/13/2022,661269,15,100,2022
15,519151,"Pressly, Ryan",7/12/2022,663402,15,100,2022
15,621381,"Strahm, Matt",8/21/2022,661051,15,100,2022
15,670950,"Richards, Trevor",7/16/2022,661718,15,100,2022
15,605154,"Brebbia, John",7/16/2022,662113,15,100,2022
15,456713,"Bush, Matt",6/5/2022,661962,15,100,2022
15,593576,"Neris, Héctor",6/6/2022,662762,15,100,2022
15,542585,"Cisnero, José",8/11/2022,662790,15,100,2022
15,623352,"Hader, Josh",6/5/2022,661241,15,100,2022
15,642701,"Santana, Dennis",6/5/2022,661962,15,100,2022
15,642546,"Hernández, Jonathan",8/23/2022,662876,15,100,2022
15,669276,"Lee, Dylan",6/5/2022,662990,15,100,2022
15,607237,"Garrett, Amir",8/12/2022,662671,15,100,2022
15,519293,"Smith, Will",7/9/2022,661508,15,100,2022
15,622251,"Staumont, Josh",7/25/2022,662655,15,100,2022
15,664854,"Helsley, Ryan",8/7/2022,661948,15,100,2022
15,621383,"Banks, Tanner",7/7/2022,661425,15,100,2022
15,622098,"Smith, Drew",7/10/2022,662496,15,100,2022
15,643377,"Jax, Griffin",7/9/2022,661842,15,100,2022
15,661403,"Clase, Emmanuel",8/10/2022,662791,15,100,2022
15,642528,"Loáisiga, Jonathan",7/26/2022,662438,15,100,2022
15,675916,"Karinchak, James",7/6/2022,662814,15,100,2022
15,608032,"Estévez, Carlos",8/6/2022,663288,15,100,2022
15,669424,"Lambert, Jimmy",8/19/2022,662936,15,100,2022
15,676477,"Whitlock, Garrett",8/14/2022,663175,15,100,2022
15,571670,"Floro, Dylan",6/18/2022,662533,15,100,2022
15,676684,"Vest, Will",8/13/2022,661383,15,100,2022
15,541640,"Ramírez, Erasmo",6/16/2022,662501,15,100,2022
15,571479,"Bellatti, Andrew",6/14/2022,661616,15,100,2022
15,642701,"Santana, Dennis",6/19/2022,662807,15,100,2022
15,453268,"Bard, Daniel",7/16/2022,661081,15,100,2022
15,548384,"Raley, Brooks",7/22/2022,662658,15,100,2022
15,571479,"Bellatti, Andrew",7/23/2022,661559,15,100,2022
15,543238,"Gose, Anthony",6/28/2022,663033,15,100,2022
15,656557,"Houck, Tanner",6/17/2022,663256,15,100,2022
15,641582,"Foster, Matt",7/23/2022,661408,15,100,2022
15,594311,"Gustave, Jandel",6/30/2022,661105,15,100,2022
15,670329,"Garcia, Rico",6/16/2022,661743,15,100,2022
15,605154,"Brebbia, John",7/1/2022,662079,15,100,2022
15,543766,"Shaw, Bryan",8/10/2022,662791,15,100,2022
15,519151,"Pressly, Ryan",6/25/2022,661271,15,100,2022
15,607237,"Garrett, Amir",7/2/2022,662904,15,100,2022
15,605612,"Castro, Harold",6/3/2022,661318,15,100,2022
15,622503,"Crismatt, Nabil",6/4/2022,661214,15,100,2022
15,621237,"Alvarado, José",7/2/2022,661581,15,100,2022
15,656529,"Hentges, Sam",8/10/2022,662791,15,100,2022
15,455119,"Martin, Chris",6/17/2022,663124,15,100,2022
15,623149,"Sewald, Paul",6/28/2022,662186,15,100,2022
15,641360,"Bickford, Phil",6/28/2022,662911,15,100,2022
15,669395,"Coleman, Dylan",8/14/2022,662669,15,100,2022
15,669424,"Lambert, Jimmy",6/2/2022,661762,15,100,2022
15,573124,"Rogers, Taylor",6/16/2022,663125,15,100,2022
15,608678,"Leone, Dominic",6/15/2022,662082,15,100,2022
15,641501,"Danish, Tyler",6/15/2022,663235,15,100,2022
15,656945,"Scott, Tanner",6/14/2022,661616,15,100,2022
15,661527,"Martinez, Seth",7/2/2022,662890,15,100,2022
15,673316,"Barker, Luke",6/3/2022,661334,15,100,2022
15,606303,"Payamps, Joel",8/25/2022,662337,15,100,2022
15,621363,"Poche, Colin",8/24/2022,661857,15,100,2022
15,641941,"Pagán, Emilio",6/2/2022,662832,15,100,2022
15,642028,"Rogers, Josh",6/2/2022,663091,15,100,2022
15,501925,"Smith, Joe",6/3/2022,661761,15,100,2022
15,596112,"Stephenson, Robert",7/22/2022,661193,15,100,2022
15,503285,"O'Day, Darren",6/26/2022,661512,15,100,2022
15,592169,"Brice, Austin",6/26/2022,661886,15,100,2022
15,667427,"Jackson, Zach",8/8/2022,662331,15,100,2022
15,668941,"Romero, JoJo",8/27/2022,661939,15,100,2022
15,544727,"Familia, Jeurys",6/11/2022,661614,15,100,2022
15,681806,"Wantz, Andrew",7/2/2022,662890,15,100,2022
15,656529,"Hentges, Sam",6/24/2022,663054,15,100,2022
15,608718,"Suter, Brent",7/16/2022,662113,15,100,2022
15,445276,"Jansen, Kenley",8/5/2022,662418,15,100,2022
15,502179,"Espino, Paolo",6/9/2022,661149,15,100,2022
15,642701,"Santana, Dennis",6/24/2022,661844,15,100,2022
15,542914,"Bass, Anthony",7/14/2022,661375,15,100,2022
15,621363,"Poche, Colin",8/7/2022,662810,15,100,2022
15,621237,"Alvarado, José",8/6/2022,661561,15,100,2022
15,595345,"Okert, Steven",6/11/2022,662756,15,100,2022
15,623149,"Sewald, Paul",8/9/2022,662148,15,100,2022
15,666168,"Thompson, Mason",8/8/2022,661060,15,100,2022
15,456713,"Bush, Matt",8/18/2022,661179,15,100,2022
15,622065,"Young, Alex",8/16/2022,662004,15,100,2022
15,493603,"Ottavino, Adam",7/29/2022,661372,15,100,2022
15,643493,"Pruitt, Austin",7/12/2022,661813,15,100,2022
15,572070,"Richards, Garrett",7/11/2022,661814,15,100,2022
15,456713,"Bush, Matt",7/29/2022,663379,15,100,2022
15,622503,"Crismatt, Nabil",8/2/2022,662250,15,100,2022
15,628452,"Iglesias, Raisel",8/16/2022,661495,15,100,2022
15,657024,"Swanson, Erik",8/8/2022,662152,15,100,2022
15,571670,"Floro, Dylan",7/3/2022,662486,15,100,2022
15,573124,"Rogers, Taylor",7/3/2022,662684,15,100,2022
15,593974,"Peralta, Wandy",6/7/2022,661693,15,100,2022
15,571948,"Milner, Hoby",7/30/2022,663192,15,100,2022
15,608638,"Chargois, JT",8/24/2022,661857,15,100,2022
15,664208,"Maton, Phil",7/7/2022,662746,15,100,2022
15,660813,"Graterol, Brusdar",7/5/2022,662731,15,100,2022
15,641360,"Bickford, Phil",7/4/2022,662732,15,100,2022
15,593576,"Neris, Héctor",7/31/2022,662918,15,100,2022
15,544365,"Bañuelos, Manny",7/10/2022,661178,15,100,2022
15,656557,"Houck, Tanner",8/2/2022,662736,15,100,2022
15,571948,"Milner, Hoby",7/9/2022,661224,15,100,2022
15,669212,"Morgan, Eli",7/3/2022,662957,15,100,2022
15,670712,"Brosseau, Mike",7/5/2022,661187,15,100,2022
15,669276,"Lee, Dylan",7/4/2022,661511,15,100,2022
15,607625,"Lugo, Seth",7/9/2022,662497,15,100,2022
15,640451,"Harvey, Hunter",8/27/2022,662468,15,100,2022
15,521230,"Hendriks, Liam",8/31/2022,661441,15,100,2022
15,570257,"Rodríguez, Joely",8/28/2022,662446,15,100,2022
15,642152,"Trivino, Lou",7/9/2022,662351,15,100,2022
15,655889,"Rodríguez, Manuel",8/26/2022,661189,15,100,2022
15,643256,"Cimber, Adam",7/8/2022,662155,15,100,2022
15,663158,"Suarez, Robert",8/27/2022,662666,15,100,2022
15,573204,"Thielbar, Caleb",8/29/2022,661651,15,100,2022
15,643493,"Pruitt, Austin",7/6/2022,662353,15,100,2022
15,656271,"Burke, Brock",7/6/2022,661245,15,100,2022
15,669711,"Weissert, Greg",8/25/2022,662337,15,100,2022
15,445276,"Jansen, Kenley",7/31/2022,661498,15,100,2022
15,664123,"Effross, Scott",7/7/2022,662730,15,100,2022
15,665665,"Sanmartin, Reiver",7/6/2022,663051,15,100,2022
15,682171,"Murfee, Penn",7/7/2022,662156,15,100,2022
15,664126,"Fairbanks, Pete",7/30/2022,661870,15,100,2022
15,607625,"Lugo, Seth",8/16/2022,661495,15,100,2022
15,669395,"Coleman, Dylan",7/28/2022,661257,15,100,2022
15,656234,"Bird, Jake",7/28/2022,661077,15,100,2022
15,554340,"García, Yimi",6/21/2022,661481,15,100,2022
15,598287,"Ramirez, Noé",7/27/2022,663294,15,100,2022
15,605177,"Chafin, Andrew",6/18/2022,662802,15,100,2022
15,605280,"Holmes, Clay",6/18/2022,661748,15,100,2022
15,655889,"Rodríguez, Manuel",8/29/2022,661801,15,100,2022
15,605525,"Wendelken, J.B.",6/20/2022,662221,15,100,2022
15,660787,"De los Santos, Yerry",7/24/2022,662357,15,100,2022
15,661403,"Clase, Emmanuel",7/27/2022,663191,15,100,2022
15,659275,"Lamet, Dinelson",7/30/2022,662196,15,100,2022
15,664294,"Moreta, Dauri",7/4/2022,663036,15,100,2022
15,671345,"Foley, Jason",7/25/2022,662809,15,100,2022
15,608717,"Stratton, Chris",6/21/2022,661124,15,100,2022
15,445926,"Chavez, Jesse",6/13/2022,662505,15,100,2022
15,617228,"Sawamura, Hirokazu",6/22/2022,663252,15,100,2022
15,608648,"Duffey, Tyler",6/26/2022,661692,15,100,2022
15,543272,"Hand, Brad",6/14/2022,661616,15,100,2022
15,661527,"Martinez, Seth",8/28/2022,661089,15,100,2022
15,542914,"Bass, Anthony",6/13/2022,661629,15,100,2022
15,573124,"Rogers, Taylor",6/13/2022,663183,15,100,2022
15,641729,"Jiménez, Joe",6/20/2022,663253,15,100,2022
15,596057,"Norris, Daniel",6/10/2022,661284,15,100,2022
15,669211,"Akin, Keegan",7/3/2022,661689,15,100,2022
15,642701,"Santana, Dennis",6/21/2022,661846,15,100,2022
15,670280,"Bednar, David",7/5/2022,662329,15,100,2022
15,607237,"Garrett, Amir",8/2/2022,661386,15,100,2022
15,664208,"Maton, Phil",6/18/2022,662752,15,100,2022
15,671345,"Foley, Jason",6/13/2022,662828,15,100,2022
15,456713,"Bush, Matt",8/20/2022,663116,15,100,2022
15,666374,"Brash, Matt",8/17/2022,663408,15,100,2022
15,669424,"Lambert, Jimmy",6/19/2022,662751,15,100,2022
15,475479,"Phelps, David",8/30/2022,661800,15,100,2022
15,592094,"Adam, Jason",8/31/2022,661350,15,100,2022
15,641360,"Bickford, Phil",8/16/2022,661191,15,100,2022
15,542947,"Bleier, Richard",7/16/2022,661359,15,100,2022
15,671345,"Foley, Jason",7/29/2022,661713,15,100,2022
15,641401,"Brogdon, Connor",8/30/2022,663286,15,100,2022
15,571670,"Floro, Dylan",7/22/2022,662327,15,100,2022
15,571710,"Givens, Mychal",8/22/2022,661238,15,100,2022
15,670329,"Garcia, Rico",8/30/2022,662973,15,100,2022
15,596112,"Stephenson, Robert",7/23/2022,661201,15,100,2022
15,596133,"Weaver, Luke",7/23/2022,663305,15,100,2022
15,445276,"Jansen, Kenley",8/19/2022,661492,15,100,2022
15,523260,"Kelly, Joe",8/22/2022,662767,15,100,2022
15,607179,"Weems, Jordan",7/17/2022,662530,15,100,2022
15,548384,"Raley, Brooks",8/23/2022,661858,15,100,2022
15,573009,"Mantiply, Joe",8/20/2022,663291,15,100,2022
15,518553,"Cishek, Steve",8/10/2022,663229,15,100,2022
15,640448,"Finnegan, Kyle",8/16/2022,662550,15,100,2022
15,501925,"Smith, Joe",7/24/2022,662901,15,100,2022
15,607216,"Krehbiel, Joey",8/23/2022,663461,15,100,2022
15,623451,"Stephens, Jackson",8/20/2022,661610,15,100,2022
15,617228,"Sawamura, Hirokazu",6/27/2022,661740,15,100,2022
15,605280,"Holmes, Clay",8/9/2022,662148,15,100,2022
15,472610,"García, Luis",8/13/2022,662473,15,100,2022
15,662253,"Muñoz, Andrés",7/16/2022,661809,15,100,2022
15,664126,"Fairbanks, Pete",7/17/2022,661872,15,100,2022
15,666808,"Doval, Camilo",8/20/2022,662879,15,100,2022
15,669674,"Long, Sam",7/23/2022,662608,15,100,2022
15,621237,"Alvarado, José",6/24/2022,662255,15,100,2022
15,642758,"Acevedo, Domingo",8/21/2022,662315,15,100,2022
15,643410,"Leiter Jr., Mark",8/19/2022,663228,15,100,2022
15,595345,"Okert, Steven",7/2/2022,662482,15,100,2022
15,643410,"Leiter Jr., Mark",8/21/2022,663115,15,100,2022
15,664123,"Effross, Scott",7/16/2022,661115,15,100,2022
15,672335,"Pérez, Cionel",8/3/2022,661818,15,100,2022
15,656061,"Abreu, Albert",8/20/2022,661240,15,100,2022
15,641835,"Mayza, Tim",7/2/2022,661836,15,100,2022
15,647315,"Pop, Zach",8/15/2022,661707,15,100,2022
15,675916,"Karinchak, James",8/3/2022,662946,15,100,2022
15,544365,"Bañuelos, Manny",8/14/2022,662035,15,100,2022
15,669912,"Snead, Kirby",6/30/2022,662150,15,100,2022
15,593576,"Neris, Héctor",8/14/2022,662801,15,100,2022
15,669622,"Bender, Anthony",8/9/2022,661553,15,100,2022
15,607625,"Lugo, Seth",7/24/2022,662458,15,100,2022
15,607625,"Lugo, Seth",8/13/2022,662428,15,100,2022
15,622694,"Hernández, Elieser",8/12/2022,661366,15,100,2022
15,628452,"Iglesias, Raisel",7/14/2022,663386,15,100,2022
15,641329,"Baker, Bryan",8/13/2022,661865,15,100,2022
15,681911,"Vesia, Alex",8/22/2022,662594,15,100,2022
15,656945,"Scott, Tanner",7/14/2022,661375,15,100,2022
15,681911,"Vesia, Alex",7/13/2022,661118,15,100,2022
15,657770,"Stout, Eric",8/14/2022,662035,15,100,2022
15,607237,"Garrett, Amir",7/13/2022,662659,15,100,2022
15,661395,"Duran, Jhoan",8/12/2022,663373,15,100,2022
15,663158,"Suarez, Robert",8/12/2022,662551,15,100,2022
15,493603,"Ottavino, Adam",6/8/2022,662223,15,100,2022
15,623352,"Hader, Josh",8/2/2022,662220,15,100,2022
15,542888,"Armstrong, Shawn",6/8/2022,661892,15,100,2022
15,572193,"Tepera, Ryan",6/5/2022,661633,15,100,2022
15,455119,"Martin, Chris",6/14/2022,663182,15,100,2022
15,571710,"Givens, Mychal",6/29/2022,663215,15,100,2022
15,542914,"Bass, Anthony",8/6/2022,661662,15,100,2022
15,453268,"Bard, Daniel",7/7/2022,663317,15,100,2022
15,472610,"García, Luis",7/7/2022,662253,15,100,2022
15,519326,"Strickland, Hunter",7/6/2022,663051,15,100,2022
15,571670,"Floro, Dylan",7/8/2022,662498,15,100,2022
15,643511,"Rogers, Tyler",7/27/2022,663294,15,100,2022
15,607216,"Krehbiel, Joey",7/9/2022,661071,15,100,2022
15,656354,"Davis, Austin",7/24/2022,663220,15,100,2022
15,666204,"Jiménez, Dany",8/7/2022,662332,15,100,2022
15,622554,"Domínguez, Seranthony",7/1/2022,661582,15,100,2022
15,656464,"Ginkel, Kevin",8/26/2022,661445,15,100,2022
15,476595,"Luetge, Lucas",6/21/2022,661890,15,100,2022
15,518489,"Brasier, Ryan",6/18/2022,663255,15,100,2022
15,573204,"Thielbar, Caleb",6/22/2022,661690,15,100,2022
15,645801,"Ford, Mike",6/30/2022,661579,15,100,2022
15,605177,"Chafin, Andrew",6/2/2022,662832,15,100,2022
15,621363,"Poche, Colin",6/22/2022,661889,15,100,2022
15,621242,"Díaz, Edwin",6/1/2022,662457,15,100,2022
15,642152,"Trivino, Lou",6/22/2022,662359,15,100,2022
15,607625,"Lugo, Seth",6/4/2022,662687,15,100,2022
15,476595,"Luetge, Lucas",7/17/2022,661258,15,100,2022
15,519043,"Moore, Matt",7/16/2022,661809,15,100,2022
15,570560,"Sánchez, Yolmer",7/22/2022,663222,15,100,2022
15,592773,"Stanek, Ryne",7/21/2022,662776,15,100,2022
15,670090,"Mills, Wyatt",7/2/2022,662904,15,100,2022
15,541640,"Ramírez, Erasmo",6/2/2022,663091,15,100,2022
15,468504,"Chacín, Jhoulys",6/18/2022,662999,15,100,2022
15,670280,"Bednar, David",7/13/2022,661376,15,100,2022
15,489446,"Yates, Kirby",8/13/2022,661360,15,100,2022
15,502202,"Boxberger, Brad",8/10/2022,661207,15,100,2022
15,518886,"Kimbrel, Craig",8/14/2022,662669,15,100,2022
15,672335,"Pérez, Cionel",7/1/2022,661691,15,100,2022
15,592858,"Wick, Rowan",8/10/2022,663229,15,100,2022
15,641793,"Littell, Zack",8/24/2022,662916,15,100,2022
15,542947,"Bleier, Richard",7/14/2022,661375,15,100,2022
15,605218,"Edwards Jr., Carl",8/13/2022,662473,15,100,2022
15,606965,"Devenski, Chris",8/14/2022,662881,15,100,2022
15,571901,"Loup, Aaron",7/3/2022,662889,15,100,2022
15,570666,"Cessa, Luis",6/11/2022,661976,15,100,2022
15,642758,"Acevedo, Domingo",8/12/2022,662817,15,100,2022
15,657571,"Ferguson, Caleb",8/13/2022,662670,15,100,2022
15,672335,"Pérez, Cionel",8/12/2022,661866,15,100,2022
15,472610,"García, Luis",6/16/2022,663125,15,100,2022
15,501925,"Smith, Joe",6/15/2022,662173,15,100,2022
15,596112,"Stephenson, Robert",7/17/2022,661080,15,100,2022
15,641729,"Jiménez, Joe",6/17/2022,662826,15,100,2022
15,641835,"Mayza, Tim",6/14/2022,661745,15,100,2022
15,523260,"Kelly, Joe",7/15/2022,661674,15,100,2022
15,592773,"Stanek, Ryne",7/22/2022,662167,15,100,2022
15,553902,"Astudillo, Willians",6/3/2022,661396,15,100,2022
15,642585,"Bautista, Félix",6/1/2022,661343,15,100,2022
15,517008,"Colomé, Alex",6/1/2022,662991,15,100,2022
15,593576,"Neris, Héctor",8/25/2022,662711,15,100,2022
15,661269,"Gutierrez, Vladimir",6/1/2022,663296,15,100,2022
15,571917,"Markel, Parker",6/3/2022,662365,15,100,2022
15,572125,"Selman, Sam",6/4/2022,662364,15,100,2022
15,548384,"Raley, Brooks",8/26/2022,663171,15,100,2022
15,543521,"McHugh, Collin",7/15/2022,662516,15,100,2022
15,605242,"Fulmer, Michael",8/5/2022,661659,15,100,2022
15,542914,"Bass, Anthony",6/25/2022,661381,15,100,2022
15,542947,"Bleier, Richard",6/27/2022,661968,15,100,2022
15,612434,"Castro, Miguel",6/23/2022,661325,15,100,2022
15,606160,"Montero, Rafael",6/23/2022,661325,15,100,2022
15,672335,"Pérez, Cionel",6/26/2022,661453,15,100,2022
15,662253,"Muñoz, Andrés",8/9/2022,662148,15,100,2022
15,519293,"Smith, Will",6/25/2022,661138,15,100,2022
15,472610,"García, Luis",8/7/2022,662563,15,100,2022
15,475479,"Phelps, David",8/5/2022,661659,15,100,2022
15,503449,"Peralta, Wily",8/9/2022,662793,15,100,2022
15,607179,"Weems, Jordan",7/13/2022,662531,15,100,2022
15,542914,"Bass, Anthony",8/7/2022,661653,15,100,2022
15,621366,"Borucki, Ryan",8/5/2022,662164,15,100,2022
15,608678,"Leone, Dominic",8/17/2022,662003,15,100,2022
15,621074,"Rucker, Michael",8/16/2022,662550,15,100,2022
15,640462,"Puk, A.J.",6/1/2022,662366,15,100,2022
15,476595,"Luetge, Lucas",8/17/2022,661266,15,100,2022
15,594580,"Moll, Sam",8/15/2022,661834,15,100,2022
15,667427,"Jackson, Zach",8/15/2022,661834,15,100,2022
15,621242,"Díaz, Edwin",6/5/2022,662612,15,100,2022
15,571948,"Milner, Hoby",8/4/2022,662303,15,100,2022
15,656546,"Hoffman, Jeff",6/10/2022,661983,15,100,2022
15,606424,"García, Jarlín",8/4/2022,662114,15,100,2022
15,644364,"Arano, Víctor",6/5/2022,663058,15,100,2022
15,650671,"Quijada, José",6/7/2022,663391,15,100,2022
15,642585,"Bautista, Félix",8/3/2022,661818,15,100,2022
15,669276,"Lee, Dylan",8/3/2022,661500,15,100,2022
15,676092,"Snider, Collin",6/5/2022,662688,15,100,2022
14,664854,"Helsley, Ryan",7/9/2022,661137,14,100,2022
14,656458,"Gilbreath, Lucas",7/25/2022,661231,14,100,2022
14,571670,"Floro, Dylan",8/1/2022,661369,14,100,2022
14,666808,"Doval, Camilo",7/31/2022,662071,14,100,2022
14,641835,"Mayza, Tim",7/31/2022,661711,14,100,2022
14,676714,"Hughes, Brandon",8/24/2022,663216,14,100,2022
14,669912,"Snead, Kirby",7/23/2022,662348,14,100,2022
14,656793,"Nelson, Nick",7/3/2022,661630,14,100,2022
14,521230,"Hendriks, Liam",7/4/2022,661452,14,100,2022
14,656061,"Abreu, Albert",6/10/2022,662676,14,100,2022
14,640444,"Crowe, Wil",8/2/2022,662298,14,100,2022
14,642701,"Santana, Dennis",8/1/2022,661820,14,100,2022
14,592773,"Stanek, Ryne",7/31/2022,662918,14,100,2022
14,676760,"Marinaccio, Ron",8/6/2022,661949,14,100,2022
14,656458,"Gilbreath, Lucas",6/11/2022,662251,14,100,2022
14,656458,"Gilbreath, Lucas",6/10/2022,662275,14,100,2022
14,554340,"García, Yimi",6/8/2022,662679,14,100,2022
14,607625,"Lugo, Seth",7/4/2022,663036,14,100,2022
14,623451,"Stephens, Jackson",7/5/2022,661510,14,100,2022
14,621016,"Cuas, Jose",6/8/2022,662679,14,100,2022
14,621381,"Strahm, Matt",6/7/2022,663391,14,100,2022
14,667427,"Jackson, Zach",7/5/2022,662354,14,100,2022
14,641501,"Danish, Tyler",6/5/2022,662363,14,100,2022
14,656354,"Davis, Austin",6/7/2022,663391,14,100,2022
14,656458,"Gilbreath, Lucas",6/3/2022,662980,14,100,2022
14,621249,"Underwood Jr., Duane",7/30/2022,662415,14,100,2022
14,664123,"Effross, Scott",6/5/2022,663138,14,100,2022
14,459429,"McGee, Jake",8/26/2022,662469,14,100,2022
14,489265,"Romo, Sergio",7/7/2022,662156,14,100,2022
14,642397,"Soto, Gregory",8/24/2022,662916,14,100,2022
14,542947,"Bleier, Richard",7/7/2022,662508,14,100,2022
14,623149,"Sewald, Paul",7/30/2022,662738,14,100,2022
14,573009,"Mantiply, Joe",7/10/2022,663307,14,100,2022
14,656638,"Lange, Alex",7/4/2022,662841,14,100,2022
14,642546,"Hernández, Jonathan",7/31/2022,663377,14,100,2022
14,608717,"Stratton, Chris",7/7/2022,663140,14,100,2022
14,571670,"Floro, Dylan",8/29/2022,661352,14,100,2022
14,571882,"Law, Derek",8/31/2022,662995,14,100,2022
14,640444,"Crowe, Wil",7/10/2022,661178,14,100,2022
14,607259,"Martinez, Nick",7/26/2022,662813,14,100,2022
14,642701,"Santana, Dennis",7/8/2022,661843,14,100,2022
14,621593,"Castro, Anthony",7/24/2022,661407,14,100,2022
14,640448,"Finnegan, Kyle",7/25/2022,662576,14,100,2022
14,593974,"Peralta, Wandy",8/30/2022,663437,14,100,2022
14,641401,"Brogdon, Connor",7/27/2022,661554,14,100,2022
14,656354,"Davis, Austin",7/6/2022,663244,14,100,2022
14,657770,"Stout, Eric",7/9/2022,661224,14,100,2022
14,666204,"Jiménez, Dany",8/4/2022,663374,14,100,2022
14,681806,"Wantz, Andrew",7/27/2022,662652,14,100,2022
14,543272,"Hand, Brad",6/11/2022,661614,14,100,2022
14,605242,"Fulmer, Michael",6/13/2022,662828,14,100,2022
14,608665,"Graveman, Kendall",6/13/2022,662828,14,100,2022
14,621345,"Minter, A.J.",6/9/2022,661514,14,100,2022
14,622503,"Crismatt, Nabil",6/11/2022,662251,14,100,2022
14,519008,"McFarland, T.J.",6/18/2022,663255,14,100,2022
14,641582,"Foster, Matt",6/11/2022,661484,14,100,2022
14,640462,"Puk, A.J.",8/28/2022,662335,14,100,2022
14,542914,"Bass, Anthony",6/20/2022,662522,14,100,2022
14,671345,"Foley, Jason",7/5/2022,662905,14,100,2022
14,643511,"Rogers, Tyler",8/28/2022,661663,14,100,2022
14,670912,"Oviedo, Johan",6/12/2022,661975,14,100,2022
14,670167,"Schreiber, John",7/31/2022,663189,14,100,2022
14,523260,"Kelly, Joe",8/30/2022,661442,14,100,2022
14,656730,"Megill, Trevor",8/31/2022,661649,14,100,2022
14,656464,"Ginkel, Kevin",8/28/2022,661443,14,100,2022
14,669270,"Kuhnel, Joel",8/29/2022,663018,14,100,2022
14,669276,"Lee, Dylan",8/28/2022,661950,14,100,2022
14,650895,"Castillo, Diego",6/18/2022,662194,14,100,2022
14,453343,"Melancon, Mark",8/23/2022,662668,14,100,2022
14,472610,"García, Luis",8/20/2022,662180,14,100,2022
14,676760,"Marinaccio, Ron",8/3/2022,661293,14,100,2022
14,592858,"Wick, Rowan",8/20/2022,663116,14,100,2022
14,606965,"Devenski, Chris",8/23/2022,662668,14,100,2022
14,453343,"Melancon, Mark",7/27/2022,663294,14,100,2022
14,669270,"Kuhnel, Joel",6/19/2022,663061,14,100,2022
14,643377,"Jax, Griffin",8/22/2022,661658,14,100,2022
14,598264,"Barnes, Matt",8/25/2022,663172,14,100,2022
14,656354,"Davis, Austin",8/21/2022,661051,14,100,2022
14,656945,"Scott, Tanner",8/20/2022,662561,14,100,2022
14,657265,"Strzelecki, Peter",8/20/2022,663116,14,100,2022
14,669270,"Kuhnel, Joel",8/19/2022,662396,14,100,2022
14,676714,"Hughes, Brandon",8/19/2022,663228,14,100,2022
14,571901,"Loup, Aaron",8/3/2022,663375,14,100,2022
14,571901,"Loup, Aaron",7/16/2022,663415,14,100,2022
14,518886,"Kimbrel, Craig",6/30/2022,662733,14,100,2022
14,592858,"Wick, Rowan",7/22/2022,661560,14,100,2022
14,605154,"Brebbia, John",7/23/2022,662608,14,100,2022
14,446321,"Detwiler, Ross",7/4/2022,663036,14,100,2022
14,606625,"Moronta, Reyes",6/29/2022,662894,14,100,2022
14,606625,"Moronta, Reyes",7/23/2022,662608,14,100,2022
14,614179,"Ruiz, José",7/22/2022,661409,14,100,2022
14,622503,"Crismatt, Nabil",6/14/2022,663182,14,100,2022
14,596057,"Norris, Daniel",8/23/2022,662914,14,100,2022
14,656638,"Lange, Alex",7/2/2022,662904,14,100,2022
14,621593,"Castro, Anthony",7/23/2022,661408,14,100,2022
14,663986,"Stephan, Trevor",6/30/2022,662983,14,100,2022
14,640444,"Crowe, Wil",7/17/2022,661080,14,100,2022
14,676760,"Marinaccio, Ron",6/30/2022,662788,14,100,2022
14,641329,"Baker, Bryan",7/22/2022,661072,14,100,2022
14,641329,"Baker, Bryan",7/15/2022,661874,14,100,2022
14,681806,"Wantz, Andrew",8/10/2022,662316,14,100,2022
14,571710,"Givens, Mychal",7/26/2022,661064,14,100,2022
14,650895,"Castillo, Diego",7/14/2022,661811,14,100,2022
14,607237,"Garrett, Amir",8/22/2022,662767,14,100,2022
14,642528,"Loáisiga, Jonathan",7/22/2022,661072,14,100,2022
14,640448,"Finnegan, Kyle",7/15/2022,662516,14,100,2022
14,642758,"Acevedo, Domingo",6/26/2022,662665,14,100,2022
14,647315,"Pop, Zach",7/23/2022,662436,14,100,2022
14,608638,"Chargois, JT",8/23/2022,661858,14,100,2022
14,663855,"Hicks, Jordan",7/15/2022,661116,14,100,2022
14,621345,"Minter, A.J.",7/12/2022,661506,14,100,2022
14,676050,"Naughton, Packy",7/12/2022,661119,14,100,2022
14,621363,"Poche, Colin",7/13/2022,661876,14,100,2022
14,605447,"Romano, Jordan",7/12/2022,661722,14,100,2022
14,670059,"Holderman, Colin",7/16/2022,661115,14,100,2022
14,475479,"Phelps, David",6/5/2022,661747,14,100,2022
14,641941,"Pagán, Emilio",8/23/2022,662800,14,100,2022
14,642397,"Soto, Gregory",8/21/2022,662805,14,100,2022
14,570666,"Cessa, Luis",8/13/2022,663022,14,100,2022
14,571948,"Milner, Hoby",8/2/2022,662298,14,100,2022
14,642758,"Acevedo, Domingo",8/20/2022,662340,14,100,2022
14,650895,"Castillo, Diego",6/5/2022,661962,14,100,2022
14,608718,"Suter, Brent",7/25/2022,661231,14,100,2022
14,621345,"Minter, A.J.",6/12/2022,661144,14,100,2022
14,453268,"Bard, Daniel",7/6/2022,662630,14,100,2022
14,608349,"Knebel, Corey",8/14/2022,662427,14,100,2022
14,656232,"Bielak, Brandon",6/15/2022,661845,14,100,2022
14,594580,"Moll, Sam",7/6/2022,662353,14,100,2022
14,519043,"Moore, Matt",7/14/2022,661811,14,100,2022
14,623149,"Sewald, Paul",7/10/2022,662183,14,100,2022
14,640448,"Finnegan, Kyle",7/6/2022,661564,14,100,2022
14,640451,"Harvey, Hunter",7/25/2022,662576,14,100,2022
14,650556,"Abreu, Bryan",7/10/2022,662215,14,100,2022
14,657024,"Swanson, Erik",8/12/2022,661791,14,100,2022
14,664944,"Vieaux, Cam",8/21/2022,662300,14,100,2022
14,664208,"Maton, Phil",8/10/2022,662723,14,100,2022
14,642585,"Bautista, Félix",7/25/2022,661055,14,100,2022
14,519151,"Pressly, Ryan",6/22/2022,662749,14,100,2022
14,671345,"Foley, Jason",8/14/2022,661450,14,100,2022
14,669920,"Alexander, Jason",8/22/2022,662594,14,100,2022
14,605177,"Chafin, Andrew",6/19/2022,662807,14,100,2022
14,642397,"Soto, Gregory",6/19/2022,662807,14,100,2022
14,657376,"Schmidt, Clarke",6/21/2022,661890,14,100,2022
14,446321,"Detwiler, Ross",7/2/2022,663037,14,100,2022
14,641729,"Jiménez, Joe",8/2/2022,661661,14,100,2022
14,607625,"Lugo, Seth",7/22/2022,662481,14,100,2022
14,664199,"Clarke, Taylor",8/7/2022,662648,14,100,2022
14,650556,"Abreu, Bryan",6/17/2022,662757,14,100,2022
14,542947,"Bleier, Richard",8/12/2022,661366,14,100,2022
14,670970,"Morejon, Adrian",8/6/2022,662654,14,100,2022
14,622554,"Domínguez, Seranthony",8/10/2022,661557,14,100,2022
14,614179,"Ruiz, José",6/29/2022,663396,14,100,2022
14,621433,"Phillips, Brett",7/1/2022,661725,14,100,2022
14,641835,"Mayza, Tim",8/24/2022,663173,14,100,2022
14,642397,"Soto, Gregory",6/14/2022,662884,14,100,2022
14,571948,"Milner, Hoby",6/11/2022,662510,14,100,2022
14,605538,"Wisler, Matt",6/1/2022,661963,14,100,2022
14,670280,"Bednar, David",6/23/2022,661106,14,100,2022
14,607216,"Krehbiel, Joey",6/27/2022,662168,14,100,2022
14,671345,"Foley, Jason",6/2/2022,662832,14,100,2022
14,628708,"Marte, Yunior",8/9/2022,662246,14,100,2022
14,543339,"Hudson, Daniel",6/2/2022,662693,14,100,2022
14,445276,"Jansen, Kenley",6/3/2022,662980,14,100,2022
14,643377,"Jax, Griffin",6/3/2022,661761,14,100,2022
14,672335,"Pérez, Cionel",8/26/2022,662710,14,100,2022
14,489334,"Stammen, Craig",6/3/2022,661334,14,100,2022
14,605538,"Wisler, Matt",6/24/2022,661888,14,100,2022
14,605130,"Barlow, Scott",7/13/2022,662659,14,100,2022
14,548384,"Raley, Brooks",6/26/2022,661886,14,100,2022
14,608718,"Suter, Brent",6/26/2022,661206,14,100,2022
14,600917,"Leclerc, José",7/17/2022,661821,14,100,2022
14,650893,"Cabrera, Génesis",7/13/2022,661118,14,100,2022
14,607625,"Lugo, Seth",8/9/2022,662444,14,100,2022
14,572193,"Tepera, Ryan",8/6/2022,662193,14,100,2022
14,605154,"Brebbia, John",8/7/2022,662332,14,100,2022
14,623465,"Phillips, Evan",8/7/2022,662563,14,100,2022
14,640448,"Finnegan, Kyle",8/6/2022,661561,14,100,2022
14,621242,"Díaz, Edwin",8/7/2022,662416,14,100,2022
14,640448,"Finnegan, Kyle",8/9/2022,661059,14,100,2022
14,656685,"Martin, Brett",6/27/2022,662681,14,100,2022
14,543272,"Hand, Brad",6/1/2022,661612,14,100,2022
14,663986,"Stephan, Trevor",8/6/2022,662937,14,100,2022
14,664139,"Gibaut, Ian",7/12/2022,661262,14,100,2022
14,573131,"Ruf, Darin",8/15/2022,661497,14,100,2022
14,592858,"Wick, Rowan",8/17/2022,662470,14,100,2022
14,650556,"Abreu, Bryan",8/18/2022,661446,14,100,2022
14,595345,"Okert, Steven",6/4/2022,661395,14,100,2022
14,543272,"Hand, Brad",6/23/2022,662227,14,100,2022
14,664126,"Fairbanks, Pete",8/16/2022,661250,14,100,2022
14,625643,"López, Reynaldo",8/13/2022,661383,14,100,2022
14,676714,"Hughes, Brandon",8/16/2022,662550,14,100,2022
14,681911,"Vesia, Alex",8/16/2022,661191,14,100,2022
14,623149,"Sewald, Paul",8/15/2022,663370,14,100,2022
14,657571,"Ferguson, Caleb",8/4/2022,662114,14,100,2022
14,519043,"Moore, Matt",7/28/2022,663380,14,100,2022
14,456713,"Bush, Matt",8/3/2022,662324,14,100,2022
14,641401,"Brogdon, Connor",6/15/2022,661583,14,100,2022
14,657571,"Ferguson, Caleb",8/1/2022,662070,14,100,2022
14,475479,"Phelps, David",8/3/2022,661867,14,100,2022
14,663986,"Stephan, Trevor",7/13/2022,662949,14,100,2022
14,642585,"Bautista, Félix",6/28/2022,662186,14,100,2022
14,623451,"Stephens, Jackson",7/13/2022,661505,14,100,2022
14,621366,"Borucki, Ryan",8/1/2022,661268,14,100,2022
14,596112,"Stephenson, Robert",7/15/2022,661113,14,100,2022
14,622251,"Staumont, Josh",8/10/2022,662639,14,100,2022
14,669424,"Lambert, Jimmy",7/24/2022,661407,14,100,2022
14,664123,"Effross, Scott",7/25/2022,661065,14,100,2022
14,641729,"Jiménez, Joe",8/27/2022,661785,14,100,2022
14,605447,"Romano, Jordan",7/16/2022,661718,14,100,2022
14,571479,"Bellatti, Andrew",6/26/2022,662254,14,100,2022
14,641329,"Baker, Bryan",7/23/2022,661057,14,100,2022
14,669270,"Kuhnel, Joel",7/5/2022,663035,14,100,2022
14,669459,"Nelson, Kyle",7/16/2022,662271,14,100,2022
14,605525,"Wendelken, J.B.",6/22/2022,662245,14,100,2022
14,644364,"Arano, Víctor",7/26/2022,662573,14,100,2022
14,664199,"Clarke, Taylor",7/10/2022,662662,14,100,2022
14,661395,"Duran, Jhoan",7/9/2022,661842,14,100,2022
14,664875,"Lawrence, Justin",8/21/2022,662878,14,100,2022
14,644374,"Chang, Yu",8/12/2022,661866,14,100,2022
14,621363,"Poche, Colin",7/9/2022,663092,14,100,2022
14,623149,"Sewald, Paul",7/25/2022,662166,14,100,2022
14,641329,"Baker, Bryan",7/6/2022,661245,14,100,2022
14,640451,"Harvey, Hunter",8/1/2022,662474,14,100,2022
14,455119,"Martin, Chris",7/8/2022,662610,14,100,2022
14,644364,"Arano, Víctor",8/19/2022,662181,14,100,2022
14,663423,"Thornton, Trent",6/6/2022,662613,14,100,2022
14,657240,"Merryweather, Julian",6/6/2022,662613,14,100,2022
14,642121,"Sulser, Cole",6/7/2022,661169,14,100,2022
14,573204,"Thielbar, Caleb",6/8/2022,661681,14,100,2022
14,502202,"Boxberger, Brad",8/2/2022,662298,14,100,2022
14,657024,"Swanson, Erik",7/16/2022,661809,14,100,2022
14,641582,"Foster, Matt",7/11/2022,662956,14,100,2022
14,605177,"Chafin, Andrew",7/11/2022,662700,14,100,2022
14,641360,"Bickford, Phil",7/16/2022,663415,14,100,2022
14,554340,"García, Yimi",7/24/2022,663220,14,100,2022
14,607237,"Garrett, Amir",6/29/2022,662675,14,100,2022
14,608678,"Leone, Dominic",7/11/2022,662100,14,100,2022
14,547973,"Chapman, Aroldis",8/19/2022,661319,14,100,2022
14,660813,"Graterol, Brusdar",8/22/2022,662594,14,100,2022
14,671345,"Foley, Jason",6/21/2022,663246,14,100,2022
14,667427,"Jackson, Zach",6/19/2022,662361,14,100,2022
14,571479,"Bellatti, Andrew",8/21/2022,661602,14,100,2022
14,605154,"Brebbia, John",6/21/2022,661142,14,100,2022
14,676092,"Snider, Collin",6/9/2022,662677,14,100,2022
14,570666,"Cessa, Luis",6/21/2022,663041,14,100,2022
14,519151,"Pressly, Ryan",6/19/2022,662751,14,100,2022
14,547973,"Chapman, Aroldis",7/21/2022,662775,14,100,2022
14,593576,"Neris, Héctor",7/16/2022,662909,14,100,2022
14,518489,"Brasier, Ryan",7/2/2022,663198,14,100,2022
14,595345,"Okert, Steven",7/3/2022,662486,14,100,2022
14,641729,"Jiménez, Joe",7/23/2022,662902,14,100,2022
14,519293,"Smith, Will",8/9/2022,662724,14,100,2022
14,542947,"Bleier, Richard",7/10/2022,662496,14,100,2022
14,543548,"Milone, Tommy",7/4/2022,662270,14,100,2022
14,548384,"Raley, Brooks",7/5/2022,663245,14,100,2022
14,656546,"Hoffman, Jeff",7/3/2022,663052,14,100,2022
14,676534,"Faucher, Calvin",7/4/2022,663251,14,100,2022
14,453268,"Bard, Daniel",8/28/2022,662446,14,100,2022
14,600917,"Leclerc, José",7/9/2022,661842,14,100,2022
14,657612,"Hill, Tim",8/26/2022,662667,14,100,2022
14,621237,"Alvarado, José",7/7/2022,661566,14,100,2022
14,621249,"Underwood Jr., Duane",7/7/2022,663071,14,100,2022
14,543272,"Hand, Brad",8/29/2022,663332,14,100,2022
14,607625,"Lugo, Seth",8/27/2022,662442,14,100,2022
14,625643,"López, Reynaldo",8/27/2022,661444,14,100,2022
14,554431,"Matzek, Tyler",8/24/2022,662371,14,100,2022
14,621074,"Rucker, Michael",8/25/2022,663240,14,100,2022
14,660813,"Graterol, Brusdar",6/21/2022,663041,14,100,2022
14,660813,"Graterol, Brusdar",7/10/2022,662729,14,100,2022
14,571710,"Givens, Mychal",7/29/2022,662057,14,100,2022
14,663986,"Stephan, Trevor",7/10/2022,662662,14,100,2022
14,572193,"Tepera, Ryan",7/31/2022,663377,14,100,2022
14,606965,"Devenski, Chris",7/29/2022,661501,14,100,2022
14,607625,"Lugo, Seth",7/30/2022,661371,14,100,2022
14,608678,"Leone, Dominic",7/30/2022,662112,14,100,2022
14,666168,"Thompson, Mason",7/7/2022,661566,14,100,2022
14,641682,"Hendrix, Ryan",7/30/2022,663025,14,100,2022
14,642528,"Loáisiga, Jonathan",7/31/2022,661254,14,100,2022
14,643493,"Pruitt, Austin",7/30/2022,661451,14,100,2022
14,680704,"Sandlin, Nick",7/9/2022,662663,14,100,2022
14,669395,"Coleman, Dylan",7/31/2022,661254,14,100,2022
14,672335,"Pérez, Cionel",7/31/2022,663024,14,100,2022
14,472610,"García, Luis",7/27/2022,662900,14,100,2022
14,573124,"Rogers, Taylor",6/20/2022,662221,14,100,2022
14,656685,"Martin, Brett",7/30/2022,663378,14,100,2022
14,640444,"Crowe, Wil",7/26/2022,661064,14,100,2022
14,605151,"Bradley, Archie",6/18/2022,662194,14,100,2022
14,605347,"López, Jorge",6/19/2022,661074,14,100,2022
14,656945,"Scott, Tanner",8/31/2022,661350,14,100,2022
14,608665,"Graveman, Kendall",6/20/2022,661482,14,100,2022
14,661395,"Duran, Jhoan",8/29/2022,661651,14,100,2022
14,621363,"Poche, Colin",6/18/2022,661127,14,100,2022
14,453178,"Kennedy, Ian",8/2/2022,662941,14,100,2022
14,571479,"Bellatti, Andrew",6/12/2022,661622,14,100,2022
14,669212,"Morgan, Eli",8/31/2022,662972,14,100,2022
14,608032,"Estévez, Carlos",6/11/2022,662222,14,100,2022
14,608718,"Suter, Brent",6/10/2022,662511,14,100,2022
14,612434,"Castro, Miguel",6/10/2022,661284,14,100,2022
14,667427,"Jackson, Zach",8/3/2022,663375,14,100,2022
14,656557,"Houck, Tanner",6/20/2022,663253,14,100,2022
14,671345,"Foley, Jason",8/31/2022,662903,14,100,2022
14,656354,"Davis, Austin",6/11/2022,662128,14,100,2022
14,664092,"Poppen, Sean",6/12/2022,661622,14,100,2022
14,669212,"Morgan, Eli",6/21/2022,661677,14,100,2022
14,676684,"Vest, Will",6/20/2022,663253,14,100,2022
14,445926,"Chavez, Jesse",7/16/2022,662483,14,100,2022
14,656234,"Bird, Jake",6/25/2022,661686,14,100,2022
14,517008,"Colomé, Alex",7/22/2022,661193,14,100,2022
14,608032,"Estévez, Carlos",8/28/2022,662446,14,100,2022
14,623352,"Hader, Josh",8/31/2022,662033,14,100,2022
14,543272,"Hand, Brad",8/20/2022,661628,14,100,2022
14,544727,"Familia, Jeurys",8/23/2022,663174,14,100,2022
14,543507,"May, Trevor",8/13/2022,662428,14,100,2022
14,554431,"Matzek, Tyler",8/21/2022,661480,14,100,2022
14,571710,"Givens, Mychal",7/16/2022,661114,14,100,2022
14,571670,"Floro, Dylan",8/19/2022,662574,14,100,2022
14,592858,"Wick, Rowan",8/21/2022,663115,14,100,2022
14,605170,"Caratini, Victor",8/23/2022,662605,14,100,2022
14,621249,"Underwood Jr., Duane",8/19/2022,662396,14,100,2022
14,621249,"Underwood Jr., Duane",8/22/2022,662394,14,100,2022
14,622250,"Sborz, Josh",8/23/2022,662876,14,100,2022
14,518617,"Diekman, Jake",7/26/2022,663203,14,100,2022
14,625643,"López, Reynaldo",8/23/2022,663461,14,100,2022
14,518886,"Kimbrel, Craig",7/24/2022,662682,14,100,2022
14,667427,"Jackson, Zach",7/22/2022,662344,14,100,2022
14,598264,"Barnes, Matt",8/26/2022,663171,14,100,2022
14,453268,"Bard, Daniel",6/28/2022,662911,14,100,2022
14,681810,"Warren, Austin",7/16/2022,663415,14,100,2022
14,572193,"Tepera, Ryan",7/27/2022,662652,14,100,2022
14,446321,"Detwiler, Ross",8/10/2022,662443,14,100,2022
14,623352,"Hader, Josh",6/28/2022,661885,14,100,2022
14,656458,"Gilbreath, Lucas",8/20/2022,662879,14,100,2022
14,518886,"Kimbrel, Craig",8/10/2022,662575,14,100,2022
14,519326,"Strickland, Hunter",8/14/2022,663021,14,100,2022
14,656458,"Gilbreath, Lucas",6/28/2022,662911,14,100,2022
14,548384,"Raley, Brooks",8/10/2022,661207,14,100,2022
14,664208,"Maton, Phil",7/2/2022,662890,14,100,2022
14,670712,"Brosseau, Mike",7/1/2022,661104,14,100,2022
14,671345,"Foley, Jason",7/1/2022,662834,14,100,2022
14,666374,"Brash, Matt",7/15/2022,661810,14,100,2022
14,518489,"Brasier, Ryan",7/12/2022,661877,14,100,2022
14,608032,"Estévez, Carlos",7/14/2022,661100,14,100,2022
14,547184,"Kelly, Michael",7/12/2022,661722,14,100,2022
14,640451,"Harvey, Hunter",8/12/2022,662551,14,100,2022
14,650671,"Quijada, José",7/13/2022,663401,14,100,2022
14,642152,"Trivino, Lou",8/27/2022,662336,14,100,2022
14,680704,"Sandlin, Nick",7/12/2022,662976,14,100,2022
14,617228,"Sawamura, Hirokazu",7/12/2022,661877,14,100,2022
14,656464,"Ginkel, Kevin",8/12/2022,662978,14,100,2022
14,660787,"De los Santos, Yerry",8/8/2022,663304,14,100,2022
14,622503,"Crismatt, Nabil",8/24/2022,662212,14,100,2022
14,453268,"Bard, Daniel",6/8/2022,662094,14,100,2022
14,517008,"Colomé, Alex",6/7/2022,662092,14,100,2022
14,622503,"Crismatt, Nabil",8/26/2022,662667,14,100,2022
14,543339,"Hudson, Daniel",6/22/2022,663040,14,100,2022
14,612434,"Castro, Miguel",6/5/2022,661277,14,100,2022
14,642758,"Acevedo, Domingo",6/8/2022,661515,14,100,2022
14,656945,"Scott, Tanner",6/8/2022,661150,14,100,2022
14,660853,"De Los Santos, Enyel",6/8/2022,663055,14,100,2022
14,573009,"Mantiply, Joe",6/29/2022,663325,14,100,2022
14,670950,"Richards, Trevor",6/5/2022,661747,14,100,2022
14,642207,"Williams, Devin",7/26/2022,661281,14,100,2022
14,667427,"Jackson, Zach",6/7/2022,661516,14,100,2022
14,592858,"Wick, Rowan",6/28/2022,663231,14,100,2022
14,548384,"Raley, Brooks",7/9/2022,663092,14,100,2022
14,605521,"Warren, Art",6/15/2022,663336,14,100,2022
14,600921,"Machado, Andrés",7/10/2022,661520,14,100,2022
14,605347,"López, Jorge",7/6/2022,661245,14,100,2022
14,608349,"Knebel, Corey",6/28/2022,661580,14,100,2022
14,607237,"Garrett, Amir",7/9/2022,662663,14,100,2022
14,625643,"López, Reynaldo",7/10/2022,661410,14,100,2022
14,663986,"Stephan, Trevor",7/25/2022,663219,14,100,2022
14,621242,"Díaz, Edwin",6/29/2022,662440,14,100,2022
14,665019,"Clemens, Kody",7/9/2022,661411,14,100,2022
14,660853,"De Los Santos, Enyel",6/15/2022,662893,14,100,2022
14,518617,"Diekman, Jake",7/5/2022,663245,14,100,2022
14,472610,"García, Luis",6/21/2022,662248,14,100,2022
14,641941,"Pagán, Emilio",6/29/2022,663030,14,100,2022
14,676760,"Marinaccio, Ron",6/16/2022,661326,14,100,2022
14,669459,"Nelson, Kyle",7/24/2022,663316,14,100,2022
14,545343,"Head, Louis",6/18/2022,662533,14,100,2022
14,596043,"Mengden, Daniel",6/21/2022,663442,14,100,2022
14,605130,"Barlow, Scott",6/20/2022,663443,14,100,2022
14,661403,"Clase, Emmanuel",6/3/2022,661058,14,100,2022
14,642152,"Trivino, Lou",7/15/2022,662923,14,100,2022
14,657024,"Swanson, Erik",6/21/2022,662360,14,100,2022
14,660787,"De los Santos, Yerry",6/29/2022,662493,14,100,2022
14,670059,"Holderman, Colin",8/24/2022,662371,14,100,2022
14,608349,"Knebel, Corey",6/1/2022,661612,14,100,2022
14,670167,"Schreiber, John",6/19/2022,663254,14,100,2022
14,656685,"Martin, Brett",6/2/2022,661934,14,100,2022
14,519008,"McFarland, T.J.",7/16/2022,661966,14,100,2022
14,592094,"Adam, Jason",7/16/2022,661873,14,100,2022
14,664092,"Poppen, Sean",6/3/2022,662452,14,100,2022
14,456034,"Price, David",6/4/2022,662687,14,100,2022
14,663432,"Rainey, Tanner",6/3/2022,663119,14,100,2022
14,608328,"De Jong, Chase",7/16/2022,661081,14,100,2022
14,453343,"Melancon, Mark",6/12/2022,661622,14,100,2022
14,642701,"Santana, Dennis",6/4/2022,661936,14,100,2022
14,453343,"Melancon, Mark",6/9/2022,663049,14,100,2022
14,641835,"Mayza, Tim",7/17/2022,661717,14,100,2022
14,656945,"Scott, Tanner",6/2/2022,661397,14,100,2022
14,650895,"Castillo, Diego",7/23/2022,662146,14,100,2022
14,650895,"Castillo, Diego",7/16/2022,661809,14,100,2022
14,667376,"Sánchez, Miguel",6/4/2022,661214,14,100,2022
14,664208,"Maton, Phil",7/21/2022,662776,14,100,2022
14,676684,"Vest, Will",6/3/2022,661318,14,100,2022
14,641329,"Baker, Bryan",6/24/2022,661455,14,100,2022
14,453268,"Bard, Daniel",6/24/2022,661684,14,100,2022
14,594580,"Moll, Sam",8/12/2022,662817,14,100,2022
14,622065,"Young, Alex",8/12/2022,662111,14,100,2022
14,621242,"Díaz, Edwin",6/24/2022,661382,14,100,2022
14,641582,"Foster, Matt",6/24/2022,661455,14,100,2022
14,642231,"Yacabonis, Jimmy",8/12/2022,661866,14,100,2022
14,666374,"Brash, Matt",8/12/2022,661791,14,100,2022
14,518886,"Kimbrel, Craig",6/24/2022,661139,14,100,2022
14,676714,"Hughes, Brandon",8/10/2022,663229,14,100,2022
14,543766,"Shaw, Bryan",6/14/2022,662935,14,100,2022
14,643493,"Pruitt, Austin",6/14/2022,663279,14,100,2022
14,548384,"Raley, Brooks",6/24/2022,661888,14,100,2022
14,656730,"Megill, Trevor",6/14/2022,662125,14,100,2022
14,572403,"VerHagen, Drew",6/23/2022,661183,14,100,2022
14,676534,"Faucher, Calvin",6/17/2022,661093,14,100,2022
14,621383,"Banks, Tanner",6/3/2022,661897,14,100,2022
14,669618,"Barlow, Joe",6/3/2022,661913,14,100,2022
14,605151,"Bradley, Archie",6/2/2022,661329,14,100,2022
14,605218,"Edwards Jr., Carl",6/1/2022,662457,14,100,2022
14,671345,"Foley, Jason",6/4/2022,661278,14,100,2022
14,592761,"Smith, Caleb",7/17/2022,662269,14,100,2022
14,656986,"Sousa, Bennett",6/3/2022,661897,14,100,2022
14,594580,"Moll, Sam",8/7/2022,662332,14,100,2022
14,667376,"Sánchez, Miguel",6/1/2022,663184,14,100,2022
14,592094,"Adam, Jason",6/24/2022,661888,14,100,2022
14,605525,"Wendelken, J.B.",6/9/2022,663049,14,100,2022
14,542947,"Bleier, Richard",6/25/2022,661381,14,100,2022
14,666808,"Doval, Camilo",6/26/2022,662061,14,100,2022
14,607455,"Banda, Anthony",6/13/2022,661974,14,100,2022
14,445276,"Jansen, Kenley",6/25/2022,661138,14,100,2022
14,643256,"Cimber, Adam",8/5/2022,661659,14,100,2022
14,644364,"Arano, Víctor",8/1/2022,662474,14,100,2022
14,608678,"Leone, Dominic",6/11/2022,662089,14,100,2022
14,662253,"Muñoz, Andrés",6/26/2022,663387,14,100,2022
14,663986,"Stephan, Trevor",7/11/2022,662956,14,100,2022
14,572193,"Tepera, Ryan",7/14/2022,663386,14,100,2022
14,675916,"Karinchak, James",8/6/2022,662937,14,100,2022
14,542947,"Bleier, Richard",8/6/2022,661062,14,100,2022
14,543521,"McHugh, Collin",8/5/2022,662418,14,100,2022
14,518489,"Brasier, Ryan",8/17/2022,662301,14,100,2022
14,548384,"Raley, Brooks",8/17/2022,661266,14,100,2022
14,600917,"Leclerc, José",8/5/2022,661816,14,100,2022
14,600921,"Machado, Andrés",8/6/2022,661561,14,100,2022
14,600921,"Machado, Andrés",6/27/2022,662487,14,100,2022
14,502085,"Robertson, David",7/17/2022,661082,14,100,2022
14,657770,"Stout, Eric",8/7/2022,661049,14,100,2022
14,521230,"Hendriks, Liam",6/7/2022,661460,14,100,2022
14,670950,"Richards, Trevor",8/8/2022,661047,14,100,2022
14,682171,"Murfee, Penn",8/7/2022,662153,14,100,2022
14,643377,"Jax, Griffin",6/10/2022,661678,14,100,2022
14,518617,"Diekman, Jake",8/17/2022,661447,14,100,2022
14,519151,"Pressly, Ryan",8/17/2022,661447,14,100,2022
14,521230,"Hendriks, Liam",8/15/2022,661449,14,100,2022
14,548384,"Raley, Brooks",8/16/2022,661250,14,100,2022
14,656458,"Gilbreath, Lucas",8/16/2022,661955,14,100,2022
14,623465,"Phillips, Evan",8/15/2022,661199,14,100,2022
14,643377,"Jax, Griffin",8/15/2022,661676,14,100,2022
14,656529,"Hentges, Sam",8/15/2022,662948,14,100,2022
14,455119,"Martin, Chris",8/2/2022,662056,14,100,2022
14,621363,"Poche, Colin",6/7/2022,661894,14,100,2022
14,669912,"Snead, Kirby",8/16/2022,661833,14,100,2022
14,640448,"Finnegan, Kyle",6/8/2022,661150,14,100,2022
14,600917,"Leclerc, José",8/1/2022,661820,14,100,2022
14,641501,"Danish, Tyler",6/8/2022,663398,14,100,2022
14,661395,"Duran, Jhoan",6/11/2022,661680,14,100,2022
14,642545,"Barria, Jaime",6/7/2022,663391,14,100,2022
14,650893,"Cabrera, Génesis",8/18/2022,661937,14,100,2022
14,657424,"Gage, Matt",6/8/2022,662679,14,100,2022
14,642397,"Soto, Gregory",8/2/2022,661661,14,100,2022
14,642528,"Loáisiga, Jonathan",8/1/2022,661268,14,100,2022
14,608678,"Leone, Dominic",8/4/2022,662114,14,100,2022
14,664208,"Maton, Phil",8/1/2022,662737,14,100,2022
14,670990,"Ramírez, Yohan",8/4/2022,662303,14,100,2022
14,672911,"Cruz, Jesus",6/8/2022,661515,14,100,2022
13,644364,"Arano, Víctor",8/16/2022,662550,13,100,2022
13,623149,"Sewald, Paul",7/3/2022,662162,13,100,2022
13,573124,"Rogers, Taylor",8/16/2022,661191,13,100,2022
13,606149,"Gallegos, Giovanny",8/16/2022,661955,13,100,2022
13,605347,"López, Jorge",8/15/2022,661676,13,100,2022
13,643256,"Cimber, Adam",8/15/2022,661707,13,100,2022
13,543521,"McHugh, Collin",8/27/2022,661939,13,100,2022
13,605242,"Fulmer, Michael",8/6/2022,661662,13,100,2022
13,681806,"Wantz, Andrew",8/26/2022,661704,13,100,2022
13,668868,"Thompson, Zack",6/23/2022,661183,13,100,2022
13,663855,"Hicks, Jordan",8/2/2022,661959,13,100,2022
13,621363,"Poche, Colin",7/22/2022,662658,13,100,2022
13,670280,"Bednar, David",6/5/2022,662450,13,100,2022
13,517008,"Colomé, Alex",6/4/2022,662987,13,100,2022
13,518489,"Brasier, Ryan",8/14/2022,663175,13,100,2022
13,641360,"Bickford, Phil",7/21/2022,662685,13,100,2022
13,607259,"Martinez, Nick",8/27/2022,662666,13,100,2022
13,621016,"Cuas, Jose",6/5/2022,662688,13,100,2022
13,608717,"Stratton, Chris",6/5/2022,662450,13,100,2022
13,608686,"Mayfield, Jack",6/17/2022,662171,13,100,2022
13,666974,"Cano, Yennier",6/9/2022,661697,13,100,2022
13,605177,"Chafin, Andrew",6/21/2022,663246,13,100,2022
13,606160,"Montero, Rafael",7/7/2022,662746,13,100,2022
13,521230,"Hendriks, Liam",7/6/2022,661413,13,100,2022
13,667463,"King, John",6/7/2022,663134,13,100,2022
13,605521,"Warren, Art",6/2/2022,663091,13,100,2022
13,592094,"Adam, Jason",6/16/2022,661326,13,100,2022
13,605194,"Cotton, Jharel",7/29/2022,662268,13,100,2022
13,671345,"Foley, Jason",6/10/2022,662831,13,100,2022
13,670810,"Gillaspie, Logan",6/9/2022,662677,13,100,2022
13,667427,"Jackson, Zach",7/23/2022,662348,13,100,2022
13,544365,"Bañuelos, Manny",7/29/2022,662435,13,100,2022
13,518886,"Kimbrel, Craig",8/4/2022,662114,13,100,2022
13,592094,"Adam, Jason",8/2/2022,661868,13,100,2022
13,621237,"Alvarado, José",7/30/2022,662415,13,100,2022
13,642701,"Santana, Dennis",6/28/2022,662615,13,100,2022
13,608678,"Leone, Dominic",8/31/2022,662033,13,100,2022
13,608665,"Graveman, Kendall",6/29/2022,663396,13,100,2022
13,594311,"Gustave, Jandel",7/22/2022,661193,13,100,2022
13,606160,"Montero, Rafael",8/2/2022,662736,13,100,2022
13,663947,"Holton, Tyler",8/3/2022,662946,13,100,2022
13,682171,"Murfee, Penn",8/2/2022,661253,13,100,2022
13,571710,"Givens, Mychal",7/4/2022,661181,13,100,2022
13,605194,"Cotton, Jharel",6/5/2022,661747,13,100,2022
13,605447,"Romano, Jordan",7/31/2022,661711,13,100,2022
13,608665,"Graveman, Kendall",6/7/2022,661460,13,100,2022
13,660853,"De Los Santos, Enyel",7/4/2022,662841,13,100,2022
13,641793,"Littell, Zack",6/7/2022,662092,13,100,2022
13,657770,"Stout, Eric",8/9/2022,663303,13,100,2022
13,666808,"Doval, Camilo",6/10/2022,662090,13,100,2022
13,453268,"Bard, Daniel",6/12/2022,662256,13,100,2022
13,593160,"Merrifield, Whit",8/26/2022,661704,13,100,2022
13,672911,"Cruz, Jesus",6/18/2022,663239,13,100,2022
13,622253,"Tate, Dillon",7/29/2022,663026,13,100,2022
13,456034,"Price, David",7/6/2022,662630,13,100,2022
13,622503,"Crismatt, Nabil",7/31/2022,662267,13,100,2022
13,519151,"Pressly, Ryan",7/7/2022,662746,13,100,2022
13,554340,"García, Yimi",7/9/2022,662147,13,100,2022
13,572193,"Tepera, Ryan",7/6/2022,661378,13,100,2022
13,476595,"Luetge, Lucas",8/29/2022,663424,13,100,2022
13,519326,"Strickland, Hunter",8/31/2022,662995,13,100,2022
13,656529,"Hentges, Sam",7/8/2022,662614,13,100,2022
13,681806,"Wantz, Andrew",8/28/2022,661773,13,100,2022
13,621242,"Díaz, Edwin",7/6/2022,663051,13,100,2022
13,681806,"Wantz, Andrew",7/29/2022,663379,13,100,2022
13,622503,"Crismatt, Nabil",7/25/2022,662809,13,100,2022
13,605242,"Fulmer, Michael",8/30/2022,661648,13,100,2022
13,445276,"Jansen, Kenley",6/9/2022,661514,13,100,2022
13,595345,"Okert, Steven",8/31/2022,661350,13,100,2022
13,489265,"Romo, Sergio",6/12/2022,662127,13,100,2022
13,544365,"Bañuelos, Manny",8/18/2022,662413,13,100,2022
13,606160,"Montero, Rafael",8/31/2022,661831,13,100,2022
13,657571,"Ferguson, Caleb",6/9/2022,661458,13,100,2022
13,681911,"Vesia, Alex",6/12/2022,662085,13,100,2022
13,607216,"Krehbiel, Joey",8/17/2022,661705,13,100,2022
13,573204,"Thielbar, Caleb",8/30/2022,661648,13,100,2022
13,571948,"Milner, Hoby",8/28/2022,661168,13,100,2022
13,572193,"Tepera, Ryan",8/4/2022,663374,13,100,2022
13,596082,"Reed, Jake",8/30/2022,662426,13,100,2022
13,571670,"Floro, Dylan",6/20/2022,662522,13,100,2022
13,657612,"Hill, Tim",8/30/2022,662000,13,100,2022
13,660813,"Graterol, Brusdar",8/28/2022,661353,13,100,2022
13,621381,"Strahm, Matt",8/29/2022,661651,13,100,2022
13,623465,"Phillips, Evan",8/29/2022,661352,13,100,2022
13,641835,"Mayza, Tim",8/31/2022,661779,13,100,2022
13,656234,"Bird, Jake",7/26/2022,661079,13,100,2022
13,502202,"Boxberger, Brad",8/28/2022,661168,13,100,2022
13,622075,"Almonte, Yency",6/19/2022,662590,13,100,2022
13,596112,"Stephenson, Robert",6/26/2022,661692,13,100,2022
13,669270,"Kuhnel, Joel",8/30/2022,663137,13,100,2022
13,672335,"Pérez, Cionel",8/31/2022,662972,13,100,2022
13,676092,"Snider, Collin",8/31/2022,661441,13,100,2022
13,548384,"Raley, Brooks",8/21/2022,661860,13,100,2022
13,595345,"Okert, Steven",8/19/2022,662574,13,100,2022
13,456034,"Price, David",7/25/2022,662576,13,100,2022
13,605521,"Warren, Art",8/29/2022,663018,13,100,2022
13,472610,"García, Luis",7/26/2022,662813,13,100,2022
13,650556,"Abreu, Bryan",8/20/2022,661610,13,100,2022
13,682171,"Murfee, Penn",6/22/2022,662359,13,100,2022
13,456034,"Price, David",7/22/2022,662589,13,100,2022
13,662253,"Muñoz, Andrés",8/20/2022,662340,13,100,2022
13,664126,"Fairbanks, Pete",8/21/2022,661860,13,100,2022
13,519043,"Moore, Matt",8/22/2022,661658,13,100,2022
13,667427,"Jackson, Zach",8/21/2022,662315,13,100,2022
13,669912,"Snead, Kirby",8/22/2022,662314,13,100,2022
13,600921,"Machado, Andrés",7/16/2022,662483,13,100,2022
13,622554,"Domínguez, Seranthony",8/3/2022,661500,13,100,2022
13,606303,"Payamps, Joel",7/16/2022,661718,13,100,2022
13,623465,"Phillips, Evan",6/30/2022,662733,13,100,2022
13,612434,"Castro, Miguel",7/10/2022,663232,13,100,2022
13,617228,"Sawamura, Hirokazu",7/16/2022,661259,13,100,2022
13,642231,"Yacabonis, Jimmy",6/28/2022,661967,13,100,2022
13,453343,"Melancon, Mark",7/5/2022,663320,13,100,2022
13,641401,"Brogdon, Connor",8/26/2022,661603,13,100,2022
13,661403,"Clase, Emmanuel",6/29/2022,663030,13,100,2022
13,623211,"Brazobán, Huascar",7/24/2022,662357,13,100,2022
13,628708,"Marte, Yunior",7/21/2022,662685,13,100,2022
13,605130,"Barlow, Scott",7/11/2022,662661,13,100,2022
13,608032,"Estévez, Carlos",8/20/2022,662879,13,100,2022
13,592761,"Smith, Caleb",7/24/2022,663316,13,100,2022
13,617228,"Sawamura, Hirokazu",8/19/2022,661044,13,100,2022
13,621074,"Rucker, Michael",8/19/2022,663228,13,100,2022
13,669459,"Nelson, Kyle",7/15/2022,662197,13,100,2022
13,670950,"Richards, Trevor",7/15/2022,661719,13,100,2022
13,676684,"Vest, Will",8/27/2022,661785,13,100,2022
13,519151,"Pressly, Ryan",6/7/2022,662761,13,100,2022
13,548384,"Raley, Brooks",6/7/2022,661894,13,100,2022
13,489446,"Yates, Kirby",8/12/2022,661366,13,100,2022
13,607625,"Lugo, Seth",6/8/2022,662223,13,100,2022
13,608032,"Estévez, Carlos",6/5/2022,662990,13,100,2022
13,547973,"Chapman, Aroldis",8/13/2022,663176,13,100,2022
13,573204,"Thielbar, Caleb",8/13/2022,663372,13,100,2022
13,656546,"Hoffman, Jeff",6/7/2022,663064,13,100,2022
13,643511,"Rogers, Tyler",8/21/2022,662878,13,100,2022
13,459429,"McGee, Jake",8/12/2022,662551,13,100,2022
13,608665,"Graveman, Kendall",6/5/2022,661895,13,100,2022
13,656793,"Nelson, Nick",8/19/2022,661607,13,100,2022
13,594311,"Gustave, Jandel",7/10/2022,661178,13,100,2022
13,656794,"Newcomb, Sean",8/25/2022,663240,13,100,2022
13,628452,"Iglesias, Raisel",8/13/2022,661428,13,100,2022
13,621368,"Hearn, Taylor",8/10/2022,662723,13,100,2022
13,608032,"Estévez, Carlos",7/9/2022,663310,13,100,2022
13,625643,"López, Reynaldo",7/8/2022,661412,13,100,2022
13,660853,"De Los Santos, Enyel",8/11/2022,662790,13,100,2022
13,472610,"García, Luis",6/20/2022,662221,13,100,2022
13,502085,"Robertson, David",7/6/2022,661225,13,100,2022
13,656638,"Lange, Alex",7/10/2022,661410,13,100,2022
13,666374,"Brash, Matt",8/21/2022,662315,13,100,2022
13,669276,"Lee, Dylan",7/10/2022,661520,13,100,2022
13,571901,"Loup, Aaron",6/19/2022,662169,13,100,2022
13,605218,"Edwards Jr., Carl",6/21/2022,661198,13,100,2022
13,671345,"Foley, Jason",8/19/2022,662808,13,100,2022
13,519008,"McFarland, T.J.",6/15/2022,661972,13,100,2022
13,656529,"Hentges, Sam",6/21/2022,661677,13,100,2022
13,606424,"García, Jarlín",7/30/2022,662112,13,100,2022
13,676684,"Vest, Will",8/21/2022,662805,13,100,2022
13,571479,"Bellatti, Andrew",7/5/2022,661578,13,100,2022
13,621242,"Díaz, Edwin",6/16/2022,662535,13,100,2022
13,656638,"Lange, Alex",7/26/2022,662813,13,100,2022
13,519326,"Strickland, Hunter",6/28/2022,663231,13,100,2022
13,642152,"Trivino, Lou",6/17/2022,662362,13,100,2022
13,650671,"Quijada, José",6/14/2022,662611,13,100,2022
13,621249,"Underwood Jr., Duane",7/17/2022,661080,13,100,2022
13,657024,"Swanson, Erik",6/14/2022,662125,13,100,2022
13,665665,"Sanmartin, Reiver",7/16/2022,661966,13,100,2022
13,596133,"Weaver, Luke",7/2/2022,662910,13,100,2022
13,517008,"Colomé, Alex",8/11/2022,662891,13,100,2022
13,571710,"Givens, Mychal",8/12/2022,662434,13,100,2022
13,657265,"Strzelecki, Peter",6/11/2022,662510,13,100,2022
13,456713,"Bush, Matt",6/3/2022,661913,13,100,2022
13,570666,"Cessa, Luis",6/1/2022,663296,13,100,2022
13,472610,"García, Luis",6/2/2022,661340,13,100,2022
13,623451,"Stephens, Jackson",6/30/2022,661579,13,100,2022
13,663989,"Vespi, Nick",8/11/2022,663274,13,100,2022
13,642585,"Bautista, Félix",7/4/2022,661073,13,100,2022
13,670090,"Mills, Wyatt",8/11/2022,662645,13,100,2022
13,669270,"Kuhnel, Joel",6/2/2022,663091,13,100,2022
13,656803,"Norwood, James",6/3/2022,661642,13,100,2022
13,671345,"Foley, Jason",7/26/2022,662813,13,100,2022
13,650895,"Castillo, Diego",6/14/2022,662125,13,100,2022
13,658431,"Medina, Adonis",7/2/2022,662456,13,100,2022
13,621383,"Banks, Tanner",6/25/2022,661454,13,100,2022
13,670280,"Bednar, David",6/14/2022,661973,13,100,2022
13,594311,"Gustave, Jandel",7/4/2022,661181,13,100,2022
13,622075,"Almonte, Yency",6/3/2022,662720,13,100,2022
13,446321,"Detwiler, Ross",6/25/2022,662083,13,100,2022
13,664123,"Effross, Scott",6/23/2022,661106,13,100,2022
13,503285,"O'Day, Darren",6/4/2022,662987,13,100,2022
13,641329,"Baker, Bryan",6/25/2022,661454,13,100,2022
13,605130,"Barlow, Scott",6/26/2022,662665,13,100,2022
13,621366,"Borucki, Ryan",6/25/2022,663441,13,100,2022
13,608349,"Knebel, Corey",6/26/2022,662254,13,100,2022
13,608349,"Knebel, Corey",7/3/2022,661630,13,100,2022
13,656271,"Burke, Brock",7/12/2022,661813,13,100,2022
13,642231,"Yacabonis, Jimmy",6/24/2022,661382,13,100,2022
13,456713,"Bush, Matt",7/12/2022,661813,13,100,2022
13,650893,"Cabrera, Génesis",7/15/2022,661116,13,100,2022
13,600921,"Machado, Andrés",8/9/2022,661059,13,100,2022
13,642585,"Bautista, Félix",8/9/2022,661046,13,100,2022
13,670036,"Festa, Matt",7/14/2022,661811,13,100,2022
13,605242,"Fulmer, Michael",7/12/2022,662660,13,100,2022
13,663465,"Allard, Kolby",7/12/2022,661813,13,100,2022
13,606424,"García, Jarlín",7/14/2022,662109,13,100,2022
13,541640,"Ramírez, Erasmo",8/16/2022,662550,13,100,2022
13,669276,"Lee, Dylan",8/5/2022,662418,13,100,2022
13,606160,"Montero, Rafael",8/18/2022,661446,13,100,2022
13,489446,"Yates, Kirby",8/17/2022,661494,13,100,2022
13,641729,"Jiménez, Joe",7/12/2022,662660,13,100,2022
13,670955,"Uceta, Edwin",8/15/2022,662034,13,100,2022
13,647315,"Pop, Zach",8/5/2022,661659,13,100,2022
13,680704,"Sandlin, Nick",8/15/2022,662948,13,100,2022
13,595345,"Okert, Steven",8/15/2022,661358,13,100,2022
13,608032,"Estévez, Carlos",6/9/2022,662091,13,100,2022
13,621219,"Mills, Alec",6/10/2022,661284,13,100,2022
13,656730,"Megill, Trevor",8/17/2022,661654,13,100,2022
13,622786,"Tinoco, Jesus",6/13/2022,661881,13,100,2022
13,573009,"Mantiply, Joe",8/1/2022,662947,13,100,2022
13,605242,"Fulmer, Michael",8/3/2022,661664,13,100,2022
13,621249,"Underwood Jr., Duane",8/3/2022,662324,13,100,2022
13,670059,"Holderman, Colin",7/4/2022,663036,13,100,2022
13,669459,"Nelson, Kyle",6/17/2022,663335,13,100,2022
13,647315,"Pop, Zach",7/4/2022,662541,13,100,2022
13,642152,"Trivino, Lou",6/14/2022,663279,13,100,2022
13,656546,"Hoffman, Jeff",7/12/2022,661262,13,100,2022
13,625643,"López, Reynaldo",7/5/2022,661426,13,100,2022
13,641360,"Bickford, Phil",8/27/2022,661354,13,100,2022
13,472610,"García, Luis",8/28/2022,662638,13,100,2022
13,593974,"Peralta, Wandy",7/6/2022,662328,13,100,2022
13,641835,"Mayza, Tim",6/22/2022,661457,13,100,2022
13,573204,"Thielbar, Caleb",7/8/2022,661843,13,100,2022
13,605154,"Brebbia, John",6/10/2022,662090,13,100,2022
13,518617,"Diekman, Jake",8/3/2022,661385,13,100,2022
13,608665,"Graveman, Kendall",7/10/2022,661410,13,100,2022
13,623474,"Herget, Jimmy",8/24/2022,661857,13,100,2022
13,622075,"Almonte, Yency",7/6/2022,662630,13,100,2022
13,643410,"Leiter Jr., Mark",8/26/2022,661189,13,100,2022
13,641302,"Alexander, Tyler",7/8/2022,661412,13,100,2022
13,571479,"Bellatti, Andrew",8/6/2022,661561,13,100,2022
13,542585,"Cisnero, José",7/30/2022,661712,13,100,2022
13,548384,"Raley, Brooks",8/2/2022,661868,13,100,2022
13,547973,"Chapman, Aroldis",7/30/2022,661255,13,100,2022
13,600921,"Machado, Andrés",7/30/2022,662476,13,100,2022
13,605154,"Brebbia, John",7/29/2022,662057,13,100,2022
13,669459,"Nelson, Kyle",7/10/2022,663307,13,100,2022
13,641360,"Bickford, Phil",7/31/2022,662988,13,100,2022
13,669618,"Barlow, Joe",7/10/2022,661808,13,100,2022
13,642585,"Bautista, Félix",7/28/2022,661052,13,100,2022
13,663986,"Stephan, Trevor",7/29/2022,661871,13,100,2022
13,456034,"Price, David",6/18/2022,662686,13,100,2022
13,640444,"Crowe, Wil",8/28/2022,661598,13,100,2022
13,681911,"Vesia, Alex",7/31/2022,662988,13,100,2022
13,571901,"Loup, Aaron",7/25/2022,662655,13,100,2022
13,592773,"Stanek, Ryne",7/27/2022,662345,13,100,2022
13,657044,"Thompson, Ryan",7/31/2022,661869,13,100,2022
13,621249,"Underwood Jr., Duane",7/25/2022,661065,13,100,2022
13,622253,"Tate, Dillon",7/25/2022,661055,13,100,2022
13,664199,"Clarke, Taylor",7/24/2022,662656,13,100,2022
13,475479,"Phelps, David",6/11/2022,662830,13,100,2022
13,502202,"Boxberger, Brad",6/12/2022,662542,13,100,2022
13,661403,"Clase, Emmanuel",7/31/2022,661869,13,100,2022
13,664139,"Gibaut, Ian",8/29/2022,663018,13,100,2022
13,643493,"Pruitt, Austin",6/22/2022,662359,13,100,2022
13,643493,"Pruitt, Austin",6/21/2022,662360,13,100,2022
13,660787,"De los Santos, Yerry",6/10/2022,661513,13,100,2022
13,661395,"Duran, Jhoan",6/13/2022,662126,13,100,2022
13,669270,"Kuhnel, Joel",7/29/2022,663026,13,100,2022
13,669395,"Coleman, Dylan",6/20/2022,663443,13,100,2022
13,518397,"Alexander, Scott",8/31/2022,662033,13,100,2022
13,570257,"Rodríguez, Joely",8/30/2022,662426,13,100,2022
13,571656,"Farmer, Buck",8/30/2022,663137,13,100,2022
13,592390,"Hembree, Heath",8/30/2022,662426,13,100,2022
13,605177,"Chafin, Andrew",8/28/2022,661784,13,100,2022
13,606424,"García, Jarlín",8/28/2022,661663,13,100,2022
13,543766,"Shaw, Bryan",7/22/2022,661409,13,100,2022
13,622075,"Almonte, Yency",6/4/2022,662687,13,100,2022
13,593576,"Neris, Héctor",8/19/2022,661492,13,100,2022
13,607455,"Banda, Anthony",7/22/2022,663222,13,100,2022
13,571710,"Givens, Mychal",8/20/2022,661606,13,100,2022
13,598287,"Ramirez, Noé",8/20/2022,663291,13,100,2022
13,459429,"McGee, Jake",7/27/2022,661249,13,100,2022
13,641871,"Middleton, Keynan",7/16/2022,662271,13,100,2022
13,644364,"Arano, Víctor",8/24/2022,662144,13,100,2022
13,621237,"Alvarado, José",8/21/2022,661602,13,100,2022
13,622065,"Young, Alex",8/21/2022,662878,13,100,2022
13,628452,"Iglesias, Raisel",8/22/2022,662394,13,100,2022
13,640444,"Crowe, Wil",8/22/2022,662394,13,100,2022
13,643230,"Brault, Steven",8/19/2022,663228,13,100,2022
13,643493,"Pruitt, Austin",8/21/2022,662315,13,100,2022
13,657571,"Ferguson, Caleb",8/20/2022,662561,13,100,2022
13,659275,"Lamet, Dinelson",8/20/2022,662879,13,100,2022
13,661403,"Clase, Emmanuel",8/19/2022,662936,13,100,2022
13,642397,"Soto, Gregory",8/20/2022,662917,13,100,2022
13,669912,"Snead, Kirby",7/16/2022,662909,13,100,2022
13,671345,"Foley, Jason",8/2/2022,661661,13,100,2022
13,670036,"Festa, Matt",7/22/2022,662167,13,100,2022
13,676477,"Whitlock, Garrett",7/17/2022,661258,13,100,2022
13,676714,"Hughes, Brandon",7/23/2022,661559,13,100,2022
13,493603,"Ottavino, Adam",7/23/2022,662495,13,100,2022
13,670036,"Festa, Matt",7/16/2022,661809,13,100,2022
13,622503,"Crismatt, Nabil",6/30/2022,662733,13,100,2022
13,502202,"Boxberger, Brad",8/26/2022,661189,13,100,2022
13,656638,"Lange, Alex",8/20/2022,662917,13,100,2022
13,673258,"Baez, Michel",8/2/2022,662250,13,100,2022
13,656945,"Scott, Tanner",7/1/2022,662492,13,100,2022
13,657612,"Hill, Tim",7/2/2022,662718,13,100,2022
13,664294,"Moreta, Dauri",6/29/2022,663215,13,100,2022
13,605154,"Brebbia, John",8/14/2022,662035,13,100,2022
13,605177,"Chafin, Andrew",8/10/2022,662791,13,100,2022
13,640444,"Crowe, Wil",7/12/2022,661377,13,100,2022
13,658551,"Fernández, Junior",7/11/2022,661120,13,100,2022
13,521230,"Hendriks, Liam",7/15/2022,661674,13,100,2022
13,642397,"Soto, Gregory",8/10/2022,662791,13,100,2022
13,593974,"Peralta, Wandy",7/12/2022,661262,13,100,2022
13,681911,"Vesia, Alex",8/4/2022,662114,13,100,2022
13,650893,"Cabrera, Génesis",8/11/2022,662891,13,100,2022
13,650895,"Castillo, Diego",8/10/2022,662185,13,100,2022
13,570488,"Valdez, Phillips",7/13/2022,661876,13,100,2022
13,663378,"Szapucki, Thomas",8/12/2022,662111,13,100,2022
13,519151,"Pressly, Ryan",6/30/2022,662788,13,100,2022
13,605525,"Wendelken, J.B.",6/7/2022,663064,13,100,2022
13,661395,"Duran, Jhoan",8/27/2022,661657,13,100,2022
13,622075,"Almonte, Yency",6/8/2022,661459,13,100,2022
13,446321,"Detwiler, Ross",6/17/2022,663063,13,100,2022
13,543272,"Hand, Brad",7/2/2022,661581,13,100,2022
13,642207,"Williams, Devin",6/17/2022,663063,13,100,2022
13,670167,"Schreiber, John",8/24/2022,663173,13,100,2022
13,657424,"Gage, Matt",6/6/2022,662613,13,100,2022
13,518617,"Diekman, Jake",6/15/2022,663235,13,100,2022
13,669212,"Morgan, Eli",6/8/2022,663055,13,100,2022
13,670950,"Richards, Trevor",6/6/2022,662613,13,100,2022
13,676660,"Solomon, Jared",6/5/2022,663058,13,100,2022
13,682171,"Murfee, Penn",6/7/2022,662761,13,100,2022
13,643377,"Jax, Griffin",7/24/2022,662901,13,100,2022
13,543521,"McHugh, Collin",7/8/2022,661522,13,100,2022
13,605130,"Barlow, Scott",6/29/2022,662675,13,100,2022
13,519293,"Smith, Will",8/3/2022,662725,13,100,2022
13,592094,"Adam, Jason",7/9/2022,663092,13,100,2022
13,605347,"López, Jorge",7/1/2022,661691,13,100,2022
13,592858,"Wick, Rowan",7/10/2022,662729,13,100,2022
13,606160,"Montero, Rafael",6/14/2022,661880,13,100,2022
13,642701,"Santana, Dennis",6/16/2022,662827,13,100,2022
13,650893,"Cabrera, Génesis",6/14/2022,662018,13,100,2022
13,650895,"Castillo, Diego",7/9/2022,662147,13,100,2022
13,621016,"Cuas, Jose",6/28/2022,662615,13,100,2022
13,656458,"Gilbreath, Lucas",7/7/2022,663317,13,100,2022
13,656458,"Gilbreath, Lucas",7/8/2022,663319,13,100,2022
13,661395,"Duran, Jhoan",6/15/2022,662173,13,100,2022
13,608717,"Stratton, Chris",6/1/2022,662721,13,100,2022
13,643511,"Rogers, Tyler",7/22/2022,662589,13,100,2022
13,543238,"Gose, Anthony",6/18/2022,662686,13,100,2022
13,571901,"Loup, Aaron",6/18/2022,662194,13,100,2022
13,669618,"Barlow, Joe",6/4/2022,661936,13,100,2022
13,605154,"Brebbia, John",6/22/2022,661141,13,100,2022
13,669674,"Long, Sam",7/27/2022,663294,13,100,2022
13,606273,"Elías, Roenis",6/3/2022,661913,13,100,2022
13,657508,"Baumann, Mike",6/19/2022,661074,13,100,2022
13,656557,"Houck, Tanner",6/4/2022,662364,13,100,2022
13,459429,"McGee, Jake",6/4/2022,661395,13,100,2022
13,668868,"Thompson, Zack",7/1/2022,661582,13,100,2022
13,664948,"Misiewicz, Anthony",6/1/2022,661343,13,100,2022
13,595345,"Okert, Steven",6/1/2022,662991,13,100,2022
13,670167,"Schreiber, John",6/29/2022,661727,13,100,2022
13,453268,"Bard, Daniel",6/11/2022,662251,13,100,2022
13,548384,"Raley, Brooks",6/1/2022,661963,13,100,2022
13,642546,"Hernández, Jonathan",7/22/2022,662344,13,100,2022
13,600917,"Leclerc, José",8/24/2022,662877,13,100,2022
13,643410,"Leiter Jr., Mark",8/24/2022,663216,13,100,2022
13,544365,"Bañuelos, Manny",8/12/2022,662111,13,100,2022
13,519293,"Smith, Will",6/9/2022,661514,13,100,2022
13,598264,"Barnes, Matt",8/11/2022,663274,13,100,2022
13,548384,"Raley, Brooks",6/4/2022,661896,13,100,2022
13,544727,"Familia, Jeurys",7/5/2022,661578,13,100,2022
13,621363,"Poche, Colin",8/10/2022,661207,13,100,2022
13,641729,"Jiménez, Joe",8/13/2022,661383,13,100,2022
13,641729,"Jiménez, Joe",8/10/2022,662791,13,100,2022
13,642207,"Williams, Devin",8/13/2022,661951,13,100,2022
13,643377,"Jax, Griffin",8/13/2022,663372,13,100,2022
13,663986,"Stephan, Trevor",8/14/2022,661708,13,100,2022
13,667427,"Jackson, Zach",8/10/2022,662316,13,100,2022
13,664747,"Díaz, Alexis",7/12/2022,661262,13,100,2022
13,517008,"Colomé, Alex",6/14/2022,662935,13,100,2022
13,656458,"Gilbreath, Lucas",7/12/2022,662984,13,100,2022
13,662253,"Muñoz, Andrés",6/23/2022,662358,13,100,2022
13,605612,"Castro, Harold",6/15/2022,662883,13,100,2022
13,664854,"Helsley, Ryan",7/12/2022,661119,13,100,2022
13,622554,"Domínguez, Seranthony",6/14/2022,661616,13,100,2022
13,628452,"Iglesias, Raisel",6/16/2022,662172,13,100,2022
13,614179,"Ruiz, José",6/23/2022,661456,13,100,2022
13,572193,"Tepera, Ryan",6/9/2022,663413,13,100,2022
13,664944,"Vieaux, Cam",6/24/2022,661888,13,100,2022
13,476595,"Luetge, Lucas",6/23/2022,661325,13,100,2022
13,666204,"Jiménez, Dany",6/16/2022,663267,13,100,2022
13,605194,"Cotton, Jharel",6/9/2022,661697,13,100,2022
13,502179,"Espino, Paolo",6/4/2022,663102,13,100,2022
13,661383,"Ortega, Oliver",6/4/2022,661615,13,100,2022
13,519326,"Strickland, Hunter",8/6/2022,661173,13,100,2022
13,543272,"Hand, Brad",6/4/2022,661615,13,100,2022
13,547973,"Chapman, Aroldis",8/6/2022,661949,13,100,2022
13,681911,"Vesia, Alex",7/27/2022,662565,13,100,2022
13,573204,"Thielbar, Caleb",8/6/2022,661662,13,100,2022
13,676831,"Whitley, Kodi",6/2/2022,663139,13,100,2022
13,571670,"Floro, Dylan",7/17/2022,661373,13,100,2022
13,605177,"Chafin, Andrew",8/5/2022,662811,13,100,2022
13,662253,"Muñoz, Andrés",7/13/2022,662517,13,100,2022
13,641582,"Foster, Matt",8/7/2022,661835,13,100,2022
13,641582,"Foster, Matt",8/9/2022,662647,13,100,2022
13,643511,"Rogers, Tyler",8/6/2022,662308,13,100,2022
13,656061,"Abreu, Albert",8/5/2022,661946,13,100,2022
13,503285,"O'Day, Darren",6/24/2022,661139,13,100,2022
13,657571,"Ferguson, Caleb",8/9/2022,662562,13,100,2022
13,656492,"Griffin, Foster",6/25/2022,662672,13,100,2022
13,502085,"Robertson, David",6/23/2022,661106,13,100,2022
13,663986,"Stephan, Trevor",7/15/2022,662942,13,100,2022
13,592773,"Stanek, Ryne",6/23/2022,661325,13,100,2022
13,572193,"Tepera, Ryan",6/27/2022,663440,13,100,2022
13,642207,"Williams, Devin",6/23/2022,661183,13,100,2022
13,445276,"Jansen, Kenley",8/9/2022,663201,13,100,2022
13,455119,"Martin, Chris",8/6/2022,662654,13,100,2022
13,445276,"Jansen, Kenley",8/18/2022,661493,13,100,2022
13,554431,"Matzek, Tyler",8/9/2022,663201,13,100,2022
13,641941,"Pagán, Emilio",7/12/2022,661688,13,100,2022
13,571710,"Givens, Mychal",8/18/2022,661493,13,100,2022
13,622251,"Staumont, Josh",8/9/2022,662779,13,100,2022
13,501925,"Smith, Joe",6/5/2022,661747,13,100,2022
13,664854,"Helsley, Ryan",8/5/2022,661946,13,100,2022
13,669395,"Coleman, Dylan",8/9/2022,662647,13,100,2022
13,592773,"Stanek, Ryne",6/5/2022,662688,13,100,2022
13,621345,"Minter, A.J.",8/18/2022,661493,13,100,2022
13,663947,"Holton, Tyler",8/17/2022,662003,13,100,2022
13,662253,"Muñoz, Andrés",8/15/2022,663370,13,100,2022
13,517008,"Colomé, Alex",8/2/2022,662220,13,100,2022
13,676684,"Vest, Will",8/17/2022,662951,13,100,2022
13,518553,"Cishek, Steve",8/3/2022,662552,13,100,2022
13,519326,"Strickland, Hunter",8/3/2022,661367,13,100,2022
13,502202,"Boxberger, Brad",7/30/2022,663192,13,100,2022
13,554431,"Matzek, Tyler",8/4/2022,662419,13,100,2022
13,640462,"Puk, A.J.",6/5/2022,662363,13,100,2022
13,605538,"Wisler, Matt",6/7/2022,661894,13,100,2022
13,642207,"Williams, Devin",6/7/2022,661205,13,100,2022
13,664092,"Poppen, Sean",6/10/2022,661617,13,100,2022
13,677865,"Bruihl, Justin",6/7/2022,661460,13,100,2022
13,681911,"Vesia, Alex",6/5/2022,662612,13,100,2022
13,605242,"Fulmer, Michael",7/3/2022,662794,13,100,2022
13,669276,"Lee, Dylan",6/10/2022,661513,13,100,2022
13,607455,"Banda, Anthony",7/4/2022,662355,13,100,2022
13,608648,"Duffey, Tyler",7/4/2022,661452,13,100,2022
13,572125,"Selman, Sam",7/31/2022,661388,13,100,2022
13,670036,"Festa, Matt",6/13/2022,662126,13,100,2022
12,605130,"Barlow, Scott",6/18/2022,662368,12,100,2022
12,656234,"Bird, Jake",7/8/2022,663319,12,100,2022
12,664092,"Poppen, Sean",7/8/2022,663319,12,100,2022
12,621381,"Strahm, Matt",6/20/2022,663253,12,100,2022
12,622075,"Almonte, Yency",7/10/2022,662729,12,100,2022
12,592094,"Adam, Jason",7/8/2022,663053,12,100,2022
12,669395,"Coleman, Dylan",6/7/2022,662678,12,100,2022
12,606149,"Gallegos, Giovanny",6/7/2022,661894,12,100,2022
12,445276,"Jansen, Kenley",6/5/2022,662990,12,100,2022
12,641941,"Pagán, Emilio",7/15/2022,661674,12,100,2022
12,661440,"Llovera, Mauricio",7/13/2022,662107,12,100,2022
12,676840,"Peacock, Matt",6/28/2022,662615,12,100,2022
12,518489,"Brasier, Ryan",8/26/2022,663171,12,100,2022
12,543766,"Shaw, Bryan",6/30/2022,662983,12,100,2022
12,542888,"Armstrong, Shawn",6/28/2022,661885,12,100,2022
12,623149,"Sewald, Paul",8/2/2022,661253,12,100,2022
12,664294,"Moreta, Dauri",6/21/2022,663041,12,100,2022
12,453268,"Bard, Daniel",8/23/2022,662876,12,100,2022
12,605521,"Warren, Art",8/31/2022,662995,12,100,2022
12,518489,"Brasier, Ryan",8/28/2022,663211,12,100,2022
12,664948,"Misiewicz, Anthony",8/28/2022,662638,12,100,2022
12,608717,"Stratton, Chris",8/2/2022,661959,12,100,2022
12,665665,"Sanmartin, Reiver",7/30/2022,663025,12,100,2022
12,641729,"Jiménez, Joe",8/31/2022,662903,12,100,2022
12,489334,"Stammen, Craig",6/10/2022,662275,12,100,2022
12,666808,"Doval, Camilo",7/24/2022,662682,12,100,2022
12,663947,"Holton, Tyler",7/30/2022,661499,12,100,2022
12,647315,"Pop, Zach",7/29/2022,661372,12,100,2022
12,542914,"Bass, Anthony",7/28/2022,663027,12,100,2022
12,666204,"Jiménez, Dany",6/11/2022,663084,12,100,2022
12,642152,"Trivino, Lou",7/5/2022,662354,12,100,2022
12,656061,"Abreu, Albert",7/29/2022,661256,12,100,2022
12,593576,"Neris, Héctor",7/5/2022,662847,12,100,2022
12,641627,"Gott, Trevor",7/14/2022,662109,12,100,2022
12,644364,"Arano, Víctor",8/2/2022,662529,12,100,2022
12,623465,"Phillips, Evan",8/2/2022,662056,12,100,2022
12,642546,"Hernández, Jonathan",8/4/2022,661817,12,100,2022
12,501625,"Alvarez, Jose",6/7/2022,662092,12,100,2022
12,527055,"Vizcaíno, Arodys",6/5/2022,662688,12,100,2022
12,444876,"Escobar, Alcides",7/5/2022,661578,12,100,2022
12,605612,"Castro, Harold",7/5/2022,662905,12,100,2022
12,657612,"Hill, Tim",6/12/2022,662256,12,100,2022
12,660787,"De los Santos, Yerry",8/2/2022,662298,12,100,2022
12,606149,"Gallegos, Giovanny",7/29/2022,662477,12,100,2022
12,664208,"Maton, Phil",7/4/2022,662874,12,100,2022
12,669618,"Barlow, Joe",7/5/2022,661244,12,100,2022
12,605242,"Fulmer, Michael",8/26/2022,661669,12,100,2022
12,606625,"Moronta, Reyes",8/26/2022,661445,12,100,2022
12,670167,"Schreiber, John",6/12/2022,662127,12,100,2022
12,592858,"Wick, Rowan",7/31/2022,662071,12,100,2022
12,605447,"Romano, Jordan",7/30/2022,661712,12,100,2022
12,642152,"Trivino, Lou",7/29/2022,661406,12,100,2022
12,519293,"Smith, Will",8/31/2022,661831,12,100,2022
12,657024,"Swanson, Erik",7/4/2022,662270,12,100,2022
12,661403,"Clase, Emmanuel",7/29/2022,661871,12,100,2022
12,669674,"Long, Sam",7/29/2022,662057,12,100,2022
12,542194,"Bethancourt, Christian",8/28/2022,663211,12,100,2022
12,621381,"Strahm, Matt",7/9/2022,663223,12,100,2022
12,628452,"Iglesias, Raisel",7/27/2022,662652,12,100,2022
12,658551,"Fernández, Junior",7/7/2022,661521,12,100,2022
12,661403,"Clase, Emmanuel",7/6/2022,662814,12,100,2022
12,669276,"Lee, Dylan",7/25/2022,661555,12,100,2022
12,445276,"Jansen, Kenley",6/10/2022,661513,12,100,2022
12,664199,"Clarke, Taylor",7/3/2022,662794,12,100,2022
12,670280,"Bednar, David",7/7/2022,663071,12,100,2022
12,570663,"Robles, Hansel",6/10/2022,662129,12,100,2022
12,622786,"Tinoco, Jesus",6/11/2022,661484,12,100,2022
12,661403,"Clase, Emmanuel",6/12/2022,663083,12,100,2022
12,662253,"Muñoz, Andrés",6/13/2022,662126,12,100,2022
12,667427,"Jackson, Zach",6/9/2022,663015,12,100,2022
12,605242,"Fulmer, Michael",6/19/2022,662807,12,100,2022
12,662253,"Muñoz, Andrés",8/31/2022,662903,12,100,2022
12,621051,"Wilson, Steven",6/18/2022,662999,12,100,2022
12,622065,"Young, Alex",8/31/2022,662033,12,100,2022
12,623465,"Phillips, Evan",6/21/2022,663041,12,100,2022
12,656945,"Scott, Tanner",8/29/2022,661352,12,100,2022
12,641914,"Neuse, Sheldon",6/22/2022,662359,12,100,2022
12,489446,"Yates, Kirby",8/20/2022,661610,12,100,2022
12,657424,"Gage, Matt",6/20/2022,661482,12,100,2022
12,445276,"Jansen, Kenley",7/26/2022,661563,12,100,2022
12,608717,"Stratton, Chris",8/23/2022,663113,12,100,2022
12,493603,"Ottavino, Adam",8/20/2022,661628,12,100,2022
12,656794,"Newcomb, Sean",8/23/2022,663163,12,100,2022
12,668941,"Romero, JoJo",8/20/2022,663291,12,100,2022
12,544365,"Bañuelos, Manny",7/17/2022,661080,12,100,2022
12,519008,"McFarland, T.J.",7/26/2022,661716,12,100,2022
12,595345,"Okert, Steven",7/22/2022,662327,12,100,2022
12,543766,"Shaw, Bryan",7/2/2022,662954,12,100,2022
12,595345,"Okert, Steven",7/17/2022,661373,12,100,2022
12,600917,"Leclerc, José",6/28/2022,662615,12,100,2022
12,607216,"Krehbiel, Joey",7/17/2022,661872,12,100,2022
12,573204,"Thielbar, Caleb",8/22/2022,661658,12,100,2022
12,656061,"Abreu, Albert",6/30/2022,662788,12,100,2022
12,657612,"Hill, Tim",6/28/2022,663344,12,100,2022
12,669276,"Lee, Dylan",6/28/2022,661580,12,100,2022
12,608032,"Estévez, Carlos",8/21/2022,662878,12,100,2022
12,656458,"Gilbreath, Lucas",7/13/2022,662895,12,100,2022
12,664854,"Helsley, Ryan",7/15/2022,661116,12,100,2022
12,669674,"Long, Sam",7/11/2022,662100,12,100,2022
12,600921,"Machado, Andrés",7/14/2022,662518,12,100,2022
12,641835,"Mayza, Tim",7/12/2022,661722,12,100,2022
12,548384,"Raley, Brooks",7/14/2022,661875,12,100,2022
12,594580,"Moll, Sam",7/26/2022,662346,12,100,2022
12,592761,"Smith, Caleb",7/12/2022,662108,12,100,2022
12,453343,"Melancon, Mark",8/11/2022,663293,12,100,2022
12,605154,"Brebbia, John",6/7/2022,662092,12,100,2022
12,605177,"Chafin, Andrew",6/8/2022,662448,12,100,2022
12,607259,"Martinez, Nick",7/24/2022,662458,12,100,2022
12,642528,"Loáisiga, Jonathan",8/22/2022,661238,12,100,2022
12,642528,"Loáisiga, Jonathan",8/19/2022,661319,12,100,2022
12,628452,"Iglesias, Raisel",6/7/2022,663391,12,100,2022
12,598287,"Ramirez, Noé",8/13/2022,662882,12,100,2022
12,605154,"Brebbia, John",8/12/2022,662111,12,100,2022
12,605242,"Fulmer, Michael",8/12/2022,663373,12,100,2022
12,608349,"Knebel, Corey",8/11/2022,661608,12,100,2022
12,542914,"Bass, Anthony",7/10/2022,662496,12,100,2022
12,621249,"Underwood Jr., Duane",6/4/2022,662451,12,100,2022
12,600921,"Machado, Andrés",7/7/2022,661566,12,100,2022
12,605242,"Fulmer, Michael",7/8/2022,661412,12,100,2022
12,605447,"Romano, Jordan",7/8/2022,662155,12,100,2022
12,622253,"Tate, Dillon",7/10/2022,661092,12,100,2022
12,656458,"Gilbreath, Lucas",8/11/2022,662891,12,100,2022
12,642585,"Bautista, Félix",7/10/2022,661092,12,100,2022
12,656271,"Burke, Brock",7/8/2022,661843,12,100,2022
12,657044,"Thompson, Ryan",7/10/2022,663048,12,100,2022
12,456034,"Price, David",6/23/2022,663039,12,100,2022
12,682171,"Murfee, Penn",7/10/2022,662183,12,100,2022
12,541640,"Ramírez, Erasmo",6/22/2022,661246,12,100,2022
12,572193,"Tepera, Ryan",6/22/2022,663389,12,100,2022
12,501303,"Adrianza, Ehire",6/16/2022,662501,12,100,2022
12,608678,"Leone, Dominic",6/20/2022,661143,12,100,2022
12,608718,"Suter, Brent",6/21/2022,661192,12,100,2022
12,642100,"Speier, Gabe",6/21/2022,663442,12,100,2022
12,642701,"Santana, Dennis",6/22/2022,661851,12,100,2022
12,573009,"Mantiply, Joe",6/14/2022,663342,12,100,2022
12,672578,"Hernández, Carlos",8/24/2022,662640,12,100,2022
12,606273,"Elías, Roenis",6/17/2022,662171,12,100,2022
12,608718,"Suter, Brent",6/14/2022,662441,12,100,2022
12,661527,"Martinez, Seth",7/22/2022,662167,12,100,2022
12,548384,"Raley, Brooks",7/17/2022,661872,12,100,2022
12,640448,"Finnegan, Kyle",6/17/2022,662580,12,100,2022
12,594580,"Moll, Sam",7/21/2022,662408,12,100,2022
12,600921,"Machado, Andrés",7/17/2022,662530,12,100,2022
12,592741,"Shreve, Chasen",6/4/2022,662687,12,100,2022
12,650556,"Abreu, Bryan",6/14/2022,661880,12,100,2022
12,650556,"Abreu, Bryan",7/23/2022,662146,12,100,2022
12,656793,"Nelson, Nick",7/16/2022,661359,12,100,2022
12,660853,"De Los Santos, Enyel",7/22/2022,661409,12,100,2022
12,672335,"Pérez, Cionel",6/17/2022,661093,12,100,2022
12,668941,"Romero, JoJo",7/16/2022,661359,12,100,2022
12,671345,"Foley, Jason",6/15/2022,662883,12,100,2022
12,459429,"McGee, Jake",8/14/2022,662472,12,100,2022
12,605177,"Chafin, Andrew",6/29/2022,662080,12,100,2022
12,664854,"Helsley, Ryan",7/27/2022,661715,12,100,2022
12,542888,"Armstrong, Shawn",6/2/2022,661934,12,100,2022
12,606160,"Montero, Rafael",6/30/2022,662788,12,100,2022
12,572193,"Tepera, Ryan",8/13/2022,663372,12,100,2022
12,608648,"Duffey, Tyler",6/28/2022,663033,12,100,2022
12,641582,"Foster, Matt",6/3/2022,661897,12,100,2022
12,642152,"Trivino, Lou",8/12/2022,663177,12,100,2022
12,660813,"Graterol, Brusdar",6/2/2022,662693,12,100,2022
12,664126,"Fairbanks, Pete",8/10/2022,661207,12,100,2022
12,670970,"Morejon, Adrian",8/10/2022,662217,12,100,2022
12,468504,"Chacín, Jhoulys",6/14/2022,662935,12,100,2022
12,596112,"Stephenson, Robert",6/14/2022,662935,12,100,2022
12,608723,"Voth, Austin",6/16/2022,661743,12,100,2022
12,617228,"Sawamura, Hirokazu",6/15/2022,663235,12,100,2022
12,656529,"Hentges, Sam",6/17/2022,662719,12,100,2022
12,666808,"Doval, Camilo",6/2/2022,661397,12,100,2022
12,472610,"García, Luis",6/24/2022,662255,12,100,2022
12,571901,"Loup, Aaron",6/4/2022,661615,12,100,2022
12,623352,"Hader, Josh",6/23/2022,661183,12,100,2022
12,643377,"Jax, Griffin",6/25/2022,661686,12,100,2022
12,617228,"Sawamura, Hirokazu",6/4/2022,662364,12,100,2022
12,670167,"Schreiber, John",6/3/2022,662365,12,100,2022
12,543766,"Shaw, Bryan",6/1/2022,663031,12,100,2022
12,672335,"Pérez, Cionel",6/24/2022,661455,12,100,2022
12,658551,"Fernández, Junior",6/24/2022,661971,12,100,2022
12,623149,"Sewald, Paul",8/26/2022,662143,12,100,2022
12,669276,"Lee, Dylan",6/26/2022,661512,12,100,2022
12,628708,"Marte, Yunior",6/26/2022,662061,12,100,2022
12,543766,"Shaw, Bryan",8/24/2022,662212,12,100,2022
12,621363,"Poche, Colin",6/24/2022,661888,12,100,2022
12,456034,"Price, David",6/27/2022,662912,12,100,2022
12,502085,"Robertson, David",6/24/2022,661971,12,100,2022
12,456713,"Bush, Matt",8/7/2022,661172,12,100,2022
12,593576,"Neris, Héctor",8/9/2022,662724,12,100,2022
12,605177,"Chafin, Andrew",8/6/2022,662856,12,100,2022
12,605218,"Edwards Jr., Carl",8/2/2022,662529,12,100,2022
12,669270,"Kuhnel, Joel",8/9/2022,662444,12,100,2022
12,542914,"Bass, Anthony",8/16/2022,661706,12,100,2022
12,605280,"Holmes, Clay",6/9/2022,661697,12,100,2022
12,621016,"Cuas, Jose",8/15/2022,661676,12,100,2022
12,554431,"Matzek, Tyler",8/17/2022,661494,12,100,2022
12,664854,"Helsley, Ryan",8/16/2022,661955,12,100,2022
12,472610,"García, Luis",7/31/2022,662267,12,100,2022
12,650671,"Quijada, José",8/5/2022,662164,12,100,2022
12,606160,"Montero, Rafael",7/12/2022,663402,12,100,2022
12,662253,"Muñoz, Andrés",7/14/2022,661811,12,100,2022
12,647315,"Pop, Zach",7/13/2022,661376,12,100,2022
12,670167,"Schreiber, John",8/16/2022,662302,12,100,2022
12,518617,"Diekman, Jake",8/2/2022,661386,12,100,2022
12,547973,"Chapman, Aroldis",8/1/2022,661268,12,100,2022
12,623474,"Herget, Jimmy",6/10/2022,663390,12,100,2022
12,594580,"Moll, Sam",8/4/2022,663374,12,100,2022
12,621363,"Poche, Colin",7/11/2022,661878,12,100,2022
12,605218,"Edwards Jr., Carl",8/16/2022,662550,12,100,2022
12,621237,"Alvarado, José",8/16/2022,663019,12,100,2022
12,607259,"Martinez, Nick",8/17/2022,661356,12,100,2022
12,606625,"Moronta, Reyes",8/18/2022,661179,12,100,2022
12,644374,"Chang, Yu",8/6/2022,662856,12,100,2022
12,489334,"Stammen, Craig",6/25/2022,662247,12,100,2022
12,518553,"Cishek, Steve",8/8/2022,661060,12,100,2022
12,657024,"Swanson, Erik",6/24/2022,663388,12,100,2022
12,541640,"Ramírez, Erasmo",8/2/2022,662529,12,100,2022
12,667463,"King, John",6/1/2022,661963,12,100,2022
12,605525,"Wendelken, J.B.",6/3/2022,662452,12,100,2022
12,570663,"Robles, Hansel",6/16/2022,663267,12,100,2022
12,605177,"Chafin, Andrew",8/13/2022,661383,12,100,2022
12,592094,"Adam, Jason",6/2/2022,661934,12,100,2022
12,456713,"Bush, Matt",8/13/2022,661951,12,100,2022
12,664208,"Maton, Phil",7/16/2022,662909,12,100,2022
12,643256,"Cimber, Adam",7/16/2022,661718,12,100,2022
12,571670,"Floro, Dylan",7/4/2022,662541,12,100,2022
12,656557,"Houck, Tanner",7/27/2022,663191,12,100,2022
12,570257,"Rodríguez, Joely",6/3/2022,662720,12,100,2022
12,614179,"Ruiz, José",7/5/2022,661426,12,100,2022
12,592773,"Stanek, Ryne",7/17/2022,662908,12,100,2022
12,614179,"Ruiz, José",7/3/2022,662099,12,100,2022
12,621381,"Strahm, Matt",7/3/2022,663186,12,100,2022
12,676886,"Beasley, Jeremy",6/10/2022,662831,12,100,2022
12,593974,"Peralta, Wandy",7/9/2022,663223,12,100,2022
12,593974,"Peralta, Wandy",7/7/2022,663233,12,100,2022
12,598287,"Ramirez, Noé",7/7/2022,663317,12,100,2022
12,665645,"Castro, Kervin",8/24/2022,663216,12,100,2022
12,607216,"Krehbiel, Joey",7/7/2022,661091,12,100,2022
12,656464,"Ginkel, Kevin",8/24/2022,662640,12,100,2022
12,641793,"Littell, Zack",8/27/2022,661657,12,100,2022
12,543507,"May, Trevor",8/27/2022,662442,12,100,2022
12,519043,"Moore, Matt",8/24/2022,662877,12,100,2022
12,493603,"Ottavino, Adam",8/25/2022,662433,12,100,2022
12,446321,"Detwiler, Ross",7/30/2022,663025,12,100,2022
12,543766,"Shaw, Bryan",8/4/2022,662975,12,100,2022
12,607237,"Garrett, Amir",8/31/2022,661441,12,100,2022
12,607179,"Weems, Jordan",7/29/2022,662477,12,100,2022
12,667297,"Nance, Tommy",7/7/2022,662508,12,100,2022
12,669424,"Lambert, Jimmy",7/10/2022,661410,12,100,2022
12,670059,"Holderman, Colin",7/6/2022,663051,12,100,2022
12,640451,"Harvey, Hunter",7/29/2022,662477,12,100,2022
12,680704,"Sandlin, Nick",7/10/2022,662662,12,100,2022
12,640451,"Harvey, Hunter",7/30/2022,662476,12,100,2022
12,670950,"Richards, Trevor",7/30/2022,661712,12,100,2022
12,519151,"Pressly, Ryan",7/24/2022,662145,12,100,2022
12,571670,"Floro, Dylan",7/27/2022,663028,12,100,2022
12,596112,"Stephenson, Robert",7/27/2022,661078,12,100,2022
12,657024,"Swanson, Erik",7/26/2022,662184,12,100,2022
12,664139,"Gibaut, Ian",7/26/2022,663029,12,100,2022
12,606993,"Hager, Jake",6/18/2022,663351,12,100,2022
12,665019,"Clemens, Kody",7/24/2022,662901,12,100,2022
12,676886,"Beasley, Jeremy",7/27/2022,661715,12,100,2022
12,519151,"Pressly, Ryan",6/12/2022,662758,12,100,2022
12,519326,"Strickland, Hunter",6/13/2022,663345,12,100,2022
12,642585,"Bautista, Félix",8/15/2022,661707,12,100,2022
12,544727,"Familia, Jeurys",6/9/2022,661194,12,100,2022
12,570257,"Rodríguez, Joely",6/10/2022,663390,12,100,2022
12,641582,"Foster, Matt",6/9/2022,661458,12,100,2022
12,642207,"Williams, Devin",6/12/2022,662542,12,100,2022
12,642585,"Bautista, Félix",6/11/2022,662674,12,100,2022
12,672578,"Hernández, Carlos",8/30/2022,661442,12,100,2022
12,656945,"Scott, Tanner",6/9/2022,661149,12,100,2022
12,657376,"Schmidt, Clarke",6/10/2022,661284,12,100,2022
12,663432,"Rainey, Tanner",6/21/2022,661198,12,100,2022
12,663574,"Santillan, Tony",6/13/2022,663345,12,100,2022
12,663989,"Vespi, Nick",6/22/2022,661246,12,100,2022
12,664854,"Helsley, Ryan",6/10/2022,661983,12,100,2022
12,664199,"Clarke, Taylor",6/21/2022,663442,12,100,2022
12,670036,"Festa, Matt",6/10/2022,662129,12,100,2022
12,669459,"Nelson, Kyle",6/20/2022,662221,12,100,2022
12,453343,"Melancon, Mark",8/20/2022,663291,12,100,2022
12,573009,"Mantiply, Joe",8/31/2022,663312,12,100,2022
12,673258,"Baez, Michel",7/30/2022,662196,12,100,2022
12,519326,"Strickland, Hunter",7/22/2022,663060,12,100,2022
12,642546,"Hernández, Jonathan",8/28/2022,661784,12,100,2022
12,642207,"Williams, Devin",8/16/2022,661191,12,100,2022
12,650671,"Quijada, José",8/29/2022,663424,12,100,2022
12,676714,"Hughes, Brandon",8/31/2022,661779,12,100,2022
12,456034,"Price, David",8/21/2022,662600,12,100,2022
12,605447,"Romano, Jordan",7/17/2022,661717,12,100,2022
12,518553,"Cishek, Steve",8/20/2022,662180,12,100,2022
12,592094,"Adam, Jason",8/20/2022,661861,12,100,2022
12,606424,"García, Jarlín",7/21/2022,662685,12,100,2022
12,608717,"Stratton, Chris",7/22/2022,662327,12,100,2022
12,608718,"Suter, Brent",7/22/2022,661193,12,100,2022
12,622075,"Almonte, Yency",7/22/2022,662589,12,100,2022
12,605177,"Chafin, Andrew",8/23/2022,662914,12,100,2022
12,605242,"Fulmer, Michael",8/22/2022,661658,12,100,2022
12,621016,"Cuas, Jose",8/21/2022,661860,12,100,2022
12,621016,"Cuas, Jose",8/20/2022,661861,12,100,2022
12,670090,"Mills, Wyatt",8/3/2022,661385,12,100,2022
12,518553,"Cishek, Steve",7/24/2022,663316,12,100,2022
12,623352,"Hader, Josh",8/19/2022,662181,12,100,2022
12,669276,"Lee, Dylan",8/21/2022,661480,12,100,2022
12,523260,"Kelly, Joe",7/27/2022,661078,12,100,2022
12,671345,"Foley, Jason",7/23/2022,662902,12,100,2022
12,519151,"Pressly, Ryan",7/17/2022,662908,12,100,2022
12,608665,"Graveman, Kendall",7/1/2022,662079,12,100,2022
12,621345,"Minter, A.J.",7/2/2022,663037,12,100,2022
12,456034,"Price, David",8/10/2022,662575,12,100,2022
12,622251,"Staumont, Josh",8/2/2022,661386,12,100,2022
12,518489,"Brasier, Ryan",8/24/2022,663173,12,100,2022
12,661403,"Clase, Emmanuel",6/28/2022,663045,12,100,2022
12,545343,"Head, Louis",8/12/2022,661866,12,100,2022
12,571479,"Bellatti, Andrew",8/10/2022,661557,12,100,2022
12,605242,"Fulmer, Michael",7/26/2022,662813,12,100,2022
12,518489,"Brasier, Ryan",7/15/2022,661260,12,100,2022
12,650895,"Castillo, Diego",7/13/2022,662531,12,100,2022
12,606625,"Moronta, Reyes",8/13/2022,662670,12,100,2022
12,621016,"Cuas, Jose",7/11/2022,662661,12,100,2022
12,656354,"Davis, Austin",7/11/2022,661878,12,100,2022
12,608665,"Graveman, Kendall",7/15/2022,661674,12,100,2022
12,623352,"Hader, Josh",7/13/2022,661687,12,100,2022
12,650382,"Hernández, Darwinzon",7/14/2022,661875,12,100,2022
12,608349,"Knebel, Corey",7/12/2022,661722,12,100,2022
12,608349,"Knebel, Corey",7/26/2022,661563,12,100,2022
12,676092,"Snider, Collin",8/20/2022,661861,12,100,2022
12,623465,"Phillips, Evan",7/14/2022,661117,12,100,2022
12,548384,"Raley, Brooks",7/15/2022,661874,12,100,2022
12,656638,"Lange, Alex",8/14/2022,661450,12,100,2022
12,542194,"Bethancourt, Christian",6/8/2022,661515,12,100,2022
12,570257,"Rodríguez, Joely",6/6/2022,662278,12,100,2022
12,608678,"Leone, Dominic",6/8/2022,662094,12,100,2022
12,656061,"Abreu, Albert",6/5/2022,662688,12,100,2022
12,661403,"Clase, Emmanuel",6/7/2022,663122,12,100,2022
12,681806,"Wantz, Andrew",6/6/2022,663399,12,100,2022
12,650895,"Castillo, Diego",6/8/2022,662760,12,100,2022
12,573204,"Thielbar, Caleb",7/1/2022,661691,12,100,2022
12,643377,"Jax, Griffin",7/26/2022,661281,12,100,2022
12,605154,"Brebbia, John",6/15/2022,662082,12,100,2022
12,605242,"Fulmer, Michael",7/10/2022,661410,12,100,2022
12,666818,"Frías, Luis",8/24/2022,662640,12,100,2022
12,622554,"Domínguez, Seranthony",7/7/2022,661566,12,100,2022
12,571656,"Farmer, Buck",8/26/2022,662469,12,100,2022
12,641582,"Foster, Matt",7/8/2022,661412,12,100,2022
12,670036,"Festa, Matt",8/26/2022,662143,12,100,2022
12,657044,"Thompson, Ryan",6/16/2022,661326,12,100,2022
12,670950,"Richards, Trevor",7/10/2022,662183,12,100,2022
12,456713,"Bush, Matt",6/21/2022,661846,12,100,2022
12,641582,"Foster, Matt",6/28/2022,663392,12,100,2022
12,592094,"Adam, Jason",6/1/2022,661963,12,100,2022
12,642585,"Bautista, Félix",6/4/2022,661346,12,100,2022
12,656529,"Hentges, Sam",7/2/2022,662954,12,100,2022
12,608678,"Leone, Dominic",6/21/2022,661142,12,100,2022
12,656529,"Hentges, Sam",6/22/2022,661690,12,100,2022
12,605280,"Holmes, Clay",6/4/2022,661278,12,100,2022
12,518886,"Kimbrel, Craig",6/2/2022,662693,12,100,2022
12,502085,"Robertson, David",6/1/2022,663184,12,100,2022
12,456713,"Bush, Matt",7/16/2022,661809,12,100,2022
12,621345,"Minter, A.J.",6/3/2022,662980,12,100,2022
12,518886,"Kimbrel, Craig",7/21/2022,662685,12,100,2022
12,669618,"Barlow, Joe",7/2/2022,662456,12,100,2022
12,592094,"Adam, Jason",7/17/2022,661872,12,100,2022
12,445276,"Jansen, Kenley",6/12/2022,661144,12,100,2022
12,607259,"Martinez, Nick",7/22/2022,662481,12,100,2022
12,573124,"Rogers, Taylor",6/4/2022,661214,12,100,2022
12,656557,"Houck, Tanner",7/23/2022,663221,12,100,2022
12,656730,"Megill, Trevor",7/16/2022,661673,12,100,2022
12,681911,"Vesia, Alex",6/4/2022,662687,12,100,2022
12,664747,"Díaz, Alexis",7/16/2022,661966,12,100,2022
12,680704,"Sandlin, Nick",7/22/2022,661409,12,100,2022
12,642585,"Bautista, Félix",7/22/2022,661072,12,100,2022
12,669618,"Barlow, Joe",7/12/2022,661813,12,100,2022
12,455119,"Martin, Chris",8/10/2022,662575,12,100,2022
12,622075,"Almonte, Yency",6/26/2022,661512,12,100,2022
12,669618,"Barlow, Joe",6/25/2022,661898,12,100,2022
12,605154,"Brebbia, John",6/24/2022,662067,12,100,2022
12,573009,"Mantiply, Joe",8/7/2022,663300,12,100,2022
12,592390,"Hembree, Heath",6/14/2022,661973,12,100,2022
12,607625,"Lugo, Seth",8/10/2022,662443,12,100,2022
12,643256,"Cimber, Adam",8/13/2022,661709,12,100,2022
12,661403,"Clase, Emmanuel",7/13/2022,662949,12,100,2022
12,518553,"Cishek, Steve",7/13/2022,662531,12,100,2022
12,647315,"Pop, Zach",8/12/2022,661710,12,100,2022
12,543272,"Hand, Brad",6/25/2022,662247,12,100,2022
12,605177,"Chafin, Andrew",7/12/2022,662660,12,100,2022
12,453268,"Bard, Daniel",6/14/2022,662935,12,100,2022
12,518489,"Brasier, Ryan",6/15/2022,663235,12,100,2022
12,571710,"Givens, Mychal",7/12/2022,663187,12,100,2022
12,596043,"Mengden, Daniel",6/14/2022,662068,12,100,2022
12,642231,"Yacabonis, Jimmy",6/17/2022,662534,12,100,2022
12,592858,"Wick, Rowan",6/26/2022,661969,12,100,2022
12,446321,"Detwiler, Ross",8/7/2022,661172,12,100,2022
12,453268,"Bard, Daniel",8/6/2022,663288,12,100,2022
12,650633,"King, Michael",7/15/2022,661260,12,100,2022
12,445926,"Chavez, Jesse",6/1/2022,663326,12,100,2022
12,502085,"Robertson, David",8/9/2022,661553,12,100,2022
12,518553,"Cishek, Steve",8/6/2022,661561,12,100,2022
12,608678,"Leone, Dominic",7/14/2022,662109,12,100,2022
12,641755,"Kinley, Tyler",6/3/2022,662980,12,100,2022
12,605347,"López, Jorge",7/12/2022,663187,12,100,2022
12,570257,"Rodríguez, Joely",8/5/2022,662418,12,100,2022
12,625643,"López, Reynaldo",7/15/2022,661674,12,100,2022
12,572125,"Selman, Sam",8/6/2022,662308,12,100,2022
12,573009,"Mantiply, Joe",7/13/2022,662107,12,100,2022
12,642121,"Sulser, Cole",6/3/2022,661396,12,100,2022
12,606273,"Elías, Roenis",6/10/2022,662129,12,100,2022
12,594580,"Moll, Sam",7/12/2022,661813,12,100,2022
12,621366,"Borucki, Ryan",6/24/2022,663388,12,100,2022
12,623149,"Sewald, Paul",8/5/2022,662164,12,100,2022
12,657424,"Gage, Matt",6/24/2022,661190,12,100,2022
12,672335,"Pérez, Cionel",7/13/2022,663230,12,100,2022
12,608349,"Knebel, Corey",6/25/2022,662247,12,100,2022
12,676720,"Romero, Tommy",7/14/2022,661875,12,100,2022
12,453343,"Melancon, Mark",6/4/2022,662451,12,100,2022
12,647315,"Pop, Zach",8/6/2022,661662,12,100,2022
12,656730,"Megill, Trevor",8/6/2022,661662,12,100,2022
12,608665,"Graveman, Kendall",6/12/2022,661483,12,100,2022
12,570663,"Robles, Hansel",6/27/2022,661740,12,100,2022
12,670167,"Schreiber, John",6/24/2022,663054,12,100,2022
12,642397,"Soto, Gregory",6/25/2022,663346,12,100,2022
12,573204,"Thielbar, Caleb",6/23/2022,661685,12,100,2022
12,453178,"Kennedy, Ian",8/8/2022,663304,12,100,2022
12,676092,"Snider, Collin",8/27/2022,662666,12,100,2022
12,681810,"Warren, Austin",7/12/2022,663402,12,100,2022
12,541640,"Ramírez, Erasmo",8/1/2022,662474,12,100,2022
12,621051,"Wilson, Steven",8/17/2022,661356,12,100,2022
12,657272,"Uelmen, Erich",8/5/2022,661063,12,100,2022
12,622253,"Tate, Dillon",8/16/2022,661706,12,100,2022
12,666808,"Doval, Camilo",8/8/2022,662218,12,100,2022
12,670970,"Morejon, Adrian",8/9/2022,662246,12,100,2022
12,642207,"Williams, Devin",8/18/2022,661179,12,100,2022
12,643377,"Jax, Griffin",8/17/2022,661654,12,100,2022
12,593974,"Peralta, Wandy",6/5/2022,661277,12,100,2022
12,643377,"Jax, Griffin",6/13/2022,662126,12,100,2022
12,650633,"King, Michael",6/9/2022,661697,12,100,2022
12,666204,"Jiménez, Dany",8/17/2022,661788,12,100,2022
12,669424,"Lambert, Jimmy",8/16/2022,661448,12,100,2022
12,544365,"Bañuelos, Manny",8/2/2022,662298,12,100,2022
12,594580,"Moll, Sam",8/3/2022,663375,12,100,2022
12,605177,"Chafin, Andrew",8/3/2022,661664,12,100,2022
12,640448,"Finnegan, Kyle",8/2/2022,662529,12,100,2022
12,664854,"Helsley, Ryan",6/13/2022,661974,12,100,2022
12,656638,"Lange, Alex",8/1/2022,661671,12,100,2022
12,666204,"Jiménez, Dany",6/10/2022,663014,12,100,2022
12,665665,"Sanmartin, Reiver",8/1/2022,661369,12,100,2022
12,669424,"Lambert, Jimmy",8/1/2022,661387,12,100,2022
12,669622,"Bender, Anthony",8/2/2022,661368,12,100,2022
12,681911,"Vesia, Alex",8/2/2022,662056,12,100,2022
12,682171,"Murfee, Penn",6/6/2022,662762,12,100,2022
12,605130,"Barlow, Scott",7/3/2022,662794,12,100,2022
12,444876,"Escobar, Alcides",7/8/2022,661522,12,100,2022
11,621242,"Díaz, Edwin",7/23/2022,662495,11,100,2022
11,606160,"Montero, Rafael",7/21/2022,662775,11,100,2022
11,642758,"Acevedo, Domingo",7/11/2022,661814,11,100,2022
11,664126,"Fairbanks, Pete",8/20/2022,661861,11,100,2022
11,656322,"Coonrod, Sam",8/22/2022,661601,11,100,2022
11,519293,"Smith, Will",8/19/2022,661492,11,100,2022
11,669395,"Coleman, Dylan",8/30/2022,661442,11,100,2022
11,621383,"Banks, Tanner",8/2/2022,661386,11,100,2022
11,643377,"Jax, Griffin",7/30/2022,662196,11,100,2022
11,622554,"Domínguez, Seranthony",7/8/2022,661136,11,100,2022
11,640444,"Crowe, Wil",7/30/2022,662415,11,100,2022
11,517008,"Colomé, Alex",6/9/2022,662091,11,100,2022
11,518397,"Alexander, Scott",8/30/2022,662000,11,100,2022
11,542947,"Bleier, Richard",7/6/2022,661378,11,100,2022
11,666204,"Jiménez, Dany",6/5/2022,662363,11,100,2022
11,459429,"McGee, Jake",8/2/2022,662298,11,100,2022
11,641729,"Jiménez, Joe",8/1/2022,661671,11,100,2022
11,547973,"Chapman, Aroldis",7/5/2022,662329,11,100,2022
11,606160,"Montero, Rafael",7/28/2022,662907,11,100,2022
11,623149,"Sewald, Paul",6/8/2022,662760,11,100,2022
11,656322,"Coonrod, Sam",8/27/2022,661599,11,100,2022
11,663432,"Rainey, Tanner",6/8/2022,661150,11,100,2022
11,656793,"Nelson, Nick",8/27/2022,661599,11,100,2022
11,519293,"Smith, Will",8/25/2022,662711,11,100,2022
11,453178,"Kennedy, Ian",7/31/2022,661498,11,100,2022
11,542888,"Armstrong, Shawn",7/31/2022,661869,11,100,2022
11,571710,"Givens, Mychal",7/6/2022,661225,11,100,2022
11,475479,"Phelps, David",8/31/2022,661779,11,100,2022
11,621051,"Wilson, Steven",7/29/2022,662268,11,100,2022
11,605154,"Brebbia, John",7/6/2022,663318,11,100,2022
11,621366,"Borucki, Ryan",7/30/2022,662738,11,100,2022
11,643256,"Cimber, Adam",7/28/2022,661714,11,100,2022
11,605538,"Wisler, Matt",7/8/2022,663053,11,100,2022
11,644364,"Arano, Víctor",7/29/2022,662477,11,100,2022
11,622694,"Hernández, Elieser",7/9/2022,662497,11,100,2022
11,592773,"Stanek, Ryne",8/28/2022,661089,11,100,2022
11,640451,"Harvey, Hunter",7/26/2022,662573,11,100,2022
11,657571,"Ferguson, Caleb",7/30/2022,662989,11,100,2022
11,489265,"Romo, Sergio",6/13/2022,662126,11,100,2022
11,518489,"Brasier, Ryan",6/12/2022,662127,11,100,2022
11,605242,"Fulmer, Michael",6/11/2022,662830,11,100,2022
11,621363,"Poche, Colin",8/30/2022,661351,11,100,2022
11,641360,"Bickford, Phil",6/10/2022,662090,11,100,2022
11,542914,"Bass, Anthony",6/21/2022,661148,11,100,2022
11,547184,"Kelly, Michael",6/19/2022,662553,11,100,2022
11,663574,"Santillan, Tony",6/12/2022,661975,11,100,2022
11,664208,"Maton, Phil",6/13/2022,661881,11,100,2022
11,605347,"López, Jorge",8/28/2022,661663,11,100,2022
11,621016,"Cuas, Jose",6/18/2022,662368,11,100,2022
11,641835,"Mayza, Tim",6/18/2022,661748,11,100,2022
11,445276,"Jansen, Kenley",8/22/2022,662394,11,100,2022
11,656458,"Gilbreath, Lucas",6/22/2022,661393,11,100,2022
11,656529,"Hentges, Sam",6/18/2022,662686,11,100,2022
11,657612,"Hill, Tim",6/19/2022,662998,11,100,2022
11,606160,"Montero, Rafael",8/21/2022,661480,11,100,2022
11,459429,"McGee, Jake",8/20/2022,662180,11,100,2022
11,643230,"Brault, Steven",8/23/2022,663113,11,100,2022
11,643377,"Jax, Griffin",8/20/2022,661670,11,100,2022
11,650893,"Cabrera, Génesis",8/20/2022,663291,11,100,2022
11,676265,"Abbott, Cory",6/19/2022,662553,11,100,2022
11,475479,"Phelps, David",7/27/2022,661715,11,100,2022
11,659275,"Lamet, Dinelson",8/21/2022,662878,11,100,2022
11,660853,"De Los Santos, Enyel",8/20/2022,662953,11,100,2022
11,664139,"Gibaut, Ian",8/21/2022,662300,11,100,2022
11,554431,"Matzek, Tyler",7/23/2022,661503,11,100,2022
11,571656,"Farmer, Buck",8/20/2022,662395,11,100,2022
11,606149,"Gallegos, Giovanny",6/29/2022,661134,11,100,2022
11,606625,"Moronta, Reyes",6/28/2022,662911,11,100,2022
11,608648,"Duffey, Tyler",7/23/2022,662902,11,100,2022
11,622554,"Domínguez, Seranthony",7/23/2022,661559,11,100,2022
11,625643,"López, Reynaldo",7/23/2022,661408,11,100,2022
11,676714,"Hughes, Brandon",6/28/2022,663231,11,100,2022
11,605130,"Barlow, Scott",7/14/2022,661720,11,100,2022
11,607259,"Martinez, Nick",8/21/2022,662179,11,100,2022
11,622503,"Crismatt, Nabil",7/13/2022,662895,11,100,2022
11,656638,"Lange, Alex",7/15/2022,662942,11,100,2022
11,600921,"Machado, Andrés",7/13/2022,662531,11,100,2022
11,446321,"Detwiler, Ross",8/24/2022,661605,11,100,2022
11,622253,"Tate, Dillon",8/23/2022,663461,11,100,2022
11,670167,"Schreiber, John",7/12/2022,661877,11,100,2022
11,670090,"Mills, Wyatt",7/16/2022,661718,11,100,2022
11,642207,"Williams, Devin",7/14/2022,662109,11,100,2022
11,621242,"Díaz, Edwin",7/11/2022,661507,11,100,2022
11,642207,"Williams, Devin",7/22/2022,661193,11,100,2022
11,519151,"Pressly, Ryan",6/5/2022,662688,11,100,2022
11,641729,"Jiménez, Joe",8/19/2022,662808,11,100,2022
11,606149,"Gallegos, Giovanny",7/27/2022,661715,11,100,2022
11,643511,"Rogers, Tyler",6/8/2022,662094,11,100,2022
11,621016,"Cuas, Jose",7/25/2022,662655,11,100,2022
11,594580,"Moll, Sam",8/10/2022,662316,11,100,2022
11,656986,"Sousa, Bennett",6/8/2022,661459,11,100,2022
11,643256,"Cimber, Adam",8/20/2022,661240,11,100,2022
11,503285,"O'Day, Darren",7/6/2022,661509,11,100,2022
11,641329,"Baker, Bryan",8/11/2022,663274,11,100,2022
11,664747,"Díaz, Alexis",8/21/2022,662300,11,100,2022
11,656458,"Gilbreath, Lucas",8/12/2022,662978,11,100,2022
11,656638,"Lange, Alex",8/10/2022,662791,11,100,2022
11,643377,"Jax, Griffin",7/10/2022,661808,11,100,2022
11,665896,"Marte, José",7/10/2022,661092,11,100,2022
11,598287,"Ramirez, Noé",8/1/2022,662947,11,100,2022
11,641360,"Bickford, Phil",7/24/2022,662682,11,100,2022
11,669270,"Kuhnel, Joel",7/8/2022,663053,11,100,2022
11,642546,"Hernández, Jonathan",7/27/2022,662165,11,100,2022
11,640451,"Harvey, Hunter",8/24/2022,662144,11,100,2022
11,669912,"Snead, Kirby",8/23/2022,662339,11,100,2022
11,680704,"Sandlin, Nick",8/12/2022,661710,11,100,2022
11,493603,"Ottavino, Adam",6/15/2022,662480,11,100,2022
11,519326,"Strickland, Hunter",6/17/2022,663063,11,100,2022
11,641360,"Bickford, Phil",8/1/2022,662070,11,100,2022
11,598287,"Ramirez, Noé",6/14/2022,663342,11,100,2022
11,664208,"Maton, Phil",6/21/2022,662750,11,100,2022
11,605347,"López, Jorge",6/15/2022,661744,11,100,2022
11,621366,"Borucki, Ryan",6/16/2022,662172,11,100,2022
11,596057,"Norris, Daniel",7/16/2022,661115,11,100,2022
11,605130,"Barlow, Scott",7/16/2022,661718,11,100,2022
11,623465,"Phillips, Evan",7/23/2022,662608,11,100,2022
11,642528,"Loáisiga, Jonathan",7/21/2022,662775,11,100,2022
11,668800,"Knizner, Andrew",8/26/2022,661940,11,100,2022
11,657024,"Swanson, Erik",7/22/2022,662167,11,100,2022
11,657612,"Hill, Tim",7/16/2022,662271,11,100,2022
11,663855,"Hicks, Jordan",7/22/2022,663060,11,100,2022
11,608678,"Leone, Dominic",8/27/2022,661657,11,100,2022
11,664126,"Fairbanks, Pete",7/27/2022,661053,11,100,2022
11,502085,"Robertson, David",8/12/2022,662434,11,100,2022
11,547973,"Chapman, Aroldis",8/12/2022,663177,11,100,2022
11,642528,"Loáisiga, Jonathan",8/26/2022,662342,11,100,2022
11,608678,"Leone, Dominic",8/14/2022,662035,11,100,2022
11,446321,"Detwiler, Ross",6/1/2022,663296,11,100,2022
11,543238,"Gose, Anthony",6/4/2022,661346,11,100,2022
11,643256,"Cimber, Adam",8/12/2022,661710,11,100,2022
11,650671,"Quijada, José",8/14/2022,663371,11,100,2022
11,622253,"Tate, Dillon",6/29/2022,662151,11,100,2022
11,663947,"Holton, Tyler",8/14/2022,662881,11,100,2022
11,665665,"Sanmartin, Reiver",8/14/2022,663021,11,100,2022
11,519043,"Moore, Matt",7/29/2022,663379,11,100,2022
11,622253,"Tate, Dillon",6/4/2022,661346,11,100,2022
11,656234,"Bird, Jake",6/17/2022,662985,11,100,2022
11,666808,"Doval, Camilo",6/17/2022,662437,11,100,2022
11,669270,"Kuhnel, Joel",7/15/2022,661116,11,100,2022
11,656557,"Houck, Tanner",6/26/2022,663121,11,100,2022
11,593576,"Neris, Héctor",6/23/2022,661325,11,100,2022
11,663423,"Thornton, Trent",6/4/2022,661749,11,100,2022
11,664126,"Fairbanks, Pete",8/7/2022,662810,11,100,2022
11,623149,"Sewald, Paul",6/23/2022,662358,11,100,2022
11,571901,"Loup, Aaron",6/12/2022,663397,11,100,2022
11,455119,"Martin, Chris",6/26/2022,661969,11,100,2022
11,519043,"Moore, Matt",8/7/2022,661835,11,100,2022
11,571948,"Milner, Hoby",8/6/2022,661173,11,100,2022
11,605130,"Barlow, Scott",8/9/2022,662647,11,100,2022
11,521230,"Hendriks, Liam",8/9/2022,662779,11,100,2022
11,606160,"Montero, Rafael",8/9/2022,662724,11,100,2022
11,661403,"Clase, Emmanuel",7/14/2022,663123,11,100,2022
11,593974,"Peralta, Wandy",6/10/2022,661284,11,100,2022
11,605218,"Edwards Jr., Carl",7/15/2022,662516,11,100,2022
11,643377,"Jax, Griffin",8/6/2022,661662,11,100,2022
11,657571,"Ferguson, Caleb",7/13/2022,661118,11,100,2022
11,669270,"Kuhnel, Joel",8/7/2022,661172,11,100,2022
11,665645,"Castro, Kervin",8/7/2022,661061,11,100,2022
11,650556,"Abreu, Bryan",8/5/2022,662945,11,100,2022
11,605280,"Holmes, Clay",6/10/2022,661284,11,100,2022
11,521230,"Hendriks, Liam",7/13/2022,662949,11,100,2022
11,657612,"Hill, Tim",7/13/2022,662895,11,100,2022
11,459429,"McGee, Jake",8/17/2022,662470,11,100,2022
11,606149,"Gallegos, Giovanny",6/13/2022,661974,11,100,2022
11,605218,"Edwards Jr., Carl",8/18/2022,662182,11,100,2022
11,608032,"Estévez, Carlos",7/11/2022,662996,11,100,2022
11,664294,"Moreta, Dauri",7/15/2022,661116,11,100,2022
11,606625,"Moronta, Reyes",7/15/2022,663385,11,100,2022
11,657272,"Uelmen, Erich",8/16/2022,662550,11,100,2022
11,621366,"Borucki, Ryan",6/11/2022,662128,11,100,2022
11,614179,"Ruiz, José",7/12/2022,663087,11,100,2022
11,598287,"Ramirez, Noé",6/10/2022,661617,11,100,2022
11,628452,"Iglesias, Raisel",8/5/2022,662418,11,100,2022
11,518489,"Brasier, Ryan",8/3/2022,662725,11,100,2022
11,656271,"Burke, Brock",7/14/2022,661811,11,100,2022
11,518617,"Diekman, Jake",8/9/2022,662779,11,100,2022
11,543339,"Hudson, Daniel",6/24/2022,661139,11,100,2022
11,472610,"García, Luis",6/26/2022,662254,11,100,2022
11,642397,"Soto, Gregory",6/2/2022,662832,11,100,2022
11,453268,"Bard, Daniel",6/4/2022,662987,11,100,2022
11,642758,"Acevedo, Domingo",6/3/2022,662365,11,100,2022
11,641914,"Neuse, Sheldon",8/25/2022,662337,11,100,2022
11,622554,"Domínguez, Seranthony",6/17/2022,662580,11,100,2022
11,570257,"Rodríguez, Joely",6/15/2022,662480,11,100,2022
11,476595,"Luetge, Lucas",6/17/2022,661742,11,100,2022
11,664092,"Poppen, Sean",6/17/2022,663335,11,100,2022
11,621074,"Rucker, Michael",8/10/2022,663229,11,100,2022
11,607625,"Lugo, Seth",8/18/2022,661493,11,100,2022
11,641329,"Baker, Bryan",6/2/2022,661247,11,100,2022
11,595345,"Okert, Steven",7/1/2022,662492,11,100,2022
11,659275,"Lamet, Dinelson",8/26/2022,662432,11,100,2022
11,517008,"Colomé, Alex",7/16/2022,661081,11,100,2022
11,650633,"King, Michael",6/22/2022,661889,11,100,2022
11,670167,"Schreiber, John",7/9/2022,663223,11,100,2022
11,669145,"Zimmermann, Bruce",7/9/2022,661071,11,100,2022
11,641835,"Mayza, Tim",7/8/2022,662155,11,100,2022
11,518489,"Brasier, Ryan",7/9/2022,663223,11,100,2022
11,656638,"Lange, Alex",6/7/2022,662449,11,100,2022
11,623465,"Phillips, Evan",6/5/2022,662612,11,100,2022
11,502202,"Boxberger, Brad",6/5/2022,661241,11,100,2022
11,675916,"Karinchak, James",7/16/2022,662952,11,100,2022
11,650671,"Quijada, José",7/12/2022,663402,11,100,2022
11,594311,"Gustave, Jandel",7/12/2022,661688,11,100,2022
11,608678,"Leone, Dominic",7/16/2022,662113,11,100,2022
11,641729,"Jiménez, Joe",7/4/2022,662841,11,100,2022
11,608718,"Suter, Brent",8/27/2022,661180,11,100,2022
11,605194,"Cotton, Jharel",7/24/2022,662901,11,100,2022
11,607237,"Garrett, Amir",7/31/2022,661254,11,100,2022
11,665665,"Sanmartin, Reiver",8/19/2022,662396,11,100,2022
11,554431,"Matzek, Tyler",7/10/2022,661520,11,100,2022
11,663989,"Vespi, Nick",7/5/2022,661244,11,100,2022
11,669270,"Kuhnel, Joel",8/27/2022,662468,11,100,2022
11,622253,"Tate, Dillon",8/2/2022,661819,11,100,2022
11,592866,"Williams, Trevor",7/29/2022,661372,11,100,2022
11,523260,"Kelly, Joe",8/27/2022,661444,11,100,2022
11,621242,"Díaz, Edwin",7/9/2022,662497,11,100,2022
11,669424,"Lambert, Jimmy",8/25/2022,663459,11,100,2022
11,573009,"Mantiply, Joe",8/24/2022,662640,11,100,2022
11,608648,"Duffey, Tyler",7/15/2022,661674,11,100,2022
11,621249,"Underwood Jr., Duane",8/24/2022,662371,11,100,2022
11,656945,"Scott, Tanner",7/9/2022,662497,11,100,2022
11,456713,"Bush, Matt",7/28/2022,663380,11,100,2022
11,592773,"Stanek, Ryne",8/31/2022,661831,11,100,2022
11,593974,"Peralta, Wandy",7/31/2022,661254,11,100,2022
11,605347,"López, Jorge",7/29/2022,663026,11,100,2022
11,614179,"Ruiz, José",8/1/2022,661387,11,100,2022
11,676534,"Faucher, Calvin",7/9/2022,663092,11,100,2022
11,663423,"Thornton, Trent",8/3/2022,661867,11,100,2022
11,608665,"Graveman, Kendall",7/26/2022,661079,11,100,2022
11,593576,"Neris, Héctor",6/18/2022,662752,11,100,2022
11,622075,"Almonte, Yency",7/26/2022,662573,11,100,2022
11,641729,"Jiménez, Joe",7/25/2022,662809,11,100,2022
11,656685,"Martin, Brett",7/26/2022,662184,11,100,2022
11,656945,"Scott, Tanner",7/26/2022,663029,11,100,2022
11,606273,"Elías, Roenis",6/19/2022,662169,11,100,2022
11,664123,"Effross, Scott",8/2/2022,661253,11,100,2022
11,659275,"Lamet, Dinelson",7/29/2022,662268,11,100,2022
11,606625,"Moronta, Reyes",6/18/2022,662686,11,100,2022
11,621237,"Alvarado, José",6/22/2022,661851,11,100,2022
11,661395,"Duran, Jhoan",7/30/2022,662196,11,100,2022
11,628452,"Iglesias, Raisel",6/18/2022,662194,11,100,2022
11,663855,"Hicks, Jordan",7/30/2022,662476,11,100,2022
11,641835,"Mayza, Tim",6/19/2022,661741,11,100,2022
11,670167,"Schreiber, John",8/29/2022,661651,11,100,2022
11,671345,"Foley, Jason",8/30/2022,662804,11,100,2022
11,622251,"Staumont, Josh",6/9/2022,662677,11,100,2022
11,680704,"Sandlin, Nick",8/31/2022,662972,11,100,2022
11,656986,"Sousa, Bennett",6/11/2022,661484,11,100,2022
11,657240,"Merryweather, Julian",6/13/2022,661746,11,100,2022
11,667427,"Jackson, Zach",7/30/2022,661451,11,100,2022
11,472610,"García, Luis",8/19/2022,662181,11,100,2022
11,519151,"Pressly, Ryan",8/20/2022,661610,11,100,2022
11,519326,"Strickland, Hunter",8/23/2022,661600,11,100,2022
11,456713,"Bush, Matt",7/21/2022,661421,11,100,2022
11,541640,"Ramírez, Erasmo",8/21/2022,662179,11,100,2022
11,605280,"Holmes, Clay",8/31/2022,663410,11,100,2022
11,542585,"Cisnero, José",8/23/2022,662914,11,100,2022
11,623465,"Phillips, Evan",8/30/2022,662426,11,100,2022
11,675916,"Karinchak, James",7/31/2022,661869,11,100,2022
11,643410,"Leiter Jr., Mark",8/29/2022,661801,11,100,2022
11,660853,"De Los Santos, Enyel",8/28/2022,662139,11,100,2022
11,573204,"Thielbar, Caleb",8/20/2022,661670,11,100,2022
11,592773,"Stanek, Ryne",8/20/2022,661610,11,100,2022
11,592773,"Stanek, Ryne",8/4/2022,662975,11,100,2022
11,605177,"Chafin, Andrew",8/21/2022,662805,11,100,2022
11,623149,"Sewald, Paul",7/16/2022,661809,11,100,2022
11,621383,"Banks, Tanner",8/23/2022,663461,11,100,2022
11,640462,"Puk, A.J.",8/20/2022,662340,11,100,2022
11,656458,"Gilbreath, Lucas",8/21/2022,662878,11,100,2022
11,657612,"Hill, Tim",8/19/2022,662181,11,100,2022
11,663947,"Holton, Tyler",8/19/2022,663292,11,100,2022
11,642585,"Bautista, Félix",8/21/2022,661051,11,100,2022
11,518617,"Diekman, Jake",7/1/2022,663185,11,100,2022
11,606625,"Moronta, Reyes",7/2/2022,662718,11,100,2022
11,622075,"Almonte, Yency",6/28/2022,662911,11,100,2022
11,640444,"Crowe, Wil",6/30/2022,661105,11,100,2022
11,642152,"Trivino, Lou",7/2/2022,662163,11,100,2022
11,519151,"Pressly, Ryan",8/10/2022,662723,11,100,2022
11,595345,"Okert, Steven",7/24/2022,662357,11,100,2022
11,501925,"Smith, Joe",8/2/2022,661661,11,100,2022
11,571670,"Floro, Dylan",7/13/2022,661376,11,100,2022
11,670950,"Richards, Trevor",8/21/2022,661239,11,100,2022
11,519293,"Smith, Will",8/4/2022,662975,11,100,2022
11,608678,"Leone, Dominic",7/24/2022,662682,11,100,2022
11,669212,"Morgan, Eli",7/15/2022,662942,11,100,2022
11,518553,"Cishek, Steve",8/26/2022,662469,11,100,2022
11,517008,"Colomé, Alex",7/2/2022,662910,11,100,2022
11,554340,"García, Yimi",6/7/2022,662678,11,100,2022
11,642121,"Sulser, Cole",6/5/2022,661394,11,100,2022
11,543901,"Weber, Ryan",7/2/2022,662964,11,100,2022
11,518586,"Culberson, Charlie",6/15/2022,661845,11,100,2022
11,661403,"Clase, Emmanuel",6/8/2022,663055,11,100,2022
11,523260,"Kelly, Joe",6/14/2022,662884,11,100,2022
11,664854,"Helsley, Ryan",6/7/2022,661894,11,100,2022
11,573204,"Thielbar, Caleb",6/29/2022,663030,11,100,2022
11,545343,"Head, Louis",6/17/2022,662534,11,100,2022
11,596057,"Norris, Daniel",6/15/2022,663155,11,100,2022
11,571948,"Milner, Hoby",7/8/2022,661177,11,100,2022
11,612434,"Castro, Miguel",6/15/2022,661327,11,100,2022
11,605447,"Romano, Jordan",7/6/2022,662353,11,100,2022
11,606149,"Gallegos, Giovanny",7/6/2022,661509,11,100,2022
11,656529,"Hentges, Sam",7/27/2022,663191,11,100,2022
11,621345,"Minter, A.J.",7/6/2022,661509,11,100,2022
11,642585,"Bautista, Félix",6/14/2022,661745,11,100,2022
11,621381,"Strahm, Matt",7/10/2022,663232,11,100,2022
11,643377,"Jax, Griffin",6/15/2022,662173,11,100,2022
11,518553,"Cishek, Steve",7/4/2022,662541,11,100,2022
11,669270,"Kuhnel, Joel",6/17/2022,663063,11,100,2022
11,669618,"Barlow, Joe",6/16/2022,662827,11,100,2022
11,571901,"Loup, Aaron",6/21/2022,663442,11,100,2022
11,571479,"Bellatti, Andrew",6/22/2022,661851,11,100,2022
11,643256,"Cimber, Adam",7/2/2022,661836,11,100,2022
11,605194,"Cotton, Jharel",6/21/2022,661677,11,100,2022
11,664854,"Helsley, Ryan",8/27/2022,661939,11,100,2022
11,502179,"Espino, Paolo",6/2/2022,663091,11,100,2022
11,641627,"Gott, Trevor",6/4/2022,661214,11,100,2022
11,656638,"Lange, Alex",6/21/2022,663246,11,100,2022
11,660600,"Paredes, Enoli",7/2/2022,662890,11,100,2022
11,665001,"Kelley, Trevor",6/4/2022,661214,11,100,2022
11,672391,"Ort, Kaleb",7/26/2022,663203,11,100,2022
11,666808,"Doval, Camilo",6/18/2022,661123,11,100,2022
11,459429,"McGee, Jake",6/1/2022,661612,11,100,2022
11,445926,"Chavez, Jesse",7/23/2022,661503,11,100,2022
11,680704,"Sandlin, Nick",7/26/2022,663203,11,100,2022
11,459429,"McGee, Jake",7/23/2022,661201,11,100,2022
11,519043,"Moore, Matt",6/4/2022,661936,11,100,2022
11,502085,"Robertson, David",7/23/2022,661559,11,100,2022
11,521230,"Hendriks, Liam",8/3/2022,661385,11,100,2022
11,542914,"Bass, Anthony",7/22/2022,662327,11,100,2022
11,669459,"Nelson, Kyle",7/2/2022,662910,11,100,2022
11,573204,"Thielbar, Caleb",7/17/2022,661672,11,100,2022
11,672335,"Pérez, Cionel",6/2/2022,661247,11,100,2022
11,670167,"Schreiber, John",6/28/2022,661728,11,100,2022
11,608665,"Graveman, Kendall",7/23/2022,661523,11,100,2022
11,621363,"Poche, Colin",7/16/2022,661873,11,100,2022
11,622098,"Smith, Drew",7/16/2022,661114,11,100,2022
11,672335,"Pérez, Cionel",6/28/2022,662186,11,100,2022
11,642152,"Trivino, Lou",7/17/2022,662908,11,100,2022
11,623451,"Stephens, Jackson",6/4/2022,662987,11,100,2022
11,608717,"Stratton, Chris",6/4/2022,662451,11,100,2022
11,642758,"Acevedo, Domingo",7/17/2022,662908,11,100,2022
11,647315,"Pop, Zach",7/16/2022,661359,11,100,2022
11,661395,"Duran, Jhoan",7/23/2022,662902,11,100,2022
11,453268,"Bard, Daniel",7/13/2022,662895,11,100,2022
11,542914,"Bass, Anthony",8/13/2022,661709,11,100,2022
11,572193,"Tepera, Ryan",8/10/2022,662316,11,100,2022
11,596112,"Stephenson, Robert",8/13/2022,662882,11,100,2022
11,493603,"Ottavino, Adam",6/24/2022,661382,11,100,2022
11,660787,"De los Santos, Yerry",7/13/2022,661376,11,100,2022
11,650895,"Castillo, Diego",8/14/2022,661789,11,100,2022
11,518617,"Diekman, Jake",7/11/2022,661878,11,100,2022
11,628452,"Iglesias, Raisel",6/27/2022,663440,11,100,2022
11,667427,"Jackson, Zach",6/25/2022,662672,11,100,2022
11,641582,"Foster, Matt",7/12/2022,662976,11,100,2022
11,518886,"Kimbrel, Craig",6/15/2022,662694,11,100,2022
11,571479,"Bellatti, Andrew",6/17/2022,662502,11,100,2022
11,664747,"Díaz, Alexis",6/14/2022,663342,11,100,2022
11,644364,"Arano, Víctor",6/3/2022,663119,11,100,2022
11,605525,"Wendelken, J.B.",6/24/2022,663333,11,100,2022
11,650633,"King, Michael",7/12/2022,661262,11,100,2022
11,573204,"Thielbar, Caleb",7/5/2022,661426,11,100,2022
11,641729,"Jiménez, Joe",6/1/2022,662833,11,100,2022
11,593576,"Neris, Héctor",7/3/2022,662889,11,100,2022
11,571710,"Givens, Mychal",8/5/2022,662418,11,100,2022
11,621345,"Minter, A.J.",6/4/2022,662987,11,100,2022
11,605347,"López, Jorge",6/11/2022,662674,11,100,2022
11,573009,"Mantiply, Joe",8/8/2022,663304,11,100,2022
11,670167,"Schreiber, John",6/1/2022,663296,11,100,2022
11,642207,"Williams, Devin",8/4/2022,662303,11,100,2022
11,640448,"Finnegan, Kyle",6/4/2022,663102,11,100,2022
11,608665,"Graveman, Kendall",8/5/2022,661816,11,100,2022
11,650895,"Castillo, Diego",6/23/2022,662358,11,100,2022
11,517008,"Colomé, Alex",6/23/2022,661392,11,100,2022
11,621016,"Cuas, Jose",6/24/2022,662664,11,100,2022
11,598287,"Ramirez, Noé",7/3/2022,662913,11,100,2022
11,623474,"Herget, Jimmy",8/5/2022,662164,11,100,2022
11,642152,"Trivino, Lou",8/7/2022,661948,11,100,2022
11,523260,"Kelly, Joe",6/26/2022,661453,11,100,2022
11,643377,"Jax, Griffin",8/5/2022,661659,11,100,2022
11,573124,"Rogers, Taylor",7/15/2022,662197,11,100,2022
11,647315,"Pop, Zach",6/23/2022,661392,11,100,2022
11,657770,"Stout, Eric",8/27/2022,661599,11,100,2022
11,456713,"Bush, Matt",8/9/2022,661182,11,100,2022
11,623465,"Phillips, Evan",6/11/2022,662089,11,100,2022
11,641329,"Baker, Bryan",6/9/2022,662677,11,100,2022
11,502202,"Boxberger, Brad",6/7/2022,661205,11,100,2022
11,656638,"Lange, Alex",8/7/2022,662810,11,100,2022
11,663158,"Suarez, Robert",8/26/2022,662667,11,100,2022
11,642585,"Bautista, Félix",8/16/2022,661706,11,100,2022
11,643410,"Leiter Jr., Mark",8/16/2022,662550,11,100,2022
11,643256,"Cimber, Adam",8/16/2022,661706,11,100,2022
11,657571,"Ferguson, Caleb",8/15/2022,661199,11,100,2022
11,606424,"García, Jarlín",8/15/2022,662034,11,100,2022
11,642152,"Trivino, Lou",8/17/2022,661266,11,100,2022
11,642397,"Soto, Gregory",8/16/2022,662943,11,100,2022
11,573204,"Thielbar, Caleb",8/3/2022,661664,11,100,2022
11,625643,"López, Reynaldo",6/7/2022,661460,11,100,2022
11,660813,"Graterol, Brusdar",6/12/2022,662085,11,100,2022
11,544365,"Bañuelos, Manny",7/30/2022,662415,11,100,2022
11,650556,"Abreu, Bryan",6/6/2022,662762,11,100,2022
11,650633,"King, Michael",6/5/2022,661277,11,100,2022
11,606160,"Montero, Rafael",7/3/2022,662889,11,100,2022
10,519326,"Strickland, Hunter",7/27/2022,663028,10,100,2022
10,621242,"Díaz, Edwin",7/29/2022,661372,10,100,2022
10,621345,"Minter, A.J.",8/27/2022,661939,10,100,2022
10,660853,"De Los Santos, Enyel",8/24/2022,662212,10,100,2022
10,503285,"O'Day, Darren",7/4/2022,661511,10,100,2022
10,661395,"Duran, Jhoan",8/1/2022,661671,10,100,2022
10,676206,"Tarnok, Freddy",8/17/2022,661494,10,100,2022
10,656945,"Scott, Tanner",8/2/2022,661368,10,100,2022
10,502085,"Robertson, David",8/15/2022,663020,10,100,2022
10,608717,"Stratton, Chris",6/23/2022,661106,10,100,2022
10,571670,"Floro, Dylan",6/1/2022,662981,10,100,2022
10,542947,"Bleier, Richard",6/9/2022,661149,10,100,2022
10,644364,"Arano, Víctor",6/1/2022,662457,10,100,2022
10,476595,"Luetge, Lucas",6/11/2022,661276,10,100,2022
10,641401,"Brogdon, Connor",8/7/2022,661558,10,100,2022
10,456713,"Bush, Matt",6/24/2022,661844,10,100,2022
10,622554,"Domínguez, Seranthony",7/25/2022,661555,10,100,2022
10,669912,"Snead, Kirby",7/12/2022,661813,10,100,2022
10,663558,"Moran, Jovani",8/2/2022,661661,10,100,2022
10,456713,"Bush, Matt",6/8/2022,663055,10,100,2022
10,453343,"Melancon, Mark",7/4/2022,663343,10,100,2022
10,656945,"Scott, Tanner",6/10/2022,662759,10,100,2022
10,605447,"Romano, Jordan",7/28/2022,661714,10,100,2022
10,640448,"Finnegan, Kyle",7/4/2022,662541,10,100,2022
10,660813,"Graterol, Brusdar",6/8/2022,661459,10,100,2022
10,660813,"Graterol, Brusdar",8/26/2022,661355,10,100,2022
10,661403,"Clase, Emmanuel",6/5/2022,661151,10,100,2022
10,595345,"Okert, Steven",8/24/2022,662338,10,100,2022
10,502085,"Robertson, David",8/26/2022,661603,10,100,2022
10,476595,"Luetge, Lucas",7/31/2022,661254,10,100,2022
10,605538,"Wisler, Matt",7/6/2022,663244,10,100,2022
10,607179,"Weems, Jordan",7/7/2022,661566,10,100,2022
10,656458,"Gilbreath, Lucas",7/30/2022,662989,10,100,2022
10,547973,"Chapman, Aroldis",7/26/2022,662438,10,100,2022
10,622253,"Tate, Dillon",7/8/2022,661108,10,100,2022
10,621242,"Díaz, Edwin",7/24/2022,662458,10,100,2022
10,593576,"Neris, Héctor",8/28/2022,661089,10,100,2022
10,656685,"Martin, Brett",7/8/2022,661843,10,100,2022
10,657024,"Swanson, Erik",7/27/2022,662165,10,100,2022
10,660787,"De los Santos, Yerry",7/29/2022,662435,10,100,2022
10,662253,"Muñoz, Andrés",7/9/2022,662147,10,100,2022
10,542947,"Bleier, Richard",6/10/2022,662759,10,100,2022
10,453178,"Kennedy, Ian",6/21/2022,662248,10,100,2022
10,456034,"Price, David",6/21/2022,663041,10,100,2022
10,608328,"De Jong, Chase",6/9/2022,661514,10,100,2022
10,517008,"Colomé, Alex",6/18/2022,662999,10,100,2022
10,623465,"Phillips, Evan",6/12/2022,662085,10,100,2022
10,605151,"Bradley, Archie",6/21/2022,663442,10,100,2022
10,605154,"Brebbia, John",6/18/2022,661123,10,100,2022
10,605194,"Cotton, Jharel",6/18/2022,663351,10,100,2022
10,622075,"Almonte, Yency",8/3/2022,662055,10,100,2022
10,663765,"Woodford, Jake",8/29/2022,663018,10,100,2022
10,623149,"Sewald, Paul",6/18/2022,662194,10,100,2022
10,667297,"Nance, Tommy",8/28/2022,661353,10,100,2022
10,643511,"Rogers, Tyler",6/22/2022,661141,10,100,2022
10,570257,"Rodríguez, Joely",8/19/2022,661607,10,100,2022
10,643511,"Rogers, Tyler",8/19/2022,662880,10,100,2022
10,502202,"Boxberger, Brad",8/21/2022,663115,10,100,2022
10,453178,"Kennedy, Ian",7/22/2022,663306,10,100,2022
10,661395,"Duran, Jhoan",8/19/2022,661655,10,100,2022
10,666374,"Brash, Matt",8/19/2022,662341,10,100,2022
10,676760,"Marinaccio, Ron",8/20/2022,661240,10,100,2022
10,455119,"Martin, Chris",6/30/2022,663199,10,100,2022
10,571710,"Givens, Mychal",7/23/2022,661559,10,100,2022
10,517008,"Colomé, Alex",7/27/2022,661078,10,100,2022
10,570666,"Cessa, Luis",8/3/2022,661367,10,100,2022
10,641501,"Danish, Tyler",7/1/2022,663185,10,100,2022
10,605130,"Barlow, Scott",8/22/2022,662767,10,100,2022
10,670124,"Oller, Adam",6/29/2022,661263,10,100,2022
10,606149,"Gallegos, Giovanny",8/20/2022,663291,10,100,2022
10,640451,"Harvey, Hunter",7/14/2022,662518,10,100,2022
10,614177,"Reyes, Franmil",8/23/2022,663113,10,100,2022
10,571901,"Loup, Aaron",7/14/2022,663386,10,100,2022
10,663558,"Moran, Jovani",7/17/2022,661672,10,100,2022
10,571948,"Milner, Hoby",7/15/2022,662072,10,100,2022
10,621237,"Alvarado, José",8/20/2022,661606,10,100,2022
10,543766,"Shaw, Bryan",8/11/2022,662790,10,100,2022
10,617228,"Sawamura, Hirokazu",6/7/2022,663391,10,100,2022
10,571479,"Bellatti, Andrew",8/14/2022,662427,10,100,2022
10,605347,"López, Jorge",8/12/2022,663373,10,100,2022
10,666808,"Doval, Camilo",6/8/2022,662094,10,100,2022
10,663989,"Vespi, Nick",6/7/2022,661170,10,100,2022
10,493603,"Ottavino, Adam",7/3/2022,662509,10,100,2022
10,608665,"Graveman, Kendall",8/12/2022,661384,10,100,2022
10,547973,"Chapman, Aroldis",7/6/2022,662328,10,100,2022
10,570666,"Cessa, Luis",7/7/2022,663071,10,100,2022
10,640462,"Puk, A.J.",8/10/2022,662316,10,100,2022
10,669212,"Morgan, Eli",8/20/2022,662953,10,100,2022
10,656685,"Martin, Brett",7/9/2022,661842,10,100,2022
10,669395,"Coleman, Dylan",8/21/2022,661860,10,100,2022
10,476595,"Luetge, Lucas",6/15/2022,661327,10,100,2022
10,489265,"Romo, Sergio",6/16/2022,662172,10,100,2022
10,621016,"Cuas, Jose",6/21/2022,663442,10,100,2022
10,622503,"Crismatt, Nabil",6/18/2022,662999,10,100,2022
10,628452,"Iglesias, Raisel",6/21/2022,663442,10,100,2022
10,523260,"Kelly, Joe",8/2/2022,661386,10,100,2022
10,660813,"Graterol, Brusdar",6/19/2022,662590,10,100,2022
10,570257,"Rodríguez, Joely",7/5/2022,663035,10,100,2022
10,519151,"Pressly, Ryan",6/29/2022,662440,10,100,2022
10,614179,"Ruiz, José",6/15/2022,662883,10,100,2022
10,519293,"Smith, Will",7/22/2022,661504,10,100,2022
10,641582,"Foster, Matt",8/2/2022,661386,10,100,2022
10,656730,"Megill, Trevor",7/27/2022,661249,10,100,2022
10,544727,"Familia, Jeurys",6/29/2022,661584,10,100,2022
10,661403,"Clase, Emmanuel",6/16/2022,662986,10,100,2022
10,650556,"Abreu, Bryan",6/1/2022,662366,10,100,2022
10,671345,"Foley, Jason",8/11/2022,662790,10,100,2022
10,543272,"Hand, Brad",8/10/2022,661557,10,100,2022
10,622694,"Hernández, Elieser",8/13/2022,661428,10,100,2022
10,621248,"Garza Jr., Ralph",6/29/2022,661879,10,100,2022
10,545341,"Grichuk, Randal",6/1/2022,662981,10,100,2022
10,664123,"Effross, Scott",8/12/2022,663177,10,100,2022
10,573009,"Mantiply, Joe",6/3/2022,662452,10,100,2022
10,664208,"Maton, Phil",6/3/2022,662692,10,100,2022
10,641941,"Pagán, Emilio",7/2/2022,661683,10,100,2022
10,628708,"Marte, Yunior",7/2/2022,662101,10,100,2022
10,596071,"Peters, Dillon",6/1/2022,662721,10,100,2022
10,543339,"Hudson, Daniel",6/14/2022,662611,10,100,2022
10,543766,"Shaw, Bryan",6/16/2022,662986,10,100,2022
10,640462,"Puk, A.J.",6/4/2022,662364,10,100,2022
10,642397,"Soto, Gregory",6/29/2022,662080,10,100,2022
10,543766,"Shaw, Bryan",6/15/2022,662893,10,100,2022
10,643256,"Cimber, Adam",6/30/2022,661726,10,100,2022
10,650556,"Abreu, Bryan",7/1/2022,662748,10,100,2022
10,607755,"Vasquez, Andrew",6/3/2022,661761,10,100,2022
10,459429,"McGee, Jake",6/9/2022,662091,10,100,2022
10,682171,"Murfee, Penn",6/17/2022,662171,10,100,2022
10,664092,"Poppen, Sean",7/1/2022,662997,10,100,2022
10,663423,"Thornton, Trent",6/28/2022,661728,10,100,2022
10,622251,"Staumont, Josh",6/4/2022,662689,10,100,2022
10,647315,"Pop, Zach",7/21/2022,661421,10,100,2022
10,570666,"Cessa, Luis",6/12/2022,661975,10,100,2022
10,622554,"Domínguez, Seranthony",6/25/2022,662247,10,100,2022
10,656685,"Martin, Brett",6/24/2022,661844,10,100,2022
10,664294,"Moreta, Dauri",6/25/2022,662083,10,100,2022
10,521230,"Hendriks, Liam",8/5/2022,661816,10,100,2022
10,571710,"Givens, Mychal",6/10/2022,661284,10,100,2022
10,623149,"Sewald, Paul",6/24/2022,663388,10,100,2022
10,519293,"Smith, Will",6/26/2022,661512,10,100,2022
10,621366,"Borucki, Ryan",7/13/2022,662517,10,100,2022
10,608665,"Graveman, Kendall",7/4/2022,661452,10,100,2022
10,592866,"Williams, Trevor",6/11/2022,663412,10,100,2022
10,669395,"Coleman, Dylan",7/13/2022,662659,10,100,2022
10,656271,"Burke, Brock",8/7/2022,661835,10,100,2022
10,445276,"Jansen, Kenley",7/16/2022,662483,10,100,2022
10,670036,"Festa, Matt",8/6/2022,662154,10,100,2022
10,456034,"Price, David",8/18/2022,661179,10,100,2022
10,669622,"Bender, Anthony",8/7/2022,661061,10,100,2022
10,670970,"Morejon, Adrian",8/5/2022,662564,10,100,2022
10,488984,"Hunter, Tommy",7/13/2022,661505,10,100,2022
10,605612,"Castro, Harold",7/16/2022,662952,10,100,2022
10,656464,"Ginkel, Kevin",8/18/2022,662002,10,100,2022
10,661395,"Duran, Jhoan",8/15/2022,661676,10,100,2022
10,661403,"Clase, Emmanuel",8/17/2022,662951,10,100,2022
10,605447,"Romano, Jordan",8/18/2022,661265,10,100,2022
10,621016,"Cuas, Jose",6/12/2022,662673,10,100,2022
10,621242,"Díaz, Edwin",6/10/2022,663390,10,100,2022
10,598287,"Ramirez, Noé",7/11/2022,662100,10,100,2022
10,543272,"Hand, Brad",7/29/2022,662435,10,100,2022
10,623465,"Phillips, Evan",6/9/2022,661458,10,100,2022
10,592094,"Adam, Jason",8/3/2022,661867,10,100,2022
10,621016,"Cuas, Jose",6/19/2022,662361,10,100,2022
10,641401,"Brogdon, Connor",6/13/2022,661629,10,100,2022
10,502085,"Robertson, David",6/22/2022,661107,10,100,2022
10,661403,"Clase, Emmanuel",8/23/2022,662213,10,100,2022
10,592866,"Williams, Trevor",8/10/2022,662443,10,100,2022
10,453343,"Melancon, Mark",8/14/2022,662881,10,100,2022
10,641582,"Foster, Matt",7/22/2022,661409,10,100,2022
10,642585,"Bautista, Félix",7/1/2022,661691,10,100,2022
10,598287,"Ramirez, Noé",7/16/2022,662271,10,100,2022
10,518553,"Cishek, Steve",7/16/2022,662483,10,100,2022
10,661403,"Clase, Emmanuel",7/23/2022,661523,10,100,2022
10,518886,"Kimbrel, Craig",8/21/2022,662600,10,100,2022
10,543507,"May, Trevor",8/19/2022,661607,10,100,2022
10,641401,"Brogdon, Connor",8/28/2022,661598,10,100,2022
10,554340,"García, Yimi",6/12/2022,662829,10,100,2022
10,661403,"Clase, Emmanuel",7/26/2022,663203,10,100,2022
10,592858,"Wick, Rowan",8/28/2022,661168,10,100,2022
10,642758,"Acevedo, Domingo",7/5/2022,662354,10,100,2022
10,592094,"Adam, Jason",8/24/2022,661857,10,100,2022
10,541640,"Ramírez, Erasmo",7/30/2022,662476,10,100,2022
10,453268,"Bard, Daniel",7/10/2022,663307,10,100,2022
10,661383,"Ortega, Oliver",7/3/2022,662889,10,100,2022
10,676050,"Naughton, Packy",7/3/2022,661630,10,100,2022
10,682171,"Murfee, Penn",6/11/2022,662128,10,100,2022
10,593643,"Alberto, Hanser",8/24/2022,662604,10,100,2022
10,455119,"Martin, Chris",8/29/2022,661352,10,100,2022
10,621016,"Cuas, Jose",8/26/2022,662667,10,100,2022
10,518886,"Kimbrel, Craig",8/26/2022,661355,10,100,2022
10,554431,"Matzek, Tyler",8/26/2022,661940,10,100,2022
10,623465,"Phillips, Evan",8/26/2022,661355,10,100,2022
10,642851,"Wynns, Austin",8/26/2022,661669,10,100,2022
10,656234,"Bird, Jake",7/6/2022,662630,10,100,2022
10,605218,"Edwards Jr., Carl",8/31/2022,662465,10,100,2022
10,663855,"Hicks, Jordan",7/10/2022,661135,10,100,2022
10,571656,"Farmer, Buck",7/28/2022,663027,10,100,2022
10,571670,"Floro, Dylan",7/29/2022,661372,10,100,2022
10,617228,"Sawamura, Hirokazu",7/30/2022,663192,10,100,2022
10,622554,"Domínguez, Seranthony",7/29/2022,662435,10,100,2022
10,623149,"Sewald, Paul",8/28/2022,662139,10,100,2022
10,647315,"Pop, Zach",7/28/2022,663027,10,100,2022
10,669212,"Morgan, Eli",7/31/2022,661869,10,100,2022
10,641729,"Jiménez, Joe",8/28/2022,661784,10,100,2022
10,642152,"Trivino, Lou",8/30/2022,663437,10,100,2022
10,662253,"Muñoz, Andrés",7/25/2022,662166,10,100,2022
10,664123,"Effross, Scott",7/24/2022,661556,10,100,2022
10,607216,"Krehbiel, Joey",6/18/2022,661127,10,100,2022
10,664747,"Díaz, Alexis",7/24/2022,663059,10,100,2022
10,650895,"Castillo, Diego",6/11/2022,662128,10,100,2022
10,666168,"Thompson, Mason",7/3/2022,662486,10,100,2022
10,641401,"Brogdon, Connor",6/22/2022,661851,10,100,2022
10,664208,"Maton, Phil",8/4/2022,662975,10,100,2022
10,622503,"Crismatt, Nabil",6/12/2022,662256,10,100,2022
10,656557,"Houck, Tanner",6/19/2022,663254,10,100,2022
10,641401,"Brogdon, Connor",6/10/2022,661617,10,100,2022
10,656638,"Lange, Alex",6/19/2022,662807,10,100,2022
10,669618,"Barlow, Joe",7/4/2022,661073,10,100,2022
10,657024,"Swanson, Erik",6/18/2022,662194,10,100,2022
10,676684,"Vest, Will",8/30/2022,662804,10,100,2022
10,445926,"Chavez, Jesse",8/21/2022,662805,10,100,2022
10,670280,"Bednar, David",6/11/2022,661160,10,100,2022
10,455119,"Martin, Chris",8/28/2022,661353,10,100,2022
10,519043,"Moore, Matt",8/28/2022,661784,10,100,2022
10,670167,"Schreiber, John",6/20/2022,663253,10,100,2022
10,518617,"Diekman, Jake",7/16/2022,661259,10,100,2022
10,622065,"Young, Alex",8/30/2022,662000,10,100,2022
10,640448,"Finnegan, Kyle",8/28/2022,662467,10,100,2022
10,554340,"García, Yimi",8/19/2022,661319,10,100,2022
10,644364,"Arano, Víctor",8/30/2022,662466,10,100,2022
10,621074,"Rucker, Michael",8/2/2022,661959,10,100,2022
10,571710,"Givens, Mychal",7/16/2022,661115,10,100,2022
10,650556,"Abreu, Bryan",8/24/2022,662799,10,100,2022
10,571901,"Loup, Aaron",8/20/2022,662917,10,100,2022
10,669912,"Snead, Kirby",8/30/2022,662466,10,100,2022
10,593974,"Peralta, Wandy",8/21/2022,661239,10,100,2022
10,621242,"Díaz, Edwin",7/16/2022,661114,10,100,2022
10,642585,"Bautista, Félix",7/23/2022,661057,10,100,2022
10,614179,"Ruiz, José",8/22/2022,662767,10,100,2022
10,656557,"Houck, Tanner",7/17/2022,661258,10,100,2022
10,640448,"Finnegan, Kyle",8/19/2022,662181,10,100,2022
10,656794,"Newcomb, Sean",8/22/2022,663114,10,100,2022
10,489265,"Romo, Sergio",7/2/2022,661836,10,100,2022
10,571446,"Appel, Mark",6/29/2022,661584,10,100,2022
10,594311,"Gustave, Jandel",6/29/2022,661879,10,100,2022
10,605130,"Barlow, Scott",8/27/2022,662666,10,100,2022
10,647315,"Pop, Zach",8/20/2022,661240,10,100,2022
10,650893,"Cabrera, Génesis",8/21/2022,663301,10,100,2022
10,641729,"Jiménez, Joe",7/2/2022,662904,10,100,2022
10,642758,"Acevedo, Domingo",6/28/2022,661272,10,100,2022
10,656945,"Scott, Tanner",8/23/2022,662339,10,100,2022
10,661403,"Clase, Emmanuel",6/30/2022,662983,10,100,2022
10,593974,"Peralta, Wandy",8/10/2022,662185,10,100,2022
10,641627,"Gott, Trevor",8/10/2022,661207,10,100,2022
10,625643,"López, Reynaldo",7/13/2022,662949,10,100,2022
10,641941,"Pagán, Emilio",8/14/2022,663371,10,100,2022
10,641835,"Mayza, Tim",7/13/2022,661721,10,100,2022
10,656730,"Megill, Trevor",7/14/2022,661675,10,100,2022
10,642152,"Trivino, Lou",8/13/2022,663176,10,100,2022
10,456034,"Price, David",6/29/2022,662894,10,100,2022
10,642546,"Hernández, Jonathan",8/13/2022,661790,10,100,2022
10,622253,"Tate, Dillon",7/13/2022,663230,10,100,2022
10,621345,"Minter, A.J.",7/15/2022,662516,10,100,2022
10,489334,"Stammen, Craig",7/2/2022,662718,10,100,2022
10,663986,"Stephan, Trevor",8/10/2022,662791,10,100,2022
10,607481,"Bummer, Aaron",6/5/2022,661895,10,100,2022
10,542914,"Bass, Anthony",6/28/2022,661967,10,100,2022
10,571704,"Giles, Ken",7/1/2022,662149,10,100,2022
10,455119,"Martin, Chris",8/1/2022,662070,10,100,2022
10,664208,"Maton, Phil",6/6/2022,662762,10,100,2022
10,573204,"Thielbar, Caleb",6/28/2022,663045,10,100,2022
10,607481,"Bummer, Aaron",6/7/2022,661460,10,100,2022
10,594580,"Moll, Sam",6/15/2022,663235,10,100,2022
10,605218,"Edwards Jr., Carl",6/17/2022,662502,10,100,2022
10,605447,"Romano, Jordan",6/15/2022,661744,10,100,2022
10,605280,"Holmes, Clay",7/7/2022,663233,10,100,2022
10,607625,"Lugo, Seth",7/1/2022,662439,10,100,2022
10,656234,"Bird, Jake",6/16/2022,662986,10,100,2022
10,641941,"Pagán, Emilio",7/8/2022,661843,10,100,2022
10,656354,"Davis, Austin",7/7/2022,663233,10,100,2022
10,650895,"Castillo, Diego",7/8/2022,662155,10,100,2022
10,621237,"Alvarado, José",6/29/2022,661584,10,100,2022
10,664854,"Helsley, Ryan",7/10/2022,661135,10,100,2022
10,661527,"Martinez, Seth",6/17/2022,662757,10,100,2022
10,670036,"Festa, Matt",7/10/2022,662183,10,100,2022
10,676660,"Solomon, Jared",7/7/2022,663071,10,100,2022
10,676714,"Hughes, Brandon",7/9/2022,662683,10,100,2022
10,459429,"McGee, Jake",6/18/2022,661123,10,100,2022
10,502202,"Boxberger, Brad",6/19/2022,663061,10,100,2022
10,542947,"Bleier, Richard",6/18/2022,662533,10,100,2022
10,573124,"Rogers, Taylor",6/21/2022,662248,10,100,2022
10,647315,"Pop, Zach",7/2/2022,662482,10,100,2022
10,517008,"Colomé, Alex",6/3/2022,662980,10,100,2022
10,622554,"Domínguez, Seranthony",6/18/2022,662500,10,100,2022
10,628452,"Iglesias, Raisel",6/19/2022,662169,10,100,2022
10,669459,"Nelson, Kyle",6/21/2022,662248,10,100,2022
10,628708,"Marte, Yunior",8/3/2022,662055,10,100,2022
10,665665,"Sanmartin, Reiver",7/2/2022,663037,10,100,2022
10,594580,"Moll, Sam",7/17/2022,662908,10,100,2022
10,641582,"Foster, Matt",7/16/2022,661673,10,100,2022
10,642758,"Acevedo, Domingo",7/21/2022,662408,10,100,2022
10,455119,"Martin, Chris",6/10/2022,661284,10,100,2022
10,676684,"Vest, Will",6/1/2022,662833,10,100,2022
10,453268,"Bard, Daniel",7/12/2022,662984,10,100,2022
10,680704,"Sandlin, Nick",7/16/2022,662952,10,100,2022
10,519008,"McFarland, T.J.",6/12/2022,661975,10,100,2022
10,642585,"Bautista, Félix",7/15/2022,661874,10,100,2022
10,641360,"Bickford, Phil",6/26/2022,661512,10,100,2022
10,468504,"Chacín, Jhoulys",6/25/2022,661686,10,100,2022
10,661403,"Clase, Emmanuel",8/14/2022,661708,10,100,2022
10,656638,"Lange, Alex",6/24/2022,663333,10,100,2022
10,453343,"Melancon, Mark",8/27/2022,661444,10,100,2022
10,455119,"Martin, Chris",6/23/2022,661106,10,100,2022
10,571901,"Loup, Aaron",6/16/2022,662172,10,100,2022
10,573009,"Mantiply, Joe",7/3/2022,662913,10,100,2022
10,593974,"Peralta, Wandy",6/14/2022,661328,10,100,2022
10,621345,"Minter, A.J.",6/15/2022,662504,10,100,2022
10,643511,"Rogers, Tyler",6/15/2022,662082,10,100,2022
10,605521,"Warren, Art",6/26/2022,662061,10,100,2022
10,650633,"King, Michael",7/13/2022,661269,10,100,2022
10,605218,"Edwards Jr., Carl",6/4/2022,663102,10,100,2022
10,663753,"Knehr, Reiss",7/12/2022,662984,10,100,2022
10,542888,"Armstrong, Shawn",8/7/2022,662810,10,100,2022
10,542914,"Bass, Anthony",8/9/2022,661046,10,100,2022
10,542947,"Bleier, Richard",8/9/2022,661553,10,100,2022
10,643524,"Schwindel, Frank",6/3/2022,663153,10,100,2022
10,605347,"López, Jorge",6/10/2022,662676,10,100,2022
10,606625,"Moronta, Reyes",8/6/2022,662654,10,100,2022
10,519293,"Smith, Will",6/4/2022,662987,10,100,2022
10,622075,"Almonte, Yency",6/23/2022,663039,10,100,2022
10,607455,"Banda, Anthony",6/26/2022,661886,10,100,2022
10,518553,"Cishek, Steve",6/26/2022,661847,10,100,2022
10,628452,"Iglesias, Raisel",8/7/2022,662416,10,100,2022
10,571670,"Floro, Dylan",6/25/2022,661381,10,100,2022
10,660813,"Graterol, Brusdar",6/25/2022,661138,10,100,2022
10,665001,"Kelley, Trevor",6/26/2022,661206,10,100,2022
10,623465,"Phillips, Evan",6/24/2022,661139,10,100,2022
10,643511,"Rogers, Tyler",6/25/2022,662083,10,100,2022
10,670036,"Festa, Matt",8/8/2022,662152,10,100,2022
10,518489,"Brasier, Ryan",8/5/2022,662650,10,100,2022
10,523260,"Kelly, Joe",8/9/2022,662647,10,100,2022
10,456034,"Price, David",8/16/2022,661191,10,100,2022
10,518553,"Cishek, Steve",8/17/2022,662470,10,100,2022
10,453268,"Bard, Daniel",6/7/2022,662092,10,100,2022
10,598264,"Barnes, Matt",8/16/2022,662302,10,100,2022
10,641729,"Jiménez, Joe",6/12/2022,662829,10,100,2022
10,642207,"Williams, Devin",8/5/2022,661174,10,100,2022
10,621242,"Díaz, Edwin",8/17/2022,661494,10,100,2022
10,661383,"Ortega, Oliver",8/6/2022,662193,10,100,2022
10,621345,"Minter, A.J.",8/16/2022,661495,10,100,2022
10,669395,"Coleman, Dylan",8/6/2022,662649,10,100,2022
10,571479,"Bellatti, Andrew",6/8/2022,661188,10,100,2022
10,600917,"Leclerc, José",8/18/2022,661787,10,100,2022
10,650893,"Cabrera, Génesis",6/13/2022,661974,10,100,2022
10,625643,"López, Reynaldo",8/17/2022,661447,10,100,2022
10,670810,"Gillaspie, Logan",8/17/2022,661705,10,100,2022
10,676714,"Hughes, Brandon",8/18/2022,661109,10,100,2022
10,657612,"Hill, Tim",6/10/2022,662275,10,100,2022
10,666204,"Jiménez, Dany",8/16/2022,661833,10,100,2022
10,543521,"McHugh, Collin",8/3/2022,661500,10,100,2022
10,641582,"Foster, Matt",6/8/2022,661459,10,100,2022
10,660787,"De los Santos, Yerry",6/7/2022,662449,10,100,2022
10,656529,"Hentges, Sam",8/1/2022,662947,10,100,2022
10,664092,"Poppen, Sean",6/8/2022,663050,10,100,2022
10,669270,"Kuhnel, Joel",6/10/2022,661983,10,100,2022
9,642397,"Soto, Gregory",7/10/2022,661410,9,100,2022
9,571656,"Farmer, Buck",7/9/2022,663092,9,100,2022
9,643377,"Jax, Griffin",6/5/2022,661747,9,100,2022
9,641329,"Baker, Bryan",6/5/2022,661151,9,100,2022
9,623149,"Sewald, Paul",8/3/2022,661293,9,100,2022
9,641360,"Bickford, Phil",6/21/2022,663041,9,100,2022
9,542947,"Bleier, Richard",8/16/2022,661357,9,100,2022
9,594580,"Moll, Sam",6/26/2022,662665,9,100,2022
9,672335,"Pérez, Cionel",6/19/2022,661074,9,100,2022
9,596112,"Stephenson, Robert",6/2/2022,663000,9,100,2022
9,606303,"Payamps, Joel",7/22/2022,662658,9,100,2022
9,664123,"Effross, Scott",6/29/2022,663215,9,100,2022
9,641835,"Mayza, Tim",6/29/2022,661727,9,100,2022
9,519293,"Smith, Will",7/24/2022,661502,9,100,2022
9,642207,"Williams, Devin",6/11/2022,662510,9,100,2022
9,660813,"Graterol, Brusdar",7/4/2022,662732,9,100,2022
9,641360,"Bickford, Phil",6/7/2022,661460,9,100,2022
9,663986,"Stephan, Trevor",6/10/2022,663014,9,100,2022
9,656234,"Bird, Jake",8/27/2022,662442,9,100,2022
9,642231,"Yacabonis, Jimmy",7/4/2022,662541,9,100,2022
9,625643,"López, Reynaldo",8/25/2022,663459,9,100,2022
9,622569,"Reyes, Pablo",8/24/2022,662604,9,100,2022
9,656234,"Bird, Jake",7/3/2022,662913,9,100,2022
9,547973,"Chapman, Aroldis",7/29/2022,661256,9,100,2022
9,628452,"Iglesias, Raisel",7/31/2022,663377,9,100,2022
9,647315,"Pop, Zach",7/31/2022,661370,9,100,2022
9,640444,"Crowe, Wil",7/9/2022,661224,9,100,2022
9,573009,"Mantiply, Joe",8/2/2022,662941,9,100,2022
9,641360,"Bickford, Phil",7/7/2022,662730,9,100,2022
9,605347,"López, Jorge",8/29/2022,661651,9,100,2022
9,622251,"Staumont, Josh",7/27/2022,662652,9,100,2022
9,657571,"Ferguson, Caleb",7/10/2022,662729,9,100,2022
9,662253,"Muñoz, Andrés",7/27/2022,662165,9,100,2022
9,453178,"Kennedy, Ian",6/9/2022,663049,9,100,2022
9,669270,"Kuhnel, Joel",7/6/2022,663051,9,100,2022
9,573124,"Rogers, Taylor",6/11/2022,662251,9,100,2022
9,672335,"Pérez, Cionel",7/7/2022,661091,9,100,2022
9,669804,"De Jesus, Angel",7/30/2022,661712,9,100,2022
9,572193,"Tepera, Ryan",6/19/2022,662169,9,100,2022
9,681911,"Vesia, Alex",6/11/2022,662089,9,100,2022
9,571656,"Farmer, Buck",8/31/2022,662995,9,100,2022
9,595345,"Okert, Steven",8/29/2022,661352,9,100,2022
9,605218,"Edwards Jr., Carl",6/19/2022,662553,9,100,2022
9,664670,"Lopez, Alejo",8/29/2022,663018,9,100,2022
9,455119,"Martin, Chris",8/20/2022,662561,9,100,2022
9,677161,"Kelly, Zack",8/30/2022,661648,9,100,2022
9,502202,"Boxberger, Brad",8/19/2022,663228,9,100,2022
9,542914,"Bass, Anthony",7/17/2022,661373,9,100,2022
9,493603,"Ottavino, Adam",7/1/2022,662439,9,100,2022
9,676684,"Vest, Will",8/4/2022,662812,9,100,2022
9,518886,"Kimbrel, Craig",7/1/2022,662609,9,100,2022
9,519326,"Strickland, Hunter",7/24/2022,663059,9,100,2022
9,617228,"Sawamura, Hirokazu",7/22/2022,663222,9,100,2022
9,544727,"Familia, Jeurys",7/24/2022,661556,9,100,2022
9,657044,"Thompson, Ryan",7/16/2022,661873,9,100,2022
9,672335,"Pérez, Cionel",7/12/2022,663187,9,100,2022
9,519326,"Strickland, Hunter",7/13/2022,661269,9,100,2022
9,664747,"Díaz, Alexis",7/13/2022,661269,9,100,2022
9,622253,"Tate, Dillon",8/19/2022,661044,9,100,2022
9,600917,"Leclerc, José",7/24/2022,662343,9,100,2022
9,542914,"Bass, Anthony",8/14/2022,661708,9,100,2022
9,669212,"Morgan, Eli",6/7/2022,663122,9,100,2022
9,518489,"Brasier, Ryan",7/10/2022,663232,9,100,2022
9,623352,"Hader, Josh",7/26/2022,661281,9,100,2022
9,554340,"García, Yimi",7/8/2022,662155,9,100,2022
9,606424,"García, Jarlín",7/6/2022,663318,9,100,2022
9,642528,"Loáisiga, Jonathan",8/14/2022,663175,9,100,2022
9,666808,"Doval, Camilo",8/12/2022,662111,9,100,2022
9,657770,"Stout, Eric",7/7/2022,663140,9,100,2022
9,661395,"Duran, Jhoan",7/6/2022,661413,9,100,2022
9,661527,"Martinez, Seth",7/8/2022,662352,9,100,2022
9,669395,"Coleman, Dylan",7/6/2022,662747,9,100,2022
9,676946,"Batten, Matthew",7/10/2022,662198,9,100,2022
9,606160,"Montero, Rafael",6/19/2022,662751,9,100,2022
9,548384,"Raley, Brooks",6/17/2022,661093,9,100,2022
9,674681,"Plassmeyer, Michael",8/23/2022,661600,9,100,2022
9,642207,"Williams, Devin",6/19/2022,663061,9,100,2022
9,572070,"Richards, Garrett",6/14/2022,661880,9,100,2022
9,656271,"Burke, Brock",6/21/2022,661846,9,100,2022
9,608648,"Duffey, Tyler",6/17/2022,663335,9,100,2022
9,622251,"Staumont, Josh",6/17/2022,662362,9,100,2022
9,594311,"Gustave, Jandel",7/16/2022,662113,9,100,2022
9,664294,"Moreta, Dauri",7/25/2022,663046,9,100,2022
9,656458,"Gilbreath, Lucas",7/16/2022,661081,9,100,2022
9,667463,"King, John",6/14/2022,661880,9,100,2022
9,664747,"Díaz, Alexis",7/22/2022,663060,9,100,2022
9,571948,"Milner, Hoby",8/10/2022,661207,9,100,2022
9,518489,"Brasier, Ryan",6/3/2022,662365,9,100,2022
9,642585,"Bautista, Félix",6/3/2022,661058,9,100,2022
9,621345,"Minter, A.J.",8/12/2022,661366,9,100,2022
9,521230,"Hendriks, Liam",6/4/2022,661896,9,100,2022
9,659275,"Lamet, Dinelson",8/12/2022,662978,9,100,2022
9,605130,"Barlow, Scott",6/14/2022,662068,9,100,2022
9,617228,"Sawamura, Hirokazu",6/16/2022,663267,9,100,2022
9,622253,"Tate, Dillon",6/15/2022,661744,9,100,2022
9,548384,"Raley, Brooks",6/2/2022,661934,9,100,2022
9,661403,"Clase, Emmanuel",6/15/2022,662893,9,100,2022
9,664123,"Effross, Scott",6/14/2022,663182,9,100,2022
9,664208,"Maton, Phil",6/15/2022,661845,9,100,2022
9,656420,"Feyereisen, J.P.",6/2/2022,661934,9,100,2022
9,527055,"Vizcaíno, Arodys",6/11/2022,662674,9,100,2022
9,676092,"Snider, Collin",6/4/2022,662689,9,100,2022
9,622554,"Domínguez, Seranthony",6/23/2022,662227,9,100,2022
9,664123,"Effross, Scott",6/25/2022,661970,9,100,2022
9,621295,"Wittgren, Nick",6/23/2022,661183,9,100,2022
9,542914,"Bass, Anthony",7/13/2022,661376,9,100,2022
9,572070,"Richards, Garrett",6/12/2022,661483,9,100,2022
9,596112,"Stephenson, Robert",8/5/2022,663313,9,100,2022
9,600921,"Machado, Andrés",8/5/2022,661562,9,100,2022
9,621345,"Minter, A.J.",8/7/2022,662416,9,100,2022
9,622503,"Crismatt, Nabil",8/6/2022,662654,9,100,2022
9,456034,"Price, David",8/15/2022,661199,9,100,2022
9,670059,"Holderman, Colin",8/18/2022,662413,9,100,2022
9,670036,"Festa, Matt",8/16/2022,663369,9,100,2022
9,640448,"Finnegan, Kyle",8/15/2022,662471,9,100,2022
9,672335,"Pérez, Cionel",8/17/2022,661705,9,100,2022
9,548384,"Raley, Brooks",7/31/2022,661869,9,100,2022
9,605154,"Brebbia, John",8/2/2022,662056,9,100,2022
9,669912,"Snead, Kirby",8/13/2022,662824,9,100,2022
9,453178,"Kennedy, Ian",8/1/2022,662947,9,100,2022
9,628452,"Iglesias, Raisel",8/13/2022,661360,9,100,2022
9,521230,"Hendriks, Liam",7/10/2022,661410,9,100,2022
9,623167,"Flexen, Chris",8/19/2022,662341,9,100,2022
9,542585,"Cisnero, José",8/26/2022,661786,9,100,2022
9,572070,"Richards, Garrett",7/1/2022,662439,9,100,2022
9,670167,"Schreiber, John",8/21/2022,661051,9,100,2022
9,642152,"Trivino, Lou",8/19/2022,661319,9,100,2022
9,664208,"Maton, Phil",8/31/2022,661831,9,100,2022
9,656529,"Hentges, Sam",7/24/2022,661407,9,100,2022
9,621242,"Díaz, Edwin",8/31/2022,662447,9,100,2022
9,669912,"Snead, Kirby",7/31/2022,661388,9,100,2022
9,670167,"Schreiber, John",7/7/2022,663233,9,100,2022
9,650893,"Cabrera, Génesis",8/4/2022,661932,9,100,2022
9,607237,"Garrett, Amir",7/30/2022,661255,9,100,2022
9,670036,"Festa, Matt",8/3/2022,661293,9,100,2022
9,664123,"Effross, Scott",7/4/2022,661181,9,100,2022
9,571976,"Myers, Wil",8/28/2022,662638,9,100,2022
9,606149,"Gallegos, Giovanny",8/28/2022,661950,9,100,2022
9,676684,"Vest, Will",6/8/2022,662448,9,100,2022
9,502202,"Boxberger, Brad",8/31/2022,661165,9,100,2022
9,523260,"Kelly, Joe",8/25/2022,663459,9,100,2022
9,664208,"Maton, Phil",8/25/2022,662711,9,100,2022
9,621345,"Minter, A.J.",8/3/2022,661500,9,100,2022
9,605130,"Barlow, Scott",7/4/2022,662874,9,100,2022
9,676714,"Hughes, Brandon",7/7/2022,662730,9,100,2022
9,641835,"Mayza, Tim",8/28/2022,661773,9,100,2022
9,592094,"Adam, Jason",6/18/2022,661127,9,100,2022
9,641360,"Bickford, Phil",7/26/2022,662573,9,100,2022
9,657612,"Hill, Tim",7/25/2022,662809,9,100,2022
9,621363,"Poche, Colin",8/4/2022,662812,9,100,2022
9,664747,"Díaz, Alexis",7/27/2022,663028,9,100,2022
9,459429,"McGee, Jake",6/12/2022,662085,9,100,2022
9,664126,"Fairbanks, Pete",8/31/2022,661350,9,100,2022
9,621381,"Strahm, Matt",6/21/2022,663246,9,100,2022
9,519293,"Smith, Will",6/12/2022,661144,9,100,2022
9,650671,"Quijada, José",6/18/2022,662194,9,100,2022
9,675916,"Karinchak, James",8/30/2022,662973,9,100,2022
9,663423,"Thornton, Trent",6/22/2022,661457,9,100,2022
9,661440,"Llovera, Mauricio",6/13/2022,662069,9,100,2022
9,669618,"Barlow, Joe",6/22/2022,661851,9,100,2022
9,519326,"Strickland, Hunter",8/22/2022,661601,9,100,2022
9,456034,"Price, David",7/23/2022,662608,9,100,2022
9,605218,"Edwards Jr., Carl",8/28/2022,662467,9,100,2022
9,542888,"Armstrong, Shawn",8/22/2022,661859,9,100,2022
9,592858,"Wick, Rowan",7/17/2022,661082,9,100,2022
9,605154,"Brebbia, John",7/21/2022,662685,9,100,2022
9,446321,"Detwiler, Ross",8/19/2022,662396,9,100,2022
9,519293,"Smith, Will",8/23/2022,662800,9,100,2022
9,543521,"McHugh, Collin",8/23/2022,662383,9,100,2022
9,606424,"García, Jarlín",8/21/2022,662878,9,100,2022
9,593974,"Peralta, Wandy",8/19/2022,661319,9,100,2022
9,605347,"López, Jorge",8/20/2022,661670,9,100,2022
9,623465,"Phillips, Evan",8/19/2022,662574,9,100,2022
9,664202,"Cyr, Tyler",8/21/2022,661602,9,100,2022
9,642528,"Loáisiga, Jonathan",8/21/2022,661239,9,100,2022
9,670036,"Festa, Matt",7/17/2022,661821,9,100,2022
9,671345,"Foley, Jason",7/16/2022,662952,9,100,2022
9,644364,"Arano, Víctor",8/23/2022,662142,9,100,2022
9,621016,"Cuas, Jose",7/2/2022,662904,9,100,2022
9,621016,"Cuas, Jose",7/1/2022,662834,9,100,2022
9,621348,"Clay, Sam",6/29/2022,662493,9,100,2022
9,680704,"Sandlin, Nick",8/4/2022,662975,9,100,2022
9,518489,"Brasier, Ryan",8/12/2022,663177,9,100,2022
9,642585,"Bautista, Félix",7/2/2022,661683,9,100,2022
9,519293,"Smith, Will",8/12/2022,662817,9,100,2022
9,541640,"Ramírez, Erasmo",8/12/2022,662551,9,100,2022
9,600917,"Leclerc, José",8/14/2022,661789,9,100,2022
9,650895,"Castillo, Diego",8/24/2022,662144,9,100,2022
9,641941,"Pagán, Emilio",8/13/2022,663372,9,100,2022
9,644364,"Arano, Víctor",8/10/2022,663229,9,100,2022
9,521230,"Hendriks, Liam",6/5/2022,661895,9,100,2022
9,621366,"Borucki, Ryan",7/26/2022,662184,9,100,2022
9,640462,"Puk, A.J.",7/27/2022,662345,9,100,2022
9,656529,"Hentges, Sam",6/7/2022,663134,9,100,2022
9,571948,"Milner, Hoby",6/29/2022,661879,9,100,2022
9,542914,"Bass, Anthony",6/14/2022,661616,9,100,2022
9,642585,"Bautista, Félix",7/27/2022,661053,9,100,2022
9,518553,"Cishek, Steve",7/9/2022,661508,9,100,2022
9,612434,"Castro, Miguel",6/17/2022,661742,9,100,2022
9,611093,"Bracho, Silvino",7/1/2022,663038,9,100,2022
9,681806,"Wantz, Andrew",7/9/2022,661071,9,100,2022
9,664126,"Fairbanks, Pete",7/25/2022,661055,9,100,2022
9,640448,"Finnegan, Kyle",6/3/2022,663119,9,100,2022
9,519326,"Strickland, Hunter",7/5/2022,663035,9,100,2022
9,607179,"Weems, Jordan",7/16/2022,662483,9,100,2022
9,607625,"Lugo, Seth",7/17/2022,661082,9,100,2022
9,640462,"Puk, A.J.",7/21/2022,662408,9,100,2022
9,543281,"Harrison, Josh",7/5/2022,661426,9,100,2022
9,664139,"Gibaut, Ian",7/23/2022,663047,9,100,2022
9,669211,"Akin, Keegan",7/16/2022,661873,9,100,2022
9,573009,"Mantiply, Joe",7/16/2022,662271,9,100,2022
9,518617,"Diekman, Jake",8/14/2022,661450,9,100,2022
9,545343,"Head, Louis",8/13/2022,661865,9,100,2022
9,571656,"Farmer, Buck",8/14/2022,663021,9,100,2022
9,642528,"Loáisiga, Jonathan",8/27/2022,662336,9,100,2022
9,519293,"Smith, Will",6/13/2022,662505,9,100,2022
9,570666,"Cessa, Luis",6/23/2022,663039,9,100,2022
9,660813,"Graterol, Brusdar",6/26/2022,661512,9,100,2022
9,643493,"Pruitt, Austin",8/10/2022,662316,9,100,2022
9,661527,"Martinez, Seth",6/26/2022,661273,9,100,2022
9,598264,"Barnes, Matt",8/4/2022,662651,9,100,2022
9,621345,"Minter, A.J.",6/26/2022,661512,9,100,2022
9,542914,"Bass, Anthony",6/15/2022,661583,9,100,2022
9,571901,"Loup, Aaron",6/11/2022,663412,9,100,2022
9,572403,"VerHagen, Drew",6/14/2022,662018,9,100,2022
9,647315,"Pop, Zach",6/25/2022,661381,9,100,2022
9,475479,"Phelps, David",6/27/2022,661740,9,100,2022
9,660906,"Pérez, Francisco",6/26/2022,661847,9,100,2022
9,445276,"Jansen, Kenley",7/13/2022,661505,9,100,2022
9,656685,"Martin, Brett",6/17/2022,662826,9,100,2022
9,523260,"Kelly, Joe",7/12/2022,663087,9,100,2022
9,664123,"Effross, Scott",6/16/2022,663125,9,100,2022
9,672335,"Pérez, Cionel",6/14/2022,661745,9,100,2022
9,605177,"Chafin, Andrew",8/2/2022,661661,9,100,2022
9,656685,"Martin, Brett",7/12/2022,661813,9,100,2022
9,662253,"Muñoz, Andrés",6/4/2022,661936,9,100,2022
9,650911,"Sánchez, Cristopher",6/1/2022,661612,9,100,2022
9,605447,"Romano, Jordan",8/2/2022,661868,9,100,2022
9,672335,"Pérez, Cionel",7/15/2022,661874,9,100,2022
9,622250,"Sborz, Josh",8/24/2022,662877,9,100,2022
9,661403,"Clase, Emmanuel",8/7/2022,662944,9,100,2022
9,605447,"Romano, Jordan",7/4/2022,662355,9,100,2022
9,664199,"Clarke, Taylor",8/6/2022,662649,9,100,2022
9,670036,"Festa, Matt",8/9/2022,662148,9,100,2022
9,663765,"Woodford, Jake",6/27/2022,661968,9,100,2022
9,622554,"Domínguez, Seranthony",6/13/2022,661629,9,100,2022
9,670167,"Schreiber, John",8/7/2022,662648,9,100,2022
9,642207,"Williams, Devin",7/12/2022,661688,9,100,2022
9,571901,"Loup, Aaron",8/8/2022,662331,9,100,2022
9,592094,"Adam, Jason",8/5/2022,662811,9,100,2022
9,608665,"Graveman, Kendall",8/9/2022,662779,9,100,2022
9,621016,"Cuas, Jose",8/9/2022,662647,9,100,2022
9,605177,"Chafin, Andrew",8/15/2022,662977,9,100,2022
9,519293,"Smith, Will",6/8/2022,661515,9,100,2022
9,643256,"Cimber, Adam",6/13/2022,661746,9,100,2022
9,664123,"Effross, Scott",8/9/2022,662148,9,100,2022
9,453343,"Melancon, Mark",8/17/2022,662003,9,100,2022
9,643511,"Rogers, Tyler",8/17/2022,662003,9,100,2022
9,554340,"García, Yimi",8/17/2022,661705,9,100,2022
9,656008,"Zabala, Aneurys",6/12/2022,662758,9,100,2022
9,641401,"Brogdon, Connor",8/16/2022,663019,9,100,2022
9,642758,"Acevedo, Domingo",8/16/2022,661833,9,100,2022
9,656354,"Davis, Austin",6/12/2022,662127,9,100,2022
9,608678,"Leone, Dominic",8/3/2022,662055,9,100,2022
8,656730,"Megill, Trevor",8/2/2022,661661,8,100,2022
8,670090,"Mills, Wyatt",7/13/2022,662659,8,100,2022
8,642397,"Soto, Gregory",8/15/2022,662948,8,100,2022
8,656222,"Beeks, Jalen",8/17/2022,661266,8,100,2022
8,641329,"Baker, Bryan",8/7/2022,661049,8,100,2022
8,623465,"Phillips, Evan",6/25/2022,661138,8,100,2022
8,662253,"Muñoz, Andrés",8/7/2022,662153,8,100,2022
8,518553,"Cishek, Steve",6/1/2022,662457,8,100,2022
8,596112,"Stephenson, Robert",7/3/2022,662913,8,100,2022
8,607625,"Lugo, Seth",8/3/2022,662552,8,100,2022
8,605154,"Brebbia, John",7/28/2022,662058,8,100,2022
8,656557,"Houck, Tanner",6/12/2022,662127,8,100,2022
8,573124,"Rogers, Taylor",6/5/2022,661241,8,100,2022
8,594580,"Moll, Sam",7/3/2022,662162,8,100,2022
8,641835,"Mayza, Tim",7/5/2022,662354,8,100,2022
8,642397,"Soto, Gregory",6/7/2022,662449,8,100,2022
8,642758,"Acevedo, Domingo",6/7/2022,661516,8,100,2022
8,657612,"Hill, Tim",8/2/2022,662250,8,100,2022
8,517008,"Colomé, Alex",7/30/2022,662989,8,100,2022
8,543272,"Hand, Brad",7/8/2022,661136,8,100,2022
8,641401,"Brogdon, Connor",7/29/2022,662435,8,100,2022
8,661531,"Serven, Brian",7/28/2022,661077,8,100,2022
8,657612,"Hill, Tim",7/29/2022,662268,8,100,2022
8,642758,"Acevedo, Domingo",7/9/2022,662351,8,100,2022
8,605242,"Fulmer, Michael",7/27/2022,662900,8,100,2022
8,623474,"Herget, Jimmy",8/29/2022,663424,8,100,2022
8,621383,"Banks, Tanner",6/13/2022,662828,8,100,2022
8,660813,"Graterol, Brusdar",6/9/2022,661458,8,100,2022
8,643377,"Jax, Griffin",8/30/2022,661648,8,100,2022
8,671345,"Foley, Jason",7/31/2022,661711,8,100,2022
8,665019,"Clemens, Kody",8/30/2022,662804,8,100,2022
8,682171,"Murfee, Penn",7/28/2022,662907,8,100,2022
8,456713,"Bush, Matt",8/22/2022,662594,8,100,2022
8,593576,"Neris, Héctor",8/10/2022,662723,8,100,2022
8,622503,"Crismatt, Nabil",8/23/2022,662213,8,100,2022
8,681911,"Vesia, Alex",6/19/2022,662590,8,100,2022
8,676760,"Marinaccio, Ron",8/19/2022,661319,8,100,2022
8,459429,"McGee, Jake",7/2/2022,662101,8,100,2022
8,606160,"Montero, Rafael",7/21/2022,662776,8,100,2022
8,593576,"Neris, Héctor",6/30/2022,662788,8,100,2022
8,608648,"Duffey, Tyler",7/17/2022,661672,8,100,2022
8,621074,"Rucker, Michael",8/20/2022,663116,8,100,2022
8,669211,"Akin, Keegan",7/27/2022,661053,8,100,2022
8,518617,"Diekman, Jake",8/25/2022,663459,8,100,2022
8,657044,"Thompson, Ryan",7/15/2022,661874,8,100,2022
8,552640,"Kittredge, Andrew",6/5/2022,661895,8,100,2022
8,657571,"Ferguson, Caleb",8/27/2022,661354,8,100,2022
8,661395,"Duran, Jhoan",6/5/2022,661747,8,100,2022
8,622075,"Almonte, Yency",7/24/2022,662682,8,100,2022
8,650556,"Abreu, Bryan",8/23/2022,662800,8,100,2022
8,621237,"Alvarado, José",8/12/2022,662434,8,100,2022
8,647315,"Pop, Zach",7/7/2022,662508,8,100,2022
8,658431,"Medina, Adonis",8/10/2022,662443,8,100,2022
8,682171,"Murfee, Penn",7/8/2022,662155,8,100,2022
8,644364,"Arano, Víctor",7/25/2022,662576,8,100,2022
8,675916,"Karinchak, James",8/20/2022,662953,8,100,2022
8,676714,"Hughes, Brandon",8/23/2022,663163,8,100,2022
8,621363,"Poche, Colin",6/16/2022,661326,8,100,2022
8,656849,"Peterson, David",7/27/2022,662420,8,100,2022
8,641501,"Danish, Tyler",6/16/2022,663267,8,100,2022
8,607237,"Garrett, Amir",7/22/2022,662658,8,100,2022
8,621237,"Alvarado, José",7/17/2022,661373,8,100,2022
8,622503,"Crismatt, Nabil",7/23/2022,662495,8,100,2022
8,664123,"Effross, Scott",7/22/2022,661560,8,100,2022
8,605194,"Cotton, Jharel",6/29/2022,663030,8,100,2022
8,592094,"Adam, Jason",8/14/2022,661864,8,100,2022
8,605177,"Chafin, Andrew",6/4/2022,661278,8,100,2022
8,661403,"Clase, Emmanuel",6/14/2022,662935,8,100,2022
8,621242,"Díaz, Edwin",8/12/2022,662434,8,100,2022
8,622554,"Domínguez, Seranthony",8/12/2022,662434,8,100,2022
8,453343,"Melancon, Mark",6/3/2022,662452,8,100,2022
8,542888,"Armstrong, Shawn",6/16/2022,661326,8,100,2022
8,596112,"Stephenson, Robert",6/16/2022,662986,8,100,2022
8,642758,"Acevedo, Domingo",7/2/2022,662163,8,100,2022
8,622251,"Staumont, Josh",6/3/2022,662692,8,100,2022
8,459429,"McGee, Jake",6/13/2022,662069,8,100,2022
8,641835,"Mayza, Tim",8/4/2022,661660,8,100,2022
8,665665,"Sanmartin, Reiver",6/15/2022,663336,8,100,2022
8,642758,"Acevedo, Domingo",6/1/2022,662366,8,100,2022
8,607481,"Bummer, Aaron",6/2/2022,661762,8,100,2022
8,607216,"Krehbiel, Joey",6/2/2022,661247,8,100,2022
8,571901,"Loup, Aaron",6/2/2022,661329,8,100,2022
8,605347,"López, Jorge",6/24/2022,661455,8,100,2022
8,650671,"Quijada, José",8/2/2022,663376,8,100,2022
8,453178,"Kennedy, Ian",8/5/2022,663313,8,100,2022
8,456713,"Bush, Matt",7/13/2022,661812,8,100,2022
8,519326,"Strickland, Hunter",6/23/2022,663039,8,100,2022
8,605447,"Romano, Jordan",8/5/2022,661659,8,100,2022
8,519293,"Smith, Will",8/26/2022,662710,8,100,2022
8,608328,"De Jong, Chase",7/11/2022,661324,8,100,2022
8,641682,"Hendrix, Ryan",8/9/2022,662444,8,100,2022
8,642528,"Loáisiga, Jonathan",8/9/2022,662148,8,100,2022
8,676477,"Whitlock, Garrett",8/26/2022,663171,8,100,2022
8,670990,"Ramírez, Yohan",8/9/2022,663303,8,100,2022
8,605525,"Wendelken, J.B.",6/17/2022,663335,8,100,2022
8,475479,"Phelps, David",8/17/2022,661705,8,100,2022
8,622075,"Almonte, Yency",7/4/2022,662732,8,100,2022
8,657265,"Strzelecki, Peter",8/17/2022,661171,8,100,2022
8,661403,"Clase, Emmanuel",8/15/2022,662977,8,100,2022
8,502202,"Boxberger, Brad",7/29/2022,663190,8,100,2022
8,608717,"Stratton, Chris",8/18/2022,661937,8,100,2022
8,643377,"Jax, Griffin",8/25/2022,662711,8,100,2022
8,622554,"Domínguez, Seranthony",8/15/2022,663020,8,100,2022
8,621051,"Wilson, Steven",6/11/2022,662251,8,100,2022
8,656638,"Lange, Alex",8/15/2022,662948,8,100,2022
8,623149,"Sewald, Paul",8/10/2022,662185,8,100,2022
8,621381,"Strahm, Matt",6/11/2022,662128,8,100,2022
8,623465,"Phillips, Evan",7/3/2022,662684,8,100,2022
8,656271,"Burke, Brock",8/19/2022,661655,8,100,2022
8,445276,"Jansen, Kenley",6/7/2022,661516,8,100,2022
8,657585,"Garrett, Reed",7/1/2022,662492,8,100,2022
8,573009,"Mantiply, Joe",7/17/2022,662269,8,100,2022
8,643256,"Cimber, Adam",8/29/2022,661801,8,100,2022
8,642207,"Williams, Devin",8/28/2022,661168,8,100,2022
8,605130,"Barlow, Scott",7/25/2022,662655,8,100,2022
8,656061,"Abreu, Albert",7/3/2022,662957,8,100,2022
8,642701,"Santana, Dennis",7/4/2022,661073,8,100,2022
8,642701,"Santana, Dennis",6/14/2022,661880,8,100,2022
8,543766,"Shaw, Bryan",6/8/2022,663055,8,100,2022
8,519043,"Moore, Matt",7/5/2022,661244,8,100,2022
8,640462,"Puk, A.J.",7/5/2022,662354,8,100,2022
8,606424,"García, Jarlín",8/1/2022,662070,8,100,2022
8,664294,"Moreta, Dauri",7/29/2022,663026,8,100,2022
8,621016,"Cuas, Jose",6/6/2022,662613,8,100,2022
8,519043,"Moore, Matt",8/30/2022,661832,8,100,2022
8,642152,"Trivino, Lou",8/3/2022,661293,8,100,2022
8,453268,"Bard, Daniel",8/30/2022,661479,8,100,2022
8,668868,"Thompson, Zack",7/5/2022,661510,8,100,2022
8,642758,"Acevedo, Domingo",8/3/2022,663375,8,100,2022
8,641729,"Jiménez, Joe",7/8/2022,661412,8,100,2022
8,650671,"Quijada, José",8/24/2022,661857,8,100,2022
8,598287,"Ramirez, Noé",8/24/2022,662640,8,100,2022
8,596082,"Reed, Jake",8/31/2022,662447,8,100,2022
8,488984,"Hunter, Tommy",7/31/2022,661370,8,100,2022
8,623149,"Sewald, Paul",7/31/2022,662918,8,100,2022
8,663558,"Moran, Jovani",7/6/2022,661413,8,100,2022
8,667427,"Jackson, Zach",7/29/2022,661406,8,100,2022
8,553902,"Astudillo, Willians",7/25/2022,663046,8,100,2022
8,641871,"Middleton, Keynan",7/25/2022,663315,8,100,2022
8,661403,"Clase, Emmanuel",8/1/2022,662947,8,100,2022
8,446321,"Detwiler, Ross",6/9/2022,663049,8,100,2022
8,622075,"Almonte, Yency",6/22/2022,663040,8,100,2022
8,517008,"Colomé, Alex",6/11/2022,662251,8,100,2022
8,543766,"Shaw, Bryan",6/9/2022,663015,8,100,2022
8,573204,"Thielbar, Caleb",6/13/2022,662126,8,100,2022
8,593576,"Neris, Héctor",6/12/2022,662758,8,100,2022
8,593576,"Neris, Héctor",6/10/2022,662759,8,100,2022
8,594580,"Moll, Sam",6/9/2022,663015,8,100,2022
8,608032,"Estévez, Carlos",6/11/2022,662251,8,100,2022
8,621366,"Borucki, Ryan",6/13/2022,662126,8,100,2022
8,682171,"Murfee, Penn",6/10/2022,662129,8,100,2022
8,669270,"Kuhnel, Joel",7/31/2022,663024,8,100,2022
8,456034,"Price, David",8/29/2022,661352,8,100,2022
8,592094,"Adam, Jason",8/30/2022,661351,8,100,2022
8,605154,"Brebbia, John",8/29/2022,662001,8,100,2022
8,621345,"Minter, A.J.",8/31/2022,661478,8,100,2022
8,571656,"Farmer, Buck",7/16/2022,661966,8,100,2022
8,663986,"Stephan, Trevor",8/1/2022,662947,8,100,2022
8,453343,"Melancon, Mark",7/26/2022,663314,8,100,2022
8,570257,"Rodríguez, Joely",8/23/2022,661237,8,100,2022
8,606149,"Gallegos, Giovanny",8/21/2022,663301,8,100,2022
8,593576,"Neris, Héctor",8/2/2022,662736,8,100,2022
8,666808,"Doval, Camilo",7/17/2022,662059,8,100,2022
8,502085,"Robertson, David",7/1/2022,663185,8,100,2022
8,666374,"Brash, Matt",8/26/2022,662143,8,100,2022
8,656730,"Megill, Trevor",8/23/2022,662800,8,100,2022
8,643511,"Rogers, Tyler",7/1/2022,662079,8,100,2022
8,621389,"Blach, Ty",7/15/2022,661113,8,100,2022
8,592094,"Adam, Jason",7/13/2022,661876,8,100,2022
8,606160,"Montero, Rafael",7/24/2022,662145,8,100,2022
8,606424,"García, Jarlín",7/25/2022,663315,8,100,2022
8,643256,"Cimber, Adam",8/24/2022,663173,8,100,2022
8,640451,"Harvey, Hunter",7/13/2022,662517,8,100,2022
8,676050,"Naughton, Packy",7/13/2022,661118,8,100,2022
8,608349,"Knebel, Corey",7/24/2022,661556,8,100,2022
8,682171,"Murfee, Penn",8/10/2022,662185,8,100,2022
8,455119,"Martin, Chris",7/3/2022,663186,8,100,2022
8,519151,"Pressly, Ryan",6/14/2022,661880,8,100,2022
8,592773,"Stanek, Ryne",6/17/2022,662757,8,100,2022
8,518489,"Brasier, Ryan",7/7/2022,663233,8,100,2022
8,573204,"Thielbar, Caleb",7/6/2022,661413,8,100,2022
8,643256,"Cimber, Adam",6/15/2022,661744,8,100,2022
8,623465,"Phillips, Evan",7/8/2022,662610,8,100,2022
8,669212,"Morgan, Eli",7/6/2022,662814,8,100,2022
8,668868,"Thompson, Zack",7/6/2022,661509,8,100,2022
8,453343,"Melancon, Mark",6/21/2022,662248,8,100,2022
8,542947,"Bleier, Richard",6/21/2022,661148,8,100,2022
8,598287,"Ramirez, Noé",6/21/2022,662248,8,100,2022
8,661403,"Clase, Emmanuel",6/22/2022,661690,8,100,2022
8,643410,"Leiter Jr., Mark",6/1/2022,663184,8,100,2022
8,643377,"Jax, Griffin",8/27/2022,661657,8,100,2022
8,607216,"Krehbiel, Joey",8/25/2022,663459,8,100,2022
8,642701,"Santana, Dennis",7/17/2022,661821,8,100,2022
8,472610,"García, Luis",6/11/2022,662251,8,100,2022
8,657044,"Thompson, Ryan",6/2/2022,661934,8,100,2022
8,666204,"Jiménez, Dany",8/24/2022,662338,8,100,2022
8,641360,"Bickford, Phil",7/12/2022,661119,8,100,2022
8,543272,"Hand, Brad",7/13/2022,661721,8,100,2022
8,669211,"Akin, Keegan",8/11/2022,663274,8,100,2022
8,669270,"Kuhnel, Joel",8/11/2022,663023,8,100,2022
8,676714,"Hughes, Brandon",7/12/2022,663187,8,100,2022
8,643256,"Cimber, Adam",6/2/2022,661762,8,100,2022
8,570666,"Cessa, Luis",8/9/2022,662444,8,100,2022
8,612434,"Castro, Miguel",6/24/2022,661274,8,100,2022
8,605521,"Warren, Art",6/12/2022,661975,8,100,2022
8,622253,"Tate, Dillon",8/6/2022,661050,8,100,2022
8,608678,"Leone, Dominic",6/10/2022,662090,8,100,2022
8,614179,"Ruiz, José",7/14/2022,661675,8,100,2022
8,592773,"Stanek, Ryne",7/15/2022,662923,8,100,2022
8,643493,"Pruitt, Austin",6/24/2022,662664,8,100,2022
8,660787,"De los Santos, Yerry",8/7/2022,661049,8,100,2022
8,621051,"Wilson, Steven",6/10/2022,662275,8,100,2022
8,675916,"Karinchak, James",8/9/2022,662793,8,100,2022
8,502202,"Boxberger, Brad",8/9/2022,661182,8,100,2022
8,622554,"Domínguez, Seranthony",6/10/2022,661617,8,100,2022
8,573204,"Thielbar, Caleb",8/15/2022,661676,8,100,2022
8,608717,"Stratton, Chris",7/3/2022,661102,8,100,2022
8,664208,"Maton, Phil",8/6/2022,662937,8,100,2022
8,666374,"Brash, Matt",8/6/2022,662193,8,100,2022
8,502202,"Boxberger, Brad",8/18/2022,661179,8,100,2022
8,657272,"Uelmen, Erich",8/17/2022,662470,8,100,2022
8,607455,"Banda, Anthony",6/7/2022,662449,8,100,2022
8,669276,"Lee, Dylan",8/16/2022,661495,8,100,2022
8,455119,"Martin, Chris",8/4/2022,662114,8,100,2022
8,642152,"Trivino, Lou",8/2/2022,661253,8,100,2022
7,521230,"Hendriks, Liam",8/16/2022,661448,7,100,2022
7,573009,"Mantiply, Joe",8/21/2022,663301,7,100,2022
7,592094,"Adam, Jason",7/3/2022,661723,7,100,2022
7,641401,"Brogdon, Connor",7/16/2022,661359,7,100,2022
7,657044,"Thompson, Ryan",6/21/2022,661890,7,100,2022
7,607216,"Krehbiel, Joey",8/8/2022,661047,7,100,2022
7,642121,"Sulser, Cole",6/12/2022,662758,7,100,2022
7,592094,"Adam, Jason",6/8/2022,661892,7,100,2022
7,682171,"Murfee, Penn",6/13/2022,662126,7,100,2022
7,656730,"Megill, Trevor",7/30/2022,662196,7,100,2022
7,542914,"Bass, Anthony",7/26/2022,663029,7,100,2022
7,548384,"Raley, Brooks",7/27/2022,661053,7,100,2022
7,657571,"Ferguson, Caleb",7/8/2022,662610,7,100,2022
7,503285,"O'Day, Darren",6/13/2022,662505,7,100,2022
7,676050,"Naughton, Packy",7/7/2022,661521,7,100,2022
7,445276,"Jansen, Kenley",6/19/2022,663218,7,100,2022
7,595345,"Okert, Steven",6/13/2022,661629,7,100,2022
7,606303,"Payamps, Joel",6/10/2022,662676,7,100,2022
7,605280,"Holmes, Clay",8/29/2022,663424,7,100,2022
7,657612,"Hill, Tim",8/28/2022,662638,7,100,2022
7,650895,"Castillo, Diego",8/20/2022,662340,7,100,2022
7,571656,"Farmer, Buck",8/23/2022,661600,7,100,2022
7,593643,"Alberto, Hanser",8/23/2022,662605,7,100,2022
7,606424,"García, Jarlín",7/11/2022,662100,7,100,2022
7,489265,"Romo, Sergio",7/4/2022,662355,7,100,2022
7,607237,"Garrett, Amir",7/12/2022,662660,7,100,2022
7,456034,"Price, David",6/7/2022,661460,7,100,2022
7,593576,"Neris, Héctor",8/12/2022,662817,7,100,2022
7,672391,"Ort, Kaleb",7/11/2022,661878,7,100,2022
7,607237,"Garrett, Amir",7/25/2022,662655,7,100,2022
7,656793,"Nelson, Nick",8/11/2022,661608,7,100,2022
7,670810,"Gillaspie, Logan",8/14/2022,661864,7,100,2022
7,656529,"Hentges, Sam",7/25/2022,663219,7,100,2022
7,660787,"De los Santos, Yerry",6/21/2022,661124,7,100,2022
7,472610,"García, Luis",7/16/2022,662271,7,100,2022
7,621366,"Borucki, Ryan",7/23/2022,662146,7,100,2022
7,669395,"Coleman, Dylan",6/14/2022,662068,7,100,2022
7,642758,"Acevedo, Domingo",8/30/2022,662466,7,100,2022
7,641401,"Brogdon, Connor",6/4/2022,661615,7,100,2022
7,595345,"Okert, Steven",8/12/2022,661366,7,100,2022
7,543339,"Hudson, Daniel",6/17/2022,662719,7,100,2022
7,657424,"Gage, Matt",6/28/2022,661728,7,100,2022
7,621074,"Rucker, Michael",6/2/2022,663139,7,100,2022
7,657044,"Thompson, Ryan",6/15/2022,661327,7,100,2022
7,605218,"Edwards Jr., Carl",6/25/2022,661898,7,100,2022
7,605347,"López, Jorge",6/23/2022,661456,7,100,2022
7,605154,"Brebbia, John",8/8/2022,662218,7,100,2022
7,621242,"Díaz, Edwin",8/6/2022,662499,7,100,2022
7,664123,"Effross, Scott",7/12/2022,663187,7,100,2022
7,661395,"Duran, Jhoan",8/6/2022,661662,7,100,2022
7,594580,"Moll, Sam",6/10/2022,663014,7,100,2022
7,663989,"Vespi, Nick",8/9/2022,661046,7,100,2022
7,605521,"Warren, Art",6/13/2022,663345,7,100,2022
7,573124,"Rogers, Taylor",8/18/2022,661179,7,100,2022
7,664208,"Maton, Phil",7/13/2022,663401,7,100,2022
7,456713,"Bush, Matt",8/4/2022,662303,7,100,2022
7,656685,"Martin, Brett",7/27/2022,662165,7,100,2022
7,605347,"López, Jorge",8/3/2022,661664,7,100,2022
7,596112,"Stephenson, Robert",7/8/2022,663319,7,100,2022
7,643524,"Schwindel, Frank",6/12/2022,661270,7,100,2022
7,669211,"Akin, Keegan",8/6/2022,661050,7,100,2022
7,622075,"Almonte, Yency",7/3/2022,662684,7,100,2022
7,660787,"De los Santos, Yerry",6/11/2022,661160,7,100,2022
7,605151,"Bradley, Archie",6/8/2022,663398,7,100,2022
7,657265,"Strzelecki, Peter",8/24/2022,662604,7,100,2022
7,605242,"Fulmer, Michael",6/25/2022,663346,7,100,2022
7,656685,"Martin, Brett",7/4/2022,661073,7,100,2022
7,608678,"Leone, Dominic",7/28/2022,662058,7,100,2022
7,664948,"Misiewicz, Anthony",8/26/2022,662667,7,100,2022
7,664942,"Naile, James",6/27/2022,661968,7,100,2022
7,680704,"Sandlin, Nick",8/26/2022,662143,7,100,2022
7,670912,"Oviedo, Johan",7/30/2022,662476,7,100,2022
7,570257,"Rodríguez, Joely",6/19/2022,662532,7,100,2022
7,571901,"Loup, Aaron",7/27/2022,662652,7,100,2022
7,642758,"Acevedo, Domingo",7/27/2022,662345,7,100,2022
7,489265,"Romo, Sergio",6/10/2022,662129,7,100,2022
7,541640,"Ramírez, Erasmo",6/11/2022,662510,7,100,2022
7,592804,"Thornburg, Tyler",6/24/2022,661684,7,100,2022
7,663465,"Allard, Kolby",6/12/2022,661483,7,100,2022
7,667376,"Sánchez, Miguel",6/18/2022,663062,7,100,2022
7,669270,"Kuhnel, Joel",8/3/2022,661367,7,100,2022
7,656234,"Bird, Jake",8/31/2022,661478,7,100,2022
7,621249,"Underwood Jr., Duane",8/20/2022,662395,7,100,2022
7,643230,"Brault, Steven",7/16/2022,661115,7,100,2022
7,624512,"McGuire, Reese",8/23/2022,663174,7,100,2022
7,641793,"Littell, Zack",8/21/2022,662878,7,100,2022
7,542914,"Bass, Anthony",8/24/2022,663173,7,100,2022
7,664747,"Díaz, Alexis",8/19/2022,662396,7,100,2022
7,670280,"Bednar, David",7/17/2022,661080,7,100,2022
7,642207,"Williams, Devin",6/28/2022,661885,7,100,2022
7,676637,"Sanders, Phoenix",7/2/2022,661724,7,100,2022
7,661403,"Clase, Emmanuel",7/11/2022,662956,7,100,2022
7,666168,"Thompson, Mason",7/13/2022,662517,7,100,2022
7,642207,"Williams, Devin",6/25/2022,661264,7,100,2022
7,456713,"Bush, Matt",6/14/2022,661880,7,100,2022
7,642585,"Bautista, Félix",6/7/2022,661170,7,100,2022
7,676760,"Marinaccio, Ron",8/1/2022,661268,7,100,2022
7,681806,"Wantz, Andrew",8/4/2022,663374,7,100,2022
7,641835,"Mayza, Tim",7/24/2022,663220,7,100,2022
7,657044,"Thompson, Ryan",7/27/2022,661053,7,100,2022
7,543272,"Hand, Brad",7/7/2022,661566,7,100,2022
7,621242,"Díaz, Edwin",7/10/2022,662496,7,100,2022
7,621249,"Underwood Jr., Duane",7/10/2022,661178,7,100,2022
7,625643,"López, Reynaldo",6/29/2022,663396,7,100,2022
7,640444,"Crowe, Wil",7/2/2022,661103,7,100,2022
7,605154,"Brebbia, John",6/4/2022,661395,7,100,2022
7,643256,"Cimber, Adam",6/21/2022,661481,7,100,2022
7,643377,"Jax, Griffin",6/22/2022,661690,7,100,2022
7,640448,"Finnegan, Kyle",6/1/2022,662457,7,100,2022
7,656458,"Gilbreath, Lucas",6/1/2022,662991,7,100,2022
7,650633,"King, Michael",6/4/2022,661278,7,100,2022
7,664199,"Clarke, Taylor",7/1/2022,662834,7,100,2022
7,656730,"Megill, Trevor",7/23/2022,662902,7,100,2022
7,656557,"Houck, Tanner",6/25/2022,663042,7,100,2022
7,642207,"Williams, Devin",8/10/2022,661207,7,100,2022
7,660813,"Graterol, Brusdar",6/24/2022,661139,7,100,2022
7,519008,"McFarland, T.J.",6/17/2022,663256,7,100,2022
7,640462,"Puk, A.J.",6/16/2022,663267,7,100,2022
7,657571,"Ferguson, Caleb",6/14/2022,662611,7,100,2022
7,661403,"Clase, Emmanuel",6/1/2022,663031,7,100,2022
7,623465,"Phillips, Evan",7/13/2022,661118,7,100,2022
7,598264,"Barnes, Matt",8/7/2022,662648,7,100,2022
7,453178,"Kennedy, Ian",7/3/2022,662913,7,100,2022
7,573204,"Thielbar, Caleb",7/15/2022,661674,7,100,2022
7,607237,"Garrett, Amir",8/9/2022,662779,7,100,2022
7,445926,"Chavez, Jesse",6/8/2022,661515,7,100,2022
7,665665,"Sanmartin, Reiver",8/5/2022,661174,7,100,2022
7,608648,"Duffey, Tyler",8/2/2022,661661,7,100,2022
7,573009,"Mantiply, Joe",8/17/2022,662003,7,100,2022
7,605242,"Fulmer, Michael",8/16/2022,661682,7,100,2022
7,608032,"Estévez, Carlos",6/8/2022,662094,7,100,2022
7,663986,"Stephan, Trevor",8/15/2022,662977,7,100,2022
7,622253,"Tate, Dillon",8/3/2022,661818,7,100,2022
7,641835,"Mayza, Tim",8/3/2022,661867,7,100,2022
6,605151,"Bradley, Archie",6/18/2022,662170,6,100,2022
6,647315,"Pop, Zach",8/13/2022,661709,6,100,2022
6,621381,"Strahm, Matt",7/12/2022,661877,6,100,2022
6,571446,"Appel, Mark",6/30/2022,661579,6,100,2022
6,621051,"Wilson, Steven",6/19/2022,662998,6,100,2022
6,678061,"Kerr, Ray",6/14/2022,663182,6,100,2022
6,573009,"Mantiply, Joe",7/27/2022,663294,6,100,2022
6,664747,"Díaz, Alexis",8/2/2022,661368,6,100,2022
6,643493,"Pruitt, Austin",8/2/2022,663376,6,100,2022
6,676684,"Vest, Will",8/1/2022,661671,6,100,2022
6,518617,"Diekman, Jake",6/8/2022,663398,6,100,2022
6,542888,"Armstrong, Shawn",8/25/2022,661856,6,100,2022
6,670036,"Festa, Matt",6/7/2022,662761,6,100,2022
6,614179,"Ruiz, José",8/27/2022,661444,6,100,2022
6,657612,"Hill, Tim",7/31/2022,662267,6,100,2022
6,642397,"Soto, Gregory",7/24/2022,662901,6,100,2022
6,579328,"Kikuchi, Yusei",8/28/2022,661773,6,100,2022
6,672335,"Pérez, Cionel",7/6/2022,661245,6,100,2022
6,670090,"Mills, Wyatt",7/7/2022,662746,6,100,2022
6,621249,"Underwood Jr., Duane",8/28/2022,661598,6,100,2022
6,472610,"García, Luis",8/31/2022,662033,6,100,2022
6,600921,"Machado, Andrés",6/18/2022,662500,6,100,2022
6,521230,"Hendriks, Liam",8/20/2022,662953,6,100,2022
6,453178,"Kennedy, Ian",8/23/2022,662668,6,100,2022
6,661403,"Clase, Emmanuel",6/21/2022,661677,6,100,2022
6,475479,"Phelps, David",7/26/2022,661716,6,100,2022
6,661403,"Clase, Emmanuel",8/27/2022,662140,6,100,2022
6,664294,"Moreta, Dauri",7/14/2022,661261,6,100,2022
6,625643,"López, Reynaldo",8/22/2022,662767,6,100,2022
6,593974,"Peralta, Wandy",7/27/2022,662420,6,100,2022
6,446321,"Detwiler, Ross",8/13/2022,663022,6,100,2022
6,519151,"Pressly, Ryan",8/14/2022,662801,6,100,2022
6,607755,"Vasquez, Andrew",6/5/2022,661747,6,100,2022
6,571670,"Floro, Dylan",7/9/2022,662497,6,100,2022
6,641627,"Gott, Trevor",7/6/2022,661225,6,100,2022
6,656464,"Ginkel, Kevin",8/11/2022,663293,6,100,2022
6,656794,"Newcomb, Sean",8/26/2022,661189,6,100,2022
6,669424,"Lambert, Jimmy",8/23/2022,663461,6,100,2022
6,641835,"Mayza, Tim",6/15/2022,661744,6,100,2022
6,667297,"Nance, Tommy",6/15/2022,661583,6,100,2022
6,667376,"Sánchez, Miguel",6/17/2022,663063,6,100,2022
6,665665,"Sanmartin, Reiver",7/22/2022,663060,6,100,2022
6,667427,"Jackson, Zach",7/26/2022,662346,6,100,2022
6,605218,"Edwards Jr., Carl",8/10/2022,663229,6,100,2022
6,656354,"Davis, Austin",8/10/2022,663188,6,100,2022
6,657024,"Swanson, Erik",8/14/2022,661789,6,100,2022
6,642130,"Taylor, Blake",6/3/2022,662692,6,100,2022
6,669212,"Morgan, Eli",6/3/2022,661058,6,100,2022
6,657612,"Hill, Tim",6/23/2022,662227,6,100,2022
6,519043,"Moore, Matt",6/13/2022,661881,6,100,2022
6,593974,"Peralta, Wandy",6/24/2022,661274,6,100,2022
6,640462,"Puk, A.J.",6/27/2022,661275,6,100,2022
6,640448,"Finnegan, Kyle",6/25/2022,661898,6,100,2022
6,656638,"Lange, Alex",6/26/2022,663331,6,100,2022
6,572193,"Tepera, Ryan",8/8/2022,662331,6,100,2022
6,573009,"Mantiply, Joe",8/6/2022,663288,6,100,2022
6,671345,"Foley, Jason",7/11/2022,662661,6,100,2022
6,657024,"Swanson, Erik",8/6/2022,662154,6,100,2022
6,641871,"Middleton, Keynan",7/13/2022,662107,6,100,2022
6,543521,"McHugh, Collin",7/29/2022,661501,6,100,2022
6,641729,"Jiménez, Joe",8/15/2022,662948,6,100,2022
6,605130,"Barlow, Scott",7/11/2022,662700,6,100,2022
6,570257,"Rodríguez, Joely",6/4/2022,662687,6,100,2022
6,623451,"Stephens, Jackson",6/26/2022,661512,6,100,2022
6,663947,"Holton, Tyler",8/1/2022,662947,6,100,2022
6,666374,"Brash, Matt",8/2/2022,661253,6,100,2022
6,608032,"Estévez, Carlos",8/4/2022,662219,6,100,2022
6,641582,"Foster, Matt",7/4/2022,661452,6,100,2022
6,622075,"Almonte, Yency",8/1/2022,662070,6,100,2022
6,621383,"Banks, Tanner",7/4/2022,661452,6,100,2022
6,543351,"Jackson, Jay",8/28/2022,661950,6,100,2022
6,681911,"Vesia, Alex",7/7/2022,662730,6,100,2022
6,641835,"Mayza, Tim",8/29/2022,661801,6,100,2022
6,596082,"Reed, Jake",7/30/2022,662989,6,100,2022
6,666808,"Doval, Camilo",7/5/2022,663320,6,100,2022
6,592858,"Wick, Rowan",7/8/2022,662610,6,100,2022
6,681911,"Vesia, Alex",8/26/2022,661355,6,100,2022
6,669804,"De Jesus, Angel",7/31/2022,661711,6,100,2022
6,542888,"Armstrong, Shawn",7/26/2022,661054,6,100,2022
6,503285,"O'Day, Darren",6/10/2022,661513,6,100,2022
6,542947,"Bleier, Richard",6/12/2022,662758,6,100,2022
6,657514,"Bernardino, Brennan",7/31/2022,662918,6,100,2022
6,664123,"Effross, Scott",6/13/2022,663183,6,100,2022
6,678061,"Kerr, Ray",6/11/2022,662222,6,100,2022
6,453343,"Melancon, Mark",8/30/2022,663286,6,100,2022
6,543351,"Jackson, Jay",8/30/2022,661479,6,100,2022
6,642585,"Bautista, Félix",8/31/2022,662972,6,100,2022
6,596112,"Stephenson, Robert",8/21/2022,662878,6,100,2022
6,542947,"Bleier, Richard",8/24/2022,662338,6,100,2022
6,662253,"Muñoz, Andrés",8/23/2022,662142,6,100,2022
6,641329,"Baker, Bryan",8/23/2022,663461,6,100,2022
6,665665,"Sanmartin, Reiver",8/21/2022,662300,6,100,2022
6,682171,"Murfee, Penn",8/19/2022,662341,6,100,2022
6,517008,"Colomé, Alex",7/26/2022,661079,6,100,2022
6,571948,"Milner, Hoby",7/24/2022,661184,6,100,2022
6,656234,"Bird, Jake",8/21/2022,662878,6,100,2022
6,643256,"Cimber, Adam",6/29/2022,661727,6,100,2022
6,623465,"Phillips, Evan",8/3/2022,662055,6,100,2022
6,594311,"Gustave, Jandel",7/26/2022,661281,6,100,2022
6,607259,"Martinez, Nick",8/12/2022,662551,6,100,2022
6,669742,"Hall, Darick",8/20/2022,661628,6,100,2022
6,657044,"Thompson, Ryan",7/13/2022,661876,6,100,2022
6,518489,"Brasier, Ryan",6/16/2022,663267,6,100,2022
6,623474,"Herget, Jimmy",6/5/2022,661633,6,100,2022
6,668665,"Nogosek, Stephen",6/5/2022,662612,6,100,2022
6,571704,"Giles, Ken",7/8/2022,662155,6,100,2022
6,656638,"Lange, Alex",7/7/2022,661425,6,100,2022
6,669276,"Lee, Dylan",7/7/2022,661521,6,100,2022
6,518617,"Diekman, Jake",6/20/2022,663253,6,100,2022
6,666808,"Doval, Camilo",6/4/2022,661395,6,100,2022
6,621237,"Alvarado, José",6/21/2022,661846,6,100,2022
6,621242,"Díaz, Edwin",6/22/2022,662749,6,100,2022
6,600921,"Machado, Andrés",7/5/2022,661578,6,100,2022
6,663986,"Stephan, Trevor",6/28/2022,663033,6,100,2022
6,676534,"Faucher, Calvin",6/18/2022,661127,6,100,2022
6,571948,"Milner, Hoby",6/1/2022,663184,6,100,2022
6,502202,"Boxberger, Brad",7/22/2022,661193,6,100,2022
6,596057,"Norris, Daniel",6/4/2022,663152,6,100,2022
6,642121,"Sulser, Cole",6/1/2022,662991,6,100,2022
6,542947,"Bleier, Richard",7/11/2022,661324,6,100,2022
6,570666,"Cessa, Luis",6/26/2022,662061,6,100,2022
6,593974,"Peralta, Wandy",8/12/2022,663177,6,100,2022
6,669459,"Nelson, Kyle",6/25/2022,663346,6,100,2022
6,518489,"Brasier, Ryan",8/7/2022,662648,6,100,2022
6,622503,"Crismatt, Nabil",6/1/2022,661982,6,100,2022
6,593974,"Peralta, Wandy",8/9/2022,662148,6,100,2022
6,643256,"Cimber, Adam",6/24/2022,661190,6,100,2022
6,493603,"Ottavino, Adam",6/26/2022,661380,6,100,2022
6,621051,"Wilson, Steven",6/25/2022,662247,6,100,2022
6,593974,"Peralta, Wandy",7/13/2022,661269,6,100,2022
6,670167,"Schreiber, John",8/9/2022,663201,6,100,2022
6,622065,"Young, Alex",7/4/2022,662906,6,100,2022
6,641793,"Littell, Zack",6/9/2022,662091,6,100,2022
6,643511,"Rogers, Tyler",8/8/2022,662218,6,100,2022
6,656234,"Bird, Jake",8/7/2022,663300,6,100,2022
6,656638,"Lange, Alex",8/6/2022,662856,6,100,2022
6,672335,"Pérez, Cionel",8/8/2022,661047,6,100,2022
6,548384,"Raley, Brooks",8/15/2022,661283,6,100,2022
6,608678,"Leone, Dominic",6/5/2022,661394,6,100,2022
6,456034,"Price, David",8/2/2022,662056,6,100,2022
6,623149,"Sewald, Paul",6/5/2022,661962,6,100,2022
5,622786,"Tinoco, Jesus",6/10/2022,661485,5,100,2022
5,642121,"Sulser, Cole",8/26/2022,661355,5,100,2022
5,594311,"Gustave, Jandel",7/31/2022,663189,5,100,2022
5,594838,"Gosselin, Phil",8/23/2022,661858,5,100,2022
5,664942,"Naile, James",8/4/2022,661945,5,100,2022
5,605130,"Barlow, Scott",7/28/2022,661257,5,100,2022
5,518886,"Kimbrel, Craig",7/6/2022,662630,5,100,2022
5,542914,"Bass, Anthony",6/5/2022,661394,5,100,2022
5,608032,"Estévez, Carlos",7/5/2022,662731,5,100,2022
5,663558,"Moran, Jovani",6/5/2022,661747,5,100,2022
5,642545,"Barria, Jaime",7/5/2022,661379,5,100,2022
5,596112,"Stephenson, Robert",7/29/2022,661076,5,100,2022
5,573009,"Mantiply, Joe",7/26/2022,663314,5,100,2022
5,625643,"López, Reynaldo",6/9/2022,661458,5,100,2022
5,643493,"Pruitt, Austin",6/9/2022,663015,5,100,2022
5,607237,"Garrett, Amir",6/21/2022,663442,5,100,2022
5,541640,"Ramírez, Erasmo",7/26/2022,662573,5,100,2022
5,640444,"Crowe, Wil",7/14/2022,661375,5,100,2022
5,680704,"Sandlin, Nick",7/23/2022,661408,5,100,2022
5,656685,"Martin, Brett",8/22/2022,661658,5,100,2022
5,621237,"Alvarado, José",7/6/2022,661564,5,100,2022
5,657770,"Stout, Eric",8/10/2022,663302,5,100,2022
5,657265,"Strzelecki, Peter",8/14/2022,661957,5,100,2022
5,642545,"Barria, Jaime",6/15/2022,662694,5,100,2022
5,489446,"Yates, Kirby",8/10/2022,663188,5,100,2022
5,573009,"Mantiply, Joe",8/13/2022,662882,5,100,2022
5,453178,"Kennedy, Ian",6/4/2022,662451,5,100,2022
5,572193,"Tepera, Ryan",7/3/2022,662889,5,100,2022
5,650895,"Castillo, Diego",6/25/2022,663441,5,100,2022
5,445926,"Chavez, Jesse",8/15/2022,663370,5,100,2022
5,605242,"Fulmer, Michael",7/4/2022,662906,5,100,2022
5,664126,"Fairbanks, Pete",8/17/2022,661266,5,100,2022
5,676050,"Naughton, Packy",8/16/2022,661955,5,100,2022
5,605177,"Chafin, Andrew",6/11/2022,662830,5,100,2022
5,640444,"Crowe, Wil",8/9/2022,663303,5,100,2022
5,489265,"Romo, Sergio",6/15/2022,662173,5,100,2022
5,656234,"Bird, Jake",7/24/2022,661184,5,100,2022
5,607755,"Vasquez, Andrew",6/8/2022,662679,5,100,2022
5,593974,"Peralta, Wandy",8/3/2022,661293,5,100,2022
5,641501,"Danish, Tyler",6/12/2022,662127,5,100,2022
5,605154,"Brebbia, John",8/4/2022,662114,5,100,2022
5,669270,"Kuhnel, Joel",6/14/2022,663342,5,100,2022
5,598287,"Ramirez, Noé",8/17/2022,662003,5,100,2022
5,542914,"Bass, Anthony",8/18/2022,661265,5,100,2022
5,453343,"Melancon, Mark",7/31/2022,661498,5,100,2022
5,459429,"McGee, Jake",6/21/2022,661142,5,100,2022
5,663855,"Hicks, Jordan",7/9/2022,661137,5,100,2022
5,670036,"Festa, Matt",7/24/2022,662145,5,100,2022
5,600921,"Machado, Andrés",6/22/2022,661246,5,100,2022
5,641793,"Littell, Zack",6/19/2022,661122,5,100,2022
5,657612,"Hill, Tim",6/21/2022,662248,5,100,2022
5,606303,"Payamps, Joel",8/28/2022,662335,5,100,2022
5,543521,"McHugh, Collin",7/24/2022,661502,5,100,2022
5,593974,"Peralta, Wandy",8/23/2022,661237,5,100,2022
5,592741,"Shreve, Chasen",7/2/2022,662456,5,100,2022
5,660787,"De los Santos, Yerry",6/30/2022,661105,5,100,2022
5,542947,"Bleier, Richard",7/12/2022,661377,5,100,2022
5,642152,"Trivino, Lou",7/26/2022,662346,5,100,2022
5,642701,"Santana, Dennis",7/11/2022,661814,5,100,2022
5,669622,"Bender, Anthony",8/13/2022,661360,5,100,2022
5,621381,"Strahm, Matt",6/8/2022,663398,5,100,2022
5,503285,"O'Day, Darren",6/14/2022,662503,5,100,2022
5,541640,"Ramírez, Erasmo",6/17/2022,662502,5,100,2022
5,622075,"Almonte, Yency",7/8/2022,662610,5,100,2022
5,623149,"Sewald, Paul",6/15/2022,662173,5,100,2022
5,669459,"Nelson, Kyle",7/6/2022,663318,5,100,2022
5,664123,"Effross, Scott",7/1/2022,663185,5,100,2022
5,670167,"Schreiber, John",6/21/2022,663246,5,100,2022
5,472610,"García, Luis",7/23/2022,662495,5,100,2022
5,607216,"Krehbiel, Joey",7/16/2022,661873,5,100,2022
5,446321,"Detwiler, Ross",6/4/2022,663102,5,100,2022
5,573009,"Mantiply, Joe",8/12/2022,662978,5,100,2022
5,571670,"Floro, Dylan",6/11/2022,662756,5,100,2022
5,605154,"Brebbia, John",6/9/2022,662091,5,100,2022
5,446321,"Detwiler, Ross",8/9/2022,662444,5,100,2022
5,472610,"García, Luis",8/9/2022,662246,5,100,2022
5,643256,"Cimber, Adam",8/6/2022,661662,5,100,2022
5,670059,"Holderman, Colin",6/4/2022,662687,5,100,2022
5,660787,"De los Santos, Yerry",6/24/2022,661888,5,100,2022
5,502202,"Boxberger, Brad",8/4/2022,662303,5,100,2022
5,455119,"Martin, Chris",6/24/2022,661971,5,100,2022
5,670990,"Ramírez, Yohan",8/5/2022,661048,5,100,2022
5,622554,"Domínguez, Seranthony",8/9/2022,661553,5,100,2022
5,607237,"Garrett, Amir",8/15/2022,661676,5,100,2022
5,622065,"Young, Alex",8/15/2022,662034,5,100,2022
4,572125,"Selman, Sam",6/3/2022,662365,4,100,2022
4,641835,"Mayza, Tim",6/11/2022,662830,4,100,2022
4,592094,"Adam, Jason",6/21/2022,661890,4,100,2022
4,656685,"Martin, Brett",7/3/2022,662509,4,100,2022
4,669459,"Nelson, Kyle",7/3/2022,662913,4,100,2022
4,594580,"Moll, Sam",7/9/2022,662351,4,100,2022
4,543521,"McHugh, Collin",8/28/2022,661950,4,100,2022
4,456713,"Bush, Matt",6/11/2022,661484,4,100,2022
4,472610,"García, Luis",8/1/2022,662224,4,100,2022
4,656685,"Martin, Brett",8/28/2022,661784,4,100,2022
4,664092,"Poppen, Sean",6/21/2022,662248,4,100,2022
4,607237,"Garrett, Amir",8/21/2022,661860,4,100,2022
4,640462,"Puk, A.J.",7/22/2022,662344,4,100,2022
4,593974,"Peralta, Wandy",7/26/2022,662438,4,100,2022
4,640462,"Puk, A.J.",7/15/2022,662923,4,100,2022
4,456034,"Price, David",8/12/2022,662671,4,100,2022
4,493603,"Ottavino, Adam",8/14/2022,662427,4,100,2022
4,660813,"Graterol, Brusdar",7/7/2022,662730,4,100,2022
4,650671,"Quijada, José",7/24/2022,661502,4,100,2022
4,573204,"Thielbar, Caleb",6/15/2022,662173,4,100,2022
4,657044,"Thompson, Ryan",6/22/2022,661889,4,100,2022
4,676760,"Marinaccio, Ron",6/28/2022,661272,4,100,2022
4,682171,"Murfee, Penn",6/25/2022,663441,4,100,2022
4,663765,"Woodford, Jake",6/26/2022,661969,4,100,2022
4,621345,"Minter, A.J.",8/9/2022,663201,4,100,2022
4,571710,"Givens, Mychal",8/9/2022,662444,4,100,2022
4,657612,"Hill, Tim",8/9/2022,662246,4,100,2022
4,664208,"Maton, Phil",8/15/2022,661449,4,100,2022
4,608718,"Suter, Brent",8/3/2022,662324,4,100,2022
4,666204,"Jiménez, Dany",6/18/2022,662368,4,100,2022
4,571948,"Milner, Hoby",6/19/2022,663061,4,100,2022
4,517008,"Colomé, Alex",6/8/2022,662094,4,100,2022
4,681911,"Vesia, Alex",8/18/2022,661179,4,100,2022
4,606993,"Hager, Jake",6/7/2022,663064,4,100,2022
4,621363,"Poche, Colin",6/3/2022,661897,4,100,2022
4,571656,"Farmer, Buck",8/7/2022,661172,4,100,2022
4,665665,"Sanmartin, Reiver",8/6/2022,661173,4,100,2022
4,607237,"Garrett, Amir",8/28/2022,662638,4,100,2022
4,669276,"Lee, Dylan",7/29/2022,661501,4,100,2022
4,672335,"Pérez, Cionel",6/11/2022,662674,4,100,2022
4,670810,"Gillaspie, Logan",6/3/2022,661058,4,100,2022
4,606424,"García, Jarlín",7/7/2022,662253,4,100,2022
4,622554,"Domínguez, Seranthony",7/28/2022,662326,4,100,2022
4,596112,"Stephenson, Robert",6/22/2022,661393,4,100,2022
4,598287,"Ramirez, Noé",7/25/2022,663315,4,100,2022
4,596043,"Mengden, Daniel",6/22/2022,663389,4,100,2022
4,642528,"Loáisiga, Jonathan",7/27/2022,662420,4,100,2022
4,596295,"Gomber, Austin",8/31/2022,661478,4,100,2022
4,656786,"Mushinski, Parker",7/23/2022,662146,4,100,2022
4,623465,"Phillips, Evan",7/1/2022,662609,4,100,2022
4,668868,"Thompson, Zack",7/2/2022,661581,4,100,2022
4,570663,"Robles, Hansel",6/28/2022,661728,4,100,2022
4,623149,"Sewald, Paul",7/13/2022,662517,4,100,2022
4,489265,"Romo, Sergio",7/8/2022,662155,4,100,2022
4,607179,"Weems, Jordan",7/10/2022,661520,4,100,2022
4,669912,"Snead, Kirby",7/6/2022,662353,4,100,2022
4,664123,"Effross, Scott",7/8/2022,662610,4,100,2022
4,622503,"Crismatt, Nabil",6/2/2022,661340,4,100,2022
4,544727,"Familia, Jeurys",7/13/2022,661721,4,100,2022
4,664123,"Effross, Scott",7/16/2022,661114,4,100,2022
4,571670,"Floro, Dylan",8/13/2022,661360,4,100,2022
4,571479,"Bellatti, Andrew",6/11/2022,661614,4,100,2022
4,680704,"Sandlin, Nick",8/10/2022,662791,4,100,2022
3,621016,"Cuas, Jose",7/3/2022,662794,3,100,2022
3,489265,"Romo, Sergio",7/14/2022,661720,3,100,2022
3,542914,"Bass, Anthony",8/30/2022,661800,3,100,2022
3,542585,"Cisnero, José",7/28/2022,661714,3,100,2022
3,621345,"Minter, A.J.",6/19/2022,663218,3,100,2022
3,621366,"Borucki, Ryan",8/3/2022,661293,3,100,2022
3,642585,"Bautista, Félix",8/2/2022,661819,3,100,2022
3,657024,"Swanson, Erik",7/15/2022,661810,3,100,2022
3,665625,"Peguero, Elvis",7/7/2022,661091,3,100,2022
3,605130,"Barlow, Scott",8/28/2022,662638,3,100,2022
3,657024,"Swanson, Erik",7/25/2022,662166,3,100,2022
3,493603,"Ottavino, Adam",6/10/2022,663390,3,100,2022
3,572403,"VerHagen, Drew",6/21/2022,661192,3,100,2022
3,650671,"Quijada, José",6/19/2022,662169,3,100,2022
3,455119,"Martin, Chris",8/23/2022,662605,3,100,2022
3,641401,"Brogdon, Connor",7/23/2022,661559,3,100,2022
3,571479,"Bellatti, Andrew",8/24/2022,661605,3,100,2022
3,542585,"Cisnero, José",8/13/2022,661383,3,100,2022
3,606160,"Montero, Rafael",6/5/2022,662688,3,100,2022
3,670950,"Richards, Trevor",8/23/2022,663174,3,100,2022
3,670090,"Mills, Wyatt",8/10/2022,662639,3,100,2022
3,548384,"Raley, Brooks",6/22/2022,661889,3,100,2022
3,643511,"Rogers, Tyler",6/19/2022,661122,3,100,2022
3,641835,"Mayza, Tim",7/26/2022,661716,3,100,2022
3,573204,"Thielbar, Caleb",8/10/2022,662575,3,100,2022
3,656354,"Davis, Austin",8/11/2022,663274,3,100,2022
3,669211,"Akin, Keegan",7/26/2022,661054,3,100,2022
3,676050,"Naughton, Packy",6/14/2022,661973,3,100,2022
3,670167,"Schreiber, John",6/25/2022,663042,3,100,2022
3,595345,"Okert, Steven",8/5/2022,661063,3,100,2022
3,665665,"Sanmartin, Reiver",8/7/2022,661172,3,100,2022
3,607237,"Garrett, Amir",6/25/2022,662672,3,100,2022
3,628452,"Iglesias, Raisel",8/18/2022,661493,3,100,2022
3,598287,"Ramirez, Noé",8/18/2022,662002,3,100,2022
3,661440,"Llovera, Mauricio",7/6/2022,663318,3,100,2022
3,642207,"Williams, Devin",8/3/2022,662324,3,100,2022
3,592094,"Adam, Jason",6/22/2022,661889,3,100,2022
3,664670,"Lopez, Alejo",8/16/2022,663019,3,100,2022
3,663989,"Vespi, Nick",8/24/2022,663460,3,100,2022
3,656685,"Martin, Brett",8/13/2022,661790,3,100,2022
3,672391,"Ort, Kaleb",7/12/2022,661877,3,100,2022
3,605154,"Brebbia, John",7/25/2022,663315,3,100,2022
3,650556,"Abreu, Bryan",6/26/2022,661273,3,100,2022
3,661403,"Clase, Emmanuel",8/26/2022,662143,3,100,2022
3,501925,"Smith, Joe",8/1/2022,661671,3,100,2022
3,669674,"Long, Sam",7/6/2022,663318,3,100,2022
3,592094,"Adam, Jason",7/14/2022,661875,3,100,2022
3,642701,"Santana, Dennis",7/25/2022,662166,3,100,2022
3,664208,"Maton, Phil",7/5/2022,662847,3,100,2022
3,676714,"Hughes, Brandon",7/4/2022,661181,3,100,2022
3,543507,"May, Trevor",8/22/2022,661238,3,100,2022
3,657044,"Thompson, Ryan",7/17/2022,661872,3,100,2022
3,608032,"Estévez, Carlos",7/27/2022,661078,3,100,2022
3,661403,"Clase, Emmanuel",8/9/2022,662793,3,100,2022
3,453178,"Kennedy, Ian",6/19/2022,663334,3,100,2022
3,622253,"Tate, Dillon",8/26/2022,662710,3,100,2022
3,446321,"Detwiler, Ross",6/3/2022,663119,3,100,2022
3,621295,"Wittgren, Nick",6/1/2022,661982,3,100,2022
3,592858,"Wick, Rowan",6/23/2022,661106,3,100,2022
2,669459,"Nelson, Kyle",6/10/2022,661617,2,100,2022
2,607237,"Garrett, Amir",8/7/2022,662648,2,100,2022
2,518553,"Cishek, Steve",6/29/2022,662493,2,100,2022
2,641501,"Danish, Tyler",6/27/2022,661740,2,100,2022
2,519043,"Moore, Matt",7/4/2022,661073,2,100,2022
2,656730,"Megill, Trevor",7/5/2022,661426,2,100,2022
2,643493,"Pruitt, Austin",6/12/2022,663083,2,100,2022
2,606424,"García, Jarlín",8/20/2022,662879,2,100,2022
2,592761,"Smith, Caleb",7/16/2022,662271,2,100,2022
2,607259,"Martinez, Nick",7/17/2022,662269,2,100,2022
2,656685,"Martin, Brett",6/5/2022,661962,2,100,2022
2,656685,"Martin, Brett",8/20/2022,661670,2,100,2022
2,641941,"Pagán, Emilio",7/23/2022,662902,2,100,2022
2,621366,"Borucki, Ryan",6/6/2022,662762,2,100,2022
2,642528,"Loáisiga, Jonathan",8/3/2022,661293,2,100,2022
2,660853,"De Los Santos, Enyel",7/10/2022,662662,2,100,2022
2,542914,"Bass, Anthony",7/3/2022,662486,2,100,2022
2,669459,"Nelson, Kyle",6/13/2022,663345,2,100,2022
2,573009,"Mantiply, Joe",8/27/2022,661444,2,100,2022
2,641835,"Mayza, Tim",8/25/2022,663172,2,100,2022
2,657044,"Thompson, Ryan",7/9/2022,663092,2,100,2022
2,621237,"Alvarado, José",8/26/2022,661603,2,100,2022
2,669424,"Lambert, Jimmy",7/26/2022,661079,2,100,2022
2,664942,"Naile, James",7/24/2022,663059,2,100,2022
2,621345,"Minter, A.J.",6/10/2022,661513,2,100,2022
2,605154,"Brebbia, John",8/21/2022,662878,2,100,2022
2,666818,"Frías, Luis",8/21/2022,663301,2,100,2022
2,605280,"Holmes, Clay",7/2/2022,662954,2,100,2022
2,657044,"Thompson, Ryan",8/10/2022,661207,2,100,2022
2,681911,"Vesia, Alex",7/22/2022,662589,2,100,2022
2,663986,"Stephan, Trevor",6/15/2022,662893,2,100,2022
2,676714,"Hughes, Brandon",7/6/2022,661225,2,100,2022
2,614179,"Ruiz, José",8/10/2022,662639,2,100,2022
2,669622,"Bender, Anthony",8/10/2022,661557,2,100,2022
2,642585,"Bautista, Félix",6/15/2022,661744,2,100,2022
1,621237,"Alvarado, José",8/3/2022,661500,1,100,2022
1,617228,"Sawamura, Hirokazu",8/3/2022,662725,1,100,2022
1,682171,"Murfee, Penn",7/26/2022,662184,1,100,2022
1,543766,"Shaw, Bryan",8/17/2022,662951,1,100,2022
1,642028,"Rogers, Josh",6/1/2022,662457,1,100,2022
1,656354,"Davis, Austin",8/9/2022,663201,1,100,2022
1,640462,"Puk, A.J.",8/4/2022,663374,1,100,2022
1,623465,"Phillips, Evan",7/9/2022,662683,1,100,2022
1,594580,"Moll, Sam",7/22/2022,662344,1,100,2022
1,667427,"Jackson, Zach",7/25/2022,662347,1,100,2022
1,501925,"Smith, Joe",6/13/2022,662126,1,100,2022
1,572070,"Richards, Garrett",7/13/2022,661812,1,100,2022
1,519043,"Moore, Matt",7/9/2022,661842,1,100,2022
1,669424,"Lambert, Jimmy",7/27/2022,661078,1,100,2022
1,672335,"Pérez, Cionel",8/15/2022,661707,1,100,2022
94,660730,"Rodriguez, Elvin",10/4/2022,662199,94,100,2022
92,665152,"Kremer, Dean",9/7/2022,663457,92,100,2022
92,669145,"Zimmermann, Bruce",9/5/2022,661045,92,100,2022
90,674681,"Plassmeyer, Michael",10/5/2022,662789,90,100,2022
88,669713,"Wesneski, Hayden",9/11/2022,663130,88,100,2022
87,596001,"Junis, Jakob",9/8/2022,661219,87,100,2022
87,663546,"Hjelle, Sean",9/8/2022,661233,87,100,2022
85,594577,"Mayers, Mike",9/11/2022,661083,85,100,2022
83,656657,"Logue, Zach",9/8/2022,662334,83,100,2022
83,592866,"Williams, Trevor",9/14/2022,662422,83,100,2022
83,596001,"Junis, Jakob",10/1/2022,662023,83,100,2022
83,596001,"Junis, Jakob",9/25/2022,663280,83,100,2022
83,669952,"White, Mitch",9/13/2022,661840,83,100,2022
82,657093,"Watkins, Spenser",9/26/2022,663250,82,100,2022
79,676664,"Sears, JP",10/1/2022,661110,79,100,2022
79,592866,"Williams, Trevor",10/5/2022,662488,79,100,2022
77,643361,"Herget, Kevin",10/3/2022,663453,77,100,2022
77,669060,"Wilson, Bryse",9/7/2022,662283,77,100,2022
77,663485,"Sands, Cole",9/10/2022,661665,77,100,2022
76,663546,"Hjelle, Sean",10/3/2022,662239,76,100,2022
75,650911,"Sánchez, Cristopher",9/2/2022,662032,75,100,2022
74,686752,"Pepiot, Ryan",9/4/2022,662599,74,100,2022
73,669952,"White, Mitch",10/5/2022,663451,73,100,2022
73,678692,"Henriquez, Ronny",9/19/2022,663044,73,100,2022
71,605507,"Thompson, Zach",10/1/2022,661956,71,100,2022
69,571760,"Heaney, Andrew",9/29/2022,662209,69,100,2022
69,592717,"Sanchez, Aaron",9/3/2022,661438,69,100,2022
69,663436,"Martin, Davis",9/2/2022,661439,69,100,2022
68,678692,"Henriquez, Ronny",9/25/2022,661667,68,100,2022
66,663546,"Hjelle, Sean",9/20/2022,662867,66,100,2022
66,668338,"Miller, Tyson",9/27/2022,662117,66,100,2022
64,642232,"Yarbrough, Ryan",9/11/2022,661232,64,100,2022
64,656818,"Overton, Connor",9/30/2022,663099,64,100,2022
64,656818,"Overton, Connor",9/24/2022,661067,64,100,2022
63,621079,"Wiles, Collin",9/23/2022,662305,63,100,2022
62,571760,"Heaney, Andrew",10/4/2022,662624,62,100,2022
62,640455,"Manaea, Sean",9/29/2022,662209,62,100,2022
61,621079,"Wiles, Collin",9/18/2022,662822,61,100,2022
61,669713,"Wesneski, Hayden",9/6/2022,663242,61,100,2022
60,663546,"Hjelle, Sean",9/28/2022,662045,60,100,2022
60,663465,"Allard, Kolby",10/4/2022,662010,60,100,2022
59,605194,"Cotton, Jharel",9/29/2022,662050,59,100,2022
59,642232,"Yarbrough, Ryan",9/17/2022,662015,59,100,2022
59,608652,"Farrell, Luke",9/11/2022,661176,59,100,2022
59,663485,"Sands, Cole",10/5/2022,661427,59,100,2022
58,686752,"Pepiot, Ryan",9/20/2022,662621,58,100,2022
57,656578,"Jackson, Andre",10/2/2022,662581,57,100,2022
57,592826,"Velasquez, Vince",10/5/2022,661427,57,100,2022
56,592866,"Williams, Trevor",9/4/2022,662424,56,100,2022
56,657649,"Koenig, Jared",9/25/2022,662310,56,100,2022
56,670174,"Winckowski, Josh",10/1/2022,661736,56,100,2022
56,669935,"Alexy, A.J.",9/2/2022,663212,56,100,2022
56,650911,"Sánchez, Cristopher",9/11/2022,661592,56,100,2022
56,666974,"Cano, Yennier",9/10/2022,663455,56,100,2022
55,596295,"Gomber, Austin",9/21/2022,662899,55,100,2022
55,682051,"Hill, Garrett",9/18/2022,662783,55,100,2022
55,657649,"Koenig, Jared",9/16/2022,662740,55,100,2022
54,642232,"Yarbrough, Ryan",9/4/2022,661853,54,100,2022
54,621368,"Hearn, Taylor",9/13/2022,661838,54,100,2022
54,664871,"Dowdy, Kyle",9/17/2022,661965,54,100,2022
54,676596,"Fleming, Josh",9/14/2022,661770,54,100,2022
54,664337,"Yajure, Miguel",9/25/2022,662243,54,100,2022
54,663773,"Hoeing, Bryan",9/12/2022,661419,54,100,2022
53,630023,"Chirinos, Yonny",9/7/2022,662065,53,100,2022
52,656257,"Brigham, Jeff",9/17/2022,662462,52,100,2022
51,663753,"Knehr, Reiss",9/3/2022,662597,51,100,2022
50,663546,"Hjelle, Sean",9/17/2022,662024,50,100,2022
50,669060,"Wilson, Bryse",10/4/2022,662319,50,100,2022
49,605507,"Thompson, Zach",9/7/2022,662285,49,100,2022
49,664337,"Yajure, Miguel",9/14/2022,663006,49,100,2022
49,541640,"Ramírez, Erasmo",9/20/2022,661469,49,100,2022
49,571946,"Miller, Shelby",9/23/2022,663282,49,100,2022
49,554431,"Matzek, Tyler",9/23/2022,661587,49,100,2022
48,624522,"Thompson, Keegan",9/29/2022,663110,48,100,2022
48,592717,"Sanchez, Aaron",9/17/2022,663141,48,100,2022
48,641501,"Danish, Tyler",9/26/2022,663250,48,100,2022
48,542888,"Armstrong, Shawn",9/13/2022,661840,48,100,2022
48,624522,"Thompson, Keegan",10/4/2022,663243,48,100,2022
47,686613,"Brown, Hunter",9/19/2022,662013,47,100,2022
47,650911,"Sánchez, Cristopher",10/1/2022,661098,47,100,2022
47,656794,"Newcomb, Sean",9/2/2022,661920,47,100,2022
47,595881,"Beede, Tyler",9/2/2022,662356,47,100,2022
47,670288,"Fishman, Jake",9/17/2022,662462,47,100,2022
47,657093,"Watkins, Spenser",10/1/2022,661217,47,100,2022
47,670990,"Ramírez, Yohan",9/15/2022,662398,47,100,2022
46,593619,"Tapia, Domingo",9/10/2022,662322,46,100,2022
46,608328,"De Jong, Chase",9/17/2022,662403,46,100,2022
46,592717,"Sanchez, Aaron",9/9/2022,661650,46,100,2022
46,668665,"Nogosek, Stephen",10/4/2022,661095,46,100,2022
46,668834,"McGee, Easton",10/2/2022,662825,46,100,2022
46,596271,"Lawrence, Casey",10/5/2022,663272,46,100,2022
45,594577,"Mayers, Mike",9/24/2022,661656,45,100,2022
45,579328,"Kikuchi, Yusei",9/30/2022,661751,45,100,2022
45,676050,"Naughton, Packy",9/20/2022,662204,45,100,2022
45,592761,"Smith, Caleb",9/20/2022,662621,45,100,2022
45,657376,"Schmidt, Clarke",9/8/2022,661252,45,100,2022
45,641712,"Hudson, Dakota",9/24/2022,662584,45,100,2022
44,622503,"Crismatt, Nabil",10/5/2022,662238,44,100,2022
44,611093,"Bracho, Silvino",10/5/2022,661422,44,100,2022
44,640444,"Crowe, Wil",9/12/2022,663085,44,100,2022
44,592761,"Smith, Caleb",9/14/2022,663322,44,100,2022
44,682051,"Hill, Garrett",9/1/2022,662785,44,100,2022
44,664353,"Urquidy, José",10/3/2022,662777,44,100,2022
44,650204,"Ruiz, Norge",9/7/2022,662312,44,100,2022
44,642659,"Espinal, Raynel",9/16/2022,661953,44,100,2022
43,656354,"Davis, Austin",9/7/2022,661235,43,100,2022
43,682051,"Hill, Garrett",9/28/2022,662773,43,100,2022
43,641360,"Bickford, Phil",9/2/2022,662603,43,100,2022
43,664776,"Cousins, Jake",10/4/2022,661223,43,100,2022
43,624522,"Thompson, Keegan",9/21/2022,661297,43,100,2022
43,579328,"Kikuchi, Yusei",9/11/2022,661839,43,100,2022
43,596057,"Norris, Daniel",9/9/2022,662637,43,100,2022
43,641745,"Keller, Brad",9/9/2022,662637,43,100,2022
43,606424,"García, Jarlín",9/6/2022,662601,43,100,2022
43,664202,"Cyr, Tyler",9/8/2022,662334,43,100,2022
42,642203,"Widener, Taylor",9/13/2022,663323,42,100,2022
42,641745,"Keller, Brad",9/1/2022,661440,42,100,2022
42,657649,"Koenig, Jared",10/3/2022,662431,42,100,2022
42,656578,"Jackson, Andre",9/25/2022,662598,42,100,2022
42,621368,"Hearn, Taylor",10/4/2022,662010,42,100,2022
42,592761,"Smith, Caleb",10/2/2022,662022,42,100,2022
42,640470,"Alzolay, Adbert",10/5/2022,663131,42,100,2022
42,605507,"Thompson, Zach",9/24/2022,662249,42,100,2022
41,669093,"Estrada, Jeremiah",9/19/2022,661299,41,100,2022
41,685503,"Arihara, Kohei",9/3/2022,663214,41,100,2022
41,656257,"Brigham, Jeff",9/10/2022,661323,41,100,2022
41,664875,"Lawrence, Justin",9/7/2022,662871,41,100,2022
41,502085,"Robertson, David",9/4/2022,662030,41,100,2022
41,571510,"Boyd, Matthew",10/3/2022,662201,41,100,2022
41,640470,"Alzolay, Adbert",9/24/2022,662249,41,100,2022
41,643410,"Leiter Jr., Mark",9/22/2022,662264,41,100,2022
41,592717,"Sanchez, Aaron",9/21/2022,662633,41,100,2022
41,669270,"Kuhnel, Joel",10/2/2022,663097,41,100,2022
41,664871,"Dowdy, Kyle",9/13/2022,663158,41,100,2022
41,621368,"Hearn, Taylor",9/3/2022,663214,41,100,2022
41,605507,"Thompson, Zach",9/13/2022,663158,41,100,2022
41,641745,"Keller, Brad",9/24/2022,662641,41,100,2022
41,677053,"Nardi, Andrew",9/10/2022,661323,41,100,2022
41,640470,"Alzolay, Adbert",9/17/2022,663129,41,100,2022
40,663378,"Szapucki, Thomas",9/16/2022,662026,40,100,2022
40,676879,"Ashby, Aaron",9/25/2022,661066,40,100,2022
40,678692,"Henriquez, Ronny",10/1/2022,662770,40,100,2022
40,596057,"Norris, Daniel",9/3/2022,662803,40,100,2022
40,670990,"Ramírez, Yohan",9/7/2022,662285,40,100,2022
40,660825,"Bazardo, Eduard",9/6/2022,662043,40,100,2022
40,670950,"Richards, Trevor",9/22/2022,662041,40,100,2022
40,605446,"Rodríguez, Dereck",9/17/2022,662958,40,100,2022
40,663558,"Moran, Jovani",9/13/2022,661645,40,100,2022
40,608717,"Stratton, Chris",10/4/2022,662319,40,100,2022
40,623211,"Brazobán, Huascar",9/7/2022,661596,40,100,2022
39,664875,"Lawrence, Justin",9/13/2022,661436,39,100,2022
39,641793,"Littell, Zack",9/7/2022,662582,39,100,2022
39,579328,"Kikuchi, Yusei",9/3/2022,662286,39,100,2022
39,656755,"Montes de Oca, Bryce",9/6/2022,662282,39,100,2022
39,621368,"Hearn, Taylor",9/30/2022,663406,39,100,2022
39,640451,"Harvey, Hunter",9/11/2022,661592,39,100,2022
39,642203,"Widener, Taylor",10/4/2022,661223,39,100,2022
39,592826,"Velasquez, Vince",9/8/2022,662334,39,100,2022
39,571882,"Law, Derek",9/4/2022,663108,39,100,2022
38,543272,"Hand, Brad",9/3/2022,662031,38,100,2022
38,606303,"Payamps, Joel",9/9/2022,662333,38,100,2022
38,607179,"Weems, Jordan",9/30/2022,661097,38,100,2022
38,664294,"Moreta, Dauri",9/22/2022,661069,38,100,2022
38,621016,"Cuas, Jose",9/25/2022,662631,38,100,2022
38,656322,"Coonrod, Sam",9/2/2022,662032,38,100,2022
38,622503,"Crismatt, Nabil",9/10/2022,661849,38,100,2022
38,656257,"Brigham, Jeff",9/4/2022,661474,38,100,2022
38,663773,"Hoeing, Bryan",9/25/2022,661294,38,100,2022
38,656685,"Martin, Brett",9/12/2022,661419,38,100,2022
38,606131,"Perdomo, Luis",9/18/2022,661162,38,100,2022
38,579328,"Kikuchi, Yusei",9/16/2022,661776,38,100,2022
38,643400,"Knight, Dusten",9/22/2022,662041,38,100,2022
38,571946,"Miller, Shelby",10/3/2022,662239,38,100,2022
38,621368,"Hearn, Taylor",9/6/2022,661087,38,100,2022
38,596133,"Weaver, Luke",9/18/2022,663207,38,100,2022
38,592848,"Weiss, Zack",9/11/2022,661083,38,100,2022
38,571945,"Mikolas, Miles",10/3/2022,662309,38,100,2022
37,663765,"Woodford, Jake",9/9/2022,662284,37,100,2022
37,669270,"Kuhnel, Joel",9/26/2022,662242,37,100,2022
37,608652,"Farrell, Luke",9/14/2022,663006,37,100,2022
37,667463,"King, John",9/10/2022,661841,37,100,2022
37,669211,"Akin, Keegan",9/28/2022,663181,37,100,2022
37,608328,"De Jong, Chase",10/2/2022,661954,37,100,2022
37,621249,"Underwood Jr., Duane",9/3/2022,662286,37,100,2022
37,668948,"McCarty, Kirk",9/13/2022,662965,37,100,2022
37,664076,"Cleavinger, Garrett",9/6/2022,662043,37,100,2022
37,592866,"Williams, Trevor",9/27/2022,662401,37,100,2022
37,593334,"Germán, Domingo",9/16/2022,661164,37,100,2022
37,676879,"Ashby, Aaron",10/5/2022,661227,37,100,2022
37,668948,"McCarty, Kirk",10/1/2022,662939,37,100,2022
37,571656,"Farmer, Buck",9/27/2022,662241,37,100,2022
37,669211,"Akin, Keegan",9/10/2022,663455,37,100,2022
36,608328,"De Jong, Chase",9/2/2022,662356,36,100,2022
36,667463,"King, John",10/2/2022,663419,36,100,2022
36,656271,"Burke, Brock",9/18/2022,661994,36,100,2022
36,670036,"Festa, Matt",10/4/2022,662200,36,100,2022
36,666818,"Frías, Luis",9/19/2022,662622,36,100,2022
36,672578,"Hernández, Carlos",9/14/2022,661646,36,100,2022
36,622554,"Domínguez, Seranthony",9/30/2022,661097,36,100,2022
36,657376,"Schmidt, Clarke",9/18/2022,661162,36,100,2022
36,670970,"Morejon, Adrian",10/3/2022,662239,36,100,2022
36,686613,"Brown, Hunter",10/4/2022,662768,36,100,2022
36,656814,"Ortiz, Luis F.",9/13/2022,662028,36,100,2022
36,641501,"Danish, Tyler",9/30/2022,661751,36,100,2022
36,628708,"Marte, Yunior",9/11/2022,663130,36,100,2022
36,677053,"Nardi, Andrew",10/5/2022,661422,36,100,2022
36,663378,"Szapucki, Thomas",10/2/2022,662022,36,100,2022
35,476595,"Luetge, Lucas",9/21/2022,661228,35,100,2022
35,453268,"Bard, Daniel",10/2/2022,662581,35,100,2022
35,623211,"Brazobán, Huascar",9/11/2022,661322,35,100,2022
35,656232,"Bielak, Brandon",9/4/2022,663435,35,100,2022
35,663455,"Pilkington, Konnor",9/4/2022,662962,35,100,2022
35,595881,"Beede, Tyler",9/14/2022,663006,35,100,2022
35,657508,"Baumann, Mike",9/16/2022,661776,35,100,2022
35,596133,"Weaver, Luke",9/29/2022,662772,35,100,2022
35,596133,"Weaver, Luke",9/9/2022,662637,35,100,2022
35,656794,"Newcomb, Sean",9/10/2022,663127,35,100,2022
35,607179,"Weems, Jordan",10/4/2022,661094,35,100,2022
35,657508,"Baumann, Mike",9/19/2022,663263,35,100,2022
35,606131,"Perdomo, Luis",9/13/2022,661922,35,100,2022
35,592761,"Smith, Caleb",9/17/2022,663289,35,100,2022
35,606424,"García, Jarlín",9/17/2022,662024,35,100,2022
35,668948,"McCarty, Kirk",9/25/2022,661828,35,100,2022
35,669912,"Snead, Kirby",9/10/2022,662322,35,100,2022
35,676684,"Vest, Will",9/7/2022,663409,35,100,2022
35,650204,"Ruiz, Norge",9/29/2022,663420,35,100,2022
35,642231,"Yacabonis, Jimmy",10/5/2022,663352,35,100,2022
35,592848,"Weiss, Zack",9/19/2022,663423,35,100,2022
35,607755,"Vasquez, Andrew",10/5/2022,662238,35,100,2022
35,664948,"Misiewicz, Anthony",9/1/2022,661440,35,100,2022
34,642547,"Peralta, Freddy",9/29/2022,661156,34,100,2022
34,669084,"Hall, DL",9/27/2022,663206,34,100,2022
34,642232,"Yarbrough, Ryan",9/22/2022,662041,34,100,2022
34,657770,"Stout, Eric",9/15/2022,662398,34,100,2022
34,656322,"Coonrod, Sam",9/20/2022,661591,34,100,2022
34,592761,"Smith, Caleb",9/9/2022,662870,34,100,2022
34,663986,"Stephan, Trevor",9/29/2022,662932,34,100,2022
34,672578,"Hernández, Carlos",10/5/2022,663095,34,100,2022
34,670167,"Schreiber, John",9/24/2022,661221,34,100,2022
34,605218,"Edwards Jr., Carl",9/21/2022,661468,34,100,2022
34,605194,"Cotton, Jharel",9/22/2022,662898,34,100,2022
34,650671,"Quijada, José",10/3/2022,662431,34,100,2022
34,664208,"Maton, Phil",9/16/2022,662740,34,100,2022
34,677865,"Bruihl, Justin",9/5/2022,662602,34,100,2022
34,605347,"López, Jorge",9/19/2022,663044,34,100,2022
34,656271,"Burke, Brock",9/24/2022,661805,34,100,2022
34,621381,"Strahm, Matt",9/27/2022,663206,34,100,2022
34,628708,"Marte, Yunior",10/5/2022,662238,34,100,2022
34,642528,"Loáisiga, Jonathan",9/20/2022,661229,34,100,2022
34,656271,"Burke, Brock",9/29/2022,661128,34,100,2022
34,642203,"Widener, Taylor",9/20/2022,662621,34,100,2022
33,642585,"Bautista, Félix",9/24/2022,663258,33,100,2022
33,668970,"Hollowell, Gavin",9/25/2022,662865,33,100,2022
33,621249,"Underwood Jr., Duane",9/20/2022,661229,33,100,2022
33,621389,"Blach, Ty",9/30/2022,662596,33,100,2022
33,657272,"Uelmen, Erich",9/25/2022,662243,33,100,2022
33,657585,"Garrett, Reed",10/4/2022,661095,33,100,2022
33,677053,"Nardi, Andrew",9/4/2022,661474,33,100,2022
33,544365,"Bañuelos, Manny",10/5/2022,662304,33,100,2022
33,608328,"De Jong, Chase",9/26/2022,662242,33,100,2022
33,643511,"Rogers, Tyler",9/11/2022,663130,33,100,2022
33,592826,"Velasquez, Vince",9/24/2022,661430,33,100,2022
33,606424,"García, Jarlín",9/22/2022,662898,33,100,2022
33,641941,"Pagán, Emilio",9/10/2022,661665,33,100,2022
33,665896,"Marte, José",9/19/2022,663423,33,100,2022
33,621383,"Banks, Tanner",9/18/2022,662783,33,100,2022
33,677053,"Nardi, Andrew",10/1/2022,661152,33,100,2022
33,676534,"Faucher, Calvin",9/28/2022,662967,33,100,2022
33,661527,"Martinez, Seth",9/10/2022,661084,33,100,2022
33,592717,"Sanchez, Aaron",10/4/2022,661463,33,100,2022
33,640470,"Alzolay, Adbert",10/1/2022,663167,33,100,2022
33,677053,"Nardi, Andrew",9/19/2022,661299,33,100,2022
33,554340,"García, Yimi",9/23/2022,662040,33,100,2022
33,608718,"Suter, Brent",9/7/2022,662871,33,100,2022
33,605521,"Warren, Art",9/6/2022,663242,33,100,2022
32,656271,"Burke, Brock",9/9/2022,661830,32,100,2022
32,656234,"Bird, Jake",9/30/2022,662596,32,100,2022
32,623437,"Topa, Justin",9/9/2022,661185,32,100,2022
32,621074,"Rucker, Michael",9/23/2022,662263,32,100,2022
32,640451,"Harvey, Hunter",9/1/2022,662491,32,100,2022
32,676760,"Marinaccio, Ron",9/30/2022,661218,32,100,2022
32,656849,"Peterson, David",9/27/2022,662401,32,100,2022
32,607625,"Lugo, Seth",9/7/2022,662283,32,100,2022
32,642659,"Espinal, Raynel",9/13/2022,663106,32,100,2022
32,676684,"Vest, Will",9/12/2022,662782,32,100,2022
32,656730,"Megill, Trevor",9/25/2022,661667,32,100,2022
32,623474,"Herget, Jimmy",9/10/2022,661084,32,100,2022
32,571948,"Milner, Hoby",9/8/2022,661233,32,100,2022
32,622065,"Young, Alex",10/2/2022,662022,32,100,2022
32,605347,"López, Jorge",9/17/2022,662958,32,100,2022
32,663158,"Suarez, Robert",9/27/2022,662210,32,100,2022
32,666168,"Thompson, Mason",9/5/2022,661926,32,100,2022
32,664875,"Lawrence, Justin",9/28/2022,662045,32,100,2022
32,640444,"Crowe, Wil",9/10/2022,662265,32,100,2022
32,666818,"Frías, Luis",9/27/2022,662821,32,100,2022
32,665001,"Kelley, Trevor",9/18/2022,661162,32,100,2022
32,475479,"Phelps, David",9/27/2022,661778,32,100,2022
32,663773,"Hoeing, Bryan",10/5/2022,661422,32,100,2022
32,665665,"Sanmartin, Reiver",9/13/2022,663106,32,100,2022
32,608652,"Farrell, Luke",9/3/2022,661928,32,100,2022
32,663562,"Davis, Noah",10/5/2022,662623,32,100,2022
31,663765,"Woodford, Jake",10/5/2022,662304,31,100,2022
31,677053,"Nardi, Andrew",9/14/2022,661336,31,100,2022
31,641627,"Gott, Trevor",9/27/2022,661155,31,100,2022
31,605194,"Cotton, Jharel",10/4/2022,662252,31,100,2022
31,554431,"Matzek, Tyler",10/5/2022,661422,31,100,2022
31,664942,"Naile, James",9/8/2022,661923,31,100,2022
31,592761,"Smith, Caleb",10/5/2022,661227,31,100,2022
31,592826,"Velasquez, Vince",9/27/2022,661666,31,100,2022
31,572955,"Johnson, Pierce",9/29/2022,662209,31,100,2022
31,640448,"Finnegan, Kyle",9/7/2022,661924,31,100,2022
31,571946,"Miller, Shelby",9/28/2022,662045,31,100,2022
31,621368,"Hearn, Taylor",9/17/2022,662015,31,100,2022
31,656793,"Nelson, Nick",9/23/2022,661587,31,100,2022
31,656234,"Bird, Jake",9/25/2022,662865,31,100,2022
31,663752,"Morris, Cody",10/3/2022,663105,31,100,2022
31,667463,"King, John",9/4/2022,663213,31,100,2022
31,641941,"Pagán, Emilio",9/17/2022,662958,31,100,2022
31,543766,"Shaw, Bryan",9/2/2022,662961,31,100,2022
31,664337,"Yajure, Miguel",9/21/2022,661228,31,100,2022
31,663558,"Moran, Jovani",9/22/2022,662632,31,100,2022
31,663385,"Smith, Chad",10/5/2022,662623,31,100,2022
31,670036,"Festa, Matt",9/9/2022,662136,31,100,2022
31,641745,"Keller, Brad",9/13/2022,661645,31,100,2022
31,670036,"Festa, Matt",10/2/2022,662087,31,100,2022
31,596295,"Gomber, Austin",9/6/2022,662859,31,100,2022
31,668970,"Hollowell, Gavin",10/1/2022,662595,31,100,2022
31,663765,"Woodford, Jake",9/18/2022,661930,31,100,2022
30,624503,"Gordon, Nick",9/3/2022,661438,30,100,2022
30,541640,"Ramírez, Erasmo",9/17/2022,662462,30,100,2022
30,476595,"Luetge, Lucas",9/7/2022,661235,30,100,2022
30,571656,"Farmer, Buck",9/23/2022,661068,30,100,2022
30,453343,"Melancon, Mark",9/13/2022,663323,30,100,2022
30,607625,"Lugo, Seth",9/28/2022,662400,30,100,2022
30,643511,"Rogers, Tyler",9/6/2022,662601,30,100,2022
30,521230,"Hendriks, Liam",9/5/2022,662121,30,100,2022
30,676477,"Whitlock, Garrett",9/3/2022,663214,30,100,2022
30,571948,"Milner, Hoby",10/2/2022,661153,30,100,2022
30,641941,"Pagán, Emilio",9/30/2022,662771,30,100,2022
30,608328,"De Jong, Chase",9/9/2022,662284,30,100,2022
30,572193,"Tepera, Ryan",9/6/2022,663407,30,100,2022
30,622065,"Young, Alex",9/17/2022,662024,30,100,2022
30,670950,"Richards, Trevor",9/6/2022,663458,30,100,2022
30,600921,"Machado, Andrés",10/1/2022,662572,30,100,2022
30,607179,"Weems, Jordan",9/20/2022,661469,30,100,2022
30,622786,"Tinoco, Jesus",9/7/2022,661086,30,100,2022
30,640444,"Crowe, Wil",9/23/2022,662263,30,100,2022
30,571479,"Bellatti, Andrew",9/15/2022,661321,30,100,2022
30,666974,"Cano, Yennier",10/5/2022,663272,30,100,2022
30,571882,"Law, Derek",10/1/2022,663167,30,100,2022
30,475479,"Phelps, David",9/20/2022,661591,30,100,2022
30,657376,"Schmidt, Clarke",9/11/2022,661232,30,100,2022
30,656945,"Scott, Tanner",10/5/2022,661422,30,100,2022
30,595881,"Beede, Tyler",9/7/2022,662285,30,100,2022
30,607625,"Lugo, Seth",10/2/2022,661465,30,100,2022
30,656578,"Jackson, Andre",9/11/2022,661848,30,100,2022
30,668868,"Thompson, Zack",10/2/2022,661954,30,100,2022
30,571510,"Boyd, Matthew",9/9/2022,662136,30,100,2022
30,657770,"Stout, Eric",9/7/2022,662285,30,100,2022
30,622253,"Tate, Dillon",9/6/2022,663458,30,100,2022
30,670970,"Morejon, Adrian",9/29/2022,662209,30,100,2022
30,670950,"Richards, Trevor",9/28/2022,661737,30,100,2022
30,664126,"Fairbanks, Pete",9/13/2022,661840,30,100,2022
30,669276,"Lee, Dylan",9/22/2022,661609,30,100,2022
30,622503,"Crismatt, Nabil",9/2/2022,662603,30,100,2022
30,605130,"Barlow, Scott",10/2/2022,662938,30,100,2022
30,670036,"Festa, Matt",9/2/2022,662961,30,100,2022
30,669084,"Hall, DL",9/9/2022,663456,30,100,2022
30,544365,"Bañuelos, Manny",10/1/2022,661956,30,100,2022
30,657612,"Hill, Tim",9/6/2022,662205,30,100,2022
29,600917,"Leclerc, José",9/27/2022,662117,29,100,2022
29,677161,"Kelly, Zack",9/1/2022,663210,29,100,2022
29,664942,"Naile, James",9/5/2022,661926,29,100,2022
29,672391,"Ort, Kaleb",9/4/2022,663213,29,100,2022
29,670810,"Gillaspie, Logan",9/26/2022,663250,29,100,2022
29,664208,"Maton, Phil",10/3/2022,662777,29,100,2022
29,663385,"Smith, Chad",9/28/2022,662045,29,100,2022
29,664294,"Moreta, Dauri",9/4/2022,663108,29,100,2022
29,663423,"Thornton, Trent",10/5/2022,663272,29,100,2022
29,664139,"Gibaut, Ian",9/20/2022,663104,29,100,2022
29,658551,"Fernández, Junior",10/1/2022,661956,29,100,2022
29,592866,"Williams, Trevor",9/20/2022,661159,29,100,2022
29,669395,"Coleman, Dylan",9/27/2022,662774,29,100,2022
29,596057,"Norris, Daniel",10/4/2022,662199,29,100,2022
29,642546,"Hernández, Jonathan",9/10/2022,661841,29,100,2022
29,675916,"Karinchak, James",10/2/2022,662938,29,100,2022
29,606965,"Devenski, Chris",10/1/2022,662572,29,100,2022
29,670950,"Richards, Trevor",9/15/2022,661822,29,100,2022
29,476595,"Luetge, Lucas",9/24/2022,661221,29,100,2022
29,660825,"Bazardo, Eduard",10/2/2022,661735,29,100,2022
29,592848,"Weiss, Zack",9/13/2022,662965,29,100,2022
29,675916,"Karinchak, James",9/11/2022,661647,29,100,2022
29,668868,"Thompson, Zack",9/25/2022,662598,29,100,2022
29,669711,"Weissert, Greg",9/5/2022,661236,29,100,2022
29,596295,"Gomber, Austin",9/29/2022,662050,29,100,2022
29,542888,"Armstrong, Shawn",9/20/2022,662012,29,100,2022
29,607455,"Banda, Anthony",9/2/2022,661855,29,100,2022
29,656793,"Nelson, Nick",9/4/2022,662030,29,100,2022
29,660825,"Bazardo, Eduard",9/26/2022,663250,29,100,2022
29,669711,"Weissert, Greg",9/2/2022,661855,29,100,2022
29,542585,"Cisnero, José",9/1/2022,662785,29,100,2022
29,642545,"Barria, Jaime",9/25/2022,661667,29,100,2022
29,664948,"Misiewicz, Anthony",9/21/2022,662633,29,100,2022
29,676714,"Hughes, Brandon",9/13/2022,662430,29,100,2022
29,663558,"Moran, Jovani",9/7/2022,661235,29,100,2022
29,607179,"Weems, Jordan",9/18/2022,662461,29,100,2022
29,656271,"Burke, Brock",9/3/2022,663214,29,100,2022
29,676092,"Snider, Collin",9/18/2022,663207,29,100,2022
29,665896,"Marte, José",9/9/2022,661085,29,100,2022
29,659275,"Lamet, Dinelson",9/6/2022,662859,29,100,2022
29,676534,"Faucher, Calvin",9/5/2022,661852,29,100,2022
29,665665,"Sanmartin, Reiver",10/2/2022,663097,29,100,2022
29,657240,"Merryweather, Julian",9/20/2022,661591,29,100,2022
29,665896,"Marte, José",9/11/2022,661083,29,100,2022
28,641793,"Littell, Zack",9/11/2022,663130,28,100,2022
28,656271,"Burke, Brock",10/4/2022,662062,28,100,2022
28,656657,"Logue, Zach",9/3/2022,663355,28,100,2022
28,623167,"Flexen, Chris",9/20/2022,662321,28,100,2022
28,622554,"Domínguez, Seranthony",9/16/2022,661473,28,100,2022
28,608718,"Suter, Brent",9/9/2022,661185,28,100,2022
28,680704,"Sandlin, Nick",10/2/2022,662938,28,100,2022
28,681806,"Wantz, Andrew",9/20/2022,661837,28,100,2022
28,521230,"Hendriks, Liam",10/3/2022,661464,28,100,2022
28,543766,"Shaw, Bryan",9/15/2022,662974,28,100,2022
28,621381,"Strahm, Matt",9/23/2022,661222,28,100,2022
28,682171,"Murfee, Penn",10/4/2022,662199,28,100,2022
28,455119,"Martin, Chris",9/1/2022,662410,28,100,2022
28,518585,"Cruz, Fernando",10/2/2022,663097,28,100,2022
28,622786,"Tinoco, Jesus",9/1/2022,663210,28,100,2022
28,656730,"Megill, Trevor",9/23/2022,661668,28,100,2022
28,542585,"Cisnero, José",9/28/2022,662773,28,100,2022
28,670990,"Ramírez, Yohan",9/26/2022,662242,28,100,2022
28,621107,"Eflin, Zach",9/30/2022,661097,28,100,2022
28,592789,"Syndergaard, Noah",9/21/2022,661588,28,100,2022
28,643493,"Pruitt, Austin",9/28/2022,663421,28,100,2022
28,642545,"Barria, Jaime",9/21/2022,661783,28,100,2022
28,669270,"Kuhnel, Joel",9/7/2022,663168,28,100,2022
28,623149,"Sewald, Paul",9/29/2022,661128,28,100,2022
28,621383,"Banks, Tanner",9/21/2022,661433,28,100,2022
28,571479,"Bellatti, Andrew",9/24/2022,661586,28,100,2022
28,664776,"Cousins, Jake",9/19/2022,661161,28,100,2022
28,656731,"Megill, Tylor",10/4/2022,661095,28,100,2022
28,592761,"Smith, Caleb",9/27/2022,662821,28,100,2022
28,642528,"Loáisiga, Jonathan",9/23/2022,661222,28,100,2022
28,544365,"Bañuelos, Manny",9/23/2022,662263,28,100,2022
28,640462,"Puk, A.J.",9/4/2022,663354,28,100,2022
28,672391,"Ort, Kaleb",9/18/2022,663207,28,100,2022
28,622503,"Crismatt, Nabil",9/4/2022,662599,28,100,2022
28,656638,"Lange, Alex",10/4/2022,662200,28,100,2022
28,668948,"McCarty, Kirk",9/17/2022,662958,28,100,2022
28,671345,"Foley, Jason",9/21/2022,663261,28,100,2022
28,607625,"Lugo, Seth",9/25/2022,662310,28,100,2022
28,661395,"Duran, Jhoan",9/7/2022,661251,28,100,2022
28,676684,"Vest, Will",9/4/2022,662786,28,100,2022
27,608665,"Graveman, Kendall",9/5/2022,662121,27,100,2022
27,542888,"Armstrong, Shawn",9/25/2022,662063,27,100,2022
27,682051,"Hill, Garrett",10/4/2022,662199,27,100,2022
27,605177,"Chafin, Andrew",9/25/2022,661429,27,100,2022
27,669276,"Lee, Dylan",10/2/2022,661465,27,100,2022
27,608032,"Estévez, Carlos",9/22/2022,662898,27,100,2022
27,595345,"Okert, Steven",9/12/2022,661420,27,100,2022
27,502085,"Robertson, David",9/29/2022,663110,27,100,2022
27,669935,"Alexy, A.J.",9/12/2022,661419,27,100,2022
27,669270,"Kuhnel, Joel",10/5/2022,663131,27,100,2022
27,606424,"García, Jarlín",10/1/2022,662023,27,100,2022
27,656492,"Griffin, Foster",9/22/2022,662041,27,100,2022
27,640462,"Puk, A.J.",9/9/2022,662333,27,100,2022
27,675916,"Karinchak, James",9/23/2022,661807,27,100,2022
27,676050,"Naughton, Packy",9/13/2022,661922,27,100,2022
27,643377,"Jax, Griffin",9/24/2022,661656,27,100,2022
27,641501,"Danish, Tyler",9/17/2022,663208,27,100,2022
27,606965,"Devenski, Chris",10/4/2022,662768,27,100,2022
27,664747,"Díaz, Alexis",9/8/2022,663241,27,100,2022
27,571710,"Givens, Mychal",9/2/2022,662409,27,100,2022
27,640462,"Puk, A.J.",9/1/2022,662491,27,100,2022
27,668948,"McCarty, Kirk",10/3/2022,663105,27,100,2022
27,668941,"Romero, JoJo",10/4/2022,662319,27,100,2022
27,624522,"Thompson, Keegan",9/25/2022,662243,27,100,2022
27,541640,"Ramírez, Erasmo",10/5/2022,662488,27,100,2022
27,670090,"Mills, Wyatt",9/3/2022,662803,27,100,2022
27,623167,"Flexen, Chris",9/18/2022,663425,27,100,2022
27,656814,"Ortiz, Luis F.",9/8/2022,661233,27,100,2022
27,657272,"Uelmen, Erich",9/18/2022,663112,27,100,2022
27,641401,"Brogdon, Connor",9/7/2022,661596,27,100,2022
27,664139,"Gibaut, Ian",10/2/2022,663097,27,100,2022
27,493603,"Ottavino, Adam",10/4/2022,661094,27,100,2022
27,642207,"Williams, Devin",9/30/2022,661157,27,100,2022
27,608678,"Leone, Dominic",9/6/2022,662601,27,100,2022
27,476595,"Luetge, Lucas",10/2/2022,661215,27,100,2022
27,663385,"Smith, Chad",9/24/2022,662866,27,100,2022
27,623167,"Flexen, Chris",9/7/2022,662137,27,100,2022
27,656793,"Nelson, Nick",10/1/2022,662572,27,100,2022
27,663986,"Stephan, Trevor",9/7/2022,662643,27,100,2022
27,640444,"Crowe, Wil",9/4/2022,662299,27,100,2022
27,669211,"Akin, Keegan",9/25/2022,663454,27,100,2022
27,686613,"Brown, Hunter",9/27/2022,662821,27,100,2022
27,605280,"Holmes, Clay",9/7/2022,661251,27,100,2022
27,681806,"Wantz, Andrew",10/2/2022,663419,27,100,2022
27,445926,"Chavez, Jesse",9/10/2022,662088,27,100,2022
27,606131,"Perdomo, Luis",9/23/2022,661068,27,100,2022
27,664337,"Yajure, Miguel",9/7/2022,662283,27,100,2022
27,453178,"Kennedy, Ian",9/16/2022,663283,27,100,2022
27,640451,"Harvey, Hunter",9/13/2022,662464,27,100,2022
27,519151,"Pressly, Ryan",10/1/2022,662818,27,100,2022
27,571710,"Givens, Mychal",9/12/2022,662423,27,100,2022
27,656578,"Jackson, Andre",9/18/2022,662025,27,100,2022
27,661395,"Duran, Jhoan",9/11/2022,661647,27,100,2022
26,641871,"Middleton, Keynan",9/7/2022,662216,26,100,2022
26,621249,"Underwood Jr., Duane",10/2/2022,661954,26,100,2022
26,605242,"Fulmer, Michael",10/2/2022,662769,26,100,2022
26,614179,"Ruiz, José",9/18/2022,662783,26,100,2022
26,656234,"Bird, Jake",9/23/2022,662897,26,100,2022
26,605177,"Chafin, Andrew",9/20/2022,663262,26,100,2022
26,657376,"Schmidt, Clarke",9/22/2022,661243,26,100,2022
26,669618,"Barlow, Joe",9/28/2022,661112,26,100,2022
26,608638,"Chargois, JT",10/1/2022,662818,26,100,2022
26,659275,"Lamet, Dinelson",10/4/2022,662624,26,100,2022
26,519043,"Moore, Matt",9/1/2022,663210,26,100,2022
26,672335,"Pérez, Cionel",9/29/2022,663180,26,100,2022
26,656271,"Burke, Brock",9/13/2022,661838,26,100,2022
26,668970,"Hollowell, Gavin",9/19/2022,662886,26,100,2022
26,663158,"Suarez, Robert",9/23/2022,662897,26,100,2022
26,543507,"May, Trevor",9/24/2022,662311,26,100,2022
26,656814,"Ortiz, Luis F.",10/4/2022,662252,26,100,2022
26,677161,"Kelly, Zack",9/9/2022,663456,26,100,2022
26,642397,"Soto, Gregory",10/5/2022,662195,26,100,2022
26,666974,"Cano, Yennier",10/3/2022,663273,26,100,2022
26,669804,"De Jesus, Angel",9/27/2022,662774,26,100,2022
26,664875,"Lawrence, Justin",9/24/2022,662866,26,100,2022
26,592390,"Hembree, Heath",9/4/2022,662599,26,100,2022
26,657024,"Swanson, Erik",10/4/2022,662200,26,100,2022
26,518617,"Diekman, Jake",9/20/2022,661434,26,100,2022
26,642528,"Loáisiga, Jonathan",9/4/2022,661853,26,100,2022
26,519326,"Strickland, Hunter",9/6/2022,663242,26,100,2022
26,642701,"Santana, Dennis",9/17/2022,662015,26,100,2022
26,640462,"Puk, A.J.",9/13/2022,661838,26,100,2022
26,656529,"Hentges, Sam",9/23/2022,661807,26,100,2022
26,607259,"Martinez, Nick",9/27/2022,662210,26,100,2022
26,656257,"Brigham, Jeff",9/29/2022,661156,26,100,2022
26,682051,"Hill, Garrett",9/24/2022,661430,26,100,2022
26,656234,"Bird, Jake",9/19/2022,662886,26,100,2022
26,606160,"Montero, Rafael",9/24/2022,663258,26,100,2022
26,642546,"Hernández, Jonathan",9/7/2022,661086,26,100,2022
26,468504,"Chacín, Jhoulys",9/11/2022,662868,26,100,2022
26,453268,"Bard, Daniel",9/23/2022,662897,26,100,2022
26,605280,"Holmes, Clay",9/16/2022,661164,26,100,2022
26,542888,"Armstrong, Shawn",9/29/2022,662932,26,100,2022
26,656849,"Peterson, David",9/17/2022,662403,26,100,2022
26,656730,"Megill, Trevor",9/5/2022,661236,26,100,2022
26,543766,"Shaw, Bryan",9/10/2022,661665,26,100,2022
26,541640,"Ramírez, Erasmo",9/7/2022,661924,26,100,2022
26,666818,"Frías, Luis",9/23/2022,663282,26,100,2022
26,592761,"Smith, Caleb",9/1/2022,663290,26,100,2022
26,642701,"Santana, Dennis",9/14/2022,661829,26,100,2022
26,523260,"Kelly, Joe",9/28/2022,661133,26,100,2022
26,669618,"Barlow, Joe",9/25/2022,661828,26,100,2022
26,472610,"García, Luis",9/4/2022,662599,26,100,2022
26,543521,"McHugh, Collin",9/20/2022,661469,26,100,2022
26,668948,"McCarty, Kirk",9/2/2022,662961,26,100,2022
26,606149,"Gallegos, Giovanny",9/30/2022,661958,26,100,2022
26,593643,"Alberto, Hanser",9/23/2022,662585,26,100,2022
26,573124,"Rogers, Taylor",9/5/2022,662860,26,100,2022
26,623211,"Brazobán, Huascar",9/2/2022,661476,26,100,2022
26,663989,"Vespi, Nick",9/4/2022,663354,26,100,2022
26,543766,"Shaw, Bryan",9/17/2022,662958,26,100,2022
26,682051,"Hill, Garrett",9/5/2022,663434,26,100,2022
26,642546,"Hernández, Jonathan",9/1/2022,663210,26,100,2022
26,677161,"Kelly, Zack",10/1/2022,661736,26,100,2022
26,592858,"Wick, Rowan",9/14/2022,662422,26,100,2022
26,628708,"Marte, Yunior",9/28/2022,662045,26,100,2022
26,519326,"Strickland, Hunter",10/2/2022,663097,26,100,2022
26,676760,"Marinaccio, Ron",9/7/2022,661251,26,100,2022
26,622253,"Tate, Dillon",9/24/2022,663258,26,100,2022
26,664747,"Díaz, Alexis",9/17/2022,661952,26,100,2022
26,650204,"Ruiz, Norge",9/25/2022,662310,26,100,2022
26,642546,"Hernández, Jonathan",9/12/2022,661420,26,100,2022
26,656755,"Montes de Oca, Bryce",9/10/2022,661323,26,100,2022
26,641871,"Middleton, Keynan",9/16/2022,663283,26,100,2022
26,547973,"Chapman, Aroldis",10/2/2022,661215,26,100,2022
26,664208,"Maton, Phil",9/27/2022,662821,26,100,2022
26,628708,"Marte, Yunior",9/7/2022,662582,26,100,2022
25,606303,"Payamps, Joel",9/1/2022,662491,25,100,2022
25,640451,"Harvey, Hunter",10/4/2022,661095,25,100,2022
25,668970,"Hollowell, Gavin",10/5/2022,662623,25,100,2022
25,657240,"Merryweather, Julian",9/6/2022,663458,25,100,2022
25,605521,"Warren, Art",9/4/2022,663107,25,100,2022
25,642397,"Soto, Gregory",9/14/2022,662792,25,100,2022
25,656234,"Bird, Jake",9/5/2022,662860,25,100,2022
25,657697,"Nittoli, Vinny",9/8/2022,661595,25,100,2022
25,622786,"Tinoco, Jesus",9/20/2022,661837,25,100,2022
25,657053,"Toussaint, Touki",9/4/2022,663435,25,100,2022
25,518585,"Cruz, Fernando",9/28/2022,662240,25,100,2022
25,657612,"Hill, Tim",10/3/2022,662239,25,100,2022
25,544727,"Familia, Jeurys",9/13/2022,663160,25,100,2022
25,543901,"Weber, Ryan",9/9/2022,661234,25,100,2022
25,622554,"Domínguez, Seranthony",9/21/2022,661588,25,100,2022
25,640451,"Harvey, Hunter",9/20/2022,661469,25,100,2022
25,621381,"Strahm, Matt",9/20/2022,663104,25,100,2022
25,642585,"Bautista, Félix",9/18/2022,661780,25,100,2022
25,600917,"Leclerc, José",9/16/2022,662064,25,100,2022
25,664854,"Helsley, Ryan",9/27/2022,661155,25,100,2022
25,607259,"Martinez, Nick",9/22/2022,662202,25,100,2022
25,622065,"Young, Alex",10/5/2022,662238,25,100,2022
25,641401,"Brogdon, Connor",9/20/2022,661591,25,100,2022
25,642207,"Williams, Devin",9/28/2022,661154,25,100,2022
25,600921,"Machado, Andrés",9/27/2022,662489,25,100,2022
25,571510,"Boyd, Matthew",9/22/2022,662306,25,100,2022
25,666168,"Thompson, Mason",10/1/2022,661098,25,100,2022
25,641401,"Brogdon, Connor",9/10/2022,661593,25,100,2022
25,453343,"Melancon, Mark",9/10/2022,662869,25,100,2022
25,605347,"López, Jorge",9/8/2022,661252,25,100,2022
25,608718,"Suter, Brent",10/2/2022,661153,25,100,2022
25,621074,"Rucker, Michael",9/7/2022,663168,25,100,2022
25,592826,"Velasquez, Vince",9/4/2022,661437,25,100,2022
25,656529,"Hentges, Sam",9/2/2022,662961,25,100,2022
25,666808,"Doval, Camilo",9/27/2022,662046,25,100,2022
25,656731,"Megill, Tylor",9/27/2022,662401,25,100,2022
25,657571,"Ferguson, Caleb",10/3/2022,662629,25,100,2022
25,571656,"Farmer, Buck",9/15/2022,661919,25,100,2022
25,502202,"Boxberger, Brad",9/8/2022,661233,25,100,2022
25,669467,"Pallante, Andre",9/15/2022,661919,25,100,2022
25,663385,"Smith, Chad",9/22/2022,662898,25,100,2022
25,623451,"Stephens, Jackson",9/25/2022,661585,25,100,2022
25,571927,"Matz, Steven",9/28/2022,661154,25,100,2022
25,642203,"Widener, Taylor",9/27/2022,662821,25,100,2022
25,607625,"Lugo, Seth",9/2/2022,662409,25,100,2022
25,680704,"Sandlin, Nick",9/3/2022,662963,25,100,2022
25,593576,"Neris, Héctor",9/30/2022,662819,25,100,2022
25,554340,"García, Yimi",9/14/2022,661770,25,100,2022
25,606930,"Barnes, Jacob",10/1/2022,661217,25,100,2022
25,642585,"Bautista, Félix",9/6/2022,663458,25,100,2022
25,571670,"Floro, Dylan",9/15/2022,661321,25,100,2022
25,554431,"Matzek, Tyler",9/11/2022,662120,25,100,2022
25,640462,"Puk, A.J.",10/2/2022,662087,25,100,2022
25,606625,"Moronta, Reyes",10/1/2022,662023,25,100,2022
25,622065,"Young, Alex",9/30/2022,662049,25,100,2022
25,655889,"Rodríguez, Manuel",9/23/2022,662263,25,100,2022
25,641360,"Bickford, Phil",9/16/2022,662026,25,100,2022
25,670280,"Bednar, David",9/22/2022,662264,25,100,2022
25,681911,"Vesia, Alex",9/18/2022,662025,25,100,2022
25,571882,"Law, Derek",9/18/2022,661930,25,100,2022
25,663158,"Suarez, Robert",9/18/2022,663287,25,100,2022
25,656222,"Beeks, Jalen",9/9/2022,661234,25,100,2022
25,663855,"Hicks, Jordan",9/14/2022,661921,25,100,2022
25,623437,"Topa, Justin",9/16/2022,661164,25,100,2022
25,570257,"Rodríguez, Joely",9/18/2022,662402,25,100,2022
25,664076,"Cleavinger, Garrett",9/22/2022,662041,25,100,2022
25,664139,"Gibaut, Ian",9/26/2022,662242,25,100,2022
25,681911,"Vesia, Alex",9/4/2022,662599,25,100,2022
25,605538,"Wisler, Matt",9/4/2022,661853,25,100,2022
25,667463,"King, John",9/25/2022,661828,25,100,2022
24,445276,"Jansen, Kenley",9/3/2022,661475,24,100,2022
24,658431,"Medina, Adonis",9/3/2022,662425,24,100,2022
24,622766,"Díaz, Miguel",10/5/2022,662195,24,100,2022
24,657770,"Stout, Eric",9/21/2022,661228,24,100,2022
24,655889,"Rodríguez, Manuel",9/9/2022,663217,24,100,2022
24,592094,"Adam, Jason",9/27/2022,662955,24,100,2022
24,518553,"Cishek, Steve",9/2/2022,662409,24,100,2022
24,675916,"Karinchak, James",9/4/2022,662962,24,100,2022
24,518886,"Kimbrel, Craig",10/1/2022,662595,24,100,2022
24,664294,"Moreta, Dauri",9/20/2022,663104,24,100,2022
24,623352,"Hader, Josh",9/13/2022,662119,24,100,2022
24,519043,"Moore, Matt",9/21/2022,661783,24,100,2022
24,663986,"Stephan, Trevor",9/27/2022,662955,24,100,2022
24,502179,"Espino, Paolo",9/16/2022,662490,24,100,2022
24,656685,"Martin, Brett",9/7/2022,661086,24,100,2022
24,660825,"Bazardo, Eduard",9/17/2022,663208,24,100,2022
24,670280,"Bednar, David",10/2/2022,661954,24,100,2022
24,606149,"Gallegos, Giovanny",10/3/2022,662309,24,100,2022
24,677161,"Kelly, Zack",9/14/2022,663159,24,100,2022
24,670970,"Morejon, Adrian",9/18/2022,663287,24,100,2022
24,554431,"Matzek, Tyler",9/7/2022,662312,24,100,2022
24,642203,"Widener, Taylor",9/18/2022,663287,24,100,2022
24,659275,"Lamet, Dinelson",9/20/2022,662867,24,100,2022
24,571656,"Farmer, Buck",9/8/2022,663241,24,100,2022
24,657770,"Stout, Eric",9/17/2022,662403,24,100,2022
24,643410,"Leiter Jr., Mark",9/18/2022,663112,24,100,2022
24,595345,"Okert, Steven",9/9/2022,661337,24,100,2022
24,445276,"Jansen, Kenley",9/30/2022,661467,24,100,2022
24,571670,"Floro, Dylan",10/5/2022,661422,24,100,2022
24,642770,"Guerra, Javy",9/23/2022,662040,24,100,2022
24,656945,"Scott, Tanner",9/16/2022,662490,24,100,2022
24,554340,"García, Yimi",9/21/2022,661588,24,100,2022
24,605130,"Barlow, Scott",9/5/2022,662646,24,100,2022
24,656464,"Ginkel, Kevin",9/3/2022,663321,24,100,2022
24,662253,"Muñoz, Andrés",9/6/2022,662138,24,100,2022
24,502085,"Robertson, David",9/6/2022,661597,24,100,2022
24,623211,"Brazobán, Huascar",9/14/2022,661336,24,100,2022
24,664139,"Gibaut, Ian",10/4/2022,663243,24,100,2022
24,640444,"Crowe, Wil",9/27/2022,662241,24,100,2022
24,641401,"Brogdon, Connor",9/29/2022,663110,24,100,2022
24,614179,"Ruiz, José",9/7/2022,662137,24,100,2022
24,641627,"Gott, Trevor",10/1/2022,661152,24,100,2022
24,655889,"Rodríguez, Manuel",10/3/2022,663096,24,100,2022
24,669084,"Hall, DL",9/5/2022,663353,24,100,2022
24,606131,"Perdomo, Luis",9/1/2022,663290,24,100,2022
24,641329,"Baker, Bryan",9/25/2022,663454,24,100,2022
24,670167,"Schreiber, John",9/27/2022,663206,24,100,2022
24,592858,"Wick, Rowan",9/19/2022,661299,24,100,2022
24,600917,"Leclerc, José",9/11/2022,661839,24,100,2022
24,605447,"Romano, Jordan",9/21/2022,661588,24,100,2022
24,592773,"Stanek, Ryne",9/16/2022,662740,24,100,2022
24,554340,"García, Yimi",9/17/2022,661769,24,100,2022
24,660853,"De Los Santos, Enyel",9/18/2022,662968,24,100,2022
24,641360,"Bickford, Phil",9/23/2022,662585,24,100,2022
24,661395,"Duran, Jhoan",9/24/2022,661656,24,100,2022
24,607481,"Bummer, Aaron",9/7/2022,662137,24,100,2022
24,664854,"Helsley, Ryan",9/10/2022,662265,24,100,2022
24,675916,"Karinchak, James",9/9/2022,661650,24,100,2022
24,608717,"Stratton, Chris",9/2/2022,661920,24,100,2022
24,502202,"Boxberger, Brad",9/5/2022,662860,24,100,2022
24,596295,"Gomber, Austin",9/9/2022,662870,24,100,2022
24,664202,"Cyr, Tyler",9/24/2022,662311,24,100,2022
24,596112,"Stephenson, Robert",9/20/2022,661229,24,100,2022
24,672578,"Hernández, Carlos",10/1/2022,662939,24,100,2022
24,657376,"Schmidt, Clarke",10/4/2022,662010,24,100,2022
24,606625,"Moronta, Reyes",9/14/2022,663322,24,100,2022
24,650671,"Quijada, José",9/16/2022,663427,24,100,2022
24,682171,"Murfee, Penn",9/25/2022,662631,24,100,2022
24,488984,"Hunter, Tommy",9/9/2022,661337,24,100,2022
24,664747,"Díaz, Alexis",9/15/2022,661919,24,100,2022
24,571510,"Boyd, Matthew",10/1/2022,661110,24,100,2022
24,660853,"De Los Santos, Enyel",10/1/2022,662939,24,100,2022
24,664208,"Maton, Phil",9/30/2022,662819,24,100,2022
24,593643,"Alberto, Hanser",9/2/2022,662603,24,100,2022
24,571901,"Loup, Aaron",9/29/2022,663420,24,100,2022
24,445926,"Chavez, Jesse",9/4/2022,661474,24,100,2022
24,666818,"Frías, Luis",9/25/2022,663280,24,100,2022
24,543272,"Hand, Brad",9/14/2022,661336,24,100,2022
24,628708,"Marte, Yunior",9/23/2022,663282,24,100,2022
24,628452,"Iglesias, Raisel",9/6/2022,662313,24,100,2022
24,641360,"Bickford, Phil",9/20/2022,662607,24,100,2022
23,676714,"Hughes, Brandon",9/12/2022,662423,23,100,2022
23,571479,"Bellatti, Andrew",9/7/2022,661596,23,100,2022
23,542914,"Bass, Anthony",10/5/2022,663272,23,100,2022
23,621363,"Poche, Colin",9/30/2022,662819,23,100,2022
23,672578,"Hernández, Carlos",9/28/2022,662773,23,100,2022
23,657571,"Ferguson, Caleb",9/23/2022,662585,23,100,2022
23,594580,"Moll, Sam",9/6/2022,662313,23,100,2022
23,657571,"Ferguson, Caleb",9/1/2022,662410,23,100,2022
23,542585,"Cisnero, José",9/19/2022,663263,23,100,2022
23,663385,"Smith, Chad",10/1/2022,662595,23,100,2022
23,655889,"Rodríguez, Manuel",9/8/2022,663241,23,100,2022
23,548384,"Raley, Brooks",9/6/2022,662043,23,100,2022
23,453268,"Bard, Daniel",9/6/2022,662859,23,100,2022
23,666374,"Brash, Matt",10/3/2022,662201,23,100,2022
23,641329,"Baker, Bryan",10/2/2022,661215,23,100,2022
23,472610,"García, Luis",10/4/2022,662252,23,100,2022
23,608718,"Suter, Brent",9/4/2022,663311,23,100,2022
23,488984,"Hunter, Tommy",9/4/2022,662424,23,100,2022
23,605242,"Fulmer, Michael",9/20/2022,662634,23,100,2022
23,664202,"Cyr, Tyler",9/14/2022,661829,23,100,2022
23,596112,"Stephenson, Robert",9/3/2022,662286,23,100,2022
23,621074,"Rucker, Michael",10/5/2022,663131,23,100,2022
23,641627,"Gott, Trevor",10/2/2022,661153,23,100,2022
23,571948,"Milner, Hoby",10/3/2022,661213,23,100,2022
23,670280,"Bednar, David",9/25/2022,662243,23,100,2022
23,663558,"Moran, Jovani",9/30/2022,662771,23,100,2022
23,521230,"Hendriks, Liam",10/2/2022,662190,23,100,2022
23,608665,"Graveman, Kendall",9/11/2022,662323,23,100,2022
23,656529,"Hentges, Sam",9/4/2022,662962,23,100,2022
23,681464,"German, Frank",9/17/2022,663208,23,100,2022
23,682171,"Murfee, Penn",10/2/2022,662087,23,100,2022
23,668868,"Thompson, Zack",9/9/2022,662284,23,100,2022
23,518585,"Cruz, Fernando",9/10/2022,661175,23,100,2022
23,607259,"Martinez, Nick",9/5/2022,662211,23,100,2022
23,682051,"Hill, Garrett",9/12/2022,662782,23,100,2022
23,595345,"Okert, Steven",9/3/2022,661475,23,100,2022
23,571948,"Milner, Hoby",9/2/2022,663285,23,100,2022
23,640451,"Harvey, Hunter",10/1/2022,662572,23,100,2022
23,650895,"Castillo, Diego",9/11/2022,662120,23,100,2022
23,657272,"Uelmen, Erich",9/23/2022,662263,23,100,2022
23,663378,"Szapucki, Thomas",9/21/2022,662899,23,100,2022
23,622379,"Castillo, Luis F.",9/5/2022,663434,23,100,2022
23,456713,"Bush, Matt",9/28/2022,661154,23,100,2022
23,641627,"Gott, Trevor",10/5/2022,661227,23,100,2022
23,641582,"Foster, Matt",9/1/2022,661440,23,100,2022
23,681806,"Wantz, Andrew",9/27/2022,663422,23,100,2022
23,657240,"Merryweather, Julian",9/11/2022,661839,23,100,2022
23,598264,"Barnes, Matt",9/27/2022,663206,23,100,2022
23,606149,"Gallegos, Giovanny",9/28/2022,661154,23,100,2022
23,600917,"Leclerc, José",9/29/2022,661128,23,100,2022
23,657571,"Ferguson, Caleb",10/5/2022,662623,23,100,2022
23,643511,"Rogers, Tyler",9/28/2022,662045,23,100,2022
23,595014,"Treinen, Blake",9/5/2022,662602,23,100,2022
23,606160,"Montero, Rafael",10/2/2022,662825,23,100,2022
23,517008,"Colomé, Alex",9/11/2022,662868,23,100,2022
23,543521,"McHugh, Collin",9/17/2022,661472,23,100,2022
23,640444,"Crowe, Wil",9/20/2022,661229,23,100,2022
23,656234,"Bird, Jake",10/3/2022,662629,23,100,2022
23,675916,"Karinchak, James",9/7/2022,662643,23,100,2022
23,607216,"Krehbiel, Joey",9/10/2022,663455,23,100,2022
23,453178,"Kennedy, Ian",9/27/2022,662821,23,100,2022
23,641941,"Pagán, Emilio",9/23/2022,661668,23,100,2022
23,686613,"Brown, Hunter",9/24/2022,663258,23,100,2022
23,669093,"Estrada, Jeremiah",9/7/2022,663168,23,100,2022
23,573204,"Thielbar, Caleb",9/20/2022,662634,23,100,2022
23,543521,"McHugh, Collin",9/11/2022,662120,23,100,2022
23,592773,"Stanek, Ryne",9/25/2022,663454,23,100,2022
23,650671,"Quijada, José",9/3/2022,663436,23,100,2022
23,670288,"Fishman, Jake",9/25/2022,661294,23,100,2022
23,573124,"Rogers, Taylor",9/20/2022,661159,23,100,2022
23,666374,"Brash, Matt",9/11/2022,662120,23,100,2022
23,686972,"Waites, Cole",9/13/2022,662028,23,100,2022
23,664076,"Cleavinger, Garrett",9/25/2022,662063,23,100,2022
23,628452,"Iglesias, Raisel",9/17/2022,661472,23,100,2022
23,605130,"Barlow, Scott",9/20/2022,662634,23,100,2022
23,571710,"Givens, Mychal",9/9/2022,661337,23,100,2022
23,663385,"Smith, Chad",9/11/2022,662868,23,100,2022
23,643361,"Herget, Kevin",9/13/2022,661798,23,100,2022
23,657272,"Uelmen, Erich",9/3/2022,661928,23,100,2022
23,595345,"Okert, Steven",9/20/2022,661298,23,100,2022
23,600921,"Machado, Andrés",9/8/2022,661923,23,100,2022
23,621051,"Wilson, Steven",9/23/2022,662897,23,100,2022
23,642546,"Hernández, Jonathan",9/4/2022,663213,23,100,2022
23,676477,"Whitlock, Garrett",9/11/2022,663264,23,100,2022
23,621074,"Rucker, Michael",9/18/2022,663112,23,100,2022
22,622253,"Tate, Dillon",10/5/2022,663272,22,100,2022
22,642397,"Soto, Gregory",9/2/2022,662915,22,100,2022
22,643256,"Cimber, Adam",9/28/2022,661737,22,100,2022
22,668868,"Thompson, Zack",9/23/2022,662585,22,100,2022
22,657240,"Merryweather, Julian",9/16/2022,661776,22,100,2022
22,445926,"Chavez, Jesse",10/5/2022,661422,22,100,2022
22,600921,"Machado, Andrés",9/21/2022,661468,22,100,2022
22,672578,"Hernández, Carlos",9/2/2022,662915,22,100,2022
22,476595,"Luetge, Lucas",10/5/2022,661996,22,100,2022
22,475479,"Phelps, David",9/4/2022,662299,22,100,2022
22,658551,"Fernández, Junior",10/3/2022,662309,22,100,2022
22,607237,"Garrett, Amir",9/25/2022,662631,22,100,2022
22,621237,"Alvarado, José",9/3/2022,662031,22,100,2022
22,605154,"Brebbia, John",9/14/2022,662027,22,100,2022
22,445926,"Chavez, Jesse",9/6/2022,662313,22,100,2022
22,606424,"García, Jarlín",9/25/2022,663280,22,100,2022
22,606131,"Perdomo, Luis",9/7/2022,662871,22,100,2022
22,664139,"Gibaut, Ian",9/16/2022,661953,22,100,2022
22,669424,"Lambert, Jimmy",9/30/2022,662208,22,100,2022
22,668941,"Romero, JoJo",9/16/2022,661953,22,100,2022
22,607179,"Weems, Jordan",10/2/2022,661096,22,100,2022
22,641941,"Pagán, Emilio",9/5/2022,661236,22,100,2022
22,453178,"Kennedy, Ian",9/6/2022,662205,22,100,2022
22,621051,"Wilson, Steven",10/2/2022,662190,22,100,2022
22,623465,"Phillips, Evan",9/7/2022,662582,22,100,2022
22,672391,"Ort, Kaleb",10/2/2022,661735,22,100,2022
22,614179,"Ruiz, José",9/21/2022,661433,22,100,2022
22,541640,"Ramírez, Erasmo",9/9/2022,661594,22,100,2022
22,669395,"Coleman, Dylan",9/15/2022,661644,22,100,2022
22,472610,"García, Luis",9/9/2022,661850,22,100,2022
22,664092,"Poppen, Sean",10/3/2022,661213,22,100,2022
22,640470,"Alzolay, Adbert",9/20/2022,661298,22,100,2022
22,475479,"Phelps, David",9/22/2022,662041,22,100,2022
22,596057,"Norris, Daniel",9/21/2022,663261,22,100,2022
22,548384,"Raley, Brooks",10/4/2022,663452,22,100,2022
22,621249,"Underwood Jr., Duane",9/18/2022,662402,22,100,2022
22,628708,"Marte, Yunior",10/1/2022,662023,22,100,2022
22,686972,"Waites, Cole",9/16/2022,662026,22,100,2022
22,669211,"Akin, Keegan",10/5/2022,663451,22,100,2022
22,663765,"Woodford, Jake",10/1/2022,661956,22,100,2022
22,554340,"García, Yimi",9/12/2022,661799,22,100,2022
22,605130,"Barlow, Scott",9/21/2022,662633,22,100,2022
22,607179,"Weems, Jordan",9/13/2022,662464,22,100,2022
22,643511,"Rogers, Tyler",9/20/2022,662867,22,100,2022
22,666374,"Brash, Matt",9/3/2022,662963,22,100,2022
22,661403,"Clase, Emmanuel",9/23/2022,661807,22,100,2022
22,600917,"Leclerc, José",9/14/2022,661829,22,100,2022
22,663752,"Morris, Cody",9/30/2022,662940,22,100,2022
22,647315,"Pop, Zach",10/2/2022,661735,22,100,2022
22,667463,"King, John",9/20/2022,661837,22,100,2022
22,656234,"Bird, Jake",9/20/2022,662867,22,100,2022
22,621345,"Minter, A.J.",9/13/2022,662028,22,100,2022
22,660853,"De Los Santos, Enyel",9/9/2022,661650,22,100,2022
22,592094,"Adam, Jason",9/28/2022,662967,22,100,2022
22,656322,"Coonrod, Sam",9/8/2022,661595,22,100,2022
22,642545,"Barria, Jaime",9/2/2022,663428,22,100,2022
22,643410,"Leiter Jr., Mark",9/8/2022,663241,22,100,2022
22,657265,"Strzelecki, Peter",9/6/2022,662859,22,100,2022
22,668948,"McCarty, Kirk",9/15/2022,662974,22,100,2022
22,641745,"Keller, Brad",9/29/2022,662772,22,100,2022
22,660825,"Bazardo, Eduard",9/29/2022,663180,22,100,2022
22,664747,"Díaz, Alexis",9/28/2022,662240,22,100,2022
22,571479,"Bellatti, Andrew",9/3/2022,662031,22,100,2022
22,572125,"Selman, Sam",10/2/2022,662087,22,100,2022
22,571882,"Law, Derek",9/21/2022,661070,22,100,2022
22,608328,"De Jong, Chase",9/11/2022,662325,22,100,2022
22,519151,"Pressly, Ryan",9/9/2022,661085,22,100,2022
22,657265,"Strzelecki, Peter",9/29/2022,661156,22,100,2022
22,596082,"Reed, Jake",9/27/2022,663206,22,100,2022
22,669270,"Kuhnel, Joel",9/10/2022,661175,22,100,2022
22,663986,"Stephan, Trevor",9/4/2022,662962,22,100,2022
22,682171,"Murfee, Penn",9/5/2022,662121,22,100,2022
22,596112,"Stephenson, Robert",9/18/2022,662402,22,100,2022
22,666168,"Thompson, Mason",9/19/2022,661470,22,100,2022
22,622253,"Tate, Dillon",9/29/2022,663180,22,100,2022
22,621381,"Strahm, Matt",9/29/2022,663180,22,100,2022
22,571882,"Law, Derek",9/14/2022,663006,22,100,2022
22,608328,"De Jong, Chase",9/28/2022,662240,22,100,2022
22,607259,"Martinez, Nick",9/25/2022,662865,22,100,2022
22,607179,"Weems, Jordan",9/27/2022,662489,22,100,2022
22,671345,"Foley, Jason",9/29/2022,662772,22,100,2022
22,622065,"Young, Alex",9/19/2022,662886,22,100,2022
22,605218,"Edwards Jr., Carl",9/3/2022,662425,22,100,2022
22,518585,"Cruz, Fernando",9/4/2022,663107,22,100,2022
22,666808,"Doval, Camilo",9/11/2022,663130,22,100,2022
22,605218,"Edwards Jr., Carl",9/28/2022,661099,22,100,2022
22,571882,"Law, Derek",9/26/2022,662242,22,100,2022
22,605242,"Fulmer, Michael",9/28/2022,661133,22,100,2022
22,541640,"Ramírez, Erasmo",9/27/2022,662489,22,100,2022
22,605447,"Romano, Jordan",9/18/2022,661780,22,100,2022
22,608665,"Graveman, Kendall",9/15/2022,662974,22,100,2022
22,643377,"Jax, Griffin",9/16/2022,662959,22,100,2022
22,642203,"Widener, Taylor",9/23/2022,663282,22,100,2022
22,663158,"Suarez, Robert",9/15/2022,663284,22,100,2022
22,600921,"Machado, Andrés",9/19/2022,661470,22,100,2022
22,607179,"Weems, Jordan",9/11/2022,661592,22,100,2022
22,641501,"Danish, Tyler",9/6/2022,662043,22,100,2022
22,681464,"German, Frank",9/26/2022,663250,22,100,2022
22,670167,"Schreiber, John",9/1/2022,663210,22,100,2022
22,672578,"Hernández, Carlos",9/18/2022,663207,22,100,2022
21,623211,"Brazobán, Huascar",10/4/2022,661423,21,100,2022
21,656464,"Ginkel, Kevin",9/25/2022,663280,21,100,2022
21,605194,"Cotton, Jharel",9/24/2022,663281,21,100,2022
21,518553,"Cishek, Steve",9/19/2022,661470,21,100,2022
21,665896,"Marte, José",9/2/2022,663428,21,100,2022
21,623465,"Phillips, Evan",9/18/2022,662025,21,100,2022
21,663765,"Woodford, Jake",9/21/2022,662203,21,100,2022
21,658551,"Fernández, Junior",10/5/2022,662304,21,100,2022
21,622786,"Tinoco, Jesus",9/23/2022,661807,21,100,2022
21,607216,"Krehbiel, Joey",9/27/2022,663206,21,100,2022
21,657265,"Strzelecki, Peter",9/16/2022,661164,21,100,2022
21,621345,"Minter, A.J.",9/30/2022,661467,21,100,2022
21,612434,"Castro, Miguel",10/5/2022,661996,21,100,2022
21,664875,"Lawrence, Justin",9/18/2022,663112,21,100,2022
21,664123,"Effross, Scott",9/30/2022,661218,21,100,2022
21,519151,"Pressly, Ryan",9/21/2022,662011,21,100,2022
21,519326,"Strickland, Hunter",9/20/2022,663104,21,100,2022
21,621079,"Wiles, Collin",9/14/2022,661829,21,100,2022
21,489446,"Yates, Kirby",9/10/2022,662088,21,100,2022
21,571656,"Farmer, Buck",10/1/2022,663167,21,100,2022
21,642152,"Trivino, Lou",9/3/2022,661854,21,100,2022
21,605447,"Romano, Jordan",9/24/2022,662039,21,100,2022
21,543507,"May, Trevor",9/1/2022,662410,21,100,2022
21,607216,"Krehbiel, Joey",9/20/2022,663262,21,100,2022
21,502085,"Robertson, David",9/8/2022,661595,21,100,2022
21,489334,"Stammen, Craig",9/11/2022,661848,21,100,2022
21,459429,"McGee, Jake",9/8/2022,661923,21,100,2022
21,573009,"Mantiply, Joe",10/3/2022,661213,21,100,2022
21,502085,"Robertson, David",9/25/2022,661585,21,100,2022
21,621345,"Minter, A.J.",10/4/2022,661423,21,100,2022
21,677161,"Kelly, Zack",9/26/2022,663250,21,100,2022
21,472610,"García, Luis",9/27/2022,662210,21,100,2022
21,518617,"Diekman, Jake",9/14/2022,661435,21,100,2022
21,656945,"Scott, Tanner",10/1/2022,661152,21,100,2022
21,642701,"Santana, Dennis",9/7/2022,661086,21,100,2022
21,669212,"Morgan, Eli",9/18/2022,662968,21,100,2022
21,642207,"Williams, Devin",10/1/2022,661152,21,100,2022
21,676714,"Hughes, Brandon",9/9/2022,663217,21,100,2022
21,668868,"Thompson, Zack",9/5/2022,661926,21,100,2022
21,596057,"Norris, Daniel",9/28/2022,662773,21,100,2022
21,643377,"Jax, Griffin",10/3/2022,661464,21,100,2022
21,642701,"Santana, Dennis",9/25/2022,661828,21,100,2022
21,640448,"Finnegan, Kyle",9/28/2022,661099,21,100,2022
21,642397,"Soto, Gregory",9/4/2022,662786,21,100,2022
21,664076,"Cleavinger, Garrett",9/28/2022,662967,21,100,2022
21,666808,"Doval, Camilo",9/25/2022,663280,21,100,2022
21,676684,"Vest, Will",9/30/2022,662771,21,100,2022
21,621381,"Strahm, Matt",9/2/2022,663212,21,100,2022
21,572193,"Tepera, Ryan",9/16/2022,663427,21,100,2022
21,608717,"Stratton, Chris",9/24/2022,662584,21,100,2022
21,664854,"Helsley, Ryan",9/22/2022,662202,21,100,2022
21,664948,"Misiewicz, Anthony",9/9/2022,662637,21,100,2022
21,518617,"Diekman, Jake",10/1/2022,662207,21,100,2022
21,571948,"Milner, Hoby",9/13/2022,661922,21,100,2022
21,665665,"Sanmartin, Reiver",9/16/2022,661953,21,100,2022
21,650204,"Ruiz, Norge",9/15/2022,662709,21,100,2022
21,573124,"Rogers, Taylor",10/2/2022,661153,21,100,2022
21,663558,"Moran, Jovani",10/4/2022,661463,21,100,2022
21,642207,"Williams, Devin",9/5/2022,662860,21,100,2022
21,572955,"Johnson, Pierce",10/5/2022,662238,21,100,2022
21,542585,"Cisnero, José",9/23/2022,661431,21,100,2022
21,669912,"Snead, Kirby",9/3/2022,663355,21,100,2022
21,656222,"Beeks, Jalen",9/6/2022,662043,21,100,2022
21,519043,"Moore, Matt",9/27/2022,662117,21,100,2022
21,579328,"Kikuchi, Yusei",9/25/2022,662063,21,100,2022
21,642207,"Williams, Devin",9/11/2022,661176,21,100,2022
21,605177,"Chafin, Andrew",9/30/2022,662771,21,100,2022
21,571948,"Milner, Hoby",9/27/2022,661155,21,100,2022
21,641329,"Baker, Bryan",9/5/2022,663353,21,100,2022
21,571670,"Floro, Dylan",9/29/2022,661156,21,100,2022
21,664854,"Helsley, Ryan",9/6/2022,661925,21,100,2022
21,642397,"Soto, Gregory",9/7/2022,663409,21,100,2022
21,681911,"Vesia, Alex",9/7/2022,662582,21,100,2022
21,642528,"Loáisiga, Jonathan",9/10/2022,661282,21,100,2022
21,665871,"Assad, Javier",9/2/2022,661920,21,100,2022
21,621368,"Hearn, Taylor",9/23/2022,661807,21,100,2022
21,605242,"Fulmer, Michael",9/15/2022,661644,21,100,2022
21,570257,"Rodríguez, Joely",9/15/2022,662398,21,100,2022
21,669212,"Morgan, Eli",10/1/2022,662939,21,100,2022
21,592773,"Stanek, Ryne",10/2/2022,662825,21,100,2022
21,608032,"Estévez, Carlos",9/14/2022,661435,21,100,2022
20,656529,"Hentges, Sam",9/28/2022,662967,20,100,2022
20,664139,"Gibaut, Ian",9/13/2022,663106,20,100,2022
20,572193,"Tepera, Ryan",9/18/2022,663425,20,100,2022
20,666374,"Brash, Matt",9/17/2022,663426,20,100,2022
20,664202,"Cyr, Tyler",10/2/2022,662087,20,100,2022
20,672391,"Ort, Kaleb",9/29/2022,663180,20,100,2022
20,681911,"Vesia, Alex",9/28/2022,662214,20,100,2022
20,669459,"Nelson, Kyle",9/2/2022,663285,20,100,2022
20,656945,"Scott, Tanner",9/15/2022,661321,20,100,2022
20,671345,"Foley, Jason",9/27/2022,662774,20,100,2022
20,676092,"Snider, Collin",9/15/2022,661644,20,100,2022
20,592454,"Kahnle, Tommy",9/17/2022,662024,20,100,2022
20,666721,"Castillo, Max",9/29/2022,662772,20,100,2022
20,656529,"Hentges, Sam",10/2/2022,662938,20,100,2022
20,455119,"Martin, Chris",9/29/2022,662209,20,100,2022
20,650204,"Ruiz, Norge",9/1/2022,662491,20,100,2022
20,656730,"Megill, Trevor",9/7/2022,661251,20,100,2022
20,664948,"Misiewicz, Anthony",9/24/2022,662641,20,100,2022
20,656464,"Ginkel, Kevin",9/28/2022,662820,20,100,2022
20,554431,"Matzek, Tyler",9/18/2022,661471,20,100,2022
20,647315,"Pop, Zach",9/27/2022,661778,20,100,2022
20,622786,"Tinoco, Jesus",9/11/2022,661839,20,100,2022
20,622098,"Smith, Drew",10/4/2022,661094,20,100,2022
20,663855,"Hicks, Jordan",9/8/2022,661923,20,100,2022
20,605280,"Holmes, Clay",9/22/2022,661243,20,100,2022
20,605280,"Holmes, Clay",9/18/2022,661162,20,100,2022
20,607237,"Garrett, Amir",9/10/2022,662636,20,100,2022
20,625643,"López, Reynaldo",9/6/2022,662138,20,100,2022
20,643256,"Cimber, Adam",9/23/2022,662040,20,100,2022
20,650556,"Abreu, Bryan",9/20/2022,662012,20,100,2022
20,554340,"García, Yimi",9/6/2022,663458,20,100,2022
20,642770,"Guerra, Javy",9/27/2022,662955,20,100,2022
20,543521,"McHugh, Collin",9/4/2022,661474,20,100,2022
20,643511,"Rogers, Tyler",9/27/2022,662046,20,100,2022
20,571670,"Floro, Dylan",9/8/2022,661595,20,100,2022
20,640444,"Crowe, Wil",9/18/2022,662402,20,100,2022
20,519293,"Smith, Will",10/4/2022,662768,20,100,2022
20,663378,"Szapucki, Thomas",9/30/2022,662049,20,100,2022
20,605130,"Barlow, Scott",9/16/2022,663209,20,100,2022
20,608718,"Suter, Brent",9/3/2022,663321,20,100,2022
20,675916,"Karinchak, James",10/4/2022,663077,20,100,2022
20,656322,"Coonrod, Sam",9/18/2022,661471,20,100,2022
20,607237,"Garrett, Amir",9/4/2022,662786,20,100,2022
20,670810,"Gillaspie, Logan",10/5/2022,663451,20,100,2022
20,666168,"Thompson, Mason",10/5/2022,662488,20,100,2022
20,664139,"Gibaut, Ian",9/23/2022,661068,20,100,2022
20,519043,"Moore, Matt",10/5/2022,661996,20,100,2022
20,489334,"Stammen, Craig",9/24/2022,662866,20,100,2022
20,664092,"Poppen, Sean",9/30/2022,662049,20,100,2022
20,605177,"Chafin, Andrew",9/10/2022,662636,20,100,2022
20,592094,"Adam, Jason",9/15/2022,661822,20,100,2022
20,595345,"Okert, Steven",9/21/2022,661297,20,100,2022
20,663986,"Stephan, Trevor",9/12/2022,662970,20,100,2022
20,605280,"Holmes, Clay",9/4/2022,661853,20,100,2022
20,643511,"Rogers, Tyler",9/18/2022,662025,20,100,2022
20,643377,"Jax, Griffin",9/2/2022,661439,20,100,2022
20,475479,"Phelps, David",9/13/2022,661840,20,100,2022
20,656529,"Hentges, Sam",9/19/2022,663044,20,100,2022
20,669618,"Barlow, Joe",10/3/2022,662044,20,100,2022
20,600917,"Leclerc, José",9/9/2022,661830,20,100,2022
20,608638,"Chargois, JT",9/10/2022,661282,20,100,2022
20,607625,"Lugo, Seth",9/11/2022,661322,20,100,2022
20,656234,"Bird, Jake",9/11/2022,662868,20,100,2022
20,518489,"Brasier, Ryan",10/5/2022,663352,20,100,2022
20,628452,"Iglesias, Raisel",9/9/2022,662136,20,100,2022
20,518489,"Brasier, Ryan",9/14/2022,663159,20,100,2022
20,455119,"Martin, Chris",9/11/2022,661848,20,100,2022
20,572955,"Johnson, Pierce",10/1/2022,662207,20,100,2022
20,623465,"Phillips, Evan",10/1/2022,662595,20,100,2022
20,681806,"Wantz, Andrew",9/22/2022,661806,20,100,2022
20,608032,"Estévez, Carlos",9/4/2022,663107,20,100,2022
20,656464,"Ginkel, Kevin",9/9/2022,662870,20,100,2022
20,657265,"Strzelecki, Peter",9/8/2022,661233,20,100,2022
20,605447,"Romano, Jordan",9/4/2022,662299,20,100,2022
20,663385,"Smith, Chad",9/4/2022,663108,20,100,2022
20,600921,"Machado, Andrés",9/23/2022,661296,20,100,2022
20,643493,"Pruitt, Austin",9/24/2022,662311,20,100,2022
20,623474,"Herget, Jimmy",9/14/2022,662969,20,100,2022
20,663855,"Hicks, Jordan",9/6/2022,661925,20,100,2022
20,663378,"Szapucki, Thomas",9/24/2022,663281,20,100,2022
20,656793,"Nelson, Nick",9/11/2022,661592,20,100,2022
20,592858,"Wick, Rowan",9/24/2022,662249,20,100,2022
20,663765,"Woodford, Jake",9/15/2022,661919,20,100,2022
20,570257,"Rodríguez, Joely",9/9/2022,661337,20,100,2022
20,669212,"Morgan, Eli",9/23/2022,661807,20,100,2022
20,571927,"Matz, Steven",10/1/2022,661956,20,100,2022
20,664747,"Díaz, Alexis",10/4/2022,663243,20,100,2022
20,656638,"Lange, Alex",9/11/2022,662635,20,100,2022
20,642545,"Barria, Jaime",9/17/2022,663426,20,100,2022
20,641401,"Brogdon, Connor",10/4/2022,662768,20,100,2022
20,453343,"Melancon, Mark",9/25/2022,663280,20,100,2022
20,543507,"May, Trevor",10/2/2022,661465,20,100,2022
20,669211,"Akin, Keegan",9/3/2022,663355,20,100,2022
20,657376,"Schmidt, Clarke",9/14/2022,663159,20,100,2022
20,600921,"Machado, Andrés",9/26/2022,662460,20,100,2022
20,669270,"Kuhnel, Joel",9/14/2022,663006,20,100,2022
20,623451,"Stephens, Jackson",9/14/2022,662027,20,100,2022
20,676092,"Snider, Collin",10/4/2022,663077,20,100,2022
20,642152,"Trivino, Lou",9/4/2022,661853,20,100,2022
20,669093,"Estrada, Jeremiah",9/10/2022,663127,20,100,2022
20,656730,"Megill, Trevor",9/10/2022,661665,20,100,2022
20,608638,"Chargois, JT",9/2/2022,661855,20,100,2022
20,666168,"Thompson, Mason",9/8/2022,661923,20,100,2022
20,596082,"Reed, Jake",9/19/2022,663263,20,100,2022
20,666374,"Brash, Matt",9/6/2022,662138,20,100,2022
20,623474,"Herget, Jimmy",9/23/2022,661668,20,100,2022
20,669424,"Lambert, Jimmy",9/16/2022,662781,20,100,2022
20,623352,"Hader, Josh",9/27/2022,662210,20,100,2022
20,661395,"Duran, Jhoan",9/4/2022,661437,20,100,2022
20,593974,"Peralta, Wandy",9/11/2022,661232,20,100,2022
20,664747,"Díaz, Alexis",10/3/2022,663096,20,100,2022
19,621016,"Cuas, Jose",9/14/2022,661646,19,100,2022
19,621249,"Underwood Jr., Duane",9/16/2022,662404,19,100,2022
19,656427,"Flaherty, Jack",10/4/2022,662319,19,100,2022
19,676534,"Faucher, Calvin",9/2/2022,661855,19,100,2022
19,628452,"Iglesias, Raisel",10/4/2022,661423,19,100,2022
19,628452,"Iglesias, Raisel",9/19/2022,661470,19,100,2022
19,445926,"Chavez, Jesse",9/2/2022,661476,19,100,2022
19,642207,"Williams, Devin",9/3/2022,663321,19,100,2022
19,641401,"Brogdon, Connor",9/18/2022,661471,19,100,2022
19,650556,"Abreu, Bryan",9/16/2022,662740,19,100,2022
19,571882,"Law, Derek",10/5/2022,663131,19,100,2022
19,489334,"Stammen, Craig",9/29/2022,662209,19,100,2022
19,518886,"Kimbrel, Craig",9/22/2022,662586,19,100,2022
19,669084,"Hall, DL",10/5/2022,663451,19,100,2022
19,621363,"Poche, Colin",10/4/2022,663452,19,100,2022
19,453178,"Kennedy, Ian",9/21/2022,662606,19,100,2022
19,502154,"Britton, Zack",9/24/2022,661221,19,100,2022
19,554431,"Matzek, Tyler",9/21/2022,661468,19,100,2022
19,571479,"Bellatti, Andrew",9/21/2022,661588,19,100,2022
19,643256,"Cimber, Adam",9/13/2022,661798,19,100,2022
19,656755,"Montes de Oca, Bryce",9/3/2022,662425,19,100,2022
19,666168,"Thompson, Mason",9/14/2022,662463,19,100,2022
19,664202,"Cyr, Tyler",9/18/2022,662822,19,100,2022
19,657024,"Swanson, Erik",9/29/2022,661128,19,100,2022
19,621345,"Minter, A.J.",9/24/2022,661586,19,100,2022
19,640448,"Finnegan, Kyle",9/20/2022,661469,19,100,2022
19,657265,"Strzelecki, Peter",9/19/2022,661161,19,100,2022
19,669276,"Lee, Dylan",9/12/2022,662029,19,100,2022
19,600921,"Machado, Andrés",9/10/2022,661593,19,100,2022
19,642239,"Zastryzny, Rob",9/21/2022,661783,19,100,2022
19,592094,"Adam, Jason",9/7/2022,662065,19,100,2022
19,647315,"Pop, Zach",9/22/2022,662041,19,100,2022
19,661403,"Clase, Emmanuel",9/7/2022,662643,19,100,2022
19,608328,"De Jong, Chase",9/23/2022,662263,19,100,2022
19,573204,"Thielbar, Caleb",9/8/2022,661252,19,100,2022
19,518585,"Cruz, Fernando",9/6/2022,663242,19,100,2022
19,592454,"Kahnle, Tommy",9/27/2022,662210,19,100,2022
19,664123,"Effross, Scott",9/24/2022,661221,19,100,2022
19,661395,"Duran, Jhoan",9/15/2022,661644,19,100,2022
19,623465,"Phillips, Evan",9/24/2022,662584,19,100,2022
19,669424,"Lambert, Jimmy",9/23/2022,661431,19,100,2022
19,628708,"Marte, Yunior",9/5/2022,662602,19,100,2022
19,668941,"Romero, JoJo",9/21/2022,662203,19,100,2022
19,670970,"Morejon, Adrian",9/22/2022,662202,19,100,2022
19,670990,"Ramírez, Yohan",9/23/2022,662263,19,100,2022
19,672578,"Hernández, Carlos",9/24/2022,662641,19,100,2022
19,672391,"Ort, Kaleb",9/23/2022,661222,19,100,2022
19,682171,"Murfee, Penn",9/19/2022,663423,19,100,2022
19,681806,"Wantz, Andrew",9/16/2022,663427,19,100,2022
19,670167,"Schreiber, John",10/5/2022,663352,19,100,2022
19,623465,"Phillips, Evan",9/4/2022,662599,19,100,2022
19,614179,"Ruiz, José",9/10/2022,662322,19,100,2022
19,518886,"Kimbrel, Craig",9/27/2022,662210,19,100,2022
19,542914,"Bass, Anthony",9/23/2022,662040,19,100,2022
19,641745,"Keller, Brad",9/6/2022,662644,19,100,2022
19,623465,"Phillips, Evan",10/3/2022,662629,19,100,2022
19,640444,"Crowe, Wil",9/6/2022,662282,19,100,2022
19,595345,"Okert, Steven",9/6/2022,661597,19,100,2022
19,571510,"Boyd, Matthew",9/19/2022,663423,19,100,2022
19,622786,"Tinoco, Jesus",10/1/2022,663405,19,100,2022
19,621237,"Alvarado, José",10/3/2022,662777,19,100,2022
19,608032,"Estévez, Carlos",9/23/2022,662897,19,100,2022
19,542947,"Bleier, Richard",9/2/2022,661476,19,100,2022
19,518585,"Cruz, Fernando",9/23/2022,661068,19,100,2022
19,517008,"Colomé, Alex",9/2/2022,663133,19,100,2022
19,681464,"German, Frank",10/2/2022,661735,19,100,2022
19,592222,"Claudio, Alex",9/7/2022,662285,19,100,2022
19,669212,"Morgan, Eli",10/3/2022,663105,19,100,2022
19,608665,"Graveman, Kendall",9/30/2022,662208,19,100,2022
19,643256,"Cimber, Adam",9/10/2022,661841,19,100,2022
19,656945,"Scott, Tanner",9/9/2022,661337,19,100,2022
19,628708,"Marte, Yunior",9/19/2022,662886,19,100,2022
19,640451,"Harvey, Hunter",9/21/2022,661468,19,100,2022
19,664076,"Cleavinger, Garrett",9/19/2022,662013,19,100,2022
19,623149,"Sewald, Paul",9/3/2022,662963,19,100,2022
19,683232,"Mears, Nick",10/3/2022,662309,19,100,2022
19,663158,"Suarez, Robert",9/9/2022,661850,19,100,2022
19,660825,"Bazardo, Eduard",10/5/2022,663352,19,100,2022
19,664875,"Lawrence, Justin",9/10/2022,662869,19,100,2022
19,659275,"Lamet, Dinelson",9/9/2022,662870,19,100,2022
19,667463,"King, John",9/7/2022,661086,19,100,2022
19,592222,"Claudio, Alex",9/14/2022,662422,19,100,2022
19,643511,"Rogers, Tyler",9/14/2022,662027,19,100,2022
19,445276,"Jansen, Kenley",9/20/2022,661469,19,100,2022
19,592390,"Hembree, Heath",9/2/2022,662603,19,100,2022
19,657265,"Strzelecki, Peter",9/3/2022,663321,19,100,2022
19,518585,"Cruz, Fernando",9/26/2022,662242,19,100,2022
19,664854,"Helsley, Ryan",9/30/2022,661958,19,100,2022
19,518489,"Brasier, Ryan",10/3/2022,663453,19,100,2022
19,455119,"Martin, Chris",9/4/2022,662599,19,100,2022
19,664126,"Fairbanks, Pete",9/23/2022,662040,19,100,2022
19,682051,"Hill, Garrett",10/2/2022,662769,19,100,2022
19,666808,"Doval, Camilo",9/3/2022,662031,19,100,2022
19,543507,"May, Trevor",10/5/2022,662488,19,100,2022
19,542914,"Bass, Anthony",9/27/2022,661778,19,100,2022
19,543766,"Shaw, Bryan",9/25/2022,661828,19,100,2022
19,665896,"Marte, José",9/4/2022,663435,19,100,2022
19,656731,"Megill, Tylor",9/30/2022,661467,19,100,2022
19,621051,"Wilson, Steven",9/28/2022,662214,19,100,2022
19,669212,"Morgan, Eli",9/15/2022,662974,19,100,2022
19,642657,"Ogando, Cristofer",9/25/2022,662063,19,100,2022
19,642528,"Loáisiga, Jonathan",9/26/2022,661768,19,100,2022
19,656945,"Scott, Tanner",9/28/2022,662400,19,100,2022
19,543507,"May, Trevor",9/18/2022,662402,19,100,2022
19,669424,"Lambert, Jimmy",9/29/2022,661132,19,100,2022
19,502202,"Boxberger, Brad",9/14/2022,661921,19,100,2022
19,571479,"Bellatti, Andrew",10/2/2022,661096,19,100,2022
19,669424,"Lambert, Jimmy",9/2/2022,661439,19,100,2022
19,605447,"Romano, Jordan",9/17/2022,661769,19,100,2022
19,600921,"Machado, Andrés",10/4/2022,661094,19,100,2022
19,622786,"Tinoco, Jesus",9/12/2022,661419,19,100,2022
19,518886,"Kimbrel, Craig",10/3/2022,662629,19,100,2022
19,456713,"Bush, Matt",9/25/2022,661066,19,100,2022
19,677161,"Kelly, Zack",9/29/2022,663180,19,100,2022
19,669395,"Coleman, Dylan",9/2/2022,662915,19,100,2022
19,596295,"Gomber, Austin",9/11/2022,662868,19,100,2022
19,641329,"Baker, Bryan",9/24/2022,663258,19,100,2022
19,544365,"Bañuelos, Manny",9/18/2022,662402,19,100,2022
19,656257,"Brigham, Jeff",10/1/2022,661152,19,100,2022
19,657265,"Strzelecki, Peter",9/27/2022,661155,19,100,2022
19,572193,"Tepera, Ryan",10/4/2022,662429,19,100,2022
19,571670,"Floro, Dylan",10/2/2022,661153,19,100,2022
19,650556,"Abreu, Bryan",10/2/2022,662825,19,100,2022
19,686972,"Waites, Cole",10/4/2022,662252,19,100,2022
19,644364,"Arano, Víctor",9/1/2022,662491,19,100,2022
19,681806,"Wantz, Andrew",9/5/2022,663434,19,100,2022
19,680704,"Sandlin, Nick",9/5/2022,662646,19,100,2022
19,621051,"Wilson, Steven",9/25/2022,662865,19,100,2022
19,621242,"Díaz, Edwin",9/27/2022,662401,19,100,2022
19,608665,"Graveman, Kendall",9/25/2022,661429,19,100,2022
19,606625,"Moronta, Reyes",9/28/2022,662820,19,100,2022
19,666374,"Brash, Matt",9/22/2022,662306,19,100,2022
19,598264,"Barnes, Matt",9/28/2022,663181,19,100,2022
19,642546,"Hernández, Jonathan",10/3/2022,662044,19,100,2022
19,572125,"Selman, Sam",9/29/2022,663420,19,100,2022
19,608638,"Chargois, JT",9/16/2022,662064,19,100,2022
18,621381,"Strahm, Matt",9/16/2022,663209,18,100,2022
18,453268,"Bard, Daniel",9/4/2022,663107,18,100,2022
18,677161,"Kelly, Zack",9/5/2022,661852,18,100,2022
18,542947,"Bleier, Richard",9/14/2022,661336,18,100,2022
18,656945,"Scott, Tanner",10/4/2022,661423,18,100,2022
18,670990,"Ramírez, Yohan",9/2/2022,662356,18,100,2022
18,650671,"Quijada, José",9/10/2022,661084,18,100,2022
18,623211,"Brazobán, Huascar",9/27/2022,662401,18,100,2022
18,621249,"Underwood Jr., Duane",9/11/2022,662325,18,100,2022
18,669424,"Lambert, Jimmy",10/5/2022,661427,18,100,2022
18,542585,"Cisnero, José",10/3/2022,662201,18,100,2022
18,614179,"Ruiz, José",10/4/2022,661463,18,100,2022
18,621242,"Díaz, Edwin",9/13/2022,662430,18,100,2022
18,666720,"Rodríguez, Yerry",10/5/2022,661996,18,100,2022
18,621249,"Underwood Jr., Duane",10/4/2022,662319,18,100,2022
18,622554,"Domínguez, Seranthony",10/4/2022,662768,18,100,2022
18,621074,"Rucker, Michael",9/14/2022,662422,18,100,2022
18,643377,"Jax, Griffin",9/17/2022,662958,18,100,2022
18,596133,"Weaver, Luke",10/5/2022,663095,18,100,2022
18,475479,"Phelps, David",9/11/2022,661839,18,100,2022
18,579328,"Kikuchi, Yusei",10/5/2022,663272,18,100,2022
18,493603,"Ottavino, Adam",9/19/2022,661161,18,100,2022
18,665665,"Sanmartin, Reiver",10/5/2022,663131,18,100,2022
18,543272,"Hand, Brad",9/20/2022,661591,18,100,2022
18,571927,"Matz, Steven",10/3/2022,662309,18,100,2022
18,571948,"Milner, Hoby",9/4/2022,663311,18,100,2022
18,605130,"Barlow, Scott",9/23/2022,662642,18,100,2022
18,608718,"Suter, Brent",9/21/2022,661158,18,100,2022
18,666168,"Thompson, Mason",9/30/2022,661097,18,100,2022
18,621237,"Alvarado, José",9/21/2022,661588,18,100,2022
18,596112,"Stephenson, Robert",9/6/2022,662282,18,100,2022
18,623211,"Brazobán, Huascar",9/23/2022,661296,18,100,2022
18,628708,"Marte, Yunior",9/20/2022,662867,18,100,2022
18,641835,"Mayza, Tim",9/21/2022,661588,18,100,2022
18,543521,"McHugh, Collin",9/7/2022,662312,18,100,2022
18,642701,"Santana, Dennis",9/23/2022,661807,18,100,2022
18,666374,"Brash, Matt",9/13/2022,662119,18,100,2022
18,643493,"Pruitt, Austin",9/22/2022,662306,18,100,2022
18,543507,"May, Trevor",9/20/2022,661159,18,100,2022
18,663855,"Hicks, Jordan",9/11/2022,662325,18,100,2022
18,543766,"Shaw, Bryan",9/20/2022,661434,18,100,2022
18,643511,"Rogers, Tyler",9/22/2022,662898,18,100,2022
18,647315,"Pop, Zach",9/20/2022,661591,18,100,2022
18,592858,"Wick, Rowan",9/8/2022,663241,18,100,2022
18,607216,"Krehbiel, Joey",9/3/2022,663355,18,100,2022
18,657265,"Strzelecki, Peter",9/20/2022,661159,18,100,2022
18,605154,"Brebbia, John",9/10/2022,663127,18,100,2022
18,621016,"Cuas, Jose",9/6/2022,662644,18,100,2022
18,606625,"Moronta, Reyes",9/9/2022,662870,18,100,2022
18,664208,"Maton, Phil",10/5/2022,662789,18,100,2022
18,543521,"McHugh, Collin",10/4/2022,661423,18,100,2022
18,607216,"Krehbiel, Joey",9/5/2022,663353,18,100,2022
18,605347,"López, Jorge",10/2/2022,662769,18,100,2022
18,669084,"Hall, DL",9/19/2022,663263,18,100,2022
18,623211,"Brazobán, Huascar",10/2/2022,661153,18,100,2022
18,502179,"Espino, Paolo",9/11/2022,661592,18,100,2022
18,475479,"Phelps, David",9/15/2022,661822,18,100,2022
18,659275,"Lamet, Dinelson",9/11/2022,662868,18,100,2022
18,623474,"Herget, Jimmy",10/3/2022,662431,18,100,2022
18,605242,"Fulmer, Michael",9/11/2022,661647,18,100,2022
18,650556,"Abreu, Bryan",9/14/2022,662792,18,100,2022
18,676714,"Hughes, Brandon",9/8/2022,663241,18,100,2022
18,643493,"Pruitt, Austin",9/6/2022,662313,18,100,2022
18,664854,"Helsley, Ryan",9/17/2022,661952,18,100,2022
18,643400,"Knight, Dusten",9/21/2022,662011,18,100,2022
18,643410,"Leiter Jr., Mark",9/3/2022,661928,18,100,2022
18,650556,"Abreu, Bryan",9/3/2022,663436,18,100,2022
18,625643,"López, Reynaldo",9/11/2022,662323,18,100,2022
18,640448,"Finnegan, Kyle",9/11/2022,661592,18,100,2022
18,605447,"Romano, Jordan",9/26/2022,661768,18,100,2022
18,647315,"Pop, Zach",9/11/2022,661839,18,100,2022
18,664139,"Gibaut, Ian",9/4/2022,663108,18,100,2022
18,669424,"Lambert, Jimmy",9/11/2022,662323,18,100,2022
18,643256,"Cimber, Adam",9/14/2022,661770,18,100,2022
18,650895,"Castillo, Diego",9/4/2022,662962,18,100,2022
18,664948,"Misiewicz, Anthony",10/4/2022,663077,18,100,2022
18,676760,"Marinaccio, Ron",9/11/2022,661232,18,100,2022
18,664199,"Clarke, Taylor",10/1/2022,662939,18,100,2022
18,608328,"De Jong, Chase",9/13/2022,663106,18,100,2022
18,672335,"Pérez, Cionel",9/11/2022,663264,18,100,2022
18,650556,"Abreu, Bryan",9/7/2022,661086,18,100,2022
18,502202,"Boxberger, Brad",9/3/2022,663321,18,100,2022
18,675916,"Karinchak, James",9/14/2022,662969,18,100,2022
18,573204,"Thielbar, Caleb",9/29/2022,661132,18,100,2022
18,670167,"Schreiber, John",9/22/2022,661243,18,100,2022
18,518585,"Cruz, Fernando",10/4/2022,663243,18,100,2022
18,669467,"Pallante, Andre",9/5/2022,661926,18,100,2022
18,669459,"Nelson, Kyle",9/6/2022,662205,18,100,2022
18,643256,"Cimber, Adam",10/2/2022,661735,18,100,2022
18,605347,"López, Jorge",9/11/2022,661647,18,100,2022
18,622253,"Tate, Dillon",9/25/2022,663454,18,100,2022
18,592094,"Adam, Jason",9/12/2022,661799,18,100,2022
18,643377,"Jax, Griffin",9/15/2022,661644,18,100,2022
18,445926,"Chavez, Jesse",9/19/2022,661470,18,100,2022
18,656271,"Burke, Brock",9/21/2022,661783,18,100,2022
18,571710,"Givens, Mychal",9/6/2022,662282,18,100,2022
18,642207,"Williams, Devin",9/23/2022,661068,18,100,2022
18,676760,"Marinaccio, Ron",9/17/2022,661163,18,100,2022
18,502085,"Robertson, David",9/21/2022,661588,18,100,2022
18,621383,"Banks, Tanner",9/23/2022,661431,18,100,2022
18,621074,"Rucker, Michael",9/19/2022,661299,18,100,2022
18,643410,"Leiter Jr., Mark",10/2/2022,663097,18,100,2022
18,625643,"López, Reynaldo",10/2/2022,662190,18,100,2022
18,572816,"Dickerson, Corey",9/23/2022,662585,18,100,2022
18,669424,"Lambert, Jimmy",9/4/2022,661437,18,100,2022
18,628452,"Iglesias, Raisel",9/28/2022,661099,18,100,2022
18,640451,"Harvey, Hunter",9/25/2022,661294,18,100,2022
18,642152,"Trivino, Lou",9/26/2022,661768,18,100,2022
18,596133,"Weaver, Luke",10/2/2022,662938,18,100,2022
18,445926,"Chavez, Jesse",9/18/2022,661471,18,100,2022
18,660825,"Bazardo, Eduard",9/14/2022,663159,18,100,2022
18,453268,"Bard, Daniel",9/17/2022,663129,18,100,2022
18,642121,"Sulser, Cole",9/2/2022,661476,18,100,2022
18,670167,"Schreiber, John",9/18/2022,663207,18,100,2022
18,657024,"Swanson, Erik",9/14/2022,662118,18,100,2022
18,643410,"Leiter Jr., Mark",9/28/2022,663098,18,100,2022
18,681806,"Wantz, Andrew",9/7/2022,663409,18,100,2022
18,650671,"Quijada, José",9/28/2022,663421,18,100,2022
18,642770,"Guerra, Javy",9/12/2022,661799,18,100,2022
18,657265,"Strzelecki, Peter",9/13/2022,661922,18,100,2022
18,640448,"Finnegan, Kyle",9/21/2022,661468,18,100,2022
18,605447,"Romano, Jordan",10/2/2022,661735,18,100,2022
18,519293,"Smith, Will",9/17/2022,662823,18,100,2022
18,543521,"McHugh, Collin",9/2/2022,661476,18,100,2022
18,656945,"Scott, Tanner",9/12/2022,661419,18,100,2022
18,664875,"Lawrence, Justin",9/22/2022,662898,18,100,2022
18,657376,"Schmidt, Clarke",9/28/2022,661737,18,100,2022
18,656464,"Ginkel, Kevin",9/2/2022,663285,18,100,2022
18,656222,"Beeks, Jalen",9/5/2022,661852,18,100,2022
18,543507,"May, Trevor",9/14/2022,662422,18,100,2022
18,664126,"Fairbanks, Pete",9/27/2022,662955,18,100,2022
18,659275,"Lamet, Dinelson",9/2/2022,663133,18,100,2022
18,571901,"Loup, Aaron",9/16/2022,663427,18,100,2022
18,668941,"Romero, JoJo",9/25/2022,662598,18,100,2022
18,647315,"Pop, Zach",9/13/2022,661798,18,100,2022
18,670280,"Bednar, David",9/27/2022,662241,18,100,2022
18,592858,"Wick, Rowan",9/18/2022,663112,18,100,2022
18,593576,"Neris, Héctor",9/11/2022,661083,18,100,2022
18,669212,"Morgan, Eli",9/2/2022,662961,18,100,2022
18,656234,"Bird, Jake",9/7/2022,662871,18,100,2022
18,672335,"Pérez, Cionel",9/27/2022,663206,18,100,2022
18,647315,"Pop, Zach",9/10/2022,661841,18,100,2022
18,650204,"Ruiz, Norge",9/10/2022,662322,18,100,2022
18,544365,"Bañuelos, Manny",9/13/2022,663158,18,100,2022
18,622766,"Díaz, Miguel",9/30/2022,662771,18,100,2022
18,672391,"Ort, Kaleb",9/26/2022,663250,18,100,2022
18,675916,"Karinchak, James",9/25/2022,661828,18,100,2022
18,607216,"Krehbiel, Joey",9/16/2022,661776,18,100,2022
18,519326,"Strickland, Hunter",9/12/2022,663085,18,100,2022
18,664126,"Fairbanks, Pete",9/5/2022,661852,18,100,2022
18,605218,"Edwards Jr., Carl",10/4/2022,661095,18,100,2022
18,640448,"Finnegan, Kyle",10/4/2022,661095,18,100,2022
17,642528,"Loáisiga, Jonathan",9/16/2022,661164,17,100,2022
17,621242,"Díaz, Edwin",9/16/2022,662404,17,100,2022
17,642152,"Trivino, Lou",9/16/2022,661164,17,100,2022
17,641871,"Middleton, Keynan",9/12/2022,663324,17,100,2022
17,475479,"Phelps, David",9/5/2022,661045,17,100,2022
17,468504,"Chacín, Jhoulys",9/4/2022,663108,17,100,2022
17,621051,"Wilson, Steven",10/5/2022,662238,17,100,2022
17,642121,"Sulser, Cole",9/17/2022,662462,17,100,2022
17,623211,"Brazobán, Huascar",9/19/2022,661299,17,100,2022
17,642121,"Sulser, Cole",9/16/2022,662490,17,100,2022
17,592848,"Weiss, Zack",10/5/2022,662421,17,100,2022
17,663773,"Hoeing, Bryan",9/19/2022,661299,17,100,2022
17,670280,"Bednar, David",10/4/2022,662319,17,100,2022
17,598264,"Barnes, Matt",9/9/2022,663456,17,100,2022
17,606160,"Montero, Rafael",9/21/2022,662011,17,100,2022
17,621074,"Rucker, Michael",9/13/2022,662430,17,100,2022
17,542585,"Cisnero, José",9/3/2022,662803,17,100,2022
17,659275,"Lamet, Dinelson",9/17/2022,663129,17,100,2022
17,493603,"Ottavino, Adam",9/20/2022,661159,17,100,2022
17,518489,"Brasier, Ryan",9/22/2022,661243,17,100,2022
17,519293,"Smith, Will",9/22/2022,663260,17,100,2022
17,628708,"Marte, Yunior",9/9/2022,663217,17,100,2022
17,519326,"Strickland, Hunter",9/23/2022,661068,17,100,2022
17,672578,"Hernández, Carlos",9/22/2022,662632,17,100,2022
17,662253,"Muñoz, Andrés",9/24/2022,662641,17,100,2022
17,608723,"Voth, Austin",9/14/2022,662463,17,100,2022
17,665665,"Sanmartin, Reiver",9/17/2022,661952,17,100,2022
17,661403,"Clase, Emmanuel",9/20/2022,661434,17,100,2022
17,594577,"Mayers, Mike",9/19/2022,663423,17,100,2022
17,453343,"Melancon, Mark",10/1/2022,662023,17,100,2022
17,607625,"Lugo, Seth",9/19/2022,661161,17,100,2022
17,593576,"Neris, Héctor",9/5/2022,661088,17,100,2022
17,623352,"Hader, Josh",9/5/2022,662211,17,100,2022
17,608718,"Suter, Brent",9/24/2022,661067,17,100,2022
17,623437,"Topa, Justin",9/19/2022,661161,17,100,2022
17,502179,"Espino, Paolo",9/14/2022,662463,17,100,2022
17,641627,"Gott, Trevor",9/21/2022,661158,17,100,2022
17,625643,"López, Reynaldo",9/23/2022,661431,17,100,2022
17,641835,"Mayza, Tim",9/20/2022,661591,17,100,2022
17,571882,"Law, Derek",9/7/2022,663168,17,100,2022
17,650204,"Ruiz, Norge",9/22/2022,662306,17,100,2022
17,650671,"Quijada, José",9/22/2022,661806,17,100,2022
17,676092,"Snider, Collin",9/22/2022,662632,17,100,2022
17,656730,"Megill, Trevor",9/20/2022,662634,17,100,2022
17,445926,"Chavez, Jesse",10/3/2022,661424,17,100,2022
17,571901,"Loup, Aaron",9/12/2022,662970,17,100,2022
17,643377,"Jax, Griffin",9/8/2022,661252,17,100,2022
17,608717,"Stratton, Chris",9/5/2022,661926,17,100,2022
17,622098,"Smith, Drew",10/2/2022,661465,17,100,2022
17,621016,"Cuas, Jose",9/4/2022,662786,17,100,2022
17,523260,"Kelly, Joe",9/9/2022,662333,17,100,2022
17,621051,"Wilson, Steven",9/9/2022,661850,17,100,2022
17,592866,"Williams, Trevor",9/10/2022,661323,17,100,2022
17,669912,"Snead, Kirby",10/1/2022,661110,17,100,2022
17,665665,"Sanmartin, Reiver",9/10/2022,661175,17,100,2022
17,641329,"Baker, Bryan",9/6/2022,663458,17,100,2022
17,641360,"Bickford, Phil",9/4/2022,662599,17,100,2022
17,571656,"Farmer, Buck",9/2/2022,663133,17,100,2022
17,523260,"Kelly, Joe",9/14/2022,661435,17,100,2022
17,502202,"Boxberger, Brad",9/28/2022,661154,17,100,2022
17,605154,"Brebbia, John",9/4/2022,662030,17,100,2022
17,605280,"Holmes, Clay",9/11/2022,661232,17,100,2022
17,570257,"Rodríguez, Joely",9/12/2022,662423,17,100,2022
17,596133,"Weaver, Luke",9/14/2022,661646,17,100,2022
17,663558,"Moran, Jovani",9/9/2022,661650,17,100,2022
17,621363,"Poche, Colin",9/12/2022,661799,17,100,2022
17,669912,"Snead, Kirby",9/22/2022,662306,17,100,2022
17,621363,"Poche, Colin",9/13/2022,661798,17,100,2022
17,669395,"Coleman, Dylan",9/7/2022,662643,17,100,2022
17,664202,"Cyr, Tyler",9/7/2022,662312,17,100,2022
17,592858,"Wick, Rowan",9/30/2022,663099,17,100,2022
17,623437,"Topa, Justin",10/2/2022,661153,17,100,2022
17,640462,"Puk, A.J.",9/30/2022,661111,17,100,2022
17,605347,"López, Jorge",9/14/2022,661646,17,100,2022
17,643493,"Pruitt, Austin",9/13/2022,661838,17,100,2022
17,647315,"Pop, Zach",9/15/2022,661822,17,100,2022
17,642528,"Loáisiga, Jonathan",9/7/2022,661251,17,100,2022
17,518586,"Culberson, Charlie",9/2/2022,663212,17,100,2022
17,606625,"Moronta, Reyes",9/11/2022,662868,17,100,2022
17,671345,"Foley, Jason",9/7/2022,663409,17,100,2022
17,672578,"Hernández, Carlos",9/10/2022,662636,17,100,2022
17,543507,"May, Trevor",9/12/2022,662423,17,100,2022
17,656222,"Beeks, Jalen",9/11/2022,661232,17,100,2022
17,621345,"Minter, A.J.",9/22/2022,661609,17,100,2022
17,623149,"Sewald, Paul",9/24/2022,662641,17,100,2022
17,676534,"Faucher, Calvin",9/10/2022,661282,17,100,2022
17,453343,"Melancon, Mark",9/21/2022,662606,17,100,2022
17,519326,"Strickland, Hunter",9/13/2022,663158,17,100,2022
17,676534,"Faucher, Calvin",9/11/2022,661232,17,100,2022
17,518397,"Alexander, Scott",9/11/2022,663130,17,100,2022
17,641329,"Baker, Bryan",9/11/2022,663264,17,100,2022
17,640451,"Harvey, Hunter",9/4/2022,662424,17,100,2022
17,681806,"Wantz, Andrew",9/9/2022,661085,17,100,2022
17,657571,"Ferguson, Caleb",9/9/2022,661850,17,100,2022
17,543521,"McHugh, Collin",9/27/2022,662489,17,100,2022
17,542947,"Bleier, Richard",9/27/2022,662401,17,100,2022
17,666808,"Doval, Camilo",9/4/2022,662030,17,100,2022
17,502202,"Boxberger, Brad",10/2/2022,661153,17,100,2022
17,605242,"Fulmer, Michael",9/2/2022,661439,17,100,2022
17,600917,"Leclerc, José",9/1/2022,663210,17,100,2022
17,657265,"Strzelecki, Peter",9/11/2022,661176,17,100,2022
17,670329,"Garcia, Rico",9/4/2022,663354,17,100,2022
17,672335,"Pérez, Cionel",9/6/2022,663458,17,100,2022
17,671345,"Foley, Jason",9/3/2022,662803,17,100,2022
17,608718,"Suter, Brent",9/27/2022,661155,17,100,2022
17,625643,"López, Reynaldo",9/1/2022,661440,17,100,2022
17,521230,"Hendriks, Liam",9/2/2022,661439,17,100,2022
17,453178,"Kennedy, Ian",9/18/2022,663287,17,100,2022
17,647315,"Pop, Zach",9/25/2022,662063,17,100,2022
17,681806,"Wantz, Andrew",10/4/2022,662429,17,100,2022
17,518553,"Cishek, Steve",9/6/2022,661925,17,100,2022
17,596057,"Norris, Daniel",10/1/2022,662770,17,100,2022
17,656234,"Bird, Jake",9/27/2022,662046,17,100,2022
17,642546,"Hernández, Jonathan",9/27/2022,662117,17,100,2022
17,642585,"Bautista, Félix",9/1/2022,662971,17,100,2022
17,661395,"Duran, Jhoan",9/18/2022,662968,17,100,2022
17,656730,"Megill, Trevor",9/29/2022,661132,17,100,2022
17,682171,"Murfee, Penn",9/4/2022,662962,17,100,2022
17,669912,"Snead, Kirby",10/5/2022,662421,17,100,2022
17,607259,"Martinez, Nick",9/7/2022,662216,17,100,2022
17,642152,"Trivino, Lou",9/27/2022,661778,17,100,2022
17,621242,"Díaz, Edwin",9/1/2022,662410,17,100,2022
17,656257,"Brigham, Jeff",9/12/2022,661420,17,100,2022
17,668970,"Hollowell, Gavin",9/27/2022,662046,17,100,2022
17,660853,"De Los Santos, Enyel",9/1/2022,662971,17,100,2022
17,543272,"Hand, Brad",9/17/2022,661472,17,100,2022
17,547973,"Chapman, Aroldis",9/17/2022,661163,17,100,2022
17,660825,"Bazardo, Eduard",9/1/2022,663210,17,100,2022
17,664208,"Maton, Phil",9/10/2022,661084,17,100,2022
17,670036,"Festa, Matt",9/25/2022,662631,17,100,2022
17,592454,"Kahnle, Tommy",9/21/2022,662606,17,100,2022
17,605154,"Brebbia, John",10/2/2022,662022,17,100,2022
17,669270,"Kuhnel, Joel",9/2/2022,663133,17,100,2022
17,642701,"Santana, Dennis",10/2/2022,663419,17,100,2022
17,605177,"Chafin, Andrew",9/28/2022,662773,17,100,2022
17,641835,"Mayza, Tim",9/23/2022,662040,17,100,2022
17,669276,"Lee, Dylan",9/6/2022,662313,17,100,2022
17,605242,"Fulmer, Michael",9/17/2022,662958,17,100,2022
17,657571,"Ferguson, Caleb",9/13/2022,663323,17,100,2022
17,571479,"Bellatti, Andrew",9/25/2022,661585,17,100,2022
17,596082,"Reed, Jake",9/7/2022,663457,17,100,2022
17,593576,"Neris, Héctor",9/2/2022,663428,17,100,2022
17,541640,"Ramírez, Erasmo",9/11/2022,661592,17,100,2022
17,656945,"Scott, Tanner",10/2/2022,661153,17,100,2022
17,682171,"Murfee, Penn",9/29/2022,661128,17,100,2022
17,608638,"Chargois, JT",9/27/2022,662955,17,100,2022
17,456713,"Bush, Matt",9/4/2022,663311,17,100,2022
17,608665,"Graveman, Kendall",9/17/2022,662784,17,100,2022
17,657376,"Schmidt, Clarke",10/2/2022,661215,17,100,2022
17,621237,"Alvarado, José",9/16/2022,661473,17,100,2022
16,502085,"Robertson, David",9/11/2022,661592,16,100,2022
16,518617,"Diekman, Jake",10/5/2022,661427,16,100,2022
16,607481,"Bummer, Aaron",9/17/2022,662784,16,100,2022
16,623474,"Herget, Jimmy",9/18/2022,663425,16,100,2022
16,657612,"Hill, Tim",10/2/2022,662190,16,100,2022
16,641729,"Jiménez, Joe",9/16/2022,662781,16,100,2022
16,660813,"Graterol, Brusdar",10/3/2022,662629,16,100,2022
16,608328,"De Jong, Chase",10/4/2022,662319,16,100,2022
16,656793,"Nelson, Nick",10/5/2022,662789,16,100,2022
16,661403,"Clase, Emmanuel",9/30/2022,662940,16,100,2022
16,642397,"Soto, Gregory",9/17/2022,662784,16,100,2022
16,642397,"Soto, Gregory",9/16/2022,662781,16,100,2022
16,663158,"Suarez, Robert",10/1/2022,662207,16,100,2022
16,519151,"Pressly, Ryan",10/5/2022,662789,16,100,2022
16,650556,"Abreu, Bryan",10/5/2022,662789,16,100,2022
16,622065,"Young, Alex",9/21/2022,662899,16,100,2022
16,642770,"Guerra, Javy",9/18/2022,661994,16,100,2022
16,663630,"McKenna, Ryan",9/10/2022,663455,16,100,2022
16,573124,"Rogers, Taylor",9/11/2022,661176,16,100,2022
16,672335,"Pérez, Cionel",10/5/2022,663272,16,100,2022
16,519043,"Moore, Matt",9/6/2022,661087,16,100,2022
16,519326,"Strickland, Hunter",9/4/2022,663108,16,100,2022
16,657571,"Ferguson, Caleb",9/18/2022,662025,16,100,2022
16,605242,"Fulmer, Michael",9/7/2022,661251,16,100,2022
16,661395,"Duran, Jhoan",9/16/2022,662959,16,100,2022
16,502202,"Boxberger, Brad",9/20/2022,661159,16,100,2022
16,621237,"Alvarado, José",9/11/2022,661592,16,100,2022
16,518553,"Cishek, Steve",9/24/2022,661295,16,100,2022
16,642397,"Soto, Gregory",9/23/2022,661431,16,100,2022
16,573124,"Rogers, Taylor",10/3/2022,661213,16,100,2022
16,547973,"Chapman, Aroldis",9/22/2022,661243,16,100,2022
16,548384,"Raley, Brooks",9/22/2022,662041,16,100,2022
16,669467,"Pallante, Andre",9/10/2022,662265,16,100,2022
16,571948,"Milner, Hoby",9/20/2022,661159,16,100,2022
16,573009,"Mantiply, Joe",9/20/2022,662621,16,100,2022
16,571901,"Loup, Aaron",9/6/2022,663407,16,100,2022
16,592094,"Adam, Jason",9/23/2022,662040,16,100,2022
16,592848,"Weiss, Zack",9/21/2022,661783,16,100,2022
16,592866,"Williams, Trevor",9/24/2022,662311,16,100,2022
16,596112,"Stephenson, Robert",9/22/2022,662264,16,100,2022
16,664875,"Lawrence, Justin",10/3/2022,662629,16,100,2022
16,680704,"Sandlin, Nick",9/17/2022,662958,16,100,2022
16,606625,"Moronta, Reyes",9/22/2022,662586,16,100,2022
16,453343,"Melancon, Mark",9/7/2022,662216,16,100,2022
16,456713,"Bush, Matt",9/8/2022,661233,16,100,2022
16,518553,"Cishek, Steve",9/10/2022,661593,16,100,2022
16,642152,"Trivino, Lou",9/11/2022,661232,16,100,2022
16,667297,"Nance, Tommy",10/2/2022,661153,16,100,2022
16,628452,"Iglesias, Raisel",9/24/2022,661586,16,100,2022
16,668941,"Romero, JoJo",10/2/2022,661954,16,100,2022
16,640462,"Puk, A.J.",9/24/2022,662311,16,100,2022
16,641329,"Baker, Bryan",9/20/2022,663262,16,100,2022
16,544365,"Bañuelos, Manny",9/9/2022,662284,16,100,2022
16,641501,"Danish, Tyler",9/21/2022,661070,16,100,2022
16,656464,"Ginkel, Kevin",9/15/2022,663284,16,100,2022
16,656464,"Ginkel, Kevin",9/21/2022,662606,16,100,2022
16,606303,"Payamps, Joel",9/6/2022,662313,16,100,2022
16,676714,"Hughes, Brandon",9/20/2022,661298,16,100,2022
16,669395,"Coleman, Dylan",10/3/2022,663105,16,100,2022
16,660813,"Graterol, Brusdar",9/22/2022,662586,16,100,2022
16,605447,"Romano, Jordan",9/9/2022,661830,16,100,2022
16,623149,"Sewald, Paul",9/6/2022,662138,16,100,2022
16,664202,"Cyr, Tyler",9/20/2022,662321,16,100,2022
16,676534,"Faucher, Calvin",9/24/2022,662039,16,100,2022
16,607481,"Bummer, Aaron",9/22/2022,661432,16,100,2022
16,664776,"Cousins, Jake",9/22/2022,661069,16,100,2022
16,664875,"Lawrence, Justin",9/19/2022,662886,16,100,2022
16,607179,"Weems, Jordan",9/10/2022,661593,16,100,2022
16,621345,"Minter, A.J.",9/6/2022,662313,16,100,2022
16,608032,"Estévez, Carlos",9/10/2022,662869,16,100,2022
16,669711,"Weissert, Greg",9/21/2022,661228,16,100,2022
16,623352,"Hader, Josh",9/9/2022,661850,16,100,2022
16,623474,"Herget, Jimmy",9/7/2022,663409,16,100,2022
16,488984,"Hunter, Tommy",9/12/2022,662423,16,100,2022
16,519151,"Pressly, Ryan",9/14/2022,662792,16,100,2022
16,642203,"Widener, Taylor",9/10/2022,662869,16,100,2022
16,542914,"Bass, Anthony",9/11/2022,661839,16,100,2022
16,554431,"Matzek, Tyler",9/14/2022,662027,16,100,2022
16,642758,"Acevedo, Domingo",9/9/2022,662333,16,100,2022
16,641729,"Jiménez, Joe",9/6/2022,663407,16,100,2022
16,641835,"Mayza, Tim",9/5/2022,663353,16,100,2022
16,641835,"Mayza, Tim",9/10/2022,661841,16,100,2022
16,681806,"Wantz, Andrew",9/30/2022,663406,16,100,2022
16,656794,"Newcomb, Sean",9/7/2022,663168,16,100,2022
16,605280,"Holmes, Clay",9/13/2022,663160,16,100,2022
16,606149,"Gallegos, Giovanny",9/14/2022,661921,16,100,2022
16,622786,"Tinoco, Jesus",9/6/2022,661087,16,100,2022
16,670036,"Festa, Matt",9/23/2022,662642,16,100,2022
16,661527,"Martinez, Seth",9/7/2022,661086,16,100,2022
16,608665,"Graveman, Kendall",9/13/2022,661436,16,100,2022
16,669395,"Coleman, Dylan",9/23/2022,662642,16,100,2022
16,453268,"Bard, Daniel",9/10/2022,662869,16,100,2022
16,621249,"Underwood Jr., Duane",9/13/2022,663106,16,100,2022
16,628708,"Marte, Yunior",9/30/2022,662049,16,100,2022
16,622554,"Domínguez, Seranthony",9/11/2022,661592,16,100,2022
16,664126,"Fairbanks, Pete",9/7/2022,662065,16,100,2022
16,642121,"Sulser, Cole",9/11/2022,661322,16,100,2022
16,642770,"Guerra, Javy",9/20/2022,662012,16,100,2022
16,643410,"Leiter Jr., Mark",9/12/2022,662423,16,100,2022
16,669467,"Pallante, Andre",9/8/2022,661923,16,100,2022
16,605447,"Romano, Jordan",9/7/2022,663457,16,100,2022
16,657265,"Strzelecki, Peter",9/22/2022,661069,16,100,2022
16,657240,"Merryweather, Julian",9/5/2022,661045,16,100,2022
16,670970,"Morejon, Adrian",9/9/2022,661850,16,100,2022
16,676092,"Snider, Collin",9/7/2022,662643,16,100,2022
16,661403,"Clase, Emmanuel",9/13/2022,662965,16,100,2022
16,650671,"Quijada, José",9/13/2022,662965,16,100,2022
16,680704,"Sandlin, Nick",9/10/2022,661665,16,100,2022
16,664854,"Helsley, Ryan",9/14/2022,661921,16,100,2022
16,641941,"Pagán, Emilio",9/7/2022,661235,16,100,2022
16,641745,"Keller, Brad",9/30/2022,662940,16,100,2022
16,669212,"Morgan, Eli",9/12/2022,662970,16,100,2022
16,669424,"Lambert, Jimmy",9/13/2022,661436,16,100,2022
16,671345,"Foley, Jason",9/12/2022,662782,16,100,2022
16,518489,"Brasier, Ryan",9/27/2022,663206,16,100,2022
16,681911,"Vesia, Alex",9/14/2022,663322,16,100,2022
16,664126,"Fairbanks, Pete",9/3/2022,661854,16,100,2022
16,664139,"Gibaut, Ian",9/6/2022,663242,16,100,2022
16,521230,"Hendriks, Liam",9/29/2022,661132,16,100,2022
16,621237,"Alvarado, José",9/22/2022,661609,16,100,2022
16,592773,"Stanek, Ryne",9/3/2022,663436,16,100,2022
16,596112,"Stephenson, Robert",10/2/2022,661954,16,100,2022
16,592390,"Hembree, Heath",9/1/2022,662410,16,100,2022
16,664948,"Misiewicz, Anthony",9/5/2022,662646,16,100,2022
16,670036,"Festa, Matt",9/16/2022,663427,16,100,2022
16,573124,"Rogers, Taylor",9/27/2022,661155,16,100,2022
16,669212,"Morgan, Eli",9/5/2022,662646,16,100,2022
16,554340,"García, Yimi",9/28/2022,661737,16,100,2022
16,642397,"Soto, Gregory",10/1/2022,662770,16,100,2022
16,573124,"Rogers, Taylor",9/24/2022,661067,16,100,2022
16,669093,"Estrada, Jeremiah",9/3/2022,661928,16,100,2022
16,554340,"García, Yimi",9/26/2022,661768,16,100,2022
16,642545,"Barria, Jaime",10/2/2022,663419,16,100,2022
16,682171,"Murfee, Penn",9/23/2022,662642,16,100,2022
16,453178,"Kennedy, Ian",9/2/2022,663285,16,100,2022
16,605347,"López, Jorge",9/28/2022,661133,16,100,2022
16,670167,"Schreiber, John",9/4/2022,663213,16,100,2022
16,607481,"Bummer, Aaron",9/27/2022,661666,16,100,2022
16,608032,"Estévez, Carlos",9/2/2022,663133,16,100,2022
16,544727,"Familia, Jeurys",9/4/2022,663213,16,100,2022
16,622554,"Domínguez, Seranthony",9/25/2022,661585,16,100,2022
16,622253,"Tate, Dillon",9/2/2022,663356,16,100,2022
16,623451,"Stephens, Jackson",9/28/2022,661099,16,100,2022
16,519043,"Moore, Matt",9/11/2022,661839,16,100,2022
16,445926,"Chavez, Jesse",9/21/2022,661468,16,100,2022
16,640448,"Finnegan, Kyle",9/25/2022,661294,16,100,2022
16,640462,"Puk, A.J.",9/27/2022,663422,16,100,2022
16,641501,"Danish, Tyler",9/2/2022,663212,16,100,2022
16,641329,"Baker, Bryan",9/27/2022,663206,16,100,2022
16,592454,"Kahnle, Tommy",10/3/2022,662629,16,100,2022
16,518553,"Cishek, Steve",9/16/2022,662490,16,100,2022
16,664747,"Díaz, Alexis",9/2/2022,663133,16,100,2022
16,650671,"Quijada, José",9/25/2022,661667,16,100,2022
16,656257,"Brigham, Jeff",9/25/2022,661294,16,100,2022
16,643256,"Cimber, Adam",9/18/2022,661780,16,100,2022
16,642758,"Acevedo, Domingo",9/30/2022,661111,16,100,2022
16,605177,"Chafin, Andrew",9/13/2022,662787,16,100,2022
16,657265,"Strzelecki, Peter",9/25/2022,661066,16,100,2022
16,544365,"Bañuelos, Manny",9/16/2022,662404,16,100,2022
16,669467,"Pallante, Andre",9/14/2022,661921,16,100,2022
16,571656,"Farmer, Buck",9/17/2022,661952,16,100,2022
16,656464,"Ginkel, Kevin",10/2/2022,662022,16,100,2022
16,663534,"Walters, Nash",10/5/2022,662421,16,100,2022
16,571670,"Floro, Dylan",9/21/2022,661297,16,100,2022
16,620443,"Torrens, Luis",10/4/2022,662200,16,100,2022
16,659275,"Lamet, Dinelson",9/25/2022,662865,16,100,2022
16,666168,"Thompson, Mason",9/26/2022,662460,16,100,2022
16,662253,"Muñoz, Andrés",9/29/2022,661128,16,100,2022
16,669212,"Morgan, Eli",9/28/2022,662967,16,100,2022
16,666374,"Brash, Matt",9/25/2022,662631,16,100,2022
16,607237,"Garrett, Amir",10/3/2022,663105,16,100,2022
16,656638,"Lange, Alex",10/1/2022,662770,16,100,2022
16,623149,"Sewald, Paul",9/11/2022,662120,16,100,2022
16,476595,"Luetge, Lucas",9/11/2022,661232,16,100,2022
16,606625,"Moronta, Reyes",10/3/2022,661213,16,100,2022
16,669804,"De Jesus, Angel",9/29/2022,662772,16,100,2022
16,518553,"Cishek, Steve",10/4/2022,661095,16,100,2022
16,664076,"Cleavinger, Garrett",9/10/2022,661282,16,100,2022
16,669276,"Lee, Dylan",9/11/2022,662120,16,100,2022
15,661403,"Clase, Emmanuel",9/12/2022,662970,15,100,2022
15,608718,"Suter, Brent",9/18/2022,661162,15,100,2022
15,641360,"Bickford, Phil",9/10/2022,661849,15,100,2022
15,668868,"Thompson, Zack",9/13/2022,661922,15,100,2022
15,622253,"Tate, Dillon",9/18/2022,661780,15,100,2022
15,642701,"Santana, Dennis",10/5/2022,661996,15,100,2022
15,542585,"Cisnero, José",10/5/2022,662195,15,100,2022
15,623352,"Hader, Josh",9/17/2022,663289,15,100,2022
15,659275,"Lamet, Dinelson",10/1/2022,662595,15,100,2022
15,628452,"Iglesias, Raisel",9/16/2022,661473,15,100,2022
15,642528,"Loáisiga, Jonathan",9/14/2022,663159,15,100,2022
15,445926,"Chavez, Jesse",10/1/2022,661466,15,100,2022
15,641329,"Baker, Bryan",9/17/2022,661769,15,100,2022
15,641360,"Bickford, Phil",9/18/2022,662025,15,100,2022
15,663855,"Hicks, Jordan",10/5/2022,662304,15,100,2022
15,668868,"Thompson, Zack",10/4/2022,662319,15,100,2022
15,642758,"Acevedo, Domingo",10/4/2022,662429,15,100,2022
15,640448,"Finnegan, Kyle",10/5/2022,662488,15,100,2022
15,518886,"Kimbrel, Craig",10/5/2022,662623,15,100,2022
15,488984,"Hunter, Tommy",9/6/2022,662282,15,100,2022
15,656529,"Hentges, Sam",10/4/2022,663077,15,100,2022
15,661403,"Clase, Emmanuel",10/4/2022,663077,15,100,2022
15,650556,"Abreu, Bryan",9/17/2022,662823,15,100,2022
15,656222,"Beeks, Jalen",9/17/2022,662015,15,100,2022
15,663989,"Vespi, Nick",10/5/2022,663272,15,100,2022
15,686972,"Waites, Cole",9/21/2022,662899,15,100,2022
15,518617,"Diekman, Jake",9/4/2022,661437,15,100,2022
15,676641,"Sulser, Beau",10/5/2022,663272,15,100,2022
15,656638,"Lange, Alex",9/16/2022,662781,15,100,2022
15,596112,"Stephenson, Robert",9/12/2022,663085,15,100,2022
15,656814,"Ortiz, Luis F.",9/16/2022,662026,15,100,2022
15,605447,"Romano, Jordan",10/5/2022,663451,15,100,2022
15,456713,"Bush, Matt",9/20/2022,661159,15,100,2022
15,472610,"García, Luis",9/20/2022,662204,15,100,2022
15,502202,"Boxberger, Brad",9/21/2022,661158,15,100,2022
15,663558,"Moran, Jovani",9/17/2022,662958,15,100,2022
15,663986,"Stephan, Trevor",9/17/2022,662958,15,100,2022
15,518617,"Diekman, Jake",9/24/2022,661430,15,100,2022
15,518886,"Kimbrel, Craig",9/19/2022,662622,15,100,2022
15,544365,"Bañuelos, Manny",9/6/2022,662282,15,100,2022
15,664294,"Moreta, Dauri",9/16/2022,661953,15,100,2022
15,521230,"Hendriks, Liam",9/20/2022,661434,15,100,2022
15,666808,"Doval, Camilo",9/18/2022,662025,15,100,2022
15,667463,"King, John",9/18/2022,661994,15,100,2022
15,571656,"Farmer, Buck",9/4/2022,663107,15,100,2022
15,669084,"Hall, DL",9/17/2022,661769,15,100,2022
15,572193,"Tepera, Ryan",9/23/2022,661668,15,100,2022
15,572955,"Johnson, Pierce",9/23/2022,662897,15,100,2022
15,669467,"Pallante, Andre",9/17/2022,661965,15,100,2022
15,669912,"Snead, Kirby",9/18/2022,662822,15,100,2022
15,521230,"Hendriks, Liam",9/30/2022,662208,15,100,2022
15,573204,"Thielbar, Caleb",9/4/2022,661437,15,100,2022
15,542947,"Bleier, Richard",10/2/2022,661153,15,100,2022
15,681911,"Vesia, Alex",9/16/2022,662026,15,100,2022
15,607179,"Weems, Jordan",9/24/2022,661295,15,100,2022
15,677865,"Bruihl, Justin",9/20/2022,662607,15,100,2022
15,621107,"Eflin, Zach",9/22/2022,661609,15,100,2022
15,621242,"Díaz, Edwin",9/20/2022,661159,15,100,2022
15,622554,"Domínguez, Seranthony",9/24/2022,661586,15,100,2022
15,667297,"Nance, Tommy",10/1/2022,661152,15,100,2022
15,600917,"Leclerc, José",9/6/2022,661087,15,100,2022
15,657612,"Hill, Tim",9/24/2022,662866,15,100,2022
15,598264,"Barnes, Matt",9/3/2022,663214,15,100,2022
15,543272,"Hand, Brad",9/9/2022,661594,15,100,2022
15,641401,"Brogdon, Connor",9/24/2022,661586,15,100,2022
15,641745,"Keller, Brad",9/22/2022,662632,15,100,2022
15,641941,"Pagán, Emilio",9/19/2022,663044,15,100,2022
15,571882,"Law, Derek",9/9/2022,661185,15,100,2022
15,669211,"Akin, Keegan",10/3/2022,663273,15,100,2022
15,445926,"Chavez, Jesse",9/25/2022,661585,15,100,2022
15,573009,"Mantiply, Joe",9/14/2022,663322,15,100,2022
15,573204,"Thielbar, Caleb",9/11/2022,661647,15,100,2022
15,669395,"Coleman, Dylan",10/1/2022,662939,15,100,2022
15,657612,"Hill, Tim",9/20/2022,662204,15,100,2022
15,663630,"McKenna, Ryan",9/19/2022,663263,15,100,2022
15,605347,"López, Jorge",9/7/2022,661251,15,100,2022
15,621249,"Underwood Jr., Duane",9/4/2022,662299,15,100,2022
15,676684,"Vest, Will",9/24/2022,661430,15,100,2022
15,670167,"Schreiber, John",10/3/2022,663453,15,100,2022
15,666808,"Doval, Camilo",9/23/2022,663282,15,100,2022
15,670288,"Fishman, Jake",10/1/2022,661152,15,100,2022
15,671345,"Foley, Jason",10/2/2022,662769,15,100,2022
15,453268,"Bard, Daniel",9/14/2022,661435,15,100,2022
15,623211,"Brazobán, Huascar",10/1/2022,661152,15,100,2022
15,640455,"Manaea, Sean",9/10/2022,661849,15,100,2022
15,488984,"Hunter, Tommy",9/14/2022,662422,15,100,2022
15,641729,"Jiménez, Joe",9/4/2022,662786,15,100,2022
15,571656,"Farmer, Buck",9/12/2022,663085,15,100,2022
15,676092,"Snider, Collin",9/24/2022,662641,15,100,2022
15,650671,"Quijada, José",9/7/2022,663409,15,100,2022
15,650895,"Castillo, Diego",9/7/2022,662137,15,100,2022
15,592773,"Stanek, Ryne",9/11/2022,661083,15,100,2022
15,593576,"Neris, Héctor",9/13/2022,662787,15,100,2022
15,656322,"Coonrod, Sam",9/10/2022,661593,15,100,2022
15,598264,"Barnes, Matt",9/13/2022,663160,15,100,2022
15,573204,"Thielbar, Caleb",10/3/2022,661464,15,100,2022
15,605280,"Holmes, Clay",9/14/2022,663159,15,100,2022
15,663378,"Szapucki, Thomas",9/20/2022,662867,15,100,2022
15,608638,"Chargois, JT",9/15/2022,661822,15,100,2022
15,622065,"Young, Alex",9/3/2022,662031,15,100,2022
15,686613,"Brown, Hunter",10/1/2022,662818,15,100,2022
15,621051,"Wilson, Steven",9/15/2022,663284,15,100,2022
15,623149,"Sewald, Paul",9/13/2022,662119,15,100,2022
15,642546,"Hernández, Jonathan",9/22/2022,661806,15,100,2022
15,459429,"McGee, Jake",9/1/2022,662491,15,100,2022
15,641793,"Littell, Zack",9/12/2022,662029,15,100,2022
15,642546,"Hernández, Jonathan",9/14/2022,661829,15,100,2022
15,642585,"Bautista, Félix",9/13/2022,662464,15,100,2022
15,668941,"Romero, JoJo",9/10/2022,662265,15,100,2022
15,518617,"Diekman, Jake",9/1/2022,661440,15,100,2022
15,656464,"Ginkel, Kevin",9/12/2022,663324,15,100,2022
15,672335,"Pérez, Cionel",9/9/2022,663456,15,100,2022
15,657024,"Swanson, Erik",9/13/2022,662119,15,100,2022
15,676092,"Snider, Collin",9/10/2022,662636,15,100,2022
15,657697,"Nittoli, Vinny",9/4/2022,662030,15,100,2022
15,542585,"Cisnero, José",9/7/2022,663409,15,100,2022
15,518617,"Diekman, Jake",9/10/2022,662322,15,100,2022
15,445276,"Jansen, Kenley",9/9/2022,662136,15,100,2022
15,543766,"Shaw, Bryan",9/1/2022,662971,15,100,2022
15,663989,"Vespi, Nick",9/3/2022,663355,15,100,2022
15,517008,"Colomé, Alex",9/25/2022,662865,15,100,2022
15,676477,"Whitlock, Garrett",9/13/2022,663160,15,100,2022
15,593576,"Neris, Héctor",9/19/2022,662013,15,100,2022
15,681911,"Vesia, Alex",9/11/2022,661848,15,100,2022
15,519151,"Pressly, Ryan",9/25/2022,663454,15,100,2022
15,622253,"Tate, Dillon",10/2/2022,661215,15,100,2022
15,669424,"Lambert, Jimmy",9/18/2022,662783,15,100,2022
15,665019,"Clemens, Kody",9/5/2022,663434,15,100,2022
15,665665,"Sanmartin, Reiver",9/6/2022,663242,15,100,2022
15,666374,"Brash, Matt",9/4/2022,662962,15,100,2022
15,666808,"Doval, Camilo",9/5/2022,662602,15,100,2022
15,668868,"Thompson, Zack",9/16/2022,661953,15,100,2022
15,594580,"Moll, Sam",9/1/2022,662491,15,100,2022
15,667297,"Nance, Tommy",9/4/2022,661474,15,100,2022
15,669084,"Hall, DL",9/3/2022,663355,15,100,2022
15,573204,"Thielbar, Caleb",9/28/2022,661133,15,100,2022
15,542947,"Bleier, Richard",9/23/2022,661296,15,100,2022
15,593576,"Neris, Héctor",9/25/2022,663454,15,100,2022
15,605154,"Brebbia, John",9/29/2022,662050,15,100,2022
15,642585,"Bautista, Félix",9/30/2022,661218,15,100,2022
15,642758,"Acevedo, Domingo",10/3/2022,662431,15,100,2022
15,518553,"Cishek, Steve",9/23/2022,661296,15,100,2022
15,607259,"Martinez, Nick",9/28/2022,662214,15,100,2022
15,605177,"Chafin, Andrew",10/3/2022,662201,15,100,2022
15,519043,"Moore, Matt",9/14/2022,661829,15,100,2022
15,621249,"Underwood Jr., Duane",9/25/2022,662243,15,100,2022
15,455119,"Martin, Chris",9/21/2022,662606,15,100,2022
15,622098,"Smith, Drew",9/28/2022,662400,15,100,2022
15,623167,"Flexen, Chris",9/27/2022,662117,15,100,2022
15,623211,"Brazobán, Huascar",9/28/2022,662400,15,100,2022
15,625643,"López, Reynaldo",9/25/2022,661429,15,100,2022
15,656793,"Nelson, Nick",9/16/2022,661473,15,100,2022
15,547973,"Chapman, Aroldis",9/30/2022,661218,15,100,2022
15,519293,"Smith, Will",9/3/2022,663436,15,100,2022
15,592773,"Stanek, Ryne",9/6/2022,661087,15,100,2022
15,640451,"Harvey, Hunter",9/28/2022,661099,15,100,2022
15,621363,"Poche, Colin",9/5/2022,661852,15,100,2022
15,641835,"Mayza, Tim",9/28/2022,661737,15,100,2022
15,643256,"Cimber, Adam",9/16/2022,661776,15,100,2022
15,642546,"Hernández, Jonathan",9/29/2022,661128,15,100,2022
15,453268,"Bard, Daniel",9/18/2022,663112,15,100,2022
15,488984,"Hunter, Tommy",9/3/2022,662425,15,100,2022
15,493603,"Ottavino, Adam",9/17/2022,662403,15,100,2022
15,642758,"Acevedo, Domingo",9/2/2022,663356,15,100,2022
15,663986,"Stephan, Trevor",9/9/2022,661650,15,100,2022
15,656638,"Lange, Alex",9/28/2022,662773,15,100,2022
15,641835,"Mayza, Tim",9/17/2022,661769,15,100,2022
15,656793,"Nelson, Nick",9/28/2022,663098,15,100,2022
15,542585,"Cisnero, José",9/17/2022,662784,15,100,2022
15,657571,"Ferguson, Caleb",9/29/2022,662209,15,100,2022
15,657571,"Ferguson, Caleb",9/27/2022,662210,15,100,2022
15,657612,"Hill, Tim",9/28/2022,662214,15,100,2022
15,661395,"Duran, Jhoan",9/27/2022,661666,15,100,2022
15,663158,"Suarez, Robert",9/25/2022,662865,15,100,2022
15,664126,"Fairbanks, Pete",9/28/2022,662967,15,100,2022
15,622253,"Tate, Dillon",9/9/2022,663456,15,100,2022
15,571882,"Law, Derek",9/16/2022,661953,15,100,2022
15,606424,"García, Jarlín",10/3/2022,662239,15,100,2022
15,519043,"Moore, Matt",10/4/2022,662010,15,100,2022
15,573204,"Thielbar, Caleb",9/16/2022,662959,15,100,2022
15,663855,"Hicks, Jordan",9/2/2022,661920,15,100,2022
15,641941,"Pagán, Emilio",10/4/2022,661463,15,100,2022
15,664875,"Lawrence, Justin",9/1/2022,661477,15,100,2022
15,669276,"Lee, Dylan",9/28/2022,661099,15,100,2022
15,669467,"Pallante, Andre",9/27/2022,661155,15,100,2022
15,598264,"Barnes, Matt",9/18/2022,663207,15,100,2022
15,675916,"Karinchak, James",9/28/2022,662967,15,100,2022
15,675916,"Karinchak, James",9/27/2022,662955,15,100,2022
15,676714,"Hughes, Brandon",9/28/2022,663098,15,100,2022
15,669912,"Snead, Kirby",9/2/2022,663356,15,100,2022
15,621242,"Díaz, Edwin",10/4/2022,661094,15,100,2022
15,607259,"Martinez, Nick",9/17/2022,663289,15,100,2022
15,571948,"Milner, Hoby",10/5/2022,661227,15,100,2022
14,605242,"Fulmer, Michael",9/4/2022,661437,14,100,2022
14,642152,"Trivino, Lou",9/20/2022,661229,14,100,2022
14,642152,"Trivino, Lou",9/22/2022,661243,14,100,2022
14,573124,"Rogers, Taylor",9/10/2022,661175,14,100,2022
14,592390,"Hembree, Heath",9/10/2022,661849,14,100,2022
14,650556,"Abreu, Bryan",9/23/2022,663259,14,100,2022
14,656464,"Ginkel, Kevin",9/20/2022,662621,14,100,2022
14,656945,"Scott, Tanner",9/21/2022,661297,14,100,2022
14,657024,"Swanson, Erik",9/21/2022,662320,14,100,2022
14,669467,"Pallante, Andre",9/30/2022,661958,14,100,2022
14,661403,"Clase, Emmanuel",9/24/2022,661805,14,100,2022
14,669467,"Pallante, Andre",10/3/2022,662309,14,100,2022
14,663385,"Smith, Chad",9/20/2022,662867,14,100,2022
14,621051,"Wilson, Steven",9/4/2022,662599,14,100,2022
14,664670,"Lopez, Alejo",9/24/2022,661067,14,100,2022
14,445926,"Chavez, Jesse",9/28/2022,661099,14,100,2022
14,669211,"Akin, Keegan",9/19/2022,663263,14,100,2022
14,608717,"Stratton, Chris",9/8/2022,661923,14,100,2022
14,669270,"Kuhnel, Joel",9/22/2022,661069,14,100,2022
14,669395,"Coleman, Dylan",9/21/2022,662633,14,100,2022
14,670990,"Ramírez, Yohan",9/13/2022,663106,14,100,2022
14,614179,"Ruiz, José",9/8/2022,662334,14,100,2022
14,670990,"Ramírez, Yohan",9/20/2022,661229,14,100,2022
14,621074,"Rucker, Michael",9/10/2022,663127,14,100,2022
14,542585,"Cisnero, José",10/1/2022,662770,14,100,2022
14,676714,"Hughes, Brandon",9/22/2022,662264,14,100,2022
14,680704,"Sandlin, Nick",9/19/2022,663044,14,100,2022
14,623474,"Herget, Jimmy",9/3/2022,663436,14,100,2022
14,592848,"Weiss, Zack",10/1/2022,663405,14,100,2022
14,493603,"Ottavino, Adam",9/13/2022,662430,14,100,2022
14,502085,"Robertson, David",9/13/2022,661320,14,100,2022
14,623352,"Hader, Josh",10/3/2022,662239,14,100,2022
14,542947,"Bleier, Richard",9/11/2022,661322,14,100,2022
14,571670,"Floro, Dylan",9/12/2022,661419,14,100,2022
14,571882,"Law, Derek",9/12/2022,663085,14,100,2022
14,573009,"Mantiply, Joe",9/11/2022,662868,14,100,2022
14,592773,"Stanek, Ryne",9/14/2022,662792,14,100,2022
14,542914,"Bass, Anthony",10/1/2022,661736,14,100,2022
14,596082,"Reed, Jake",9/14/2022,662463,14,100,2022
14,641360,"Bickford, Phil",9/12/2022,663324,14,100,2022
14,656529,"Hentges, Sam",9/5/2022,662646,14,100,2022
14,668868,"Thompson, Zack",9/7/2022,661924,14,100,2022
14,642770,"Guerra, Javy",9/15/2022,661822,14,100,2022
14,669459,"Nelson, Kyle",9/9/2022,662870,14,100,2022
14,592858,"Wick, Rowan",10/2/2022,663097,14,100,2022
14,656730,"Megill, Trevor",9/15/2022,661644,14,100,2022
14,672391,"Ort, Kaleb",9/9/2022,663456,14,100,2022
14,657571,"Ferguson, Caleb",9/5/2022,662602,14,100,2022
14,661527,"Martinez, Seth",9/15/2022,662709,14,100,2022
14,663765,"Woodford, Jake",9/13/2022,661922,14,100,2022
14,664139,"Gibaut, Ian",9/15/2022,661919,14,100,2022
14,664202,"Cyr, Tyler",9/11/2022,662323,14,100,2022
14,641835,"Mayza, Tim",10/3/2022,663273,14,100,2022
14,668941,"Romero, JoJo",9/11/2022,662325,14,100,2022
14,570257,"Rodríguez, Joely",9/2/2022,662409,14,100,2022
14,669459,"Nelson, Kyle",9/12/2022,663324,14,100,2022
14,671345,"Foley, Jason",9/14/2022,662792,14,100,2022
14,502202,"Boxberger, Brad",9/25/2022,661066,14,100,2022
14,676684,"Vest, Will",9/14/2022,662792,14,100,2022
14,519293,"Smith, Will",9/25/2022,663454,14,100,2022
14,656529,"Hentges, Sam",9/11/2022,661647,14,100,2022
14,519326,"Strickland, Hunter",9/27/2022,662241,14,100,2022
14,542914,"Bass, Anthony",9/26/2022,661768,14,100,2022
14,642239,"Zastryzny, Rob",10/2/2022,663419,14,100,2022
14,543766,"Shaw, Bryan",9/29/2022,662932,14,100,2022
14,456034,"Price, David",9/30/2022,662596,14,100,2022
14,592826,"Velasquez, Vince",10/1/2022,662207,14,100,2022
14,571656,"Farmer, Buck",9/25/2022,661066,14,100,2022
14,571670,"Floro, Dylan",9/27/2022,662401,14,100,2022
14,598264,"Barnes, Matt",10/3/2022,663453,14,100,2022
14,621381,"Strahm, Matt",9/11/2022,663264,14,100,2022
14,668941,"Romero, JoJo",9/3/2022,661928,14,100,2022
14,669270,"Kuhnel, Joel",9/4/2022,663107,14,100,2022
14,605347,"López, Jorge",9/2/2022,661439,14,100,2022
14,606160,"Montero, Rafael",9/2/2022,663428,14,100,2022
14,596112,"Stephenson, Robert",9/26/2022,662242,14,100,2022
14,606625,"Moronta, Reyes",9/2/2022,663285,14,100,2022
14,605347,"López, Jorge",9/29/2022,661132,14,100,2022
14,606160,"Montero, Rafael",9/28/2022,662820,14,100,2022
14,519293,"Smith, Will",9/15/2022,662709,14,100,2022
14,640448,"Finnegan, Kyle",9/8/2022,661923,14,100,2022
14,606160,"Montero, Rafael",9/25/2022,663454,14,100,2022
14,607237,"Garrett, Amir",9/28/2022,662773,14,100,2022
14,544365,"Bañuelos, Manny",10/3/2022,662309,14,100,2022
14,608638,"Chargois, JT",9/25/2022,662063,14,100,2022
14,676092,"Snider, Collin",9/5/2022,662646,14,100,2022
14,621051,"Wilson, Steven",9/2/2022,662603,14,100,2022
14,621237,"Alvarado, José",9/25/2022,661585,14,100,2022
14,676714,"Hughes, Brandon",9/4/2022,661927,14,100,2022
14,676760,"Marinaccio, Ron",9/23/2022,661222,14,100,2022
14,518553,"Cishek, Steve",9/30/2022,661097,14,100,2022
14,623474,"Herget, Jimmy",9/27/2022,663422,14,100,2022
14,623465,"Phillips, Evan",9/28/2022,662214,14,100,2022
14,628452,"Iglesias, Raisel",9/25/2022,661585,14,100,2022
14,621381,"Strahm, Matt",9/4/2022,663213,14,100,2022
14,605194,"Cotton, Jharel",10/2/2022,662022,14,100,2022
14,640470,"Alzolay, Adbert",9/28/2022,663098,14,100,2022
14,641401,"Brogdon, Connor",9/27/2022,663128,14,100,2022
14,641329,"Baker, Bryan",9/2/2022,663356,14,100,2022
14,621381,"Strahm, Matt",9/10/2022,663455,14,100,2022
14,664208,"Maton, Phil",9/20/2022,662012,14,100,2022
14,641627,"Gott, Trevor",9/25/2022,661066,14,100,2022
14,643377,"Jax, Griffin",9/29/2022,661132,14,100,2022
14,455119,"Martin, Chris",9/17/2022,662024,14,100,2022
14,650204,"Ruiz, Norge",9/28/2022,663421,14,100,2022
14,650895,"Castillo, Diego",9/2/2022,662961,14,100,2022
14,542914,"Bass, Anthony",9/16/2022,661776,14,100,2022
14,664747,"Díaz, Alexis",9/25/2022,661066,14,100,2022
14,664875,"Lawrence, Justin",9/25/2022,662865,14,100,2022
14,606303,"Payamps, Joel",9/4/2022,663354,14,100,2022
14,571948,"Milner, Hoby",9/18/2022,661162,14,100,2022
14,570257,"Rodríguez, Joely",10/2/2022,661465,14,100,2022
14,593576,"Neris, Héctor",9/17/2022,662823,14,100,2022
14,669467,"Pallante, Andre",9/25/2022,662598,14,100,2022
14,573009,"Mantiply, Joe",9/7/2022,662216,14,100,2022
14,670810,"Gillaspie, Logan",9/29/2022,663180,14,100,2022
14,605154,"Brebbia, John",9/18/2022,662025,14,100,2022
14,605177,"Chafin, Andrew",9/18/2022,662783,14,100,2022
14,607625,"Lugo, Seth",9/18/2022,662402,14,100,2022
14,641729,"Jiménez, Joe",9/20/2022,663262,14,100,2022
14,608032,"Estévez, Carlos",9/17/2022,663129,14,100,2022
14,656464,"Ginkel, Kevin",10/5/2022,661227,14,100,2022
14,672391,"Ort, Kaleb",9/1/2022,663210,14,100,2022
14,621016,"Cuas, Jose",9/18/2022,663207,14,100,2022
14,445276,"Jansen, Kenley",10/4/2022,661423,14,100,2022
14,571670,"Floro, Dylan",10/4/2022,661423,14,100,2022
14,667297,"Nance, Tommy",10/4/2022,661423,14,100,2022
14,621363,"Poche, Colin",9/18/2022,661994,14,100,2022
14,672335,"Pérez, Cionel",9/13/2022,662464,14,100,2022
14,600921,"Machado, Andrés",9/6/2022,661925,14,100,2022
14,519293,"Smith, Will",9/10/2022,661084,14,100,2022
14,640462,"Puk, A.J.",9/20/2022,662321,14,100,2022
14,640448,"Finnegan, Kyle",9/17/2022,662462,14,100,2022
14,519043,"Moore, Matt",9/22/2022,661806,14,100,2022
14,548384,"Raley, Brooks",9/9/2022,661234,14,100,2022
14,642546,"Hernández, Jonathan",10/4/2022,662062,14,100,2022
14,669711,"Weissert, Greg",10/4/2022,662062,14,100,2022
14,622766,"Díaz, Miguel",10/4/2022,662200,14,100,2022
14,662253,"Muñoz, Andrés",10/4/2022,662200,14,100,2022
14,453178,"Kennedy, Ian",9/3/2022,663321,14,100,2022
14,671345,"Foley, Jason",10/4/2022,662200,14,100,2022
14,621345,"Minter, A.J.",9/18/2022,661471,14,100,2022
14,456713,"Bush, Matt",9/5/2022,662860,14,100,2022
14,650204,"Ruiz, Norge",10/5/2022,662421,14,100,2022
14,489446,"Yates, Kirby",9/4/2022,661474,14,100,2022
14,669212,"Morgan, Eli",10/5/2022,663095,14,100,2022
14,518397,"Alexander, Scott",9/3/2022,662031,14,100,2022
14,650671,"Quijada, José",9/18/2022,663425,14,100,2022
14,664076,"Cleavinger, Garrett",10/4/2022,663452,14,100,2022
14,455119,"Martin, Chris",9/24/2022,662584,14,100,2022
14,456713,"Bush, Matt",9/22/2022,661069,14,100,2022
14,517008,"Colomé, Alex",9/24/2022,662866,14,100,2022
14,518585,"Cruz, Fernando",9/21/2022,661070,14,100,2022
14,664076,"Cleavinger, Garrett",9/16/2022,662064,14,100,2022
14,664126,"Fairbanks, Pete",9/18/2022,661994,14,100,2022
14,554340,"García, Yimi",9/3/2022,662286,14,100,2022
14,621381,"Strahm, Matt",10/5/2022,663352,14,100,2022
14,548384,"Raley, Brooks",9/24/2022,662039,14,100,2022
14,664202,"Cyr, Tyler",9/30/2022,661111,14,100,2022
14,642546,"Hernández, Jonathan",9/16/2022,662064,14,100,2022
14,548384,"Raley, Brooks",9/21/2022,662011,14,100,2022
14,570257,"Rodríguez, Joely",9/20/2022,661159,14,100,2022
14,669270,"Kuhnel, Joel",9/18/2022,661930,14,100,2022
14,573009,"Mantiply, Joe",9/22/2022,662586,14,100,2022
14,640462,"Puk, A.J.",9/17/2022,662823,14,100,2022
14,669395,"Coleman, Dylan",9/16/2022,663209,14,100,2022
14,592761,"Smith, Caleb",9/23/2022,663282,14,100,2022
14,592773,"Stanek, Ryne",9/22/2022,663260,14,100,2022
14,593576,"Neris, Héctor",9/23/2022,663259,14,100,2022
14,598264,"Barnes, Matt",9/22/2022,661243,14,100,2022
14,600917,"Leclerc, José",9/21/2022,661783,14,100,2022
14,676684,"Vest, Will",9/17/2022,662784,14,100,2022
14,621107,"Eflin, Zach",10/3/2022,662777,14,100,2022
14,547973,"Chapman, Aroldis",10/4/2022,662062,14,100,2022
14,665019,"Clemens, Kody",9/30/2022,662771,14,100,2022
14,621237,"Alvarado, José",9/30/2022,661097,14,100,2022
14,607216,"Krehbiel, Joey",9/24/2022,663258,14,100,2022
14,607259,"Martinez, Nick",9/20/2022,662204,14,100,2022
14,592848,"Weiss, Zack",9/5/2022,663434,14,100,2022
14,608638,"Chargois, JT",9/20/2022,662012,14,100,2022
14,475479,"Phelps, David",10/1/2022,661736,14,100,2022
14,476595,"Luetge, Lucas",9/9/2022,661234,14,100,2022
14,621107,"Eflin, Zach",9/20/2022,661591,14,100,2022
14,621345,"Minter, A.J.",9/20/2022,661469,14,100,2022
14,621363,"Poche, Colin",9/22/2022,662041,14,100,2022
13,660813,"Graterol, Brusdar",10/1/2022,662595,13,100,2022
13,502624,"Anderson, Chase",10/5/2022,663131,13,100,2022
13,621381,"Strahm, Matt",9/18/2022,663207,13,100,2022
13,542888,"Armstrong, Shawn",9/22/2022,662041,13,100,2022
13,623437,"Topa, Justin",9/18/2022,661162,13,100,2022
13,453343,"Melancon, Mark",9/4/2022,663311,13,100,2022
13,642701,"Santana, Dennis",9/20/2022,661837,13,100,2022
13,607259,"Martinez, Nick",10/4/2022,662252,13,100,2022
13,669467,"Pallante, Andre",10/4/2022,662319,13,100,2022
13,642207,"Williams, Devin",9/16/2022,661164,13,100,2022
13,664202,"Cyr, Tyler",10/4/2022,662429,13,100,2022
13,621389,"Blach, Ty",10/5/2022,662623,13,100,2022
13,660853,"De Los Santos, Enyel",10/5/2022,663095,13,100,2022
13,656464,"Ginkel, Kevin",9/11/2022,662868,13,100,2022
13,676714,"Hughes, Brandon",10/5/2022,663131,13,100,2022
13,655889,"Rodríguez, Manuel",9/18/2022,663112,13,100,2022
13,641835,"Mayza, Tim",10/5/2022,663272,13,100,2022
13,598264,"Barnes, Matt",10/5/2022,663352,13,100,2022
13,660853,"De Los Santos, Enyel",9/17/2022,662958,13,100,2022
13,493603,"Ottavino, Adam",9/24/2022,662311,13,100,2022
13,502202,"Boxberger, Brad",9/23/2022,661068,13,100,2022
13,518489,"Brasier, Ryan",9/24/2022,661221,13,100,2022
13,543766,"Shaw, Bryan",9/4/2022,662962,13,100,2022
13,663986,"Stephan, Trevor",9/16/2022,662959,13,100,2022
13,519151,"Pressly, Ryan",9/24/2022,663258,13,100,2022
13,608718,"Suter, Brent",10/3/2022,661213,13,100,2022
13,680704,"Sandlin, Nick",9/27/2022,662955,13,100,2022
13,570257,"Rodríguez, Joely",9/3/2022,662425,13,100,2022
13,666168,"Thompson, Mason",9/18/2022,662461,13,100,2022
13,571670,"Floro, Dylan",9/24/2022,661295,13,100,2022
13,571670,"Floro, Dylan",9/3/2022,661475,13,100,2022
13,573204,"Thielbar, Caleb",9/24/2022,661656,13,100,2022
13,621074,"Rucker, Michael",10/3/2022,663096,13,100,2022
13,670950,"Richards, Trevor",9/18/2022,661780,13,100,2022
13,598264,"Barnes, Matt",9/20/2022,663104,13,100,2022
13,606303,"Payamps, Joel",9/20/2022,662321,13,100,2022
13,606625,"Moronta, Reyes",9/24/2022,663281,13,100,2022
13,682171,"Murfee, Penn",9/16/2022,663427,13,100,2022
13,608328,"De Jong, Chase",9/21/2022,661228,13,100,2022
13,456713,"Bush, Matt",9/10/2022,661175,13,100,2022
13,621363,"Poche, Colin",9/20/2022,662012,13,100,2022
13,621363,"Poche, Colin",9/23/2022,662040,13,100,2022
13,518617,"Diekman, Jake",9/7/2022,662137,13,100,2022
13,622098,"Smith, Drew",9/23/2022,662305,13,100,2022
13,623167,"Flexen, Chris",9/23/2022,662642,13,100,2022
13,521230,"Hendriks, Liam",9/7/2022,662137,13,100,2022
13,542888,"Armstrong, Shawn",9/10/2022,661282,13,100,2022
13,543272,"Hand, Brad",9/8/2022,661595,13,100,2022
13,641835,"Mayza, Tim",9/24/2022,662039,13,100,2022
13,642152,"Trivino, Lou",9/24/2022,661221,13,100,2022
13,523260,"Kelly, Joe",10/1/2022,662207,13,100,2022
13,642657,"Ogando, Cristofer",9/24/2022,662039,13,100,2022
13,606149,"Gallegos, Giovanny",9/16/2022,661953,13,100,2022
13,642758,"Acevedo, Domingo",9/21/2022,662320,13,100,2022
13,643256,"Cimber, Adam",9/21/2022,661588,13,100,2022
13,669084,"Hall, DL",9/30/2022,661218,13,100,2022
13,670167,"Schreiber, John",9/11/2022,663264,13,100,2022
13,593974,"Peralta, Wandy",9/8/2022,661252,13,100,2022
13,593974,"Peralta, Wandy",9/7/2022,661251,13,100,2022
13,657272,"Uelmen, Erich",9/19/2022,661299,13,100,2022
13,657376,"Schmidt, Clarke",9/24/2022,661221,13,100,2022
13,596112,"Stephenson, Robert",9/9/2022,662284,13,100,2022
13,657612,"Hill, Tim",9/22/2022,662202,13,100,2022
13,660825,"Bazardo, Eduard",9/24/2022,661221,13,100,2022
13,608328,"De Jong, Chase",9/4/2022,662299,13,100,2022
13,605177,"Chafin, Andrew",9/7/2022,663409,13,100,2022
13,663385,"Smith, Chad",9/19/2022,662886,13,100,2022
13,663986,"Stephan, Trevor",9/20/2022,661434,13,100,2022
13,621051,"Wilson, Steven",9/5/2022,662211,13,100,2022
13,608638,"Chargois, JT",9/9/2022,661234,13,100,2022
13,622065,"Young, Alex",9/4/2022,662030,13,100,2022
13,670036,"Festa, Matt",9/20/2022,662321,13,100,2022
13,621345,"Minter, A.J.",9/9/2022,662136,13,100,2022
13,621363,"Poche, Colin",9/7/2022,662065,13,100,2022
13,670990,"Ramírez, Yohan",9/30/2022,661958,13,100,2022
13,680704,"Sandlin, Nick",9/20/2022,661434,13,100,2022
13,453178,"Kennedy, Ian",9/11/2022,662868,13,100,2022
13,472610,"García, Luis",9/11/2022,661848,13,100,2022
13,493603,"Ottavino, Adam",9/11/2022,661322,13,100,2022
13,623352,"Hader, Josh",10/1/2022,662207,13,100,2022
13,518886,"Kimbrel, Craig",9/14/2022,663322,13,100,2022
13,519151,"Pressly, Ryan",9/13/2022,662787,13,100,2022
13,642121,"Sulser, Cole",9/10/2022,661323,13,100,2022
13,641401,"Brogdon, Connor",9/3/2022,662031,13,100,2022
13,542914,"Bass, Anthony",9/14/2022,661770,13,100,2022
13,445276,"Jansen, Kenley",9/25/2022,661585,13,100,2022
13,572193,"Tepera, Ryan",9/14/2022,662969,13,100,2022
13,519326,"Strickland, Hunter",9/11/2022,661176,13,100,2022
13,592761,"Smith, Caleb",9/12/2022,663324,13,100,2022
13,595345,"Okert, Steven",9/15/2022,661321,13,100,2022
13,596057,"Norris, Daniel",9/13/2022,662787,13,100,2022
13,681911,"Vesia, Alex",10/3/2022,662629,13,100,2022
13,605130,"Barlow, Scott",9/11/2022,662635,13,100,2022
13,605218,"Edwards Jr., Carl",9/13/2022,662464,13,100,2022
13,608638,"Chargois, JT",9/12/2022,661799,13,100,2022
13,606160,"Montero, Rafael",9/15/2022,662709,13,100,2022
13,642758,"Acevedo, Domingo",9/4/2022,663354,13,100,2022
13,628452,"Iglesias, Raisel",10/2/2022,661465,13,100,2022
13,607625,"Lugo, Seth",9/15/2022,662398,13,100,2022
13,621237,"Alvarado, José",9/9/2022,661594,13,100,2022
13,607625,"Lugo, Seth",9/13/2022,662430,13,100,2022
13,643493,"Pruitt, Austin",9/3/2022,663355,13,100,2022
13,662253,"Muñoz, Andrés",9/10/2022,662088,13,100,2022
13,614179,"Ruiz, José",9/14/2022,661435,13,100,2022
13,667297,"Nance, Tommy",9/13/2022,661320,13,100,2022
13,628452,"Iglesias, Raisel",9/30/2022,661467,13,100,2022
13,650556,"Abreu, Bryan",9/5/2022,661088,13,100,2022
13,663765,"Woodford, Jake",9/7/2022,661924,13,100,2022
13,622253,"Tate, Dillon",9/13/2022,662464,13,100,2022
13,650671,"Quijada, José",9/6/2022,663407,13,100,2022
13,664948,"Misiewicz, Anthony",9/10/2022,662636,13,100,2022
13,642397,"Soto, Gregory",9/11/2022,662635,13,100,2022
13,606160,"Montero, Rafael",9/18/2022,662822,13,100,2022
13,605218,"Edwards Jr., Carl",9/8/2022,661923,13,100,2022
13,656793,"Nelson, Nick",9/21/2022,661588,13,100,2022
13,657272,"Uelmen, Erich",9/14/2022,662422,13,100,2022
13,657612,"Hill, Tim",9/3/2022,662597,13,100,2022
13,453178,"Kennedy, Ian",9/30/2022,662049,13,100,2022
13,663986,"Stephan, Trevor",9/14/2022,662969,13,100,2022
13,606160,"Montero, Rafael",9/5/2022,661088,13,100,2022
13,667297,"Nance, Tommy",9/11/2022,661322,13,100,2022
13,662253,"Muñoz, Andrés",9/4/2022,662962,13,100,2022
13,669270,"Kuhnel, Joel",9/12/2022,663085,13,100,2022
13,493603,"Ottavino, Adam",9/25/2022,662310,13,100,2022
13,573124,"Rogers, Taylor",9/8/2022,661233,13,100,2022
13,518553,"Cishek, Steve",9/26/2022,662460,13,100,2022
13,682171,"Murfee, Penn",9/14/2022,662118,13,100,2022
13,517008,"Colomé, Alex",9/30/2022,662596,13,100,2022
13,573204,"Thielbar, Caleb",9/2/2022,661439,13,100,2022
13,519293,"Smith, Will",9/28/2022,662820,13,100,2022
13,523260,"Kelly, Joe",9/25/2022,661429,13,100,2022
13,642203,"Widener, Taylor",9/30/2022,662049,13,100,2022
13,547973,"Chapman, Aroldis",9/28/2022,661737,13,100,2022
13,623465,"Phillips, Evan",9/19/2022,662622,13,100,2022
13,518886,"Kimbrel, Craig",9/9/2022,661850,13,100,2022
13,571510,"Boyd, Matthew",9/25/2022,662631,13,100,2022
13,642528,"Loáisiga, Jonathan",10/2/2022,661215,13,100,2022
13,572955,"Johnson, Pierce",9/25/2022,662865,13,100,2022
13,605177,"Chafin, Andrew",9/2/2022,662915,13,100,2022
13,593974,"Peralta, Wandy",9/5/2022,661236,13,100,2022
13,605218,"Edwards Jr., Carl",9/1/2022,662491,13,100,2022
13,592848,"Weiss, Zack",9/25/2022,661667,13,100,2022
13,605130,"Barlow, Scott",10/3/2022,663105,13,100,2022
13,669395,"Coleman, Dylan",9/4/2022,662786,13,100,2022
13,605218,"Edwards Jr., Carl",9/25/2022,661294,13,100,2022
13,607216,"Krehbiel, Joey",9/25/2022,663454,13,100,2022
13,608665,"Graveman, Kendall",9/29/2022,661132,13,100,2022
13,608717,"Stratton, Chris",9/28/2022,661154,13,100,2022
13,573124,"Rogers, Taylor",9/3/2022,663321,13,100,2022
13,608665,"Graveman, Kendall",9/1/2022,661440,13,100,2022
13,605177,"Chafin, Andrew",10/1/2022,662770,13,100,2022
13,621242,"Díaz, Edwin",9/28/2022,662400,13,100,2022
13,676641,"Sulser, Beau",9/5/2022,663353,13,100,2022
13,571901,"Loup, Aaron",9/23/2022,661668,13,100,2022
13,664875,"Lawrence, Justin",9/16/2022,663126,13,100,2022
13,676760,"Marinaccio, Ron",9/4/2022,661853,13,100,2022
13,621363,"Poche, Colin",9/28/2022,662967,13,100,2022
13,676760,"Marinaccio, Ron",9/3/2022,661854,13,100,2022
13,623465,"Phillips, Evan",9/27/2022,662210,13,100,2022
13,605218,"Edwards Jr., Carl",10/1/2022,661098,13,100,2022
13,643511,"Rogers, Tyler",10/2/2022,662022,13,100,2022
13,641329,"Baker, Bryan",9/29/2022,663180,13,100,2022
13,663986,"Stephan, Trevor",9/3/2022,662963,13,100,2022
13,542914,"Bass, Anthony",9/4/2022,662299,13,100,2022
13,642397,"Soto, Gregory",9/25/2022,661429,13,100,2022
13,605447,"Romano, Jordan",10/1/2022,661736,13,100,2022
13,476595,"Luetge, Lucas",9/16/2022,661164,13,100,2022
13,489334,"Stammen, Craig",9/16/2022,663283,13,100,2022
13,518886,"Kimbrel, Craig",9/6/2022,662601,13,100,2022
13,650895,"Castillo, Diego",10/3/2022,662201,13,100,2022
13,502202,"Boxberger, Brad",9/16/2022,661164,13,100,2022
13,518397,"Alexander, Scott",9/18/2022,662025,13,100,2022
13,643256,"Cimber, Adam",9/2/2022,662356,13,100,2022
13,517008,"Colomé, Alex",9/5/2022,662860,13,100,2022
13,519043,"Moore, Matt",9/18/2022,661994,13,100,2022
13,656638,"Lange, Alex",9/27/2022,662774,13,100,2022
13,657024,"Swanson, Erik",9/28/2022,661112,13,100,2022
13,521230,"Hendriks, Liam",9/16/2022,662781,13,100,2022
13,607237,"Garrett, Amir",9/30/2022,662940,13,100,2022
13,655889,"Rodríguez, Manuel",10/1/2022,663167,13,100,2022
13,523260,"Kelly, Joe",9/17/2022,662784,13,100,2022
13,661403,"Clase, Emmanuel",9/28/2022,662967,13,100,2022
13,663765,"Woodford, Jake",9/25/2022,662598,13,100,2022
13,642528,"Loáisiga, Jonathan",10/4/2022,662062,13,100,2022
13,571510,"Boyd, Matthew",9/16/2022,663427,13,100,2022
13,554340,"García, Yimi",10/2/2022,661735,13,100,2022
13,663385,"Smith, Chad",9/1/2022,661477,13,100,2022
13,667463,"King, John",9/29/2022,661128,13,100,2022
13,669084,"Hall, DL",9/25/2022,663454,13,100,2022
13,472610,"García, Luis",10/2/2022,662190,13,100,2022
13,669276,"Lee, Dylan",9/25/2022,661585,13,100,2022
13,656849,"Peterson, David",10/1/2022,661466,13,100,2022
13,605218,"Edwards Jr., Carl",9/16/2022,662490,13,100,2022
13,676714,"Hughes, Brandon",9/27/2022,663128,13,100,2022
13,606149,"Gallegos, Giovanny",9/17/2022,661952,13,100,2022
13,502202,"Boxberger, Brad",10/5/2022,661227,13,100,2022
12,672335,"Pérez, Cionel",9/1/2022,662971,12,100,2022
12,657265,"Strzelecki, Peter",10/4/2022,661223,12,100,2022
12,666168,"Thompson, Mason",10/4/2022,661095,12,100,2022
12,672391,"Ort, Kaleb",9/2/2022,663212,12,100,2022
12,592858,"Wick, Rowan",10/5/2022,663131,12,100,2022
12,542194,"Bethancourt, Christian",9/10/2022,661282,12,100,2022
12,605154,"Brebbia, John",9/3/2022,662031,12,100,2022
12,445276,"Jansen, Kenley",9/6/2022,662313,12,100,2022
12,642152,"Trivino, Lou",10/5/2022,661996,12,100,2022
12,625643,"López, Reynaldo",9/16/2022,662781,12,100,2022
12,623149,"Sewald, Paul",10/5/2022,662195,12,100,2022
12,657024,"Swanson, Erik",10/5/2022,662195,12,100,2022
12,628708,"Marte, Yunior",9/17/2022,662024,12,100,2022
12,656814,"Ortiz, Luis F.",10/5/2022,662238,12,100,2022
12,683232,"Mears, Nick",10/5/2022,662304,12,100,2022
12,641835,"Mayza, Tim",9/16/2022,661776,12,100,2022
12,642203,"Widener, Taylor",9/16/2022,663283,12,100,2022
12,570257,"Rodríguez, Joely",10/5/2022,662488,12,100,2022
12,642207,"Williams, Devin",9/17/2022,661163,12,100,2022
12,663158,"Suarez, Robert",9/30/2022,662208,12,100,2022
12,493603,"Ottavino, Adam",9/3/2022,662425,12,100,2022
12,642770,"Guerra, Javy",9/17/2022,662015,12,100,2022
12,592773,"Stanek, Ryne",10/5/2022,662789,12,100,2022
12,650204,"Ruiz, Norge",9/18/2022,662822,12,100,2022
12,519043,"Moore, Matt",10/1/2022,663405,12,100,2022
12,608638,"Chargois, JT",10/5/2022,663352,12,100,2022
12,445276,"Jansen, Kenley",9/24/2022,661586,12,100,2022
12,453343,"Melancon, Mark",9/20/2022,662607,12,100,2022
12,608665,"Graveman, Kendall",10/3/2022,661464,12,100,2022
12,542947,"Bleier, Richard",9/3/2022,661475,12,100,2022
12,518397,"Alexander, Scott",9/22/2022,662898,12,100,2022
12,608717,"Stratton, Chris",10/2/2022,661954,12,100,2022
12,664208,"Maton, Phil",9/18/2022,662822,12,100,2022
12,547973,"Chapman, Aroldis",9/20/2022,661229,12,100,2022
12,611093,"Bracho, Silvino",10/3/2022,661424,12,100,2022
12,571670,"Floro, Dylan",9/20/2022,661298,12,100,2022
12,669211,"Akin, Keegan",9/17/2022,661769,12,100,2022
12,669270,"Kuhnel, Joel",9/16/2022,661953,12,100,2022
12,592848,"Weiss, Zack",9/24/2022,661656,12,100,2022
12,671345,"Foley, Jason",9/17/2022,662784,12,100,2022
12,670970,"Morejon, Adrian",9/16/2022,663283,12,100,2022
12,675916,"Karinchak, James",9/17/2022,662958,12,100,2022
12,592094,"Adam, Jason",9/3/2022,661854,12,100,2022
12,676714,"Hughes, Brandon",9/16/2022,663126,12,100,2022
12,605280,"Holmes, Clay",9/20/2022,661229,12,100,2022
12,592761,"Smith, Caleb",9/3/2022,663321,12,100,2022
12,455119,"Martin, Chris",9/9/2022,661850,12,100,2022
12,666808,"Doval, Camilo",10/2/2022,662022,12,100,2022
12,523260,"Kelly, Joe",9/7/2022,662137,12,100,2022
12,623352,"Hader, Josh",9/21/2022,662203,12,100,2022
12,605447,"Romano, Jordan",9/3/2022,662286,12,100,2022
12,606149,"Gallegos, Giovanny",9/6/2022,661925,12,100,2022
12,592222,"Claudio, Alex",9/10/2022,661323,12,100,2022
12,596112,"Stephenson, Robert",9/10/2022,662265,12,100,2022
12,657649,"Koenig, Jared",9/22/2022,662306,12,100,2022
12,605242,"Fulmer, Michael",9/8/2022,661252,12,100,2022
12,662253,"Muñoz, Andrés",9/22/2022,662306,12,100,2022
12,663158,"Suarez, Robert",9/21/2022,662203,12,100,2022
12,606160,"Montero, Rafael",9/7/2022,661086,12,100,2022
12,664776,"Cousins, Jake",9/21/2022,661158,12,100,2022
12,606424,"García, Jarlín",9/9/2022,663217,12,100,2022
12,666808,"Doval, Camilo",9/19/2022,662886,12,100,2022
12,666818,"Frías, Luis",9/20/2022,662607,12,100,2022
12,669395,"Coleman, Dylan",9/20/2022,662634,12,100,2022
12,669424,"Lambert, Jimmy",9/20/2022,661434,12,100,2022
12,669618,"Barlow, Joe",9/23/2022,661807,12,100,2022
12,676760,"Marinaccio, Ron",9/20/2022,661229,12,100,2022
12,542914,"Bass, Anthony",10/2/2022,661735,12,100,2022
12,686972,"Waites, Cole",9/19/2022,662886,12,100,2022
12,519293,"Smith, Will",9/11/2022,661083,12,100,2022
12,592454,"Kahnle, Tommy",10/1/2022,662595,12,100,2022
12,676760,"Marinaccio, Ron",10/2/2022,661215,12,100,2022
12,642207,"Williams, Devin",9/8/2022,661219,12,100,2022
12,642701,"Santana, Dennis",9/10/2022,661841,12,100,2022
12,643377,"Jax, Griffin",9/7/2022,661251,12,100,2022
12,571710,"Givens, Mychal",9/14/2022,662422,12,100,2022
12,572193,"Tepera, Ryan",9/12/2022,662970,12,100,2022
12,680704,"Sandlin, Nick",10/1/2022,662939,12,100,2022
12,573204,"Thielbar, Caleb",9/14/2022,661646,12,100,2022
12,592454,"Kahnle, Tommy",9/14/2022,663322,12,100,2022
12,623474,"Herget, Jimmy",9/30/2022,663406,12,100,2022
12,593974,"Peralta, Wandy",9/13/2022,663160,12,100,2022
12,573204,"Thielbar, Caleb",9/15/2022,661644,12,100,2022
12,656685,"Martin, Brett",9/10/2022,661841,12,100,2022
12,642528,"Loáisiga, Jonathan",9/3/2022,661854,12,100,2022
12,600921,"Machado, Andrés",9/14/2022,662463,12,100,2022
12,661403,"Clase, Emmanuel",9/4/2022,662962,12,100,2022
12,641793,"Littell, Zack",9/6/2022,662601,12,100,2022
12,542947,"Bleier, Richard",10/1/2022,661152,12,100,2022
12,445276,"Jansen, Kenley",9/28/2022,661099,12,100,2022
12,502202,"Boxberger, Brad",10/3/2022,661213,12,100,2022
12,621051,"Wilson, Steven",9/14/2022,662118,12,100,2022
12,621237,"Alvarado, José",9/13/2022,661320,12,100,2022
12,621345,"Minter, A.J.",9/12/2022,662029,12,100,2022
12,664139,"Gibaut, Ian",9/8/2022,663241,12,100,2022
12,623437,"Topa, Justin",9/13/2022,661922,12,100,2022
12,518886,"Kimbrel, Craig",9/13/2022,663323,12,100,2022
12,625643,"López, Reynaldo",9/15/2022,662974,12,100,2022
12,640448,"Finnegan, Kyle",9/14/2022,662463,12,100,2022
12,641729,"Jiménez, Joe",9/14/2022,662792,12,100,2022
12,493603,"Ottavino, Adam",9/1/2022,662410,12,100,2022
12,676092,"Snider, Collin",9/21/2022,662633,12,100,2022
12,502202,"Boxberger, Brad",10/1/2022,661152,12,100,2022
12,642121,"Sulser, Cole",9/13/2022,661320,12,100,2022
12,518585,"Cruz, Fernando",9/2/2022,663133,12,100,2022
12,642528,"Loáisiga, Jonathan",9/13/2022,663160,12,100,2022
12,657024,"Swanson, Erik",9/4/2022,662962,12,100,2022
12,655889,"Rodríguez, Manuel",9/12/2022,662423,12,100,2022
12,669424,"Lambert, Jimmy",9/10/2022,662322,12,100,2022
12,656322,"Coonrod, Sam",9/15/2022,661321,12,100,2022
12,657024,"Swanson, Erik",9/11/2022,662120,12,100,2022
12,661403,"Clase, Emmanuel",9/22/2022,661432,12,100,2022
12,660853,"De Los Santos, Enyel",9/3/2022,662963,12,100,2022
12,664076,"Cleavinger, Garrett",9/13/2022,661798,12,100,2022
12,664747,"Díaz, Alexis",9/13/2022,663106,12,100,2022
12,661403,"Clase, Emmanuel",9/3/2022,662963,12,100,2022
12,656638,"Lange, Alex",9/20/2022,663262,12,100,2022
12,666808,"Doval, Camilo",9/14/2022,662027,12,100,2022
12,669084,"Hall, DL",9/14/2022,662463,12,100,2022
12,456034,"Price, David",9/29/2022,662209,12,100,2022
12,669395,"Coleman, Dylan",9/11/2022,662635,12,100,2022
12,489119,"Miley, Wade",10/1/2022,663167,12,100,2022
12,518397,"Alexander, Scott",9/27/2022,662046,12,100,2022
12,642203,"Widener, Taylor",10/2/2022,662022,12,100,2022
12,573009,"Mantiply, Joe",9/2/2022,663285,12,100,2022
12,681806,"Wantz, Andrew",9/12/2022,662970,12,100,2022
12,664854,"Helsley, Ryan",9/4/2022,661927,12,100,2022
12,664875,"Lawrence, Justin",9/5/2022,662860,12,100,2022
12,592848,"Weiss, Zack",9/2/2022,663428,12,100,2022
12,544365,"Bañuelos, Manny",9/25/2022,662243,12,100,2022
12,600917,"Leclerc, José",9/22/2022,661806,12,100,2022
12,642397,"Soto, Gregory",10/2/2022,662769,12,100,2022
12,571901,"Loup, Aaron",9/28/2022,663421,12,100,2022
12,572955,"Johnson, Pierce",9/27/2022,662210,12,100,2022
12,592454,"Kahnle, Tommy",9/28/2022,662214,12,100,2022
12,592773,"Stanek, Ryne",9/20/2022,662012,12,100,2022
12,669459,"Nelson, Kyle",9/4/2022,663311,12,100,2022
12,605130,"Barlow, Scott",9/27/2022,662774,12,100,2022
12,606424,"García, Jarlín",9/2/2022,662032,12,100,2022
12,670970,"Morejon, Adrian",9/4/2022,662599,12,100,2022
12,607179,"Weems, Jordan",9/26/2022,662460,12,100,2022
12,670950,"Richards, Trevor",9/5/2022,661045,12,100,2022
12,672578,"Hernández, Carlos",9/5/2022,662646,12,100,2022
12,675916,"Karinchak, James",9/3/2022,662963,12,100,2022
12,663378,"Szapucki, Thomas",9/18/2022,662025,12,100,2022
12,675916,"Karinchak, James",9/6/2022,662644,12,100,2022
12,621016,"Cuas, Jose",9/1/2022,661440,12,100,2022
12,621107,"Eflin, Zach",9/25/2022,661585,12,100,2022
12,621249,"Underwood Jr., Duane",9/27/2022,662241,12,100,2022
12,456713,"Bush, Matt",9/23/2022,661068,12,100,2022
12,571656,"Farmer, Buck",10/4/2022,663243,12,100,2022
12,621363,"Poche, Colin",9/27/2022,662955,12,100,2022
12,643377,"Jax, Griffin",10/2/2022,662769,12,100,2022
12,622098,"Smith, Drew",9/25/2022,662310,12,100,2022
12,623352,"Hader, Josh",9/28/2022,662214,12,100,2022
12,453343,"Melancon, Mark",9/18/2022,663287,12,100,2022
12,650895,"Castillo, Diego",9/29/2022,661128,12,100,2022
12,502085,"Robertson, David",9/18/2022,661471,12,100,2022
12,519151,"Pressly, Ryan",9/18/2022,662822,12,100,2022
12,642528,"Loáisiga, Jonathan",9/18/2022,661162,12,100,2022
12,519326,"Strickland, Hunter",9/17/2022,661965,12,100,2022
12,521230,"Hendriks, Liam",9/17/2022,662784,12,100,2022
12,523260,"Kelly, Joe",9/16/2022,662781,12,100,2022
12,663558,"Moran, Jovani",9/28/2022,661133,12,100,2022
12,661403,"Clase, Emmanuel",10/2/2022,662938,12,100,2022
12,656257,"Brigham, Jeff",10/3/2022,661424,12,100,2022
12,664202,"Cyr, Tyler",9/27/2022,663422,12,100,2022
12,554431,"Matzek, Tyler",10/3/2022,661424,12,100,2022
12,665665,"Sanmartin, Reiver",9/26/2022,662242,12,100,2022
12,640448,"Finnegan, Kyle",9/16/2022,662490,12,100,2022
12,570257,"Rodríguez, Joely",9/30/2022,661467,12,100,2022
12,571901,"Loup, Aaron",9/17/2022,663426,12,100,2022
12,666168,"Thompson, Mason",9/27/2022,662489,12,100,2022
12,573124,"Rogers, Taylor",9/16/2022,661164,12,100,2022
12,571656,"Farmer, Buck",10/3/2022,663096,12,100,2022
12,668941,"Romero, JoJo",9/28/2022,661154,12,100,2022
12,596082,"Reed, Jake",9/17/2022,661769,12,100,2022
12,600921,"Machado, Andrés",9/18/2022,662461,12,100,2022
12,666168,"Thompson, Mason",9/2/2022,662409,12,100,2022
12,670950,"Richards, Trevor",9/25/2022,662063,12,100,2022
12,676534,"Faucher, Calvin",9/27/2022,662955,12,100,2022
12,676760,"Marinaccio, Ron",9/26/2022,661768,12,100,2022
12,681911,"Vesia, Alex",9/29/2022,662209,12,100,2022
12,607216,"Krehbiel, Joey",9/18/2022,661780,12,100,2022
12,656638,"Lange, Alex",10/2/2022,662769,12,100,2022
12,656849,"Peterson, David",10/4/2022,661094,12,100,2022
11,614179,"Ruiz, José",10/5/2022,661427,11,100,2022
11,670288,"Fishman, Jake",10/5/2022,661422,11,100,2022
11,605447,"Romano, Jordan",9/12/2022,661799,11,100,2022
11,642546,"Hernández, Jonathan",9/18/2022,661994,11,100,2022
11,621363,"Poche, Colin",9/16/2022,662064,11,100,2022
11,664948,"Misiewicz, Anthony",9/17/2022,663208,11,100,2022
11,623474,"Herget, Jimmy",9/16/2022,663427,11,100,2022
11,666374,"Brash, Matt",10/4/2022,662199,11,100,2022
11,493603,"Ottavino, Adam",10/1/2022,661466,11,100,2022
11,455119,"Martin, Chris",9/6/2022,662601,11,100,2022
11,643511,"Rogers, Tyler",10/5/2022,662238,11,100,2022
11,459429,"McGee, Jake",9/6/2022,661925,11,100,2022
11,596112,"Stephenson, Robert",10/4/2022,662319,11,100,2022
11,641745,"Keller, Brad",9/17/2022,663208,11,100,2022
11,643493,"Pruitt, Austin",10/4/2022,662429,11,100,2022
11,600917,"Leclerc, José",9/12/2022,661420,11,100,2022
11,518489,"Brasier, Ryan",9/6/2022,662043,11,100,2022
11,518886,"Kimbrel, Craig",9/3/2022,662597,11,100,2022
11,655889,"Rodríguez, Manuel",9/16/2022,663126,11,100,2022
11,642770,"Guerra, Javy",10/5/2022,663352,11,100,2022
11,518886,"Kimbrel, Craig",9/4/2022,662599,11,100,2022
11,663773,"Hoeing, Bryan",10/3/2022,661424,11,100,2022
11,571901,"Loup, Aaron",10/3/2022,662431,11,100,2022
11,518617,"Diekman, Jake",9/22/2022,661432,11,100,2022
11,519293,"Smith, Will",9/23/2022,663259,11,100,2022
11,664199,"Clarke, Taylor",10/3/2022,663105,11,100,2022
11,571510,"Boyd, Matthew",9/4/2022,662962,11,100,2022
11,657272,"Uelmen, Erich",9/7/2022,663168,11,100,2022
11,669276,"Lee, Dylan",9/17/2022,661472,11,100,2022
11,669711,"Weissert, Greg",9/17/2022,661163,11,100,2022
11,579328,"Kikuchi, Yusei",9/6/2022,663458,11,100,2022
11,607481,"Bummer, Aaron",9/20/2022,661434,11,100,2022
11,593576,"Neris, Héctor",9/3/2022,663436,11,100,2022
11,572193,"Tepera, Ryan",10/1/2022,663405,11,100,2022
11,621016,"Cuas, Jose",9/20/2022,662634,11,100,2022
11,493603,"Ottavino, Adam",9/7/2022,662285,11,100,2022
11,621249,"Underwood Jr., Duane",9/22/2022,662264,11,100,2022
11,502202,"Boxberger, Brad",9/10/2022,661175,11,100,2022
11,521230,"Hendriks, Liam",9/9/2022,662333,11,100,2022
11,621249,"Underwood Jr., Duane",9/30/2022,661958,11,100,2022
11,623451,"Stephens, Jackson",9/23/2022,661587,11,100,2022
11,625643,"López, Reynaldo",9/20/2022,661434,11,100,2022
11,640462,"Puk, A.J.",9/21/2022,662320,11,100,2022
11,605130,"Barlow, Scott",9/4/2022,662786,11,100,2022
11,641401,"Brogdon, Connor",9/23/2022,661587,11,100,2022
11,621345,"Minter, A.J.",10/2/2022,661465,11,100,2022
11,605280,"Holmes, Clay",9/5/2022,661236,11,100,2022
11,650895,"Castillo, Diego",9/19/2022,663423,11,100,2022
11,650895,"Castillo, Diego",9/22/2022,662306,11,100,2022
11,656464,"Ginkel, Kevin",9/23/2022,663282,11,100,2022
11,606149,"Gallegos, Giovanny",9/3/2022,661928,11,100,2022
11,656529,"Hentges, Sam",9/24/2022,661805,11,100,2022
11,453343,"Melancon, Mark",10/2/2022,662022,11,100,2022
11,656731,"Megill, Tylor",9/21/2022,661158,11,100,2022
11,608638,"Chargois, JT",9/4/2022,661853,11,100,2022
11,663986,"Stephan, Trevor",9/24/2022,661805,11,100,2022
11,606149,"Gallegos, Giovanny",9/7/2022,661924,11,100,2022
11,607481,"Bummer, Aaron",9/9/2022,662333,11,100,2022
11,665665,"Sanmartin, Reiver",9/21/2022,661070,11,100,2022
11,622075,"Almonte, Yency",9/30/2022,662596,11,100,2022
11,668970,"Hollowell, Gavin",9/21/2022,662899,11,100,2022
11,608678,"Leone, Dominic",9/8/2022,661233,11,100,2022
11,669270,"Kuhnel, Joel",9/24/2022,661067,11,100,2022
11,675916,"Karinchak, James",9/21/2022,661433,11,100,2022
11,670990,"Ramírez, Yohan",10/3/2022,662309,11,100,2022
11,676760,"Marinaccio, Ron",9/21/2022,661228,11,100,2022
11,677161,"Kelly, Zack",9/23/2022,661222,11,100,2022
11,681911,"Vesia, Alex",9/21/2022,662606,11,100,2022
11,445926,"Chavez, Jesse",9/14/2022,662027,11,100,2022
11,472610,"García, Luis",9/15/2022,663284,11,100,2022
11,628452,"Iglesias, Raisel",9/3/2022,661475,11,100,2022
11,641329,"Baker, Bryan",9/9/2022,663456,11,100,2022
11,518397,"Alexander, Scott",9/12/2022,662029,11,100,2022
11,518553,"Cishek, Steve",9/13/2022,662464,11,100,2022
11,642545,"Barria, Jaime",9/7/2022,663409,11,100,2022
11,643256,"Cimber, Adam",9/9/2022,661830,11,100,2022
11,572955,"Johnson, Pierce",9/14/2022,662118,11,100,2022
11,641871,"Middleton, Keynan",9/3/2022,663321,11,100,2022
11,628452,"Iglesias, Raisel",10/1/2022,661466,11,100,2022
11,625643,"López, Reynaldo",9/17/2022,662784,11,100,2022
11,681911,"Vesia, Alex",9/22/2022,662586,11,100,2022
11,606160,"Montero, Rafael",9/13/2022,662787,11,100,2022
11,606424,"García, Jarlín",9/13/2022,662028,11,100,2022
11,661403,"Clase, Emmanuel",9/9/2022,661650,11,100,2022
11,647315,"Pop, Zach",9/5/2022,663353,11,100,2022
11,621345,"Minter, A.J.",9/3/2022,661475,11,100,2022
11,663158,"Suarez, Robert",9/7/2022,662216,11,100,2022
11,621107,"Eflin, Zach",9/14/2022,661336,11,100,2022
11,641329,"Baker, Bryan",9/14/2022,662463,11,100,2022
11,656322,"Coonrod, Sam",9/4/2022,662030,11,100,2022
11,670036,"Festa, Matt",10/1/2022,661110,11,100,2022
11,641729,"Jiménez, Joe",9/11/2022,662635,11,100,2022
11,656638,"Lange, Alex",9/6/2022,663407,11,100,2022
11,656731,"Megill, Tylor",9/19/2022,661161,11,100,2022
11,643361,"Herget, Kevin",9/15/2022,661822,11,100,2022
11,650556,"Abreu, Bryan",9/11/2022,661083,11,100,2022
11,670036,"Festa, Matt",9/7/2022,662137,11,100,2022
11,670167,"Schreiber, John",9/7/2022,662065,11,100,2022
11,656638,"Lange, Alex",9/13/2022,662787,11,100,2022
11,663158,"Suarez, Robert",9/11/2022,661848,11,100,2022
11,573204,"Thielbar, Caleb",9/7/2022,661251,11,100,2022
11,682171,"Murfee, Penn",9/7/2022,662137,11,100,2022
11,661403,"Clase, Emmanuel",9/5/2022,662646,11,100,2022
11,662253,"Muñoz, Andrés",9/3/2022,662963,11,100,2022
11,663158,"Suarez, Robert",9/6/2022,662205,11,100,2022
11,605177,"Chafin, Andrew",9/6/2022,663407,11,100,2022
11,489334,"Stammen, Craig",9/25/2022,662865,11,100,2022
11,670036,"Festa, Matt",9/13/2022,662119,11,100,2022
11,571479,"Bellatti, Andrew",9/2/2022,662032,11,100,2022
11,493603,"Ottavino, Adam",9/28/2022,662400,11,100,2022
11,623474,"Herget, Jimmy",9/20/2022,661837,11,100,2022
11,672335,"Pérez, Cionel",9/14/2022,662463,11,100,2022
11,672391,"Ort, Kaleb",9/14/2022,663159,11,100,2022
11,502154,"Britton, Zack",9/28/2022,661737,11,100,2022
11,663989,"Vespi, Nick",9/5/2022,661045,11,100,2022
11,592094,"Adam, Jason",9/2/2022,661855,11,100,2022
11,519151,"Pressly, Ryan",9/28/2022,662820,11,100,2022
11,596117,"Stubbs, Garrett",9/2/2022,662032,11,100,2022
11,543521,"McHugh, Collin",9/30/2022,661467,11,100,2022
11,614179,"Ruiz, José",9/24/2022,661430,11,100,2022
11,605347,"López, Jorge",9/24/2022,661656,11,100,2022
11,669424,"Lambert, Jimmy",9/6/2022,662138,11,100,2022
11,642546,"Hernández, Jonathan",10/1/2022,663405,11,100,2022
11,605130,"Barlow, Scott",9/25/2022,662631,11,100,2022
11,670036,"Festa, Matt",9/4/2022,662962,11,100,2022
11,664875,"Lawrence, Justin",10/2/2022,662581,11,100,2022
11,606965,"Devenski, Chris",9/27/2022,663128,11,100,2022
11,671345,"Foley, Jason",9/4/2022,662786,11,100,2022
11,607481,"Bummer, Aaron",9/25/2022,661429,11,100,2022
11,445276,"Jansen, Kenley",10/1/2022,661466,11,100,2022
11,614179,"Ruiz, José",9/28/2022,661133,11,100,2022
11,676265,"Abbott, Cory",9/4/2022,662424,11,100,2022
11,676534,"Faucher, Calvin",9/6/2022,662043,11,100,2022
11,621345,"Minter, A.J.",9/27/2022,662489,11,100,2022
11,657571,"Ferguson, Caleb",9/16/2022,662026,11,100,2022
11,623474,"Herget, Jimmy",9/28/2022,663421,11,100,2022
11,625643,"López, Reynaldo",9/2/2022,661439,11,100,2022
11,625643,"López, Reynaldo",9/29/2022,661132,11,100,2022
11,640448,"Finnegan, Kyle",9/1/2022,662491,11,100,2022
11,656529,"Hentges, Sam",9/17/2022,662958,11,100,2022
11,642758,"Acevedo, Domingo",9/17/2022,662823,11,100,2022
11,643493,"Pruitt, Austin",10/3/2022,662431,11,100,2022
11,656354,"Davis, Austin",9/5/2022,661236,11,100,2022
11,643256,"Cimber, Adam",9/25/2022,662063,11,100,2022
11,642758,"Acevedo, Domingo",9/28/2022,663421,11,100,2022
11,656257,"Brigham, Jeff",9/28/2022,662400,11,100,2022
11,518886,"Kimbrel, Craig",9/18/2022,662025,11,100,2022
11,657024,"Swanson, Erik",9/25/2022,662631,11,100,2022
11,660853,"De Los Santos, Enyel",9/29/2022,662932,11,100,2022
11,642397,"Soto, Gregory",10/4/2022,662200,11,100,2022
11,662253,"Muñoz, Andrés",9/28/2022,661112,11,100,2022
11,543521,"McHugh, Collin",9/16/2022,661473,11,100,2022
11,659275,"Lamet, Dinelson",9/1/2022,661477,11,100,2022
11,554340,"García, Yimi",9/16/2022,661776,11,100,2022
11,661395,"Duran, Jhoan",9/2/2022,661439,11,100,2022
11,571927,"Matz, Steven",9/17/2022,661952,11,100,2022
11,665665,"Sanmartin, Reiver",9/28/2022,662240,11,100,2022
11,571948,"Milner, Hoby",9/16/2022,661164,11,100,2022
11,650895,"Castillo, Diego",10/4/2022,662199,11,100,2022
11,672391,"Ort, Kaleb",9/28/2022,663181,11,100,2022
11,605242,"Fulmer, Michael",9/16/2022,662959,11,100,2022
11,676684,"Vest, Will",9/25/2022,661429,11,100,2022
11,677053,"Nardi, Andrew",9/28/2022,662400,11,100,2022
11,677053,"Nardi, Andrew",9/25/2022,661294,11,100,2022
11,607237,"Garrett, Amir",9/16/2022,663209,11,100,2022
11,608032,"Estévez, Carlos",9/18/2022,663112,11,100,2022
10,573009,"Mantiply, Joe",9/3/2022,663321,10,100,2022
10,455119,"Martin, Chris",9/27/2022,662210,10,100,2022
10,573204,"Thielbar, Caleb",9/23/2022,661668,10,100,2022
10,669912,"Snead, Kirby",9/28/2022,663421,10,100,2022
10,640451,"Harvey, Hunter",10/5/2022,662488,10,100,2022
10,542914,"Bass, Anthony",9/3/2022,662286,10,100,2022
10,666374,"Brash, Matt",9/1/2022,662785,10,100,2022
10,502085,"Robertson, David",10/4/2022,662768,10,100,2022
10,519326,"Strickland, Hunter",10/5/2022,663131,10,100,2022
10,656638,"Lange, Alex",9/17/2022,662784,10,100,2022
10,554340,"García, Yimi",10/5/2022,663451,10,100,2022
10,641329,"Baker, Bryan",10/5/2022,663451,10,100,2022
10,643256,"Cimber, Adam",10/5/2022,663451,10,100,2022
10,676265,"Abbott, Cory",9/2/2022,662409,10,100,2022
10,472610,"García, Luis",9/23/2022,662897,10,100,2022
10,661403,"Clase, Emmanuel",9/16/2022,662959,10,100,2022
10,518489,"Brasier, Ryan",9/20/2022,663104,10,100,2022
10,519043,"Moore, Matt",9/24/2022,661805,10,100,2022
10,544727,"Familia, Jeurys",9/5/2022,661852,10,100,2022
10,519293,"Smith, Will",9/20/2022,662012,10,100,2022
10,570257,"Rodríguez, Joely",9/24/2022,662311,10,100,2022
10,571670,"Floro, Dylan",9/23/2022,661296,10,100,2022
10,571901,"Loup, Aaron",9/22/2022,661806,10,100,2022
10,664948,"Misiewicz, Anthony",9/18/2022,663207,10,100,2022
10,572955,"Johnson, Pierce",9/22/2022,662202,10,100,2022
10,607481,"Bummer, Aaron",10/5/2022,661427,10,100,2022
10,676477,"Whitlock, Garrett",9/16/2022,663209,10,100,2022
10,592094,"Adam, Jason",9/6/2022,662043,10,100,2022
10,677865,"Bruihl, Justin",9/17/2022,662024,10,100,2022
10,606149,"Gallegos, Giovanny",9/22/2022,662202,10,100,2022
10,592761,"Smith, Caleb",9/5/2022,662211,10,100,2022
10,686972,"Waites, Cole",9/17/2022,662024,10,100,2022
10,608638,"Chargois, JT",9/19/2022,662013,10,100,2022
10,593643,"Alberto, Hanser",9/3/2022,662597,10,100,2022
10,542947,"Bleier, Richard",9/8/2022,661595,10,100,2022
10,641627,"Gott, Trevor",9/24/2022,661067,10,100,2022
10,571479,"Bellatti, Andrew",9/9/2022,661594,10,100,2022
10,642397,"Soto, Gregory",9/20/2022,663262,10,100,2022
10,642758,"Acevedo, Domingo",9/20/2022,662321,10,100,2022
10,593576,"Neris, Héctor",9/7/2022,661086,10,100,2022
10,656849,"Peterson, David",9/21/2022,661158,10,100,2022
10,657571,"Ferguson, Caleb",9/21/2022,662606,10,100,2022
10,662253,"Muñoz, Andrés",9/21/2022,662320,10,100,2022
10,606160,"Montero, Rafael",9/9/2022,661085,10,100,2022
10,608032,"Estévez, Carlos",9/9/2022,662870,10,100,2022
10,621389,"Blach, Ty",9/4/2022,663108,10,100,2022
10,621051,"Wilson, Steven",9/10/2022,661849,10,100,2022
10,672335,"Pérez, Cionel",9/20/2022,663262,10,100,2022
10,670990,"Ramírez, Yohan",10/2/2022,661954,10,100,2022
10,675916,"Karinchak, James",9/20/2022,661434,10,100,2022
10,621381,"Strahm, Matt",9/7/2022,662065,10,100,2022
10,676684,"Vest, Will",9/19/2022,663263,10,100,2022
10,670810,"Gillaspie, Logan",10/2/2022,661215,10,100,2022
10,681464,"German, Frank",9/21/2022,661070,10,100,2022
10,623211,"Brazobán, Huascar",9/3/2022,661475,10,100,2022
10,623149,"Sewald, Paul",9/10/2022,662088,10,100,2022
10,682171,"Murfee, Penn",9/22/2022,662306,10,100,2022
10,628452,"Iglesias, Raisel",9/7/2022,662312,10,100,2022
10,445276,"Jansen, Kenley",9/13/2022,662028,10,100,2022
10,445276,"Jansen, Kenley",9/11/2022,662120,10,100,2022
10,476595,"Luetge, Lucas",9/13/2022,663160,10,100,2022
10,640451,"Harvey, Hunter",9/5/2022,661926,10,100,2022
10,622786,"Tinoco, Jesus",10/3/2022,662044,10,100,2022
10,641914,"Neuse, Sheldon",9/8/2022,662334,10,100,2022
10,666808,"Doval, Camilo",9/22/2022,662898,10,100,2022
10,643511,"Rogers, Tyler",9/8/2022,661219,10,100,2022
10,573124,"Rogers, Taylor",9/13/2022,661922,10,100,2022
10,594580,"Moll, Sam",9/14/2022,661829,10,100,2022
10,598264,"Barnes, Matt",9/11/2022,663264,10,100,2022
10,607259,"Martinez, Nick",9/6/2022,662205,10,100,2022
10,650895,"Castillo, Diego",9/21/2022,662320,10,100,2022
10,606303,"Payamps, Joel",9/15/2022,662709,10,100,2022
10,681464,"German, Frank",9/30/2022,661751,10,100,2022
10,607259,"Martinez, Nick",9/15/2022,663284,10,100,2022
10,660853,"De Los Santos, Enyel",9/7/2022,662643,10,100,2022
10,664139,"Gibaut, Ian",9/10/2022,661175,10,100,2022
10,623451,"Stephens, Jackson",9/11/2022,662120,10,100,2022
10,623465,"Phillips, Evan",9/12/2022,663324,10,100,2022
10,641401,"Brogdon, Connor",9/14/2022,661336,10,100,2022
10,612434,"Castro, Miguel",10/3/2022,662044,10,100,2022
10,666808,"Doval, Camilo",9/10/2022,663127,10,100,2022
10,662253,"Muñoz, Andrés",9/14/2022,662118,10,100,2022
10,677865,"Bruihl, Justin",9/7/2022,662582,10,100,2022
10,682171,"Murfee, Penn",9/9/2022,662136,10,100,2022
10,664948,"Misiewicz, Anthony",9/13/2022,661645,10,100,2022
10,541640,"Ramírez, Erasmo",9/1/2022,662491,10,100,2022
10,666374,"Brash, Matt",9/14/2022,662118,10,100,2022
10,606115,"Arcia, Orlando",9/23/2022,661587,10,100,2022
10,664948,"Misiewicz, Anthony",10/1/2022,662939,10,100,2022
10,456713,"Bush, Matt",10/1/2022,661152,10,100,2022
10,472610,"García, Luis",9/28/2022,662214,10,100,2022
10,670167,"Schreiber, John",9/13/2022,663160,10,100,2022
10,518489,"Brasier, Ryan",9/28/2022,663181,10,100,2022
10,518886,"Kimbrel, Craig",9/29/2022,662209,10,100,2022
10,541640,"Ramírez, Erasmo",9/25/2022,661294,10,100,2022
10,554431,"Matzek, Tyler",9/27/2022,662489,10,100,2022
10,571882,"Law, Derek",9/25/2022,661066,10,100,2022
10,543521,"McHugh, Collin",9/24/2022,661586,10,100,2022
10,664123,"Effross, Scott",10/3/2022,662044,10,100,2022
10,456713,"Bush, Matt",10/2/2022,661153,10,100,2022
10,572125,"Selman, Sam",9/25/2022,662310,10,100,2022
10,669467,"Pallante, Andre",9/3/2022,661928,10,100,2022
10,605280,"Holmes, Clay",9/26/2022,661768,10,100,2022
10,659275,"Lamet, Dinelson",9/18/2022,663112,10,100,2022
10,621074,"Rucker, Michael",9/29/2022,663110,10,100,2022
10,518553,"Cishek, Steve",10/1/2022,661098,10,100,2022
10,621389,"Blach, Ty",9/28/2022,662045,10,100,2022
10,622075,"Almonte, Yency",9/28/2022,662214,10,100,2022
10,643493,"Pruitt, Austin",9/30/2022,661111,10,100,2022
10,628452,"Iglesias, Raisel",9/2/2022,661476,10,100,2022
10,606160,"Montero, Rafael",10/1/2022,662818,10,100,2022
10,642397,"Soto, Gregory",9/28/2022,662773,10,100,2022
10,622075,"Almonte, Yency",10/5/2022,662623,10,100,2022
10,643377,"Jax, Griffin",9/27/2022,661666,10,100,2022
10,472610,"García, Luis",9/30/2022,662208,10,100,2022
10,518585,"Cruz, Fernando",9/17/2022,661952,10,100,2022
10,650895,"Castillo, Diego",10/1/2022,661110,10,100,2022
10,682171,"Murfee, Penn",9/1/2022,662785,10,100,2022
10,656464,"Ginkel, Kevin",10/1/2022,662023,10,100,2022
10,663385,"Smith, Chad",9/25/2022,662865,10,100,2022
10,548384,"Raley, Brooks",9/17/2022,662015,10,100,2022
10,664076,"Cleavinger, Garrett",9/27/2022,662955,10,100,2022
10,664948,"Misiewicz, Anthony",9/27/2022,662774,10,100,2022
10,592094,"Adam, Jason",9/17/2022,662015,10,100,2022
10,669395,"Coleman, Dylan",9/25/2022,662631,10,100,2022
9,656257,"Brigham, Jeff",10/5/2022,661422,9,100,2022
9,676684,"Vest, Will",9/2/2022,662915,9,100,2022
9,666168,"Thompson, Mason",9/13/2022,662464,9,100,2022
9,621345,"Minter, A.J.",9/17/2022,661472,9,100,2022
9,518397,"Alexander, Scott",9/19/2022,662886,9,100,2022
9,664854,"Helsley, Ryan",9/11/2022,662325,9,100,2022
9,605177,"Chafin, Andrew",10/4/2022,662200,9,100,2022
9,656061,"Abreu, Albert",10/5/2022,661996,9,100,2022
9,606160,"Montero, Rafael",10/5/2022,662789,9,100,2022
9,642545,"Barria, Jaime",10/5/2022,662421,9,100,2022
9,472610,"García, Luis",9/6/2022,662205,9,100,2022
9,472610,"García, Luis",9/24/2022,662866,9,100,2022
9,643410,"Leiter Jr., Mark",10/5/2022,663131,9,100,2022
9,571882,"Law, Derek",10/3/2022,663096,9,100,2022
9,519293,"Smith, Will",9/6/2022,661087,9,100,2022
9,657024,"Swanson, Erik",9/17/2022,663426,9,100,2022
9,541640,"Ramírez, Erasmo",9/3/2022,662425,9,100,2022
9,502085,"Robertson, David",9/24/2022,661586,9,100,2022
9,669212,"Morgan, Eli",9/17/2022,662958,9,100,2022
9,573009,"Mantiply, Joe",9/24/2022,663281,9,100,2022
9,592454,"Kahnle, Tommy",9/19/2022,662622,9,100,2022
9,605242,"Fulmer, Michael",9/24/2022,661656,9,100,2022
9,592858,"Wick, Rowan",9/3/2022,661928,9,100,2022
9,571946,"Miller, Shelby",10/2/2022,662022,9,100,2022
9,518489,"Brasier, Ryan",9/10/2022,663455,9,100,2022
9,623149,"Sewald, Paul",9/22/2022,662306,9,100,2022
9,623451,"Stephens, Jackson",9/21/2022,661468,9,100,2022
9,623465,"Phillips, Evan",9/22/2022,662586,9,100,2022
9,600917,"Leclerc, José",9/5/2022,661088,9,100,2022
9,542914,"Bass, Anthony",9/10/2022,661841,9,100,2022
9,605177,"Chafin, Andrew",9/4/2022,662786,9,100,2022
9,571670,"Floro, Dylan",9/9/2022,661337,9,100,2022
9,572955,"Johnson, Pierce",9/10/2022,661849,9,100,2022
9,606625,"Moronta, Reyes",9/3/2022,663321,9,100,2022
9,656638,"Lange, Alex",9/24/2022,661430,9,100,2022
9,622075,"Almonte, Yency",10/3/2022,662629,9,100,2022
9,605130,"Barlow, Scott",9/7/2022,662643,9,100,2022
9,502154,"Britton, Zack",9/30/2022,661218,9,100,2022
9,605218,"Edwards Jr., Carl",9/7/2022,661924,9,100,2022
9,621363,"Poche, Colin",9/4/2022,661853,9,100,2022
9,666374,"Brash, Matt",9/24/2022,662641,9,100,2022
9,621237,"Alvarado, José",9/7/2022,661596,9,100,2022
9,672335,"Pérez, Cionel",9/24/2022,663258,9,100,2022
9,621249,"Underwood Jr., Duane",9/10/2022,662265,9,100,2022
9,623352,"Hader, Josh",9/7/2022,662216,9,100,2022
9,502202,"Boxberger, Brad",9/13/2022,661922,9,100,2022
9,518397,"Alexander, Scott",9/14/2022,662027,9,100,2022
9,542585,"Cisnero, José",9/13/2022,662787,9,100,2022
9,543521,"McHugh, Collin",9/13/2022,662028,9,100,2022
9,641401,"Brogdon, Connor",9/6/2022,661597,9,100,2022
9,642121,"Sulser, Cole",9/4/2022,661474,9,100,2022
9,596112,"Stephenson, Robert",9/15/2022,662398,9,100,2022
9,656529,"Hentges, Sam",9/7/2022,662643,9,100,2022
9,657024,"Swanson, Erik",9/10/2022,662088,9,100,2022
9,521230,"Hendriks, Liam",9/13/2022,661436,9,100,2022
9,660825,"Bazardo, Eduard",9/10/2022,663455,9,100,2022
9,606303,"Payamps, Joel",9/11/2022,662323,9,100,2022
9,643256,"Cimber, Adam",9/3/2022,662286,9,100,2022
9,608717,"Stratton, Chris",9/13/2022,661922,9,100,2022
9,623149,"Sewald, Paul",9/4/2022,662962,9,100,2022
9,608718,"Suter, Brent",9/13/2022,661922,9,100,2022
9,622253,"Tate, Dillon",9/11/2022,663264,9,100,2022
9,622554,"Domínguez, Seranthony",9/13/2022,661320,9,100,2022
9,628452,"Iglesias, Raisel",9/13/2022,662028,9,100,2022
9,656464,"Ginkel, Kevin",9/5/2022,662211,9,100,2022
9,656685,"Martin, Brett",9/3/2022,663214,9,100,2022
9,642701,"Santana, Dennis",9/12/2022,661419,9,100,2022
9,643410,"Leiter Jr., Mark",9/14/2022,662422,9,100,2022
9,660853,"De Los Santos, Enyel",9/20/2022,661434,9,100,2022
9,669711,"Weissert, Greg",9/8/2022,661252,9,100,2022
9,669912,"Snead, Kirby",9/7/2022,662312,9,100,2022
9,656945,"Scott, Tanner",9/11/2022,661322,9,100,2022
9,544727,"Familia, Jeurys",9/1/2022,663210,9,100,2022
9,657612,"Hill, Tim",9/14/2022,662118,9,100,2022
9,660853,"De Los Santos, Enyel",9/12/2022,662970,9,100,2022
9,656638,"Lange, Alex",9/23/2022,661431,9,100,2022
9,543901,"Weber, Ryan",9/8/2022,661252,9,100,2022
9,669912,"Snead, Kirby",9/14/2022,661829,9,100,2022
9,675916,"Karinchak, James",9/13/2022,662965,9,100,2022
9,593643,"Alberto, Hanser",9/30/2022,662596,9,100,2022
9,542585,"Cisnero, José",9/27/2022,662774,9,100,2022
9,621107,"Eflin, Zach",9/24/2022,661586,9,100,2022
9,664208,"Maton, Phil",9/3/2022,663436,9,100,2022
9,665019,"Clemens, Kody",9/3/2022,662803,9,100,2022
9,542947,"Bleier, Richard",9/28/2022,662400,9,100,2022
9,571479,"Bellatti, Andrew",9/28/2022,663098,9,100,2022
9,572193,"Tepera, Ryan",9/3/2022,663436,9,100,2022
9,605177,"Chafin, Andrew",9/1/2022,662785,9,100,2022
9,572193,"Tepera, Ryan",9/27/2022,663422,9,100,2022
9,607237,"Garrett, Amir",9/2/2022,662915,9,100,2022
9,621079,"Wiles, Collin",9/29/2022,663420,9,100,2022
9,664854,"Helsley, Ryan",9/16/2022,661953,9,100,2022
9,621016,"Cuas, Jose",9/2/2022,662915,9,100,2022
9,623167,"Flexen, Chris",9/29/2022,661128,9,100,2022
9,518397,"Alexander, Scott",9/5/2022,662602,9,100,2022
9,623437,"Topa, Justin",9/29/2022,661156,9,100,2022
9,445276,"Jansen, Kenley",9/17/2022,661472,9,100,2022
9,641835,"Mayza, Tim",9/2/2022,662356,9,100,2022
9,453343,"Melancon, Mark",9/17/2022,663289,9,100,2022
9,519043,"Moore, Matt",9/16/2022,662064,9,100,2022
9,656793,"Nelson, Nick",9/25/2022,661585,9,100,2022
9,660853,"De Los Santos, Enyel",9/27/2022,662955,9,100,2022
9,663773,"Hoeing, Bryan",9/29/2022,661156,9,100,2022
9,664123,"Effross, Scott",9/26/2022,661768,9,100,2022
9,459429,"McGee, Jake",9/4/2022,662424,9,100,2022
9,605347,"López, Jorge",10/4/2022,661463,9,100,2022
9,650556,"Abreu, Bryan",9/2/2022,663428,9,100,2022
9,664948,"Misiewicz, Anthony",9/25/2022,662631,9,100,2022
9,666374,"Brash, Matt",9/29/2022,661128,9,100,2022
9,664875,"Lawrence, Justin",9/2/2022,663133,9,100,2022
9,596057,"Norris, Daniel",9/18/2022,662783,9,100,2022
9,677161,"Kelly, Zack",9/27/2022,663206,9,100,2022
9,682171,"Murfee, Penn",9/27/2022,662117,9,100,2022
9,453178,"Kennedy, Ian",10/4/2022,661223,9,100,2022
9,650671,"Quijada, José",9/30/2022,663406,9,100,2022
9,608348,"Kelly, Carson",9/16/2022,663283,9,100,2022
9,664092,"Poppen, Sean",10/5/2022,661227,9,100,2022
8,667297,"Nance, Tommy",9/29/2022,661156,8,100,2022
8,593974,"Peralta, Wandy",9/18/2022,661162,8,100,2022
8,661403,"Clase, Emmanuel",9/27/2022,662955,8,100,2022
8,670288,"Fishman, Jake",9/29/2022,661156,8,100,2022
8,573124,"Rogers, Taylor",9/6/2022,662859,8,100,2022
8,672578,"Hernández, Carlos",9/17/2022,663208,8,100,2022
8,608665,"Graveman, Kendall",9/20/2022,661434,8,100,2022
8,640451,"Harvey, Hunter",9/17/2022,662462,8,100,2022
8,642701,"Santana, Dennis",10/4/2022,662062,8,100,2022
8,607259,"Martinez, Nick",9/30/2022,662208,8,100,2022
8,663158,"Suarez, Robert",10/4/2022,662252,8,100,2022
8,523260,"Kelly, Joe",9/30/2022,662208,8,100,2022
8,642239,"Zastryzny, Rob",10/5/2022,662421,8,100,2022
8,571901,"Loup, Aaron",10/2/2022,663419,8,100,2022
8,455119,"Martin, Chris",10/5/2022,662623,8,100,2022
8,663986,"Stephan, Trevor",10/5/2022,663095,8,100,2022
8,445276,"Jansen, Kenley",9/19/2022,661470,8,100,2022
8,455119,"Martin, Chris",9/20/2022,662621,8,100,2022
8,661403,"Clase, Emmanuel",9/17/2022,663141,8,100,2022
8,518397,"Alexander, Scott",9/21/2022,662899,8,100,2022
8,664076,"Cleavinger, Garrett",10/1/2022,662818,8,100,2022
8,519151,"Pressly, Ryan",9/20/2022,662012,8,100,2022
8,519326,"Strickland, Hunter",9/22/2022,661069,8,100,2022
8,571927,"Matz, Steven",9/22/2022,662202,8,100,2022
8,623352,"Hader, Josh",9/23/2022,662897,8,100,2022
8,554340,"García, Yimi",9/9/2022,661830,8,100,2022
8,666374,"Brash, Matt",9/30/2022,661111,8,100,2022
8,669276,"Lee, Dylan",10/1/2022,661466,8,100,2022
8,660825,"Bazardo, Eduard",9/21/2022,661070,8,100,2022
8,664208,"Maton, Phil",9/23/2022,663259,8,100,2022
8,607054,"Peterson, Jace",9/7/2022,662871,8,100,2022
8,623167,"Flexen, Chris",9/5/2022,662121,8,100,2022
8,672578,"Hernández, Carlos",9/30/2022,662940,8,100,2022
8,676684,"Vest, Will",10/2/2022,662769,8,100,2022
8,606131,"Perdomo, Luis",9/6/2022,662859,8,100,2022
8,518585,"Cruz, Fernando",9/11/2022,661176,8,100,2022
8,571976,"Myers, Wil",9/11/2022,661848,8,100,2022
8,592773,"Stanek, Ryne",9/30/2022,662819,8,100,2022
8,592826,"Velasquez, Vince",9/14/2022,661435,8,100,2022
8,622098,"Smith, Drew",9/21/2022,661158,8,100,2022
8,593576,"Neris, Héctor",9/15/2022,662709,8,100,2022
8,594580,"Moll, Sam",9/15/2022,662709,8,100,2022
8,643256,"Cimber, Adam",9/5/2022,663353,8,100,2022
8,643377,"Jax, Griffin",9/4/2022,661437,8,100,2022
8,607481,"Bummer, Aaron",9/15/2022,662974,8,100,2022
8,445276,"Jansen, Kenley",9/1/2022,661477,8,100,2022
8,625643,"López, Reynaldo",9/13/2022,661436,8,100,2022
8,642152,"Trivino, Lou",9/13/2022,663160,8,100,2022
8,656685,"Martin, Brett",9/16/2022,662064,8,100,2022
8,668941,"Romero, JoJo",9/7/2022,661924,8,100,2022
8,643377,"Jax, Griffin",9/11/2022,661647,8,100,2022
8,657612,"Hill, Tim",9/11/2022,661848,8,100,2022
8,676265,"Abbott, Cory",9/10/2022,661593,8,100,2022
8,667297,"Nance, Tommy",9/12/2022,661420,8,100,2022
8,663765,"Woodford, Jake",9/3/2022,661928,8,100,2022
8,571510,"Boyd, Matthew",9/1/2022,662785,8,100,2022
8,518617,"Diekman, Jake",9/28/2022,661133,8,100,2022
8,640462,"Puk, A.J.",10/4/2022,662429,8,100,2022
8,519043,"Moore, Matt",9/29/2022,661128,8,100,2022
8,548384,"Raley, Brooks",9/27/2022,662955,8,100,2022
8,571510,"Boyd, Matthew",9/27/2022,662117,8,100,2022
8,669912,"Snead, Kirby",9/6/2022,662313,8,100,2022
8,622786,"Tinoco, Jesus",9/16/2022,662064,8,100,2022
8,606625,"Moronta, Reyes",9/25/2022,663280,8,100,2022
8,642770,"Guerra, Javy",9/30/2022,662819,8,100,2022
8,622253,"Tate, Dillon",9/27/2022,663206,8,100,2022
8,606424,"García, Jarlín",9/3/2022,662031,8,100,2022
8,642545,"Barria, Jaime",9/28/2022,663421,8,100,2022
8,642701,"Santana, Dennis",9/27/2022,662117,8,100,2022
8,650556,"Abreu, Bryan",9/25/2022,663454,8,100,2022
8,650895,"Castillo, Diego",9/27/2022,662117,8,100,2022
8,660825,"Bazardo, Eduard",9/2/2022,663212,8,100,2022
7,607237,"Garrett, Amir",10/1/2022,662939,7,100,2022
7,541640,"Ramírez, Erasmo",10/4/2022,661095,7,100,2022
7,657272,"Uelmen, Erich",9/30/2022,663099,7,100,2022
7,657272,"Uelmen, Erich",10/2/2022,663097,7,100,2022
7,672335,"Pérez, Cionel",9/25/2022,663454,7,100,2022
7,605218,"Edwards Jr., Carl",9/17/2022,662462,7,100,2022
7,544365,"Bañuelos, Manny",9/3/2022,662286,7,100,2022
7,518617,"Diekman, Jake",10/4/2022,661463,7,100,2022
7,677865,"Bruihl, Justin",9/18/2022,662025,7,100,2022
7,542914,"Bass, Anthony",9/6/2022,663458,7,100,2022
7,518886,"Kimbrel, Craig",9/23/2022,662585,7,100,2022
7,453268,"Bard, Daniel",9/9/2022,662870,7,100,2022
7,571901,"Loup, Aaron",9/20/2022,661837,7,100,2022
7,592454,"Kahnle, Tommy",9/24/2022,662584,7,100,2022
7,669711,"Weissert, Greg",9/16/2022,661164,7,100,2022
7,676050,"Naughton, Packy",9/18/2022,661930,7,100,2022
7,671345,"Foley, Jason",9/18/2022,662783,7,100,2022
7,608718,"Suter, Brent",9/20/2022,661159,7,100,2022
7,592826,"Velasquez, Vince",9/7/2022,662137,7,100,2022
7,445276,"Jansen, Kenley",10/2/2022,661465,7,100,2022
7,592390,"Hembree, Heath",9/9/2022,661850,7,100,2022
7,606149,"Gallegos, Giovanny",9/10/2022,662265,7,100,2022
7,670167,"Schreiber, John",9/20/2022,663104,7,100,2022
7,622065,"Young, Alex",9/7/2022,662582,7,100,2022
7,606131,"Perdomo, Luis",9/9/2022,661185,7,100,2022
7,625643,"López, Reynaldo",9/4/2022,661437,7,100,2022
7,455119,"Martin, Chris",9/14/2022,663322,7,100,2022
7,641360,"Bickford, Phil",9/9/2022,661850,7,100,2022
7,642152,"Trivino, Lou",9/10/2022,661282,7,100,2022
7,625643,"López, Reynaldo",9/22/2022,661432,7,100,2022
7,571901,"Loup, Aaron",9/14/2022,662969,7,100,2022
7,661403,"Clase, Emmanuel",9/10/2022,661665,7,100,2022
7,606625,"Moronta, Reyes",9/15/2022,663284,7,100,2022
7,607237,"Garrett, Amir",9/14/2022,661646,7,100,2022
7,541640,"Ramírez, Erasmo",10/1/2022,661098,7,100,2022
7,542947,"Bleier, Richard",10/3/2022,661424,7,100,2022
7,623465,"Phillips, Evan",9/14/2022,663322,7,100,2022
7,666168,"Thompson, Mason",9/10/2022,661593,7,100,2022
7,641871,"Middleton, Keynan",9/13/2022,663323,7,100,2022
7,518489,"Brasier, Ryan",9/2/2022,663212,7,100,2022
7,650671,"Quijada, José",9/14/2022,662969,7,100,2022
7,656222,"Beeks, Jalen",9/13/2022,661798,7,100,2022
7,593576,"Neris, Héctor",10/4/2022,662768,7,100,2022
7,677161,"Kelly, Zack",9/7/2022,662065,7,100,2022
7,665001,"Kelley, Trevor",9/14/2022,661921,7,100,2022
7,445926,"Chavez, Jesse",9/27/2022,662489,7,100,2022
7,667297,"Nance, Tommy",9/6/2022,661597,7,100,2022
7,596082,"Reed, Jake",9/25/2022,663454,7,100,2022
7,672335,"Pérez, Cionel",9/3/2022,663355,7,100,2022
7,607481,"Bummer, Aaron",9/29/2022,661132,7,100,2022
7,643256,"Cimber, Adam",9/26/2022,661768,7,100,2022
7,518617,"Diekman, Jake",9/16/2022,662781,7,100,2022
7,655889,"Rodríguez, Manuel",9/28/2022,663098,7,100,2022
7,660813,"Graterol, Brusdar",9/25/2022,662598,7,100,2022
7,666808,"Doval, Camilo",9/29/2022,662050,7,100,2022
6,623211,"Brazobán, Huascar",9/20/2022,661298,6,100,2022
6,543507,"May, Trevor",9/30/2022,661467,6,100,2022
6,453268,"Bard, Daniel",10/4/2022,662624,6,100,2022
6,657376,"Schmidt, Clarke",9/26/2022,661768,6,100,2022
6,670990,"Ramírez, Yohan",10/5/2022,662304,6,100,2022
6,642239,"Zastryzny, Rob",10/4/2022,662429,6,100,2022
6,663558,"Moran, Jovani",9/25/2022,661667,6,100,2022
6,663986,"Stephan, Trevor",10/2/2022,662938,6,100,2022
6,543272,"Hand, Brad",9/6/2022,661597,6,100,2022
6,607259,"Martinez, Nick",10/1/2022,662207,6,100,2022
6,571948,"Milner, Hoby",9/21/2022,661158,6,100,2022
6,606625,"Moronta, Reyes",9/20/2022,662607,6,100,2022
6,607237,"Garrett, Amir",9/20/2022,662634,6,100,2022
6,664123,"Effross, Scott",9/28/2022,661737,6,100,2022
6,548384,"Raley, Brooks",9/10/2022,661282,6,100,2022
6,571901,"Loup, Aaron",9/9/2022,661085,6,100,2022
6,642585,"Bautista, Félix",9/22/2022,663260,6,100,2022
6,596082,"Reed, Jake",9/9/2022,663456,6,100,2022
6,666374,"Brash, Matt",9/20/2022,662321,6,100,2022
6,669276,"Lee, Dylan",9/21/2022,661468,6,100,2022
6,594580,"Moll, Sam",9/10/2022,662322,6,100,2022
6,543766,"Shaw, Bryan",9/7/2022,662643,6,100,2022
6,623167,"Flexen, Chris",9/4/2022,662962,6,100,2022
6,621074,"Rucker, Michael",9/8/2022,663241,6,100,2022
6,621242,"Díaz, Edwin",9/9/2022,661337,6,100,2022
6,641793,"Littell, Zack",9/9/2022,663217,6,100,2022
6,542585,"Cisnero, José",9/14/2022,662792,6,100,2022
6,641835,"Mayza, Tim",9/12/2022,661799,6,100,2022
6,661527,"Martinez, Seth",9/3/2022,663436,6,100,2022
6,571656,"Farmer, Buck",9/18/2022,661930,6,100,2022
6,668676,"Plesac, Zach",10/4/2022,663077,6,100,2022
6,453343,"Melancon, Mark",9/28/2022,662820,6,100,2022
6,669711,"Weissert, Greg",9/11/2022,661232,6,100,2022
6,571670,"Floro, Dylan",9/28/2022,662400,6,100,2022
6,579328,"Kikuchi, Yusei",9/28/2022,661737,6,100,2022
6,623211,"Brazobán, Huascar",9/16/2022,662490,6,100,2022
6,670167,"Schreiber, John",9/3/2022,663214,6,100,2022
6,545121,"Vargas, Ildemaro",10/1/2022,661098,6,100,2022
6,621345,"Minter, A.J.",9/28/2022,661099,6,100,2022
6,643256,"Cimber, Adam",10/1/2022,661736,6,100,2022
6,621237,"Alvarado, José",9/6/2022,661597,6,100,2022
6,664208,"Maton, Phil",9/6/2022,661087,6,100,2022
6,445926,"Chavez, Jesse",9/16/2022,661473,6,100,2022
6,650204,"Ruiz, Norge",9/2/2022,663356,6,100,2022
6,670990,"Ramírez, Yohan",9/28/2022,662240,6,100,2022
6,670768,"González, Luis",9/2/2022,662032,6,100,2022
5,676714,"Hughes, Brandon",9/25/2022,662243,5,100,2022
5,641835,"Mayza, Tim",9/3/2022,662286,5,100,2022
5,670990,"Ramírez, Yohan",9/4/2022,662299,5,100,2022
5,623149,"Sewald, Paul",9/28/2022,661112,5,100,2022
5,608665,"Graveman, Kendall",9/4/2022,661437,5,100,2022
5,542888,"Armstrong, Shawn",10/5/2022,663352,5,100,2022
5,607481,"Bummer, Aaron",9/30/2022,662208,5,100,2022
5,663558,"Moran, Jovani",9/18/2022,662968,5,100,2022
5,664854,"Helsley, Ryan",10/4/2022,662319,5,100,2022
5,605242,"Fulmer, Michael",9/29/2022,661132,5,100,2022
5,669276,"Lee, Dylan",9/16/2022,661473,5,100,2022
5,664875,"Lawrence, Justin",10/1/2022,662595,5,100,2022
5,596117,"Stubbs, Garrett",9/20/2022,661591,5,100,2022
5,595014,"Treinen, Blake",9/3/2022,662597,5,100,2022
5,593619,"Tapia, Domingo",9/9/2022,662333,5,100,2022
5,656257,"Brigham, Jeff",9/21/2022,661297,5,100,2022
5,664208,"Maton, Phil",9/24/2022,663258,5,100,2022
5,666168,"Thompson, Mason",9/23/2022,661296,5,100,2022
5,670970,"Morejon, Adrian",9/23/2022,662897,5,100,2022
5,677161,"Kelly, Zack",9/20/2022,663104,5,100,2022
5,596082,"Reed, Jake",9/24/2022,663258,5,100,2022
5,677865,"Bruihl, Justin",9/21/2022,662606,5,100,2022
5,623474,"Herget, Jimmy",9/6/2022,663407,5,100,2022
5,641835,"Mayza, Tim",9/9/2022,661830,5,100,2022
5,519043,"Moore, Matt",9/12/2022,661420,5,100,2022
5,592848,"Weiss, Zack",10/3/2022,662431,5,100,2022
5,542914,"Bass, Anthony",9/13/2022,661798,5,100,2022
5,606303,"Payamps, Joel",9/13/2022,661838,5,100,2022
5,607481,"Bummer, Aaron",9/11/2022,662323,5,100,2022
5,608717,"Stratton, Chris",9/11/2022,662325,5,100,2022
5,676714,"Hughes, Brandon",10/4/2022,663243,5,100,2022
5,642758,"Acevedo, Domingo",9/14/2022,661829,5,100,2022
5,641941,"Pagán, Emilio",10/3/2022,661464,5,100,2022
5,663986,"Stephan, Trevor",9/11/2022,661647,5,100,2022
5,680704,"Sandlin, Nick",9/9/2022,661650,5,100,2022
5,572125,"Selman, Sam",9/28/2022,663421,5,100,2022
5,572193,"Tepera, Ryan",9/25/2022,661667,5,100,2022
5,596295,"Gomber, Austin",9/25/2022,662865,5,100,2022
5,656638,"Lange, Alex",9/4/2022,662786,5,100,2022
5,571479,"Bellatti, Andrew",9/18/2022,661471,5,100,2022
5,657265,"Strzelecki, Peter",10/1/2022,661152,5,100,2022
4,669424,"Lambert, Jimmy",9/1/2022,661440,4,100,2022
4,593974,"Peralta, Wandy",9/16/2022,661164,4,100,2022
4,641835,"Mayza, Tim",9/26/2022,661768,4,100,2022
4,650556,"Abreu, Bryan",9/28/2022,662820,4,100,2022
4,664199,"Clarke, Taylor",9/29/2022,662772,4,100,2022
4,621242,"Díaz, Edwin",10/2/2022,661465,4,100,2022
4,571976,"Myers, Wil",9/3/2022,662597,4,100,2022
4,542947,"Bleier, Richard",9/19/2022,661299,4,100,2022
4,605177,"Chafin, Andrew",9/23/2022,661431,4,100,2022
4,668941,"Romero, JoJo",10/3/2022,662309,4,100,2022
4,642239,"Zastryzny, Rob",9/24/2022,661656,4,100,2022
4,643377,"Jax, Griffin",9/20/2022,662634,4,100,2022
4,607625,"Lugo, Seth",10/1/2022,661466,4,100,2022
4,650339,"Palacios, Jermaine",9/19/2022,663044,4,100,2022
4,592848,"Weiss, Zack",9/7/2022,663409,4,100,2022
4,663986,"Stephan, Trevor",9/22/2022,661432,4,100,2022
4,664747,"Díaz, Alexis",9/21/2022,661070,4,100,2022
4,571479,"Bellatti, Andrew",9/10/2022,661593,4,100,2022
4,665665,"Sanmartin, Reiver",9/20/2022,663104,4,100,2022
4,622098,"Smith, Drew",10/1/2022,661466,4,100,2022
4,641871,"Middleton, Keynan",9/9/2022,662870,4,100,2022
4,642701,"Santana, Dennis",9/9/2022,661830,4,100,2022
4,573009,"Mantiply, Joe",9/15/2022,663284,4,100,2022
4,600921,"Machado, Andrés",9/13/2022,662464,4,100,2022
4,503556,"Gonzalez, Marwin",9/2/2022,661855,4,100,2022
4,623211,"Brazobán, Huascar",9/12/2022,661419,4,100,2022
4,656464,"Ginkel, Kevin",9/14/2022,663322,4,100,2022
4,662253,"Muñoz, Andrés",9/11/2022,662120,4,100,2022
4,571901,"Loup, Aaron",9/2/2022,663428,4,100,2022
4,596057,"Norris, Daniel",9/27/2022,662774,4,100,2022
4,621363,"Poche, Colin",9/2/2022,661855,4,100,2022
4,650339,"Palacios, Jermaine",9/3/2022,661438,4,100,2022
3,608717,"Stratton, Chris",9/18/2022,661930,3,100,2022
3,669276,"Lee, Dylan",10/5/2022,661422,3,100,2022
3,664208,"Maton, Phil",9/2/2022,663428,3,100,2022
3,606424,"García, Jarlín",9/20/2022,662867,3,100,2022
3,676092,"Snider, Collin",9/1/2022,661440,3,100,2022
3,686972,"Waites, Cole",10/5/2022,662238,3,100,2022
3,608717,"Stratton, Chris",9/16/2022,661953,3,100,2022
3,665155,"Maton, Nick",10/1/2022,662572,3,100,2022
3,542585,"Cisnero, José",9/9/2022,662637,3,100,2022
3,621389,"Blach, Ty",10/1/2022,662595,3,100,2022
3,676714,"Hughes, Brandon",10/1/2022,663167,3,100,2022
3,592858,"Wick, Rowan",9/11/2022,663130,3,100,2022
3,656793,"Nelson, Nick",9/9/2022,661594,3,100,2022
3,518489,"Brasier, Ryan",9/13/2022,663160,3,100,2022
3,607237,"Garrett, Amir",9/21/2022,662633,3,100,2022
3,605447,"Romano, Jordan",9/13/2022,661798,3,100,2022
3,669711,"Weissert, Greg",9/7/2022,661251,3,100,2022
3,656529,"Hentges, Sam",9/12/2022,662970,3,100,2022
3,455119,"Martin, Chris",10/3/2022,662629,3,100,2022
3,657612,"Hill, Tim",9/4/2022,662599,3,100,2022
3,666818,"Frías, Luis",9/3/2022,663321,3,100,2022
3,548384,"Raley, Brooks",9/28/2022,662967,3,100,2022
3,572193,"Tepera, Ryan",9/29/2022,663420,3,100,2022
3,672578,"Hernández, Carlos",9/27/2022,662774,3,100,2022
3,608718,"Suter, Brent",9/1/2022,663290,3,100,2022
3,571948,"Milner, Hoby",9/6/2022,662859,3,100,2022
3,543521,"McHugh, Collin",10/2/2022,661465,3,100,2022
3,518489,"Brasier, Ryan",9/17/2022,663208,3,100,2022
3,548384,"Raley, Brooks",9/18/2022,661994,3,100,2022
2,663765,"Woodford, Jake",9/28/2022,661154,2,100,2022
2,667297,"Nance, Tommy",9/9/2022,661337,2,100,2022
2,573009,"Mantiply, Joe",9/20/2022,662607,2,100,2022
2,607216,"Krehbiel, Joey",9/7/2022,663457,2,100,2022
2,657272,"Uelmen, Erich",10/3/2022,663096,2,100,2022
2,542888,"Armstrong, Shawn",9/9/2022,661234,2,100,2022
2,656814,"Ortiz, Luis F.",9/7/2022,662582,2,100,2022
2,642770,"Guerra, Javy",9/28/2022,662967,2,100,2022
2,607237,"Garrett, Amir",9/24/2022,662641,2,100,2022
2,656731,"Megill, Tylor",9/24/2022,662311,2,100,2022
2,655889,"Rodríguez, Manuel",9/4/2022,661927,2,100,2022
2,606625,"Moronta, Reyes",9/6/2022,662205,2,100,2022
2,621016,"Cuas, Jose",9/9/2022,662637,2,100,2022
2,672391,"Ort, Kaleb",9/22/2022,661243,2,100,2022
2,641793,"Littell, Zack",9/3/2022,662031,2,100,2022
2,641835,"Mayza, Tim",9/6/2022,663458,2,100,2022
2,655889,"Rodríguez, Manuel",9/27/2022,663128,2,100,2022
1,641401,"Brogdon, Connor",10/1/2022,661098,1,100,2022
1,554431,"Matzek, Tyler",9/3/2022,661475,1,100,2022
1,621016,"Cuas, Jose",9/24/2022,662641,1,100,2022
1,622065,"Young, Alex",9/23/2022,663282,1,100,2022
1,676092,"Snider, Collin",9/4/2022,662786,1,100,2022
1,643493,"Pruitt, Austin",9/27/2022,663422,1,100,2022
