pitches,playerid,player_name,game_date,game_pk,total_pitches,pitch_percent,season
115,543475,"Lyles, Jordan",9/11/2020,630909,115,100,2020
96,641447,"Castano, Daniel",9/27/2020,631188,96,100,2020
94,657141,"Yamamoto, Jordan",9/9/2020,630439,94,100,2020
87,669373,"Skubal, Tarik",9/27/2020,631386,87,100,2020
86,642232,"Yarbrough, Ryan",9/15/2020,630936,86,100,2020
86,628711,"Urías, Julio",9/23/2020,631334,86,100,2020
86,664285,"Valdez, Framber",8/2/2020,631393,86,100,2020
84,657277,"Webb, Logan",9/23/2020,631011,84,100,2020
83,670550,"Rodriguez, Nivaldo",9/27/2020,630915,83,100,2020
83,605138,"Benjamin, Wes",9/18/2020,631367,83,100,2020
83,502706,"Holland, Derek",9/2/2020,631111,83,100,2020
83,669160,"May, Dustin",9/16/2020,631063,83,100,2020
82,669060,"Wilson, Bryse",9/9/2020,630439,82,100,2020
80,664062,"Gonsolin, Tony",9/10/2020,630223,80,100,2020
78,527054,"Teheran, Julio",8/20/2020,631026,78,100,2020
78,543475,"Lyles, Jordan",9/1/2020,631430,78,100,2020
78,622065,"Young, Alex",9/11/2020,630224,78,100,2020
77,592644,"Plutko, Adam",8/28/2020,630980,77,100,2020
77,615698,"Quantrill, Cal",8/1/2020,631540,77,100,2020
77,669203,"Burnes, Corbin",8/8/2020,631296,77,100,2020
76,670950,"Richards, Trevor",8/20/2020,631202,76,100,2020
76,607229,"Gsellman, Robert",9/8/2020,631211,76,100,2020
76,670950,"Richards, Trevor",8/9/2020,630946,76,100,2020
74,642545,"Barria, Jaime",8/25/2020,631423,74,100,2020
73,621261,"Oswalt, Corey",7/26/2020,631240,73,100,2020
72,642584,"Kilome, Franklyn",8/17/2020,631325,72,100,2020
72,642092,"Smith, Riley",9/10/2020,630223,72,100,2020
72,626929,"Thorpe, Lewis",8/19/2020,631249,72,100,2020
72,664199,"Clarke, Taylor",9/16/2020,631361,72,100,2020
71,663531,"Allen, Logan",8/23/2020,631551,71,100,2020
70,461829,"González, Gio",7/26/2020,631517,70,100,2020
69,669203,"Burnes, Corbin",8/13/2020,631609,69,100,2020
69,641302,"Alexander, Tyler",8/24/2020,631468,69,100,2020
69,607200,"Fedde, Erick",8/14/2020,631683,69,100,2020
69,622088,"Antone, Tejay",7/27/2020,631592,69,100,2020
69,665093,"Grotz, Zac",7/28/2020,631387,69,100,2020
69,542882,"Andriese, Matt",7/26/2020,631165,69,100,2020
68,605276,"Hess, David",7/24/2020,631664,68,100,2020
67,571927,"Matz, Steven",9/27/2020,630854,67,100,2020
67,657053,"Toussaint, Touki",7/27/2020,630969,67,100,2020
67,543219,"Gilmartin, Sean",8/8/2020,630962,67,100,2020
67,502624,"Anderson, Chase",9/17/2020,631190,67,100,2020
67,666200,"Luzardo, Jesús",7/29/2020,631172,67,100,2020
66,677651,"Garcia, Luis",9/4/2020,631357,66,100,2020
66,642545,"Barria, Jaime",8/18/2020,631366,66,100,2020
66,605347,"López, Jorge",8/21/2020,631665,66,100,2020
65,608379,"Wacha, Michael",9/16/2020,631119,65,100,2020
65,642092,"Smith, Riley",9/17/2020,631362,65,100,2020
64,502624,"Anderson, Chase",9/22/2020,630881,64,100,2020
64,669203,"Burnes, Corbin",8/3/2020,631293,64,100,2020
63,642584,"Kilome, Franklyn",8/1/2020,630278,63,100,2020
63,641816,"Mahle, Tyler",8/12/2020,631599,63,100,2020
63,663531,"Allen, Logan",8/11/2020,631572,63,100,2020
63,596043,"Mengden, Daniel",8/18/2020,630174,63,100,2020
63,640470,"Alzolay, Adbert",9/22/2020,631088,63,100,2020
63,605138,"Benjamin, Wes",8/21/2020,631050,63,100,2020
63,641302,"Alexander, Tyler",8/20/2020,631498,63,100,2020
62,663776,"Sandoval, Patrick",9/20/2020,631375,62,100,2020
62,663765,"Woodford, Jake",8/28/2020,630980,62,100,2020
62,547179,"Lorenzen, Michael",9/25/2020,631246,62,100,2020
62,670990,"Ramírez, Yohan",8/14/2020,631448,62,100,2020
62,667498,"Dugger, Robert",9/11/2020,631310,62,100,2020
61,642547,"Peralta, Freddy",8/10/2020,631298,61,100,2020
61,660623,"Ynoa, Huascar",9/10/2020,630869,61,100,2020
61,500779,"Quintana, Jose",8/30/2020,631584,61,100,2020
61,596057,"Norris, Daniel",9/1/2020,631287,61,100,2020
61,643615,"Zeuch, T.J.",9/17/2020,631190,61,100,2020
60,453172,"Hughes, Jared",9/18/2020,631213,60,100,2020
60,650633,"King, Michael",8/2/2020,631210,60,100,2020
60,664045,"Eshelman, Thomas",9/25/2020,630889,60,100,2020
60,528748,"Castellanos, Humberto",8/22/2020,631079,60,100,2020
60,642203,"Widener, Taylor",8/9/2020,631075,60,100,2020
59,685493,"Yamaguchi, Shun",8/26/2020,630863,59,100,2020
59,621261,"Oswalt, Corey",8/25/2020,631227,59,100,2020
59,592767,"Smyly, Drew",9/10/2020,631072,59,100,2020
59,596057,"Norris, Daniel",8/23/2020,631551,59,100,2020
59,642092,"Smith, Riley",9/22/2020,630243,59,100,2020
59,685493,"Yamaguchi, Shun",9/15/2020,631195,59,100,2020
59,543734,"Rusin, Chris",8/3/2020,630281,59,100,2020
59,656849,"Peterson, David",9/2/2020,631673,59,100,2020
58,621097,"Waguespack, Jacob",9/11/2020,630868,58,100,2020
58,607455,"Banda, Anthony",8/13/2020,631650,58,100,2020
58,596043,"Mengden, Daniel",8/11/2020,631396,58,100,2020
58,592332,"Gausman, Kevin",7/24/2020,631378,58,100,2020
58,605138,"Benjamin, Wes",9/12/2020,630910,58,100,2020
58,543901,"Weber, Ryan",8/12/2020,631648,58,100,2020
58,461829,"González, Gio",8/22/2020,631638,58,100,2020
58,607200,"Fedde, Erick",8/5/2020,630878,58,100,2020
57,621078,"Lail, Brady",9/8/2020,631007,57,100,2020
57,547179,"Lorenzen, Michael",8/31/2020,631585,57,100,2020
57,595001,"Smith, Josh A.",8/22/2020,630890,57,100,2020
57,592229,"Covey, Dylan",9/24/2020,631640,57,100,2020
57,607374,"Tropeano, Nick",9/13/2020,631401,57,100,2020
57,596295,"Gomber, Austin",9/17/2020,631101,57,100,2020
56,548389,"Stripling, Ross",9/9/2020,630864,56,100,2020
56,664180,"Hall, Matt",9/11/2020,630958,56,100,2020
55,446321,"Detwiler, Ross",9/2/2020,631253,55,100,2020
55,641771,"Kuhl, Chad",7/27/2020,631130,55,100,2020
55,605335,"Leibrandt, Brandon",8/23/2020,630897,55,100,2020
55,669160,"May, Dustin",9/27/2020,631338,55,100,2020
55,641302,"Alexander, Tyler",8/2/2020,631470,55,100,2020
55,500779,"Quintana, Jose",8/25/2020,631467,55,100,2020
55,605347,"López, Jorge",8/16/2020,631679,55,100,2020
54,468504,"Chacín, Jhoulys",7/26/2020,631240,54,100,2020
54,642203,"Widener, Taylor",8/18/2020,630174,54,100,2020
54,665093,"Grotz, Zac",8/29/2020,631369,54,100,2020
54,664180,"Hall, Matt",9/6/2020,631626,54,100,2020
54,665093,"Grotz, Zac",8/3/2020,631070,54,100,2020
54,664045,"Eshelman, Thomas",8/23/2020,631670,54,100,2020
54,621097,"Waguespack, Jacob",9/16/2020,631189,54,100,2020
54,642547,"Peralta, Freddy",8/6/2020,631513,54,100,2020
54,685493,"Yamaguchi, Shun",8/20/2020,630918,54,100,2020
54,676596,"Fleming, Josh",9/16/2020,630937,54,100,2020
54,669145,"Zimmermann, Bruce",9/23/2020,631637,54,100,2020
54,608371,"Sims, Lucas",9/20/2020,631578,54,100,2020
54,541640,"Ramírez, Erasmo",9/7/2020,631225,54,100,2020
54,666200,"Luzardo, Jesús",9/24/2020,631335,54,100,2020
54,620445,"Mujica, José",9/8/2020,631071,54,100,2020
54,642547,"Peralta, Freddy",9/27/2020,630965,54,100,2020
53,606131,"Perdomo, Luis",8/13/2020,631351,53,100,2020
53,645307,"Sánchez, Ricardo",8/28/2020,630980,53,100,2020
53,656232,"Bielak, Brandon",7/27/2020,631442,53,100,2020
53,643327,"Godley, Zack",7/27/2020,631669,53,100,2020
53,607391,"Mazza, Chris",9/12/2020,630959,53,100,2020
52,663531,"Allen, Logan",9/26/2020,631537,52,100,2020
52,669060,"Wilson, Bryse",8/11/2020,631192,52,100,2020
52,642203,"Widener, Taylor",8/4/2020,630109,52,100,2020
52,596057,"Norris, Daniel",9/7/2020,631255,52,100,2020
52,667498,"Dugger, Robert",9/20/2020,631329,52,100,2020
52,605155,"Brewer, Colten",8/10/2020,631631,52,100,2020
52,656793,"Nelson, Nick",9/21/2020,630876,52,100,2020
51,664092,"Poppen, Sean",8/8/2020,631420,51,100,2020
51,594795,"Dayton, Grant",8/10/2020,631138,51,100,2020
51,596057,"Norris, Daniel",8/18/2020,631496,51,100,2020
51,543766,"Shaw, Bryan",8/14/2020,631448,51,100,2020
51,571676,"Frankoff, Seth",9/14/2020,631054,51,100,2020
51,621249,"Underwood Jr., Duane",8/6/2020,631425,51,100,2020
51,670990,"Ramírez, Yohan",8/7/2020,631045,51,100,2020
51,573204,"Thielbar, Caleb",8/4/2020,631276,51,100,2020
51,605488,"Springs, Jeffrey",8/10/2020,631631,51,100,2020
50,672578,"Hernández, Carlos",9/1/2020,631416,50,100,2020
50,681911,"Vesia, Alex",9/9/2020,630439,50,100,2020
50,571735,"Hale, David",8/6/2020,631129,50,100,2020
50,656970,"Smeltzer, Devin",7/25/2020,631515,50,100,2020
50,663776,"Sandoval, Patrick",9/16/2020,631361,50,100,2020
50,642083,"Slegers, Aaron",9/8/2020,630867,50,100,2020
50,665733,"Santos, Antonio",9/1/2020,631528,50,100,2020
50,656222,"Beeks, Jalen",7/27/2020,630969,50,100,2020
50,670950,"Richards, Trevor",9/7/2020,630857,50,100,2020
50,623454,"Anderson, Drew",8/8/2020,631503,50,100,2020
49,641302,"Alexander, Tyler",8/30/2020,631459,49,100,2020
49,542881,"Anderson, Tyler",7/29/2020,631033,49,100,2020
49,592426,"Jackson, Luke",9/23/2020,630554,49,100,2020
49,641743,"Kay, Anthony",9/15/2020,631195,49,100,2020
49,672715,"Patiño, Luis",8/9/2020,631075,49,100,2020
49,664337,"Yajure, Miguel",8/31/2020,631206,49,100,2020
49,643615,"Zeuch, T.J.",9/21/2020,630876,49,100,2020
49,664180,"Hall, Matt",8/2/2020,631210,49,100,2020
49,605498,"Suárez, Andrew",9/1/2020,631528,49,100,2020
49,608717,"Stratton, Chris",8/9/2020,631110,49,100,2020
49,670950,"Richards, Trevor",8/1/2020,630492,49,100,2020
49,593974,"Peralta, Wandy",9/17/2020,631034,49,100,2020
49,642152,"Trivino, Lou",8/18/2020,630174,49,100,2020
48,642003,"Reed, Cody",8/13/2020,631600,48,100,2020
48,621097,"Waguespack, Jacob",8/23/2020,630949,48,100,2020
48,642083,"Slegers, Aaron",9/26/2020,630939,48,100,2020
48,543101,"DeSclafani, Anthony",9/26/2020,631245,48,100,2020
48,669211,"Akin, Keegan",8/14/2020,631683,48,100,2020
48,592662,"Ray, Robbie",9/1/2020,631307,48,100,2020
48,650633,"King, Michael",8/17/2020,631199,48,100,2020
48,548389,"Stripling, Ross",9/23/2020,630885,48,100,2020
48,615698,"Quantrill, Cal",8/10/2020,631346,48,100,2020
48,607391,"Mazza, Chris",8/1/2020,631224,48,100,2020
48,592254,"De León, José",8/6/2020,631571,48,100,2020
48,519455,"Zimmermann, Jordan",9/17/2020,631464,48,100,2020
48,668687,"Scrubb, Andre",9/4/2020,631357,48,100,2020
48,542882,"Andriese, Matt",8/10/2020,631395,48,100,2020
48,664074,"Ponce, Cody",8/6/2020,631148,48,100,2020
48,642584,"Kilome, Franklyn",9/18/2020,631213,48,100,2020
48,608371,"Sims, Lucas",9/1/2020,631586,48,100,2020
48,592464,"Kickham, Mike",9/2/2020,631624,48,100,2020
48,592879,"Wojciechowski, Asher",9/11/2020,631183,48,100,2020
48,660623,"Ynoa, Huascar",8/17/2020,630316,48,100,2020
47,656793,"Nelson, Nick",9/27/2020,631188,47,100,2020
47,641743,"Kay, Anthony",8/23/2020,630949,47,100,2020
47,621097,"Waguespack, Jacob",8/20/2020,630918,47,100,2020
47,605446,"Rodríguez, Dereck",8/12/2020,631447,47,100,2020
47,592811,"Triggs, Andrew",9/2/2020,631624,47,100,2020
47,622092,"Zimmer, Kyle",8/1/2020,631413,47,100,2020
47,543901,"Weber, Ryan",8/26/2020,630863,47,100,2020
47,642083,"Slegers, Aaron",9/19/2020,631662,47,100,2020
47,607455,"Banda, Anthony",8/30/2020,631306,47,100,2020
47,621078,"Lail, Brady",9/14/2020,631054,47,100,2020
47,621097,"Waguespack, Jacob",8/12/2020,630902,47,100,2020
47,592346,"González, Chi Chi",8/30/2020,631526,47,100,2020
47,642083,"Slegers, Aaron",8/12/2020,631648,47,100,2020
46,665733,"Santos, Antonio",9/8/2020,631071,46,100,2020
46,664199,"Clarke, Taylor",8/1/2020,630100,46,100,2020
46,642584,"Kilome, Franklyn",9/1/2020,631671,46,100,2020
46,461829,"González, Gio",9/9/2020,631100,46,100,2020
46,641778,"Lauer, Eric",7/26/2020,631643,46,100,2020
46,542882,"Andriese, Matt",8/16/2020,631364,46,100,2020
46,663734,"Neidert, Nick",9/20/2020,631329,46,100,2020
46,670990,"Ramírez, Yohan",8/2/2020,631068,46,100,2020
46,607374,"Tropeano, Nick",9/9/2020,631100,46,100,2020
46,656232,"Bielak, Brandon",9/26/2020,630914,46,100,2020
46,663765,"Woodford, Jake",9/4/2020,631644,46,100,2020
46,670280,"Bednar, David",8/27/2020,631082,46,100,2020
46,592346,"González, Chi Chi",9/2/2020,631529,46,100,2020
46,641302,"Alexander, Tyler",9/18/2020,631465,46,100,2020
46,491624,"Valdez, César",8/29/2020,630906,46,100,2020
46,663776,"Sandoval, Patrick",9/23/2020,631065,46,100,2020
46,573204,"Thielbar, Caleb",9/4/2020,631456,46,100,2020
45,608718,"Suter, Brent",7/25/2020,631642,45,100,2020
45,664714,"Newsome, Ljay",8/20/2020,631049,45,100,2020
45,685493,"Yamaguchi, Shun",9/5/2020,631625,45,100,2020
45,605446,"Rodríguez, Dereck",8/16/2020,631024,45,100,2020
45,605488,"Springs, Jeffrey",8/28/2020,631653,45,100,2020
45,608371,"Sims, Lucas",9/12/2020,630988,45,100,2020
45,642528,"Loáisiga, Jonathan",7/30/2020,630496,45,100,2020
45,592879,"Wojciechowski, Asher",9/15/2020,631680,45,100,2020
45,643532,"Sharp, Sterling",8/17/2020,631325,45,100,2020
45,608718,"Suter, Brent",8/15/2020,631611,45,100,2020
45,621294,"Heller, Ben",8/30/2020,631205,45,100,2020
45,592741,"Shreve, Chasen",9/3/2020,631234,45,100,2020
45,608344,"Irvin, Cole",8/21/2020,630324,45,100,2020
45,641778,"Lauer, Eric",9/25/2020,631292,45,100,2020
44,592426,"Jackson, Luke",9/14/2020,631677,44,100,2020
44,672578,"Hernández, Carlos",9/6/2020,631407,44,100,2020
44,502179,"Espino, Paolo",9/27/2020,630854,44,100,2020
44,664042,"Lakins Sr., Travis",7/24/2020,631664,44,100,2020
44,641302,"Alexander, Tyler",8/16/2020,631479,44,100,2020
44,664042,"Lakins Sr., Travis",7/30/2020,630496,44,100,2020
44,605498,"Suárez, Andrew",9/18/2020,631163,44,100,2020
44,656546,"Hoffman, Jeff",9/25/2020,630203,44,100,2020
44,622253,"Tate, Dillon",8/20/2020,631684,44,100,2020
44,666200,"Luzardo, Jesús",7/25/2020,631181,44,100,2020
44,622503,"Crismatt, Nabil",9/15/2020,631263,44,100,2020
44,446321,"Detwiler, Ross",9/20/2020,631578,44,100,2020
44,606996,"Hart, Kyle",9/1/2020,631657,44,100,2020
44,554431,"Matzek, Tyler",8/12/2020,631208,44,100,2020
44,592464,"Kickham, Mike",9/5/2020,631625,44,100,2020
44,594795,"Dayton, Grant",9/26/2020,630570,44,100,2020
44,605155,"Brewer, Colten",7/28/2020,631663,44,100,2020
44,592612,"Osich, Josh",8/21/2020,631665,44,100,2020
44,641482,"Cortes, Nestor",8/3/2020,631070,44,100,2020
44,592426,"Jackson, Luke",8/14/2020,631322,44,100,2020
44,643478,"Palumbo, Joe",7/26/2020,630943,44,100,2020
44,572362,"Erlin, Robbie",7/29/2020,631137,44,100,2020
44,594795,"Dayton, Grant",8/14/2020,631322,44,100,2020
43,606131,"Perdomo, Luis",8/17/2020,630927,43,100,2020
43,664042,"Lakins Sr., Travis",9/11/2020,631183,43,100,2020
43,664199,"Clarke, Taylor",7/27/2020,631098,43,100,2020
43,670550,"Rodriguez, Nivaldo",7/28/2020,631443,43,100,2020
43,607374,"Tropeano, Nick",8/30/2020,631278,43,100,2020
43,572362,"Erlin, Robbie",8/10/2020,631138,43,100,2020
43,642547,"Peralta, Freddy",9/5/2020,631556,43,100,2020
43,641743,"Kay, Anthony",7/26/2020,630968,43,100,2020
43,621078,"Lail, Brady",8/14/2020,631448,43,100,2020
43,656793,"Nelson, Nick",9/2/2020,631194,43,100,2020
43,605488,"Springs, Jeffrey",8/23/2020,631670,43,100,2020
43,664141,"Brubaker, JT",8/1/2020,631622,43,100,2020
43,595928,"Curtiss, John",9/22/2020,631217,43,100,2020
43,656913,"Romero, Seth",8/13/2020,631231,43,100,2020
43,592499,"Lewicki, Artie",9/5/2020,631004,43,100,2020
43,543901,"Weber, Ryan",9/10/2020,630957,43,100,2020
43,601713,"Pivetta, Nick",7/26/2020,631126,43,100,2020
42,621368,"Hearn, Taylor",9/24/2020,630912,42,100,2020
42,491624,"Valdez, César",9/12/2020,631185,42,100,2020
42,624133,"Suárez, Ranger",9/5/2020,631228,42,100,2020
42,542882,"Andriese, Matt",8/5/2020,631043,42,100,2020
42,572362,"Erlin, Robbie",9/7/2020,630415,42,100,2020
42,656222,"Beeks, Jalen",8/15/2020,630905,42,100,2020
42,476594,"Stock, Robert",8/11/2020,631646,42,100,2020
42,606944,"Carroll, Cody",8/14/2020,631683,42,100,2020
42,626929,"Thorpe, Lewis",7/26/2020,631517,42,100,2020
42,641743,"Kay, Anthony",8/8/2020,631658,42,100,2020
42,608718,"Suter, Brent",7/28/2020,631132,42,100,2020
42,656793,"Nelson, Nick",8/18/2020,631200,42,100,2020
42,641743,"Kay, Anthony",8/14/2020,630903,42,100,2020
42,622088,"Antone, Tejay",9/18/2020,631576,42,100,2020
42,608371,"Sims, Lucas",8/27/2020,631303,42,100,2020
42,657240,"Merryweather, Julian",9/7/2020,630859,42,100,2020
42,606160,"Montero, Rafael",8/19/2020,631076,42,100,2020
42,641743,"Kay, Anthony",9/11/2020,630868,42,100,2020
41,605335,"Leibrandt, Brandon",9/5/2020,630955,41,100,2020
41,595928,"Curtiss, John",9/2/2020,631194,41,100,2020
41,541640,"Ramírez, Erasmo",9/17/2020,631117,41,100,2020
41,606131,"Perdomo, Luis",8/27/2020,631082,41,100,2020
41,661440,"Llovera, Mauricio",9/6/2020,631209,41,100,2020
41,623465,"Phillips, Evan",8/16/2020,631679,41,100,2020
41,656793,"Nelson, Nick",8/1/2020,631224,41,100,2020
41,598286,"Ramirez, Nick",9/20/2020,631454,41,100,2020
41,458708,"Tomlin, Josh",9/16/2020,631659,41,100,2020
41,457915,"Guerra, Javy",8/24/2020,630898,41,100,2020
41,453172,"Hughes, Jared",9/4/2020,631221,41,100,2020
41,621139,"Kriske, Brooks",8/30/2020,631205,41,100,2020
41,605335,"Leibrandt, Brandon",8/30/2020,631306,41,100,2020
41,570488,"Valdez, Phillips",8/10/2020,631631,41,100,2020
41,660896,"Alcala, Jorge",8/21/2020,631409,41,100,2020
41,642203,"Widener, Taylor",8/24/2020,630193,41,100,2020
41,606303,"Payamps, Joel",9/1/2020,631355,41,100,2020
41,656061,"Abreu, Albert",8/8/2020,630973,41,100,2020
41,664069,"Braymer, Ben",8/28/2020,631653,41,100,2020
41,461829,"González, Gio",9/18/2020,631576,41,100,2020
41,670167,"Schreiber, John",9/9/2020,631461,41,100,2020
41,670970,"Morejon, Adrian",9/19/2020,631036,41,100,2020
41,457915,"Guerra, Javy",8/30/2020,631655,41,100,2020
41,664045,"Eshelman, Thomas",9/11/2020,631184,41,100,2020
40,670950,"Richards, Trevor",7/26/2020,630968,40,100,2020
40,663366,"Burrows, Beau",9/10/2020,630994,40,100,2020
40,621078,"Lail, Brady",9/22/2020,631039,40,100,2020
40,621368,"Hearn, Taylor",8/25/2020,630930,40,100,2020
40,476594,"Stock, Robert",9/19/2020,631628,40,100,2020
40,595001,"Smith, Josh A.",9/1/2020,631307,40,100,2020
40,650382,"Hernández, Darwinzon",8/21/2020,631665,40,100,2020
40,622088,"Antone, Tejay",8/19/2020,631418,40,100,2020
40,570488,"Valdez, Phillips",7/31/2020,631222,40,100,2020
40,592426,"Jackson, Luke",9/18/2020,631213,40,100,2020
40,608335,"Funkhouser, Kyle",7/27/2020,631489,40,100,2020
40,595928,"Curtiss, John",8/11/2020,631646,40,100,2020
40,552640,"Kittredge, Andrew",7/26/2020,630968,40,100,2020
40,656232,"Bielak, Brandon",7/31/2020,631391,40,100,2020
40,605482,"Sneed, Cy",9/7/2020,631159,40,100,2020
40,664337,"Yajure, Miguel",9/26/2020,631193,40,100,2020
40,664682,"Meisinger, Ryan",8/18/2020,631620,40,100,2020
40,554431,"Matzek, Tyler",9/21/2020,630440,40,100,2020
40,547179,"Lorenzen, Michael",9/10/2020,631634,40,100,2020
40,642528,"Loáisiga, Jonathan",9/21/2020,630876,40,100,2020
40,641793,"Littell, Zack",7/30/2020,631271,40,100,2020
40,623485,"Goudeau, Ashton",9/27/2020,630202,40,100,2020
40,607374,"Tropeano, Nick",8/25/2020,631499,40,100,2020
40,598286,"Ramirez, Nick",9/12/2020,631495,40,100,2020
40,656970,"Smeltzer, Devin",8/17/2020,631258,40,100,2020
40,517008,"Colomé, Alex",9/4/2020,631406,40,100,2020
40,670970,"Morejon, Adrian",8/31/2020,631527,40,100,2020
40,607352,"Biagini, Joe",8/22/2020,631079,40,100,2020
40,657044,"Thompson, Ryan",7/31/2020,630592,40,100,2020
40,592094,"Adam, Jason",8/19/2020,631621,40,100,2020
40,641302,"Alexander, Tyler",9/10/2020,630995,40,100,2020
39,621129,"Cody, Kyle",8/29/2020,630934,39,100,2020
39,598286,"Ramirez, Nick",9/17/2020,631464,39,100,2020
39,621368,"Hearn, Taylor",8/22/2020,631051,39,100,2020
39,670990,"Ramírez, Yohan",7/27/2020,631442,39,100,2020
39,658551,"Fernández, Junior",8/28/2020,630980,39,100,2020
39,621052,"Reyes, Alex",9/18/2020,631102,39,100,2020
39,605538,"Wisler, Matt",7/26/2020,631517,39,100,2020
39,656970,"Smeltzer, Devin",8/2/2020,631274,39,100,2020
39,650633,"King, Michael",9/15/2020,631195,39,100,2020
39,608335,"Funkhouser, Kyle",8/14/2020,631476,39,100,2020
39,656547,"Holder, Jonathan",9/27/2020,631188,39,100,2020
39,621290,"Bacus, Dakota",8/24/2020,630898,39,100,2020
39,622253,"Tate, Dillon",8/17/2020,631678,39,100,2020
39,656876,"Rasmussen, Drew",8/19/2020,631249,39,100,2020
39,670280,"Bednar, David",8/15/2020,630116,39,100,2020
39,656876,"Rasmussen, Drew",8/31/2020,631281,39,100,2020
39,570240,"Peña, Félix",7/27/2020,631168,39,100,2020
39,572143,"Smith, Burch",8/9/2020,631178,39,100,2020
39,668687,"Scrubb, Andre",7/28/2020,631443,39,100,2020
39,596035,"McClain, Reggie",8/21/2020,630324,39,100,2020
39,570666,"Cessa, Luis",9/23/2020,630885,39,100,2020
39,592773,"Stanek, Ryne",9/26/2020,631193,39,100,2020
39,672911,"Cruz, Jesus",8/18/2020,631620,39,100,2020
39,592644,"Plutko, Adam",9/22/2020,631550,39,100,2020
39,656793,"Nelson, Nick",9/6/2020,631676,39,100,2020
39,642578,"Rodríguez, José",8/2/2020,631393,39,100,2020
39,607067,"Rea, Colin",8/21/2020,631633,39,100,2020
39,621141,"Lockett, Walker",9/18/2020,631040,39,100,2020
38,621368,"Hearn, Taylor",9/12/2020,630932,38,100,2020
38,623149,"Sewald, Paul",8/10/2020,631233,38,100,2020
38,592229,"Covey, Dylan",9/19/2020,631628,38,100,2020
38,598264,"Barnes, Matt",8/19/2020,631652,38,100,2020
38,600887,"Del Pozo, Miguel",8/7/2020,631105,38,100,2020
38,547179,"Lorenzen, Michael",8/13/2020,631600,38,100,2020
38,607179,"Weems, Jordan",9/12/2020,630910,38,100,2020
38,660600,"Paredes, Enoli",8/7/2020,631176,38,100,2020
38,544727,"Familia, Jeurys",8/12/2020,631232,38,100,2020
38,518553,"Cishek, Steve",9/20/2020,631578,38,100,2020
38,656793,"Nelson, Nick",8/5/2020,631220,38,100,2020
38,458708,"Tomlin, Josh",7/28/2020,630970,38,100,2020
38,676606,"Margevicius, Nick",8/1/2020,631067,38,100,2020
38,642083,"Slegers, Aaron",9/13/2020,630947,38,100,2020
38,622490,"Leyer, Robinson",9/4/2020,630865,38,100,2020
38,468504,"Chacín, Jhoulys",7/31/2020,630275,38,100,2020
38,571521,"Brothers, Rex",7/29/2020,631594,38,100,2020
38,672335,"Pérez, Cionel",8/24/2020,631439,38,100,2020
38,664199,"Clarke, Taylor",8/12/2020,631535,38,100,2020
38,657053,"Toussaint, Touki",8/23/2020,630273,38,100,2020
38,676604,"Zuber, Tyler",9/15/2020,631462,38,100,2020
38,665621,"García, Rony",8/17/2020,631493,38,100,2020
38,518748,"Grimm, Justin",8/12/2020,631300,38,100,2020
38,605240,"Fry, Jace",9/25/2020,631486,38,100,2020
38,621097,"Waguespack, Jacob",8/7/2020,631623,38,100,2020
38,641401,"Brogdon, Connor",8/13/2020,631142,38,100,2020
38,543883,"Vincent, Nick",9/26/2020,631193,38,100,2020
38,596057,"Norris, Daniel",9/12/2020,631495,38,100,2020
37,664045,"Eshelman, Thomas",8/4/2020,630575,37,100,2020
37,641582,"Foster, Matt",8/28/2020,631501,37,100,2020
37,663366,"Burrows, Beau",7/27/2020,631489,37,100,2020
37,667463,"King, John",9/20/2020,631375,37,100,2020
37,592390,"Hembree, Heath",9/20/2020,631128,37,100,2020
37,598264,"Barnes, Matt",7/30/2020,631238,37,100,2020
37,594795,"Dayton, Grant",9/23/2020,630554,37,100,2020
37,685493,"Yamaguchi, Shun",9/8/2020,630860,37,100,2020
37,650633,"King, Michael",7/25/2020,630899,37,100,2020
37,570666,"Cessa, Luis",9/2/2020,631194,37,100,2020
37,667463,"King, John",9/15/2020,631433,37,100,2020
37,607560,"Harper, Ryne",8/23/2020,630897,37,100,2020
37,554340,"García, Yimi",7/26/2020,631126,37,100,2020
37,600968,"Rosario, Randy",9/1/2020,631416,37,100,2020
37,641582,"Foster, Matt",9/13/2020,631481,37,100,2020
37,664856,"Adams, Chance",9/1/2020,631416,37,100,2020
37,642701,"Santana, Dennis",8/16/2020,631364,37,100,2020
37,623149,"Sewald, Paul",7/26/2020,631240,37,100,2020
37,605240,"Fry, Jace",9/27/2020,631488,37,100,2020
37,592464,"Kickham, Mike",9/23/2020,631637,37,100,2020
37,657044,"Thompson, Ryan",7/28/2020,630970,37,100,2020
37,641672,"Hatch, Thomas",8/15/2020,630905,37,100,2020
37,641482,"Cortes, Nestor",7/28/2020,631387,37,100,2020
37,664045,"Eshelman, Thomas",8/19/2020,631682,37,100,2020
37,660896,"Alcala, Jorge",9/15/2020,631483,37,100,2020
37,608652,"Farrell, Luke",9/12/2020,630932,37,100,2020
37,664856,"Adams, Chance",8/24/2020,630977,37,100,2020
37,642547,"Peralta, Freddy",8/14/2020,631610,37,100,2020
37,641851,"McGowin, Kyle",9/27/2020,630854,37,100,2020
37,592741,"Shreve, Chasen",7/31/2020,630275,37,100,2020
36,641838,"McCarthy, Kevin",8/6/2020,631425,36,100,2020
36,542882,"Andriese, Matt",9/4/2020,631357,36,100,2020
36,669214,"Menez, Conner",8/10/2020,631445,36,100,2020
36,650382,"Hernández, Darwinzon",8/25/2020,630862,36,100,2020
36,621345,"Minter, A.J.",9/10/2020,630869,36,100,2020
36,641302,"Alexander, Tyler",9/13/2020,631481,36,100,2020
36,592233,"Crichton, Stefan",8/9/2020,631075,36,100,2020
36,642528,"Loáisiga, Jonathan",8/12/2020,631208,36,100,2020
36,548384,"Raley, Brooks",7/27/2020,631592,36,100,2020
36,656547,"Holder, Jonathan",9/20/2020,631635,36,100,2020
36,667498,"Dugger, Robert",8/30/2020,631306,36,100,2020
36,605138,"Benjamin, Wes",9/7/2020,631031,36,100,2020
36,622075,"Almonte, Yency",8/1/2020,631540,36,100,2020
36,663465,"Allard, Kolby",9/22/2020,630243,36,100,2020
36,621290,"Bacus, Dakota",8/30/2020,631655,36,100,2020
36,554431,"Matzek, Tyler",8/2/2020,630280,36,100,2020
36,592826,"Velasquez, Vince",8/30/2020,631135,36,100,2020
36,528748,"Castellanos, Humberto",9/5/2020,631440,36,100,2020
36,621076,"Kaprielian, James",9/26/2020,631055,36,100,2020
36,641851,"McGowin, Kyle",9/5/2020,630383,36,100,2020
36,571735,"Hale, David",9/11/2020,631318,36,100,2020
36,543901,"Weber, Ryan",8/16/2020,631198,36,100,2020
36,622256,"Weigel, Patrick",9/4/2020,630323,36,100,2020
35,664129,"Hartlieb, Geoff",9/14/2020,631590,35,100,2020
35,554431,"Matzek, Tyler",8/29/2020,631134,35,100,2020
35,612434,"Castro, Miguel",8/5/2020,630591,35,100,2020
35,642232,"Yarbrough, Ryan",9/26/2020,630939,35,100,2020
35,595001,"Smith, Josh A.",8/17/2020,631325,35,100,2020
35,672715,"Patiño, Luis",8/29/2020,631525,35,100,2020
35,621242,"Díaz, Edwin",7/30/2020,631238,35,100,2020
35,626929,"Thorpe, Lewis",8/29/2020,631458,35,100,2020
35,570488,"Valdez, Phillips",8/13/2020,631650,35,100,2020
35,642547,"Peralta, Freddy",9/12/2020,631285,35,100,2020
35,664157,"Bergen, Travis",9/25/2020,630203,35,100,2020
35,453268,"Bard, Daniel",9/20/2020,631519,35,100,2020
35,656240,"Blewett, Scott",9/18/2020,631266,35,100,2020
35,622088,"Antone, Tejay",9/22/2020,631580,35,100,2020
35,605143,"Black, Ray",9/15/2020,631263,35,100,2020
35,596720,"Neverauskas, Dovydas",9/13/2020,631401,35,100,2020
35,670970,"Morejon, Adrian",9/23/2020,631065,35,100,2020
35,664092,"Poppen, Sean",8/25/2020,631553,35,100,2020
35,488984,"Hunter, Tommy",9/22/2020,630896,35,100,2020
35,642233,"Yardley, Eric",8/12/2020,631300,35,100,2020
35,664299,"Javier, Cristian",9/13/2020,631332,35,100,2020
35,622780,"Perdomo, Angel",8/20/2020,631248,35,100,2020
35,660896,"Alcala, Jorge",8/8/2020,631420,35,100,2020
35,660896,"Alcala, Jorge",8/3/2020,631275,35,100,2020
35,623149,"Sewald, Paul",8/4/2020,630874,35,100,2020
35,680702,"Gerber, Joey",8/8/2020,631046,35,100,2020
35,663765,"Woodford, Jake",8/24/2020,630977,35,100,2020
35,676051,"Heuer, Codi",9/22/2020,631550,35,100,2020
35,502706,"Holland, Derek",9/5/2020,631115,35,100,2020
35,607352,"Biagini, Joe",8/25/2020,631426,35,100,2020
35,623352,"Hader, Josh",8/14/2020,631610,35,100,2020
35,642701,"Santana, Dennis",8/19/2020,631048,35,100,2020
35,664337,"Yajure, Miguel",9/5/2020,631675,35,100,2020
35,664199,"Clarke, Taylor",8/19/2020,631179,35,100,2020
35,516969,"Herrera, Kelvin",7/26/2020,631517,35,100,2020
35,543557,"Montgomery, Mike",9/26/2020,631385,35,100,2020
35,642083,"Slegers, Aaron",9/5/2020,630955,35,100,2020
35,642547,"Peralta, Freddy",8/31/2020,631281,35,100,2020
35,502748,"Peacock, Brad",9/5/2020,631440,35,100,2020
35,656420,"Feyereisen, J.P.",9/8/2020,631460,35,100,2020
35,622490,"Leyer, Robinson",9/6/2020,631626,35,100,2020
35,670550,"Rodriguez, Nivaldo",8/5/2020,630110,35,100,2020
35,572125,"Selman, Sam",8/7/2020,631358,35,100,2020
35,621076,"Kaprielian, James",8/16/2020,631024,35,100,2020
35,641401,"Brogdon, Connor",9/18/2020,631122,35,100,2020
35,542882,"Andriese, Matt",8/22/2020,631154,35,100,2020
35,623470,"Newberry, Jake",8/22/2020,631403,35,100,2020
34,621141,"Lockett, Walker",9/9/2020,631008,34,100,2020
34,668338,"Miller, Tyson",9/5/2020,630998,34,100,2020
34,645307,"Sánchez, Ricardo",8/17/2020,630996,34,100,2020
34,641401,"Brogdon, Connor",9/13/2020,631312,34,100,2020
34,592773,"Stanek, Ryne",9/21/2020,630440,34,100,2020
34,534910,"Hahn, Jesse",8/23/2020,631412,34,100,2020
34,605482,"Sneed, Cy",7/29/2020,631444,34,100,2020
34,572888,"Greene, Shane",8/28/2020,631125,34,100,2020
34,543483,"Magill, Matt",8/17/2020,631352,34,100,2020
34,571735,"Hale, David",8/1/2020,631224,34,100,2020
34,592165,"Brennan, Brandon",9/16/2020,631032,34,100,2020
34,641582,"Foster, Matt",8/3/2020,631293,34,100,2020
34,656970,"Smeltzer, Devin",8/23/2020,631412,34,100,2020
34,605488,"Springs, Jeffrey",7/27/2020,631669,34,100,2020
34,656977,"Sobotka, Chad",9/5/2020,630383,34,100,2020
34,596295,"Gomber, Austin",8/29/2020,630981,34,100,2020
34,664199,"Clarke, Taylor",8/16/2020,630117,34,100,2020
34,572096,"Rosenthal, Trevor",8/26/2020,630979,34,100,2020
34,656222,"Beeks, Jalen",8/8/2020,630973,34,100,2020
34,665759,"Rosso, Ramón",8/19/2020,631652,34,100,2020
34,664157,"Bergen, Travis",8/25/2020,630862,34,100,2020
34,650895,"Castillo, Diego",9/17/2020,631660,34,100,2020
34,448855,"Guerra, Junior",8/25/2020,630194,34,100,2020
34,643532,"Sharp, Sterling",8/23/2020,630897,34,100,2020
34,592741,"Shreve, Chasen",8/30/2020,631229,34,100,2020
34,518617,"Diekman, Jake",8/2/2020,631068,34,100,2020
34,664129,"Hartlieb, Geoff",8/5/2020,631140,34,100,2020
34,596295,"Gomber, Austin",8/19/2020,631621,34,100,2020
34,518886,"Kimbrel, Craig",7/27/2020,631592,34,100,2020
34,518553,"Cishek, Steve",9/3/2020,631405,34,100,2020
34,594795,"Dayton, Grant",8/17/2020,630316,34,100,2020
34,685493,"Yamaguchi, Shun",9/27/2020,630858,34,100,2020
34,672715,"Patiño, Luis",8/13/2020,631351,34,100,2020
34,592426,"Jackson, Luke",8/11/2020,631192,34,100,2020
34,592612,"Osich, Josh",8/17/2020,631199,34,100,2020
34,664042,"Lakins Sr., Travis",9/27/2020,630858,34,100,2020
34,570488,"Valdez, Phillips",9/3/2020,631614,34,100,2020
34,656876,"Rasmussen, Drew",9/25/2020,631292,34,100,2020
34,685493,"Yamaguchi, Shun",7/29/2020,630916,34,100,2020
34,613534,"Adams, Austin",9/27/2020,631002,34,100,2020
34,642547,"Peralta, Freddy",8/27/2020,631303,34,100,2020
34,592229,"Covey, Dylan",8/14/2020,631196,34,100,2020
34,594577,"Mayers, Mike",9/17/2020,631362,34,100,2020
34,642701,"Santana, Dennis",7/25/2020,631382,34,100,2020
34,664139,"Gibaut, Ian",8/10/2020,630923,34,100,2020
34,518649,"Eibner, Brett",9/22/2020,630385,34,100,2020
34,622092,"Zimmer, Kyle",9/12/2020,631400,34,100,2020
33,664045,"Eshelman, Thomas",9/22/2020,631636,33,100,2020
33,643338,"Green, Chad",8/16/2020,631198,33,100,2020
33,608648,"Duffey, Tyler",9/6/2020,631254,33,100,2020
33,657240,"Merryweather, Julian",9/12/2020,630870,33,100,2020
33,675916,"Karinchak, James",8/12/2020,631568,33,100,2020
33,605525,"Wendelken, J.B.",9/8/2020,631160,33,100,2020
33,622251,"Staumont, Josh",8/9/2020,631421,33,100,2020
33,592612,"Osich, Josh",8/13/2020,631650,33,100,2020
33,573124,"Rogers, Taylor",8/31/2020,631247,33,100,2020
33,622065,"Young, Alex",8/7/2020,631073,33,100,2020
33,491624,"Valdez, César",9/4/2020,630497,33,100,2020
33,641672,"Hatch, Thomas",8/9/2020,631630,33,100,2020
33,650893,"Cabrera, Génesis",9/13/2020,630961,33,100,2020
33,605525,"Wendelken, J.B.",9/22/2020,631333,33,100,2020
33,657097,"Webb, Jacob",9/8/2020,630438,33,100,2020
33,521655,"Font, Wilmer",9/21/2020,630876,33,100,2020
33,656546,"Hoffman, Jeff",9/18/2020,631511,33,100,2020
33,598286,"Ramirez, Nick",9/10/2020,630994,33,100,2020
33,453172,"Hughes, Jared",8/13/2020,631231,33,100,2020
33,572143,"Smith, Burch",8/5/2020,631174,33,100,2020
33,607179,"Weems, Jordan",7/31/2020,631066,33,100,2020
33,621249,"Underwood Jr., Duane",8/19/2020,631621,33,100,2020
33,660600,"Paredes, Enoli",7/31/2020,631391,33,100,2020
33,608717,"Stratton, Chris",8/6/2020,631148,33,100,2020
33,642701,"Santana, Dennis",7/29/2020,631444,33,100,2020
33,642121,"Sulser, Cole",8/22/2020,631667,33,100,2020
33,623470,"Newberry, Jake",9/18/2020,631266,33,100,2020
33,621107,"Eflin, Zach",9/27/2020,630945,33,100,2020
33,641907,"Murphy, Patrick",9/21/2020,630876,33,100,2020
33,683232,"Mears, Nick",8/8/2020,631106,33,100,2020
33,622786,"Tinoco, Jesus",8/26/2020,631226,33,100,2020
33,660431,"Perez, Hector",9/16/2020,631189,33,100,2020
33,666622,"Marquez, Brailyn",9/27/2020,631488,33,100,2020
33,592741,"Shreve, Chasen",9/9/2020,631212,33,100,2020
33,592222,"Claudio, Alex",8/21/2020,631103,33,100,2020
33,570666,"Cessa, Luis",8/15/2020,631197,33,100,2020
33,656547,"Holder, Jonathan",8/6/2020,631129,33,100,2020
33,598286,"Ramirez, Nick",9/23/2020,631250,33,100,2020
33,519393,"Walden, Marcus",7/26/2020,631668,33,100,2020
33,670329,"Garcia, Rico",9/9/2020,631008,33,100,2020
33,624133,"Suárez, Ranger",9/13/2020,631320,33,100,2020
33,595001,"Smith, Josh A.",8/25/2020,631323,33,100,2020
33,592426,"Jackson, Luke",8/30/2020,631135,33,100,2020
33,592741,"Shreve, Chasen",8/10/2020,631233,33,100,2020
33,663765,"Woodford, Jake",9/15/2020,631263,33,100,2020
33,592741,"Shreve, Chasen",8/7/2020,631237,33,100,2020
33,500779,"Quintana, Jose",9/27/2020,631488,33,100,2020
33,571858,"Kline, Branden",9/4/2020,631674,33,100,2020
33,656887,"Reid-Foley, Sean",9/4/2020,630865,33,100,2020
33,592426,"Jackson, Luke",9/27/2020,630573,33,100,2020
33,656222,"Beeks, Jalen",7/24/2020,630966,33,100,2020
33,572193,"Tepera, Ryan",8/30/2020,631584,33,100,2020
33,642528,"Loáisiga, Jonathan",9/18/2020,631627,33,100,2020
33,592233,"Crichton, Stefan",7/25/2020,631092,33,100,2020
33,592094,"Adam, Jason",9/26/2020,631487,33,100,2020
33,592773,"Stanek, Ryne",7/25/2020,631108,33,100,2020
33,641360,"Bickford, Phil",9/1/2020,631287,33,100,2020
33,607179,"Weems, Jordan",7/28/2020,631171,33,100,2020
33,502239,"Cahill, Trevor",9/16/2020,631032,33,100,2020
33,656464,"Ginkel, Kevin",7/24/2020,631091,33,100,2020
33,656970,"Smeltzer, Devin",9/6/2020,631254,33,100,2020
33,593974,"Peralta, Wandy",7/24/2020,631378,33,100,2020
33,656887,"Reid-Foley, Sean",9/7/2020,630859,33,100,2020
33,570240,"Peña, Félix",8/25/2020,631426,33,100,2020
33,663765,"Woodford, Jake",9/8/2020,630983,33,100,2020
33,607067,"Rea, Colin",8/11/2020,631572,33,100,2020
33,641672,"Hatch, Thomas",8/24/2020,630950,33,100,2020
33,641755,"Kinley, Tyler",9/12/2020,631531,33,100,2020
33,622065,"Young, Alex",7/30/2020,630145,33,100,2020
32,607200,"Fedde, Erick",8/12/2020,631232,32,100,2020
32,571735,"Hale, David",9/5/2020,631228,32,100,2020
32,621242,"Díaz, Edwin",9/3/2020,631234,32,100,2020
32,608717,"Stratton, Chris",9/11/2020,631399,32,100,2020
32,656546,"Hoffman, Jeff",8/14/2020,631516,32,100,2020
32,607179,"Weems, Jordan",9/20/2020,631166,32,100,2020
32,672715,"Patiño, Luis",8/18/2020,630928,32,100,2020
32,643316,"Fry, Paul",9/5/2020,631675,32,100,2020
32,622088,"Antone, Tejay",8/12/2020,631599,32,100,2020
32,476594,"Stock, Robert",8/28/2020,631653,32,100,2020
32,623437,"Topa, Justin",9/1/2020,631287,32,100,2020
32,661255,"López, Yoan",8/26/2020,630099,32,100,2020
32,657240,"Merryweather, Julian",8/22/2020,630948,32,100,2020
32,621345,"Minter, A.J.",8/30/2020,631135,32,100,2020
32,622072,"Wood, Alex",9/26/2020,631337,32,100,2020
32,664042,"Lakins Sr., Travis",8/18/2020,631681,32,100,2020
32,605538,"Wisler, Matt",8/11/2020,631299,32,100,2020
32,621052,"Reyes, Alex",8/29/2020,630981,32,100,2020
32,624647,"González, Victor",8/19/2020,631048,32,100,2020
32,596112,"Stephenson, Robert",8/30/2020,631584,32,100,2020
32,594795,"Dayton, Grant",9/18/2020,631213,32,100,2020
32,596057,"Norris, Daniel",8/14/2020,631476,32,100,2020
32,672715,"Patiño, Luis",8/23/2020,631080,32,100,2020
32,554431,"Matzek, Tyler",9/5/2020,630383,32,100,2020
32,592804,"Thornburg, Tyler",8/14/2020,631601,32,100,2020
32,621237,"Alvarado, José",7/29/2020,630272,32,100,2020
32,605538,"Wisler, Matt",9/19/2020,631632,32,100,2020
32,663765,"Woodford, Jake",9/13/2020,630961,32,100,2020
32,641743,"Kay, Anthony",8/16/2020,630872,32,100,2020
32,657376,"Schmidt, Clarke",9/4/2020,630497,32,100,2020
32,543219,"Gilmartin, Sean",8/22/2020,630948,32,100,2020
32,475054,"Roe, Chaz",8/7/2020,630974,32,100,2020
32,615698,"Quantrill, Cal",8/21/2020,631078,32,100,2020
32,664856,"Adams, Chance",9/6/2020,631407,32,100,2020
32,685493,"Yamaguchi, Shun",8/18/2020,631681,32,100,2020
32,543056,"Coulombe, Danny",8/22/2020,631403,32,100,2020
32,623437,"Topa, Justin",9/24/2020,630975,32,100,2020
32,676220,"Elledge, Seth",8/20/2020,630986,32,100,2020
32,545064,"Díaz, Jairo",9/1/2020,631528,32,100,2020
32,623470,"Newberry, Jake",8/1/2020,631413,32,100,2020
32,593974,"Peralta, Wandy",9/21/2020,631009,32,100,2020
32,608717,"Stratton, Chris",8/20/2020,631118,32,100,2020
32,621078,"Lail, Brady",8/6/2020,631513,32,100,2020
32,641739,"Kaminsky, Rob",9/15/2020,631263,32,100,2020
32,595001,"Smith, Josh A.",9/23/2020,630554,32,100,2020
32,667463,"King, John",9/4/2020,631041,32,100,2020
32,641672,"Hatch, Thomas",9/6/2020,631626,32,100,2020
32,676596,"Fleming, Josh",9/21/2020,631216,32,100,2020
32,519393,"Walden, Marcus",8/18/2020,631651,32,100,2020
32,683232,"Mears, Nick",8/22/2020,631104,32,100,2020
32,596101,"Shafer, Justin",8/17/2020,631325,32,100,2020
32,518489,"Brasier, Ryan",9/25/2020,630569,32,100,2020
32,643230,"Brault, Steven",8/7/2020,631105,32,100,2020
32,670167,"Schreiber, John",9/6/2020,631254,32,100,2020
32,572096,"Rosenthal, Trevor",9/20/2020,631037,32,100,2020
32,607572,"Howard, Sam",9/14/2020,631588,32,100,2020
32,606965,"Devenski, Chris",7/26/2020,631441,32,100,2020
32,643338,"Green, Chad",8/8/2020,630962,32,100,2020
32,593144,"Rodríguez, Richard",8/9/2020,631110,32,100,2020
32,518617,"Diekman, Jake",8/23/2020,631170,32,100,2020
32,453268,"Bard, Daniel",8/25/2020,630194,32,100,2020
32,643778,"Webb, Tyler",9/7/2020,631605,32,100,2020
32,594795,"Dayton, Grant",9/5/2020,630383,32,100,2020
32,672715,"Patiño, Luis",8/5/2020,631085,32,100,2020
32,615698,"Quantrill, Cal",9/19/2020,631466,32,100,2020
32,670970,"Morejon, Adrian",9/10/2020,631072,32,100,2020
32,623352,"Hader, Josh",8/29/2020,631277,32,100,2020
32,605525,"Wendelken, J.B.",8/23/2020,631170,32,100,2020
31,670426,"Diehl, Phillip",8/30/2020,631526,31,100,2020
31,448855,"Guerra, Junior",9/9/2020,630221,31,100,2020
31,592426,"Jackson, Luke",9/4/2020,630323,31,100,2020
31,660896,"Alcala, Jorge",8/15/2020,631279,31,100,2020
31,453172,"Hughes, Jared",8/3/2020,630281,31,100,2020
31,445276,"Jansen, Kenley",9/8/2020,630220,31,100,2020
31,657624,"James, Josh",8/10/2020,631445,31,100,2020
31,592165,"Brennan, Brandon",7/25/2020,631453,31,100,2020
31,542914,"Bass, Anthony",8/11/2020,630901,31,100,2020
31,593833,"Suero, Wander",9/22/2020,630896,31,100,2020
31,502026,"Jeffress, Jeremy",8/23/2020,631639,31,100,2020
31,642207,"Williams, Devin",9/22/2020,631580,31,100,2020
31,650556,"Abreu, Bryan",7/26/2020,631441,31,100,2020
31,453284,"Parker, Blake",9/21/2020,630884,31,100,2020
31,571858,"Kline, Branden",9/25/2020,630889,31,100,2020
31,592135,"Bedrosian, Cam",7/31/2020,631391,31,100,2020
31,521655,"Font, Wilmer",9/6/2020,631626,31,100,2020
31,615698,"Quantrill, Cal",9/1/2020,631416,31,100,2020
31,502706,"Holland, Derek",9/14/2020,631590,31,100,2020
31,642207,"Williams, Devin",8/31/2020,631281,31,100,2020
31,665621,"García, Rony",8/11/2020,631474,31,100,2020
31,605155,"Brewer, Colten",7/31/2020,631222,31,100,2020
31,570240,"Peña, Félix",8/1/2020,631392,31,100,2020
31,501789,"Harris, Will",9/7/2020,630857,31,100,2020
31,444468,"Rondón, Héctor",9/26/2020,630271,31,100,2020
31,656546,"Hoffman, Jeff",8/8/2020,631046,31,100,2020
31,517008,"Colomé, Alex",7/29/2020,631569,31,100,2020
31,621290,"Bacus, Dakota",9/6/2020,630491,31,100,2020
31,608718,"Suter, Brent",8/9/2020,631297,31,100,2020
31,641729,"Jiménez, Joe",8/7/2020,631105,31,100,2020
31,607560,"Harper, Ryne",8/12/2020,631232,31,100,2020
31,605525,"Wendelken, J.B.",8/7/2020,631176,31,100,2020
31,685493,"Yamaguchi, Shun",8/12/2020,630902,31,100,2020
31,595928,"Curtiss, John",8/9/2020,630946,31,100,2020
31,548384,"Raley, Brooks",8/20/2020,631523,31,100,2020
31,607560,"Harper, Ryne",7/25/2020,630899,31,100,2020
31,665621,"García, Rony",9/6/2020,631254,31,100,2020
31,650893,"Cabrera, Génesis",9/27/2020,630965,31,100,2020
31,570666,"Cessa, Luis",9/20/2020,631635,31,100,2020
31,656464,"Ginkel, Kevin",9/8/2020,630220,31,100,2020
31,642546,"Hernández, Jonathan",8/2/2020,631021,31,100,2020
31,446321,"Detwiler, Ross",8/29/2020,631502,31,100,2020
31,657044,"Thompson, Ryan",7/24/2020,630966,31,100,2020
31,570257,"Rodríguez, Joely",8/28/2020,630933,31,100,2020
31,543901,"Weber, Ryan",8/19/2020,631652,31,100,2020
31,608335,"Funkhouser, Kyle",9/6/2020,631254,31,100,2020
31,612434,"Castro, Miguel",9/3/2020,631234,31,100,2020
31,676220,"Elledge, Seth",8/18/2020,631620,31,100,2020
31,606160,"Montero, Rafael",8/24/2020,630929,31,100,2020
31,547179,"Lorenzen, Michael",8/21/2020,630990,31,100,2020
31,621141,"Lockett, Walker",8/28/2020,631203,31,100,2020
31,518858,"Jones, Nate",8/23/2020,630976,31,100,2020
31,656887,"Reid-Foley, Sean",9/9/2020,630864,31,100,2020
31,547179,"Lorenzen, Michael",8/23/2020,630976,31,100,2020
31,460077,"Butera, Drew",9/1/2020,631528,31,100,2020
31,667465,"Fletcher, Aaron",8/29/2020,631369,31,100,2020
31,594987,"Sadler, Casey",9/16/2020,631032,31,100,2020
31,656420,"Feyereisen, J.P.",9/13/2020,631286,31,100,2020
31,621052,"Reyes, Alex",9/24/2020,630975,31,100,2020
30,642203,"Widener, Taylor",8/15/2020,630116,30,100,2020
30,673258,"Baez, Michel",8/25/2020,631081,30,100,2020
30,605276,"Hess, David",8/13/2020,631142,30,100,2020
30,622088,"Antone, Tejay",8/22/2020,630991,30,100,2020
30,542960,"Brach, Brad",8/29/2020,631204,30,100,2020
30,642130,"Taylor, Blake",7/29/2020,631444,30,100,2020
30,664199,"Clarke, Taylor",8/7/2020,631073,30,100,2020
30,518489,"Brasier, Ryan",8/16/2020,631198,30,100,2020
30,663474,"McKenzie, Triston",9/23/2020,631534,30,100,2020
30,676604,"Zuber, Tyler",9/22/2020,631411,30,100,2020
30,570240,"Peña, Félix",9/17/2020,631362,30,100,2020
30,658305,"García, Edgar",8/31/2020,631206,30,100,2020
30,641302,"Alexander, Tyler",9/24/2020,631398,30,100,2020
30,605498,"Suárez, Andrew",8/27/2020,631017,30,100,2020
30,570257,"Rodríguez, Joely",8/11/2020,630924,30,100,2020
30,571948,"Milner, Hoby",9/9/2020,630925,30,100,2020
30,657024,"Swanson, Erik",9/16/2020,631032,30,100,2020
30,541640,"Ramírez, Erasmo",9/11/2020,630868,30,100,2020
30,663734,"Neidert, Nick",7/25/2020,631108,30,100,2020
30,663399,"Waddell, Brandon",8/20/2020,631118,30,100,2020
30,676606,"Margevicius, Nick",7/29/2020,631389,30,100,2020
30,683232,"Mears, Nick",8/28/2020,631291,30,100,2020
30,607572,"Howard, Sam",8/2/2020,631606,30,100,2020
30,594987,"Sadler, Casey",9/22/2020,631039,30,100,2020
30,457915,"Guerra, Javy",9/1/2020,631153,30,100,2020
30,542585,"Cisnero, José",8/2/2020,631469,30,100,2020
30,641907,"Murphy, Patrick",9/18/2020,630907,30,100,2020
30,657612,"Hill, Tim",8/4/2020,631069,30,100,2020
30,664856,"Adams, Chance",9/15/2020,631462,30,100,2020
30,592426,"Jackson, Luke",8/1/2020,630278,30,100,2020
30,660623,"Ynoa, Huascar",8/21/2020,630324,30,100,2020
30,623465,"Phillips, Evan",9/19/2020,631662,30,100,2020
30,673633,"Hirano, Yoshihisa",9/4/2020,631041,30,100,2020
30,607481,"Bummer, Aaron",8/7/2020,631504,30,100,2020
30,664042,"Lakins Sr., Travis",8/31/2020,630900,30,100,2020
30,656876,"Rasmussen, Drew",8/28/2020,631291,30,100,2020
30,608652,"Farrell, Luke",7/31/2020,631019,30,100,2020
30,685493,"Yamaguchi, Shun",9/1/2020,631307,30,100,2020
30,458708,"Tomlin, Josh",8/12/2020,631208,30,100,2020
30,592865,"Williams, Taylor",7/26/2020,631441,30,100,2020
30,657097,"Webb, Jacob",9/26/2020,630570,30,100,2020
30,593576,"Neris, Héctor",8/11/2020,631139,30,100,2020
30,642121,"Sulser, Cole",8/8/2020,630880,30,100,2020
30,621078,"Lail, Brady",8/17/2020,631352,30,100,2020
30,608717,"Stratton, Chris",9/8/2020,631096,30,100,2020
30,605195,"Crick, Kyle",9/12/2020,631400,30,100,2020
30,642121,"Sulser, Cole",8/18/2020,631681,30,100,2020
30,650893,"Cabrera, Génesis",8/21/2020,630990,30,100,2020
30,593576,"Neris, Héctor",9/27/2020,630945,30,100,2020
30,592254,"De León, José",9/12/2020,630988,30,100,2020
30,608718,"Suter, Brent",9/20/2020,631268,30,100,2020
30,461325,"Clippard, Tyler",9/15/2020,631483,30,100,2020
30,642152,"Trivino, Lou",8/15/2020,631023,30,100,2020
30,518715,"Gearrin, Cory",8/9/2020,631421,30,100,2020
30,592804,"Thornburg, Tyler",9/1/2020,631586,30,100,2020
30,622780,"Perdomo, Angel",8/22/2020,631104,30,100,2020
30,656222,"Beeks, Jalen",7/30/2020,630346,30,100,2020
30,621237,"Alvarado, José",8/14/2020,630903,30,100,2020
30,665621,"García, Rony",8/21/2020,631548,30,100,2020
30,570488,"Valdez, Phillips",8/29/2020,631654,30,100,2020
30,605525,"Wendelken, J.B.",8/14/2020,631022,30,100,2020
30,642546,"Hernández, Jonathan",9/25/2020,630913,30,100,2020
30,641851,"McGowin, Kyle",9/12/2020,630877,30,100,2020
30,601713,"Pivetta, Nick",8/6/2020,631129,30,100,2020
30,641420,"Burdi, Zack",9/2/2020,631253,30,100,2020
30,626929,"Thorpe, Lewis",8/12/2020,631300,30,100,2020
30,621052,"Reyes, Alex",9/27/2020,630965,30,100,2020
30,664208,"Maton, Phil",8/21/2020,631548,30,100,2020
30,571948,"Milner, Hoby",9/15/2020,631360,30,100,2020
30,622092,"Zimmer, Kyle",8/24/2020,630977,30,100,2020
30,594987,"Sadler, Casey",9/13/2020,630226,30,100,2020
30,641755,"Kinley, Tyler",8/9/2020,631047,30,100,2020
30,667463,"King, John",9/9/2020,630925,30,100,2020
30,607560,"Harper, Ryne",9/23/2020,630892,30,100,2020
30,622772,"Cordero, Jimmy",8/20/2020,631498,30,100,2020
30,519443,"Workman, Brandon",7/29/2020,631239,30,100,2020
30,521655,"Font, Wilmer",8/22/2020,630948,30,100,2020
30,607625,"Lugo, Seth",7/24/2020,631242,30,100,2020
30,645307,"Sánchez, Ricardo",8/19/2020,631621,30,100,2020
30,641995,"Ramírez, Roel",8/16/2020,631491,30,100,2020
30,622786,"Tinoco, Jesus",8/22/2020,630890,30,100,2020
30,656420,"Feyereisen, J.P.",8/27/2020,631290,30,100,2020
30,607560,"Harper, Ryne",8/14/2020,631683,30,100,2020
30,598287,"Ramirez, Noé",8/10/2020,631395,30,100,2020
30,665759,"Rosso, Ramón",8/15/2020,631151,30,100,2020
29,572193,"Tepera, Ryan",9/5/2020,631607,29,100,2020
29,622092,"Zimmer, Kyle",9/2/2020,631404,29,100,2020
29,670056,"Baragar, Caleb",8/28/2020,630216,29,100,2020
29,641672,"Hatch, Thomas",7/30/2020,630917,29,100,2020
29,621366,"Borucki, Ryan",7/27/2020,630861,29,100,2020
29,605155,"Brewer, Colten",7/26/2020,631668,29,100,2020
29,592865,"Williams, Taylor",8/27/2020,631083,29,100,2020
29,622065,"Young, Alex",7/26/2020,631097,29,100,2020
29,596295,"Gomber, Austin",8/24/2020,630977,29,100,2020
29,453284,"Parker, Blake",8/18/2020,631651,29,100,2020
29,542914,"Bass, Anthony",8/18/2020,631681,29,100,2020
29,572143,"Smith, Burch",8/15/2020,631023,29,100,2020
29,592390,"Hembree, Heath",8/8/2020,631658,29,100,2020
29,656186,"Altavilla, Dan",8/18/2020,631353,29,100,2020
29,664129,"Hartlieb, Geoff",9/18/2020,631102,29,100,2020
29,663734,"Neidert, Nick",9/17/2020,631313,29,100,2020
29,571710,"Givens, Mychal",8/26/2020,630952,29,100,2020
29,664054,"Stashak, Cody",9/16/2020,631484,29,100,2020
29,493603,"Ottavino, Adam",9/7/2020,630859,29,100,2020
29,570488,"Valdez, Phillips",8/25/2020,630862,29,100,2020
29,656876,"Rasmussen, Drew",8/22/2020,631104,29,100,2020
29,596720,"Neverauskas, Dovydas",9/4/2020,631113,29,100,2020
29,592135,"Bedrosian, Cam",9/15/2020,631360,29,100,2020
29,608717,"Stratton, Chris",9/25/2020,631536,29,100,2020
29,445213,"Kintzler, Brandon",9/24/2020,631685,29,100,2020
29,670990,"Ramírez, Yohan",9/27/2020,631155,29,100,2020
29,621097,"Waguespack, Jacob",8/17/2020,631678,29,100,2020
29,542882,"Andriese, Matt",8/20/2020,631026,29,100,2020
29,656004,"Sanabria, Carlos",8/5/2020,630110,29,100,2020
29,461829,"González, Gio",9/25/2020,631486,29,100,2020
29,608371,"Sims, Lucas",8/7/2020,631295,29,100,2020
29,642130,"Taylor, Blake",8/6/2020,630111,29,100,2020
29,592169,"Brice, Austin",8/14/2020,631196,29,100,2020
29,642203,"Widener, Taylor",8/28/2020,630216,29,100,2020
29,594577,"Mayers, Mike",7/29/2020,631389,29,100,2020
29,623485,"Goudeau, Ashton",8/28/2020,631524,29,100,2020
29,519443,"Workman, Brandon",9/12/2020,631311,29,100,2020
29,489334,"Stammen, Craig",8/18/2020,630928,29,100,2020
29,642152,"Trivino, Lou",8/10/2020,631395,29,100,2020
29,642546,"Hernández, Jonathan",9/1/2020,631430,29,100,2020
29,641672,"Hatch, Thomas",9/13/2020,630875,29,100,2020
29,592094,"Adam, Jason",9/10/2020,631634,29,100,2020
29,621237,"Alvarado, José",8/11/2020,631646,29,100,2020
29,605488,"Springs, Jeffrey",9/6/2020,631626,29,100,2020
29,663432,"Rainey, Tanner",8/17/2020,630316,29,100,2020
29,656464,"Ginkel, Kevin",8/24/2020,630193,29,100,2020
29,606930,"Barnes, Jacob",9/8/2020,630904,29,100,2020
29,621052,"Reyes, Alex",8/26/2020,630979,29,100,2020
29,628452,"Iglesias, Raisel",9/6/2020,631116,29,100,2020
29,605482,"Sneed, Cy",9/3/2020,631432,29,100,2020
29,595001,"Smith, Josh A.",9/12/2020,631311,29,100,2020
29,667463,"King, John",9/12/2020,630932,29,100,2020
29,592741,"Shreve, Chasen",9/17/2020,631117,29,100,2020
29,547179,"Lorenzen, Michael",9/5/2020,631115,29,100,2020
29,656547,"Holder, Jonathan",9/7/2020,630859,29,100,2020
29,656222,"Beeks, Jalen",8/13/2020,631650,29,100,2020
29,595014,"Treinen, Blake",8/5/2020,631085,29,100,2020
29,676220,"Elledge, Seth",9/23/2020,631380,29,100,2020
29,448855,"Guerra, Junior",9/20/2020,631424,29,100,2020
29,643338,"Green, Chad",9/7/2020,630859,29,100,2020
29,595001,"Smith, Josh A.",9/7/2020,630415,29,100,2020
29,676604,"Zuber, Tyler",8/8/2020,631420,29,100,2020
29,675916,"Karinchak, James",8/29/2020,630981,29,100,2020
29,601713,"Pivetta, Nick",8/10/2020,631138,29,100,2020
29,641341,"Bashlor, Tyler",8/19/2020,631120,29,100,2020
29,544928,"Lyons, Tyler",9/23/2020,630885,29,100,2020
29,521230,"Hendriks, Liam",9/16/2020,631509,29,100,2020
29,643338,"Green, Chad",7/31/2020,631222,29,100,2020
29,453284,"Parker, Blake",8/12/2020,631141,29,100,2020
29,451584,"Davis, Wade",7/31/2020,631539,29,100,2020
29,465657,"Soria, Joakim",9/14/2020,631053,29,100,2020
29,608349,"Knebel, Corey",8/7/2020,631295,29,100,2020
29,608648,"Duffey, Tyler",8/31/2020,631247,29,100,2020
29,642003,"Reed, Cody",7/29/2020,631594,29,100,2020
29,642547,"Peralta, Freddy",9/16/2020,631289,29,100,2020
29,608032,"Estévez, Carlos",8/15/2020,631533,29,100,2020
29,664054,"Stashak, Cody",9/13/2020,631259,29,100,2020
29,519393,"Walden, Marcus",8/2/2020,631210,29,100,2020
29,605388,"Morgan, Adam",8/19/2020,631652,29,100,2020
29,595928,"Curtiss, John",9/17/2020,630953,29,100,2020
29,593140,"Feliz, Michael",7/27/2020,631130,29,100,2020
29,608349,"Knebel, Corey",9/15/2020,631263,29,100,2020
29,476594,"Stock, Robert",9/11/2020,630958,29,100,2020
29,592426,"Jackson, Luke",7/25/2020,631241,29,100,2020
29,656547,"Holder, Jonathan",8/20/2020,631202,29,100,2020
29,595918,"Cole, A.J.",8/7/2020,631623,29,100,2020
29,592222,"Claudio, Alex",8/27/2020,631290,29,100,2020
29,502202,"Boxberger, Brad",9/11/2020,631318,29,100,2020
29,543883,"Vincent, Nick",8/16/2020,631324,29,100,2020
29,642528,"Loáisiga, Jonathan",9/25/2020,631191,29,100,2020
29,643778,"Webb, Tyler",8/28/2020,630980,29,100,2020
29,595001,"Smith, Josh A.",9/9/2020,630439,29,100,2020
29,664948,"Misiewicz, Anthony",8/17/2020,631352,29,100,2020
29,642152,"Trivino, Lou",9/20/2020,631166,29,100,2020
29,621345,"Minter, A.J.",9/26/2020,630570,29,100,2020
29,605538,"Wisler, Matt",9/12/2020,631257,29,100,2020
29,621242,"Díaz, Edwin",9/17/2020,631117,29,100,2020
29,519381,"Venditte, Pat",8/16/2020,631324,29,100,2020
28,642121,"Sulser, Cole",7/26/2020,631668,28,100,2020
28,595465,"Winkler, Dan",9/10/2020,631634,28,100,2020
28,656186,"Altavilla, Dan",7/30/2020,631390,28,100,2020
28,670426,"Diehl, Phillip",8/3/2020,631542,28,100,2020
28,641582,"Foster, Matt",8/11/2020,631474,28,100,2020
28,656685,"Martin, Brett",8/1/2020,631020,28,100,2020
28,656887,"Reid-Foley, Sean",8/30/2020,630852,28,100,2020
28,571710,"Givens, Mychal",9/21/2020,631009,28,100,2020
28,594577,"Mayers, Mike",9/19/2020,631372,28,100,2020
28,608371,"Sims, Lucas",9/15/2020,631574,28,100,2020
28,519443,"Workman, Brandon",8/14/2020,631196,28,100,2020
28,622253,"Tate, Dillon",8/28/2020,630871,28,100,2020
28,641582,"Foster, Matt",9/27/2020,631488,28,100,2020
28,675916,"Karinchak, James",7/25/2020,631565,28,100,2020
28,672715,"Patiño, Luis",9/5/2020,631157,28,100,2020
28,446321,"Detwiler, Ross",7/28/2020,631573,28,100,2020
28,605138,"Benjamin, Wes",8/16/2020,631521,28,100,2020
28,592254,"De León, José",8/30/2020,631584,28,100,2020
28,656186,"Altavilla, Dan",9/19/2020,631036,28,100,2020
28,663765,"Woodford, Jake",9/22/2020,631411,28,100,2020
28,665621,"García, Rony",9/12/2020,631495,28,100,2020
28,489446,"Yates, Kirby",7/31/2020,631539,28,100,2020
28,641771,"Kuhl, Chad",8/2/2020,631606,28,100,2020
28,622251,"Staumont, Josh",9/18/2020,631266,28,100,2020
28,656222,"Beeks, Jalen",8/25/2020,630951,28,100,2020
28,656547,"Holder, Jonathan",8/9/2020,630946,28,100,2020
28,605309,"Kela, Keone",8/13/2020,631600,28,100,2020
28,642092,"Smith, Riley",8/26/2020,630099,28,100,2020
28,489446,"Yates, Kirby",7/26/2020,631097,28,100,2020
28,596057,"Norris, Daniel",8/10/2020,631473,28,100,2020
28,640448,"Finnegan, Kyle",9/1/2020,631153,28,100,2020
28,657611,"Hill, Cam",8/11/2020,631572,28,100,2020
28,622253,"Tate, Dillon",9/5/2020,631675,28,100,2020
28,465657,"Soria, Joakim",8/1/2020,631067,28,100,2020
28,518489,"Brasier, Ryan",8/14/2020,631196,28,100,2020
28,664054,"Stashak, Cody",7/24/2020,631514,28,100,2020
28,607374,"Tropeano, Nick",9/2/2020,631111,28,100,2020
28,543766,"Shaw, Bryan",8/3/2020,631070,28,100,2020
28,606131,"Perdomo, Luis",9/16/2020,631063,28,100,2020
28,543339,"Hudson, Daniel",9/11/2020,630873,28,100,2020
28,605525,"Wendelken, J.B.",8/10/2020,631395,28,100,2020
28,622253,"Tate, Dillon",8/31/2020,630900,28,100,2020
28,642207,"Williams, Devin",7/27/2020,631130,28,100,2020
28,665759,"Rosso, Ramón",9/21/2020,630884,28,100,2020
28,502154,"Britton, Zack",9/4/2020,631674,28,100,2020
28,656547,"Holder, Jonathan",9/17/2020,631190,28,100,2020
28,672335,"Pérez, Cionel",9/4/2020,631357,28,100,2020
28,641482,"Cortes, Nestor",8/6/2020,631042,28,100,2020
28,605441,"Ríos, Yacksel",8/7/2020,631105,28,100,2020
28,572888,"Greene, Shane",8/2/2020,630280,28,100,2020
28,570666,"Cessa, Luis",8/18/2020,631200,28,100,2020
28,503569,"Dolis, Rafael",9/24/2020,630887,28,100,2020
28,521230,"Hendriks, Liam",7/24/2020,631182,28,100,2020
28,642233,"Yardley, Eric",8/6/2020,631513,28,100,2020
28,670990,"Ramírez, Yohan",8/28/2020,631394,28,100,2020
28,665621,"García, Rony",9/20/2020,631454,28,100,2020
28,663465,"Allard, Kolby",9/27/2020,630915,28,100,2020
28,543901,"Weber, Ryan",9/27/2020,630573,28,100,2020
28,643338,"Green, Chad",8/28/2020,631203,28,100,2020
28,664126,"Fairbanks, Pete",7/31/2020,630592,28,100,2020
28,543339,"Hudson, Daniel",9/3/2020,631146,28,100,2020
28,642121,"Sulser, Cole",8/11/2020,631139,28,100,2020
28,642098,"Sparkman, Glenn",7/27/2020,631489,28,100,2020
28,595918,"Cole, A.J.",9/6/2020,631626,28,100,2020
28,622075,"Almonte, Yency",9/20/2020,631519,28,100,2020
28,622253,"Tate, Dillon",9/13/2020,631187,28,100,2020
28,673258,"Baez, Michel",8/20/2020,631077,28,100,2020
28,657097,"Webb, Jacob",9/11/2020,630873,28,100,2020
28,664141,"Brubaker, JT",7/26/2020,630993,28,100,2020
28,656876,"Rasmussen, Drew",9/6/2020,631557,28,100,2020
28,621249,"Underwood Jr., Duane",9/24/2020,631099,28,100,2020
28,554431,"Matzek, Tyler",9/11/2020,630873,28,100,2020
28,664854,"Helsley, Ryan",9/22/2020,631411,28,100,2020
28,605482,"Sneed, Cy",8/25/2020,631426,28,100,2020
28,592094,"Adam, Jason",9/5/2020,631607,28,100,2020
28,519443,"Workman, Brandon",9/10/2020,631309,28,100,2020
28,607572,"Howard, Sam",8/31/2020,631281,28,100,2020
28,605488,"Springs, Jeffrey",9/20/2020,631635,28,100,2020
28,541640,"Ramírez, Erasmo",9/13/2020,630875,28,100,2020
28,669064,"Bailey, Brandon",8/5/2020,630110,28,100,2020
28,598264,"Barnes, Matt",9/25/2020,630569,28,100,2020
28,676051,"Heuer, Codi",8/15/2020,631507,28,100,2020
28,608678,"Leone, Dominic",9/10/2020,631561,28,100,2020
28,621097,"Waguespack, Jacob",7/28/2020,630866,28,100,2020
28,448855,"Guerra, Junior",8/21/2020,631027,28,100,2020
28,445276,"Jansen, Kenley",9/15/2020,631062,28,100,2020
28,641627,"Gott, Trevor",9/9/2020,631008,28,100,2020
28,643316,"Fry, Paul",7/31/2020,630592,28,100,2020
28,543867,"Turley, Nik",8/4/2020,631276,28,100,2020
28,656546,"Hoffman, Jeff",8/10/2020,631546,28,100,2020
28,673633,"Hirano, Yoshihisa",9/23/2020,631035,28,100,2020
28,664126,"Fairbanks, Pete",9/6/2020,630956,28,100,2020
28,641941,"Pagán, Emilio",7/30/2020,631018,28,100,2020
28,592741,"Shreve, Chasen",9/20/2020,631215,28,100,2020
28,621142,"Buttrey, Ty",7/29/2020,631389,28,100,2020
28,664129,"Hartlieb, Geoff",9/6/2020,631116,28,100,2020
28,451584,"Davis, Wade",7/25/2020,630942,28,100,2020
28,642770,"Guerra, Javy",8/21/2020,631078,28,100,2020
28,622075,"Almonte, Yency",7/26/2020,630943,28,100,2020
28,518748,"Grimm, Justin",8/7/2020,631295,28,100,2020
28,621142,"Buttrey, Ty",9/10/2020,630908,28,100,2020
28,542585,"Cisnero, José",9/8/2020,631460,28,100,2020
28,542585,"Cisnero, José",8/15/2020,631477,28,100,2020
28,570488,"Valdez, Phillips",7/24/2020,631664,28,100,2020
28,467008,"Strop, Pedro",8/4/2020,631597,28,100,2020
28,612434,"Castro, Miguel",9/7/2020,631225,28,100,2020
28,451584,"Davis, Wade",9/18/2020,631511,28,100,2020
28,608334,"Fulmer, Carson",8/14/2020,631476,28,100,2020
28,475479,"Phelps, David",8/3/2020,631293,28,100,2020
28,445926,"Chavez, Jesse",9/7/2020,631031,28,100,2020
28,593974,"Peralta, Wandy",8/20/2020,631026,28,100,2020
28,664208,"Maton, Phil",9/19/2020,631466,28,100,2020
28,668687,"Scrubb, Andre",8/25/2020,631426,28,100,2020
28,592233,"Crichton, Stefan",9/8/2020,630220,28,100,2020
28,606930,"Barnes, Jacob",9/26/2020,631337,28,100,2020
28,656547,"Holder, Jonathan",8/30/2020,631229,28,100,2020
28,607179,"Weems, Jordan",9/26/2020,631055,28,100,2020
27,605138,"Benjamin, Wes",9/4/2020,631041,27,100,2020
27,660896,"Alcala, Jorge",9/2/2020,631253,27,100,2020
27,656547,"Holder, Jonathan",7/31/2020,631222,27,100,2020
27,621368,"Hearn, Taylor",9/10/2020,630908,27,100,2020
27,664948,"Misiewicz, Anthony",8/2/2020,631068,27,100,2020
27,520980,"Báez, Pedro",8/2/2020,630101,27,100,2020
27,592865,"Williams, Taylor",8/19/2020,631048,27,100,2020
27,573204,"Thielbar, Caleb",8/30/2020,631459,27,100,2020
27,624647,"González, Victor",8/30/2020,630921,27,100,2020
27,656546,"Hoffman, Jeff",8/31/2020,631527,27,100,2020
27,642152,"Trivino, Lou",8/25/2020,630930,27,100,2020
27,663765,"Woodford, Jake",8/21/2020,630990,27,100,2020
27,642098,"Sparkman, Glenn",8/2/2020,631415,27,100,2020
27,596720,"Neverauskas, Dovydas",9/1/2020,631109,27,100,2020
27,448855,"Guerra, Junior",8/12/2020,631535,27,100,2020
27,657031,"Taylor, Josh",9/5/2020,631625,27,100,2020
27,656546,"Hoffman, Jeff",8/28/2020,631524,27,100,2020
27,592858,"Wick, Rowan",8/18/2020,631620,27,100,2020
27,445926,"Chavez, Jesse",8/17/2020,630927,27,100,2020
27,630263,"Bourque, James",9/18/2020,631342,27,100,2020
27,445276,"Jansen, Kenley",9/25/2020,631336,27,100,2020
27,543507,"May, Trevor",9/22/2020,631251,27,100,2020
27,642152,"Trivino, Lou",9/13/2020,630911,27,100,2020
27,608335,"Funkhouser, Kyle",9/2/2020,631283,27,100,2020
27,593576,"Neris, Héctor",8/6/2020,631129,27,100,2020
27,621295,"Wittgren, Nick",9/22/2020,631550,27,100,2020
27,519008,"McFarland, T.J.",9/22/2020,631333,27,100,2020
27,676604,"Zuber, Tyler",9/20/2020,631268,27,100,2020
27,502026,"Jeffress, Jeremy",8/15/2020,631611,27,100,2020
27,453268,"Bard, Daniel",9/24/2020,631012,27,100,2020
27,656240,"Blewett, Scott",9/23/2020,631380,27,100,2020
27,503569,"Dolis, Rafael",7/24/2020,630966,27,100,2020
27,608349,"Knebel, Corey",9/18/2020,631266,27,100,2020
27,592390,"Hembree, Heath",8/2/2020,631210,27,100,2020
27,607237,"Garrett, Amir",9/15/2020,631574,27,100,2020
27,570240,"Peña, Félix",8/21/2020,631186,27,100,2020
27,573109,"Ramos, AJ",9/25/2020,630203,27,100,2020
27,594987,"Sadler, Casey",8/15/2020,631611,27,100,2020
27,608335,"Funkhouser, Kyle",8/8/2020,631106,27,100,2020
27,623485,"Goudeau, Ashton",8/23/2020,631354,27,100,2020
27,554431,"Matzek, Tyler",9/8/2020,630438,27,100,2020
27,545064,"Díaz, Jairo",8/16/2020,631521,27,100,2020
27,642547,"Peralta, Freddy",8/20/2020,631248,27,100,2020
27,656793,"Nelson, Nick",8/31/2020,631206,27,100,2020
27,621078,"Lail, Brady",8/28/2020,631394,27,100,2020
27,596035,"McClain, Reggie",8/30/2020,631135,27,100,2020
27,663734,"Neidert, Nick",9/23/2020,630554,27,100,2020
27,622786,"Tinoco, Jesus",9/25/2020,630203,27,100,2020
27,542882,"Andriese, Matt",9/23/2020,631065,27,100,2020
27,669064,"Bailey, Brandon",8/9/2020,631178,27,100,2020
27,656322,"Coonrod, Sam",7/28/2020,631014,27,100,2020
27,607352,"Biagini, Joe",8/19/2020,631522,27,100,2020
27,488984,"Hunter, Tommy",9/7/2020,631225,27,100,2020
27,621295,"Wittgren, Nick",9/27/2020,631538,27,100,2020
27,656382,"Doyle, Tommy",9/27/2020,630202,27,100,2020
27,641420,"Burdi, Zack",8/29/2020,631502,27,100,2020
27,594577,"Mayers, Mike",9/12/2020,631531,27,100,2020
27,642701,"Santana, Dennis",8/30/2020,630921,27,100,2020
27,542585,"Cisnero, José",9/15/2020,631462,27,100,2020
27,622786,"Tinoco, Jesus",9/18/2020,631511,27,100,2020
27,543901,"Weber, Ryan",9/18/2020,631627,27,100,2020
27,608665,"Graveman, Kendall",9/17/2020,631034,27,100,2020
27,547973,"Chapman, Aroldis",9/18/2020,631627,27,100,2020
27,676051,"Heuer, Codi",9/14/2020,631482,27,100,2020
27,592233,"Crichton, Stefan",8/15/2020,630116,27,100,2020
27,592804,"Thornburg, Tyler",9/10/2020,631634,27,100,2020
27,542888,"Armstrong, Shawn",8/16/2020,631679,27,100,2020
27,657044,"Thompson, Ryan",9/1/2020,631207,27,100,2020
27,523253,"Forsythe, Logan",8/17/2020,631325,27,100,2020
27,608334,"Fulmer, Carson",9/14/2020,631677,27,100,2020
27,608652,"Farrell, Luke",8/5/2020,631174,27,100,2020
27,650382,"Hernández, Darwinzon",9/18/2020,631627,27,100,2020
27,570257,"Rodríguez, Joely",8/30/2020,630921,27,100,2020
27,642207,"Williams, Devin",9/5/2020,631556,27,100,2020
27,669214,"Menez, Conner",7/28/2020,631014,27,100,2020
27,656546,"Hoffman, Jeff",8/19/2020,631522,27,100,2020
27,608335,"Funkhouser, Kyle",9/9/2020,631461,27,100,2020
27,641729,"Jiménez, Joe",9/2/2020,631283,27,100,2020
27,622092,"Zimmer, Kyle",8/21/2020,631409,27,100,2020
27,605488,"Springs, Jeffrey",9/4/2020,631649,27,100,2020
27,664126,"Fairbanks, Pete",9/17/2020,630953,27,100,2020
27,453284,"Parker, Blake",9/14/2020,631321,27,100,2020
27,641672,"Hatch, Thomas",9/20/2020,631128,27,100,2020
27,543475,"Lyles, Jordan",7/28/2020,630944,27,100,2020
27,594987,"Sadler, Casey",8/18/2020,631620,27,100,2020
27,673633,"Hirano, Yoshihisa",9/27/2020,631155,27,100,2020
27,592773,"Stanek, Ryne",9/12/2020,631311,27,100,2020
27,598287,"Ramirez, Noé",9/26/2020,631337,27,100,2020
27,544727,"Familia, Jeurys",9/17/2020,631117,27,100,2020
27,572021,"Pazos, James",8/30/2020,631526,27,100,2020
27,519393,"Walden, Marcus",9/4/2020,631649,27,100,2020
27,641755,"Kinley, Tyler",9/1/2020,631528,27,100,2020
27,594577,"Mayers, Mike",9/23/2020,631065,27,100,2020
27,650893,"Cabrera, Génesis",9/14/2020,631288,27,100,2020
27,621368,"Hearn, Taylor",8/20/2020,631077,27,100,2020
26,623352,"Hader, Josh",9/12/2020,631285,26,100,2020
26,656382,"Doyle, Tommy",9/23/2020,631011,26,100,2020
26,571670,"Floro, Dylan",9/6/2020,631344,26,100,2020
26,641656,"Hamilton, Ian",8/8/2020,631503,26,100,2020
26,606131,"Perdomo, Luis",7/27/2020,631098,26,100,2020
26,623437,"Topa, Justin",9/27/2020,630965,26,100,2020
26,607481,"Bummer, Aaron",7/24/2020,631514,26,100,2020
26,502026,"Jeffress, Jeremy",9/18/2020,631629,26,100,2020
26,656186,"Altavilla, Dan",8/9/2020,631047,26,100,2020
26,641672,"Hatch, Thomas",9/3/2020,631614,26,100,2020
26,622075,"Almonte, Yency",9/13/2020,631532,26,100,2020
26,571656,"Farmer, Buck",9/2/2020,631283,26,100,2020
26,669270,"Kuhnel, Joel",8/9/2020,631297,26,100,2020
26,458677,"Wilson, Justin",9/24/2020,630893,26,100,2020
26,605240,"Fry, Jace",7/28/2020,631573,26,100,2020
26,570666,"Cessa, Luis",8/7/2020,630974,26,100,2020
26,607231,"Gant, John",8/27/2020,630999,26,100,2020
26,593833,"Suero, Wander",8/7/2020,630879,26,100,2020
26,641941,"Pagán, Emilio",8/28/2020,631524,26,100,2020
26,518858,"Jones, Nate",8/27/2020,631290,26,100,2020
26,453178,"Kennedy, Ian",8/5/2020,631417,26,100,2020
26,643511,"Rogers, Tyler",9/2/2020,631529,26,100,2020
26,660600,"Paredes, Enoli",8/4/2020,630109,26,100,2020
26,573204,"Thielbar, Caleb",8/24/2020,631552,26,100,2020
26,596057,"Norris, Daniel",8/26/2020,631455,26,100,2020
26,685493,"Yamaguchi, Shun",9/25/2020,630889,26,100,2020
26,621242,"Díaz, Edwin",8/9/2020,631235,26,100,2020
26,641312,"Anderson, Shaun",9/21/2020,631009,26,100,2020
26,543339,"Hudson, Daniel",8/8/2020,630880,26,100,2020
26,444468,"Rondón, Héctor",7/29/2020,630940,26,100,2020
26,542585,"Cisnero, José",7/24/2020,631589,26,100,2020
26,476454,"Betances, Dellin",9/27/2020,630854,26,100,2020
26,542881,"Anderson, Tyler",8/2/2020,631021,26,100,2020
26,502154,"Britton, Zack",8/19/2020,631201,26,100,2020
26,445276,"Jansen, Kenley",8/17/2020,631352,26,100,2020
26,544727,"Familia, Jeurys",9/27/2020,630854,26,100,2020
26,677651,"Garcia, Luis",9/18/2020,631436,26,100,2020
26,621052,"Reyes, Alex",9/10/2020,630995,26,100,2020
26,664042,"Lakins Sr., Travis",9/17/2020,630953,26,100,2020
26,598264,"Barnes, Matt",9/8/2020,631149,26,100,2020
26,676831,"Whitley, Kodi",7/29/2020,631270,26,100,2020
26,594795,"Dayton, Grant",8/3/2020,630281,26,100,2020
26,592094,"Adam, Jason",9/3/2020,631112,26,100,2020
26,605525,"Wendelken, J.B.",9/18/2020,631163,26,100,2020
26,641582,"Foster, Matt",9/19/2020,631577,26,100,2020
26,596720,"Neverauskas, Dovydas",8/19/2020,631120,26,100,2020
26,622490,"Leyer, Robinson",8/31/2020,631656,26,100,2020
26,621249,"Underwood Jr., Duane",8/22/2020,631638,26,100,2020
26,607572,"Howard, Sam",8/13/2020,631600,26,100,2020
26,593974,"Peralta, Wandy",9/1/2020,631528,26,100,2020
26,605151,"Bradley, Archie",7/26/2020,631097,26,100,2020
26,534910,"Hahn, Jesse",8/28/2020,631501,26,100,2020
26,592826,"Velasquez, Vince",8/13/2020,631142,26,100,2020
26,543272,"Hand, Brad",9/20/2020,631454,26,100,2020
26,458677,"Wilson, Justin",8/8/2020,631236,26,100,2020
26,592169,"Brice, Austin",8/11/2020,631646,26,100,2020
26,665001,"Kelley, Trevor",7/24/2020,631121,26,100,2020
26,664157,"Bergen, Travis",9/23/2020,630263,26,100,2020
26,543272,"Hand, Brad",9/21/2020,631562,26,100,2020
26,624418,"Castellani, Ryan",9/2/2020,631529,26,100,2020
26,593974,"Peralta, Wandy",8/27/2020,631017,26,100,2020
26,519151,"Pressly, Ryan",8/11/2020,631446,26,100,2020
26,623474,"Herget, Jimmy",8/30/2020,630921,26,100,2020
26,622072,"Wood, Alex",9/10/2020,630223,26,100,2020
26,664918,"Keller, Kyle",7/31/2020,631391,26,100,2020
26,621295,"Wittgren, Nick",7/28/2020,631573,26,100,2020
26,669064,"Bailey, Brandon",8/14/2020,631448,26,100,2020
26,669289,"Espinal, Santiago",9/11/2020,630868,26,100,2020
26,554431,"Matzek, Tyler",9/2/2020,631624,26,100,2020
26,605525,"Wendelken, J.B.",7/31/2020,631066,26,100,2020
26,667465,"Fletcher, Aaron",9/7/2020,631031,26,100,2020
26,650382,"Hernández, Darwinzon",9/27/2020,630573,26,100,2020
26,453268,"Bard, Daniel",9/6/2020,631344,26,100,2020
26,572096,"Rosenthal, Trevor",8/23/2020,631412,26,100,2020
26,643778,"Webb, Tyler",8/19/2020,631621,26,100,2020
26,502624,"Anderson, Chase",9/26/2020,630891,26,100,2020
26,641312,"Anderson, Shaun",8/11/2020,631446,26,100,2020
26,676220,"Elledge, Seth",9/1/2020,631586,26,100,2020
26,622251,"Staumont, Josh",9/24/2020,631398,26,100,2020
26,592135,"Bedrosian, Cam",9/5/2020,631440,26,100,2020
26,517008,"Colomé, Alex",9/14/2020,631482,26,100,2020
26,622772,"Cordero, Jimmy",9/21/2020,631562,26,100,2020
26,570663,"Robles, Hansel",9/26/2020,631337,26,100,2020
26,594987,"Sadler, Casey",9/20/2020,631037,26,100,2020
26,593576,"Neris, Héctor",9/22/2020,630896,26,100,2020
26,519393,"Walden, Marcus",7/29/2020,631239,26,100,2020
26,600887,"Del Pozo, Miguel",7/31/2020,631647,26,100,2020
26,488984,"Hunter, Tommy",9/25/2020,630938,26,100,2020
26,660896,"Alcala, Jorge",8/18/2020,631260,26,100,2020
26,608648,"Duffey, Tyler",9/16/2020,631484,26,100,2020
26,489265,"Romo, Sergio",9/20/2020,631617,26,100,2020
26,643511,"Rogers, Tyler",7/30/2020,631018,26,100,2020
26,675916,"Karinchak, James",8/16/2020,631479,26,100,2020
26,593144,"Rodríguez, Richard",8/27/2020,630999,26,100,2020
26,641941,"Pagán, Emilio",8/18/2020,630928,26,100,2020
26,656546,"Hoffman, Jeff",9/13/2020,631532,26,100,2020
26,605447,"Romano, Jordan",8/15/2020,630905,26,100,2020
26,542585,"Cisnero, José",8/8/2020,631106,26,100,2020
26,594577,"Mayers, Mike",9/15/2020,631360,26,100,2020
26,664139,"Gibaut, Ian",7/28/2020,630944,26,100,2020
26,676051,"Heuer, Codi",8/1/2020,631413,26,100,2020
26,519293,"Smith, Will",8/31/2020,631656,26,100,2020
26,622490,"Leyer, Robinson",9/11/2020,630958,26,100,2020
26,664129,"Hartlieb, Geoff",7/31/2020,631647,26,100,2020
26,663432,"Rainey, Tanner",8/25/2020,630855,26,100,2020
26,621242,"Díaz, Edwin",9/5/2020,631228,26,100,2020
26,622072,"Wood, Alex",9/8/2020,630220,26,100,2020
26,519443,"Workman, Brandon",8/22/2020,630338,26,100,2020
26,621142,"Buttrey, Ty",7/24/2020,631182,26,100,2020
26,622072,"Wood, Alex",9/20/2020,631519,26,100,2020
26,621052,"Reyes, Alex",9/4/2020,631644,26,100,2020
26,554431,"Matzek, Tyler",8/9/2020,631136,26,100,2020
26,643778,"Webb, Tyler",9/17/2020,631101,26,100,2020
26,607231,"Gant, John",9/5/2020,630998,26,100,2020
26,596112,"Stephenson, Robert",9/13/2020,630961,26,100,2020
26,554340,"García, Yimi",9/6/2020,630956,26,100,2020
26,545064,"Díaz, Jairo",8/30/2020,631526,26,100,2020
26,458677,"Wilson, Justin",9/2/2020,631673,26,100,2020
26,642207,"Williams, Devin",8/4/2020,631294,26,100,2020
26,433589,"Petit, Yusmeiro",9/12/2020,630932,26,100,2020
26,476594,"Stock, Robert",9/16/2020,631315,26,100,2020
26,676604,"Zuber, Tyler",8/15/2020,631280,26,100,2020
26,571710,"Givens, Mychal",9/19/2020,631512,26,100,2020
26,608335,"Funkhouser, Kyle",8/17/2020,631493,26,100,2020
26,544727,"Familia, Jeurys",9/3/2020,631234,26,100,2020
26,598264,"Barnes, Matt",8/15/2020,631197,26,100,2020
26,519141,"Pomeranz, Drew",9/25/2020,631059,26,100,2020
26,592741,"Shreve, Chasen",8/17/2020,631325,26,100,2020
26,596027,"Maples, Dillon",7/29/2020,631594,26,100,2020
25,623352,"Hader, Josh",8/16/2020,631612,25,100,2020
25,605525,"Wendelken, J.B.",9/6/2020,631158,25,100,2020
25,642207,"Williams, Devin",8/14/2020,631610,25,100,2020
25,650893,"Cabrera, Génesis",8/17/2020,630996,25,100,2020
25,605479,"Smith, Josh D.",8/17/2020,631325,25,100,2020
25,641838,"McCarthy, Kevin",7/27/2020,631489,25,100,2020
25,501789,"Harris, Will",8/17/2020,630316,25,100,2020
25,642397,"Soto, Gregory",8/12/2020,631475,25,100,2020
25,656354,"Davis, Austin",8/9/2020,631131,25,100,2020
25,542882,"Andriese, Matt",9/25/2020,631336,25,100,2020
25,520980,"Báez, Pedro",7/26/2020,631384,25,100,2020
25,642121,"Sulser, Cole",9/15/2020,631680,25,100,2020
25,595001,"Smith, Josh A.",9/16/2020,631315,25,100,2020
25,592135,"Bedrosian, Cam",9/9/2020,630925,25,100,2020
25,621381,"Strahm, Matt",8/19/2020,631076,25,100,2020
25,489334,"Stammen, Craig",9/26/2020,631016,25,100,2020
25,621368,"Hearn, Taylor",9/27/2020,630915,25,100,2020
25,642003,"Reed, Cody",7/28/2020,631593,25,100,2020
25,642546,"Hernández, Jonathan",8/24/2020,630929,25,100,2020
25,554431,"Matzek, Tyler",8/18/2020,630322,25,100,2020
25,543507,"May, Trevor",8/31/2020,631247,25,100,2020
25,570257,"Rodríguez, Joely",8/26/2020,630931,25,100,2020
25,606930,"Barnes, Jacob",8/2/2020,631393,25,100,2020
25,571901,"Loup, Aaron",7/29/2020,630272,25,100,2020
25,504379,"Nicasio, Juan",8/17/2020,630927,25,100,2020
25,657612,"Hill, Tim",9/23/2020,631065,25,100,2020
25,542947,"Bleier, Richard",7/25/2020,631666,25,100,2020
25,664069,"Braymer, Ben",9/15/2020,630936,25,100,2020
25,605538,"Wisler, Matt",8/7/2020,631419,25,100,2020
25,572193,"Tepera, Ryan",7/27/2020,631592,25,100,2020
25,623465,"Phillips, Evan",9/2/2020,631673,25,100,2020
25,606930,"Barnes, Jacob",8/12/2020,631397,25,100,2020
25,570240,"Peña, Félix",9/22/2020,631064,25,100,2020
25,489334,"Stammen, Craig",8/10/2020,631346,25,100,2020
25,518617,"Diekman, Jake",9/16/2020,631509,25,100,2020
25,666204,"Jiménez, Dany",7/23/2020,631377,25,100,2020
25,592094,"Adam, Jason",8/16/2020,631612,25,100,2020
25,641420,"Burdi, Zack",8/18/2020,631496,25,100,2020
25,656354,"Davis, Austin",8/5/2020,631220,25,100,2020
25,572125,"Selman, Sam",8/12/2020,631447,25,100,2020
25,571602,"Davidson, Matt",9/1/2020,631586,25,100,2020
25,642121,"Sulser, Cole",9/2/2020,631673,25,100,2020
25,628452,"Iglesias, Raisel",7/25/2020,631603,25,100,2020
25,643778,"Webb, Tyler",8/21/2020,630990,25,100,2020
25,607560,"Harper, Ryne",9/13/2020,630883,25,100,2020
25,664126,"Fairbanks, Pete",8/26/2020,630952,25,100,2020
25,570663,"Robles, Hansel",7/24/2020,631182,25,100,2020
25,641312,"Anderson, Shaun",8/20/2020,631026,25,100,2020
25,453268,"Bard, Daniel",7/25/2020,630942,25,100,2020
25,573204,"Thielbar, Caleb",9/8/2020,630984,25,100,2020
25,570240,"Peña, Félix",8/12/2020,631397,25,100,2020
25,489265,"Romo, Sergio",9/13/2020,631259,25,100,2020
25,593576,"Neris, Héctor",9/18/2020,631122,25,100,2020
25,453172,"Hughes, Jared",9/13/2020,630875,25,100,2020
25,608032,"Estévez, Carlos",8/29/2020,631525,25,100,2020
25,642546,"Hernández, Jonathan",8/7/2020,630920,25,100,2020
25,595014,"Treinen, Blake",9/24/2020,631335,25,100,2020
25,607455,"Banda, Anthony",8/24/2020,630950,25,100,2020
25,455119,"Martin, Chris",9/6/2020,630491,25,100,2020
25,642121,"Sulser, Cole",8/30/2020,630852,25,100,2020
25,642003,"Reed, Cody",8/23/2020,630976,25,100,2020
25,608718,"Suter, Brent",9/4/2020,631555,25,100,2020
25,592473,"Kolarek, Adam",8/17/2020,631352,25,100,2020
25,642770,"Guerra, Javy",8/30/2020,631526,25,100,2020
25,594795,"Dayton, Grant",8/22/2020,630338,25,100,2020
25,541640,"Ramírez, Erasmo",9/26/2020,630894,25,100,2020
25,502706,"Holland, Derek",8/18/2020,631114,25,100,2020
25,668941,"Romero, JoJo",9/22/2020,630896,25,100,2020
25,621052,"Reyes, Alex",9/6/2020,631604,25,100,2020
25,572096,"Rosenthal, Trevor",8/12/2020,631599,25,100,2020
25,444468,"Rondón, Héctor",8/5/2020,630110,25,100,2020
25,656322,"Coonrod, Sam",7/30/2020,631018,25,100,2020
25,519141,"Pomeranz, Drew",8/31/2020,631527,25,100,2020
25,608371,"Sims, Lucas",8/20/2020,630986,25,100,2020
25,596720,"Neverauskas, Dovydas",9/8/2020,631096,25,100,2020
25,641941,"Pagán, Emilio",8/16/2020,630117,25,100,2020
25,605501,"Tarpley, Stephen",9/26/2020,631193,25,100,2020
25,668687,"Scrubb, Andre",9/26/2020,630914,25,100,2020
25,622092,"Zimmer, Kyle",9/8/2020,631559,25,100,2020
25,493603,"Ottavino, Adam",8/2/2020,631210,25,100,2020
25,641907,"Murphy, Patrick",9/27/2020,630858,25,100,2020
25,608652,"Farrell, Luke",7/25/2020,630942,25,100,2020
25,665621,"García, Rony",9/9/2020,631461,25,100,2020
25,641656,"Hamilton, Ian",8/6/2020,631513,25,100,2020
25,605130,"Barlow, Scott",9/12/2020,631400,25,100,2020
25,650530,"Garcia, Bryan",9/18/2020,631465,25,100,2020
25,657097,"Webb, Jacob",9/14/2020,631677,25,100,2020
25,621052,"Reyes, Alex",9/13/2020,630961,25,100,2020
25,596057,"Norris, Daniel",9/19/2020,631466,25,100,2020
25,593576,"Neris, Héctor",9/15/2020,631144,25,100,2020
25,664157,"Bergen, Travis",9/13/2020,630226,25,100,2020
25,664856,"Adams, Chance",9/22/2020,631411,25,100,2020
25,621381,"Strahm, Matt",9/5/2020,631157,25,100,2020
25,621290,"Bacus, Dakota",9/4/2020,630371,25,100,2020
25,596101,"Shafer, Justin",8/7/2020,631237,25,100,2020
25,580792,"Goody, Nick",9/21/2020,631376,25,100,2020
25,669459,"Nelson, Kyle",9/10/2020,631561,25,100,2020
25,542882,"Andriese, Matt",9/13/2020,631532,25,100,2020
25,453284,"Parker, Blake",8/25/2020,630855,25,100,2020
25,605130,"Barlow, Scott",7/29/2020,631492,25,100,2020
25,570663,"Robles, Hansel",9/8/2020,630904,25,100,2020
25,489334,"Stammen, Craig",7/29/2020,631033,25,100,2020
25,624647,"González, Victor",9/13/2020,631332,25,100,2020
25,594987,"Sadler, Casey",8/2/2020,631606,25,100,2020
25,501789,"Harris, Will",9/24/2020,630893,25,100,2020
25,503569,"Dolis, Rafael",9/3/2020,631614,25,100,2020
25,612434,"Castro, Miguel",8/1/2020,630492,25,100,2020
25,622251,"Staumont, Josh",9/26/2020,631385,25,100,2020
25,453343,"Melancon, Mark",8/18/2020,630322,25,100,2020
25,676220,"Elledge, Seth",8/16/2020,631491,25,100,2020
25,628452,"Iglesias, Raisel",9/13/2020,630961,25,100,2020
25,661255,"López, Yoan",9/6/2020,631005,25,100,2020
25,571710,"Givens, Mychal",9/4/2020,631345,25,100,2020
25,445276,"Jansen, Kenley",9/2/2020,631356,25,100,2020
25,542888,"Armstrong, Shawn",8/8/2020,630880,25,100,2020
25,502202,"Boxberger, Brad",9/7/2020,630415,25,100,2020
25,594795,"Dayton, Grant",9/9/2020,630439,25,100,2020
25,518553,"Cishek, Steve",8/6/2020,631513,25,100,2020
25,596720,"Neverauskas, Dovydas",7/27/2020,631130,25,100,2020
25,642100,"Speier, Gabe",8/19/2020,631422,25,100,2020
25,656876,"Rasmussen, Drew",9/14/2020,631288,25,100,2020
25,623470,"Newberry, Jake",9/6/2020,631407,25,100,2020
25,543339,"Hudson, Daniel",9/22/2020,630896,25,100,2020
25,547179,"Lorenzen, Michael",7/28/2020,631593,25,100,2020
25,669214,"Menez, Conner",8/6/2020,631545,25,100,2020
24,521230,"Hendriks, Liam",9/26/2020,631169,24,100,2020
24,643511,"Rogers, Tyler",8/15/2020,631023,24,100,2020
24,592233,"Crichton, Stefan",8/29/2020,630217,24,100,2020
24,596101,"Shafer, Justin",8/11/2020,630901,24,100,2020
24,445926,"Chavez, Jesse",7/26/2020,630943,24,100,2020
24,621249,"Underwood Jr., Duane",9/27/2020,631488,24,100,2020
24,621381,"Strahm, Matt",8/10/2020,631346,24,100,2020
24,621139,"Kriske, Brooks",8/3/2020,631219,24,100,2020
24,573124,"Rogers, Taylor",9/26/2020,631245,24,100,2020
24,623474,"Herget, Jimmy",8/17/2020,630927,24,100,2020
24,501789,"Harris, Will",7/28/2020,630866,24,100,2020
24,656546,"Hoffman, Jeff",9/22/2020,631010,24,100,2020
24,641871,"Middleton, Keynan",8/2/2020,631393,24,100,2020
24,445926,"Chavez, Jesse",9/18/2020,631367,24,100,2020
24,475479,"Phelps, David",9/11/2020,631318,24,100,2020
24,607560,"Harper, Ryne",9/19/2020,631317,24,100,2020
24,542960,"Brach, Brad",8/13/2020,631231,24,100,2020
24,642152,"Trivino, Lou",7/28/2020,631171,24,100,2020
24,621078,"Lail, Brady",9/17/2020,631034,24,100,2020
24,592165,"Brennan, Brandon",9/22/2020,631039,24,100,2020
24,542585,"Cisnero, José",9/18/2020,631465,24,100,2020
24,650893,"Cabrera, Génesis",9/19/2020,631147,24,100,2020
24,642121,"Sulser, Cole",9/22/2020,631636,24,100,2020
24,623470,"Newberry, Jake",9/15/2020,631462,24,100,2020
24,656876,"Rasmussen, Drew",9/21/2020,631579,24,100,2020
24,595001,"Smith, Josh A.",9/18/2020,631316,24,100,2020
24,519008,"McFarland, T.J.",8/10/2020,631395,24,100,2020
24,643316,"Fry, Paul",9/27/2020,630858,24,100,2020
24,643316,"Fry, Paul",9/18/2020,631661,24,100,2020
24,518748,"Grimm, Justin",7/26/2020,631643,24,100,2020
24,571656,"Farmer, Buck",8/21/2020,631548,24,100,2020
24,573109,"Ramos, AJ",9/19/2020,631512,24,100,2020
24,622065,"Young, Alex",8/10/2020,631546,24,100,2020
24,642397,"Soto, Gregory",9/24/2020,631398,24,100,2020
24,593619,"Tapia, Domingo",9/11/2020,630958,24,100,2020
24,666674,"Colina, Edwar",9/25/2020,631246,24,100,2020
24,593833,"Suero, Wander",9/8/2020,630867,24,100,2020
24,650893,"Cabrera, Génesis",9/2/2020,631587,24,100,2020
24,519141,"Pomeranz, Drew",9/6/2020,631158,24,100,2020
24,623474,"Herget, Jimmy",9/22/2020,630243,24,100,2020
24,453284,"Parker, Blake",8/30/2020,631135,24,100,2020
24,459429,"McGee, Jake",8/13/2020,631351,24,100,2020
24,608032,"Estévez, Carlos",9/6/2020,631344,24,100,2020
24,518693,"Freeman, Sam",8/7/2020,630879,24,100,2020
24,623470,"Newberry, Jake",8/17/2020,631258,24,100,2020
24,605488,"Springs, Jeffrey",9/23/2020,631637,24,100,2020
24,641793,"Littell, Zack",7/25/2020,631515,24,100,2020
24,660896,"Alcala, Jorge",8/5/2020,631140,24,100,2020
24,592865,"Williams, Taylor",8/5/2020,631043,24,100,2020
24,621345,"Minter, A.J.",9/4/2020,630371,24,100,2020
24,675916,"Karinchak, James",8/2/2020,631274,24,100,2020
24,595014,"Treinen, Blake",8/22/2020,631349,24,100,2020
24,517008,"Colomé, Alex",8/4/2020,631294,24,100,2020
24,606424,"García, Jarlín",8/17/2020,631365,24,100,2020
24,665001,"Kelley, Trevor",8/9/2020,631131,24,100,2020
24,605359,"Marshall, Evan",8/7/2020,631504,24,100,2020
24,519008,"McFarland, T.J.",9/11/2020,630909,24,100,2020
24,605501,"Tarpley, Stephen",8/21/2020,630886,24,100,2020
24,621345,"Minter, A.J.",8/18/2020,630322,24,100,2020
24,503285,"O'Day, Darren",7/29/2020,630272,24,100,2020
24,571710,"Givens, Mychal",7/30/2020,630496,24,100,2020
24,669214,"Menez, Conner",8/4/2020,631543,24,100,2020
24,455119,"Martin, Chris",7/31/2020,630275,24,100,2020
24,656464,"Ginkel, Kevin",8/26/2020,630099,24,100,2020
24,641743,"Kay, Anthony",9/5/2020,631625,24,100,2020
24,650556,"Abreu, Bryan",8/4/2020,630109,24,100,2020
24,519008,"McFarland, T.J.",8/22/2020,631154,24,100,2020
24,594987,"Sadler, Casey",8/25/2020,631467,24,100,2020
24,458708,"Tomlin, Josh",9/22/2020,630385,24,100,2020
24,607560,"Harper, Ryne",8/7/2020,630879,24,100,2020
24,552640,"Kittredge, Andrew",8/7/2020,630974,24,100,2020
24,453268,"Bard, Daniel",7/28/2020,631171,24,100,2020
24,642546,"Hernández, Jonathan",7/29/2020,630940,24,100,2020
24,517008,"Colomé, Alex",8/30/2020,631505,24,100,2020
24,570663,"Robles, Hansel",8/1/2020,631392,24,100,2020
24,453268,"Bard, Daniel",7/31/2020,631539,24,100,2020
24,622772,"Cordero, Jimmy",9/2/2020,631253,24,100,2020
24,472610,"García, Luis",8/22/2020,631051,24,100,2020
24,641851,"McGowin, Kyle",9/23/2020,630892,24,100,2020
24,534910,"Hahn, Jesse",9/27/2020,631386,24,100,2020
24,570666,"Cessa, Luis",9/6/2020,631676,24,100,2020
24,605359,"Marshall, Evan",8/12/2020,631475,24,100,2020
24,628452,"Iglesias, Raisel",9/25/2020,631246,24,100,2020
24,572125,"Selman, Sam",9/17/2020,631034,24,100,2020
24,598264,"Barnes, Matt",8/2/2020,631210,24,100,2020
24,572021,"Pazos, James",8/2/2020,631541,24,100,2020
24,621368,"Hearn, Taylor",9/4/2020,631041,24,100,2020
24,503285,"O'Day, Darren",9/21/2020,630440,24,100,2020
24,598287,"Ramirez, Noé",8/19/2020,631025,24,100,2020
24,664054,"Stashak, Cody",9/26/2020,631245,24,100,2020
24,519008,"McFarland, T.J.",9/20/2020,631166,24,100,2020
24,657571,"Ferguson, Caleb",9/6/2020,631344,24,100,2020
24,570240,"Peña, Félix",9/5/2020,631388,24,100,2020
24,664157,"Bergen, Travis",9/8/2020,630220,24,100,2020
24,571670,"Floro, Dylan",9/3/2020,631370,24,100,2020
24,621242,"Díaz, Edwin",8/18/2020,631326,24,100,2020
24,572070,"Richards, Garrett",9/26/2020,631016,24,100,2020
24,624647,"González, Victor",7/31/2020,630201,24,100,2020
24,661255,"López, Yoan",8/29/2020,630217,24,100,2020
24,458708,"Tomlin, Josh",8/1/2020,630278,24,100,2020
24,593144,"Rodríguez, Richard",9/23/2020,631089,24,100,2020
24,444468,"Rondón, Héctor",9/18/2020,631436,24,100,2020
24,676604,"Zuber, Tyler",8/2/2020,631415,24,100,2020
24,501593,"Avilán, Luis",8/17/2020,631199,24,100,2020
24,628452,"Iglesias, Raisel",9/1/2020,631586,24,100,2020
24,608717,"Stratton, Chris",9/14/2020,631588,24,100,2020
24,642233,"Yardley, Eric",9/2/2020,631283,24,100,2020
24,503569,"Dolis, Rafael",8/24/2020,630950,24,100,2020
24,629498,"Quezada, Johan",9/15/2020,631314,24,100,2020
24,445926,"Chavez, Jesse",8/22/2020,631051,24,100,2020
24,660896,"Alcala, Jorge",9/5/2020,631264,24,100,2020
24,596295,"Gomber, Austin",7/26/2020,630993,24,100,2020
24,621290,"Bacus, Dakota",8/22/2020,631341,24,100,2020
24,605488,"Springs, Jeffrey",8/31/2020,631656,24,100,2020
24,657611,"Hill, Cam",8/16/2020,631479,24,100,2020
24,528748,"Castellanos, Humberto",8/7/2020,631176,24,100,2020
24,608648,"Duffey, Tyler",9/14/2020,631482,24,100,2020
24,571858,"Kline, Branden",9/23/2020,631637,24,100,2020
24,664092,"Poppen, Sean",9/4/2020,631456,24,100,2020
24,543507,"May, Trevor",8/1/2020,631273,24,100,2020
24,592473,"Kolarek, Adam",8/11/2020,631347,24,100,2020
24,681911,"Vesia, Alex",8/31/2020,631223,24,100,2020
24,542585,"Cisnero, José",9/22/2020,631251,24,100,2020
24,605488,"Springs, Jeffrey",9/25/2020,630569,24,100,2020
24,518813,"Holland, Greg",7/24/2020,631563,24,100,2020
24,643316,"Fry, Paul",8/30/2020,630852,24,100,2020
24,545064,"Díaz, Jairo",7/29/2020,631172,24,100,2020
24,641312,"Anderson, Shaun",8/18/2020,631366,24,100,2020
24,570257,"Rodríguez, Joely",8/9/2020,630922,24,100,2020
24,500610,"Guerra, Deolis",8/18/2020,631651,24,100,2020
24,664042,"Lakins Sr., Travis",8/20/2020,631684,24,100,2020
24,592865,"Williams, Taylor",8/30/2020,631371,24,100,2020
24,600917,"Leclerc, José",7/26/2020,630943,24,100,2020
24,605525,"Wendelken, J.B.",9/4/2020,631156,24,100,2020
24,641838,"McCarthy, Kevin",8/1/2020,631413,24,100,2020
24,656945,"Scott, Tanner",8/1/2020,630492,24,100,2020
24,475479,"Phelps, David",9/14/2020,631321,24,100,2020
24,595918,"Cole, A.J.",9/19/2020,631123,24,100,2020
24,476594,"Stock, Robert",9/4/2020,631649,24,100,2020
24,642083,"Slegers, Aaron",9/2/2020,631194,24,100,2020
24,664126,"Fairbanks, Pete",8/4/2020,630971,24,100,2020
24,670056,"Baragar, Caleb",9/8/2020,631007,24,100,2020
24,642233,"Yardley, Eric",8/16/2020,631612,24,100,2020
24,544727,"Familia, Jeurys",8/3/2020,630281,24,100,2020
24,681911,"Vesia, Alex",9/4/2020,630954,24,100,2020
24,598264,"Barnes, Matt",7/26/2020,631668,24,100,2020
24,621295,"Wittgren, Nick",8/12/2020,631568,24,100,2020
24,518774,"Harvey, Matt",9/15/2020,631462,24,100,2020
24,605151,"Bradley, Archie",9/1/2020,631586,24,100,2020
24,572383,"Moran, Brian",8/8/2020,631236,24,100,2020
24,663878,"Pearson, Nate",9/25/2020,630889,24,100,2020
24,664129,"Hartlieb, Geoff",8/30/2020,631278,24,100,2020
24,622075,"Almonte, Yency",8/10/2020,631546,24,100,2020
24,605359,"Marshall, Evan",7/25/2020,631515,24,100,2020
24,656232,"Bielak, Brandon",9/21/2020,631038,24,100,2020
24,643316,"Fry, Paul",8/19/2020,631682,24,100,2020
24,605538,"Wisler, Matt",7/25/2020,631515,24,100,2020
24,543883,"Vincent, Nick",9/8/2020,630438,24,100,2020
24,571670,"Floro, Dylan",8/19/2020,631048,24,100,2020
24,656322,"Coonrod, Sam",9/24/2020,631012,24,100,2020
24,518813,"Holland, Greg",8/15/2020,631280,24,100,2020
24,622075,"Almonte, Yency",9/23/2020,631011,24,100,2020
24,592390,"Hembree, Heath",7/30/2020,631238,24,100,2020
24,608678,"Leone, Dominic",9/6/2020,631557,24,100,2020
24,660896,"Alcala, Jorge",8/25/2020,631553,24,100,2020
24,528748,"Castellanos, Humberto",9/8/2020,631429,24,100,2020
24,571901,"Loup, Aaron",8/21/2020,630960,24,100,2020
24,605151,"Bradley, Archie",9/14/2020,631590,24,100,2020
24,501625,"Alvarez, Jose",8/3/2020,631219,24,100,2020
23,488984,"Hunter, Tommy",8/11/2020,631139,23,100,2020
23,664139,"Gibaut, Ian",8/18/2020,630928,23,100,2020
23,542585,"Cisnero, José",9/5/2020,631264,23,100,2020
23,676051,"Heuer, Codi",9/17/2020,631485,23,100,2020
23,592222,"Claudio, Alex",8/9/2020,631297,23,100,2020
23,593833,"Suero, Wander",8/18/2020,630322,23,100,2020
23,573204,"Thielbar, Caleb",9/18/2020,631629,23,100,2020
23,615698,"Quantrill, Cal",7/27/2020,631098,23,100,2020
23,668687,"Scrubb, Andre",7/31/2020,631391,23,100,2020
23,608344,"Irvin, Cole",7/26/2020,631126,23,100,2020
23,642397,"Soto, Gregory",7/26/2020,631591,23,100,2020
23,502202,"Boxberger, Brad",8/4/2020,630575,23,100,2020
23,502154,"Britton, Zack",8/16/2020,631198,23,100,2020
23,675916,"Karinchak, James",8/31/2020,631414,23,100,2020
23,519443,"Workman, Brandon",8/26/2020,630853,23,100,2020
23,445213,"Kintzler, Brandon",9/7/2020,630415,23,100,2020
23,521655,"Font, Wilmer",9/17/2020,631190,23,100,2020
23,543118,"Drake, Oliver",9/16/2020,630937,23,100,2020
23,519151,"Pressly, Ryan",8/1/2020,631392,23,100,2020
23,592229,"Covey, Dylan",9/15/2020,631314,23,100,2020
23,518489,"Brasier, Ryan",9/10/2020,630957,23,100,2020
23,548384,"Raley, Brooks",9/8/2020,631160,23,100,2020
23,605240,"Fry, Jace",9/15/2020,631483,23,100,2020
23,660896,"Alcala, Jorge",9/23/2020,631250,23,100,2020
23,571901,"Loup, Aaron",9/11/2020,630958,23,100,2020
23,608349,"Knebel, Corey",8/19/2020,631249,23,100,2020
23,444468,"Rondón, Héctor",9/20/2020,631424,23,100,2020
23,643338,"Green, Chad",7/26/2020,630856,23,100,2020
23,592612,"Osich, Josh",8/30/2020,631655,23,100,2020
23,622075,"Almonte, Yency",8/6/2020,631545,23,100,2020
23,623470,"Newberry, Jake",9/26/2020,631385,23,100,2020
23,453284,"Parker, Blake",9/6/2020,631209,23,100,2020
23,593833,"Suero, Wander",8/31/2020,631143,23,100,2020
23,612434,"Castro, Miguel",9/16/2020,631119,23,100,2020
23,592222,"Claudio, Alex",8/30/2020,631278,23,100,2020
23,543339,"Hudson, Daniel",8/16/2020,631679,23,100,2020
23,656382,"Doyle, Tommy",9/25/2020,630203,23,100,2020
23,593833,"Suero, Wander",8/10/2020,631233,23,100,2020
23,596720,"Neverauskas, Dovydas",8/22/2020,631104,23,100,2020
23,665759,"Rosso, Ramón",8/9/2020,631136,23,100,2020
23,622098,"Smith, Drew",8/30/2020,631229,23,100,2020
23,453284,"Parker, Blake",8/20/2020,630919,23,100,2020
23,656464,"Ginkel, Kevin",7/31/2020,630201,23,100,2020
23,502026,"Jeffress, Jeremy",8/19/2020,630997,23,100,2020
23,519141,"Pomeranz, Drew",7/26/2020,631097,23,100,2020
23,502706,"Holland, Derek",9/20/2020,631086,23,100,2020
23,656492,"Griffin, Foster",7/27/2020,631489,23,100,2020
23,621345,"Minter, A.J.",7/27/2020,630969,23,100,2020
23,595465,"Winkler, Dan",8/28/2020,631582,23,100,2020
23,656546,"Hoffman, Jeff",9/1/2020,631528,23,100,2020
23,502239,"Cahill, Trevor",9/24/2020,631012,23,100,2020
23,622251,"Staumont, Josh",8/25/2020,630978,23,100,2020
23,606131,"Perdomo, Luis",7/30/2020,631018,23,100,2020
23,580792,"Goody, Nick",8/11/2020,630924,23,100,2020
23,517008,"Colomé, Alex",8/22/2020,631638,23,100,2020
23,542882,"Andriese, Matt",8/31/2020,631374,23,100,2020
23,642203,"Widener, Taylor",8/22/2020,631028,23,100,2020
23,571710,"Givens, Mychal",7/31/2020,630592,23,100,2020
23,668941,"Romero, JoJo",9/15/2020,631144,23,100,2020
23,518813,"Holland, Greg",9/8/2020,631559,23,100,2020
23,664126,"Fairbanks, Pete",8/23/2020,630949,23,100,2020
23,656945,"Scott, Tanner",8/26/2020,630952,23,100,2020
23,608718,"Suter, Brent",8/22/2020,631104,23,100,2020
23,612434,"Castro, Miguel",8/20/2020,631684,23,100,2020
23,642528,"Loáisiga, Jonathan",9/1/2020,631207,23,100,2020
23,570240,"Peña, Félix",7/30/2020,631390,23,100,2020
23,656354,"Davis, Austin",7/24/2020,631121,23,100,2020
23,657624,"James, Josh",8/20/2020,631523,23,100,2020
23,642100,"Speier, Gabe",7/27/2020,631489,23,100,2020
23,622251,"Staumont, Josh",9/21/2020,631402,23,100,2020
23,445276,"Jansen, Kenley",7/29/2020,631444,23,100,2020
23,596720,"Neverauskas, Dovydas",8/7/2020,631105,23,100,2020
23,592169,"Brice, Austin",7/28/2020,631663,23,100,2020
23,623474,"Herget, Jimmy",8/1/2020,631020,23,100,2020
23,518774,"Harvey, Matt",9/10/2020,631561,23,100,2020
23,554431,"Matzek, Tyler",8/23/2020,630273,23,100,2020
23,608032,"Estévez, Carlos",7/25/2020,630942,23,100,2020
23,624647,"González, Victor",8/27/2020,631001,23,100,2020
23,472610,"García, Luis",8/30/2020,630921,23,100,2020
23,650530,"Garcia, Bryan",8/15/2020,631477,23,100,2020
23,519393,"Walden, Marcus",8/10/2020,631631,23,100,2020
23,461325,"Clippard, Tyler",8/31/2020,631247,23,100,2020
23,664208,"Maton, Phil",7/31/2020,631272,23,100,2020
23,657024,"Swanson, Erik",8/12/2020,630926,23,100,2020
23,542585,"Cisnero, José",8/21/2020,631548,23,100,2020
23,608371,"Sims, Lucas",7/29/2020,631594,23,100,2020
23,592858,"Wick, Rowan",8/12/2020,631568,23,100,2020
23,542914,"Bass, Anthony",9/18/2020,631122,23,100,2020
23,571710,"Givens, Mychal",8/23/2020,631670,23,100,2020
23,608371,"Sims, Lucas",7/24/2020,631589,23,100,2020
23,544727,"Familia, Jeurys",8/25/2020,631323,23,100,2020
23,664948,"Misiewicz, Anthony",7/24/2020,631438,23,100,2020
23,623470,"Newberry, Jake",9/24/2020,631398,23,100,2020
23,543883,"Vincent, Nick",8/7/2020,631237,23,100,2020
23,424144,"Pérez, Oliver",9/25/2020,631536,23,100,2020
23,458677,"Wilson, Justin",7/29/2020,631239,23,100,2020
23,608334,"Fulmer, Carson",8/11/2020,631474,23,100,2020
23,475054,"Roe, Chaz",8/2/2020,630493,23,100,2020
23,612434,"Castro, Miguel",8/11/2020,631139,23,100,2020
23,656186,"Altavilla, Dan",9/23/2020,631065,23,100,2020
23,519393,"Walden, Marcus",8/13/2020,631650,23,100,2020
23,670056,"Baragar, Caleb",8/12/2020,631447,23,100,2020
23,641941,"Pagán, Emilio",9/20/2020,631037,23,100,2020
23,642546,"Hernández, Jonathan",7/26/2020,630943,23,100,2020
23,547179,"Lorenzen, Michael",8/29/2020,631595,23,100,2020
23,608718,"Suter, Brent",8/4/2020,631294,23,100,2020
23,570666,"Cessa, Luis",8/20/2020,631202,23,100,2020
23,592165,"Brennan, Brandon",9/18/2020,631040,23,100,2020
23,605240,"Fry, Jace",9/21/2020,631562,23,100,2020
23,573124,"Rogers, Taylor",9/14/2020,631482,23,100,2020
23,445276,"Jansen, Kenley",8/29/2020,630934,23,100,2020
23,642233,"Yardley, Eric",9/14/2020,631288,23,100,2020
23,600917,"Leclerc, José",7/24/2020,630941,23,100,2020
23,453178,"Kennedy, Ian",8/22/2020,631403,23,100,2020
23,592254,"De León, José",8/29/2020,631581,23,100,2020
23,465657,"Soria, Joakim",9/5/2020,631157,23,100,2020
23,607555,"Guilbeau, Taylor",8/8/2020,631046,23,100,2020
23,518858,"Jones, Nate",9/10/2020,631634,23,100,2020
23,676979,"Crochet, Garrett",9/26/2020,631487,23,100,2020
23,621381,"Strahm, Matt",9/27/2020,631002,23,100,2020
23,668687,"Scrubb, Andre",9/23/2020,631035,23,100,2020
23,543339,"Hudson, Daniel",8/30/2020,631655,23,100,2020
23,572383,"Moran, Brian",8/12/2020,630902,23,100,2020
23,503569,"Dolis, Rafael",9/13/2020,630875,23,100,2020
23,663432,"Rainey, Tanner",7/29/2020,630916,23,100,2020
23,570488,"Valdez, Phillips",9/5/2020,631625,23,100,2020
23,641627,"Gott, Trevor",8/14/2020,631022,23,100,2020
23,592858,"Wick, Rowan",9/11/2020,631284,23,100,2020
23,593144,"Rodríguez, Richard",9/20/2020,631086,23,100,2020
23,608032,"Estévez, Carlos",8/20/2020,631523,23,100,2020
23,606160,"Montero, Rafael",8/15/2020,631533,23,100,2020
23,592233,"Crichton, Stefan",8/25/2020,630194,23,100,2020
23,572193,"Tepera, Ryan",7/28/2020,631593,23,100,2020
23,518617,"Diekman, Jake",7/27/2020,631168,23,100,2020
23,608032,"Estévez, Carlos",9/23/2020,631011,23,100,2020
23,642207,"Williams, Devin",9/19/2020,631267,23,100,2020
23,501625,"Alvarez, Jose",8/11/2020,631139,23,100,2020
23,664854,"Helsley, Ryan",9/5/2020,630998,23,100,2020
23,670056,"Baragar, Caleb",9/5/2020,631004,23,100,2020
23,595014,"Treinen, Blake",7/31/2020,630201,23,100,2020
23,598287,"Ramirez, Noé",7/28/2020,631387,23,100,2020
23,593833,"Suero, Wander",9/3/2020,631146,23,100,2020
23,573124,"Rogers, Taylor",8/11/2020,631299,23,100,2020
23,621381,"Strahm, Matt",9/10/2020,631072,23,100,2020
23,608032,"Estévez, Carlos",8/2/2020,631541,23,100,2020
23,668687,"Scrubb, Andre",8/11/2020,631446,23,100,2020
23,592833,"Wahl, Bobby",7/26/2020,631643,23,100,2020
23,664129,"Hartlieb, Geoff",8/19/2020,631120,23,100,2020
23,624647,"González, Victor",8/23/2020,631354,23,100,2020
23,543507,"May, Trevor",7/24/2020,631514,23,100,2020
23,622772,"Cordero, Jimmy",9/6/2020,631407,23,100,2020
23,641729,"Jiménez, Joe",9/24/2020,631398,23,100,2020
23,518748,"Grimm, Justin",8/27/2020,631303,23,100,2020
23,501789,"Harris, Will",8/21/2020,630886,23,100,2020
23,475479,"Phelps, David",7/27/2020,631130,23,100,2020
23,643511,"Rogers, Tyler",9/24/2020,631012,23,100,2020
23,465657,"Soria, Joakim",7/27/2020,631168,23,100,2020
23,642207,"Williams, Devin",9/14/2020,631282,23,100,2020
23,640448,"Finnegan, Kyle",9/11/2020,630873,23,100,2020
23,476454,"Betances, Dellin",9/26/2020,630894,23,100,2020
23,596043,"Mengden, Daniel",8/16/2020,631024,23,100,2020
23,623470,"Newberry, Jake",9/3/2020,631405,23,100,2020
23,621345,"Minter, A.J.",9/13/2020,630883,23,100,2020
23,622072,"Wood, Alex",9/13/2020,631332,23,100,2020
23,605151,"Bradley, Archie",9/13/2020,630961,23,100,2020
23,595411,"Sherriff, Ryan",9/11/2020,630958,23,100,2020
23,580792,"Goody, Nick",9/23/2020,630263,23,100,2020
23,572955,"Johnson, Pierce",9/14/2020,631061,23,100,2020
23,668687,"Scrubb, Andre",9/7/2020,631159,23,100,2020
23,548384,"Raley, Brooks",9/13/2020,631332,23,100,2020
23,664126,"Fairbanks, Pete",9/10/2020,630957,23,100,2020
23,656685,"Martin, Brett",9/9/2020,630925,23,100,2020
23,657376,"Schmidt, Clarke",9/7/2020,630859,23,100,2020
23,465657,"Soria, Joakim",8/12/2020,631397,23,100,2020
23,656547,"Holder, Jonathan",8/14/2020,631196,23,100,2020
22,592426,"Jackson, Luke",8/3/2020,630281,22,100,2020
22,548384,"Raley, Brooks",8/12/2020,631447,22,100,2020
22,642546,"Hernández, Jonathan",9/27/2020,630915,22,100,2020
22,622092,"Zimmer, Kyle",9/22/2020,631411,22,100,2020
22,453178,"Kennedy, Ian",8/3/2020,631645,22,100,2020
22,621142,"Buttrey, Ty",8/2/2020,631393,22,100,2020
22,650893,"Cabrera, Génesis",8/15/2020,631507,22,100,2020
22,600968,"Rosario, Randy",8/22/2020,631403,22,100,2020
22,543867,"Turley, Nik",7/27/2020,631130,22,100,2020
22,547179,"Lorenzen, Michael",8/8/2020,631296,22,100,2020
22,641420,"Burdi, Zack",8/15/2020,631507,22,100,2020
22,641672,"Hatch, Thomas",9/18/2020,630907,22,100,2020
22,642203,"Widener, Taylor",9/20/2020,631424,22,100,2020
22,605151,"Bradley, Archie",8/15/2020,630116,22,100,2020
22,518813,"Holland, Greg",8/19/2020,631422,22,100,2020
22,570666,"Cessa, Luis",9/18/2020,631627,22,100,2020
22,664054,"Stashak, Cody",8/8/2020,631420,22,100,2020
22,656257,"Brigham, Jeff",7/26/2020,631126,22,100,2020
22,656464,"Ginkel, Kevin",9/4/2020,631003,22,100,2020
22,608717,"Stratton, Chris",9/18/2020,630987,22,100,2020
22,476454,"Betances, Dellin",7/31/2020,630275,22,100,2020
22,503569,"Dolis, Rafael",8/15/2020,630905,22,100,2020
22,571735,"Hale, David",9/13/2020,631312,22,100,2020
22,518858,"Jones, Nate",8/11/2020,631598,22,100,2020
22,521655,"Font, Wilmer",8/4/2020,630284,22,100,2020
22,612434,"Castro, Miguel",8/8/2020,630880,22,100,2020
22,622772,"Cordero, Jimmy",8/16/2020,631491,22,100,2020
22,664208,"Maton, Phil",9/22/2020,631550,22,100,2020
22,598264,"Barnes, Matt",8/25/2020,630862,22,100,2020
22,670990,"Ramírez, Yohan",7/24/2020,631438,22,100,2020
22,640448,"Finnegan, Kyle",8/9/2020,630882,22,100,2020
22,642701,"Santana, Dennis",8/7/2020,631358,22,100,2020
22,608717,"Stratton, Chris",8/14/2020,631601,22,100,2020
22,657611,"Hill, Cam",8/8/2020,631503,22,100,2020
22,608717,"Stratton, Chris",9/16/2020,631575,22,100,2020
22,606424,"García, Jarlín",8/10/2020,631445,22,100,2020
22,605130,"Barlow, Scott",8/28/2020,631501,22,100,2020
22,595465,"Winkler, Dan",8/2/2020,631606,22,100,2020
22,488984,"Hunter, Tommy",7/25/2020,631108,22,100,2020
22,676051,"Heuer, Codi",8/10/2020,631473,22,100,2020
22,641302,"Alexander, Tyler",7/28/2020,631490,22,100,2020
22,605240,"Fry, Jace",8/6/2020,631513,22,100,2020
22,571735,"Hale, David",8/30/2020,631135,22,100,2020
22,523260,"Kelly, Joe",9/26/2020,631337,22,100,2020
22,493603,"Ottavino, Adam",8/7/2020,630974,22,100,2020
22,453265,"Watson, Tony",9/25/2020,631013,22,100,2020
22,657031,"Taylor, Josh",9/1/2020,631657,22,100,2020
22,595918,"Cole, A.J.",8/11/2020,630901,22,100,2020
22,642547,"Peralta, Freddy",8/23/2020,631107,22,100,2020
22,503285,"O'Day, Darren",8/1/2020,630278,22,100,2020
22,503285,"O'Day, Darren",8/4/2020,630284,22,100,2020
22,664042,"Lakins Sr., Travis",8/4/2020,630575,22,100,2020
22,592233,"Crichton, Stefan",8/20/2020,631180,22,100,2020
22,572888,"Greene, Shane",8/12/2020,631208,22,100,2020
22,656420,"Feyereisen, J.P.",8/30/2020,631278,22,100,2020
22,518397,"Alexander, Scott",8/16/2020,631364,22,100,2020
22,643778,"Webb, Tyler",8/17/2020,630996,22,100,2020
22,643778,"Webb, Tyler",9/1/2020,631586,22,100,2020
22,595465,"Winkler, Dan",8/12/2020,631568,22,100,2020
22,623352,"Hader, Josh",9/18/2020,631266,22,100,2020
22,518886,"Kimbrel, Craig",8/29/2020,631595,22,100,2020
22,594795,"Dayton, Grant",7/27/2020,630969,22,100,2020
22,572955,"Johnson, Pierce",9/18/2020,631040,22,100,2020
22,453343,"Melancon, Mark",9/25/2020,630569,22,100,2020
22,641582,"Foster, Matt",8/19/2020,631497,22,100,2020
22,543272,"Hand, Brad",7/29/2020,631569,22,100,2020
22,650893,"Cabrera, Génesis",8/26/2020,630979,22,100,2020
22,622098,"Smith, Drew",8/12/2020,631232,22,100,2020
22,642003,"Reed, Cody",8/7/2020,631295,22,100,2020
22,573124,"Rogers, Taylor",8/18/2020,631260,22,100,2020
22,606965,"Devenski, Chris",7/24/2020,631438,22,100,2020
22,664854,"Helsley, Ryan",9/19/2020,631147,22,100,2020
22,623352,"Hader, Josh",9/25/2020,630963,22,100,2020
22,572070,"Richards, Garrett",9/16/2020,631063,22,100,2020
22,656546,"Hoffman, Jeff",8/21/2020,631348,22,100,2020
22,520980,"Báez, Pedro",8/14/2020,631381,22,100,2020
22,542585,"Cisnero, José",8/10/2020,631473,22,100,2020
22,664682,"Meisinger, Ryan",9/1/2020,631586,22,100,2020
22,598264,"Barnes, Matt",8/7/2020,631623,22,100,2020
22,607560,"Harper, Ryne",8/8/2020,630880,22,100,2020
22,608665,"Graveman, Kendall",9/26/2020,631169,22,100,2020
22,660813,"Graterol, Brusdar",8/8/2020,631343,22,100,2020
22,670990,"Ramírez, Yohan",9/20/2020,631037,22,100,2020
22,606944,"Carroll, Cody",7/24/2020,631664,22,100,2020
22,669952,"White, Mitch",8/28/2020,630933,22,100,2020
22,676604,"Zuber, Tyler",7/24/2020,631563,22,100,2020
22,621139,"Kriske, Brooks",7/29/2020,630495,22,100,2020
22,640448,"Finnegan, Kyle",9/22/2020,630896,22,100,2020
22,628452,"Iglesias, Raisel",9/2/2020,631587,22,100,2020
22,643338,"Green, Chad",9/24/2020,630887,22,100,2020
22,657611,"Hill, Cam",8/21/2020,631548,22,100,2020
22,675916,"Karinchak, James",8/9/2020,631506,22,100,2020
22,623470,"Newberry, Jake",8/25/2020,630978,22,100,2020
22,621242,"Díaz, Edwin",8/13/2020,631231,22,100,2020
22,665621,"García, Rony",9/17/2020,631464,22,100,2020
22,641941,"Pagán, Emilio",9/15/2020,631062,22,100,2020
22,623474,"Herget, Jimmy",8/10/2020,630923,22,100,2020
22,543118,"Drake, Oliver",8/8/2020,630962,22,100,2020
22,670167,"Schreiber, John",8/22/2020,631564,22,100,2020
22,641656,"Hamilton, Ian",8/11/2020,631474,22,100,2020
22,657240,"Merryweather, Julian",8/20/2020,630919,22,100,2020
22,670167,"Schreiber, John",8/2/2020,631469,22,100,2020
22,642207,"Williams, Devin",7/25/2020,631642,22,100,2020
22,501625,"Alvarez, Jose",8/18/2020,631651,22,100,2020
22,554340,"García, Yimi",9/11/2020,631318,22,100,2020
22,544727,"Familia, Jeurys",8/28/2020,631230,22,100,2020
22,676051,"Heuer, Codi",8/31/2020,631247,22,100,2020
22,664126,"Fairbanks, Pete",8/8/2020,630973,22,100,2020
22,476454,"Betances, Dellin",8/19/2020,631327,22,100,2020
22,518858,"Jones, Nate",7/31/2020,631480,22,100,2020
22,595918,"Cole, A.J.",8/21/2020,630960,22,100,2020
22,622072,"Wood, Alex",9/1/2020,631355,22,100,2020
22,547179,"Lorenzen, Michael",7/26/2020,631591,22,100,2020
22,664129,"Hartlieb, Geoff",8/21/2020,631103,22,100,2020
22,608032,"Estévez, Carlos",7/29/2020,631172,22,100,2020
22,605280,"Holmes, Clay",7/24/2020,630989,22,100,2020
22,628452,"Iglesias, Raisel",9/27/2020,631244,22,100,2020
22,660600,"Paredes, Enoli",8/11/2020,631446,22,100,2020
22,519151,"Pressly, Ryan",9/16/2020,631434,22,100,2020
22,641743,"Kay, Anthony",8/20/2020,630918,22,100,2020
22,595918,"Cole, A.J.",9/2/2020,631308,22,100,2020
22,642203,"Widener, Taylor",7/25/2020,631092,22,100,2020
22,623352,"Hader, Josh",8/18/2020,631260,22,100,2020
22,641729,"Jiménez, Joe",8/23/2020,631551,22,100,2020
22,640448,"Finnegan, Kyle",9/16/2020,630937,22,100,2020
22,641302,"Alexander, Tyler",7/25/2020,631603,22,100,2020
22,641627,"Gott, Trevor",8/15/2020,631023,22,100,2020
22,543867,"Turley, Nik",8/14/2020,631601,22,100,2020
22,445213,"Kintzler, Brandon",9/20/2020,631305,22,100,2020
22,663474,"McKenzie, Triston",9/26/2020,631537,22,100,2020
22,657611,"Hill, Cam",9/20/2020,631454,22,100,2020
22,657612,"Hill, Tim",9/26/2020,631016,22,100,2020
22,629498,"Quezada, Johan",9/17/2020,631313,22,100,2020
22,642701,"Santana, Dennis",8/13/2020,631351,22,100,2020
22,592865,"Williams, Taylor",9/8/2020,631071,22,100,2020
22,518617,"Diekman, Jake",9/23/2020,631334,22,100,2020
22,502578,"Barrett, Aaron",9/15/2020,630936,22,100,2020
22,595928,"Curtiss, John",9/8/2020,630867,22,100,2020
22,670990,"Ramírez, Yohan",9/25/2020,631167,22,100,2020
22,519141,"Pomeranz, Drew",9/20/2020,631037,22,100,2020
22,605130,"Barlow, Scott",9/8/2020,631559,22,100,2020
22,642207,"Williams, Devin",9/25/2020,630963,22,100,2020
22,595465,"Winkler, Dan",8/15/2020,631611,22,100,2020
22,608717,"Stratton, Chris",9/6/2020,631116,22,100,2020
22,455119,"Martin, Chris",9/21/2020,630440,22,100,2020
22,624586,"Hoyt, James",9/8/2020,630438,22,100,2020
22,623352,"Hader, Josh",8/24/2020,631301,22,100,2020
22,592390,"Hembree, Heath",8/18/2020,631651,22,100,2020
22,670329,"Garcia, Rico",9/17/2020,631034,22,100,2020
22,501789,"Harris, Will",9/11/2020,630873,22,100,2020
22,605130,"Barlow, Scott",8/26/2020,630979,22,100,2020
22,572888,"Greene, Shane",9/12/2020,630877,22,100,2020
22,628452,"Iglesias, Raisel",8/20/2020,630986,22,100,2020
22,592135,"Bedrosian, Cam",9/20/2020,631375,22,100,2020
22,605309,"Kela, Keone",8/18/2020,631114,22,100,2020
22,606160,"Montero, Rafael",9/13/2020,630911,22,100,2020
22,621381,"Strahm, Matt",9/3/2020,631368,22,100,2020
22,624407,"Lin, Tzu-Wei",9/24/2020,631640,22,100,2020
22,445213,"Kintzler, Brandon",8/15/2020,631330,22,100,2020
22,650671,"Quijada, José",9/2/2020,631379,22,100,2020
22,593833,"Suero, Wander",8/15/2020,630568,22,100,2020
22,605538,"Wisler, Matt",8/2/2020,631274,22,100,2020
22,571704,"Giles, Ken",7/26/2020,630968,22,100,2020
22,544727,"Familia, Jeurys",8/15/2020,631151,22,100,2020
22,554340,"García, Yimi",7/24/2020,631121,22,100,2020
22,543507,"May, Trevor",8/11/2020,631299,22,100,2020
22,450172,"Volquez, Edinson",7/28/2020,630944,22,100,2020
22,596112,"Stephenson, Robert",9/19/2020,631577,22,100,2020
22,623433,"Anderson, Nick",9/4/2020,630954,22,100,2020
22,656464,"Ginkel, Kevin",8/19/2020,631179,22,100,2020
22,642233,"Yardley, Eric",9/24/2020,630975,22,100,2020
22,621139,"Kriske, Brooks",9/11/2020,631183,22,100,2020
22,657612,"Hill, Tim",9/18/2020,631040,22,100,2020
22,453172,"Hughes, Jared",8/25/2020,631323,22,100,2020
22,613534,"Adams, Austin",9/22/2020,631064,22,100,2020
22,622492,"Mella, Keury",9/13/2020,630226,22,100,2020
22,593144,"Rodríguez, Richard",9/13/2020,631401,22,100,2020
22,612434,"Castro, Miguel",8/12/2020,631141,22,100,2020
22,445276,"Jansen, Kenley",8/27/2020,631001,22,100,2020
22,572955,"Johnson, Pierce",8/11/2020,631347,22,100,2020
22,542960,"Brach, Brad",9/8/2020,631211,22,100,2020
22,669952,"White, Mitch",9/18/2020,631511,22,100,2020
22,518489,"Brasier, Ryan",9/2/2020,631624,22,100,2020
22,446321,"Detwiler, Ross",8/3/2020,631293,22,100,2020
22,670167,"Schreiber, John",8/15/2020,631477,22,100,2020
22,623465,"Phillips, Evan",8/8/2020,630880,22,100,2020
22,641729,"Jiménez, Joe",9/7/2020,631255,22,100,2020
22,640448,"Finnegan, Kyle",9/6/2020,630491,22,100,2020
22,458677,"Wilson, Justin",9/3/2020,631234,22,100,2020
22,607625,"Lugo, Seth",7/27/2020,631669,22,100,2020
21,642130,"Taylor, Blake",8/2/2020,631393,21,100,2020
21,664139,"Gibaut, Ian",8/25/2020,630930,21,100,2020
21,606149,"Gallegos, Giovanny",9/21/2020,631402,21,100,2020
21,446321,"Detwiler, Ross",7/26/2020,631517,21,100,2020
21,424144,"Pérez, Oliver",7/31/2020,631272,21,100,2020
21,642003,"Reed, Cody",9/1/2020,631207,21,100,2020
21,657031,"Taylor, Josh",8/22/2020,631667,21,100,2020
21,596720,"Neverauskas, Dovydas",9/26/2020,631537,21,100,2020
21,607572,"Howard, Sam",9/25/2020,631536,21,100,2020
21,657031,"Taylor, Josh",8/28/2020,631653,21,100,2020
21,672715,"Patiño, Luis",8/20/2020,631077,21,100,2020
21,605441,"Ríos, Yacksel",8/4/2020,631276,21,100,2020
21,622065,"Young, Alex",8/11/2020,631547,21,100,2020
21,456124,"Kratz, Erik",9/20/2020,631635,21,100,2020
21,592169,"Brice, Austin",8/17/2020,631199,21,100,2020
21,621368,"Hearn, Taylor",8/10/2020,630923,21,100,2020
21,622098,"Smith, Drew",7/30/2020,631238,21,100,2020
21,572021,"Pazos, James",8/19/2020,631522,21,100,2020
21,572021,"Pazos, James",8/23/2020,631354,21,100,2020
21,611093,"Bracho, Silvino",9/26/2020,630271,21,100,2020
21,543339,"Hudson, Daniel",8/17/2020,630316,21,100,2020
21,641755,"Kinley, Tyler",8/1/2020,631540,21,100,2020
21,642770,"Guerra, Javy",8/11/2020,631347,21,100,2020
21,572125,"Selman, Sam",9/7/2020,631006,21,100,2020
21,592135,"Bedrosian, Cam",8/2/2020,631393,21,100,2020
21,518858,"Jones, Nate",9/21/2020,631579,21,100,2020
21,592426,"Jackson, Luke",9/8/2020,630438,21,100,2020
21,676831,"Whitley, Kodi",9/25/2020,631292,21,100,2020
21,623352,"Hader, Josh",9/26/2020,630964,21,100,2020
21,606965,"Devenski, Chris",9/6/2020,631359,21,100,2020
21,534910,"Hahn, Jesse",9/19/2020,631267,21,100,2020
21,521655,"Font, Wilmer",9/22/2020,630881,21,100,2020
21,519008,"McFarland, T.J.",9/4/2020,631156,21,100,2020
21,642397,"Soto, Gregory",9/8/2020,631460,21,100,2020
21,501593,"Avilán, Luis",8/3/2020,631219,21,100,2020
21,667463,"King, John",9/25/2020,630913,21,100,2020
21,518813,"Holland, Greg",8/16/2020,631252,21,100,2020
21,656232,"Bielak, Brandon",9/10/2020,631162,21,100,2020
21,664208,"Maton, Phil",9/6/2020,631557,21,100,2020
21,664208,"Maton, Phil",9/9/2020,631560,21,100,2020
21,669060,"Wilson, Bryse",9/6/2020,630491,21,100,2020
21,670970,"Morejon, Adrian",9/8/2020,631071,21,100,2020
21,673633,"Hirano, Yoshihisa",9/6/2020,631030,21,100,2020
21,444468,"Rondón, Héctor",8/23/2020,631029,21,100,2020
21,572125,"Selman, Sam",9/4/2020,631003,21,100,2020
21,656945,"Scott, Tanner",8/15/2020,630568,21,100,2020
21,642397,"Soto, Gregory",8/21/2020,631548,21,100,2020
21,493603,"Ottavino, Adam",9/13/2020,631187,21,100,2020
21,445276,"Jansen, Kenley",9/12/2020,631331,21,100,2020
21,594986,"Ryan, Kyle",8/17/2020,630996,21,100,2020
21,641420,"Burdi, Zack",8/8/2020,631503,21,100,2020
21,543272,"Hand, Brad",9/5/2020,631556,21,100,2020
21,571927,"Matz, Steven",9/23/2020,631218,21,100,2020
21,657612,"Hill, Tim",8/2/2020,631541,21,100,2020
21,570666,"Cessa, Luis",9/7/2020,630859,21,100,2020
21,594986,"Ryan, Kyle",9/24/2020,631099,21,100,2020
21,605538,"Wisler, Matt",9/8/2020,630983,21,100,2020
21,445276,"Jansen, Kenley",9/4/2020,631345,21,100,2020
21,500610,"Guerra, Deolis",8/3/2020,631219,21,100,2020
21,622251,"Staumont, Josh",8/12/2020,631599,21,100,2020
21,519293,"Smith, Will",9/11/2020,630873,21,100,2020
21,543339,"Hudson, Daniel",7/29/2020,630916,21,100,2020
21,608335,"Funkhouser, Kyle",8/22/2020,631564,21,100,2020
21,572888,"Greene, Shane",9/19/2020,631214,21,100,2020
21,592222,"Claudio, Alex",9/14/2020,631288,21,100,2020
21,594577,"Mayers, Mike",9/4/2020,631357,21,100,2020
21,571710,"Givens, Mychal",9/24/2020,631012,21,100,2020
21,571710,"Givens, Mychal",9/11/2020,631530,21,100,2020
21,621242,"Díaz, Edwin",8/30/2020,631205,21,100,2020
21,453172,"Hughes, Jared",8/16/2020,631124,21,100,2020
21,594795,"Dayton, Grant",9/14/2020,631677,21,100,2020
21,554340,"García, Yimi",9/18/2020,631342,21,100,2020
21,573124,"Rogers, Taylor",8/10/2020,631298,21,100,2020
21,605130,"Barlow, Scott",9/11/2020,631399,21,100,2020
21,453343,"Melancon, Mark",8/2/2020,630280,21,100,2020
21,592741,"Shreve, Chasen",9/23/2020,631218,21,100,2020
21,621295,"Wittgren, Nick",9/12/2020,631257,21,100,2020
21,664092,"Poppen, Sean",8/23/2020,631412,21,100,2020
21,593974,"Peralta, Wandy",9/20/2020,631166,21,100,2020
21,608717,"Stratton, Chris",8/29/2020,631277,21,100,2020
21,543867,"Turley, Nik",7/31/2020,631647,21,100,2020
21,623465,"Phillips, Evan",9/4/2020,631674,21,100,2020
21,573124,"Rogers, Taylor",8/23/2020,631412,21,100,2020
21,664948,"Misiewicz, Anthony",9/13/2020,630226,21,100,2020
21,623474,"Herget, Jimmy",9/4/2020,631041,21,100,2020
21,623465,"Phillips, Evan",7/29/2020,630495,21,100,2020
21,621237,"Alvarado, José",8/5/2020,630972,21,100,2020
21,640448,"Finnegan, Kyle",8/5/2020,630878,21,100,2020
21,606930,"Barnes, Jacob",8/14/2020,631381,21,100,2020
21,621366,"Borucki, Ryan",8/14/2020,630903,21,100,2020
21,608678,"Leone, Dominic",8/21/2020,631548,21,100,2020
21,664042,"Lakins Sr., Travis",8/25/2020,630951,21,100,2020
21,675916,"Karinchak, James",7/28/2020,631573,21,100,2020
21,518553,"Cishek, Steve",8/26/2020,631500,21,100,2020
21,606149,"Gallegos, Giovanny",9/27/2020,630965,21,100,2020
21,643511,"Rogers, Tyler",9/5/2020,631004,21,100,2020
21,657571,"Ferguson, Caleb",9/2/2020,631356,21,100,2020
21,573204,"Thielbar, Caleb",9/17/2020,631485,21,100,2020
21,545064,"Díaz, Jairo",7/31/2020,631539,21,100,2020
21,641941,"Pagán, Emilio",8/21/2020,631078,21,100,2020
21,543507,"May, Trevor",7/28/2020,631269,21,100,2020
21,543208,"Gaviglio, Sam",7/25/2020,630967,21,100,2020
21,622772,"Cordero, Jimmy",7/31/2020,631410,21,100,2020
21,595014,"Treinen, Blake",8/4/2020,631069,21,100,2020
21,608371,"Sims, Lucas",8/2/2020,631470,21,100,2020
21,663432,"Rainey, Tanner",9/4/2020,630323,21,100,2020
21,592233,"Crichton, Stefan",8/4/2020,630109,21,100,2020
21,605195,"Crick, Kyle",7/25/2020,630992,21,100,2020
21,608334,"Fulmer, Carson",7/27/2020,631489,21,100,2020
21,607555,"Guilbeau, Taylor",7/27/2020,631442,21,100,2020
21,521655,"Font, Wilmer",7/28/2020,630866,21,100,2020
21,605447,"Romano, Jordan",7/24/2020,630966,21,100,2020
21,571656,"Farmer, Buck",7/25/2020,631603,21,100,2020
21,465657,"Soria, Joakim",8/5/2020,631174,21,100,2020
21,571901,"Loup, Aaron",7/26/2020,630968,21,100,2020
21,675916,"Karinchak, James",9/4/2020,631555,21,100,2020
21,612434,"Castro, Miguel",9/19/2020,631214,21,100,2020
21,571710,"Givens, Mychal",7/25/2020,631666,21,100,2020
21,572143,"Smith, Burch",7/27/2020,631168,21,100,2020
21,608032,"Estévez, Carlos",9/21/2020,631009,21,100,2020
21,543766,"Shaw, Bryan",7/29/2020,631389,21,100,2020
21,518813,"Holland, Greg",8/2/2020,631415,21,100,2020
21,621345,"Minter, A.J.",9/22/2020,630385,21,100,2020
21,621242,"Díaz, Edwin",7/25/2020,631241,21,100,2020
21,670280,"Bednar, David",7/30/2020,631018,21,100,2020
21,580792,"Goody, Nick",8/30/2020,630921,21,100,2020
21,572703,"Bard, Luke",7/29/2020,631389,21,100,2020
21,592135,"Bedrosian, Cam",9/27/2020,631338,21,100,2020
21,621295,"Wittgren, Nick",8/18/2020,631114,21,100,2020
21,661255,"López, Yoan",7/24/2020,631091,21,100,2020
21,458677,"Wilson, Justin",8/14/2020,631150,21,100,2020
21,594577,"Mayers, Mike",8/7/2020,630920,21,100,2020
21,676051,"Heuer, Codi",9/23/2020,631534,21,100,2020
21,573204,"Thielbar, Caleb",9/25/2020,631246,21,100,2020
21,518813,"Holland, Greg",8/30/2020,631505,21,100,2020
21,623433,"Anderson, Nick",9/21/2020,631216,21,100,2020
21,543507,"May, Trevor",8/2/2020,631274,21,100,2020
21,518553,"Cishek, Steve",8/8/2020,631503,21,100,2020
21,542888,"Armstrong, Shawn",7/31/2020,630592,21,100,2020
21,608717,"Stratton, Chris",8/3/2020,631275,21,100,2020
21,656793,"Nelson, Nick",8/28/2020,631230,21,100,2020
21,542888,"Armstrong, Shawn",8/6/2020,631340,21,100,2020
21,502202,"Boxberger, Brad",8/18/2020,631326,21,100,2020
21,621142,"Buttrey, Ty",8/15/2020,631363,21,100,2020
21,642547,"Peralta, Freddy",9/20/2020,631268,21,100,2020
21,594577,"Mayers, Mike",8/2/2020,631393,21,100,2020
21,642121,"Sulser, Cole",8/2/2020,630493,21,100,2020
21,542960,"Brach, Brad",9/18/2020,631213,21,100,2020
21,488748,"Buchter, Ryan",8/14/2020,631381,21,100,2020
21,572193,"Tepera, Ryan",9/16/2020,631619,21,100,2020
21,571788,"Holt, Brock",9/18/2020,631342,21,100,2020
21,598264,"Barnes, Matt",8/29/2020,631654,21,100,2020
21,595411,"Sherriff, Ryan",9/16/2020,630937,21,100,2020
21,622253,"Tate, Dillon",9/16/2020,631659,21,100,2020
21,642152,"Trivino, Lou",9/15/2020,631520,21,100,2020
21,621366,"Borucki, Ryan",8/7/2020,631623,21,100,2020
21,656876,"Rasmussen, Drew",9/18/2020,631266,21,100,2020
21,622092,"Zimmer, Kyle",8/6/2020,631425,21,100,2020
21,457915,"Guerra, Javy",7/30/2020,630917,21,100,2020
21,504379,"Nicasio, Juan",8/16/2020,631521,21,100,2020
21,545064,"Díaz, Jairo",9/8/2020,631071,21,100,2020
21,622092,"Zimmer, Kyle",7/26/2020,631566,21,100,2020
21,641672,"Hatch, Thomas",8/5/2020,630307,21,100,2020
21,622075,"Almonte, Yency",8/22/2020,631349,21,100,2020
21,592229,"Covey, Dylan",7/25/2020,631666,21,100,2020
21,664948,"Misiewicz, Anthony",8/8/2020,631046,21,100,2020
21,605359,"Marshall, Evan",8/9/2020,631506,21,100,2020
21,528748,"Castellanos, Humberto",9/12/2020,631331,21,100,2020
21,650895,"Castillo, Diego",8/18/2020,631200,21,100,2020
21,543766,"Shaw, Bryan",7/31/2020,631066,21,100,2020
21,593974,"Peralta, Wandy",8/3/2020,631542,21,100,2020
21,640448,"Finnegan, Kyle",8/25/2020,630855,21,100,2020
21,650893,"Cabrera, Génesis",8/29/2020,630981,21,100,2020
21,518489,"Brasier, Ryan",8/22/2020,631667,21,100,2020
21,570663,"Robles, Hansel",8/24/2020,631439,21,100,2020
21,681911,"Vesia, Alex",8/29/2020,631319,21,100,2020
21,543867,"Turley, Nik",9/27/2020,631538,21,100,2020
21,572193,"Tepera, Ryan",8/14/2020,631610,21,100,2020
21,445276,"Jansen, Kenley",8/2/2020,630101,21,100,2020
21,605177,"Chafin, Andrew",8/14/2020,630115,21,100,2020
21,660896,"Alcala, Jorge",8/29/2020,631457,21,100,2020
21,656186,"Altavilla, Dan",8/6/2020,631042,21,100,2020
21,543208,"Gaviglio, Sam",7/29/2020,630916,21,100,2020
21,664129,"Hartlieb, Geoff",8/13/2020,631600,21,100,2020
21,656977,"Sobotka, Chad",8/4/2020,630284,21,100,2020
21,621242,"Díaz, Edwin",8/19/2020,631327,21,100,2020
21,642770,"Guerra, Javy",8/2/2020,631541,21,100,2020
21,465657,"Soria, Joakim",8/14/2020,631022,21,100,2020
21,542914,"Bass, Anthony",9/24/2020,630887,21,100,2020
21,621237,"Alvarado, José",8/2/2020,630493,21,100,2020
21,657624,"James, Josh",9/17/2020,631435,21,100,2020
21,488984,"Hunter, Tommy",8/14/2020,631150,21,100,2020
21,643532,"Sharp, Sterling",8/5/2020,631339,21,100,2020
21,640448,"Finnegan, Kyle",8/12/2020,631232,21,100,2020
21,621249,"Underwood Jr., Duane",7/27/2020,631592,21,100,2020
21,642397,"Soto, Gregory",9/16/2020,631463,21,100,2020
21,459429,"McGee, Jake",7/25/2020,631382,21,100,2020
21,592804,"Thornburg, Tyler",8/23/2020,630976,21,100,2020
21,670056,"Baragar, Caleb",7/30/2020,631018,21,100,2020
21,650895,"Castillo, Diego",8/28/2020,631304,21,100,2020
21,656945,"Scott, Tanner",8/28/2020,630871,21,100,2020
21,445926,"Chavez, Jesse",7/29/2020,630940,21,100,2020
21,571710,"Givens, Mychal",8/9/2020,630882,21,100,2020
21,664139,"Gibaut, Ian",8/2/2020,631021,21,100,2020
21,544727,"Familia, Jeurys",8/8/2020,631236,21,100,2020
21,572125,"Selman, Sam",7/31/2020,631019,21,100,2020
21,519443,"Workman, Brandon",8/31/2020,631143,21,100,2020
21,542585,"Cisnero, José",9/25/2020,631383,21,100,2020
21,643338,"Green, Chad",8/5/2020,631127,21,100,2020
21,521230,"Hendriks, Liam",8/2/2020,631068,21,100,2020
21,643338,"Green, Chad",8/26/2020,630360,21,100,2020
21,475479,"Phelps, David",9/19/2020,631123,21,100,2020
21,664126,"Fairbanks, Pete",7/25/2020,630967,21,100,2020
21,620445,"Mujica, José",9/27/2020,630202,21,100,2020
21,664139,"Gibaut, Ian",8/21/2020,631050,21,100,2020
21,448855,"Guerra, Junior",8/16/2020,630117,21,100,2020
21,605130,"Barlow, Scott",8/31/2020,631414,21,100,2020
21,668687,"Scrubb, Andre",8/9/2020,631178,21,100,2020
21,641341,"Bashlor, Tyler",8/26/2020,631500,21,100,2020
21,685493,"Yamaguchi, Shun",9/20/2020,631128,21,100,2020
21,458708,"Tomlin, Josh",8/9/2020,631136,21,100,2020
21,521655,"Font, Wilmer",7/30/2020,630917,21,100,2020
21,453343,"Melancon, Mark",9/12/2020,630877,21,100,2020
20,593833,"Suero, Wander",9/26/2020,630894,20,100,2020
20,656464,"Ginkel, Kevin",7/29/2020,630940,20,100,2020
20,542888,"Armstrong, Shawn",7/29/2020,630495,20,100,2020
20,660600,"Paredes, Enoli",9/1/2020,631430,20,100,2020
20,642121,"Sulser, Cole",8/28/2020,630871,20,100,2020
20,491624,"Valdez, César",8/31/2020,630900,20,100,2020
20,518886,"Kimbrel, Craig",8/19/2020,630997,20,100,2020
20,622780,"Perdomo, Angel",8/18/2020,631260,20,100,2020
20,572703,"Bard, Luke",9/27/2020,631338,20,100,2020
20,488984,"Hunter, Tommy",8/5/2020,631127,20,100,2020
20,642130,"Taylor, Blake",8/1/2020,631392,20,100,2020
20,453284,"Parker, Blake",9/3/2020,631146,20,100,2020
20,592858,"Wick, Rowan",7/31/2020,631647,20,100,2020
20,594986,"Ryan, Kyle",7/31/2020,631647,20,100,2020
20,622072,"Wood, Alex",9/5/2020,631328,20,100,2020
20,642546,"Hernández, Jonathan",7/24/2020,630941,20,100,2020
20,641582,"Foster, Matt",9/22/2020,631550,20,100,2020
20,641851,"McGowin, Kyle",9/22/2020,630896,20,100,2020
20,641672,"Hatch, Thomas",9/22/2020,630881,20,100,2020
20,643256,"Cimber, Adam",7/24/2020,631563,20,100,2020
20,641755,"Kinley, Tyler",9/16/2020,631509,20,100,2020
20,544727,"Familia, Jeurys",7/27/2020,631669,20,100,2020
20,451584,"Davis, Wade",9/17/2020,631510,20,100,2020
20,571670,"Floro, Dylan",8/7/2020,631358,20,100,2020
20,643338,"Green, Chad",9/21/2020,630876,20,100,2020
20,573046,"Morin, Mike",8/9/2020,631235,20,100,2020
20,542882,"Andriese, Matt",9/15/2020,631360,20,100,2020
20,642233,"Yardley, Eric",7/25/2020,631642,20,100,2020
20,592169,"Brice, Austin",8/7/2020,631623,20,100,2020
20,593833,"Suero, Wander",8/24/2020,630898,20,100,2020
20,598287,"Ramirez, Noé",8/7/2020,630920,20,100,2020
20,598287,"Ramirez, Noé",8/5/2020,631043,20,100,2020
20,621381,"Strahm, Matt",8/17/2020,630927,20,100,2020
20,605538,"Wisler, Matt",9/17/2020,631485,20,100,2020
20,502202,"Boxberger, Brad",8/6/2020,631340,20,100,2020
20,598287,"Ramirez, Noé",9/16/2020,631361,20,100,2020
20,608334,"Fulmer, Carson",9/18/2020,631661,20,100,2020
20,623474,"Herget, Jimmy",9/15/2020,631433,20,100,2020
20,622251,"Staumont, Josh",8/15/2020,631279,20,100,2020
20,596295,"Gomber, Austin",8/27/2020,631000,20,100,2020
20,621345,"Minter, A.J.",8/5/2020,630307,20,100,2020
20,664042,"Lakins Sr., Travis",9/15/2020,631680,20,100,2020
20,622075,"Almonte, Yency",8/26/2020,630099,20,100,2020
20,664977,"Cederlind, Blake",9/21/2020,631087,20,100,2020
20,661255,"López, Yoan",8/20/2020,631180,20,100,2020
20,675916,"Karinchak, James",9/15/2020,631618,20,100,2020
20,501625,"Alvarez, Jose",8/13/2020,631142,20,100,2020
20,424144,"Pérez, Oliver",8/29/2020,630981,20,100,2020
20,642003,"Reed, Cody",8/6/2020,631571,20,100,2020
20,476594,"Stock, Robert",9/1/2020,631657,20,100,2020
20,475479,"Phelps, David",8/28/2020,631291,20,100,2020
20,643511,"Rogers, Tyler",8/8/2020,631343,20,100,2020
20,641941,"Pagán, Emilio",7/26/2020,631097,20,100,2020
20,571901,"Loup, Aaron",8/14/2020,630903,20,100,2020
20,656222,"Beeks, Jalen",8/5/2020,630972,20,100,2020
20,656004,"Sanabria, Carlos",8/9/2020,631178,20,100,2020
20,595897,"Burdi, Nick",8/3/2020,631275,20,100,2020
20,543867,"Turley, Nik",8/29/2020,631277,20,100,2020
20,572193,"Tepera, Ryan",8/29/2020,631595,20,100,2020
20,641729,"Jiménez, Joe",7/25/2020,631603,20,100,2020
20,592169,"Brice, Austin",8/29/2020,631654,20,100,2020
20,593576,"Neris, Héctor",9/1/2020,631153,20,100,2020
20,573204,"Thielbar, Caleb",9/1/2020,631261,20,100,2020
20,570488,"Valdez, Phillips",8/31/2020,631656,20,100,2020
20,572888,"Greene, Shane",8/16/2020,631324,20,100,2020
20,622772,"Cordero, Jimmy",9/27/2020,631488,20,100,2020
20,503569,"Dolis, Rafael",8/19/2020,631682,20,100,2020
20,641755,"Kinley, Tyler",8/17/2020,631451,20,100,2020
20,664126,"Fairbanks, Pete",8/10/2020,631631,20,100,2020
20,461325,"Clippard, Tyler",8/17/2020,631258,20,100,2020
20,570488,"Valdez, Phillips",9/26/2020,630570,20,100,2020
20,621345,"Minter, A.J.",7/25/2020,631241,20,100,2020
20,643316,"Fry, Paul",8/26/2020,630952,20,100,2020
20,623465,"Phillips, Evan",8/1/2020,630492,20,100,2020
20,650895,"Castillo, Diego",8/8/2020,630973,20,100,2020
20,605538,"Wisler, Matt",8/3/2020,631275,20,100,2020
20,593619,"Tapia, Domingo",9/16/2020,631315,20,100,2020
20,592094,"Adam, Jason",8/21/2020,631633,20,100,2020
20,450172,"Volquez, Edinson",8/4/2020,631173,20,100,2020
20,608717,"Stratton, Chris",8/18/2020,631114,20,100,2020
20,461325,"Clippard, Tyler",7/31/2020,631272,20,100,2020
20,608678,"Leone, Dominic",7/28/2020,631567,20,100,2020
20,626929,"Thorpe, Lewis",7/30/2020,631271,20,100,2020
20,607572,"Howard, Sam",8/23/2020,631107,20,100,2020
20,518858,"Jones, Nate",8/29/2020,631595,20,100,2020
20,642770,"Guerra, Javy",8/18/2020,630928,20,100,2020
20,518489,"Brasier, Ryan",8/30/2020,631655,20,100,2020
20,592858,"Wick, Rowan",8/3/2020,631645,20,100,2020
20,622492,"Mella, Keury",9/26/2020,630271,20,100,2020
20,445926,"Chavez, Jesse",8/10/2020,630923,20,100,2020
20,650530,"Garcia, Bryan",8/2/2020,631469,20,100,2020
20,453343,"Melancon, Mark",8/22/2020,630338,20,100,2020
20,656232,"Bielak, Brandon",9/24/2020,630912,20,100,2020
20,608648,"Duffey, Tyler",8/10/2020,631298,20,100,2020
20,621294,"Heller, Ben",8/14/2020,631196,20,100,2020
20,592767,"Smyly, Drew",7/23/2020,631377,20,100,2020
20,642152,"Trivino, Lou",8/11/2020,631396,20,100,2020
20,677651,"Garcia, Luis",9/24/2020,630912,20,100,2020
20,502026,"Jeffress, Jeremy",9/15/2020,631618,20,100,2020
20,642121,"Sulser, Cole",9/6/2020,631676,20,100,2020
20,595918,"Cole, A.J.",8/16/2020,630872,20,100,2020
20,623465,"Phillips, Evan",8/6/2020,631340,20,100,2020
20,621249,"Underwood Jr., Duane",8/17/2020,630996,20,100,2020
20,554431,"Matzek, Tyler",9/19/2020,631214,20,100,2020
20,534910,"Hahn, Jesse",9/4/2020,631406,20,100,2020
20,594577,"Mayers, Mike",9/22/2020,631064,20,100,2020
20,548384,"Raley, Brooks",9/4/2020,631357,20,100,2020
20,453268,"Bard, Daniel",9/12/2020,631531,20,100,2020
20,642546,"Hernández, Jonathan",8/4/2020,631173,20,100,2020
20,519141,"Pomeranz, Drew",9/14/2020,631061,20,100,2020
20,572888,"Greene, Shane",9/21/2020,630440,20,100,2020
20,593144,"Rodríguez, Richard",9/3/2020,631112,20,100,2020
20,455119,"Martin, Chris",9/20/2020,631215,20,100,2020
20,593974,"Peralta, Wandy",9/4/2020,631003,20,100,2020
20,598264,"Barnes, Matt",9/13/2020,630947,20,100,2020
20,608349,"Knebel, Corey",9/13/2020,631286,20,100,2020
20,606115,"Arcia, Orlando",9/13/2020,631286,20,100,2020
20,642121,"Sulser, Cole",9/14/2020,631677,20,100,2020
20,594577,"Mayers, Mike",9/21/2020,631376,20,100,2020
20,657044,"Thompson, Ryan",9/13/2020,630947,20,100,2020
20,642130,"Taylor, Blake",9/23/2020,631035,20,100,2020
20,543272,"Hand, Brad",8/15/2020,631477,20,100,2020
20,489265,"Romo, Sergio",9/6/2020,631254,20,100,2020
20,607481,"Bummer, Aaron",8/1/2020,631413,20,100,2020
20,448281,"Doolittle, Sean",7/26/2020,630856,20,100,2020
20,457915,"Guerra, Javy",8/4/2020,630874,20,100,2020
20,640451,"Harvey, Hunter",9/4/2020,631674,20,100,2020
20,664948,"Misiewicz, Anthony",9/4/2020,631041,20,100,2020
20,457915,"Guerra, Javy",7/27/2020,630861,20,100,2020
20,518813,"Holland, Greg",7/25/2020,631565,20,100,2020
20,572125,"Selman, Sam",8/16/2020,631024,20,100,2020
20,605538,"Wisler, Matt",9/23/2020,631250,20,100,2020
20,643338,"Green, Chad",9/12/2020,631185,20,100,2020
20,518617,"Diekman, Jake",8/26/2020,630931,20,100,2020
20,642546,"Hernández, Jonathan",9/5/2020,631044,20,100,2020
20,606930,"Barnes, Jacob",8/18/2020,631366,20,100,2020
20,643511,"Rogers, Tyler",8/25/2020,631015,20,100,2020
20,542960,"Brach, Brad",9/27/2020,630854,20,100,2020
20,650893,"Cabrera, Génesis",9/5/2020,630998,20,100,2020
20,518886,"Kimbrel, Craig",8/26/2020,631455,20,100,2020
20,596720,"Neverauskas, Dovydas",9/11/2020,631399,20,100,2020
20,656464,"Ginkel, Kevin",8/29/2020,630217,20,100,2020
20,615698,"Quantrill, Cal",9/13/2020,631259,20,100,2020
20,519326,"Strickland, Hunter",7/28/2020,631663,20,100,2020
20,656464,"Ginkel, Kevin",9/2/2020,631356,20,100,2020
20,605359,"Marshall, Evan",9/11/2020,631478,20,100,2020
20,543272,"Hand, Brad",7/24/2020,631563,20,100,2020
20,593576,"Neris, Héctor",9/4/2020,631221,20,100,2020
20,606160,"Montero, Rafael",9/25/2020,630913,20,100,2020
20,542960,"Brach, Brad",8/15/2020,631151,20,100,2020
20,592135,"Bedrosian, Cam",7/27/2020,631168,20,100,2020
20,571704,"Giles, Ken",7/24/2020,630966,20,100,2020
20,542585,"Cisnero, José",9/11/2020,631478,20,100,2020
20,572362,"Erlin, Robbie",7/25/2020,630992,20,100,2020
20,571704,"Giles, Ken",9/11/2020,630868,20,100,2020
20,453265,"Watson, Tony",9/22/2020,631010,20,100,2020
20,643338,"Green, Chad",9/18/2020,631627,20,100,2020
20,593576,"Neris, Héctor",8/20/2020,630918,20,100,2020
20,542585,"Cisnero, José",9/1/2020,631287,20,100,2020
20,543867,"Turley, Nik",9/6/2020,631116,20,100,2020
20,612434,"Castro, Miguel",9/21/2020,631216,20,100,2020
20,571521,"Brothers, Rex",9/19/2020,631632,20,100,2020
20,547973,"Chapman, Aroldis",9/4/2020,631674,20,100,2020
20,592454,"Kahnle, Tommy",7/26/2020,630856,20,100,2020
20,520980,"Báez, Pedro",7/30/2020,630145,20,100,2020
20,543883,"Vincent, Nick",9/4/2020,630954,20,100,2020
20,445276,"Jansen, Kenley",8/5/2020,631085,20,100,2020
20,607074,"Rodón, Carlos",9/27/2020,631488,20,100,2020
20,542960,"Brach, Brad",9/4/2020,631221,20,100,2020
20,605347,"López, Jorge",7/26/2020,631566,20,100,2020
20,608648,"Duffey, Tyler",8/17/2020,631258,20,100,2020
20,656186,"Altavilla, Dan",9/9/2020,631056,20,100,2020
20,607231,"Gant, John",7/25/2020,630992,20,100,2020
20,518397,"Alexander, Scott",7/29/2020,631444,20,100,2020
20,501985,"Minor, Mike",9/4/2020,631156,20,100,2020
20,605525,"Wendelken, J.B.",7/28/2020,631171,20,100,2020
20,657612,"Hill, Tim",9/15/2020,631062,20,100,2020
20,676051,"Heuer, Codi",8/5/2020,631518,20,100,2020
20,623364,"Wieck, Brad",7/25/2020,631642,20,100,2020
20,622088,"Antone, Tejay",9/15/2020,631574,20,100,2020
20,592145,"Biddle, Jesse",8/27/2020,631290,20,100,2020
20,668687,"Scrubb, Andre",8/16/2020,631450,20,100,2020
20,461325,"Clippard, Tyler",9/5/2020,631264,20,100,2020
20,664208,"Maton, Phil",8/16/2020,631479,20,100,2020
20,605143,"Black, Ray",9/23/2020,631583,20,100,2020
20,572888,"Greene, Shane",9/27/2020,630573,20,100,2020
20,502706,"Holland, Derek",9/15/2020,631574,20,100,2020
20,605359,"Marshall, Evan",8/30/2020,631505,20,100,2020
20,664126,"Fairbanks, Pete",7/28/2020,630970,20,100,2020
20,547973,"Chapman, Aroldis",8/17/2020,631199,20,100,2020
20,592169,"Brice, Austin",8/9/2020,631630,20,100,2020
20,433589,"Petit, Yusmeiro",8/29/2020,631428,20,100,2020
20,461325,"Clippard, Tyler",9/22/2020,631251,20,100,2020
20,520980,"Báez, Pedro",7/23/2020,631377,20,100,2020
20,656186,"Altavilla, Dan",8/25/2020,631081,20,100,2020
20,444468,"Rondón, Héctor",9/15/2020,631360,20,100,2020
20,593833,"Suero, Wander",8/13/2020,631231,20,100,2020
20,518553,"Cishek, Steve",9/18/2020,631576,20,100,2020
20,621097,"Waguespack, Jacob",8/4/2020,630284,20,100,2020
20,592879,"Wojciechowski, Asher",9/8/2020,631211,20,100,2020
20,606424,"García, Jarlín",9/6/2020,631005,20,100,2020
20,642233,"Yardley, Eric",9/6/2020,631557,20,100,2020
20,621242,"Díaz, Edwin",9/24/2020,630893,20,100,2020
20,570663,"Robles, Hansel",8/11/2020,631396,20,100,2020
20,519141,"Pomeranz, Drew",9/9/2020,631056,20,100,2020
20,622075,"Almonte, Yency",8/12/2020,631535,20,100,2020
20,543272,"Hand, Brad",9/18/2020,631465,20,100,2020
20,640470,"Alzolay, Adbert",8/29/2020,631595,20,100,2020
20,542585,"Cisnero, José",9/10/2020,630995,20,100,2020
20,518553,"Cishek, Steve",8/15/2020,631507,20,100,2020
20,518886,"Kimbrel, Craig",8/14/2020,631610,20,100,2020
20,572021,"Pazos, James",8/12/2020,631535,20,100,2020
20,457915,"Guerra, Javy",8/13/2020,631231,20,100,2020
20,641941,"Pagán, Emilio",8/30/2020,631526,20,100,2020
20,596720,"Neverauskas, Dovydas",8/2/2020,631606,20,100,2020
20,518397,"Alexander, Scott",9/1/2020,631355,20,100,2020
20,642233,"Yardley, Eric",8/29/2020,631277,20,100,2020
20,606149,"Gallegos, Giovanny",9/24/2020,630975,20,100,2020
20,643511,"Rogers, Tyler",8/14/2020,631022,20,100,2020
20,642233,"Yardley, Eric",8/22/2020,631104,20,100,2020
20,621366,"Borucki, Ryan",8/21/2020,630960,20,100,2020
20,622253,"Tate, Dillon",9/20/2020,631672,20,100,2020
20,544727,"Familia, Jeurys",7/29/2020,631239,20,100,2020
20,621052,"Reyes, Alex",8/20/2020,630986,20,100,2020
20,621366,"Borucki, Ryan",8/19/2020,631682,20,100,2020
20,593974,"Peralta, Wandy",8/18/2020,631366,20,100,2020
20,641871,"Middleton, Keynan",8/10/2020,631395,20,100,2020
19,518886,"Kimbrel, Craig",8/23/2020,631639,19,100,2020
19,669270,"Kuhnel, Joel",8/30/2020,631584,19,100,2020
19,520980,"Báez, Pedro",8/19/2020,631048,19,100,2020
19,596112,"Stephenson, Robert",8/24/2020,631301,19,100,2020
19,570240,"Peña, Félix",8/4/2020,631057,19,100,2020
19,592222,"Claudio, Alex",8/7/2020,631295,19,100,2020
19,518489,"Brasier, Ryan",9/18/2020,631627,19,100,2020
19,642233,"Yardley, Eric",9/23/2020,631583,19,100,2020
19,592390,"Hembree, Heath",8/30/2020,631135,19,100,2020
19,518886,"Kimbrel, Craig",9/9/2020,631616,19,100,2020
19,519393,"Walden, Marcus",8/8/2020,631658,19,100,2020
19,519141,"Pomeranz, Drew",8/7/2020,631073,19,100,2020
19,503569,"Dolis, Rafael",8/7/2020,631623,19,100,2020
19,642770,"Guerra, Javy",7/24/2020,631091,19,100,2020
19,547973,"Chapman, Aroldis",9/3/2020,631234,19,100,2020
19,502202,"Boxberger, Brad",8/15/2020,631330,19,100,2020
19,502154,"Britton, Zack",8/9/2020,630946,19,100,2020
19,572193,"Tepera, Ryan",8/26/2020,631455,19,100,2020
19,621294,"Heller, Ben",7/25/2020,630899,19,100,2020
19,657611,"Hill, Cam",7/28/2020,631567,19,100,2020
19,542888,"Armstrong, Shawn",8/9/2020,630882,19,100,2020
19,607625,"Lugo, Seth",8/5/2020,630878,19,100,2020
19,665759,"Rosso, Ramón",7/24/2020,631121,19,100,2020
19,621142,"Buttrey, Ty",8/17/2020,631365,19,100,2020
19,664126,"Fairbanks, Pete",8/22/2020,630948,19,100,2020
19,607555,"Guilbeau, Taylor",8/15/2020,631449,19,100,2020
19,592390,"Hembree, Heath",8/25/2020,630855,19,100,2020
19,475479,"Phelps, David",9/17/2020,631117,19,100,2020
19,502026,"Jeffress, Jeremy",8/1/2020,631622,19,100,2020
19,572888,"Greene, Shane",9/1/2020,631657,19,100,2020
19,572383,"Moran, Brian",8/5/2020,631339,19,100,2020
19,592858,"Wick, Rowan",8/26/2020,631455,19,100,2020
19,656420,"Feyereisen, J.P.",7/24/2020,631641,19,100,2020
19,573046,"Morin, Mike",8/6/2020,631340,19,100,2020
19,621295,"Wittgren, Nick",8/16/2020,631479,19,100,2020
19,656322,"Coonrod, Sam",9/19/2020,631164,19,100,2020
19,571670,"Floro, Dylan",9/18/2020,631511,19,100,2020
19,592865,"Williams, Taylor",8/9/2020,631047,19,100,2020
19,580792,"Goody, Nick",9/15/2020,631433,19,100,2020
19,592858,"Wick, Rowan",9/15/2020,631618,19,100,2020
19,656546,"Hoffman, Jeff",9/4/2020,631345,19,100,2020
19,657571,"Ferguson, Caleb",8/22/2020,631349,19,100,2020
19,608032,"Estévez, Carlos",9/17/2020,631510,19,100,2020
19,641755,"Kinley, Tyler",9/18/2020,631511,19,100,2020
19,642130,"Taylor, Blake",9/18/2020,631436,19,100,2020
19,642528,"Loáisiga, Jonathan",9/16/2020,631189,19,100,2020
19,518886,"Kimbrel, Craig",8/6/2020,631425,19,100,2020
19,650893,"Cabrera, Génesis",9/18/2020,631102,19,100,2020
19,656322,"Coonrod, Sam",9/16/2020,631032,19,100,2020
19,571670,"Floro, Dylan",8/17/2020,631352,19,100,2020
19,621290,"Bacus, Dakota",8/9/2020,630882,19,100,2020
19,643511,"Rogers, Tyler",9/27/2020,631002,19,100,2020
19,664854,"Helsley, Ryan",9/18/2020,631102,19,100,2020
19,676220,"Elledge, Seth",9/18/2020,630987,19,100,2020
19,668687,"Scrubb, Andre",9/18/2020,631436,19,100,2020
19,670990,"Ramírez, Yohan",9/17/2020,631034,19,100,2020
19,668941,"Romero, JoJo",9/18/2020,631122,19,100,2020
19,605525,"Wendelken, J.B.",9/20/2020,631166,19,100,2020
19,518858,"Jones, Nate",9/1/2020,631586,19,100,2020
19,543507,"May, Trevor",8/29/2020,631457,19,100,2020
19,621097,"Waguespack, Jacob",7/30/2020,630917,19,100,2020
19,660422,"Guzmán, Jorge",8/6/2020,631340,19,100,2020
19,445926,"Chavez, Jesse",9/11/2020,630909,19,100,2020
19,664948,"Misiewicz, Anthony",9/6/2020,631030,19,100,2020
19,571927,"Matz, Steven",8/29/2020,631204,19,100,2020
19,657024,"Swanson, Erik",8/7/2020,631045,19,100,2020
19,669214,"Menez, Conner",7/23/2020,631377,19,100,2020
19,596057,"Norris, Daniel",9/16/2020,631463,19,100,2020
19,571656,"Farmer, Buck",8/30/2020,631459,19,100,2020
19,664139,"Gibaut, Ian",8/5/2020,631174,19,100,2020
19,680702,"Gerber, Joey",8/22/2020,631051,19,100,2020
19,642083,"Slegers, Aaron",8/30/2020,631306,19,100,2020
19,518617,"Diekman, Jake",8/20/2020,631180,19,100,2020
19,488984,"Hunter, Tommy",8/23/2020,630273,19,100,2020
19,641420,"Burdi, Zack",8/26/2020,631500,19,100,2020
19,673633,"Hirano, Yoshihisa",8/30/2020,631371,19,100,2020
19,592773,"Stanek, Ryne",9/16/2020,631315,19,100,2020
19,459429,"McGee, Jake",8/1/2020,630100,19,100,2020
19,455119,"Martin, Chris",7/29/2020,630272,19,100,2020
19,592473,"Kolarek, Adam",8/23/2020,631354,19,100,2020
19,642121,"Sulser, Cole",8/15/2020,630568,19,100,2020
19,606944,"Carroll, Cody",7/29/2020,630495,19,100,2020
19,605447,"Romano, Jordan",7/29/2020,630916,19,100,2020
19,570488,"Valdez, Phillips",8/4/2020,630971,19,100,2020
19,572125,"Selman, Sam",8/1/2020,631020,19,100,2020
19,605359,"Marshall, Evan",8/22/2020,631638,19,100,2020
19,592169,"Brice, Austin",9/26/2020,630570,19,100,2020
19,489265,"Romo, Sergio",7/31/2020,631272,19,100,2020
19,605130,"Barlow, Scott",9/24/2020,631398,19,100,2020
19,605388,"Morgan, Adam",9/25/2020,630938,19,100,2020
19,642233,"Yardley, Eric",8/3/2020,631293,19,100,2020
19,571710,"Givens, Mychal",8/22/2020,631667,19,100,2020
19,623485,"Goudeau, Ashton",8/19/2020,631522,19,100,2020
19,642397,"Soto, Gregory",8/2/2020,631469,19,100,2020
19,642546,"Hernández, Jonathan",8/15/2020,631533,19,100,2020
19,628452,"Iglesias, Raisel",8/2/2020,631470,19,100,2020
19,642130,"Taylor, Blake",8/20/2020,631523,19,100,2020
19,641871,"Middleton, Keynan",8/29/2020,631369,19,100,2020
19,543339,"Hudson, Daniel",7/30/2020,630917,19,100,2020
19,623474,"Herget, Jimmy",8/20/2020,631077,19,100,2020
19,676604,"Zuber, Tyler",8/4/2020,631608,19,100,2020
19,606160,"Montero, Rafael",9/24/2020,630912,19,100,2020
19,593144,"Rodríguez, Richard",8/2/2020,631606,19,100,2020
19,667465,"Fletcher, Aaron",8/27/2020,631082,19,100,2020
19,621141,"Lockett, Walker",9/26/2020,631055,19,100,2020
19,650530,"Garcia, Bryan",8/17/2020,631493,19,100,2020
19,453268,"Bard, Daniel",8/10/2020,631546,19,100,2020
19,656945,"Scott, Tanner",8/22/2020,631667,19,100,2020
19,489334,"Stammen, Craig",8/23/2020,631080,19,100,2020
19,595465,"Winkler, Dan",9/26/2020,631487,19,100,2020
19,596720,"Neverauskas, Dovydas",7/31/2020,631647,19,100,2020
19,622075,"Almonte, Yency",9/25/2020,630270,19,100,2020
19,669214,"Menez, Conner",8/2/2020,631021,19,100,2020
19,657044,"Thompson, Ryan",8/20/2020,631202,19,100,2020
19,621142,"Buttrey, Ty",8/22/2020,631154,19,100,2020
19,593974,"Peralta, Wandy",8/28/2020,630216,19,100,2020
19,519443,"Workman, Brandon",8/29/2020,631134,19,100,2020
19,622088,"Antone, Tejay",9/27/2020,631244,19,100,2020
19,503569,"Dolis, Rafael",8/31/2020,630900,19,100,2020
19,608349,"Knebel, Corey",9/24/2020,630975,19,100,2020
19,475479,"Phelps, David",8/18/2020,631260,19,100,2020
19,503569,"Dolis, Rafael",8/12/2020,630902,19,100,2020
19,572193,"Tepera, Ryan",8/22/2020,631638,19,100,2020
19,520980,"Báez, Pedro",8/12/2020,631350,19,100,2020
19,465657,"Soria, Joakim",8/19/2020,631179,19,100,2020
19,641743,"Kay, Anthony",8/4/2020,630284,19,100,2020
19,571710,"Givens, Mychal",8/12/2020,631141,19,100,2020
19,669214,"Menez, Conner",7/31/2020,631019,19,100,2020
19,643338,"Green, Chad",7/29/2020,630495,19,100,2020
19,683232,"Mears, Nick",8/19/2020,631120,19,100,2020
19,519293,"Smith, Will",9/27/2020,630573,19,100,2020
19,571670,"Floro, Dylan",8/11/2020,631347,19,100,2020
19,453265,"Watson, Tony",7/25/2020,631382,19,100,2020
19,607067,"Rea, Colin",8/26/2020,631455,19,100,2020
19,642130,"Taylor, Blake",9/1/2020,631430,19,100,2020
19,554431,"Matzek, Tyler",9/26/2020,630570,19,100,2020
19,453172,"Hughes, Jared",9/9/2020,631212,19,100,2020
19,605130,"Barlow, Scott",8/11/2020,631598,19,100,2020
19,459429,"McGee, Jake",9/19/2020,631512,19,100,2020
19,521655,"Font, Wilmer",8/20/2020,630919,19,100,2020
19,518489,"Brasier, Ryan",9/6/2020,631626,19,100,2020
19,570663,"Robles, Hansel",8/23/2020,631170,19,100,2020
19,642397,"Soto, Gregory",8/18/2020,631496,19,100,2020
19,605155,"Brewer, Colten",8/5/2020,630972,19,100,2020
19,664948,"Misiewicz, Anthony",8/27/2020,631083,19,100,2020
19,594840,"Grace, Matt",8/20/2020,631180,19,100,2020
19,453172,"Hughes, Jared",8/29/2020,631204,19,100,2020
19,657611,"Hill, Cam",8/28/2020,630980,19,100,2020
19,572096,"Rosenthal, Trevor",9/6/2020,631158,19,100,2020
19,622772,"Cordero, Jimmy",8/30/2020,631505,19,100,2020
19,573009,"Mantiply, Joe",9/8/2020,630220,19,100,2020
19,502239,"Cahill, Trevor",9/22/2020,631010,19,100,2020
19,445213,"Kintzler, Brandon",8/19/2020,631327,19,100,2020
19,605276,"Hess, David",8/7/2020,630879,19,100,2020
19,475054,"Roe, Chaz",8/10/2020,631631,19,100,2020
19,593974,"Peralta, Wandy",9/7/2020,631006,19,100,2020
19,595465,"Winkler, Dan",9/6/2020,631604,19,100,2020
19,595918,"Cole, A.J.",7/28/2020,630866,19,100,2020
19,518858,"Jones, Nate",9/19/2020,631577,19,100,2020
19,672715,"Patiño, Luis",9/25/2020,631059,19,100,2020
19,670426,"Diehl, Phillip",8/8/2020,631046,19,100,2020
19,606149,"Gallegos, Giovanny",8/27/2020,630999,19,100,2020
19,592858,"Wick, Rowan",8/29/2020,631595,19,100,2020
19,607237,"Garrett, Amir",8/28/2020,631582,19,100,2020
19,608665,"Graveman, Kendall",9/6/2020,631030,19,100,2020
19,453268,"Bard, Daniel",9/5/2020,631328,19,100,2020
19,543507,"May, Trevor",9/8/2020,630984,19,100,2020
19,622251,"Staumont, Josh",9/6/2020,631407,19,100,2020
19,641341,"Bashlor, Tyler",9/9/2020,631100,19,100,2020
19,640451,"Harvey, Hunter",9/6/2020,631676,19,100,2020
19,493603,"Ottavino, Adam",9/2/2020,631194,19,100,2020
19,643511,"Rogers, Tyler",9/8/2020,631007,19,100,2020
19,650893,"Cabrera, Génesis",9/6/2020,631604,19,100,2020
19,518813,"Holland, Greg",9/4/2020,631406,19,100,2020
19,621345,"Minter, A.J.",9/24/2020,631685,19,100,2020
19,518858,"Jones, Nate",8/31/2020,631585,19,100,2020
19,657571,"Ferguson, Caleb",9/9/2020,630221,19,100,2020
19,621142,"Buttrey, Ty",8/30/2020,631371,19,100,2020
19,519443,"Workman, Brandon",9/2/2020,631145,19,100,2020
19,657624,"James, Josh",9/9/2020,631161,19,100,2020
19,676979,"Crochet, Garrett",9/22/2020,631550,19,100,2020
19,670426,"Diehl, Phillip",8/21/2020,631348,19,100,2020
19,660896,"Alcala, Jorge",9/8/2020,630984,19,100,2020
19,664054,"Stashak, Cody",9/7/2020,631255,19,100,2020
19,548384,"Raley, Brooks",9/19/2020,631437,19,100,2020
19,594986,"Ryan, Kyle",8/1/2020,631622,19,100,2020
19,571656,"Farmer, Buck",9/22/2020,631251,19,100,2020
19,605151,"Bradley, Archie",8/16/2020,630117,19,100,2020
19,673633,"Hirano, Yoshihisa",9/19/2020,631036,19,100,2020
19,605240,"Fry, Jace",8/18/2020,631496,19,100,2020
19,433589,"Petit, Yusmeiro",8/24/2020,630929,19,100,2020
19,519393,"Walden, Marcus",9/12/2020,630959,19,100,2020
19,605155,"Brewer, Colten",8/18/2020,631651,19,100,2020
19,600968,"Rosario, Randy",8/26/2020,630979,19,100,2020
19,592222,"Claudio, Alex",9/21/2020,631579,19,100,2020
19,605359,"Marshall, Evan",9/14/2020,631482,19,100,2020
19,608032,"Estévez, Carlos",9/13/2020,631532,19,100,2020
19,593619,"Tapia, Domingo",9/19/2020,631628,19,100,2020
19,607237,"Garrett, Amir",9/5/2020,631115,19,100,2020
19,624133,"Suárez, Ranger",9/11/2020,631318,19,100,2020
19,623352,"Hader, Josh",8/11/2020,631299,19,100,2020
19,453268,"Bard, Daniel",8/16/2020,631521,19,100,2020
19,605130,"Barlow, Scott",9/19/2020,631267,19,100,2020
19,624586,"Hoyt, James",9/4/2020,630954,19,100,2020
19,453178,"Kennedy, Ian",7/25/2020,631565,19,100,2020
19,643511,"Rogers, Tyler",9/17/2020,631034,19,100,2020
19,467008,"Strop, Pedro",7/26/2020,631591,19,100,2020
19,503569,"Dolis, Rafael",7/26/2020,630968,19,100,2020
19,543766,"Shaw, Bryan",7/25/2020,631453,19,100,2020
19,571735,"Hale, David",7/26/2020,630856,19,100,2020
19,521655,"Font, Wilmer",8/25/2020,630862,19,100,2020
19,612434,"Castro, Miguel",9/23/2020,631218,19,100,2020
19,543507,"May, Trevor",8/24/2020,631552,19,100,2020
19,594987,"Sadler, Casey",7/28/2020,631593,19,100,2020
19,596295,"Gomber, Austin",7/28/2020,631269,19,100,2020
19,670990,"Ramírez, Yohan",9/5/2020,631044,19,100,2020
19,607572,"Howard, Sam",8/18/2020,631114,19,100,2020
19,607555,"Guilbeau, Taylor",8/17/2020,631352,19,100,2020
19,547942,"Kim, Kwang Hyun",7/24/2020,630989,19,100,2020
19,519151,"Pressly, Ryan",8/25/2020,631423,19,100,2020
19,670056,"Baragar, Caleb",7/25/2020,631382,19,100,2020
19,650895,"Castillo, Diego",9/2/2020,631194,19,100,2020
19,656945,"Scott, Tanner",8/20/2020,631684,19,100,2020
19,518813,"Holland, Greg",9/16/2020,631463,19,100,2020
19,642397,"Soto, Gregory",9/4/2020,631456,19,100,2020
19,502202,"Boxberger, Brad",7/26/2020,631126,19,100,2020
19,459429,"McGee, Jake",7/24/2020,631378,19,100,2020
19,641743,"Kay, Anthony",9/3/2020,631614,19,100,2020
19,592222,"Claudio, Alex",7/27/2020,631130,19,100,2020
19,503569,"Dolis, Rafael",8/26/2020,630863,19,100,2020
19,444468,"Rondón, Héctor",7/25/2020,631092,19,100,2020
19,595918,"Cole, A.J.",9/23/2020,630885,19,100,2020
19,661255,"López, Yoan",9/12/2020,630225,19,100,2020
19,657571,"Ferguson, Caleb",9/13/2020,631332,19,100,2020
19,453172,"Hughes, Jared",8/9/2020,631235,19,100,2020
19,545064,"Díaz, Jairo",8/26/2020,630099,19,100,2020
19,665093,"Grotz, Zac",7/24/2020,631438,19,100,2020
19,501593,"Avilán, Luis",8/8/2020,630973,19,100,2020
19,519443,"Workman, Brandon",8/5/2020,630972,19,100,2020
19,593974,"Peralta, Wandy",8/16/2020,631024,19,100,2020
19,528748,"Castellanos, Humberto",8/9/2020,631178,19,100,2020
19,622251,"Staumont, Josh",9/11/2020,631399,19,100,2020
19,605447,"Romano, Jordan",8/18/2020,631681,19,100,2020
19,607572,"Howard, Sam",9/3/2020,631112,19,100,2020
19,623474,"Herget, Jimmy",9/11/2020,630909,19,100,2020
19,621052,"Reyes, Alex",9/14/2020,631288,19,100,2020
19,607237,"Garrett, Amir",9/12/2020,630988,19,100,2020
19,676604,"Zuber, Tyler",7/31/2020,631410,19,100,2020
19,605359,"Marshall, Evan",8/15/2020,631507,19,100,2020
19,642098,"Sparkman, Glenn",8/1/2020,631413,19,100,2020
19,592229,"Covey, Dylan",9/22/2020,631636,19,100,2020
19,663399,"Waddell, Brandon",8/14/2020,631601,19,100,2020
19,445213,"Kintzler, Brandon",8/25/2020,631227,19,100,2020
19,573204,"Thielbar, Caleb",9/13/2020,631259,19,100,2020
19,592858,"Wick, Rowan",9/4/2020,631644,19,100,2020
19,445213,"Kintzler, Brandon",8/22/2020,631341,19,100,2020
19,461325,"Clippard, Tyler",9/12/2020,631257,19,100,2020
19,642547,"Peralta, Freddy",9/14/2020,631282,19,100,2020
19,643511,"Rogers, Tyler",9/13/2020,631058,19,100,2020
19,595014,"Treinen, Blake",8/12/2020,631350,19,100,2020
19,664129,"Hartlieb, Geoff",9/3/2020,631112,19,100,2020
18,548384,"Raley, Brooks",8/25/2020,631426,18,100,2020
18,621366,"Borucki, Ryan",9/18/2020,631122,18,100,2020
18,656322,"Coonrod, Sam",7/24/2020,631378,18,100,2020
18,660813,"Graterol, Brusdar",7/28/2020,631443,18,100,2020
18,521655,"Font, Wilmer",8/8/2020,631658,18,100,2020
18,621381,"Strahm, Matt",7/25/2020,631092,18,100,2020
18,592390,"Hembree, Heath",8/23/2020,630273,18,100,2020
18,676604,"Zuber, Tyler",7/28/2020,631490,18,100,2020
18,593144,"Rodríguez, Richard",8/21/2020,631103,18,100,2020
18,622251,"Staumont, Josh",7/27/2020,631489,18,100,2020
18,621237,"Alvarado, José",7/24/2020,630966,18,100,2020
18,623352,"Hader, Josh",7/27/2020,631130,18,100,2020
18,641871,"Middleton, Keynan",7/28/2020,631387,18,100,2020
18,518553,"Cishek, Steve",8/3/2020,631293,18,100,2020
18,642100,"Speier, Gabe",7/26/2020,631566,18,100,2020
18,642203,"Widener, Taylor",9/26/2020,630271,18,100,2020
18,608371,"Sims, Lucas",9/27/2020,631244,18,100,2020
18,621052,"Reyes, Alex",8/15/2020,631507,18,100,2020
18,548384,"Raley, Brooks",8/17/2020,631451,18,100,2020
18,594577,"Mayers, Mike",8/24/2020,631439,18,100,2020
18,548384,"Raley, Brooks",8/15/2020,631449,18,100,2020
18,545064,"Díaz, Jairo",8/6/2020,631545,18,100,2020
18,523260,"Kelly, Joe",8/7/2020,631358,18,100,2020
18,592233,"Crichton, Stefan",8/24/2020,630193,18,100,2020
18,453343,"Melancon, Mark",9/15/2020,631680,18,100,2020
18,501789,"Harris, Will",9/18/2020,631316,18,100,2020
18,488984,"Hunter, Tommy",9/17/2020,631117,18,100,2020
18,621290,"Bacus, Dakota",8/15/2020,630568,18,100,2020
18,543339,"Hudson, Daniel",9/16/2020,630937,18,100,2020
18,621290,"Bacus, Dakota",8/17/2020,630316,18,100,2020
18,570257,"Rodríguez, Joely",8/18/2020,630928,18,100,2020
18,545064,"Díaz, Jairo",9/16/2020,631509,18,100,2020
18,605130,"Barlow, Scott",8/5/2020,631417,18,100,2020
18,656876,"Rasmussen, Drew",9/19/2020,631267,18,100,2020
18,670329,"Garcia, Rico",8/7/2020,631358,18,100,2020
18,657024,"Swanson, Erik",9/20/2020,631037,18,100,2020
18,543507,"May, Trevor",9/6/2020,631254,18,100,2020
18,605388,"Morgan, Adam",9/16/2020,631119,18,100,2020
18,605240,"Fry, Jace",8/8/2020,631503,18,100,2020
18,607391,"Mazza, Chris",9/16/2020,631315,18,100,2020
18,592390,"Hembree, Heath",9/18/2020,631122,18,100,2020
18,592222,"Claudio, Alex",9/18/2020,631266,18,100,2020
18,453265,"Watson, Tony",9/17/2020,631034,18,100,2020
18,607560,"Harper, Ryne",9/18/2020,631342,18,100,2020
18,657624,"James, Josh",9/22/2020,631039,18,100,2020
18,670167,"Schreiber, John",8/10/2020,631473,18,100,2020
18,607067,"Rea, Colin",8/5/2020,631417,18,100,2020
18,622490,"Leyer, Robinson",9/16/2020,631315,18,100,2020
18,607572,"Howard, Sam",8/6/2020,631148,18,100,2020
18,664054,"Stashak, Cody",9/22/2020,631251,18,100,2020
18,457915,"Guerra, Javy",8/15/2020,630568,18,100,2020
18,571656,"Farmer, Buck",8/9/2020,631110,18,100,2020
18,612434,"Castro, Miguel",8/9/2020,630882,18,100,2020
18,605501,"Tarpley, Stephen",8/5/2020,631339,18,100,2020
18,668687,"Scrubb, Andre",9/20/2020,631424,18,100,2020
18,670056,"Baragar, Caleb",9/16/2020,631032,18,100,2020
18,465657,"Soria, Joakim",8/29/2020,631427,18,100,2020
18,453172,"Hughes, Jared",9/1/2020,631671,18,100,2020
18,461325,"Clippard, Tyler",8/29/2020,631457,18,100,2020
18,453172,"Hughes, Jared",8/30/2020,631205,18,100,2020
18,519443,"Workman, Brandon",8/28/2020,631125,18,100,2020
18,664208,"Maton, Phil",8/31/2020,631414,18,100,2020
18,518553,"Cishek, Steve",9/1/2020,631261,18,100,2020
18,642770,"Guerra, Javy",8/8/2020,631074,18,100,2020
18,641755,"Kinley, Tyler",8/25/2020,630194,18,100,2020
18,542947,"Bleier, Richard",8/31/2020,631223,18,100,2020
18,542914,"Bass, Anthony",8/31/2020,630900,18,100,2020
18,657612,"Hill, Tim",8/9/2020,631075,18,100,2020
18,542960,"Brach, Brad",8/31/2020,631223,18,100,2020
18,594986,"Ryan, Kyle",8/21/2020,631633,18,100,2020
18,641672,"Hatch, Thomas",8/31/2020,630900,18,100,2020
18,519151,"Pressly, Ryan",9/25/2020,630913,18,100,2020
18,623465,"Phillips, Evan",8/29/2020,630906,18,100,2020
18,465657,"Soria, Joakim",8/21/2020,631186,18,100,2020
18,476594,"Stock, Robert",8/23/2020,631670,18,100,2020
18,592858,"Wick, Rowan",8/22/2020,631638,18,100,2020
18,519443,"Workman, Brandon",8/23/2020,630273,18,100,2020
18,489334,"Stammen, Craig",8/21/2020,631078,18,100,2020
18,623470,"Newberry, Jake",8/29/2020,631502,18,100,2020
18,543339,"Hudson, Daniel",9/26/2020,630894,18,100,2020
18,543118,"Drake, Oliver",7/29/2020,630272,18,100,2020
18,572125,"Selman, Sam",8/20/2020,631026,18,100,2020
18,570240,"Peña, Félix",9/25/2020,631336,18,100,2020
18,518649,"Eibner, Brett",8/18/2020,631326,18,100,2020
18,542888,"Armstrong, Shawn",8/1/2020,630492,18,100,2020
18,641627,"Gott, Trevor",8/5/2020,631544,18,100,2020
18,595001,"Smith, Josh A.",8/12/2020,630902,18,100,2020
18,656222,"Beeks, Jalen",8/2/2020,630493,18,100,2020
18,670329,"Garcia, Rico",8/11/2020,631446,18,100,2020
18,572888,"Greene, Shane",8/22/2020,630338,18,100,2020
18,642121,"Sulser, Cole",7/30/2020,630496,18,100,2020
18,642207,"Williams, Devin",8/16/2020,631612,18,100,2020
18,656322,"Coonrod, Sam",9/25/2020,631059,18,100,2020
18,598264,"Barnes, Matt",8/22/2020,631667,18,100,2020
18,605359,"Marshall, Evan",8/19/2020,631497,18,100,2020
18,592761,"Smith, Caleb",9/27/2020,630202,18,100,2020
18,605447,"Romano, Jordan",8/20/2020,630919,18,100,2020
18,606424,"García, Jarlín",8/23/2020,631029,18,100,2020
18,675916,"Karinchak, James",8/14/2020,631476,18,100,2020
18,594987,"Sadler, Casey",9/26/2020,631169,18,100,2020
18,607572,"Howard, Sam",8/20/2020,631118,18,100,2020
18,489265,"Romo, Sergio",9/27/2020,631244,18,100,2020
18,593144,"Rodríguez, Richard",8/3/2020,631275,18,100,2020
18,658305,"García, Edgar",8/24/2020,630950,18,100,2020
18,534910,"Hahn, Jesse",9/24/2020,631398,18,100,2020
18,517008,"Colomé, Alex",8/3/2020,631293,18,100,2020
18,608349,"Knebel, Corey",8/3/2020,631293,18,100,2020
18,664948,"Misiewicz, Anthony",7/29/2020,631389,18,100,2020
18,612434,"Castro, Miguel",8/23/2020,631670,18,100,2020
18,489334,"Stammen, Craig",8/29/2020,631525,18,100,2020
18,476454,"Betances, Dellin",8/14/2020,631150,18,100,2020
18,642397,"Soto, Gregory",8/29/2020,631457,18,100,2020
18,641729,"Jiménez, Joe",8/20/2020,631498,18,100,2020
18,572955,"Johnson, Pierce",8/2/2020,631541,18,100,2020
18,518397,"Alexander, Scott",8/2/2020,630101,18,100,2020
18,444468,"Rondón, Héctor",8/30/2020,630219,18,100,2020
18,622075,"Almonte, Yency",8/4/2020,631543,18,100,2020
18,488984,"Hunter, Tommy",8/31/2020,631143,18,100,2020
18,607231,"Gant, John",8/25/2020,630978,18,100,2020
18,501625,"Alvarez, Jose",8/14/2020,631150,18,100,2020
18,453172,"Hughes, Jared",8/18/2020,631326,18,100,2020
18,661255,"López, Yoan",8/23/2020,631029,18,100,2020
18,519151,"Pressly, Ryan",8/10/2020,631445,18,100,2020
18,572096,"Rosenthal, Trevor",7/30/2020,631494,18,100,2020
18,572021,"Pazos, James",8/10/2020,631546,18,100,2020
18,605130,"Barlow, Scott",8/12/2020,631599,18,100,2020
18,641672,"Hatch, Thomas",9/25/2020,630889,18,100,2020
18,605482,"Sneed, Cy",7/25/2020,631453,18,100,2020
18,488984,"Hunter, Tommy",9/8/2020,631149,18,100,2020
18,489334,"Stammen, Craig",9/10/2020,631072,18,100,2020
18,459429,"McGee, Jake",9/22/2020,631333,18,100,2020
18,628452,"Iglesias, Raisel",8/11/2020,631598,18,100,2020
18,475479,"Phelps, David",8/15/2020,631611,18,100,2020
18,628452,"Iglesias, Raisel",7/31/2020,631480,18,100,2020
18,664139,"Gibaut, Ian",8/12/2020,630926,18,100,2020
18,642207,"Williams, Devin",8/11/2020,631299,18,100,2020
18,501593,"Avilán, Luis",8/1/2020,631224,18,100,2020
18,592390,"Hembree, Heath",9/8/2020,631152,18,100,2020
18,543483,"Magill, Matt",8/1/2020,631067,18,100,2020
18,592644,"Plutko, Adam",9/8/2020,631559,18,100,2020
18,598264,"Barnes, Matt",9/10/2020,630957,18,100,2020
18,664042,"Lakins Sr., Travis",8/16/2020,631679,18,100,2020
18,664126,"Fairbanks, Pete",8/15/2020,630905,18,100,2020
18,605359,"Marshall, Evan",9/8/2020,631096,18,100,2020
18,489265,"Romo, Sergio",9/1/2020,631261,18,100,2020
18,641672,"Hatch, Thomas",8/19/2020,631682,18,100,2020
18,519293,"Smith, Will",9/19/2020,631214,18,100,2020
18,593974,"Peralta, Wandy",8/11/2020,631446,18,100,2020
18,517008,"Colomé, Alex",8/28/2020,631501,18,100,2020
18,458677,"Wilson, Justin",9/9/2020,631212,18,100,2020
18,521655,"Font, Wilmer",8/29/2020,630906,18,100,2020
18,622772,"Cordero, Jimmy",9/1/2020,631261,18,100,2020
18,519443,"Workman, Brandon",9/20/2020,631128,18,100,2020
18,448855,"Guerra, Junior",9/4/2020,631003,18,100,2020
18,521655,"Font, Wilmer",8/31/2020,630900,18,100,2020
18,621142,"Buttrey, Ty",8/23/2020,631170,18,100,2020
18,475479,"Phelps, David",8/23/2020,631107,18,100,2020
18,623474,"Herget, Jimmy",8/16/2020,631521,18,100,2020
18,595918,"Cole, A.J.",7/27/2020,630861,18,100,2020
18,608717,"Stratton, Chris",9/1/2020,631109,18,100,2020
18,615698,"Quantrill, Cal",8/28/2020,631524,18,100,2020
18,605479,"Smith, Josh D.",8/19/2020,631327,18,100,2020
18,663432,"Rainey, Tanner",8/16/2020,631679,18,100,2020
18,520980,"Báez, Pedro",9/22/2020,631333,18,100,2020
18,622075,"Almonte, Yency",9/7/2020,631084,18,100,2020
18,453192,"Miller, Andrew",8/15/2020,631507,18,100,2020
18,600887,"Del Pozo, Miguel",8/3/2020,631275,18,100,2020
18,501303,"Adrianza, Ehire",8/19/2020,631249,18,100,2020
18,622251,"Staumont, Josh",7/26/2020,631566,18,100,2020
18,641312,"Anderson, Shaun",8/1/2020,631020,18,100,2020
18,665621,"García, Rony",8/15/2020,631477,18,100,2020
18,664208,"Maton, Phil",9/25/2020,631536,18,100,2020
18,453172,"Hughes, Jared",8/11/2020,631243,18,100,2020
18,592473,"Kolarek, Adam",9/8/2020,630220,18,100,2020
18,593576,"Neris, Héctor",9/8/2020,631149,18,100,2020
18,641729,"Jiménez, Joe",9/10/2020,630994,18,100,2020
18,622092,"Zimmer, Kyle",8/29/2020,631502,18,100,2020
18,642233,"Yardley, Eric",8/27/2020,631303,18,100,2020
18,660813,"Graterol, Brusdar",8/3/2020,631090,18,100,2020
18,570488,"Valdez, Phillips",8/23/2020,631670,18,100,2020
18,623352,"Hader, Josh",8/31/2020,631281,18,100,2020
18,543339,"Hudson, Daniel",9/21/2020,630884,18,100,2020
18,657044,"Thompson, Ryan",9/8/2020,630867,18,100,2020
18,643316,"Fry, Paul",9/9/2020,631212,18,100,2020
18,670167,"Schreiber, John",8/18/2020,631496,18,100,2020
18,519151,"Pressly, Ryan",9/4/2020,631357,18,100,2020
18,519151,"Pressly, Ryan",9/8/2020,631160,18,100,2020
18,660600,"Paredes, Enoli",9/8/2020,631160,18,100,2020
18,673633,"Hirano, Yoshihisa",9/20/2020,631037,18,100,2020
18,544727,"Familia, Jeurys",9/20/2020,631215,18,100,2020
18,542914,"Bass, Anthony",9/5/2020,631625,18,100,2020
18,667465,"Fletcher, Aaron",9/9/2020,631008,18,100,2020
18,622075,"Almonte, Yency",8/31/2020,631527,18,100,2020
18,676220,"Elledge, Seth",9/7/2020,631605,18,100,2020
18,544727,"Familia, Jeurys",9/5/2020,631228,18,100,2020
18,571670,"Floro, Dylan",9/22/2020,631333,18,100,2020
18,461325,"Clippard, Tyler",9/8/2020,630984,18,100,2020
18,455119,"Martin, Chris",9/15/2020,631680,18,100,2020
18,642092,"Smith, Riley",9/27/2020,630202,18,100,2020
18,621381,"Strahm, Matt",8/29/2020,631525,18,100,2020
18,502202,"Boxberger, Brad",9/14/2020,631321,18,100,2020
18,519443,"Workman, Brandon",9/7/2020,631225,18,100,2020
18,518858,"Jones, Nate",9/13/2020,630961,18,100,2020
18,621142,"Buttrey, Ty",8/10/2020,631395,18,100,2020
18,676604,"Zuber, Tyler",8/11/2020,631598,18,100,2020
18,453265,"Watson, Tony",8/15/2020,631023,18,100,2020
18,520980,"Báez, Pedro",9/14/2020,631061,18,100,2020
18,572125,"Selman, Sam",9/19/2020,631164,18,100,2020
18,592135,"Bedrosian, Cam",9/2/2020,631379,18,100,2020
18,519293,"Smith, Will",8/17/2020,630316,18,100,2020
18,657571,"Ferguson, Caleb",8/17/2020,631352,18,100,2020
18,445213,"Kintzler, Brandon",9/19/2020,631317,18,100,2020
18,572955,"Johnson, Pierce",8/4/2020,631069,18,100,2020
18,570488,"Valdez, Phillips",9/13/2020,630947,18,100,2020
18,570666,"Cessa, Luis",9/11/2020,631183,18,100,2020
18,605482,"Sneed, Cy",8/14/2020,631448,18,100,2020
18,570663,"Robles, Hansel",8/9/2020,630922,18,100,2020
18,489334,"Stammen, Craig",8/12/2020,631350,18,100,2020
18,595465,"Winkler, Dan",9/5/2020,631607,18,100,2020
18,594795,"Dayton, Grant",9/4/2020,630323,18,100,2020
18,594577,"Mayers, Mike",9/11/2020,631530,18,100,2020
18,606131,"Perdomo, Luis",8/1/2020,631540,18,100,2020
18,570488,"Valdez, Phillips",9/17/2020,631313,18,100,2020
18,622251,"Staumont, Josh",8/26/2020,630979,18,100,2020
18,570257,"Rodríguez, Joely",8/8/2020,630935,18,100,2020
18,657612,"Hill, Tim",9/16/2020,631063,18,100,2020
18,613534,"Adams, Austin",9/25/2020,631013,18,100,2020
18,605177,"Chafin, Andrew",8/2/2020,630101,18,100,2020
18,453192,"Miller, Andrew",9/17/2020,631101,18,100,2020
18,571656,"Farmer, Buck",8/7/2020,631105,18,100,2020
18,622503,"Crismatt, Nabil",8/18/2020,631620,18,100,2020
18,543883,"Vincent, Nick",9/16/2020,631315,18,100,2020
18,502026,"Jeffress, Jeremy",9/16/2020,631619,18,100,2020
18,612434,"Castro, Miguel",9/12/2020,630870,18,100,2020
18,606424,"García, Jarlín",9/2/2020,631529,18,100,2020
18,493603,"Ottavino, Adam",9/22/2020,630881,18,100,2020
18,453192,"Miller, Andrew",7/29/2020,631270,18,100,2020
18,605151,"Bradley, Archie",9/5/2020,631115,18,100,2020
18,606303,"Payamps, Joel",9/12/2020,630225,18,100,2020
18,605482,"Sneed, Cy",9/5/2020,631388,18,100,2020
18,621366,"Borucki, Ryan",9/15/2020,631195,18,100,2020
18,596101,"Shafer, Justin",8/5/2020,631339,18,100,2020
18,594986,"Ryan, Kyle",9/21/2020,631087,18,100,2020
18,642546,"Hernández, Jonathan",9/12/2020,630910,18,100,2020
18,598264,"Barnes, Matt",9/18/2020,631627,18,100,2020
18,675916,"Karinchak, James",9/13/2020,631259,18,100,2020
18,461325,"Clippard, Tyler",7/28/2020,631269,18,100,2020
18,595014,"Treinen, Blake",8/10/2020,631346,18,100,2020
18,518397,"Alexander, Scott",7/26/2020,631384,18,100,2020
18,523260,"Kelly, Joe",7/28/2020,631443,18,100,2020
18,571521,"Brothers, Rex",7/25/2020,631642,18,100,2020
18,608665,"Graveman, Kendall",9/23/2020,631035,18,100,2020
18,608648,"Duffey, Tyler",9/22/2020,631251,18,100,2020
18,608371,"Sims, Lucas",8/11/2020,631598,18,100,2020
18,608334,"Fulmer, Carson",8/16/2020,631479,18,100,2020
18,543056,"Coulombe, Danny",8/26/2020,631554,18,100,2020
18,605482,"Sneed, Cy",7/27/2020,631442,18,100,2020
18,605501,"Tarpley, Stephen",7/25/2020,631108,18,100,2020
18,448281,"Doolittle, Sean",8/5/2020,630878,18,100,2020
18,607237,"Garrett, Amir",7/28/2020,631593,18,100,2020
18,450172,"Volquez, Edinson",8/9/2020,630922,18,100,2020
18,519141,"Pomeranz, Drew",8/18/2020,630928,18,100,2020
18,542888,"Armstrong, Shawn",8/12/2020,631141,18,100,2020
18,444468,"Rondón, Héctor",8/8/2020,631074,18,100,2020
18,656186,"Altavilla, Dan",9/27/2020,631002,18,100,2020
18,593144,"Rodríguez, Richard",7/24/2020,630989,18,100,2020
18,593140,"Feliz, Michael",7/26/2020,630993,18,100,2020
18,595014,"Treinen, Blake",7/28/2020,631443,18,100,2020
18,608717,"Stratton, Chris",9/23/2020,631089,18,100,2020
18,605525,"Wendelken, J.B.",8/29/2020,631427,18,100,2020
18,592169,"Brice, Austin",7/24/2020,631664,18,100,2020
18,572143,"Smith, Burch",7/24/2020,631182,18,100,2020
18,570663,"Robles, Hansel",7/25/2020,631181,18,100,2020
18,543507,"May, Trevor",8/23/2020,631412,18,100,2020
18,543483,"Magill, Matt",7/26/2020,631441,18,100,2020
18,656547,"Holder, Jonathan",9/2/2020,631194,18,100,2020
18,608335,"Funkhouser, Kyle",8/11/2020,631474,18,100,2020
18,642130,"Taylor, Blake",8/25/2020,631426,18,100,2020
18,501789,"Harris, Will",7/26/2020,630856,18,100,2020
18,501593,"Avilán, Luis",7/25/2020,630899,18,100,2020
18,489334,"Stammen, Craig",7/25/2020,631092,18,100,2020
18,640448,"Finnegan, Kyle",9/21/2020,630884,18,100,2020
18,501593,"Avilán, Luis",8/5/2020,631127,18,100,2020
18,628452,"Iglesias, Raisel",9/4/2020,631113,18,100,2020
18,624647,"González, Victor",9/5/2020,631328,18,100,2020
18,673633,"Hirano, Yoshihisa",9/14/2020,631053,18,100,2020
18,656725,"McRae, Alex",9/12/2020,631495,18,100,2020
18,641755,"Kinley, Tyler",9/4/2020,631345,18,100,2020
18,668941,"Romero, JoJo",9/12/2020,631311,18,100,2020
18,642207,"Williams, Devin",9/12/2020,631285,18,100,2020
18,622251,"Staumont, Josh",8/21/2020,631409,18,100,2020
18,622075,"Almonte, Yency",9/12/2020,631531,18,100,2020
18,621366,"Borucki, Ryan",9/11/2020,630868,18,100,2020
18,657611,"Hill, Cam",9/17/2020,631464,18,100,2020
18,453265,"Watson, Tony",8/5/2020,631544,18,100,2020
18,608349,"Knebel, Corey",7/26/2020,631643,18,100,2020
17,548384,"Raley, Brooks",7/29/2020,631594,17,100,2020
17,608648,"Duffey, Tyler",8/22/2020,631403,17,100,2020
17,491624,"Valdez, César",9/17/2020,631660,17,100,2020
17,518858,"Jones, Nate",8/4/2020,631597,17,100,2020
17,458677,"Wilson, Justin",9/15/2020,631144,17,100,2020
17,571670,"Floro, Dylan",8/8/2020,631343,17,100,2020
17,621593,"Castro, Anthony",7/27/2020,631489,17,100,2020
17,622251,"Staumont, Josh",7/28/2020,631490,17,100,2020
17,641312,"Anderson, Shaun",7/26/2020,631384,17,100,2020
17,641312,"Anderson, Shaun",7/25/2020,631382,17,100,2020
17,571656,"Farmer, Buck",8/26/2020,631455,17,100,2020
17,595001,"Smith, Josh A.",8/28/2020,631304,17,100,2020
17,517008,"Colomé, Alex",8/9/2020,631506,17,100,2020
17,640448,"Finnegan, Kyle",9/19/2020,631317,17,100,2020
17,642770,"Guerra, Javy",7/26/2020,631097,17,100,2020
17,518617,"Diekman, Jake",8/1/2020,631067,17,100,2020
17,672715,"Patiño, Luis",8/27/2020,631082,17,100,2020
17,664054,"Stashak, Cody",7/28/2020,631269,17,100,2020
17,664129,"Hartlieb, Geoff",7/28/2020,631132,17,100,2020
17,669424,"Lambert, Jimmy",7/25/2020,631515,17,100,2020
17,433589,"Petit, Yusmeiro",9/15/2020,631520,17,100,2020
17,594986,"Ryan, Kyle",8/15/2020,631611,17,100,2020
17,570488,"Valdez, Phillips",8/8/2020,631658,17,100,2020
17,608032,"Estévez, Carlos",8/7/2020,631045,17,100,2020
17,572096,"Rosenthal, Trevor",8/8/2020,631420,17,100,2020
17,657024,"Swanson, Erik",8/4/2020,631057,17,100,2020
17,475054,"Roe, Chaz",8/18/2020,631200,17,100,2020
17,543507,"May, Trevor",9/16/2020,631484,17,100,2020
17,445926,"Chavez, Jesse",8/16/2020,631521,17,100,2020
17,572096,"Rosenthal, Trevor",8/4/2020,631608,17,100,2020
17,664129,"Hartlieb, Geoff",8/7/2020,631105,17,100,2020
17,571948,"Milner, Hoby",9/16/2020,631361,17,100,2020
17,621366,"Borucki, Ryan",8/15/2020,630905,17,100,2020
17,593576,"Neris, Héctor",9/16/2020,631119,17,100,2020
17,657624,"James, Josh",8/15/2020,631449,17,100,2020
17,595918,"Cole, A.J.",8/25/2020,630862,17,100,2020
17,606160,"Montero, Rafael",9/18/2020,631367,17,100,2020
17,660600,"Paredes, Enoli",9/19/2020,631437,17,100,2020
17,605482,"Sneed, Cy",8/7/2020,631176,17,100,2020
17,621142,"Buttrey, Ty",9/15/2020,631360,17,100,2020
17,607237,"Garrett, Amir",8/5/2020,631570,17,100,2020
17,623465,"Phillips, Evan",9/17/2020,630953,17,100,2020
17,572125,"Selman, Sam",9/13/2020,631058,17,100,2020
17,663770,"Evans, Demarcus",9/21/2020,631376,17,100,2020
17,641851,"McGowin, Kyle",9/16/2020,630937,17,100,2020
17,608648,"Duffey, Tyler",8/5/2020,631140,17,100,2020
17,643316,"Fry, Paul",9/17/2020,631660,17,100,2020
17,605447,"Romano, Jordan",8/24/2020,630950,17,100,2020
17,657044,"Thompson, Ryan",9/17/2020,630953,17,100,2020
17,668941,"Romero, JoJo",8/31/2020,631143,17,100,2020
17,660813,"Graterol, Brusdar",9/18/2020,631511,17,100,2020
17,621381,"Strahm, Matt",8/8/2020,631074,17,100,2020
17,571710,"Givens, Mychal",8/15/2020,630568,17,100,2020
17,643316,"Fry, Paul",8/23/2020,631670,17,100,2020
17,621242,"Díaz, Edwin",9/16/2020,631119,17,100,2020
17,675916,"Karinchak, James",9/23/2020,631534,17,100,2020
17,459429,"McGee, Jake",8/28/2020,630933,17,100,2020
17,676831,"Whitley, Kodi",9/23/2020,631380,17,100,2020
17,642233,"Yardley, Eric",8/7/2020,631295,17,100,2020
17,519008,"McFarland, T.J.",8/29/2020,631427,17,100,2020
17,519151,"Pressly, Ryan",9/1/2020,631430,17,100,2020
17,458677,"Wilson, Justin",8/18/2020,631326,17,100,2020
17,571948,"Milner, Hoby",8/17/2020,631365,17,100,2020
17,612434,"Castro, Miguel",8/26/2020,630952,17,100,2020
17,518397,"Alexander, Scott",8/18/2020,631353,17,100,2020
17,593144,"Rodríguez, Richard",9/1/2020,631109,17,100,2020
17,594986,"Ryan, Kyle",9/1/2020,631109,17,100,2020
17,596720,"Neverauskas, Dovydas",8/28/2020,631291,17,100,2020
17,605359,"Marshall, Evan",8/28/2020,631501,17,100,2020
17,607179,"Weems, Jordan",9/18/2020,631163,17,100,2020
17,518489,"Brasier, Ryan",8/18/2020,631651,17,100,2020
17,606424,"García, Jarlín",8/29/2020,630217,17,100,2020
17,607231,"Gant, John",8/29/2020,630981,17,100,2020
17,605388,"Morgan, Adam",8/12/2020,631141,17,100,2020
17,608648,"Duffey, Tyler",8/29/2020,631457,17,100,2020
17,572193,"Tepera, Ryan",8/17/2020,630996,17,100,2020
17,612434,"Castro, Miguel",9/26/2020,630895,17,100,2020
17,488748,"Buchter, Ryan",7/29/2020,631389,17,100,2020
17,444468,"Rondón, Héctor",8/21/2020,631027,17,100,2020
17,453265,"Watson, Tony",8/21/2020,631027,17,100,2020
17,640448,"Finnegan, Kyle",8/29/2020,631654,17,100,2020
17,453172,"Hughes, Jared",9/27/2020,630854,17,100,2020
17,489334,"Stammen, Craig",9/19/2020,631036,17,100,2020
17,472610,"García, Luis",8/20/2020,631077,17,100,2020
17,642152,"Trivino, Lou",8/29/2020,631428,17,100,2020
17,518553,"Cishek, Steve",9/13/2020,631481,17,100,2020
17,518813,"Holland, Greg",9/11/2020,631399,17,100,2020
17,643256,"Cimber, Adam",8/31/2020,631414,17,100,2020
17,656685,"Martin, Brett",8/9/2020,630922,17,100,2020
17,650895,"Castillo, Diego",8/31/2020,631206,17,100,2020
17,503569,"Dolis, Rafael",8/21/2020,630960,17,100,2020
17,657571,"Ferguson, Caleb",8/29/2020,630934,17,100,2020
17,664129,"Hartlieb, Geoff",9/1/2020,631109,17,100,2020
17,641729,"Jiménez, Joe",8/26/2020,631455,17,100,2020
17,542585,"Cisnero, José",8/19/2020,631497,17,100,2020
17,570240,"Peña, Félix",9/6/2020,631359,17,100,2020
17,592233,"Crichton, Stefan",7/30/2020,630145,17,100,2020
17,592473,"Kolarek, Adam",7/30/2020,630145,17,100,2020
17,605151,"Bradley, Archie",7/31/2020,630201,17,100,2020
17,656546,"Hoffman, Jeff",8/3/2020,631542,17,100,2020
17,594795,"Dayton, Grant",7/31/2020,630275,17,100,2020
17,621345,"Minter, A.J.",8/1/2020,630278,17,100,2020
17,605447,"Romano, Jordan",8/12/2020,630902,17,100,2020
17,642130,"Taylor, Blake",8/17/2020,631451,17,100,2020
17,607560,"Harper, Ryne",7/30/2020,630917,17,100,2020
17,656945,"Scott, Tanner",7/31/2020,630592,17,100,2020
17,445926,"Chavez, Jesse",8/2/2020,631021,17,100,2020
17,605447,"Romano, Jordan",8/21/2020,630960,17,100,2020
17,606930,"Barnes, Jacob",8/21/2020,631186,17,100,2020
17,607231,"Gant, John",8/22/2020,630991,17,100,2020
17,657044,"Thompson, Ryan",8/26/2020,630952,17,100,2020
17,608678,"Leone, Dominic",8/23/2020,631551,17,100,2020
17,641312,"Anderson, Shaun",9/26/2020,631016,17,100,2020
17,475054,"Roe, Chaz",8/16/2020,630872,17,100,2020
17,605240,"Fry, Jace",8/3/2020,631293,17,100,2020
17,622772,"Cordero, Jimmy",8/4/2020,631294,17,100,2020
17,594577,"Mayers, Mike",7/31/2020,631391,17,100,2020
17,534910,"Hahn, Jesse",9/25/2020,631383,17,100,2020
17,606424,"García, Jarlín",9/27/2020,631002,17,100,2020
17,518813,"Holland, Greg",7/30/2020,631494,17,100,2020
17,459429,"McGee, Jake",7/29/2020,631444,17,100,2020
17,518489,"Brasier, Ryan",8/7/2020,631623,17,100,2020
17,642701,"Santana, Dennis",8/23/2020,631354,17,100,2020
17,453178,"Kennedy, Ian",7/29/2020,631492,17,100,2020
17,545064,"Díaz, Jairo",8/3/2020,631542,17,100,2020
17,453178,"Kennedy, Ian",8/11/2020,631598,17,100,2020
17,656913,"Romero, Seth",8/22/2020,631341,17,100,2020
17,542585,"Cisnero, José",7/30/2020,631494,17,100,2020
17,643256,"Cimber, Adam",8/12/2020,631568,17,100,2020
17,657612,"Hill, Tim",8/20/2020,631077,17,100,2020
17,657612,"Hill, Tim",8/19/2020,631076,17,100,2020
17,534910,"Hahn, Jesse",9/9/2020,631560,17,100,2020
17,489265,"Romo, Sergio",8/10/2020,631298,17,100,2020
17,650895,"Castillo, Diego",8/15/2020,630905,17,100,2020
17,502202,"Boxberger, Brad",8/12/2020,630902,17,100,2020
17,571901,"Loup, Aaron",8/10/2020,631631,17,100,2020
17,641729,"Jiménez, Joe",8/2/2020,631470,17,100,2020
17,664129,"Hartlieb, Geoff",8/23/2020,631107,17,100,2020
17,605130,"Barlow, Scott",7/25/2020,631565,17,100,2020
17,664948,"Misiewicz, Anthony",8/19/2020,631048,17,100,2020
17,640451,"Harvey, Hunter",9/26/2020,630891,17,100,2020
17,518617,"Diekman, Jake",9/27/2020,631155,17,100,2020
17,519293,"Smith, Will",9/25/2020,630569,17,100,2020
17,641672,"Hatch, Thomas",8/28/2020,630871,17,100,2020
17,518553,"Cishek, Steve",8/1/2020,631413,17,100,2020
17,608032,"Estévez, Carlos",8/11/2020,631547,17,100,2020
17,456124,"Kratz, Erik",9/23/2020,630885,17,100,2020
17,596057,"Norris, Daniel",9/27/2020,631386,17,100,2020
17,607374,"Tropeano, Nick",9/26/2020,631537,17,100,2020
17,605482,"Sneed, Cy",8/11/2020,631446,17,100,2020
17,488984,"Hunter, Tommy",9/10/2020,631309,17,100,2020
17,518489,"Brasier, Ryan",9/8/2020,631149,17,100,2020
17,623433,"Anderson, Nick",8/11/2020,631646,17,100,2020
17,605525,"Wendelken, J.B.",8/21/2020,631186,17,100,2020
17,503569,"Dolis, Rafael",9/8/2020,630860,17,100,2020
17,657031,"Taylor, Josh",8/18/2020,631651,17,100,2020
17,521230,"Hendriks, Liam",9/9/2020,631161,17,100,2020
17,489334,"Stammen, Craig",9/23/2020,631065,17,100,2020
17,621345,"Minter, A.J.",8/12/2020,631208,17,100,2020
17,680702,"Gerber, Joey",8/12/2020,630926,17,100,2020
17,592865,"Williams, Taylor",8/23/2020,631052,17,100,2020
17,571948,"Milner, Hoby",9/26/2020,631337,17,100,2020
17,571670,"Floro, Dylan",9/8/2020,630220,17,100,2020
17,571676,"Frankoff, Seth",9/8/2020,631007,17,100,2020
17,458676,"Lindblom, Josh",9/6/2020,631557,17,100,2020
17,572193,"Tepera, Ryan",9/8/2020,631615,17,100,2020
17,592169,"Brice, Austin",9/6/2020,631626,17,100,2020
17,592741,"Shreve, Chasen",9/6/2020,631209,17,100,2020
17,453343,"Melancon, Mark",9/20/2020,631215,17,100,2020
17,594986,"Ryan, Kyle",9/10/2020,631634,17,100,2020
17,500610,"Guerra, Deolis",8/11/2020,631139,17,100,2020
17,608335,"Funkhouser, Kyle",8/20/2020,631498,17,100,2020
17,606160,"Montero, Rafael",9/9/2020,630925,17,100,2020
17,605488,"Springs, Jeffrey",9/10/2020,630957,17,100,2020
17,641755,"Kinley, Tyler",8/12/2020,631535,17,100,2020
17,660813,"Graterol, Brusdar",8/29/2020,630934,17,100,2020
17,446321,"Detwiler, Ross",9/5/2020,631408,17,100,2020
17,650671,"Quijada, José",8/30/2020,631371,17,100,2020
17,518886,"Kimbrel, Craig",9/12/2020,631285,17,100,2020
17,572096,"Rosenthal, Trevor",9/5/2020,631157,17,100,2020
17,453268,"Bard, Daniel",9/2/2020,631529,17,100,2020
17,595918,"Cole, A.J.",8/18/2020,631681,17,100,2020
17,615698,"Quantrill, Cal",9/8/2020,631559,17,100,2020
17,475479,"Phelps, David",9/3/2020,631146,17,100,2020
17,541640,"Ramírez, Erasmo",9/19/2020,631214,17,100,2020
17,501789,"Harris, Will",9/4/2020,630323,17,100,2020
17,640451,"Harvey, Hunter",8/30/2020,630852,17,100,2020
17,668687,"Scrubb, Andre",8/18/2020,631452,17,100,2020
17,502154,"Britton, Zack",9/3/2020,631234,17,100,2020
17,656186,"Altavilla, Dan",9/10/2020,631072,17,100,2020
17,656322,"Coonrod, Sam",9/7/2020,631006,17,100,2020
17,621368,"Hearn, Taylor",8/29/2020,630934,17,100,2020
17,606149,"Gallegos, Giovanny",8/29/2020,630981,17,100,2020
17,608648,"Duffey, Tyler",7/29/2020,631270,17,100,2020
17,534910,"Hahn, Jesse",9/2/2020,631404,17,100,2020
17,641513,"Demeritte, Travis",9/9/2020,631461,17,100,2020
17,656685,"Martin, Brett",9/6/2020,631030,17,100,2020
17,656945,"Scott, Tanner",9/9/2020,631212,17,100,2020
17,521230,"Hendriks, Liam",9/5/2020,631157,17,100,2020
17,612434,"Castro, Miguel",8/28/2020,630871,17,100,2020
17,663432,"Rainey, Tanner",9/8/2020,630867,17,100,2020
17,675916,"Karinchak, James",8/18/2020,631114,17,100,2020
17,642397,"Soto, Gregory",8/19/2020,631497,17,100,2020
17,624647,"González, Victor",9/25/2020,631336,17,100,2020
17,623474,"Herget, Jimmy",9/10/2020,630908,17,100,2020
17,501789,"Harris, Will",9/10/2020,630869,17,100,2020
17,676051,"Heuer, Codi",8/17/2020,631493,17,100,2020
17,594795,"Dayton, Grant",8/29/2020,631134,17,100,2020
17,570240,"Peña, Félix",9/23/2020,631065,17,100,2020
17,605130,"Barlow, Scott",8/2/2020,631415,17,100,2020
17,624586,"Hoyt, James",8/15/2020,631330,17,100,2020
17,520980,"Báez, Pedro",7/29/2020,631444,17,100,2020
17,571656,"Farmer, Buck",9/4/2020,631456,17,100,2020
17,680702,"Gerber, Joey",9/8/2020,631007,17,100,2020
17,592233,"Crichton, Stefan",9/4/2020,631003,17,100,2020
17,543507,"May, Trevor",9/13/2020,631259,17,100,2020
17,571670,"Floro, Dylan",9/13/2020,631332,17,100,2020
17,433589,"Petit, Yusmeiro",9/5/2020,631157,17,100,2020
17,543867,"Turley, Nik",9/14/2020,631590,17,100,2020
17,675916,"Karinchak, James",9/21/2020,631562,17,100,2020
17,605240,"Fry, Jace",8/15/2020,631507,17,100,2020
17,453265,"Watson, Tony",9/8/2020,631007,17,100,2020
17,605525,"Wendelken, J.B.",9/13/2020,630911,17,100,2020
17,642207,"Williams, Devin",8/24/2020,631301,17,100,2020
17,664208,"Maton, Phil",9/15/2020,631618,17,100,2020
17,621142,"Buttrey, Ty",9/5/2020,631440,17,100,2020
17,608717,"Stratton, Chris",9/4/2020,631602,17,100,2020
17,621295,"Wittgren, Nick",8/7/2020,631504,17,100,2020
17,622772,"Cordero, Jimmy",9/13/2020,631481,17,100,2020
17,595928,"Curtiss, John",8/16/2020,630872,17,100,2020
17,621142,"Buttrey, Ty",9/4/2020,631357,17,100,2020
17,640448,"Finnegan, Kyle",9/13/2020,630883,17,100,2020
17,621366,"Borucki, Ryan",9/3/2020,631614,17,100,2020
17,518858,"Jones, Nate",8/12/2020,631599,17,100,2020
17,622251,"Staumont, Josh",9/5/2020,631408,17,100,2020
17,543272,"Hand, Brad",8/18/2020,631114,17,100,2020
17,489265,"Romo, Sergio",8/26/2020,631554,17,100,2020
17,605501,"Tarpley, Stephen",8/7/2020,631237,17,100,2020
17,605195,"Crick, Kyle",9/5/2020,631115,17,100,2020
17,608371,"Sims, Lucas",9/5/2020,631115,17,100,2020
17,656945,"Scott, Tanner",9/26/2020,630891,17,100,2020
17,664208,"Maton, Phil",9/13/2020,631259,17,100,2020
17,606424,"García, Jarlín",9/16/2020,631032,17,100,2020
17,489334,"Stammen, Craig",8/27/2020,631083,17,100,2020
17,444468,"Rondón, Héctor",8/25/2020,630194,17,100,2020
17,445276,"Jansen, Kenley",7/28/2020,631443,17,100,2020
17,622503,"Crismatt, Nabil",9/13/2020,630961,17,100,2020
17,458677,"Wilson, Justin",7/24/2020,631242,17,100,2020
17,573124,"Rogers, Taylor",9/20/2020,631617,17,100,2020
17,450172,"Volquez, Edinson",7/25/2020,630942,17,100,2020
17,593974,"Peralta, Wandy",8/25/2020,631015,17,100,2020
17,519141,"Pomeranz, Drew",8/3/2020,631090,17,100,2020
17,544727,"Familia, Jeurys",9/12/2020,630870,17,100,2020
17,543483,"Magill, Matt",8/15/2020,631449,17,100,2020
17,592233,"Crichton, Stefan",8/6/2020,630111,17,100,2020
17,573124,"Rogers, Taylor",9/4/2020,631262,17,100,2020
17,444468,"Rondón, Héctor",8/14/2020,630115,17,100,2020
17,642130,"Taylor, Blake",8/12/2020,631447,17,100,2020
17,518489,"Brasier, Ryan",7/28/2020,631663,17,100,2020
17,523260,"Kelly, Joe",7/25/2020,631382,17,100,2020
17,518553,"Cishek, Steve",7/28/2020,631573,17,100,2020
17,493603,"Ottavino, Adam",9/18/2020,631627,17,100,2020
17,501789,"Harris, Will",8/18/2020,630322,17,100,2020
17,660813,"Graterol, Brusdar",9/4/2020,631345,17,100,2020
17,592741,"Shreve, Chasen",7/27/2020,631669,17,100,2020
17,598287,"Ramirez, Noé",7/24/2020,631182,17,100,2020
17,676051,"Heuer, Codi",9/5/2020,631408,17,100,2020
17,670167,"Schreiber, John",9/2/2020,631283,17,100,2020
17,594577,"Mayers, Mike",7/28/2020,631387,17,100,2020
17,594795,"Dayton, Grant",7/26/2020,631240,17,100,2020
17,605240,"Fry, Jace",7/24/2020,631514,17,100,2020
17,605359,"Marshall, Evan",7/24/2020,631514,17,100,2020
17,656547,"Holder, Jonathan",7/25/2020,630899,17,100,2020
17,450172,"Volquez, Edinson",8/8/2020,630935,17,100,2020
17,518693,"Freeman, Sam",8/5/2020,630878,17,100,2020
17,621261,"Oswalt, Corey",9/20/2020,631215,17,100,2020
17,621242,"Díaz, Edwin",9/21/2020,631216,17,100,2020
17,433589,"Petit, Yusmeiro",8/6/2020,631175,17,100,2020
17,453178,"Kennedy, Ian",8/8/2020,631420,17,100,2020
17,542960,"Brach, Brad",8/26/2020,631226,17,100,2020
17,592135,"Bedrosian, Cam",7/26/2020,631165,17,100,2020
17,663432,"Rainey, Tanner",9/3/2020,631146,17,100,2020
17,623465,"Phillips, Evan",9/22/2020,631636,17,100,2020
17,607560,"Harper, Ryne",9/20/2020,631329,17,100,2020
17,542914,"Bass, Anthony",7/24/2020,630966,17,100,2020
17,607572,"Howard, Sam",9/19/2020,631147,17,100,2020
17,542914,"Bass, Anthony",7/27/2020,630861,17,100,2020
17,656547,"Holder, Jonathan",9/4/2020,631674,17,100,2020
17,453268,"Bard, Daniel",8/7/2020,631045,17,100,2020
17,458708,"Tomlin, Josh",8/5/2020,630307,17,100,2020
17,545064,"Díaz, Jairo",8/25/2020,630194,17,100,2020
17,650382,"Hernández, Darwinzon",9/25/2020,630569,17,100,2020
17,621237,"Alvarado, José",7/26/2020,630968,17,100,2020
17,621249,"Underwood Jr., Duane",7/25/2020,631642,17,100,2020
16,641871,"Middleton, Keynan",7/31/2020,631391,16,100,2020
16,488748,"Buchter, Ryan",8/5/2020,631043,16,100,2020
16,641729,"Jiménez, Joe",9/26/2020,631385,16,100,2020
16,640451,"Harvey, Hunter",9/1/2020,631671,16,100,2020
16,500610,"Guerra, Deolis",8/6/2020,631129,16,100,2020
16,624647,"González, Victor",9/8/2020,630220,16,100,2020
16,605177,"Chafin, Andrew",8/12/2020,631535,16,100,2020
16,465657,"Soria, Joakim",8/7/2020,631176,16,100,2020
16,624647,"González, Victor",9/22/2020,631333,16,100,2020
16,641871,"Middleton, Keynan",7/25/2020,631181,16,100,2020
16,642098,"Sparkman, Glenn",7/26/2020,631566,16,100,2020
16,572096,"Rosenthal, Trevor",8/25/2020,630978,16,100,2020
16,656548,"Holloway, Jordan",7/26/2020,631126,16,100,2020
16,656803,"Norwood, James",7/25/2020,631642,16,100,2020
16,657612,"Hill, Tim",7/27/2020,631098,16,100,2020
16,660600,"Paredes, Enoli",7/27/2020,631442,16,100,2020
16,660600,"Paredes, Enoli",7/24/2020,631438,16,100,2020
16,542914,"Bass, Anthony",8/5/2020,630307,16,100,2020
16,664299,"Javier, Cristian",7/25/2020,631453,16,100,2020
16,543483,"Magill, Matt",8/8/2020,631046,16,100,2020
16,669424,"Lambert, Jimmy",7/28/2020,631567,16,100,2020
16,676051,"Heuer, Codi",7/24/2020,631514,16,100,2020
16,424144,"Pérez, Oliver",9/15/2020,631618,16,100,2020
16,448855,"Guerra, Junior",9/16/2020,631361,16,100,2020
16,570666,"Cessa, Luis",8/5/2020,631220,16,100,2020
16,461325,"Clippard, Tyler",9/17/2020,631485,16,100,2020
16,621142,"Buttrey, Ty",8/4/2020,631057,16,100,2020
16,502154,"Britton, Zack",9/18/2020,631627,16,100,2020
16,502202,"Boxberger, Brad",9/18/2020,631342,16,100,2020
16,570240,"Peña, Félix",8/15/2020,631363,16,100,2020
16,518886,"Kimbrel, Craig",9/16/2020,631619,16,100,2020
16,543118,"Drake, Oliver",9/18/2020,631661,16,100,2020
16,554340,"García, Yimi",9/16/2020,631315,16,100,2020
16,594795,"Dayton, Grant",8/8/2020,631133,16,100,2020
16,605130,"Barlow, Scott",8/7/2020,631419,16,100,2020
16,598264,"Barnes, Matt",9/15/2020,631314,16,100,2020
16,657624,"James, Josh",9/19/2020,631437,16,100,2020
16,596112,"Stephenson, Robert",8/27/2020,631290,16,100,2020
16,605447,"Romano, Jordan",8/8/2020,631658,16,100,2020
16,606160,"Montero, Rafael",8/7/2020,630920,16,100,2020
16,622092,"Zimmer, Kyle",9/15/2020,631462,16,100,2020
16,607237,"Garrett, Amir",8/8/2020,631296,16,100,2020
16,598287,"Ramirez, Noé",8/24/2020,631439,16,100,2020
16,641729,"Jiménez, Joe",9/16/2020,631463,16,100,2020
16,608334,"Fulmer, Carson",8/7/2020,631105,16,100,2020
16,642546,"Hernández, Jonathan",9/17/2020,631435,16,100,2020
16,664129,"Hartlieb, Geoff",9/19/2020,631147,16,100,2020
16,605130,"Barlow, Scott",8/25/2020,630978,16,100,2020
16,605498,"Suárez, Andrew",8/25/2020,631015,16,100,2020
16,622772,"Cordero, Jimmy",8/15/2020,631507,16,100,2020
16,640448,"Finnegan, Kyle",8/7/2020,630879,16,100,2020
16,607067,"Rea, Colin",8/24/2020,631468,16,100,2020
16,641627,"Gott, Trevor",8/8/2020,631343,16,100,2020
16,453265,"Watson, Tony",8/29/2020,630217,16,100,2020
16,641871,"Middleton, Keynan",8/8/2020,630935,16,100,2020
16,476454,"Betances, Dellin",8/29/2020,631204,16,100,2020
16,488984,"Hunter, Tommy",8/28/2020,631125,16,100,2020
16,623433,"Anderson, Nick",8/18/2020,631200,16,100,2020
16,502026,"Jeffress, Jeremy",8/29/2020,631581,16,100,2020
16,518397,"Alexander, Scott",8/30/2020,630921,16,100,2020
16,680702,"Gerber, Joey",9/21/2020,631038,16,100,2020
16,518813,"Holland, Greg",8/31/2020,631414,16,100,2020
16,643256,"Cimber, Adam",8/21/2020,631548,16,100,2020
16,543867,"Turley, Nik",8/31/2020,631281,16,100,2020
16,445213,"Kintzler, Brandon",9/25/2020,631191,16,100,2020
16,580792,"Goody, Nick",9/1/2020,631430,16,100,2020
16,657571,"Ferguson, Caleb",8/9/2020,631373,16,100,2020
16,453343,"Melancon, Mark",9/27/2020,630573,16,100,2020
16,592390,"Hembree, Heath",8/28/2020,631125,16,100,2020
16,572096,"Rosenthal, Trevor",8/15/2020,631279,16,100,2020
16,459429,"McGee, Jake",9/25/2020,631336,16,100,2020
16,596295,"Gomber, Austin",8/31/2020,631585,16,100,2020
16,605359,"Marshall, Evan",9/1/2020,631261,16,100,2020
16,621532,"Bemboom, Anthony",8/24/2020,631439,16,100,2020
16,493603,"Ottavino, Adam",9/24/2020,630887,16,100,2020
16,502154,"Britton, Zack",9/25/2020,631191,16,100,2020
16,621242,"Díaz, Edwin",8/28/2020,631203,16,100,2020
16,621295,"Wittgren, Nick",8/29/2020,630981,16,100,2020
16,621366,"Borucki, Ryan",8/29/2020,630906,16,100,2020
16,622075,"Almonte, Yency",8/28/2020,631524,16,100,2020
16,445926,"Chavez, Jesse",8/20/2020,631077,16,100,2020
16,656945,"Scott, Tanner",8/8/2020,630880,16,100,2020
16,622492,"Mella, Keury",9/1/2020,631355,16,100,2020
16,448855,"Guerra, Junior",8/22/2020,631028,16,100,2020
16,622772,"Cordero, Jimmy",8/29/2020,631502,16,100,2020
16,641341,"Bashlor, Tyler",9/1/2020,631109,16,100,2020
16,520980,"Báez, Pedro",9/24/2020,631335,16,100,2020
16,641627,"Gott, Trevor",8/29/2020,630217,16,100,2020
16,641743,"Kay, Anthony",8/30/2020,630852,16,100,2020
16,520980,"Báez, Pedro",9/27/2020,631338,16,100,2020
16,521230,"Hendriks, Liam",9/25/2020,631167,16,100,2020
16,489265,"Romo, Sergio",8/23/2020,631412,16,100,2020
16,642547,"Peralta, Freddy",8/29/2020,631277,16,100,2020
16,605177,"Chafin, Andrew",7/29/2020,630940,16,100,2020
16,650382,"Hernández, Darwinzon",8/29/2020,631654,16,100,2020
16,518397,"Alexander, Scott",8/22/2020,631349,16,100,2020
16,542914,"Bass, Anthony",9/26/2020,630891,16,100,2020
16,664045,"Eshelman, Thomas",9/1/2020,631671,16,100,2020
16,676604,"Zuber, Tyler",8/21/2020,631409,16,100,2020
16,543507,"May, Trevor",9/27/2020,631244,16,100,2020
16,641871,"Middleton, Keynan",8/24/2020,631439,16,100,2020
16,548389,"Stripling, Ross",9/26/2020,630891,16,100,2020
16,570663,"Robles, Hansel",8/19/2020,631025,16,100,2020
16,592426,"Jackson, Luke",7/30/2020,630346,16,100,2020
16,571656,"Farmer, Buck",9/24/2020,631398,16,100,2020
16,571901,"Loup, Aaron",9/27/2020,630945,16,100,2020
16,573204,"Thielbar, Caleb",8/19/2020,631249,16,100,2020
16,624586,"Hoyt, James",8/4/2020,630575,16,100,2020
16,573124,"Rogers, Taylor",8/15/2020,631280,16,100,2020
16,593144,"Rodríguez, Richard",8/23/2020,631107,16,100,2020
16,465657,"Soria, Joakim",8/17/2020,630118,16,100,2020
16,670329,"Garcia, Rico",8/1/2020,631020,16,100,2020
16,592811,"Triggs, Andrew",8/2/2020,631021,16,100,2020
16,472610,"García, Luis",9/9/2020,630925,16,100,2020
16,605130,"Barlow, Scott",8/23/2020,631412,16,100,2020
16,642207,"Williams, Devin",8/18/2020,631260,16,100,2020
16,605525,"Wendelken, J.B.",8/20/2020,631180,16,100,2020
16,592612,"Osich, Josh",8/1/2020,631224,16,100,2020
16,607572,"Howard, Sam",8/21/2020,631103,16,100,2020
16,608032,"Estévez, Carlos",8/22/2020,631349,16,100,2020
16,461325,"Clippard, Tyler",7/29/2020,631270,16,100,2020
16,664854,"Helsley, Ryan",7/29/2020,631270,16,100,2020
16,657612,"Hill, Tim",8/25/2020,631081,16,100,2020
16,621295,"Wittgren, Nick",8/2/2020,631274,16,100,2020
16,675916,"Karinchak, James",8/20/2020,631118,16,100,2020
16,570663,"Robles, Hansel",7/30/2020,631390,16,100,2020
16,643338,"Green, Chad",8/12/2020,631208,16,100,2020
16,650556,"Abreu, Bryan",7/31/2020,631391,16,100,2020
16,623470,"Newberry, Jake",8/19/2020,631422,16,100,2020
16,641582,"Foster, Matt",8/1/2020,631413,16,100,2020
16,641341,"Bashlor, Tyler",8/22/2020,631104,16,100,2020
16,642100,"Speier, Gabe",8/2/2020,631415,16,100,2020
16,532077,"Osuna, Roberto",7/29/2020,631444,16,100,2020
16,607074,"Rodón, Carlos",9/24/2020,631549,16,100,2020
16,607481,"Bummer, Aaron",9/26/2020,631487,16,100,2020
16,641941,"Pagán, Emilio",8/20/2020,631077,16,100,2020
16,519151,"Pressly, Ryan",8/18/2020,631452,16,100,2020
16,607625,"Lugo, Seth",7/29/2020,631239,16,100,2020
16,670167,"Schreiber, John",8/24/2020,631468,16,100,2020
16,621249,"Underwood Jr., Duane",7/29/2020,631594,16,100,2020
16,650530,"Garcia, Bryan",8/21/2020,631548,16,100,2020
16,656222,"Beeks, Jalen",8/20/2020,631202,16,100,2020
16,656222,"Beeks, Jalen",8/22/2020,630948,16,100,2020
16,680702,"Gerber, Joey",8/25/2020,631081,16,100,2020
16,458677,"Wilson, Justin",8/12/2020,631232,16,100,2020
16,476454,"Betances, Dellin",8/28/2020,631203,16,100,2020
16,642840,"Harvey, Joe",8/12/2020,631535,16,100,2020
16,517008,"Colomé, Alex",8/12/2020,631475,16,100,2020
16,663432,"Rainey, Tanner",8/21/2020,630886,16,100,2020
16,623433,"Anderson, Nick",9/25/2020,630938,16,100,2020
16,445276,"Jansen, Kenley",8/12/2020,631350,16,100,2020
16,673633,"Hirano, Yoshihisa",8/27/2020,631082,16,100,2020
16,519293,"Smith, Will",8/12/2020,631208,16,100,2020
16,552640,"Kittredge, Andrew",8/10/2020,631631,16,100,2020
16,657571,"Ferguson, Caleb",8/25/2020,631015,16,100,2020
16,571735,"Hale, David",8/11/2020,631192,16,100,2020
16,643778,"Webb, Tyler",8/15/2020,631507,16,100,2020
16,571901,"Loup, Aaron",8/11/2020,631646,16,100,2020
16,433589,"Petit, Yusmeiro",9/8/2020,631160,16,100,2020
16,445213,"Kintzler, Brandon",9/6/2020,630956,16,100,2020
16,594577,"Mayers, Mike",8/11/2020,631396,16,100,2020
16,622772,"Cordero, Jimmy",9/24/2020,631549,16,100,2020
16,592612,"Osich, Josh",7/29/2020,631239,16,100,2020
16,453265,"Watson, Tony",9/6/2020,631005,16,100,2020
16,641907,"Murphy, Patrick",9/25/2020,630889,16,100,2020
16,446321,"Detwiler, Ross",8/2/2020,631415,16,100,2020
16,519381,"Venditte, Pat",8/18/2020,631326,16,100,2020
16,607237,"Garrett, Amir",8/11/2020,631598,16,100,2020
16,461325,"Clippard, Tyler",9/19/2020,631632,16,100,2020
16,518553,"Cishek, Steve",9/6/2020,631407,16,100,2020
16,592390,"Hembree, Heath",8/15/2020,631197,16,100,2020
16,573124,"Rogers, Taylor",8/3/2020,631275,16,100,2020
16,641627,"Gott, Trevor",8/11/2020,631446,16,100,2020
16,641871,"Middleton, Keynan",8/12/2020,631397,16,100,2020
16,642121,"Sulser, Cole",8/12/2020,631141,16,100,2020
16,642397,"Soto, Gregory",8/10/2020,631473,16,100,2020
16,642701,"Santana, Dennis",8/11/2020,631347,16,100,2020
16,642770,"Guerra, Javy",8/14/2020,630115,16,100,2020
16,656685,"Martin, Brett",8/12/2020,630926,16,100,2020
16,670167,"Schreiber, John",8/12/2020,631475,16,100,2020
16,571948,"Milner, Hoby",9/27/2020,631338,16,100,2020
16,660600,"Paredes, Enoli",8/16/2020,631450,16,100,2020
16,570488,"Valdez, Phillips",9/8/2020,631152,16,100,2020
16,676886,"Beasley, Jeremy",8/11/2020,631547,16,100,2020
16,657611,"Hill, Cam",9/24/2020,631549,16,100,2020
16,641871,"Middleton, Keynan",8/4/2020,631057,16,100,2020
16,657612,"Hill, Tim",9/27/2020,631002,16,100,2020
16,571710,"Givens, Mychal",9/7/2020,631084,16,100,2020
16,571710,"Givens, Mychal",9/6/2020,631344,16,100,2020
16,660600,"Paredes, Enoli",9/25/2020,630913,16,100,2020
16,595465,"Winkler, Dan",8/21/2020,631633,16,100,2020
16,605130,"Barlow, Scott",7/28/2020,631490,16,100,2020
16,572955,"Johnson, Pierce",9/10/2020,631072,16,100,2020
16,502154,"Britton, Zack",9/22/2020,630881,16,100,2020
16,573009,"Mantiply, Joe",9/7/2020,631006,16,100,2020
16,571656,"Farmer, Buck",9/25/2020,631383,16,100,2020
16,580792,"Goody, Nick",9/10/2020,630908,16,100,2020
16,664126,"Fairbanks, Pete",9/26/2020,630939,16,100,2020
16,593576,"Neris, Héctor",9/10/2020,631309,16,100,2020
16,594987,"Sadler, Casey",9/8/2020,631007,16,100,2020
16,595928,"Curtiss, John",9/6/2020,630956,16,100,2020
16,595014,"Treinen, Blake",8/18/2020,631353,16,100,2020
16,607237,"Garrett, Amir",9/6/2020,631116,16,100,2020
16,607560,"Harper, Ryne",9/6/2020,630491,16,100,2020
16,424144,"Pérez, Oliver",9/4/2020,631555,16,100,2020
16,521655,"Font, Wilmer",9/19/2020,631123,16,100,2020
16,475479,"Phelps, David",9/2/2020,631145,16,100,2020
16,543901,"Weber, Ryan",9/25/2020,630569,16,100,2020
16,664948,"Misiewicz, Anthony",8/30/2020,631371,16,100,2020
16,624647,"González, Victor",9/10/2020,630223,16,100,2020
16,641739,"Kaminsky, Rob",9/7/2020,631605,16,100,2020
16,641941,"Pagán, Emilio",9/10/2020,631072,16,100,2020
16,542882,"Andriese, Matt",9/21/2020,631376,16,100,2020
16,488984,"Hunter, Tommy",8/20/2020,630919,16,100,2020
16,502026,"Jeffress, Jeremy",9/4/2020,631644,16,100,2020
16,543118,"Drake, Oliver",9/23/2020,631218,16,100,2020
16,650893,"Cabrera, Génesis",9/8/2020,630984,16,100,2020
16,543557,"Montgomery, Mike",9/23/2020,631380,16,100,2020
16,465657,"Soria, Joakim",8/23/2020,631170,16,100,2020
16,660600,"Paredes, Enoli",8/20/2020,631523,16,100,2020
16,657044,"Thompson, Ryan",9/10/2020,630957,16,100,2020
16,664042,"Lakins Sr., Travis",9/8/2020,631211,16,100,2020
16,665621,"García, Rony",9/7/2020,631255,16,100,2020
16,543339,"Hudson, Daniel",9/4/2020,630323,16,100,2020
16,543272,"Hand, Brad",9/2/2020,631404,16,100,2020
16,668687,"Scrubb, Andre",9/10/2020,631162,16,100,2020
16,543507,"May, Trevor",9/4/2020,631456,16,100,2020
16,676220,"Elledge, Seth",9/10/2020,630994,16,100,2020
16,570488,"Valdez, Phillips",9/20/2020,631635,16,100,2020
16,444468,"Rondón, Héctor",9/13/2020,630226,16,100,2020
16,676604,"Zuber, Tyler",8/17/2020,631258,16,100,2020
16,448855,"Guerra, Junior",9/13/2020,630226,16,100,2020
16,608335,"Funkhouser, Kyle",9/1/2020,631287,16,100,2020
16,453268,"Bard, Daniel",9/11/2020,631530,16,100,2020
16,461829,"González, Gio",9/14/2020,631482,16,100,2020
16,489265,"Romo, Sergio",9/11/2020,631256,16,100,2020
16,572193,"Tepera, Ryan",9/2/2020,631111,16,100,2020
16,489119,"Miley, Wade",9/25/2020,631246,16,100,2020
16,503569,"Dolis, Rafael",9/12/2020,630870,16,100,2020
16,517008,"Colomé, Alex",9/11/2020,631478,16,100,2020
16,680702,"Gerber, Joey",8/16/2020,631450,16,100,2020
16,572888,"Greene, Shane",9/4/2020,630371,16,100,2020
16,518489,"Brasier, Ryan",9/13/2020,630947,16,100,2020
16,518813,"Holland, Greg",9/12/2020,631400,16,100,2020
16,518858,"Jones, Nate",9/14/2020,631590,16,100,2020
16,519151,"Pressly, Ryan",9/12/2020,631331,16,100,2020
16,445926,"Chavez, Jesse",9/26/2020,630914,16,100,2020
16,643316,"Fry, Paul",8/6/2020,631340,16,100,2020
16,534910,"Hahn, Jesse",9/11/2020,631399,16,100,2020
16,592169,"Brice, Austin",9/3/2020,631614,16,100,2020
16,592222,"Claudio, Alex",9/4/2020,631555,16,100,2020
16,542960,"Brach, Brad",9/13/2020,630875,16,100,2020
16,459429,"McGee, Jake",8/15/2020,631363,16,100,2020
16,543901,"Weber, Ryan",9/13/2020,630947,16,100,2020
16,592473,"Kolarek, Adam",9/4/2020,631345,16,100,2020
16,572955,"Johnson, Pierce",9/23/2020,631065,16,100,2020
16,570488,"Valdez, Phillips",9/11/2020,630958,16,100,2020
16,445213,"Kintzler, Brandon",8/24/2020,630898,16,100,2020
16,573124,"Rogers, Taylor",9/22/2020,631251,16,100,2020
16,572096,"Rosenthal, Trevor",9/13/2020,631058,16,100,2020
16,573204,"Thielbar, Caleb",9/23/2020,631250,16,100,2020
16,643778,"Webb, Tyler",8/25/2020,630978,16,100,2020
16,592390,"Hembree, Heath",9/12/2020,631311,16,100,2020
16,592222,"Claudio, Alex",9/23/2020,631583,16,100,2020
16,453178,"Kennedy, Ian",8/26/2020,630979,16,100,2020
16,605498,"Suárez, Andrew",9/4/2020,631003,16,100,2020
16,623474,"Herget, Jimmy",8/9/2020,630922,16,100,2020
16,664126,"Fairbanks, Pete",9/23/2020,631218,16,100,2020
16,606149,"Gallegos, Giovanny",9/2/2020,631587,16,100,2020
16,606149,"Gallegos, Giovanny",9/5/2020,631607,16,100,2020
16,606965,"Devenski, Chris",9/5/2020,631388,16,100,2020
16,592811,"Triggs, Andrew",9/26/2020,630570,16,100,2020
16,607179,"Weems, Jordan",9/4/2020,631156,16,100,2020
16,458677,"Wilson, Justin",8/26/2020,631226,16,100,2020
16,608032,"Estévez, Carlos",9/2/2020,631529,16,100,2020
16,593833,"Suero, Wander",9/21/2020,630884,16,100,2020
16,660813,"Graterol, Brusdar",9/23/2020,631334,16,100,2020
16,615698,"Quantrill, Cal",9/5/2020,631556,16,100,2020
16,621249,"Underwood Jr., Duane",9/2/2020,631111,16,100,2020
16,621294,"Heller, Ben",9/4/2020,631674,16,100,2020
16,621295,"Wittgren, Nick",9/5/2020,631556,16,100,2020
16,643778,"Webb, Tyler",9/11/2020,630985,16,100,2020
16,488984,"Hunter, Tommy",8/25/2020,630855,16,100,2020
16,622092,"Zimmer, Kyle",9/4/2020,631406,16,100,2020
16,595411,"Sherriff, Ryan",9/21/2020,631216,16,100,2020
16,605151,"Bradley, Archie",9/16/2020,631575,16,100,2020
16,594577,"Mayers, Mike",8/9/2020,630922,16,100,2020
16,595465,"Winkler, Dan",9/19/2020,631632,16,100,2020
16,623470,"Newberry, Jake",9/4/2020,631406,16,100,2020
16,664948,"Misiewicz, Anthony",9/11/2020,630224,16,100,2020
16,676220,"Elledge, Seth",9/11/2020,630985,16,100,2020
16,592741,"Shreve, Chasen",8/25/2020,631323,16,100,2020
16,458708,"Tomlin, Josh",7/25/2020,631241,16,100,2020
16,605151,"Bradley, Archie",9/20/2020,631578,16,100,2020
16,465657,"Soria, Joakim",7/26/2020,631165,16,100,2020
16,543339,"Hudson, Daniel",8/18/2020,630322,16,100,2020
16,570663,"Robles, Hansel",8/5/2020,631043,16,100,2020
16,476454,"Betances, Dellin",7/25/2020,631241,16,100,2020
16,476454,"Betances, Dellin",7/28/2020,631663,16,100,2020
16,605388,"Morgan, Adam",9/22/2020,630896,16,100,2020
16,493603,"Ottavino, Adam",7/26/2020,630856,16,100,2020
16,547179,"Lorenzen, Michael",8/9/2020,631297,16,100,2020
16,605482,"Sneed, Cy",9/23/2020,631035,16,100,2020
16,502026,"Jeffress, Jeremy",7/26/2020,631643,16,100,2020
16,571670,"Floro, Dylan",8/3/2020,631090,16,100,2020
16,503285,"O'Day, Darren",7/25/2020,631241,16,100,2020
16,518649,"Eibner, Brett",8/24/2020,630898,16,100,2020
16,518553,"Cishek, Steve",7/25/2020,631515,16,100,2020
16,523260,"Kelly, Joe",8/8/2020,631343,16,100,2020
16,518858,"Jones, Nate",7/28/2020,631593,16,100,2020
16,424144,"Pérez, Oliver",8/11/2020,631572,16,100,2020
16,640451,"Harvey, Hunter",9/20/2020,631672,16,100,2020
16,521230,"Hendriks, Liam",7/26/2020,631165,16,100,2020
16,532077,"Osuna, Roberto",7/25/2020,631453,16,100,2020
16,607231,"Gant, John",8/15/2020,631508,16,100,2020
16,543272,"Hand, Brad",7/28/2020,631573,16,100,2020
16,630263,"Bourque, James",7/25/2020,630899,16,100,2020
16,657240,"Merryweather, Julian",9/4/2020,631649,16,100,2020
16,528748,"Castellanos, Humberto",8/25/2020,631426,16,100,2020
16,664126,"Fairbanks, Pete",9/2/2020,631194,16,100,2020
16,592169,"Brice, Austin",7/26/2020,631668,16,100,2020
16,621242,"Díaz, Edwin",9/22/2020,631217,16,100,2020
16,600887,"Del Pozo, Miguel",7/28/2020,631132,16,100,2020
16,621249,"Underwood Jr., Duane",9/19/2020,631632,16,100,2020
16,605130,"Barlow, Scott",7/24/2020,631563,16,100,2020
16,543339,"Hudson, Daniel",8/26/2020,630853,16,100,2020
16,517008,"Colomé, Alex",7/31/2020,631410,16,100,2020
16,543883,"Vincent, Nick",8/24/2020,630898,16,100,2020
16,607352,"Biagini, Joe",7/26/2020,631441,16,100,2020
16,608678,"Leone, Dominic",7/26/2020,631566,16,100,2020
15,457915,"Guerra, Javy",8/18/2020,630322,15,100,2020
15,489265,"Romo, Sergio",8/6/2020,631148,15,100,2020
15,489446,"Yates, Kirby",8/7/2020,631073,15,100,2020
15,641582,"Foster, Matt",9/16/2020,631484,15,100,2020
15,580792,"Goody, Nick",8/26/2020,630931,15,100,2020
15,592865,"Williams, Taylor",8/17/2020,631352,15,100,2020
15,518553,"Cishek, Steve",8/10/2020,631473,15,100,2020
15,623470,"Newberry, Jake",7/28/2020,631490,15,100,2020
15,455119,"Martin, Chris",7/24/2020,631242,15,100,2020
15,641482,"Cortes, Nestor",7/25/2020,631453,15,100,2020
15,612434,"Castro, Miguel",8/18/2020,631681,15,100,2020
15,614179,"Ruiz, José",8/17/2020,631493,15,100,2020
15,572125,"Selman, Sam",8/27/2020,631001,15,100,2020
15,643511,"Rogers, Tyler",7/26/2020,631384,15,100,2020
15,519151,"Pressly, Ryan",8/6/2020,630111,15,100,2020
15,594987,"Sadler, Casey",8/3/2020,631645,15,100,2020
15,572193,"Tepera, Ryan",8/24/2020,631468,15,100,2020
15,664854,"Helsley, Ryan",7/24/2020,630989,15,100,2020
15,543867,"Turley, Nik",8/7/2020,631105,15,100,2020
15,543867,"Turley, Nik",8/9/2020,631110,15,100,2020
15,670167,"Schreiber, John",7/27/2020,631489,15,100,2020
15,656685,"Martin, Brett",9/27/2020,630915,15,100,2020
15,642397,"Soto, Gregory",9/22/2020,631251,15,100,2020
15,489334,"Stammen, Craig",9/15/2020,631062,15,100,2020
15,572193,"Tepera, Ryan",8/6/2020,631425,15,100,2020
15,592804,"Thornburg, Tyler",8/25/2020,631302,15,100,2020
15,572888,"Greene, Shane",8/5/2020,630307,15,100,2020
15,656322,"Coonrod, Sam",9/21/2020,631009,15,100,2020
15,543883,"Vincent, Nick",9/18/2020,631342,15,100,2020
15,593576,"Neris, Héctor",8/25/2020,630855,15,100,2020
15,592426,"Jackson, Luke",8/9/2020,631136,15,100,2020
15,593833,"Suero, Wander",8/25/2020,630855,15,100,2020
15,570257,"Rodríguez, Joely",8/17/2020,630927,15,100,2020
15,593974,"Peralta, Wandy",8/6/2020,631545,15,100,2020
15,621368,"Hearn, Taylor",8/16/2020,631521,15,100,2020
15,503285,"O'Day, Darren",8/18/2020,630322,15,100,2020
15,593833,"Suero, Wander",9/16/2020,630937,15,100,2020
15,657097,"Webb, Jacob",9/23/2020,630554,15,100,2020
15,605151,"Bradley, Archie",8/8/2020,631074,15,100,2020
15,605218,"Edwards Jr., Carl",8/5/2020,631043,15,100,2020
15,570488,"Valdez, Phillips",8/18/2020,631651,15,100,2020
15,614179,"Ruiz, José",9/18/2020,631576,15,100,2020
15,605482,"Sneed, Cy",8/6/2020,630111,15,100,2020
15,621242,"Díaz, Edwin",9/15/2020,631144,15,100,2020
15,622253,"Tate, Dillon",9/17/2020,630953,15,100,2020
15,592858,"Wick, Rowan",8/13/2020,631609,15,100,2020
15,622251,"Staumont, Josh",8/7/2020,631419,15,100,2020
15,623433,"Anderson, Nick",8/7/2020,630974,15,100,2020
15,680702,"Gerber, Joey",9/17/2020,631034,15,100,2020
15,444468,"Rondón, Héctor",8/29/2020,630217,15,100,2020
15,642152,"Trivino, Lou",9/27/2020,631155,15,100,2020
15,643478,"Palumbo, Joe",8/1/2020,631020,15,100,2020
15,453172,"Hughes, Jared",8/28/2020,631230,15,100,2020
15,453178,"Kennedy, Ian",8/29/2020,631502,15,100,2020
15,455119,"Martin, Chris",8/30/2020,631135,15,100,2020
15,472610,"García, Luis",8/29/2020,630934,15,100,2020
15,476594,"Stock, Robert",8/31/2020,631656,15,100,2020
15,664854,"Helsley, Ryan",9/1/2020,631586,15,100,2020
15,676979,"Crochet, Garrett",9/23/2020,631534,15,100,2020
15,642207,"Williams, Devin",8/9/2020,631297,15,100,2020
15,676979,"Crochet, Garrett",9/20/2020,631578,15,100,2020
15,519326,"Strickland, Hunter",8/31/2020,631223,15,100,2020
15,643511,"Rogers, Tyler",8/5/2020,631544,15,100,2020
15,608032,"Estévez, Carlos",8/24/2020,630193,15,100,2020
15,571901,"Loup, Aaron",8/29/2020,631319,15,100,2020
15,453192,"Miller, Andrew",9/26/2020,630964,15,100,2020
15,453192,"Miller, Andrew",9/24/2020,630975,15,100,2020
15,572125,"Selman, Sam",8/28/2020,630216,15,100,2020
15,572703,"Bard, Luke",8/29/2020,631369,15,100,2020
15,621052,"Reyes, Alex",8/24/2020,630977,15,100,2020
15,592390,"Hembree, Heath",8/13/2020,631650,15,100,2020
15,592612,"Osich, Josh",9/1/2020,631109,15,100,2020
15,458708,"Tomlin, Josh",9/24/2020,631685,15,100,2020
15,664092,"Poppen, Sean",8/7/2020,631419,15,100,2020
15,594986,"Ryan, Kyle",8/30/2020,631584,15,100,2020
15,461325,"Clippard, Tyler",9/27/2020,631244,15,100,2020
15,596112,"Stephenson, Robert",8/28/2020,631582,15,100,2020
15,605447,"Romano, Jordan",8/28/2020,630871,15,100,2020
15,572125,"Selman, Sam",8/4/2020,631543,15,100,2020
15,670056,"Baragar, Caleb",8/9/2020,631373,15,100,2020
15,670550,"Rodriguez, Nivaldo",8/8/2020,631177,15,100,2020
15,622075,"Almonte, Yency",8/24/2020,630193,15,100,2020
15,607572,"Howard, Sam",8/29/2020,631277,15,100,2020
15,501789,"Harris, Will",9/26/2020,630895,15,100,2020
15,518617,"Diekman, Jake",9/25/2020,631167,15,100,2020
15,571670,"Floro, Dylan",8/30/2020,630921,15,100,2020
15,641729,"Jiménez, Joe",8/16/2020,631479,15,100,2020
15,461325,"Clippard, Tyler",8/23/2020,631412,15,100,2020
15,642397,"Soto, Gregory",8/30/2020,631459,15,100,2020
15,459429,"McGee, Jake",8/18/2020,631353,15,100,2020
15,493603,"Ottavino, Adam",8/20/2020,631202,15,100,2020
15,500610,"Guerra, Deolis",8/20/2020,630919,15,100,2020
15,641312,"Anderson, Shaun",8/3/2020,631542,15,100,2020
15,656322,"Coonrod, Sam",8/29/2020,630217,15,100,2020
15,641312,"Anderson, Shaun",8/25/2020,631015,15,100,2020
15,657031,"Taylor, Josh",8/30/2020,631655,15,100,2020
15,658305,"García, Edgar",8/29/2020,631319,15,100,2020
15,543118,"Drake, Oliver",9/25/2020,630938,15,100,2020
15,543272,"Hand, Brad",9/24/2020,631549,15,100,2020
15,641755,"Kinley, Tyler",8/26/2020,630099,15,100,2020
15,521230,"Hendriks, Liam",8/19/2020,631179,15,100,2020
15,676604,"Zuber, Tyler",9/1/2020,631416,15,100,2020
15,676604,"Zuber, Tyler",8/28/2020,631501,15,100,2020
15,661255,"López, Yoan",8/1/2020,630100,15,100,2020
15,571670,"Floro, Dylan",7/31/2020,630201,15,100,2020
15,554340,"García, Yimi",9/24/2020,631685,15,100,2020
15,554340,"García, Yimi",9/25/2020,631191,15,100,2020
15,554431,"Matzek, Tyler",9/24/2020,631685,15,100,2020
15,518813,"Holland, Greg",9/9/2020,631560,15,100,2020
15,453343,"Melancon, Mark",7/30/2020,630346,15,100,2020
15,572955,"Johnson, Pierce",8/21/2020,631078,15,100,2020
15,571901,"Loup, Aaron",7/31/2020,630592,15,100,2020
15,621242,"Díaz, Edwin",8/4/2020,630874,15,100,2020
15,670329,"Garcia, Rico",7/30/2020,631018,15,100,2020
15,642701,"Santana, Dennis",8/25/2020,631015,15,100,2020
15,544727,"Familia, Jeurys",8/4/2020,630874,15,100,2020
15,605240,"Fry, Jace",8/21/2020,631633,15,100,2020
15,656186,"Altavilla, Dan",8/1/2020,631067,15,100,2020
15,520980,"Báez, Pedro",8/4/2020,631069,15,100,2020
15,489446,"Yates, Kirby",8/3/2020,631090,15,100,2020
15,605498,"Suárez, Andrew",8/19/2020,631025,15,100,2020
15,472610,"García, Luis",8/18/2020,630928,15,100,2020
15,502154,"Britton, Zack",8/3/2020,631219,15,100,2020
15,519443,"Workman, Brandon",7/30/2020,631238,15,100,2020
15,518886,"Kimbrel, Craig",8/16/2020,631612,15,100,2020
15,598264,"Barnes, Matt",7/29/2020,631239,15,100,2020
15,489265,"Romo, Sergio",8/2/2020,631274,15,100,2020
15,606930,"Barnes, Jacob",7/29/2020,631389,15,100,2020
15,656186,"Altavilla, Dan",7/29/2020,631389,15,100,2020
15,664918,"Keller, Kyle",7/30/2020,631390,15,100,2020
15,664054,"Stashak, Cody",8/1/2020,631273,15,100,2020
15,623474,"Herget, Jimmy",8/21/2020,631050,15,100,2020
15,622251,"Staumont, Josh",7/31/2020,631410,15,100,2020
15,642840,"Harvey, Joe",8/15/2020,631533,15,100,2020
15,643316,"Fry, Paul",8/16/2020,631679,15,100,2020
15,641401,"Brogdon, Connor",8/19/2020,631652,15,100,2020
15,607237,"Garrett, Amir",9/27/2020,631244,15,100,2020
15,596057,"Norris, Daniel",9/25/2020,631383,15,100,2020
15,489334,"Stammen, Craig",7/31/2020,631539,15,100,2020
15,670056,"Baragar, Caleb",8/3/2020,631542,15,100,2020
15,642528,"Loáisiga, Jonathan",8/19/2020,631201,15,100,2020
15,605359,"Marshall, Evan",7/29/2020,631569,15,100,2020
15,643511,"Rogers, Tyler",8/19/2020,631025,15,100,2020
15,643511,"Rogers, Tyler",8/21/2020,631027,15,100,2020
15,650895,"Castillo, Diego",8/23/2020,630949,15,100,2020
15,444468,"Rondón, Héctor",8/12/2020,631535,15,100,2020
15,668687,"Scrubb, Andre",8/21/2020,631078,15,100,2020
15,501789,"Harris, Will",8/14/2020,631683,15,100,2020
15,660600,"Paredes, Enoli",8/23/2020,631080,15,100,2020
15,534910,"Hahn, Jesse",9/7/2020,631558,15,100,2020
15,623474,"Herget, Jimmy",9/26/2020,630914,15,100,2020
15,608335,"Funkhouser, Kyle",7/30/2020,631494,15,100,2020
15,543883,"Vincent, Nick",8/14/2020,631322,15,100,2020
15,518858,"Jones, Nate",8/3/2020,631596,15,100,2020
15,570663,"Robles, Hansel",8/12/2020,631397,15,100,2020
15,673633,"Hirano, Yoshihisa",8/22/2020,631051,15,100,2020
15,656464,"Ginkel, Kevin",8/15/2020,630116,15,100,2020
15,641401,"Brogdon, Connor",9/26/2020,630939,15,100,2020
15,608648,"Duffey, Tyler",9/26/2020,631245,15,100,2020
15,592222,"Claudio, Alex",8/11/2020,631299,15,100,2020
15,424144,"Pérez, Oliver",9/8/2020,631559,15,100,2020
15,593576,"Neris, Héctor",8/14/2020,631150,15,100,2020
15,475479,"Phelps, David",8/16/2020,631612,15,100,2020
15,657571,"Ferguson, Caleb",7/29/2020,631444,15,100,2020
15,605177,"Chafin, Andrew",8/10/2020,631546,15,100,2020
15,605388,"Morgan, Adam",8/14/2020,631150,15,100,2020
15,607625,"Lugo, Seth",8/14/2020,631150,15,100,2020
15,519293,"Smith, Will",8/15/2020,631330,15,100,2020
15,608349,"Knebel, Corey",8/12/2020,631300,15,100,2020
15,608371,"Sims, Lucas",8/13/2020,631600,15,100,2020
15,543483,"Magill, Matt",7/30/2020,631390,15,100,2020
15,657044,"Thompson, Ryan",8/16/2020,630872,15,100,2020
15,518617,"Diekman, Jake",9/10/2020,631162,15,100,2020
15,657611,"Hill, Cam",8/1/2020,631273,15,100,2020
15,643338,"Green, Chad",9/25/2020,631191,15,100,2020
15,650893,"Cabrera, Génesis",9/24/2020,630975,15,100,2020
15,642152,"Trivino, Lou",8/14/2020,631022,15,100,2020
15,650895,"Castillo, Diego",9/26/2020,630939,15,100,2020
15,607237,"Garrett, Amir",8/21/2020,630990,15,100,2020
15,642546,"Hernández, Jonathan",8/12/2020,630926,15,100,2020
15,643316,"Fry, Paul",8/11/2020,631139,15,100,2020
15,542914,"Bass, Anthony",9/7/2020,630859,15,100,2020
15,543272,"Hand, Brad",9/7/2020,631558,15,100,2020
15,457915,"Guerra, Javy",8/11/2020,631243,15,100,2020
15,665001,"Kelley, Trevor",8/10/2020,631138,15,100,2020
15,657024,"Swanson, Erik",9/25/2020,631167,15,100,2020
15,571710,"Givens, Mychal",9/9/2020,631056,15,100,2020
15,595928,"Curtiss, John",8/23/2020,630949,15,100,2020
15,664042,"Lakins Sr., Travis",9/24/2020,631640,15,100,2020
15,476454,"Betances, Dellin",8/15/2020,631151,15,100,2020
15,592473,"Kolarek, Adam",8/20/2020,631049,15,100,2020
15,642100,"Speier, Gabe",8/15/2020,631280,15,100,2020
15,593144,"Rodríguez, Richard",9/8/2020,631096,15,100,2020
15,572955,"Johnson, Pierce",8/15/2020,630116,15,100,2020
15,476454,"Betances, Dellin",8/18/2020,631326,15,100,2020
15,518617,"Diekman, Jake",9/19/2020,631164,15,100,2020
15,518813,"Holland, Greg",9/20/2020,631268,15,100,2020
15,595918,"Cole, A.J.",9/8/2020,630860,15,100,2020
15,596112,"Stephenson, Robert",9/10/2020,631634,15,100,2020
15,675916,"Karinchak, James",9/27/2020,631538,15,100,2020
15,606149,"Gallegos, Giovanny",9/8/2020,630984,15,100,2020
15,607231,"Gant, John",9/8/2020,630984,15,100,2020
15,650895,"Castillo, Diego",8/11/2020,631646,15,100,2020
15,444468,"Rondón, Héctor",9/4/2020,631003,15,100,2020
15,519393,"Walden, Marcus",9/22/2020,631636,15,100,2020
15,621242,"Díaz, Edwin",9/9/2020,631212,15,100,2020
15,621249,"Underwood Jr., Duane",9/6/2020,631604,15,100,2020
15,521230,"Hendriks, Liam",8/20/2020,631180,15,100,2020
15,621249,"Underwood Jr., Duane",9/8/2020,631615,15,100,2020
15,521230,"Hendriks, Liam",9/23/2020,631334,15,100,2020
15,660623,"Ynoa, Huascar",9/1/2020,631657,15,100,2020
15,621295,"Wittgren, Nick",9/6/2020,631557,15,100,2020
15,521655,"Font, Wilmer",8/15/2020,630905,15,100,2020
15,458677,"Wilson, Justin",9/5/2020,631228,15,100,2020
15,459429,"McGee, Jake",9/3/2020,631370,15,100,2020
15,534910,"Hahn, Jesse",9/21/2020,631402,15,100,2020
15,641582,"Foster, Matt",9/8/2020,631096,15,100,2020
15,642546,"Hernández, Jonathan",8/28/2020,630933,15,100,2020
15,641755,"Kinley, Tyler",9/9/2020,631056,15,100,2020
15,542947,"Bleier, Richard",9/19/2020,631317,15,100,2020
15,642546,"Hernández, Jonathan",9/8/2020,630904,15,100,2020
15,642701,"Santana, Dennis",9/6/2020,631344,15,100,2020
15,543507,"May, Trevor",9/20/2020,631617,15,100,2020
15,656725,"McRae, Alex",9/6/2020,631407,15,100,2020
15,518617,"Diekman, Jake",9/5/2020,631157,15,100,2020
15,656945,"Scott, Tanner",9/6/2020,631676,15,100,2020
15,461325,"Clippard, Tyler",8/22/2020,631403,15,100,2020
15,502202,"Boxberger, Brad",9/24/2020,631685,15,100,2020
15,489265,"Romo, Sergio",8/16/2020,631252,15,100,2020
15,519293,"Smith, Will",9/4/2020,630323,15,100,2020
15,660600,"Paredes, Enoli",9/9/2020,631161,15,100,2020
15,663432,"Rainey, Tanner",9/10/2020,630869,15,100,2020
15,544727,"Familia, Jeurys",9/19/2020,631214,15,100,2020
15,676051,"Heuer, Codi",9/8/2020,631096,15,100,2020
15,444468,"Rondón, Héctor",8/17/2020,630118,15,100,2020
15,445276,"Jansen, Kenley",9/13/2020,631332,15,100,2020
15,605240,"Fry, Jace",8/31/2020,631247,15,100,2020
15,664126,"Fairbanks, Pete",8/7/2020,630974,15,100,2020
15,570663,"Robles, Hansel",9/2/2020,631379,15,100,2020
15,465657,"Soria, Joakim",9/11/2020,630909,15,100,2020
15,571901,"Loup, Aaron",9/2/2020,631194,15,100,2020
15,502706,"Holland, Derek",9/12/2020,631400,15,100,2020
15,624586,"Hoyt, James",8/18/2020,631326,15,100,2020
15,608678,"Leone, Dominic",8/14/2020,631476,15,100,2020
15,424144,"Pérez, Oliver",8/25/2020,631553,15,100,2020
15,547973,"Chapman, Aroldis",9/13/2020,631187,15,100,2020
15,554340,"García, Yimi",9/13/2020,631320,15,100,2020
15,572955,"Johnson, Pierce",9/20/2020,631037,15,100,2020
15,573109,"Ramos, AJ",9/22/2020,631010,15,100,2020
15,571948,"Milner, Hoby",9/12/2020,631531,15,100,2020
15,593576,"Neris, Héctor",9/3/2020,631146,15,100,2020
15,608335,"Funkhouser, Kyle",8/24/2020,631468,15,100,2020
15,573124,"Rogers, Taylor",9/12/2020,631257,15,100,2020
15,594577,"Mayers, Mike",9/3/2020,631368,15,100,2020
15,592741,"Shreve, Chasen",9/12/2020,630870,15,100,2020
15,595918,"Cole, A.J.",9/4/2020,631649,15,100,2020
15,519293,"Smith, Will",8/30/2020,631135,15,100,2020
15,642003,"Reed, Cody",8/9/2020,631297,15,100,2020
15,598287,"Ramirez, Noé",9/5/2020,631440,15,100,2020
15,605388,"Morgan, Adam",9/12/2020,631311,15,100,2020
15,605525,"Wendelken, J.B.",9/11/2020,630909,15,100,2020
15,605359,"Marshall, Evan",9/3/2020,631405,15,100,2020
15,605538,"Wisler, Matt",9/14/2020,631482,15,100,2020
15,592741,"Shreve, Chasen",9/22/2020,631217,15,100,2020
15,606424,"García, Jarlín",9/5/2020,631004,15,100,2020
15,608032,"Estévez, Carlos",9/12/2020,631531,15,100,2020
15,448281,"Doolittle, Sean",8/31/2020,631143,15,100,2020
15,608665,"Graveman, Kendall",9/13/2020,630226,15,100,2020
15,607231,"Gant, John",9/2/2020,631587,15,100,2020
15,607572,"Howard, Sam",9/4/2020,631602,15,100,2020
15,593619,"Tapia, Domingo",9/22/2020,631636,15,100,2020
15,623470,"Newberry, Jake",8/5/2020,631417,15,100,2020
15,607625,"Lugo, Seth",7/31/2020,630275,15,100,2020
15,608032,"Estévez, Carlos",9/4/2020,631345,15,100,2020
15,612434,"Castro, Miguel",9/5/2020,631228,15,100,2020
15,519293,"Smith, Will",9/7/2020,630415,15,100,2020
15,642546,"Hernández, Jonathan",9/15/2020,631433,15,100,2020
15,621142,"Buttrey, Ty",9/2/2020,631379,15,100,2020
15,465657,"Soria, Joakim",8/26/2020,630931,15,100,2020
15,641739,"Kaminsky, Rob",9/12/2020,630988,15,100,2020
15,641851,"McGowin, Kyle",9/11/2020,630873,15,100,2020
15,643338,"Green, Chad",9/13/2020,631187,15,100,2020
15,650671,"Quijada, José",9/11/2020,631530,15,100,2020
15,595014,"Treinen, Blake",9/20/2020,631519,15,100,2020
15,595014,"Treinen, Blake",9/23/2020,631334,15,100,2020
15,503285,"O'Day, Darren",8/16/2020,631324,15,100,2020
15,489265,"Romo, Sergio",8/24/2020,631552,15,100,2020
15,622492,"Mella, Keury",9/5/2020,631004,15,100,2020
15,622492,"Mella, Keury",9/3/2020,631370,15,100,2020
15,596001,"Junis, Jakob",9/23/2020,631380,15,100,2020
15,596720,"Neverauskas, Dovydas",8/5/2020,631140,15,100,2020
15,664126,"Fairbanks, Pete",9/13/2020,630947,15,100,2020
15,664129,"Hartlieb, Geoff",9/11/2020,631399,15,100,2020
15,669060,"Wilson, Bryse",9/14/2020,631677,15,100,2020
15,501789,"Harris, Will",8/26/2020,630853,15,100,2020
15,670990,"Ramírez, Yohan",9/13/2020,630226,15,100,2020
15,424144,"Pérez, Oliver",7/26/2020,631566,15,100,2020
15,641582,"Foster, Matt",9/4/2020,631406,15,100,2020
15,502202,"Boxberger, Brad",8/25/2020,631227,15,100,2020
15,448855,"Guerra, Junior",9/7/2020,631006,15,100,2020
15,605130,"Barlow, Scott",9/21/2020,631402,15,100,2020
15,543507,"May, Trevor",8/16/2020,631252,15,100,2020
15,573124,"Rogers, Taylor",8/6/2020,631148,15,100,2020
15,608717,"Stratton, Chris",8/1/2020,631622,15,100,2020
15,465657,"Soria, Joakim",7/24/2020,631182,15,100,2020
15,605388,"Morgan, Adam",9/20/2020,631128,15,100,2020
15,548384,"Raley, Brooks",8/5/2020,631570,15,100,2020
15,489265,"Romo, Sergio",7/28/2020,631269,15,100,2020
15,673633,"Hirano, Yoshihisa",8/25/2020,631081,15,100,2020
15,518693,"Freeman, Sam",7/27/2020,630861,15,100,2020
15,656322,"Coonrod, Sam",9/4/2020,631003,15,100,2020
15,656322,"Coonrod, Sam",9/5/2020,631004,15,100,2020
15,542585,"Cisnero, José",7/26/2020,631591,15,100,2020
15,521230,"Hendriks, Liam",8/6/2020,631175,15,100,2020
15,519008,"McFarland, T.J.",8/25/2020,630930,15,100,2020
15,542914,"Bass, Anthony",7/26/2020,630968,15,100,2020
15,657044,"Thompson, Ryan",9/4/2020,630954,15,100,2020
15,545064,"Díaz, Jairo",7/25/2020,630942,15,100,2020
15,518813,"Holland, Greg",8/9/2020,631421,15,100,2020
15,554431,"Matzek, Tyler",7/26/2020,631240,15,100,2020
15,542585,"Cisnero, José",8/25/2020,631467,15,100,2020
15,664042,"Lakins Sr., Travis",9/4/2020,631674,15,100,2020
15,664126,"Fairbanks, Pete",9/4/2020,630954,15,100,2020
15,614179,"Ruiz, José",8/15/2020,631508,15,100,2020
15,592222,"Claudio, Alex",7/24/2020,631641,15,100,2020
15,592426,"Jackson, Luke",7/28/2020,630970,15,100,2020
15,670056,"Baragar, Caleb",9/2/2020,631529,15,100,2020
15,594987,"Sadler, Casey",7/26/2020,631643,15,100,2020
15,595465,"Winkler, Dan",7/27/2020,631592,15,100,2020
15,595897,"Burdi, Nick",7/28/2020,631132,15,100,2020
15,598287,"Ramirez, Noé",7/26/2020,631165,15,100,2020
15,445213,"Kintzler, Brandon",8/6/2020,631340,15,100,2020
15,606930,"Barnes, Jacob",7/24/2020,631182,15,100,2020
15,608717,"Stratton, Chris",7/28/2020,631132,15,100,2020
15,621142,"Buttrey, Ty",7/25/2020,631181,15,100,2020
15,475479,"Phelps, David",8/5/2020,631518,15,100,2020
14,542888,"Armstrong, Shawn",9/27/2020,630858,14,100,2020
14,641793,"Littell, Zack",8/17/2020,631258,14,100,2020
14,519151,"Pressly, Ryan",8/20/2020,631523,14,100,2020
14,592473,"Kolarek, Adam",7/23/2020,631377,14,100,2020
14,521230,"Hendriks, Liam",8/21/2020,631186,14,100,2020
14,543867,"Turley, Nik",9/25/2020,631536,14,100,2020
14,542888,"Armstrong, Shawn",8/22/2020,631667,14,100,2020
14,572955,"Johnson, Pierce",8/17/2020,630927,14,100,2020
14,448855,"Guerra, Junior",7/30/2020,630145,14,100,2020
14,544727,"Familia, Jeurys",8/19/2020,631327,14,100,2020
14,554431,"Matzek, Tyler",7/31/2020,630275,14,100,2020
14,548384,"Raley, Brooks",8/23/2020,631080,14,100,2020
14,570488,"Valdez, Phillips",8/20/2020,631684,14,100,2020
14,642397,"Soto, Gregory",8/26/2020,631455,14,100,2020
14,543118,"Drake, Oliver",8/1/2020,630492,14,100,2020
14,623465,"Phillips, Evan",8/2/2020,630493,14,100,2020
14,572955,"Johnson, Pierce",8/20/2020,631077,14,100,2020
14,642770,"Guerra, Javy",8/25/2020,631081,14,100,2020
14,543339,"Hudson, Daniel",8/4/2020,630874,14,100,2020
14,663432,"Rainey, Tanner",8/4/2020,630874,14,100,2020
14,642130,"Taylor, Blake",8/16/2020,631450,14,100,2020
14,518693,"Freeman, Sam",7/30/2020,630917,14,100,2020
14,592233,"Crichton, Stefan",7/29/2020,630940,14,100,2020
14,593833,"Suero, Wander",8/22/2020,631341,14,100,2020
14,573204,"Thielbar, Caleb",9/27/2020,631244,14,100,2020
14,594840,"Grace, Matt",8/22/2020,631028,14,100,2020
14,650530,"Garcia, Bryan",8/26/2020,631455,14,100,2020
14,592222,"Claudio, Alex",9/25/2020,631292,14,100,2020
14,607555,"Guilbeau, Taylor",8/4/2020,631057,14,100,2020
14,622772,"Cordero, Jimmy",8/12/2020,631475,14,100,2020
14,433589,"Petit, Yusmeiro",8/4/2020,631173,14,100,2020
14,593974,"Peralta, Wandy",9/26/2020,631016,14,100,2020
14,594577,"Mayers, Mike",9/25/2020,631336,14,100,2020
14,518489,"Brasier, Ryan",8/1/2020,631224,14,100,2020
14,650530,"Garcia, Bryan",8/12/2020,631475,14,100,2020
14,596001,"Junis, Jakob",9/25/2020,631383,14,100,2020
14,608648,"Duffey, Tyler",7/31/2020,631272,14,100,2020
14,605130,"Barlow, Scott",9/27/2020,631386,14,100,2020
14,605138,"Benjamin, Wes",9/27/2020,630915,14,100,2020
14,622251,"Staumont, Josh",8/19/2020,631422,14,100,2020
14,606424,"García, Jarlín",9/25/2020,631059,14,100,2020
14,606930,"Barnes, Jacob",9/27/2020,631338,14,100,2020
14,641672,"Hatch, Thomas",8/21/2020,630960,14,100,2020
14,608334,"Fulmer, Carson",7/30/2020,631494,14,100,2020
14,667465,"Fletcher, Aaron",8/25/2020,631081,14,100,2020
14,424144,"Pérez, Oliver",8/3/2020,631596,14,100,2020
14,643511,"Rogers, Tyler",8/23/2020,631029,14,100,2020
14,593140,"Feliz, Michael",8/1/2020,631622,14,100,2020
14,650893,"Cabrera, Génesis",8/23/2020,630976,14,100,2020
14,650895,"Castillo, Diego",8/21/2020,630960,14,100,2020
14,424144,"Pérez, Oliver",8/12/2020,631568,14,100,2020
14,433589,"Petit, Yusmeiro",8/10/2020,631395,14,100,2020
14,453268,"Bard, Daniel",8/14/2020,631516,14,100,2020
14,453284,"Parker, Blake",8/14/2020,631150,14,100,2020
14,458708,"Tomlin, Josh",8/11/2020,631192,14,100,2020
14,657612,"Hill, Tim",8/23/2020,631080,14,100,2020
14,518693,"Freeman, Sam",8/12/2020,631232,14,100,2020
14,543507,"May, Trevor",8/10/2020,631298,14,100,2020
14,640448,"Finnegan, Kyle",9/24/2020,630893,14,100,2020
14,676604,"Zuber, Tyler",8/23/2020,631412,14,100,2020
14,641401,"Brogdon, Connor",9/25/2020,630938,14,100,2020
14,448855,"Guerra, Junior",9/6/2020,631005,14,100,2020
14,595918,"Cole, A.J.",8/14/2020,630903,14,100,2020
14,641941,"Pagán, Emilio",9/25/2020,631059,14,100,2020
14,641793,"Littell, Zack",8/20/2020,631248,14,100,2020
14,502748,"Peacock, Brad",9/8/2020,631160,14,100,2020
14,503285,"O'Day, Darren",9/6/2020,630491,14,100,2020
14,621242,"Díaz, Edwin",8/11/2020,631243,14,100,2020
14,621366,"Borucki, Ryan",8/12/2020,630902,14,100,2020
14,518617,"Diekman, Jake",9/8/2020,631429,14,100,2020
14,518858,"Jones, Nate",9/6/2020,631116,14,100,2020
14,593974,"Peralta, Wandy",8/15/2020,631023,14,100,2020
14,642546,"Hernández, Jonathan",8/11/2020,630924,14,100,2020
14,594577,"Mayers, Mike",8/17/2020,631365,14,100,2020
14,453265,"Watson, Tony",8/23/2020,631029,14,100,2020
14,650530,"Garcia, Bryan",8/10/2020,631473,14,100,2020
14,656186,"Altavilla, Dan",8/11/2020,630924,14,100,2020
14,624586,"Hoyt, James",8/29/2020,631319,14,100,2020
14,489334,"Stammen, Craig",9/22/2020,631064,14,100,2020
14,657044,"Thompson, Ryan",9/25/2020,630938,14,100,2020
14,660813,"Graterol, Brusdar",9/27/2020,631338,14,100,2020
14,502026,"Jeffress, Jeremy",9/21/2020,631087,14,100,2020
14,573124,"Rogers, Taylor",9/7/2020,631255,14,100,2020
14,502202,"Boxberger, Brad",9/19/2020,631317,14,100,2020
14,592644,"Plutko, Adam",9/10/2020,631561,14,100,2020
14,664208,"Maton, Phil",9/27/2020,631538,14,100,2020
14,518813,"Holland, Greg",9/21/2020,631402,14,100,2020
14,606149,"Gallegos, Giovanny",9/6/2020,631604,14,100,2020
14,519141,"Pomeranz, Drew",9/23/2020,631065,14,100,2020
14,606930,"Barnes, Jacob",9/9/2020,630925,14,100,2020
14,519151,"Pressly, Ryan",9/20/2020,631424,14,100,2020
14,592169,"Brice, Austin",9/8/2020,631152,14,100,2020
14,621142,"Buttrey, Ty",9/6/2020,631359,14,100,2020
14,664208,"Maton, Phil",8/18/2020,631114,14,100,2020
14,501789,"Harris, Will",9/21/2020,630884,14,100,2020
14,621295,"Wittgren, Nick",9/9/2020,631560,14,100,2020
14,621345,"Minter, A.J.",9/7/2020,630415,14,100,2020
14,657612,"Hill, Tim",8/11/2020,631347,14,100,2020
14,453343,"Melancon, Mark",9/2/2020,631624,14,100,2020
14,622492,"Mella, Keury",9/7/2020,631006,14,100,2020
14,488984,"Hunter, Tommy",9/3/2020,631146,14,100,2020
14,542914,"Bass, Anthony",9/20/2020,631128,14,100,2020
14,501789,"Harris, Will",9/3/2020,631146,14,100,2020
14,650530,"Garcia, Bryan",9/6/2020,631254,14,100,2020
14,670056,"Baragar, Caleb",8/18/2020,631366,14,100,2020
14,453178,"Kennedy, Ian",8/17/2020,631258,14,100,2020
14,519151,"Pressly, Ryan",9/2/2020,631431,14,100,2020
14,519443,"Workman, Brandon",9/4/2020,631221,14,100,2020
14,545064,"Díaz, Jairo",9/22/2020,631010,14,100,2020
14,542947,"Bleier, Richard",9/5/2020,630955,14,100,2020
14,519008,"McFarland, T.J.",9/6/2020,631158,14,100,2020
14,503569,"Dolis, Rafael",9/6/2020,631626,14,100,2020
14,664854,"Helsley, Ryan",9/8/2020,630983,14,100,2020
14,664948,"Misiewicz, Anthony",9/8/2020,631007,14,100,2020
14,489265,"Romo, Sergio",9/8/2020,630983,14,100,2020
14,598287,"Ramirez, Noé",8/17/2020,631365,14,100,2020
14,672335,"Pérez, Cionel",9/9/2020,631161,14,100,2020
14,605130,"Barlow, Scott",8/15/2020,631280,14,100,2020
14,554340,"García, Yimi",9/2/2020,631308,14,100,2020
14,676604,"Zuber, Tyler",9/7/2020,631558,14,100,2020
14,453192,"Miller, Andrew",9/13/2020,630961,14,100,2020
14,545064,"Díaz, Jairo",8/11/2020,631547,14,100,2020
14,571656,"Farmer, Buck",9/5/2020,631264,14,100,2020
14,455119,"Martin, Chris",9/11/2020,630873,14,100,2020
14,518886,"Kimbrel, Craig",9/11/2020,631284,14,100,2020
14,542914,"Bass, Anthony",8/17/2020,631678,14,100,2020
14,476454,"Betances, Dellin",8/12/2020,631232,14,100,2020
14,547973,"Chapman, Aroldis",9/12/2020,631185,14,100,2020
14,554431,"Matzek, Tyler",9/13/2020,630883,14,100,2020
14,592499,"Lewicki, Artie",9/3/2020,631370,14,100,2020
14,445276,"Jansen, Kenley",8/25/2020,631015,14,100,2020
14,435522,"Walker, Neil",8/13/2020,631142,14,100,2020
14,598264,"Barnes, Matt",9/3/2020,631614,14,100,2020
14,453178,"Kennedy, Ian",8/25/2020,630978,14,100,2020
14,605488,"Springs, Jeffrey",9/12/2020,630959,14,100,2020
14,493603,"Ottavino, Adam",8/16/2020,631198,14,100,2020
14,607560,"Harper, Ryne",9/11/2020,630873,14,100,2020
14,608334,"Fulmer, Carson",9/11/2020,631183,14,100,2020
14,608648,"Duffey, Tyler",9/12/2020,631257,14,100,2020
14,607237,"Garrett, Amir",9/2/2020,631587,14,100,2020
14,642152,"Trivino, Lou",8/22/2020,631154,14,100,2020
14,595014,"Treinen, Blake",7/29/2020,631444,14,100,2020
14,605388,"Morgan, Adam",8/16/2020,631124,14,100,2020
14,621142,"Buttrey, Ty",9/12/2020,631531,14,100,2020
14,622251,"Staumont, Josh",9/12/2020,631400,14,100,2020
14,622253,"Tate, Dillon",9/12/2020,631185,14,100,2020
14,608648,"Duffey, Tyler",9/4/2020,631262,14,100,2020
14,641576,"Flores Jr., Bernardo",9/12/2020,631495,14,100,2020
14,643778,"Webb, Tyler",9/12/2020,630988,14,100,2020
14,675916,"Karinchak, James",9/11/2020,631256,14,100,2020
14,571948,"Milner, Hoby",7/31/2020,631391,14,100,2020
14,641341,"Bashlor, Tyler",9/4/2020,631113,14,100,2020
14,445213,"Kintzler, Brandon",7/26/2020,631126,14,100,2020
14,448281,"Doolittle, Sean",7/28/2020,630866,14,100,2020
14,451584,"Davis, Wade",7/26/2020,630943,14,100,2020
14,519008,"McFarland, T.J.",8/4/2020,631173,14,100,2020
14,605177,"Chafin, Andrew",9/22/2020,631088,14,100,2020
14,518489,"Brasier, Ryan",8/25/2020,630862,14,100,2020
14,642207,"Williams, Devin",9/2/2020,631283,14,100,2020
14,605501,"Tarpley, Stephen",9/23/2020,630554,14,100,2020
14,642152,"Trivino, Lou",8/3/2020,631070,14,100,2020
14,641627,"Gott, Trevor",8/1/2020,631020,14,100,2020
14,502154,"Britton, Zack",7/26/2020,630856,14,100,2020
14,606930,"Barnes, Jacob",8/16/2020,631364,14,100,2020
14,519141,"Pomeranz, Drew",7/24/2020,631091,14,100,2020
14,519141,"Pomeranz, Drew",7/28/2020,631014,14,100,2020
14,532077,"Osuna, Roberto",7/27/2020,631442,14,100,2020
14,543118,"Drake, Oliver",7/25/2020,630967,14,100,2020
14,657031,"Taylor, Josh",9/4/2020,630865,14,100,2020
14,657612,"Hill, Tim",9/2/2020,631379,14,100,2020
14,572096,"Rosenthal, Trevor",9/26/2020,631016,14,100,2020
14,608349,"Knebel, Corey",9/23/2020,631583,14,100,2020
14,571656,"Farmer, Buck",7/24/2020,631589,14,100,2020
14,534910,"Hahn, Jesse",8/25/2020,630978,14,100,2020
14,663432,"Rainey, Tanner",9/2/2020,631145,14,100,2020
14,542947,"Bleier, Richard",7/30/2020,630496,14,100,2020
14,664042,"Lakins Sr., Travis",9/2/2020,631673,14,100,2020
14,580792,"Goody, Nick",7/25/2020,630942,14,100,2020
14,608717,"Stratton, Chris",9/19/2020,631147,14,100,2020
14,607625,"Lugo, Seth",8/16/2020,631124,14,100,2020
14,622098,"Smith, Drew",8/2/2020,630280,14,100,2020
14,592390,"Hembree, Heath",7/25/2020,631666,14,100,2020
14,592833,"Wahl, Bobby",7/28/2020,631132,14,100,2020
14,592865,"Williams, Taylor",7/25/2020,631453,14,100,2020
14,594986,"Ryan, Kyle",7/28/2020,631593,14,100,2020
14,543272,"Hand, Brad",8/25/2020,631553,14,100,2020
14,676051,"Heuer, Codi",9/2/2020,631253,14,100,2020
14,621142,"Buttrey, Ty",9/20/2020,631375,14,100,2020
14,596027,"Maples, Dillon",7/25/2020,631642,14,100,2020
14,676051,"Heuer, Codi",8/28/2020,631501,14,100,2020
14,665621,"García, Rony",9/1/2020,631287,14,100,2020
14,676604,"Zuber, Tyler",9/3/2020,631405,14,100,2020
14,543483,"Magill, Matt",8/27/2020,631083,14,100,2020
14,605151,"Bradley, Archie",7/28/2020,630944,14,100,2020
14,605177,"Chafin, Andrew",7/26/2020,631097,14,100,2020
14,502202,"Boxberger, Brad",8/21/2020,630886,14,100,2020
14,621295,"Wittgren, Nick",9/21/2020,631562,14,100,2020
14,605359,"Marshall, Evan",7/28/2020,631567,14,100,2020
14,543883,"Vincent, Nick",8/26/2020,631226,14,100,2020
14,606930,"Barnes, Jacob",7/28/2020,631387,14,100,2020
14,607481,"Bummer, Aaron",7/25/2020,631515,14,100,2020
14,607560,"Harper, Ryne",7/27/2020,630861,14,100,2020
14,457915,"Guerra, Javy",8/5/2020,630878,14,100,2020
14,608717,"Stratton, Chris",7/25/2020,630992,14,100,2020
14,622492,"Mella, Keury",9/19/2020,631437,14,100,2020
14,641739,"Kaminsky, Rob",8/17/2020,630996,14,100,2020
14,621295,"Wittgren, Nick",7/24/2020,631563,14,100,2020
14,640448,"Finnegan, Kyle",8/24/2020,630898,14,100,2020
14,628452,"Iglesias, Raisel",8/27/2020,631303,14,100,2020
14,656322,"Coonrod, Sam",8/30/2020,630219,14,100,2020
14,664139,"Gibaut, Ian",7/26/2020,630943,14,100,2020
14,605347,"López, Jorge",8/25/2020,630951,14,100,2020
14,542888,"Armstrong, Shawn",9/24/2020,631640,14,100,2020
14,570666,"Cessa, Luis",8/26/2020,630361,14,100,2020
14,623433,"Anderson, Nick",7/25/2020,630967,14,100,2020
14,503569,"Dolis, Rafael",8/6/2020,630313,14,100,2020
14,606299,"Peraza, José",8/13/2020,631650,14,100,2020
14,642130,"Taylor, Blake",7/26/2020,631441,14,100,2020
14,518693,"Freeman, Sam",8/9/2020,630882,14,100,2020
14,521230,"Hendriks, Liam",8/8/2020,631177,14,100,2020
14,641729,"Jiménez, Joe",9/22/2020,631251,14,100,2020
14,657571,"Ferguson, Caleb",7/28/2020,631443,14,100,2020
14,660600,"Paredes, Enoli",7/28/2020,631443,14,100,2020
14,592865,"Williams, Taylor",7/31/2020,631066,14,100,2020
14,641755,"Kinley, Tyler",9/21/2020,631009,14,100,2020
14,670329,"Garcia, Rico",7/26/2020,631384,14,100,2020
14,547179,"Lorenzen, Michael",8/5/2020,631570,14,100,2020
14,681911,"Vesia, Alex",7/25/2020,631108,14,100,2020
14,642546,"Hernández, Jonathan",9/23/2020,630263,14,100,2020
14,643316,"Fry, Paul",9/22/2020,631636,14,100,2020
14,572096,"Rosenthal, Trevor",8/7/2020,631419,14,100,2020
14,517008,"Colomé, Alex",9/17/2020,631485,14,100,2020
14,650382,"Hernández, Darwinzon",9/22/2020,631636,14,100,2020
14,519151,"Pressly, Ryan",9/15/2020,631433,14,100,2020
14,543867,"Turley, Nik",9/16/2020,631575,14,100,2020
14,571670,"Floro, Dylan",9/17/2020,631510,14,100,2020
14,656685,"Martin, Brett",9/23/2020,630263,14,100,2020
14,621295,"Wittgren, Nick",8/15/2020,631477,14,100,2020
14,592473,"Kolarek, Adam",9/16/2020,631063,14,100,2020
14,657044,"Thompson, Ryan",9/21/2020,631216,14,100,2020
14,595014,"Treinen, Blake",8/25/2020,631015,14,100,2020
14,543339,"Hudson, Daniel",9/8/2020,630867,14,100,2020
14,660600,"Paredes, Enoli",9/22/2020,631039,14,100,2020
14,605447,"Romano, Jordan",8/6/2020,630313,14,100,2020
14,622075,"Almonte, Yency",8/15/2020,631533,14,100,2020
14,623437,"Topa, Justin",9/18/2020,631266,14,100,2020
14,607572,"Howard, Sam",8/8/2020,631106,14,100,2020
14,624647,"González, Victor",9/16/2020,631063,14,100,2020
14,663770,"Evans, Demarcus",9/23/2020,630263,14,100,2020
14,608344,"Irvin, Cole",8/9/2020,631136,14,100,2020
14,656186,"Altavilla, Dan",9/16/2020,631063,14,100,2020
14,621242,"Díaz, Edwin",8/7/2020,631237,14,100,2020
14,656945,"Scott, Tanner",9/16/2020,631659,14,100,2020
14,657097,"Webb, Jacob",9/16/2020,631659,14,100,2020
14,621366,"Borucki, Ryan",8/9/2020,631630,14,100,2020
14,664208,"Maton, Phil",9/16/2020,631619,14,100,2020
14,664977,"Cederlind, Blake",9/15/2020,631574,14,100,2020
14,650530,"Garcia, Bryan",9/15/2020,631462,14,100,2020
14,669289,"Espinal, Santiago",9/15/2020,631195,14,100,2020
14,448855,"Guerra, Junior",8/29/2020,630217,14,100,2020
14,453284,"Parker, Blake",8/28/2020,631125,14,100,2020
14,628452,"Iglesias, Raisel",8/3/2020,631596,14,100,2020
14,455119,"Martin, Chris",8/28/2020,631125,14,100,2020
14,676051,"Heuer, Codi",9/19/2020,631577,14,100,2020
14,607179,"Weems, Jordan",8/25/2020,630930,14,100,2020
14,571710,"Givens, Mychal",8/18/2020,631681,14,100,2020
14,621141,"Lockett, Walker",9/16/2020,631032,14,100,2020
14,493603,"Ottavino, Adam",8/28/2020,631230,14,100,2020
14,503285,"O'Day, Darren",8/28/2020,631125,14,100,2020
14,598264,"Barnes, Matt",9/17/2020,631313,14,100,2020
14,503569,"Dolis, Rafael",8/28/2020,630871,14,100,2020
14,517008,"Colomé, Alex",8/31/2020,631247,14,100,2020
14,656685,"Martin, Brett",9/19/2020,631372,14,100,2020
14,518489,"Brasier, Ryan",8/29/2020,631654,14,100,2020
14,542914,"Bass, Anthony",8/28/2020,630871,14,100,2020
14,650895,"Castillo, Diego",8/7/2020,630974,14,100,2020
14,445276,"Jansen, Kenley",9/24/2020,631335,14,100,2020
14,547973,"Chapman, Aroldis",8/29/2020,631204,14,100,2020
14,570240,"Peña, Félix",8/31/2020,631374,14,100,2020
14,656685,"Martin, Brett",8/7/2020,630920,14,100,2020
14,608718,"Suter, Brent",8/25/2020,631302,14,100,2020
14,571670,"Floro, Dylan",8/28/2020,630933,14,100,2020
14,656945,"Scott, Tanner",8/9/2020,630882,14,100,2020
14,656977,"Sobotka, Chad",8/9/2020,631131,14,100,2020
14,592169,"Brice, Austin",8/30/2020,631655,14,100,2020
14,572383,"Moran, Brian",8/9/2020,631235,14,100,2020
14,445213,"Kintzler, Brandon",9/16/2020,631315,14,100,2020
14,455119,"Martin, Chris",9/25/2020,630569,14,100,2020
14,657624,"James, Josh",8/7/2020,631176,14,100,2020
14,543272,"Hand, Brad",8/5/2020,631570,14,100,2020
14,592804,"Thornburg, Tyler",8/29/2020,631595,14,100,2020
14,458708,"Tomlin, Josh",9/27/2020,630573,14,100,2020
14,594577,"Mayers, Mike",8/31/2020,631374,14,100,2020
14,664139,"Gibaut, Ian",8/7/2020,630920,14,100,2020
14,605488,"Springs, Jeffrey",8/4/2020,630971,14,100,2020
14,664208,"Maton, Phil",8/8/2020,631503,14,100,2020
14,650530,"Garcia, Bryan",7/25/2020,631603,14,100,2020
14,621295,"Wittgren, Nick",8/24/2020,631552,14,100,2020
14,668687,"Scrubb, Andre",8/7/2020,631176,14,100,2020
14,605488,"Springs, Jeffrey",9/1/2020,631657,14,100,2020
14,605538,"Wisler, Matt",9/1/2020,631261,14,100,2020
14,641853,"McKay, David",7/24/2020,631589,14,100,2020
14,607481,"Bummer, Aaron",8/4/2020,631294,14,100,2020
14,424144,"Pérez, Oliver",8/20/2020,631118,14,100,2020
14,621242,"Díaz, Edwin",8/31/2020,631223,14,100,2020
14,433589,"Petit, Yusmeiro",8/20/2020,631180,14,100,2020
14,493603,"Ottavino, Adam",8/8/2020,630962,14,100,2020
14,433589,"Petit, Yusmeiro",8/19/2020,631179,14,100,2020
14,621345,"Minter, A.J.",9/1/2020,631657,14,100,2020
14,503285,"O'Day, Darren",9/27/2020,630573,14,100,2020
14,621381,"Strahm, Matt",8/28/2020,631524,14,100,2020
14,622251,"Staumont, Josh",8/28/2020,631501,14,100,2020
14,622786,"Tinoco, Jesus",8/29/2020,631319,14,100,2020
14,455119,"Martin, Chris",8/23/2020,630273,14,100,2020
14,640448,"Finnegan, Kyle",8/28/2020,631653,14,100,2020
14,459429,"McGee, Jake",8/20/2020,631049,14,100,2020
14,623474,"Herget, Jimmy",8/25/2020,630930,14,100,2020
14,475054,"Roe, Chaz",8/19/2020,631201,14,100,2020
13,488984,"Hunter, Tommy",8/8/2020,631133,13,100,2020
13,595014,"Treinen, Blake",8/14/2020,631381,13,100,2020
13,621242,"Díaz, Edwin",7/24/2020,631242,13,100,2020
13,518813,"Holland, Greg",8/29/2020,631502,13,100,2020
13,465657,"Soria, Joakim",9/23/2020,631334,13,100,2020
13,621237,"Alvarado, José",7/27/2020,630969,13,100,2020
13,501625,"Alvarez, Jose",8/8/2020,631133,13,100,2020
13,502026,"Jeffress, Jeremy",8/5/2020,631417,13,100,2020
13,640448,"Finnegan, Kyle",7/25/2020,630899,13,100,2020
13,641627,"Gott, Trevor",7/25/2020,631382,13,100,2020
13,641755,"Kinley, Tyler",7/28/2020,631171,13,100,2020
13,571901,"Loup, Aaron",8/24/2020,630950,13,100,2020
13,643316,"Fry, Paul",7/25/2020,631666,13,100,2020
13,519008,"McFarland, T.J.",8/5/2020,631174,13,100,2020
13,656464,"Ginkel, Kevin",7/26/2020,631097,13,100,2020
13,656803,"Norwood, James",7/27/2020,631592,13,100,2020
13,663432,"Rainey, Tanner",7/28/2020,630866,13,100,2020
13,664139,"Gibaut, Ian",7/25/2020,630942,13,100,2020
13,669064,"Bailey, Brandon",7/26/2020,631441,13,100,2020
13,676051,"Heuer, Codi",7/28/2020,631573,13,100,2020
13,676831,"Whitley, Kodi",7/26/2020,630993,13,100,2020
13,493603,"Ottavino, Adam",9/21/2020,630876,13,100,2020
13,424144,"Pérez, Oliver",9/16/2020,631619,13,100,2020
13,570257,"Rodríguez, Joely",8/6/2020,631175,13,100,2020
13,453943,"Frazier, Todd",9/18/2020,631213,13,100,2020
13,458677,"Wilson, Justin",9/16/2020,631119,13,100,2020
13,458677,"Wilson, Justin",9/17/2020,631117,13,100,2020
13,493603,"Ottavino, Adam",9/17/2020,631190,13,100,2020
13,518489,"Brasier, Ryan",9/17/2020,631313,13,100,2020
13,519443,"Workman, Brandon",9/17/2020,631117,13,100,2020
13,545064,"Díaz, Jairo",9/17/2020,631510,13,100,2020
13,548384,"Raley, Brooks",9/15/2020,631433,13,100,2020
13,571656,"Farmer, Buck",9/18/2020,631465,13,100,2020
13,593974,"Peralta, Wandy",8/7/2020,631358,13,100,2020
13,571901,"Loup, Aaron",9/18/2020,631661,13,100,2020
13,571948,"Milner, Hoby",9/18/2020,631367,13,100,2020
13,572096,"Rosenthal, Trevor",9/18/2020,631040,13,100,2020
13,592233,"Crichton, Stefan",9/15/2020,631360,13,100,2020
13,595465,"Winkler, Dan",8/6/2020,631425,13,100,2020
13,595014,"Treinen, Blake",8/27/2020,631001,13,100,2020
13,595411,"Sherriff, Ryan",9/15/2020,630936,13,100,2020
13,570488,"Valdez, Phillips",8/15/2020,631197,13,100,2020
13,607572,"Howard, Sam",9/16/2020,631575,13,100,2020
13,622492,"Mella, Keury",9/15/2020,631360,13,100,2020
13,663465,"Allard, Kolby",9/20/2020,631375,13,100,2020
13,607229,"Gsellman, Robert",8/8/2020,631236,13,100,2020
13,622786,"Tinoco, Jesus",9/17/2020,631510,13,100,2020
13,607555,"Guilbeau, Taylor",8/6/2020,631042,13,100,2020
13,640451,"Harvey, Hunter",9/16/2020,631659,13,100,2020
13,607625,"Lugo, Seth",8/9/2020,631235,13,100,2020
13,622503,"Crismatt, Nabil",8/17/2020,630996,13,100,2020
13,642121,"Sulser, Cole",9/17/2020,630953,13,100,2020
13,642233,"Yardley, Eric",9/16/2020,631289,13,100,2020
13,656793,"Nelson, Nick",9/16/2020,631189,13,100,2020
13,621295,"Wittgren, Nick",8/9/2020,631506,13,100,2020
13,622065,"Young, Alex",8/6/2020,630111,13,100,2020
13,675916,"Karinchak, James",9/16/2020,631619,13,100,2020
13,676979,"Crochet, Garrett",9/18/2020,631576,13,100,2020
13,628452,"Iglesias, Raisel",8/8/2020,631296,13,100,2020
13,448855,"Guerra, Junior",8/30/2020,630219,13,100,2020
13,607237,"Garrett, Amir",8/25/2020,631302,13,100,2020
13,501789,"Harris, Will",8/29/2020,631654,13,100,2020
13,642546,"Hernández, Jonathan",8/9/2020,630922,13,100,2020
13,608328,"De Jong, Chase",8/25/2020,631426,13,100,2020
13,519293,"Smith, Will",8/28/2020,631125,13,100,2020
13,643511,"Rogers, Tyler",8/9/2020,631373,13,100,2020
13,547973,"Chapman, Aroldis",9/1/2020,631207,13,100,2020
13,608717,"Stratton, Chris",8/27/2020,630999,13,100,2020
13,608032,"Estévez, Carlos",8/25/2020,630194,13,100,2020
13,657571,"Ferguson, Caleb",8/5/2020,631085,13,100,2020
13,621242,"Díaz, Edwin",8/26/2020,631226,13,100,2020
13,592858,"Wick, Rowan",9/1/2020,631109,13,100,2020
13,593576,"Neris, Héctor",8/28/2020,631125,13,100,2020
13,461325,"Clippard, Tyler",9/26/2020,631245,13,100,2020
13,641420,"Burdi, Zack",8/17/2020,631493,13,100,2020
13,664208,"Maton, Phil",8/6/2020,631571,13,100,2020
13,605240,"Fry, Jace",8/30/2020,631505,13,100,2020
13,670056,"Baragar, Caleb",8/5/2020,631544,13,100,2020
13,670056,"Baragar, Caleb",8/6/2020,631545,13,100,2020
13,670329,"Garcia, Rico",8/6/2020,631545,13,100,2020
13,607067,"Rea, Colin",9/1/2020,631109,13,100,2020
13,502026,"Jeffress, Jeremy",9/26/2020,631487,13,100,2020
13,608678,"Leone, Dominic",9/1/2020,631416,13,100,2020
13,621142,"Buttrey, Ty",8/28/2020,631394,13,100,2020
13,621366,"Borucki, Ryan",8/31/2020,630900,13,100,2020
13,622772,"Cordero, Jimmy",8/26/2020,631500,13,100,2020
13,453192,"Miller, Andrew",8/19/2020,630997,13,100,2020
13,446321,"Detwiler, Ross",8/15/2020,631508,13,100,2020
13,453265,"Watson, Tony",8/19/2020,631025,13,100,2020
13,455119,"Martin, Chris",8/21/2020,630324,13,100,2020
13,489265,"Romo, Sergio",8/20/2020,631248,13,100,2020
13,572383,"Moran, Brian",8/16/2020,631324,13,100,2020
13,543118,"Drake, Oliver",9/27/2020,630945,13,100,2020
13,543272,"Hand, Brad",9/27/2020,631538,13,100,2020
13,519008,"McFarland, T.J.",8/21/2020,631186,13,100,2020
13,670990,"Ramírez, Yohan",8/30/2020,631371,13,100,2020
13,543208,"Gaviglio, Sam",8/23/2020,630949,13,100,2020
13,664042,"Lakins Sr., Travis",8/12/2020,631141,13,100,2020
13,523260,"Kelly, Joe",7/31/2020,630201,13,100,2020
13,621345,"Minter, A.J.",7/29/2020,630272,13,100,2020
13,623149,"Sewald, Paul",7/31/2020,630275,13,100,2020
13,570488,"Valdez, Phillips",9/24/2020,631640,13,100,2020
13,642546,"Hernández, Jonathan",8/26/2020,630931,13,100,2020
13,571901,"Loup, Aaron",8/23/2020,630949,13,100,2020
13,573204,"Thielbar, Caleb",8/18/2020,631260,13,100,2020
13,656354,"Davis, Austin",8/13/2020,631142,13,100,2020
13,542914,"Bass, Anthony",7/29/2020,630916,13,100,2020
13,572703,"Bard, Luke",9/26/2020,631337,13,100,2020
13,595918,"Cole, A.J.",8/23/2020,630949,13,100,2020
13,641312,"Anderson, Shaun",7/29/2020,631033,13,100,2020
13,543483,"Magill, Matt",8/4/2020,631057,13,100,2020
13,598264,"Barnes, Matt",8/21/2020,631665,13,100,2020
13,680702,"Gerber, Joey",8/4/2020,631057,13,100,2020
13,572143,"Smith, Burch",7/31/2020,631066,13,100,2020
13,521230,"Hendriks, Liam",8/1/2020,631067,13,100,2020
13,592644,"Plutko, Adam",9/25/2020,631536,13,100,2020
13,641941,"Pagán, Emilio",8/3/2020,631090,13,100,2020
13,642207,"Williams, Devin",7/29/2020,631137,13,100,2020
13,518553,"Cishek, Steve",9/9/2020,631100,13,100,2020
13,544727,"Familia, Jeurys",7/30/2020,631238,13,100,2020
13,592222,"Claudio, Alex",8/15/2020,631611,13,100,2020
13,489265,"Romo, Sergio",7/29/2020,631270,13,100,2020
13,608678,"Leone, Dominic",7/31/2020,631272,13,100,2020
13,657611,"Hill, Cam",7/31/2020,631272,13,100,2020
13,573124,"Rogers, Taylor",8/1/2020,631273,13,100,2020
13,615698,"Quantrill, Cal",8/23/2020,631080,13,100,2020
13,621129,"Cody, Kyle",8/21/2020,631050,13,100,2020
13,519008,"McFarland, T.J.",8/17/2020,630118,13,100,2020
13,621366,"Borucki, Ryan",8/23/2020,630949,13,100,2020
13,598287,"Ramirez, Noé",7/31/2020,631391,13,100,2020
13,606930,"Barnes, Jacob",7/31/2020,631391,13,100,2020
13,605482,"Sneed, Cy",8/1/2020,631392,13,100,2020
13,623433,"Anderson, Nick",8/19/2020,631201,13,100,2020
13,518813,"Holland, Greg",7/31/2020,631410,13,100,2020
13,571656,"Farmer, Buck",7/31/2020,631480,13,100,2020
13,641793,"Littell, Zack",8/21/2020,631409,13,100,2020
13,670167,"Schreiber, John",7/29/2020,631492,13,100,2020
13,641941,"Pagán, Emilio",8/23/2020,631080,13,100,2020
13,608371,"Sims, Lucas",9/25/2020,631246,13,100,2020
13,642840,"Harvey, Joe",8/20/2020,631523,13,100,2020
13,543272,"Hand, Brad",8/4/2020,631597,13,100,2020
13,592858,"Wick, Rowan",8/1/2020,631622,13,100,2020
13,622251,"Staumont, Josh",8/3/2020,631645,13,100,2020
13,445213,"Kintzler, Brandon",8/12/2020,630902,13,100,2020
13,475479,"Phelps, David",8/11/2020,631299,13,100,2020
13,501593,"Avilán, Luis",8/12/2020,631208,13,100,2020
13,502154,"Britton, Zack",8/12/2020,631208,13,100,2020
13,519008,"McFarland, T.J.",8/14/2020,631022,13,100,2020
13,521230,"Hendriks, Liam",8/14/2020,631022,13,100,2020
13,521230,"Hendriks, Liam",8/12/2020,631397,13,100,2020
13,543766,"Shaw, Bryan",8/11/2020,630924,13,100,2020
13,624586,"Hoyt, James",9/24/2020,631685,13,100,2020
13,667465,"Fletcher, Aaron",8/22/2020,631051,13,100,2020
13,670056,"Baragar, Caleb",8/23/2020,631029,13,100,2020
13,518397,"Alexander, Scott",8/12/2020,631350,13,100,2020
13,670056,"Baragar, Caleb",8/19/2020,631025,13,100,2020
13,571710,"Givens, Mychal",8/11/2020,631139,13,100,2020
13,675916,"Karinchak, James",8/22/2020,631564,13,100,2020
13,592229,"Covey, Dylan",8/10/2020,631631,13,100,2020
13,448855,"Guerra, Junior",8/10/2020,631546,13,100,2020
13,592407,"Holaday, Bryan",8/14/2020,631683,13,100,2020
13,641729,"Jiménez, Joe",9/27/2020,631386,13,100,2020
13,656546,"Hoffman, Jeff",8/17/2020,631451,13,100,2020
13,641755,"Kinley, Tyler",8/23/2020,631354,13,100,2020
13,502026,"Jeffress, Jeremy",8/4/2020,631608,13,100,2020
13,502026,"Jeffress, Jeremy",9/8/2020,631615,13,100,2020
13,502202,"Boxberger, Brad",9/6/2020,630956,13,100,2020
13,621237,"Alvarado, José",8/10/2020,631631,13,100,2020
13,657571,"Ferguson, Caleb",8/15/2020,631363,13,100,2020
13,518886,"Kimbrel, Craig",9/6/2020,631604,13,100,2020
13,650530,"Garcia, Bryan",9/26/2020,631385,13,100,2020
13,519151,"Pressly, Ryan",9/9/2020,631161,13,100,2020
13,572096,"Rosenthal, Trevor",7/31/2020,631410,13,100,2020
13,521230,"Hendriks, Liam",9/8/2020,631429,13,100,2020
13,643316,"Fry, Paul",8/13/2020,631142,13,100,2020
13,605538,"Wisler, Matt",9/27/2020,631244,13,100,2020
13,643511,"Rogers, Tyler",8/11/2020,631446,13,100,2020
13,542947,"Bleier, Richard",9/10/2020,631309,13,100,2020
13,605177,"Chafin, Andrew",9/25/2020,631486,13,100,2020
13,657044,"Thompson, Ryan",8/14/2020,630903,13,100,2020
13,657571,"Ferguson, Caleb",8/10/2020,631346,13,100,2020
13,657611,"Hill, Cam",8/14/2020,631476,13,100,2020
13,656420,"Feyereisen, J.P.",9/25/2020,631292,13,100,2020
13,663432,"Rainey, Tanner",8/11/2020,631243,13,100,2020
13,544727,"Familia, Jeurys",9/7/2020,631225,13,100,2020
13,544727,"Familia, Jeurys",9/9/2020,631212,13,100,2020
13,664948,"Misiewicz, Anthony",8/12/2020,630926,13,100,2020
13,642528,"Loáisiga, Jonathan",8/15/2020,631197,13,100,2020
13,660813,"Graterol, Brusdar",9/25/2020,631336,13,100,2020
13,571901,"Loup, Aaron",9/6/2020,630956,13,100,2020
13,660600,"Paredes, Enoli",8/18/2020,631452,13,100,2020
13,572096,"Rosenthal, Trevor",9/9/2020,631056,13,100,2020
13,607231,"Gant, John",8/19/2020,631621,13,100,2020
13,660896,"Alcala, Jorge",9/27/2020,631244,13,100,2020
13,572888,"Greene, Shane",9/7/2020,630415,13,100,2020
13,433589,"Petit, Yusmeiro",8/2/2020,631068,13,100,2020
13,661255,"López, Yoan",9/27/2020,630202,13,100,2020
13,592473,"Kolarek, Adam",9/9/2020,630221,13,100,2020
13,592612,"Osich, Josh",9/6/2020,631604,13,100,2020
13,592612,"Osich, Josh",9/9/2020,631616,13,100,2020
13,664129,"Hartlieb, Geoff",9/27/2020,631538,13,100,2020
13,518489,"Brasier, Ryan",9/20/2020,631635,13,100,2020
13,657044,"Thompson, Ryan",8/4/2020,630971,13,100,2020
13,664854,"Helsley, Ryan",9/26/2020,630964,13,100,2020
13,593144,"Rodríguez, Richard",9/6/2020,631116,13,100,2020
13,664948,"Misiewicz, Anthony",9/25/2020,631167,13,100,2020
13,664977,"Cederlind, Blake",9/27/2020,631538,13,100,2020
13,594577,"Mayers, Mike",9/6/2020,631359,13,100,2020
13,595014,"Treinen, Blake",9/9/2020,630221,13,100,2020
13,670056,"Baragar, Caleb",9/25/2020,631059,13,100,2020
13,595928,"Curtiss, John",9/10/2020,630957,13,100,2020
13,642121,"Sulser, Cole",7/31/2020,630592,13,100,2020
13,570560,"Sánchez, Yolmer",9/25/2020,631486,13,100,2020
13,598287,"Ramirez, Noé",9/6/2020,631359,13,100,2020
13,605195,"Crick, Kyle",9/8/2020,631096,13,100,2020
13,605359,"Marshall, Evan",9/6/2020,631407,13,100,2020
13,606149,"Gallegos, Giovanny",9/10/2020,630995,13,100,2020
13,606424,"García, Jarlín",9/8/2020,631007,13,100,2020
13,680702,"Gerber, Joey",9/25/2020,631167,13,100,2020
13,488984,"Hunter, Tommy",8/18/2020,631651,13,100,2020
13,595465,"Winkler, Dan",8/18/2020,631620,13,100,2020
13,543507,"May, Trevor",9/25/2020,631246,13,100,2020
13,643338,"Green, Chad",8/30/2020,631205,13,100,2020
13,448855,"Guerra, Junior",9/2/2020,631356,13,100,2020
13,453192,"Miller, Andrew",9/5/2020,630998,13,100,2020
13,453265,"Watson, Tony",9/5/2020,631004,13,100,2020
13,621366,"Borucki, Ryan",9/9/2020,630864,13,100,2020
13,518886,"Kimbrel, Craig",9/26/2020,631487,13,100,2020
13,455119,"Martin, Chris",9/2/2020,631624,13,100,2020
13,461325,"Clippard, Tyler",9/4/2020,631456,13,100,2020
13,622251,"Staumont, Josh",9/9/2020,631560,13,100,2020
13,640448,"Finnegan, Kyle",9/10/2020,630869,13,100,2020
13,642546,"Hernández, Jonathan",9/9/2020,630925,13,100,2020
13,643256,"Cimber, Adam",9/8/2020,631559,13,100,2020
13,503285,"O'Day, Darren",9/4/2020,630371,13,100,2020
13,543272,"Hand, Brad",9/23/2020,631534,13,100,2020
13,502202,"Boxberger, Brad",9/25/2020,631191,13,100,2020
13,650895,"Castillo, Diego",9/6/2020,630956,13,100,2020
13,656464,"Ginkel, Kevin",9/9/2020,630221,13,100,2020
13,663366,"Burrows, Beau",8/14/2020,631476,13,100,2020
13,660813,"Graterol, Brusdar",9/6/2020,631344,13,100,2020
13,491624,"Valdez, César",9/27/2020,630858,13,100,2020
13,668687,"Scrubb, Andre",8/6/2020,630111,13,100,2020
13,521655,"Font, Wilmer",9/4/2020,630865,13,100,2020
13,661255,"López, Yoan",9/8/2020,630220,13,100,2020
13,542585,"Cisnero, José",9/4/2020,631456,13,100,2020
13,542914,"Bass, Anthony",9/4/2020,631649,13,100,2020
13,544727,"Familia, Jeurys",9/23/2020,631218,13,100,2020
13,596101,"Shafer, Justin",8/16/2020,631324,13,100,2020
13,570663,"Robles, Hansel",9/20/2020,631375,13,100,2020
13,570240,"Peña, Félix",9/2/2020,631379,13,100,2020
13,570666,"Cessa, Luis",8/28/2020,631230,13,100,2020
13,543883,"Vincent, Nick",9/10/2020,631309,13,100,2020
13,570257,"Rodríguez, Joely",9/2/2020,631431,13,100,2020
13,453343,"Melancon, Mark",9/11/2020,630873,13,100,2020
13,455119,"Martin, Chris",9/13/2020,630883,13,100,2020
13,650530,"Garcia, Bryan",8/7/2020,631105,13,100,2020
13,571948,"Milner, Hoby",9/21/2020,631376,13,100,2020
13,573009,"Mantiply, Joe",9/5/2020,631004,13,100,2020
13,572193,"Tepera, Ryan",9/20/2020,631617,13,100,2020
13,543883,"Vincent, Nick",9/13/2020,631320,13,100,2020
13,643256,"Cimber, Adam",8/8/2020,631503,13,100,2020
13,572888,"Greene, Shane",9/23/2020,630554,13,100,2020
13,573124,"Rogers, Taylor",9/11/2020,631256,13,100,2020
13,593833,"Suero, Wander",9/11/2020,630873,13,100,2020
13,605130,"Barlow, Scott",9/2/2020,631404,13,100,2020
13,605388,"Morgan, Adam",9/14/2020,631321,13,100,2020
13,622250,"Sborz, Josh",9/13/2020,631332,13,100,2020
13,608665,"Graveman, Kendall",9/4/2020,631041,13,100,2020
13,623352,"Hader, Josh",9/14/2020,631282,13,100,2020
13,608371,"Sims, Lucas",8/5/2020,631570,13,100,2020
13,623437,"Topa, Justin",9/14/2020,631288,13,100,2020
13,453343,"Melancon, Mark",8/26/2020,630360,13,100,2020
13,630263,"Bourque, James",9/11/2020,630873,13,100,2020
13,641729,"Jiménez, Joe",9/12/2020,631495,13,100,2020
13,641312,"Anderson, Shaun",9/18/2020,631163,13,100,2020
13,643778,"Webb, Tyler",9/14/2020,631288,13,100,2020
13,605501,"Tarpley, Stephen",8/18/2020,631326,13,100,2020
13,622253,"Tate, Dillon",9/4/2020,631674,13,100,2020
13,595411,"Sherriff, Ryan",9/23/2020,631218,13,100,2020
13,595465,"Winkler, Dan",9/21/2020,631087,13,100,2020
13,623352,"Hader, Josh",9/2/2020,631283,13,100,2020
13,664854,"Helsley, Ryan",9/14/2020,631282,13,100,2020
13,502202,"Boxberger, Brad",8/24/2020,630898,13,100,2020
13,605441,"Ríos, Yacksel",8/8/2020,631106,13,100,2020
13,670990,"Ramírez, Yohan",9/11/2020,630224,13,100,2020
13,596057,"Norris, Daniel",9/22/2020,631251,13,100,2020
13,624647,"González, Victor",9/2/2020,631356,13,100,2020
13,676051,"Heuer, Codi",9/11/2020,631478,13,100,2020
13,657097,"Webb, Jacob",9/22/2020,630385,13,100,2020
13,572888,"Greene, Shane",9/15/2020,631680,13,100,2020
13,640448,"Finnegan, Kyle",9/3/2020,631146,13,100,2020
13,680702,"Gerber, Joey",9/13/2020,630226,13,100,2020
13,433589,"Petit, Yusmeiro",7/26/2020,631165,13,100,2020
13,641576,"Flores Jr., Bernardo",9/3/2020,631405,13,100,2020
13,641729,"Jiménez, Joe",9/5/2020,631264,13,100,2020
13,453192,"Miller, Andrew",7/26/2020,630993,13,100,2020
13,461325,"Clippard, Tyler",7/24/2020,631514,13,100,2020
13,642130,"Taylor, Blake",9/3/2020,631432,13,100,2020
13,573204,"Thielbar, Caleb",8/7/2020,631419,13,100,2020
13,475054,"Roe, Chaz",7/28/2020,630970,13,100,2020
13,605482,"Sneed, Cy",8/19/2020,631522,13,100,2020
13,643778,"Webb, Tyler",9/4/2020,631644,13,100,2020
13,650671,"Quijada, José",9/5/2020,631388,13,100,2020
13,592612,"Osich, Josh",8/26/2020,630863,13,100,2020
13,519008,"McFarland, T.J.",7/24/2020,631182,13,100,2020
13,606424,"García, Jarlín",9/19/2020,631164,13,100,2020
13,656186,"Altavilla, Dan",9/3/2020,631368,13,100,2020
13,519326,"Strickland, Hunter",7/25/2020,631241,13,100,2020
13,453284,"Parker, Blake",9/17/2020,631117,13,100,2020
13,607231,"Gant, John",8/17/2020,631613,13,100,2020
13,519326,"Strickland, Hunter",7/26/2020,631240,13,100,2020
13,656322,"Coonrod, Sam",9/2/2020,631529,13,100,2020
13,607231,"Gant, John",9/20/2020,631086,13,100,2020
13,663992,"Lovelady, Richard",7/26/2020,631566,13,100,2020
13,656685,"Martin, Brett",9/3/2020,631432,13,100,2020
13,656945,"Scott, Tanner",9/4/2020,631674,13,100,2020
13,543867,"Turley, Nik",7/25/2020,630992,13,100,2020
13,548384,"Raley, Brooks",7/24/2020,631589,13,100,2020
13,641401,"Brogdon, Connor",9/20/2020,631128,13,100,2020
13,543507,"May, Trevor",8/17/2020,631258,13,100,2020
13,661255,"López, Yoan",9/4/2020,631003,13,100,2020
13,664157,"Bergen, Travis",9/3/2020,631370,13,100,2020
13,664208,"Maton, Phil",9/4/2020,631555,13,100,2020
13,664856,"Adams, Chance",9/3/2020,631405,13,100,2020
13,593144,"Rodríguez, Richard",7/27/2020,631130,13,100,2020
13,672335,"Pérez, Cionel",9/3/2020,631432,13,100,2020
13,596035,"McClain, Reggie",7/26/2020,631126,13,100,2020
13,641941,"Pagán, Emilio",7/24/2020,631091,13,100,2020
13,605177,"Chafin, Andrew",7/25/2020,631092,13,100,2020
13,605218,"Edwards Jr., Carl",7/24/2020,631438,13,100,2020
13,621366,"Borucki, Ryan",9/19/2020,631123,13,100,2020
13,621368,"Hearn, Taylor",9/20/2020,631375,13,100,2020
13,543883,"Vincent, Nick",8/25/2020,631323,13,100,2020
13,453268,"Bard, Daniel",8/18/2020,631452,13,100,2020
13,622492,"Mella, Keury",9/23/2020,630263,13,100,2020
13,457915,"Guerra, Javy",8/8/2020,630880,13,100,2020
13,594987,"Sadler, Casey",8/13/2020,631609,13,100,2020
13,608648,"Duffey, Tyler",7/24/2020,631514,13,100,2020
13,608718,"Suter, Brent",8/18/2020,631260,13,100,2020
13,623352,"Hader, Josh",9/22/2020,631580,13,100,2020
12,592169,"Brice, Austin",8/26/2020,630863,12,100,2020
12,608349,"Knebel, Corey",7/28/2020,631132,12,100,2020
12,459429,"McGee, Jake",8/7/2020,631358,12,100,2020
12,461325,"Clippard, Tyler",8/6/2020,631148,12,100,2020
12,554431,"Matzek, Tyler",8/6/2020,630313,12,100,2020
12,642130,"Taylor, Blake",9/20/2020,631424,12,100,2020
12,453192,"Miller, Andrew",9/18/2020,630987,12,100,2020
12,500610,"Guerra, Deolis",8/8/2020,631133,12,100,2020
12,641627,"Gott, Trevor",7/26/2020,631384,12,100,2020
12,593833,"Suero, Wander",9/5/2020,630383,12,100,2020
12,641941,"Pagán, Emilio",7/28/2020,631014,12,100,2020
12,518617,"Diekman, Jake",8/7/2020,631176,12,100,2020
12,518813,"Holland, Greg",8/7/2020,631419,12,100,2020
12,518858,"Jones, Nate",8/9/2020,631297,12,100,2020
12,643778,"Webb, Tyler",7/25/2020,630992,12,100,2020
12,519443,"Workman, Brandon",8/7/2020,631623,12,100,2020
12,641582,"Foster, Matt",9/21/2020,631562,12,100,2020
12,658551,"Fernández, Junior",7/26/2020,630993,12,100,2020
12,572955,"Johnson, Pierce",8/27/2020,631083,12,100,2020
12,543272,"Hand, Brad",8/9/2020,631506,12,100,2020
12,666204,"Jiménez, Dany",7/28/2020,631014,12,100,2020
12,643778,"Webb, Tyler",9/21/2020,631402,12,100,2020
12,650530,"Garcia, Bryan",9/22/2020,631251,12,100,2020
12,520980,"Báez, Pedro",9/16/2020,631063,12,100,2020
12,592169,"Brice, Austin",8/5/2020,630972,12,100,2020
12,594986,"Ryan, Kyle",8/25/2020,631467,12,100,2020
12,656322,"Coonrod, Sam",9/22/2020,631010,12,100,2020
12,554431,"Matzek, Tyler",9/16/2020,631659,12,100,2020
12,656354,"Davis, Austin",9/23/2020,631089,12,100,2020
12,593144,"Rodríguez, Richard",8/7/2020,631105,12,100,2020
12,592094,"Adam, Jason",9/16/2020,631619,12,100,2020
12,621381,"Strahm, Matt",8/15/2020,630116,12,100,2020
12,605130,"Barlow, Scott",8/9/2020,631421,12,100,2020
12,595918,"Cole, A.J.",9/18/2020,631122,12,100,2020
12,621368,"Hearn, Taylor",8/18/2020,630928,12,100,2020
12,605388,"Morgan, Adam",8/9/2020,631136,12,100,2020
12,605447,"Romano, Jordan",8/5/2020,630307,12,100,2020
12,605501,"Tarpley, Stephen",8/9/2020,631235,12,100,2020
12,596720,"Neverauskas, Dovydas",8/25/2020,631499,12,100,2020
12,606160,"Montero, Rafael",8/8/2020,630935,12,100,2020
12,622250,"Sborz, Josh",9/17/2020,631510,12,100,2020
12,606930,"Barnes, Jacob",8/9/2020,630922,12,100,2020
12,622772,"Cordero, Jimmy",9/16/2020,631484,12,100,2020
12,503569,"Dolis, Rafael",8/17/2020,631678,12,100,2020
12,623433,"Anderson, Nick",9/18/2020,631661,12,100,2020
12,623433,"Anderson, Nick",9/16/2020,630937,12,100,2020
12,624586,"Hoyt, James",9/15/2020,631314,12,100,2020
12,641851,"McGowin, Kyle",9/18/2020,631342,12,100,2020
12,608348,"Kelly, Carson",8/9/2020,631075,12,100,2020
12,642207,"Williams, Devin",9/16/2020,631289,12,100,2020
12,656945,"Scott, Tanner",9/18/2020,631661,12,100,2020
12,657044,"Thompson, Ryan",9/16/2020,630937,12,100,2020
12,657624,"James, Josh",9/16/2020,631434,12,100,2020
12,453343,"Melancon, Mark",8/30/2020,631135,12,100,2020
12,493603,"Ottavino, Adam",8/29/2020,631204,12,100,2020
12,642397,"Soto, Gregory",8/8/2020,631106,12,100,2020
12,502154,"Britton, Zack",9/1/2020,631207,12,100,2020
12,518553,"Cishek, Steve",8/30/2020,631505,12,100,2020
12,642770,"Guerra, Javy",8/5/2020,631085,12,100,2020
12,643316,"Fry, Paul",8/9/2020,630882,12,100,2020
12,542960,"Brach, Brad",8/28/2020,631230,12,100,2020
12,656464,"Ginkel, Kevin",8/5/2020,630110,12,100,2020
12,656685,"Martin, Brett",8/6/2020,631175,12,100,2020
12,571602,"Davidson, Matt",8/30/2020,631584,12,100,2020
12,656977,"Sobotka, Chad",8/8/2020,631133,12,100,2020
12,572096,"Rosenthal, Trevor",8/31/2020,631527,12,100,2020
12,571948,"Milner, Hoby",8/16/2020,631364,12,100,2020
12,592233,"Crichton, Stefan",8/30/2020,630219,12,100,2020
12,459429,"McGee, Jake",9/24/2020,631335,12,100,2020
12,664129,"Hartlieb, Geoff",8/9/2020,631110,12,100,2020
12,595918,"Cole, A.J.",8/29/2020,630906,12,100,2020
12,665001,"Kelley, Trevor",8/5/2020,631220,12,100,2020
12,605195,"Crick, Kyle",8/30/2020,631278,12,100,2020
12,615698,"Quantrill, Cal",8/30/2020,631526,12,100,2020
12,621005,"Lopes, Tim",8/29/2020,631369,12,100,2020
12,641627,"Gott, Trevor",8/17/2020,631365,12,100,2020
12,622092,"Zimmer, Kyle",8/30/2020,631505,12,100,2020
12,622251,"Staumont, Josh",8/30/2020,631505,12,100,2020
12,622772,"Cordero, Jimmy",8/28/2020,631501,12,100,2020
12,519008,"McFarland, T.J.",9/26/2020,631055,12,100,2020
12,641582,"Foster, Matt",8/31/2020,631247,12,100,2020
12,624586,"Hoyt, James",8/24/2020,630898,12,100,2020
12,624586,"Hoyt, James",8/12/2020,630902,12,100,2020
12,642130,"Taylor, Blake",8/29/2020,631427,12,100,2020
12,643316,"Fry, Paul",9/1/2020,631671,12,100,2020
12,656464,"Ginkel, Kevin",8/30/2020,630219,12,100,2020
12,518489,"Brasier, Ryan",8/20/2020,631684,12,100,2020
12,657611,"Hill, Cam",8/30/2020,630982,12,100,2020
12,641793,"Littell, Zack",8/15/2020,631279,12,100,2020
12,572888,"Greene, Shane",8/18/2020,630322,12,100,2020
12,669270,"Kuhnel, Joel",8/29/2020,631595,12,100,2020
12,668941,"Romero, JoJo",8/30/2020,631135,12,100,2020
12,641871,"Middleton, Keynan",8/15/2020,631363,12,100,2020
12,545064,"Díaz, Jairo",9/26/2020,630271,12,100,2020
12,448855,"Guerra, Junior",8/2/2020,630101,12,100,2020
12,542914,"Bass, Anthony",8/21/2020,630960,12,100,2020
12,547973,"Chapman, Aroldis",9/25/2020,631191,12,100,2020
12,543272,"Hand, Brad",8/20/2020,631118,12,100,2020
12,523260,"Kelly, Joe",7/30/2020,630145,12,100,2020
12,661255,"López, Yoan",7/30/2020,630145,12,100,2020
12,543867,"Turley, Nik",8/23/2020,631107,12,100,2020
12,622065,"Young, Alex",7/31/2020,630201,12,100,2020
12,642083,"Slegers, Aaron",8/16/2020,630872,12,100,2020
12,573124,"Rogers, Taylor",8/16/2020,631252,12,100,2020
12,570257,"Rodríguez, Joely",8/23/2020,631052,12,100,2020
12,571656,"Farmer, Buck",8/23/2020,631551,12,100,2020
12,493603,"Ottavino, Adam",7/30/2020,630496,12,100,2020
12,502154,"Britton, Zack",7/30/2020,630496,12,100,2020
12,573204,"Thielbar, Caleb",8/21/2020,631409,12,100,2020
12,592169,"Brice, Austin",8/19/2020,631652,12,100,2020
12,592426,"Jackson, Luke",8/21/2020,630324,12,100,2020
12,607560,"Harper, Ryne",8/4/2020,630874,12,100,2020
12,592865,"Williams, Taylor",8/21/2020,631050,12,100,2020
12,593576,"Neris, Héctor",8/22/2020,630338,12,100,2020
12,592612,"Osich, Josh",8/4/2020,630971,12,100,2020
12,519141,"Pomeranz, Drew",7/30/2020,631018,12,100,2020
12,572955,"Johnson, Pierce",7/30/2020,631018,12,100,2020
12,453265,"Watson, Tony",7/31/2020,631019,12,100,2020
12,592094,"Adam, Jason",9/24/2020,631099,12,100,2020
12,606160,"Montero, Rafael",8/12/2020,630926,12,100,2020
12,621381,"Strahm, Matt",7/29/2020,631033,12,100,2020
12,670280,"Bednar, David",7/29/2020,631033,12,100,2020
12,650895,"Castillo, Diego",8/26/2020,630952,12,100,2020
12,598287,"Ramirez, Noé",8/23/2020,631170,12,100,2020
12,489334,"Stammen, Craig",8/4/2020,631069,12,100,2020
12,623352,"Hader, Josh",7/29/2020,631137,12,100,2020
12,606149,"Gallegos, Giovanny",8/22/2020,630991,12,100,2020
12,488984,"Hunter, Tommy",8/3/2020,631219,12,100,2020
12,595014,"Treinen, Blake",9/27/2020,631338,12,100,2020
12,595928,"Curtiss, John",9/25/2020,630938,12,100,2020
12,608648,"Duffey, Tyler",8/20/2020,631248,12,100,2020
12,643256,"Cimber, Adam",8/1/2020,631273,12,100,2020
12,608648,"Duffey, Tyler",8/2/2020,631274,12,100,2020
12,642546,"Hernández, Jonathan",8/18/2020,630928,12,100,2020
12,605143,"Black, Ray",9/24/2020,630975,12,100,2020
12,660813,"Graterol, Brusdar",8/27/2020,631001,12,100,2020
12,598287,"Ramirez, Noé",8/1/2020,631392,12,100,2020
12,624586,"Hoyt, James",8/21/2020,630886,12,100,2020
12,606424,"García, Jarlín",9/24/2020,631012,12,100,2020
12,605359,"Marshall, Evan",7/31/2020,631410,12,100,2020
12,605240,"Fry, Jace",8/1/2020,631413,12,100,2020
12,607481,"Bummer, Aaron",8/2/2020,631415,12,100,2020
12,641401,"Brogdon, Connor",8/20/2020,630918,12,100,2020
12,664208,"Maton, Phil",8/26/2020,631554,12,100,2020
12,453178,"Kennedy, Ian",7/30/2020,631494,12,100,2020
12,623470,"Newberry, Jake",7/30/2020,631494,12,100,2020
12,453268,"Bard, Daniel",8/2/2020,631541,12,100,2020
12,608032,"Estévez, Carlos",8/3/2020,631542,12,100,2020
12,642546,"Hernández, Jonathan",8/19/2020,631076,12,100,2020
12,642546,"Hernández, Jonathan",8/23/2020,631052,12,100,2020
12,607481,"Bummer, Aaron",7/29/2020,631569,12,100,2020
12,641729,"Jiménez, Joe",7/29/2020,631492,12,100,2020
12,643511,"Rogers, Tyler",8/17/2020,631365,12,100,2020
12,547179,"Lorenzen, Michael",8/3/2020,631596,12,100,2020
12,640448,"Finnegan, Kyle",8/21/2020,630886,12,100,2020
12,642003,"Reed, Cody",8/4/2020,631597,12,100,2020
12,543867,"Turley, Nik",8/2/2020,631606,12,100,2020
12,592390,"Hembree, Heath",8/17/2020,631199,12,100,2020
12,594986,"Ryan, Kyle",8/4/2020,631608,12,100,2020
12,650893,"Cabrera, Génesis",8/19/2020,630997,12,100,2020
12,600887,"Del Pozo, Miguel",8/1/2020,631622,12,100,2020
12,656186,"Altavilla, Dan",8/23/2020,631052,12,100,2020
12,518886,"Kimbrel, Craig",7/31/2020,631647,12,100,2020
12,656186,"Altavilla, Dan",8/21/2020,631050,12,100,2020
12,675916,"Karinchak, James",8/25/2020,631553,12,100,2020
12,656464,"Ginkel, Kevin",8/21/2020,631027,12,100,2020
12,596112,"Stephenson, Robert",9/26/2020,631245,12,100,2020
12,453343,"Melancon, Mark",8/14/2020,631322,12,100,2020
12,657044,"Thompson, Ryan",8/22/2020,630948,12,100,2020
12,657571,"Ferguson, Caleb",8/21/2020,631348,12,100,2020
12,488748,"Buchter, Ryan",8/12/2020,631397,12,100,2020
12,595411,"Sherriff, Ryan",9/27/2020,630945,12,100,2020
12,493603,"Ottavino, Adam",8/11/2020,631192,12,100,2020
12,502202,"Boxberger, Brad",8/11/2020,630901,12,100,2020
12,605482,"Sneed, Cy",8/22/2020,631079,12,100,2020
12,664045,"Eshelman, Thomas",8/21/2020,631665,12,100,2020
12,519141,"Pomeranz, Drew",8/10/2020,631346,12,100,2020
12,656186,"Altavilla, Dan",8/16/2020,631450,12,100,2020
12,542585,"Cisnero, José",8/12/2020,631475,12,100,2020
12,543483,"Magill, Matt",8/11/2020,630924,12,100,2020
12,543883,"Vincent, Nick",8/12/2020,630902,12,100,2020
12,594987,"Sadler, Casey",8/22/2020,631638,12,100,2020
12,570240,"Peña, Félix",8/10/2020,631395,12,100,2020
12,668941,"Romero, JoJo",8/21/2020,630324,12,100,2020
12,571670,"Floro, Dylan",8/14/2020,631381,12,100,2020
12,453265,"Watson, Tony",9/23/2020,631011,12,100,2020
12,572125,"Selman, Sam",8/10/2020,631445,12,100,2020
12,641312,"Anderson, Shaun",9/25/2020,631059,12,100,2020
12,572955,"Johnson, Pierce",8/13/2020,631351,12,100,2020
12,592741,"Shreve, Chasen",8/12/2020,631232,12,100,2020
12,594577,"Mayers, Mike",8/21/2020,631186,12,100,2020
12,572096,"Rosenthal, Trevor",9/27/2020,631002,12,100,2020
12,446321,"Detwiler, Ross",9/8/2020,631096,12,100,2020
12,605151,"Bradley, Archie",8/12/2020,631535,12,100,2020
12,453192,"Miller, Andrew",9/8/2020,630984,12,100,2020
12,455119,"Martin, Chris",9/10/2020,630869,12,100,2020
12,605501,"Tarpley, Stephen",8/12/2020,630902,12,100,2020
12,606424,"García, Jarlín",8/14/2020,631022,12,100,2020
12,475479,"Phelps, David",9/8/2020,631152,12,100,2020
12,607555,"Guilbeau, Taylor",8/10/2020,630923,12,100,2020
12,685493,"Yamaguchi, Shun",8/4/2020,630284,12,100,2020
12,657571,"Ferguson, Caleb",7/31/2020,630201,12,100,2020
12,642233,"Yardley, Eric",9/27/2020,630965,12,100,2020
12,518617,"Diekman, Jake",9/7/2020,631159,12,100,2020
12,623433,"Anderson, Nick",8/12/2020,631648,12,100,2020
12,623465,"Phillips, Evan",8/13/2020,631142,12,100,2020
12,548384,"Raley, Brooks",9/24/2020,630912,12,100,2020
12,643778,"Webb, Tyler",9/26/2020,630964,12,100,2020
12,519141,"Pomeranz, Drew",9/7/2020,631084,12,100,2020
12,641941,"Pagán, Emilio",8/14/2020,630115,12,100,2020
12,642233,"Yardley, Eric",8/11/2020,631299,12,100,2020
12,657044,"Thompson, Ryan",8/11/2020,631646,12,100,2020
12,657611,"Hill, Cam",8/18/2020,631114,12,100,2020
12,664054,"Stashak, Cody",8/11/2020,631299,12,100,2020
12,664948,"Misiewicz, Anthony",8/10/2020,630923,12,100,2020
12,534910,"Hahn, Jesse",8/19/2020,631422,12,100,2020
12,547973,"Chapman, Aroldis",9/9/2020,630864,12,100,2020
12,665759,"Rosso, Ramón",8/12/2020,631141,12,100,2020
12,554340,"García, Yimi",9/10/2020,631309,12,100,2020
12,660896,"Alcala, Jorge",9/25/2020,631246,12,100,2020
12,664208,"Maton, Phil",8/29/2020,630981,12,100,2020
12,656547,"Holder, Jonathan",8/28/2020,631203,12,100,2020
12,661255,"López, Yoan",9/25/2020,630270,12,100,2020
12,572193,"Tepera, Ryan",9/10/2020,631634,12,100,2020
12,520980,"Báez, Pedro",8/17/2020,631352,12,100,2020
12,580792,"Goody, Nick",9/8/2020,630904,12,100,2020
12,663770,"Evans, Demarcus",9/26/2020,630914,12,100,2020
12,660813,"Graterol, Brusdar",8/15/2020,631363,12,100,2020
12,592233,"Crichton, Stefan",9/9/2020,630221,12,100,2020
12,661255,"López, Yoan",8/18/2020,630174,12,100,2020
12,453192,"Miller, Andrew",8/23/2020,630976,12,100,2020
12,592773,"Stanek, Ryne",9/9/2020,630439,12,100,2020
12,663366,"Burrows, Beau",8/16/2020,631479,12,100,2020
12,593974,"Peralta, Wandy",9/10/2020,631072,12,100,2020
12,595014,"Treinen, Blake",9/8/2020,630220,12,100,2020
12,517008,"Colomé, Alex",9/26/2020,631487,12,100,2020
12,489265,"Romo, Sergio",8/15/2020,631280,12,100,2020
12,521230,"Hendriks, Liam",8/15/2020,631023,12,100,2020
12,664126,"Fairbanks, Pete",8/18/2020,631200,12,100,2020
12,448281,"Doolittle, Sean",9/5/2020,630383,12,100,2020
12,670167,"Schreiber, John",8/7/2020,631105,12,100,2020
12,621242,"Díaz, Edwin",9/7/2020,631225,12,100,2020
12,621368,"Hearn, Taylor",9/7/2020,631031,12,100,2020
12,670056,"Baragar, Caleb",8/16/2020,631024,12,100,2020
12,641743,"Kay, Anthony",9/8/2020,630860,12,100,2020
12,501789,"Harris, Will",9/2/2020,631145,12,100,2020
12,643511,"Rogers, Tyler",9/6/2020,631005,12,100,2020
12,503285,"O'Day, Darren",9/2/2020,631624,12,100,2020
12,650671,"Quijada, José",9/6/2020,631359,12,100,2020
12,572888,"Greene, Shane",8/30/2020,631135,12,100,2020
12,570240,"Peña, Félix",8/30/2020,631371,12,100,2020
12,542585,"Cisnero, José",8/18/2020,631496,12,100,2020
12,518774,"Harvey, Matt",9/3/2020,631405,12,100,2020
12,663432,"Rainey, Tanner",9/7/2020,630857,12,100,2020
12,543867,"Turley, Nik",9/3/2020,631112,12,100,2020
12,519141,"Pomeranz, Drew",8/29/2020,631525,12,100,2020
12,543867,"Turley, Nik",9/4/2020,631602,12,100,2020
12,672335,"Pérez, Cionel",9/7/2020,631159,12,100,2020
12,445213,"Kintzler, Brandon",9/14/2020,631321,12,100,2020
12,459429,"McGee, Jake",9/13/2020,631332,12,100,2020
12,542888,"Armstrong, Shawn",8/18/2020,631681,12,100,2020
12,572193,"Tepera, Ryan",9/22/2020,631088,12,100,2020
12,543272,"Hand, Brad",9/13/2020,631259,12,100,2020
12,545064,"Díaz, Jairo",9/13/2020,631532,12,100,2020
12,570240,"Peña, Félix",9/11/2020,631530,12,100,2020
12,571656,"Farmer, Buck",9/11/2020,631478,12,100,2020
12,593144,"Rodríguez, Richard",9/4/2020,631602,12,100,2020
12,622075,"Almonte, Yency",8/8/2020,631046,12,100,2020
12,664042,"Lakins Sr., Travis",9/19/2020,631662,12,100,2020
12,622075,"Almonte, Yency",8/18/2020,631452,12,100,2020
12,542960,"Brach, Brad",8/17/2020,631325,12,100,2020
12,593833,"Suero, Wander",9/4/2020,630323,12,100,2020
12,594577,"Mayers, Mike",9/5/2020,631388,12,100,2020
12,595014,"Treinen, Blake",9/5/2020,631328,12,100,2020
12,595014,"Treinen, Blake",9/3/2020,631370,12,100,2020
12,595014,"Treinen, Blake",9/2/2020,631356,12,100,2020
12,593974,"Peralta, Wandy",9/13/2020,631060,12,100,2020
12,594795,"Dayton, Grant",9/11/2020,630873,12,100,2020
12,606930,"Barnes, Jacob",8/7/2020,630920,12,100,2020
12,596295,"Gomber, Austin",9/2/2020,631587,12,100,2020
12,453268,"Bard, Daniel",8/24/2020,630193,12,100,2020
12,598264,"Barnes, Matt",9/4/2020,630865,12,100,2020
12,596295,"Gomber, Austin",9/14/2020,631282,12,100,2020
12,615698,"Quantrill, Cal",9/16/2020,631619,12,100,2020
12,593144,"Rodríguez, Richard",9/22/2020,631088,12,100,2020
12,606930,"Barnes, Jacob",9/5/2020,631440,12,100,2020
12,622250,"Sborz, Josh",9/14/2020,631061,12,100,2020
12,622503,"Crismatt, Nabil",9/11/2020,630985,12,100,2020
12,605155,"Brewer, Colten",8/7/2020,631623,12,100,2020
12,623352,"Hader, Josh",9/11/2020,631284,12,100,2020
12,457915,"Guerra, Javy",8/25/2020,630855,12,100,2020
12,629498,"Quezada, Johan",9/12/2020,631311,12,100,2020
12,642207,"Williams, Devin",9/11/2020,631284,12,100,2020
12,547973,"Chapman, Aroldis",9/17/2020,631190,12,100,2020
12,642233,"Yardley, Eric",9/12/2020,631285,12,100,2020
12,475479,"Phelps, David",8/24/2020,631301,12,100,2020
12,642397,"Soto, Gregory",9/13/2020,631481,12,100,2020
12,642546,"Hernández, Jonathan",9/13/2020,630911,12,100,2020
12,650893,"Cabrera, Génesis",9/22/2020,631411,12,100,2020
12,488984,"Hunter, Tommy",8/26/2020,630853,12,100,2020
12,672335,"Pérez, Cionel",9/12/2020,631331,12,100,2020
12,673633,"Hirano, Yoshihisa",9/13/2020,630226,12,100,2020
12,640448,"Finnegan, Kyle",9/4/2020,630323,12,100,2020
12,571710,"Givens, Mychal",8/6/2020,631340,12,100,2020
12,606149,"Gallegos, Giovanny",8/15/2020,631508,12,100,2020
12,598287,"Ramirez, Noé",9/20/2020,631375,12,100,2020
12,458677,"Wilson, Justin",7/28/2020,631663,12,100,2020
12,518397,"Alexander, Scott",8/27/2020,631001,12,100,2020
12,467008,"Strop, Pedro",7/28/2020,631593,12,100,2020
12,475479,"Phelps, David",7/25/2020,631642,12,100,2020
12,605240,"Fry, Jace",9/19/2020,631577,12,100,2020
12,500610,"Guerra, Deolis",7/25/2020,631108,12,100,2020
12,502026,"Jeffress, Jeremy",7/27/2020,631592,12,100,2020
12,643338,"Green, Chad",9/4/2020,631674,12,100,2020
12,503569,"Dolis, Rafael",7/27/2020,630861,12,100,2020
12,518813,"Holland, Greg",8/24/2020,630977,12,100,2020
12,607237,"Garrett, Amir",9/21/2020,631579,12,100,2020
12,543339,"Hudson, Daniel",7/26/2020,630856,12,100,2020
12,643511,"Rogers, Tyler",7/23/2020,631377,12,100,2020
12,580792,"Goody, Nick",7/26/2020,630943,12,100,2020
12,664208,"Maton, Phil",9/2/2020,631404,12,100,2020
12,542947,"Bleier, Richard",8/24/2020,630898,12,100,2020
12,543208,"Gaviglio, Sam",8/25/2020,630862,12,100,2020
12,596035,"McClain, Reggie",7/24/2020,631121,12,100,2020
12,543272,"Hand, Brad",8/26/2020,631554,12,100,2020
12,605195,"Crick, Kyle",7/27/2020,631130,12,100,2020
12,608349,"Knebel, Corey",8/15/2020,631611,12,100,2020
12,445276,"Jansen, Kenley",8/9/2020,631373,12,100,2020
12,446321,"Detwiler, Ross",8/8/2020,631503,12,100,2020
12,448855,"Guerra, Junior",8/5/2020,630110,12,100,2020
12,453268,"Bard, Daniel",8/5/2020,631544,12,100,2020
12,608678,"Leone, Dominic",8/16/2020,631479,12,100,2020
12,622092,"Zimmer, Kyle",9/20/2020,631268,12,100,2020
11,592858,"Wick, Rowan",9/16/2020,631619,11,100,2020
11,595411,"Sherriff, Ryan",8/26/2020,630952,11,100,2020
11,595918,"Cole, A.J.",8/6/2020,630313,11,100,2020
11,621381,"Strahm, Matt",7/28/2020,631014,11,100,2020
11,656793,"Nelson, Nick",9/19/2020,631628,11,100,2020
11,622772,"Cordero, Jimmy",9/19/2020,631577,11,100,2020
11,641729,"Jiménez, Joe",7/26/2020,631591,11,100,2020
11,622772,"Cordero, Jimmy",7/28/2020,631573,11,100,2020
11,656322,"Coonrod, Sam",7/26/2020,631384,11,100,2020
11,571656,"Farmer, Buck",8/25/2020,631467,11,100,2020
11,520980,"Báez, Pedro",8/8/2020,631343,11,100,2020
11,489265,"Romo, Sergio",9/17/2020,631485,11,100,2020
11,453343,"Melancon, Mark",8/15/2020,631330,11,100,2020
11,573124,"Rogers, Taylor",8/24/2020,631552,11,100,2020
11,543883,"Vincent, Nick",8/5/2020,630591,11,100,2020
11,685493,"Yamaguchi, Shun",7/26/2020,630968,11,100,2020
11,552640,"Kittredge, Andrew",8/8/2020,630973,11,100,2020
11,554431,"Matzek, Tyler",8/16/2020,631324,11,100,2020
11,571901,"Loup, Aaron",9/16/2020,630937,11,100,2020
11,489334,"Stammen, Craig",9/16/2020,631063,11,100,2020
11,491624,"Valdez, César",9/16/2020,631659,11,100,2020
11,501789,"Harris, Will",9/16/2020,630937,11,100,2020
11,503285,"O'Day, Darren",9/15/2020,631680,11,100,2020
11,650530,"Garcia, Bryan",9/19/2020,631466,11,100,2020
11,519293,"Smith, Will",9/15/2020,631680,11,100,2020
11,650895,"Castillo, Diego",9/21/2020,631216,11,100,2020
11,592612,"Osich, Josh",8/9/2020,631630,11,100,2020
11,570240,"Peña, Félix",9/18/2020,631367,11,100,2020
11,571901,"Loup, Aaron",9/15/2020,630936,11,100,2020
11,663765,"Woodford, Jake",9/23/2020,631380,11,100,2020
11,641582,"Foster, Matt",9/15/2020,631483,11,100,2020
11,608349,"Knebel, Corey",8/9/2020,631297,11,100,2020
11,605151,"Bradley, Archie",8/25/2020,630194,11,100,2020
11,664977,"Cederlind, Blake",9/19/2020,631147,11,100,2020
11,663770,"Evans, Demarcus",9/18/2020,631367,11,100,2020
11,664192,"Lucchesi, Joey",9/16/2020,631063,11,100,2020
11,622772,"Cordero, Jimmy",8/9/2020,631506,11,100,2020
11,623352,"Hader, Josh",8/5/2020,631518,11,100,2020
11,675916,"Karinchak, James",9/18/2020,631465,11,100,2020
11,670329,"Garcia, Rico",9/16/2020,631032,11,100,2020
11,641312,"Anderson, Shaun",8/6/2020,631545,11,100,2020
11,641755,"Kinley, Tyler",8/7/2020,631045,11,100,2020
11,641729,"Jiménez, Joe",8/9/2020,631110,11,100,2020
11,488748,"Buchter, Ryan",8/29/2020,631369,11,100,2020
11,502026,"Jeffress, Jeremy",9/1/2020,631109,11,100,2020
11,623433,"Anderson, Nick",8/15/2020,630905,11,100,2020
11,518553,"Cishek, Steve",8/29/2020,631502,11,100,2020
11,519151,"Pressly, Ryan",8/29/2020,631427,11,100,2020
11,650895,"Castillo, Diego",8/5/2020,630972,11,100,2020
11,433589,"Petit, Yusmeiro",9/25/2020,631167,11,100,2020
11,544727,"Familia, Jeurys",8/30/2020,631229,11,100,2020
11,547973,"Chapman, Aroldis",8/28/2020,631230,11,100,2020
11,656547,"Holder, Jonathan",8/5/2020,631220,11,100,2020
11,554340,"García, Yimi",8/30/2020,631306,11,100,2020
11,664042,"Lakins Sr., Travis",8/7/2020,630879,11,100,2020
11,593144,"Rodríguez, Richard",8/30/2020,631278,11,100,2020
11,594986,"Ryan, Kyle",8/28/2020,631582,11,100,2020
11,595465,"Winkler, Dan",9/1/2020,631109,11,100,2020
11,606160,"Montero, Rafael",8/28/2020,630933,11,100,2020
11,680702,"Gerber, Joey",8/6/2020,631042,11,100,2020
11,621249,"Underwood Jr., Duane",8/30/2020,631584,11,100,2020
11,642207,"Williams, Devin",8/29/2020,631277,11,100,2020
11,643256,"Cimber, Adam",8/30/2020,630982,11,100,2020
11,501593,"Avilán, Luis",8/20/2020,631202,11,100,2020
11,503285,"O'Day, Darren",8/22/2020,630338,11,100,2020
11,657044,"Thompson, Ryan",8/29/2020,631319,11,100,2020
11,518813,"Holland, Greg",8/22/2020,631403,11,100,2020
11,663765,"Woodford, Jake",8/31/2020,631585,11,100,2020
11,519443,"Workman, Brandon",8/19/2020,631652,11,100,2020
11,521230,"Hendriks, Liam",8/23/2020,631170,11,100,2020
11,642701,"Santana, Dennis",8/1/2020,630100,11,100,2020
11,543901,"Weber, Ryan",8/23/2020,631670,11,100,2020
11,621345,"Minter, A.J.",8/2/2020,630280,11,100,2020
11,571670,"Floro, Dylan",8/23/2020,631354,11,100,2020
11,571948,"Milner, Hoby",8/20/2020,631026,11,100,2020
11,612434,"Castro, Miguel",8/2/2020,630493,11,100,2020
11,643316,"Fry, Paul",7/29/2020,630495,11,100,2020
11,592473,"Kolarek, Adam",8/21/2020,631348,11,100,2020
11,503569,"Dolis, Rafael",7/29/2020,630916,11,100,2020
11,572193,"Tepera, Ryan",9/26/2020,631487,11,100,2020
11,663432,"Rainey, Tanner",7/30/2020,630917,11,100,2020
11,623433,"Anderson, Nick",8/4/2020,630971,11,100,2020
11,593974,"Peralta, Wandy",7/30/2020,631018,11,100,2020
11,592135,"Bedrosian, Cam",9/25/2020,631336,11,100,2020
11,605218,"Edwards Jr., Carl",8/4/2020,631057,11,100,2020
11,592222,"Claudio, Alex",8/18/2020,631260,11,100,2020
11,445276,"Jansen, Kenley",8/4/2020,631069,11,100,2020
11,656322,"Coonrod, Sam",8/27/2020,631001,11,100,2020
11,605482,"Sneed, Cy",8/21/2020,631078,11,100,2020
11,523260,"Kelly, Joe",8/3/2020,631090,11,100,2020
11,593144,"Rodríguez, Richard",7/29/2020,631137,11,100,2020
11,596720,"Neverauskas, Dovydas",7/29/2020,631137,11,100,2020
11,593576,"Neris, Héctor",9/25/2020,630938,11,100,2020
11,606424,"García, Jarlín",8/20/2020,631026,11,100,2020
11,592169,"Brice, Austin",7/31/2020,631222,11,100,2020
11,605501,"Tarpley, Stephen",8/11/2020,630901,11,100,2020
11,573124,"Rogers, Taylor",7/29/2020,631270,11,100,2020
11,608717,"Stratton, Chris",8/23/2020,631107,11,100,2020
11,459429,"McGee, Jake",9/6/2020,631344,11,100,2020
11,608717,"Stratton, Chris",8/22/2020,631104,11,100,2020
11,605359,"Marshall, Evan",8/3/2020,631293,11,100,2020
11,621345,"Minter, A.J.",8/22/2020,630338,11,100,2020
11,592865,"Williams, Taylor",7/29/2020,631389,11,100,2020
11,605130,"Barlow, Scott",9/25/2020,631383,11,100,2020
11,605482,"Sneed, Cy",9/26/2020,630914,11,100,2020
11,670550,"Rodriguez, Nivaldo",8/1/2020,631392,11,100,2020
11,665621,"García, Rony",8/24/2020,631468,11,100,2020
11,641871,"Middleton, Keynan",8/19/2020,631025,11,100,2020
11,607481,"Bummer, Aaron",9/24/2020,631549,11,100,2020
11,621381,"Strahm, Matt",7/31/2020,631539,11,100,2020
11,572193,"Tepera, Ryan",8/2/2020,631606,11,100,2020
11,664129,"Hartlieb, Geoff",8/2/2020,631606,11,100,2020
11,518886,"Kimbrel, Craig",8/4/2020,631608,11,100,2020
11,448281,"Doolittle, Sean",8/10/2020,631233,11,100,2020
11,453178,"Kennedy, Ian",8/12/2020,631599,11,100,2020
11,621381,"Strahm, Matt",9/25/2020,631013,11,100,2020
11,424144,"Pérez, Oliver",8/18/2020,631114,11,100,2020
11,502026,"Jeffress, Jeremy",8/12/2020,631568,11,100,2020
11,518617,"Diekman, Jake",8/12/2020,631397,11,100,2020
11,542914,"Bass, Anthony",8/14/2020,630903,11,100,2020
11,675916,"Karinchak, James",8/24/2020,631552,11,100,2020
11,543483,"Magill, Matt",8/10/2020,630923,11,100,2020
11,445926,"Chavez, Jesse",9/21/2020,631376,11,100,2020
11,593144,"Rodríguez, Richard",8/18/2020,631114,11,100,2020
11,593576,"Neris, Héctor",8/16/2020,631124,11,100,2020
11,643256,"Cimber, Adam",8/22/2020,631564,11,100,2020
11,572096,"Rosenthal, Trevor",8/11/2020,631598,11,100,2020
11,672335,"Pérez, Cionel",8/21/2020,631078,11,100,2020
11,576397,"Gyorko, Jedd",8/12/2020,631300,11,100,2020
11,641582,"Foster, Matt",9/26/2020,631487,11,100,2020
11,641755,"Kinley, Tyler",8/20/2020,631523,11,100,2020
11,444468,"Rondón, Héctor",9/8/2020,630220,11,100,2020
11,593144,"Rodríguez, Richard",8/13/2020,631600,11,100,2020
11,593974,"Peralta, Wandy",8/12/2020,631447,11,100,2020
11,453343,"Melancon, Mark",9/7/2020,630415,11,100,2020
11,459429,"McGee, Jake",9/9/2020,630221,11,100,2020
11,657024,"Swanson, Erik",8/16/2020,631450,11,100,2020
11,607237,"Garrett, Amir",8/12/2020,631599,11,100,2020
11,608700,"Plawecki, Kevin",8/13/2020,631650,11,100,2020
11,607572,"Howard, Sam",8/4/2020,631276,11,100,2020
11,643778,"Webb, Tyler",7/29/2020,631270,11,100,2020
11,502154,"Britton, Zack",9/8/2020,630860,11,100,2020
11,621345,"Minter, A.J.",8/10/2020,631138,11,100,2020
11,641420,"Burdi, Zack",8/11/2020,631474,11,100,2020
11,643778,"Webb, Tyler",9/25/2020,630963,11,100,2020
11,642233,"Yardley, Eric",8/18/2020,631260,11,100,2020
11,643532,"Sharp, Sterling",8/11/2020,630901,11,100,2020
11,657624,"James, Josh",8/17/2020,631451,11,100,2020
11,543272,"Hand, Brad",9/6/2020,631557,11,100,2020
11,664126,"Fairbanks, Pete",8/12/2020,631648,11,100,2020
11,670426,"Diehl, Phillip",8/11/2020,631547,11,100,2020
11,519393,"Walden, Marcus",8/16/2020,631198,11,100,2020
11,571901,"Loup, Aaron",9/10/2020,630957,11,100,2020
11,572888,"Greene, Shane",9/10/2020,630869,11,100,2020
11,592741,"Shreve, Chasen",9/27/2020,630854,11,100,2020
11,572955,"Johnson, Pierce",9/8/2020,631071,11,100,2020
11,592858,"Wick, Rowan",9/7/2020,631605,11,100,2020
11,594577,"Mayers, Mike",9/10/2020,630908,11,100,2020
11,596112,"Stephenson, Robert",9/8/2020,631615,11,100,2020
11,445926,"Chavez, Jesse",8/1/2020,631020,11,100,2020
11,580792,"Goody, Nick",7/29/2020,630940,11,100,2020
11,595465,"Winkler, Dan",8/17/2020,630996,11,100,2020
11,519151,"Pressly, Ryan",9/19/2020,631437,11,100,2020
11,607572,"Howard, Sam",9/6/2020,631116,11,100,2020
11,608718,"Suter, Brent",9/8/2020,631460,11,100,2020
11,622075,"Almonte, Yency",9/6/2020,631344,11,100,2020
11,640451,"Harvey, Hunter",9/9/2020,631212,11,100,2020
11,489265,"Romo, Sergio",9/4/2020,631456,11,100,2020
11,641729,"Jiménez, Joe",9/9/2020,631461,11,100,2020
11,642397,"Soto, Gregory",8/25/2020,631467,11,100,2020
11,642233,"Yardley, Eric",9/9/2020,631461,11,100,2020
11,502202,"Boxberger, Brad",9/2/2020,631308,11,100,2020
11,650530,"Garcia, Bryan",9/10/2020,630995,11,100,2020
11,650893,"Cabrera, Génesis",9/10/2020,630995,11,100,2020
11,543883,"Vincent, Nick",8/22/2020,630890,11,100,2020
11,543867,"Turley, Nik",9/20/2020,631086,11,100,2020
11,668687,"Scrubb, Andre",9/9/2020,631161,11,100,2020
11,668941,"Romero, JoJo",9/7/2020,631225,11,100,2020
11,668941,"Romero, JoJo",9/10/2020,631309,11,100,2020
11,664126,"Fairbanks, Pete",8/28/2020,631304,11,100,2020
11,670990,"Ramírez, Yohan",9/7/2020,631031,11,100,2020
11,571710,"Givens, Mychal",9/2/2020,631529,11,100,2020
11,472610,"García, Luis",9/12/2020,630932,11,100,2020
11,571901,"Loup, Aaron",9/5/2020,630955,11,100,2020
11,518633,"Duffy, Danny",9/25/2020,631383,11,100,2020
11,571788,"Holt, Brock",9/23/2020,630892,11,100,2020
11,502154,"Britton, Zack",9/13/2020,631187,11,100,2020
11,572070,"Richards, Garrett",9/22/2020,631064,11,100,2020
11,517008,"Colomé, Alex",9/13/2020,631481,11,100,2020
11,641582,"Foster, Matt",8/16/2020,631491,11,100,2020
11,519141,"Pomeranz, Drew",9/13/2020,631058,11,100,2020
11,580792,"Goody, Nick",9/3/2020,631432,11,100,2020
11,520980,"Báez, Pedro",9/12/2020,631331,11,100,2020
11,592094,"Adam, Jason",9/2/2020,631111,11,100,2020
11,640448,"Finnegan, Kyle",8/15/2020,630568,11,100,2020
11,542947,"Bleier, Richard",9/12/2020,631311,11,100,2020
11,424144,"Pérez, Oliver",8/24/2020,631552,11,100,2020
11,594986,"Ryan, Kyle",9/3/2020,631112,11,100,2020
11,592222,"Claudio, Alex",9/12/2020,631285,11,100,2020
11,592254,"De León, José",9/14/2020,631590,11,100,2020
11,595014,"Treinen, Blake",9/12/2020,631331,11,100,2020
11,542585,"Cisnero, José",8/29/2020,631457,11,100,2020
11,605130,"Barlow, Scott",9/5/2020,631408,11,100,2020
11,592612,"Osich, Josh",9/19/2020,631632,11,100,2020
11,503285,"O'Day, Darren",8/31/2020,631656,11,100,2020
11,608665,"Graveman, Kendall",9/12/2020,630225,11,100,2020
11,501593,"Avilán, Luis",8/15/2020,631197,11,100,2020
11,622492,"Mella, Keury",9/12/2020,630225,11,100,2020
11,612434,"Castro, Miguel",9/2/2020,631673,11,100,2020
11,458677,"Wilson, Justin",8/29/2020,631204,11,100,2020
11,628452,"Iglesias, Raisel",9/14/2020,631588,11,100,2020
11,621249,"Underwood Jr., Duane",9/3/2020,631112,11,100,2020
11,605359,"Marshall, Evan",8/17/2020,631493,11,100,2020
11,642397,"Soto, Gregory",9/11/2020,631478,11,100,2020
11,622075,"Almonte, Yency",9/5/2020,631328,11,100,2020
11,622251,"Staumont, Josh",9/2/2020,631404,11,100,2020
11,656354,"Davis, Austin",9/12/2020,631400,11,100,2020
11,650895,"Castillo, Diego",9/12/2020,630959,11,100,2020
11,665621,"García, Rony",9/23/2020,631250,11,100,2020
11,656547,"Holder, Jonathan",9/12/2020,631185,11,100,2020
11,656876,"Rasmussen, Drew",9/13/2020,631286,11,100,2020
11,656685,"Martin, Brett",9/15/2020,631433,11,100,2020
11,656685,"Martin, Brett",9/12/2020,630932,11,100,2020
11,656945,"Scott, Tanner",9/12/2020,631185,11,100,2020
11,605177,"Chafin, Andrew",8/8/2020,631074,11,100,2020
11,657624,"James, Josh",9/12/2020,631331,11,100,2020
11,660896,"Alcala, Jorge",9/14/2020,631482,11,100,2020
11,518397,"Alexander, Scott",8/25/2020,631015,11,100,2020
11,433589,"Petit, Yusmeiro",7/27/2020,631168,11,100,2020
11,433589,"Petit, Yusmeiro",7/24/2020,631182,11,100,2020
11,606149,"Gallegos, Giovanny",8/17/2020,631613,11,100,2020
11,642130,"Taylor, Blake",9/5/2020,631388,11,100,2020
11,475054,"Roe, Chaz",7/26/2020,630968,11,100,2020
11,488748,"Buchter, Ryan",7/24/2020,631182,11,100,2020
11,518813,"Holland, Greg",8/26/2020,630979,11,100,2020
11,518617,"Diekman, Jake",7/26/2020,631165,11,100,2020
11,518693,"Freeman, Sam",7/28/2020,630866,11,100,2020
11,606424,"García, Jarlín",9/22/2020,631010,11,100,2020
11,607179,"Weems, Jordan",9/22/2020,631333,11,100,2020
11,519008,"McFarland, T.J.",7/26/2020,631165,11,100,2020
11,650895,"Castillo, Diego",9/4/2020,630954,11,100,2020
11,643511,"Rogers, Tyler",9/22/2020,631010,11,100,2020
11,607237,"Garrett, Amir",9/22/2020,631580,11,100,2020
11,607374,"Tropeano, Nick",9/21/2020,631087,11,100,2020
11,543118,"Drake, Oliver",7/28/2020,630970,11,100,2020
11,545064,"Díaz, Jairo",7/24/2020,630941,11,100,2020
11,547179,"Lorenzen, Michael",7/25/2020,631603,11,100,2020
11,570488,"Valdez, Phillips",7/27/2020,631669,11,100,2020
11,571670,"Floro, Dylan",7/24/2020,631378,11,100,2020
11,572096,"Rosenthal, Trevor",7/25/2020,631565,11,100,2020
11,641755,"Kinley, Tyler",9/19/2020,631512,11,100,2020
11,572096,"Rosenthal, Trevor",7/28/2020,631490,11,100,2020
11,542914,"Bass, Anthony",8/26/2020,630863,11,100,2020
11,608665,"Graveman, Kendall",9/20/2020,631037,11,100,2020
11,664157,"Bergen, Travis",9/4/2020,631003,11,100,2020
11,517008,"Colomé, Alex",8/7/2020,631504,11,100,2020
11,623470,"Newberry, Jake",9/22/2020,631411,11,100,2020
11,595897,"Burdi, Nick",7/26/2020,630993,11,100,2020
11,433589,"Petit, Yusmeiro",8/9/2020,631178,11,100,2020
11,445213,"Kintzler, Brandon",8/5/2020,630591,11,100,2020
11,605218,"Edwards Jr., Carl",7/26/2020,631441,11,100,2020
11,543867,"Turley, Nik",8/27/2020,631000,11,100,2020
11,607237,"Garrett, Amir",7/26/2020,631591,11,100,2020
11,608032,"Estévez, Carlos",7/28/2020,631171,11,100,2020
11,608032,"Estévez, Carlos",7/24/2020,630941,11,100,2020
11,608371,"Sims, Lucas",7/27/2020,631592,11,100,2020
11,612434,"Castro, Miguel",7/26/2020,631668,11,100,2020
11,461325,"Clippard, Tyler",8/9/2020,631421,11,100,2020
11,621295,"Wittgren, Nick",7/25/2020,631565,11,100,2020
10,453343,"Melancon, Mark",8/9/2020,631136,10,100,2020
10,476454,"Betances, Dellin",8/9/2020,631235,10,100,2020
10,642770,"Guerra, Javy",7/28/2020,631014,10,100,2020
10,571670,"Floro, Dylan",8/25/2020,631015,10,100,2020
10,572888,"Greene, Shane",8/26/2020,630361,10,100,2020
10,518617,"Diekman, Jake",8/8/2020,631177,10,100,2020
10,642152,"Trivino, Lou",7/25/2020,631181,10,100,2020
10,605488,"Springs, Jeffrey",8/8/2020,631658,10,100,2020
10,643511,"Rogers, Tyler",7/25/2020,631382,10,100,2020
10,519151,"Pressly, Ryan",8/7/2020,631176,10,100,2020
10,650895,"Castillo, Diego",7/27/2020,630969,10,100,2020
10,519381,"Venditte, Pat",8/8/2020,631236,10,100,2020
10,521230,"Hendriks, Liam",8/7/2020,631176,10,100,2020
10,657611,"Hill, Cam",7/26/2020,631566,10,100,2020
10,593833,"Suero, Wander",8/29/2020,631654,10,100,2020
10,570240,"Peña, Félix",8/8/2020,630935,10,100,2020
10,518489,"Brasier, Ryan",9/15/2020,631314,10,100,2020
10,643511,"Rogers, Tyler",9/23/2020,631011,10,100,2020
10,656354,"Davis, Austin",9/21/2020,631087,10,100,2020
10,543867,"Turley, Nik",9/18/2020,631102,10,100,2020
10,593833,"Suero, Wander",8/5/2020,630878,10,100,2020
10,595001,"Smith, Josh A.",8/8/2020,631236,10,100,2020
10,592773,"Stanek, Ryne",9/18/2020,631316,10,100,2020
10,657097,"Webb, Jacob",9/19/2020,631214,10,100,2020
10,605130,"Barlow, Scott",9/16/2020,631463,10,100,2020
10,657611,"Hill, Cam",9/19/2020,631466,10,100,2020
10,607560,"Harper, Ryne",9/15/2020,630936,10,100,2020
10,650530,"Garcia, Bryan",8/19/2020,631497,10,100,2020
10,621345,"Minter, A.J.",9/18/2020,631213,10,100,2020
10,570663,"Robles, Hansel",8/15/2020,631363,10,100,2020
10,607625,"Lugo, Seth",8/8/2020,631236,10,100,2020
10,641941,"Pagán, Emilio",9/16/2020,631063,10,100,2020
10,643316,"Fry, Paul",9/15/2020,631680,10,100,2020
10,658551,"Fernández, Junior",9/17/2020,631101,10,100,2020
10,676220,"Elledge, Seth",9/16/2020,631289,10,100,2020
10,623474,"Herget, Jimmy",8/6/2020,631175,10,100,2020
10,624586,"Hoyt, James",8/7/2020,631237,10,100,2020
10,606424,"García, Jarlín",8/25/2020,631015,10,100,2020
10,448281,"Doolittle, Sean",8/30/2020,631655,10,100,2020
10,641582,"Foster, Matt",8/6/2020,631513,10,100,2020
10,453343,"Melancon, Mark",8/28/2020,631125,10,100,2020
10,641755,"Kinley, Tyler",8/5/2020,631544,10,100,2020
10,642100,"Speier, Gabe",8/8/2020,631420,10,100,2020
10,489265,"Romo, Sergio",8/31/2020,631247,10,100,2020
10,433589,"Petit, Yusmeiro",9/27/2020,631155,10,100,2020
10,542914,"Bass, Anthony",8/30/2020,630852,10,100,2020
10,621129,"Cody, Kyle",8/26/2020,630931,10,100,2020
10,592222,"Claudio, Alex",8/29/2020,631277,10,100,2020
10,621142,"Buttrey, Ty",8/25/2020,631426,10,100,2020
10,663432,"Rainey, Tanner",8/8/2020,630880,10,100,2020
10,664054,"Stashak, Cody",8/5/2020,631140,10,100,2020
10,640448,"Finnegan, Kyle",8/18/2020,630322,10,100,2020
10,593576,"Neris, Héctor",8/29/2020,631134,10,100,2020
10,621295,"Wittgren, Nick",9/19/2020,631466,10,100,2020
10,595928,"Curtiss, John",8/29/2020,631319,10,100,2020
10,664208,"Maton, Phil",8/9/2020,631506,10,100,2020
10,605195,"Crick, Kyle",9/1/2020,631109,10,100,2020
10,605151,"Bradley, Archie",8/30/2020,630219,10,100,2020
10,605335,"Leibrandt, Brandon",8/28/2020,631304,10,100,2020
10,493603,"Ottavino, Adam",9/26/2020,631193,10,100,2020
10,621290,"Bacus, Dakota",9/1/2020,631153,10,100,2020
10,446321,"Detwiler, Ross",8/23/2020,631639,10,100,2020
10,572125,"Selman, Sam",8/18/2020,631366,10,100,2020
10,641341,"Bashlor, Tyler",8/31/2020,631281,10,100,2020
10,542585,"Cisnero, José",9/26/2020,631385,10,100,2020
10,643511,"Rogers, Tyler",8/30/2020,630219,10,100,2020
10,489334,"Stammen, Craig",8/19/2020,631076,10,100,2020
10,650671,"Quijada, José",8/29/2020,631369,10,100,2020
10,517008,"Colomé, Alex",8/19/2020,631497,10,100,2020
10,656945,"Scott, Tanner",9/1/2020,631671,10,100,2020
10,542947,"Bleier, Richard",9/24/2020,631685,10,100,2020
10,572193,"Tepera, Ryan",8/15/2020,631611,10,100,2020
10,518813,"Holland, Greg",8/23/2020,631412,10,100,2020
10,519293,"Smith, Will",8/23/2020,630273,10,100,2020
10,642203,"Widener, Taylor",8/1/2020,630100,10,100,2020
10,641871,"Middleton, Keynan",8/16/2020,631364,10,100,2020
10,670329,"Garcia, Rico",7/23/2020,631377,10,100,2020
10,543867,"Turley, Nik",8/20/2020,631118,10,100,2020
10,547973,"Chapman, Aroldis",9/24/2020,630887,10,100,2020
10,545064,"Díaz, Jairo",8/21/2020,631348,10,100,2020
10,621242,"Díaz, Edwin",8/2/2020,630280,10,100,2020
10,570240,"Peña, Félix",8/23/2020,631170,10,100,2020
10,570663,"Robles, Hansel",9/27/2020,631338,10,100,2020
10,542947,"Bleier, Richard",8/4/2020,630575,10,100,2020
10,445213,"Kintzler, Brandon",8/4/2020,630575,10,100,2020
10,572125,"Selman, Sam",9/24/2020,631012,10,100,2020
10,623474,"Herget, Jimmy",7/31/2020,631019,10,100,2020
10,595928,"Curtiss, John",8/22/2020,630948,10,100,2020
10,643511,"Rogers, Tyler",7/29/2020,631033,10,100,2020
10,571948,"Milner, Hoby",8/4/2020,631057,10,100,2020
10,592332,"Gausman, Kevin",9/27/2020,631002,10,100,2020
10,605130,"Barlow, Scott",8/21/2020,631409,10,100,2020
10,592473,"Kolarek, Adam",9/25/2020,631336,10,100,2020
10,622075,"Almonte, Yency",7/29/2020,631172,10,100,2020
10,521230,"Hendriks, Liam",8/4/2020,631173,10,100,2020
10,502154,"Britton, Zack",8/2/2020,631210,10,100,2020
10,595465,"Winkler, Dan",9/25/2020,631486,10,100,2020
10,595918,"Cole, A.J.",9/27/2020,630858,10,100,2020
10,615698,"Quantrill, Cal",8/19/2020,631076,10,100,2020
10,621052,"Reyes, Alex",8/23/2020,630976,10,100,2020
10,657571,"Ferguson, Caleb",8/3/2020,631090,10,100,2020
10,596720,"Neverauskas, Dovydas",8/4/2020,631276,10,100,2020
10,641582,"Foster, Matt",8/23/2020,631639,10,100,2020
10,571656,"Farmer, Buck",7/29/2020,631492,10,100,2020
10,650530,"Garcia, Bryan",7/31/2020,631480,10,100,2020
10,641755,"Kinley, Tyler",8/3/2020,631542,10,100,2020
10,643256,"Cimber, Adam",7/29/2020,631569,10,100,2020
10,608371,"Sims, Lucas",8/4/2020,631597,10,100,2020
10,607231,"Gant, John",7/28/2020,631269,10,100,2020
10,593974,"Peralta, Wandy",7/31/2020,631019,10,100,2020
10,657044,"Thompson, Ryan",8/19/2020,631201,10,100,2020
10,519151,"Pressly, Ryan",8/16/2020,631450,10,100,2020
10,650895,"Castillo, Diego",8/1/2020,630492,10,100,2020
10,663432,"Rainey, Tanner",8/22/2020,630890,10,100,2020
10,518397,"Alexander, Scott",8/10/2020,631346,10,100,2020
10,552640,"Kittredge, Andrew",7/29/2020,630272,10,100,2020
10,572193,"Tepera, Ryan",8/11/2020,631572,10,100,2020
10,453192,"Miller, Andrew",9/20/2020,631086,10,100,2020
10,594577,"Mayers, Mike",8/15/2020,631363,10,100,2020
10,592229,"Covey, Dylan",8/11/2020,631646,10,100,2020
10,592233,"Crichton, Stefan",8/12/2020,631535,10,100,2020
10,453284,"Parker, Blake",9/19/2020,631123,10,100,2020
10,448281,"Doolittle, Sean",9/8/2020,630867,10,100,2020
10,641755,"Kinley, Tyler",9/26/2020,630271,10,100,2020
10,641627,"Gott, Trevor",8/25/2020,631015,10,100,2020
10,598287,"Ramirez, Noé",8/12/2020,631397,10,100,2020
10,606424,"García, Jarlín",8/12/2020,631447,10,100,2020
10,642130,"Taylor, Blake",9/25/2020,630913,10,100,2020
10,642152,"Trivino, Lou",9/26/2020,631169,10,100,2020
10,542888,"Armstrong, Shawn",9/26/2020,630891,10,100,2020
10,489334,"Stammen, Craig",9/8/2020,631071,10,100,2020
10,608718,"Suter, Brent",8/12/2020,631300,10,100,2020
10,650530,"Garcia, Bryan",9/1/2020,631287,10,100,2020
10,502748,"Peacock, Brad",9/10/2020,631162,10,100,2020
10,643256,"Cimber, Adam",9/27/2020,631538,10,100,2020
10,641941,"Pagán, Emilio",8/10/2020,631346,10,100,2020
10,642130,"Taylor, Blake",8/11/2020,631446,10,100,2020
10,642840,"Harvey, Joe",8/10/2020,631546,10,100,2020
10,643338,"Green, Chad",8/11/2020,631192,10,100,2020
10,606115,"Arcia, Orlando",9/1/2020,631287,10,100,2020
10,656945,"Scott, Tanner",8/11/2020,631139,10,100,2020
10,570663,"Robles, Hansel",9/9/2020,630925,10,100,2020
10,657277,"Webb, Logan",9/27/2020,631002,10,100,2020
10,594987,"Sadler, Casey",8/16/2020,631612,10,100,2020
10,592094,"Adam, Jason",9/9/2020,631616,10,100,2020
10,592390,"Hembree, Heath",9/6/2020,631209,10,100,2020
10,502239,"Cahill, Trevor",9/21/2020,631009,10,100,2020
10,664129,"Hartlieb, Geoff",9/24/2020,631099,10,100,2020
10,605240,"Fry, Jace",8/29/2020,631502,10,100,2020
10,595014,"Treinen, Blake",8/29/2020,630934,10,100,2020
10,592858,"Wick, Rowan",9/6/2020,631604,10,100,2020
10,664854,"Helsley, Ryan",9/25/2020,630963,10,100,2020
10,593576,"Neris, Héctor",9/7/2020,631225,10,100,2020
10,676604,"Zuber, Tyler",9/26/2020,631385,10,100,2020
10,606160,"Montero, Rafael",9/6/2020,631030,10,100,2020
10,519443,"Workman, Brandon",9/22/2020,630896,10,100,2020
10,622503,"Crismatt, Nabil",9/10/2020,630994,10,100,2020
10,628452,"Iglesias, Raisel",9/9/2020,631616,10,100,2020
10,657611,"Hill, Cam",8/6/2020,631571,10,100,2020
10,642397,"Soto, Gregory",8/7/2020,631105,10,100,2020
10,493603,"Ottavino, Adam",9/3/2020,631234,10,100,2020
10,543101,"DeSclafani, Anthony",9/22/2020,631580,10,100,2020
10,650530,"Garcia, Bryan",9/8/2020,631460,10,100,2020
10,543867,"Turley, Nik",9/23/2020,631089,10,100,2020
10,458677,"Wilson, Justin",8/30/2020,631205,10,100,2020
10,660813,"Graterol, Brusdar",9/9/2020,630221,10,100,2020
10,453192,"Miller, Andrew",8/17/2020,631613,10,100,2020
10,572070,"Richards, Garrett",9/19/2020,631036,10,100,2020
10,572125,"Selman, Sam",9/23/2020,631011,10,100,2020
10,542914,"Bass, Anthony",9/12/2020,630870,10,100,2020
10,595014,"Treinen, Blake",9/14/2020,631061,10,100,2020
10,598287,"Ramirez, Noé",9/2/2020,631379,10,100,2020
10,606160,"Montero, Rafael",9/12/2020,630910,10,100,2020
10,664076,"Cleavinger, Garrett",9/17/2020,631117,10,100,2020
10,593144,"Rodríguez, Richard",9/19/2020,631147,10,100,2020
10,621142,"Buttrey, Ty",9/11/2020,631530,10,100,2020
10,608371,"Sims, Lucas",9/4/2020,631602,10,100,2020
10,623433,"Anderson, Nick",9/12/2020,630959,10,100,2020
10,641729,"Jiménez, Joe",9/18/2020,631465,10,100,2020
10,661255,"López, Yoan",9/23/2020,630263,10,100,2020
10,622772,"Cordero, Jimmy",9/12/2020,631495,10,100,2020
10,594987,"Sadler, Casey",9/19/2020,631036,10,100,2020
10,621295,"Wittgren, Nick",9/2/2020,631404,10,100,2020
10,673633,"Hirano, Yoshihisa",9/12/2020,630225,10,100,2020
10,641582,"Foster, Matt",9/3/2020,631405,10,100,2020
10,445276,"Jansen, Kenley",7/26/2020,631384,10,100,2020
10,445926,"Chavez, Jesse",7/24/2020,630941,10,100,2020
10,606424,"García, Jarlín",8/18/2020,631366,10,100,2020
10,572955,"Johnson, Pierce",9/16/2020,631063,10,100,2020
10,448855,"Guerra, Junior",7/24/2020,631091,10,100,2020
10,475054,"Roe, Chaz",7/25/2020,630967,10,100,2020
10,488748,"Buchter, Ryan",7/28/2020,631387,10,100,2020
10,642003,"Reed, Cody",9/5/2020,630955,10,100,2020
10,542947,"Bleier, Richard",9/17/2020,631313,10,100,2020
10,605177,"Chafin, Andrew",9/20/2020,631617,10,100,2020
10,643338,"Green, Chad",9/3/2020,631234,10,100,2020
10,517008,"Colomé, Alex",7/28/2020,631567,10,100,2020
10,650530,"Garcia, Bryan",9/4/2020,631456,10,100,2020
10,641941,"Pagán, Emilio",9/23/2020,631065,10,100,2020
10,518813,"Holland, Greg",7/28/2020,631490,10,100,2020
10,519008,"McFarland, T.J.",7/27/2020,631168,10,100,2020
10,542585,"Cisnero, José",7/28/2020,631490,10,100,2020
10,656970,"Smeltzer, Devin",9/2/2020,631253,10,100,2020
10,521230,"Hendriks, Liam",8/26/2020,630931,10,100,2020
10,660600,"Paredes, Enoli",9/5/2020,631388,10,100,2020
10,657571,"Ferguson, Caleb",9/4/2020,631345,10,100,2020
10,660813,"Graterol, Brusdar",9/2/2020,631356,10,100,2020
10,643256,"Cimber, Adam",7/28/2020,631567,10,100,2020
10,624647,"González, Victor",9/20/2020,631519,10,100,2020
10,543867,"Turley, Nik",8/18/2020,631114,10,100,2020
10,572383,"Moran, Brian",7/25/2020,630967,10,100,2020
10,608717,"Stratton, Chris",9/22/2020,631088,10,100,2020
10,668941,"Romero, JoJo",9/3/2020,631146,10,100,2020
10,641656,"Hamilton, Ian",7/28/2020,631567,10,100,2020
10,594986,"Ryan, Kyle",7/26/2020,631643,10,100,2020
10,676051,"Heuer, Codi",9/4/2020,631406,10,100,2020
10,595918,"Cole, A.J.",7/25/2020,630967,10,100,2020
10,680702,"Gerber, Joey",9/5/2020,631044,10,100,2020
10,544727,"Familia, Jeurys",8/17/2020,631325,10,100,2020
10,424144,"Pérez, Oliver",8/5/2020,631570,10,100,2020
10,445926,"Chavez, Jesse",8/8/2020,630935,10,100,2020
10,608648,"Duffey, Tyler",8/15/2020,631280,10,100,2020
10,607237,"Garrett, Amir",7/25/2020,631603,10,100,2020
9,453172,"Hughes, Jared",8/7/2020,631237,9,100,2020
9,608349,"Knebel, Corey",7/24/2020,631641,9,100,2020
9,444468,"Rondón, Héctor",8/4/2020,630109,9,100,2020
9,448855,"Guerra, Junior",8/6/2020,630111,9,100,2020
9,622772,"Cordero, Jimmy",7/24/2020,631514,9,100,2020
9,605447,"Romano, Jordan",7/26/2020,630968,9,100,2020
9,605501,"Tarpley, Stephen",7/26/2020,631126,9,100,2020
9,624586,"Hoyt, James",9/19/2020,631317,9,100,2020
9,518397,"Alexander, Scott",8/7/2020,631358,9,100,2020
9,641838,"McCarthy, Kevin",7/26/2020,631566,9,100,2020
9,570240,"Peña, Félix",8/17/2020,631365,9,100,2020
9,519008,"McFarland, T.J.",8/6/2020,631175,9,100,2020
9,643778,"Webb, Tyler",7/28/2020,631269,9,100,2020
9,656945,"Scott, Tanner",7/26/2020,631668,9,100,2020
9,572955,"Johnson, Pierce",8/25/2020,631081,9,100,2020
9,663432,"Rainey, Tanner",7/25/2020,630899,9,100,2020
9,621097,"Waguespack, Jacob",8/16/2020,630872,9,100,2020
9,542947,"Bleier, Richard",8/7/2020,631237,9,100,2020
9,446321,"Detwiler, Ross",9/16/2020,631484,9,100,2020
9,488984,"Hunter, Tommy",9/15/2020,631144,9,100,2020
9,571948,"Milner, Hoby",8/7/2020,630920,9,100,2020
9,502578,"Barrett, Aaron",9/18/2020,631342,9,100,2020
9,572955,"Johnson, Pierce",8/8/2020,631074,9,100,2020
9,542882,"Andriese, Matt",9/18/2020,631367,9,100,2020
9,571656,"Farmer, Buck",9/15/2020,631462,9,100,2020
9,598264,"Barnes, Matt",8/5/2020,630972,9,100,2020
9,595411,"Sherriff, Ryan",9/18/2020,631661,9,100,2020
9,622772,"Cordero, Jimmy",9/17/2020,631485,9,100,2020
9,642397,"Soto, Gregory",9/18/2020,631465,9,100,2020
9,621366,"Borucki, Ryan",8/5/2020,630307,9,100,2020
9,621381,"Strahm, Matt",8/5/2020,631085,9,100,2020
9,606930,"Barnes, Jacob",8/24/2020,631439,9,100,2020
9,453268,"Bard, Daniel",8/29/2020,631525,9,100,2020
9,607560,"Harper, Ryne",8/24/2020,630898,9,100,2020
9,642100,"Speier, Gabe",8/5/2020,631417,9,100,2020
9,608648,"Duffey, Tyler",8/26/2020,631554,9,100,2020
9,542947,"Bleier, Richard",9/1/2020,631307,9,100,2020
9,445276,"Jansen, Kenley",9/27/2020,631338,9,100,2020
9,554340,"García, Yimi",8/31/2020,631223,9,100,2020
9,572955,"Johnson, Pierce",8/31/2020,631527,9,100,2020
9,592390,"Hembree, Heath",8/31/2020,631143,9,100,2020
9,661255,"López, Yoan",8/5/2020,630110,9,100,2020
9,592426,"Jackson, Luke",8/28/2020,631125,9,100,2020
9,621249,"Underwood Jr., Duane",8/25/2020,631467,9,100,2020
9,605388,"Morgan, Adam",8/28/2020,631125,9,100,2020
9,606131,"Perdomo, Luis",8/29/2020,631525,9,100,2020
9,606160,"Montero, Rafael",9/1/2020,631430,9,100,2020
9,608717,"Stratton, Chris",8/31/2020,631281,9,100,2020
9,621142,"Buttrey, Ty",8/31/2020,631374,9,100,2020
9,445213,"Kintzler, Brandon",8/21/2020,630886,9,100,2020
9,623470,"Newberry, Jake",8/30/2020,631505,9,100,2020
9,572888,"Greene, Shane",8/15/2020,631330,9,100,2020
9,650530,"Garcia, Bryan",8/29/2020,631458,9,100,2020
9,502202,"Boxberger, Brad",8/22/2020,631341,9,100,2020
9,664126,"Fairbanks, Pete",8/31/2020,631206,9,100,2020
9,542585,"Cisnero, José",8/23/2020,631551,9,100,2020
9,660813,"Graterol, Brusdar",8/1/2020,630100,9,100,2020
9,542914,"Bass, Anthony",8/22/2020,630948,9,100,2020
9,542947,"Bleier, Richard",8/22/2020,631341,9,100,2020
9,543483,"Magill, Matt",8/21/2020,631050,9,100,2020
9,453343,"Melancon, Mark",7/29/2020,630272,9,100,2020
9,642207,"Williams, Devin",8/25/2020,631302,9,100,2020
9,664042,"Lakins Sr., Travis",8/1/2020,630492,9,100,2020
9,446321,"Detwiler, Ross",8/16/2020,631491,9,100,2020
9,501593,"Avilán, Luis",7/29/2020,630495,9,100,2020
9,571901,"Loup, Aaron",8/4/2020,630971,9,100,2020
9,641312,"Anderson, Shaun",7/31/2020,631019,9,100,2020
9,450172,"Volquez, Edinson",8/2/2020,631021,9,100,2020
9,643316,"Fry, Paul",8/25/2020,630951,9,100,2020
9,657612,"Hill, Tim",7/29/2020,631033,9,100,2020
9,592473,"Kolarek, Adam",9/26/2020,631337,9,100,2020
9,657024,"Swanson, Erik",8/2/2020,631068,9,100,2020
9,606131,"Perdomo, Luis",8/22/2020,631079,9,100,2020
9,656322,"Coonrod, Sam",8/25/2020,631015,9,100,2020
9,607455,"Banda, Anthony",8/22/2020,630948,9,100,2020
9,621381,"Strahm, Matt",8/21/2020,631078,9,100,2020
9,605359,"Marshall, Evan",9/26/2020,631487,9,100,2020
9,571948,"Milner, Hoby",7/30/2020,631390,9,100,2020
9,488748,"Buchter, Ryan",8/1/2020,631392,9,100,2020
9,606160,"Montero, Rafael",9/27/2020,630915,9,100,2020
9,605130,"Barlow, Scott",7/31/2020,631410,9,100,2020
9,628452,"Iglesias, Raisel",8/21/2020,630990,9,100,2020
9,650530,"Garcia, Bryan",7/29/2020,631492,9,100,2020
9,676604,"Zuber, Tyler",7/29/2020,631492,9,100,2020
9,642003,"Reed, Cody",8/22/2020,630991,9,100,2020
9,670056,"Baragar, Caleb",8/25/2020,631015,9,100,2020
9,642083,"Slegers, Aaron",8/20/2020,631202,9,100,2020
9,608032,"Estévez, Carlos",9/25/2020,630270,9,100,2020
9,642397,"Soto, Gregory",8/23/2020,631551,9,100,2020
9,502026,"Jeffress, Jeremy",8/2/2020,631606,9,100,2020
9,621142,"Buttrey, Ty",9/25/2020,631336,9,100,2020
9,444468,"Rondón, Héctor",8/10/2020,631546,9,100,2020
9,424144,"Pérez, Oliver",9/22/2020,631550,9,100,2020
9,532077,"Osuna, Roberto",8/1/2020,631392,9,100,2020
9,542960,"Brach, Brad",8/12/2020,631232,9,100,2020
9,543339,"Hudson, Daniel",8/11/2020,631243,9,100,2020
9,445276,"Jansen, Kenley",9/19/2020,631512,9,100,2020
9,570666,"Cessa, Luis",8/11/2020,631192,9,100,2020
9,607555,"Guilbeau, Taylor",8/20/2020,631049,9,100,2020
9,670990,"Ramírez, Yohan",8/20/2020,631049,9,100,2020
9,433589,"Petit, Yusmeiro",9/6/2020,631158,9,100,2020
9,656945,"Scott, Tanner",8/18/2020,631681,9,100,2020
9,453343,"Melancon, Mark",9/21/2020,630440,9,100,2020
9,475479,"Phelps, David",7/29/2020,631137,9,100,2020
9,445926,"Chavez, Jesse",9/9/2020,630925,9,100,2020
9,595001,"Smith, Josh A.",8/14/2020,631322,9,100,2020
9,453343,"Melancon, Mark",9/10/2020,630869,9,100,2020
9,605151,"Bradley, Archie",8/10/2020,631546,9,100,2020
9,572888,"Greene, Shane",9/25/2020,630569,9,100,2020
9,605447,"Romano, Jordan",8/11/2020,630901,9,100,2020
9,458677,"Wilson, Justin",9/22/2020,631217,9,100,2020
9,465657,"Soria, Joakim",9/9/2020,631161,9,100,2020
9,475479,"Phelps, David",9/7/2020,631225,9,100,2020
9,623433,"Anderson, Nick",8/1/2020,630492,9,100,2020
9,606160,"Montero, Rafael",8/11/2020,630924,9,100,2020
9,608648,"Duffey, Tyler",8/11/2020,631299,9,100,2020
9,502026,"Jeffress, Jeremy",9/10/2020,631634,9,100,2020
9,657031,"Taylor, Josh",8/17/2020,631199,9,100,2020
9,465657,"Soria, Joakim",9/19/2020,631164,9,100,2020
9,641645,"Guillorme, Luis",8/10/2020,631233,9,100,2020
9,521230,"Hendriks, Liam",9/10/2020,631162,9,100,2020
9,489119,"Miley, Wade",9/23/2020,631583,9,100,2020
9,543339,"Hudson, Daniel",8/22/2020,630890,9,100,2020
9,656186,"Altavilla, Dan",9/26/2020,631016,9,100,2020
9,542960,"Brach, Brad",9/6/2020,631209,9,100,2020
9,656547,"Holder, Jonathan",8/12/2020,631208,9,100,2020
9,489265,"Romo, Sergio",9/22/2020,631251,9,100,2020
9,488984,"Hunter, Tommy",9/19/2020,631123,9,100,2020
9,571616,"Dermody, Matt",9/6/2020,631604,9,100,2020
9,571656,"Farmer, Buck",9/8/2020,631460,9,100,2020
9,664977,"Cederlind, Blake",9/24/2020,631099,9,100,2020
9,623352,"Hader, Josh",8/25/2020,631302,9,100,2020
9,606149,"Gallegos, Giovanny",8/31/2020,631585,9,100,2020
9,670056,"Baragar, Caleb",9/24/2020,631012,9,100,2020
9,680702,"Gerber, Joey",9/27/2020,631155,9,100,2020
9,608032,"Estévez, Carlos",9/7/2020,631084,9,100,2020
9,521655,"Font, Wilmer",8/16/2020,630872,9,100,2020
9,621141,"Lockett, Walker",9/7/2020,631031,9,100,2020
9,472610,"García, Luis",9/3/2020,631432,9,100,2020
9,670167,"Schreiber, John",8/16/2020,631479,9,100,2020
9,489334,"Stammen, Craig",9/4/2020,631156,9,100,2020
9,453172,"Hughes, Jared",9/26/2020,630894,9,100,2020
9,543118,"Drake, Oliver",9/20/2020,631672,9,100,2020
9,650633,"King, Michael",9/8/2020,630860,9,100,2020
9,517008,"Colomé, Alex",9/5/2020,631408,9,100,2020
9,605130,"Barlow, Scott",8/16/2020,631252,9,100,2020
9,424144,"Pérez, Oliver",9/27/2020,631538,9,100,2020
9,543883,"Vincent, Nick",9/21/2020,630440,9,100,2020
9,543883,"Vincent, Nick",9/22/2020,630385,9,100,2020
9,542914,"Bass, Anthony",9/2/2020,631308,9,100,2020
9,542947,"Bleier, Richard",9/4/2020,630954,9,100,2020
9,459429,"McGee, Jake",9/1/2020,631355,9,100,2020
9,570240,"Peña, Félix",9/3/2020,631368,9,100,2020
9,675916,"Karinchak, James",9/8/2020,631559,9,100,2020
9,502154,"Britton, Zack",9/12/2020,631185,9,100,2020
9,503285,"O'Day, Darren",9/13/2020,630883,9,100,2020
9,572703,"Bard, Luke",9/5/2020,631388,9,100,2020
9,660813,"Graterol, Brusdar",7/23/2020,631377,9,100,2020
9,573009,"Mantiply, Joe",9/3/2020,631370,9,100,2020
9,572888,"Greene, Shane",9/11/2020,630873,9,100,2020
9,592473,"Kolarek, Adam",9/18/2020,631511,9,100,2020
9,572888,"Greene, Shane",8/6/2020,630313,9,100,2020
9,592233,"Crichton, Stefan",9/11/2020,630224,9,100,2020
9,592390,"Hembree, Heath",9/11/2020,631318,9,100,2020
9,592473,"Kolarek, Adam",9/12/2020,631331,9,100,2020
9,598264,"Barnes, Matt",9/2/2020,631624,9,100,2020
9,571602,"Davidson, Matt",8/6/2020,631571,9,100,2020
9,595918,"Cole, A.J.",9/13/2020,630875,9,100,2020
9,595928,"Curtiss, John",9/11/2020,630958,9,100,2020
9,592094,"Adam, Jason",9/20/2020,631617,9,100,2020
9,459429,"McGee, Jake",8/25/2020,631015,9,100,2020
9,607560,"Harper, Ryne",9/5/2020,630383,9,100,2020
9,630263,"Bourque, James",9/13/2020,630883,9,100,2020
9,641312,"Anderson, Shaun",9/20/2020,631166,9,100,2020
9,594986,"Ryan, Kyle",9/22/2020,631088,9,100,2020
9,641627,"Gott, Trevor",9/5/2020,631004,9,100,2020
9,448855,"Guerra, Junior",7/27/2020,631098,9,100,2020
9,489446,"Yates, Kirby",7/25/2020,631092,9,100,2020
9,643256,"Cimber, Adam",9/4/2020,631555,9,100,2020
9,643338,"Green, Chad",9/2/2020,631194,9,100,2020
9,642130,"Taylor, Blake",7/24/2020,631438,9,100,2020
9,623474,"Herget, Jimmy",9/21/2020,631376,9,100,2020
9,656685,"Martin, Brett",9/5/2020,631044,9,100,2020
9,660600,"Paredes, Enoli",9/2/2020,631431,9,100,2020
9,544727,"Familia, Jeurys",7/25/2020,631241,9,100,2020
9,554431,"Matzek, Tyler",7/28/2020,630970,9,100,2020
9,571656,"Farmer, Buck",7/28/2020,631490,9,100,2020
9,453265,"Watson, Tony",8/17/2020,631365,9,100,2020
9,571670,"Floro, Dylan",7/25/2020,631382,9,100,2020
9,608665,"Graveman, Kendall",9/19/2020,631036,9,100,2020
9,572888,"Greene, Shane",7/24/2020,631242,9,100,2020
9,592473,"Kolarek, Adam",7/26/2020,631384,9,100,2020
9,592858,"Wick, Rowan",7/27/2020,631592,9,100,2020
9,614179,"Ruiz, José",9/20/2020,631578,9,100,2020
9,448281,"Doolittle, Sean",8/8/2020,630880,9,100,2020
8,503569,"Dolis, Rafael",8/11/2020,630901,8,100,2020
8,622098,"Smith, Drew",7/25/2020,631241,8,100,2020
8,518553,"Cishek, Steve",8/11/2020,631474,8,100,2020
8,660813,"Graterol, Brusdar",8/22/2020,631349,8,100,2020
8,605447,"Romano, Jordan",7/27/2020,630861,8,100,2020
8,607219,"Romano, Sal",9/18/2020,631576,8,100,2020
8,467008,"Strop, Pedro",8/7/2020,631295,8,100,2020
8,623433,"Anderson, Nick",7/28/2020,630970,8,100,2020
8,502154,"Britton, Zack",8/5/2020,631127,8,100,2020
8,641729,"Jiménez, Joe",7/28/2020,631490,8,100,2020
8,642233,"Yardley, Eric",7/28/2020,631132,8,100,2020
8,642233,"Yardley, Eric",7/27/2020,631130,8,100,2020
8,642397,"Soto, Gregory",7/28/2020,631490,8,100,2020
8,518813,"Holland, Greg",8/8/2020,631420,8,100,2020
8,656186,"Altavilla, Dan",7/26/2020,631441,8,100,2020
8,660813,"Graterol, Brusdar",7/26/2020,631384,8,100,2020
8,542914,"Bass, Anthony",8/8/2020,631658,8,100,2020
8,642152,"Trivino, Lou",9/19/2020,631164,8,100,2020
8,448855,"Guerra, Junior",9/15/2020,631360,8,100,2020
8,643778,"Webb, Tyler",9/20/2020,631086,8,100,2020
8,571974,"Murphy, John Ryan",8/8/2020,631106,8,100,2020
8,523260,"Kelly, Joe",9/18/2020,631511,8,100,2020
8,523260,"Kelly, Joe",9/17/2020,631510,8,100,2020
8,592612,"Osich, Josh",8/8/2020,631658,8,100,2020
8,542947,"Bleier, Richard",9/15/2020,631314,8,100,2020
8,543901,"Weber, Ryan",9/17/2020,631313,8,100,2020
8,592865,"Williams, Taylor",8/8/2020,631046,8,100,2020
8,592233,"Crichton, Stefan",9/18/2020,631436,8,100,2020
8,598264,"Barnes, Matt",8/9/2020,631630,8,100,2020
8,592773,"Stanek, Ryne",9/15/2020,631314,8,100,2020
8,595465,"Winkler, Dan",8/25/2020,631467,8,100,2020
8,605388,"Morgan, Adam",8/5/2020,631127,8,100,2020
8,661255,"López, Yoan",9/19/2020,631437,8,100,2020
8,663765,"Woodford, Jake",9/19/2020,631147,8,100,2020
8,608032,"Estévez, Carlos",8/5/2020,631544,8,100,2020
8,622092,"Zimmer, Kyle",8/17/2020,631258,8,100,2020
8,622098,"Smith, Drew",8/8/2020,631236,8,100,2020
8,623433,"Anderson, Nick",8/8/2020,630973,8,100,2020
8,676220,"Elledge, Seth",9/17/2020,631101,8,100,2020
8,571901,"Loup, Aaron",8/16/2020,630872,8,100,2020
8,641941,"Pagán, Emilio",8/7/2020,631073,8,100,2020
8,453343,"Melancon, Mark",8/31/2020,631656,8,100,2020
8,455119,"Martin, Chris",8/31/2020,631656,8,100,2020
8,502202,"Boxberger, Brad",8/28/2020,631304,8,100,2020
8,519151,"Pressly, Ryan",8/29/2020,631428,8,100,2020
8,445276,"Jansen, Kenley",8/15/2020,631363,8,100,2020
8,656945,"Scott, Tanner",8/5/2020,631339,8,100,2020
8,657044,"Thompson, Ryan",8/9/2020,630946,8,100,2020
8,622088,"Antone, Tejay",8/24/2020,631301,8,100,2020
8,607067,"Rea, Colin",8/30/2020,631584,8,100,2020
8,605388,"Morgan, Adam",8/30/2020,631135,8,100,2020
8,621011,"Schrock, Max",8/28/2020,630980,8,100,2020
8,641739,"Kaminsky, Rob",8/16/2020,631491,8,100,2020
8,433589,"Petit, Yusmeiro",8/22/2020,631154,8,100,2020
8,624586,"Hoyt, James",9/1/2020,631307,8,100,2020
8,518553,"Cishek, Steve",8/19/2020,631497,8,100,2020
8,656945,"Scott, Tanner",8/31/2020,630900,8,100,2020
8,670426,"Diehl, Phillip",8/28/2020,631524,8,100,2020
8,543507,"May, Trevor",8/21/2020,631409,8,100,2020
8,660813,"Graterol, Brusdar",7/30/2020,630145,8,100,2020
8,571901,"Loup, Aaron",8/20/2020,631202,8,100,2020
8,643316,"Fry, Paul",8/4/2020,630575,8,100,2020
8,476454,"Betances, Dellin",8/4/2020,630874,8,100,2020
8,592804,"Thornburg, Tyler",8/21/2020,630990,8,100,2020
8,643511,"Rogers, Tyler",8/1/2020,631020,8,100,2020
8,433589,"Petit, Yusmeiro",8/1/2020,631067,8,100,2020
8,605525,"Wendelken, J.B.",8/3/2020,631070,8,100,2020
8,656887,"Reid-Foley, Sean",8/26/2020,630863,8,100,2020
8,465657,"Soria, Joakim",8/4/2020,631173,8,100,2020
8,643338,"Green, Chad",8/3/2020,631219,8,100,2020
8,657612,"Hill, Tim",8/27/2020,631083,8,100,2020
8,663432,"Rainey, Tanner",8/26/2020,630853,8,100,2020
8,621295,"Wittgren, Nick",8/22/2020,631564,8,100,2020
8,624586,"Hoyt, James",8/19/2020,631327,8,100,2020
8,518617,"Diekman, Jake",8/17/2020,630118,8,100,2020
8,572125,"Selman, Sam",9/27/2020,631002,8,100,2020
8,607237,"Garrett, Amir",9/25/2020,631246,8,100,2020
8,642397,"Soto, Gregory",7/31/2020,631480,8,100,2020
8,453265,"Watson, Tony",8/4/2020,631543,8,100,2020
8,519151,"Pressly, Ryan",8/15/2020,631449,8,100,2020
8,605130,"Barlow, Scott",8/4/2020,631608,8,100,2020
8,650530,"Garcia, Bryan",8/22/2020,631564,8,100,2020
8,621366,"Borucki, Ryan",9/25/2020,630889,8,100,2020
8,656945,"Scott, Tanner",8/23/2020,631670,8,100,2020
8,660600,"Paredes, Enoli",8/21/2020,631078,8,100,2020
8,571670,"Floro, Dylan",9/24/2020,631335,8,100,2020
8,680702,"Gerber, Joey",8/29/2020,631369,8,100,2020
8,545064,"Díaz, Jairo",8/14/2020,631516,8,100,2020
8,664948,"Misiewicz, Anthony",8/23/2020,631052,8,100,2020
8,640451,"Harvey, Hunter",9/27/2020,630858,8,100,2020
8,670167,"Schreiber, John",8/20/2020,631498,8,100,2020
8,675916,"Karinchak, James",8/5/2020,631570,8,100,2020
8,573204,"Thielbar, Caleb",8/12/2020,631300,8,100,2020
8,641755,"Kinley, Tyler",9/24/2020,631012,8,100,2020
8,598287,"Ramirez, Noé",8/14/2020,631381,8,100,2020
8,641941,"Pagán, Emilio",9/27/2020,631002,8,100,2020
8,593144,"Rodríguez, Richard",8/29/2020,631277,8,100,2020
8,542947,"Bleier, Richard",8/28/2020,631304,8,100,2020
8,642121,"Sulser, Cole",9/26/2020,630891,8,100,2020
8,458676,"Lindblom, Josh",9/9/2020,631461,8,100,2020
8,605501,"Tarpley, Stephen",8/14/2020,631322,8,100,2020
8,621142,"Buttrey, Ty",8/12/2020,631397,8,100,2020
8,518813,"Holland, Greg",9/6/2020,631407,8,100,2020
8,622251,"Staumont, Josh",8/11/2020,631598,8,100,2020
8,624586,"Hoyt, James",8/11/2020,630901,8,100,2020
8,475479,"Phelps, David",9/22/2020,630896,8,100,2020
8,670056,"Baragar, Caleb",9/18/2020,631163,8,100,2020
8,519393,"Walden, Marcus",9/6/2020,631626,8,100,2020
8,656464,"Ginkel, Kevin",8/11/2020,631547,8,100,2020
8,657612,"Hill, Tim",8/14/2020,630115,8,100,2020
8,663366,"Burrows, Beau",8/11/2020,631474,8,100,2020
8,621294,"Heller, Ben",8/8/2020,630973,8,100,2020
8,656685,"Martin, Brett",9/25/2020,630913,8,100,2020
8,664208,"Maton, Phil",8/11/2020,631572,8,100,2020
8,548384,"Raley, Brooks",9/6/2020,631359,8,100,2020
8,491624,"Valdez, César",9/20/2020,631672,8,100,2020
8,607572,"Howard, Sam",9/18/2020,631102,8,100,2020
8,592858,"Wick, Rowan",9/10/2020,631634,8,100,2020
8,518886,"Kimbrel, Craig",9/23/2020,631089,8,100,2020
8,607231,"Gant, John",9/10/2020,630995,8,100,2020
8,664139,"Gibaut, Ian",8/17/2020,630927,8,100,2020
8,520980,"Báez, Pedro",9/20/2020,631519,8,100,2020
8,623474,"Herget, Jimmy",9/7/2020,631031,8,100,2020
8,488984,"Hunter, Tommy",9/4/2020,631221,8,100,2020
8,642092,"Smith, Riley",9/6/2020,631005,8,100,2020
8,592644,"Plutko, Adam",8/6/2020,631571,8,100,2020
8,534910,"Hahn, Jesse",9/16/2020,631463,8,100,2020
8,641851,"McGowin, Kyle",9/10/2020,630869,8,100,2020
8,642231,"Yacabonis, Jimmy",9/9/2020,631008,8,100,2020
8,643256,"Cimber, Adam",9/7/2020,631558,8,100,2020
8,518489,"Brasier, Ryan",9/3/2020,631614,8,100,2020
8,459429,"McGee, Jake",9/18/2020,631511,8,100,2020
8,503569,"Dolis, Rafael",9/2/2020,631308,8,100,2020
8,518886,"Kimbrel, Craig",9/3/2020,631112,8,100,2020
8,664157,"Bergen, Travis",9/10/2020,630223,8,100,2020
8,664208,"Maton, Phil",9/7/2020,631558,8,100,2020
8,668941,"Romero, JoJo",9/8/2020,631152,8,100,2020
8,676604,"Zuber, Tyler",9/6/2020,631407,8,100,2020
8,641401,"Brogdon, Connor",9/23/2020,630892,8,100,2020
8,570257,"Rodríguez, Joely",9/5/2020,631044,8,100,2020
8,488984,"Hunter, Tommy",9/12/2020,631311,8,100,2020
8,571901,"Loup, Aaron",9/19/2020,631662,8,100,2020
8,605177,"Chafin, Andrew",8/17/2020,630118,8,100,2020
8,605359,"Marshall, Evan",9/4/2020,631406,8,100,2020
8,605482,"Sneed, Cy",9/13/2020,631332,8,100,2020
8,628452,"Iglesias, Raisel",9/20/2020,631578,8,100,2020
8,622772,"Cordero, Jimmy",7/26/2020,631517,8,100,2020
8,592233,"Crichton, Stefan",9/23/2020,630263,8,100,2020
8,640451,"Harvey, Hunter",9/12/2020,631185,8,100,2020
8,472610,"García, Luis",8/26/2020,630931,8,100,2020
8,446321,"Detwiler, Ross",7/24/2020,631514,8,100,2020
8,502202,"Boxberger, Brad",7/24/2020,631121,8,100,2020
8,543883,"Vincent, Nick",8/18/2020,631326,8,100,2020
8,608648,"Duffey, Tyler",9/19/2020,631632,8,100,2020
8,592612,"Osich, Josh",7/25/2020,631666,8,100,2020
8,593974,"Peralta, Wandy",7/26/2020,631384,8,100,2020
8,593576,"Neris, Héctor",7/26/2020,631126,8,100,2020
8,595014,"Treinen, Blake",7/25/2020,631382,8,100,2020
8,596112,"Stephenson, Robert",7/25/2020,631603,8,100,2020
7,594577,"Mayers, Mike",7/24/2020,631182,7,100,2020
7,453343,"Melancon, Mark",8/6/2020,630313,7,100,2020
7,572383,"Moran, Brian",7/26/2020,630968,7,100,2020
7,571704,"Giles, Ken",9/15/2020,631195,7,100,2020
7,572125,"Selman, Sam",8/25/2020,631015,7,100,2020
7,657024,"Swanson, Erik",8/9/2020,631047,7,100,2020
7,630263,"Bourque, James",7/28/2020,630866,7,100,2020
7,501625,"Alvarez, Jose",8/6/2020,631129,7,100,2020
7,433589,"Petit, Yusmeiro",8/12/2020,631397,7,100,2020
7,664948,"Misiewicz, Anthony",7/26/2020,631441,7,100,2020
7,448855,"Guerra, Junior",9/18/2020,631436,7,100,2020
7,580792,"Goody, Nick",8/6/2020,631175,7,100,2020
7,503569,"Dolis, Rafael",9/18/2020,631122,7,100,2020
7,519393,"Walden, Marcus",9/18/2020,631627,7,100,2020
7,592390,"Hembree, Heath",8/7/2020,631623,7,100,2020
7,656222,"Beeks, Jalen",8/19/2020,631201,7,100,2020
7,592233,"Crichton, Stefan",9/16/2020,631361,7,100,2020
7,605488,"Springs, Jeffrey",9/17/2020,631313,7,100,2020
7,600968,"Rosario, Randy",8/24/2020,630977,7,100,2020
7,623433,"Anderson, Nick",9/15/2020,630936,7,100,2020
7,628452,"Iglesias, Raisel",9/16/2020,631575,7,100,2020
7,642233,"Yardley, Eric",9/18/2020,631266,7,100,2020
7,670056,"Baragar, Caleb",9/20/2020,631166,7,100,2020
7,445213,"Kintzler, Brandon",9/1/2020,631307,7,100,2020
7,641312,"Anderson, Shaun",8/9/2020,631373,7,100,2020
7,623168,"Heineman, Tyler",8/16/2020,631024,7,100,2020
7,534910,"Hahn, Jesse",8/31/2020,631414,7,100,2020
7,544727,"Familia, Jeurys",8/29/2020,631204,7,100,2020
7,518617,"Diekman, Jake",7/24/2020,631182,7,100,2020
7,622250,"Sborz, Josh",8/27/2020,631017,7,100,2020
7,607560,"Harper, Ryne",9/1/2020,631153,7,100,2020
7,608678,"Leone, Dominic",8/30/2020,630982,7,100,2020
7,445276,"Jansen, Kenley",8/21/2020,631348,7,100,2020
7,642233,"Yardley, Eric",8/30/2020,631278,7,100,2020
7,643511,"Rogers, Tyler",8/29/2020,630217,7,100,2020
7,592233,"Crichton, Stefan",8/2/2020,630101,7,100,2020
7,528748,"Castellanos, Humberto",8/4/2020,630109,7,100,2020
7,545064,"Díaz, Jairo",9/24/2020,631012,7,100,2020
7,458708,"Tomlin, Josh",8/4/2020,630284,7,100,2020
7,612434,"Castro, Miguel",7/30/2020,630496,7,100,2020
7,592169,"Brice, Austin",8/21/2020,631665,7,100,2020
7,594577,"Mayers, Mike",8/23/2020,631170,7,100,2020
7,461325,"Clippard, Tyler",8/16/2020,631252,7,100,2020
7,595001,"Smith, Josh A.",8/19/2020,631327,7,100,2020
7,595918,"Cole, A.J.",8/20/2020,630918,7,100,2020
7,596035,"McClain, Reggie",8/20/2020,630918,7,100,2020
7,592464,"Kickham, Mike",9/27/2020,630573,7,100,2020
7,621345,"Minter, A.J.",8/28/2020,631125,7,100,2020
7,606149,"Gallegos, Giovanny",8/19/2020,630997,7,100,2020
7,642397,"Soto, Gregory",8/16/2020,631479,7,100,2020
7,519008,"McFarland, T.J.",8/15/2020,631023,7,100,2020
7,605288,"Houser, Adrian",9/27/2020,630965,7,100,2020
7,592473,"Kolarek, Adam",8/29/2020,630934,7,100,2020
7,668687,"Scrubb, Andre",8/2/2020,631393,7,100,2020
7,641341,"Bashlor, Tyler",8/21/2020,631103,7,100,2020
7,571670,"Floro, Dylan",7/29/2020,631444,7,100,2020
7,608334,"Fulmer, Carson",8/2/2020,631470,7,100,2020
7,519141,"Pomeranz, Drew",7/31/2020,631539,7,100,2020
7,607237,"Garrett, Amir",8/4/2020,631597,7,100,2020
7,518858,"Jones, Nate",7/24/2020,631589,7,100,2020
7,624586,"Hoyt, James",8/8/2020,631236,7,100,2020
7,453265,"Watson, Tony",8/14/2020,631022,7,100,2020
7,521655,"Font, Wilmer",8/12/2020,630902,7,100,2020
7,621142,"Buttrey, Ty",9/17/2020,631362,7,100,2020
7,592858,"Wick, Rowan",8/17/2020,631613,7,100,2020
7,502154,"Britton, Zack",9/9/2020,630864,7,100,2020
7,594577,"Mayers, Mike",8/5/2020,631043,7,100,2020
7,622098,"Smith, Drew",8/10/2020,631233,7,100,2020
7,519393,"Walden, Marcus",9/8/2020,631152,7,100,2020
7,656464,"Ginkel, Kevin",8/10/2020,631546,7,100,2020
7,660813,"Graterol, Brusdar",8/12/2020,631350,7,100,2020
7,433589,"Petit, Yusmeiro",8/17/2020,630118,7,100,2020
7,521655,"Font, Wilmer",8/18/2020,631681,7,100,2020
7,592773,"Stanek, Ryne",9/8/2020,630438,7,100,2020
7,608349,"Knebel, Corey",9/8/2020,631460,7,100,2020
7,542585,"Cisnero, José",8/7/2020,631105,7,100,2020
7,519293,"Smith, Will",9/21/2020,630440,7,100,2020
7,622253,"Tate, Dillon",9/9/2020,631212,7,100,2020
7,476594,"Stock, Robert",9/5/2020,631625,7,100,2020
7,664092,"Poppen, Sean",9/8/2020,630984,7,100,2020
7,500610,"Guerra, Deolis",8/9/2020,631136,7,100,2020
7,519293,"Smith, Will",9/12/2020,630877,7,100,2020
7,592233,"Crichton, Stefan",9/2/2020,631356,7,100,2020
7,519293,"Smith, Will",8/9/2020,631136,7,100,2020
7,542882,"Andriese, Matt",9/12/2020,631531,7,100,2020
7,424144,"Pérez, Oliver",8/26/2020,631554,7,100,2020
7,502026,"Jeffress, Jeremy",8/17/2020,630996,7,100,2020
7,459429,"McGee, Jake",8/27/2020,631001,7,100,2020
7,656354,"Davis, Austin",9/14/2020,631590,7,100,2020
7,445213,"Kintzler, Brandon",7/24/2020,631121,7,100,2020
7,641729,"Jiménez, Joe",9/4/2020,631456,7,100,2020
7,642770,"Guerra, Javy",9/4/2020,631156,7,100,2020
7,642770,"Guerra, Javy",9/2/2020,631379,7,100,2020
6,457915,"Guerra, Javy",8/9/2020,630882,6,100,2020
6,459429,"McGee, Jake",8/9/2020,631373,6,100,2020
6,606149,"Gallegos, Giovanny",7/28/2020,631269,6,100,2020
6,489334,"Stammen, Craig",8/15/2020,630116,6,100,2020
6,628452,"Iglesias, Raisel",8/28/2020,631582,6,100,2020
6,657612,"Hill, Tim",7/26/2020,631097,6,100,2020
6,622098,"Smith, Drew",7/28/2020,631663,6,100,2020
6,661255,"López, Yoan",9/20/2020,631424,6,100,2020
6,624586,"Hoyt, James",9/21/2020,630440,6,100,2020
6,642397,"Soto, Gregory",7/24/2020,631589,6,100,2020
6,595411,"Sherriff, Ryan",8/30/2020,631306,6,100,2020
6,665093,"Grotz, Zac",7/26/2020,631441,6,100,2020
6,571948,"Milner, Hoby",8/5/2020,631043,6,100,2020
6,543507,"May, Trevor",9/17/2020,631485,6,100,2020
6,572125,"Selman, Sam",9/16/2020,631032,6,100,2020
6,592473,"Kolarek, Adam",9/17/2020,631510,6,100,2020
6,664948,"Misiewicz, Anthony",9/20/2020,631037,6,100,2020
6,461829,"González, Gio",9/27/2020,631488,6,100,2020
6,660600,"Paredes, Enoli",9/16/2020,631434,6,100,2020
6,626929,"Thorpe, Lewis",8/8/2020,631420,6,100,2020
6,685493,"Yamaguchi, Shun",9/21/2020,630876,6,100,2020
6,445213,"Kintzler, Brandon",8/31/2020,631223,6,100,2020
6,534910,"Hahn, Jesse",8/29/2020,631502,6,100,2020
6,543883,"Vincent, Nick",8/30/2020,631306,6,100,2020
6,570666,"Cessa, Luis",8/30/2020,631229,6,100,2020
6,453265,"Watson, Tony",9/26/2020,631016,6,100,2020
6,592612,"Osich, Josh",8/29/2020,631654,6,100,2020
6,465657,"Soria, Joakim",9/26/2020,631169,6,100,2020
6,453192,"Miller, Andrew",8/22/2020,630991,6,100,2020
6,500610,"Guerra, Deolis",8/21/2020,630324,6,100,2020
6,542947,"Bleier, Richard",9/26/2020,631193,6,100,2020
6,657612,"Hill, Tim",8/28/2020,631524,6,100,2020
6,592426,"Jackson, Luke",8/23/2020,630273,6,100,2020
6,518489,"Brasier, Ryan",8/4/2020,630971,6,100,2020
6,623149,"Sewald, Paul",7/30/2020,631238,6,100,2020
6,675916,"Karinchak, James",7/30/2020,631271,6,100,2020
6,605177,"Chafin, Andrew",9/27/2020,631488,6,100,2020
6,605218,"Edwards Jr., Carl",7/30/2020,631390,6,100,2020
6,640448,"Finnegan, Kyle",8/22/2020,630890,6,100,2020
6,642100,"Speier, Gabe",8/1/2020,631413,6,100,2020
6,641302,"Alexander, Tyler",7/30/2020,631494,6,100,2020
6,675916,"Karinchak, James",8/4/2020,631597,6,100,2020
6,664074,"Ponce, Cody",8/2/2020,631606,6,100,2020
6,641838,"McCarthy, Kevin",8/4/2020,631608,6,100,2020
6,445276,"Jansen, Kenley",8/14/2020,631381,6,100,2020
6,650895,"Castillo, Diego",8/20/2020,631202,6,100,2020
6,656546,"Hoffman, Jeff",8/26/2020,630099,6,100,2020
6,453268,"Bard, Daniel",8/11/2020,631547,6,100,2020
6,656913,"Romero, Seth",8/18/2020,630322,6,100,2020
6,489446,"Yates, Kirby",8/14/2020,630115,6,100,2020
6,493603,"Ottavino, Adam",8/14/2020,631196,6,100,2020
6,623470,"Newberry, Jake",8/26/2020,630979,6,100,2020
6,502154,"Britton, Zack",8/11/2020,631192,6,100,2020
6,519393,"Walden, Marcus",8/14/2020,631196,6,100,2020
6,458677,"Wilson, Justin",8/19/2020,631327,6,100,2020
6,664126,"Fairbanks, Pete",8/19/2020,631201,6,100,2020
6,572888,"Greene, Shane",8/10/2020,631138,6,100,2020
6,444468,"Rondón, Héctor",9/9/2020,630221,6,100,2020
6,592865,"Williams, Taylor",8/12/2020,630926,6,100,2020
6,594986,"Ryan, Kyle",8/14/2020,631610,6,100,2020
6,461829,"González, Gio",9/23/2020,631534,6,100,2020
6,623465,"Phillips, Evan",8/11/2020,631139,6,100,2020
6,519008,"McFarland, T.J.",9/8/2020,631160,6,100,2020
6,543883,"Vincent, Nick",9/7/2020,630415,6,100,2020
6,547179,"Lorenzen, Michael",9/6/2020,631116,6,100,2020
6,685493,"Yamaguchi, Shun",9/18/2020,631122,6,100,2020
6,657611,"Hill, Cam",9/27/2020,631538,6,100,2020
6,517008,"Colomé, Alex",9/22/2020,631550,6,100,2020
6,523260,"Kelly, Joe",9/22/2020,631333,6,100,2020
6,622772,"Cordero, Jimmy",9/8/2020,631096,6,100,2020
6,664948,"Misiewicz, Anthony",9/23/2020,631035,6,100,2020
6,554340,"García, Yimi",9/23/2020,630554,6,100,2020
6,664854,"Helsley, Ryan",9/10/2020,630995,6,100,2020
6,670056,"Baragar, Caleb",9/6/2020,631005,6,100,2020
6,660813,"Graterol, Brusdar",8/16/2020,631364,6,100,2020
6,453192,"Miller, Andrew",9/12/2020,630988,6,100,2020
6,519008,"McFarland, T.J.",9/13/2020,630911,6,100,2020
6,572955,"Johnson, Pierce",9/2/2020,631379,6,100,2020
6,624586,"Hoyt, James",9/12/2020,631311,6,100,2020
6,552640,"Kittredge, Andrew",8/5/2020,630972,6,100,2020
6,621249,"Underwood Jr., Duane",9/5/2020,630998,6,100,2020
6,656945,"Scott, Tanner",9/13/2020,631187,6,100,2020
6,424144,"Pérez, Oliver",8/16/2020,631479,6,100,2020
6,657612,"Hill, Tim",9/13/2020,631058,6,100,2020
6,461325,"Clippard, Tyler",8/26/2020,631554,6,100,2020
6,503285,"O'Day, Darren",8/9/2020,631131,6,100,2020
6,605130,"Barlow, Scott",9/23/2020,631380,6,100,2020
6,458677,"Wilson, Justin",7/25/2020,631241,6,100,2020
6,489334,"Stammen, Craig",7/27/2020,631098,6,100,2020
6,650530,"Garcia, Bryan",9/2/2020,631283,6,100,2020
6,607572,"Howard, Sam",9/22/2020,631088,6,100,2020
6,519443,"Workman, Brandon",7/28/2020,631663,6,100,2020
6,614179,"Ruiz, José",9/22/2020,631550,6,100,2020
6,571735,"Hale, David",7/25/2020,630899,6,100,2020
6,676604,"Zuber, Tyler",9/2/2020,631404,6,100,2020
6,424144,"Pérez, Oliver",8/9/2020,631506,6,100,2020
6,605177,"Chafin, Andrew",7/28/2020,630944,6,100,2020
5,621366,"Borucki, Ryan",9/22/2020,630881,5,100,2020
5,488748,"Buchter, Ryan",8/9/2020,630922,5,100,2020
5,459429,"McGee, Jake",8/5/2020,631085,5,100,2020
5,489334,"Stammen, Craig",8/7/2020,631073,5,100,2020
5,448855,"Guerra, Junior",8/14/2020,630115,5,100,2020
5,592390,"Hembree, Heath",7/27/2020,631669,5,100,2020
5,455119,"Martin, Chris",8/5/2020,630307,5,100,2020
5,542947,"Bleier, Richard",8/5/2020,630591,5,100,2020
5,623470,"Newberry, Jake",9/21/2020,631402,5,100,2020
5,475479,"Phelps, David",9/18/2020,631122,5,100,2020
5,676606,"Margevicius, Nick",7/27/2020,631442,5,100,2020
5,502202,"Boxberger, Brad",9/16/2020,631315,5,100,2020
5,548384,"Raley, Brooks",9/17/2020,631435,5,100,2020
5,570488,"Valdez, Phillips",9/16/2020,631315,5,100,2020
5,657044,"Thompson, Ryan",9/19/2020,631662,5,100,2020
5,621142,"Buttrey, Ty",8/9/2020,630922,5,100,2020
5,445276,"Jansen, Kenley",9/1/2020,631355,5,100,2020
5,572125,"Selman, Sam",8/15/2020,631023,5,100,2020
5,664139,"Gibaut, Ian",8/8/2020,630935,5,100,2020
5,595918,"Cole, A.J.",8/31/2020,630900,5,100,2020
5,607560,"Harper, Ryne",8/28/2020,631653,5,100,2020
5,607560,"Harper, Ryne",8/30/2020,631655,5,100,2020
5,445276,"Jansen, Kenley",8/22/2020,631349,5,100,2020
5,657571,"Ferguson, Caleb",7/23/2020,631377,5,100,2020
5,676604,"Zuber, Tyler",8/30/2020,631505,5,100,2020
5,592233,"Crichton, Stefan",8/17/2020,630118,5,100,2020
5,670056,"Baragar, Caleb",8/1/2020,631020,5,100,2020
5,656186,"Altavilla, Dan",8/27/2020,631083,5,100,2020
5,605309,"Kela, Keone",8/21/2020,631103,5,100,2020
5,658305,"García, Edgar",8/25/2020,630951,5,100,2020
5,607237,"Garrett, Amir",8/20/2020,630986,5,100,2020
5,612434,"Castro, Miguel",8/22/2020,631667,5,100,2020
5,573124,"Rogers, Taylor",7/31/2020,631272,5,100,2020
5,543507,"May, Trevor",8/4/2020,631276,5,100,2020
5,607231,"Gant, John",9/25/2020,630963,5,100,2020
5,622772,"Cordero, Jimmy",8/1/2020,631413,5,100,2020
5,650556,"Abreu, Bryan",7/29/2020,631444,5,100,2020
5,621242,"Díaz, Edwin",9/26/2020,630895,5,100,2020
5,592165,"Brennan, Brandon",9/27/2020,631155,5,100,2020
5,572125,"Selman, Sam",9/25/2020,631059,5,100,2020
5,450172,"Volquez, Edinson",8/11/2020,630924,5,100,2020
5,503285,"O'Day, Darren",8/12/2020,631208,5,100,2020
5,624586,"Hoyt, James",9/26/2020,631193,5,100,2020
5,571670,"Floro, Dylan",8/13/2020,631351,5,100,2020
5,571901,"Loup, Aaron",8/15/2020,630905,5,100,2020
5,461325,"Clippard, Tyler",9/23/2020,631250,5,100,2020
5,664042,"Lakins Sr., Travis",8/11/2020,631139,5,100,2020
5,592473,"Kolarek, Adam",9/6/2020,631344,5,100,2020
5,677651,"Garcia, Luis",9/27/2020,630915,5,100,2020
5,608678,"Leone, Dominic",8/5/2020,631570,5,100,2020
5,448281,"Doolittle, Sean",9/3/2020,631146,5,100,2020
5,621366,"Borucki, Ryan",9/6/2020,631626,5,100,2020
5,622492,"Mella, Keury",9/8/2020,630220,5,100,2020
5,685493,"Yamaguchi, Shun",8/15/2020,630905,5,100,2020
5,605388,"Morgan, Adam",8/25/2020,630855,5,100,2020
5,657612,"Hill, Tim",9/7/2020,631084,5,100,2020
5,534910,"Hahn, Jesse",9/12/2020,631400,5,100,2020
5,543867,"Turley, Nik",9/11/2020,631399,5,100,2020
5,592426,"Jackson, Luke",9/5/2020,630383,5,100,2020
5,572955,"Johnson, Pierce",9/22/2020,631064,5,100,2020
5,605240,"Fry, Jace",9/2/2020,631253,5,100,2020
5,518553,"Cishek, Steve",8/17/2020,631493,5,100,2020
5,592094,"Adam, Jason",9/12/2020,631285,5,100,2020
5,593833,"Suero, Wander",9/13/2020,630883,5,100,2020
5,607219,"Romano, Sal",9/14/2020,631590,5,100,2020
5,607231,"Gant, John",9/13/2020,630961,5,100,2020
5,542585,"Cisnero, José",8/26/2020,631455,5,100,2020
5,642152,"Trivino, Lou",9/12/2020,630910,5,100,2020
5,623352,"Hader, Josh",9/5/2020,631556,5,100,2020
5,664126,"Fairbanks, Pete",9/11/2020,630958,5,100,2020
5,598287,"Ramirez, Noé",9/19/2020,631372,5,100,2020
5,641627,"Gott, Trevor",9/4/2020,631003,5,100,2020
4,572888,"Greene, Shane",7/28/2020,630970,4,100,2020
4,592233,"Crichton, Stefan",7/24/2020,631091,4,100,2020
4,518553,"Cishek, Steve",7/28/2020,631567,4,100,2020
4,622075,"Almonte, Yency",9/21/2020,631009,4,100,2020
4,521655,"Font, Wilmer",8/14/2020,630903,4,100,2020
4,453268,"Bard, Daniel",9/19/2020,631512,4,100,2020
4,642397,"Soto, Gregory",9/5/2020,631264,4,100,2020
4,660600,"Paredes, Enoli",9/21/2020,631038,4,100,2020
4,630263,"Bourque, James",9/20/2020,631329,4,100,2020
4,595014,"Treinen, Blake",9/15/2020,631062,4,100,2020
4,670329,"Garcia, Rico",7/24/2020,631378,4,100,2020
4,621295,"Wittgren, Nick",9/15/2020,631618,4,100,2020
4,453178,"Kennedy, Ian",8/28/2020,631501,4,100,2020
4,453265,"Watson, Tony",8/30/2020,630219,4,100,2020
4,615698,"Quantrill, Cal",8/18/2020,630928,4,100,2020
4,455119,"Martin, Chris",9/27/2020,630573,4,100,2020
4,621290,"Bacus, Dakota",8/25/2020,630855,4,100,2020
4,502239,"Cahill, Trevor",9/27/2020,631002,4,100,2020
4,518858,"Jones, Nate",8/20/2020,630986,4,100,2020
4,656945,"Scott, Tanner",8/30/2020,630852,4,100,2020
4,668687,"Scrubb, Andre",9/1/2020,631430,4,100,2020
4,542888,"Armstrong, Shawn",8/21/2020,631665,4,100,2020
4,548384,"Raley, Brooks",9/25/2020,630913,4,100,2020
4,571656,"Farmer, Buck",9/27/2020,631386,4,100,2020
4,571670,"Floro, Dylan",9/25/2020,631336,4,100,2020
4,642130,"Taylor, Blake",8/25/2020,631423,4,100,2020
4,664139,"Gibaut, Ian",7/31/2020,631019,4,100,2020
4,580792,"Goody, Nick",8/1/2020,631020,4,100,2020
4,572096,"Rosenthal, Trevor",8/19/2020,631418,4,100,2020
4,621381,"Strahm, Matt",8/4/2020,631069,4,100,2020
4,433589,"Petit, Yusmeiro",7/29/2020,631172,4,100,2020
4,493603,"Ottavino, Adam",7/31/2020,631222,4,100,2020
4,476454,"Betances, Dellin",7/29/2020,631239,4,100,2020
4,571948,"Milner, Hoby",7/29/2020,631389,4,100,2020
4,621295,"Wittgren, Nick",8/20/2020,631118,4,100,2020
4,641755,"Kinley, Tyler",7/31/2020,631539,4,100,2020
4,656464,"Ginkel, Kevin",8/23/2020,631029,4,100,2020
4,493603,"Ottavino, Adam",8/12/2020,631208,4,100,2020
4,622772,"Cordero, Jimmy",9/25/2020,631486,4,100,2020
4,641729,"Jiménez, Joe",8/30/2020,631459,4,100,2020
4,572955,"Johnson, Pierce",8/29/2020,631525,4,100,2020
4,580792,"Goody, Nick",8/10/2020,630923,4,100,2020
4,680702,"Gerber, Joey",8/21/2020,631050,4,100,2020
4,605388,"Morgan, Adam",8/11/2020,631139,4,100,2020
4,489265,"Romo, Sergio",9/23/2020,631250,4,100,2020
4,446321,"Detwiler, Ross",9/1/2020,631261,4,100,2020
4,656186,"Altavilla, Dan",9/25/2020,631059,4,100,2020
4,543339,"Hudson, Daniel",9/7/2020,630857,4,100,2020
4,592222,"Claudio, Alex",9/6/2020,631557,4,100,2020
4,670712,"Brosseau, Mike",8/14/2020,630903,4,100,2020
4,668941,"Romero, JoJo",9/27/2020,630945,4,100,2020
4,593833,"Suero, Wander",9/10/2020,630869,4,100,2020
4,624586,"Hoyt, James",9/7/2020,630415,4,100,2020
4,542585,"Cisnero, José",9/19/2020,631466,4,100,2020
4,545064,"Díaz, Jairo",8/18/2020,631452,4,100,2020
4,656876,"Rasmussen, Drew",9/8/2020,631460,4,100,2020
4,543901,"Weber, Ryan",9/22/2020,631636,4,100,2020
4,445213,"Kintzler, Brandon",9/11/2020,631318,4,100,2020
4,548384,"Raley, Brooks",9/2/2020,631431,4,100,2020
4,572125,"Selman, Sam",9/5/2020,631004,4,100,2020
4,605525,"Wendelken, J.B.",8/17/2020,630118,4,100,2020
4,676051,"Heuer, Codi",8/18/2020,631496,4,100,2020
4,570240,"Peña, Félix",9/12/2020,631531,4,100,2020
4,593576,"Neris, Héctor",9/14/2020,631321,4,100,2020
3,605525,"Wendelken, J.B.",7/25/2020,631181,3,100,2020
3,608717,"Stratton, Chris",7/27/2020,631130,3,100,2020
3,612434,"Castro, Miguel",7/25/2020,631666,3,100,2020
3,572955,"Johnson, Pierce",7/26/2020,631097,3,100,2020
3,663432,"Rainey, Tanner",7/26/2020,630856,3,100,2020
3,594965,"Ponce de Leon, Daniel",7/25/2020,630992,3,100,2020
3,521655,"Font, Wilmer",8/6/2020,630313,3,100,2020
3,623433,"Anderson, Nick",9/23/2020,631218,3,100,2020
3,518489,"Brasier, Ryan",8/8/2020,631658,3,100,2020
3,595014,"Treinen, Blake",8/9/2020,631373,3,100,2020
3,605177,"Chafin, Andrew",8/6/2020,630111,3,100,2020
3,664948,"Misiewicz, Anthony",9/17/2020,631034,3,100,2020
3,543272,"Hand, Brad",8/29/2020,630981,3,100,2020
3,628452,"Iglesias, Raisel",9/21/2020,631579,3,100,2020
3,503285,"O'Day, Darren",9/25/2020,630569,3,100,2020
3,641582,"Foster, Matt",8/30/2020,631505,3,100,2020
3,641755,"Kinley, Tyler",8/29/2020,631525,3,100,2020
3,444468,"Rondón, Héctor",7/31/2020,630201,3,100,2020
3,458677,"Wilson, Justin",8/3/2020,630281,3,100,2020
3,475054,"Roe, Chaz",8/1/2020,630492,3,100,2020
3,592233,"Crichton, Stefan",9/25/2020,630270,3,100,2020
3,650895,"Castillo, Diego",7/31/2020,630592,3,100,2020
3,661255,"López, Yoan",7/29/2020,630940,3,100,2020
3,607231,"Gant, John",8/23/2020,630976,3,100,2020
3,657044,"Thompson, Ryan",8/24/2020,630950,3,100,2020
3,592390,"Hembree, Heath",7/29/2020,631239,3,100,2020
3,664129,"Hartlieb, Geoff",8/27/2020,631000,3,100,2020
3,650530,"Garcia, Bryan",8/25/2020,631467,3,100,2020
3,552640,"Kittredge, Andrew",7/31/2020,630592,3,100,2020
3,669064,"Bailey, Brandon",8/1/2020,631392,3,100,2020
3,571948,"Milner, Hoby",8/2/2020,631393,3,100,2020
3,641627,"Gott, Trevor",8/27/2020,631001,3,100,2020
3,642130,"Taylor, Blake",8/23/2020,631080,3,100,2020
3,670329,"Garcia, Rico",8/3/2020,631542,3,100,2020
3,656803,"Norwood, James",7/29/2020,631594,3,100,2020
3,669211,"Akin, Keegan",8/26/2020,630952,3,100,2020
3,592169,"Brice, Austin",9/1/2020,631657,3,100,2020
3,594840,"Grace, Matt",8/26/2020,630099,3,100,2020
3,518858,"Jones, Nate",8/14/2020,631601,3,100,2020
3,642203,"Widener, Taylor",8/25/2020,630194,3,100,2020
3,548384,"Raley, Brooks",8/11/2020,631446,3,100,2020
3,657571,"Ferguson, Caleb",9/15/2020,631062,3,100,2020
3,624586,"Hoyt, James",9/27/2020,631188,3,100,2020
3,448281,"Doolittle, Sean",9/10/2020,630869,3,100,2020
3,641312,"Anderson, Shaun",8/12/2020,631447,3,100,2020
3,676051,"Heuer, Codi",9/27/2020,631488,3,100,2020
3,493603,"Ottavino, Adam",8/5/2020,631127,3,100,2020
3,501789,"Harris, Will",9/20/2020,631305,3,100,2020
3,642152,"Trivino, Lou",9/8/2020,631160,3,100,2020
3,624586,"Hoyt, James",8/16/2020,631324,3,100,2020
3,572888,"Greene, Shane",9/2/2020,631624,3,100,2020
3,605335,"Leibrandt, Brandon",8/26/2020,631226,3,100,2020
3,642152,"Trivino, Lou",9/7/2020,631159,3,100,2020
3,502026,"Jeffress, Jeremy",9/11/2020,631284,3,100,2020
3,545064,"Díaz, Jairo",9/12/2020,631531,3,100,2020
3,621294,"Heller, Ben",9/2/2020,631194,3,100,2020
3,624586,"Hoyt, James",9/11/2020,631318,3,100,2020
3,607572,"Howard, Sam",9/12/2020,631400,3,100,2020
3,622772,"Cordero, Jimmy",9/5/2020,631408,3,100,2020
3,598264,"Barnes, Matt",9/22/2020,631636,3,100,2020
2,433589,"Petit, Yusmeiro",9/18/2020,631163,2,100,2020
2,433589,"Petit, Yusmeiro",9/14/2020,631053,2,100,2020
2,605525,"Wendelken, J.B.",9/14/2020,631053,2,100,2020
2,518586,"Culberson, Charlie",9/4/2020,630323,2,100,2020
2,656547,"Holder, Jonathan",9/13/2020,631187,2,100,2020
2,623437,"Topa, Justin",9/21/2020,631579,2,100,2020
2,488748,"Buchter, Ryan",7/31/2020,631391,2,100,2020
2,516969,"Herrera, Kelvin",7/24/2020,631514,2,100,2020
2,621295,"Wittgren, Nick",8/31/2020,631414,2,100,2020
2,664042,"Lakins Sr., Travis",8/9/2020,630882,2,100,2020
2,453268,"Bard, Daniel",8/22/2020,631349,2,100,2020
2,501625,"Alvarez, Jose",8/20/2020,630919,2,100,2020
2,593619,"Tapia, Domingo",9/24/2020,631640,2,100,2020
2,592222,"Claudio, Alex",8/19/2020,631249,2,100,2020
2,605388,"Morgan, Adam",8/3/2020,631219,2,100,2020
2,592473,"Kolarek, Adam",7/28/2020,631443,2,100,2020
2,573046,"Morin, Mike",8/12/2020,630902,2,100,2020
2,458677,"Wilson, Justin",9/19/2020,631214,2,100,2020
2,542947,"Bleier, Richard",9/8/2020,630438,2,100,2020
2,519293,"Smith, Will",9/20/2020,631215,2,100,2020
2,595411,"Sherriff, Ryan",9/10/2020,630957,2,100,2020
2,445213,"Kintzler, Brandon",9/5/2020,630955,2,100,2020
2,623352,"Hader, Josh",9/20/2020,631268,2,100,2020
2,656061,"Abreu, Albert",9/3/2020,631234,2,100,2020
1,608032,"Estévez, Carlos",8/16/2020,631521,1,100,2020
1,542947,"Bleier, Richard",8/25/2020,631227,1,100,2020
1,571710,"Givens, Mychal",9/20/2020,631519,1,100,2020
1,571948,"Milner, Hoby",7/24/2020,631182,1,100,2020
1,607560,"Harper, Ryne",7/28/2020,630866,1,100,2020
1,676220,"Elledge, Seth",9/21/2020,631402,1,100,2020
1,542914,"Bass, Anthony",9/16/2020,631189,1,100,2020
1,661255,"López, Yoan",9/17/2020,631362,1,100,2020
1,453265,"Watson, Tony",8/8/2020,631343,1,100,2020
1,593576,"Neris, Héctor",8/5/2020,631220,1,100,2020
1,643778,"Webb, Tyler",8/27/2020,630999,1,100,2020
1,607572,"Howard, Sam",8/28/2020,631291,1,100,2020
1,572888,"Greene, Shane",7/30/2020,630346,1,100,2020
1,519008,"McFarland, T.J.",8/2/2020,631068,1,100,2020
1,445926,"Chavez, Jesse",8/4/2020,631173,1,100,2020
1,680702,"Gerber, Joey",8/27/2020,631082,1,100,2020
1,545064,"Díaz, Jairo",8/2/2020,631541,1,100,2020
1,621290,"Bacus, Dakota",8/18/2020,630322,1,100,2020
1,621345,"Minter, A.J.",8/16/2020,631324,1,100,2020
1,592833,"Wahl, Bobby",7/24/2020,631641,1,100,2020
1,519141,"Pomeranz, Drew",8/11/2020,631347,1,100,2020
1,622772,"Cordero, Jimmy",8/11/2020,631474,1,100,2020
1,608371,"Sims, Lucas",9/9/2020,631616,1,100,2020
1,491624,"Valdez, César",9/5/2020,631675,1,100,2020
1,656354,"Davis, Austin",9/13/2020,631401,1,100,2020
1,572703,"Bard, Luke",9/4/2020,631357,1,100,2020
