pitches,playerid,player_name,game_date,game_pk,total_pitches,pitch_percent,season
111,669422,"Sauer, Matt",6/10/2025,777560,111,100,2025
106,605488,"Springs, Jeffrey",6/4/2025,777643,106,100,2025
106,689017,"Knack, Landon",5/19/2025,777854,106,100,2025
105,665152,"Kremer, Dean",6/12/2025,777540,105,100,2025
101,682990,"Priester, Quinn",5/2/2025,778080,101,100,2025
98,672456,"Montero, Keider",5/19/2025,777862,98,100,2025
98,656794,"Newcomb, Sean",5/12/2025,777951,98,100,2025
96,682052,"Lopez, Jacob",6/3/2025,777658,96,100,2025
96,701581,"Festa, David",6/22/2025,777401,96,100,2025
96,686563,"Cannon, Jonathan",5/13/2025,777945,96,100,2025
95,686563,"Cannon, Jonathan",4/26/2025,778165,95,100,2025
94,663399,"Waddell, Brandon",5/28/2025,777737,94,100,2025
94,686730,"Spiers, Carson",4/19/2025,778262,94,100,2025
90,680732,"Burke, Sean",5/30/2025,777720,90,100,2025
89,657746,"Ryan, Joe",5/19/2025,777861,89,100,2025
88,680732,"Burke, Sean",7/2/2025,777267,88,100,2025
88,682990,"Priester, Quinn",6/4/2025,777647,88,100,2025
87,687287,"Monteverde, Patrick",4/19/2025,778252,87,100,2025
86,680736,"Wrobleski, Justin",6/24/2025,777379,86,100,2025
86,680732,"Burke, Sean",4/25/2025,778178,86,100,2025
85,680573,"Woods Richardson, Simeon",4/19/2025,778267,85,100,2025
85,605488,"Springs, Jeffrey",6/9/2025,777576,85,100,2025
84,622608,"Senzatela, Antonio",6/6/2025,777616,84,100,2025
83,672456,"Montero, Keider",6/13/2025,777538,83,100,2025
83,680736,"Wrobleski, Justin",6/29/2025,777304,83,100,2025
83,596271,"Lawrence, Casey",4/25/2025,778175,83,100,2025
82,656641,"Latz, Jacob",6/19/2025,777443,82,100,2025
80,669060,"Wilson, Bryse",6/2/2025,777674,80,100,2025
80,670174,"Winckowski, Josh",4/23/2025,778207,80,100,2025
80,450203,"Morton, Charlie",4/26/2025,778180,80,100,2025
80,607067,"Rea, Colin",6/5/2025,777632,80,100,2025
80,694918,"Tidwell, Blade",7/2/2025,777276,80,100,2025
80,700241,"McGreevy, Michael",5/4/2025,778068,80,100,2025
79,677976,"Dobnak, Randy",3/30/2025,778517,79,100,2025
79,656794,"Newcomb, Sean",5/18/2025,777876,79,100,2025
78,669422,"Sauer, Matt",4/29/2025,778123,78,100,2025
77,641778,"Lauer, Eric",4/30/2025,778114,77,100,2025
77,656794,"Newcomb, Sean",5/6/2025,778037,77,100,2025
77,690990,"Horton, Cade",5/10/2025,777982,77,100,2025
77,676508,"Casparius, Ben",6/22/2025,777398,77,100,2025
77,672456,"Montero, Keider",6/19/2025,777464,77,100,2025
77,676962,"Brown, Ben",5/31/2025,777704,77,100,2025
75,669920,"Alexander, Jason",5/15/2025,777946,75,100,2025
75,694646,"McDermott, Chayce",5/20/2025,777844,75,100,2025
75,676508,"Casparius, Ben",6/28/2025,777319,75,100,2025
74,692230,"Rodriguez, Carlos",5/22/2025,777814,74,100,2025
74,660730,"Rodriguez, Elvin",5/7/2025,778015,74,100,2025
74,680736,"Wrobleski, Justin",6/18/2025,777457,74,100,2025
73,663436,"Martin, Davis",4/27/2025,778149,73,100,2025
73,694918,"Tidwell, Blade",6/27/2025,777341,73,100,2025
72,676961,"Boushley, Caleb",6/22/2025,777404,72,100,2025
71,682990,"Priester, Quinn",5/30/2025,777715,71,100,2025
71,660604,"Rangel, Alan",6/27/2025,777342,71,100,2025
71,669391,"White, Owen",6/11/2025,777550,71,100,2025
71,674072,"Henry, Tommy",6/5/2025,777640,71,100,2025
71,621112,"Blackburn, Paul",6/8/2025,777583,71,100,2025
70,676508,"Casparius, Ben",5/5/2025,778047,70,100,2025
70,687922,"Lucas, Easton",5/31/2025,777701,70,100,2025
70,700669,"Graceffo, Gordon",4/30/2025,778119,70,100,2025
69,672456,"Montero, Keider",6/7/2025,777609,69,100,2025
68,669194,"Nelson, Ryne",4/29/2025,778130,68,100,2025
68,596271,"Lawrence, Casey",5/20/2025,777846,68,100,2025
68,570632,"Ureña, José",4/28/2025,778138,68,100,2025
68,547001,"Poteet, Cody",4/20/2025,778250,68,100,2025
68,660730,"Rodriguez, Elvin",4/14/2025,778323,68,100,2025
68,678316,"Cruz, Omar",4/5/2025,778450,68,100,2025
68,687830,"Gipson-Long, Sawyer",6/21/2025,777420,68,100,2025
68,676083,"Junk, Janson",5/24/2025,777781,68,100,2025
67,678024,"Vasil, Mike",6/24/2025,777383,67,100,2025
66,680736,"Wrobleski, Justin",6/13/2025,777522,66,100,2025
66,682990,"Priester, Quinn",5/19/2025,777860,66,100,2025
65,806185,"Birdsong, Hayden",5/14/2025,777916,65,100,2025
65,676962,"Brown, Ben",3/18/2025,778563,65,100,2025
65,687473,"Gusto, Ryan",6/28/2025,777320,65,100,2025
64,669060,"Wilson, Bryse",4/4/2025,778458,64,100,2025
64,681867,"Criswell, Cooper",4/6/2025,778432,64,100,2025
64,687606,"Schultz, Paxton",4/20/2025,778241,64,100,2025
64,676083,"Junk, Janson",6/9/2025,777574,64,100,2025
64,663465,"Allard, Kolby",4/26/2025,778169,64,100,2025
64,676083,"Junk, Janson",6/14/2025,777514,64,100,2025
63,605242,"Fulmer, Michael",4/14/2025,778328,63,100,2025
63,702674,"Dana, Caden",5/24/2025,777781,63,100,2025
63,670810,"Gillaspie, Logan",4/6/2025,778430,63,100,2025
63,671131,"Rutledge, Jackson",7/2/2025,777284,63,100,2025
63,641778,"Lauer, Eric",5/11/2025,777958,63,100,2025
63,700669,"Graceffo, Gordon",4/6/2025,778432,63,100,2025
62,671162,"Thomas, Connor",4/5/2025,778439,62,100,2025
62,450203,"Morton, Charlie",5/17/2025,777890,62,100,2025
62,669194,"Nelson, Ryne",5/31/2025,777696,62,100,2025
62,672456,"Montero, Keider",5/13/2025,777940,62,100,2025
62,678394,"Bello, Brayan",7/1/2025,777294,62,100,2025
62,676508,"Casparius, Ben",6/16/2025,777490,62,100,2025
61,656848,"Petersen, Michael",6/27/2025,777342,61,100,2025
60,802419,"Harrington, Thomas",4/7/2025,778415,60,100,2025
60,687849,"Kent, Zak",4/23/2025,778206,60,100,2025
60,700270,"Díaz, Yilber",4/25/2025,778177,60,100,2025
60,663399,"Waddell, Brandon",4/30/2025,778117,60,100,2025
60,690928,"Dobbins, Hunter",6/2/2025,777670,60,100,2025
59,668716,"Murdock, Noah",4/26/2025,778165,59,100,2025
59,592836,"Walker, Taijuan",5/14/2025,777933,59,100,2025
59,678368,"Bellozo, Valente",5/27/2025,777742,59,100,2025
58,687377,"Ribalta, Orlando",4/8/2025,778409,58,100,2025
58,669060,"Wilson, Bryse",4/29/2025,778125,58,100,2025
58,678024,"Vasil, Mike",6/4/2025,777639,58,100,2025
57,671162,"Thomas, Connor",3/29/2025,778538,57,100,2025
57,687606,"Schultz, Paxton",4/27/2025,778156,57,100,2025
57,686826,"Jarvis, Bryce",6/10/2025,777559,57,100,2025
57,700249,"Povich, Cade",6/15/2025,777501,57,100,2025
56,687765,"Spence, Mitch",4/6/2025,778423,56,100,2025
56,669194,"Nelson, Ryne",5/14/2025,777916,56,100,2025
56,702674,"Dana, Caden",4/4/2025,778447,56,100,2025
56,656240,"Blewett, Scott",6/28/2025,777330,56,100,2025
56,641302,"Alexander, Tyler",6/14/2025,777508,56,100,2025
56,682989,"Mederos, Victor",4/25/2025,778186,56,100,2025
56,642232,"Yarbrough, Ryan",4/17/2025,778282,56,100,2025
55,660761,"Suarez, José",4/5/2025,778451,55,100,2025
55,656641,"Latz, Jacob",4/23/2025,778197,55,100,2025
55,669422,"Sauer, Matt",5/23/2025,777808,55,100,2025
55,676282,"Cantillo, Joey",4/27/2025,778157,55,100,2025
55,687830,"Gipson-Long, Sawyer",6/15/2025,777505,55,100,2025
55,676083,"Junk, Janson",5/30/2025,777717,55,100,2025
55,678368,"Bellozo, Valente",6/8/2025,777592,55,100,2025
55,663687,"Harris, Hogan",6/7/2025,777599,55,100,2025
55,676961,"Boushley, Caleb",4/12/2025,778341,55,100,2025
54,693312,"Nicolas, Kyle",4/27/2025,778145,54,100,2025
54,669194,"Nelson, Ryne",4/24/2025,778188,54,100,2025
54,641302,"Alexander, Tyler",6/27/2025,777338,54,100,2025
54,623167,"Flexen, Chris",5/2/2025,778080,54,100,2025
54,687765,"Spence, Mitch",4/11/2025,778358,54,100,2025
54,669422,"Sauer, Matt",6/17/2025,777471,54,100,2025
54,669387,"Mlodzinski, Carmen",6/29/2025,777313,54,100,2025
54,676508,"Casparius, Ben",4/27/2025,778145,54,100,2025
54,702352,"Bivens, Spencer",6/14/2025,777506,54,100,2025
53,663765,"Woodford, Jake",7/2/2025,777270,53,100,2025
53,676428,"Hurter, Brant",7/2/2025,777284,53,100,2025
53,678024,"Vasil, Mike",4/22/2025,778216,53,100,2025
53,596271,"Lawrence, Casey",4/9/2025,778383,53,100,2025
53,571927,"Matz, Steven",4/4/2025,778463,53,100,2025
53,663465,"Allard, Kolby",5/3/2025,778064,53,100,2025
53,685107,"Veneziano, Anthony",4/18/2025,778274,53,100,2025
53,693313,"Seymour, Carson",7/1/2025,777278,53,100,2025
53,701121,"VanWey, Logan",5/10/2025,777979,53,100,2025
53,669438,"Englert, Mason",4/30/2025,778113,53,100,2025
53,642232,"Yarbrough, Ryan",4/28/2025,778140,53,100,2025
52,641540,"Dunning, Dane",4/29/2025,778122,52,100,2025
52,674370,"Bido, Osvaldo",6/17/2025,777469,52,100,2025
52,669199,"Bachar, Lake",4/17/2025,778291,52,100,2025
52,596271,"Lawrence, Casey",4/29/2025,778127,52,100,2025
52,676879,"Ashby, Aaron",6/23/2025,777391,52,100,2025
52,694335,"Svanson, Matt",6/8/2025,777582,52,100,2025
52,690928,"Dobbins, Hunter",5/28/2025,777736,52,100,2025
52,666277,"Soriano, George",4/29/2025,778123,52,100,2025
52,677952,"Ashcraft, Braxton",6/28/2025,777325,52,100,2025
51,663423,"Thornton, Trent",6/21/2025,777419,51,100,2025
51,605513,"Turnbull, Spencer",6/15/2025,777499,51,100,2025
51,656240,"Blewett, Scott",5/29/2025,777735,51,100,2025
51,641312,"Anderson, Shaun",5/11/2025,777961,51,100,2025
51,642520,"Garabito, Gerson",4/7/2025,778411,51,100,2025
51,806188,"Gibson, Cade",5/12/2025,777952,51,100,2025
51,605452,"Ross, Joe",4/22/2025,778223,51,100,2025
51,571927,"Matz, Steven",3/30/2025,778517,51,100,2025
51,702352,"Bivens, Spencer",6/10/2025,777563,51,100,2025
51,687830,"Gipson-Long, Sawyer",6/10/2025,777573,51,100,2025
51,669387,"Mlodzinski, Carmen",6/24/2025,777374,51,100,2025
51,641540,"Dunning, Dane",7/2/2025,777268,51,100,2025
50,642216,"Winans, Allan",6/28/2025,777326,50,100,2025
50,669194,"Nelson, Ryne",3/27/2025,778552,50,100,2025
50,677952,"Ashcraft, Braxton",5/26/2025,777761,50,100,2025
50,663795,"Hagenman, Justin",4/16/2025,778299,50,100,2025
50,663542,"Hudson, Bryan",5/12/2025,777960,50,100,2025
50,621199,"Bowman, Matt",7/1/2025,777282,50,100,2025
50,680604,"Castaño, Blas",5/28/2025,777730,50,100,2025
50,806185,"Birdsong, Hayden",4/27/2025,778151,50,100,2025
50,676083,"Junk, Janson",6/4/2025,777652,50,100,2025
50,623167,"Flexen, Chris",6/27/2025,777336,50,100,2025
50,672782,"Gómez, Yoendrys",4/27/2025,778145,50,100,2025
50,656641,"Latz, Jacob",5/27/2025,777741,50,100,2025
50,663399,"Waddell, Brandon",7/2/2025,777289,50,100,2025
50,663767,"Shugart, Chase",6/19/2025,777451,50,100,2025
49,687377,"Ribalta, Orlando",3/29/2025,778535,49,100,2025
49,676961,"Boushley, Caleb",5/14/2025,777918,49,100,2025
49,641302,"Alexander, Tyler",6/20/2025,777435,49,100,2025
49,656641,"Latz, Jacob",5/8/2025,778006,49,100,2025
49,663474,"McKenzie, Triston",4/5/2025,778437,49,100,2025
49,657756,"Seabold, Connor",6/19/2025,777446,49,100,2025
49,670174,"Winckowski, Josh",4/11/2025,778366,49,100,2025
49,806185,"Birdsong, Hayden",4/21/2025,778226,49,100,2025
49,691951,"Aldegheri, Sam",6/4/2025,777649,49,100,2025
49,668716,"Murdock, Noah",3/31/2025,778501,49,100,2025
48,682790,"González, Wikelman",6/23/2025,777393,48,100,2025
48,663941,"Beck, Tristan",6/14/2025,777506,48,100,2025
48,642232,"Yarbrough, Ryan",4/11/2025,778370,48,100,2025
48,681982,"Anderson, Grant",3/31/2025,778504,48,100,2025
48,666214,"Wentz, Joey",6/28/2025,777324,48,100,2025
48,608718,"Suter, Brent",6/30/2025,777300,48,100,2025
48,674370,"Bido, Osvaldo",6/11/2025,777542,48,100,2025
48,678022,"Perkins, Jack",6/28/2025,777326,48,100,2025
47,666277,"Soriano, George",4/15/2025,778318,47,100,2025
47,663969,"Phillips, Tyler",4/16/2025,778303,47,100,2025
47,678024,"Vasil, Mike",5/11/2025,777966,47,100,2025
47,671131,"Rutledge, Jackson",4/8/2025,778409,47,100,2025
47,641302,"Alexander, Tyler",3/30/2025,778523,47,100,2025
47,608717,"Stratton, Chris",3/30/2025,778510,47,100,2025
47,691094,"Wynne, Randy",4/20/2025,778250,47,100,2025
47,671131,"Rutledge, Jackson",5/9/2025,777995,47,100,2025
47,676508,"Casparius, Ben",4/16/2025,778287,47,100,2025
47,676969,"de Geus, Brett",5/29/2025,777723,47,100,2025
46,691441,"Mena, Cristian",5/9/2025,777988,46,100,2025
46,678024,"Vasil, Mike",5/17/2025,777881,46,100,2025
46,471911,"Carrasco, Carlos",5/4/2025,778057,46,100,2025
46,641745,"Keller, Brad",3/28/2025,778543,46,100,2025
46,678368,"Bellozo, Valente",6/2/2025,777673,46,100,2025
46,801216,"Montes De Oca, Christian",6/7/2025,777612,46,100,2025
46,450203,"Morton, Charlie",5/14/2025,777938,46,100,2025
46,666215,"Whitley, Forrest",5/31/2025,777693,46,100,2025
46,678024,"Vasil, Mike",4/9/2025,778391,46,100,2025
46,687606,"Schultz, Paxton",5/25/2025,777775,46,100,2025
46,663687,"Harris, Hogan",4/29/2025,778122,46,100,2025
46,642520,"Garabito, Gerson",3/31/2025,778511,46,100,2025
46,672782,"Gómez, Yoendrys",4/21/2025,778227,46,100,2025
46,670810,"Gillaspie, Logan",4/21/2025,778228,46,100,2025
46,679358,"Orze, Eric",6/15/2025,777502,46,100,2025
46,669387,"Mlodzinski, Carmen",6/17/2025,777475,46,100,2025
46,666214,"Wentz, Joey",5/27/2025,777744,46,100,2025
46,623167,"Flexen, Chris",6/19/2025,777450,46,100,2025
46,676508,"Casparius, Ben",5/23/2025,777808,46,100,2025
46,571927,"Matz, Steven",4/12/2025,778347,46,100,2025
46,666214,"Wentz, Joey",4/4/2025,778461,46,100,2025
45,621383,"Banks, Tanner",4/14/2025,778320,45,100,2025
45,683409,"Chivilli, Angel",4/20/2025,778235,45,100,2025
45,656794,"Newcomb, Sean",6/5/2025,777636,45,100,2025
45,697812,"Rock, Joe",6/28/2025,777330,45,100,2025
45,678692,"Henriquez, Ronny",4/17/2025,778291,45,100,2025
45,669308,"Reynolds, Sean",6/3/2025,777656,45,100,2025
45,656896,"Rivera, Emmanuel",5/23/2025,777815,45,100,2025
45,680736,"Wrobleski, Justin",5/15/2025,777946,45,100,2025
45,641302,"Alexander, Tyler",6/8/2025,777590,45,100,2025
45,694851,"Hoffmann, Andrew",5/30/2025,777711,45,100,2025
45,666277,"Soriano, George",4/26/2025,778154,45,100,2025
45,663465,"Allard, Kolby",5/12/2025,777960,45,100,2025
45,592836,"Walker, Taijuan",5/7/2025,778021,45,100,2025
45,676428,"Hurter, Brant",4/26/2025,778180,45,100,2025
45,543101,"DeSclafani, Anthony",6/23/2025,777393,45,100,2025
45,660604,"Rangel, Alan",6/6/2025,777621,45,100,2025
45,676661,"Lazar, Max",5/30/2025,777715,45,100,2025
44,694335,"Svanson, Matt",5/1/2025,778107,44,100,2025
44,660825,"Bazardo, Eduard",5/12/2025,777941,44,100,2025
44,663687,"Harris, Hogan",6/24/2025,777386,44,100,2025
44,687765,"Spence, Mitch",5/11/2025,777957,44,100,2025
44,675848,"Mejia, Juan",5/10/2025,777976,44,100,2025
44,656794,"Newcomb, Sean",5/29/2025,777727,44,100,2025
44,672335,"Pérez, Cionel",4/20/2025,778250,44,100,2025
44,683409,"Chivilli, Angel",5/21/2025,777823,44,100,2025
44,666215,"Whitley, Forrest",6/27/2025,777343,44,100,2025
44,641778,"Lauer, Eric",6/6/2025,777615,44,100,2025
44,672841,"Vargas, Carlos",3/31/2025,778496,44,100,2025
43,656641,"Latz, Jacob",7/1/2025,777282,43,100,2025
43,676130,"Buttó, José",4/16/2025,778299,43,100,2025
43,668984,"Legumina, Casey",6/9/2025,777577,43,100,2025
43,672782,"Gómez, Yoendrys",4/2/2025,778484,43,100,2025
43,660761,"Suarez, José",3/30/2025,778514,43,100,2025
43,669372,"Ginn, J.T.",6/30/2025,777296,43,100,2025
43,641778,"Lauer, Eric",6/3/2025,777665,43,100,2025
43,666214,"Wentz, Joey",6/20/2025,777434,43,100,2025
43,666277,"Soriano, George",3/31/2025,778509,43,100,2025
43,678495,"Rodríguez, Randy",6/12/2025,777534,43,100,2025
43,681006,"Simpson, Josh",6/21/2025,777424,43,100,2025
43,681916,"Smith, Dylan",7/2/2025,777284,43,100,2025
43,676282,"Cantillo, Joey",4/1/2025,778485,43,100,2025
43,656240,"Blewett, Scott",4/18/2025,778276,43,100,2025
43,666120,"Anderson, Ian",4/11/2025,778368,43,100,2025
43,668834,"McGee, Easton",6/11/2025,777554,43,100,2025
43,678024,"Vasil, Mike",5/28/2025,777737,43,100,2025
43,664129,"Hartlieb, Geoff",7/1/2025,777283,43,100,2025
43,676477,"Whitlock, Garrett",4/6/2025,778443,43,100,2025
43,677161,"Kelly, Zack",4/15/2025,778319,43,100,2025
43,592836,"Walker, Taijuan",6/27/2025,777342,43,100,2025
43,676282,"Cantillo, Joey",5/19/2025,777861,43,100,2025
43,676092,"Snider, Collin",4/4/2025,778444,43,100,2025
43,695418,"Lord, Brad",5/13/2025,777942,43,100,2025
43,450203,"Morton, Charlie",4/29/2025,778133,43,100,2025
43,681892,"Funderburk, Kody",4/12/2025,778348,43,100,2025
43,663969,"Phillips, Tyler",5/5/2025,778047,43,100,2025
42,676477,"Whitlock, Garrett",6/23/2025,777381,42,100,2025
42,669372,"Ginn, J.T.",6/26/2025,777351,42,100,2025
42,694363,"Shuster, Jared",5/8/2025,778008,42,100,2025
42,669422,"Sauer, Matt",5/7/2025,778017,42,100,2025
42,605463,"Scott, Tayler",5/10/2025,777979,42,100,2025
42,672582,"Zerpa, Angel",6/5/2025,777635,42,100,2025
42,620454,"Castillo, José",5/7/2025,778014,42,100,2025
42,681982,"Anderson, Grant",6/9/2025,777575,42,100,2025
42,621199,"Bowman, Matt",6/7/2025,777599,42,100,2025
42,669308,"Reynolds, Sean",5/16/2025,777896,42,100,2025
42,608717,"Stratton, Chris",6/1/2025,777682,42,100,2025
42,643361,"Herget, Kevin",4/29/2025,778130,42,100,2025
42,687473,"Gusto, Ryan",4/5/2025,778440,42,100,2025
42,678368,"Bellozo, Valente",5/19/2025,777863,42,100,2025
42,676282,"Cantillo, Joey",5/26/2025,777769,42,100,2025
42,663465,"Allard, Kolby",6/28/2025,777329,42,100,2025
42,623474,"Herget, Jimmy",6/12/2025,777534,42,100,2025
42,641302,"Alexander, Tyler",4/20/2025,778239,42,100,2025
42,701552,"Granillo, Andre",6/12/2025,777532,42,100,2025
42,605452,"Ross, Joe",6/21/2025,777423,42,100,2025
42,669199,"Bachar, Lake",6/18/2025,777465,42,100,2025
41,675650,"Mercado, Michael",6/21/2025,777423,41,100,2025
41,663465,"Allard, Kolby",6/9/2025,777580,41,100,2025
41,641778,"Lauer, Eric",5/28/2025,777724,41,100,2025
41,683409,"Chivilli, Angel",6/28/2025,777321,41,100,2025
41,445926,"Chavez, Jesse",3/31/2025,778500,41,100,2025
41,674444,"Cruz, Steven",5/21/2025,777819,41,100,2025
41,663465,"Allard, Kolby",7/2/2025,777266,41,100,2025
41,672578,"Hernández, Carlos",4/16/2025,778296,41,100,2025
41,660896,"Alcala, Jorge",4/24/2025,778189,41,100,2025
41,642152,"Trivino, Lou",5/18/2025,777866,41,100,2025
41,543101,"DeSclafani, Anthony",6/19/2025,777448,41,100,2025
41,669371,"Henry, Cole",5/7/2025,778022,41,100,2025
41,665625,"Peguero, Elvis",3/31/2025,778504,41,100,2025
41,614179,"Ruiz, José",4/25/2025,778182,41,100,2025
41,681867,"Criswell, Cooper",6/6/2025,777627,41,100,2025
41,678215,"Arias, Luarbert",4/30/2025,778109,41,100,2025
41,682052,"Lopez, Jacob",4/22/2025,778213,41,100,2025
41,692285,"Guerrero, Luis",5/24/2025,777790,41,100,2025
41,676508,"Casparius, Ben",4/12/2025,778345,41,100,2025
41,669060,"Wilson, Bryse",6/8/2025,777590,41,100,2025
41,663878,"Pearson, Nate",6/22/2025,777403,41,100,2025
41,596001,"Junis, Jakob",5/19/2025,777861,41,100,2025
41,676961,"Boushley, Caleb",4/23/2025,778197,41,100,2025
40,660896,"Alcala, Jorge",6/10/2025,777557,40,100,2025
40,668390,"Winn, Cole",5/16/2025,777895,40,100,2025
40,663969,"Phillips, Tyler",5/2/2025,778091,40,100,2025
40,687606,"Schultz, Paxton",6/28/2025,777323,40,100,2025
40,692285,"Guerrero, Luis",6/9/2025,777584,40,100,2025
40,656794,"Newcomb, Sean",6/8/2025,777588,40,100,2025
40,641755,"Kinley, Tyler",4/26/2025,778161,40,100,2025
40,669084,"Hall, DL",6/9/2025,777575,40,100,2025
40,676661,"Lazar, Max",5/20/2025,777842,40,100,2025
40,672282,"Detmers, Reid",3/31/2025,778503,40,100,2025
40,628317,"Maeda, Kenta",4/14/2025,778323,40,100,2025
40,663687,"Harris, Hogan",4/24/2025,778192,40,100,2025
40,608718,"Suter, Brent",4/30/2025,778119,40,100,2025
40,660787,"De los Santos, Yerry",6/10/2025,777572,40,100,2025
40,681892,"Funderburk, Kody",6/5/2025,777636,40,100,2025
40,607481,"Bummer, Aaron",4/22/2025,778229,40,100,2025
40,678024,"Vasil, Mike",5/8/2025,778008,40,100,2025
40,676282,"Cantillo, Joey",5/10/2025,777983,40,100,2025
40,471911,"Carrasco, Carlos",3/29/2025,778538,40,100,2025
40,663423,"Thornton, Trent",6/10/2025,777559,40,100,2025
40,676702,"Stratton, Hunter",6/23/2025,777391,40,100,2025
40,687606,"Schultz, Paxton",6/19/2025,777448,40,100,2025
40,666214,"Wentz, Joey",5/5/2025,778036,40,100,2025
40,676428,"Hurter, Brant",4/8/2025,778403,40,100,2025
40,656240,"Blewett, Scott",6/25/2025,777365,40,100,2025
40,669199,"Bachar, Lake",5/3/2025,778075,40,100,2025
40,669020,"Rolison, Ryan",5/24/2025,777782,40,100,2025
40,686654,"Adcock, Ty",6/15/2025,777502,40,100,2025
40,677952,"Ashcraft, Braxton",6/20/2025,777432,40,100,2025
40,691594,"Sanoja, Javier",4/26/2025,778154,40,100,2025
40,656794,"Newcomb, Sean",6/27/2025,777337,40,100,2025
40,605507,"Thompson, Zach",4/15/2025,778311,40,100,2025
40,607067,"Rea, Colin",3/31/2025,778501,40,100,2025
40,700669,"Graceffo, Gordon",5/30/2025,777709,40,100,2025
40,605452,"Ross, Joe",5/24/2025,777784,40,100,2025
40,678368,"Bellozo, Valente",6/16/2025,777483,40,100,2025
40,571927,"Matz, Steven",5/14/2025,777922,40,100,2025
40,663465,"Allard, Kolby",6/13/2025,777520,40,100,2025
40,675989,"Bolton, Cody",4/28/2025,778139,40,100,2025
39,806185,"Birdsong, Hayden",4/8/2025,778397,39,100,2025
39,683409,"Chivilli, Angel",5/8/2025,778004,39,100,2025
39,681517,"Leahy, Kyle",6/5/2025,777635,39,100,2025
39,669211,"Akin, Keegan",5/14/2025,777924,39,100,2025
39,543518,"McGough, Scott",5/31/2025,777696,39,100,2025
39,676130,"Buttó, José",5/6/2025,778032,39,100,2025
39,544150,"Suárez, Albert",3/28/2025,778549,39,100,2025
39,678215,"Arias, Luarbert",4/27/2025,778136,39,100,2025
39,647315,"Pop, Zach",6/26/2025,777356,39,100,2025
39,660896,"Alcala, Jorge",4/19/2025,778267,39,100,2025
39,571927,"Matz, Steven",4/22/2025,778229,39,100,2025
39,665660,"Alvarado, Elvis",5/9/2025,777994,39,100,2025
39,656641,"Latz, Jacob",6/29/2025,777302,39,100,2025
39,606160,"Montero, Rafael",4/6/2025,778419,39,100,2025
39,806188,"Gibson, Cade",5/17/2025,777889,39,100,2025
39,623474,"Herget, Jimmy",5/20/2025,777842,39,100,2025
39,687424,"Maldonado, Anthony",5/29/2025,777727,39,100,2025
39,702352,"Bivens, Spencer",5/14/2025,777916,39,100,2025
39,623474,"Herget, Jimmy",6/21/2025,777410,39,100,2025
39,606160,"Montero, Rafael",6/3/2025,777672,39,100,2025
39,675848,"Mejia, Juan",5/8/2025,778004,39,100,2025
39,664351,"Contreras, Luis",4/6/2025,778419,39,100,2025
39,682610,"Muñoz, Roddery",5/2/2025,778084,39,100,2025
39,656234,"Bird, Jake",5/17/2025,777887,39,100,2025
39,683627,"Molina, Anthony",6/17/2025,777480,39,100,2025
39,687765,"Spence, Mitch",5/19/2025,777853,39,100,2025
39,571927,"Matz, Steven",6/21/2025,777415,39,100,2025
39,663795,"Hagenman, Justin",6/19/2025,777455,39,100,2025
39,680767,"Vodnik, Victor",4/6/2025,778423,39,100,2025
39,669438,"Englert, Mason",6/10/2025,777565,39,100,2025
39,671131,"Rutledge, Jackson",6/13/2025,777530,39,100,2025
39,688158,"Morgan, David",6/5/2025,777633,39,100,2025
38,687765,"Spence, Mitch",4/20/2025,778239,38,100,2025
38,663687,"Harris, Hogan",6/21/2025,777411,38,100,2025
38,690986,"Harrison, Kyle",5/9/2025,777992,38,100,2025
38,663941,"Beck, Tristan",5/24/2025,777793,38,100,2025
38,666120,"Anderson, Ian",4/20/2025,778232,38,100,2025
38,670950,"Richards, Trevor",6/10/2025,777572,38,100,2025
38,593974,"Peralta, Wandy",6/23/2025,777382,38,100,2025
38,657756,"Seabold, Connor",5/16/2025,777903,38,100,2025
38,573124,"Rogers, Taylor",5/11/2025,777963,38,100,2025
38,702795,"Loutos, Ryan",6/4/2025,777638,38,100,2025
38,672282,"Detmers, Reid",4/19/2025,778243,38,100,2025
38,656641,"Latz, Jacob",5/2/2025,778083,38,100,2025
38,681146,"Bride, Jonah",6/5/2025,777636,38,100,2025
38,666214,"Wentz, Joey",6/12/2025,777533,38,100,2025
38,675848,"Mejia, Juan",5/26/2025,777757,38,100,2025
38,663399,"Waddell, Brandon",6/28/2025,777325,38,100,2025
38,677020,"Walker, Josh",4/21/2025,778231,38,100,2025
38,663687,"Harris, Hogan",5/30/2025,777716,38,100,2025
38,660787,"De los Santos, Yerry",6/7/2025,777605,38,100,2025
38,656234,"Bird, Jake",4/13/2025,778330,38,100,2025
38,606965,"Devenski, Chris",4/30/2025,778117,38,100,2025
38,656234,"Bird, Jake",5/3/2025,778069,38,100,2025
38,680735,"Cox, Austin",6/25/2025,777369,38,100,2025
38,543101,"DeSclafani, Anthony",6/15/2025,777491,38,100,2025
38,623474,"Herget, Jimmy",5/9/2025,777993,38,100,2025
38,642232,"Yarbrough, Ryan",4/5/2025,778449,38,100,2025
38,641312,"Anderson, Shaun",5/18/2025,777866,38,100,2025
38,678821,"Peralta, Luis",4/14/2025,778326,38,100,2025
38,674285,"Salazar, Eduardo",6/12/2025,777544,38,100,2025
38,695418,"Lord, Brad",6/13/2025,777530,38,100,2025
38,680742,"Bowlan, Jonathan",6/6/2025,777618,38,100,2025
38,571771,"Hernández, Enrique",6/14/2025,777506,38,100,2025
38,669724,"Hanifee, Brenan",4/15/2025,778310,38,100,2025
38,657514,"Bernardino, Brennan",6/27/2025,777345,38,100,2025
38,489119,"Miley, Wade",6/4/2025,777647,38,100,2025
37,608717,"Stratton, Chris",4/17/2025,778286,37,100,2025
37,623437,"Topa, Justin",4/11/2025,778363,37,100,2025
37,593974,"Peralta, Wandy",5/24/2025,777803,37,100,2025
37,693312,"Nicolas, Kyle",6/9/2025,777574,37,100,2025
37,676879,"Ashby, Aaron",5/27/2025,777747,37,100,2025
37,672335,"Pérez, Cionel",4/4/2025,778455,37,100,2025
37,676282,"Cantillo, Joey",3/30/2025,778510,37,100,2025
37,670059,"Holderman, Colin",3/27/2025,778562,37,100,2025
37,669199,"Bachar, Lake",6/21/2025,777424,37,100,2025
37,676477,"Whitlock, Garrett",4/30/2025,778114,37,100,2025
37,666277,"Soriano, George",4/23/2025,778208,37,100,2025
37,543518,"McGough, Scott",5/3/2025,778078,37,100,2025
37,687765,"Spence, Mitch",4/15/2025,778309,37,100,2025
37,666659,"Lao, Sauryn",4/22/2025,778224,37,100,2025
37,676477,"Whitlock, Garrett",4/3/2025,778470,37,100,2025
37,678024,"Vasil, Mike",5/24/2025,777792,37,100,2025
37,679885,"Martinez, Justin",6/4/2025,777654,37,100,2025
37,672282,"Detmers, Reid",5/17/2025,777884,37,100,2025
37,678215,"Arias, Luarbert",3/31/2025,778509,37,100,2025
37,664854,"Helsley, Ryan",4/6/2025,778443,37,100,2025
37,667463,"King, John",6/25/2025,777357,37,100,2025
37,669372,"Ginn, J.T.",6/16/2025,777485,37,100,2025
37,656234,"Bird, Jake",5/7/2025,778013,37,100,2025
37,605463,"Scott, Tayler",6/27/2025,777332,37,100,2025
37,641540,"Dunning, Dane",6/23/2025,777394,37,100,2025
37,676961,"Boushley, Caleb",5/30/2025,777709,37,100,2025
37,640454,"Krook, Matt",5/21/2025,777828,37,100,2025
37,663893,"Little, Brendon",6/6/2025,777615,37,100,2025
37,600917,"Leclerc, José",3/31/2025,778501,37,100,2025
37,680880,"Holman, Grant",4/30/2025,778106,37,100,2025
37,682790,"González, Wikelman",6/20/2025,777435,37,100,2025
37,676508,"Casparius, Ben",5/17/2025,777884,37,100,2025
37,666120,"Anderson, Ian",4/5/2025,778437,37,100,2025
37,657053,"Toussaint, Touki",5/4/2025,778050,37,100,2025
37,606930,"Barnes, Jacob",4/19/2025,778258,37,100,2025
36,681892,"Funderburk, Kody",4/14/2025,778324,36,100,2025
36,666214,"Wentz, Joey",5/17/2025,777894,36,100,2025
36,676263,"Dreyer, Jack",4/6/2025,778434,36,100,2025
36,663687,"Harris, Hogan",5/9/2025,777994,36,100,2025
36,669194,"Nelson, Ryne",4/12/2025,778350,36,100,2025
36,678821,"Peralta, Luis",4/16/2025,778287,36,100,2025
36,687396,"Headrick, Brent",4/6/2025,778428,36,100,2025
36,674072,"Henry, Tommy",5/5/2025,778039,36,100,2025
36,668820,"Kranick, Max",4/21/2025,778225,36,100,2025
36,676684,"Vest, Will",5/13/2025,777940,36,100,2025
36,687396,"Headrick, Brent",6/8/2025,777593,36,100,2025
36,607481,"Bummer, Aaron",5/3/2025,778076,36,100,2025
36,681982,"Anderson, Grant",4/13/2025,778332,36,100,2025
36,678692,"Henriquez, Ronny",3/29/2025,778539,36,100,2025
36,666214,"Wentz, Joey",6/23/2025,777388,36,100,2025
36,678692,"Henriquez, Ronny",5/2/2025,778091,36,100,2025
36,641755,"Kinley, Tyler",4/14/2025,778326,36,100,2025
36,676428,"Hurter, Brant",3/31/2025,778496,36,100,2025
36,700669,"Graceffo, Gordon",5/16/2025,777901,36,100,2025
36,687849,"Kent, Zak",6/26/2025,777354,36,100,2025
36,472610,"García, Luis",3/29/2025,778533,36,100,2025
36,571771,"Hernández, Enrique",6/10/2025,777560,36,100,2025
36,656240,"Blewett, Scott",4/11/2025,778363,36,100,2025
36,672582,"Zerpa, Angel",4/24/2025,778190,36,100,2025
36,642152,"Trivino, Lou",4/12/2025,778355,36,100,2025
36,695418,"Lord, Brad",6/27/2025,777331,36,100,2025
36,668716,"Murdock, Noah",4/20/2025,778239,36,100,2025
36,694361,"Klein, Will",6/25/2025,777358,36,100,2025
36,663767,"Shugart, Chase",4/8/2025,778408,36,100,2025
36,676961,"Boushley, Caleb",5/24/2025,777792,36,100,2025
36,687765,"Spence, Mitch",5/15/2025,777946,36,100,2025
36,663671,"Enright, Nic",5/25/2025,777780,36,100,2025
36,691251,"Lara, Andry",7/2/2025,777284,36,100,2025
36,664141,"Brubaker, JT",6/21/2025,777422,36,100,2025
36,642152,"Trivino, Lou",5/28/2025,777739,36,100,2025
36,676282,"Cantillo, Joey",5/14/2025,777925,36,100,2025
36,608717,"Stratton, Chris",5/16/2025,777901,36,100,2025
36,692285,"Guerrero, Luis",6/4/2025,777649,36,100,2025
36,642207,"Williams, Devin",3/27/2025,778557,36,100,2025
36,573009,"Mantiply, Joe",4/11/2025,778364,36,100,2025
36,608717,"Stratton, Chris",4/5/2025,778441,36,100,2025
36,669194,"Nelson, Ryne",4/18/2025,778268,36,100,2025
36,683409,"Chivilli, Angel",4/28/2025,778137,36,100,2025
36,571946,"Miller, Shelby",5/14/2025,777916,36,100,2025
36,682842,"Uribe, Abner",5/23/2025,777806,36,100,2025
36,680767,"Vodnik, Victor",6/8/2025,777583,36,100,2025
36,669438,"Englert, Mason",4/10/2025,778382,36,100,2025
36,684320,"Rodríguez, Yariel",3/27/2025,778556,36,100,2025
36,605463,"Scott, Tayler",5/2/2025,778079,36,100,2025
36,676961,"Boushley, Caleb",6/17/2025,777468,36,100,2025
36,663992,"Lovelady, Richard",6/29/2025,777313,36,100,2025
36,666277,"Soriano, George",6/6/2025,777625,36,100,2025
36,702352,"Bivens, Spencer",5/21/2025,777819,36,100,2025
35,670955,"Uceta, Edwin",6/13/2025,777528,35,100,2025
35,664199,"Clarke, Taylor",6/10/2025,777572,35,100,2025
35,593974,"Peralta, Wandy",6/1/2025,777681,35,100,2025
35,650893,"Cabrera, Génesis",5/14/2025,777919,35,100,2025
35,669211,"Akin, Keegan",4/30/2025,778115,35,100,2025
35,570632,"Ureña, José",5/21/2025,777837,35,100,2025
35,605452,"Ross, Joe",6/10/2025,777571,35,100,2025
35,669193,"Little, Jack",6/19/2025,777442,35,100,2025
35,683409,"Chivilli, Angel",5/17/2025,777887,35,100,2025
35,671131,"Rutledge, Jackson",4/20/2025,778266,35,100,2025
35,687765,"Spence, Mitch",4/2/2025,778471,35,100,2025
35,687849,"Kent, Zak",5/14/2025,777925,35,100,2025
35,683409,"Chivilli, Angel",4/16/2025,778287,35,100,2025
35,621057,"Garza, Justin",6/20/2025,777437,35,100,2025
35,689225,"Brieske, Beau",5/11/2025,777969,35,100,2025
35,696270,"Johnson, Ryan",3/27/2025,778554,35,100,2025
35,608718,"Suter, Brent",5/23/2025,777811,35,100,2025
35,689254,"Fluharty, Mason",6/20/2025,777435,35,100,2025
35,663562,"Davis, Noah",4/25/2025,778176,35,100,2025
35,678024,"Vasil, Mike",4/12/2025,778349,35,100,2025
35,668933,"Ashcraft, Graham",6/6/2025,777623,35,100,2025
35,622761,"Mateo, Jorge",4/20/2025,778250,35,100,2025
35,622780,"Perdomo, Angel",4/2/2025,778471,35,100,2025
35,656222,"Beeks, Jalen",4/6/2025,778429,35,100,2025
35,621237,"Alvarado, José",4/3/2025,778467,35,100,2025
35,669387,"Mlodzinski, Carmen",6/21/2025,777421,35,100,2025
35,684974,"Yoho, Craig",5/1/2025,778094,35,100,2025
35,683409,"Chivilli, Angel",4/11/2025,778361,35,100,2025
35,663947,"Holton, Tyler",4/30/2025,778110,35,100,2025
35,672582,"Zerpa, Angel",5/10/2025,777977,35,100,2025
35,608718,"Suter, Brent",6/19/2025,777452,35,100,2025
35,664351,"Contreras, Luis",4/14/2025,778325,35,100,2025
35,677161,"Kelly, Zack",6/6/2025,777627,35,100,2025
35,690382,"Darrell-Hicks, Michael",4/22/2025,778211,35,100,2025
35,677161,"Kelly, Zack",4/8/2025,778404,35,100,2025
35,663738,"Lynch IV, Daniel",6/30/2025,777297,35,100,2025
35,666120,"Anderson, Ian",4/2/2025,778473,35,100,2025
35,679358,"Orze, Eric",5/6/2025,778040,35,100,2025
35,663687,"Harris, Hogan",5/25/2025,777765,35,100,2025
35,694335,"Svanson, Matt",6/25/2025,777357,35,100,2025
35,623352,"Hader, Josh",3/27/2025,778559,35,100,2025
35,676508,"Casparius, Ben",4/8/2025,778409,35,100,2025
35,676680,"Cosgrove, Tom",4/29/2025,778135,35,100,2025
35,681517,"Leahy, Kyle",5/12/2025,777953,35,100,2025
35,607481,"Bummer, Aaron",6/25/2025,777369,35,100,2025
35,671131,"Rutledge, Jackson",5/14/2025,777929,35,100,2025
35,686826,"Jarvis, Bryce",3/27/2025,778552,35,100,2025
34,679358,"Orze, Eric",6/20/2025,777431,34,100,2025
34,666214,"Wentz, Joey",4/18/2025,778271,34,100,2025
34,656464,"Ginkel, Kevin",5/1/2025,778103,34,100,2025
34,623167,"Flexen, Chris",6/22/2025,777403,34,100,2025
34,695418,"Lord, Brad",6/8/2025,777596,34,100,2025
34,678226,"Hernández, Daysbel",5/27/2025,777748,34,100,2025
34,689690,"Jacob, Alek",5/21/2025,777837,34,100,2025
34,676092,"Snider, Collin",3/31/2025,778496,34,100,2025
34,669199,"Bachar, Lake",6/11/2025,777552,34,100,2025
34,660825,"Bazardo, Eduard",3/31/2025,778496,34,100,2025
34,676604,"Zuber, Tyler",6/22/2025,777405,34,100,2025
34,682825,"Mey, Luis",6/19/2025,777452,34,100,2025
34,678606,"Ferrer, Jose A.",6/13/2025,777530,34,100,2025
34,663893,"Little, Brendon",5/22/2025,777816,34,100,2025
34,696270,"Johnson, Ryan",4/26/2025,778166,34,100,2025
34,656234,"Bird, Jake",4/26/2025,778161,34,100,2025
34,676477,"Whitlock, Garrett",6/20/2025,777425,34,100,2025
34,600917,"Leclerc, José",4/11/2025,778358,34,100,2025
34,665660,"Alvarado, Elvis",6/3/2025,777658,34,100,2025
34,679358,"Orze, Eric",4/20/2025,778240,34,100,2025
34,547184,"Kelly, Michael",6/10/2025,777564,34,100,2025
34,623474,"Herget, Jimmy",4/27/2025,778148,34,100,2025
34,663423,"Thornton, Trent",6/7/2025,777603,34,100,2025
34,681517,"Leahy, Kyle",6/19/2025,777458,34,100,2025
34,641835,"Mayza, Tim",4/4/2025,778461,34,100,2025
34,678606,"Ferrer, Jose A.",3/27/2025,778555,34,100,2025
34,672841,"Vargas, Carlos",5/5/2025,778038,34,100,2025
34,641401,"Brogdon, Connor",5/8/2025,778000,34,100,2025
34,656794,"Newcomb, Sean",6/21/2025,777411,34,100,2025
34,676684,"Vest, Will",4/29/2025,778124,34,100,2025
34,608718,"Suter, Brent",4/6/2025,778421,34,100,2025
34,672335,"Pérez, Cionel",4/9/2025,778380,34,100,2025
34,676617,"O'Brien, Riley",5/1/2025,778107,34,100,2025
34,664747,"Díaz, Alexis",4/30/2025,778134,34,100,2025
34,687765,"Spence, Mitch",3/31/2025,778501,34,100,2025
34,641755,"Kinley, Tyler",5/8/2025,778029,34,100,2025
34,519326,"Strickland, Hunter",6/1/2025,777683,34,100,2025
34,672335,"Pérez, Cionel",5/23/2025,777815,34,100,2025
34,628317,"Maeda, Kenta",4/4/2025,778458,34,100,2025
34,663767,"Shugart, Chase",6/6/2025,777621,34,100,2025
34,660787,"De los Santos, Yerry",5/11/2025,777957,34,100,2025
34,676130,"Buttó, José",6/28/2025,777325,34,100,2025
34,623474,"Herget, Jimmy",5/16/2025,777897,34,100,2025
34,623437,"Topa, Justin",5/24/2025,777788,34,100,2025
34,656234,"Bird, Jake",4/10/2025,778371,34,100,2025
34,656730,"Megill, Trevor",5/26/2025,777764,34,100,2025
34,663465,"Allard, Kolby",6/24/2025,777384,34,100,2025
34,670174,"Winckowski, Josh",4/18/2025,778275,34,100,2025
34,806188,"Gibson, Cade",4/20/2025,778248,34,100,2025
34,571927,"Matz, Steven",6/19/2025,777447,34,100,2025
34,663671,"Enright, Nic",6/11/2025,777549,34,100,2025
34,554340,"García, Yimi",7/2/2025,777274,34,100,2025
34,669199,"Bachar, Lake",5/23/2025,777798,34,100,2025
34,641656,"Hamilton, Ian",6/23/2025,777390,34,100,2025
34,623211,"Brazobán, Huascar",3/27/2025,778559,34,100,2025
34,621199,"Bowman, Matt",4/29/2025,778133,34,100,2025
34,542888,"Armstrong, Shawn",4/28/2025,778143,34,100,2025
34,672391,"Ort, Kaleb",5/29/2025,777725,34,100,2025
34,552640,"Kittredge, Andrew",6/21/2025,777422,34,100,2025
34,676961,"Boushley, Caleb",5/20/2025,777849,34,100,2025
34,693312,"Nicolas, Kyle",4/24/2025,778191,34,100,2025
34,681432,"Little, Luke",4/16/2025,778288,34,100,2025
34,666171,"Zeferjahn, Ryan",5/31/2025,777703,34,100,2025
34,663941,"Beck, Tristan",6/11/2025,777547,34,100,2025
34,680689,"Richardson, Lyon",7/1/2025,777294,34,100,2025
34,676263,"Dreyer, Jack",5/8/2025,777999,34,100,2025
34,666277,"Soriano, George",3/27/2025,778562,34,100,2025
34,676661,"Lazar, Max",7/2/2025,777273,34,100,2025
34,641312,"Anderson, Shaun",5/9/2025,777986,34,100,2025
34,571927,"Matz, Steven",5/20/2025,777840,34,100,2025
33,694361,"Klein, Will",6/21/2025,777416,33,100,2025
33,676130,"Buttó, José",5/16/2025,777904,33,100,2025
33,656848,"Petersen, Michael",4/13/2025,778340,33,100,2025
33,681982,"Anderson, Grant",4/6/2025,778421,33,100,2025
33,621053,"Ferguson, Tyler",6/29/2025,777307,33,100,2025
33,689690,"Jacob, Alek",5/24/2025,777803,33,100,2025
33,519151,"Pressly, Ryan",4/4/2025,778460,33,100,2025
33,657097,"Webb, Jacob",6/27/2025,777340,33,100,2025
33,672782,"Gómez, Yoendrys",4/11/2025,778370,33,100,2025
33,671131,"Rutledge, Jackson",4/14/2025,778321,33,100,2025
33,669084,"Hall, DL",5/26/2025,777764,33,100,2025
33,641329,"Baker, Bryan",6/22/2025,777406,33,100,2025
33,664208,"Maton, Phil",6/14/2025,777512,33,100,2025
33,682171,"Murfee, Penn",4/18/2025,778275,33,100,2025
33,642207,"Williams, Devin",4/9/2025,778387,33,100,2025
33,669194,"Nelson, Ryne",4/3/2025,778466,33,100,2025
33,686751,"Johnson, Seth",7/2/2025,777273,33,100,2025
33,608665,"Graveman, Kendall",6/7/2025,777612,33,100,2025
33,608718,"Suter, Brent",5/3/2025,778077,33,100,2025
33,672578,"Hernández, Carlos",6/20/2025,777431,33,100,2025
33,676477,"Whitlock, Garrett",5/30/2025,777719,33,100,2025
33,605463,"Scott, Tayler",6/22/2025,777399,33,100,2025
33,621199,"Bowman, Matt",4/3/2025,778470,33,100,2025
33,672578,"Hernández, Carlos",5/30/2025,777715,33,100,2025
33,519326,"Strickland, Hunter",7/2/2025,777279,33,100,2025
33,681799,"Roberts, Ethan",4/26/2025,778174,33,100,2025
33,681895,"Sisk, Evan",5/26/2025,777760,33,100,2025
33,608718,"Suter, Brent",5/9/2025,777989,33,100,2025
33,641312,"Anderson, Shaun",5/23/2025,777798,33,100,2025
33,663804,"Kowar, Jackson",6/7/2025,777603,33,100,2025
33,607455,"Banda, Anthony",5/18/2025,777866,33,100,2025
33,668984,"Legumina, Casey",5/30/2025,777713,33,100,2025
33,675848,"Mejia, Juan",6/3/2025,777666,33,100,2025
33,666215,"Whitley, Forrest",5/21/2025,777832,33,100,2025
33,500743,"Rojas, Miguel",4/12/2025,778345,33,100,2025
33,606303,"Payamps, Joel",3/30/2025,778523,33,100,2025
33,592836,"Walker, Taijuan",7/2/2025,777273,33,100,2025
33,676879,"Ashby, Aaron",6/12/2025,777532,33,100,2025
33,663158,"Suarez, Robert",5/12/2025,777947,33,100,2025
33,657044,"Thompson, Ryan",4/17/2025,778291,33,100,2025
33,642121,"Sulser, Cole",6/17/2025,777477,33,100,2025
33,623474,"Herget, Jimmy",4/24/2025,778190,33,100,2025
33,663423,"Thornton, Trent",6/16/2025,777486,33,100,2025
33,592779,"Stewart, Brock",6/17/2025,777478,33,100,2025
33,666214,"Wentz, Joey",4/26/2025,778163,33,100,2025
33,676282,"Cantillo, Joey",4/10/2025,778378,33,100,2025
33,671131,"Rutledge, Jackson",5/27/2025,777743,33,100,2025
33,676428,"Hurter, Brant",6/3/2025,777661,33,100,2025
33,694350,"Brzykcy, Zach",6/23/2025,777382,33,100,2025
33,641302,"Alexander, Tyler",5/20/2025,777844,33,100,2025
33,641835,"Mayza, Tim",4/18/2025,778271,33,100,2025
33,663687,"Harris, Hogan",6/4/2025,777643,33,100,2025
33,680689,"Richardson, Lyon",6/11/2025,777549,33,100,2025
33,622253,"Tate, Dillon",4/29/2025,778127,33,100,2025
33,642152,"Trivino, Lou",6/17/2025,777471,33,100,2025
33,676684,"Vest, Will",4/26/2025,778168,33,100,2025
33,806188,"Gibson, Cade",5/20/2025,777850,33,100,2025
33,678024,"Vasil, Mike",3/31/2025,778506,33,100,2025
33,681982,"Anderson, Grant",6/14/2025,777512,33,100,2025
33,680689,"Richardson, Lyon",5/17/2025,777892,33,100,2025
32,554431,"Matzek, Tyler",5/4/2025,778057,32,100,2025
32,680689,"Richardson, Lyon",5/10/2025,777979,32,100,2025
32,666215,"Whitley, Forrest",4/21/2025,778231,32,100,2025
32,614179,"Ruiz, José",6/15/2025,777504,32,100,2025
32,521230,"Hendriks, Liam",4/24/2025,778196,32,100,2025
32,660825,"Bazardo, Eduard",4/17/2025,778285,32,100,2025
32,669371,"Henry, Cole",5/31/2025,777696,32,100,2025
32,641343,"Bauers, Jake",6/20/2025,777434,32,100,2025
32,641941,"Pagán, Emilio",5/13/2025,777945,32,100,2025
32,595897,"Burdi, Nick",5/17/2025,777893,32,100,2025
32,656234,"Bird, Jake",3/30/2025,778524,32,100,2025
32,605463,"Scott, Tayler",6/10/2025,777559,32,100,2025
32,623211,"Brazobán, Huascar",6/2/2025,777675,32,100,2025
32,676477,"Whitlock, Garrett",5/4/2025,778063,32,100,2025
32,676428,"Hurter, Brant",4/20/2025,778246,32,100,2025
32,676272,"Miller, Bobby",5/24/2025,777789,32,100,2025
32,663671,"Enright, Nic",5/27/2025,777753,32,100,2025
32,677952,"Ashcraft, Braxton",6/4/2025,777648,32,100,2025
32,686747,"La Sorsa, Joe",6/30/2025,777300,32,100,2025
32,669674,"Long, Sam",4/12/2025,778359,32,100,2025
32,661395,"Duran, Jhoan",4/22/2025,778216,32,100,2025
32,640448,"Finnegan, Kyle",4/7/2025,778418,32,100,2025
32,676477,"Whitlock, Garrett",5/13/2025,777940,32,100,2025
32,688158,"Morgan, David",6/10/2025,777560,32,100,2025
32,689266,"Dodd, Dylan",6/22/2025,777402,32,100,2025
32,656794,"Newcomb, Sean",5/21/2025,777831,32,100,2025
32,670766,"McCaughan, Darren",3/31/2025,778506,32,100,2025
32,657240,"Merryweather, Julian",5/23/2025,777811,32,100,2025
32,670766,"McCaughan, Darren",4/3/2025,778462,32,100,2025
32,664208,"Maton, Phil",6/28/2025,777329,32,100,2025
32,608371,"Sims, Lucas",5/9/2025,777995,32,100,2025
32,676477,"Whitlock, Garrett",4/22/2025,778224,32,100,2025
32,681810,"Warren, Austin",6/26/2025,777352,32,100,2025
32,596133,"Weaver, Luke",4/12/2025,778355,32,100,2025
32,673513,"Matsui, Yuki",5/24/2025,777803,32,100,2025
32,656234,"Bird, Jake",6/25/2025,777358,32,100,2025
32,669724,"Hanifee, Brenan",6/3/2025,777661,32,100,2025
32,670059,"Holderman, Colin",5/16/2025,777905,32,100,2025
32,608717,"Stratton, Chris",5/10/2025,777977,32,100,2025
32,676130,"Buttó, José",4/5/2025,778446,32,100,2025
32,640902,"Pereda, Jhonny",5/15/2025,777946,32,100,2025
32,608717,"Stratton, Chris",4/11/2025,778375,32,100,2025
32,668820,"Kranick, Max",6/13/2025,777528,32,100,2025
32,643361,"Herget, Kevin",7/1/2025,777298,32,100,2025
32,554340,"García, Yimi",5/3/2025,778064,32,100,2025
32,656271,"Burke, Brock",6/4/2025,777649,32,100,2025
32,689690,"Jacob, Alek",4/5/2025,778450,32,100,2025
32,656457,"Gilbert, Tyler",6/13/2025,777524,32,100,2025
32,656240,"Blewett, Scott",6/18/2025,777463,32,100,2025
32,695418,"Lord, Brad",5/30/2025,777710,32,100,2025
31,570632,"Ureña, José",6/5/2025,777631,31,100,2025
31,642100,"Speier, Gabe",5/31/2025,777695,31,100,2025
31,678024,"Vasil, Mike",5/4/2025,778055,31,100,2025
31,642048,"Saucedo, Tayler",3/31/2025,778496,31,100,2025
31,669674,"Long, Sam",4/9/2025,778388,31,100,2025
31,650893,"Cabrera, Génesis",6/20/2025,777436,31,100,2025
31,663893,"Little, Brendon",6/11/2025,777545,31,100,2025
31,666171,"Zeferjahn, Ryan",6/25/2025,777362,31,100,2025
31,655889,"Rodríguez, Manuel",4/6/2025,778420,31,100,2025
31,676092,"Snider, Collin",5/31/2025,777695,31,100,2025
31,641835,"Mayza, Tim",3/31/2025,778508,31,100,2025
31,623474,"Herget, Jimmy",5/25/2025,777768,31,100,2025
31,663878,"Pearson, Nate",3/30/2025,778515,31,100,2025
31,664141,"Brubaker, JT",6/29/2025,777307,31,100,2025
31,668970,"Hollowell, Gavin",5/5/2025,778044,31,100,2025
31,656271,"Burke, Brock",6/1/2025,777683,31,100,2025
31,668820,"Kranick, Max",5/1/2025,778103,31,100,2025
31,683175,"Phillips, Connor",6/30/2025,777300,31,100,2025
31,676477,"Whitlock, Garrett",4/10/2025,778377,31,100,2025
31,684974,"Yoho, Craig",4/25/2025,778184,31,100,2025
31,669084,"Hall, DL",6/14/2025,777512,31,100,2025
31,666214,"Wentz, Joey",3/29/2025,778539,31,100,2025
31,663969,"Phillips, Tyler",4/2/2025,778481,31,100,2025
31,669711,"Weissert, Greg",4/7/2025,778426,31,100,2025
31,688297,"Roycroft, Chris",4/7/2025,778415,31,100,2025
31,695445,"Lee, Chase",5/10/2025,777987,31,100,2025
31,605154,"Brebbia, John",6/13/2025,777538,31,100,2025
31,668933,"Ashcraft, Graham",5/1/2025,778107,31,100,2025
31,672335,"Pérez, Cionel",4/2/2025,778483,31,100,2025
31,676263,"Dreyer, Jack",6/5/2025,777631,31,100,2025
31,806185,"Birdsong, Hayden",5/11/2025,777956,31,100,2025
31,472610,"García, Luis",5/9/2025,777988,31,100,2025
31,605463,"Scott, Tayler",6/15/2025,777491,31,100,2025
31,677020,"Walker, Josh",4/27/2025,778156,31,100,2025
31,605177,"Chafin, Andrew",5/9/2025,777995,31,100,2025
31,606160,"Montero, Rafael",4/12/2025,778353,31,100,2025
31,596001,"Junis, Jakob",4/28/2025,778139,31,100,2025
31,663485,"Sands, Cole",6/21/2025,777412,31,100,2025
31,657097,"Webb, Jacob",6/4/2025,777646,31,100,2025
31,552640,"Kittredge, Andrew",5/28/2025,777740,31,100,2025
31,605154,"Brebbia, John",4/9/2025,778387,31,100,2025
31,656986,"Sousa, Bennett",6/27/2025,777336,31,100,2025
31,663878,"Pearson, Nate",3/27/2025,778552,31,100,2025
31,621366,"Borucki, Ryan",5/25/2025,777776,31,100,2025
31,671131,"Rutledge, Jackson",4/27/2025,778153,31,100,2025
31,641745,"Keller, Brad",6/21/2025,777419,31,100,2025
31,663878,"Pearson, Nate",4/9/2025,778385,31,100,2025
31,663992,"Lovelady, Richard",6/24/2025,777387,31,100,2025
31,687863,"Hodge, Porter",4/18/2025,778268,31,100,2025
31,622253,"Tate, Dillon",4/20/2025,778241,31,100,2025
31,669020,"Rolison, Ryan",5/31/2025,777700,31,100,2025
31,570632,"Ureña, José",5/29/2025,777727,31,100,2025
31,687911,"King, Bryan",4/8/2025,778398,31,100,2025
31,668820,"Kranick, Max",4/15/2025,778307,31,100,2025
31,669711,"Weissert, Greg",5/3/2025,778073,31,100,2025
31,592773,"Stanek, Ryne",5/18/2025,777878,31,100,2025
31,694363,"Shuster, Jared",5/27/2025,777749,31,100,2025
31,687765,"Spence, Mitch",3/28/2025,778541,31,100,2025
31,681982,"Anderson, Grant",4/9/2025,778379,31,100,2025
31,678368,"Bellozo, Valente",6/13/2025,777530,31,100,2025
31,681869,"Dubin, Shawn",5/20/2025,777848,31,100,2025
31,656240,"Blewett, Scott",4/7/2025,778412,31,100,2025
31,676661,"Lazar, Max",6/11/2025,777553,31,100,2025
31,657024,"Swanson, Erik",6/13/2025,777531,31,100,2025
31,669438,"Englert, Mason",5/6/2025,778040,31,100,2025
31,680767,"Vodnik, Victor",7/1/2025,777285,31,100,2025
31,689690,"Jacob, Alek",3/27/2025,778545,31,100,2025
31,691799,"Taylor, Grant",6/28/2025,777327,31,100,2025
31,660787,"De los Santos, Yerry",6/14/2025,777516,31,100,2025
31,642239,"Zastryzny, Rob",5/17/2025,777883,31,100,2025
31,669194,"Nelson, Ryne",4/7/2025,778413,31,100,2025
31,664139,"Gibaut, Ian",6/19/2025,777452,31,100,2025
31,680689,"Richardson, Lyon",6/19/2025,777452,31,100,2025
31,681892,"Funderburk, Kody",5/26/2025,777762,31,100,2025
31,663485,"Sands, Cole",6/26/2025,777356,31,100,2025
31,661403,"Clase, Emmanuel",6/22/2025,777400,31,100,2025
31,669684,"Murphy, Chris",6/28/2025,777323,31,100,2025
31,663562,"Davis, Noah",6/1/2025,777682,31,100,2025
31,671131,"Rutledge, Jackson",6/11/2025,777555,31,100,2025
31,681146,"Bride, Jonah",6/12/2025,777533,31,100,2025
31,696136,"Wicks, Jordan",4/20/2025,778236,31,100,2025
31,676755,"Mattson, Isaac",6/23/2025,777391,31,100,2025
31,641656,"Hamilton, Ian",5/28/2025,777728,31,100,2025
31,607455,"Banda, Anthony",5/9/2025,777988,31,100,2025
31,668933,"Ashcraft, Graham",4/11/2025,778374,31,100,2025
31,605154,"Brebbia, John",4/18/2025,778277,31,100,2025
31,571946,"Miller, Shelby",4/20/2025,778236,31,100,2025
31,668716,"Murdock, Noah",3/29/2025,778521,31,100,2025
31,669199,"Bachar, Lake",5/7/2025,778017,31,100,2025
31,663947,"Holton, Tyler",4/9/2025,778387,31,100,2025
31,605182,"Clevinger, Mike",4/8/2025,778402,31,100,2025
31,677955,"Hill, Jaden",4/24/2025,778195,31,100,2025
31,677161,"Kelly, Zack",6/25/2025,777362,31,100,2025
31,669211,"Akin, Keegan",4/5/2025,778441,31,100,2025
31,681347,"Burrows, Mike",6/25/2025,777361,31,100,2025
31,664854,"Helsley, Ryan",5/24/2025,777786,31,100,2025
31,641755,"Kinley, Tyler",4/3/2025,778467,31,100,2025
30,622554,"Domínguez, Seranthony",6/24/2025,777380,30,100,2025
30,623167,"Flexen, Chris",5/13/2025,777936,30,100,2025
30,676263,"Dreyer, Jack",5/16/2025,777899,30,100,2025
30,689225,"Brieske, Beau",4/17/2025,778286,30,100,2025
30,650556,"Abreu, Bryan",6/20/2025,777428,30,100,2025
30,656234,"Bird, Jake",4/15/2025,778302,30,100,2025
30,640448,"Finnegan, Kyle",6/29/2025,777305,30,100,2025
30,518489,"Brasier, Ryan",3/18/2025,778563,30,100,2025
30,663321,"Hernandez, Nick",6/18/2025,777456,30,100,2025
30,686826,"Jarvis, Bryce",4/5/2025,778452,30,100,2025
30,641656,"Hamilton, Ian",6/17/2025,777476,30,100,2025
30,663542,"Hudson, Bryan",3/31/2025,778504,30,100,2025
30,661403,"Clase, Emmanuel",4/20/2025,778242,30,100,2025
30,657571,"Ferguson, Caleb",4/19/2025,778254,30,100,2025
30,641656,"Hamilton, Ian",5/3/2025,778074,30,100,2025
30,660825,"Bazardo, Eduard",5/22/2025,777822,30,100,2025
30,668820,"Kranick, Max",4/4/2025,778465,30,100,2025
30,664126,"Fairbanks, Pete",6/9/2025,777584,30,100,2025
30,669391,"White, Owen",6/19/2025,777458,30,100,2025
30,592094,"Adam, Jason",6/20/2025,777426,30,100,2025
30,642121,"Sulser, Cole",5/18/2025,777877,30,100,2025
30,622554,"Domínguez, Seranthony",6/30/2025,777292,30,100,2025
30,663423,"Thornton, Trent",5/5/2025,778038,30,100,2025
30,621381,"Strahm, Matt",4/2/2025,778482,30,100,2025
30,682825,"Mey, Luis",5/3/2025,778077,30,100,2025
30,663767,"Shugart, Chase",5/14/2025,777919,30,100,2025
30,621139,"Kriske, Brooks",5/24/2025,777791,30,100,2025
30,592155,"Booser, Cam",6/5/2025,777634,30,100,2025
30,668820,"Kranick, Max",5/20/2025,777851,30,100,2025
30,669711,"Weissert, Greg",7/2/2025,777277,30,100,2025
30,656641,"Latz, Jacob",6/14/2025,777508,30,100,2025
30,669211,"Akin, Keegan",6/20/2025,777438,30,100,2025
30,676477,"Whitlock, Garrett",5/23/2025,777815,30,100,2025
30,676263,"Dreyer, Jack",4/23/2025,778205,30,100,2025
30,519326,"Strickland, Hunter",6/22/2025,777397,30,100,2025
30,668933,"Ashcraft, Graham",5/24/2025,777791,30,100,2025
30,621053,"Ferguson, Tyler",6/9/2025,777576,30,100,2025
30,663893,"Little, Brendon",7/2/2025,777274,30,100,2025
30,667463,"King, John",6/30/2025,777299,30,100,2025
30,681867,"Criswell, Cooper",7/2/2025,777277,30,100,2025
30,702352,"Bivens, Spencer",4/4/2025,778444,30,100,2025
30,688158,"Morgan, David",6/16/2025,777490,30,100,2025
30,605452,"Ross, Joe",5/31/2025,777702,30,100,2025
30,656222,"Beeks, Jalen",5/17/2025,777887,30,100,2025
30,668716,"Murdock, Noah",5/7/2025,778010,30,100,2025
30,683627,"Molina, Anthony",6/25/2025,777358,30,100,2025
30,571771,"Hernández, Enrique",6/22/2025,777398,30,100,2025
30,678606,"Ferrer, Jose A.",5/1/2025,778099,30,100,2025
30,681146,"Bride, Jonah",6/20/2025,777434,30,100,2025
30,656730,"Megill, Trevor",6/29/2025,777301,30,100,2025
30,665625,"Peguero, Elvis",4/3/2025,778468,30,100,2025
30,669438,"Englert, Mason",4/22/2025,778212,30,100,2025
30,672282,"Detmers, Reid",4/13/2025,778329,30,100,2025
30,621242,"Díaz, Edwin",4/9/2025,778390,30,100,2025
30,534910,"Hahn, Jesse",4/5/2025,778436,30,100,2025
30,676282,"Cantillo, Joey",4/23/2025,778206,30,100,2025
30,668984,"Legumina, Casey",6/29/2025,777302,30,100,2025
30,595345,"Okert, Steven",5/6/2025,778031,30,100,2025
30,642152,"Trivino, Lou",4/4/2025,778444,30,100,2025
30,623474,"Herget, Jimmy",6/3/2025,777666,30,100,2025
30,685126,"Eisert, Brandon",4/17/2025,778283,30,100,2025
30,621199,"Bowman, Matt",4/22/2025,778222,30,100,2025
30,687074,"Owens, Tyler",7/2/2025,777284,30,100,2025
30,683409,"Chivilli, Angel",4/25/2025,778181,30,100,2025
30,678022,"Perkins, Jack",6/22/2025,777400,30,100,2025
30,672282,"Detmers, Reid",4/23/2025,778202,30,100,2025
30,455119,"Martin, Chris",5/3/2025,778070,30,100,2025
30,687473,"Gusto, Ryan",5/17/2025,777882,30,100,2025
30,621363,"Poche, Colin",4/12/2025,778354,30,100,2025
30,450203,"Morton, Charlie",5/10/2025,777973,30,100,2025
30,689017,"Knack, Landon",3/19/2025,778564,30,100,2025
30,641656,"Hamilton, Ian",5/31/2025,777698,30,100,2025
30,623437,"Topa, Justin",6/29/2025,777314,30,100,2025
30,681916,"Smith, Dylan",6/3/2025,777661,30,100,2025
30,621237,"Alvarado, José",5/4/2025,778059,30,100,2025
30,664747,"Díaz, Alexis",4/21/2025,778230,30,100,2025
30,621237,"Alvarado, José",4/9/2025,778393,30,100,2025
30,642207,"Williams, Devin",6/3/2025,777664,30,100,2025
30,663687,"Harris, Hogan",6/2/2025,777669,30,100,2025
30,668716,"Murdock, Noah",4/17/2025,778283,30,100,2025
30,674285,"Salazar, Eduardo",6/28/2025,777315,30,100,2025
30,676684,"Vest, Will",5/7/2025,778013,30,100,2025
30,670167,"Schreiber, John",5/27/2025,777750,30,100,2025
30,683627,"Molina, Anthony",6/20/2025,777430,30,100,2025
30,695418,"Lord, Brad",6/25/2025,777360,30,100,2025
30,595345,"Okert, Steven",5/10/2025,777979,30,100,2025
30,674285,"Salazar, Eduardo",4/26/2025,778173,30,100,2025
30,669724,"Hanifee, Brenan",4/30/2025,778110,30,100,2025
30,669724,"Hanifee, Brenan",5/16/2025,777906,30,100,2025
30,672782,"Gómez, Yoendrys",4/30/2025,778109,30,100,2025
30,657240,"Merryweather, Julian",5/13/2025,777936,30,100,2025
30,702352,"Bivens, Spencer",4/24/2025,778194,30,100,2025
30,691799,"Taylor, Grant",6/14/2025,777508,30,100,2025
30,650556,"Abreu, Bryan",4/9/2025,778383,30,100,2025
30,663969,"Phillips, Tyler",4/21/2025,778230,30,100,2025
30,671305,"Otañez, Michel",5/19/2025,777853,30,100,2025
30,621237,"Alvarado, José",4/15/2025,778313,30,100,2025
30,687606,"Schultz, Paxton",6/3/2025,777665,30,100,2025
30,656222,"Beeks, Jalen",6/29/2025,777303,30,100,2025
30,606160,"Montero, Rafael",6/14/2025,777523,30,100,2025
30,476594,"Stock, Robert",6/8/2025,777593,30,100,2025
29,695445,"Lee, Chase",5/27/2025,777755,29,100,2025
29,642152,"Trivino, Lou",4/22/2025,778210,29,100,2025
29,518585,"Cruz, Fernando",6/18/2025,777466,29,100,2025
29,663546,"Hjelle, Sean",6/26/2025,777347,29,100,2025
29,641329,"Baker, Bryan",3/30/2025,778525,29,100,2025
29,686580,"Slaten, Justin",5/1/2025,778095,29,100,2025
29,686993,"Sterner, Justin",5/17/2025,777879,29,100,2025
29,656464,"Ginkel, Kevin",6/18/2025,777462,29,100,2025
29,669371,"Henry, Cole",4/24/2025,778193,29,100,2025
29,656457,"Gilbert, Tyler",4/18/2025,778275,29,100,2025
29,623474,"Herget, Jimmy",6/7/2025,777604,29,100,2025
29,666808,"Doval, Camilo",7/2/2025,777270,29,100,2025
29,681517,"Leahy, Kyle",5/28/2025,777740,29,100,2025
29,643377,"Jax, Griffin",5/11/2025,777956,29,100,2025
29,702352,"Bivens, Spencer",5/5/2025,778044,29,100,2025
29,605452,"Ross, Joe",4/19/2025,778252,29,100,2025
29,657649,"Koenig, Jared",6/22/2025,777401,29,100,2025
29,806185,"Birdsong, Hayden",5/5/2025,778044,29,100,2025
29,678495,"Rodríguez, Randy",4/29/2025,778126,29,100,2025
29,674285,"Salazar, Eduardo",3/29/2025,778535,29,100,2025
29,678606,"Ferrer, Jose A.",4/1/2025,778491,29,100,2025
29,668933,"Ashcraft, Graham",5/31/2025,777704,29,100,2025
29,683627,"Molina, Anthony",6/14/2025,777523,29,100,2025
29,678821,"Peralta, Luis",4/3/2025,778467,29,100,2025
29,663947,"Holton, Tyler",4/26/2025,778168,29,100,2025
29,657097,"Webb, Jacob",5/4/2025,778052,29,100,2025
29,667463,"King, John",5/19/2025,777862,29,100,2025
29,476594,"Stock, Robert",4/7/2025,778426,29,100,2025
29,642152,"Trivino, Lou",4/16/2025,778296,29,100,2025
29,686228,"Burgos, Juan",7/1/2025,777281,29,100,2025
29,676130,"Buttó, José",4/12/2025,778346,29,100,2025
29,689254,"Fluharty, Mason",6/28/2025,777323,29,100,2025
29,657044,"Thompson, Ryan",6/29/2025,777303,29,100,2025
29,669724,"Hanifee, Brenan",6/20/2025,777431,29,100,2025
29,656986,"Sousa, Bennett",5/5/2025,778042,29,100,2025
29,664126,"Fairbanks, Pete",4/19/2025,778255,29,100,2025
29,668933,"Ashcraft, Graham",5/10/2025,777979,29,100,2025
29,669438,"Englert, Mason",6/14/2025,777518,29,100,2025
29,676508,"Casparius, Ben",4/2/2025,778472,29,100,2025
29,687606,"Schultz, Paxton",6/24/2025,777384,29,100,2025
29,672841,"Vargas, Carlos",5/10/2025,777970,29,100,2025
29,621363,"Poche, Colin",6/28/2025,777325,29,100,2025
29,684320,"Rodríguez, Yariel",5/8/2025,778000,29,100,2025
29,678024,"Vasil, Mike",4/16/2025,778294,29,100,2025
29,688158,"Morgan, David",6/1/2025,777681,29,100,2025
29,656240,"Blewett, Scott",4/15/2025,778317,29,100,2025
29,701121,"VanWey, Logan",4/30/2025,778110,29,100,2025
29,672282,"Detmers, Reid",4/26/2025,778166,29,100,2025
29,628317,"Maeda, Kenta",3/29/2025,778533,29,100,2025
29,676130,"Buttó, José",4/29/2025,778130,29,100,2025
29,680689,"Richardson, Lyon",5/8/2025,778003,29,100,2025
29,672391,"Ort, Kaleb",5/22/2025,777822,29,100,2025
29,606930,"Barnes, Jacob",3/29/2025,778536,29,100,2025
29,669211,"Akin, Keegan",6/17/2025,777477,29,100,2025
29,605447,"Romano, Jordan",3/27/2025,778555,29,100,2025
29,670955,"Uceta, Edwin",7/2/2025,777271,29,100,2025
29,687424,"Maldonado, Anthony",5/27/2025,777752,29,100,2025
29,621053,"Ferguson, Tyler",6/24/2025,777386,29,100,2025
29,668674,"Erceg, Lucas",6/20/2025,777426,29,100,2025
29,641401,"Brogdon, Connor",6/7/2025,777603,29,100,2025
29,657024,"Swanson, Erik",6/8/2025,777585,29,100,2025
29,806188,"Gibson, Cade",6/16/2025,777483,29,100,2025
29,665625,"Peguero, Elvis",3/29/2025,778538,29,100,2025
29,687765,"Spence, Mitch",5/30/2025,777716,29,100,2025
29,702752,"Pintaro, Jonathan",6/25/2025,777369,29,100,2025
29,519151,"Pressly, Ryan",3/29/2025,778532,29,100,2025
29,605463,"Scott, Tayler",6/18/2025,777462,29,100,2025
29,695445,"Lee, Chase",6/15/2025,777505,29,100,2025
29,672582,"Zerpa, Angel",6/15/2025,777496,29,100,2025
29,687847,"Church, Marc",3/31/2025,778511,29,100,2025
29,678495,"Rodríguez, Randy",6/22/2025,777395,29,100,2025
29,670059,"Holderman, Colin",5/19/2025,777859,29,100,2025
29,607481,"Bummer, Aaron",6/1/2025,777692,29,100,2025
29,623352,"Hader, Josh",4/6/2025,778419,29,100,2025
29,542888,"Armstrong, Shawn",4/16/2025,778289,29,100,2025
29,596001,"Junis, Jakob",5/6/2025,778046,29,100,2025
29,687765,"Spence, Mitch",5/27/2025,777752,29,100,2025
29,680755,"Fisher, Braydon",5/15/2025,777913,29,100,2025
29,664199,"Clarke, Taylor",5/21/2025,777819,29,100,2025
29,669062,"Miller, Erik",6/3/2025,777656,29,100,2025
29,657097,"Webb, Jacob",6/8/2025,777596,29,100,2025
29,656240,"Blewett, Scott",6/5/2025,777640,29,100,2025
29,660825,"Bazardo, Eduard",6/6/2025,777614,29,100,2025
29,642528,"Loáisiga, Jonathan",6/16/2025,777487,29,100,2025
29,694350,"Brzykcy, Zach",6/3/2025,777659,29,100,2025
29,657514,"Bernardino, Brennan",5/6/2025,778037,29,100,2025
29,695418,"Lord, Brad",5/22/2025,777820,29,100,2025
29,680689,"Richardson, Lyon",6/1/2025,777687,29,100,2025
29,620454,"Castillo, José",5/11/2025,777954,29,100,2025
29,695445,"Lee, Chase",5/8/2025,778004,29,100,2025
29,820862,"Fermin, José",5/14/2025,777914,29,100,2025
29,669199,"Bachar, Lake",6/15/2025,777503,29,100,2025
29,678368,"Bellozo, Valente",6/26/2025,777347,29,100,2025
29,592779,"Stewart, Brock",5/14/2025,777924,29,100,2025
29,663893,"Little, Brendon",6/25/2025,777368,29,100,2025
29,656234,"Bird, Jake",6/21/2025,777410,29,100,2025
29,519151,"Pressly, Ryan",6/20/2025,777436,29,100,2025
29,657649,"Koenig, Jared",5/9/2025,778002,29,100,2025
29,657585,"Garrett, Reed",4/17/2025,778278,29,100,2025
29,605513,"Turnbull, Spencer",6/11/2025,777545,29,100,2025
29,682842,"Uribe, Abner",6/19/2025,777450,29,100,2025
29,686993,"Sterner, Justin",5/20/2025,777843,29,100,2025
29,668933,"Ashcraft, Graham",4/17/2025,778285,29,100,2025
29,621381,"Strahm, Matt",4/26/2025,778174,29,100,2025
29,656730,"Megill, Trevor",6/15/2025,777492,29,100,2025
29,641941,"Pagán, Emilio",5/18/2025,777874,29,100,2025
29,573009,"Mantiply, Joe",4/15/2025,778318,29,100,2025
29,642585,"Bautista, Félix",5/30/2025,777720,29,100,2025
29,607455,"Banda, Anthony",4/1/2025,778487,29,100,2025
29,676684,"Vest, Will",4/11/2025,778363,29,100,2025
29,678226,"Hernández, Daysbel",4/12/2025,778353,29,100,2025
29,687473,"Gusto, Ryan",4/2/2025,778475,29,100,2025
29,678606,"Ferrer, Jose A.",5/14/2025,777929,29,100,2025
29,641302,"Alexander, Tyler",7/1/2025,777280,29,100,2025
29,669371,"Henry, Cole",4/28/2025,778138,29,100,2025
29,669622,"Bender, Anthony",6/7/2025,777611,29,100,2025
29,687134,"Blalock, Bradley",4/5/2025,778442,29,100,2025
29,663687,"Harris, Hogan",7/2/2025,777271,29,100,2025
29,641302,"Alexander, Tyler",4/30/2025,778111,29,100,2025
29,672282,"Detmers, Reid",5/1/2025,778101,29,100,2025
29,678692,"Henriquez, Ronny",5/28/2025,777726,29,100,2025
29,690382,"Darrell-Hicks, Michael",4/11/2025,778368,29,100,2025
29,676680,"Cosgrove, Tom",5/9/2025,778001,29,100,2025
29,606160,"Montero, Rafael",5/14/2025,777929,29,100,2025
29,678020,"Halvorsen, Seth",6/29/2025,777301,29,100,2025
29,680742,"Bowlan, Jonathan",6/11/2025,777551,29,100,2025
28,678215,"Arias, Luarbert",4/4/2025,778464,28,100,2025
28,671109,"Eder, Jake",5/25/2025,777767,28,100,2025
28,657097,"Webb, Jacob",5/24/2025,777792,28,100,2025
28,656986,"Sousa, Bennett",5/12/2025,777948,28,100,2025
28,656464,"Ginkel, Kevin",5/20/2025,777838,28,100,2025
28,674944,"Guenther, Sean",5/10/2025,777987,28,100,2025
28,676477,"Whitlock, Garrett",5/26/2025,777764,28,100,2025
28,657571,"Ferguson, Caleb",6/28/2025,777325,28,100,2025
28,678692,"Henriquez, Ronny",5/13/2025,777936,28,100,2025
28,656240,"Blewett, Scott",6/21/2025,777422,28,100,2025
28,663687,"Harris, Hogan",5/11/2025,777957,28,100,2025
28,689225,"Brieske, Beau",4/11/2025,778363,28,100,2025
28,666120,"Anderson, Ian",4/22/2025,778211,28,100,2025
28,680755,"Fisher, Braydon",6/8/2025,777585,28,100,2025
28,605347,"López, Jorge",4/13/2025,778337,28,100,2025
28,445926,"Chavez, Jesse",4/25/2025,778177,28,100,2025
28,664192,"Lucchesi, Joey",6/26/2025,777347,28,100,2025
28,669684,"Murphy, Chris",7/2/2025,777277,28,100,2025
28,672282,"Detmers, Reid",6/2/2025,777670,28,100,2025
28,642708,"Rosario, Amed",4/28/2025,778138,28,100,2025
28,663804,"Kowar, Jackson",6/10/2025,777559,28,100,2025
28,605452,"Ross, Joe",6/17/2025,777481,28,100,2025
28,668820,"Kranick, Max",5/23/2025,777808,28,100,2025
28,640462,"Puk, A.J.",3/30/2025,778515,28,100,2025
28,640448,"Finnegan, Kyle",4/19/2025,778247,28,100,2025
28,691799,"Taylor, Grant",7/2/2025,777267,28,100,2025
28,660896,"Alcala, Jorge",6/3/2025,777658,28,100,2025
28,695418,"Lord, Brad",5/25/2025,777778,28,100,2025
28,690382,"Darrell-Hicks, Michael",5/4/2025,778050,28,100,2025
28,672782,"Gómez, Yoendrys",4/6/2025,778428,28,100,2025
28,600917,"Leclerc, José",3/27/2025,778547,28,100,2025
28,663738,"Lynch IV, Daniel",5/3/2025,778072,28,100,2025
28,641755,"Kinley, Tyler",5/27/2025,777751,28,100,2025
28,621053,"Ferguson, Tyler",4/16/2025,778294,28,100,2025
28,666808,"Doval, Camilo",6/3/2025,777656,28,100,2025
28,676130,"Buttó, José",6/20/2025,777437,28,100,2025
28,607481,"Bummer, Aaron",6/20/2025,777439,28,100,2025
28,672782,"Gómez, Yoendrys",5/19/2025,777857,28,100,2025
28,672335,"Pérez, Cionel",3/28/2025,778549,28,100,2025
28,554340,"García, Yimi",5/9/2025,777984,28,100,2025
28,676661,"Lazar, Max",6/5/2025,777637,28,100,2025
28,621366,"Borucki, Ryan",5/2/2025,778090,28,100,2025
28,670955,"Uceta, Edwin",5/13/2025,777935,28,100,2025
28,657424,"Gage, Matt",6/20/2025,777431,28,100,2025
28,689690,"Jacob, Alek",4/8/2025,778395,28,100,2025
28,662253,"Muñoz, Andrés",5/5/2025,778038,28,100,2025
28,663465,"Allard, Kolby",5/18/2025,777874,28,100,2025
28,679358,"Orze, Eric",6/27/2025,777343,28,100,2025
28,606303,"Payamps, Joel",4/26/2025,778164,28,100,2025
28,679358,"Orze, Eric",4/14/2025,778328,28,100,2025
28,657514,"Bernardino, Brennan",4/23/2025,778207,28,100,2025
28,663546,"Hjelle, Sean",6/4/2025,777641,28,100,2025
28,676684,"Vest, Will",6/15/2025,777505,28,100,2025
28,623211,"Brazobán, Huascar",5/18/2025,777878,28,100,2025
28,534910,"Hahn, Jesse",5/22/2025,777822,28,100,2025
28,683232,"Mears, Nick",4/27/2025,778150,28,100,2025
28,675848,"Mejia, Juan",6/8/2025,777583,28,100,2025
28,676092,"Snider, Collin",5/11/2025,777958,28,100,2025
28,663767,"Shugart, Chase",4/22/2025,778211,28,100,2025
28,656271,"Burke, Brock",4/2/2025,778473,28,100,2025
28,682842,"Uribe, Abner",4/26/2025,778164,28,100,2025
28,669438,"Englert, Mason",4/1/2025,778493,28,100,2025
28,605154,"Brebbia, John",5/10/2025,777987,28,100,2025
28,694363,"Shuster, Jared",5/3/2025,778066,28,100,2025
28,670036,"Festa, Matt",5/16/2025,777902,28,100,2025
28,605447,"Romano, Jordan",5/23/2025,777804,28,100,2025
28,552640,"Kittredge, Andrew",6/18/2025,777463,28,100,2025
28,621051,"Wilson, Steven",6/4/2025,777639,28,100,2025
28,682825,"Mey, Luis",5/20/2025,777847,28,100,2025
28,623211,"Brazobán, Huascar",3/31/2025,778509,28,100,2025
28,643410,"Leiter Jr., Mark",6/24/2025,777385,28,100,2025
28,676263,"Dreyer, Jack",6/8/2025,777582,28,100,2025
28,656234,"Bird, Jake",4/24/2025,778190,28,100,2025
28,664076,"Cleavinger, Garrett",6/18/2025,777463,28,100,2025
28,702352,"Bivens, Spencer",4/11/2025,778370,28,100,2025
28,687134,"Blalock, Bradley",3/31/2025,778502,28,100,2025
28,693855,"Seymour, Ian",6/9/2025,777584,28,100,2025
28,641745,"Keller, Brad",5/3/2025,778071,28,100,2025
28,660825,"Bazardo, Eduard",4/4/2025,778444,28,100,2025
28,623211,"Brazobán, Huascar",5/21/2025,777831,28,100,2025
28,656457,"Gilbert, Tyler",4/8/2025,778402,28,100,2025
28,621237,"Alvarado, José",4/23/2025,778203,28,100,2025
28,665660,"Alvarado, Elvis",6/2/2025,777669,28,100,2025
28,672578,"Hernández, Carlos",5/14/2025,777933,28,100,2025
28,656794,"Newcomb, Sean",5/24/2025,777809,28,100,2025
28,571948,"Milner, Hoby",4/6/2025,778420,28,100,2025
28,489446,"Yates, Kirby",6/24/2025,777379,28,100,2025
28,605452,"Ross, Joe",4/26/2025,778174,28,100,2025
28,663687,"Harris, Hogan",6/29/2025,777307,28,100,2025
28,678020,"Halvorsen, Seth",4/9/2025,778379,28,100,2025
28,573124,"Rogers, Taylor",6/8/2025,777602,28,100,2025
28,683232,"Mears, Nick",5/28/2025,777736,28,100,2025
28,605130,"Barlow, Scott",5/14/2025,777928,28,100,2025
28,696270,"Johnson, Ryan",4/30/2025,778104,28,100,2025
28,820862,"Fermin, José",6/8/2025,777589,28,100,2025
28,542888,"Armstrong, Shawn",3/30/2025,778516,28,100,2025
28,670955,"Uceta, Edwin",4/23/2025,778199,28,100,2025
28,596001,"Junis, Jakob",5/25/2025,777780,28,100,2025
28,676508,"Casparius, Ben",6/3/2025,777657,28,100,2025
28,571927,"Matz, Steven",6/13/2025,777525,28,100,2025
28,660896,"Alcala, Jorge",5/31/2025,777695,28,100,2025
28,677161,"Kelly, Zack",6/29/2025,777310,28,100,2025
28,663947,"Holton, Tyler",4/20/2025,778246,28,100,2025
28,656945,"Scott, Tanner",5/20/2025,777838,28,100,2025
28,571948,"Milner, Hoby",5/13/2025,777934,28,100,2025
28,676130,"Buttó, José",3/29/2025,778530,28,100,2025
28,628452,"Iglesias, Raisel",5/12/2025,777959,28,100,2025
28,664126,"Fairbanks, Pete",5/8/2025,778005,28,100,2025
28,686993,"Sterner, Justin",5/10/2025,777972,28,100,2025
28,695243,"Miller, Mason",5/3/2025,778075,28,100,2025
28,678024,"Vasil, Mike",4/29/2025,778125,28,100,2025
28,656222,"Beeks, Jalen",4/20/2025,778236,28,100,2025
28,676609,"Caballero, José",6/27/2025,777343,28,100,2025
28,663738,"Lynch IV, Daniel",3/31/2025,778504,28,100,2025
28,640454,"Krook, Matt",5/16/2025,777891,28,100,2025
28,676702,"Stratton, Hunter",4/29/2025,778135,28,100,2025
28,592773,"Stanek, Ryne",6/23/2025,777389,28,100,2025
28,642207,"Williams, Devin",5/25/2025,777768,28,100,2025
28,656222,"Beeks, Jalen",4/26/2025,778162,28,100,2025
28,642016,"Robert, Daniel",5/16/2025,777905,28,100,2025
28,642048,"Saucedo, Tayler",3/28/2025,778541,28,100,2025
27,673929,"Leasure, Jordan",6/17/2025,777467,27,100,2025
27,641302,"Alexander, Tyler",5/16/2025,777898,27,100,2025
27,668820,"Kranick, Max",5/7/2025,778014,27,100,2025
27,518585,"Cruz, Fernando",4/16/2025,778300,27,100,2025
27,642232,"Yarbrough, Ryan",4/8/2025,778403,27,100,2025
27,660787,"De los Santos, Yerry",4/27/2025,778156,27,100,2025
27,605130,"Barlow, Scott",4/18/2025,778276,27,100,2025
27,674285,"Salazar, Eduardo",6/20/2025,777427,27,100,2025
27,668390,"Winn, Cole",5/31/2025,777697,27,100,2025
27,681869,"Dubin, Shawn",5/14/2025,777920,27,100,2025
27,657097,"Webb, Jacob",6/15/2025,777493,27,100,2025
27,672582,"Zerpa, Angel",5/6/2025,778033,27,100,2025
27,689147,"Kerkering, Orion",4/29/2025,778131,27,100,2025
27,678226,"Hernández, Daysbel",5/10/2025,777985,27,100,2025
27,571948,"Milner, Hoby",3/29/2025,778531,27,100,2025
27,663574,"Santillan, Tony",5/6/2025,778034,27,100,2025
27,643410,"Leiter Jr., Mark",6/23/2025,777390,27,100,2025
27,694037,"Palencia, Daniel",4/19/2025,778257,27,100,2025
27,605154,"Brebbia, John",5/19/2025,777862,27,100,2025
27,806185,"Birdsong, Hayden",4/5/2025,778436,27,100,2025
27,663423,"Thornton, Trent",6/30/2025,777297,27,100,2025
27,687377,"Ribalta, Orlando",4/2/2025,778478,27,100,2025
27,691441,"Mena, Cristian",6/6/2025,777623,27,100,2025
27,641755,"Kinley, Tyler",6/11/2025,777547,27,100,2025
27,623211,"Brazobán, Huascar",6/19/2025,777455,27,100,2025
27,600917,"Leclerc, José",4/8/2025,778395,27,100,2025
27,623437,"Topa, Justin",4/27/2025,778144,27,100,2025
27,621383,"Banks, Tanner",5/8/2025,778005,27,100,2025
27,678692,"Henriquez, Ronny",4/27/2025,778136,27,100,2025
27,642121,"Sulser, Cole",4/12/2025,778353,27,100,2025
27,676130,"Buttó, José",6/14/2025,777518,27,100,2025
27,677161,"Kelly, Zack",4/12/2025,778349,27,100,2025
27,608032,"Estévez, Carlos",4/2/2025,778477,27,100,2025
27,678226,"Hernández, Daysbel",5/6/2025,778034,27,100,2025
27,680729,"McDaniels, Garrett",4/22/2025,778211,27,100,2025
27,521230,"Hendriks, Liam",5/21/2025,777831,27,100,2025
27,596001,"Junis, Jakob",6/27/2025,777349,27,100,2025
27,472610,"García, Luis",4/12/2025,778345,27,100,2025
27,694037,"Palencia, Daniel",7/2/2025,777266,27,100,2025
27,667463,"King, John",4/6/2025,778432,27,100,2025
27,542888,"Armstrong, Shawn",4/4/2025,778454,27,100,2025
27,676263,"Dreyer, Jack",4/15/2025,778302,27,100,2025
27,687473,"Gusto, Ryan",5/4/2025,778055,27,100,2025
27,695243,"Miller, Mason",5/23/2025,777804,27,100,2025
27,676428,"Hurter, Brant",5/13/2025,777940,27,100,2025
27,641329,"Baker, Bryan",4/19/2025,778262,27,100,2025
27,571948,"Milner, Hoby",4/22/2025,778213,27,100,2025
27,660825,"Bazardo, Eduard",5/31/2025,777695,27,100,2025
27,679922,"Duran, Carlos",5/22/2025,777812,27,100,2025
27,681676,"Fernandez, Ryan",4/1/2025,778495,27,100,2025
27,608032,"Estévez, Carlos",6/15/2025,777496,27,100,2025
27,675848,"Mejia, Juan",6/12/2025,777534,27,100,2025
27,656986,"Sousa, Bennett",6/10/2025,777567,27,100,2025
27,688642,"Agnos, Zach",5/7/2025,778013,27,100,2025
27,605177,"Chafin, Andrew",5/27/2025,777743,27,100,2025
27,678821,"Peralta, Luis",4/19/2025,778247,27,100,2025
27,657024,"Swanson, Erik",6/15/2025,777499,27,100,2025
27,678495,"Rodríguez, Randy",5/28/2025,777738,27,100,2025
27,676428,"Hurter, Brant",5/11/2025,777969,27,100,2025
27,667463,"King, John",4/4/2025,778463,27,100,2025
27,680689,"Richardson, Lyon",4/27/2025,778148,27,100,2025
27,643410,"Leiter Jr., Mark",5/3/2025,778074,27,100,2025
27,691441,"Mena, Cristian",6/1/2025,777679,27,100,2025
27,519326,"Strickland, Hunter",6/8/2025,777589,27,100,2025
27,608032,"Estévez, Carlos",4/22/2025,778215,27,100,2025
27,656546,"Hoffman, Jeff",4/30/2025,778114,27,100,2025
27,681869,"Dubin, Shawn",5/28/2025,777734,27,100,2025
27,676254,"Walker, Ryan",6/6/2025,777619,27,100,2025
27,682610,"Muñoz, Roddery",6/1/2025,777678,27,100,2025
27,681911,"Vesia, Alex",4/22/2025,778220,27,100,2025
27,687911,"King, Bryan",6/20/2025,777428,27,100,2025
27,663474,"McKenzie, Triston",4/16/2025,778301,27,100,2025
27,694363,"Shuster, Jared",4/29/2025,778125,27,100,2025
27,622253,"Tate, Dillon",5/4/2025,778056,27,100,2025
27,671131,"Rutledge, Jackson",6/5/2025,777632,27,100,2025
27,657649,"Koenig, Jared",5/25/2025,777776,27,100,2025
27,669093,"Estrada, Jeremiah",5/25/2025,777783,27,100,2025
27,592836,"Walker, Taijuan",6/7/2025,777607,27,100,2025
27,605177,"Chafin, Andrew",5/23/2025,777801,27,100,2025
27,664139,"Gibaut, Ian",3/27/2025,778561,27,100,2025
27,663574,"Santillan, Tony",5/24/2025,777791,27,100,2025
27,641401,"Brogdon, Connor",6/29/2025,777305,27,100,2025
27,687911,"King, Bryan",5/19/2025,777858,27,100,2025
27,676534,"Faucher, Calvin",6/29/2025,777303,27,100,2025
27,669093,"Estrada, Jeremiah",4/19/2025,778259,27,100,2025
27,669422,"Sauer, Matt",5/19/2025,777854,27,100,2025
27,673929,"Leasure, Jordan",5/25/2025,777777,27,100,2025
27,592094,"Adam, Jason",6/24/2025,777372,27,100,2025
27,661403,"Clase, Emmanuel",4/4/2025,778447,27,100,2025
27,621053,"Ferguson, Tyler",5/14/2025,777917,27,100,2025
27,656986,"Sousa, Bennett",4/14/2025,778325,27,100,2025
27,642701,"Santana, Dennis",5/23/2025,777806,27,100,2025
27,605452,"Ross, Joe",5/1/2025,778099,27,100,2025
27,518585,"Cruz, Fernando",5/3/2025,778074,27,100,2025
27,600917,"Leclerc, José",4/16/2025,778294,27,100,2025
27,661395,"Duran, Jhoan",5/15/2025,777911,27,100,2025
27,668390,"Winn, Cole",6/15/2025,777493,27,100,2025
27,662253,"Muñoz, Andrés",6/1/2025,777680,27,100,2025
27,592155,"Booser, Cam",6/19/2025,777447,27,100,2025
27,681517,"Leahy, Kyle",4/1/2025,778495,27,100,2025
27,666171,"Zeferjahn, Ryan",5/13/2025,777932,27,100,2025
27,687847,"Church, Marc",4/6/2025,778420,27,100,2025
27,687765,"Spence, Mitch",5/22/2025,777812,27,100,2025
27,687396,"Headrick, Brent",4/4/2025,778461,27,100,2025
27,621199,"Bowman, Matt",5/28/2025,777740,27,100,2025
27,650556,"Abreu, Bryan",5/23/2025,777800,27,100,2025
27,518585,"Cruz, Fernando",4/12/2025,778355,27,100,2025
27,676534,"Faucher, Calvin",4/2/2025,778481,27,100,2025
27,664199,"Clarke, Taylor",5/27/2025,777750,27,100,2025
27,519008,"McFarland, T.J.",6/26/2025,777351,27,100,2025
27,695243,"Miller, Mason",5/5/2025,778038,27,100,2025
27,676879,"Ashby, Aaron",6/19/2025,777450,27,100,2025
27,621383,"Banks, Tanner",4/30/2025,778118,27,100,2025
27,666661,"Morillo, Juan",5/13/2025,777930,27,100,2025
27,689147,"Kerkering, Orion",4/8/2025,778406,27,100,2025
27,663767,"Shugart, Chase",6/30/2025,777299,27,100,2025
27,672335,"Pérez, Cionel",4/29/2025,778133,27,100,2025
27,672335,"Pérez, Cionel",5/15/2025,777911,27,100,2025
27,660825,"Bazardo, Eduard",3/29/2025,778521,27,100,2025
27,673513,"Matsui, Yuki",4/21/2025,778228,27,100,2025
27,660825,"Bazardo, Eduard",5/4/2025,778052,27,100,2025
27,680755,"Fisher, Braydon",6/28/2025,777323,27,100,2025
26,671922,"Smith, Cade",5/6/2025,778026,26,100,2025
26,595897,"Burdi, Nick",5/31/2025,777706,26,100,2025
26,806185,"Birdsong, Hayden",4/2/2025,778475,26,100,2025
26,669724,"Hanifee, Brenan",4/21/2025,778228,26,100,2025
26,676428,"Hurter, Brant",5/30/2025,777711,26,100,2025
26,680767,"Vodnik, Victor",4/16/2025,778287,26,100,2025
26,622554,"Domínguez, Seranthony",4/26/2025,778180,26,100,2025
26,621383,"Banks, Tanner",6/20/2025,777437,26,100,2025
26,672782,"Gómez, Yoendrys",5/16/2025,777900,26,100,2025
26,642585,"Bautista, Félix",5/20/2025,777844,26,100,2025
26,693312,"Nicolas, Kyle",4/18/2025,778271,26,100,2025
26,695243,"Miller, Mason",5/10/2025,777972,26,100,2025
26,660896,"Alcala, Jorge",5/24/2025,777788,26,100,2025
26,676395,"Garcia, Robert",6/5/2025,777629,26,100,2025
26,666171,"Zeferjahn, Ryan",5/17/2025,777884,26,100,2025
26,656420,"Feyereisen, J.P.",5/13/2025,777937,26,100,2025
26,668820,"Kranick, Max",6/15/2025,777502,26,100,2025
26,673513,"Matsui, Yuki",6/27/2025,777346,26,100,2025
26,664126,"Fairbanks, Pete",5/10/2025,777981,26,100,2025
26,678215,"Arias, Luarbert",4/8/2025,778407,26,100,2025
26,621051,"Wilson, Steven",5/9/2025,777991,26,100,2025
26,660825,"Bazardo, Eduard",6/27/2025,777340,26,100,2025
26,695418,"Lord, Brad",5/28/2025,777730,26,100,2025
26,684320,"Rodríguez, Yariel",4/19/2025,778258,26,100,2025
26,681911,"Vesia, Alex",3/28/2025,778544,26,100,2025
26,688297,"Roycroft, Chris",5/14/2025,777933,26,100,2025
26,663158,"Suarez, Robert",6/29/2025,777312,26,100,2025
26,573124,"Rogers, Taylor",5/21/2025,777834,26,100,2025
26,656546,"Hoffman, Jeff",5/2/2025,778081,26,100,2025
26,676130,"Buttó, José",6/7/2025,777604,26,100,2025
26,666277,"Soriano, George",5/5/2025,778047,26,100,2025
26,518585,"Cruz, Fernando",4/20/2025,778240,26,100,2025
26,684320,"Rodríguez, Yariel",5/27/2025,777741,26,100,2025
26,656794,"Newcomb, Sean",6/17/2025,777469,26,100,2025
26,646242,"Díaz, Jhonathan",4/1/2025,778486,26,100,2025
26,683769,"Gaddis, Hunter",6/17/2025,777472,26,100,2025
26,552640,"Kittredge, Andrew",6/28/2025,777330,26,100,2025
26,689690,"Jacob, Alek",4/4/2025,778460,26,100,2025
26,519151,"Pressly, Ryan",5/6/2025,778027,26,100,2025
26,669212,"Morgan, Eli",4/14/2025,778315,26,100,2025
26,666619,"Santos, Gregory",4/15/2025,778316,26,100,2025
26,670955,"Uceta, Edwin",6/30/2025,777296,26,100,2025
26,663474,"McKenzie, Triston",3/31/2025,778499,26,100,2025
26,688158,"Morgan, David",6/30/2025,777306,26,100,2025
26,674285,"Salazar, Eduardo",4/28/2025,778138,26,100,2025
26,674285,"Salazar, Eduardo",4/9/2025,778392,26,100,2025
26,681517,"Leahy, Kyle",6/26/2025,777348,26,100,2025
26,685126,"Eisert, Brandon",6/24/2025,777383,26,100,2025
26,571948,"Milner, Hoby",5/10/2025,777987,26,100,2025
26,571948,"Milner, Hoby",6/24/2025,777380,26,100,2025
26,605452,"Ross, Joe",4/16/2025,778296,26,100,2025
26,664747,"Díaz, Alexis",4/15/2025,778316,26,100,2025
26,594580,"Moll, Sam",3/31/2025,778511,26,100,2025
26,663804,"Kowar, Jackson",6/3/2025,777655,26,100,2025
26,660853,"De Los Santos, Enyel",4/22/2025,778229,26,100,2025
26,594580,"Moll, Sam",7/1/2025,777294,26,100,2025
26,607732,"Stallings, Jacob",5/10/2025,777976,26,100,2025
26,642100,"Speier, Gabe",6/14/2025,777507,26,100,2025
26,657585,"Garrett, Reed",5/1/2025,778103,26,100,2025
26,621381,"Strahm, Matt",5/6/2025,778040,26,100,2025
26,623211,"Brazobán, Huascar",6/21/2025,777423,26,100,2025
26,669711,"Weissert, Greg",5/27/2025,777747,26,100,2025
26,607481,"Bummer, Aaron",4/14/2025,778322,26,100,2025
26,641656,"Hamilton, Ian",6/7/2025,777605,26,100,2025
26,573009,"Mantiply, Joe",4/18/2025,778268,26,100,2025
26,660896,"Alcala, Jorge",6/5/2025,777636,26,100,2025
26,518585,"Cruz, Fernando",6/13/2025,777537,26,100,2025
26,605463,"Scott, Tayler",4/11/2025,778368,26,100,2025
26,656234,"Bird, Jake",5/19/2025,777852,26,100,2025
26,680742,"Bowlan, Jonathan",5/21/2025,777819,26,100,2025
26,643377,"Jax, Griffin",4/18/2025,778284,26,100,2025
26,621383,"Banks, Tanner",5/31/2025,777702,26,100,2025
26,656986,"Sousa, Bennett",4/29/2025,778124,26,100,2025
26,671922,"Smith, Cade",4/8/2025,778402,26,100,2025
26,683409,"Chivilli, Angel",5/14/2025,777918,26,100,2025
26,670036,"Festa, Matt",5/26/2025,777769,26,100,2025
26,676617,"O'Brien, Riley",6/11/2025,777545,26,100,2025
26,620454,"Castillo, José",6/4/2025,777638,26,100,2025
26,668933,"Ashcraft, Graham",4/25/2025,778181,26,100,2025
26,608718,"Suter, Brent",6/1/2025,777687,26,100,2025
26,676130,"Buttó, José",5/2/2025,778084,26,100,2025
26,518585,"Cruz, Fernando",5/17/2025,777888,26,100,2025
26,676755,"Mattson, Isaac",7/1/2025,777288,26,100,2025
26,680689,"Richardson, Lyon",4/30/2025,778119,26,100,2025
26,688642,"Agnos, Zach",6/6/2025,777616,26,100,2025
26,595345,"Okert, Steven",5/4/2025,778055,26,100,2025
26,696270,"Johnson, Ryan",4/15/2025,778306,26,100,2025
26,688642,"Agnos, Zach",6/10/2025,777563,26,100,2025
26,692285,"Guerrero, Luis",6/25/2025,777362,26,100,2025
26,660825,"Bazardo, Eduard",4/22/2025,778224,26,100,2025
26,621199,"Bowman, Matt",4/18/2025,778276,26,100,2025
26,656222,"Beeks, Jalen",4/3/2025,778466,26,100,2025
26,682052,"Lopez, Jacob",4/18/2025,778261,26,100,2025
26,612434,"Castro, Miguel",5/18/2025,777872,26,100,2025
26,663485,"Sands, Cole",6/12/2025,777533,26,100,2025
26,620454,"Castillo, José",6/14/2025,777518,26,100,2025
26,700669,"Graceffo, Gordon",6/22/2025,777407,26,100,2025
26,668933,"Ashcraft, Graham",5/8/2025,778003,26,100,2025
26,571946,"Miller, Shelby",5/6/2025,778032,26,100,2025
26,672578,"Hernández, Carlos",4/19/2025,778252,26,100,2025
26,679885,"Martinez, Justin",4/27/2025,778147,26,100,2025
26,676508,"Casparius, Ben",3/27/2025,778546,26,100,2025
26,676428,"Hurter, Brant",5/7/2025,778013,26,100,2025
26,621051,"Wilson, Steven",5/6/2025,778033,26,100,2025
26,656794,"Newcomb, Sean",6/2/2025,777669,26,100,2025
26,689254,"Fluharty, Mason",6/17/2025,777479,26,100,2025
26,642397,"Soto, Gregory",7/1/2025,777282,26,100,2025
26,687863,"Hodge, Porter",5/1/2025,778100,26,100,2025
26,680880,"Holman, Grant",5/22/2025,777812,26,100,2025
26,685107,"Veneziano, Anthony",5/6/2025,778035,26,100,2025
26,666661,"Morillo, Juan",5/30/2025,777710,26,100,2025
26,668716,"Murdock, Noah",4/29/2025,778122,26,100,2025
26,676534,"Faucher, Calvin",3/29/2025,778539,26,100,2025
26,605447,"Romano, Jordan",6/1/2025,777688,26,100,2025
26,671131,"Rutledge, Jackson",5/31/2025,777696,26,100,2025
26,666661,"Morillo, Juan",5/8/2025,777999,26,100,2025
26,593974,"Peralta, Wandy",5/6/2025,778041,26,100,2025
26,656234,"Bird, Jake",6/15/2025,777504,26,100,2025
26,669920,"Alexander, Jason",4/13/2025,778333,26,100,2025
26,621366,"Borucki, Ryan",4/6/2025,778428,26,100,2025
26,656945,"Scott, Tanner",5/28/2025,777739,26,100,2025
26,666808,"Doval, Camilo",6/11/2025,777547,26,100,2025
26,678020,"Halvorsen, Seth",4/15/2025,778302,26,100,2025
26,668674,"Erceg, Lucas",5/18/2025,777864,26,100,2025
26,622786,"Tinoco, Jesus",3/27/2025,778562,26,100,2025
26,571948,"Milner, Hoby",6/30/2025,777292,26,100,2025
26,572955,"Johnson, Pierce",4/13/2025,778340,26,100,2025
26,681895,"Sisk, Evan",4/17/2025,778286,26,100,2025
26,676617,"O'Brien, Riley",6/29/2025,777309,26,100,2025
26,672391,"Ort, Kaleb",6/21/2025,777414,26,100,2025
26,688297,"Roycroft, Chris",6/11/2025,777545,26,100,2025
26,673965,"Freeman, Caleb",5/5/2025,778043,26,100,2025
26,622554,"Domínguez, Seranthony",5/15/2025,777911,26,100,2025
26,689690,"Jacob, Alek",4/23/2025,778209,26,100,2025
26,695445,"Lee, Chase",4/22/2025,778221,26,100,2025
26,681517,"Leahy, Kyle",4/15/2025,778308,26,100,2025
26,606303,"Payamps, Joel",4/10/2025,778371,26,100,2025
26,669622,"Bender, Anthony",6/24/2025,777364,26,100,2025
26,642585,"Bautista, Félix",3/31/2025,778512,26,100,2025
26,673380,"Núñez, Dedniel",6/26/2025,777352,26,100,2025
26,664875,"Lawrence, Justin",4/9/2025,778389,26,100,2025
26,669717,"Wilson, Will",4/28/2025,778139,26,100,2025
26,641401,"Brogdon, Connor",6/22/2025,777397,26,100,2025
26,472610,"García, Luis",5/3/2025,778076,26,100,2025
26,664126,"Fairbanks, Pete",3/28/2025,778560,26,100,2025
26,665660,"Alvarado, Elvis",6/29/2025,777307,26,100,2025
26,806185,"Birdsong, Hayden",5/2/2025,778082,26,100,2025
26,656794,"Newcomb, Sean",6/18/2025,777456,26,100,2025
26,660853,"De Los Santos, Enyel",5/3/2025,778076,26,100,2025
26,683232,"Mears, Nick",4/18/2025,778261,26,100,2025
26,694350,"Brzykcy, Zach",5/6/2025,778046,26,100,2025
26,663969,"Phillips, Tyler",6/27/2025,777332,26,100,2025
26,678692,"Henriquez, Ronny",4/1/2025,778497,26,100,2025
26,593576,"Neris, Héctor",3/30/2025,778514,26,100,2025
26,641755,"Kinley, Tyler",5/4/2025,778048,26,100,2025
26,606160,"Montero, Rafael",5/29/2025,777723,26,100,2025
26,608371,"Sims, Lucas",4/13/2025,778337,26,100,2025
26,668984,"Legumina, Casey",5/21/2025,777830,26,100,2025
26,671131,"Rutledge, Jackson",5/3/2025,778077,26,100,2025
26,682842,"Uribe, Abner",4/24/2025,778194,26,100,2025
26,663969,"Phillips, Tyler",4/29/2025,778123,26,100,2025
26,664208,"Maton, Phil",4/25/2025,778184,26,100,2025
26,685107,"Veneziano, Anthony",6/14/2025,777514,26,100,2025
26,688158,"Morgan, David",6/27/2025,777346,26,100,2025
26,622554,"Domínguez, Seranthony",5/24/2025,777790,26,100,2025
26,668820,"Kranick, Max",4/18/2025,778270,26,100,2025
26,676684,"Vest, Will",6/19/2025,777464,26,100,2025
26,670955,"Uceta, Edwin",5/23/2025,777810,26,100,2025
26,663738,"Lynch IV, Daniel",5/30/2025,777711,26,100,2025
26,663687,"Harris, Hogan",6/18/2025,777456,26,100,2025
26,664849,"Young, Danny",3/31/2025,778509,26,100,2025
26,664351,"Contreras, Luis",3/31/2025,778505,26,100,2025
26,682254,"Montgomery, Mason",6/7/2025,777611,26,100,2025
26,572955,"Johnson, Pierce",4/1/2025,778487,26,100,2025
25,641656,"Hamilton, Ian",4/19/2025,778255,25,100,2025
25,657571,"Ferguson, Caleb",7/1/2025,777288,25,100,2025
25,694350,"Brzykcy, Zach",5/17/2025,777890,25,100,2025
25,661403,"Clase, Emmanuel",5/4/2025,778056,25,100,2025
25,641401,"Brogdon, Connor",5/11/2025,777961,25,100,2025
25,684974,"Yoho, Craig",4/23/2025,778198,25,100,2025
25,666171,"Zeferjahn, Ryan",4/18/2025,778260,25,100,2025
25,688297,"Roycroft, Chris",6/10/2025,777558,25,100,2025
25,676130,"Buttó, José",5/27/2025,777749,25,100,2025
25,572955,"Johnson, Pierce",4/20/2025,778249,25,100,2025
25,669308,"Reynolds, Sean",5/9/2025,777993,25,100,2025
25,663738,"Lynch IV, Daniel",4/24/2025,778195,25,100,2025
25,695243,"Miller, Mason",6/6/2025,777613,25,100,2025
25,642207,"Williams, Devin",7/2/2025,777274,25,100,2025
25,682842,"Uribe, Abner",6/25/2025,777361,25,100,2025
25,445276,"Jansen, Kenley",5/30/2025,777721,25,100,2025
25,681982,"Anderson, Grant",5/23/2025,777806,25,100,2025
25,663485,"Sands, Cole",6/3/2025,777658,25,100,2025
25,660787,"De los Santos, Yerry",5/21/2025,777835,25,100,2025
25,674944,"Guenther, Sean",5/22/2025,777821,25,100,2025
25,605347,"López, Jorge",5/13/2025,777942,25,100,2025
25,656186,"Altavilla, Dan",6/15/2025,777493,25,100,2025
25,660787,"De los Santos, Yerry",5/16/2025,777904,25,100,2025
25,605218,"Edwards Jr., Carl",4/23/2025,778202,25,100,2025
25,669199,"Bachar, Lake",3/27/2025,778562,25,100,2025
25,656234,"Bird, Jake",4/20/2025,778266,25,100,2025
25,623167,"Flexen, Chris",6/8/2025,777594,25,100,2025
25,621053,"Ferguson, Tyler",6/18/2025,777456,25,100,2025
25,676428,"Hurter, Brant",4/16/2025,778295,25,100,2025
25,660853,"De Los Santos, Enyel",4/8/2025,778406,25,100,2025
25,676263,"Dreyer, Jack",4/9/2025,778392,25,100,2025
25,681982,"Anderson, Grant",5/27/2025,777747,25,100,2025
25,694363,"Shuster, Jared",4/19/2025,778264,25,100,2025
25,669308,"Reynolds, Sean",5/31/2025,777691,25,100,2025
25,623474,"Herget, Jimmy",6/27/2025,777339,25,100,2025
25,663992,"Lovelady, Richard",3/29/2025,778536,25,100,2025
25,678024,"Vasil, Mike",4/2/2025,778474,25,100,2025
25,669674,"Long, Sam",4/5/2025,778441,25,100,2025
25,605130,"Barlow, Scott",5/11/2025,777963,25,100,2025
25,666171,"Zeferjahn, Ryan",4/27/2025,778144,25,100,2025
25,702352,"Bivens, Spencer",4/16/2025,778296,25,100,2025
25,650556,"Abreu, Bryan",3/27/2025,778559,25,100,2025
25,621383,"Banks, Tanner",5/17/2025,777894,25,100,2025
25,700669,"Graceffo, Gordon",5/19/2025,777862,25,100,2025
25,664849,"Young, Danny",4/15/2025,778307,25,100,2025
25,605347,"López, Jorge",5/6/2025,778026,25,100,2025
25,689690,"Jacob, Alek",5/17/2025,777875,25,100,2025
25,628452,"Iglesias, Raisel",4/21/2025,778233,25,100,2025
25,682842,"Uribe, Abner",5/6/2025,778031,25,100,2025
25,685126,"Eisert, Brandon",4/4/2025,778458,25,100,2025
25,676879,"Ashby, Aaron",6/8/2025,777586,25,100,2025
25,686642,"Ellard, Fraser",5/3/2025,778066,25,100,2025
25,650893,"Cabrera, Génesis",6/19/2025,777450,25,100,2025
25,684320,"Rodríguez, Yariel",5/4/2025,778056,25,100,2025
25,623211,"Brazobán, Huascar",4/5/2025,778446,25,100,2025
25,699134,"Rodriguez, Bradgley",5/31/2025,777691,25,100,2025
25,663158,"Suarez, Robert",6/14/2025,777515,25,100,2025
25,676254,"Walker, Ryan",5/6/2025,778027,25,100,2025
25,689225,"Brieske, Beau",5/21/2025,777827,25,100,2025
25,681517,"Leahy, Kyle",5/4/2025,778053,25,100,2025
25,676130,"Buttó, José",5/12/2025,777950,25,100,2025
25,641656,"Hamilton, Ian",4/13/2025,778339,25,100,2025
25,674285,"Salazar, Eduardo",4/14/2025,778321,25,100,2025
25,676130,"Buttó, José",5/23/2025,777808,25,100,2025
25,623211,"Brazobán, Huascar",4/27/2025,778153,25,100,2025
25,663574,"Santillan, Tony",5/10/2025,777979,25,100,2025
25,669724,"Hanifee, Brenan",6/11/2025,777562,25,100,2025
25,701552,"Granillo, Andre",6/21/2025,777415,25,100,2025
25,669093,"Estrada, Jeremiah",3/27/2025,778545,25,100,2025
25,666974,"Cano, Yennier",5/9/2025,777986,25,100,2025
25,676130,"Buttó, José",4/23/2025,778203,25,100,2025
25,641745,"Keller, Brad",4/25/2025,778182,25,100,2025
25,801434,"Gervase, Paul",6/21/2025,777420,25,100,2025
25,686993,"Sterner, Justin",4/27/2025,778149,25,100,2025
25,695418,"Lord, Brad",5/11/2025,777962,25,100,2025
25,663738,"Lynch IV, Daniel",4/20/2025,778246,25,100,2025
25,663574,"Santillan, Tony",4/17/2025,778285,25,100,2025
25,671131,"Rutledge, Jackson",4/23/2025,778204,25,100,2025
25,669093,"Estrada, Jeremiah",6/17/2025,777471,25,100,2025
25,595345,"Okert, Steven",5/12/2025,777948,25,100,2025
25,656986,"Sousa, Bennett",5/21/2025,777832,25,100,2025
25,679358,"Orze, Eric",5/29/2025,777725,25,100,2025
25,676617,"O'Brien, Riley",6/5/2025,777642,25,100,2025
25,542888,"Armstrong, Shawn",5/27/2025,777741,25,100,2025
25,660761,"Suarez, José",4/10/2025,778384,25,100,2025
25,668933,"Ashcraft, Graham",5/6/2025,778034,25,100,2025
25,656240,"Blewett, Scott",6/10/2025,777573,25,100,2025
25,657044,"Thompson, Ryan",5/5/2025,778039,25,100,2025
25,642528,"Loáisiga, Jonathan",5/21/2025,777835,25,100,2025
25,669211,"Akin, Keegan",5/24/2025,777809,25,100,2025
25,605154,"Brebbia, John",4/5/2025,778445,25,100,2025
25,663947,"Holton, Tyler",3/31/2025,778496,25,100,2025
25,657649,"Koenig, Jared",6/13/2025,777525,25,100,2025
25,674444,"Cruz, Steven",6/5/2025,777635,25,100,2025
25,663671,"Enright, Nic",6/24/2025,777384,25,100,2025
25,681867,"Criswell, Cooper",6/4/2025,777649,25,100,2025
25,656186,"Altavilla, Dan",6/23/2025,777393,25,100,2025
25,596133,"Weaver, Luke",5/26/2025,777763,25,100,2025
25,573124,"Rogers, Taylor",6/27/2025,777346,25,100,2025
25,660853,"De Los Santos, Enyel",3/31/2025,778500,25,100,2025
25,664208,"Maton, Phil",4/18/2025,778270,25,100,2025
25,669387,"Mlodzinski, Carmen",6/13/2025,777526,25,100,2025
25,642528,"Loáisiga, Jonathan",6/8/2025,777593,25,100,2025
25,677161,"Kelly, Zack",5/25/2025,777785,25,100,2025
25,605347,"López, Jorge",4/1/2025,778491,25,100,2025
25,607481,"Bummer, Aaron",4/27/2025,778147,25,100,2025
25,660896,"Alcala, Jorge",6/30/2025,777300,25,100,2025
25,673513,"Matsui, Yuki",6/23/2025,777382,25,100,2025
25,678692,"Henriquez, Ronny",4/5/2025,778451,25,100,2025
25,663767,"Shugart, Chase",5/17/2025,777894,25,100,2025
25,666974,"Cano, Yennier",6/18/2025,777463,25,100,2025
25,547973,"Chapman, Aroldis",5/17/2025,777893,25,100,2025
25,676254,"Walker, Ryan",4/20/2025,778232,25,100,2025
25,669020,"Rolison, Ryan",6/13/2025,777535,25,100,2025
25,669020,"Rolison, Ryan",6/7/2025,777604,25,100,2025
25,680880,"Holman, Grant",5/5/2025,778038,25,100,2025
25,489446,"Yates, Kirby",5/10/2025,777975,25,100,2025
25,592094,"Adam, Jason",4/20/2025,778237,25,100,2025
25,663574,"Santillan, Tony",4/25/2025,778181,25,100,2025
25,663738,"Lynch IV, Daniel",6/17/2025,777468,25,100,2025
25,682254,"Montgomery, Mason",5/1/2025,778097,25,100,2025
25,669371,"Henry, Cole",4/26/2025,778173,25,100,2025
25,656234,"Bird, Jake",4/6/2025,778423,25,100,2025
25,669276,"Lee, Dylan",4/12/2025,778353,25,100,2025
25,642701,"Santana, Dennis",6/28/2025,777325,25,100,2025
25,662253,"Muñoz, Andrés",4/2/2025,778469,25,100,2025
25,472610,"García, Luis",3/19/2025,778564,25,100,2025
25,657571,"Ferguson, Caleb",4/14/2025,778321,25,100,2025
25,663893,"Little, Brendon",5/14/2025,777923,25,100,2025
25,689225,"Brieske, Beau",6/11/2025,777562,25,100,2025
25,668970,"Hollowell, Gavin",5/7/2025,778020,25,100,2025
25,607455,"Banda, Anthony",4/14/2025,778326,25,100,2025
25,669438,"Englert, Mason",4/19/2025,778255,25,100,2025
25,694335,"Svanson, Matt",5/30/2025,777709,25,100,2025
25,670167,"Schreiber, John",6/26/2025,777353,25,100,2025
25,687473,"Gusto, Ryan",3/31/2025,778505,25,100,2025
25,656945,"Scott, Tanner",5/23/2025,777808,25,100,2025
25,685126,"Eisert, Brandon",5/21/2025,777830,25,100,2025
25,682120,"Herrin, Tim",5/1/2025,778108,25,100,2025
25,694037,"Palencia, Daniel",4/16/2025,778288,25,100,2025
25,669704,"Strowd, Kade",5/18/2025,777873,25,100,2025
25,666974,"Cano, Yennier",5/19/2025,777860,25,100,2025
25,669199,"Bachar, Lake",4/7/2025,778416,25,100,2025
25,670280,"Bednar, David",5/19/2025,777859,25,100,2025
25,676617,"O'Brien, Riley",6/17/2025,777467,25,100,2025
25,666214,"Wentz, Joey",3/31/2025,778508,25,100,2025
25,458677,"Wilson, Justin",4/6/2025,778443,25,100,2025
25,656641,"Latz, Jacob",6/11/2025,777556,25,100,2025
25,673929,"Leasure, Jordan",5/2/2025,778079,25,100,2025
25,670955,"Uceta, Edwin",6/8/2025,777592,25,100,2025
25,605130,"Barlow, Scott",4/5/2025,778439,25,100,2025
25,681982,"Anderson, Grant",5/17/2025,777883,25,100,2025
25,669276,"Lee, Dylan",4/19/2025,778267,25,100,2025
25,657571,"Ferguson, Caleb",4/1/2025,778493,25,100,2025
25,692285,"Guerrero, Luis",6/23/2025,777381,25,100,2025
25,681982,"Anderson, Grant",6/3/2025,777668,25,100,2025
25,669711,"Weissert, Greg",5/13/2025,777940,25,100,2025
25,543101,"DeSclafani, Anthony",7/1/2025,777278,25,100,2025
25,695243,"Miller, Mason",6/13/2025,777529,25,100,2025
25,681517,"Leahy, Kyle",4/6/2025,778443,25,100,2025
25,691594,"Sanoja, Javier",5/20/2025,777850,25,100,2025
25,702352,"Bivens, Spencer",4/22/2025,778210,25,100,2025
25,643338,"Green, Chad",4/23/2025,778200,25,100,2025
25,669060,"Wilson, Bryse",4/13/2025,778338,25,100,2025
25,678226,"Hernández, Daysbel",4/28/2025,778137,25,100,2025
25,668933,"Ashcraft, Graham",4/22/2025,778219,25,100,2025
25,664076,"Cleavinger, Garrett",6/22/2025,777409,25,100,2025
24,521230,"Hendriks, Liam",4/20/2025,778245,24,100,2025
24,663969,"Phillips, Tyler",5/16/2025,777903,24,100,2025
24,663542,"Hudson, Bryan",3/27/2025,778557,24,100,2025
24,663893,"Little, Brendon",5/4/2025,778056,24,100,2025
24,671305,"Otañez, Michel",5/14/2025,777917,24,100,2025
24,668674,"Erceg, Lucas",6/12/2025,777536,24,100,2025
24,679358,"Orze, Eric",5/2/2025,778088,24,100,2025
24,608718,"Suter, Brent",6/13/2025,777538,24,100,2025
24,694335,"Svanson, Matt",4/27/2025,778150,24,100,2025
24,676092,"Snider, Collin",5/16/2025,777896,24,100,2025
24,656457,"Gilbert, Tyler",6/23/2025,777393,24,100,2025
24,683232,"Mears, Nick",4/23/2025,778198,24,100,2025
24,676961,"Boushley, Caleb",4/27/2025,778151,24,100,2025
24,678368,"Bellozo, Valente",6/28/2025,777318,24,100,2025
24,656686,"Martin, Corbin",7/2/2025,777268,24,100,2025
24,685801,"Bigge, Hunter",4/18/2025,778272,24,100,2025
24,670059,"Holderman, Colin",5/2/2025,778090,24,100,2025
24,656240,"Blewett, Scott",5/3/2025,778076,24,100,2025
24,687330,"Kelly, Kevin",6/29/2025,777317,24,100,2025
24,472610,"García, Luis",4/15/2025,778302,24,100,2025
24,663893,"Little, Brendon",6/9/2025,777581,24,100,2025
24,670167,"Schreiber, John",3/30/2025,778510,24,100,2025
24,686642,"Ellard, Fraser",4/1/2025,778490,24,100,2025
24,670280,"Bednar, David",5/23/2025,777806,24,100,2025
24,571927,"Matz, Steven",5/27/2025,777754,24,100,2025
24,458677,"Wilson, Justin",5/19/2025,777856,24,100,2025
24,592094,"Adam, Jason",6/4/2025,777641,24,100,2025
24,686654,"Adcock, Ty",6/18/2025,777470,24,100,2025
24,672578,"Hernández, Carlos",6/10/2025,777571,24,100,2025
24,806185,"Birdsong, Hayden",4/15/2025,778313,24,100,2025
24,661395,"Duran, Jhoan",3/29/2025,778528,24,100,2025
24,642701,"Santana, Dennis",4/2/2025,778479,24,100,2025
24,673380,"Núñez, Dedniel",5/9/2025,778001,24,100,2025
24,519326,"Strickland, Hunter",5/22/2025,777812,24,100,2025
24,666808,"Doval, Camilo",4/4/2025,778444,24,100,2025
24,689147,"Kerkering, Orion",4/20/2025,778248,24,100,2025
24,684320,"Rodríguez, Yariel",5/22/2025,777816,24,100,2025
24,614179,"Ruiz, José",4/9/2025,778393,24,100,2025
24,687424,"Maldonado, Anthony",5/16/2025,777891,24,100,2025
24,694037,"Palencia, Daniel",6/26/2025,777348,24,100,2025
24,683409,"Chivilli, Angel",5/4/2025,778048,24,100,2025
24,450203,"Morton, Charlie",5/4/2025,778062,24,100,2025
24,701121,"VanWey, Logan",4/11/2025,778368,24,100,2025
24,689147,"Kerkering, Orion",5/4/2025,778059,24,100,2025
24,518397,"Alexander, Scott",5/10/2025,777976,24,100,2025
24,669438,"Englert, Mason",4/15/2025,778319,24,100,2025
24,518489,"Brasier, Ryan",6/1/2025,777687,24,100,2025
24,573204,"Thielbar, Caleb",4/6/2025,778430,24,100,2025
24,607481,"Bummer, Aaron",7/2/2025,777279,24,100,2025
24,623474,"Herget, Jimmy",4/29/2025,778120,24,100,2025
24,621053,"Ferguson, Tyler",6/10/2025,777564,24,100,2025
24,608032,"Estévez, Carlos",6/20/2025,777426,24,100,2025
24,664854,"Helsley, Ryan",6/9/2025,777581,24,100,2025
24,676477,"Whitlock, Garrett",4/16/2025,778298,24,100,2025
24,661395,"Duran, Jhoan",5/1/2025,778108,24,100,2025
24,806188,"Gibson, Cade",5/9/2025,777991,24,100,2025
24,621242,"Díaz, Edwin",4/11/2025,778358,24,100,2025
24,606930,"Barnes, Jacob",3/27/2025,778556,24,100,2025
24,680704,"Sandlin, Nick",3/31/2025,778507,24,100,2025
24,693312,"Nicolas, Kyle",5/1/2025,778100,24,100,2025
24,621383,"Banks, Tanner",4/25/2025,778182,24,100,2025
24,663423,"Thornton, Trent",4/27/2025,778136,24,100,2025
24,663158,"Suarez, Robert",3/27/2025,778545,24,100,2025
24,642215,"Wilson, Weston",5/31/2025,777702,24,100,2025
24,657044,"Thompson, Ryan",5/19/2025,777854,24,100,2025
24,669704,"Strowd, Kade",6/27/2025,777343,24,100,2025
24,687863,"Hodge, Porter",4/8/2025,778401,24,100,2025
24,684320,"Rodríguez, Yariel",6/6/2025,777615,24,100,2025
24,605347,"López, Jorge",5/29/2025,777722,24,100,2025
24,641755,"Kinley, Tyler",6/6/2025,777616,24,100,2025
24,612434,"Castro, Miguel",5/16/2025,777900,24,100,2025
24,673513,"Matsui, Yuki",4/23/2025,778209,24,100,2025
24,676263,"Dreyer, Jack",4/26/2025,778163,24,100,2025
24,642585,"Bautista, Félix",5/21/2025,777826,24,100,2025
24,668820,"Kranick, Max",5/16/2025,777904,24,100,2025
24,656945,"Scott, Tanner",5/26/2025,777769,24,100,2025
24,687765,"Spence, Mitch",5/4/2025,778061,24,100,2025
24,680729,"McDaniels, Garrett",3/31/2025,778503,24,100,2025
24,663969,"Phillips, Tyler",5/26/2025,777756,24,100,2025
24,666171,"Zeferjahn, Ryan",4/24/2025,778191,24,100,2025
24,554340,"García, Yimi",4/7/2025,778426,24,100,2025
24,573124,"Rogers, Taylor",6/25/2025,777367,24,100,2025
24,621051,"Wilson, Steven",6/19/2025,777447,24,100,2025
24,690382,"Darrell-Hicks, Michael",6/24/2025,777374,24,100,2025
24,669622,"Bender, Anthony",4/11/2025,778369,24,100,2025
24,689147,"Kerkering, Orion",5/6/2025,778040,24,100,2025
24,641329,"Baker, Bryan",5/4/2025,778062,24,100,2025
24,681869,"Dubin, Shawn",6/7/2025,777608,24,100,2025
24,678020,"Halvorsen, Seth",5/7/2025,778013,24,100,2025
24,676684,"Vest, Will",5/18/2025,777871,24,100,2025
24,489446,"Yates, Kirby",4/15/2025,778302,24,100,2025
24,674370,"Bido, Osvaldo",6/3/2025,777658,24,100,2025
24,669724,"Hanifee, Brenan",5/24/2025,777796,24,100,2025
24,571948,"Milner, Hoby",6/21/2025,777421,24,100,2025
24,656794,"Newcomb, Sean",7/1/2025,777286,24,100,2025
24,656546,"Hoffman, Jeff",4/13/2025,778344,24,100,2025
24,605463,"Scott, Tayler",4/27/2025,778152,24,100,2025
24,680729,"McDaniels, Garrett",5/1/2025,778101,24,100,2025
24,687765,"Spence, Mitch",4/28/2025,778143,24,100,2025
24,667463,"King, John",5/1/2025,778107,24,100,2025
24,691172,"Zulueta, Yosver",5/3/2025,778077,24,100,2025
24,621051,"Wilson, Steven",4/20/2025,778245,24,100,2025
24,605452,"Ross, Joe",3/29/2025,778535,24,100,2025
24,542888,"Armstrong, Shawn",5/1/2025,778096,24,100,2025
24,605447,"Romano, Jordan",5/29/2025,777735,24,100,2025
24,695445,"Lee, Chase",5/23/2025,777807,24,100,2025
24,682842,"Uribe, Abner",6/10/2025,777568,24,100,2025
24,663687,"Harris, Hogan",5/2/2025,778091,24,100,2025
24,676534,"Faucher, Calvin",4/8/2025,778407,24,100,2025
24,642232,"Yarbrough, Ryan",4/3/2025,778466,24,100,2025
24,657240,"Merryweather, Julian",4/20/2025,778236,24,100,2025
24,593576,"Neris, Héctor",5/27/2025,777745,24,100,2025
24,686249,"Wiles, Nathan",4/22/2025,778229,24,100,2025
24,605177,"Chafin, Andrew",5/16/2025,777907,24,100,2025
24,674944,"Guenther, Sean",4/27/2025,778155,24,100,2025
24,678495,"Rodríguez, Randy",4/25/2025,778171,24,100,2025
24,647315,"Pop, Zach",6/21/2025,777419,24,100,2025
24,642207,"Williams, Devin",5/20/2025,777849,24,100,2025
24,694037,"Palencia, Daniel",5/19/2025,777863,24,100,2025
24,573009,"Mantiply, Joe",5/13/2025,777930,24,100,2025
24,669093,"Estrada, Jeremiah",5/27/2025,777742,24,100,2025
24,641302,"Alexander, Tyler",5/17/2025,777883,24,100,2025
24,669371,"Henry, Cole",6/7/2025,777610,24,100,2025
24,656271,"Burke, Brock",4/20/2025,778232,24,100,2025
24,670167,"Schreiber, John",5/16/2025,777901,24,100,2025
24,623352,"Hader, Josh",6/7/2025,777608,24,100,2025
24,676282,"Cantillo, Joey",5/1/2025,778108,24,100,2025
24,672841,"Vargas, Carlos",6/9/2025,777577,24,100,2025
24,605447,"Romano, Jordan",6/6/2025,777621,24,100,2025
24,662253,"Muñoz, Andrés",5/30/2025,777713,24,100,2025
24,606160,"Montero, Rafael",4/22/2025,778229,24,100,2025
24,662253,"Muñoz, Andrés",5/13/2025,777926,24,100,2025
24,621242,"Díaz, Edwin",6/23/2025,777389,24,100,2025
24,668716,"Murdock, Noah",4/13/2025,778333,24,100,2025
24,641941,"Pagán, Emilio",4/5/2025,778439,24,100,2025
24,676477,"Whitlock, Garrett",3/31/2025,778512,24,100,2025
24,640462,"Puk, A.J.",4/13/2025,778332,24,100,2025
24,571946,"Miller, Shelby",5/9/2025,777988,24,100,2025
24,700187,"Taylor, Troy",5/12/2025,777941,24,100,2025
24,669622,"Bender, Anthony",6/14/2025,777514,24,100,2025
24,642585,"Bautista, Félix",6/29/2025,777317,24,100,2025
24,664208,"Maton, Phil",5/21/2025,777827,24,100,2025
24,676428,"Hurter, Brant",5/24/2025,777796,24,100,2025
24,663485,"Sands, Cole",4/10/2025,778373,24,100,2025
24,666619,"Santos, Gregory",4/7/2025,778405,24,100,2025
24,642528,"Loáisiga, Jonathan",5/25/2025,777768,24,100,2025
24,656420,"Feyereisen, J.P.",4/24/2025,778188,24,100,2025
24,621242,"Díaz, Edwin",4/5/2025,778446,24,100,2025
24,686973,"Varland, Louis",5/14/2025,777924,24,100,2025
24,681882,"Selby, Colin",6/16/2025,777484,24,100,2025
24,669449,"Palisch, Jake",6/21/2025,777418,24,100,2025
24,689690,"Jacob, Alek",3/31/2025,778499,24,100,2025
24,676282,"Cantillo, Joey",4/13/2025,778342,24,100,2025
24,702352,"Bivens, Spencer",4/30/2025,778105,24,100,2025
24,657044,"Thompson, Ryan",4/20/2025,778236,24,100,2025
24,623437,"Topa, Justin",6/10/2025,777557,24,100,2025
24,643377,"Jax, Griffin",4/1/2025,778490,24,100,2025
24,669422,"Sauer, Matt",4/7/2025,778418,24,100,2025
24,675650,"Mercado, Michael",6/17/2025,777481,24,100,2025
24,642520,"Garabito, Gerson",3/29/2025,778531,24,100,2025
24,676477,"Whitlock, Garrett",5/8/2025,778006,24,100,2025
24,682120,"Herrin, Tim",7/2/2025,777266,24,100,2025
24,682254,"Montgomery, Mason",6/27/2025,777343,24,100,2025
24,607481,"Bummer, Aaron",6/5/2025,777640,24,100,2025
24,663969,"Phillips, Tyler",6/15/2025,777503,24,100,2025
24,519008,"McFarland, T.J.",3/31/2025,778501,24,100,2025
24,592094,"Adam, Jason",5/22/2025,777816,24,100,2025
24,623167,"Flexen, Chris",5/27/2025,777751,24,100,2025
24,669622,"Bender, Anthony",5/21/2025,777833,24,100,2025
24,596133,"Weaver, Luke",6/20/2025,777438,24,100,2025
24,592454,"Kahnle, Tommy",6/28/2025,777324,24,100,2025
24,685801,"Bigge, Hunter",3/31/2025,778508,24,100,2025
24,605463,"Scott, Tayler",4/1/2025,778489,24,100,2025
24,458677,"Wilson, Justin",6/7/2025,777605,24,100,2025
24,683769,"Gaddis, Hunter",5/23/2025,777807,24,100,2025
24,661403,"Clase, Emmanuel",4/12/2025,778359,24,100,2025
24,608032,"Estévez, Carlos",4/20/2025,778246,24,100,2025
24,554340,"García, Yimi",5/6/2025,778025,24,100,2025
24,678692,"Henriquez, Ronny",6/27/2025,777332,24,100,2025
24,686993,"Sterner, Justin",4/4/2025,778456,24,100,2025
24,666974,"Cano, Yennier",6/20/2025,777438,24,100,2025
24,623211,"Brazobán, Huascar",6/24/2025,777387,24,100,2025
24,669020,"Rolison, Ryan",7/2/2025,777269,24,100,2025
24,641312,"Anderson, Shaun",5/21/2025,777828,24,100,2025
24,622554,"Domínguez, Seranthony",6/19/2025,777446,24,100,2025
24,672335,"Pérez, Cionel",4/18/2025,778276,24,100,2025
24,685801,"Bigge, Hunter",4/12/2025,778353,24,100,2025
24,642585,"Bautista, Félix",6/7/2025,777599,24,100,2025
24,606160,"Montero, Rafael",6/21/2025,777424,24,100,2025
24,676395,"Garcia, Robert",3/27/2025,778553,24,100,2025
24,663574,"Santillan, Tony",6/23/2025,777390,24,100,2025
23,687863,"Hodge, Porter",3/27/2025,778552,23,100,2025
23,661395,"Duran, Jhoan",5/24/2025,777788,23,100,2025
23,678692,"Henriquez, Ronny",6/14/2025,777514,23,100,2025
23,676428,"Hurter, Brant",6/15/2025,777505,23,100,2025
23,687074,"Owens, Tyler",5/1/2025,778101,23,100,2025
23,656464,"Ginkel, Kevin",5/27/2025,777744,23,100,2025
23,660853,"De Los Santos, Enyel",6/5/2025,777640,23,100,2025
23,679358,"Orze, Eric",6/5/2025,777629,23,100,2025
23,665625,"Peguero, Elvis",4/9/2025,778379,23,100,2025
23,668933,"Ashcraft, Graham",5/25/2025,777779,23,100,2025
23,687330,"Kelly, Kevin",6/5/2025,777629,23,100,2025
23,668674,"Erceg, Lucas",6/22/2025,777396,23,100,2025
23,552640,"Kittredge, Andrew",5/25/2025,777785,23,100,2025
23,663893,"Little, Brendon",5/2/2025,778081,23,100,2025
23,592454,"Kahnle, Tommy",5/7/2025,778013,23,100,2025
23,571948,"Milner, Hoby",5/26/2025,777759,23,100,2025
23,472610,"García, Luis",6/28/2025,777319,23,100,2025
23,606160,"Montero, Rafael",3/31/2025,778505,23,100,2025
23,682825,"Mey, Luis",5/23/2025,777811,23,100,2025
23,571948,"Milner, Hoby",6/18/2025,777460,23,100,2025
23,671305,"Otañez, Michel",5/27/2025,777752,23,100,2025
23,684320,"Rodríguez, Yariel",4/14/2025,778322,23,100,2025
23,685107,"Veneziano, Anthony",6/13/2025,777530,23,100,2025
23,681676,"Fernandez, Ryan",4/20/2025,778244,23,100,2025
23,607455,"Banda, Anthony",6/9/2025,777579,23,100,2025
23,660896,"Alcala, Jorge",5/2/2025,778089,23,100,2025
23,595014,"Treinen, Blake",3/27/2025,778546,23,100,2025
23,641755,"Kinley, Tyler",5/25/2025,777768,23,100,2025
23,683769,"Gaddis, Hunter",6/1/2025,777683,23,100,2025
23,669674,"Long, Sam",6/28/2025,777319,23,100,2025
23,687911,"King, Bryan",5/29/2025,777725,23,100,2025
23,660853,"De Los Santos, Enyel",4/29/2025,778120,23,100,2025
23,670156,"Mastrobuoni, Miles",6/26/2025,777356,23,100,2025
23,695418,"Lord, Brad",6/23/2025,777382,23,100,2025
23,592094,"Adam, Jason",4/26/2025,778160,23,100,2025
23,669093,"Estrada, Jeremiah",6/6/2025,777617,23,100,2025
23,656420,"Feyereisen, J.P.",4/19/2025,778257,23,100,2025
23,663893,"Little, Brendon",5/9/2025,777984,23,100,2025
23,672335,"Pérez, Cionel",5/17/2025,777890,23,100,2025
23,660896,"Alcala, Jorge",4/11/2025,778363,23,100,2025
23,641401,"Brogdon, Connor",5/26/2025,777763,23,100,2025
23,663969,"Phillips, Tyler",3/28/2025,778548,23,100,2025
23,673929,"Leasure, Jordan",6/14/2025,777508,23,100,2025
23,681895,"Sisk, Evan",5/27/2025,777750,23,100,2025
23,670280,"Bednar, David",5/9/2025,777998,23,100,2025
23,680729,"McDaniels, Garrett",4/13/2025,778329,23,100,2025
23,660787,"De los Santos, Yerry",5/31/2025,777698,23,100,2025
23,664192,"Lucchesi, Joey",6/24/2025,777364,23,100,2025
23,677161,"Kelly, Zack",6/9/2025,777584,23,100,2025
23,687424,"Maldonado, Anthony",5/20/2025,777843,23,100,2025
23,608665,"Graveman, Kendall",5/27/2025,777744,23,100,2025
23,642397,"Soto, Gregory",4/28/2025,778140,23,100,2025
23,681911,"Vesia, Alex",5/26/2025,777769,23,100,2025
23,660825,"Bazardo, Eduard",4/6/2025,778427,23,100,2025
23,663767,"Shugart, Chase",4/20/2025,778242,23,100,2025
23,664199,"Clarke, Taylor",5/10/2025,777977,23,100,2025
23,671922,"Smith, Cade",6/21/2025,777411,23,100,2025
23,606160,"Montero, Rafael",4/19/2025,778267,23,100,2025
23,647315,"Pop, Zach",6/23/2025,777388,23,100,2025
23,672391,"Ort, Kaleb",6/10/2025,777567,23,100,2025
23,676428,"Hurter, Brant",6/19/2025,777464,23,100,2025
23,668984,"Legumina, Casey",4/23/2025,778207,23,100,2025
23,666214,"Wentz, Joey",5/16/2025,777905,23,100,2025
23,676684,"Vest, Will",5/30/2025,777711,23,100,2025
23,680704,"Sandlin, Nick",3/28/2025,778549,23,100,2025
23,688642,"Agnos, Zach",5/9/2025,777993,23,100,2025
23,682254,"Montgomery, Mason",4/23/2025,778199,23,100,2025
23,657240,"Merryweather, Julian",4/27/2025,778158,23,100,2025
23,677161,"Kelly, Zack",3/29/2025,778531,23,100,2025
23,657585,"Garrett, Reed",5/27/2025,777749,23,100,2025
23,668820,"Kranick, Max",5/10/2025,777982,23,100,2025
23,694361,"Klein, Will",7/2/2025,777267,23,100,2025
23,669622,"Bender, Anthony",5/6/2025,778035,23,100,2025
23,676508,"Casparius, Ben",4/5/2025,778448,23,100,2025
23,519008,"McFarland, T.J.",4/6/2025,778423,23,100,2025
23,678226,"Hernández, Daysbel",4/9/2025,778393,23,100,2025
23,675848,"Mejia, Juan",6/18/2025,777461,23,100,2025
23,596133,"Weaver, Luke",4/6/2025,778428,23,100,2025
23,657585,"Garrett, Reed",6/17/2025,777489,23,100,2025
23,669211,"Akin, Keegan",6/27/2025,777343,23,100,2025
23,656222,"Beeks, Jalen",5/12/2025,777939,23,100,2025
23,685126,"Eisert, Brandon",4/15/2025,778309,23,100,2025
23,650556,"Abreu, Bryan",4/13/2025,778329,23,100,2025
23,641745,"Keller, Brad",7/2/2025,777266,23,100,2025
23,657612,"Hill, Tim",4/30/2025,778115,23,100,2025
23,592773,"Stanek, Ryne",4/14/2025,778324,23,100,2025
23,622554,"Domínguez, Seranthony",3/27/2025,778556,23,100,2025
23,642701,"Santana, Dennis",5/31/2025,777691,23,100,2025
23,700187,"Taylor, Troy",5/2/2025,778083,23,100,2025
23,670970,"Morejon, Adrian",3/28/2025,778542,23,100,2025
23,458677,"Wilson, Justin",4/3/2025,778470,23,100,2025
23,670167,"Schreiber, John",4/8/2025,778400,23,100,2025
23,642121,"Sulser, Cole",5/6/2025,778040,23,100,2025
23,656730,"Megill, Trevor",6/7/2025,777597,23,100,2025
23,669062,"Miller, Erik",5/6/2025,778027,23,100,2025
23,656222,"Beeks, Jalen",4/9/2025,778380,23,100,2025
23,681911,"Vesia, Alex",3/19/2025,778564,23,100,2025
23,666661,"Morillo, Juan",6/9/2025,777577,23,100,2025
23,663941,"Beck, Tristan",5/27/2025,777755,23,100,2025
23,687396,"Headrick, Brent",6/11/2025,777551,23,100,2025
23,677020,"Walker, Josh",5/4/2025,778056,23,100,2025
23,687396,"Headrick, Brent",6/6/2025,777627,23,100,2025
23,678606,"Ferrer, Jose A.",5/22/2025,777820,23,100,2025
23,685126,"Eisert, Brandon",6/17/2025,777467,23,100,2025
23,571927,"Matz, Steven",6/3/2025,777660,23,100,2025
23,663738,"Lynch IV, Daniel",3/29/2025,778529,23,100,2025
23,681916,"Smith, Dylan",6/19/2025,777451,23,100,2025
23,679885,"Martinez, Justin",5/24/2025,777786,23,100,2025
23,640448,"Finnegan, Kyle",4/6/2025,778429,23,100,2025
23,668716,"Murdock, Noah",4/4/2025,778456,23,100,2025
23,669724,"Hanifee, Brenan",4/28/2025,778142,23,100,2025
23,806188,"Gibson, Cade",5/7/2025,778017,23,100,2025
23,681882,"Selby, Colin",5/10/2025,777973,23,100,2025
23,681982,"Anderson, Grant",5/3/2025,778071,23,100,2025
23,676477,"Whitlock, Garrett",3/27/2025,778553,23,100,2025
23,674944,"Guenther, Sean",5/12/2025,777951,23,100,2025
23,663432,"Rainey, Tanner",6/1/2025,777681,23,100,2025
23,657571,"Ferguson, Caleb",6/6/2025,777621,23,100,2025
23,489446,"Yates, Kirby",5/17/2025,777884,23,100,2025
23,663738,"Lynch IV, Daniel",6/3/2025,777660,23,100,2025
23,663574,"Santillan, Tony",5/7/2025,778023,23,100,2025
23,643338,"Green, Chad",6/14/2025,777509,23,100,2025
23,641656,"Hamilton, Ian",5/24/2025,777782,23,100,2025
23,656457,"Gilbert, Tyler",4/21/2025,778238,23,100,2025
23,656234,"Bird, Jake",4/28/2025,778137,23,100,2025
23,542888,"Armstrong, Shawn",4/26/2025,778159,23,100,2025
23,682842,"Uribe, Abner",5/13/2025,777944,23,100,2025
23,596001,"Junis, Jakob",6/5/2025,777644,23,100,2025
23,657612,"Hill, Tim",4/17/2025,778282,23,100,2025
23,686973,"Varland, Louis",3/29/2025,778528,23,100,2025
23,681895,"Sisk, Evan",4/15/2025,778312,23,100,2025
23,621053,"Ferguson, Tyler",5/18/2025,777867,23,100,2025
23,643377,"Jax, Griffin",6/27/2025,777334,23,100,2025
23,656546,"Hoffman, Jeff",5/22/2025,777816,23,100,2025
23,679358,"Orze, Eric",5/11/2025,777964,23,100,2025
23,676702,"Stratton, Hunter",5/1/2025,778100,23,100,2025
23,668674,"Erceg, Lucas",4/7/2025,778412,23,100,2025
23,608032,"Estévez, Carlos",4/30/2025,778113,23,100,2025
23,679358,"Orze, Eric",5/16/2025,777903,23,100,2025
23,686993,"Sterner, Justin",5/28/2025,777734,23,100,2025
23,605130,"Barlow, Scott",5/28/2025,777733,23,100,2025
23,683232,"Mears, Nick",5/21/2025,777826,23,100,2025
23,677161,"Kelly, Zack",6/22/2025,777395,23,100,2025
23,622786,"Tinoco, Jesus",5/6/2025,778035,23,100,2025
23,640448,"Finnegan, Kyle",3/27/2025,778555,23,100,2025
23,660825,"Bazardo, Eduard",6/29/2025,777302,23,100,2025
23,673513,"Matsui, Yuki",3/27/2025,778545,23,100,2025
23,571946,"Miller, Shelby",6/3/2025,777672,23,100,2025
23,689147,"Kerkering, Orion",6/9/2025,777578,23,100,2025
23,676508,"Casparius, Ben",4/20/2025,778234,23,100,2025
23,687911,"King, Bryan",6/25/2025,777366,23,100,2025
23,689147,"Kerkering, Orion",6/8/2025,777595,23,100,2025
23,623437,"Topa, Justin",5/17/2025,777883,23,100,2025
23,673929,"Leasure, Jordan",4/12/2025,778349,23,100,2025
23,518397,"Alexander, Scott",5/19/2025,777852,23,100,2025
23,656986,"Sousa, Bennett",5/10/2025,777979,23,100,2025
23,678821,"Peralta, Luis",4/9/2025,778379,23,100,2025
23,688158,"Morgan, David",6/18/2025,777457,23,100,2025
23,681982,"Anderson, Grant",4/22/2025,778210,23,100,2025
23,676508,"Casparius, Ben",5/11/2025,777954,23,100,2025
23,688642,"Agnos, Zach",5/13/2025,777934,23,100,2025
23,670955,"Uceta, Edwin",6/27/2025,777343,23,100,2025
23,621237,"Alvarado, José",3/31/2025,778502,23,100,2025
23,684320,"Rodríguez, Yariel",6/29/2025,777310,23,100,2025
23,686753,"Jameson, Drey",4/23/2025,778199,23,100,2025
23,668674,"Erceg, Lucas",5/21/2025,777819,23,100,2025
23,656257,"Brigham, Jeff",5/31/2025,777696,23,100,2025
23,445276,"Jansen, Kenley",5/23/2025,777798,23,100,2025
23,695445,"Lee, Chase",5/21/2025,777827,23,100,2025
23,682120,"Herrin, Tim",4/4/2025,778447,23,100,2025
23,676395,"Garcia, Robert",6/13/2025,777524,23,100,2025
23,689254,"Fluharty, Mason",4/20/2025,778241,23,100,2025
23,489446,"Yates, Kirby",6/26/2025,777344,23,100,2025
23,621053,"Ferguson, Tyler",4/1/2025,778494,23,100,2025
23,691799,"Taylor, Grant",6/25/2025,777370,23,100,2025
23,605130,"Barlow, Scott",5/4/2025,778058,23,100,2025
23,572955,"Johnson, Pierce",5/30/2025,777719,23,100,2025
23,592094,"Adam, Jason",4/6/2025,778430,23,100,2025
23,607067,"Rea, Colin",4/7/2025,778411,23,100,2025
23,663767,"Shugart, Chase",4/11/2025,778374,23,100,2025
23,641329,"Baker, Bryan",4/16/2025,778301,23,100,2025
23,663767,"Shugart, Chase",6/23/2025,777391,23,100,2025
23,663969,"Phillips, Tyler",4/13/2025,778337,23,100,2025
23,594580,"Moll, Sam",4/6/2025,778421,23,100,2025
23,673929,"Leasure, Jordan",5/20/2025,777846,23,100,2025
23,660896,"Alcala, Jorge",4/5/2025,778440,23,100,2025
23,676092,"Snider, Collin",5/6/2025,778024,23,100,2025
23,621051,"Wilson, Steven",6/7/2025,777606,23,100,2025
23,656271,"Burke, Brock",6/13/2025,777539,23,100,2025
23,661403,"Clase, Emmanuel",4/9/2025,778391,23,100,2025
23,623352,"Hader, Josh",4/23/2025,778200,23,100,2025
23,641656,"Hamilton, Ian",5/10/2025,777972,23,100,2025
23,669276,"Lee, Dylan",4/9/2025,778393,23,100,2025
23,643338,"Green, Chad",4/10/2025,778377,23,100,2025
23,642397,"Soto, Gregory",5/8/2025,778007,23,100,2025
23,680742,"Bowlan, Jonathan",5/30/2025,777711,23,100,2025
23,643338,"Green, Chad",3/29/2025,778536,23,100,2025
23,687863,"Hodge, Porter",5/14/2025,777921,23,100,2025
23,554340,"García, Yimi",4/10/2025,778377,23,100,2025
23,680880,"Holman, Grant",6/6/2025,777613,23,100,2025
23,595014,"Treinen, Blake",4/1/2025,778487,23,100,2025
23,595978,"Hedges, Austin",4/27/2025,778157,23,100,2025
23,656271,"Burke, Brock",4/22/2025,778211,23,100,2025
23,621237,"Alvarado, José",4/29/2025,778131,23,100,2025
23,657585,"Garrett, Reed",5/17/2025,777888,23,100,2025
23,642585,"Bautista, Félix",5/31/2025,777699,23,100,2025
23,606930,"Barnes, Jacob",4/4/2025,778465,23,100,2025
23,608718,"Suter, Brent",6/25/2025,777367,23,100,2025
23,663321,"Hernandez, Nick",6/21/2025,777414,23,100,2025
23,608032,"Estévez, Carlos",4/7/2025,778412,23,100,2025
23,672335,"Pérez, Cionel",5/3/2025,778072,23,100,2025
23,608718,"Suter, Brent",5/7/2025,778023,23,100,2025
23,650556,"Abreu, Bryan",6/29/2025,777308,23,100,2025
23,673380,"Núñez, Dedniel",6/24/2025,777387,23,100,2025
23,660853,"De Los Santos, Enyel",4/18/2025,778284,23,100,2025
23,664208,"Maton, Phil",6/21/2025,777415,23,100,2025
23,621053,"Ferguson, Tyler",5/6/2025,778024,23,100,2025
23,643511,"Rogers, Tyler",3/30/2025,778522,23,100,2025
23,650893,"Cabrera, Génesis",5/4/2025,778053,23,100,2025
23,689147,"Kerkering, Orion",7/2/2025,777290,23,100,2025
23,641745,"Keller, Brad",4/14/2025,778315,23,100,2025
23,673513,"Matsui, Yuki",4/26/2025,778160,23,100,2025
23,685126,"Eisert, Brandon",4/20/2025,778245,23,100,2025
23,661395,"Duran, Jhoan",5/19/2025,777861,23,100,2025
23,622554,"Domínguez, Seranthony",6/6/2025,777613,23,100,2025
23,688642,"Agnos, Zach",6/8/2025,777583,23,100,2025
23,678606,"Ferrer, Jose A.",6/19/2025,777445,23,100,2025
23,688297,"Roycroft, Chris",4/9/2025,778389,23,100,2025
23,605447,"Romano, Jordan",6/28/2025,777333,23,100,2025
23,678226,"Hernández, Daysbel",5/16/2025,777908,23,100,2025
23,669212,"Morgan, Eli",3/28/2025,778543,23,100,2025
23,671922,"Smith, Cade",4/15/2025,778317,23,100,2025
23,621366,"Borucki, Ryan",5/28/2025,777729,23,100,2025
23,641835,"Mayza, Tim",4/12/2025,778357,23,100,2025
23,657514,"Bernardino, Brennan",5/20/2025,777851,23,100,2025
23,681517,"Leahy, Kyle",4/9/2025,778389,23,100,2025
23,686993,"Sterner, Justin",5/23/2025,777804,23,100,2025
22,678606,"Ferrer, Jose A.",5/6/2025,778026,22,100,2025
22,676508,"Casparius, Ben",6/7/2025,777601,22,100,2025
22,687911,"King, Bryan",6/22/2025,777397,22,100,2025
22,489446,"Yates, Kirby",4/14/2025,778326,22,100,2025
22,669199,"Bachar, Lake",6/26/2025,777347,22,100,2025
22,676263,"Dreyer, Jack",4/2/2025,778472,22,100,2025
22,628452,"Iglesias, Raisel",4/2/2025,778472,22,100,2025
22,669438,"Englert, Mason",4/13/2025,778340,22,100,2025
22,663465,"Allard, Kolby",5/19/2025,777861,22,100,2025
22,642397,"Soto, Gregory",4/23/2025,778204,22,100,2025
22,669711,"Weissert, Greg",4/19/2025,778264,22,100,2025
22,669622,"Bender, Anthony",4/20/2025,778248,22,100,2025
22,656457,"Gilbert, Tyler",6/29/2025,777311,22,100,2025
22,663671,"Enright, Nic",6/25/2025,777368,22,100,2025
22,596001,"Junis, Jakob",5/12/2025,777960,22,100,2025
22,671922,"Smith, Cade",4/29/2025,778129,22,100,2025
22,666661,"Morillo, Juan",4/25/2025,778177,22,100,2025
22,673513,"Matsui, Yuki",5/22/2025,777816,22,100,2025
22,571466,"Barnhart, Tucker",5/2/2025,778083,22,100,2025
22,656457,"Gilbert, Tyler",5/10/2025,777978,22,100,2025
22,682171,"Murfee, Penn",4/29/2025,778125,22,100,2025
22,687911,"King, Bryan",6/26/2025,777350,22,100,2025
22,676879,"Ashby, Aaron",6/21/2025,777412,22,100,2025
22,676617,"O'Brien, Riley",6/9/2025,777581,22,100,2025
22,596001,"Junis, Jakob",4/13/2025,778342,22,100,2025
22,673929,"Leasure, Jordan",6/29/2025,777311,22,100,2025
22,657097,"Webb, Jacob",5/17/2025,777882,22,100,2025
22,641302,"Alexander, Tyler",4/24/2025,778194,22,100,2025
22,681517,"Leahy, Kyle",3/27/2025,778551,22,100,2025
22,681916,"Smith, Dylan",6/2/2025,777674,22,100,2025
22,621242,"Díaz, Edwin",4/26/2025,778173,22,100,2025
22,519008,"McFarland, T.J.",4/20/2025,778239,22,100,2025
22,689225,"Brieske, Beau",4/1/2025,778486,22,100,2025
22,672578,"Hernández, Carlos",3/29/2025,778535,22,100,2025
22,656464,"Ginkel, Kevin",6/14/2025,777515,22,100,2025
22,684320,"Rodríguez, Yariel",5/31/2025,777701,22,100,2025
22,669093,"Estrada, Jeremiah",4/27/2025,778146,22,100,2025
22,668820,"Kranick, Max",4/1/2025,778497,22,100,2025
22,642585,"Bautista, Félix",6/14/2025,777519,22,100,2025
22,656986,"Sousa, Bennett",6/17/2025,777469,22,100,2025
22,596001,"Junis, Jakob",5/2/2025,778081,22,100,2025
22,670036,"Festa, Matt",5/9/2025,777997,22,100,2025
22,641755,"Kinley, Tyler",6/8/2025,777583,22,100,2025
22,593974,"Peralta, Wandy",5/18/2025,777868,22,100,2025
22,628452,"Iglesias, Raisel",5/4/2025,778060,22,100,2025
22,672578,"Hernández, Carlos",6/27/2025,777334,22,100,2025
22,687847,"Church, Marc",4/8/2025,778401,22,100,2025
22,676395,"Garcia, Robert",3/29/2025,778531,22,100,2025
22,656730,"Megill, Trevor",5/4/2025,778054,22,100,2025
22,676254,"Walker, Ryan",4/23/2025,778198,22,100,2025
22,672282,"Detmers, Reid",6/20/2025,777428,22,100,2025
22,681867,"Criswell, Cooper",4/4/2025,778463,22,100,2025
22,679775,"Backhus, Kyle",7/2/2025,777270,22,100,2025
22,608371,"Sims, Lucas",4/27/2025,778153,22,100,2025
22,571946,"Miller, Shelby",5/4/2025,778059,22,100,2025
22,642121,"Sulser, Cole",5/7/2025,778021,22,100,2025
22,643338,"Green, Chad",4/19/2025,778258,22,100,2025
22,605154,"Brebbia, John",6/14/2025,777517,22,100,2025
22,681517,"Leahy, Kyle",6/10/2025,777558,22,100,2025
22,670036,"Festa, Matt",6/6/2025,777622,22,100,2025
22,672282,"Detmers, Reid",5/27/2025,777745,22,100,2025
22,664139,"Gibaut, Ian",6/21/2025,777415,22,100,2025
22,676661,"Lazar, Max",6/3/2025,777665,22,100,2025
22,676130,"Buttó, José",5/9/2025,778001,22,100,2025
22,605347,"López, Jorge",4/6/2025,778429,22,100,2025
22,623474,"Herget, Jimmy",4/8/2025,778394,22,100,2025
22,547184,"Kelly, Michael",6/14/2025,777511,22,100,2025
22,687765,"Spence, Mitch",6/1/2025,777685,22,100,2025
22,592773,"Stanek, Ryne",6/4/2025,777638,22,100,2025
22,676477,"Whitlock, Garrett",5/17/2025,777893,22,100,2025
22,642152,"Trivino, Lou",6/8/2025,777582,22,100,2025
22,681517,"Leahy, Kyle",4/8/2025,778408,22,100,2025
22,681911,"Vesia, Alex",5/6/2025,778035,22,100,2025
22,664875,"Lawrence, Justin",3/29/2025,778539,22,100,2025
22,663158,"Suarez, Robert",6/28/2025,777328,22,100,2025
22,669062,"Miller, Erik",4/14/2025,778320,22,100,2025
22,642585,"Bautista, Félix",3/29/2025,778536,22,100,2025
22,657585,"Garrett, Reed",6/24/2025,777387,22,100,2025
22,669438,"Englert, Mason",3/31/2025,778508,22,100,2025
22,696147,"Bachman, Sam",6/21/2025,777414,22,100,2025
22,605452,"Ross, Joe",5/21/2025,777823,22,100,2025
22,668984,"Legumina, Casey",5/24/2025,777787,22,100,2025
22,664854,"Helsley, Ryan",5/10/2025,777980,22,100,2025
22,641941,"Pagán, Emilio",6/21/2025,777415,22,100,2025
22,680880,"Holman, Grant",5/10/2025,777972,22,100,2025
22,572955,"Johnson, Pierce",4/16/2025,778297,22,100,2025
22,669372,"Ginn, J.T.",6/19/2025,777441,22,100,2025
22,682254,"Montgomery, Mason",6/17/2025,777477,22,100,2025
22,670955,"Uceta, Edwin",6/25/2025,777359,22,100,2025
22,672282,"Detmers, Reid",6/28/2025,777315,22,100,2025
22,669724,"Hanifee, Brenan",6/5/2025,777634,22,100,2025
22,621057,"Garza, Justin",6/13/2025,777528,22,100,2025
22,676534,"Faucher, Calvin",5/14/2025,777921,22,100,2025
22,676092,"Snider, Collin",5/5/2025,778038,22,100,2025
22,678226,"Hernández, Daysbel",6/4/2025,777654,22,100,2025
22,605452,"Ross, Joe",6/28/2025,777333,22,100,2025
22,676092,"Snider, Collin",4/8/2025,778398,22,100,2025
22,620454,"Castillo, José",6/10/2025,777570,22,100,2025
22,621381,"Strahm, Matt",6/9/2025,777578,22,100,2025
22,608371,"Sims, Lucas",4/6/2025,778429,22,100,2025
22,681517,"Leahy, Kyle",5/17/2025,777885,22,100,2025
22,688642,"Agnos, Zach",6/11/2025,777547,22,100,2025
22,670766,"McCaughan, Darren",4/6/2025,778419,22,100,2025
22,674444,"Cruz, Steven",6/13/2025,777529,22,100,2025
22,641941,"Pagán, Emilio",5/26/2025,777760,22,100,2025
22,678495,"Rodríguez, Randy",5/20/2025,777836,22,100,2025
22,623167,"Flexen, Chris",5/20/2025,777850,22,100,2025
22,640448,"Finnegan, Kyle",6/16/2025,777488,22,100,2025
22,472610,"García, Luis",4/6/2025,778434,22,100,2025
22,623474,"Herget, Jimmy",6/24/2025,777379,22,100,2025
22,572955,"Johnson, Pierce",5/22/2025,777820,22,100,2025
22,656546,"Hoffman, Jeff",6/30/2025,777295,22,100,2025
22,682825,"Mey, Luis",5/8/2025,778003,22,100,2025
22,656222,"Beeks, Jalen",4/1/2025,778492,22,100,2025
22,623352,"Hader, Josh",4/8/2025,778398,22,100,2025
22,678606,"Ferrer, Jose A.",4/19/2025,778247,22,100,2025
22,608717,"Stratton, Chris",4/9/2025,778388,22,100,2025
22,519326,"Strickland, Hunter",6/27/2025,777331,22,100,2025
22,702352,"Bivens, Spencer",3/29/2025,778540,22,100,2025
22,656234,"Bird, Jake",6/10/2025,777563,22,100,2025
22,642207,"Williams, Devin",4/19/2025,778255,22,100,2025
22,666808,"Doval, Camilo",6/10/2025,777563,22,100,2025
22,675540,"Curry, Xzavion",4/2/2025,778481,22,100,2025
22,656186,"Altavilla, Dan",6/29/2025,777311,22,100,2025
22,657240,"Merryweather, Julian",4/6/2025,778430,22,100,2025
22,673929,"Leasure, Jordan",4/24/2025,778189,22,100,2025
22,641941,"Pagán, Emilio",5/7/2025,778023,22,100,2025
22,657097,"Webb, Jacob",4/19/2025,778251,22,100,2025
22,592094,"Adam, Jason",4/30/2025,778105,22,100,2025
22,621053,"Ferguson, Tyler",4/5/2025,778442,22,100,2025
22,676130,"Buttó, José",5/31/2025,777700,22,100,2025
22,660853,"De Los Santos, Enyel",7/1/2025,777298,22,100,2025
22,643377,"Jax, Griffin",4/16/2025,778299,22,100,2025
22,668933,"Ashcraft, Graham",6/9/2025,777580,22,100,2025
22,681869,"Dubin, Shawn",5/25/2025,777774,22,100,2025
22,623474,"Herget, Jimmy",7/1/2025,777285,22,100,2025
22,664854,"Helsley, Ryan",4/22/2025,778229,22,100,2025
22,686753,"Jameson, Drey",4/26/2025,778162,22,100,2025
22,667463,"King, John",6/29/2025,777309,22,100,2025
22,614179,"Ruiz, José",5/31/2025,777702,22,100,2025
22,676477,"Whitlock, Garrett",6/10/2025,777565,22,100,2025
22,605347,"López, Jorge",5/15/2025,777909,22,100,2025
22,678606,"Ferrer, Jose A.",7/2/2025,777265,22,100,2025
22,640448,"Finnegan, Kyle",5/30/2025,777710,22,100,2025
22,684320,"Rodríguez, Yariel",7/2/2025,777274,22,100,2025
22,673929,"Leasure, Jordan",5/13/2025,777945,22,100,2025
22,663423,"Thornton, Trent",6/29/2025,777302,22,100,2025
22,671131,"Rutledge, Jackson",5/23/2025,777801,22,100,2025
22,593576,"Neris, Héctor",5/17/2025,777884,22,100,2025
22,572955,"Johnson, Pierce",6/13/2025,777535,22,100,2025
22,666215,"Whitley, Forrest",6/20/2025,777431,22,100,2025
22,642701,"Santana, Dennis",5/9/2025,777998,22,100,2025
22,607481,"Bummer, Aaron",4/10/2025,778384,22,100,2025
22,656222,"Beeks, Jalen",6/6/2025,777623,22,100,2025
22,680767,"Vodnik, Victor",6/13/2025,777535,22,100,2025
22,592454,"Kahnle, Tommy",5/24/2025,777796,22,100,2025
22,657097,"Webb, Jacob",6/13/2025,777524,22,100,2025
22,687911,"King, Bryan",5/22/2025,777822,22,100,2025
22,694350,"Brzykcy, Zach",5/23/2025,777801,22,100,2025
22,695445,"Lee, Chase",7/2/2025,777265,22,100,2025
22,605130,"Barlow, Scott",5/5/2025,778049,22,100,2025
22,669704,"Strowd, Kade",6/28/2025,777330,22,100,2025
22,605452,"Ross, Joe",5/3/2025,778078,22,100,2025
22,676130,"Buttó, José",4/7/2025,778416,22,100,2025
22,666661,"Morillo, Juan",5/5/2025,778039,22,100,2025
22,694363,"Shuster, Jared",4/25/2025,778178,22,100,2025
22,592454,"Kahnle, Tommy",4/30/2025,778110,22,100,2025
22,685801,"Bigge, Hunter",5/1/2025,778097,22,100,2025
22,660896,"Alcala, Jorge",5/14/2025,777938,22,100,2025
22,595345,"Okert, Steven",4/12/2025,778351,22,100,2025
22,692285,"Guerrero, Luis",6/2/2025,777670,22,100,2025
22,676428,"Hurter, Brant",6/5/2025,777634,22,100,2025
22,657649,"Koenig, Jared",4/1/2025,778488,22,100,2025
22,663158,"Suarez, Robert",4/15/2025,778305,22,100,2025
22,666974,"Cano, Yennier",3/29/2025,778536,22,100,2025
22,691594,"Sanoja, Javier",4/29/2025,778123,22,100,2025
22,641755,"Kinley, Tyler",5/22/2025,777817,22,100,2025
22,605447,"Romano, Jordan",4/19/2025,778252,22,100,2025
22,664854,"Helsley, Ryan",5/23/2025,777797,22,100,2025
22,682254,"Montgomery, Mason",6/22/2025,777409,22,100,2025
22,702352,"Bivens, Spencer",5/4/2025,778048,22,100,2025
22,680755,"Fisher, Braydon",5/23/2025,777810,22,100,2025
22,664199,"Clarke, Taylor",6/13/2025,777529,22,100,2025
22,642121,"Sulser, Cole",5/9/2025,778002,22,100,2025
22,650556,"Abreu, Bryan",6/14/2025,777510,22,100,2025
22,680704,"Sandlin, Nick",4/5/2025,778446,22,100,2025
22,605447,"Romano, Jordan",4/4/2025,778459,22,100,2025
22,695418,"Lord, Brad",6/16/2025,777488,22,100,2025
22,650556,"Abreu, Bryan",6/26/2025,777350,22,100,2025
22,694037,"Palencia, Daniel",5/10/2025,777982,22,100,2025
22,657514,"Bernardino, Brennan",6/17/2025,777473,22,100,2025
22,674285,"Salazar, Eduardo",6/3/2025,777659,22,100,2025
22,521230,"Hendriks, Liam",5/16/2025,777908,22,100,2025
22,623211,"Brazobán, Huascar",6/3/2025,777657,22,100,2025
22,621053,"Ferguson, Tyler",6/6/2025,777613,22,100,2025
22,607481,"Bummer, Aaron",5/29/2025,777735,22,100,2025
22,623352,"Hader, Josh",5/28/2025,777734,22,100,2025
22,607481,"Bummer, Aaron",5/22/2025,777820,22,100,2025
22,592155,"Booser, Cam",4/11/2025,778366,22,100,2025
22,676684,"Vest, Will",4/19/2025,778265,22,100,2025
22,445276,"Jansen, Kenley",6/16/2025,777487,22,100,2025
22,683769,"Gaddis, Hunter",4/20/2025,778242,22,100,2025
22,664208,"Maton, Phil",7/1/2025,777288,22,100,2025
22,694477,"Patrick, Chad",3/29/2025,778538,22,100,2025
22,518585,"Cruz, Fernando",4/1/2025,778492,22,100,2025
22,543056,"Coulombe, Danny",4/1/2025,778490,22,100,2025
22,820862,"Fermin, José",4/29/2025,778121,22,100,2025
22,686973,"Varland, Louis",6/15/2025,777494,22,100,2025
22,681517,"Leahy, Kyle",6/14/2025,777512,22,100,2025
22,686993,"Sterner, Justin",3/28/2025,778541,22,100,2025
22,694037,"Palencia, Daniel",6/7/2025,777609,22,100,2025
22,820862,"Fermin, José",5/10/2025,777973,22,100,2025
22,642397,"Soto, Gregory",6/4/2025,777645,22,100,2025
22,592155,"Booser, Cam",4/30/2025,778111,22,100,2025
22,669060,"Wilson, Bryse",4/17/2025,778283,22,100,2025
22,688297,"Roycroft, Chris",4/6/2025,778432,22,100,2025
22,641755,"Kinley, Tyler",3/30/2025,778524,22,100,2025
22,682274,"Hiraldo, Yaramil",5/27/2025,777754,22,100,2025
22,677161,"Kelly, Zack",4/4/2025,778463,22,100,2025
22,686993,"Sterner, Justin",4/9/2025,778381,22,100,2025
22,676477,"Whitlock, Garrett",4/13/2025,778338,22,100,2025
22,672282,"Detmers, Reid",4/9/2025,778399,22,100,2025
22,676282,"Cantillo, Joey",4/5/2025,778437,22,100,2025
22,686973,"Varland, Louis",6/4/2025,777643,22,100,2025
22,641401,"Brogdon, Connor",6/24/2025,777376,22,100,2025
22,656986,"Sousa, Bennett",5/29/2025,777725,22,100,2025
22,694363,"Shuster, Jared",4/23/2025,778201,22,100,2025
22,623437,"Topa, Justin",6/20/2025,777434,22,100,2025
22,685126,"Eisert, Brandon",4/23/2025,778201,22,100,2025
22,687330,"Kelly, Kevin",6/18/2025,777463,22,100,2025
22,663969,"Phillips, Tyler",4/18/2025,778274,22,100,2025
22,683769,"Gaddis, Hunter",4/22/2025,778218,22,100,2025
22,656641,"Latz, Jacob",6/3/2025,777662,22,100,2025
22,668716,"Murdock, Noah",4/9/2025,778381,22,100,2025
22,676092,"Snider, Collin",6/3/2025,777655,22,100,2025
22,671109,"Eder, Jake",5/27/2025,777745,22,100,2025
22,657044,"Thompson, Ryan",4/7/2025,778413,22,100,2025
22,671922,"Smith, Cade",5/28/2025,777739,22,100,2025
22,666808,"Doval, Camilo",6/5/2025,777633,22,100,2025
22,605154,"Brebbia, John",5/18/2025,777871,22,100,2025
22,605218,"Edwards Jr., Carl",4/25/2025,778186,22,100,2025
22,592773,"Stanek, Ryne",6/2/2025,777675,22,100,2025
22,663941,"Beck, Tristan",5/30/2025,777717,22,100,2025
21,489446,"Yates, Kirby",3/19/2025,778564,21,100,2025
21,664139,"Gibaut, Ian",6/11/2025,777549,21,100,2025
21,641329,"Baker, Bryan",6/30/2025,777292,21,100,2025
21,669199,"Bachar, Lake",3/29/2025,778539,21,100,2025
21,455119,"Martin, Chris",4/8/2025,778401,21,100,2025
21,661403,"Clase, Emmanuel",5/17/2025,777892,21,100,2025
21,554431,"Matzek, Tyler",5/11/2025,777957,21,100,2025
21,676755,"Mattson, Isaac",5/25/2025,777776,21,100,2025
21,669724,"Hanifee, Brenan",4/26/2025,778168,21,100,2025
21,682052,"Lopez, Jacob",4/20/2025,778239,21,100,2025
21,688158,"Morgan, David",6/13/2025,777521,21,100,2025
21,592094,"Adam, Jason",6/7/2025,777597,21,100,2025
21,671922,"Smith, Cade",5/24/2025,777796,21,100,2025
21,622554,"Domínguez, Seranthony",6/14/2025,777519,21,100,2025
21,592155,"Booser, Cam",4/19/2025,778264,21,100,2025
21,592094,"Adam, Jason",6/11/2025,777543,21,100,2025
21,669060,"Wilson, Bryse",4/15/2025,778309,21,100,2025
21,657571,"Ferguson, Caleb",6/9/2025,777574,21,100,2025
21,623352,"Hader, Josh",6/19/2025,777441,21,100,2025
21,670167,"Schreiber, John",6/12/2025,777536,21,100,2025
21,621383,"Banks, Tanner",4/8/2025,778406,21,100,2025
21,571946,"Miller, Shelby",4/3/2025,778466,21,100,2025
21,571948,"Milner, Hoby",6/5/2025,777629,21,100,2025
21,676092,"Snider, Collin",4/15/2025,778316,21,100,2025
21,650556,"Abreu, Bryan",5/24/2025,777787,21,100,2025
21,607481,"Bummer, Aaron",5/14/2025,777929,21,100,2025
21,655889,"Rodríguez, Manuel",4/25/2025,778172,21,100,2025
21,670167,"Schreiber, John",5/31/2025,777694,21,100,2025
21,571948,"Milner, Hoby",4/11/2025,778360,21,100,2025
21,669371,"Henry, Cole",5/2/2025,778087,21,100,2025
21,663992,"Lovelady, Richard",3/27/2025,778556,21,100,2025
21,641656,"Hamilton, Ian",4/11/2025,778370,21,100,2025
21,686993,"Sterner, Justin",4/12/2025,778346,21,100,2025
21,669212,"Morgan, Eli",3/30/2025,778515,21,100,2025
21,621242,"Díaz, Edwin",7/2/2025,777276,21,100,2025
21,668820,"Kranick, Max",5/4/2025,778068,21,100,2025
21,571948,"Milner, Hoby",4/28/2025,778143,21,100,2025
21,806188,"Gibson, Cade",5/27/2025,777742,21,100,2025
21,684320,"Rodríguez, Yariel",6/18/2025,777462,21,100,2025
21,656464,"Ginkel, Kevin",5/16/2025,777897,21,100,2025
21,621381,"Strahm, Matt",5/29/2025,777735,21,100,2025
21,622786,"Tinoco, Jesus",4/30/2025,778109,21,100,2025
21,686993,"Sterner, Justin",5/6/2025,778024,21,100,2025
21,681799,"Roberts, Ethan",4/11/2025,778356,21,100,2025
21,663485,"Sands, Cole",5/18/2025,777865,21,100,2025
21,683175,"Phillips, Connor",6/20/2025,777433,21,100,2025
21,593974,"Peralta, Wandy",5/26/2025,777756,21,100,2025
21,640448,"Finnegan, Kyle",5/29/2025,777722,21,100,2025
21,673929,"Leasure, Jordan",6/6/2025,777618,21,100,2025
21,605463,"Scott, Tayler",4/19/2025,778259,21,100,2025
21,641302,"Alexander, Tyler",5/28/2025,777736,21,100,2025
21,681517,"Leahy, Kyle",6/22/2025,777407,21,100,2025
21,672391,"Ort, Kaleb",4/28/2025,778142,21,100,2025
21,663546,"Hjelle, Sean",6/7/2025,777598,21,100,2025
21,678606,"Ferrer, Jose A.",6/10/2025,777570,21,100,2025
21,643338,"Green, Chad",4/6/2025,778435,21,100,2025
21,666171,"Zeferjahn, Ryan",6/11/2025,777542,21,100,2025
21,663969,"Phillips, Tyler",4/26/2025,778154,21,100,2025
21,592094,"Adam, Jason",5/4/2025,778051,21,100,2025
21,573124,"Rogers, Taylor",4/16/2025,778304,21,100,2025
21,657514,"Bernardino, Brennan",6/6/2025,777627,21,100,2025
21,641656,"Hamilton, Ian",7/2/2025,777274,21,100,2025
21,676395,"Garcia, Robert",4/13/2025,778334,21,100,2025
21,657585,"Garrett, Reed",7/2/2025,777289,21,100,2025
21,592773,"Stanek, Ryne",4/22/2025,778223,21,100,2025
21,664854,"Helsley, Ryan",4/16/2025,778290,21,100,2025
21,678020,"Halvorsen, Seth",5/16/2025,777897,21,100,2025
21,656986,"Sousa, Bennett",5/17/2025,777882,21,100,2025
21,592773,"Stanek, Ryne",4/16/2025,778299,21,100,2025
21,657585,"Garrett, Reed",5/4/2025,778053,21,100,2025
21,656271,"Burke, Brock",6/22/2025,777397,21,100,2025
21,664192,"Lucchesi, Joey",7/1/2025,777278,21,100,2025
21,663574,"Santillan, Tony",4/23/2025,778208,21,100,2025
21,676684,"Vest, Will",6/6/2025,777626,21,100,2025
21,663738,"Lynch IV, Daniel",5/24/2025,777788,21,100,2025
21,621051,"Wilson, Steven",6/14/2025,777508,21,100,2025
21,672282,"Detmers, Reid",4/15/2025,778306,21,100,2025
21,621051,"Wilson, Steven",6/10/2025,777567,21,100,2025
21,695418,"Lord, Brad",5/18/2025,777873,21,100,2025
21,657240,"Merryweather, Julian",5/7/2025,778020,21,100,2025
21,681870,"Sabrowski, Erik",7/1/2025,777287,21,100,2025
21,571948,"Milner, Hoby",6/8/2025,777596,21,100,2025
21,682254,"Montgomery, Mason",5/16/2025,777903,21,100,2025
21,663485,"Sands, Cole",5/30/2025,777713,21,100,2025
21,640448,"Finnegan, Kyle",7/2/2025,777265,21,100,2025
21,534910,"Hahn, Jesse",4/8/2025,778398,21,100,2025
21,643410,"Leiter Jr., Mark",4/22/2025,778218,21,100,2025
21,695243,"Miller, Mason",6/19/2025,777441,21,100,2025
21,682120,"Herrin, Tim",6/13/2025,777520,21,100,2025
21,656546,"Hoffman, Jeff",6/22/2025,777408,21,100,2025
21,669622,"Bender, Anthony",5/25/2025,777767,21,100,2025
21,596133,"Weaver, Luke",5/25/2025,777768,21,100,2025
21,623211,"Brazobán, Huascar",5/26/2025,777758,21,100,2025
21,656730,"Megill, Trevor",6/13/2025,777525,21,100,2025
21,668970,"Hollowell, Gavin",5/9/2025,778001,21,100,2025
21,672582,"Zerpa, Angel",4/8/2025,778400,21,100,2025
21,689225,"Brieske, Beau",3/28/2025,778544,21,100,2025
21,655889,"Rodríguez, Manuel",5/27/2025,777746,21,100,2025
21,671131,"Rutledge, Jackson",6/17/2025,777480,21,100,2025
21,684974,"Yoho, Craig",7/2/2025,777276,21,100,2025
21,670059,"Holderman, Colin",5/12/2025,777950,21,100,2025
21,668984,"Legumina, Casey",5/9/2025,777984,21,100,2025
21,674285,"Salazar, Eduardo",5/2/2025,778087,21,100,2025
21,680880,"Holman, Grant",6/1/2025,777685,21,100,2025
21,605452,"Ross, Joe",5/29/2025,777723,21,100,2025
21,614179,"Ruiz, José",6/10/2025,777568,21,100,2025
21,607455,"Banda, Anthony",6/17/2025,777471,21,100,2025
21,671131,"Rutledge, Jackson",6/20/2025,777427,21,100,2025
21,657097,"Webb, Jacob",4/5/2025,778438,21,100,2025
21,678215,"Arias, Luarbert",4/11/2025,778369,21,100,2025
21,682842,"Uribe, Abner",5/19/2025,777860,21,100,2025
21,664076,"Cleavinger, Garrett",4/6/2025,778420,21,100,2025
21,643377,"Jax, Griffin",3/27/2025,778551,21,100,2025
21,489446,"Yates, Kirby",5/14/2025,777917,21,100,2025
21,664208,"Maton, Phil",5/4/2025,778053,21,100,2025
21,666374,"Brash, Matt",7/2/2025,777262,21,100,2025
21,605452,"Ross, Joe",5/9/2025,777997,21,100,2025
21,657649,"Koenig, Jared",3/27/2025,778557,21,100,2025
21,678368,"Bellozo, Valente",7/2/2025,777275,21,100,2025
21,663893,"Little, Brendon",5/16/2025,777906,21,100,2025
21,669724,"Hanifee, Brenan",5/4/2025,778050,21,100,2025
21,681982,"Anderson, Grant",5/5/2025,778042,21,100,2025
21,657044,"Thompson, Ryan",4/30/2025,778117,21,100,2025
21,655889,"Rodríguez, Manuel",4/12/2025,778353,21,100,2025
21,554431,"Matzek, Tyler",4/29/2025,778133,21,100,2025
21,657649,"Koenig, Jared",5/28/2025,777736,21,100,2025
21,592094,"Adam, Jason",4/1/2025,778485,21,100,2025
21,518397,"Alexander, Scott",4/29/2025,778120,21,100,2025
21,595345,"Okert, Steven",6/11/2025,777550,21,100,2025
21,650556,"Abreu, Bryan",6/1/2025,777690,21,100,2025
21,656546,"Hoffman, Jeff",5/13/2025,777935,21,100,2025
21,663738,"Lynch IV, Daniel",6/24/2025,777378,21,100,2025
21,678606,"Ferrer, Jose A.",6/29/2025,777305,21,100,2025
21,663671,"Enright, Nic",6/6/2025,777622,21,100,2025
21,623474,"Herget, Jimmy",4/12/2025,778352,21,100,2025
21,518489,"Brasier, Ryan",5/25/2025,777779,21,100,2025
21,694037,"Palencia, Daniel",5/12/2025,777952,21,100,2025
21,657585,"Garrett, Reed",4/11/2025,778358,21,100,2025
21,670174,"Winckowski, Josh",4/8/2025,778404,21,100,2025
21,592454,"Kahnle, Tommy",5/13/2025,777940,21,100,2025
21,605447,"Romano, Jordan",6/15/2025,777499,21,100,2025
21,666974,"Cano, Yennier",5/2/2025,778093,21,100,2025
21,681911,"Vesia, Alex",4/13/2025,778331,21,100,2025
21,674384,"Núñez, Eduarniel",7/2/2025,777290,21,100,2025
21,666974,"Cano, Yennier",4/13/2025,778344,21,100,2025
21,596133,"Weaver, Luke",5/13/2025,777926,21,100,2025
21,643338,"Green, Chad",6/26/2025,777354,21,100,2025
21,672282,"Detmers, Reid",5/28/2025,777728,21,100,2025
21,596001,"Junis, Jakob",5/30/2025,777721,21,100,2025
21,663738,"Lynch IV, Daniel",6/10/2025,777572,21,100,2025
21,657571,"Ferguson, Caleb",6/19/2025,777464,21,100,2025
21,685107,"Veneziano, Anthony",5/12/2025,777952,21,100,2025
21,621053,"Ferguson, Tyler",5/21/2025,777828,21,100,2025
21,605452,"Ross, Joe",5/10/2025,777983,21,100,2025
21,489446,"Yates, Kirby",4/26/2025,778163,21,100,2025
21,663574,"Santillan, Tony",6/6/2025,777623,21,100,2025
21,642397,"Soto, Gregory",5/23/2025,777815,21,100,2025
21,600917,"Leclerc, José",4/13/2025,778333,21,100,2025
21,671131,"Rutledge, Jackson",5/2/2025,778087,21,100,2025
21,592426,"Jackson, Luke",4/24/2025,778192,21,100,2025
21,458677,"Wilson, Justin",4/22/2025,778224,21,100,2025
21,668941,"Romero, JoJo",5/23/2025,777797,21,100,2025
21,669020,"Rolison, Ryan",6/27/2025,777339,21,100,2025
21,605154,"Brebbia, John",4/12/2025,778348,21,100,2025
21,472610,"García, Luis",3/31/2025,778500,21,100,2025
21,596001,"Junis, Jakob",5/27/2025,777753,21,100,2025
21,676961,"Boushley, Caleb",5/23/2025,777805,21,100,2025
21,657571,"Ferguson, Caleb",4/26/2025,778163,21,100,2025
21,608032,"Estévez, Carlos",4/13/2025,778342,21,100,2025
21,642207,"Williams, Devin",5/7/2025,778019,21,100,2025
21,640462,"Puk, A.J.",4/4/2025,778457,21,100,2025
21,663474,"McKenzie, Triston",4/11/2025,778375,21,100,2025
21,689690,"Jacob, Alek",5/2/2025,778090,21,100,2025
21,656945,"Scott, Tanner",6/5/2025,777631,21,100,2025
21,665660,"Alvarado, Elvis",5/11/2025,777957,21,100,2025
21,596001,"Junis, Jakob",6/25/2025,777368,21,100,2025
21,669622,"Bender, Anthony",4/13/2025,778337,21,100,2025
21,608718,"Suter, Brent",6/28/2025,777328,21,100,2025
21,660787,"De los Santos, Yerry",5/30/2025,777708,21,100,2025
21,664351,"Contreras, Luis",4/9/2025,778383,21,100,2025
21,695243,"Miller, Mason",5/24/2025,777784,21,100,2025
21,642207,"Williams, Devin",5/5/2025,778045,21,100,2025
21,669062,"Miller, Erik",4/17/2025,778279,21,100,2025
21,623437,"Topa, Justin",4/14/2025,778324,21,100,2025
21,657097,"Webb, Jacob",4/8/2025,778401,21,100,2025
21,702352,"Bivens, Spencer",5/13/2025,777930,21,100,2025
21,681869,"Dubin, Shawn",5/11/2025,777963,21,100,2025
21,608718,"Suter, Brent",5/14/2025,777928,21,100,2025
21,657612,"Hill, Tim",5/18/2025,777878,21,100,2025
21,641401,"Brogdon, Connor",6/27/2025,777331,21,100,2025
21,656222,"Beeks, Jalen",4/17/2025,778291,21,100,2025
21,608717,"Stratton, Chris",4/27/2025,778152,21,100,2025
21,676534,"Faucher, Calvin",6/13/2025,777530,21,100,2025
21,642585,"Bautista, Félix",6/24/2025,777380,21,100,2025
21,605463,"Scott, Tayler",6/25/2025,777370,21,100,2025
21,681869,"Dubin, Shawn",6/18/2025,777456,21,100,2025
21,683769,"Gaddis, Hunter",6/24/2025,777384,21,100,2025
21,676534,"Faucher, Calvin",5/20/2025,777850,21,100,2025
21,689147,"Kerkering, Orion",6/26/2025,777350,21,100,2025
21,668941,"Romero, JoJo",6/14/2025,777512,21,100,2025
21,600917,"Leclerc, José",4/2/2025,778471,21,100,2025
21,623352,"Hader, Josh",5/14/2025,777920,21,100,2025
21,641329,"Baker, Bryan",6/3/2025,777655,21,100,2025
21,668984,"Legumina, Casey",4/30/2025,778104,21,100,2025
21,445276,"Jansen, Kenley",6/24/2025,777376,21,100,2025
21,676684,"Vest, Will",5/17/2025,777886,21,100,2025
21,676755,"Mattson, Isaac",6/10/2025,777566,21,100,2025
21,666808,"Doval, Camilo",6/1/2025,777689,21,100,2025
21,642121,"Sulser, Cole",5/25/2025,777775,21,100,2025
21,670280,"Bednar, David",6/4/2025,777648,21,100,2025
21,669724,"Hanifee, Brenan",6/15/2025,777505,21,100,2025
21,694037,"Palencia, Daniel",5/25/2025,777779,21,100,2025
21,676092,"Snider, Collin",4/19/2025,778258,21,100,2025
21,669308,"Reynolds, Sean",6/13/2025,777521,21,100,2025
21,572955,"Johnson, Pierce",5/25/2025,777783,21,100,2025
21,670970,"Morejon, Adrian",4/23/2025,778209,21,100,2025
21,595345,"Okert, Steven",6/8/2025,777591,21,100,2025
21,680767,"Vodnik, Victor",4/9/2025,778379,21,100,2025
21,641745,"Keller, Brad",4/22/2025,778220,21,100,2025
21,681916,"Smith, Dylan",6/27/2025,777334,21,100,2025
21,623149,"Sewald, Paul",4/4/2025,778447,21,100,2025
21,666374,"Brash, Matt",5/23/2025,777800,21,100,2025
21,621383,"Banks, Tanner",5/30/2025,777715,21,100,2025
21,676684,"Vest, Will",5/27/2025,777755,21,100,2025
21,696270,"Johnson, Ryan",4/17/2025,778281,21,100,2025
21,669020,"Rolison, Ryan",5/18/2025,777870,21,100,2025
21,621053,"Ferguson, Tyler",6/15/2025,777496,21,100,2025
21,672582,"Zerpa, Angel",6/1/2025,777677,21,100,2025
21,670955,"Uceta, Edwin",4/19/2025,778255,21,100,2025
21,676534,"Faucher, Calvin",4/20/2025,778248,21,100,2025
21,801434,"Gervase, Paul",6/30/2025,777296,21,100,2025
21,687911,"King, Bryan",4/12/2025,778351,21,100,2025
21,640462,"Puk, A.J.",4/17/2025,778291,21,100,2025
21,620454,"Castillo, José",5/19/2025,777856,21,100,2025
21,685801,"Bigge, Hunter",4/24/2025,778188,21,100,2025
21,592426,"Jackson, Luke",3/27/2025,778553,21,100,2025
21,684320,"Rodríguez, Yariel",6/14/2025,777509,21,100,2025
21,661395,"Duran, Jhoan",5/27/2025,777746,21,100,2025
21,656271,"Burke, Brock",4/8/2025,778417,21,100,2025
21,592094,"Adam, Jason",4/14/2025,778315,21,100,2025
21,657585,"Garrett, Reed",6/5/2025,777631,21,100,2025
21,605242,"Fulmer, Michael",6/23/2025,777392,21,100,2025
21,596001,"Junis, Jakob",6/9/2025,777580,21,100,2025
21,621345,"Minter, A.J.",4/19/2025,778256,21,100,2025
21,664126,"Fairbanks, Pete",5/24/2025,777795,21,100,2025
21,681882,"Selby, Colin",4/9/2025,778380,21,100,2025
21,676755,"Mattson, Isaac",6/27/2025,777341,21,100,2025
21,641401,"Brogdon, Connor",6/15/2025,777501,21,100,2025
21,663773,"Hoeing, Bryan",6/23/2025,777382,21,100,2025
21,592779,"Stewart, Brock",4/30/2025,778116,21,100,2025
21,676254,"Walker, Ryan",6/15/2025,777498,21,100,2025
21,640902,"Pereda, Jhonny",4/29/2025,778122,21,100,2025
21,666171,"Zeferjahn, Ryan",5/30/2025,777721,21,100,2025
21,669276,"Lee, Dylan",6/23/2025,777389,21,100,2025
21,700187,"Taylor, Troy",5/19/2025,777857,21,100,2025
21,682254,"Montgomery, Mason",6/21/2025,777420,21,100,2025
21,595345,"Okert, Steven",6/19/2025,777441,21,100,2025
21,672582,"Zerpa, Angel",3/31/2025,778504,21,100,2025
21,573124,"Rogers, Taylor",4/30/2025,778134,21,100,2025
21,687330,"Kelly, Kevin",6/21/2025,777420,21,100,2025
21,681911,"Vesia, Alex",6/20/2025,777427,21,100,2025
21,608032,"Estévez, Carlos",5/7/2025,778012,21,100,2025
21,666808,"Doval, Camilo",6/25/2025,777355,21,100,2025
21,657585,"Garrett, Reed",5/11/2025,777968,21,100,2025
21,655889,"Rodríguez, Manuel",6/9/2025,777584,21,100,2025
21,642100,"Speier, Gabe",6/5/2025,777628,21,100,2025
21,670059,"Holderman, Colin",5/4/2025,778051,21,100,2025
21,680689,"Richardson, Lyon",5/20/2025,777847,21,100,2025
21,643338,"Green, Chad",4/15/2025,778311,21,100,2025
21,694335,"Svanson, Matt",6/5/2025,777635,21,100,2025
21,657514,"Bernardino, Brennan",6/8/2025,777593,21,100,2025
21,623167,"Flexen, Chris",5/30/2025,777712,21,100,2025
21,607455,"Banda, Anthony",6/16/2025,777490,21,100,2025
21,472610,"García, Luis",5/16/2025,777899,21,100,2025
21,623474,"Herget, Jimmy",4/20/2025,778235,21,100,2025
21,686993,"Sterner, Justin",4/18/2025,778261,21,100,2025
21,660853,"De Los Santos, Enyel",4/20/2025,778249,21,100,2025
21,664126,"Fairbanks, Pete",6/13/2025,777528,21,100,2025
21,673929,"Leasure, Jordan",4/5/2025,778445,21,100,2025
21,642585,"Bautista, Félix",6/19/2025,777446,21,100,2025
21,688297,"Roycroft, Chris",4/1/2025,778495,21,100,2025
21,674444,"Cruz, Steven",4/24/2025,778190,21,100,2025
21,669212,"Morgan, Eli",3/18/2025,778563,21,100,2025
21,607455,"Banda, Anthony",6/24/2025,777379,21,100,2025
21,669308,"Reynolds, Sean",6/20/2025,777426,21,100,2025
21,662253,"Muñoz, Andrés",5/17/2025,777875,21,100,2025
21,671131,"Rutledge, Jackson",5/16/2025,777907,21,100,2025
21,694350,"Brzykcy, Zach",6/17/2025,777480,21,100,2025
21,621199,"Bowman, Matt",4/26/2025,778168,21,100,2025
21,643410,"Leiter Jr., Mark",5/25/2025,777768,21,100,2025
21,820862,"Fermin, José",5/4/2025,778050,21,100,2025
21,661395,"Duran, Jhoan",6/15/2025,777494,21,100,2025
21,678020,"Halvorsen, Seth",4/20/2025,778235,21,100,2025
21,607455,"Banda, Anthony",4/28/2025,778132,21,100,2025
21,657571,"Ferguson, Caleb",6/1/2025,777681,21,100,2025
21,669276,"Lee, Dylan",7/1/2025,777298,21,100,2025
21,663574,"Santillan, Tony",6/21/2025,777415,21,100,2025
21,607481,"Bummer, Aaron",5/20/2025,777841,21,100,2025
21,680704,"Sandlin, Nick",6/22/2025,777408,21,100,2025
21,672335,"Pérez, Cionel",4/26/2025,778168,21,100,2025
21,680689,"Richardson, Lyon",6/21/2025,777415,21,100,2025
20,661403,"Clase, Emmanuel",5/11/2025,777971,20,100,2025
20,641755,"Kinley, Tyler",4/16/2025,778287,20,100,2025
20,672282,"Detmers, Reid",5/20/2025,777843,20,100,2025
20,686580,"Slaten, Justin",4/3/2025,778470,20,100,2025
20,605347,"López, Jorge",5/16/2025,777907,20,100,2025
20,663671,"Enright, Nic",6/19/2025,777440,20,100,2025
20,676130,"Buttó, José",4/20/2025,778244,20,100,2025
20,642397,"Soto, Gregory",3/28/2025,778549,20,100,2025
20,666374,"Brash, Matt",6/28/2025,777322,20,100,2025
20,592094,"Adam, Jason",5/30/2025,777707,20,100,2025
20,676508,"Casparius, Ben",5/27/2025,777753,20,100,2025
20,666808,"Doval, Camilo",6/21/2025,777417,20,100,2025
20,687396,"Headrick, Brent",5/31/2025,777698,20,100,2025
20,686973,"Varland, Louis",4/3/2025,778462,20,100,2025
20,669711,"Weissert, Greg",3/29/2025,778531,20,100,2025
20,628452,"Iglesias, Raisel",5/29/2025,777723,20,100,2025
20,670280,"Bednar, David",6/19/2025,777464,20,100,2025
20,663947,"Holton, Tyler",4/15/2025,778310,20,100,2025
20,605130,"Barlow, Scott",5/25/2025,777779,20,100,2025
20,676263,"Dreyer, Jack",7/1/2025,777280,20,100,2025
20,605177,"Chafin, Andrew",5/7/2025,778022,20,100,2025
20,592155,"Booser, Cam",5/6/2025,778033,20,100,2025
20,669711,"Weissert, Greg",4/24/2025,778196,20,100,2025
20,623211,"Brazobán, Huascar",4/8/2025,778407,20,100,2025
20,445276,"Jansen, Kenley",5/2/2025,778085,20,100,2025
20,614179,"Ruiz, José",3/29/2025,778535,20,100,2025
20,688642,"Agnos, Zach",4/25/2025,778181,20,100,2025
20,686580,"Slaten, Justin",5/27/2025,777747,20,100,2025
20,680880,"Holman, Grant",5/30/2025,777716,20,100,2025
20,669084,"Hall, DL",7/2/2025,777289,20,100,2025
20,573204,"Thielbar, Caleb",3/30/2025,778515,20,100,2025
20,542888,"Armstrong, Shawn",5/25/2025,777777,20,100,2025
20,683409,"Chivilli, Angel",7/1/2025,777285,20,100,2025
20,669724,"Hanifee, Brenan",5/30/2025,777711,20,100,2025
20,663855,"Hicks, Jordan",6/1/2025,777689,20,100,2025
20,671922,"Smith, Cade",6/17/2025,777472,20,100,2025
20,642585,"Bautista, Félix",5/16/2025,777907,20,100,2025
20,670167,"Schreiber, John",7/1/2025,777281,20,100,2025
20,689147,"Kerkering, Orion",6/18/2025,777465,20,100,2025
20,678020,"Halvorsen, Seth",4/4/2025,778456,20,100,2025
20,694350,"Brzykcy, Zach",6/21/2025,777416,20,100,2025
20,666619,"Santos, Gregory",4/4/2025,778444,20,100,2025
20,628452,"Iglesias, Raisel",6/4/2025,777654,20,100,2025
20,681982,"Anderson, Grant",5/9/2025,778002,20,100,2025
20,689225,"Brieske, Beau",5/23/2025,777807,20,100,2025
20,660853,"De Los Santos, Enyel",4/25/2025,778177,20,100,2025
20,681006,"Simpson, Josh",7/2/2025,777275,20,100,2025
20,571948,"Milner, Hoby",4/18/2025,778263,20,100,2025
20,676534,"Faucher, Calvin",3/30/2025,778519,20,100,2025
20,623211,"Brazobán, Huascar",5/10/2025,777982,20,100,2025
20,656234,"Bird, Jake",6/13/2025,777535,20,100,2025
20,676254,"Walker, Ryan",6/20/2025,777425,20,100,2025
20,671922,"Smith, Cade",5/12/2025,777960,20,100,2025
20,623352,"Hader, Josh",5/9/2025,777989,20,100,2025
20,595345,"Okert, Steven",4/1/2025,778489,20,100,2025
20,596001,"Junis, Jakob",4/10/2025,778378,20,100,2025
20,595014,"Treinen, Blake",4/13/2025,778331,20,100,2025
20,596133,"Weaver, Luke",4/14/2025,778327,20,100,2025
20,675848,"Mejia, Juan",5/24/2025,777782,20,100,2025
20,663485,"Sands, Cole",5/21/2025,777829,20,100,2025
20,676254,"Walker, Ryan",4/4/2025,778444,20,100,2025
20,657585,"Garrett, Reed",6/20/2025,777437,20,100,2025
20,596001,"Junis, Jakob",4/2/2025,778476,20,100,2025
20,642397,"Soto, Gregory",4/13/2025,778344,20,100,2025
20,607481,"Bummer, Aaron",4/4/2025,778464,20,100,2025
20,678692,"Henriquez, Ronny",6/13/2025,777530,20,100,2025
20,643511,"Rogers, Tyler",6/11/2025,777547,20,100,2025
20,806188,"Gibson, Cade",6/26/2025,777347,20,100,2025
20,666374,"Brash, Matt",6/11/2025,777548,20,100,2025
20,663893,"Little, Brendon",3/31/2025,778507,20,100,2025
20,661403,"Clase, Emmanuel",6/14/2025,777507,20,100,2025
20,641755,"Kinley, Tyler",5/17/2025,777887,20,100,2025
20,641745,"Keller, Brad",5/25/2025,777779,20,100,2025
20,695243,"Miller, Mason",5/17/2025,777879,20,100,2025
20,806185,"Birdsong, Hayden",4/13/2025,778339,20,100,2025
20,678226,"Hernández, Daysbel",4/26/2025,778162,20,100,2025
20,656546,"Hoffman, Jeff",4/9/2025,778386,20,100,2025
20,656730,"Megill, Trevor",4/11/2025,778364,20,100,2025
20,681676,"Fernandez, Ryan",3/31/2025,778503,20,100,2025
20,685107,"Veneziano, Anthony",4/16/2025,778303,20,100,2025
20,666214,"Wentz, Joey",4/11/2025,778374,20,100,2025
20,682610,"Muñoz, Roddery",4/14/2025,778325,20,100,2025
20,661395,"Duran, Jhoan",6/14/2025,777510,20,100,2025
20,605177,"Chafin, Andrew",5/30/2025,777710,20,100,2025
20,675650,"Mercado, Michael",6/11/2025,777553,20,100,2025
20,657612,"Hill, Tim",6/13/2025,777537,20,100,2025
20,688642,"Agnos, Zach",5/17/2025,777887,20,100,2025
20,676395,"Garcia, Robert",6/8/2025,777596,20,100,2025
20,666215,"Whitley, Forrest",5/29/2025,777725,20,100,2025
20,675848,"Mejia, Juan",6/20/2025,777430,20,100,2025
20,695418,"Lord, Brad",4/2/2025,778478,20,100,2025
20,621381,"Strahm, Matt",5/25/2025,777765,20,100,2025
20,669212,"Morgan, Eli",4/11/2025,778356,20,100,2025
20,663542,"Hudson, Bryan",4/22/2025,778210,20,100,2025
20,642585,"Bautista, Félix",4/12/2025,778362,20,100,2025
20,592094,"Adam, Jason",3/28/2025,778542,20,100,2025
20,685126,"Eisert, Brandon",3/31/2025,778506,20,100,2025
20,662253,"Muñoz, Andrés",6/28/2025,777322,20,100,2025
20,674285,"Salazar, Eduardo",5/6/2025,778046,20,100,2025
20,650893,"Cabrera, Génesis",6/27/2025,777341,20,100,2025
20,669211,"Akin, Keegan",6/24/2025,777380,20,100,2025
20,657044,"Thompson, Ryan",4/23/2025,778199,20,100,2025
20,666661,"Morillo, Juan",4/19/2025,778257,20,100,2025
20,680742,"Bowlan, Jonathan",4/27/2025,778152,20,100,2025
20,650893,"Cabrera, Génesis",5/30/2025,777712,20,100,2025
20,670955,"Uceta, Edwin",4/8/2025,778417,20,100,2025
20,676263,"Dreyer, Jack",6/29/2025,777304,20,100,2025
20,672282,"Detmers, Reid",6/7/2025,777603,20,100,2025
20,656641,"Latz, Jacob",5/11/2025,777969,20,100,2025
20,668820,"Kranick, Max",4/9/2025,778390,20,100,2025
20,670167,"Schreiber, John",4/20/2025,778246,20,100,2025
20,669211,"Akin, Keegan",5/18/2025,777873,20,100,2025
20,664208,"Maton, Phil",5/25/2025,777766,20,100,2025
20,670970,"Morejon, Adrian",6/19/2025,777442,20,100,2025
20,655889,"Rodríguez, Manuel",5/4/2025,778057,20,100,2025
20,663941,"Beck, Tristan",6/6/2025,777619,20,100,2025
20,664139,"Gibaut, Ian",4/20/2025,778250,20,100,2025
20,666974,"Cano, Yennier",5/14/2025,777938,20,100,2025
20,664351,"Contreras, Luis",4/2/2025,778475,20,100,2025
20,614179,"Ruiz, José",4/14/2025,778320,20,100,2025
20,702795,"Loutos, Ryan",5/16/2025,777899,20,100,2025
20,643377,"Jax, Griffin",5/21/2025,777829,20,100,2025
20,593974,"Peralta, Wandy",4/14/2025,778315,20,100,2025
20,669093,"Estrada, Jeremiah",5/12/2025,777947,20,100,2025
20,641745,"Keller, Brad",4/13/2025,778331,20,100,2025
20,472610,"García, Luis",4/29/2025,778123,20,100,2025
20,592773,"Stanek, Ryne",4/27/2025,778153,20,100,2025
20,605130,"Barlow, Scott",4/12/2025,778357,20,100,2025
20,668674,"Erceg, Lucas",5/3/2025,778072,20,100,2025
20,683409,"Chivilli, Angel",4/4/2025,778456,20,100,2025
20,643377,"Jax, Griffin",5/14/2025,777924,20,100,2025
20,678606,"Ferrer, Jose A.",5/16/2025,777907,20,100,2025
20,643338,"Green, Chad",5/6/2025,778025,20,100,2025
20,680704,"Sandlin, Nick",4/10/2025,778377,20,100,2025
20,668941,"Romero, JoJo",4/6/2025,778443,20,100,2025
20,641941,"Pagán, Emilio",5/6/2025,778034,20,100,2025
20,682254,"Montgomery, Mason",4/5/2025,778438,20,100,2025
20,628317,"Maeda, Kenta",4/29/2025,778124,20,100,2025
20,663893,"Little, Brendon",5/31/2025,777701,20,100,2025
20,673513,"Matsui, Yuki",6/9/2025,777579,20,100,2025
20,670950,"Richards, Trevor",6/8/2025,777590,20,100,2025
20,458677,"Wilson, Justin",4/15/2025,778319,20,100,2025
20,656546,"Hoffman, Jeff",6/6/2025,777615,20,100,2025
20,518585,"Cruz, Fernando",4/27/2025,778170,20,100,2025
20,684320,"Rodríguez, Yariel",7/1/2025,777283,20,100,2025
20,445276,"Jansen, Kenley",4/8/2025,778417,20,100,2025
20,661395,"Duran, Jhoan",6/7/2025,777600,20,100,2025
20,806188,"Gibson, Cade",6/13/2025,777530,20,100,2025
20,676755,"Mattson, Isaac",5/22/2025,777814,20,100,2025
20,621381,"Strahm, Matt",4/10/2025,778384,20,100,2025
20,673929,"Leasure, Jordan",4/1/2025,778490,20,100,2025
20,572955,"Johnson, Pierce",6/3/2025,777672,20,100,2025
20,643410,"Leiter Jr., Mark",5/16/2025,777904,20,100,2025
20,656222,"Beeks, Jalen",5/4/2025,778059,20,100,2025
20,672582,"Zerpa, Angel",5/4/2025,778062,20,100,2025
20,676617,"O'Brien, Riley",7/2/2025,777272,20,100,2025
20,621053,"Ferguson, Tyler",4/12/2025,778346,20,100,2025
20,622554,"Domínguez, Seranthony",4/4/2025,778455,20,100,2025
20,621381,"Strahm, Matt",4/19/2025,778252,20,100,2025
20,682171,"Murfee, Penn",4/11/2025,778366,20,100,2025
20,660730,"Rodriguez, Elvin",5/3/2025,778071,20,100,2025
20,518585,"Cruz, Fernando",4/14/2025,778327,20,100,2025
20,656546,"Hoffman, Jeff",3/29/2025,778536,20,100,2025
20,571927,"Matz, Steven",5/24/2025,777786,20,100,2025
20,643410,"Leiter Jr., Mark",4/12/2025,778355,20,100,2025
20,592094,"Adam, Jason",5/7/2025,778019,20,100,2025
20,519151,"Pressly, Ryan",6/14/2025,777513,20,100,2025
20,607455,"Banda, Anthony",5/24/2025,777789,20,100,2025
20,663432,"Rainey, Tanner",5/23/2025,777806,20,100,2025
20,696270,"Johnson, Ryan",3/31/2025,778503,20,100,2025
20,552640,"Kittredge, Andrew",5/24/2025,777790,20,100,2025
20,650893,"Cabrera, Génesis",5/23/2025,777808,20,100,2025
20,573204,"Thielbar, Caleb",4/19/2025,778257,20,100,2025
20,683769,"Gaddis, Hunter",5/9/2025,777997,20,100,2025
20,663893,"Little, Brendon",4/5/2025,778446,20,100,2025
20,664126,"Fairbanks, Pete",5/21/2025,777832,20,100,2025
20,661403,"Clase, Emmanuel",6/17/2025,777472,20,100,2025
20,605507,"Thompson, Zach",4/11/2025,778367,20,100,2025
20,668390,"Winn, Cole",6/29/2025,777302,20,100,2025
20,682120,"Herrin, Tim",5/21/2025,777829,20,100,2025
20,623211,"Brazobán, Huascar",4/14/2025,778324,20,100,2025
20,656730,"Megill, Trevor",6/1/2025,777688,20,100,2025
20,592155,"Booser, Cam",4/5/2025,778445,20,100,2025
20,643410,"Leiter Jr., Mark",4/13/2025,778339,20,100,2025
20,547973,"Chapman, Aroldis",6/24/2025,777376,20,100,2025
20,683769,"Gaddis, Hunter",5/12/2025,777960,20,100,2025
20,593974,"Peralta, Wandy",5/16/2025,777896,20,100,2025
20,608717,"Stratton, Chris",4/4/2025,778455,20,100,2025
20,642585,"Bautista, Félix",4/17/2025,778292,20,100,2025
20,641755,"Kinley, Tyler",6/22/2025,777399,20,100,2025
20,683769,"Gaddis, Hunter",5/4/2025,778056,20,100,2025
20,686580,"Slaten, Justin",5/24/2025,777809,20,100,2025
20,641745,"Keller, Brad",6/26/2025,777348,20,100,2025
20,641755,"Kinley, Tyler",6/26/2025,777344,20,100,2025
20,641745,"Keller, Brad",4/30/2025,778112,20,100,2025
20,572955,"Johnson, Pierce",6/20/2025,777439,20,100,2025
20,668941,"Romero, JoJo",6/26/2025,777348,20,100,2025
20,641755,"Kinley, Tyler",6/17/2025,777480,20,100,2025
20,519008,"McFarland, T.J.",6/17/2025,777469,20,100,2025
20,683409,"Chivilli, Angel",5/24/2025,777782,20,100,2025
20,679358,"Orze, Eric",5/14/2025,777923,20,100,2025
20,656257,"Brigham, Jeff",5/30/2025,777710,20,100,2025
20,687911,"King, Bryan",6/11/2025,777550,20,100,2025
20,663969,"Phillips, Tyler",6/18/2025,777465,20,100,2025
20,695418,"Lord, Brad",7/2/2025,777265,20,100,2025
20,657097,"Webb, Jacob",5/9/2025,777996,20,100,2025
20,678495,"Rodríguez, Randy",6/25/2025,777355,20,100,2025
20,689254,"Fluharty, Mason",6/1/2025,777685,20,100,2025
20,622786,"Tinoco, Jesus",5/19/2025,777863,20,100,2025
20,663893,"Little, Brendon",6/4/2025,777651,20,100,2025
20,672582,"Zerpa, Angel",5/16/2025,777901,20,100,2025
20,663947,"Holton, Tyler",5/10/2025,777987,20,100,2025
20,518397,"Alexander, Scott",3/31/2025,778502,20,100,2025
20,472610,"García, Luis",5/6/2025,778035,20,100,2025
20,621366,"Borucki, Ryan",6/5/2025,777630,20,100,2025
20,608665,"Graveman, Kendall",6/5/2025,777640,20,100,2025
20,663947,"Holton, Tyler",5/28/2025,777738,20,100,2025
20,666374,"Brash, Matt",5/13/2025,777926,20,100,2025
20,664126,"Fairbanks, Pete",3/30/2025,778524,20,100,2025
20,669371,"Henry, Cole",6/3/2025,777659,20,100,2025
20,676755,"Mattson, Isaac",6/12/2025,777541,20,100,2025
20,663893,"Little, Brendon",6/30/2025,777295,20,100,2025
20,445276,"Jansen, Kenley",5/20/2025,777843,20,100,2025
20,657514,"Bernardino, Brennan",5/21/2025,777831,20,100,2025
20,656457,"Gilbert, Tyler",6/19/2025,777458,20,100,2025
20,595014,"Treinen, Blake",4/6/2025,778434,20,100,2025
20,642397,"Soto, Gregory",4/2/2025,778483,20,100,2025
20,656271,"Burke, Brock",5/3/2025,778067,20,100,2025
20,642152,"Trivino, Lou",6/25/2025,777358,20,100,2025
20,657097,"Webb, Jacob",3/29/2025,778531,20,100,2025
20,573124,"Rogers, Taylor",6/20/2025,777433,20,100,2025
20,623465,"Phillips, Evan",5/2/2025,778092,20,100,2025
20,608717,"Stratton, Chris",6/6/2025,777620,20,100,2025
20,663767,"Shugart, Chase",4/30/2025,778112,20,100,2025
20,660896,"Alcala, Jorge",4/28/2025,778139,20,100,2025
20,621366,"Borucki, Ryan",5/11/2025,777967,20,100,2025
20,680755,"Fisher, Braydon",5/28/2025,777724,20,100,2025
20,669711,"Weissert, Greg",4/16/2025,778298,20,100,2025
20,660853,"De Los Santos, Enyel",6/27/2025,777342,20,100,2025
20,614179,"Ruiz, José",5/24/2025,777784,20,100,2025
20,673513,"Matsui, Yuki",4/1/2025,778485,20,100,2025
20,650556,"Abreu, Bryan",5/19/2025,777858,20,100,2025
20,689266,"Dodd, Dylan",6/26/2025,777352,20,100,2025
20,674285,"Salazar, Eduardo",3/31/2025,778507,20,100,2025
20,676130,"Buttó, José",6/18/2025,777470,20,100,2025
20,623211,"Brazobán, Huascar",5/17/2025,777888,20,100,2025
20,669371,"Henry, Cole",6/17/2025,777480,20,100,2025
20,669622,"Bender, Anthony",6/28/2025,777318,20,100,2025
20,623149,"Sewald, Paul",4/18/2025,778271,20,100,2025
20,641745,"Keller, Brad",5/17/2025,777881,20,100,2025
20,489446,"Yates, Kirby",6/9/2025,777579,20,100,2025
20,660896,"Alcala, Jorge",5/6/2025,778028,20,100,2025
20,664854,"Helsley, Ryan",6/5/2025,777642,20,100,2025
20,670280,"Bednar, David",4/19/2025,778254,20,100,2025
20,672841,"Vargas, Carlos",4/19/2025,778258,20,100,2025
20,689958,"Walters, Andrew",5/28/2025,777739,20,100,2025
20,686993,"Sterner, Justin",4/1/2025,778494,20,100,2025
20,678692,"Henriquez, Ronny",6/7/2025,777611,20,100,2025
20,676051,"Heuer, Codi",6/3/2025,777662,20,100,2025
20,669371,"Henry, Cole",5/10/2025,777980,20,100,2025
20,622253,"Tate, Dillon",4/27/2025,778156,20,100,2025
20,670970,"Morejon, Adrian",6/15/2025,777491,20,100,2025
20,669020,"Rolison, Ryan",6/20/2025,777430,20,100,2025
20,673929,"Leasure, Jordan",4/16/2025,778294,20,100,2025
20,666171,"Zeferjahn, Ryan",5/7/2025,778009,20,100,2025
20,663893,"Little, Brendon",4/16/2025,778297,20,100,2025
20,676508,"Casparius, Ben",5/30/2025,777708,20,100,2025
20,688642,"Agnos, Zach",4/27/2025,778148,20,100,2025
20,605447,"Romano, Jordan",6/4/2025,777651,20,100,2025
20,592094,"Adam, Jason",6/2/2025,777676,20,100,2025
20,663158,"Suarez, Robert",6/2/2025,777676,20,100,2025
20,674285,"Salazar, Eduardo",6/7/2025,777610,20,100,2025
20,593974,"Peralta, Wandy",6/18/2025,777457,20,100,2025
20,663878,"Pearson, Nate",4/14/2025,778315,20,100,2025
20,661403,"Clase, Emmanuel",6/11/2025,777549,20,100,2025
20,669020,"Rolison, Ryan",5/16/2025,777897,20,100,2025
20,673513,"Matsui, Yuki",4/18/2025,778269,20,100,2025
20,672391,"Ort, Kaleb",5/25/2025,777774,20,100,2025
20,663767,"Shugart, Chase",4/24/2025,778191,20,100,2025
20,543056,"Coulombe, Danny",5/11/2025,777956,20,100,2025
20,687911,"King, Bryan",5/25/2025,777774,20,100,2025
20,689254,"Fluharty, Mason",6/8/2025,777585,20,100,2025
20,683769,"Gaddis, Hunter",3/27/2025,778558,20,100,2025
20,643410,"Leiter Jr., Mark",6/15/2025,777500,20,100,2025
20,669724,"Hanifee, Brenan",3/27/2025,778546,20,100,2025
20,663893,"Little, Brendon",4/25/2025,778185,20,100,2025
20,686751,"Johnson, Seth",6/5/2025,777637,20,100,2025
20,684974,"Yoho, Craig",4/21/2025,778226,20,100,2025
20,669724,"Hanifee, Brenan",6/8/2025,777594,20,100,2025
20,666374,"Brash, Matt",6/1/2025,777680,20,100,2025
20,572955,"Johnson, Pierce",4/9/2025,778393,20,100,2025
20,661403,"Clase, Emmanuel",6/4/2025,777653,20,100,2025
20,650556,"Abreu, Bryan",6/19/2025,777441,20,100,2025
20,666214,"Wentz, Joey",4/6/2025,778428,20,100,2025
20,668933,"Ashcraft, Graham",4/8/2025,778397,20,100,2025
20,676395,"Garcia, Robert",4/9/2025,778385,20,100,2025
20,683769,"Gaddis, Hunter",6/29/2025,777309,20,100,2025
20,592426,"Jackson, Luke",6/29/2025,777302,20,100,2025
20,628452,"Iglesias, Raisel",6/5/2025,777640,20,100,2025
20,685126,"Eisert, Brandon",4/29/2025,778125,20,100,2025
20,683769,"Gaddis, Hunter",4/30/2025,778116,20,100,2025
20,571927,"Matz, Steven",5/11/2025,777962,20,100,2025
20,605130,"Barlow, Scott",5/10/2025,777979,20,100,2025
20,607481,"Bummer, Aaron",5/7/2025,778023,20,100,2025
20,689254,"Fluharty, Mason",5/25/2025,777775,20,100,2025
20,592426,"Jackson, Luke",4/30/2025,778106,20,100,2025
20,674285,"Salazar, Eduardo",6/5/2025,777632,20,100,2025
20,672578,"Hernández, Carlos",5/10/2025,777983,20,100,2025
20,676534,"Faucher, Calvin",5/10/2025,777978,20,100,2025
20,641656,"Hamilton, Ian",4/17/2025,778282,20,100,2025
20,643511,"Rogers, Tyler",5/19/2025,777855,20,100,2025
20,656271,"Burke, Brock",4/16/2025,778289,20,100,2025
20,678226,"Hernández, Daysbel",5/29/2025,777735,20,100,2025
20,663562,"Davis, Noah",4/23/2025,778205,20,100,2025
20,592779,"Stewart, Brock",4/23/2025,778201,20,100,2025
20,702352,"Bivens, Spencer",5/18/2025,777867,20,100,2025
20,694335,"Svanson, Matt",4/17/2025,778278,20,100,2025
20,671922,"Smith, Cade",4/6/2025,778425,20,100,2025
20,669276,"Lee, Dylan",4/22/2025,778229,20,100,2025
20,676684,"Vest, Will",6/10/2025,777573,20,100,2025
20,642152,"Trivino, Lou",6/27/2025,777335,20,100,2025
20,668820,"Kranick, Max",5/25/2025,777773,20,100,2025
20,669724,"Hanifee, Brenan",5/28/2025,777738,20,100,2025
20,668941,"Romero, JoJo",6/19/2025,777458,20,100,2025
20,642100,"Speier, Gabe",4/11/2025,778360,20,100,2025
20,702795,"Loutos, Ryan",6/15/2025,777503,20,100,2025
20,621053,"Ferguson, Tyler",5/3/2025,778075,20,100,2025
20,689690,"Jacob, Alek",4/18/2025,778269,20,100,2025
20,686747,"La Sorsa, Joe",6/7/2025,777612,20,100,2025
20,676534,"Faucher, Calvin",4/25/2025,778175,20,100,2025
20,606160,"Montero, Rafael",4/15/2025,778311,20,100,2025
20,670280,"Bednar, David",7/1/2025,777288,20,100,2025
20,666808,"Doval, Camilo",4/6/2025,778427,20,100,2025
20,686973,"Varland, Louis",4/25/2025,778186,20,100,2025
20,669199,"Bachar, Lake",6/29/2025,777303,20,100,2025
20,669093,"Estrada, Jeremiah",5/21/2025,777837,20,100,2025
19,666661,"Morillo, Juan",5/20/2025,777838,19,100,2025
19,593974,"Peralta, Wandy",6/9/2025,777579,19,100,2025
19,675848,"Mejia, Juan",5/31/2025,777700,19,100,2025
19,672841,"Vargas, Carlos",5/6/2025,778024,19,100,2025
19,682842,"Uribe, Abner",6/7/2025,777597,19,100,2025
19,622554,"Domínguez, Seranthony",6/7/2025,777599,19,100,2025
19,660825,"Bazardo, Eduard",4/12/2025,778341,19,100,2025
19,683232,"Mears, Nick",5/18/2025,777865,19,100,2025
19,686580,"Slaten, Justin",5/4/2025,778063,19,100,2025
19,621383,"Banks, Tanner",6/10/2025,777571,19,100,2025
19,640448,"Finnegan, Kyle",4/15/2025,778314,19,100,2025
19,605154,"Brebbia, John",4/15/2025,778310,19,100,2025
19,605130,"Barlow, Scott",6/23/2025,777390,19,100,2025
19,607455,"Banda, Anthony",5/13/2025,777937,19,100,2025
19,641745,"Keller, Brad",5/6/2025,778027,19,100,2025
19,596133,"Weaver, Luke",4/3/2025,778466,19,100,2025
19,519326,"Strickland, Hunter",6/20/2025,777428,19,100,2025
19,681517,"Leahy, Kyle",5/20/2025,777840,19,100,2025
19,640448,"Finnegan, Kyle",5/6/2025,778026,19,100,2025
19,666277,"Soriano, George",4/7/2025,778416,19,100,2025
19,681911,"Vesia, Alex",4/5/2025,778448,19,100,2025
19,670167,"Schreiber, John",4/2/2025,778477,19,100,2025
19,621199,"Bowman, Matt",4/27/2025,778155,19,100,2025
19,669062,"Miller, Erik",4/4/2025,778444,19,100,2025
19,663738,"Lynch IV, Daniel",4/5/2025,778441,19,100,2025
19,663158,"Suarez, Robert",5/30/2025,777707,19,100,2025
19,623352,"Hader, Josh",5/7/2025,778015,19,100,2025
19,663542,"Hudson, Bryan",4/10/2025,778371,19,100,2025
19,689254,"Fluharty, Mason",5/16/2025,777906,19,100,2025
19,643377,"Jax, Griffin",4/26/2025,778166,19,100,2025
19,670167,"Schreiber, John",6/3/2025,777660,19,100,2025
19,657612,"Hill, Tim",6/12/2025,777536,19,100,2025
19,669093,"Estrada, Jeremiah",6/14/2025,777515,19,100,2025
19,687911,"King, Bryan",6/6/2025,777622,19,100,2025
19,694350,"Brzykcy, Zach",6/12/2025,777544,19,100,2025
19,678226,"Hernández, Daysbel",5/23/2025,777813,19,100,2025
19,605130,"Barlow, Scott",5/31/2025,777704,19,100,2025
19,641302,"Alexander, Tyler",5/31/2025,777702,19,100,2025
19,682842,"Uribe, Abner",6/29/2025,777301,19,100,2025
19,687863,"Hodge, Porter",5/10/2025,777982,19,100,2025
19,680880,"Holman, Grant",5/24/2025,777784,19,100,2025
19,682120,"Herrin, Tim",5/30/2025,777721,19,100,2025
19,663767,"Shugart, Chase",5/22/2025,777814,19,100,2025
19,686973,"Varland, Louis",4/26/2025,778166,19,100,2025
19,676684,"Vest, Will",6/12/2025,777540,19,100,2025
19,643410,"Leiter Jr., Mark",4/1/2025,778492,19,100,2025
19,687606,"Schultz, Paxton",6/8/2025,777585,19,100,2025
19,679885,"Martinez, Justin",6/9/2025,777577,19,100,2025
19,606303,"Payamps, Joel",5/5/2025,778042,19,100,2025
19,692285,"Guerrero, Luis",4/24/2025,778196,19,100,2025
19,669674,"Long, Sam",3/30/2025,778510,19,100,2025
19,650893,"Cabrera, Génesis",5/18/2025,777878,19,100,2025
19,676961,"Boushley, Caleb",5/2/2025,778083,19,100,2025
19,679885,"Martinez, Justin",3/30/2025,778515,19,100,2025
19,672391,"Ort, Kaleb",5/20/2025,777848,19,100,2025
19,682120,"Herrin, Tim",5/11/2025,777971,19,100,2025
19,668674,"Erceg, Lucas",6/15/2025,777496,19,100,2025
19,656945,"Scott, Tanner",5/9/2025,777988,19,100,2025
19,643338,"Green, Chad",6/10/2025,777558,19,100,2025
19,657571,"Ferguson, Caleb",5/2/2025,778090,19,100,2025
19,663893,"Little, Brendon",6/14/2025,777509,19,100,2025
19,682254,"Montgomery, Mason",6/4/2025,777646,19,100,2025
19,681517,"Leahy, Kyle",6/15/2025,777492,19,100,2025
19,669711,"Weissert, Greg",6/16/2025,777486,19,100,2025
19,676534,"Faucher, Calvin",4/28/2025,778132,19,100,2025
19,445276,"Jansen, Kenley",6/3/2025,777667,19,100,2025
19,592773,"Stanek, Ryne",4/20/2025,778244,19,100,2025
19,622554,"Domínguez, Seranthony",5/23/2025,777815,19,100,2025
19,682842,"Uribe, Abner",4/10/2025,778371,19,100,2025
19,640448,"Finnegan, Kyle",4/29/2025,778131,19,100,2025
19,656240,"Blewett, Scott",5/24/2025,777803,19,100,2025
19,643338,"Green, Chad",6/20/2025,777435,19,100,2025
19,605130,"Barlow, Scott",5/18/2025,777874,19,100,2025
19,640448,"Finnegan, Kyle",6/19/2025,777445,19,100,2025
19,694037,"Palencia, Daniel",4/26/2025,778174,19,100,2025
19,623437,"Topa, Justin",3/31/2025,778506,19,100,2025
19,657585,"Garrett, Reed",6/3/2025,777657,19,100,2025
19,663947,"Holton, Tyler",5/23/2025,777807,19,100,2025
19,628452,"Iglesias, Raisel",5/8/2025,778003,19,100,2025
19,686973,"Varland, Louis",7/1/2025,777293,19,100,2025
19,670280,"Bednar, David",6/23/2025,777391,19,100,2025
19,628317,"Maeda, Kenta",4/18/2025,778277,19,100,2025
19,621242,"Díaz, Edwin",6/2/2025,777675,19,100,2025
19,445276,"Jansen, Kenley",3/29/2025,778534,19,100,2025
19,623211,"Brazobán, Huascar",5/5/2025,778039,19,100,2025
19,657612,"Hill, Tim",4/13/2025,778339,19,100,2025
19,640451,"Harvey, Hunter",4/4/2025,778455,19,100,2025
19,643410,"Leiter Jr., Mark",6/30/2025,777295,19,100,2025
19,455119,"Martin, Chris",4/24/2025,778192,19,100,2025
19,680755,"Fisher, Braydon",6/30/2025,777295,19,100,2025
19,621345,"Minter, A.J.",4/4/2025,778465,19,100,2025
19,663465,"Allard, Kolby",6/3/2025,777664,19,100,2025
19,596133,"Weaver, Luke",3/27/2025,778557,19,100,2025
19,678692,"Henriquez, Ronny",4/23/2025,778208,19,100,2025
19,682825,"Mey, Luis",5/25/2025,777779,19,100,2025
19,672841,"Vargas, Carlos",6/22/2025,777403,19,100,2025
19,696270,"Johnson, Ryan",5/6/2025,778025,19,100,2025
19,680755,"Fisher, Braydon",5/18/2025,777871,19,100,2025
19,672582,"Zerpa, Angel",6/12/2025,777536,19,100,2025
19,663546,"Hjelle, Sean",6/20/2025,777425,19,100,2025
19,663767,"Shugart, Chase",5/10/2025,777985,19,100,2025
19,676477,"Whitlock, Garrett",5/20/2025,777851,19,100,2025
19,678495,"Rodríguez, Randy",5/1/2025,778098,19,100,2025
19,643338,"Green, Chad",4/27/2025,778170,19,100,2025
19,678692,"Henriquez, Ronny",5/31/2025,777705,19,100,2025
19,680735,"Cox, Austin",6/22/2025,777402,19,100,2025
19,684320,"Rodríguez, Yariel",5/17/2025,777886,19,100,2025
19,542888,"Armstrong, Shawn",4/18/2025,778263,19,100,2025
19,690382,"Darrell-Hicks, Michael",4/13/2025,778329,19,100,2025
19,693312,"Nicolas, Kyle",4/15/2025,778314,19,100,2025
19,694350,"Brzykcy, Zach",5/27/2025,777743,19,100,2025
19,663893,"Little, Brendon",4/15/2025,778311,19,100,2025
19,676263,"Dreyer, Jack",3/19/2025,778564,19,100,2025
19,593974,"Peralta, Wandy",5/28/2025,777726,19,100,2025
19,664126,"Fairbanks, Pete",6/30/2025,777296,19,100,2025
19,678495,"Rodríguez, Randy",3/27/2025,778561,19,100,2025
19,669199,"Bachar, Lake",5/20/2025,777850,19,100,2025
19,682825,"Mey, Luis",5/28/2025,777733,19,100,2025
19,685801,"Bigge, Hunter",4/10/2025,778382,19,100,2025
19,657514,"Bernardino, Brennan",4/14/2025,778328,19,100,2025
19,678495,"Rodríguez, Randy",4/12/2025,778355,19,100,2025
19,670955,"Uceta, Edwin",5/7/2025,778021,19,100,2025
19,683409,"Chivilli, Angel",6/26/2025,777344,19,100,2025
19,621051,"Wilson, Steven",6/25/2025,777370,19,100,2025
19,642397,"Soto, Gregory",4/4/2025,778455,19,100,2025
19,642585,"Bautista, Félix",4/24/2025,778193,19,100,2025
19,702352,"Bivens, Spencer",6/24/2025,777364,19,100,2025
19,650556,"Abreu, Bryan",4/15/2025,778308,19,100,2025
19,820862,"Fermin, José",5/8/2025,778000,19,100,2025
19,642207,"Williams, Devin",4/12/2025,778355,19,100,2025
19,596142,"Sánchez, Gary",4/20/2025,778250,19,100,2025
19,621242,"Díaz, Edwin",4/19/2025,778256,19,100,2025
19,573204,"Thielbar, Caleb",5/27/2025,777751,19,100,2025
19,679358,"Orze, Eric",5/1/2025,778097,19,100,2025
19,667463,"King, John",4/28/2025,778141,19,100,2025
19,672841,"Vargas, Carlos",7/2/2025,777262,19,100,2025
19,608718,"Suter, Brent",6/2/2025,777671,19,100,2025
19,687765,"Spence, Mitch",5/7/2025,778010,19,100,2025
19,657612,"Hill, Tim",6/18/2025,777466,19,100,2025
19,676755,"Mattson, Isaac",6/15/2025,777497,19,100,2025
19,687863,"Hodge, Porter",6/28/2025,777320,19,100,2025
19,674444,"Cruz, Steven",6/3/2025,777660,19,100,2025
19,663773,"Hoeing, Bryan",7/2/2025,777273,19,100,2025
19,663574,"Santillan, Tony",6/15/2025,777505,19,100,2025
19,664076,"Cleavinger, Garrett",3/29/2025,778537,19,100,2025
19,656730,"Megill, Trevor",6/22/2025,777401,19,100,2025
19,663423,"Thornton, Trent",4/22/2025,778224,19,100,2025
19,680767,"Vodnik, Victor",4/13/2025,778330,19,100,2025
19,595345,"Okert, Steven",4/16/2025,778290,19,100,2025
19,681982,"Anderson, Grant",4/27/2025,778150,19,100,2025
19,445276,"Jansen, Kenley",6/15/2025,777501,19,100,2025
19,657514,"Bernardino, Brennan",5/13/2025,777940,19,100,2025
19,672582,"Zerpa, Angel",3/27/2025,778558,19,100,2025
19,689225,"Brieske, Beau",4/7/2025,778424,19,100,2025
19,666171,"Zeferjahn, Ryan",4/8/2025,778417,19,100,2025
19,673929,"Leasure, Jordan",6/22/2025,777408,19,100,2025
19,621366,"Borucki, Ryan",3/31/2025,778508,19,100,2025
19,680755,"Fisher, Braydon",6/20/2025,777435,19,100,2025
19,657240,"Merryweather, Julian",4/18/2025,778268,19,100,2025
19,592426,"Jackson, Luke",6/27/2025,777340,19,100,2025
19,458677,"Wilson, Justin",5/7/2025,778018,19,100,2025
19,676092,"Snider, Collin",5/25/2025,777774,19,100,2025
19,678606,"Ferrer, Jose A.",6/21/2025,777416,19,100,2025
19,669674,"Long, Sam",4/1/2025,778488,19,100,2025
19,656848,"Petersen, Michael",5/29/2025,777723,19,100,2025
19,675848,"Mejia, Juan",4/24/2025,778195,19,100,2025
19,664849,"Young, Danny",4/26/2025,778173,19,100,2025
19,655889,"Rodríguez, Manuel",5/7/2025,778021,19,100,2025
19,657612,"Hill, Tim",3/27/2025,778557,19,100,2025
19,472610,"García, Luis",6/27/2025,777335,19,100,2025
19,607481,"Bummer, Aaron",6/10/2025,777568,19,100,2025
19,682171,"Murfee, Penn",3/27/2025,778554,19,100,2025
19,700187,"Taylor, Troy",5/9/2025,777984,19,100,2025
19,672578,"Hernández, Carlos",5/21/2025,777823,19,100,2025
19,670970,"Morejon, Adrian",4/6/2025,778430,19,100,2025
19,672578,"Hernández, Carlos",4/26/2025,778174,19,100,2025
19,672582,"Zerpa, Angel",4/15/2025,778312,19,100,2025
19,660825,"Bazardo, Eduard",5/18/2025,777868,19,100,2025
19,663432,"Rainey, Tanner",5/10/2025,777985,19,100,2025
19,607481,"Bummer, Aaron",3/27/2025,778545,19,100,2025
19,641401,"Brogdon, Connor",5/31/2025,777703,19,100,2025
19,670970,"Morejon, Adrian",5/23/2025,777813,19,100,2025
19,595345,"Okert, Steven",4/9/2025,778383,19,100,2025
19,607455,"Banda, Anthony",5/31/2025,777698,19,100,2025
19,679358,"Orze, Eric",6/13/2025,777528,19,100,2025
19,681810,"Warren, Austin",5/4/2025,778053,19,100,2025
19,660825,"Bazardo, Eduard",3/28/2025,778541,19,100,2025
19,666277,"Soriano, George",4/18/2025,778274,19,100,2025
19,661395,"Duran, Jhoan",4/16/2025,778299,19,100,2025
19,663878,"Pearson, Nate",4/5/2025,778450,19,100,2025
19,669060,"Wilson, Bryse",4/10/2025,778378,19,100,2025
19,605347,"López, Jorge",5/4/2025,778058,19,100,2025
19,669711,"Weissert, Greg",6/30/2025,777300,19,100,2025
19,543056,"Coulombe, Danny",6/13/2025,777527,19,100,2025
19,657097,"Webb, Jacob",6/30/2025,777292,19,100,2025
19,664854,"Helsley, Ryan",5/5/2025,778036,19,100,2025
19,676254,"Walker, Ryan",6/8/2025,777587,19,100,2025
19,680704,"Sandlin, Nick",6/20/2025,777435,19,100,2025
19,605347,"López, Jorge",4/29/2025,778131,19,100,2025
19,519151,"Pressly, Ryan",6/5/2025,777632,19,100,2025
19,679358,"Orze, Eric",4/23/2025,778199,19,100,2025
19,681676,"Fernandez, Ryan",4/14/2025,778325,19,100,2025
19,683769,"Gaddis, Hunter",5/1/2025,778108,19,100,2025
19,687330,"Kelly, Kevin",5/30/2025,777714,19,100,2025
19,592426,"Jackson, Luke",5/10/2025,777987,19,100,2025
19,669062,"Miller, Erik",6/25/2025,777355,19,100,2025
19,663574,"Santillan, Tony",6/17/2025,777478,19,100,2025
19,656240,"Blewett, Scott",6/20/2025,777438,19,100,2025
19,621381,"Strahm, Matt",6/18/2025,777465,19,100,2025
19,656222,"Beeks, Jalen",5/7/2025,778014,19,100,2025
19,656271,"Burke, Brock",5/8/2025,778000,19,100,2025
19,663158,"Suarez, Robert",5/23/2025,777813,19,100,2025
19,681982,"Anderson, Grant",6/22/2025,777401,19,100,2025
19,641656,"Hamilton, Ian",6/28/2025,777326,19,100,2025
19,668716,"Murdock, Noah",4/24/2025,778192,19,100,2025
19,663893,"Little, Brendon",6/17/2025,777479,19,100,2025
19,623211,"Brazobán, Huascar",6/28/2025,777325,19,100,2025
19,656464,"Ginkel, Kevin",5/4/2025,778059,19,100,2025
19,605463,"Scott, Tayler",5/12/2025,777948,19,100,2025
19,684320,"Rodríguez, Yariel",5/14/2025,777923,19,100,2025
19,656629,"Kopech, Michael",6/11/2025,777543,19,100,2025
19,669020,"Rolison, Ryan",6/24/2025,777379,19,100,2025
19,663738,"Lynch IV, Daniel",6/28/2025,777319,19,100,2025
19,682171,"Murfee, Penn",4/23/2025,778201,19,100,2025
19,593974,"Peralta, Wandy",6/16/2025,777490,19,100,2025
19,657649,"Koenig, Jared",6/29/2025,777301,19,100,2025
19,592094,"Adam, Jason",5/28/2025,777726,19,100,2025
19,592155,"Booser, Cam",6/3/2025,777661,19,100,2025
19,605154,"Brebbia, John",6/4/2025,777639,19,100,2025
19,685126,"Eisert, Brandon",4/11/2025,778366,19,100,2025
19,605130,"Barlow, Scott",6/2/2025,777671,19,100,2025
19,656945,"Scott, Tanner",6/2/2025,777675,19,100,2025
19,666974,"Cano, Yennier",6/10/2025,777573,19,100,2025
19,669211,"Akin, Keegan",6/30/2025,777292,19,100,2025
19,664854,"Helsley, Ryan",3/27/2025,778551,19,100,2025
19,656234,"Bird, Jake",4/19/2025,778247,19,100,2025
19,664208,"Maton, Phil",4/21/2025,778233,19,100,2025
19,656271,"Burke, Brock",5/28/2025,777728,19,100,2025
19,643410,"Leiter Jr., Mark",5/31/2025,777698,19,100,2025
19,668984,"Legumina, Casey",6/5/2025,777628,19,100,2025
19,666215,"Whitley, Forrest",5/27/2025,777752,19,100,2025
19,668970,"Hollowell, Gavin",4/22/2025,778220,19,100,2025
19,660853,"De Los Santos, Enyel",5/5/2025,778049,19,100,2025
19,681892,"Funderburk, Kody",5/28/2025,777732,19,100,2025
19,685126,"Eisert, Brandon",6/4/2025,777639,19,100,2025
19,669276,"Lee, Dylan",4/16/2025,778297,19,100,2025
19,684320,"Rodríguez, Yariel",4/4/2025,778465,19,100,2025
19,660853,"De Los Santos, Enyel",6/15/2025,777504,19,100,2025
19,663546,"Hjelle, Sean",6/18/2025,777454,19,100,2025
19,621345,"Minter, A.J.",3/28/2025,778518,19,100,2025
19,547184,"Kelly, Michael",6/5/2025,777636,19,100,2025
19,676755,"Mattson, Isaac",7/2/2025,777272,19,100,2025
19,621199,"Bowman, Matt",3/30/2025,778525,19,100,2025
19,663804,"Kowar, Jackson",5/31/2025,777695,19,100,2025
19,693312,"Nicolas, Kyle",6/5/2025,777630,19,100,2025
19,621363,"Poche, Colin",3/27/2025,778555,19,100,2025
19,669308,"Reynolds, Sean",6/27/2025,777346,19,100,2025
19,676254,"Walker, Ryan",4/19/2025,778243,19,100,2025
19,573124,"Rogers, Taylor",6/19/2025,777452,19,100,2025
19,676617,"O'Brien, Riley",6/23/2025,777392,19,100,2025
19,650556,"Abreu, Bryan",3/29/2025,778530,19,100,2025
19,592155,"Booser, Cam",3/30/2025,778527,19,100,2025
19,673513,"Matsui, Yuki",4/8/2025,778395,19,100,2025
19,620454,"Castillo, José",6/18/2025,777470,19,100,2025
19,670167,"Schreiber, John",7/2/2025,777262,19,100,2025
19,641941,"Pagán, Emilio",5/2/2025,778087,19,100,2025
19,592155,"Booser, Cam",5/26/2025,777758,19,100,2025
19,668984,"Legumina, Casey",4/19/2025,778258,19,100,2025
19,641656,"Hamilton, Ian",6/29/2025,777307,19,100,2025
19,682171,"Murfee, Penn",4/6/2025,778433,19,100,2025
19,692285,"Guerrero, Luis",6/27/2025,777345,19,100,2025
19,621381,"Strahm, Matt",3/27/2025,778555,19,100,2025
19,668941,"Romero, JoJo",5/14/2025,777933,19,100,2025
19,668984,"Legumina, Casey",4/15/2025,778316,19,100,2025
19,670970,"Morejon, Adrian",5/4/2025,778051,19,100,2025
19,670059,"Holderman, Colin",3/29/2025,778539,19,100,2025
19,669711,"Weissert, Greg",5/9/2025,777990,19,100,2025
19,689147,"Kerkering, Orion",5/9/2025,777997,19,100,2025
19,656945,"Scott, Tanner",6/20/2025,777427,19,100,2025
19,686580,"Slaten, Justin",4/26/2025,778169,19,100,2025
19,686973,"Varland, Louis",4/16/2025,778299,19,100,2025
19,820862,"Fermin, José",4/26/2025,778166,19,100,2025
19,612434,"Castro, Miguel",5/28/2025,777737,19,100,2025
19,671922,"Smith, Cade",6/22/2025,777400,19,100,2025
19,668984,"Legumina, Casey",6/27/2025,777340,19,100,2025
19,669308,"Reynolds, Sean",5/18/2025,777868,19,100,2025
19,667463,"King, John",5/21/2025,777827,19,100,2025
19,669622,"Bender, Anthony",4/9/2025,778390,19,100,2025
19,682825,"Mey, Luis",5/18/2025,777874,19,100,2025
19,689147,"Kerkering, Orion",5/29/2025,777735,19,100,2025
19,621381,"Strahm, Matt",6/6/2025,777621,19,100,2025
19,458677,"Wilson, Justin",5/24/2025,777809,19,100,2025
19,623211,"Brazobán, Huascar",4/25/2025,778183,19,100,2025
19,593576,"Neris, Héctor",6/27/2025,777331,19,100,2025
19,683409,"Chivilli, Angel",3/29/2025,778537,19,100,2025
19,656546,"Hoffman, Jeff",4/23/2025,778200,19,100,2025
19,656546,"Hoffman, Jeff",4/16/2025,778297,19,100,2025
19,642397,"Soto, Gregory",6/6/2025,777613,19,100,2025
19,664076,"Cleavinger, Garrett",5/3/2025,778074,19,100,2025
19,605130,"Barlow, Scott",7/1/2025,777294,19,100,2025
19,592773,"Stanek, Ryne",6/15/2025,777502,19,100,2025
19,596133,"Weaver, Luke",6/24/2025,777385,19,100,2025
19,696147,"Bachman, Sam",6/27/2025,777331,19,100,2025
19,547973,"Chapman, Aroldis",5/27/2025,777747,19,100,2025
19,650893,"Cabrera, Génesis",6/29/2025,777313,19,100,2025
19,678692,"Henriquez, Ronny",6/10/2025,777566,19,100,2025
19,614179,"Ruiz, José",5/20/2025,777842,19,100,2025
19,672335,"Pérez, Cionel",4/15/2025,778317,19,100,2025
19,621363,"Poche, Colin",4/22/2025,778222,19,100,2025
19,679358,"Orze, Eric",4/29/2025,778128,19,100,2025
19,623149,"Sewald, Paul",4/21/2025,778227,19,100,2025
19,663855,"Hicks, Jordan",7/2/2025,777277,19,100,2025
19,695418,"Lord, Brad",5/15/2025,777909,19,100,2025
19,642528,"Loáisiga, Jonathan",6/1/2025,777682,19,100,2025
19,669622,"Bender, Anthony",4/30/2025,778109,19,100,2025
19,657240,"Merryweather, Julian",5/10/2025,777982,19,100,2025
19,661403,"Clase, Emmanuel",4/30/2025,778116,19,100,2025
19,669211,"Akin, Keegan",4/13/2025,778344,19,100,2025
19,666214,"Wentz, Joey",4/13/2025,778343,19,100,2025
19,596001,"Junis, Jakob",5/1/2025,778108,19,100,2025
19,683769,"Gaddis, Hunter",4/9/2025,778391,19,100,2025
19,607455,"Banda, Anthony",5/4/2025,778060,19,100,2025
19,664854,"Helsley, Ryan",6/7/2025,777601,19,100,2025
19,680729,"McDaniels, Garrett",4/5/2025,778437,19,100,2025
19,683769,"Gaddis, Hunter",3/30/2025,778510,19,100,2025
19,678495,"Rodríguez, Randy",6/27/2025,777338,19,100,2025
19,673513,"Matsui, Yuki",4/4/2025,778460,19,100,2025
19,596001,"Junis, Jakob",4/18/2025,778271,19,100,2025
19,547973,"Chapman, Aroldis",4/6/2025,778443,19,100,2025
19,608371,"Sims, Lucas",4/7/2025,778418,19,100,2025
19,702352,"Bivens, Spencer",6/26/2025,777347,19,100,2025
19,662253,"Muñoz, Andrés",4/16/2025,778304,19,100,2025
19,571927,"Matz, Steven",6/24/2025,777373,19,100,2025
19,642100,"Speier, Gabe",6/4/2025,777645,19,100,2025
19,669674,"Long, Sam",3/27/2025,778558,19,100,2025
19,663574,"Santillan, Tony",5/30/2025,777712,19,100,2025
19,643338,"Green, Chad",5/30/2025,777716,19,100,2025
19,678020,"Halvorsen, Seth",5/19/2025,777852,19,100,2025
19,668834,"McGee, Easton",7/2/2025,777276,19,100,2025
19,680767,"Vodnik, Victor",6/19/2025,777445,19,100,2025
19,687911,"King, Bryan",5/14/2025,777920,19,100,2025
19,657514,"Bernardino, Brennan",4/11/2025,778366,19,100,2025
19,690829,"Joyce, Ben",3/29/2025,778534,19,100,2025
19,519151,"Pressly, Ryan",5/9/2025,778001,19,100,2025
19,641755,"Kinley, Tyler",4/9/2025,778379,19,100,2025
19,621051,"Wilson, Steven",4/30/2025,778111,19,100,2025
19,621381,"Strahm, Matt",4/13/2025,778336,19,100,2025
19,621053,"Ferguson, Tyler",3/29/2025,778521,19,100,2025
19,542888,"Armstrong, Shawn",6/10/2025,777557,19,100,2025
19,669093,"Estrada, Jeremiah",6/2/2025,777676,19,100,2025
19,650893,"Cabrera, Génesis",6/11/2025,777553,19,100,2025
19,642207,"Williams, Devin",5/27/2025,777745,19,100,2025
19,672841,"Vargas, Carlos",4/4/2025,778444,19,100,2025
19,664199,"Clarke, Taylor",5/11/2025,777965,19,100,2025
19,642152,"Trivino, Lou",6/1/2025,777682,19,100,2025
19,668674,"Erceg, Lucas",6/30/2025,777297,19,100,2025
18,671922,"Smith, Cade",6/7/2025,777608,18,100,2025
18,623211,"Brazobán, Huascar",5/30/2025,777718,18,100,2025
18,670167,"Schreiber, John",4/10/2025,778373,18,100,2025
18,670955,"Uceta, Edwin",6/19/2025,777446,18,100,2025
18,571927,"Matz, Steven",6/7/2025,777601,18,100,2025
18,684974,"Yoho, Craig",4/29/2025,778125,18,100,2025
18,669276,"Lee, Dylan",6/14/2025,777523,18,100,2025
18,677865,"Bruihl, Justin",6/19/2025,777448,18,100,2025
18,623149,"Sewald, Paul",4/6/2025,778425,18,100,2025
18,678606,"Ferrer, Jose A.",4/4/2025,778457,18,100,2025
18,640462,"Puk, A.J.",4/8/2025,778396,18,100,2025
18,678024,"Vasil, Mike",5/21/2025,777830,18,100,2025
18,667463,"King, John",6/5/2025,777635,18,100,2025
18,677952,"Ashcraft, Braxton",6/11/2025,777552,18,100,2025
18,686973,"Varland, Louis",5/31/2025,777695,18,100,2025
18,673513,"Matsui, Yuki",5/18/2025,777868,18,100,2025
18,681869,"Dubin, Shawn",5/31/2025,777693,18,100,2025
18,676684,"Vest, Will",6/4/2025,777639,18,100,2025
18,664139,"Gibaut, Ian",4/1/2025,778498,18,100,2025
18,643377,"Jax, Griffin",5/31/2025,777695,18,100,2025
18,662253,"Muñoz, Andrés",6/17/2025,777473,18,100,2025
18,674444,"Cruz, Steven",5/27/2025,777750,18,100,2025
18,680767,"Vodnik, Victor",6/6/2025,777616,18,100,2025
18,666974,"Cano, Yennier",5/4/2025,778062,18,100,2025
18,592773,"Stanek, Ryne",6/6/2025,777616,18,100,2025
18,675848,"Mejia, Juan",7/1/2025,777285,18,100,2025
18,671922,"Smith, Cade",6/8/2025,777591,18,100,2025
18,663158,"Suarez, Robert",5/14/2025,777914,18,100,2025
18,682120,"Herrin, Tim",4/28/2025,778139,18,100,2025
18,668984,"Legumina, Casey",5/4/2025,778052,18,100,2025
18,592454,"Kahnle, Tommy",4/20/2025,778246,18,100,2025
18,622569,"Reyes, Pablo",5/31/2025,777698,18,100,2025
18,571946,"Miller, Shelby",4/27/2025,778147,18,100,2025
18,664991,"Wolfram, Grant",4/27/2025,778155,18,100,2025
18,547973,"Chapman, Aroldis",5/28/2025,777736,18,100,2025
18,571927,"Matz, Steven",5/6/2025,778030,18,100,2025
18,669622,"Bender, Anthony",5/31/2025,777705,18,100,2025
18,663893,"Little, Brendon",4/19/2025,778258,18,100,2025
18,669211,"Akin, Keegan",5/25/2025,777785,18,100,2025
18,592155,"Booser, Cam",4/23/2025,778201,18,100,2025
18,573204,"Thielbar, Caleb",6/15/2025,777497,18,100,2025
18,592155,"Booser, Cam",3/27/2025,778554,18,100,2025
18,681982,"Anderson, Grant",6/25/2025,777361,18,100,2025
18,676879,"Ashby, Aaron",6/28/2025,777321,18,100,2025
18,641941,"Pagán, Emilio",4/26/2025,778161,18,100,2025
18,650556,"Abreu, Bryan",6/22/2025,777397,18,100,2025
18,593576,"Neris, Héctor",6/2/2025,777670,18,100,2025
18,678226,"Hernández, Daysbel",7/2/2025,777279,18,100,2025
18,445276,"Jansen, Kenley",4/24/2025,778191,18,100,2025
18,669276,"Lee, Dylan",6/6/2025,777619,18,100,2025
18,683769,"Gaddis, Hunter",6/10/2025,777569,18,100,2025
18,806188,"Gibson, Cade",6/24/2025,777364,18,100,2025
18,660787,"De los Santos, Yerry",5/9/2025,777994,18,100,2025
18,641941,"Pagán, Emilio",6/17/2025,777478,18,100,2025
18,621242,"Díaz, Edwin",4/23/2025,778203,18,100,2025
18,669062,"Miller, Erik",5/30/2025,777717,18,100,2025
18,640448,"Finnegan, Kyle",6/4/2025,777650,18,100,2025
18,656945,"Scott, Tanner",4/26/2025,778163,18,100,2025
18,689225,"Brieske, Beau",5/16/2025,777906,18,100,2025
18,664849,"Young, Danny",4/20/2025,778244,18,100,2025
18,662253,"Muñoz, Andrés",5/3/2025,778070,18,100,2025
18,656945,"Scott, Tanner",4/14/2025,778326,18,100,2025
18,680880,"Holman, Grant",5/16/2025,777891,18,100,2025
18,681517,"Leahy, Kyle",5/5/2025,778036,18,100,2025
18,660896,"Alcala, Jorge",6/25/2025,777362,18,100,2025
18,682120,"Herrin, Tim",5/6/2025,778046,18,100,2025
18,642100,"Speier, Gabe",6/27/2025,777340,18,100,2025
18,663893,"Little, Brendon",6/22/2025,777408,18,100,2025
18,702352,"Bivens, Spencer",5/26/2025,777770,18,100,2025
18,592454,"Kahnle, Tommy",7/2/2025,777265,18,100,2025
18,623474,"Herget, Jimmy",6/19/2025,777445,18,100,2025
18,605130,"Barlow, Scott",6/28/2025,777328,18,100,2025
18,665625,"Peguero, Elvis",5/12/2025,777960,18,100,2025
18,621242,"Díaz, Edwin",6/26/2025,777352,18,100,2025
18,701121,"VanWey, Logan",5/3/2025,778066,18,100,2025
18,664126,"Fairbanks, Pete",5/13/2025,777935,18,100,2025
18,657585,"Garrett, Reed",3/28/2025,778518,18,100,2025
18,669308,"Reynolds, Sean",6/9/2025,777579,18,100,2025
18,573009,"Mantiply, Joe",5/11/2025,777954,18,100,2025
18,656464,"Ginkel, Kevin",5/9/2025,777988,18,100,2025
18,621199,"Bowman, Matt",5/4/2025,778062,18,100,2025
18,656271,"Burke, Brock",5/10/2025,777973,18,100,2025
18,642207,"Williams, Devin",4/4/2025,778461,18,100,2025
18,656240,"Blewett, Scott",5/8/2025,778003,18,100,2025
18,666974,"Cano, Yennier",5/8/2025,778007,18,100,2025
18,670167,"Schreiber, John",6/5/2025,777642,18,100,2025
18,663969,"Phillips, Tyler",5/7/2025,778017,18,100,2025
18,685126,"Eisert, Brandon",5/5/2025,778043,18,100,2025
18,572955,"Johnson, Pierce",5/4/2025,778060,18,100,2025
18,681517,"Leahy, Kyle",4/25/2025,778184,18,100,2025
18,608717,"Stratton, Chris",5/31/2025,777698,18,100,2025
18,687911,"King, Bryan",7/1/2025,777285,18,100,2025
18,641302,"Alexander, Tyler",5/21/2025,777826,18,100,2025
18,670970,"Morejon, Adrian",5/21/2025,777837,18,100,2025
18,666661,"Morillo, Juan",6/17/2025,777479,18,100,2025
18,656629,"Kopech, Michael",6/25/2025,777358,18,100,2025
18,642397,"Soto, Gregory",6/16/2025,777484,18,100,2025
18,621242,"Díaz, Edwin",5/13/2025,777943,18,100,2025
18,680755,"Fisher, Braydon",6/14/2025,777509,18,100,2025
18,657097,"Webb, Jacob",5/31/2025,777697,18,100,2025
18,521230,"Hendriks, Liam",4/27/2025,778157,18,100,2025
18,519326,"Strickland, Hunter",6/14/2025,777519,18,100,2025
18,605130,"Barlow, Scott",5/19/2025,777859,18,100,2025
18,678606,"Ferrer, Jose A.",6/8/2025,777596,18,100,2025
18,670955,"Uceta, Edwin",5/8/2025,778005,18,100,2025
18,605130,"Barlow, Scott",5/23/2025,777811,18,100,2025
18,656546,"Hoffman, Jeff",3/30/2025,778525,18,100,2025
18,621363,"Poche, Colin",3/29/2025,778535,18,100,2025
18,606930,"Barnes, Jacob",4/14/2025,778322,18,100,2025
18,592454,"Kahnle, Tommy",4/11/2025,778363,18,100,2025
18,656271,"Burke, Brock",4/27/2025,778144,18,100,2025
18,686993,"Sterner, Justin",4/30/2025,778106,18,100,2025
18,670280,"Bednar, David",5/3/2025,778065,18,100,2025
18,686642,"Ellard, Fraser",4/6/2025,778433,18,100,2025
18,664139,"Gibaut, Ian",4/6/2025,778421,18,100,2025
18,669622,"Bender, Anthony",6/22/2025,777402,18,100,2025
18,472610,"García, Luis",4/22/2025,778220,18,100,2025
18,661395,"Duran, Jhoan",6/22/2025,777401,18,100,2025
18,519141,"Pomeranz, Drew",6/13/2025,777526,18,100,2025
18,661403,"Clase, Emmanuel",3/27/2025,778558,18,100,2025
18,592773,"Stanek, Ryne",5/28/2025,777737,18,100,2025
18,642016,"Robert, Daniel",7/2/2025,777273,18,100,2025
18,689254,"Fluharty, Mason",4/25/2025,778185,18,100,2025
18,670950,"Richards, Trevor",6/7/2025,777606,18,100,2025
18,656546,"Hoffman, Jeff",5/31/2025,777701,18,100,2025
18,657585,"Garrett, Reed",5/21/2025,777831,18,100,2025
18,608032,"Estévez, Carlos",6/8/2025,777590,18,100,2025
18,671922,"Smith, Cade",4/26/2025,778179,18,100,2025
18,663738,"Lynch IV, Daniel",4/22/2025,778215,18,100,2025
18,573204,"Thielbar, Caleb",5/16/2025,777900,18,100,2025
18,608371,"Sims, Lucas",5/6/2025,778046,18,100,2025
18,621383,"Banks, Tanner",5/14/2025,777933,18,100,2025
18,643410,"Leiter Jr., Mark",5/22/2025,777818,18,100,2025
18,696270,"Johnson, Ryan",4/24/2025,778191,18,100,2025
18,669721,"Daniel, Davis",4/27/2025,778147,18,100,2025
18,656234,"Bird, Jake",6/6/2025,777616,18,100,2025
18,642180,"Wade, Tyler",5/21/2025,777837,18,100,2025
18,642152,"Trivino, Lou",5/4/2025,778048,18,100,2025
18,656945,"Scott, Tanner",5/2/2025,778092,18,100,2025
18,680729,"McDaniels, Garrett",4/1/2025,778495,18,100,2025
18,547973,"Chapman, Aroldis",4/13/2025,778338,18,100,2025
18,592454,"Kahnle, Tommy",5/14/2025,777927,18,100,2025
18,669199,"Bachar, Lake",4/11/2025,778369,18,100,2025
18,676092,"Snider, Collin",5/14/2025,777915,18,100,2025
18,668674,"Erceg, Lucas",4/29/2025,778128,18,100,2025
18,681517,"Leahy, Kyle",6/3/2025,777660,18,100,2025
18,521230,"Hendriks, Liam",5/8/2025,778006,18,100,2025
18,678606,"Ferrer, Jose A.",4/11/2025,778369,18,100,2025
18,663423,"Thornton, Trent",4/16/2025,778304,18,100,2025
18,672282,"Detmers, Reid",6/6/2025,777614,18,100,2025
18,621383,"Banks, Tanner",4/5/2025,778448,18,100,2025
18,689254,"Fluharty, Mason",5/13/2025,777935,18,100,2025
18,657097,"Webb, Jacob",5/20/2025,777849,18,100,2025
18,687765,"Spence, Mitch",5/24/2025,777784,18,100,2025
18,657585,"Garrett, Reed",5/13/2025,777943,18,100,2025
18,686993,"Sterner, Justin",5/13/2025,777937,18,100,2025
18,682254,"Montgomery, Mason",5/11/2025,777964,18,100,2025
18,663574,"Santillan, Tony",6/24/2025,777385,18,100,2025
18,669062,"Miller, Erik",6/1/2025,777689,18,100,2025
18,662253,"Muñoz, Andrés",4/13/2025,778334,18,100,2025
18,593576,"Neris, Héctor",6/14/2025,777519,18,100,2025
18,669276,"Lee, Dylan",5/30/2025,777719,18,100,2025
18,670280,"Bednar, David",3/28/2025,778548,18,100,2025
18,607455,"Banda, Anthony",6/1/2025,777682,18,100,2025
18,664849,"Young, Danny",4/7/2025,778416,18,100,2025
18,621051,"Wilson, Steven",4/19/2025,778264,18,100,2025
18,686973,"Varland, Louis",4/10/2025,778373,18,100,2025
18,672391,"Ort, Kaleb",5/31/2025,777693,18,100,2025
18,694350,"Brzykcy, Zach",5/11/2025,777962,18,100,2025
18,661395,"Duran, Jhoan",5/25/2025,777772,18,100,2025
18,687765,"Spence, Mitch",4/25/2025,778178,18,100,2025
18,657571,"Ferguson, Caleb",3/30/2025,778519,18,100,2025
18,696270,"Johnson, Ryan",4/1/2025,778495,18,100,2025
18,663158,"Suarez, Robert",4/27/2025,778146,18,100,2025
18,670955,"Uceta, Edwin",4/27/2025,778146,18,100,2025
18,621199,"Bowman, Matt",5/6/2025,778028,18,100,2025
18,592094,"Adam, Jason",6/19/2025,777442,18,100,2025
18,608665,"Graveman, Kendall",5/20/2025,777838,18,100,2025
18,678606,"Ferrer, Jose A.",4/17/2025,778280,18,100,2025
18,669062,"Miller, Erik",4/6/2025,778427,18,100,2025
18,660787,"De los Santos, Yerry",5/26/2025,777763,18,100,2025
18,623167,"Flexen, Chris",6/24/2025,777373,18,100,2025
18,663423,"Thornton, Trent",5/2/2025,778083,18,100,2025
18,641941,"Pagán, Emilio",6/3/2025,777668,18,100,2025
18,573204,"Thielbar, Caleb",6/20/2025,777436,18,100,2025
18,656186,"Altavilla, Dan",5/31/2025,777699,18,100,2025
18,670970,"Morejon, Adrian",3/29/2025,778520,18,100,2025
18,542888,"Armstrong, Shawn",5/16/2025,777895,18,100,2025
18,664076,"Cleavinger, Garrett",5/20/2025,777848,18,100,2025
18,676961,"Boushley, Caleb",5/7/2025,778018,18,100,2025
18,656730,"Megill, Trevor",5/25/2025,777776,18,100,2025
18,676092,"Snider, Collin",3/29/2025,778521,18,100,2025
18,663767,"Shugart, Chase",4/16/2025,778293,18,100,2025
18,672841,"Vargas, Carlos",5/31/2025,777695,18,100,2025
18,642701,"Santana, Dennis",3/27/2025,778562,18,100,2025
18,592779,"Stewart, Brock",6/22/2025,777401,18,100,2025
18,678226,"Hernández, Daysbel",4/23/2025,778214,18,100,2025
18,683232,"Mears, Nick",6/23/2025,777391,18,100,2025
18,596001,"Junis, Jakob",3/31/2025,778499,18,100,2025
18,656240,"Blewett, Scott",6/8/2025,777588,18,100,2025
18,657612,"Hill, Tim",6/5/2025,777644,18,100,2025
18,673380,"Núñez, Dedniel",5/5/2025,778039,18,100,2025
18,657585,"Garrett, Reed",6/23/2025,777389,18,100,2025
18,680767,"Vodnik, Victor",5/28/2025,777731,18,100,2025
18,678606,"Ferrer, Jose A.",5/10/2025,777980,18,100,2025
18,621051,"Wilson, Steven",5/13/2025,777945,18,100,2025
18,675848,"Mejia, Juan",5/4/2025,778048,18,100,2025
18,694350,"Brzykcy, Zach",6/7/2025,777610,18,100,2025
18,670955,"Uceta, Edwin",5/28/2025,777732,18,100,2025
18,663969,"Phillips, Tyler",6/7/2025,777611,18,100,2025
18,663485,"Sands, Cole",5/1/2025,778108,18,100,2025
18,620454,"Castillo, José",5/23/2025,777808,18,100,2025
18,686993,"Sterner, Justin",4/25/2025,778178,18,100,2025
18,592094,"Adam, Jason",4/9/2025,778381,18,100,2025
18,687911,"King, Bryan",6/12/2025,777546,18,100,2025
18,608032,"Estévez, Carlos",6/3/2025,777660,18,100,2025
18,672578,"Hernández, Carlos",4/25/2025,778182,18,100,2025
18,676428,"Hurter, Brant",6/22/2025,777409,18,100,2025
18,573124,"Rogers, Taylor",6/29/2025,777312,18,100,2025
18,669060,"Wilson, Bryse",4/18/2025,778275,18,100,2025
18,676092,"Snider, Collin",5/19/2025,777857,18,100,2025
18,662253,"Muñoz, Andrés",6/8/2025,777589,18,100,2025
18,656986,"Sousa, Bennett",6/7/2025,777608,18,100,2025
18,676534,"Faucher, Calvin",5/31/2025,777705,18,100,2025
18,677952,"Ashcraft, Braxton",6/14/2025,777513,18,100,2025
18,672282,"Detmers, Reid",5/22/2025,777812,18,100,2025
18,518489,"Brasier, Ryan",6/29/2025,777308,18,100,2025
18,623352,"Hader, Josh",6/12/2025,777546,18,100,2025
18,663574,"Santillan, Tony",6/14/2025,777517,18,100,2025
18,600917,"Leclerc, José",4/4/2025,778456,18,100,2025
18,685126,"Eisert, Brandon",5/24/2025,777792,18,100,2025
18,656730,"Megill, Trevor",4/2/2025,778477,18,100,2025
18,670059,"Holderman, Colin",4/2/2025,778479,18,100,2025
18,657514,"Bernardino, Brennan",5/24/2025,777790,18,100,2025
18,518585,"Cruz, Fernando",5/14/2025,777915,18,100,2025
18,695445,"Lee, Chase",5/2/2025,778085,18,100,2025
18,681911,"Vesia, Alex",4/6/2025,778434,18,100,2025
18,687330,"Kelly, Kevin",4/9/2025,778399,18,100,2025
18,445276,"Jansen, Kenley",7/1/2025,777298,18,100,2025
18,668941,"Romero, JoJo",5/4/2025,778053,18,100,2025
18,543056,"Coulombe, Danny",5/2/2025,778089,18,100,2025
18,676092,"Snider, Collin",5/29/2025,777722,18,100,2025
18,687863,"Hodge, Porter",3/29/2025,778532,18,100,2025
18,642701,"Santana, Dennis",6/11/2025,777552,18,100,2025
18,641329,"Baker, Bryan",4/29/2025,778133,18,100,2025
18,518585,"Cruz, Fernando",5/10/2025,777972,18,100,2025
18,660896,"Alcala, Jorge",4/14/2025,778324,18,100,2025
18,676254,"Walker, Ryan",5/14/2025,777916,18,100,2025
18,663947,"Holton, Tyler",4/12/2025,778348,18,100,2025
18,621242,"Díaz, Edwin",6/12/2025,777544,18,100,2025
18,676254,"Walker, Ryan",4/13/2025,778339,18,100,2025
18,682254,"Montgomery, Mason",4/13/2025,778340,18,100,2025
18,686654,"Adcock, Ty",5/1/2025,778103,18,100,2025
18,695243,"Miller, Mason",4/25/2025,778178,18,100,2025
18,696270,"Johnson, Ryan",5/2/2025,778085,18,100,2025
18,668933,"Ashcraft, Graham",5/4/2025,778058,18,100,2025
18,680880,"Holman, Grant",5/13/2025,777937,18,100,2025
18,657044,"Thompson, Ryan",3/30/2025,778515,18,100,2025
18,547973,"Chapman, Aroldis",5/7/2025,778018,18,100,2025
18,682842,"Uribe, Abner",4/30/2025,778111,18,100,2025
18,489446,"Yates, Kirby",4/4/2025,778459,18,100,2025
18,621199,"Bowman, Matt",5/7/2025,778011,18,100,2025
18,552640,"Kittredge, Andrew",6/24/2025,777380,18,100,2025
18,702352,"Bivens, Spencer",3/31/2025,778505,18,100,2025
18,662253,"Muñoz, Andrés",4/4/2025,778444,18,100,2025
18,676684,"Vest, Will",5/20/2025,777840,18,100,2025
18,656464,"Ginkel, Kevin",5/8/2025,777999,18,100,2025
18,656546,"Hoffman, Jeff",5/9/2025,777984,18,100,2025
18,660844,"Rivas, Leo",5/11/2025,777958,18,100,2025
18,656234,"Bird, Jake",5/23/2025,777802,18,100,2025
18,666374,"Brash, Matt",5/10/2025,777970,18,100,2025
18,683232,"Mears, Nick",5/23/2025,777806,18,100,2025
18,656546,"Hoffman, Jeff",6/7/2025,777600,18,100,2025
18,664076,"Cleavinger, Garrett",4/2/2025,778479,18,100,2025
18,678692,"Henriquez, Ronny",5/7/2025,778017,18,100,2025
18,641329,"Baker, Bryan",5/14/2025,777924,18,100,2025
18,668390,"Winn, Cole",6/13/2025,777524,18,100,2025
18,669062,"Miller, Erik",4/29/2025,778126,18,100,2025
18,656546,"Hoffman, Jeff",6/25/2025,777368,18,100,2025
18,519151,"Pressly, Ryan",4/27/2025,778158,18,100,2025
18,518585,"Cruz, Fernando",6/4/2025,777653,18,100,2025
18,664139,"Gibaut, Ian",6/24/2025,777385,18,100,2025
18,668390,"Winn, Cole",6/27/2025,777340,18,100,2025
18,670280,"Bednar, David",6/28/2025,777325,18,100,2025
18,676534,"Faucher, Calvin",6/25/2025,777355,18,100,2025
18,680689,"Richardson, Lyon",6/28/2025,777328,18,100,2025
18,679885,"Martinez, Justin",4/13/2025,778332,18,100,2025
18,683232,"Mears, Nick",6/27/2025,777339,18,100,2025
18,676534,"Faucher, Calvin",6/24/2025,777364,18,100,2025
18,685126,"Eisert, Brandon",6/1/2025,777684,18,100,2025
18,664126,"Fairbanks, Pete",6/4/2025,777646,18,100,2025
18,680755,"Fisher, Braydon",6/3/2025,777665,18,100,2025
18,668820,"Kranick, Max",6/2/2025,777675,18,100,2025
18,673929,"Leasure, Jordan",6/4/2025,777639,18,100,2025
18,669371,"Henry, Cole",5/29/2025,777722,18,100,2025
18,695418,"Lord, Brad",6/4/2025,777650,18,100,2025
18,672391,"Ort, Kaleb",6/5/2025,777630,18,100,2025
18,623211,"Brazobán, Huascar",4/22/2025,778223,18,100,2025
18,678226,"Hernández, Daysbel",5/22/2025,777820,18,100,2025
18,458677,"Wilson, Justin",5/27/2025,777747,18,100,2025
18,676684,"Vest, Will",4/4/2025,778458,18,100,2025
18,681911,"Vesia, Alex",3/27/2025,778546,18,100,2025
18,695243,"Miller, Mason",6/20/2025,777429,18,100,2025
18,605177,"Chafin, Andrew",6/3/2025,777659,18,100,2025
18,621363,"Poche, Colin",4/8/2025,778409,18,100,2025
18,663947,"Holton, Tyler",6/4/2025,777639,18,100,2025
18,656234,"Bird, Jake",6/29/2025,777301,18,100,2025
18,664208,"Maton, Phil",4/26/2025,778164,18,100,2025
18,672841,"Vargas, Carlos",5/18/2025,777868,18,100,2025
18,518489,"Brasier, Ryan",6/20/2025,777436,18,100,2025
18,694350,"Brzykcy, Zach",6/19/2025,777445,18,100,2025
18,680767,"Vodnik, Victor",6/29/2025,777301,18,100,2025
18,640451,"Harvey, Hunter",3/30/2025,778510,18,100,2025
18,595014,"Treinen, Blake",4/9/2025,778392,18,100,2025
18,621345,"Minter, A.J.",4/6/2025,778435,18,100,2025
18,607259,"Martinez, Nick",6/21/2025,777415,18,100,2025
18,593974,"Peralta, Wandy",6/11/2025,777543,18,100,2025
18,642152,"Trivino, Lou",6/22/2025,777398,18,100,2025
18,686973,"Varland, Louis",4/18/2025,778284,18,100,2025
18,642100,"Speier, Gabe",6/22/2025,777403,18,100,2025
18,521230,"Hendriks, Liam",5/25/2025,777785,18,100,2025
18,641329,"Baker, Bryan",4/30/2025,778115,18,100,2025
18,682842,"Uribe, Abner",5/28/2025,777736,18,100,2025
18,592836,"Walker, Taijuan",6/21/2025,777423,18,100,2025
18,554340,"García, Yimi",4/16/2025,778297,18,100,2025
18,607481,"Bummer, Aaron",4/18/2025,778284,18,100,2025
18,681911,"Vesia, Alex",4/30/2025,778109,18,100,2025
18,614179,"Ruiz, José",4/18/2025,778274,18,100,2025
18,596133,"Weaver, Luke",5/7/2025,778019,18,100,2025
18,621381,"Strahm, Matt",5/8/2025,778005,18,100,2025
18,664208,"Maton, Phil",5/31/2025,777697,18,100,2025
18,547973,"Chapman, Aroldis",4/2/2025,778483,18,100,2025
18,606160,"Montero, Rafael",5/6/2025,778034,18,100,2025
18,669724,"Hanifee, Brenan",3/31/2025,778496,18,100,2025
18,642152,"Trivino, Lou",5/21/2025,777824,18,100,2025
18,682171,"Murfee, Penn",4/15/2025,778309,18,100,2025
18,674944,"Guenther, Sean",5/8/2025,778004,18,100,2025
18,675540,"Curry, Xzavion",3/30/2025,778519,18,100,2025
18,702352,"Bivens, Spencer",5/30/2025,777717,18,100,2025
18,621381,"Strahm, Matt",6/16/2025,777483,18,100,2025
18,593974,"Peralta, Wandy",5/20/2025,777845,18,100,2025
18,621053,"Ferguson, Tyler",5/30/2025,777716,18,100,2025
18,678226,"Hernández, Daysbel",4/16/2025,778297,18,100,2025
18,573204,"Thielbar, Caleb",5/21/2025,777833,18,100,2025
18,458677,"Wilson, Justin",6/14/2025,777516,18,100,2025
18,666808,"Doval, Camilo",5/7/2025,778020,18,100,2025
18,681517,"Leahy, Kyle",4/18/2025,778270,18,100,2025
18,687863,"Hodge, Porter",5/17/2025,777881,18,100,2025
18,605130,"Barlow, Scott",6/15/2025,777505,18,100,2025
18,642528,"Loáisiga, Jonathan",6/24/2025,777385,18,100,2025
18,641755,"Kinley, Tyler",4/22/2025,778215,18,100,2025
18,641329,"Baker, Bryan",5/21/2025,777826,18,100,2025
18,666808,"Doval, Camilo",5/30/2025,777717,18,100,2025
18,662253,"Muñoz, Andrés",5/7/2025,778010,18,100,2025
18,518397,"Alexander, Scott",4/15/2025,778302,18,100,2025
18,668390,"Winn, Cole",6/19/2025,777443,18,100,2025
18,606160,"Montero, Rafael",5/20/2025,777841,18,100,2025
18,642100,"Speier, Gabe",5/17/2025,777875,18,100,2025
18,662253,"Muñoz, Andrés",4/24/2025,778196,18,100,2025
18,642207,"Williams, Devin",6/16/2025,777487,18,100,2025
18,671922,"Smith, Cade",6/18/2025,777454,18,100,2025
18,685107,"Veneziano, Anthony",3/28/2025,778548,18,100,2025
18,650893,"Cabrera, Génesis",6/17/2025,777482,18,100,2025
18,621383,"Banks, Tanner",6/17/2025,777481,18,100,2025
18,663767,"Shugart, Chase",5/25/2025,777776,18,100,2025
18,672841,"Vargas, Carlos",4/17/2025,778285,18,100,2025
18,621242,"Díaz, Edwin",4/17/2025,778278,18,100,2025
18,670036,"Festa, Matt",5/7/2025,778022,18,100,2025
18,678226,"Hernández, Daysbel",5/2/2025,778092,18,100,2025
18,678692,"Henriquez, Ronny",4/8/2025,778407,18,100,2025
18,605130,"Barlow, Scott",6/8/2025,777602,18,100,2025
18,678020,"Halvorsen, Seth",6/8/2025,777583,18,100,2025
18,621051,"Wilson, Steven",7/1/2025,777280,18,100,2025
18,605130,"Barlow, Scott",4/1/2025,778498,18,100,2025
18,593576,"Neris, Héctor",3/27/2025,778545,18,100,2025
18,643377,"Jax, Griffin",6/7/2025,777600,18,100,2025
18,595897,"Burdi, Nick",6/2/2025,777670,18,100,2025
18,672578,"Hernández, Carlos",5/3/2025,778078,18,100,2025
18,663671,"Enright, Nic",5/31/2025,777703,18,100,2025
18,605452,"Ross, Joe",6/13/2025,777531,18,100,2025
17,572955,"Johnson, Pierce",5/29/2025,777735,17,100,2025
17,547184,"Kelly, Michael",7/1/2025,777286,17,100,2025
17,642701,"Santana, Dennis",6/25/2025,777361,17,100,2025
17,622786,"Tinoco, Jesus",5/13/2025,777936,17,100,2025
17,806188,"Gibson, Cade",6/8/2025,777592,17,100,2025
17,623352,"Hader, Josh",5/18/2025,777869,17,100,2025
17,680767,"Vodnik, Victor",6/4/2025,777652,17,100,2025
17,656464,"Ginkel, Kevin",6/27/2025,777332,17,100,2025
17,669093,"Estrada, Jeremiah",4/29/2025,778126,17,100,2025
17,679775,"Backhus, Kyle",6/13/2025,777521,17,100,2025
17,605452,"Ross, Joe",4/5/2025,778448,17,100,2025
17,656222,"Beeks, Jalen",4/13/2025,778332,17,100,2025
17,671131,"Rutledge, Jackson",6/28/2025,777315,17,100,2025
17,592155,"Booser, Cam",4/2/2025,778474,17,100,2025
17,696147,"Bachman, Sam",6/19/2025,777449,17,100,2025
17,621366,"Borucki, Ryan",4/5/2025,778449,17,100,2025
17,571948,"Milner, Hoby",6/4/2025,777646,17,100,2025
17,681911,"Vesia, Alex",7/2/2025,777267,17,100,2025
17,663485,"Sands, Cole",4/13/2025,778335,17,100,2025
17,660853,"De Los Santos, Enyel",5/14/2025,777929,17,100,2025
17,623437,"Topa, Justin",6/17/2025,777478,17,100,2025
17,621242,"Díaz, Edwin",6/1/2025,777686,17,100,2025
17,670059,"Holderman, Colin",3/30/2025,778519,17,100,2025
17,656240,"Blewett, Scott",4/26/2025,778162,17,100,2025
17,668674,"Erceg, Lucas",6/27/2025,777335,17,100,2025
17,676254,"Walker, Ryan",4/5/2025,778436,17,100,2025
17,681982,"Anderson, Grant",6/27/2025,777339,17,100,2025
17,623437,"Topa, Justin",5/26/2025,777762,17,100,2025
17,676395,"Garcia, Robert",5/28/2025,777724,17,100,2025
17,695445,"Lee, Chase",6/3/2025,777661,17,100,2025
17,641745,"Keller, Brad",4/6/2025,778430,17,100,2025
17,676684,"Vest, Will",4/9/2025,778387,17,100,2025
17,683769,"Gaddis, Hunter",4/4/2025,778447,17,100,2025
17,690382,"Darrell-Hicks, Michael",4/20/2025,778232,17,100,2025
17,571948,"Milner, Hoby",5/16/2025,777895,17,100,2025
17,666214,"Wentz, Joey",4/1/2025,778493,17,100,2025
17,694350,"Brzykcy, Zach",6/1/2025,777679,17,100,2025
17,666374,"Brash, Matt",6/13/2025,777520,17,100,2025
17,680767,"Vodnik, Victor",6/21/2025,777410,17,100,2025
17,663485,"Sands, Cole",6/17/2025,777478,17,100,2025
17,680742,"Bowlan, Jonathan",5/27/2025,777750,17,100,2025
17,641835,"Mayza, Tim",4/15/2025,778314,17,100,2025
17,657649,"Koenig, Jared",4/12/2025,778350,17,100,2025
17,472610,"García, Luis",5/27/2025,777753,17,100,2025
17,554340,"García, Yimi",3/29/2025,778536,17,100,2025
17,680880,"Holman, Grant",5/28/2025,777734,17,100,2025
17,669711,"Weissert, Greg",6/24/2025,777376,17,100,2025
17,678495,"Rodríguez, Randy",4/14/2025,778320,17,100,2025
17,643338,"Green, Chad",6/1/2025,777685,17,100,2025
17,621366,"Borucki, Ryan",4/15/2025,778314,17,100,2025
17,681892,"Funderburk, Kody",6/2/2025,777669,17,100,2025
17,673965,"Freeman, Caleb",6/4/2025,777639,17,100,2025
17,641302,"Alexander, Tyler",6/17/2025,777467,17,100,2025
17,542888,"Armstrong, Shawn",6/30/2025,777292,17,100,2025
17,445276,"Jansen, Kenley",5/12/2025,777947,17,100,2025
17,656546,"Hoffman, Jeff",5/10/2025,777970,17,100,2025
17,668674,"Erceg, Lucas",5/7/2025,778012,17,100,2025
17,622554,"Domínguez, Seranthony",6/22/2025,777406,17,100,2025
17,656271,"Burke, Brock",5/21/2025,777828,17,100,2025
17,670970,"Morejon, Adrian",3/31/2025,778499,17,100,2025
17,669674,"Long, Sam",6/21/2025,777413,17,100,2025
17,623437,"Topa, Justin",4/5/2025,778440,17,100,2025
17,676395,"Garcia, Robert",5/21/2025,777835,17,100,2025
17,657612,"Hill, Tim",5/21/2025,777835,17,100,2025
17,676661,"Lazar, Max",6/20/2025,777437,17,100,2025
17,657240,"Merryweather, Julian",3/19/2025,778564,17,100,2025
17,678495,"Rodríguez, Randy",3/29/2025,778540,17,100,2025
17,592454,"Kahnle, Tommy",5/18/2025,777871,17,100,2025
17,623167,"Flexen, Chris",6/10/2025,777571,17,100,2025
17,657571,"Ferguson, Caleb",3/27/2025,778562,17,100,2025
17,669724,"Hanifee, Brenan",4/6/2025,778433,17,100,2025
17,641745,"Keller, Brad",4/2/2025,778471,17,100,2025
17,608371,"Sims, Lucas",4/11/2025,778369,17,100,2025
17,657756,"Seabold, Connor",5/28/2025,777732,17,100,2025
17,518397,"Alexander, Scott",5/14/2025,777918,17,100,2025
17,571946,"Miller, Shelby",6/28/2025,777318,17,100,2025
17,606160,"Montero, Rafael",6/28/2025,777333,17,100,2025
17,593974,"Peralta, Wandy",4/16/2025,778288,17,100,2025
17,592779,"Stewart, Brock",5/16/2025,777898,17,100,2025
17,694363,"Shuster, Jared",5/15/2025,777912,17,100,2025
17,657044,"Thompson, Ryan",5/17/2025,777887,17,100,2025
17,687765,"Spence, Mitch",5/1/2025,778096,17,100,2025
17,641329,"Baker, Bryan",6/8/2025,777588,17,100,2025
17,683769,"Gaddis, Hunter",5/27/2025,777753,17,100,2025
17,656546,"Hoffman, Jeff",4/18/2025,778273,17,100,2025
17,672391,"Ort, Kaleb",6/8/2025,777591,17,100,2025
17,458677,"Wilson, Justin",4/26/2025,778169,17,100,2025
17,643410,"Leiter Jr., Mark",4/18/2025,778272,17,100,2025
17,622786,"Tinoco, Jesus",5/26/2025,777756,17,100,2025
17,571946,"Miller, Shelby",4/16/2025,778303,17,100,2025
17,683409,"Chivilli, Angel",5/11/2025,777955,17,100,2025
17,643377,"Jax, Griffin",4/6/2025,778419,17,100,2025
17,669276,"Lee, Dylan",5/18/2025,777876,17,100,2025
17,657240,"Merryweather, Julian",4/12/2025,778345,17,100,2025
17,642585,"Bautista, Félix",6/4/2025,777645,17,100,2025
17,656457,"Gilbert, Tyler",4/16/2025,778294,17,100,2025
17,663687,"Harris, Hogan",6/17/2025,777469,17,100,2025
17,664208,"Maton, Phil",6/24/2025,777373,17,100,2025
17,687911,"King, Bryan",4/30/2025,778110,17,100,2025
17,669276,"Lee, Dylan",6/27/2025,777342,17,100,2025
17,669211,"Akin, Keegan",4/8/2025,778396,17,100,2025
17,628317,"Maeda, Kenta",4/27/2025,778155,17,100,2025
17,664875,"Lawrence, Justin",4/4/2025,778461,17,100,2025
17,682171,"Murfee, Penn",4/21/2025,778238,17,100,2025
17,663542,"Hudson, Bryan",4/18/2025,778261,17,100,2025
17,692285,"Guerrero, Luis",6/14/2025,777516,17,100,2025
17,592454,"Kahnle, Tommy",5/28/2025,777738,17,100,2025
17,669711,"Weissert, Greg",5/19/2025,777856,17,100,2025
17,680704,"Sandlin, Nick",6/27/2025,777345,17,100,2025
17,664875,"Lawrence, Justin",4/22/2025,778211,17,100,2025
17,641656,"Hamilton, Ian",5/20/2025,777849,17,100,2025
17,571946,"Miller, Shelby",3/28/2025,778543,17,100,2025
17,682120,"Herrin, Tim",4/26/2025,778179,17,100,2025
17,642585,"Bautista, Félix",6/30/2025,777292,17,100,2025
17,605452,"Ross, Joe",4/9/2025,778393,17,100,2025
17,678024,"Vasil, Mike",6/29/2025,777311,17,100,2025
17,657612,"Hill, Tim",6/22/2025,777406,17,100,2025
17,547184,"Kelly, Michael",6/20/2025,777429,17,100,2025
17,643410,"Leiter Jr., Mark",4/30/2025,778115,17,100,2025
17,621242,"Díaz, Edwin",6/17/2025,777489,17,100,2025
17,663947,"Holton, Tyler",6/3/2025,777661,17,100,2025
17,663893,"Little, Brendon",6/20/2025,777435,17,100,2025
17,683232,"Mears, Nick",5/25/2025,777776,17,100,2025
17,694335,"Svanson, Matt",6/3/2025,777660,17,100,2025
17,673929,"Leasure, Jordan",5/31/2025,777699,17,100,2025
17,681892,"Funderburk, Kody",5/14/2025,777938,17,100,2025
17,641755,"Kinley, Tyler",4/20/2025,778266,17,100,2025
17,680880,"Holman, Grant",4/24/2025,778192,17,100,2025
17,608665,"Graveman, Kendall",5/17/2025,777887,17,100,2025
17,669084,"Hall, DL",6/22/2025,777401,17,100,2025
17,673380,"Núñez, Dedniel",6/22/2025,777405,17,100,2025
17,671305,"Otañez, Michel",5/16/2025,777891,17,100,2025
17,685801,"Bigge, Hunter",4/15/2025,778319,17,100,2025
17,657097,"Webb, Jacob",4/26/2025,778159,17,100,2025
17,642528,"Loáisiga, Jonathan",5/18/2025,777878,17,100,2025
17,571946,"Miller, Shelby",5/18/2025,777870,17,100,2025
17,683232,"Mears, Nick",4/15/2025,778310,17,100,2025
17,676130,"Buttó, José",4/27/2025,778153,17,100,2025
17,668984,"Legumina, Casey",4/26/2025,778154,17,100,2025
17,657585,"Garrett, Reed",5/30/2025,777718,17,100,2025
17,672841,"Vargas, Carlos",3/28/2025,778541,17,100,2025
17,685126,"Eisert, Brandon",6/29/2025,777311,17,100,2025
17,694350,"Brzykcy, Zach",6/11/2025,777555,17,100,2025
17,605182,"Clevinger, Mike",4/15/2025,778309,17,100,2025
17,678020,"Halvorsen, Seth",6/2/2025,777673,17,100,2025
17,666171,"Zeferjahn, Ryan",5/19/2025,777853,17,100,2025
17,669093,"Estrada, Jeremiah",4/25/2025,778172,17,100,2025
17,608371,"Sims, Lucas",4/19/2025,778247,17,100,2025
17,663158,"Suarez, Robert",4/20/2025,778237,17,100,2025
17,592779,"Stewart, Brock",5/30/2025,777713,17,100,2025
17,689225,"Brieske, Beau",5/8/2025,778029,17,100,2025
17,657097,"Webb, Jacob",5/28/2025,777724,17,100,2025
17,643377,"Jax, Griffin",5/7/2025,778011,17,100,2025
17,668674,"Erceg, Lucas",4/18/2025,778277,17,100,2025
17,543056,"Coulombe, Danny",5/7/2025,778011,17,100,2025
17,628452,"Iglesias, Raisel",4/10/2025,778384,17,100,2025
17,670955,"Uceta, Edwin",6/4/2025,777646,17,100,2025
17,672578,"Hernández, Carlos",5/4/2025,778059,17,100,2025
17,657097,"Webb, Jacob",4/6/2025,778420,17,100,2025
17,664875,"Lawrence, Justin",4/1/2025,778493,17,100,2025
17,695445,"Lee, Chase",6/20/2025,777431,17,100,2025
17,655889,"Rodríguez, Manuel",4/19/2025,778255,17,100,2025
17,519151,"Pressly, Ryan",4/6/2025,778430,17,100,2025
17,676254,"Walker, Ryan",3/31/2025,778505,17,100,2025
17,689147,"Kerkering, Orion",6/29/2025,777316,17,100,2025
17,695445,"Lee, Chase",6/22/2025,777409,17,100,2025
17,669711,"Weissert, Greg",4/4/2025,778463,17,100,2025
17,689690,"Jacob, Alek",5/9/2025,777993,17,100,2025
17,694335,"Svanson, Matt",5/26/2025,777771,17,100,2025
17,657585,"Garrett, Reed",6/1/2025,777686,17,100,2025
17,669276,"Lee, Dylan",5/27/2025,777748,17,100,2025
17,668390,"Winn, Cole",6/4/2025,777646,17,100,2025
17,623437,"Topa, Justin",3/27/2025,778551,17,100,2025
17,641745,"Keller, Brad",6/13/2025,777526,17,100,2025
17,641329,"Baker, Bryan",5/27/2025,777754,17,100,2025
17,676961,"Boushley, Caleb",6/14/2025,777508,17,100,2025
17,571927,"Matz, Steven",6/28/2025,777329,17,100,2025
17,641745,"Keller, Brad",5/21/2025,777833,17,100,2025
17,675848,"Mejia, Juan",6/24/2025,777379,17,100,2025
17,666661,"Morillo, Juan",6/24/2025,777383,17,100,2025
17,628452,"Iglesias, Raisel",6/23/2025,777389,17,100,2025
17,661395,"Duran, Jhoan",6/24/2025,777375,17,100,2025
17,685107,"Veneziano, Anthony",4/22/2025,778219,17,100,2025
17,673929,"Leasure, Jordan",6/8/2025,777590,17,100,2025
17,605154,"Brebbia, John",5/22/2025,777821,17,100,2025
17,668941,"Romero, JoJo",5/10/2025,777980,17,100,2025
17,684320,"Rodríguez, Yariel",5/7/2025,778009,17,100,2025
17,685801,"Bigge, Hunter",4/26/2025,778160,17,100,2025
17,657585,"Garrett, Reed",5/23/2025,777808,17,100,2025
17,695243,"Miller, Mason",3/29/2025,778521,17,100,2025
17,677955,"Hill, Jaden",4/22/2025,778215,17,100,2025
17,686973,"Varland, Louis",5/15/2025,777911,17,100,2025
17,682254,"Montgomery, Mason",5/23/2025,777810,17,100,2025
17,680767,"Vodnik, Victor",6/26/2025,777344,17,100,2025
17,670280,"Bednar, David",5/31/2025,777691,17,100,2025
17,643511,"Rogers, Tyler",4/1/2025,778489,17,100,2025
17,606160,"Montero, Rafael",4/23/2025,778214,17,100,2025
17,663574,"Santillan, Tony",5/13/2025,777945,17,100,2025
17,678495,"Rodríguez, Randy",5/6/2025,778027,17,100,2025
17,542888,"Armstrong, Shawn",5/13/2025,777934,17,100,2025
17,621381,"Strahm, Matt",6/29/2025,777316,17,100,2025
17,622554,"Domínguez, Seranthony",4/6/2025,778422,17,100,2025
17,681911,"Vesia, Alex",6/9/2025,777579,17,100,2025
17,641941,"Pagán, Emilio",5/10/2025,777979,17,100,2025
17,657044,"Thompson, Ryan",6/6/2025,777623,17,100,2025
17,673513,"Matsui, Yuki",6/8/2025,777586,17,100,2025
17,655889,"Rodríguez, Manuel",6/7/2025,777611,17,100,2025
17,656945,"Scott, Tanner",4/18/2025,778263,17,100,2025
17,547973,"Chapman, Aroldis",5/11/2025,777965,17,100,2025
17,672582,"Zerpa, Angel",5/21/2025,777819,17,100,2025
17,642701,"Santana, Dennis",4/23/2025,778202,17,100,2025
17,669674,"Long, Sam",6/29/2025,777304,17,100,2025
17,608718,"Suter, Brent",6/7/2025,777612,17,100,2025
17,663804,"Kowar, Jackson",6/6/2025,777614,17,100,2025
17,694335,"Svanson, Matt",6/30/2025,777299,17,100,2025
17,686973,"Varland, Louis",6/7/2025,777600,17,100,2025
17,641745,"Keller, Brad",5/23/2025,777811,17,100,2025
17,642585,"Bautista, Félix",6/13/2025,777539,17,100,2025
17,493603,"Ottavino, Adam",4/7/2025,778424,17,100,2025
17,592454,"Kahnle, Tommy",6/12/2025,777540,17,100,2025
17,667463,"King, John",6/12/2025,777532,17,100,2025
17,592773,"Stanek, Ryne",6/12/2025,777544,17,100,2025
17,621363,"Poche, Colin",4/4/2025,778457,17,100,2025
17,683769,"Gaddis, Hunter",5/6/2025,778026,17,100,2025
17,656730,"Megill, Trevor",4/4/2025,778453,17,100,2025
17,596133,"Weaver, Luke",7/1/2025,777283,17,100,2025
17,668674,"Erceg, Lucas",4/6/2025,778422,17,100,2025
17,681911,"Vesia, Alex",4/25/2025,778176,17,100,2025
17,570632,"Ureña, José",5/15/2025,777913,17,100,2025
17,689225,"Brieske, Beau",5/4/2025,778050,17,100,2025
17,592773,"Stanek, Ryne",5/13/2025,777943,17,100,2025
17,518585,"Cruz, Fernando",4/30/2025,778115,17,100,2025
17,676254,"Walker, Ryan",5/3/2025,778069,17,100,2025
17,676534,"Faucher, Calvin",5/6/2025,778035,17,100,2025
17,670970,"Morejon, Adrian",6/2/2025,777676,17,100,2025
17,657044,"Thompson, Ryan",5/14/2025,777916,17,100,2025
17,657571,"Ferguson, Caleb",5/12/2025,777950,17,100,2025
17,656730,"Megill, Trevor",4/12/2025,778350,17,100,2025
17,622786,"Tinoco, Jesus",4/13/2025,778337,17,100,2025
17,676428,"Hurter, Brant",4/13/2025,778335,17,100,2025
17,650556,"Abreu, Bryan",4/3/2025,778462,17,100,2025
17,685107,"Veneziano, Anthony",4/23/2025,778208,17,100,2025
17,640902,"Pereda, Jhonny",3/31/2025,778501,17,100,2025
17,681982,"Anderson, Grant",5/14/2025,777925,17,100,2025
17,685107,"Veneziano, Anthony",6/6/2025,777625,17,100,2025
17,669093,"Estrada, Jeremiah",6/11/2025,777543,17,100,2025
17,606160,"Montero, Rafael",5/8/2025,778003,17,100,2025
17,622554,"Domínguez, Seranthony",5/7/2025,778011,17,100,2025
17,621051,"Wilson, Steven",5/23/2025,777805,17,100,2025
17,660853,"De Los Santos, Enyel",5/7/2025,778023,17,100,2025
17,663574,"Santillan, Tony",4/2/2025,778480,17,100,2025
17,657649,"Koenig, Jared",5/23/2025,777806,17,100,2025
17,519008,"McFarland, T.J.",6/6/2025,777613,17,100,2025
17,669276,"Lee, Dylan",5/8/2025,778003,17,100,2025
17,656186,"Altavilla, Dan",6/27/2025,777338,17,100,2025
17,605154,"Brebbia, John",5/12/2025,777951,17,100,2025
17,641656,"Hamilton, Ian",5/14/2025,777915,17,100,2025
17,656730,"Megill, Trevor",5/14/2025,777925,17,100,2025
17,605130,"Barlow, Scott",6/17/2025,777478,17,100,2025
17,666214,"Wentz, Joey",5/1/2025,778100,17,100,2025
17,680742,"Bowlan, Jonathan",6/17/2025,777468,17,100,2025
17,656848,"Petersen, Michael",6/26/2025,777352,17,100,2025
17,656945,"Scott, Tanner",6/26/2025,777344,17,100,2025
17,668984,"Legumina, Casey",6/15/2025,777495,17,100,2025
17,675848,"Mejia, Juan",6/16/2025,777488,17,100,2025
17,664854,"Helsley, Ryan",6/24/2025,777373,17,100,2025
17,694037,"Palencia, Daniel",5/17/2025,777881,17,100,2025
17,672391,"Ort, Kaleb",6/27/2025,777336,17,100,2025
17,664854,"Helsley, Ryan",6/14/2025,777512,17,100,2025
17,621242,"Díaz, Edwin",5/17/2025,777888,17,100,2025
17,669211,"Akin, Keegan",5/27/2025,777754,17,100,2025
17,656186,"Altavilla, Dan",6/5/2025,777634,17,100,2025
17,641755,"Kinley, Tyler",5/18/2025,777870,17,100,2025
17,668933,"Ashcraft, Graham",6/3/2025,777668,17,100,2025
17,518397,"Alexander, Scott",4/20/2025,778235,17,100,2025
17,656641,"Latz, Jacob",5/1/2025,778096,17,100,2025
17,660853,"De Los Santos, Enyel",6/3/2025,777672,17,100,2025
17,643377,"Jax, Griffin",6/13/2025,777527,17,100,2025
17,621051,"Wilson, Steven",4/23/2025,778201,17,100,2025
17,686973,"Varland, Louis",6/25/2025,777363,17,100,2025
17,657024,"Swanson, Erik",6/3/2025,777665,17,100,2025
17,519151,"Pressly, Ryan",5/26/2025,777757,17,100,2025
17,663485,"Sands, Cole",6/8/2025,777585,17,100,2025
17,543056,"Coulombe, Danny",4/18/2025,778284,17,100,2025
17,656234,"Bird, Jake",6/1/2025,777686,17,100,2025
17,684320,"Rodríguez, Yariel",5/16/2025,777906,17,100,2025
17,667463,"King, John",5/26/2025,777771,17,100,2025
17,676254,"Walker, Ryan",5/25/2025,777778,17,100,2025
17,685126,"Eisert, Brandon",5/26/2025,777758,17,100,2025
17,689254,"Fluharty, Mason",5/29/2025,777727,17,100,2025
17,592426,"Jackson, Luke",3/30/2025,778516,17,100,2025
17,676254,"Walker, Ryan",4/26/2025,778159,17,100,2025
17,682254,"Montgomery, Mason",4/17/2025,778282,17,100,2025
17,674444,"Cruz, Steven",6/29/2025,777304,17,100,2025
17,657649,"Koenig, Jared",6/2/2025,777671,17,100,2025
17,670970,"Morejon, Adrian",7/2/2025,777273,17,100,2025
17,673380,"Núñez, Dedniel",6/29/2025,777313,17,100,2025
17,592773,"Stanek, Ryne",7/2/2025,777276,17,100,2025
17,669093,"Estrada, Jeremiah",6/19/2025,777442,17,100,2025
17,489446,"Yates, Kirby",5/3/2025,778076,17,100,2025
17,445276,"Jansen, Kenley",6/20/2025,777428,17,100,2025
17,660825,"Bazardo, Eduard",4/9/2025,778383,17,100,2025
17,607455,"Banda, Anthony",4/16/2025,778287,17,100,2025
17,573204,"Thielbar, Caleb",6/3/2025,777659,17,100,2025
17,592779,"Stewart, Brock",4/29/2025,778129,17,100,2025
17,673820,"Piña, Robinson",6/20/2025,777439,17,100,2025
17,608032,"Estévez, Carlos",4/29/2025,778128,17,100,2025
17,519141,"Pomeranz, Drew",5/25/2025,777779,17,100,2025
17,663158,"Suarez, Robert",4/30/2025,778105,17,100,2025
17,682842,"Uribe, Abner",4/8/2025,778394,17,100,2025
17,608717,"Stratton, Chris",4/18/2025,778277,17,100,2025
17,689254,"Fluharty, Mason",4/29/2025,778127,17,100,2025
17,592779,"Stewart, Brock",5/7/2025,778011,17,100,2025
17,641656,"Hamilton, Ian",5/7/2025,778019,17,100,2025
17,656240,"Blewett, Scott",5/10/2025,777985,17,100,2025
17,669276,"Lee, Dylan",4/1/2025,778487,17,100,2025
17,674444,"Cruz, Steven",4/15/2025,778312,17,100,2025
17,676092,"Snider, Collin",5/9/2025,777984,17,100,2025
17,676263,"Dreyer, Jack",5/11/2025,777954,17,100,2025
17,650556,"Abreu, Bryan",5/18/2025,777869,17,100,2025
17,676428,"Hurter, Brant",3/29/2025,778533,17,100,2025
17,666374,"Brash, Matt",5/29/2025,777722,17,100,2025
17,641401,"Brogdon, Connor",6/3/2025,777667,17,100,2025
17,642121,"Sulser, Cole",6/14/2025,777518,17,100,2025
17,663485,"Sands, Cole",4/23/2025,778201,17,100,2025
17,685126,"Eisert, Brandon",5/28/2025,777737,17,100,2025
17,643338,"Green, Chad",5/3/2025,778064,17,100,2025
17,684320,"Rodríguez, Yariel",4/22/2025,778217,17,100,2025
17,592454,"Kahnle, Tommy",4/26/2025,778180,17,100,2025
17,681869,"Dubin, Shawn",6/20/2025,777428,17,100,2025
17,623437,"Topa, Justin",6/19/2025,777452,17,100,2025
17,669622,"Bender, Anthony",4/28/2025,778132,17,100,2025
17,573204,"Thielbar, Caleb",5/19/2025,777863,17,100,2025
17,656186,"Altavilla, Dan",6/13/2025,777524,17,100,2025
17,623352,"Hader, Josh",5/24/2025,777787,17,100,2025
17,642239,"Zastryzny, Rob",5/21/2025,777826,17,100,2025
17,554340,"García, Yimi",5/18/2025,777871,17,100,2025
17,656240,"Blewett, Scott",7/1/2025,777282,17,100,2025
17,683232,"Mears, Nick",5/19/2025,777860,17,100,2025
17,519151,"Pressly, Ryan",5/27/2025,777751,17,100,2025
17,820862,"Fermin, José",7/1/2025,777298,17,100,2025
17,689690,"Jacob, Alek",4/25/2025,778172,17,100,2025
17,656641,"Latz, Jacob",4/27/2025,778151,17,100,2025
17,676534,"Faucher, Calvin",6/7/2025,777611,17,100,2025
17,669199,"Bachar, Lake",5/17/2025,777889,17,100,2025
17,695445,"Lee, Chase",6/7/2025,777609,17,100,2025
17,676477,"Whitlock, Garrett",6/13/2025,777537,17,100,2025
17,642585,"Bautista, Félix",6/20/2025,777438,17,100,2025
17,666374,"Brash, Matt",5/6/2025,778024,17,100,2025
17,623474,"Herget, Jimmy",3/29/2025,778537,17,100,2025
17,669211,"Akin, Keegan",4/28/2025,778140,17,100,2025
17,573124,"Rogers, Taylor",5/8/2025,778003,17,100,2025
17,682610,"Muñoz, Roddery",6/23/2025,777392,17,100,2025
17,695243,"Miller, Mason",4/19/2025,778253,17,100,2025
17,693313,"Seymour, Carson",6/29/2025,777311,17,100,2025
17,608718,"Suter, Brent",6/24/2025,777385,17,100,2025
17,622786,"Tinoco, Jesus",4/12/2025,778354,17,100,2025
17,685126,"Eisert, Brandon",6/6/2025,777618,17,100,2025
17,445276,"Jansen, Kenley",6/29/2025,777305,17,100,2025
17,643377,"Jax, Griffin",4/13/2025,778335,17,100,2025
17,663158,"Suarez, Robert",4/6/2025,778430,17,100,2025
17,623149,"Sewald, Paul",3/29/2025,778529,17,100,2025
17,676534,"Faucher, Calvin",6/8/2025,777592,17,100,2025
17,806188,"Gibson, Cade",6/7/2025,777611,17,100,2025
17,678226,"Hernández, Daysbel",5/12/2025,777959,17,100,2025
17,683769,"Gaddis, Hunter",6/7/2025,777608,17,100,2025
17,472610,"García, Luis",5/18/2025,777866,17,100,2025
17,664126,"Fairbanks, Pete",4/26/2025,778160,17,100,2025
17,695445,"Lee, Chase",6/13/2025,777538,17,100,2025
17,655889,"Rodríguez, Manuel",4/29/2025,778128,17,100,2025
17,669020,"Rolison, Ryan",5/28/2025,777731,17,100,2025
17,445276,"Jansen, Kenley",4/12/2025,778351,17,100,2025
17,664139,"Gibaut, Ian",4/12/2025,778357,17,100,2025
17,664126,"Fairbanks, Pete",4/11/2025,778367,17,100,2025
17,642397,"Soto, Gregory",6/28/2025,777330,17,100,2025
17,455119,"Martin, Chris",4/25/2025,778171,17,100,2025
17,605130,"Barlow, Scott",5/2/2025,778087,17,100,2025
17,623149,"Sewald, Paul",4/9/2025,778391,17,100,2025
17,663767,"Shugart, Chase",5/5/2025,778036,17,100,2025
17,455119,"Martin, Chris",4/30/2025,778106,17,100,2025
17,663574,"Santillan, Tony",5/23/2025,777811,17,100,2025
17,592773,"Stanek, Ryne",3/28/2025,778518,17,100,2025
17,657044,"Thompson, Ryan",5/28/2025,777729,17,100,2025
17,666808,"Doval, Camilo",6/8/2025,777587,17,100,2025
17,666171,"Zeferjahn, Ryan",4/17/2025,778281,17,100,2025
17,607455,"Banda, Anthony",7/1/2025,777280,17,100,2025
17,628452,"Iglesias, Raisel",5/23/2025,777813,17,100,2025
17,676617,"O'Brien, Riley",6/13/2025,777525,17,100,2025
17,573124,"Rogers, Taylor",5/15/2025,777912,17,100,2025
17,672841,"Vargas, Carlos",5/14/2025,777915,17,100,2025
17,669093,"Estrada, Jeremiah",4/6/2025,778430,17,100,2025
17,663158,"Suarez, Robert",6/8/2025,777586,17,100,2025
17,518585,"Cruz, Fernando",5/13/2025,777926,17,100,2025
17,681911,"Vesia, Alex",5/9/2025,777988,17,100,2025
17,686826,"Jarvis, Bryce",3/29/2025,778532,17,100,2025
17,663878,"Pearson, Nate",3/19/2025,778564,17,100,2025
17,669093,"Estrada, Jeremiah",5/5/2025,778045,17,100,2025
16,656271,"Burke, Brock",5/18/2025,777866,16,100,2025
16,621242,"Díaz, Edwin",4/2/2025,778481,16,100,2025
16,592454,"Kahnle, Tommy",5/16/2025,777906,16,100,2025
16,676684,"Vest, Will",5/4/2025,778050,16,100,2025
16,571927,"Matz, Steven",4/8/2025,778408,16,100,2025
16,672582,"Zerpa, Angel",6/8/2025,777590,16,100,2025
16,666661,"Morillo, Juan",6/6/2025,777623,16,100,2025
16,660896,"Alcala, Jorge",4/8/2025,778400,16,100,2025
16,641745,"Keller, Brad",6/10/2025,777571,16,100,2025
16,641941,"Pagán, Emilio",6/29/2025,777312,16,100,2025
16,656945,"Scott, Tanner",6/9/2025,777579,16,100,2025
16,679358,"Orze, Eric",6/9/2025,777584,16,100,2025
16,663969,"Phillips, Tyler",4/27/2025,778136,16,100,2025
16,664854,"Helsley, Ryan",4/26/2025,778164,16,100,2025
16,664991,"Wolfram, Grant",4/26/2025,778180,16,100,2025
16,669199,"Bachar, Lake",4/28/2025,778132,16,100,2025
16,519141,"Pomeranz, Drew",6/11/2025,777553,16,100,2025
16,678692,"Henriquez, Ronny",4/25/2025,778175,16,100,2025
16,657585,"Garrett, Reed",5/5/2025,778039,16,100,2025
16,621383,"Banks, Tanner",6/6/2025,777621,16,100,2025
16,606160,"Montero, Rafael",7/2/2025,777279,16,100,2025
16,673513,"Matsui, Yuki",5/31/2025,777691,16,100,2025
16,518585,"Cruz, Fernando",6/8/2025,777593,16,100,2025
16,686973,"Varland, Louis",6/11/2025,777556,16,100,2025
16,680767,"Vodnik, Victor",6/10/2025,777563,16,100,2025
16,641755,"Kinley, Tyler",6/10/2025,777563,16,100,2025
16,680704,"Sandlin, Nick",6/29/2025,777310,16,100,2025
16,663158,"Suarez, Robert",7/2/2025,777273,16,100,2025
16,666171,"Zeferjahn, Ryan",7/2/2025,777279,16,100,2025
16,680767,"Vodnik, Victor",5/31/2025,777700,16,100,2025
16,596001,"Junis, Jakob",5/17/2025,777892,16,100,2025
16,605347,"López, Jorge",4/5/2025,778452,16,100,2025
16,664139,"Gibaut, Ian",6/13/2025,777538,16,100,2025
16,641745,"Keller, Brad",6/12/2025,777541,16,100,2025
16,571948,"Milner, Hoby",4/20/2025,778234,16,100,2025
16,607455,"Banda, Anthony",4/7/2025,778418,16,100,2025
16,682842,"Uribe, Abner",6/13/2025,777525,16,100,2025
16,668390,"Winn, Cole",6/12/2025,777533,16,100,2025
16,642239,"Zastryzny, Rob",6/14/2025,777512,16,100,2025
16,676282,"Cantillo, Joey",4/15/2025,778317,16,100,2025
16,641329,"Baker, Bryan",4/2/2025,778483,16,100,2025
16,663738,"Lynch IV, Daniel",4/2/2025,778477,16,100,2025
16,670059,"Holderman, Colin",4/5/2025,778449,16,100,2025
16,681676,"Fernandez, Ryan",4/4/2025,778463,16,100,2025
16,682120,"Herrin, Tim",4/2/2025,778476,16,100,2025
16,621381,"Strahm, Matt",4/4/2025,778459,16,100,2025
16,622554,"Domínguez, Seranthony",5/3/2025,778072,16,100,2025
16,657240,"Merryweather, Julian",5/3/2025,778071,16,100,2025
16,657649,"Koenig, Jared",5/5/2025,778042,16,100,2025
16,661395,"Duran, Jhoan",5/3/2025,778073,16,100,2025
16,664208,"Maton, Phil",5/5/2025,778036,16,100,2025
16,672335,"Pérez, Cionel",5/6/2025,778028,16,100,2025
16,669308,"Reynolds, Sean",5/22/2025,777816,16,100,2025
16,641745,"Keller, Brad",5/14/2025,777921,16,100,2025
16,542888,"Armstrong, Shawn",4/12/2025,778341,16,100,2025
16,621366,"Borucki, Ryan",4/30/2025,778112,16,100,2025
16,663542,"Hudson, Bryan",4/12/2025,778350,16,100,2025
16,667463,"King, John",5/14/2025,777933,16,100,2025
16,666619,"Santos, Gregory",4/12/2025,778341,16,100,2025
16,666808,"Doval, Camilo",4/14/2025,778320,16,100,2025
16,670036,"Festa, Matt",5/2/2025,778081,16,100,2025
16,670059,"Holderman, Colin",4/29/2025,778135,16,100,2025
16,670970,"Morejon, Adrian",4/14/2025,778315,16,100,2025
16,676092,"Snider, Collin",4/29/2025,778121,16,100,2025
16,455119,"Martin, Chris",3/30/2025,778516,16,100,2025
16,664199,"Clarke, Taylor",6/21/2025,777413,16,100,2025
16,606303,"Payamps, Joel",4/1/2025,778488,16,100,2025
16,622554,"Domínguez, Seranthony",3/31/2025,778512,16,100,2025
16,669371,"Henry, Cole",7/2/2025,777265,16,100,2025
16,656271,"Burke, Brock",3/30/2025,778527,16,100,2025
16,519151,"Pressly, Ryan",5/23/2025,777811,16,100,2025
16,668941,"Romero, JoJo",3/31/2025,778503,16,100,2025
16,689225,"Brieske, Beau",5/13/2025,777940,16,100,2025
16,642152,"Trivino, Lou",4/18/2025,778260,16,100,2025
16,669093,"Estrada, Jeremiah",6/7/2025,777597,16,100,2025
16,656945,"Scott, Tanner",4/11/2025,778356,16,100,2025
16,543056,"Coulombe, Danny",6/26/2025,777356,16,100,2025
16,684320,"Rodríguez, Yariel",4/27/2025,778170,16,100,2025
16,657044,"Thompson, Ryan",4/11/2025,778364,16,100,2025
16,621053,"Ferguson, Tyler",5/24/2025,777784,16,100,2025
16,621383,"Banks, Tanner",5/24/2025,777784,16,100,2025
16,663574,"Santillan, Tony",4/5/2025,778439,16,100,2025
16,663158,"Suarez, Robert",5/22/2025,777816,16,100,2025
16,664208,"Maton, Phil",5/11/2025,777962,16,100,2025
16,671305,"Otañez, Michel",5/21/2025,777828,16,100,2025
16,676661,"Lazar, Max",5/24/2025,777784,16,100,2025
16,572955,"Johnson, Pierce",5/13/2025,777942,16,100,2025
16,676477,"Whitlock, Garrett",5/9/2025,777990,16,100,2025
16,663432,"Rainey, Tanner",5/14/2025,777919,16,100,2025
16,666277,"Soriano, George",4/4/2025,778464,16,100,2025
16,607481,"Bummer, Aaron",6/15/2025,777504,16,100,2025
16,657649,"Koenig, Jared",6/24/2025,777374,16,100,2025
16,664126,"Fairbanks, Pete",6/25/2025,777359,16,100,2025
16,660853,"De Los Santos, Enyel",5/30/2025,777719,16,100,2025
16,666661,"Morillo, Juan",6/27/2025,777332,16,100,2025
16,642701,"Santana, Dennis",6/15/2025,777497,16,100,2025
16,458677,"Wilson, Justin",6/16/2025,777486,16,100,2025
16,664076,"Cleavinger, Garrett",6/3/2025,777662,16,100,2025
16,681916,"Smith, Dylan",6/25/2025,777371,16,100,2025
16,673929,"Leasure, Jordan",6/3/2025,777661,16,100,2025
16,664208,"Maton, Phil",6/5/2025,777635,16,100,2025
16,676477,"Whitlock, Garrett",6/4/2025,777649,16,100,2025
16,458677,"Wilson, Justin",6/4/2025,777649,16,100,2025
16,643511,"Rogers, Tyler",4/24/2025,778194,16,100,2025
16,663423,"Thornton, Trent",4/20/2025,778241,16,100,2025
16,656464,"Ginkel, Kevin",5/25/2025,777766,16,100,2025
16,663804,"Kowar, Jackson",5/28/2025,777730,16,100,2025
16,676534,"Faucher, Calvin",5/26/2025,777756,16,100,2025
16,621053,"Ferguson, Tyler",6/3/2025,777658,16,100,2025
16,689147,"Kerkering, Orion",4/3/2025,778467,16,100,2025
16,678606,"Ferrer, Jose A.",4/20/2025,778235,16,100,2025
16,660853,"De Los Santos, Enyel",6/19/2025,777455,16,100,2025
16,663767,"Shugart, Chase",5/21/2025,777834,16,100,2025
16,676755,"Mattson, Isaac",6/20/2025,777432,16,100,2025
16,672578,"Hernández, Carlos",4/10/2025,778384,16,100,2025
16,686580,"Slaten, Justin",5/28/2025,777736,16,100,2025
16,657612,"Hill, Tim",3/30/2025,778523,16,100,2025
16,642207,"Williams, Devin",6/19/2025,777449,16,100,2025
16,656222,"Beeks, Jalen",5/2/2025,778086,16,100,2025
16,608371,"Sims, Lucas",4/17/2025,778280,16,100,2025
16,547973,"Chapman, Aroldis",5/9/2025,777990,16,100,2025
16,641401,"Brogdon, Connor",5/25/2025,777767,16,100,2025
16,689254,"Fluharty, Mason",4/15/2025,778311,16,100,2025
16,621383,"Banks, Tanner",6/15/2025,777499,16,100,2025
16,656234,"Bird, Jake",6/17/2025,777480,16,100,2025
16,671922,"Smith, Cade",6/13/2025,777520,16,100,2025
16,669371,"Henry, Cole",4/16/2025,778293,16,100,2025
16,689254,"Fluharty, Mason",5/18/2025,777871,16,100,2025
16,682254,"Montgomery, Mason",4/1/2025,778493,16,100,2025
16,571946,"Miller, Shelby",4/23/2025,778199,16,100,2025
16,605447,"Romano, Jordan",4/22/2025,778223,16,100,2025
16,684320,"Rodríguez, Yariel",3/30/2025,778525,16,100,2025
16,684320,"Rodríguez, Yariel",5/20/2025,777845,16,100,2025
16,650556,"Abreu, Bryan",5/6/2025,778031,16,100,2025
16,688158,"Morgan, David",5/28/2025,777726,16,100,2025
16,695418,"Lord, Brad",3/30/2025,778526,16,100,2025
16,689254,"Fluharty, Mason",6/6/2025,777615,16,100,2025
16,657514,"Bernardino, Brennan",6/9/2025,777584,16,100,2025
16,593974,"Peralta, Wandy",4/26/2025,778160,16,100,2025
16,642397,"Soto, Gregory",4/19/2025,778262,16,100,2025
16,571948,"Milner, Hoby",5/22/2025,777818,16,100,2025
16,672391,"Ort, Kaleb",5/16/2025,777895,16,100,2025
16,666215,"Whitley, Forrest",6/22/2025,777409,16,100,2025
16,666171,"Zeferjahn, Ryan",6/23/2025,777381,16,100,2025
16,606303,"Payamps, Joel",5/21/2025,777826,16,100,2025
16,686701,"Bergert, Ryan",4/26/2025,778160,16,100,2025
16,695243,"Miller, Mason",4/28/2025,778143,16,100,2025
16,621242,"Díaz, Edwin",5/21/2025,777831,16,100,2025
16,605130,"Barlow, Scott",6/11/2025,777549,16,100,2025
16,670280,"Bednar, David",5/20/2025,777847,16,100,2025
16,623211,"Brazobán, Huascar",6/6/2025,777616,16,100,2025
16,669211,"Akin, Keegan",6/14/2025,777519,16,100,2025
16,605130,"Barlow, Scott",6/29/2025,777312,16,100,2025
16,445276,"Jansen, Kenley",5/19/2025,777853,16,100,2025
16,682825,"Mey, Luis",5/17/2025,777892,16,100,2025
16,543518,"McGough, Scott",5/28/2025,777729,16,100,2025
16,689147,"Kerkering, Orion",6/6/2025,777621,16,100,2025
16,554431,"Matzek, Tyler",4/27/2025,778156,16,100,2025
16,657585,"Garrett, Reed",4/26/2025,778173,16,100,2025
16,681911,"Vesia, Alex",4/27/2025,778145,16,100,2025
16,592454,"Kahnle, Tommy",6/22/2025,777409,16,100,2025
16,621366,"Borucki, Ryan",6/20/2025,777432,16,100,2025
16,663687,"Harris, Hogan",5/5/2025,778038,16,100,2025
16,702352,"Bivens, Spencer",6/22/2025,777395,16,100,2025
16,664351,"Contreras, Luis",3/28/2025,778518,16,100,2025
16,676092,"Snider, Collin",4/27/2025,778136,16,100,2025
16,593576,"Neris, Héctor",6/7/2025,777603,16,100,2025
16,641755,"Kinley, Tyler",4/19/2025,778247,16,100,2025
16,676206,"Tarnok, Freddy",6/17/2025,777481,16,100,2025
16,669308,"Reynolds, Sean",6/17/2025,777471,16,100,2025
16,678226,"Hernández, Daysbel",4/19/2025,778267,16,100,2025
16,547973,"Chapman, Aroldis",4/21/2025,778238,16,100,2025
16,672335,"Pérez, Cionel",5/10/2025,777973,16,100,2025
16,669199,"Bachar, Lake",5/16/2025,777903,16,100,2025
16,656730,"Megill, Trevor",6/19/2025,777450,16,100,2025
16,664076,"Cleavinger, Garrett",5/17/2025,777889,16,100,2025
16,666171,"Zeferjahn, Ryan",5/28/2025,777728,16,100,2025
16,669060,"Wilson, Bryse",3/29/2025,778534,16,100,2025
16,672582,"Zerpa, Angel",4/29/2025,778128,16,100,2025
16,592779,"Stewart, Brock",5/4/2025,778063,16,100,2025
16,656240,"Blewett, Scott",4/29/2025,778120,16,100,2025
16,681911,"Vesia, Alex",4/9/2025,778392,16,100,2025
16,669062,"Miller, Erik",6/22/2025,777395,16,100,2025
16,593974,"Peralta, Wandy",5/2/2025,778090,16,100,2025
16,667463,"King, John",6/20/2025,777433,16,100,2025
16,519151,"Pressly, Ryan",3/19/2025,778564,16,100,2025
16,642528,"Loáisiga, Jonathan",6/30/2025,777295,16,100,2025
16,669724,"Hanifee, Brenan",7/2/2025,777265,16,100,2025
16,660825,"Bazardo, Eduard",6/22/2025,777403,16,100,2025
16,622786,"Tinoco, Jesus",5/28/2025,777726,16,100,2025
16,678606,"Ferrer, Jose A.",5/29/2025,777722,16,100,2025
16,669622,"Bender, Anthony",4/19/2025,778252,16,100,2025
16,664854,"Helsley, Ryan",5/28/2025,777740,16,100,2025
16,667463,"King, John",4/19/2025,778256,16,100,2025
16,656222,"Beeks, Jalen",5/27/2025,777744,16,100,2025
16,657649,"Koenig, Jared",4/19/2025,778253,16,100,2025
16,608032,"Estévez, Carlos",5/28/2025,777733,16,100,2025
16,623167,"Flexen, Chris",6/15/2025,777497,16,100,2025
16,656629,"Kopech, Michael",6/17/2025,777471,16,100,2025
16,595014,"Treinen, Blake",3/18/2025,778563,16,100,2025
16,489446,"Yates, Kirby",6/15/2025,777498,16,100,2025
16,695243,"Miller, Mason",6/25/2025,777371,16,100,2025
16,672841,"Vargas, Carlos",6/24/2025,777375,16,100,2025
16,672578,"Hernández, Carlos",6/25/2025,777371,16,100,2025
16,670955,"Uceta, Edwin",4/2/2025,778479,16,100,2025
16,666808,"Doval, Camilo",4/24/2025,778194,16,100,2025
16,669622,"Bender, Anthony",4/5/2025,778451,16,100,2025
16,677161,"Kelly, Zack",6/17/2025,777473,16,100,2025
16,642100,"Speier, Gabe",6/28/2025,777322,16,100,2025
16,668674,"Erceg, Lucas",6/18/2025,777460,16,100,2025
16,663947,"Holton, Tyler",5/14/2025,777927,16,100,2025
16,685126,"Eisert, Brandon",5/9/2025,777991,16,100,2025
16,621366,"Borucki, Ryan",5/13/2025,777943,16,100,2025
16,606303,"Payamps, Joel",5/13/2025,777944,16,100,2025
16,669194,"Nelson, Ryne",5/10/2025,777975,16,100,2025
16,519326,"Strickland, Hunter",6/17/2025,777476,16,100,2025
16,669199,"Bachar, Lake",4/22/2025,778219,16,100,2025
16,686993,"Sterner, Justin",3/30/2025,778513,16,100,2025
16,669622,"Bender, Anthony",5/13/2025,777936,16,100,2025
16,608032,"Estévez, Carlos",5/9/2025,777990,16,100,2025
16,518397,"Alexander, Scott",5/7/2025,778013,16,100,2025
16,621363,"Poche, Colin",3/31/2025,778507,16,100,2025
16,671131,"Rutledge, Jackson",5/12/2025,777959,16,100,2025
16,664208,"Maton, Phil",4/11/2025,778365,16,100,2025
16,642100,"Speier, Gabe",5/10/2025,777970,16,100,2025
16,686993,"Sterner, Justin",5/3/2025,778075,16,100,2025
16,623474,"Herget, Jimmy",4/5/2025,778442,16,100,2025
16,680729,"McDaniels, Garrett",4/8/2025,778417,16,100,2025
16,669308,"Reynolds, Sean",5/11/2025,777955,16,100,2025
16,445276,"Jansen, Kenley",5/17/2025,777884,16,100,2025
16,681982,"Anderson, Grant",4/16/2025,778295,16,100,2025
16,691799,"Taylor, Grant",6/12/2025,777546,16,100,2025
16,672582,"Zerpa, Angel",4/27/2025,778152,16,100,2025
16,623352,"Hader, Josh",6/25/2025,777366,16,100,2025
16,621199,"Bowman, Matt",4/9/2025,778380,16,100,2025
16,622780,"Perdomo, Angel",4/9/2025,778381,16,100,2025
16,669622,"Bender, Anthony",5/4/2025,778061,16,100,2025
16,661395,"Duran, Jhoan",6/8/2025,777585,16,100,2025
16,676395,"Garcia, Robert",6/30/2025,777292,16,100,2025
16,676263,"Dreyer, Jack",6/11/2025,777543,16,100,2025
16,623437,"Topa, Justin",6/13/2025,777527,16,100,2025
16,662253,"Muñoz, Andrés",5/21/2025,777830,16,100,2025
16,676254,"Walker, Ryan",6/13/2025,777522,16,100,2025
16,623352,"Hader, Josh",5/16/2025,777895,16,100,2025
16,642239,"Zastryzny, Rob",6/8/2025,777586,16,100,2025
16,642100,"Speier, Gabe",7/2/2025,777262,16,100,2025
16,519141,"Pomeranz, Drew",6/14/2025,777513,16,100,2025
16,650556,"Abreu, Bryan",6/12/2025,777546,16,100,2025
16,672841,"Vargas, Carlos",6/20/2025,777436,16,100,2025
16,592094,"Adam, Jason",6/14/2025,777515,16,100,2025
16,605130,"Barlow, Scott",6/13/2025,777538,16,100,2025
16,605463,"Scott, Tayler",4/7/2025,778405,16,100,2025
16,595345,"Okert, Steven",4/5/2025,778440,16,100,2025
16,686993,"Sterner, Justin",6/1/2025,777685,16,100,2025
16,657649,"Koenig, Jared",4/9/2025,778379,16,100,2025
16,663423,"Thornton, Trent",4/4/2025,778444,16,100,2025
16,663738,"Lynch IV, Daniel",4/10/2025,778373,16,100,2025
16,664126,"Fairbanks, Pete",4/8/2025,778417,16,100,2025
16,669724,"Hanifee, Brenan",4/2/2025,778469,16,100,2025
16,671922,"Smith, Cade",4/4/2025,778447,16,100,2025
16,666171,"Zeferjahn, Ryan",4/6/2025,778425,16,100,2025
16,680767,"Vodnik, Victor",4/4/2025,778456,16,100,2025
16,686973,"Varland, Louis",4/5/2025,778440,16,100,2025
16,489446,"Yates, Kirby",5/5/2025,778047,16,100,2025
16,596133,"Weaver, Luke",5/5/2025,778045,16,100,2025
16,663432,"Rainey, Tanner",5/4/2025,778051,16,100,2025
16,606965,"Devenski, Chris",5/31/2025,777700,16,100,2025
16,655889,"Rodríguez, Manuel",5/13/2025,777935,16,100,2025
16,669211,"Akin, Keegan",5/4/2025,778062,16,100,2025
16,690829,"Joyce, Ben",4/8/2025,778417,16,100,2025
16,678226,"Hernández, Daysbel",5/4/2025,778060,16,100,2025
16,666974,"Cano, Yennier",7/2/2025,777268,16,100,2025
16,547973,"Chapman, Aroldis",4/12/2025,778349,16,100,2025
16,608717,"Stratton, Chris",5/1/2025,778097,16,100,2025
16,694037,"Palencia, Daniel",4/29/2025,778135,16,100,2025
16,678606,"Ferrer, Jose A.",4/25/2025,778183,16,100,2025
16,681799,"Roberts, Ethan",4/14/2025,778315,16,100,2025
16,685107,"Veneziano, Anthony",4/11/2025,778369,16,100,2025
16,543056,"Coulombe, Danny",3/29/2025,778528,16,100,2025
16,592454,"Kahnle, Tommy",4/1/2025,778486,16,100,2025
16,608032,"Estévez, Carlos",3/29/2025,778529,16,100,2025
16,668716,"Murdock, Noah",5/2/2025,778091,16,100,2025
16,670970,"Morejon, Adrian",4/29/2025,778126,16,100,2025
16,664139,"Gibaut, Ian",3/30/2025,778522,16,100,2025
16,674285,"Salazar, Eduardo",4/30/2025,778118,16,100,2025
16,669060,"Wilson, Bryse",3/30/2025,778527,16,100,2025
16,669060,"Wilson, Bryse",4/1/2025,778490,16,100,2025
16,676263,"Dreyer, Jack",3/31/2025,778500,16,100,2025
16,643410,"Leiter Jr., Mark",4/27/2025,778170,16,100,2025
16,519141,"Pomeranz, Drew",4/25/2025,778182,16,100,2025
16,684320,"Rodríguez, Yariel",4/1/2025,778491,16,100,2025
16,593576,"Neris, Héctor",6/13/2025,777539,16,100,2025
16,695445,"Lee, Chase",4/29/2025,778124,16,100,2025
16,621242,"Díaz, Edwin",5/24/2025,777789,16,100,2025
16,521230,"Hendriks, Liam",5/10/2025,777977,16,100,2025
16,622554,"Domínguez, Seranthony",5/21/2025,777826,16,100,2025
16,657571,"Ferguson, Caleb",5/24/2025,777794,16,100,2025
16,668834,"McGee, Easton",5/21/2025,777826,16,100,2025
16,669062,"Miller, Erik",5/23/2025,777801,16,100,2025
16,673929,"Leasure, Jordan",5/23/2025,777805,16,100,2025
16,643377,"Jax, Griffin",5/8/2025,778007,16,100,2025
16,669211,"Akin, Keegan",4/17/2025,778292,16,100,2025
16,519141,"Pomeranz, Drew",5/12/2025,777952,16,100,2025
16,660853,"De Los Santos, Enyel",5/11/2025,777967,16,100,2025
16,621051,"Wilson, Steven",5/20/2025,777846,16,100,2025
16,608032,"Estévez, Carlos",5/12/2025,777948,16,100,2025
16,641656,"Hamilton, Ian",5/12/2025,777941,16,100,2025
16,668933,"Ashcraft, Graham",5/13/2025,777945,16,100,2025
16,673380,"Núñez, Dedniel",5/12/2025,777950,16,100,2025
16,622554,"Domínguez, Seranthony",4/13/2025,778344,16,100,2025
16,680689,"Richardson, Lyon",5/14/2025,777928,16,100,2025
16,676701,"Trejo, Alan",5/8/2025,778029,16,100,2025
16,572955,"Johnson, Pierce",6/24/2025,777387,16,100,2025
16,628452,"Iglesias, Raisel",6/24/2025,777387,16,100,2025
16,642701,"Santana, Dennis",4/5/2025,778449,16,100,2025
16,643511,"Rogers, Tyler",6/28/2025,777327,16,100,2025
16,666808,"Doval, Camilo",6/27/2025,777338,16,100,2025
16,670970,"Morejon, Adrian",6/24/2025,777372,16,100,2025
16,676617,"O'Brien, Riley",6/26/2025,777348,16,100,2025
16,680689,"Richardson, Lyon",6/24/2025,777385,16,100,2025
16,676961,"Boushley, Caleb",6/11/2025,777556,16,100,2025
16,702795,"Loutos, Ryan",6/28/2025,777315,16,100,2025
16,643338,"Green, Chad",6/18/2025,777462,16,100,2025
16,592426,"Jackson, Luke",6/15/2025,777493,16,100,2025
16,641745,"Keller, Brad",6/17/2025,777482,16,100,2025
16,669674,"Long, Sam",6/24/2025,777378,16,100,2025
16,663947,"Holton, Tyler",4/4/2025,778458,16,100,2025
16,621242,"Díaz, Edwin",4/16/2025,778299,16,100,2025
16,663738,"Lynch IV, Daniel",4/14/2025,778327,16,100,2025
16,623352,"Hader, Josh",6/14/2025,777510,16,100,2025
16,672582,"Zerpa, Angel",6/3/2025,777660,16,100,2025
16,676254,"Walker, Ryan",6/24/2025,777364,16,100,2025
16,521230,"Hendriks, Liam",5/27/2025,777747,16,100,2025
16,543518,"McGough, Scott",5/26/2025,777761,16,100,2025
16,608032,"Estévez, Carlos",5/25/2025,777772,16,100,2025
16,605347,"López, Jorge",4/23/2025,778204,16,100,2025
16,641745,"Keller, Brad",5/27/2025,777751,16,100,2025
16,680704,"Sandlin, Nick",6/25/2025,777368,16,100,2025
16,621381,"Strahm, Matt",4/20/2025,778248,16,100,2025
16,643338,"Green, Chad",5/27/2025,777741,16,100,2025
16,655889,"Rodríguez, Manuel",4/24/2025,778188,16,100,2025
16,670955,"Uceta, Edwin",3/30/2025,778524,16,100,2025
16,657514,"Bernardino, Brennan",4/20/2025,778245,16,100,2025
16,676263,"Dreyer, Jack",5/25/2025,777773,16,100,2025
16,666214,"Wentz, Joey",4/20/2025,778242,16,100,2025
16,686747,"La Sorsa, Joe",6/11/2025,777549,16,100,2025
16,663546,"Hjelle, Sean",6/12/2025,777534,16,100,2025
16,670167,"Schreiber, John",4/22/2025,778215,16,100,2025
16,681911,"Vesia, Alex",5/17/2025,777884,16,100,2025
16,455119,"Martin, Chris",3/27/2025,778553,16,100,2025
16,673929,"Leasure, Jordan",3/27/2025,778554,16,100,2025
16,641302,"Alexander, Tyler",3/27/2025,778557,16,100,2025
16,676395,"Garcia, Robert",4/19/2025,778251,16,100,2025
16,669211,"Akin, Keegan",6/29/2025,777317,16,100,2025
16,683409,"Chivilli, Angel",7/2/2025,777269,16,100,2025
16,542888,"Armstrong, Shawn",6/4/2025,777646,16,100,2025
16,681799,"Roberts, Ethan",4/22/2025,778220,16,100,2025
16,682120,"Herrin, Tim",6/29/2025,777309,16,100,2025
16,681517,"Leahy, Kyle",7/2/2025,777272,16,100,2025
16,689147,"Kerkering, Orion",4/22/2025,778223,16,100,2025
16,673380,"Núñez, Dedniel",7/2/2025,777276,16,100,2025
16,641941,"Pagán, Emilio",7/2/2025,777277,16,100,2025
16,642701,"Santana, Dennis",7/2/2025,777272,16,100,2025
16,686993,"Sterner, Justin",7/1/2025,777286,16,100,2025
16,547973,"Chapman, Aroldis",6/1/2025,777692,16,100,2025
16,676395,"Garcia, Robert",4/2/2025,778480,16,100,2025
16,573124,"Rogers, Taylor",3/30/2025,778522,16,100,2025
16,675540,"Curry, Xzavion",4/8/2025,778407,16,100,2025
16,687863,"Hodge, Porter",4/6/2025,778430,16,100,2025
16,543056,"Coulombe, Danny",4/30/2025,778116,16,100,2025
16,670970,"Morejon, Adrian",6/6/2025,777617,16,100,2025
16,663947,"Holton, Tyler",6/1/2025,777677,16,100,2025
16,623352,"Hader, Josh",4/29/2025,778124,16,100,2025
16,608718,"Suter, Brent",3/31/2025,778511,16,100,2025
16,687330,"Kelly, Kevin",4/5/2025,778438,16,100,2025
16,519141,"Pomeranz, Drew",6/21/2025,777419,16,100,2025
16,681517,"Leahy, Kyle",6/1/2025,777678,16,100,2025
16,670970,"Morejon, Adrian",6/21/2025,777413,16,100,2025
16,680729,"McDaniels, Garrett",4/29/2025,778121,16,100,2025
16,642397,"Soto, Gregory",6/19/2025,777446,16,100,2025
16,592426,"Jackson, Luke",4/15/2025,778306,16,100,2025
16,592773,"Stanek, Ryne",5/4/2025,778068,16,100,2025
16,607481,"Bummer, Aaron",5/11/2025,777967,16,100,2025
16,643338,"Green, Chad",5/23/2025,777810,16,100,2025
16,642701,"Santana, Dennis",4/1/2025,778493,16,100,2025
16,686993,"Sterner, Justin",4/15/2025,778309,16,100,2025
16,518489,"Brasier, Ryan",6/10/2025,777571,16,100,2025
16,641329,"Baker, Bryan",3/27/2025,778556,16,100,2025
16,571946,"Miller, Shelby",6/19/2025,777448,16,100,2025
16,656945,"Scott, Tanner",6/27/2025,777335,16,100,2025
16,664199,"Clarke, Taylor",6/27/2025,777335,16,100,2025
16,643410,"Leiter Jr., Mark",6/3/2025,777664,16,100,2025
16,663855,"Hicks, Jordan",5/19/2025,777855,16,100,2025
16,668674,"Erceg, Lucas",5/9/2025,777990,16,100,2025
16,702795,"Loutos, Ryan",6/22/2025,777398,16,100,2025
16,690986,"Harrison, Kyle",5/20/2025,777836,16,100,2025
16,670280,"Bednar, David",5/10/2025,777985,16,100,2025
16,678368,"Bellozo, Valente",6/19/2025,777444,16,100,2025
16,671922,"Smith, Cade",5/7/2025,778022,16,100,2025
16,661395,"Duran, Jhoan",4/15/2025,778307,16,100,2025
16,621051,"Wilson, Steven",5/18/2025,777872,16,100,2025
16,676684,"Vest, Will",5/26/2025,777770,16,100,2025
16,621383,"Banks, Tanner",4/21/2025,778225,16,100,2025
16,685126,"Eisert, Brandon",5/20/2025,777846,16,100,2025
16,605347,"López, Jorge",5/18/2025,777873,16,100,2025
16,592773,"Stanek, Ryne",4/18/2025,778270,16,100,2025
16,445276,"Jansen, Kenley",4/18/2025,778260,16,100,2025
16,687911,"King, Bryan",4/18/2025,778269,16,100,2025
16,690544,"Horn, Bailey",4/22/2025,778221,16,100,2025
16,680689,"Richardson, Lyon",6/14/2025,777517,16,100,2025
16,676684,"Vest, Will",3/28/2025,778544,16,100,2025
16,657097,"Webb, Jacob",6/18/2025,777460,16,100,2025
16,641941,"Pagán, Emilio",5/16/2025,777902,16,100,2025
16,666808,"Doval, Camilo",6/6/2025,777619,16,100,2025
16,672782,"Gómez, Yoendrys",3/29/2025,778538,16,100,2025
16,682842,"Uribe, Abner",4/18/2025,778261,16,100,2025
16,571948,"Milner, Hoby",6/20/2025,777432,16,100,2025
16,672282,"Detmers, Reid",5/9/2025,777986,16,100,2025
16,656794,"Newcomb, Sean",4/27/2025,778157,16,100,2025
16,519151,"Pressly, Ryan",4/15/2025,778305,16,100,2025
16,657097,"Webb, Jacob",4/28/2025,778143,16,100,2025
16,472610,"García, Luis",4/25/2025,778176,16,100,2025
16,672391,"Ort, Kaleb",4/30/2025,778110,16,100,2025
16,676428,"Hurter, Brant",4/21/2025,778228,16,100,2025
16,686826,"Jarvis, Bryce",4/18/2025,778268,16,100,2025
16,660853,"De Los Santos, Enyel",5/9/2025,777998,16,100,2025
16,642207,"Williams, Devin",4/15/2025,778312,16,100,2025
16,663947,"Holton, Tyler",3/28/2025,778544,16,100,2025
16,607455,"Banda, Anthony",4/22/2025,778220,16,100,2025
16,455119,"Martin, Chris",4/17/2025,778281,16,100,2025
16,660825,"Bazardo, Eduard",6/9/2025,777577,16,100,2025
15,518585,"Cruz, Fernando",4/4/2025,778461,15,100,2025
15,669276,"Lee, Dylan",5/4/2025,778060,15,100,2025
15,682254,"Montgomery, Mason",6/13/2025,777528,15,100,2025
15,694037,"Palencia, Daniel",4/25/2025,778182,15,100,2025
15,680880,"Holman, Grant",4/26/2025,778165,15,100,2025
15,668820,"Kranick, Max",4/26/2025,778173,15,100,2025
15,657097,"Webb, Jacob",3/28/2025,778550,15,100,2025
15,643377,"Jax, Griffin",6/19/2025,777452,15,100,2025
15,674444,"Cruz, Steven",6/20/2025,777426,15,100,2025
15,676395,"Garcia, Robert",4/25/2025,778171,15,100,2025
15,689225,"Brieske, Beau",5/26/2025,777770,15,100,2025
15,681895,"Sisk, Evan",5/20/2025,777836,15,100,2025
15,687396,"Headrick, Brent",3/29/2025,778538,15,100,2025
15,628452,"Iglesias, Raisel",5/16/2025,777908,15,100,2025
15,666974,"Cano, Yennier",5/26/2025,777771,15,100,2025
15,685126,"Eisert, Brandon",5/10/2025,777978,15,100,2025
15,686826,"Jarvis, Bryce",4/15/2025,778318,15,100,2025
15,643410,"Leiter Jr., Mark",5/28/2025,777728,15,100,2025
15,641656,"Hamilton, Ian",4/29/2025,778133,15,100,2025
15,694037,"Palencia, Daniel",5/31/2025,777704,15,100,2025
15,641941,"Pagán, Emilio",6/23/2025,777390,15,100,2025
15,640462,"Puk, A.J.",4/1/2025,778492,15,100,2025
15,679358,"Orze, Eric",7/2/2025,777271,15,100,2025
15,650556,"Abreu, Bryan",4/7/2025,778405,15,100,2025
15,664076,"Cleavinger, Garrett",7/1/2025,777286,15,100,2025
15,694037,"Palencia, Daniel",4/23/2025,778205,15,100,2025
15,669093,"Estrada, Jeremiah",3/28/2025,778542,15,100,2025
15,686993,"Sterner, Justin",4/23/2025,778197,15,100,2025
15,664199,"Clarke, Taylor",6/3/2025,777660,15,100,2025
15,518585,"Cruz, Fernando",3/30/2025,778523,15,100,2025
15,552640,"Kittredge, Andrew",6/14/2025,777519,15,100,2025
15,702352,"Bivens, Spencer",6/3/2025,777656,15,100,2025
15,693312,"Nicolas, Kyle",4/12/2025,778357,15,100,2025
15,519151,"Pressly, Ryan",6/1/2025,777687,15,100,2025
15,641755,"Kinley, Tyler",6/4/2025,777652,15,100,2025
15,681006,"Simpson, Josh",6/25/2025,777355,15,100,2025
15,621383,"Banks, Tanner",6/4/2025,777651,15,100,2025
15,682842,"Uribe, Abner",6/24/2025,777374,15,100,2025
15,676395,"Garcia, Robert",6/27/2025,777340,15,100,2025
15,642016,"Robert, Daniel",6/28/2025,777333,15,100,2025
15,663897,"Williams, Luke",6/27/2025,777342,15,100,2025
15,664208,"Maton, Phil",5/14/2025,777933,15,100,2025
15,670167,"Schreiber, John",5/12/2025,777948,15,100,2025
15,643410,"Leiter Jr., Mark",5/12/2025,777941,15,100,2025
15,668820,"Kranick, Max",4/13/2025,778333,15,100,2025
15,679358,"Orze, Eric",5/9/2025,778002,15,100,2025
15,666374,"Brash, Matt",6/27/2025,777340,15,100,2025
15,641302,"Alexander, Tyler",6/25/2025,777370,15,100,2025
15,623168,"Heineman, Tyler",6/28/2025,777323,15,100,2025
15,672391,"Ort, Kaleb",5/10/2025,777979,15,100,2025
15,623211,"Brazobán, Huascar",5/23/2025,777808,15,100,2025
15,519141,"Pomeranz, Drew",6/26/2025,777348,15,100,2025
15,656271,"Burke, Brock",5/24/2025,777781,15,100,2025
15,678606,"Ferrer, Jose A.",5/12/2025,777959,15,100,2025
15,682825,"Mey, Luis",5/1/2025,778107,15,100,2025
15,666661,"Morillo, Juan",5/2/2025,778086,15,100,2025
15,656222,"Beeks, Jalen",4/30/2025,778117,15,100,2025
15,664076,"Cleavinger, Garrett",5/24/2025,777795,15,100,2025
15,650556,"Abreu, Bryan",5/3/2025,778066,15,100,2025
15,573124,"Rogers, Taylor",4/4/2025,778453,15,100,2025
15,672841,"Vargas, Carlos",4/6/2025,778427,15,100,2025
15,621199,"Bowman, Matt",4/5/2025,778441,15,100,2025
15,660787,"De los Santos, Yerry",5/23/2025,777802,15,100,2025
15,621242,"Díaz, Edwin",6/6/2025,777616,15,100,2025
15,687473,"Gusto, Ryan",4/8/2025,778398,15,100,2025
15,605182,"Clevinger, Mike",4/6/2025,778433,15,100,2025
15,573124,"Rogers, Taylor",4/20/2025,778250,15,100,2025
15,670167,"Schreiber, John",6/8/2025,777590,15,100,2025
15,518489,"Brasier, Ryan",6/13/2025,777526,15,100,2025
15,573204,"Thielbar, Caleb",4/25/2025,778182,15,100,2025
15,681517,"Leahy, Kyle",6/7/2025,777601,15,100,2025
15,669276,"Lee, Dylan",6/9/2025,777575,15,100,2025
15,606930,"Barnes, Jacob",4/8/2025,778404,15,100,2025
15,657571,"Ferguson, Caleb",5/31/2025,777691,15,100,2025
15,573204,"Thielbar, Caleb",6/7/2025,777609,15,100,2025
15,664747,"Díaz, Alexis",4/17/2025,778285,15,100,2025
15,670955,"Uceta, Edwin",5/21/2025,777832,15,100,2025
15,642152,"Trivino, Lou",7/2/2025,777267,15,100,2025
15,542888,"Armstrong, Shawn",4/8/2025,778401,15,100,2025
15,656629,"Kopech, Michael",6/14/2025,777506,15,100,2025
15,683232,"Mears, Nick",6/12/2025,777532,15,100,2025
15,593974,"Peralta, Wandy",6/13/2025,777521,15,100,2025
15,607481,"Bummer, Aaron",4/9/2025,778393,15,100,2025
15,642701,"Santana, Dennis",6/13/2025,777526,15,100,2025
15,681911,"Vesia, Alex",5/3/2025,778076,15,100,2025
15,606303,"Payamps, Joel",4/4/2025,778453,15,100,2025
15,660853,"De Los Santos, Enyel",4/2/2025,778472,15,100,2025
15,663969,"Phillips, Tyler",4/7/2025,778416,15,100,2025
15,669062,"Miller, Erik",4/7/2025,778410,15,100,2025
15,606160,"Montero, Rafael",6/8/2025,777587,15,100,2025
15,572955,"Johnson, Pierce",5/15/2025,777909,15,100,2025
15,643338,"Green, Chad",6/7/2025,777600,15,100,2025
15,621051,"Wilson, Steven",4/27/2025,778149,15,100,2025
15,592094,"Adam, Jason",5/12/2025,777947,15,100,2025
15,657612,"Hill, Tim",5/3/2025,778074,15,100,2025
15,664126,"Fairbanks, Pete",5/4/2025,778057,15,100,2025
15,664199,"Clarke, Taylor",5/4/2025,778062,15,100,2025
15,670280,"Bednar, David",5/6/2025,778030,15,100,2025
15,670280,"Bednar, David",4/25/2025,778176,15,100,2025
15,671922,"Smith, Cade",5/4/2025,778056,15,100,2025
15,673513,"Matsui, Yuki",5/5/2025,778045,15,100,2025
15,554340,"García, Yimi",4/13/2025,778344,15,100,2025
15,643410,"Leiter Jr., Mark",5/13/2025,777926,15,100,2025
15,573204,"Thielbar, Caleb",4/13/2025,778331,15,100,2025
15,656234,"Bird, Jake",4/30/2025,778102,15,100,2025
15,642207,"Williams, Devin",4/14/2025,778327,15,100,2025
15,641941,"Pagán, Emilio",4/25/2025,778181,15,100,2025
15,664351,"Contreras, Luis",4/11/2025,778368,15,100,2025
15,623465,"Phillips, Evan",5/5/2025,778047,15,100,2025
15,676534,"Faucher, Calvin",4/12/2025,778354,15,100,2025
15,572955,"Johnson, Pierce",6/7/2025,777598,15,100,2025
15,678020,"Halvorsen, Seth",4/30/2025,778102,15,100,2025
15,656945,"Scott, Tanner",6/11/2025,777543,15,100,2025
15,685801,"Bigge, Hunter",4/14/2025,778328,15,100,2025
15,695243,"Miller, Mason",4/12/2025,778346,15,100,2025
15,623465,"Phillips, Evan",4/26/2025,778163,15,100,2025
15,687863,"Hodge, Porter",3/19/2025,778564,15,100,2025
15,693312,"Nicolas, Kyle",4/29/2025,778135,15,100,2025
15,642152,"Trivino, Lou",5/23/2025,777808,15,100,2025
15,662253,"Muñoz, Andrés",3/30/2025,778513,15,100,2025
15,663423,"Thornton, Trent",3/30/2025,778513,15,100,2025
15,673513,"Matsui, Yuki",3/31/2025,778499,15,100,2025
15,608717,"Stratton, Chris",5/8/2025,778008,15,100,2025
15,621053,"Ferguson, Tyler",5/10/2025,777972,15,100,2025
15,458677,"Wilson, Justin",5/23/2025,777815,15,100,2025
15,592094,"Adam, Jason",6/28/2025,777328,15,100,2025
15,657612,"Hill, Tim",4/11/2025,778370,15,100,2025
15,642239,"Zastryzny, Rob",5/22/2025,777814,15,100,2025
15,661403,"Clase, Emmanuel",5/21/2025,777829,15,100,2025
15,657649,"Koenig, Jared",4/11/2025,778364,15,100,2025
15,664126,"Fairbanks, Pete",5/23/2025,777810,15,100,2025
15,664126,"Fairbanks, Pete",5/7/2025,778021,15,100,2025
15,642207,"Williams, Devin",6/27/2025,777337,15,100,2025
15,681911,"Vesia, Alex",5/23/2025,777808,15,100,2025
15,643511,"Rogers, Tyler",6/25/2025,777355,15,100,2025
15,663969,"Phillips, Tyler",6/9/2025,777574,15,100,2025
15,596133,"Weaver, Luke",5/14/2025,777915,15,100,2025
15,656234,"Bird, Jake",6/27/2025,777339,15,100,2025
15,667463,"King, John",4/12/2025,778347,15,100,2025
15,642100,"Speier, Gabe",5/13/2025,777926,15,100,2025
15,592094,"Adam, Jason",4/15/2025,778305,15,100,2025
15,695445,"Lee, Chase",5/11/2025,777969,15,100,2025
15,663158,"Suarez, Robert",6/24/2025,777372,15,100,2025
15,686580,"Slaten, Justin",5/13/2025,777940,15,100,2025
15,702352,"Bivens, Spencer",6/18/2025,777454,15,100,2025
15,687911,"King, Bryan",4/20/2025,778237,15,100,2025
15,670174,"Winckowski, Josh",4/14/2025,778328,15,100,2025
15,628452,"Iglesias, Raisel",6/28/2025,777333,15,100,2025
15,676534,"Faucher, Calvin",6/17/2025,777481,15,100,2025
15,642397,"Soto, Gregory",6/24/2025,777380,15,100,2025
15,662253,"Muñoz, Andrés",6/24/2025,777375,15,100,2025
15,519008,"McFarland, T.J.",6/15/2025,777496,15,100,2025
15,669371,"Henry, Cole",6/24/2025,777372,15,100,2025
15,592779,"Stewart, Brock",7/2/2025,777275,15,100,2025
15,676534,"Faucher, Calvin",6/27/2025,777332,15,100,2025
15,676130,"Buttó, José",4/2/2025,778481,15,100,2025
15,669711,"Weissert, Greg",5/25/2025,777785,15,100,2025
15,687330,"Kelly, Kevin",6/24/2025,777378,15,100,2025
15,676206,"Tarnok, Freddy",6/15/2025,777503,15,100,2025
15,650556,"Abreu, Bryan",6/5/2025,777630,15,100,2025
15,679775,"Backhus, Kyle",6/28/2025,777318,15,100,2025
15,689147,"Kerkering, Orion",6/1/2025,777688,15,100,2025
15,669371,"Henry, Cole",6/15/2025,777503,15,100,2025
15,571946,"Miller, Shelby",6/1/2025,777679,15,100,2025
15,621366,"Borucki, Ryan",4/22/2025,778211,15,100,2025
15,674285,"Salazar, Eduardo",6/1/2025,777679,15,100,2025
15,623474,"Herget, Jimmy",4/19/2025,778247,15,100,2025
15,592779,"Stewart, Brock",6/4/2025,777643,15,100,2025
15,650556,"Abreu, Bryan",4/19/2025,778259,15,100,2025
15,606160,"Montero, Rafael",5/31/2025,777706,15,100,2025
15,677952,"Ashcraft, Braxton",6/1/2025,777681,15,100,2025
15,666374,"Brash, Matt",6/4/2025,777645,15,100,2025
15,666661,"Morillo, Juan",4/22/2025,778212,15,100,2025
15,680704,"Sandlin, Nick",4/19/2025,778258,15,100,2025
15,592779,"Stewart, Brock",5/18/2025,777865,15,100,2025
15,669622,"Bender, Anthony",4/22/2025,778219,15,100,2025
15,682254,"Montgomery, Mason",5/28/2025,777732,15,100,2025
15,676477,"Whitlock, Garrett",4/19/2025,778264,15,100,2025
15,621242,"Díaz, Edwin",3/28/2025,778518,15,100,2025
15,621053,"Ferguson, Tyler",3/27/2025,778547,15,100,2025
15,623352,"Hader, Josh",6/3/2025,777663,15,100,2025
15,682254,"Montgomery, Mason",4/19/2025,778255,15,100,2025
15,689690,"Jacob, Alek",4/20/2025,778237,15,100,2025
15,607481,"Bummer, Aaron",3/29/2025,778520,15,100,2025
15,656222,"Beeks, Jalen",6/20/2025,777430,15,100,2025
15,678495,"Rodríguez, Randy",7/2/2025,777270,15,100,2025
15,623352,"Hader, Josh",6/22/2025,777397,15,100,2025
15,643511,"Rogers, Tyler",6/4/2025,777641,15,100,2025
15,667463,"King, John",6/19/2025,777458,15,100,2025
15,657571,"Ferguson, Caleb",4/6/2025,778428,15,100,2025
15,660730,"Rodriguez, Elvin",4/10/2025,778371,15,100,2025
15,666974,"Cano, Yennier",4/7/2025,778413,15,100,2025
15,592836,"Walker, Taijuan",6/5/2025,777637,15,100,2025
15,664854,"Helsley, Ryan",5/31/2025,777697,15,100,2025
15,606303,"Payamps, Joel",5/2/2025,778080,15,100,2025
15,650556,"Abreu, Bryan",4/29/2025,778124,15,100,2025
15,664854,"Helsley, Ryan",5/2/2025,778084,15,100,2025
15,672582,"Zerpa, Angel",5/1/2025,778097,15,100,2025
15,621345,"Minter, A.J.",4/16/2025,778299,15,100,2025
15,640462,"Puk, A.J.",4/16/2025,778303,15,100,2025
15,668670,"Rogers, Jake",6/14/2025,777517,15,100,2025
15,676534,"Faucher, Calvin",4/17/2025,778291,15,100,2025
15,678606,"Ferrer, Jose A.",4/15/2025,778314,15,100,2025
15,605447,"Romano, Jordan",5/4/2025,778059,15,100,2025
15,687911,"King, Bryan",4/15/2025,778308,15,100,2025
15,681982,"Anderson, Grant",5/10/2025,777981,15,100,2025
15,686580,"Slaten, Justin",5/9/2025,777990,15,100,2025
15,573124,"Rogers, Taylor",6/13/2025,777538,15,100,2025
15,657514,"Bernardino, Brennan",5/17/2025,777893,15,100,2025
15,657514,"Bernardino, Brennan",5/16/2025,777908,15,100,2025
15,670036,"Festa, Matt",6/9/2025,777580,15,100,2025
15,678692,"Henriquez, Ronny",5/16/2025,777903,15,100,2025
15,674444,"Cruz, Steven",5/26/2025,777760,15,100,2025
15,571948,"Milner, Hoby",4/24/2025,778192,15,100,2025
15,622554,"Domínguez, Seranthony",4/19/2025,778262,15,100,2025
15,640448,"Finnegan, Kyle",4/20/2025,778235,15,100,2025
15,681911,"Vesia, Alex",5/28/2025,777739,15,100,2025
15,663574,"Santillan, Tony",5/17/2025,777892,15,100,2025
15,671922,"Smith, Cade",5/19/2025,777861,15,100,2025
15,621381,"Strahm, Matt",5/18/2025,777880,15,100,2025
15,690829,"Joyce, Ben",4/1/2025,778495,15,100,2025
15,670955,"Uceta, Edwin",5/17/2025,777889,15,100,2025
15,680880,"Holman, Grant",6/11/2025,777542,15,100,2025
15,686580,"Slaten, Justin",4/19/2025,778264,15,100,2025
15,666974,"Cano, Yennier",6/21/2025,777422,15,100,2025
15,657571,"Ferguson, Caleb",6/22/2025,777404,15,100,2025
15,592094,"Adam, Jason",3/27/2025,778545,15,100,2025
15,622786,"Tinoco, Jesus",4/28/2025,778132,15,100,2025
15,657649,"Koenig, Jared",5/4/2025,778054,15,100,2025
15,657514,"Bernardino, Brennan",3/28/2025,778550,15,100,2025
15,605130,"Barlow, Scott",4/15/2025,778316,15,100,2025
15,623211,"Brazobán, Huascar",4/18/2025,778270,15,100,2025
15,663947,"Holton, Tyler",4/17/2025,778286,15,100,2025
15,664747,"Díaz, Alexis",4/18/2025,778276,15,100,2025
15,671922,"Smith, Cade",3/27/2025,778558,15,100,2025
15,641941,"Pagán, Emilio",3/27/2025,778561,15,100,2025
15,592094,"Adam, Jason",6/8/2025,777586,15,100,2025
15,621381,"Strahm, Matt",5/22/2025,777817,15,100,2025
15,679775,"Backhus, Kyle",6/9/2025,777577,15,100,2025
15,607455,"Banda, Anthony",6/6/2025,777620,15,100,2025
15,660896,"Alcala, Jorge",5/17/2025,777883,15,100,2025
15,547973,"Chapman, Aroldis",6/9/2025,777584,15,100,2025
15,676534,"Faucher, Calvin",5/18/2025,777877,15,100,2025
15,664139,"Gibaut, Ian",6/9/2025,777580,15,100,2025
15,647351,"Toro, Abraham",5/23/2025,777815,15,100,2025
15,518397,"Alexander, Scott",4/5/2025,778442,15,100,2025
15,657612,"Hill, Tim",6/29/2025,777307,15,100,2025
15,663485,"Sands, Cole",5/10/2025,777974,15,100,2025
15,689254,"Fluharty, Mason",4/18/2025,778273,15,100,2025
15,683769,"Gaddis, Hunter",4/26/2025,778179,15,100,2025
15,670167,"Schreiber, John",5/5/2025,778043,15,100,2025
15,642701,"Santana, Dennis",5/24/2025,777794,15,100,2025
15,670970,"Morejon, Adrian",6/9/2025,777579,15,100,2025
15,662253,"Muñoz, Andrés",7/2/2025,777262,15,100,2025
15,683409,"Chivilli, Angel",4/9/2025,778379,15,100,2025
15,676534,"Faucher, Calvin",6/10/2025,777566,15,100,2025
15,674444,"Cruz, Steven",6/7/2025,777606,15,100,2025
15,571948,"Milner, Hoby",6/13/2025,777524,15,100,2025
15,689254,"Fluharty, Mason",6/10/2025,777558,15,100,2025
15,657571,"Ferguson, Caleb",5/17/2025,777894,15,100,2025
15,572955,"Johnson, Pierce",6/6/2025,777619,15,100,2025
15,683232,"Mears, Nick",6/7/2025,777597,15,100,2025
15,595345,"Okert, Steven",7/2/2025,777269,15,100,2025
15,623437,"Topa, Justin",6/6/2025,777615,15,100,2025
15,666974,"Cano, Yennier",5/24/2025,777809,15,100,2025
15,668674,"Erceg, Lucas",5/24/2025,777788,15,100,2025
15,656186,"Altavilla, Dan",5/30/2025,777720,15,100,2025
15,672841,"Vargas, Carlos",5/30/2025,777713,15,100,2025
15,657571,"Ferguson, Caleb",4/23/2025,778202,15,100,2025
15,669062,"Miller, Erik",5/3/2025,778069,15,100,2025
15,595345,"Okert, Steven",4/8/2025,778398,15,100,2025
15,668933,"Ashcraft, Graham",4/15/2025,778316,15,100,2025
15,670036,"Festa, Matt",6/14/2025,777507,15,100,2025
15,657424,"Gage, Matt",6/14/2025,777517,15,100,2025
15,628452,"Iglesias, Raisel",4/8/2025,778406,15,100,2025
15,640451,"Harvey, Hunter",4/7/2025,778412,15,100,2025
15,694037,"Palencia, Daniel",6/12/2025,777541,15,100,2025
15,657044,"Thompson, Ryan",6/13/2025,777521,15,100,2025
15,650556,"Abreu, Bryan",4/6/2025,778419,15,100,2025
15,596001,"Junis, Jakob",4/4/2025,778447,15,100,2025
15,641329,"Baker, Bryan",4/3/2025,778470,15,100,2025
15,655889,"Rodríguez, Manuel",4/2/2025,778479,15,100,2025
15,663485,"Sands, Cole",4/8/2025,778400,15,100,2025
15,671922,"Smith, Cade",5/22/2025,777821,15,100,2025
15,677952,"Ashcraft, Braxton",6/8/2025,777595,15,100,2025
15,664126,"Fairbanks, Pete",4/9/2025,778399,15,100,2025
15,669211,"Akin, Keegan",4/3/2025,778470,15,100,2025
15,657571,"Ferguson, Caleb",5/23/2025,777806,15,100,2025
15,678495,"Rodríguez, Randy",4/4/2025,778444,15,100,2025
15,674285,"Salazar, Eduardo",5/3/2025,778077,15,100,2025
15,687863,"Hodge, Porter",4/4/2025,778460,15,100,2025
15,518585,"Cruz, Fernando",5/6/2025,778041,15,100,2025
15,656271,"Burke, Brock",5/12/2025,777947,15,100,2025
15,678495,"Rodríguez, Randy",5/3/2025,778069,15,100,2025
15,657612,"Hill, Tim",5/12/2025,777941,15,100,2025
15,489446,"Yates, Kirby",5/2/2025,778092,15,100,2025
15,687863,"Hodge, Porter",5/6/2025,778027,15,100,2025
15,571946,"Miller, Shelby",4/30/2025,778117,15,100,2025
15,605463,"Scott, Tayler",4/29/2025,778124,15,100,2025
15,664875,"Lawrence, Justin",4/13/2025,778343,15,100,2025
15,669093,"Estrada, Jeremiah",4/12/2025,778352,15,100,2025
15,672578,"Hernández, Carlos",4/13/2025,778336,15,100,2025
15,656730,"Megill, Trevor",4/30/2025,778111,15,100,2025
15,663574,"Santillan, Tony",5/2/2025,778087,15,100,2025
15,663893,"Little, Brendon",4/30/2025,778114,15,100,2025
15,666171,"Zeferjahn, Ryan",5/1/2025,778101,15,100,2025
15,621383,"Banks, Tanner",3/29/2025,778535,15,100,2025
15,628452,"Iglesias, Raisel",3/31/2025,778500,15,100,2025
15,621345,"Minter, A.J.",4/2/2025,778481,15,100,2025
15,668933,"Ashcraft, Graham",3/29/2025,778540,15,100,2025
15,689147,"Kerkering, Orion",5/12/2025,777953,15,100,2025
15,592094,"Adam, Jason",4/12/2025,778352,15,100,2025
15,621381,"Strahm, Matt",5/23/2025,777804,15,100,2025
15,656730,"Megill, Trevor",5/22/2025,777814,15,100,2025
15,657571,"Ferguson, Caleb",5/21/2025,777834,15,100,2025
15,678495,"Rodríguez, Randy",6/8/2025,777587,15,100,2025
15,663485,"Sands, Cole",4/15/2025,778307,15,100,2025
15,518585,"Cruz, Fernando",6/27/2025,777337,15,100,2025
15,670280,"Bednar, David",5/24/2025,777794,15,100,2025
15,641755,"Kinley, Tyler",5/10/2025,777976,15,100,2025
15,605452,"Ross, Joe",4/14/2025,778320,15,100,2025
15,571948,"Milner, Hoby",6/27/2025,777340,15,100,2025
15,595345,"Okert, Steven",5/22/2025,777822,15,100,2025
15,573204,"Thielbar, Caleb",6/26/2025,777348,15,100,2025
15,663893,"Little, Brendon",5/7/2025,778009,15,100,2025
15,655889,"Rodríguez, Manuel",5/15/2025,777913,15,100,2025
15,668941,"Romero, JoJo",5/28/2025,777740,15,100,2025
15,668984,"Legumina, Casey",5/12/2025,777941,15,100,2025
15,669711,"Weissert, Greg",6/11/2025,777561,15,100,2025
15,592426,"Jackson, Luke",5/18/2025,777869,15,100,2025
15,592426,"Jackson, Luke",6/24/2025,777380,15,100,2025
15,682842,"Uribe, Abner",5/20/2025,777844,15,100,2025
15,656257,"Brigham, Jeff",6/9/2025,777577,15,100,2025
15,656271,"Burke, Brock",6/27/2025,777331,15,100,2025
15,671922,"Smith, Cade",3/29/2025,778529,15,100,2025
15,663773,"Hoeing, Bryan",6/28/2025,777328,15,100,2025
15,664139,"Gibaut, Ian",6/25/2025,777367,15,100,2025
15,656464,"Ginkel, Kevin",6/28/2025,777318,15,100,2025
15,668941,"Romero, JoJo",6/24/2025,777373,15,100,2025
15,660825,"Bazardo, Eduard",6/25/2025,777363,15,100,2025
15,657612,"Hill, Tim",4/5/2025,778449,15,100,2025
15,656986,"Sousa, Bennett",4/12/2025,778351,15,100,2025
15,657240,"Merryweather, Julian",4/13/2025,778331,15,100,2025
15,689254,"Fluharty, Mason",6/15/2025,777499,15,100,2025
15,657585,"Garrett, Reed",4/14/2025,778324,15,100,2025
15,676263,"Dreyer, Jack",6/2/2025,777675,15,100,2025
15,663542,"Hudson, Bryan",4/3/2025,778468,15,100,2025
15,678020,"Halvorsen, Seth",6/3/2025,777666,15,100,2025
15,571948,"Milner, Hoby",5/31/2025,777697,15,100,2025
15,592426,"Jackson, Luke",6/1/2025,777678,15,100,2025
15,641755,"Kinley, Tyler",6/2/2025,777673,15,100,2025
15,678495,"Rodríguez, Randy",6/5/2025,777633,15,100,2025
15,664139,"Gibaut, Ian",5/27/2025,777750,15,100,2025
15,664875,"Lawrence, Justin",4/18/2025,778271,15,100,2025
15,686973,"Varland, Louis",6/2/2025,777669,15,100,2025
15,666171,"Zeferjahn, Ryan",6/2/2025,777670,15,100,2025
15,592094,"Adam, Jason",5/26/2025,777756,15,100,2025
15,642152,"Trivino, Lou",5/25/2025,777773,15,100,2025
15,623352,"Hader, Josh",4/19/2025,778259,15,100,2025
15,657044,"Thompson, Ryan",5/26/2025,777761,15,100,2025
15,650556,"Abreu, Bryan",4/23/2025,778200,15,100,2025
15,663485,"Sands, Cole",5/28/2025,777732,15,100,2025
15,672582,"Zerpa, Angel",5/26/2025,777760,15,100,2025
15,676395,"Garcia, Robert",5/27/2025,777741,15,100,2025
15,662253,"Muñoz, Andrés",4/23/2025,778207,15,100,2025
15,686973,"Varland, Louis",6/27/2025,777334,15,100,2025
15,664126,"Fairbanks, Pete",4/24/2025,778188,15,100,2025
15,682610,"Muñoz, Roddery",4/12/2025,778347,15,100,2025
15,672578,"Hernández, Carlos",4/22/2025,778223,15,100,2025
15,678020,"Halvorsen, Seth",6/16/2025,777488,15,100,2025
15,642152,"Trivino, Lou",6/19/2025,777442,15,100,2025
15,671106,"Allen, Logan",5/31/2025,777703,15,100,2025
15,689690,"Jacob, Alek",4/11/2025,778361,15,100,2025
15,672282,"Detmers, Reid",4/4/2025,778447,15,100,2025
15,571946,"Miller, Shelby",6/30/2025,777291,15,100,2025
15,682254,"Montgomery, Mason",7/1/2025,777286,15,100,2025
15,657585,"Garrett, Reed",5/25/2025,777773,15,100,2025
15,620454,"Castillo, José",6/2/2025,777675,15,100,2025
15,518397,"Alexander, Scott",3/29/2025,778537,15,100,2025
15,679775,"Backhus, Kyle",6/20/2025,777430,15,100,2025
15,663947,"Holton, Tyler",6/11/2025,777562,15,100,2025
15,573124,"Rogers, Taylor",4/9/2025,778376,15,100,2025
15,657649,"Koenig, Jared",4/15/2025,778310,15,100,2025
15,605463,"Scott, Tayler",4/8/2025,778398,15,100,2025
15,621053,"Ferguson, Tyler",4/8/2025,778395,15,100,2025
15,641835,"Mayza, Tim",4/8/2025,778408,15,100,2025
15,661395,"Duran, Jhoan",4/9/2025,778388,15,100,2025
15,592426,"Jackson, Luke",6/11/2025,777556,15,100,2025
15,657612,"Hill, Tim",6/4/2025,777653,15,100,2025
15,643511,"Rogers, Tyler",5/1/2025,778098,15,100,2025
15,657571,"Ferguson, Caleb",4/30/2025,778112,15,100,2025
15,643377,"Jax, Griffin",6/1/2025,777680,15,100,2025
15,668674,"Erceg, Lucas",4/30/2025,778113,15,100,2025
15,669093,"Estrada, Jeremiah",5/2/2025,778090,15,100,2025
15,608718,"Suter, Brent",3/30/2025,778522,15,100,2025
15,679885,"Martinez, Justin",4/4/2025,778457,15,100,2025
15,694335,"Svanson, Matt",4/30/2025,778134,15,100,2025
15,641343,"Bauers, Jake",3/29/2025,778538,15,100,2025
15,593974,"Peralta, Wandy",5/11/2025,777955,15,100,2025
15,663158,"Suarez, Robert",6/22/2025,777396,15,100,2025
15,642152,"Trivino, Lou",6/21/2025,777416,15,100,2025
15,643511,"Rogers, Tyler",5/11/2025,777956,15,100,2025
15,519151,"Pressly, Ryan",5/19/2025,777863,15,100,2025
15,656945,"Scott, Tanner",3/31/2025,778500,15,100,2025
15,680689,"Richardson, Lyon",5/11/2025,777963,15,100,2025
15,655889,"Rodríguez, Manuel",4/15/2025,778319,15,100,2025
15,660896,"Alcala, Jorge",6/17/2025,777473,15,100,2025
15,660825,"Bazardo, Eduard",6/16/2025,777486,15,100,2025
15,643410,"Leiter Jr., Mark",4/16/2025,778300,15,100,2025
15,677865,"Bruihl, Justin",6/18/2025,777462,15,100,2025
15,670955,"Uceta, Edwin",6/1/2025,777690,15,100,2025
15,664076,"Cleavinger, Garrett",4/18/2025,778272,15,100,2025
15,664139,"Gibaut, Ian",4/17/2025,778285,15,100,2025
15,595345,"Okert, Steven",6/16/2025,777485,15,100,2025
15,668941,"Romero, JoJo",4/18/2025,778270,15,100,2025
15,671922,"Smith, Cade",4/18/2025,778271,15,100,2025
15,673513,"Matsui, Yuki",4/15/2025,778305,15,100,2025
15,573204,"Thielbar, Caleb",6/5/2025,777632,15,100,2025
15,623465,"Phillips, Evan",4/23/2025,778205,15,100,2025
15,621381,"Strahm, Matt",5/27/2025,777748,15,100,2025
15,694037,"Palencia, Daniel",4/15/2025,778305,15,100,2025
15,664208,"Maton, Phil",4/20/2025,778244,15,100,2025
15,656240,"Blewett, Scott",5/18/2025,777876,15,100,2025
15,670970,"Morejon, Adrian",4/19/2025,778259,15,100,2025
15,673929,"Leasure, Jordan",4/19/2025,778264,15,100,2025
15,685126,"Eisert, Brandon",5/18/2025,777872,15,100,2025
15,664126,"Fairbanks, Pete",5/20/2025,777848,15,100,2025
15,678606,"Ferrer, Jose A.",5/17/2025,777890,15,100,2025
15,640448,"Finnegan, Kyle",5/16/2025,777907,15,100,2025
15,663855,"Hicks, Jordan",5/26/2025,777770,15,100,2025
15,621366,"Borucki, Ryan",6/19/2025,777451,15,100,2025
15,543056,"Coulombe, Danny",6/19/2025,777452,15,100,2025
15,666661,"Morillo, Juan",5/28/2025,777729,15,100,2025
15,669084,"Hall, DL",6/20/2025,777434,15,100,2025
15,689147,"Kerkering, Orion",5/18/2025,777880,15,100,2025
15,676755,"Mattson, Isaac",6/19/2025,777464,15,100,2025
15,676263,"Dreyer, Jack",3/29/2025,778533,15,100,2025
15,657044,"Thompson, Ryan",6/21/2025,777410,15,100,2025
15,673513,"Matsui, Yuki",5/27/2025,777742,15,100,2025
15,682515,"Porter, Logan",6/14/2025,777506,15,100,2025
15,620454,"Castillo, José",5/3/2025,778078,15,100,2025
15,678020,"Halvorsen, Seth",5/25/2025,777768,15,100,2025
15,623474,"Herget, Jimmy",4/15/2025,778302,15,100,2025
15,650556,"Abreu, Bryan",4/18/2025,778269,15,100,2025
15,518397,"Alexander, Scott",4/27/2025,778148,15,100,2025
15,664076,"Cleavinger, Garrett",4/16/2025,778298,15,100,2025
15,518585,"Cruz, Fernando",4/25/2025,778185,15,100,2025
15,571948,"Milner, Hoby",4/26/2025,778159,15,100,2025
15,623437,"Topa, Justin",4/25/2025,778186,15,100,2025
15,458677,"Wilson, Justin",6/8/2025,777593,15,100,2025
15,519141,"Pomeranz, Drew",5/23/2025,777811,15,100,2025
15,689225,"Brieske, Beau",5/17/2025,777886,15,100,2025
15,664126,"Fairbanks, Pete",4/27/2025,778146,15,100,2025
15,643338,"Green, Chad",5/16/2025,777906,15,100,2025
15,622786,"Tinoco, Jesus",5/4/2025,778061,15,100,2025
15,671922,"Smith, Cade",4/19/2025,778254,15,100,2025
15,605182,"Clevinger, Mike",3/27/2025,778554,15,100,2025
15,669062,"Miller, Erik",5/18/2025,777867,15,100,2025
15,663574,"Santillan, Tony",3/27/2025,778561,15,100,2025
15,656186,"Altavilla, Dan",6/7/2025,777606,15,100,2025
15,623149,"Sewald, Paul",4/28/2025,778139,15,100,2025
15,668820,"Kranick, Max",4/23/2025,778203,15,100,2025
15,596133,"Weaver, Luke",4/18/2025,778272,15,100,2025
15,664199,"Clarke, Taylor",6/29/2025,777304,15,100,2025
14,669711,"Weissert, Greg",4/14/2025,778328,14,100,2025
14,684320,"Rodríguez, Yariel",5/11/2025,777958,14,100,2025
14,547973,"Chapman, Aroldis",5/14/2025,777927,14,100,2025
14,664076,"Cleavinger, Garrett",4/13/2025,778340,14,100,2025
14,547973,"Chapman, Aroldis",6/18/2025,777453,14,100,2025
14,642100,"Speier, Gabe",5/22/2025,777822,14,100,2025
14,656945,"Scott, Tanner",5/21/2025,777824,14,100,2025
14,669371,"Henry, Cole",6/29/2025,777305,14,100,2025
14,606160,"Montero, Rafael",5/10/2025,777985,14,100,2025
14,689254,"Fluharty, Mason",4/13/2025,778344,14,100,2025
14,472610,"García, Luis",5/23/2025,777808,14,100,2025
14,657585,"Garrett, Reed",4/2/2025,778481,14,100,2025
14,640462,"Puk, A.J.",4/2/2025,778484,14,100,2025
14,642207,"Williams, Devin",6/6/2025,777627,14,100,2025
14,572955,"Johnson, Pierce",4/30/2025,778102,14,100,2025
14,519141,"Pomeranz, Drew",5/4/2025,778054,14,100,2025
14,657649,"Koenig, Jared",4/2/2025,778477,14,100,2025
14,676879,"Ashby, Aaron",5/24/2025,777794,14,100,2025
14,676282,"Cantillo, Joey",5/24/2025,777796,14,100,2025
14,687396,"Headrick, Brent",5/30/2025,777708,14,100,2025
14,643410,"Leiter Jr., Mark",6/7/2025,777605,14,100,2025
14,641941,"Pagán, Emilio",6/9/2025,777580,14,100,2025
14,663485,"Sands, Cole",5/23/2025,777799,14,100,2025
14,605154,"Brebbia, John",6/7/2025,777609,14,100,2025
14,670970,"Morejon, Adrian",4/27/2025,778146,14,100,2025
14,657612,"Hill, Tim",5/23/2025,777802,14,100,2025
14,681982,"Anderson, Grant",7/2/2025,777276,14,100,2025
14,679358,"Orze, Eric",6/11/2025,777561,14,100,2025
14,660825,"Bazardo, Eduard",6/23/2025,777388,14,100,2025
14,641312,"Anderson, Shaun",6/9/2025,777576,14,100,2025
14,519326,"Strickland, Hunter",6/10/2025,777564,14,100,2025
14,664076,"Cleavinger, Garrett",6/9/2025,777584,14,100,2025
14,641329,"Baker, Bryan",5/30/2025,777720,14,100,2025
14,620454,"Castillo, José",5/2/2025,778086,14,100,2025
14,621381,"Strahm, Matt",7/2/2025,777290,14,100,2025
14,621242,"Díaz, Edwin",5/30/2025,777718,14,100,2025
14,656945,"Scott, Tanner",6/8/2025,777582,14,100,2025
14,592779,"Stewart, Brock",6/8/2025,777585,14,100,2025
14,680742,"Bowlan, Jonathan",6/14/2025,777511,14,100,2025
14,472610,"García, Luis",4/8/2025,778409,14,100,2025
14,621112,"Blackburn, Paul",6/13/2025,777528,14,100,2025
14,519151,"Pressly, Ryan",4/8/2025,778401,14,100,2025
14,592773,"Stanek, Ryne",4/9/2025,778390,14,100,2025
14,669276,"Lee, Dylan",6/13/2025,777535,14,100,2025
14,571948,"Milner, Hoby",6/14/2025,777508,14,100,2025
14,608371,"Sims, Lucas",4/9/2025,778392,14,100,2025
14,592773,"Stanek, Ryne",6/14/2025,777518,14,100,2025
14,605447,"Romano, Jordan",4/3/2025,778467,14,100,2025
14,664849,"Young, Danny",4/8/2025,778407,14,100,2025
14,668716,"Murdock, Noah",4/7/2025,778414,14,100,2025
14,458677,"Wilson, Justin",5/3/2025,778073,14,100,2025
14,605177,"Chafin, Andrew",5/6/2025,778026,14,100,2025
14,607455,"Banda, Anthony",5/3/2025,778076,14,100,2025
14,641302,"Alexander, Tyler",4/25/2025,778184,14,100,2025
14,682842,"Uribe, Abner",4/6/2025,778421,14,100,2025
14,686993,"Sterner, Justin",4/8/2025,778395,14,100,2025
14,671922,"Smith, Cade",5/31/2025,777703,14,100,2025
14,689147,"Kerkering, Orion",4/6/2025,778434,14,100,2025
14,689254,"Fluharty, Mason",5/3/2025,778064,14,100,2025
14,691172,"Zulueta, Yosver",5/4/2025,778058,14,100,2025
14,656464,"Ginkel, Kevin",5/13/2025,777930,14,100,2025
14,595014,"Treinen, Blake",4/11/2025,778356,14,100,2025
14,623149,"Sewald, Paul",4/12/2025,778359,14,100,2025
14,595345,"Okert, Steven",5/31/2025,777693,14,100,2025
14,663465,"Allard, Kolby",5/1/2025,778108,14,100,2025
14,666171,"Zeferjahn, Ryan",5/2/2025,778085,14,100,2025
14,669724,"Hanifee, Brenan",4/11/2025,778363,14,100,2025
14,670955,"Uceta, Edwin",4/11/2025,778367,14,100,2025
14,678692,"Henriquez, Ronny",4/12/2025,778354,14,100,2025
14,680704,"Sandlin, Nick",4/13/2025,778344,14,100,2025
14,681517,"Leahy, Kyle",4/30/2025,778134,14,100,2025
14,605182,"Clevinger, Mike",3/29/2025,778534,14,100,2025
14,621383,"Banks, Tanner",3/30/2025,778526,14,100,2025
14,643410,"Leiter Jr., Mark",3/30/2025,778523,14,100,2025
14,663423,"Thornton, Trent",4/1/2025,778486,14,100,2025
14,664854,"Helsley, Ryan",4/1/2025,778495,14,100,2025
14,643511,"Rogers, Tyler",4/13/2025,778339,14,100,2025
14,670167,"Schreiber, John",4/1/2025,778488,14,100,2025
14,621363,"Poche, Colin",4/28/2025,778138,14,100,2025
14,621237,"Alvarado, José",5/11/2025,777971,14,100,2025
14,689254,"Fluharty, Mason",4/1/2025,778491,14,100,2025
14,689690,"Jacob, Alek",3/29/2025,778520,14,100,2025
14,641302,"Alexander, Tyler",5/11/2025,777964,14,100,2025
14,623167,"Flexen, Chris",5/23/2025,777811,14,100,2025
14,592773,"Stanek, Ryne",6/25/2025,777369,14,100,2025
14,661395,"Duran, Jhoan",5/11/2025,777956,14,100,2025
14,661395,"Duran, Jhoan",5/31/2025,777695,14,100,2025
14,672282,"Detmers, Reid",6/17/2025,777476,14,100,2025
14,670167,"Schreiber, John",5/23/2025,777799,14,100,2025
14,678020,"Halvorsen, Seth",5/17/2025,777887,14,100,2025
14,676263,"Dreyer, Jack",5/21/2025,777824,14,100,2025
14,671922,"Smith, Cade",5/11/2025,777971,14,100,2025
14,686973,"Varland, Louis",5/21/2025,777829,14,100,2025
14,673929,"Leasure, Jordan",5/10/2025,777978,14,100,2025
14,607455,"Banda, Anthony",5/15/2025,777946,14,100,2025
14,680880,"Holman, Grant",5/7/2025,778010,14,100,2025
14,682825,"Mey, Luis",5/10/2025,777979,14,100,2025
14,458677,"Wilson, Justin",6/20/2025,777425,14,100,2025
14,689254,"Fluharty, Mason",5/10/2025,777970,14,100,2025
14,669371,"Henry, Cole",5/13/2025,777942,14,100,2025
14,681982,"Anderson, Grant",6/17/2025,777482,14,100,2025
14,681982,"Anderson, Grant",4/25/2025,778184,14,100,2025
14,547184,"Kelly, Michael",6/25/2025,777371,14,100,2025
14,666808,"Doval, Camilo",6/18/2025,777454,14,100,2025
14,622554,"Domínguez, Seranthony",6/27/2025,777343,14,100,2025
14,623352,"Hader, Josh",6/24/2025,777377,14,100,2025
14,676130,"Buttó, José",6/25/2025,777369,14,100,2025
14,669674,"Long, Sam",4/2/2025,778477,14,100,2025
14,676679,"Vázquez, Luis",6/28/2025,777330,14,100,2025
14,680729,"McDaniels, Garrett",4/11/2025,778368,14,100,2025
14,695445,"Lee, Chase",6/26/2025,777351,14,100,2025
14,672841,"Vargas, Carlos",6/18/2025,777453,14,100,2025
14,660825,"Bazardo, Eduard",6/3/2025,777655,14,100,2025
14,554340,"García, Yimi",4/23/2025,778200,14,100,2025
14,663947,"Holton, Tyler",6/13/2025,777538,14,100,2025
14,689254,"Fluharty, Mason",6/5/2025,777637,14,100,2025
14,664139,"Gibaut, Ian",6/2/2025,777671,14,100,2025
14,643377,"Jax, Griffin",5/1/2025,778108,14,100,2025
14,657612,"Hill, Tim",6/1/2025,777682,14,100,2025
14,687863,"Hodge, Porter",4/13/2025,778331,14,100,2025
14,663969,"Phillips, Tyler",6/1/2025,777689,14,100,2025
14,680689,"Richardson, Lyon",6/4/2025,777647,14,100,2025
14,621381,"Strahm, Matt",4/23/2025,778203,14,100,2025
14,694335,"Svanson, Matt",6/28/2025,777329,14,100,2025
14,640448,"Finnegan, Kyle",4/23/2025,778204,14,100,2025
14,681911,"Vesia, Alex",6/3/2025,777657,14,100,2025
14,642100,"Speier, Gabe",4/20/2025,778241,14,100,2025
14,676477,"Whitlock, Garrett",6/3/2025,777667,14,100,2025
14,592426,"Jackson, Luke",5/27/2025,777741,14,100,2025
14,656945,"Scott, Tanner",4/20/2025,778234,14,100,2025
14,620454,"Castillo, José",5/26/2025,777758,14,100,2025
14,694350,"Brzykcy, Zach",6/5/2025,777632,14,100,2025
14,680742,"Bowlan, Jonathan",5/25/2025,777772,14,100,2025
14,623352,"Hader, Josh",6/1/2025,777690,14,100,2025
14,682120,"Herrin, Tim",4/22/2025,778218,14,100,2025
14,621237,"Alvarado, José",3/27/2025,778555,14,100,2025
14,687863,"Hodge, Porter",4/23/2025,778205,14,100,2025
14,650556,"Abreu, Bryan",7/1/2025,777285,14,100,2025
14,702352,"Bivens, Spencer",6/20/2025,777425,14,100,2025
14,656546,"Hoffman, Jeff",7/2/2025,777274,14,100,2025
14,681962,"Capra, Vinny",6/23/2025,777393,14,100,2025
14,547973,"Chapman, Aroldis",4/9/2025,778386,14,100,2025
14,656546,"Hoffman, Jeff",6/20/2025,777435,14,100,2025
14,642701,"Santana, Dennis",4/6/2025,778428,14,100,2025
14,519141,"Pomeranz, Drew",4/30/2025,778112,14,100,2025
14,671131,"Rutledge, Jackson",6/22/2025,777398,14,100,2025
14,661403,"Clase, Emmanuel",3/30/2025,778510,14,100,2025
14,621381,"Strahm, Matt",6/22/2025,777405,14,100,2025
14,573124,"Rogers, Taylor",5/25/2025,777779,14,100,2025
14,592454,"Kahnle, Tommy",4/17/2025,778286,14,100,2025
14,621237,"Alvarado, José",4/17/2025,778279,14,100,2025
14,593576,"Neris, Héctor",5/9/2025,777986,14,100,2025
14,641745,"Keller, Brad",5/7/2025,778020,14,100,2025
14,650556,"Abreu, Bryan",5/9/2025,777989,14,100,2025
14,671922,"Smith, Cade",6/14/2025,777507,14,100,2025
14,664076,"Cleavinger, Garrett",5/11/2025,777964,14,100,2025
14,656222,"Beeks, Jalen",5/25/2025,777766,14,100,2025
14,666974,"Cano, Yennier",5/11/2025,777961,14,100,2025
14,676282,"Cantillo, Joey",5/7/2025,778022,14,100,2025
14,641329,"Baker, Bryan",5/18/2025,777873,14,100,2025
14,660787,"De los Santos, Yerry",6/18/2025,777466,14,100,2025
14,683232,"Mears, Nick",6/17/2025,777482,14,100,2025
14,669020,"Rolison, Ryan",6/15/2025,777504,14,100,2025
14,676395,"Garcia, Robert",5/18/2025,777869,14,100,2025
14,694037,"Palencia, Daniel",5/16/2025,777900,14,100,2025
14,623352,"Hader, Josh",4/22/2025,778217,14,100,2025
14,643511,"Rogers, Tyler",4/23/2025,778198,14,100,2025
14,642100,"Speier, Gabe",5/20/2025,777846,14,100,2025
14,678606,"Ferrer, Jose A.",4/23/2025,778204,14,100,2025
14,445276,"Jansen, Kenley",6/10/2025,777564,14,100,2025
14,518397,"Alexander, Scott",4/25/2025,778181,14,100,2025
14,518489,"Brasier, Ryan",5/24/2025,777791,14,100,2025
14,657044,"Thompson, Ryan",6/14/2025,777515,14,100,2025
14,656945,"Scott, Tanner",3/27/2025,778546,14,100,2025
14,554340,"García, Yimi",3/28/2025,778549,14,100,2025
14,663158,"Suarez, Robert",6/19/2025,777442,14,100,2025
14,671109,"Eder, Jake",4/27/2025,778144,14,100,2025
14,676254,"Walker, Ryan",4/25/2025,778171,14,100,2025
14,680704,"Sandlin, Nick",3/27/2025,778556,14,100,2025
14,670955,"Uceta, Edwin",4/18/2025,778272,14,100,2025
14,669199,"Bachar, Lake",4/15/2025,778318,14,100,2025
14,676254,"Walker, Ryan",3/27/2025,778561,14,100,2025
14,595345,"Okert, Steven",5/20/2025,777848,14,100,2025
14,689266,"Dodd, Dylan",6/10/2025,777568,14,100,2025
14,664126,"Fairbanks, Pete",6/6/2025,777625,14,100,2025
14,519151,"Pressly, Ryan",5/16/2025,777900,14,100,2025
14,642397,"Soto, Gregory",5/19/2025,777860,14,100,2025
14,445276,"Jansen, Kenley",6/7/2025,777603,14,100,2025
14,518886,"Kimbrel, Craig",6/6/2025,777619,14,100,2025
14,683232,"Mears, Nick",6/11/2025,777554,14,100,2025
14,669438,"Englert, Mason",5/4/2025,778057,14,100,2025
14,660825,"Bazardo, Eduard",7/1/2025,777281,14,100,2025
14,700187,"Taylor, Troy",4/26/2025,778154,14,100,2025
14,666974,"Cano, Yennier",4/16/2025,778301,14,100,2025
14,683409,"Chivilli, Angel",3/28/2025,778560,14,100,2025
14,664139,"Gibaut, Ian",4/16/2025,778304,14,100,2025
14,608032,"Estévez, Carlos",3/27/2025,778558,14,100,2025
14,518585,"Cruz, Fernando",4/18/2025,778272,14,100,2025
14,592454,"Kahnle, Tommy",4/18/2025,778277,14,100,2025
14,670059,"Holderman, Colin",4/26/2025,778163,14,100,2025
14,656222,"Beeks, Jalen",3/27/2025,778552,14,100,2025
14,668933,"Ashcraft, Graham",4/28/2025,778141,14,100,2025
14,621053,"Ferguson, Tyler",6/22/2025,777400,14,100,2025
14,642207,"Williams, Devin",4/28/2025,778140,14,100,2025
14,472610,"García, Luis",3/28/2025,778544,14,100,2025
14,663158,"Suarez, Robert",3/28/2025,778542,14,100,2025
14,685126,"Eisert, Brandon",4/24/2025,778189,14,100,2025
14,678692,"Henriquez, Ronny",4/21/2025,778230,14,100,2025
14,689147,"Kerkering, Orion",5/27/2025,777748,14,100,2025
14,687863,"Hodge, Porter",4/1/2025,778494,14,100,2025
14,621363,"Poche, Colin",4/20/2025,778266,14,100,2025
14,643377,"Jax, Griffin",4/23/2025,778201,14,100,2025
14,607455,"Banda, Anthony",4/20/2025,778234,14,100,2025
14,672582,"Zerpa, Angel",5/28/2025,777733,14,100,2025
14,695418,"Lord, Brad",6/18/2025,777461,14,100,2025
14,571946,"Miller, Shelby",6/17/2025,777479,14,100,2025
14,572955,"Johnson, Pierce",6/17/2025,777489,14,100,2025
14,680742,"Bowlan, Jonathan",5/20/2025,777836,14,100,2025
14,621366,"Borucki, Ryan",5/16/2025,777905,14,100,2025
14,682842,"Uribe, Abner",5/18/2025,777865,14,100,2025
14,676254,"Walker, Ryan",5/7/2025,778020,14,100,2025
14,669211,"Akin, Keegan",5/16/2025,777907,14,100,2025
14,681517,"Leahy, Kyle",4/16/2025,778290,14,100,2025
14,656546,"Hoffman, Jeff",5/7/2025,778009,14,100,2025
14,622554,"Domínguez, Seranthony",5/28/2025,777740,14,100,2025
14,620454,"Castillo, José",5/27/2025,777749,14,100,2025
14,595345,"Okert, Steven",4/18/2025,778269,14,100,2025
14,657649,"Koenig, Jared",4/30/2025,778111,14,100,2025
14,664208,"Maton, Phil",3/31/2025,778503,14,100,2025
14,519141,"Pomeranz, Drew",6/19/2025,777450,14,100,2025
14,605447,"Romano, Jordan",6/21/2025,777423,14,100,2025
14,678226,"Hernández, Daysbel",4/8/2025,778406,14,100,2025
14,519326,"Strickland, Hunter",6/4/2025,777649,14,100,2025
14,642207,"Williams, Devin",4/6/2025,778428,14,100,2025
14,669711,"Weissert, Greg",6/29/2025,777310,14,100,2025
14,664854,"Helsley, Ryan",6/21/2025,777415,14,100,2025
14,547973,"Chapman, Aroldis",6/20/2025,777425,14,100,2025
14,623352,"Hader, Josh",3/29/2025,778530,14,100,2025
14,664199,"Clarke, Taylor",5/30/2025,777711,14,100,2025
14,663485,"Sands, Cole",3/27/2025,778551,14,100,2025
14,666661,"Morillo, Juan",5/25/2025,777766,14,100,2025
14,676130,"Buttó, José",5/26/2025,777758,14,100,2025
14,664199,"Clarke, Taylor",5/25/2025,777772,14,100,2025
14,656234,"Bird, Jake",5/25/2025,777768,14,100,2025
14,519141,"Pomeranz, Drew",4/26/2025,778174,14,100,2025
14,669724,"Hanifee, Brenan",5/7/2025,778013,14,100,2025
14,701121,"VanWey, Logan",4/12/2025,778351,14,100,2025
14,801434,"Gervase, Paul",6/27/2025,777343,14,100,2025
14,689254,"Fluharty, Mason",4/12/2025,778362,14,100,2025
14,682120,"Herrin, Tim",4/11/2025,778375,14,100,2025
14,674444,"Cruz, Steven",6/27/2025,777335,14,100,2025
14,681987,"Eaton, Nate",6/27/2025,777345,14,100,2025
14,663738,"Lynch IV, Daniel",6/6/2025,777618,14,100,2025
14,681146,"Bride, Jonah",6/10/2025,777557,14,100,2025
14,666374,"Brash, Matt",6/8/2025,777589,14,100,2025
14,641745,"Keller, Brad",5/11/2025,777968,14,100,2025
14,593974,"Peralta, Wandy",6/6/2025,777617,14,100,2025
14,596133,"Weaver, Luke",5/31/2025,777698,14,100,2025
14,656234,"Bird, Jake",5/22/2025,777817,14,100,2025
14,643377,"Jax, Griffin",7/2/2025,777275,14,100,2025
14,571946,"Miller, Shelby",6/11/2025,777548,14,100,2025
14,641745,"Keller, Brad",7/1/2025,777287,14,100,2025
14,694037,"Palencia, Daniel",6/9/2025,777578,14,100,2025
14,676395,"Garcia, Robert",5/17/2025,777882,14,100,2025
14,552640,"Kittredge, Andrew",6/30/2025,777292,14,100,2025
14,673513,"Matsui, Yuki",6/11/2025,777543,14,100,2025
14,684320,"Rodríguez, Yariel",6/9/2025,777581,14,100,2025
14,681911,"Vesia, Alex",6/11/2025,777543,14,100,2025
14,643511,"Rogers, Tyler",7/2/2025,777270,14,100,2025
14,668390,"Winn, Cole",5/23/2025,777805,14,100,2025
14,674285,"Salazar, Eduardo",7/2/2025,777284,14,100,2025
14,668820,"Kranick, Max",4/6/2025,778435,14,100,2025
14,608032,"Estévez, Carlos",5/31/2025,777694,14,100,2025
14,493603,"Ottavino, Adam",4/3/2025,778466,14,100,2025
14,684320,"Rodríguez, Yariel",5/30/2025,777716,14,100,2025
14,641329,"Baker, Bryan",6/13/2025,777539,14,100,2025
14,666974,"Cano, Yennier",6/13/2025,777539,14,100,2025
14,689254,"Fluharty, Mason",6/13/2025,777531,14,100,2025
14,621383,"Banks, Tanner",4/10/2025,778384,14,100,2025
14,670955,"Uceta, Edwin",5/4/2025,778057,14,100,2025
14,643338,"Green, Chad",4/8/2025,778404,14,100,2025
14,657240,"Merryweather, Julian",4/8/2025,778401,14,100,2025
14,547973,"Chapman, Aroldis",5/30/2025,777719,14,100,2025
14,640451,"Harvey, Hunter",4/2/2025,778477,14,100,2025
14,641941,"Pagán, Emilio",4/2/2025,778480,14,100,2025
14,688642,"Agnos, Zach",4/30/2025,778102,14,100,2025
14,519141,"Pomeranz, Drew",5/6/2025,778027,14,100,2025
14,605463,"Scott, Tayler",5/6/2025,778031,14,100,2025
14,678495,"Rodríguez, Randy",4/9/2025,778376,14,100,2025
14,657240,"Merryweather, Julian",5/4/2025,778054,14,100,2025
14,664854,"Helsley, Ryan",5/4/2025,778053,14,100,2025
14,666374,"Brash, Matt",5/3/2025,778070,14,100,2025
14,686642,"Ellard, Fraser",4/9/2025,778391,14,100,2025
14,682171,"Murfee, Penn",5/3/2025,778066,14,100,2025
14,571771,"Hernández, Enrique",4/29/2025,778123,14,100,2025
14,686701,"Bergert, Ryan",5/5/2025,778045,14,100,2025
14,572955,"Johnson, Pierce",4/11/2025,778367,14,100,2025
14,606160,"Montero, Rafael",5/2/2025,778092,14,100,2025
14,621199,"Bowman, Matt",4/13/2025,778344,14,100,2025
14,666808,"Doval, Camilo",5/13/2025,777930,14,100,2025
14,668984,"Legumina, Casey",5/13/2025,777926,14,100,2025
14,687911,"King, Bryan",5/3/2025,778066,14,100,2025
14,669371,"Henry, Cole",4/13/2025,778337,14,100,2025
14,672582,"Zerpa, Angel",4/12/2025,778359,14,100,2025
14,673513,"Matsui, Yuki",4/11/2025,778361,14,100,2025
14,672841,"Vargas, Carlos",5/13/2025,777926,14,100,2025
14,663767,"Shugart, Chase",5/2/2025,778090,14,100,2025
14,676395,"Garcia, Robert",5/12/2025,777949,14,100,2025
14,664199,"Clarke, Taylor",5/2/2025,778093,14,100,2025
14,676684,"Vest, Will",5/14/2025,777927,14,100,2025
14,669711,"Weissert, Greg",5/2/2025,778089,14,100,2025
14,641401,"Brogdon, Connor",6/13/2025,777539,14,100,2025
14,668941,"Romero, JoJo",3/29/2025,778528,14,100,2025
14,679885,"Martinez, Justin",4/30/2025,778117,14,100,2025
14,677161,"Kelly, Zack",6/20/2025,777425,14,100,2025
14,573204,"Thielbar, Caleb",4/12/2025,778345,14,100,2025
14,621051,"Wilson, Steven",5/21/2025,777830,14,100,2025
14,694335,"Svanson, Matt",5/14/2025,777933,14,100,2025
14,670167,"Schreiber, John",4/26/2025,778167,14,100,2025
14,820862,"Fermin, José",5/12/2025,777947,14,100,2025
14,605130,"Barlow, Scott",5/7/2025,778023,14,100,2025
14,605447,"Romano, Jordan",5/8/2025,778005,14,100,2025
14,666171,"Zeferjahn, Ryan",5/21/2025,777828,14,100,2025
14,669711,"Weissert, Greg",5/24/2025,777809,14,100,2025
14,621242,"Díaz, Edwin",5/4/2025,778068,14,100,2025
14,643377,"Jax, Griffin",5/10/2025,777974,14,100,2025
14,547973,"Chapman, Aroldis",6/13/2025,777537,14,100,2025
14,554431,"Matzek, Tyler",5/14/2025,777915,14,100,2025
14,661395,"Duran, Jhoan",5/7/2025,778011,14,100,2025
14,573204,"Thielbar, Caleb",6/24/2025,777373,14,100,2025
14,608665,"Graveman, Kendall",5/13/2025,777930,14,100,2025
14,621237,"Alvarado, José",5/14/2025,777922,14,100,2025
14,595345,"Okert, Steven",6/25/2025,777366,14,100,2025
14,621345,"Minter, A.J.",4/13/2025,778333,14,100,2025
14,663738,"Lynch IV, Daniel",5/9/2025,777990,14,100,2025
14,643338,"Green, Chad",5/13/2025,777935,14,100,2025
14,657649,"Koenig, Jared",5/14/2025,777925,14,100,2025
14,666808,"Doval, Camilo",5/11/2025,777956,14,100,2025
14,661403,"Clase, Emmanuel",5/13/2025,777944,14,100,2025
14,672335,"Pérez, Cionel",5/14/2025,777938,14,100,2025
14,608032,"Estévez, Carlos",6/26/2025,777353,14,100,2025
14,672782,"Gómez, Yoendrys",5/15/2025,777912,14,100,2025
14,676130,"Buttó, José",5/19/2025,777856,14,100,2025
14,641941,"Pagán, Emilio",4/12/2025,778357,14,100,2025
14,678020,"Halvorsen, Seth",5/9/2025,777993,14,100,2025
14,642239,"Zastryzny, Rob",6/24/2025,777374,14,100,2025
14,656464,"Ginkel, Kevin",6/25/2025,777370,14,100,2025
14,642585,"Bautista, Félix",6/17/2025,777477,14,100,2025
14,669062,"Miller, Erik",6/28/2025,777327,14,100,2025
14,669093,"Estrada, Jeremiah",6/25/2025,777360,14,100,2025
14,661403,"Clase, Emmanuel",6/18/2025,777454,14,100,2025
14,688642,"Agnos, Zach",6/1/2025,777686,14,100,2025
14,680742,"Bowlan, Jonathan",6/5/2025,777642,14,100,2025
14,592454,"Kahnle, Tommy",6/17/2025,777475,14,100,2025
14,683769,"Gaddis, Hunter",6/4/2025,777653,14,100,2025
14,662253,"Muñoz, Andrés",4/11/2025,778360,14,100,2025
14,593576,"Neris, Héctor",6/18/2025,777466,14,100,2025
14,647315,"Pop, Zach",6/16/2025,777486,14,100,2025
14,682254,"Montgomery, Mason",6/3/2025,777662,14,100,2025
14,595345,"Okert, Steven",6/4/2025,777648,14,100,2025
14,670167,"Schreiber, John",6/28/2025,777319,14,100,2025
14,676477,"Whitlock, Garrett",6/15/2025,777500,14,100,2025
14,674285,"Salazar, Eduardo",6/24/2025,777372,14,100,2025
14,572955,"Johnson, Pierce",4/23/2025,778214,14,100,2025
14,643377,"Jax, Griffin",5/27/2025,777746,14,100,2025
14,669276,"Lee, Dylan",5/25/2025,777783,14,100,2025
14,670280,"Bednar, David",5/27/2025,777744,14,100,2025
14,657649,"Koenig, Jared",4/24/2025,778194,14,100,2025
14,679358,"Orze, Eric",5/27/2025,777746,14,100,2025
14,689266,"Dodd, Dylan",6/24/2025,777387,14,100,2025
14,682842,"Uribe, Abner",5/25/2025,777776,14,100,2025
14,666808,"Doval, Camilo",4/20/2025,778232,14,100,2025
14,642701,"Santana, Dennis",6/6/2025,777621,14,100,2025
14,668941,"Romero, JoJo",4/2/2025,778473,14,100,2025
14,542888,"Armstrong, Shawn",3/28/2025,778550,14,100,2025
14,669276,"Lee, Dylan",4/2/2025,778472,14,100,2025
14,605130,"Barlow, Scott",3/27/2025,778561,14,100,2025
14,664849,"Young, Danny",3/27/2025,778559,14,100,2025
14,702352,"Bivens, Spencer",7/2/2025,777270,14,100,2025
14,657240,"Merryweather, Julian",5/18/2025,777872,14,100,2025
14,641329,"Baker, Bryan",6/5/2025,777628,14,100,2025
14,656546,"Hoffman, Jeff",6/29/2025,777310,14,100,2025
14,670970,"Morejon, Adrian",4/2/2025,778476,14,100,2025
14,641745,"Keller, Brad",6/29/2025,777308,14,100,2025
14,660825,"Bazardo, Eduard",6/1/2025,777680,14,100,2025
14,656222,"Beeks, Jalen",6/1/2025,777679,14,100,2025
14,673513,"Matsui, Yuki",7/2/2025,777290,14,100,2025
14,680742,"Bowlan, Jonathan",6/1/2025,777677,14,100,2025
14,656986,"Sousa, Bennett",7/2/2025,777269,14,100,2025
14,592779,"Stewart, Brock",6/29/2025,777314,14,100,2025
14,605130,"Barlow, Scott",6/20/2025,777433,14,100,2025
14,592454,"Kahnle, Tommy",4/7/2025,778424,14,100,2025
14,666374,"Brash, Matt",6/20/2025,777436,14,100,2025
14,606160,"Montero, Rafael",4/10/2025,778384,14,100,2025
14,606303,"Payamps, Joel",4/8/2025,778394,14,100,2025
14,622554,"Domínguez, Seranthony",4/8/2025,778396,14,100,2025
14,606965,"Devenski, Chris",6/22/2025,777405,14,100,2025
14,685126,"Eisert, Brandon",6/3/2025,777661,14,100,2025
14,663423,"Thornton, Trent",4/7/2025,778405,14,100,2025
14,663893,"Little, Brendon",4/10/2025,778377,14,100,2025
14,664208,"Maton, Phil",4/9/2025,778389,14,100,2025
14,664208,"Maton, Phil",4/8/2025,778408,14,100,2025
14,669276,"Lee, Dylan",4/8/2025,778406,14,100,2025
14,657424,"Gage, Matt",6/19/2025,777464,14,100,2025
14,519008,"McFarland, T.J.",4/29/2025,778122,14,100,2025
14,592773,"Stanek, Ryne",4/30/2025,778117,14,100,2025
14,605452,"Ross, Joe",3/31/2025,778502,14,100,2025
14,643511,"Rogers, Tyler",4/30/2025,778105,14,100,2025
14,642528,"Loáisiga, Jonathan",6/20/2025,777438,14,100,2025
14,683232,"Mears, Nick",6/22/2025,777401,14,100,2025
14,641745,"Keller, Brad",6/9/2025,777578,14,100,2025
14,593974,"Peralta, Wandy",6/20/2025,777426,14,100,2025
14,642121,"Sulser, Cole",5/11/2025,777964,14,100,2025
14,656234,"Bird, Jake",5/9/2025,777993,14,100,2025
14,592836,"Walker, Taijuan",6/20/2025,777437,14,100,2025
14,642207,"Williams, Devin",6/22/2025,777406,14,100,2025
14,660825,"Bazardo, Eduard",5/10/2025,777970,14,100,2025
14,642701,"Santana, Dennis",6/3/2025,777663,14,100,2025
14,669276,"Lee, Dylan",5/7/2025,778023,14,100,2025
14,669724,"Hanifee, Brenan",5/11/2025,777969,14,100,2025
14,682120,"Herrin, Tim",5/7/2025,778022,14,100,2025
14,700187,"Taylor, Troy",5/11/2025,777958,14,100,2025
14,668933,"Ashcraft, Graham",6/15/2025,777505,14,100,2025
14,592155,"Booser, Cam",6/15/2025,777493,14,100,2025
14,643377,"Jax, Griffin",5/4/2025,778063,14,100,2025
14,605452,"Ross, Joe",5/19/2025,777852,14,100,2025
14,678020,"Halvorsen, Seth",6/18/2025,777461,14,100,2025
14,661403,"Clase, Emmanuel",4/15/2025,778317,14,100,2025
14,519326,"Strickland, Hunter",5/26/2025,777763,14,100,2025
14,519151,"Pressly, Ryan",6/15/2025,777497,14,100,2025
14,605447,"Romano, Jordan",6/16/2025,777483,14,100,2025
14,669438,"Englert, Mason",4/16/2025,778298,14,100,2025
14,608718,"Suter, Brent",5/25/2025,777779,14,100,2025
14,621345,"Minter, A.J.",4/22/2025,778223,14,100,2025
14,682610,"Muñoz, Roddery",4/15/2025,778308,14,100,2025
14,666808,"Doval, Camilo",3/31/2025,778505,14,100,2025
14,668933,"Ashcraft, Graham",5/17/2025,777892,14,100,2025
14,663542,"Hudson, Bryan",4/23/2025,778198,14,100,2025
14,542888,"Armstrong, Shawn",5/6/2025,778037,14,100,2025
14,663893,"Little, Brendon",4/22/2025,778217,14,100,2025
14,592155,"Booser, Cam",5/19/2025,777857,14,100,2025
14,656546,"Hoffman, Jeff",5/28/2025,777724,14,100,2025
14,593974,"Peralta, Wandy",5/31/2025,777691,14,100,2025
14,682120,"Herrin, Tim",4/19/2025,778254,14,100,2025
14,669711,"Weissert, Greg",3/31/2025,778512,14,100,2025
14,681982,"Anderson, Grant",6/21/2025,777412,14,100,2025
14,676130,"Buttó, José",6/23/2025,777389,14,100,2025
14,685126,"Eisert, Brandon",6/19/2025,777447,14,100,2025
14,806188,"Gibson, Cade",6/19/2025,777444,14,100,2025
14,701552,"Granillo, Andre",6/19/2025,777458,14,100,2025
14,678692,"Henriquez, Ronny",6/20/2025,777439,14,100,2025
14,669371,"Henry, Cole",6/22/2025,777398,14,100,2025
14,657649,"Koenig, Jared",5/20/2025,777844,14,100,2025
14,694037,"Palencia, Daniel",5/28/2025,777731,14,100,2025
14,656730,"Megill, Trevor",5/18/2025,777865,14,100,2025
14,676617,"O'Brien, Riley",6/19/2025,777458,14,100,2025
14,607455,"Banda, Anthony",5/6/2025,778035,14,100,2025
14,519141,"Pomeranz, Drew",5/19/2025,777863,14,100,2025
14,672841,"Vargas, Carlos",5/25/2025,777774,14,100,2025
14,678020,"Halvorsen, Seth",3/29/2025,778537,14,100,2025
14,672582,"Zerpa, Angel",6/22/2025,777396,14,100,2025
14,678821,"Peralta, Luis",3/30/2025,778524,14,100,2025
14,679885,"Martinez, Justin",4/1/2025,778492,14,100,2025
14,458677,"Wilson, Justin",5/20/2025,777851,14,100,2025
14,552640,"Kittredge, Andrew",6/7/2025,777599,14,100,2025
14,666808,"Doval, Camilo",4/16/2025,778296,14,100,2025
14,605130,"Barlow, Scott",4/26/2025,778161,14,100,2025
14,681911,"Vesia, Alex",4/16/2025,778287,14,100,2025
14,687911,"King, Bryan",4/1/2025,778489,14,100,2025
14,701121,"VanWey, Logan",4/16/2025,778290,14,100,2025
14,702352,"Bivens, Spencer",4/15/2025,778313,14,100,2025
14,592155,"Booser, Cam",5/20/2025,777846,14,100,2025
14,657612,"Hill, Tim",4/25/2025,778185,14,100,2025
14,666808,"Doval, Camilo",5/17/2025,777879,14,100,2025
14,683769,"Gaddis, Hunter",5/18/2025,777874,14,100,2025
14,663738,"Lynch IV, Daniel",5/18/2025,777864,14,100,2025
14,674285,"Salazar, Eduardo",6/14/2025,777514,14,100,2025
14,543518,"McGough, Scott",5/19/2025,777854,14,100,2025
14,606160,"Montero, Rafael",5/17/2025,777893,14,100,2025
14,666661,"Morillo, Juan",5/19/2025,777854,14,100,2025
14,685107,"Veneziano, Anthony",4/26/2025,778154,14,100,2025
14,641755,"Kinley, Tyler",3/28/2025,778560,14,100,2025
14,687911,"King, Bryan",4/27/2025,778152,14,100,2025
14,670955,"Uceta, Edwin",5/20/2025,777848,14,100,2025
14,642397,"Soto, Gregory",5/6/2025,778028,14,100,2025
14,642207,"Williams, Devin",5/16/2025,777904,14,100,2025
14,650556,"Abreu, Bryan",6/6/2025,777622,14,100,2025
14,642701,"Santana, Dennis",5/6/2025,778030,14,100,2025
14,592094,"Adam, Jason",6/29/2025,777312,14,100,2025
14,623352,"Hader, Josh",4/28/2025,778142,14,100,2025
14,641329,"Baker, Bryan",4/26/2025,778168,14,100,2025
14,642585,"Bautista, Félix",4/28/2025,778140,14,100,2025
14,661403,"Clase, Emmanuel",4/26/2025,778179,14,100,2025
14,663574,"Santillan, Tony",4/28/2025,778141,14,100,2025
14,621383,"Banks, Tanner",5/19/2025,777852,14,100,2025
14,641941,"Pagán, Emilio",5/24/2025,777791,14,100,2025
14,681869,"Dubin, Shawn",6/6/2025,777622,14,100,2025
14,643338,"Green, Chad",6/24/2025,777384,14,100,2025
14,670280,"Bednar, David",6/6/2025,777621,14,100,2025
13,663947,"Holton, Tyler",4/7/2025,778424,13,100,2025
13,657649,"Koenig, Jared",4/6/2025,778421,13,100,2025
13,669093,"Estrada, Jeremiah",6/29/2025,777312,13,100,2025
13,641401,"Brogdon, Connor",6/11/2025,777542,13,100,2025
13,663158,"Suarez, Robert",5/5/2025,778045,13,100,2025
13,596001,"Junis, Jakob",4/17/2025,778292,13,100,2025
13,669276,"Lee, Dylan",5/13/2025,777942,13,100,2025
13,623352,"Hader, Josh",4/13/2025,778329,13,100,2025
13,489446,"Yates, Kirby",3/28/2025,778544,13,100,2025
13,554340,"García, Yimi",4/25/2025,778185,13,100,2025
13,593974,"Peralta, Wandy",4/25/2025,778172,13,100,2025
13,694037,"Palencia, Daniel",5/26/2025,777757,13,100,2025
13,592426,"Jackson, Luke",5/4/2025,778052,13,100,2025
13,642239,"Zastryzny, Rob",6/17/2025,777482,13,100,2025
13,656457,"Gilbert, Tyler",5/16/2025,777900,13,100,2025
13,621242,"Díaz, Edwin",5/5/2025,778039,13,100,2025
13,681799,"Roberts, Ethan",4/13/2025,778331,13,100,2025
13,657097,"Webb, Jacob",4/2/2025,778480,13,100,2025
13,605447,"Romano, Jordan",5/11/2025,777971,13,100,2025
13,571948,"Milner, Hoby",5/24/2025,777792,13,100,2025
13,687911,"King, Bryan",3/29/2025,778530,13,100,2025
13,542888,"Armstrong, Shawn",5/10/2025,777987,13,100,2025
13,623167,"Flexen, Chris",5/7/2025,778020,13,100,2025
13,643377,"Jax, Griffin",4/29/2025,778129,13,100,2025
13,663485,"Sands, Cole",6/19/2025,777452,13,100,2025
13,642701,"Santana, Dennis",4/9/2025,778389,13,100,2025
13,641329,"Baker, Bryan",6/25/2025,777365,13,100,2025
13,669724,"Hanifee, Brenan",6/22/2025,777409,13,100,2025
13,608671,"Jankowski, Travis",6/29/2025,777313,13,100,2025
13,675848,"Mejia, Juan",4/28/2025,778137,13,100,2025
13,676879,"Ashby, Aaron",6/6/2025,777617,13,100,2025
13,670280,"Bednar, David",6/11/2025,777552,13,100,2025
13,672391,"Ort, Kaleb",7/2/2025,777269,13,100,2025
13,663432,"Rainey, Tanner",5/21/2025,777834,13,100,2025
13,678692,"Henriquez, Ronny",6/8/2025,777592,13,100,2025
13,519151,"Pressly, Ryan",6/9/2025,777578,13,100,2025
13,593974,"Peralta, Wandy",4/4/2025,778460,13,100,2025
13,592779,"Stewart, Brock",6/11/2025,777556,13,100,2025
13,660853,"De Los Santos, Enyel",6/13/2025,777535,13,100,2025
13,573009,"Mantiply, Joe",4/6/2025,778429,13,100,2025
13,669211,"Akin, Keegan",5/31/2025,777699,13,100,2025
13,678606,"Ferrer, Jose A.",5/4/2025,778058,13,100,2025
13,605347,"López, Jorge",4/9/2025,778392,13,100,2025
13,656986,"Sousa, Bennett",6/13/2025,777527,13,100,2025
13,688642,"Agnos, Zach",4/24/2025,778195,13,100,2025
13,573204,"Thielbar, Caleb",4/5/2025,778450,13,100,2025
13,642048,"Saucedo, Tayler",4/4/2025,778444,13,100,2025
13,656986,"Sousa, Bennett",4/9/2025,778383,13,100,2025
13,596001,"Junis, Jakob",3/29/2025,778529,13,100,2025
13,685801,"Bigge, Hunter",4/4/2025,778454,13,100,2025
13,605447,"Romano, Jordan",5/14/2025,777922,13,100,2025
13,519141,"Pomeranz, Drew",5/14/2025,777921,13,100,2025
13,554431,"Matzek, Tyler",5/6/2025,778041,13,100,2025
13,592155,"Booser, Cam",5/5/2025,778043,13,100,2025
13,667463,"King, John",5/28/2025,777740,13,100,2025
13,571948,"Milner, Hoby",4/13/2025,778334,13,100,2025
13,663687,"Harris, Hogan",5/14/2025,777917,13,100,2025
13,661403,"Clase, Emmanuel",4/29/2025,778129,13,100,2025
13,621366,"Borucki, Ryan",4/13/2025,778343,13,100,2025
13,669276,"Lee, Dylan",5/15/2025,777909,13,100,2025
13,656629,"Kopech, Michael",6/26/2025,777344,13,100,2025
13,642100,"Speier, Gabe",4/13/2025,778334,13,100,2025
13,686701,"Bergert, Ryan",5/2/2025,778090,13,100,2025
13,687074,"Owens, Tyler",5/2/2025,778085,13,100,2025
13,672841,"Vargas, Carlos",6/4/2025,777645,13,100,2025
13,683232,"Mears, Nick",5/13/2025,777944,13,100,2025
13,669093,"Estrada, Jeremiah",3/30/2025,778514,13,100,2025
13,519326,"Strickland, Hunter",6/24/2025,777376,13,100,2025
13,683409,"Chivilli, Angel",4/2/2025,778482,13,100,2025
13,669276,"Lee, Dylan",6/29/2025,777316,13,100,2025
13,605447,"Romano, Jordan",6/25/2025,777366,13,100,2025
13,621383,"Banks, Tanner",5/21/2025,777823,13,100,2025
13,660825,"Bazardo, Eduard",5/7/2025,778010,13,100,2025
13,666171,"Zeferjahn, Ryan",5/22/2025,777812,13,100,2025
13,592094,"Adam, Jason",4/22/2025,778221,13,100,2025
13,656457,"Gilbert, Tyler",6/27/2025,777338,13,100,2025
13,608032,"Estévez, Carlos",5/14/2025,777920,13,100,2025
13,682842,"Uribe, Abner",5/10/2025,777981,13,100,2025
13,660825,"Bazardo, Eduard",6/18/2025,777453,13,100,2025
13,663465,"Allard, Kolby",6/26/2025,777354,13,100,2025
13,455119,"Martin, Chris",6/24/2025,777380,13,100,2025
13,643377,"Jax, Griffin",6/24/2025,777375,13,100,2025
13,664199,"Clarke, Taylor",6/24/2025,777378,13,100,2025
13,607455,"Banda, Anthony",6/28/2025,777319,13,100,2025
13,669724,"Hanifee, Brenan",6/14/2025,777517,13,100,2025
13,678821,"Peralta, Luis",4/11/2025,778361,13,100,2025
13,672841,"Vargas, Carlos",4/11/2025,778360,13,100,2025
13,660896,"Alcala, Jorge",6/27/2025,777345,13,100,2025
13,664192,"Lucchesi, Joey",6/18/2025,777454,13,100,2025
13,673513,"Matsui, Yuki",6/17/2025,777471,13,100,2025
13,669371,"Henry, Cole",6/27/2025,777331,13,100,2025
13,670036,"Festa, Matt",6/28/2025,777329,13,100,2025
13,672582,"Zerpa, Angel",6/27/2025,777335,13,100,2025
13,656945,"Scott, Tanner",6/17/2025,777471,13,100,2025
13,687863,"Hodge, Porter",6/25/2025,777357,13,100,2025
13,592426,"Jackson, Luke",6/14/2025,777508,13,100,2025
13,605177,"Chafin, Andrew",6/5/2025,777632,13,100,2025
13,592454,"Kahnle, Tommy",6/5/2025,777634,13,100,2025
13,687911,"King, Bryan",6/1/2025,777690,13,100,2025
13,669276,"Lee, Dylan",6/4/2025,777654,13,100,2025
13,689254,"Fluharty, Mason",6/24/2025,777384,13,100,2025
13,669212,"Morgan, Eli",4/2/2025,778471,13,100,2025
13,663767,"Shugart, Chase",6/4/2025,777648,13,100,2025
13,657024,"Swanson, Erik",6/1/2025,777685,13,100,2025
13,643511,"Rogers, Tyler",4/20/2025,778232,13,100,2025
13,656222,"Beeks, Jalen",4/24/2025,778188,13,100,2025
13,571946,"Miller, Shelby",5/28/2025,777729,13,100,2025
13,666374,"Brash, Matt",6/24/2025,777375,13,100,2025
13,489446,"Yates, Kirby",3/29/2025,778533,13,100,2025
13,573124,"Rogers, Taylor",4/1/2025,778498,13,100,2025
13,666974,"Cano, Yennier",4/19/2025,778262,13,100,2025
13,668674,"Erceg, Lucas",4/22/2025,778215,13,100,2025
13,668941,"Romero, JoJo",5/25/2025,777766,13,100,2025
13,676534,"Faucher, Calvin",6/3/2025,777666,13,100,2025
13,666619,"Santos, Gregory",3/28/2025,778541,13,100,2025
13,657571,"Ferguson, Caleb",3/28/2025,778548,13,100,2025
13,682254,"Montgomery, Mason",5/9/2025,778002,13,100,2025
13,571948,"Milner, Hoby",3/28/2025,778550,13,100,2025
13,664208,"Maton, Phil",3/27/2025,778551,13,100,2025
13,689254,"Fluharty, Mason",4/22/2025,778217,13,100,2025
13,695243,"Miller, Mason",4/23/2025,778197,13,100,2025
13,592454,"Kahnle, Tommy",6/1/2025,777677,13,100,2025
13,656186,"Altavilla, Dan",6/20/2025,777435,13,100,2025
13,623352,"Hader, Josh",7/1/2025,777285,13,100,2025
13,572955,"Johnson, Pierce",7/1/2025,777298,13,100,2025
13,679885,"Martinez, Justin",6/1/2025,777679,13,100,2025
13,518585,"Cruz, Fernando",6/22/2025,777406,13,100,2025
13,660853,"De Los Santos, Enyel",6/21/2025,777424,13,100,2025
13,606965,"Devenski, Chris",6/21/2025,777423,13,100,2025
13,608032,"Estévez, Carlos",4/10/2025,778373,13,100,2025
13,663893,"Little, Brendon",4/2/2025,778478,13,100,2025
13,657612,"Hill, Tim",6/23/2025,777390,13,100,2025
13,547184,"Kelly, Michael",6/19/2025,777441,13,100,2025
13,695418,"Lord, Brad",6/21/2025,777416,13,100,2025
13,657571,"Ferguson, Caleb",4/9/2025,778389,13,100,2025
13,642152,"Trivino, Lou",3/29/2025,778540,13,100,2025
13,687911,"King, Bryan",6/16/2025,777485,13,100,2025
13,542888,"Armstrong, Shawn",5/15/2025,777910,13,100,2025
13,606160,"Montero, Rafael",6/19/2025,777455,13,100,2025
13,683232,"Mears, Nick",4/8/2025,778394,13,100,2025
13,683232,"Mears, Nick",4/9/2025,778379,13,100,2025
13,592155,"Booser, Cam",5/2/2025,778079,13,100,2025
13,614179,"Ruiz, José",4/30/2025,778118,13,100,2025
13,592773,"Stanek, Ryne",6/21/2025,777423,13,100,2025
13,592779,"Stewart, Brock",5/3/2025,778073,13,100,2025
13,666808,"Doval, Camilo",4/30/2025,778105,13,100,2025
13,669199,"Bachar, Lake",4/1/2025,778497,13,100,2025
13,571946,"Miller, Shelby",4/15/2025,778318,13,100,2025
13,672391,"Ort, Kaleb",5/2/2025,778079,13,100,2025
13,622554,"Domínguez, Seranthony",5/26/2025,777771,13,100,2025
13,621051,"Wilson, Steven",5/10/2025,777978,13,100,2025
13,628452,"Iglesias, Raisel",5/11/2025,777967,13,100,2025
13,672582,"Zerpa, Angel",4/18/2025,778277,13,100,2025
13,663158,"Suarez, Robert",5/7/2025,778019,13,100,2025
13,663485,"Sands, Cole",5/8/2025,778007,13,100,2025
13,680704,"Sandlin, Nick",4/16/2025,778297,13,100,2025
13,676254,"Walker, Ryan",4/1/2025,778489,13,100,2025
13,663671,"Enright, Nic",6/15/2025,777495,13,100,2025
13,445276,"Jansen, Kenley",6/18/2025,777466,13,100,2025
13,670955,"Uceta, Edwin",6/18/2025,777463,13,100,2025
13,455119,"Martin, Chris",5/11/2025,777969,13,100,2025
13,621051,"Wilson, Steven",6/15/2025,777493,13,100,2025
13,676254,"Walker, Ryan",5/28/2025,777738,13,100,2025
13,593974,"Peralta, Wandy",4/21/2025,778228,13,100,2025
13,642232,"Yarbrough, Ryan",4/21/2025,778227,13,100,2025
13,642397,"Soto, Gregory",4/24/2025,778193,13,100,2025
13,660896,"Alcala, Jorge",4/1/2025,778490,13,100,2025
13,679885,"Martinez, Justin",5/26/2025,777761,13,100,2025
13,663574,"Santillan, Tony",5/18/2025,777874,13,100,2025
13,670167,"Schreiber, John",5/19/2025,777855,13,100,2025
13,670280,"Bednar, David",4/23/2025,778202,13,100,2025
13,694350,"Brzykcy, Zach",5/28/2025,777730,13,100,2025
13,666171,"Zeferjahn, Ryan",5/16/2025,777899,13,100,2025
13,688642,"Agnos, Zach",4/20/2025,778266,13,100,2025
13,572955,"Johnson, Pierce",4/28/2025,778137,13,100,2025
13,641329,"Baker, Bryan",4/12/2025,778362,13,100,2025
13,605447,"Romano, Jordan",4/27/2025,778158,13,100,2025
13,621363,"Poche, Colin",4/27/2025,778153,13,100,2025
13,689147,"Kerkering, Orion",6/19/2025,777444,13,100,2025
13,656629,"Kopech, Michael",6/20/2025,777427,13,100,2025
13,673380,"Núñez, Dedniel",5/16/2025,777904,13,100,2025
13,676617,"O'Brien, Riley",6/20/2025,777433,13,100,2025
13,640448,"Finnegan, Kyle",6/6/2025,777624,13,100,2025
13,573204,"Thielbar, Caleb",3/27/2025,778552,13,100,2025
13,686580,"Slaten, Justin",3/27/2025,778553,13,100,2025
13,641941,"Pagán, Emilio",4/17/2025,778285,13,100,2025
13,669276,"Lee, Dylan",6/21/2025,777424,13,100,2025
13,666974,"Cano, Yennier",4/28/2025,778140,13,100,2025
13,663485,"Sands, Cole",4/18/2025,778284,13,100,2025
13,672782,"Gómez, Yoendrys",5/5/2025,778047,13,100,2025
13,687863,"Hodge, Porter",4/27/2025,778158,13,100,2025
13,660896,"Alcala, Jorge",7/2/2025,777277,13,100,2025
13,622554,"Domínguez, Seranthony",5/19/2025,777860,13,100,2025
13,622554,"Domínguez, Seranthony",6/10/2025,777573,13,100,2025
13,672578,"Hernández, Carlos",5/19/2025,777852,13,100,2025
13,621366,"Borucki, Ryan",5/23/2025,777806,13,100,2025
13,489446,"Yates, Kirby",4/11/2025,778356,13,100,2025
13,661395,"Duran, Jhoan",6/11/2025,777556,13,100,2025
13,641401,"Brogdon, Connor",5/21/2025,777828,13,100,2025
13,606303,"Payamps, Joel",5/16/2025,777898,13,100,2025
13,671922,"Smith, Cade",5/17/2025,777892,13,100,2025
13,592773,"Stanek, Ryne",4/25/2025,778183,13,100,2025
13,678692,"Henriquez, Ronny",6/29/2025,777303,13,100,2025
13,678692,"Henriquez, Ronny",7/1/2025,777293,13,100,2025
13,688642,"Agnos, Zach",5/23/2025,777802,13,100,2025
13,455119,"Martin, Chris",6/7/2025,777610,13,100,2025
13,643511,"Rogers, Tyler",5/24/2025,777793,13,100,2025
13,664076,"Cleavinger, Garrett",6/13/2025,777528,13,100,2025
13,642152,"Trivino, Lou",4/7/2025,778410,13,100,2025
13,678692,"Henriquez, Ronny",5/21/2025,777833,13,100,2025
13,669711,"Weissert, Greg",6/14/2025,777516,13,100,2025
13,573009,"Mantiply, Joe",4/2/2025,778484,13,100,2025
13,596001,"Junis, Jakob",4/9/2025,778391,13,100,2025
13,695243,"Miller, Mason",4/5/2025,778442,13,100,2025
13,595345,"Okert, Steven",4/20/2025,778237,13,100,2025
13,675848,"Mejia, Juan",6/7/2025,777604,13,100,2025
13,592155,"Booser, Cam",6/7/2025,777606,13,100,2025
13,682254,"Montgomery, Mason",6/11/2025,777561,13,100,2025
13,623149,"Sewald, Paul",4/1/2025,778485,13,100,2025
13,661395,"Duran, Jhoan",4/29/2025,778129,13,100,2025
13,683175,"Phillips, Connor",6/24/2025,777385,13,100,2025
13,670280,"Bednar, David",6/13/2025,777526,13,100,2025
13,660825,"Bazardo, Eduard",4/19/2025,778258,13,100,2025
13,656222,"Beeks, Jalen",5/21/2025,777824,13,100,2025
13,656464,"Ginkel, Kevin",5/6/2025,778032,13,100,2025
13,592836,"Walker, Taijuan",6/10/2025,777571,13,100,2025
13,668674,"Erceg, Lucas",4/25/2025,778187,13,100,2025
13,661403,"Clase, Emmanuel",6/7/2025,777608,13,100,2025
13,672578,"Hernández, Carlos",6/9/2025,777578,13,100,2025
13,595345,"Okert, Steven",4/25/2025,778187,13,100,2025
13,687330,"Kelly, Kevin",6/8/2025,777592,13,100,2025
13,643410,"Leiter Jr., Mark",6/11/2025,777551,13,100,2025
13,596001,"Junis, Jakob",7/1/2025,777287,13,100,2025
13,667463,"King, John",4/17/2025,778278,13,100,2025
13,621383,"Banks, Tanner",6/9/2025,777578,13,100,2025
13,676477,"Whitlock, Garrett",6/8/2025,777593,13,100,2025
13,670970,"Morejon, Adrian",6/11/2025,777543,13,100,2025
13,675848,"Mejia, Juan",6/29/2025,777301,13,100,2025
13,663158,"Suarez, Robert",6/6/2025,777617,13,100,2025
13,669060,"Wilson, Bryse",6/6/2025,777618,13,100,2025
13,592454,"Kahnle, Tommy",5/30/2025,777711,13,100,2025
13,669062,"Miller, Erik",5/21/2025,777819,13,100,2025
13,663574,"Santillan, Tony",7/2/2025,777277,13,100,2025
13,622554,"Domínguez, Seranthony",5/31/2025,777699,13,100,2025
13,669371,"Henry, Cole",5/22/2025,777820,13,100,2025
13,661395,"Duran, Jhoan",5/30/2025,777713,13,100,2025
13,668716,"Murdock, Noah",5/6/2025,778024,13,100,2025
13,683769,"Gaddis, Hunter",5/31/2025,777703,13,100,2025
13,689266,"Dodd, Dylan",5/30/2025,777719,13,100,2025
13,543056,"Coulombe, Danny",4/8/2025,778400,13,100,2025
13,664126,"Fairbanks, Pete",6/7/2025,777611,13,100,2025
13,605447,"Romano, Jordan",4/6/2025,778434,13,100,2025
13,663432,"Rainey, Tanner",5/30/2025,777707,13,100,2025
13,641656,"Hamilton, Ian",4/8/2025,778403,13,100,2025
13,519326,"Strickland, Hunter",6/13/2025,777539,13,100,2025
13,573009,"Mantiply, Joe",4/5/2025,778452,13,100,2025
13,489446,"Yates, Kirby",4/2/2025,778472,13,100,2025
13,518585,"Cruz, Fernando",4/5/2025,778449,13,100,2025
13,689147,"Kerkering, Orion",5/24/2025,777784,13,100,2025
13,657514,"Bernardino, Brennan",4/10/2025,778377,13,100,2025
13,657585,"Garrett, Reed",4/6/2025,778435,13,100,2025
13,657612,"Hill, Tim",4/7/2025,778424,13,100,2025
13,621237,"Alvarado, José",4/2/2025,778482,13,100,2025
13,694037,"Palencia, Daniel",5/21/2025,777833,13,100,2025
13,623352,"Hader, Josh",4/3/2025,778462,13,100,2025
13,662253,"Muñoz, Andrés",4/7/2025,778405,13,100,2025
13,676755,"Mattson, Isaac",6/7/2025,777607,13,100,2025
13,605177,"Chafin, Andrew",5/15/2025,777909,13,100,2025
13,640448,"Finnegan, Kyle",5/4/2025,778058,13,100,2025
13,678495,"Rodríguez, Randy",4/6/2025,778427,13,100,2025
13,682254,"Montgomery, Mason",4/9/2025,778399,13,100,2025
13,663738,"Lynch IV, Daniel",5/5/2025,778043,13,100,2025
13,683769,"Gaddis, Hunter",4/8/2025,778402,13,100,2025
13,682842,"Uribe, Abner",5/4/2025,778054,13,100,2025
13,605463,"Scott, Tayler",4/5/2025,778440,13,100,2025
13,592094,"Adam, Jason",4/29/2025,778126,13,100,2025
13,664854,"Helsley, Ryan",5/12/2025,777953,13,100,2025
13,621363,"Poche, Colin",4/14/2025,778321,13,100,2025
13,621383,"Banks, Tanner",4/11/2025,778365,13,100,2025
13,671131,"Rutledge, Jackson",4/12/2025,778354,13,100,2025
13,689254,"Fluharty, Mason",5/6/2025,778025,13,100,2025
13,673380,"Núñez, Dedniel",5/14/2025,777919,13,100,2025
13,663947,"Holton, Tyler",5/2/2025,778085,13,100,2025
13,455119,"Martin, Chris",3/29/2025,778531,13,100,2025
13,694037,"Palencia, Daniel",5/6/2025,778027,13,100,2025
13,554340,"García, Yimi",3/31/2025,778507,13,100,2025
13,694037,"Palencia, Daniel",5/4/2025,778054,13,100,2025
13,820862,"Fermin, José",5/6/2025,778025,13,100,2025
13,655889,"Rodríguez, Manuel",3/29/2025,778537,13,100,2025
13,670167,"Schreiber, John",4/30/2025,778113,13,100,2025
13,678495,"Rodríguez, Randy",5/12/2025,777939,13,100,2025
13,666619,"Santos, Gregory",4/1/2025,778486,13,100,2025
13,669211,"Akin, Keegan",3/31/2025,778512,13,100,2025
13,669622,"Bender, Anthony",3/30/2025,778519,13,100,2025
13,682842,"Uribe, Abner",4/29/2025,778125,13,100,2025
13,678316,"Cruz, Omar",4/1/2025,778485,13,100,2025
13,682842,"Uribe, Abner",4/1/2025,778488,13,100,2025
13,689147,"Kerkering, Orion",3/31/2025,778502,13,100,2025
13,689690,"Jacob, Alek",5/12/2025,777947,13,100,2025
13,640448,"Finnegan, Kyle",4/5/2025,778452,13,100,2025
13,669724,"Hanifee, Brenan",5/21/2025,777827,13,100,2025
13,678020,"Halvorsen, Seth",5/23/2025,777802,13,100,2025
13,682120,"Herrin, Tim",5/22/2025,777821,13,100,2025
13,682120,"Herrin, Tim",5/24/2025,777796,13,100,2025
13,657571,"Ferguson, Caleb",5/7/2025,778016,13,100,2025
13,592155,"Booser, Cam",5/13/2025,777945,13,100,2025
13,592779,"Stewart, Brock",6/26/2025,777356,13,100,2025
13,573204,"Thielbar, Caleb",3/19/2025,778564,13,100,2025
13,685126,"Eisert, Brandon",5/14/2025,777928,13,100,2025
13,676254,"Walker, Ryan",5/11/2025,777956,13,100,2025
13,519141,"Pomeranz, Drew",6/28/2025,777320,13,100,2025
13,542888,"Armstrong, Shawn",6/28/2025,777322,13,100,2025
13,678692,"Henriquez, Ronny",5/9/2025,777991,13,100,2025
13,682120,"Herrin, Tim",5/9/2025,777997,13,100,2025
13,657044,"Thompson, Ryan",6/28/2025,777318,13,100,2025
13,657649,"Koenig, Jared",6/27/2025,777339,13,100,2025
13,666171,"Zeferjahn, Ryan",6/28/2025,777315,13,100,2025
13,666661,"Morillo, Juan",6/28/2025,777318,13,100,2025
13,669276,"Lee, Dylan",4/25/2025,778177,13,100,2025
13,672282,"Detmers, Reid",6/24/2025,777376,13,100,2025
13,547973,"Chapman, Aroldis",6/16/2025,777486,13,100,2025
13,678606,"Ferrer, Jose A.",6/24/2025,777372,13,100,2025
13,680767,"Vodnik, Victor",6/16/2025,777488,13,100,2025
13,663423,"Thornton, Trent",6/25/2025,777363,13,100,2025
13,683175,"Phillips, Connor",6/25/2025,777367,13,100,2025
13,663767,"Shugart, Chase",6/27/2025,777341,13,100,2025
13,623352,"Hader, Josh",6/15/2025,777494,13,100,2025
13,641329,"Baker, Bryan",6/1/2025,777684,13,100,2025
13,678692,"Henriquez, Ronny",6/17/2025,777481,13,100,2025
13,622554,"Domínguez, Seranthony",6/4/2025,777645,13,100,2025
13,664192,"Lucchesi, Joey",6/15/2025,777498,13,100,2025
13,643377,"Jax, Griffin",6/4/2025,777643,13,100,2025
13,656730,"Megill, Trevor",6/2/2025,777671,13,100,2025
13,656945,"Scott, Tanner",6/15/2025,777498,13,100,2025
13,571948,"Milner, Hoby",6/1/2025,777678,13,100,2025
13,663969,"Phillips, Tyler",6/3/2025,777666,13,100,2025
13,622786,"Tinoco, Jesus",6/1/2025,777689,13,100,2025
13,669724,"Hanifee, Brenan",4/12/2025,778348,13,100,2025
13,678606,"Ferrer, Jose A.",6/27/2025,777331,13,100,2025
13,663687,"Harris, Hogan",6/14/2025,777511,13,100,2025
13,642100,"Speier, Gabe",4/24/2025,778196,13,100,2025
13,643377,"Jax, Griffin",4/22/2025,778216,13,100,2025
13,678020,"Halvorsen, Seth",6/12/2025,777534,13,100,2025
13,674444,"Cruz, Steven",4/11/2025,778375,13,100,2025
13,664076,"Cleavinger, Garrett",4/20/2025,778240,13,100,2025
13,695445,"Lee, Chase",6/28/2025,777324,13,100,2025
13,682842,"Uribe, Abner",4/12/2025,778350,13,100,2025
13,673929,"Leasure, Jordan",4/23/2025,778201,13,100,2025
13,676130,"Buttó, José",4/22/2025,778223,13,100,2025
13,656186,"Altavilla, Dan",6/3/2025,777661,13,100,2025
13,672282,"Detmers, Reid",6/29/2025,777305,13,100,2025
13,681517,"Leahy, Kyle",4/21/2025,778233,13,100,2025
13,643377,"Jax, Griffin",6/14/2025,777510,13,100,2025
13,592454,"Kahnle, Tommy",6/29/2025,777314,13,100,2025
13,624431,"Trevino, Jose",6/30/2025,777300,13,100,2025
13,607455,"Banda, Anthony",6/22/2025,777398,13,100,2025
13,596133,"Weaver, Luke",6/29/2025,777307,13,100,2025
13,672582,"Zerpa, Angel",7/1/2025,777281,13,100,2025
13,656271,"Burke, Brock",6/19/2025,777449,13,100,2025
13,628452,"Iglesias, Raisel",4/9/2025,778393,13,100,2025
13,668941,"Romero, JoJo",4/9/2025,778389,13,100,2025
13,656457,"Gilbert, Tyler",6/20/2025,777435,13,100,2025
13,682120,"Herrin, Tim",4/9/2025,778391,13,100,2025
13,686973,"Varland, Louis",4/6/2025,778419,13,100,2025
13,620454,"Castillo, José",6/7/2025,777604,13,100,2025
13,687911,"King, Bryan",4/6/2025,778419,13,100,2025
13,519151,"Pressly, Ryan",5/1/2025,778100,13,100,2025
13,623474,"Herget, Jimmy",5/30/2025,777718,13,100,2025
13,628452,"Iglesias, Raisel",6/1/2025,777692,13,100,2025
13,657044,"Thompson, Ryan",5/1/2025,778103,13,100,2025
13,667463,"King, John",6/3/2025,777660,13,100,2025
13,668941,"Romero, JoJo",4/30/2025,778134,13,100,2025
13,641745,"Keller, Brad",6/5/2025,777632,13,100,2025
13,571946,"Miller, Shelby",6/21/2025,777410,13,100,2025
13,694037,"Palencia, Daniel",6/21/2025,777419,13,100,2025
13,519141,"Pomeranz, Drew",5/10/2025,777982,13,100,2025
13,571948,"Milner, Hoby",5/7/2025,778018,13,100,2025
13,519151,"Pressly, Ryan",6/3/2025,777659,13,100,2025
13,641302,"Alexander, Tyler",5/10/2025,777981,13,100,2025
13,686973,"Varland, Louis",6/19/2025,777452,13,100,2025
13,656457,"Gilbert, Tyler",5/7/2025,778012,13,100,2025
13,656730,"Megill, Trevor",5/11/2025,777964,13,100,2025
13,678495,"Rodríguez, Randy",6/2/2025,777676,13,100,2025
13,642528,"Loáisiga, Jonathan",6/13/2025,777537,13,100,2025
13,657649,"Koenig, Jared",5/10/2025,777981,13,100,2025
13,668941,"Romero, JoJo",6/5/2025,777642,13,100,2025
13,656271,"Burke, Brock",3/31/2025,778503,13,100,2025
13,605463,"Scott, Tayler",4/16/2025,778290,13,100,2025
13,683232,"Mears, Nick",5/10/2025,777981,13,100,2025
13,686580,"Slaten, Justin",5/8/2025,778006,13,100,2025
13,642100,"Speier, Gabe",4/17/2025,778285,13,100,2025
13,642397,"Soto, Gregory",4/16/2025,778301,13,100,2025
13,672282,"Detmers, Reid",6/16/2025,777487,13,100,2025
13,622554,"Domínguez, Seranthony",6/18/2025,777463,13,100,2025
13,663485,"Sands, Cole",4/1/2025,778490,13,100,2025
13,669711,"Weissert, Greg",6/3/2025,777667,13,100,2025
13,670167,"Schreiber, John",6/15/2025,777496,13,100,2025
13,681911,"Vesia, Alex",6/15/2025,777498,13,100,2025
13,657044,"Thompson, Ryan",4/27/2025,778147,13,100,2025
13,674444,"Cruz, Steven",4/18/2025,778277,13,100,2025
13,612434,"Castro, Miguel",5/25/2025,777777,13,100,2025
13,623211,"Brazobán, Huascar",4/23/2025,778203,13,100,2025
13,650556,"Abreu, Bryan",4/22/2025,778217,13,100,2025
13,657044,"Thompson, Ryan",4/22/2025,778212,13,100,2025
13,573204,"Thielbar, Caleb",5/6/2025,778027,13,100,2025
13,656546,"Hoffman, Jeff",5/26/2025,777759,13,100,2025
13,678024,"Vasil, Mike",4/19/2025,778264,13,100,2025
13,657514,"Bernardino, Brennan",6/20/2025,777425,13,100,2025
13,663687,"Harris, Hogan",5/20/2025,777843,13,100,2025
13,689266,"Dodd, Dylan",6/20/2025,777439,13,100,2025
13,664854,"Helsley, Ryan",5/27/2025,777754,13,100,2025
13,656464,"Ginkel, Kevin",6/20/2025,777430,13,100,2025
13,643377,"Jax, Griffin",5/16/2025,777898,13,100,2025
13,672578,"Hernández, Carlos",6/19/2025,777451,13,100,2025
13,642528,"Loáisiga, Jonathan",6/19/2025,777449,13,100,2025
13,679358,"Orze, Eric",6/22/2025,777409,13,100,2025
13,573124,"Rogers, Taylor",6/22/2025,777407,13,100,2025
13,621199,"Bowman, Matt",4/15/2025,778317,13,100,2025
13,657240,"Merryweather, Julian",4/15/2025,778305,13,100,2025
13,662253,"Muñoz, Andrés",4/17/2025,778285,13,100,2025
13,687330,"Kelly, Kevin",3/30/2025,778524,13,100,2025
13,571927,"Matz, Steven",4/26/2025,778164,13,100,2025
13,643410,"Leiter Jr., Mark",5/20/2025,777849,13,100,2025
13,689147,"Kerkering, Orion",4/17/2025,778279,13,100,2025
13,700187,"Taylor, Troy",4/16/2025,778304,13,100,2025
13,641329,"Baker, Bryan",5/20/2025,777844,13,100,2025
13,656546,"Hoffman, Jeff",4/25/2025,778185,13,100,2025
13,607481,"Bummer, Aaron",5/17/2025,777893,13,100,2025
13,666974,"Cano, Yennier",5/17/2025,777890,13,100,2025
13,663485,"Sands, Cole",4/25/2025,778186,13,100,2025
13,621366,"Borucki, Ryan",5/5/2025,778036,13,100,2025
13,666808,"Doval, Camilo",5/20/2025,777836,13,100,2025
13,664139,"Gibaut, Ian",4/25/2025,778181,13,100,2025
13,682254,"Montgomery, Mason",5/19/2025,777858,13,100,2025
13,606303,"Payamps, Joel",5/17/2025,777883,13,100,2025
13,655889,"Rodríguez, Manuel",5/19/2025,777858,13,100,2025
13,681911,"Vesia, Alex",5/20/2025,777838,13,100,2025
13,641302,"Alexander, Tyler",5/24/2025,777794,13,100,2025
13,681982,"Anderson, Grant",6/29/2025,777301,13,100,2025
13,660825,"Bazardo, Eduard",4/25/2025,778175,13,100,2025
12,674444,"Cruz, Steven",5/8/2025,778008,12,100,2025
12,669211,"Akin, Keegan",5/7/2025,778011,12,100,2025
12,593974,"Peralta, Wandy",5/9/2025,777993,12,100,2025
12,621383,"Banks, Tanner",5/2/2025,778086,12,100,2025
12,605347,"López, Jorge",4/16/2025,778293,12,100,2025
12,669711,"Weissert, Greg",6/1/2025,777692,12,100,2025
12,670955,"Uceta, Edwin",4/6/2025,778420,12,100,2025
12,702795,"Loutos, Ryan",6/19/2025,777445,12,100,2025
12,669093,"Estrada, Jeremiah",6/21/2025,777413,12,100,2025
12,663738,"Lynch IV, Daniel",6/5/2025,777642,12,100,2025
12,608371,"Sims, Lucas",3/29/2025,778535,12,100,2025
12,621381,"Strahm, Matt",4/6/2025,778434,12,100,2025
12,682254,"Montgomery, Mason",3/28/2025,778560,12,100,2025
12,605463,"Scott, Tayler",3/28/2025,778518,12,100,2025
12,657514,"Bernardino, Brennan",5/27/2025,777747,12,100,2025
12,669308,"Reynolds, Sean",5/27/2025,777742,12,100,2025
12,657585,"Garrett, Reed",4/21/2025,778225,12,100,2025
12,623465,"Phillips, Evan",4/19/2025,778251,12,100,2025
12,686973,"Varland, Louis",4/13/2025,778335,12,100,2025
12,605154,"Brebbia, John",6/2/2025,777674,12,100,2025
12,806188,"Gibson, Cade",6/27/2025,777332,12,100,2025
12,608032,"Estévez, Carlos",6/18/2025,777460,12,100,2025
12,694350,"Brzykcy, Zach",5/15/2025,777909,12,100,2025
12,670036,"Festa, Matt",5/13/2025,777944,12,100,2025
12,689254,"Fluharty, Mason",5/24/2025,777795,12,100,2025
12,663485,"Sands, Cole",6/28/2025,777324,12,100,2025
12,669622,"Bender, Anthony",5/10/2025,777978,12,100,2025
12,643377,"Jax, Griffin",5/24/2025,777788,12,100,2025
12,660853,"De Los Santos, Enyel",4/13/2025,778340,12,100,2025
12,655889,"Rodríguez, Manuel",5/8/2025,778005,12,100,2025
12,663158,"Suarez, Robert",4/12/2025,778352,12,100,2025
12,676508,"Casparius, Ben",3/18/2025,778563,12,100,2025
12,621381,"Strahm, Matt",3/30/2025,778526,12,100,2025
12,678024,"Vasil, Mike",5/1/2025,778094,12,100,2025
12,672578,"Hernández, Carlos",4/11/2025,778365,12,100,2025
12,573124,"Rogers, Taylor",4/11/2025,778374,12,100,2025
12,689254,"Fluharty, Mason",4/8/2025,778404,12,100,2025
12,642701,"Santana, Dennis",4/14/2025,778321,12,100,2025
12,554340,"García, Yimi",5/1/2025,778095,12,100,2025
12,664139,"Gibaut, Ian",5/23/2025,777811,12,100,2025
12,621381,"Strahm, Matt",5/12/2025,777953,12,100,2025
12,642100,"Speier, Gabe",4/2/2025,778469,12,100,2025
12,623211,"Brazobán, Huascar",4/9/2025,778390,12,100,2025
12,680755,"Fisher, Braydon",6/13/2025,777531,12,100,2025
12,663878,"Pearson, Nate",4/2/2025,778471,12,100,2025
12,672582,"Zerpa, Angel",5/24/2025,777788,12,100,2025
12,670955,"Uceta, Edwin",6/6/2025,777625,12,100,2025
12,687330,"Kelly, Kevin",7/2/2025,777271,12,100,2025
12,661403,"Clase, Emmanuel",6/8/2025,777591,12,100,2025
12,691799,"Taylor, Grant",6/10/2025,777567,12,100,2025
12,672282,"Detmers, Reid",6/10/2025,777564,12,100,2025
12,680755,"Fisher, Braydon",6/7/2025,777600,12,100,2025
12,623352,"Hader, Josh",6/6/2025,777622,12,100,2025
12,645444,"Herrera, Jose",6/7/2025,777612,12,100,2025
12,668390,"Winn, Cole",6/10/2025,777557,12,100,2025
12,458677,"Wilson, Justin",6/11/2025,777561,12,100,2025
12,668941,"Romero, JoJo",6/29/2025,777309,12,100,2025
12,656222,"Beeks, Jalen",5/30/2025,777710,12,100,2025
12,519151,"Pressly, Ryan",6/10/2025,777571,12,100,2025
12,663767,"Shugart, Chase",6/9/2025,777574,12,100,2025
12,669711,"Weissert, Greg",6/7/2025,777605,12,100,2025
12,676395,"Garcia, Robert",5/3/2025,778070,12,100,2025
12,689225,"Brieske, Beau",5/30/2025,777711,12,100,2025
12,458677,"Wilson, Justin",4/10/2025,778377,12,100,2025
12,682120,"Herrin, Tim",6/6/2025,777622,12,100,2025
12,674444,"Cruz, Steven",6/14/2025,777511,12,100,2025
12,673929,"Leasure, Jordan",5/21/2025,777830,12,100,2025
12,621057,"Garza, Justin",6/14/2025,777518,12,100,2025
12,695418,"Lord, Brad",6/14/2025,777514,12,100,2025
12,621366,"Borucki, Ryan",4/9/2025,778389,12,100,2025
12,543056,"Coulombe, Danny",4/2/2025,778474,12,100,2025
12,593974,"Peralta, Wandy",7/2/2025,777290,12,100,2025
12,592773,"Stanek, Ryne",4/2/2025,778481,12,100,2025
12,622780,"Perdomo, Angel",4/7/2025,778414,12,100,2025
12,688297,"Roycroft, Chris",5/21/2025,777827,12,100,2025
12,657514,"Bernardino, Brennan",4/4/2025,778463,12,100,2025
12,689254,"Fluharty, Mason",5/22/2025,777816,12,100,2025
12,664875,"Lawrence, Justin",4/5/2025,778449,12,100,2025
12,669093,"Estrada, Jeremiah",5/30/2025,777707,12,100,2025
12,668933,"Ashcraft, Graham",4/3/2025,778468,12,100,2025
12,674285,"Salazar, Eduardo",4/5/2025,778452,12,100,2025
12,682842,"Uribe, Abner",4/2/2025,778477,12,100,2025
12,695243,"Miller, Mason",4/2/2025,778471,12,100,2025
12,678020,"Halvorsen, Seth",4/10/2025,778371,12,100,2025
12,623474,"Herget, Jimmy",5/3/2025,778069,12,100,2025
12,642100,"Speier, Gabe",5/3/2025,778070,12,100,2025
12,687911,"King, Bryan",4/28/2025,778142,12,100,2025
12,681676,"Fernandez, Ryan",4/9/2025,778389,12,100,2025
12,663485,"Sands, Cole",5/3/2025,778073,12,100,2025
12,669622,"Bender, Anthony",5/3/2025,778075,12,100,2025
12,455119,"Martin, Chris",4/11/2025,778360,12,100,2025
12,687849,"Kent, Zak",5/6/2025,778046,12,100,2025
12,573204,"Thielbar, Caleb",4/30/2025,778112,12,100,2025
12,595345,"Okert, Steven",4/30/2025,778110,12,100,2025
12,623437,"Topa, Justin",5/1/2025,778108,12,100,2025
12,657097,"Webb, Jacob",4/13/2025,778334,12,100,2025
12,671109,"Eder, Jake",5/2/2025,778085,12,100,2025
12,657571,"Ferguson, Caleb",6/13/2025,777526,12,100,2025
12,678020,"Halvorsen, Seth",4/29/2025,778120,12,100,2025
12,643410,"Leiter Jr., Mark",4/3/2025,778466,12,100,2025
12,672391,"Ort, Kaleb",5/14/2025,777920,12,100,2025
12,672282,"Detmers, Reid",5/14/2025,777914,12,100,2025
12,641343,"Bauers, Jake",3/30/2025,778523,12,100,2025
12,650489,"Castro, Willi",3/31/2025,778506,12,100,2025
12,682825,"Mey, Luis",5/15/2025,777912,12,100,2025
12,685107,"Veneziano, Anthony",4/1/2025,778497,12,100,2025
12,686642,"Ellard, Fraser",3/30/2025,778527,12,100,2025
12,663158,"Suarez, Robert",4/2/2025,778476,12,100,2025
12,621242,"Díaz, Edwin",5/23/2025,777808,12,100,2025
12,656457,"Gilbert, Tyler",5/11/2025,777966,12,100,2025
12,641329,"Baker, Bryan",5/24/2025,777809,12,100,2025
12,642701,"Santana, Dennis",5/21/2025,777834,12,100,2025
12,664076,"Cleavinger, Garrett",5/7/2025,778021,12,100,2025
12,668933,"Ashcraft, Graham",5/21/2025,777834,12,100,2025
12,668970,"Hollowell, Gavin",5/11/2025,777968,12,100,2025
12,663574,"Santillan, Tony",4/4/2025,778453,12,100,2025
12,683769,"Gaddis, Hunter",5/21/2025,777829,12,100,2025
12,650556,"Abreu, Bryan",6/24/2025,777377,12,100,2025
12,673965,"Freeman, Caleb",5/7/2025,778012,12,100,2025
12,640448,"Finnegan, Kyle",6/13/2025,777530,12,100,2025
12,642207,"Williams, Devin",5/13/2025,777926,12,100,2025
12,668674,"Erceg, Lucas",5/13/2025,777931,12,100,2025
12,672391,"Ort, Kaleb",5/12/2025,777948,12,100,2025
12,679775,"Backhus, Kyle",6/17/2025,777479,12,100,2025
12,683627,"Molina, Anthony",5/14/2025,777918,12,100,2025
12,518585,"Cruz, Fernando",6/24/2025,777385,12,100,2025
12,681869,"Dubin, Shawn",6/15/2025,777494,12,100,2025
12,621381,"Strahm, Matt",6/25/2025,777366,12,100,2025
12,664126,"Fairbanks, Pete",6/18/2025,777463,12,100,2025
12,695445,"Lee, Chase",6/17/2025,777475,12,100,2025
12,660853,"De Los Santos, Enyel",6/24/2025,777387,12,100,2025
12,702795,"Loutos, Ryan",6/18/2025,777461,12,100,2025
12,681982,"Anderson, Grant",6/24/2025,777374,12,100,2025
12,642100,"Speier, Gabe",6/18/2025,777453,12,100,2025
12,669711,"Weissert, Greg",6/18/2025,777453,12,100,2025
12,666215,"Whitley, Forrest",6/18/2025,777463,12,100,2025
12,666215,"Whitley, Forrest",6/16/2025,777484,12,100,2025
12,678495,"Rodríguez, Randy",4/2/2025,778475,12,100,2025
12,643338,"Green, Chad",6/4/2025,777651,12,100,2025
12,596271,"Lawrence, Casey",4/19/2025,778258,12,100,2025
12,695445,"Lee, Chase",6/1/2025,777677,12,100,2025
12,607455,"Banda, Anthony",4/23/2025,778205,12,100,2025
12,695445,"Lee, Chase",6/24/2025,777386,12,100,2025
12,682842,"Uribe, Abner",6/2/2025,777671,12,100,2025
12,642215,"Wilson, Weston",6/5/2025,777637,12,100,2025
12,643511,"Rogers, Tyler",4/19/2025,778243,12,100,2025
12,596112,"Stephenson, Robert",5/28/2025,777728,12,100,2025
12,663465,"Allard, Kolby",6/5/2025,777644,12,100,2025
12,676263,"Dreyer, Jack",5/30/2025,777708,12,100,2025
12,663485,"Sands, Cole",5/25/2025,777772,12,100,2025
12,663687,"Harris, Hogan",5/29/2025,777727,12,100,2025
12,667463,"King, John",4/23/2025,778214,12,100,2025
12,668984,"Legumina, Casey",6/14/2025,777507,12,100,2025
12,661395,"Duran, Jhoan",6/4/2025,777643,12,100,2025
12,592094,"Adam, Jason",3/30/2025,778514,12,100,2025
12,676263,"Dreyer, Jack",4/19/2025,778251,12,100,2025
12,695243,"Miller, Mason",5/25/2025,777765,12,100,2025
12,700669,"Graceffo, Gordon",5/26/2025,777771,12,100,2025
12,595345,"Okert, Steven",3/28/2025,778518,12,100,2025
12,676684,"Vest, Will",4/23/2025,778209,12,100,2025
12,679885,"Martinez, Justin",4/23/2025,778199,12,100,2025
12,689225,"Brieske, Beau",3/27/2025,778546,12,100,2025
12,680767,"Vodnik, Victor",3/28/2025,778560,12,100,2025
12,665660,"Alvarado, Elvis",7/2/2025,777271,12,100,2025
12,547973,"Chapman, Aroldis",6/29/2025,777310,12,100,2025
12,677161,"Kelly, Zack",6/3/2025,777667,12,100,2025
12,643338,"Green, Chad",7/1/2025,777283,12,100,2025
12,641755,"Kinley, Tyler",6/29/2025,777301,12,100,2025
12,676254,"Walker, Ryan",6/29/2025,777311,12,100,2025
12,661403,"Clase, Emmanuel",6/21/2025,777411,12,100,2025
12,489446,"Yates, Kirby",4/9/2025,778392,12,100,2025
12,678692,"Henriquez, Ronny",6/22/2025,777402,12,100,2025
12,605154,"Brebbia, John",4/6/2025,778433,12,100,2025
12,605447,"Romano, Jordan",4/10/2025,778384,12,100,2025
12,656945,"Scott, Tanner",4/9/2025,778392,12,100,2025
12,642701,"Santana, Dennis",3/29/2025,778539,12,100,2025
12,657585,"Garrett, Reed",4/8/2025,778407,12,100,2025
12,668674,"Erceg, Lucas",4/10/2025,778373,12,100,2025
12,688158,"Morgan, David",6/20/2025,777426,12,100,2025
12,593576,"Neris, Héctor",6/19/2025,777449,12,100,2025
12,670970,"Morejon, Adrian",4/9/2025,778381,12,100,2025
12,686826,"Jarvis, Bryce",4/9/2025,778380,12,100,2025
12,678495,"Rodríguez, Randy",6/19/2025,777440,12,100,2025
12,573124,"Rogers, Taylor",5/1/2025,778107,12,100,2025
12,606303,"Payamps, Joel",4/29/2025,778125,12,100,2025
12,621363,"Poche, Colin",4/30/2025,778118,12,100,2025
12,669199,"Bachar, Lake",4/30/2025,778109,12,100,2025
12,672282,"Detmers, Reid",4/30/2025,778104,12,100,2025
12,663893,"Little, Brendon",5/30/2025,777716,12,100,2025
12,678606,"Ferrer, Jose A.",4/29/2025,778131,12,100,2025
12,668674,"Erceg, Lucas",3/29/2025,778529,12,100,2025
12,686973,"Varland, Louis",5/1/2025,778108,12,100,2025
12,643511,"Rogers, Tyler",5/28/2025,777738,12,100,2025
12,641745,"Keller, Brad",5/28/2025,777731,12,100,2025
12,676684,"Vest, Will",4/16/2025,778295,12,100,2025
12,670167,"Schreiber, John",5/9/2025,777990,12,100,2025
12,681982,"Anderson, Grant",4/15/2025,778310,12,100,2025
12,673929,"Leasure, Jordan",5/9/2025,777991,12,100,2025
12,660853,"De Los Santos, Enyel",5/27/2025,777748,12,100,2025
12,662253,"Muñoz, Andrés",5/29/2025,777722,12,100,2025
12,641329,"Baker, Bryan",5/16/2025,777907,12,100,2025
12,621053,"Ferguson, Tyler",5/5/2025,778038,12,100,2025
12,660853,"De Los Santos, Enyel",5/17/2025,777893,12,100,2025
12,669308,"Reynolds, Sean",6/15/2025,777491,12,100,2025
12,663485,"Sands, Cole",6/15/2025,777494,12,100,2025
12,623167,"Flexen, Chris",5/6/2025,778027,12,100,2025
12,672578,"Hernández, Carlos",5/29/2025,777723,12,100,2025
12,664854,"Helsley, Ryan",5/17/2025,777885,12,100,2025
12,641745,"Keller, Brad",5/18/2025,777872,12,100,2025
12,676263,"Dreyer, Jack",5/27/2025,777753,12,100,2025
12,682171,"Murfee, Penn",3/29/2025,778534,12,100,2025
12,642528,"Loáisiga, Jonathan",5/16/2025,777904,12,100,2025
12,571946,"Miller, Shelby",5/20/2025,777838,12,100,2025
12,656945,"Scott, Tanner",4/22/2025,778220,12,100,2025
12,663158,"Suarez, Robert",4/22/2025,778221,12,100,2025
12,656945,"Scott, Tanner",5/17/2025,777884,12,100,2025
12,681982,"Anderson, Grant",4/21/2025,778226,12,100,2025
12,543056,"Coulombe, Danny",4/25/2025,778186,12,100,2025
12,518489,"Brasier, Ryan",6/23/2025,777392,12,100,2025
12,685126,"Eisert, Brandon",6/22/2025,777408,12,100,2025
12,623465,"Phillips, Evan",4/28/2025,778132,12,100,2025
12,663947,"Holton, Tyler",6/22/2025,777409,12,100,2025
12,672841,"Vargas, Carlos",6/14/2025,777507,12,100,2025
12,688158,"Morgan, David",6/23/2025,777382,12,100,2025
12,642701,"Santana, Dennis",6/21/2025,777421,12,100,2025
12,686973,"Varland, Louis",3/27/2025,778551,12,100,2025
12,689147,"Kerkering, Orion",3/27/2025,778555,12,100,2025
12,605130,"Barlow, Scott",4/16/2025,778304,12,100,2025
12,643410,"Leiter Jr., Mark",3/27/2025,778557,12,100,2025
12,672841,"Vargas, Carlos",4/16/2025,778304,12,100,2025
12,641401,"Brogdon, Connor",5/22/2025,777812,12,100,2025
12,605177,"Chafin, Andrew",5/18/2025,777873,12,100,2025
12,621242,"Díaz, Edwin",6/10/2025,777570,12,100,2025
12,678020,"Halvorsen, Seth",6/10/2025,777563,12,100,2025
12,642397,"Soto, Gregory",5/16/2025,777907,12,100,2025
12,596001,"Junis, Jakob",6/7/2025,777608,12,100,2025
12,622786,"Tinoco, Jesus",5/18/2025,777877,12,100,2025
12,695418,"Lord, Brad",6/10/2025,777570,12,100,2025
12,642207,"Williams, Devin",4/25/2025,778185,12,100,2025
12,678020,"Halvorsen, Seth",4/2/2025,778482,12,100,2025
12,669276,"Lee, Dylan",5/20/2025,777841,12,100,2025
12,608032,"Estévez, Carlos",5/18/2025,777864,12,100,2025
12,666808,"Doval, Camilo",5/16/2025,777891,12,100,2025
12,678692,"Henriquez, Ronny",5/19/2025,777863,12,100,2025
12,643377,"Jax, Griffin",4/15/2025,778307,12,100,2025
12,669711,"Weissert, Greg",4/26/2025,778179,12,100,2025
12,657514,"Bernardino, Brennan",4/26/2025,778179,12,100,2025
12,622786,"Tinoco, Jesus",4/25/2025,778175,12,100,2025
12,657240,"Merryweather, Julian",4/23/2025,778205,12,100,2025
12,621053,"Ferguson, Tyler",4/23/2025,778197,12,100,2025
12,678692,"Henriquez, Ronny",5/18/2025,777877,12,100,2025
12,678606,"Ferrer, Jose A.",6/18/2025,777461,12,100,2025
12,681982,"Anderson, Grant",4/19/2025,778253,12,100,2025
12,621363,"Poche, Colin",4/19/2025,778247,12,100,2025
12,669920,"Alexander, Jason",4/11/2025,778358,12,100,2025
12,621366,"Borucki, Ryan",6/14/2025,777513,12,100,2025
12,655889,"Rodríguez, Manuel",5/26/2025,777762,12,100,2025
12,660853,"De Los Santos, Enyel",6/8/2025,777587,12,100,2025
12,664208,"Maton, Phil",6/6/2025,777620,12,100,2025
12,661403,"Clase, Emmanuel",5/3/2025,778064,12,100,2025
12,657571,"Ferguson, Caleb",5/28/2025,777729,12,100,2025
12,669371,"Henry, Cole",6/8/2025,777596,12,100,2025
12,592426,"Jackson, Luke",6/7/2025,777610,12,100,2025
12,680880,"Holman, Grant",6/8/2025,777588,12,100,2025
12,656730,"Megill, Trevor",6/10/2025,777568,12,100,2025
12,661403,"Clase, Emmanuel",5/24/2025,777796,12,100,2025
12,643511,"Rogers, Tyler",6/7/2025,777598,12,100,2025
12,664126,"Fairbanks, Pete",7/1/2025,777286,12,100,2025
12,663969,"Phillips, Tyler",5/21/2025,777833,12,100,2025
12,681911,"Vesia, Alex",6/7/2025,777601,12,100,2025
12,680689,"Richardson, Lyon",6/29/2025,777312,12,100,2025
12,643511,"Rogers, Tyler",6/30/2025,777291,12,100,2025
12,642239,"Zastryzny, Rob",5/31/2025,777702,12,100,2025
12,657044,"Thompson, Ryan",5/30/2025,777710,12,100,2025
12,666171,"Zeferjahn, Ryan",6/29/2025,777305,12,100,2025
12,695243,"Miller, Mason",5/31/2025,777701,12,100,2025
12,656222,"Beeks, Jalen",6/14/2025,777515,12,100,2025
12,596133,"Weaver, Luke",4/9/2025,778387,12,100,2025
12,664208,"Maton, Phil",6/9/2025,777581,12,100,2025
12,668820,"Kranick, Max",4/28/2025,778138,12,100,2025
12,669062,"Miller, Erik",6/12/2025,777534,12,100,2025
12,571946,"Miller, Shelby",4/4/2025,778457,12,100,2025
12,643377,"Jax, Griffin",4/8/2025,778400,12,100,2025
12,643511,"Rogers, Tyler",4/9/2025,778376,12,100,2025
12,572955,"Johnson, Pierce",4/2/2025,778472,12,100,2025
12,661395,"Duran, Jhoan",4/6/2025,778419,12,100,2025
12,660853,"De Los Santos, Enyel",4/5/2025,778451,12,100,2025
12,664208,"Maton, Phil",4/2/2025,778473,12,100,2025
12,671922,"Smith, Cade",4/2/2025,778476,12,100,2025
12,547973,"Chapman, Aroldis",5/13/2025,777940,12,100,2025
12,666974,"Cano, Yennier",4/6/2025,778422,12,100,2025
12,682842,"Uribe, Abner",4/4/2025,778453,12,100,2025
12,656945,"Scott, Tanner",5/5/2025,778047,12,100,2025
12,684320,"Rodríguez, Yariel",4/8/2025,778404,12,100,2025
12,605130,"Barlow, Scott",4/30/2025,778134,12,100,2025
12,628317,"Maeda, Kenta",4/13/2025,778335,12,100,2025
12,621051,"Wilson, Steven",5/2/2025,778079,12,100,2025
12,686973,"Varland, Louis",5/6/2025,778028,12,100,2025
12,642152,"Trivino, Lou",4/29/2025,778126,12,100,2025
12,642207,"Williams, Devin",4/30/2025,778115,12,100,2025
12,642585,"Bautista, Félix",5/2/2025,778093,12,100,2025
12,643338,"Green, Chad",4/30/2025,778114,12,100,2025
12,650893,"Cabrera, Génesis",5/1/2025,778103,12,100,2025
12,662253,"Muñoz, Andrés",4/29/2025,778121,12,100,2025
12,445276,"Jansen, Kenley",3/30/2025,778527,12,100,2025
12,608371,"Sims, Lucas",3/31/2025,778507,12,100,2025
12,641941,"Pagán, Emilio",3/29/2025,778540,12,100,2025
12,642397,"Soto, Gregory",3/29/2025,778536,12,100,2025
12,672578,"Hernández, Carlos",5/1/2025,778099,12,100,2025
12,660896,"Alcala, Jorge",3/29/2025,778528,12,100,2025
12,673929,"Leasure, Jordan",3/29/2025,778534,12,100,2025
12,688297,"Roycroft, Chris",5/2/2025,778084,12,100,2025
12,620454,"Castillo, José",6/12/2025,777544,12,100,2025
12,692285,"Guerrero, Luis",4/29/2025,778127,12,100,2025
12,612434,"Castro, Miguel",5/24/2025,777792,12,100,2025
12,661403,"Clase, Emmanuel",5/23/2025,777807,12,100,2025
12,500743,"Rojas, Miguel",6/28/2025,777319,12,100,2025
12,592773,"Stanek, Ryne",4/11/2025,778358,12,100,2025
12,518489,"Brasier, Ryan",6/28/2025,777320,12,100,2025
12,668674,"Erceg, Lucas",5/23/2025,777799,12,100,2025
12,641329,"Baker, Bryan",5/11/2025,777961,12,100,2025
12,542888,"Armstrong, Shawn",6/27/2025,777340,12,100,2025
12,571946,"Miller, Shelby",6/24/2025,777383,12,100,2025
12,687606,"Schultz, Paxton",5/24/2025,777795,12,100,2025
12,661403,"Clase, Emmanuel",5/7/2025,778022,12,100,2025
12,596001,"Junis, Jakob",5/14/2025,777925,12,100,2025
12,623474,"Herget, Jimmy",5/13/2025,777934,12,100,2025
12,640448,"Finnegan, Kyle",5/14/2025,777929,12,100,2025
12,642121,"Sulser, Cole",5/15/2025,777913,12,100,2025
12,670280,"Bednar, David",5/14/2025,777919,12,100,2025
12,669062,"Miller, Erik",5/11/2025,777956,12,100,2025
12,683232,"Mears, Nick",5/14/2025,777925,12,100,2025
12,690986,"Harrison, Kyle",5/13/2025,777930,12,100,2025
12,519151,"Pressly, Ryan",6/28/2025,777320,12,100,2025
12,678495,"Rodríguez, Randy",5/10/2025,777974,12,100,2025
12,621051,"Wilson, Steven",6/24/2025,777383,12,100,2025
12,642100,"Speier, Gabe",6/24/2025,777375,12,100,2025
12,656222,"Beeks, Jalen",6/28/2025,777318,12,100,2025
12,542888,"Armstrong, Shawn",6/18/2025,777460,12,100,2025
12,661403,"Clase, Emmanuel",6/25/2025,777368,12,100,2025
12,663399,"Waddell, Brandon",6/25/2025,777369,12,100,2025
12,681911,"Vesia, Alex",6/27/2025,777335,12,100,2025
12,592094,"Adam, Jason",6/1/2025,777681,12,100,2025
12,664199,"Clarke, Taylor",6/5/2025,777642,12,100,2025
12,667463,"King, John",6/15/2025,777492,12,100,2025
12,689147,"Kerkering, Orion",6/16/2025,777483,12,100,2025
12,661395,"Duran, Jhoan",4/12/2025,778348,12,100,2025
12,669062,"Miller, Erik",6/17/2025,777472,12,100,2025
12,682120,"Herrin, Tim",6/4/2025,777653,12,100,2025
12,663423,"Thornton, Trent",4/13/2025,778334,12,100,2025
12,656986,"Sousa, Bennett",6/15/2025,777494,12,100,2025
12,593974,"Peralta, Wandy",6/4/2025,777641,12,100,2025
12,686580,"Slaten, Justin",5/19/2025,777856,12,100,2025
12,642207,"Williams, Devin",6/1/2025,777682,12,100,2025
12,543056,"Coulombe, Danny",4/23/2025,778201,12,100,2025
12,642239,"Zastryzny, Rob",6/2/2025,777671,12,100,2025
12,664875,"Lawrence, Justin",4/14/2025,778321,12,100,2025
12,592155,"Booser, Cam",5/25/2025,777777,12,100,2025
12,621051,"Wilson, Steven",5/26/2025,777758,12,100,2025
12,656730,"Megill, Trevor",4/24/2025,778194,12,100,2025
12,687606,"Schultz, Paxton",6/27/2025,777345,12,100,2025
12,686973,"Varland, Louis",5/25/2025,777772,12,100,2025
12,669211,"Akin, Keegan",4/19/2025,778262,12,100,2025
12,519151,"Pressly, Ryan",3/27/2025,778552,12,100,2025
12,608371,"Sims, Lucas",3/27/2025,778555,12,100,2025
12,643511,"Rogers, Tyler",3/27/2025,778561,12,100,2025
12,669062,"Miller, Erik",3/27/2025,778561,12,100,2025
12,676282,"Cantillo, Joey",4/20/2025,778242,12,100,2025
12,547973,"Chapman, Aroldis",7/1/2025,777294,12,100,2025
12,628452,"Iglesias, Raisel",6/13/2025,777535,12,100,2025
12,608032,"Estévez, Carlos",7/1/2025,777281,12,100,2025
12,683232,"Mears, Nick",4/21/2025,778226,12,100,2025
12,657649,"Koenig, Jared",7/2/2025,777276,12,100,2025
12,685801,"Bigge, Hunter",4/19/2025,778255,12,100,2025
12,656234,"Bird, Jake",6/2/2025,777673,12,100,2025
12,672582,"Zerpa, Angel",4/2/2025,778477,12,100,2025
12,573204,"Thielbar, Caleb",7/2/2025,777266,12,100,2025
12,672841,"Vargas, Carlos",6/29/2025,777302,12,100,2025
12,686973,"Varland, Louis",7/2/2025,777275,12,100,2025
12,696147,"Bachman, Sam",6/23/2025,777381,12,100,2025
12,592454,"Kahnle, Tommy",4/6/2025,778433,12,100,2025
12,676395,"Garcia, Robert",4/4/2025,778454,12,100,2025
12,642397,"Soto, Gregory",4/7/2025,778413,12,100,2025
12,656222,"Beeks, Jalen",6/9/2025,777577,12,100,2025
12,676263,"Dreyer, Jack",6/20/2025,777427,12,100,2025
12,663574,"Santillan, Tony",4/9/2025,778376,12,100,2025
12,689147,"Kerkering, Orion",6/14/2025,777509,12,100,2025
12,669711,"Weissert, Greg",4/9/2025,778386,12,100,2025
12,676395,"Garcia, Robert",6/19/2025,777443,12,100,2025
12,643338,"Green, Chad",6/21/2025,777418,12,100,2025
12,678020,"Halvorsen, Seth",6/22/2025,777399,12,100,2025
12,656546,"Hoffman, Jeff",6/1/2025,777685,12,100,2025
12,668984,"Legumina, Casey",6/22/2025,777403,12,100,2025
12,656271,"Burke, Brock",5/1/2025,778101,12,100,2025
12,673929,"Leasure, Jordan",6/19/2025,777458,12,100,2025
12,669093,"Estrada, Jeremiah",4/30/2025,778105,12,100,2025
12,607259,"Martinez, Nick",6/23/2025,777390,12,100,2025
12,678226,"Hernández, Daysbel",4/2/2025,778472,12,100,2025
12,681982,"Anderson, Grant",4/30/2025,778111,12,100,2025
12,668984,"Legumina, Casey",6/4/2025,777645,12,100,2025
12,643511,"Rogers, Tyler",6/22/2025,777395,12,100,2025
12,668941,"Romero, JoJo",6/20/2025,777433,12,100,2025
12,458677,"Wilson, Justin",5/11/2025,777965,12,100,2025
12,663574,"Santillan, Tony",6/20/2025,777433,12,100,2025
12,458677,"Wilson, Justin",5/9/2025,777990,12,100,2025
12,670167,"Schreiber, John",6/19/2025,777443,12,100,2025
12,642232,"Yarbrough, Ryan",3/30/2025,778523,12,100,2025
12,573204,"Thielbar, Caleb",6/21/2025,777419,12,100,2025
12,642585,"Bautista, Félix",5/9/2025,777986,12,100,2025
12,685107,"Veneziano, Anthony",4/5/2025,778451,12,100,2025
12,680767,"Vodnik, Victor",6/22/2025,777399,12,100,2025
12,669711,"Weissert, Greg",6/22/2025,777395,12,100,2025
12,621383,"Banks, Tanner",4/18/2025,778274,12,100,2025
12,686642,"Ellard, Fraser",4/5/2025,778445,12,100,2025
12,592779,"Stewart, Brock",6/2/2025,777669,12,100,2025
12,519326,"Strickland, Hunter",6/2/2025,777670,12,100,2025
12,641745,"Keller, Brad",4/18/2025,778268,12,100,2025
12,669622,"Bender, Anthony",6/17/2025,777481,12,100,2025
12,676254,"Walker, Ryan",6/4/2025,777641,12,100,2025
12,596001,"Junis, Jakob",6/15/2025,777495,12,100,2025
12,695243,"Miller, Mason",4/4/2025,778456,12,100,2025
12,663687,"Harris, Hogan",3/29/2025,778521,12,100,2025
12,668984,"Legumina, Casey",6/17/2025,777473,12,100,2025
12,673513,"Matsui, Yuki",6/14/2025,777515,12,100,2025
12,455119,"Martin, Chris",5/6/2025,778037,12,100,2025
12,695243,"Miller, Mason",6/15/2025,777496,12,100,2025
12,668984,"Legumina, Casey",4/17/2025,778285,12,100,2025
12,573204,"Thielbar, Caleb",6/17/2025,777482,12,100,2025
12,547973,"Chapman, Aroldis",4/19/2025,778264,12,100,2025
12,592779,"Stewart, Brock",4/19/2025,778267,12,100,2025
12,596133,"Weaver, Luke",4/22/2025,778218,12,100,2025
12,608032,"Estévez, Carlos",4/24/2025,778190,12,100,2025
12,679358,"Orze, Eric",4/16/2025,778298,12,100,2025
12,666277,"Soriano, George",3/29/2025,778539,12,100,2025
12,695243,"Miller, Mason",4/16/2025,778294,12,100,2025
12,660896,"Alcala, Jorge",5/18/2025,777865,12,100,2025
12,656222,"Beeks, Jalen",5/20/2025,777838,12,100,2025
12,664875,"Lawrence, Justin",4/20/2025,778242,12,100,2025
12,642528,"Loáisiga, Jonathan",5/27/2025,777745,12,100,2025
12,669724,"Hanifee, Brenan",4/19/2025,778265,12,100,2025
12,674444,"Cruz, Steven",5/17/2025,777885,12,100,2025
12,674285,"Salazar, Eduardo",4/20/2025,778266,12,100,2025
12,669211,"Akin, Keegan",3/29/2025,778536,12,100,2025
12,622554,"Domínguez, Seranthony",5/17/2025,777890,12,100,2025
12,686580,"Slaten, Justin",4/21/2025,778238,12,100,2025
12,621053,"Ferguson, Tyler",5/17/2025,777879,12,100,2025
12,663158,"Suarez, Robert",5/26/2025,777756,12,100,2025
12,669724,"Hanifee, Brenan",5/17/2025,777886,12,100,2025
12,592454,"Kahnle, Tommy",6/19/2025,777464,12,100,2025
12,455119,"Martin, Chris",6/21/2025,777421,12,100,2025
12,664208,"Maton, Phil",6/19/2025,777447,12,100,2025
12,683232,"Mears, Nick",6/20/2025,777434,12,100,2025
12,694037,"Palencia, Daniel",6/13/2025,777526,12,100,2025
12,666661,"Morillo, Juan",6/20/2025,777430,12,100,2025
12,672841,"Vargas, Carlos",5/29/2025,777722,12,100,2025
12,691799,"Taylor, Grant",6/22/2025,777408,12,100,2025
12,680689,"Richardson, Lyon",5/19/2025,777859,12,100,2025
12,573124,"Rogers, Taylor",5/16/2025,777902,12,100,2025
12,668941,"Romero, JoJo",5/19/2025,777862,12,100,2025
12,458677,"Wilson, Justin",6/22/2025,777395,12,100,2025
12,595345,"Okert, Steven",6/13/2025,777527,12,100,2025
12,672841,"Vargas, Carlos",5/20/2025,777846,12,100,2025
12,608718,"Suter, Brent",4/16/2025,778304,12,100,2025
12,641941,"Pagán, Emilio",4/15/2025,778316,12,100,2025
12,657097,"Webb, Jacob",4/16/2025,778289,12,100,2025
12,682120,"Herrin, Tim",5/27/2025,777753,12,100,2025
12,682254,"Montgomery, Mason",5/26/2025,777762,12,100,2025
12,669093,"Estrada, Jeremiah",4/15/2025,778305,12,100,2025
12,682842,"Uribe, Abner",5/26/2025,777764,12,100,2025
12,672582,"Zerpa, Angel",4/16/2025,778300,12,100,2025
12,681676,"Fernandez, Ryan",4/16/2025,778290,12,100,2025
12,669276,"Lee, Dylan",3/28/2025,778542,12,100,2025
12,662253,"Muñoz, Andrés",3/27/2025,778547,12,100,2025
12,472610,"García, Luis",5/17/2025,777884,12,100,2025
12,592454,"Kahnle, Tommy",5/20/2025,777840,12,100,2025
12,668984,"Legumina, Casey",5/17/2025,777875,12,100,2025
12,663893,"Little, Brendon",5/17/2025,777886,12,100,2025
12,674285,"Salazar, Eduardo",3/27/2025,778555,12,100,2025
12,669211,"Akin, Keegan",3/27/2025,778556,12,100,2025
12,682171,"Murfee, Penn",4/25/2025,778178,12,100,2025
12,655889,"Rodríguez, Manuel",5/20/2025,777848,12,100,2025
12,686580,"Slaten, Justin",5/20/2025,777851,12,100,2025
12,692285,"Guerrero, Luis",4/26/2025,778179,12,100,2025
12,642048,"Saucedo, Tayler",4/26/2025,778154,12,100,2025
12,642100,"Speier, Gabe",4/27/2025,778136,12,100,2025
12,656222,"Beeks, Jalen",6/11/2025,777548,12,100,2025
12,641656,"Hamilton, Ian",5/21/2025,777835,12,100,2025
12,674444,"Cruz, Steven",4/26/2025,778167,12,100,2025
12,676617,"O'Brien, Riley",4/28/2025,778141,12,100,2025
12,664076,"Cleavinger, Garrett",6/6/2025,777625,12,100,2025
12,664076,"Cleavinger, Garrett",6/7/2025,777611,12,100,2025
12,643338,"Green, Chad",5/22/2025,777816,12,100,2025
11,685107,"Veneziano, Anthony",4/2/2025,778481,11,100,2025
11,621242,"Díaz, Edwin",4/21/2025,778225,11,100,2025
11,683409,"Chivilli, Angel",6/24/2025,777379,11,100,2025
11,657514,"Bernardino, Brennan",6/25/2025,777362,11,100,2025
11,671922,"Smith, Cade",4/12/2025,778359,11,100,2025
11,650556,"Abreu, Bryan",5/13/2025,777931,11,100,2025
11,607455,"Banda, Anthony",6/4/2025,777638,11,100,2025
11,445276,"Jansen, Kenley",5/13/2025,777932,11,100,2025
11,663767,"Shugart, Chase",5/9/2025,777998,11,100,2025
11,667463,"King, John",5/11/2025,777962,11,100,2025
11,552640,"Kittredge, Andrew",6/25/2025,777365,11,100,2025
11,664854,"Helsley, Ryan",3/31/2025,778503,11,100,2025
11,669276,"Lee, Dylan",5/31/2025,777706,11,100,2025
11,820862,"Fermin, José",5/1/2025,778101,11,100,2025
11,678024,"Vasil, Mike",5/14/2025,777928,11,100,2025
11,641755,"Kinley, Tyler",4/12/2025,778352,11,100,2025
11,663574,"Santillan, Tony",4/12/2025,778357,11,100,2025
11,641941,"Pagán, Emilio",4/11/2025,778374,11,100,2025
11,621345,"Minter, A.J.",4/11/2025,778358,11,100,2025
11,669199,"Bachar, Lake",5/14/2025,777921,11,100,2025
11,621237,"Alvarado, José",4/12/2025,778347,11,100,2025
11,669199,"Bachar, Lake",4/2/2025,778481,11,100,2025
11,670955,"Uceta, Edwin",4/26/2025,778160,11,100,2025
11,489446,"Yates, Kirby",6/29/2025,777304,11,100,2025
11,628452,"Iglesias, Raisel",6/29/2025,777316,11,100,2025
11,621053,"Ferguson, Tyler",4/4/2025,778456,11,100,2025
11,592155,"Booser, Cam",6/14/2025,777508,11,100,2025
11,643511,"Rogers, Tyler",6/6/2025,777619,11,100,2025
11,660853,"De Los Santos, Enyel",5/24/2025,777803,11,100,2025
11,695445,"Lee, Chase",4/26/2025,778180,11,100,2025
11,547973,"Chapman, Aroldis",6/11/2025,777561,11,100,2025
11,676684,"Vest, Will",6/8/2025,777594,11,100,2025
11,670036,"Festa, Matt",5/30/2025,777721,11,100,2025
11,621053,"Ferguson, Tyler",5/31/2025,777701,11,100,2025
11,455119,"Martin, Chris",6/30/2025,777292,11,100,2025
11,592426,"Jackson, Luke",4/4/2025,778454,11,100,2025
11,657612,"Hill, Tim",5/30/2025,777708,11,100,2025
11,689225,"Brieske, Beau",5/31/2025,777694,11,100,2025
11,663804,"Kowar, Jackson",6/14/2025,777507,11,100,2025
11,676684,"Vest, Will",5/24/2025,777796,11,100,2025
11,642207,"Williams, Devin",6/12/2025,777536,11,100,2025
11,642100,"Speier, Gabe",4/8/2025,778398,11,100,2025
11,642585,"Bautista, Félix",4/7/2025,778413,11,100,2025
11,660825,"Bazardo, Eduard",4/8/2025,778398,11,100,2025
11,608371,"Sims, Lucas",4/4/2025,778457,11,100,2025
11,664076,"Cleavinger, Garrett",4/10/2025,778382,11,100,2025
11,666808,"Doval, Camilo",4/7/2025,778410,11,100,2025
11,543056,"Coulombe, Danny",5/6/2025,778028,11,100,2025
11,592454,"Kahnle, Tommy",6/8/2025,777594,11,100,2025
11,571948,"Milner, Hoby",5/3/2025,778070,11,100,2025
11,621053,"Ferguson, Tyler",5/4/2025,778061,11,100,2025
11,696270,"Johnson, Ryan",4/10/2025,778382,11,100,2025
11,621383,"Banks, Tanner",5/12/2025,777953,11,100,2025
11,689690,"Jacob, Alek",5/3/2025,778065,11,100,2025
11,700669,"Graceffo, Gordon",5/5/2025,778036,11,100,2025
11,607455,"Banda, Anthony",4/30/2025,778109,11,100,2025
11,621053,"Ferguson, Tyler",4/30/2025,778106,11,100,2025
11,605347,"López, Jorge",4/12/2025,778354,11,100,2025
11,643511,"Rogers, Tyler",4/14/2025,778320,11,100,2025
11,667463,"King, John",5/2/2025,778084,11,100,2025
11,664076,"Cleavinger, Garrett",5/13/2025,777935,11,100,2025
11,666171,"Zeferjahn, Ryan",4/12/2025,778351,11,100,2025
11,670167,"Schreiber, John",4/14/2025,778327,11,100,2025
11,680767,"Vodnik, Victor",4/14/2025,778326,11,100,2025
11,670280,"Bednar, David",5/12/2025,777950,11,100,2025
11,493603,"Ottavino, Adam",4/1/2025,778492,11,100,2025
11,685107,"Veneziano, Anthony",4/30/2025,778109,11,100,2025
11,605447,"Romano, Jordan",3/31/2025,778502,11,100,2025
11,592773,"Stanek, Ryne",5/11/2025,777968,11,100,2025
11,660896,"Alcala, Jorge",4/3/2025,778462,11,100,2025
11,686580,"Slaten, Justin",5/14/2025,777927,11,100,2025
11,676508,"Casparius, Ben",3/29/2025,778533,11,100,2025
11,521230,"Hendriks, Liam",5/24/2025,777809,11,100,2025
11,656641,"Latz, Jacob",5/23/2025,777805,11,100,2025
11,656986,"Sousa, Bennett",5/24/2025,777787,11,100,2025
11,664208,"Maton, Phil",4/13/2025,778336,11,100,2025
11,666808,"Doval, Camilo",5/23/2025,777801,11,100,2025
11,669093,"Estrada, Jeremiah",5/22/2025,777816,11,100,2025
11,669199,"Bachar, Lake",5/10/2025,777978,11,100,2025
11,674944,"Guenther, Sean",5/21/2025,777827,11,100,2025
11,669711,"Weissert, Greg",5/7/2025,778018,11,100,2025
11,543056,"Coulombe, Danny",5/14/2025,777924,11,100,2025
11,623437,"Topa, Justin",5/14/2025,777938,11,100,2025
11,642701,"Santana, Dennis",5/14/2025,777919,11,100,2025
11,657612,"Hill, Tim",6/27/2025,777337,11,100,2025
11,660825,"Bazardo, Eduard",6/15/2025,777495,11,100,2025
11,663423,"Thornton, Trent",6/26/2025,777356,11,100,2025
11,664854,"Helsley, Ryan",6/28/2025,777329,11,100,2025
11,641755,"Kinley, Tyler",6/28/2025,777321,11,100,2025
11,656945,"Scott, Tanner",6/24/2025,777379,11,100,2025
11,669084,"Hall, DL",6/28/2025,777321,11,100,2025
11,663546,"Hjelle, Sean",6/24/2025,777364,11,100,2025
11,676254,"Walker, Ryan",6/27/2025,777338,11,100,2025
11,684320,"Rodríguez, Yariel",6/24/2025,777384,11,100,2025
11,683232,"Mears, Nick",4/12/2025,778350,11,100,2025
11,650556,"Abreu, Bryan",6/3/2025,777663,11,100,2025
11,678692,"Henriquez, Ronny",6/24/2025,777364,11,100,2025
11,656271,"Burke, Brock",6/3/2025,777667,11,100,2025
11,663671,"Enright, Nic",6/5/2025,777644,11,100,2025
11,573124,"Rogers, Taylor",4/19/2025,778262,11,100,2025
11,605447,"Romano, Jordan",4/23/2025,778203,11,100,2025
11,689147,"Kerkering, Orion",6/4/2025,777651,11,100,2025
11,686973,"Varland, Louis",6/24/2025,777375,11,100,2025
11,622786,"Tinoco, Jesus",4/20/2025,778248,11,100,2025
11,628452,"Iglesias, Raisel",4/19/2025,778267,11,100,2025
11,642121,"Sulser, Cole",6/5/2025,777629,11,100,2025
11,663399,"Waddell, Brandon",6/3/2025,777657,11,100,2025
11,687911,"King, Bryan",4/13/2025,778329,11,100,2025
11,688642,"Agnos, Zach",6/2/2025,777673,11,100,2025
11,657514,"Bernardino, Brennan",6/4/2025,777649,11,100,2025
11,650556,"Abreu, Bryan",5/28/2025,777734,11,100,2025
11,663967,"Salazar, César",5/29/2025,777725,11,100,2025
11,678226,"Hernández, Daysbel",4/21/2025,778233,11,100,2025
11,592454,"Kahnle, Tommy",3/28/2025,778544,11,100,2025
11,663423,"Thornton, Trent",3/27/2025,778547,11,100,2025
11,656234,"Bird, Jake",7/1/2025,777285,11,100,2025
11,666374,"Brash, Matt",6/30/2025,777297,11,100,2025
11,614179,"Ruiz, José",3/30/2025,778526,11,100,2025
11,643410,"Leiter Jr., Mark",6/5/2025,777644,11,100,2025
11,593974,"Peralta, Wandy",6/30/2025,777306,11,100,2025
11,571927,"Matz, Steven",4/9/2025,778389,11,100,2025
11,642100,"Speier, Gabe",3/29/2025,778521,11,100,2025
11,671131,"Rutledge, Jackson",6/3/2025,777659,11,100,2025
11,660853,"De Los Santos, Enyel",4/10/2025,778384,11,100,2025
11,669199,"Bachar, Lake",4/9/2025,778390,11,100,2025
11,657024,"Swanson, Erik",6/5/2025,777637,11,100,2025
11,672841,"Vargas, Carlos",4/8/2025,778398,11,100,2025
11,642152,"Trivino, Lou",6/4/2025,777638,11,100,2025
11,592454,"Kahnle, Tommy",5/1/2025,778101,11,100,2025
11,621237,"Alvarado, José",5/2/2025,778086,11,100,2025
11,592779,"Stewart, Brock",6/21/2025,777412,11,100,2025
11,643338,"Green, Chad",5/2/2025,778081,11,100,2025
11,660825,"Bazardo, Eduard",4/30/2025,778104,11,100,2025
11,489446,"Yates, Kirby",4/18/2025,778263,11,100,2025
11,672582,"Zerpa, Angel",6/20/2025,777426,11,100,2025
11,605447,"Romano, Jordan",5/27/2025,777748,11,100,2025
11,621051,"Wilson, Steven",4/17/2025,778283,11,100,2025
11,686580,"Slaten, Justin",4/30/2025,778114,11,100,2025
11,592773,"Stanek, Ryne",5/9/2025,778001,11,100,2025
11,621237,"Alvarado, José",5/8/2025,778005,11,100,2025
11,621242,"Díaz, Edwin",5/10/2025,777982,11,100,2025
11,689147,"Kerkering, Orion",4/15/2025,778313,11,100,2025
11,696270,"Johnson, Ryan",5/8/2025,778000,11,100,2025
11,669724,"Hanifee, Brenan",6/17/2025,777475,11,100,2025
11,657571,"Ferguson, Caleb",5/19/2025,777859,11,100,2025
11,666214,"Wentz, Joey",6/17/2025,777478,11,100,2025
11,518585,"Cruz, Fernando",4/23/2025,778206,11,100,2025
11,542888,"Armstrong, Shawn",4/22/2025,778213,11,100,2025
11,592155,"Booser, Cam",4/20/2025,778245,11,100,2025
11,622786,"Tinoco, Jesus",4/21/2025,778230,11,100,2025
11,686973,"Varland, Louis",4/1/2025,778490,11,100,2025
11,663574,"Santillan, Tony",5/16/2025,777902,11,100,2025
11,669062,"Miller, Erik",4/24/2025,778194,11,100,2025
11,672841,"Vargas, Carlos",6/13/2025,777520,11,100,2025
11,687863,"Hodge, Porter",4/22/2025,778220,11,100,2025
11,657044,"Thompson, Ryan",5/4/2025,778059,11,100,2025
11,592426,"Jackson, Luke",4/25/2025,778171,11,100,2025
11,595345,"Okert, Steven",4/27/2025,778152,11,100,2025
11,596133,"Weaver, Luke",4/27/2025,778170,11,100,2025
11,666808,"Doval, Camilo",6/19/2025,777440,11,100,2025
11,455119,"Martin, Chris",6/20/2025,777432,11,100,2025
11,657649,"Koenig, Jared",4/27/2025,778150,11,100,2025
11,455119,"Martin, Chris",4/4/2025,778454,11,100,2025
11,623149,"Sewald, Paul",3/27/2025,778558,11,100,2025
11,681911,"Vesia, Alex",4/15/2025,778302,11,100,2025
11,686580,"Slaten, Justin",4/16/2025,778298,11,100,2025
11,623352,"Hader, Josh",5/19/2025,777858,11,100,2025
11,669622,"Bender, Anthony",7/1/2025,777293,11,100,2025
11,642207,"Williams, Devin",5/22/2025,777818,11,100,2025
11,640448,"Finnegan, Kyle",6/10/2025,777570,11,100,2025
11,668941,"Romero, JoJo",5/18/2025,777864,11,100,2025
11,642207,"Williams, Devin",5/18/2025,777878,11,100,2025
11,663738,"Lynch IV, Daniel",6/11/2025,777551,11,100,2025
11,605463,"Scott, Tayler",4/25/2025,778187,11,100,2025
11,663485,"Sands, Cole",5/16/2025,777898,11,100,2025
11,672282,"Detmers, Reid",7/1/2025,777298,11,100,2025
11,687330,"Kelly, Kevin",6/7/2025,777611,11,100,2025
11,670036,"Festa, Matt",6/10/2025,777569,11,100,2025
11,663893,"Little, Brendon",5/20/2025,777845,11,100,2025
11,445276,"Jansen, Kenley",5/16/2025,777899,11,100,2025
11,519326,"Strickland, Hunter",5/20/2025,777843,11,100,2025
11,657649,"Koenig, Jared",5/18/2025,777865,11,100,2025
11,682120,"Herrin, Tim",4/17/2025,778292,11,100,2025
11,657649,"Koenig, Jared",4/16/2025,778295,11,100,2025
11,554340,"García, Yimi",4/18/2025,778273,11,100,2025
11,673513,"Matsui, Yuki",6/19/2025,777442,11,100,2025
11,621366,"Borucki, Ryan",3/28/2025,778548,11,100,2025
11,608032,"Estévez, Carlos",6/19/2025,777443,11,100,2025
11,695243,"Miller, Mason",4/27/2025,778149,11,100,2025
11,592836,"Walker, Taijuan",6/13/2025,777531,11,100,2025
11,670280,"Bednar, David",6/22/2025,777404,11,100,2025
11,696270,"Johnson, Ryan",4/19/2025,778243,11,100,2025
11,664126,"Fairbanks, Pete",4/23/2025,778199,11,100,2025
11,605447,"Romano, Jordan",5/18/2025,777880,11,100,2025
11,573124,"Rogers, Taylor",4/25/2025,778181,11,100,2025
11,678495,"Rodríguez, Randy",5/18/2025,777867,11,100,2025
11,679358,"Orze, Eric",5/25/2025,777775,11,100,2025
11,694037,"Palencia, Daniel",6/17/2025,777482,11,100,2025
11,673513,"Matsui, Yuki",5/11/2025,777955,11,100,2025
11,622786,"Tinoco, Jesus",4/18/2025,778274,11,100,2025
11,670280,"Bednar, David",4/29/2025,778135,11,100,2025
11,657240,"Merryweather, Julian",5/1/2025,778100,11,100,2025
11,592094,"Adam, Jason",5/3/2025,778065,11,100,2025
11,690829,"Joyce, Ben",4/6/2025,778425,11,100,2025
11,623437,"Topa, Justin",6/2/2025,777669,11,100,2025
11,663158,"Suarez, Robert",6/1/2025,777681,11,100,2025
11,621345,"Minter, A.J.",4/8/2025,778407,11,100,2025
11,643410,"Leiter Jr., Mark",7/1/2025,777283,11,100,2025
11,806188,"Gibson, Cade",6/1/2025,777689,11,100,2025
11,592779,"Stewart, Brock",5/26/2025,777762,11,100,2025
11,664126,"Fairbanks, Pete",5/3/2025,778074,11,100,2025
11,643377,"Jax, Griffin",5/23/2025,777799,11,100,2025
11,656271,"Burke, Brock",6/29/2025,777305,11,100,2025
11,656271,"Burke, Brock",6/11/2025,777542,11,100,2025
11,669020,"Rolison, Ryan",6/11/2025,777547,11,100,2025
11,660853,"De Los Santos, Enyel",5/22/2025,777820,11,100,2025
11,681869,"Dubin, Shawn",6/10/2025,777567,11,100,2025
11,573204,"Thielbar, Caleb",6/10/2025,777571,11,100,2025
11,676130,"Buttó, José",6/10/2025,777570,11,100,2025
11,547973,"Chapman, Aroldis",6/7/2025,777605,11,100,2025
11,664199,"Clarke, Taylor",6/6/2025,777618,11,100,2025
11,607481,"Bummer, Aaron",5/9/2025,777998,11,100,2025
11,657585,"Garrett, Reed",6/10/2025,777570,11,100,2025
11,592454,"Kahnle, Tommy",6/10/2025,777573,11,100,2025
11,667463,"King, John",6/10/2025,777558,11,100,2025
11,669062,"Miller, Erik",6/7/2025,777598,11,100,2025
11,641941,"Pagán, Emilio",6/6/2025,777623,11,100,2025
11,518585,"Cruz, Fernando",6/25/2025,777367,11,100,2025
11,571927,"Matz, Steven",6/6/2025,777620,11,100,2025
11,663687,"Harris, Hogan",5/22/2025,777812,11,100,2025
11,595345,"Okert, Steven",6/7/2025,777608,11,100,2025
11,669308,"Reynolds, Sean",6/8/2025,777586,11,100,2025
11,663158,"Suarez, Robert",5/3/2025,778065,11,100,2025
11,669062,"Miller, Erik",7/2/2025,777270,11,100,2025
11,695243,"Miller, Mason",7/1/2025,777286,11,100,2025
11,663947,"Holton, Tyler",5/21/2025,777827,11,100,2025
11,519151,"Pressly, Ryan",6/29/2025,777308,11,100,2025
11,672582,"Zerpa, Angel",6/11/2025,777551,11,100,2025
11,671305,"Otañez, Michel",5/24/2025,777784,11,100,2025
11,681911,"Vesia, Alex",5/30/2025,777708,11,100,2025
11,672578,"Hernández, Carlos",5/24/2025,777784,11,100,2025
11,686993,"Sterner, Justin",5/30/2025,777716,11,100,2025
11,547973,"Chapman, Aroldis",4/10/2025,778377,11,100,2025
11,681869,"Dubin, Shawn",6/12/2025,777546,11,100,2025
11,687330,"Kelly, Kevin",6/14/2025,777518,11,100,2025
11,656464,"Ginkel, Kevin",5/18/2025,777870,11,100,2025
11,681517,"Leahy, Kyle",5/23/2025,777797,11,100,2025
11,571948,"Milner, Hoby",6/12/2025,777533,11,100,2025
11,694037,"Palencia, Daniel",6/14/2025,777513,11,100,2025
11,681869,"Dubin, Shawn",5/22/2025,777822,11,100,2025
11,642152,"Trivino, Lou",4/9/2025,778376,11,100,2025
11,608718,"Suter, Brent",4/4/2025,778453,11,100,2025
11,670970,"Morejon, Adrian",5/6/2025,778041,11,100,2025
11,661395,"Duran, Jhoan",4/2/2025,778474,11,100,2025
11,663542,"Hudson, Bryan",4/8/2025,778394,11,100,2025
11,664849,"Young, Danny",4/2/2025,778481,11,100,2025
11,592426,"Jackson, Luke",4/2/2025,778480,11,100,2025
11,686993,"Sterner, Justin",4/5/2025,778442,11,100,2025
11,688297,"Roycroft, Chris",4/4/2025,778463,11,100,2025
11,593576,"Neris, Héctor",5/6/2025,778025,11,100,2025
11,676534,"Faucher, Calvin",5/4/2025,778061,11,100,2025
11,676092,"Snider, Collin",4/9/2025,778383,11,100,2025
11,678606,"Ferrer, Jose A.",4/6/2025,778429,11,100,2025
11,622786,"Tinoco, Jesus",5/14/2025,777921,11,100,2025
11,666214,"Wentz, Joey",5/4/2025,778051,11,100,2025
11,606303,"Payamps, Joel",4/3/2025,778468,11,100,2025
11,685107,"Veneziano, Anthony",4/7/2025,778416,11,100,2025
11,674944,"Guenther, Sean",5/3/2025,778067,11,100,2025
11,682825,"Mey, Luis",5/5/2025,778049,11,100,2025
11,547973,"Chapman, Aroldis",4/30/2025,778114,11,100,2025
11,661395,"Duran, Jhoan",5/14/2025,777924,11,100,2025
11,596133,"Weaver, Luke",5/2/2025,778088,11,100,2025
11,607455,"Banda, Anthony",4/5/2025,778448,11,100,2025
11,669724,"Hanifee, Brenan",5/13/2025,777940,11,100,2025
11,674285,"Salazar, Eduardo",4/12/2025,778354,11,100,2025
11,690986,"Harrison, Kyle",5/6/2025,778027,11,100,2025
11,445276,"Jansen, Kenley",4/1/2025,778495,11,100,2025
11,664076,"Cleavinger, Garrett",5/2/2025,778088,11,100,2025
11,595014,"Treinen, Blake",3/29/2025,778533,11,100,2025
11,668964,"Myers, Tobias",5/2/2025,778080,11,100,2025
11,681911,"Vesia, Alex",5/14/2025,777917,11,100,2025
11,678821,"Peralta, Luis",3/29/2025,778537,11,100,2025
11,623211,"Brazobán, Huascar",6/12/2025,777544,11,100,2025
11,680767,"Vodnik, Victor",3/31/2025,778502,11,100,2025
11,685107,"Veneziano, Anthony",3/29/2025,778539,11,100,2025
11,688642,"Agnos, Zach",5/1/2025,778098,11,100,2025
11,612434,"Castro, Miguel",5/21/2025,777830,11,100,2025
11,664076,"Cleavinger, Garrett",5/30/2025,777714,11,100,2025
11,642585,"Bautista, Félix",5/24/2025,777809,11,100,2025
11,592454,"Kahnle, Tommy",5/9/2025,777996,11,100,2025
11,642701,"Santana, Dennis",5/11/2025,777967,11,100,2025
11,681892,"Funderburk, Kody",5/21/2025,777829,11,100,2025
11,472610,"García, Luis",5/13/2025,777937,11,100,2025
11,592779,"Stewart, Brock",6/24/2025,777375,11,100,2025
11,657097,"Webb, Jacob",5/12/2025,777949,11,100,2025
11,596133,"Weaver, Luke",6/27/2025,777337,11,100,2025
11,669371,"Henry, Cole",5/14/2025,777929,11,100,2025
11,607179,"Weems, Jordan",6/28/2025,777320,11,100,2025
11,592094,"Adam, Jason",6/17/2025,777471,11,100,2025
11,662253,"Muñoz, Andrés",6/27/2025,777340,11,100,2025
11,664141,"Brubaker, JT",6/25/2025,777367,11,100,2025
11,643338,"Green, Chad",4/2/2025,778478,11,100,2025
11,670970,"Morejon, Adrian",6/28/2025,777328,11,100,2025
11,679775,"Backhus, Kyle",6/24/2025,777383,11,100,2025
11,682120,"Herrin, Tim",6/28/2025,777329,11,100,2025
11,701552,"Granillo, Andre",6/17/2025,777467,11,100,2025
11,663485,"Sands, Cole",4/5/2025,778440,11,100,2025
11,664076,"Cleavinger, Garrett",6/25/2025,777359,11,100,2025
11,664139,"Gibaut, Ian",6/28/2025,777328,11,100,2025
11,668933,"Ashcraft, Graham",5/30/2025,777712,11,100,2025
11,657649,"Koenig, Jared",6/15/2025,777492,11,100,2025
11,656629,"Kopech, Michael",6/16/2025,777490,11,100,2025
11,675848,"Mejia, Juan",6/15/2025,777504,11,100,2025
11,682254,"Montgomery, Mason",6/18/2025,777463,11,100,2025
11,571927,"Matz, Steven",6/1/2025,777678,11,100,2025
11,671131,"Rutledge, Jackson",6/15/2025,777503,11,100,2025
11,663574,"Santillan, Tony",4/13/2025,778343,11,100,2025
11,573124,"Rogers, Taylor",6/1/2025,777687,11,100,2025
11,666171,"Zeferjahn, Ryan",6/17/2025,777476,11,100,2025
11,455119,"Martin, Chris",4/20/2025,778234,11,100,2025
11,519151,"Pressly, Ryan",4/20/2025,778236,11,100,2025
11,592426,"Jackson, Luke",4/22/2025,778213,11,100,2025
11,596133,"Weaver, Luke",4/23/2025,778206,11,100,2025
11,621242,"Díaz, Edwin",5/26/2025,777758,11,100,2025
11,656222,"Beeks, Jalen",4/22/2025,778212,11,100,2025
11,668390,"Winn, Cole",5/26/2025,777759,11,100,2025
11,669060,"Wilson, Bryse",5/28/2025,777737,11,100,2025
11,663574,"Santillan, Tony",4/22/2025,778219,11,100,2025
11,668941,"Romero, JoJo",4/20/2025,778244,11,100,2025
11,820862,"Fermin, José",6/28/2025,777315,11,100,2025
11,687847,"Church, Marc",3/28/2025,778550,11,100,2025
11,671922,"Smith, Cade",4/21/2025,778227,11,100,2025
11,595928,"Curtiss, John",6/30/2025,777291,11,100,2025
11,623352,"Hader, Josh",6/29/2025,777308,11,100,2025
11,657612,"Hill, Tim",7/2/2025,777274,11,100,2025
11,669622,"Bender, Anthony",6/3/2025,777666,11,100,2025
11,592094,"Adam, Jason",4/7/2025,778414,11,100,2025
11,607455,"Banda, Anthony",4/9/2025,778392,11,100,2025
11,519151,"Pressly, Ryan",4/1/2025,778494,11,100,2025
11,657514,"Bernardino, Brennan",4/6/2025,778432,11,100,2025
11,663893,"Little, Brendon",4/6/2025,778435,11,100,2025
11,676254,"Walker, Ryan",4/9/2025,778376,11,100,2025
11,571948,"Milner, Hoby",5/1/2025,778096,11,100,2025
11,605347,"López, Jorge",5/1/2025,778099,11,100,2025
11,656464,"Ginkel, Kevin",4/30/2025,778117,11,100,2025
11,657514,"Bernardino, Brennan",4/29/2025,778127,11,100,2025
11,643410,"Leiter Jr., Mark",6/19/2025,777449,11,100,2025
11,670280,"Bednar, David",4/30/2025,778112,11,100,2025
11,670970,"Morejon, Adrian",5/2/2025,778090,11,100,2025
11,671109,"Eder, Jake",4/30/2025,778104,11,100,2025
11,641941,"Pagán, Emilio",6/22/2025,777407,11,100,2025
11,685126,"Eisert, Brandon",5/1/2025,778094,11,100,2025
11,642528,"Loáisiga, Jonathan",6/5/2025,777644,11,100,2025
11,686993,"Sterner, Justin",5/1/2025,778096,11,100,2025
11,669308,"Reynolds, Sean",6/19/2025,777442,11,100,2025
11,592779,"Stewart, Brock",5/31/2025,777695,11,100,2025
11,681517,"Leahy, Kyle",4/2/2025,778473,11,100,2025
11,656271,"Burke, Brock",5/7/2025,778009,11,100,2025
11,680755,"Fisher, Braydon",5/11/2025,777958,11,100,2025
11,681517,"Leahy, Kyle",5/7/2025,778016,11,100,2025
11,688297,"Roycroft, Chris",5/7/2025,778016,11,100,2025
11,666974,"Cano, Yennier",6/15/2025,777501,11,100,2025
11,674444,"Cruz, Steven",6/17/2025,777468,11,100,2025
11,674444,"Cruz, Steven",6/18/2025,777460,11,100,2025
11,656945,"Scott, Tanner",4/16/2025,778287,11,100,2025
11,622554,"Domínguez, Seranthony",6/15/2025,777501,11,100,2025
11,628452,"Iglesias, Raisel",6/17/2025,777489,11,100,2025
11,641755,"Kinley, Tyler",6/18/2025,777461,11,100,2025
11,663738,"Lynch IV, Daniel",4/16/2025,778300,11,100,2025
11,669276,"Lee, Dylan",6/17/2025,777489,11,100,2025
11,643410,"Leiter Jr., Mark",6/18/2025,777466,11,100,2025
11,663969,"Phillips, Tyler",6/17/2025,777481,11,100,2025
11,643511,"Rogers, Tyler",6/17/2025,777472,11,100,2025
11,682842,"Uribe, Abner",6/15/2025,777492,11,100,2025
11,607455,"Banda, Anthony",3/18/2025,778563,11,100,2025
11,573204,"Thielbar, Caleb",5/26/2025,777757,11,100,2025
11,669211,"Akin, Keegan",4/16/2025,778301,11,100,2025
11,676724,"Young, Jared",6/15/2025,777502,11,100,2025
11,666120,"Anderson, Ian",4/1/2025,778495,11,100,2025
11,489446,"Yates, Kirby",4/22/2025,778220,11,100,2025
11,666171,"Zeferjahn, Ryan",3/30/2025,778527,11,100,2025
11,596001,"Junis, Jakob",4/20/2025,778242,11,100,2025
11,605130,"Barlow, Scott",4/20/2025,778250,11,100,2025
11,657585,"Garrett, Reed",4/19/2025,778256,11,100,2025
11,642121,"Sulser, Cole",5/29/2025,777725,11,100,2025
11,661395,"Duran, Jhoan",4/20/2025,778249,11,100,2025
11,642397,"Soto, Gregory",5/27/2025,777754,11,100,2025
11,642701,"Santana, Dennis",5/27/2025,777744,11,100,2025
11,666808,"Doval, Camilo",3/30/2025,778522,11,100,2025
11,678020,"Halvorsen, Seth",4/22/2025,778215,11,100,2025
11,683232,"Mears, Nick",4/24/2025,778194,11,100,2025
11,660896,"Alcala, Jorge",5/28/2025,777732,11,100,2025
11,669724,"Hanifee, Brenan",5/20/2025,777840,11,100,2025
11,672391,"Ort, Kaleb",6/13/2025,777527,11,100,2025
11,669062,"Miller, Erik",5/26/2025,777770,11,100,2025
11,668984,"Legumina, Casey",5/16/2025,777896,11,100,2025
11,670970,"Morejon, Adrian",5/26/2025,777756,11,100,2025
11,656730,"Megill, Trevor",5/19/2025,777860,11,100,2025
11,666661,"Morillo, Juan",5/17/2025,777887,11,100,2025
11,682842,"Uribe, Abner",6/22/2025,777401,11,100,2025
11,676395,"Garcia, Robert",5/25/2025,777777,11,100,2025
11,672841,"Vargas, Carlos",5/16/2025,777896,11,100,2025
11,596133,"Weaver, Luke",4/15/2025,778312,11,100,2025
11,657097,"Webb, Jacob",4/15/2025,778306,11,100,2025
11,666120,"Anderson, Ian",4/17/2025,778281,11,100,2025
11,669724,"Hanifee, Brenan",4/18/2025,778277,11,100,2025
11,592094,"Adam, Jason",4/27/2025,778146,11,100,2025
11,686973,"Varland, Louis",5/27/2025,777746,11,100,2025
11,605347,"López, Jorge",4/25/2025,778183,11,100,2025
11,678020,"Halvorsen, Seth",5/30/2025,777718,11,100,2025
11,682120,"Herrin, Tim",4/18/2025,778271,11,100,2025
11,608718,"Suter, Brent",4/27/2025,778148,11,100,2025
11,642701,"Santana, Dennis",4/25/2025,778176,11,100,2025
11,643410,"Leiter Jr., Mark",4/25/2025,778185,11,100,2025
11,542888,"Armstrong, Shawn",5/22/2025,777818,11,100,2025
11,656945,"Scott, Tanner",4/28/2025,778132,11,100,2025
11,570632,"Ureña, José",5/23/2025,777810,11,100,2025
11,663893,"Little, Brendon",3/28/2025,778549,11,100,2025
11,668941,"Romero, JoJo",4/27/2025,778150,11,100,2025
11,657612,"Hill, Tim",5/17/2025,777888,11,100,2025
11,547973,"Chapman, Aroldis",3/27/2025,778553,11,100,2025
11,663947,"Holton, Tyler",5/17/2025,777886,11,100,2025
11,628452,"Iglesias, Raisel",5/3/2025,778076,11,100,2025
11,676477,"Whitlock, Garrett",4/27/2025,778157,11,100,2025
11,678020,"Halvorsen, Seth",4/25/2025,778181,11,100,2025
11,681882,"Selby, Colin",4/26/2025,778180,11,100,2025
11,682120,"Herrin, Tim",3/27/2025,778558,11,100,2025
11,663432,"Rainey, Tanner",5/17/2025,777894,11,100,2025
11,669020,"Rolison, Ryan",5/20/2025,777842,11,100,2025
11,670167,"Schreiber, John",5/18/2025,777864,11,100,2025
11,685107,"Veneziano, Anthony",4/28/2025,778132,11,100,2025
11,542888,"Armstrong, Shawn",6/8/2025,777596,11,100,2025
11,596001,"Junis, Jakob",4/27/2025,778157,11,100,2025
11,640448,"Finnegan, Kyle",5/22/2025,777820,11,100,2025
11,621237,"Alvarado, José",4/27/2025,778158,11,100,2025
11,679775,"Backhus, Kyle",6/8/2025,777602,11,100,2025
11,657044,"Thompson, Ryan",4/26/2025,778162,11,100,2025
11,664747,"Díaz, Alexis",4/26/2025,778161,11,100,2025
11,672282,"Detmers, Reid",6/3/2025,777667,11,100,2025
10,666661,"Morillo, Juan",4/23/2025,778199,10,100,2025
10,656945,"Scott, Tanner",6/3/2025,777657,10,100,2025
10,687911,"King, Bryan",6/4/2025,777648,10,100,2025
10,672841,"Vargas, Carlos",6/28/2025,777322,10,100,2025
10,661403,"Clase, Emmanuel",6/1/2025,777683,10,100,2025
10,656546,"Hoffman, Jeff",6/17/2025,777479,10,100,2025
10,657424,"Gage, Matt",6/25/2025,777371,10,100,2025
10,641656,"Hamilton, Ian",6/13/2025,777537,10,100,2025
10,673513,"Matsui, Yuki",5/13/2025,777932,10,100,2025
10,656986,"Sousa, Bennett",5/23/2025,777800,10,100,2025
10,681867,"Criswell, Cooper",3/31/2025,778512,10,100,2025
10,660896,"Alcala, Jorge",4/12/2025,778348,10,100,2025
10,689266,"Dodd, Dylan",6/13/2025,777535,10,100,2025
10,668984,"Legumina, Casey",4/29/2025,778121,10,100,2025
10,657612,"Hill, Tim",5/6/2025,778041,10,100,2025
10,656546,"Hoffman, Jeff",4/2/2025,778478,10,100,2025
10,445276,"Jansen, Kenley",5/9/2025,777986,10,100,2025
10,681869,"Dubin, Shawn",5/23/2025,777800,10,100,2025
10,670167,"Schreiber, John",5/28/2025,777733,10,100,2025
10,663158,"Suarez, Robert",6/9/2025,777579,10,100,2025
10,678606,"Ferrer, Jose A.",6/6/2025,777624,10,100,2025
10,680880,"Holman, Grant",4/27/2025,778149,10,100,2025
10,642152,"Trivino, Lou",6/11/2025,777543,10,100,2025
10,676395,"Garcia, Robert",4/27/2025,778151,10,100,2025
10,641755,"Kinley, Tyler",7/2/2025,777269,10,100,2025
10,684320,"Rodríguez, Yariel",6/11/2025,777545,10,100,2025
10,680689,"Richardson, Lyon",6/7/2025,777612,10,100,2025
10,650893,"Cabrera, Génesis",6/6/2025,777626,10,100,2025
10,678495,"Rodríguez, Randy",6/30/2025,777291,10,100,2025
10,669093,"Estrada, Jeremiah",6/9/2025,777579,10,100,2025
10,671131,"Rutledge, Jackson",5/6/2025,778046,10,100,2025
10,664139,"Gibaut, Ian",5/21/2025,777834,10,100,2025
10,669062,"Miller, Erik",6/6/2025,777619,10,100,2025
10,669711,"Weissert, Greg",6/8/2025,777593,10,100,2025
10,676282,"Cantillo, Joey",5/6/2025,778026,10,100,2025
10,663738,"Lynch IV, Daniel",6/14/2025,777511,10,100,2025
10,621237,"Alvarado, José",4/6/2025,778434,10,100,2025
10,455119,"Martin, Chris",4/2/2025,778480,10,100,2025
10,642100,"Speier, Gabe",4/4/2025,778444,10,100,2025
10,669093,"Estrada, Jeremiah",4/7/2025,778414,10,100,2025
10,573204,"Thielbar, Caleb",5/5/2025,778044,10,100,2025
10,657612,"Hill, Tim",5/5/2025,778045,10,100,2025
10,672391,"Ort, Kaleb",5/5/2025,778042,10,100,2025
10,628452,"Iglesias, Raisel",5/15/2025,777909,10,100,2025
10,687911,"King, Bryan",5/6/2025,778031,10,100,2025
10,608371,"Sims, Lucas",5/2/2025,778087,10,100,2025
10,606303,"Payamps, Joel",4/12/2025,778350,10,100,2025
10,642585,"Bautista, Félix",4/30/2025,778115,10,100,2025
10,661395,"Duran, Jhoan",4/13/2025,778335,10,100,2025
10,676395,"Garcia, Robert",4/30/2025,778106,10,100,2025
10,655889,"Rodríguez, Manuel",3/31/2025,778508,10,100,2025
10,656945,"Scott, Tanner",4/1/2025,778487,10,100,2025
10,676395,"Garcia, Robert",3/30/2025,778516,10,100,2025
10,518397,"Alexander, Scott",5/21/2025,777823,10,100,2025
10,592155,"Booser, Cam",5/23/2025,777805,10,100,2025
10,661395,"Duran, Jhoan",5/10/2025,777974,10,100,2025
10,664076,"Cleavinger, Garrett",5/8/2025,778005,10,100,2025
10,687911,"King, Bryan",5/23/2025,777800,10,100,2025
10,673513,"Matsui, Yuki",5/9/2025,777993,10,100,2025
10,676395,"Garcia, Robert",5/7/2025,778018,10,100,2025
10,642100,"Speier, Gabe",5/14/2025,777915,10,100,2025
10,656730,"Megill, Trevor",6/25/2025,777361,10,100,2025
10,656234,"Bird, Jake",5/12/2025,777949,10,100,2025
10,686973,"Varland, Louis",5/7/2025,778011,10,100,2025
10,687911,"King, Bryan",5/9/2025,777989,10,100,2025
10,663738,"Lynch IV, Daniel",6/25/2025,777359,10,100,2025
10,689690,"Jacob, Alek",5/14/2025,777914,10,100,2025
10,642397,"Soto, Gregory",6/25/2025,777365,10,100,2025
10,669062,"Miller, Erik",6/15/2025,777498,10,100,2025
10,669622,"Bender, Anthony",6/27/2025,777332,10,100,2025
10,663767,"Shugart, Chase",6/17/2025,777475,10,100,2025
10,676684,"Vest, Will",6/26/2025,777351,10,100,2025
10,542888,"Armstrong, Shawn",6/1/2025,777678,10,100,2025
10,656234,"Bird, Jake",6/4/2025,777652,10,100,2025
10,608032,"Estévez, Carlos",6/5/2025,777642,10,100,2025
10,681006,"Simpson, Josh",6/26/2025,777347,10,100,2025
10,596133,"Weaver, Luke",4/19/2025,778255,10,100,2025
10,552640,"Kittredge, Andrew",6/12/2025,777540,10,100,2025
10,606303,"Payamps, Joel",4/19/2025,778253,10,100,2025
10,673513,"Matsui, Yuki",6/5/2025,777633,10,100,2025
10,641941,"Pagán, Emilio",4/21/2025,778230,10,100,2025
10,458677,"Wilson, Justin",3/30/2025,778516,10,100,2025
10,656234,"Bird, Jake",5/27/2025,777751,10,100,2025
10,666374,"Brash, Matt",5/25/2025,777774,10,100,2025
10,669371,"Henry, Cole",4/22/2025,778222,10,100,2025
10,669211,"Akin, Keegan",4/22/2025,778222,10,100,2025
10,669711,"Weissert, Greg",4/22/2025,778224,10,100,2025
10,593974,"Peralta, Wandy",3/29/2025,778520,10,100,2025
10,656945,"Scott, Tanner",3/28/2025,778544,10,100,2025
10,676879,"Ashby, Aaron",7/2/2025,777276,10,100,2025
10,607455,"Banda, Anthony",3/29/2025,778533,10,100,2025
10,657649,"Koenig, Jared",6/1/2025,777688,10,100,2025
10,676477,"Whitlock, Garrett",6/29/2025,777310,10,100,2025
10,571946,"Miller, Shelby",6/5/2025,777640,10,100,2025
10,683232,"Mears, Nick",6/1/2025,777688,10,100,2025
10,643511,"Rogers, Tyler",6/3/2025,777656,10,100,2025
10,623437,"Topa, Justin",4/6/2025,778419,10,100,2025
10,643511,"Rogers, Tyler",6/1/2025,777689,10,100,2025
10,676661,"Lazar, Max",6/22/2025,777405,10,100,2025
10,643377,"Jax, Griffin",4/9/2025,778388,10,100,2025
10,621381,"Strahm, Matt",6/4/2025,777651,10,100,2025
10,593576,"Neris, Héctor",6/23/2025,777381,10,100,2025
10,666619,"Santos, Gregory",4/6/2025,778427,10,100,2025
10,657044,"Thompson, Ryan",6/4/2025,777654,10,100,2025
10,656730,"Megill, Trevor",4/1/2025,778488,10,100,2025
10,642239,"Zastryzny, Rob",6/3/2025,777668,10,100,2025
10,642701,"Santana, Dennis",6/19/2025,777464,10,100,2025
10,681916,"Smith, Dylan",6/21/2025,777420,10,100,2025
10,641343,"Bauers, Jake",5/2/2025,778080,10,100,2025
10,641343,"Bauers, Jake",5/1/2025,778094,10,100,2025
10,671922,"Smith, Cade",4/30/2025,778116,10,100,2025
10,666619,"Santos, Gregory",3/30/2025,778513,10,100,2025
10,675848,"Mejia, Juan",5/2/2025,778082,10,100,2025
10,666661,"Morillo, Juan",6/13/2025,777521,10,100,2025
10,573124,"Rogers, Taylor",5/7/2025,778023,10,100,2025
10,596001,"Junis, Jakob",5/10/2025,777983,10,100,2025
10,623211,"Brazobán, Huascar",5/7/2025,778014,10,100,2025
10,622554,"Domínguez, Seranthony",5/11/2025,777961,10,100,2025
10,641329,"Baker, Bryan",5/7/2025,778011,10,100,2025
10,643511,"Rogers, Tyler",5/25/2025,777778,10,100,2025
10,660825,"Bazardo, Eduard",5/27/2025,777743,10,100,2025
10,669622,"Bender, Anthony",5/18/2025,777877,10,100,2025
10,692285,"Guerrero, Luis",6/17/2025,777473,10,100,2025
10,621383,"Banks, Tanner",5/3/2025,778078,10,100,2025
10,592426,"Jackson, Luke",6/18/2025,777460,10,100,2025
10,676661,"Lazar, Max",6/15/2025,777499,10,100,2025
10,681676,"Fernandez, Ryan",3/29/2025,778528,10,100,2025
10,669093,"Estrada, Jeremiah",5/17/2025,777875,10,100,2025
10,664126,"Fairbanks, Pete",5/17/2025,777889,10,100,2025
10,681892,"Funderburk, Kody",5/17/2025,777883,10,100,2025
10,489446,"Yates, Kirby",6/16/2025,777490,10,100,2025
10,656546,"Hoffman, Jeff",5/17/2025,777886,10,100,2025
10,680880,"Holman, Grant",5/20/2025,777843,10,100,2025
10,663738,"Lynch IV, Daniel",5/19/2025,777855,10,100,2025
10,641745,"Keller, Brad",4/19/2025,778257,10,100,2025
10,678495,"Rodríguez, Randy",5/25/2025,777778,10,100,2025
10,642585,"Bautista, Félix",4/19/2025,778262,10,100,2025
10,657097,"Webb, Jacob",4/22/2025,778213,10,100,2025
10,676092,"Snider, Collin",4/24/2025,778196,10,100,2025
10,681676,"Fernandez, Ryan",4/23/2025,778214,10,100,2025
10,573009,"Mantiply, Joe",3/28/2025,778543,10,100,2025
10,664854,"Helsley, Ryan",6/19/2025,777447,10,100,2025
10,628452,"Iglesias, Raisel",4/26/2025,778162,10,100,2025
10,643511,"Rogers, Tyler",6/21/2025,777417,10,100,2025
10,663485,"Sands, Cole",5/6/2025,778028,10,100,2025
10,596133,"Weaver, Luke",5/22/2025,777818,10,100,2025
10,666808,"Doval, Camilo",5/3/2025,778069,10,100,2025
10,640448,"Finnegan, Kyle",5/20/2025,777841,10,100,2025
10,687911,"King, Bryan",5/16/2025,777895,10,100,2025
10,663671,"Enright, Nic",6/10/2025,777569,10,100,2025
10,682120,"Herrin, Tim",6/9/2025,777580,10,100,2025
10,686993,"Sterner, Justin",5/18/2025,777867,10,100,2025
10,621053,"Ferguson, Tyler",4/28/2025,778143,10,100,2025
10,643511,"Rogers, Tyler",4/26/2025,778159,10,100,2025
10,675848,"Mejia, Juan",6/11/2025,777547,10,100,2025
10,656222,"Beeks, Jalen",5/24/2025,777786,10,100,2025
10,641941,"Pagán, Emilio",5/17/2025,777892,10,100,2025
10,679358,"Orze, Eric",5/19/2025,777858,10,100,2025
10,664199,"Clarke, Taylor",7/2/2025,777262,10,100,2025
10,681982,"Anderson, Grant",4/18/2025,778261,10,100,2025
10,643338,"Green, Chad",6/30/2025,777295,10,100,2025
10,607455,"Banda, Anthony",5/23/2025,777808,10,100,2025
10,682254,"Montgomery, Mason",4/27/2025,778146,10,100,2025
10,656271,"Burke, Brock",4/18/2025,778260,10,100,2025
10,573204,"Thielbar, Caleb",4/15/2025,778305,10,100,2025
10,664076,"Cleavinger, Garrett",4/25/2025,778172,10,100,2025
10,669062,"Miller, Erik",6/20/2025,777425,10,100,2025
10,669276,"Lee, Dylan",6/19/2025,777455,10,100,2025
10,656986,"Sousa, Bennett",6/20/2025,777428,10,100,2025
10,678606,"Ferrer, Jose A.",5/28/2025,777730,10,100,2025
10,643338,"Green, Chad",5/17/2025,777886,10,100,2025
10,669622,"Bender, Anthony",5/28/2025,777726,10,100,2025
10,608032,"Estévez, Carlos",4/19/2025,778265,10,100,2025
10,667463,"King, John",5/25/2025,777766,10,100,2025
10,676684,"Vest, Will",4/18/2025,778277,10,100,2025
10,642585,"Bautista, Félix",5/11/2025,777961,10,100,2025
10,621366,"Borucki, Ryan",5/7/2025,778016,10,100,2025
10,678020,"Halvorsen, Seth",5/11/2025,777955,10,100,2025
10,683409,"Chivilli, Angel",5/1/2025,778098,10,100,2025
10,595345,"Okert, Steven",5/29/2025,777725,10,100,2025
10,489446,"Yates, Kirby",6/8/2025,777582,10,100,2025
10,666171,"Zeferjahn, Ryan",6/6/2025,777614,10,100,2025
10,656945,"Scott, Tanner",3/18/2025,778563,10,100,2025
10,689266,"Dodd, Dylan",7/2/2025,777279,10,100,2025
10,657649,"Koenig, Jared",6/6/2025,777617,10,100,2025
10,669062,"Miller, Erik",6/10/2025,777563,10,100,2025
10,642528,"Loáisiga, Jonathan",6/6/2025,777627,10,100,2025
10,685126,"Eisert, Brandon",6/10/2025,777567,10,100,2025
10,666974,"Cano, Yennier",6/6/2025,777613,10,100,2025
10,663855,"Hicks, Jordan",6/30/2025,777300,10,100,2025
10,642701,"Santana, Dennis",6/7/2025,777607,10,100,2025
10,663574,"Santillan, Tony",6/9/2025,777580,10,100,2025
10,672841,"Vargas, Carlos",6/11/2025,777548,10,100,2025
10,642239,"Zastryzny, Rob",6/6/2025,777617,10,100,2025
10,668941,"Romero, JoJo",5/21/2025,777827,10,100,2025
10,642528,"Loáisiga, Jonathan",5/30/2025,777708,10,100,2025
10,623437,"Topa, Justin",5/31/2025,777695,10,100,2025
10,661403,"Clase, Emmanuel",5/31/2025,777703,10,100,2025
10,669199,"Bachar, Lake",5/6/2025,778035,10,100,2025
10,554340,"García, Yimi",4/5/2025,778446,10,100,2025
10,592426,"Jackson, Luke",6/13/2025,777524,10,100,2025
10,643410,"Leiter Jr., Mark",6/12/2025,777536,10,100,2025
10,455119,"Martin, Chris",6/12/2025,777533,10,100,2025
10,681517,"Leahy, Kyle",5/24/2025,777786,10,100,2025
10,663969,"Phillips, Tyler",6/13/2025,777530,10,100,2025
10,472610,"García, Luis",4/4/2025,778459,10,100,2025
10,547973,"Chapman, Aroldis",4/4/2025,778463,10,100,2025
10,573124,"Rogers, Taylor",4/5/2025,778439,10,100,2025
10,593974,"Peralta, Wandy",4/5/2025,778450,10,100,2025
10,663485,"Sands, Cole",4/6/2025,778419,10,100,2025
10,666171,"Zeferjahn, Ryan",4/4/2025,778447,10,100,2025
10,458677,"Wilson, Justin",5/14/2025,777927,10,100,2025
10,664854,"Helsley, Ryan",4/9/2025,778389,10,100,2025
10,669093,"Estrada, Jeremiah",4/9/2025,778381,10,100,2025
10,674444,"Cruz, Steven",5/5/2025,778043,10,100,2025
10,673929,"Leasure, Jordan",4/6/2025,778433,10,100,2025
10,656945,"Scott, Tanner",5/6/2025,778035,10,100,2025
10,657514,"Bernardino, Brennan",5/3/2025,778073,10,100,2025
10,605154,"Brebbia, John",4/2/2025,778469,10,100,2025
10,682171,"Murfee, Penn",4/9/2025,778391,10,100,2025
10,663767,"Shugart, Chase",5/3/2025,778065,10,100,2025
10,666661,"Morillo, Juan",5/4/2025,778059,10,100,2025
10,669093,"Estrada, Jeremiah",5/4/2025,778051,10,100,2025
10,676428,"Hurter, Brant",5/3/2025,778067,10,100,2025
10,680880,"Holman, Grant",5/3/2025,778075,10,100,2025
10,682842,"Uribe, Abner",5/3/2025,778071,10,100,2025
10,592155,"Booser, Cam",4/13/2025,778338,10,100,2025
10,621053,"Ferguson, Tyler",4/2/2025,778471,10,100,2025
10,664076,"Cleavinger, Garrett",4/12/2025,778353,10,100,2025
10,672841,"Vargas, Carlos",4/29/2025,778121,10,100,2025
10,687863,"Hodge, Porter",4/30/2025,778112,10,100,2025
10,573124,"Rogers, Taylor",5/23/2025,777811,10,100,2025
10,593576,"Neris, Héctor",5/23/2025,777798,10,100,2025
10,666974,"Cano, Yennier",5/31/2025,777699,10,100,2025
10,554431,"Matzek, Tyler",5/10/2025,777972,10,100,2025
10,700669,"Graceffo, Gordon",5/14/2025,777922,10,100,2025
10,621242,"Díaz, Edwin",5/11/2025,777968,10,100,2025
10,664076,"Cleavinger, Garrett",5/21/2025,777832,10,100,2025
10,622786,"Tinoco, Jesus",5/10/2025,777978,10,100,2025
10,614179,"Ruiz, José",4/11/2025,778365,10,100,2025
10,642701,"Santana, Dennis",5/10/2025,777985,10,100,2025
10,676092,"Snider, Collin",5/22/2025,777822,10,100,2025
10,656222,"Beeks, Jalen",5/8/2025,777999,10,100,2025
10,500743,"Rojas, Miguel",5/13/2025,777937,10,100,2025
10,663969,"Phillips, Tyler",5/11/2025,777966,10,100,2025
10,682120,"Herrin, Tim",5/14/2025,777925,10,100,2025
10,670955,"Uceta, Edwin",5/10/2025,777981,10,100,2025
10,689690,"Jacob, Alek",5/11/2025,777955,10,100,2025
10,656271,"Burke, Brock",4/12/2025,778351,10,100,2025
10,669093,"Estrada, Jeremiah",6/24/2025,777372,10,100,2025
10,657514,"Bernardino, Brennan",6/15/2025,777500,10,100,2025
10,675848,"Mejia, Juan",6/26/2025,777344,10,100,2025
10,679358,"Orze, Eric",6/24/2025,777378,10,100,2025
10,663542,"Hudson, Bryan",4/4/2025,778453,10,100,2025
10,668390,"Winn, Cole",6/25/2025,777365,10,100,2025
10,672578,"Hernández, Carlos",6/3/2025,777665,10,100,2025
10,687396,"Headrick, Brent",6/4/2025,777653,10,100,2025
10,445276,"Jansen, Kenley",6/2/2025,777670,10,100,2025
10,687330,"Kelly, Kevin",6/3/2025,777662,10,100,2025
10,552640,"Kittredge, Andrew",6/5/2025,777628,10,100,2025
10,592779,"Stewart, Brock",6/15/2025,777494,10,100,2025
10,663423,"Thornton, Trent",4/11/2025,778360,10,100,2025
10,666171,"Zeferjahn, Ryan",6/18/2025,777466,10,100,2025
10,623437,"Topa, Justin",6/3/2025,777658,10,100,2025
10,642152,"Trivino, Lou",6/2/2025,777675,10,100,2025
10,472610,"García, Luis",4/23/2025,778205,10,100,2025
10,676395,"Garcia, Robert",6/28/2025,777322,10,100,2025
10,573204,"Thielbar, Caleb",5/25/2025,777779,10,100,2025
10,592094,"Adam, Jason",5/25/2025,777783,10,100,2025
10,666808,"Doval, Camilo",4/2/2025,778475,10,100,2025
10,671922,"Smith, Cade",4/11/2025,778375,10,100,2025
10,642239,"Zastryzny, Rob",5/27/2025,777747,10,100,2025
10,642585,"Bautista, Félix",5/26/2025,777771,10,100,2025
10,681870,"Sabrowski, Erik",6/27/2025,777349,10,100,2025
10,661403,"Clase, Emmanuel",5/28/2025,777739,10,100,2025
10,676534,"Faucher, Calvin",5/25/2025,777767,10,100,2025
10,678692,"Henriquez, Ronny",5/25/2025,777767,10,100,2025
10,664139,"Gibaut, Ian",4/23/2025,778208,10,100,2025
10,680862,"MacIver, Willie",5/29/2025,777727,10,100,2025
10,694350,"Brzykcy, Zach",6/27/2025,777331,10,100,2025
10,607455,"Banda, Anthony",3/28/2025,778544,10,100,2025
10,684320,"Rodríguez, Yariel",4/12/2025,778362,10,100,2025
10,676395,"Garcia, Robert",4/24/2025,778192,10,100,2025
10,687847,"Church, Marc",4/11/2025,778360,10,100,2025
10,642585,"Bautista, Félix",6/3/2025,777655,10,100,2025
10,663992,"Lovelady, Richard",7/2/2025,777276,10,100,2025
10,683232,"Mears, Nick",6/29/2025,777301,10,100,2025
10,694037,"Palencia, Daniel",7/1/2025,777287,10,100,2025
10,670955,"Uceta, Edwin",4/5/2025,778438,10,100,2025
10,663574,"Santillan, Tony",6/29/2025,777312,10,100,2025
10,642100,"Speier, Gabe",6/30/2025,777297,10,100,2025
10,542888,"Armstrong, Shawn",6/21/2025,777421,10,100,2025
10,657097,"Webb, Jacob",7/2/2025,777268,10,100,2025
10,681869,"Dubin, Shawn",6/3/2025,777663,10,100,2025
10,573009,"Mantiply, Joe",3/30/2025,778515,10,100,2025
10,668933,"Ashcraft, Graham",4/6/2025,778421,10,100,2025
10,676395,"Garcia, Robert",6/20/2025,777432,10,100,2025
10,686580,"Slaten, Justin",4/6/2025,778443,10,100,2025
10,692285,"Guerrero, Luis",6/21/2025,777417,10,100,2025
10,669371,"Henry, Cole",6/19/2025,777445,10,100,2025
10,641656,"Hamilton, Ian",6/20/2025,777438,10,100,2025
10,605130,"Barlow, Scott",3/30/2025,778522,10,100,2025
10,521230,"Hendriks, Liam",5/2/2025,778089,10,100,2025
10,623474,"Herget, Jimmy",5/2/2025,778082,10,100,2025
10,682254,"Montgomery, Mason",5/2/2025,778088,10,100,2025
10,695534,"Petty, Chase",6/21/2025,777415,10,100,2025
10,684320,"Rodríguez, Yariel",6/22/2025,777408,10,100,2025
10,572955,"Johnson, Pierce",5/8/2025,778003,10,100,2025
10,657514,"Bernardino, Brennan",5/10/2025,777977,10,100,2025
10,687330,"Kelly, Kevin",4/2/2025,778479,10,100,2025
10,676684,"Vest, Will",5/9/2025,777996,10,100,2025
10,685107,"Veneziano, Anthony",5/11/2025,777966,10,100,2025
10,623352,"Hader, Josh",4/18/2025,778269,10,100,2025
10,687863,"Hodge, Porter",5/11/2025,777968,10,100,2025
10,623352,"Hader, Josh",4/15/2025,778308,10,100,2025
10,680767,"Vodnik, Victor",6/3/2025,777666,10,100,2025
10,472610,"García, Luis",5/26/2025,777769,10,100,2025
10,664126,"Fairbanks, Pete",4/17/2025,778282,10,100,2025
10,695243,"Miller, Mason",6/16/2025,777485,10,100,2025
10,641941,"Pagán, Emilio",6/15/2025,777505,10,100,2025
10,592454,"Kahnle, Tommy",5/26/2025,777770,10,100,2025
10,592454,"Kahnle, Tommy",4/23/2025,778209,10,100,2025
10,679885,"Martinez, Justin",4/17/2025,778291,10,100,2025
10,679358,"Orze, Eric",4/17/2025,778282,10,100,2025
10,642100,"Speier, Gabe",4/23/2025,778207,10,100,2025
10,664076,"Cleavinger, Garrett",4/23/2025,778199,10,100,2025
10,681869,"Dubin, Shawn",5/16/2025,777895,10,100,2025
10,676534,"Faucher, Calvin",4/22/2025,778219,10,100,2025
10,676684,"Vest, Will",4/21/2025,778228,10,100,2025
10,678606,"Ferrer, Jose A.",5/20/2025,777841,10,100,2025
10,687765,"Spence, Mitch",4/23/2025,778197,10,100,2025
10,660896,"Alcala, Jorge",6/23/2025,777381,10,100,2025
10,660896,"Alcala, Jorge",6/21/2025,777417,10,100,2025
10,656186,"Altavilla, Dan",6/19/2025,777458,10,100,2025
10,605452,"Ross, Joe",5/4/2025,778059,10,100,2025
10,664208,"Maton, Phil",5/28/2025,777740,10,100,2025
10,656464,"Ginkel, Kevin",6/22/2025,777399,10,100,2025
10,543518,"McGough, Scott",5/16/2025,777897,10,100,2025
10,642701,"Santana, Dennis",5/20/2025,777847,10,100,2025
10,672582,"Zerpa, Angel",6/19/2025,777443,10,100,2025
10,605447,"Romano, Jordan",4/15/2025,778313,10,100,2025
10,621381,"Strahm, Matt",5/17/2025,777894,10,100,2025
10,682171,"Murfee, Penn",4/1/2025,778490,10,100,2025
10,687330,"Kelly, Kevin",3/29/2025,778537,10,100,2025
10,664208,"Maton, Phil",4/16/2025,778290,10,100,2025
10,669920,"Alexander, Jason",4/17/2025,778283,10,100,2025
10,676092,"Snider, Collin",4/17/2025,778285,10,100,2025
10,673929,"Leasure, Jordan",4/18/2025,778275,10,100,2025
10,687863,"Hodge, Porter",4/15/2025,778305,10,100,2025
10,592094,"Adam, Jason",5/17/2025,777875,10,100,2025
10,666374,"Brash, Matt",5/17/2025,777875,10,100,2025
10,669711,"Weissert, Greg",3/28/2025,778550,10,100,2025
10,688297,"Roycroft, Chris",3/27/2025,778551,10,100,2025
10,608665,"Graveman, Kendall",5/16/2025,777897,10,100,2025
10,605447,"Romano, Jordan",5/22/2025,777817,10,100,2025
10,679885,"Martinez, Justin",4/26/2025,778162,10,100,2025
10,668674,"Erceg, Lucas",3/27/2025,778558,10,100,2025
10,685801,"Bigge, Hunter",3/28/2025,778560,10,100,2025
10,455119,"Martin, Chris",4/27/2025,778151,10,100,2025
10,547973,"Chapman, Aroldis",4/26/2025,778169,10,100,2025
10,621345,"Minter, A.J.",4/25/2025,778183,10,100,2025
10,681982,"Anderson, Grant",6/6/2025,777617,10,100,2025
10,666808,"Doval, Camilo",4/27/2025,778151,10,100,2025
10,669276,"Lee, Dylan",4/26/2025,778162,10,100,2025
10,680729,"McDaniels, Garrett",4/26/2025,778166,10,100,2025
10,672282,"Detmers, Reid",6/11/2025,777542,10,100,2025
10,689147,"Kerkering, Orion",4/25/2025,778182,10,100,2025
10,669211,"Akin, Keegan",6/6/2025,777613,10,100,2025
10,672841,"Vargas, Carlos",6/5/2025,777628,10,100,2025
10,663738,"Lynch IV, Daniel",6/22/2025,777396,10,100,2025
10,641755,"Kinley, Tyler",4/8/2025,778394,10,100,2025
10,621242,"Díaz, Edwin",4/6/2025,778435,10,100,2025
10,606160,"Montero, Rafael",4/29/2025,778120,10,100,2025
10,672282,"Detmers, Reid",6/23/2025,777381,10,100,2025
10,605154,"Brebbia, John",3/27/2025,778546,10,100,2025
9,656186,"Altavilla, Dan",6/12/2025,777546,9,100,2025
9,621383,"Banks, Tanner",4/22/2025,778223,9,100,2025
9,676395,"Garcia, Robert",6/24/2025,777380,9,100,2025
9,669062,"Miller, Erik",5/14/2025,777916,9,100,2025
9,666808,"Doval, Camilo",4/12/2025,778355,9,100,2025
9,657514,"Bernardino, Brennan",5/23/2025,777815,9,100,2025
9,657571,"Ferguson, Caleb",4/5/2025,778449,9,100,2025
9,670970,"Morejon, Adrian",4/25/2025,778172,9,100,2025
9,663947,"Holton, Tyler",4/28/2025,778142,9,100,2025
9,661403,"Clase, Emmanuel",4/2/2025,778476,9,100,2025
9,695445,"Lee, Chase",4/28/2025,778142,9,100,2025
9,695418,"Lord, Brad",6/6/2025,777624,9,100,2025
9,663574,"Santillan, Tony",3/29/2025,778540,9,100,2025
9,571946,"Miller, Shelby",6/9/2025,777577,9,100,2025
9,672582,"Zerpa, Angel",6/29/2025,777304,9,100,2025
9,643511,"Rogers, Tyler",5/6/2025,778027,9,100,2025
9,543056,"Coulombe, Danny",4/6/2025,778419,9,100,2025
9,455119,"Martin, Chris",4/5/2025,778438,9,100,2025
9,678606,"Ferrer, Jose A.",5/3/2025,778077,9,100,2025
9,679885,"Martinez, Justin",4/8/2025,778396,9,100,2025
9,657044,"Thompson, Ryan",4/2/2025,778484,9,100,2025
9,656546,"Hoffman, Jeff",4/7/2025,778426,9,100,2025
9,666974,"Cano, Yennier",4/12/2025,778362,9,100,2025
9,668941,"Romero, JoJo",4/8/2025,778408,9,100,2025
9,680704,"Sandlin, Nick",4/9/2025,778386,9,100,2025
9,623474,"Herget, Jimmy",4/4/2025,778456,9,100,2025
9,686642,"Ellard, Fraser",4/30/2025,778111,9,100,2025
9,661395,"Duran, Jhoan",5/4/2025,778063,9,100,2025
9,664199,"Clarke, Taylor",5/6/2025,778033,9,100,2025
9,641745,"Keller, Brad",4/5/2025,778450,9,100,2025
9,674444,"Cruz, Steven",4/12/2025,778359,9,100,2025
9,683769,"Gaddis, Hunter",4/11/2025,778375,9,100,2025
9,643511,"Rogers, Tyler",4/4/2025,778444,9,100,2025
9,642397,"Soto, Gregory",4/12/2025,778362,9,100,2025
9,674285,"Salazar, Eduardo",4/7/2025,778418,9,100,2025
9,519008,"McFarland, T.J.",5/7/2025,778010,9,100,2025
9,543056,"Coulombe, Danny",5/9/2025,777992,9,100,2025
9,572955,"Johnson, Pierce",5/10/2025,777985,9,100,2025
9,608718,"Suter, Brent",5/11/2025,777963,9,100,2025
9,643338,"Green, Chad",5/8/2025,778000,9,100,2025
9,592426,"Jackson, Luke",5/21/2025,777835,9,100,2025
9,605347,"López, Jorge",5/24/2025,777793,9,100,2025
9,642397,"Soto, Gregory",5/21/2025,777826,9,100,2025
9,655889,"Rodríguez, Manuel",5/24/2025,777795,9,100,2025
9,672841,"Vargas, Carlos",5/21/2025,777830,9,100,2025
9,663878,"Pearson, Nate",4/12/2025,778345,9,100,2025
9,678692,"Henriquez, Ronny",5/24/2025,777781,9,100,2025
9,687424,"Maldonado, Anthony",5/21/2025,777828,9,100,2025
9,593576,"Neris, Héctor",5/13/2025,777932,9,100,2025
9,669020,"Rolison, Ryan",5/13/2025,777934,9,100,2025
9,661395,"Duran, Jhoan",6/27/2025,777334,9,100,2025
9,682825,"Mey, Luis",5/13/2025,777945,9,100,2025
9,668941,"Romero, JoJo",4/13/2025,778336,9,100,2025
9,643377,"Jax, Griffin",6/25/2025,777363,9,100,2025
9,623474,"Herget, Jimmy",6/16/2025,777488,9,100,2025
9,669674,"Long, Sam",6/26/2025,777353,9,100,2025
9,676428,"Hurter, Brant",6/27/2025,777334,9,100,2025
9,686580,"Slaten, Justin",4/12/2025,778349,9,100,2025
9,606303,"Payamps, Joel",4/22/2025,778210,9,100,2025
9,605452,"Ross, Joe",6/3/2025,777665,9,100,2025
9,642397,"Soto, Gregory",6/1/2025,777684,9,100,2025
9,669711,"Weissert, Greg",5/30/2025,777719,9,100,2025
9,656986,"Sousa, Bennett",6/4/2025,777648,9,100,2025
9,621381,"Strahm, Matt",6/1/2025,777688,9,100,2025
9,669711,"Weissert, Greg",6/4/2025,777649,9,100,2025
9,657649,"Koenig, Jared",4/21/2025,778226,9,100,2025
9,664849,"Young, Danny",4/23/2025,778203,9,100,2025
9,643410,"Leiter Jr., Mark",5/26/2025,777763,9,100,2025
9,676263,"Dreyer, Jack",5/4/2025,778060,9,100,2025
9,663158,"Suarez, Robert",5/25/2025,777783,9,100,2025
9,519008,"McFarland, T.J.",4/1/2025,778494,9,100,2025
9,672582,"Zerpa, Angel",5/27/2025,777750,9,100,2025
9,676282,"Cantillo, Joey",4/21/2025,778227,9,100,2025
9,689225,"Brieske, Beau",4/5/2025,778445,9,100,2025
9,605130,"Barlow, Scott",6/21/2025,777415,9,100,2025
9,678692,"Henriquez, Ronny",4/28/2025,778132,9,100,2025
9,680755,"Fisher, Braydon",7/1/2025,777283,9,100,2025
9,621199,"Bowman, Matt",3/31/2025,778512,9,100,2025
9,656986,"Sousa, Bennett",7/1/2025,777285,9,100,2025
9,518585,"Cruz, Fernando",4/8/2025,778403,9,100,2025
9,689254,"Fluharty, Mason",5/30/2025,777716,9,100,2025
9,608032,"Estévez, Carlos",4/6/2025,778422,9,100,2025
9,571946,"Miller, Shelby",5/31/2025,777696,9,100,2025
9,668941,"Romero, JoJo",6/6/2025,777620,9,100,2025
9,519008,"McFarland, T.J.",5/6/2025,778024,9,100,2025
9,641835,"Mayza, Tim",3/29/2025,778539,9,100,2025
9,662253,"Muñoz, Andrés",4/8/2025,778398,9,100,2025
9,663158,"Suarez, Robert",4/7/2025,778414,9,100,2025
9,672391,"Ort, Kaleb",6/19/2025,777441,9,100,2025
9,678495,"Rodríguez, Randy",6/21/2025,777417,9,100,2025
9,593974,"Peralta, Wandy",5/4/2025,778051,9,100,2025
9,621381,"Strahm, Matt",4/29/2025,778131,9,100,2025
9,642100,"Speier, Gabe",4/29/2025,778121,9,100,2025
9,489446,"Yates, Kirby",6/20/2025,777427,9,100,2025
9,655889,"Rodríguez, Manuel",5/2/2025,778088,9,100,2025
9,669093,"Estrada, Jeremiah",4/1/2025,778485,9,100,2025
9,621345,"Minter, A.J.",4/17/2025,778278,9,100,2025
9,656641,"Latz, Jacob",5/25/2025,777777,9,100,2025
9,621057,"Garza, Justin",6/18/2025,777470,9,100,2025
9,674444,"Cruz, Steven",5/20/2025,777836,9,100,2025
9,676477,"Whitlock, Garrett",6/18/2025,777453,9,100,2025
9,666171,"Zeferjahn, Ryan",6/16/2025,777487,9,100,2025
9,458677,"Wilson, Justin",4/20/2025,778245,9,100,2025
9,472610,"García, Luis",4/20/2025,778234,9,100,2025
9,614179,"Ruiz, José",4/21/2025,778225,9,100,2025
9,686580,"Slaten, Justin",3/31/2025,778512,9,100,2025
9,621199,"Bowman, Matt",4/19/2025,778262,9,100,2025
9,677161,"Kelly, Zack",4/20/2025,778245,9,100,2025
9,690829,"Joyce, Ben",3/30/2025,778527,9,100,2025
9,641329,"Baker, Bryan",6/19/2025,777446,9,100,2025
9,656546,"Hoffman, Jeff",5/6/2025,778025,9,100,2025
9,669276,"Lee, Dylan",3/27/2025,778545,9,100,2025
9,623149,"Sewald, Paul",4/27/2025,778157,9,100,2025
9,669199,"Bachar, Lake",4/26/2025,778154,9,100,2025
9,518397,"Alexander, Scott",4/16/2025,778287,9,100,2025
9,600917,"Leclerc, José",4/18/2025,778261,9,100,2025
9,660787,"De los Santos, Yerry",5/6/2025,778041,9,100,2025
9,670970,"Morejon, Adrian",4/15/2025,778305,9,100,2025
9,605177,"Chafin, Andrew",6/8/2025,777596,9,100,2025
9,518585,"Cruz, Fernando",6/6/2025,777627,9,100,2025
9,674444,"Cruz, Steven",6/11/2025,777551,9,100,2025
9,519151,"Pressly, Ryan",5/18/2025,777872,9,100,2025
9,678495,"Rodríguez, Randy",5/17/2025,777879,9,100,2025
9,677161,"Kelly, Zack",6/8/2025,777593,9,100,2025
9,595345,"Okert, Steven",4/28/2025,778142,9,100,2025
9,608371,"Sims, Lucas",4/26/2025,778173,9,100,2025
9,621366,"Borucki, Ryan",4/25/2025,778176,9,100,2025
9,628452,"Iglesias, Raisel",4/28/2025,778137,9,100,2025
9,641745,"Keller, Brad",4/26/2025,778174,9,100,2025
9,662253,"Muñoz, Andrés",4/27/2025,778136,9,100,2025
9,472610,"García, Luis",4/27/2025,778145,9,100,2025
9,656730,"Megill, Trevor",5/21/2025,777826,9,100,2025
9,674444,"Cruz, Steven",7/1/2025,777281,9,100,2025
9,543056,"Coulombe, Danny",7/2/2025,777275,9,100,2025
9,643511,"Rogers, Tyler",4/6/2025,778427,9,100,2025
9,593576,"Neris, Héctor",5/19/2025,777853,9,100,2025
9,657240,"Merryweather, Julian",5/16/2025,777900,9,100,2025
9,679775,"Backhus, Kyle",6/29/2025,777303,9,100,2025
9,670167,"Schreiber, John",4/16/2025,778300,9,100,2025
9,642701,"Santana, Dennis",4/17/2025,778280,9,100,2025
9,656986,"Sousa, Bennett",4/25/2025,778187,9,100,2025
9,669622,"Bender, Anthony",6/19/2025,777444,9,100,2025
9,606303,"Payamps, Joel",5/20/2025,777844,9,100,2025
9,681911,"Vesia, Alex",4/1/2025,778487,9,100,2025
9,656546,"Hoffman, Jeff",5/20/2025,777845,9,100,2025
9,606160,"Montero, Rafael",4/2/2025,778475,9,100,2025
9,681962,"Capra, Vinny",6/17/2025,777467,9,100,2025
9,666214,"Wentz, Joey",4/29/2025,778135,9,100,2025
9,657097,"Webb, Jacob",6/23/2025,777394,9,100,2025
9,622786,"Tinoco, Jesus",6/2/2025,777673,9,100,2025
9,663767,"Shugart, Chase",4/27/2025,778145,9,100,2025
9,661403,"Clase, Emmanuel",4/8/2025,778402,9,100,2025
9,663893,"Little, Brendon",6/29/2025,777310,9,100,2025
9,679358,"Orze, Eric",6/29/2025,777317,9,100,2025
9,670036,"Festa, Matt",6/19/2025,777440,9,100,2025
9,663485,"Sands, Cole",6/6/2025,777615,9,100,2025
9,676684,"Vest, Will",6/1/2025,777677,9,100,2025
9,686973,"Varland, Louis",5/23/2025,777799,9,100,2025
9,666974,"Cano, Yennier",6/8/2025,777588,9,100,2025
9,641329,"Baker, Bryan",6/11/2025,777562,9,100,2025
9,641401,"Brogdon, Connor",6/9/2025,777576,9,100,2025
9,674285,"Salazar, Eduardo",4/4/2025,778457,9,100,2025
9,667463,"King, John",4/7/2025,778415,9,100,2025
9,671131,"Rutledge, Jackson",4/26/2025,778173,9,100,2025
9,663687,"Harris, Hogan",6/10/2025,777564,9,100,2025
9,667463,"King, John",6/8/2025,777582,9,100,2025
9,680755,"Fisher, Braydon",6/11/2025,777545,9,100,2025
9,656629,"Kopech, Michael",6/8/2025,777582,9,100,2025
9,643377,"Jax, Griffin",6/8/2025,777585,9,100,2025
9,596001,"Junis, Jakob",6/10/2025,777569,9,100,2025
9,664126,"Fairbanks, Pete",4/6/2025,778420,9,100,2025
9,663969,"Phillips, Tyler",6/6/2025,777625,9,100,2025
9,695445,"Lee, Chase",6/10/2025,777573,9,100,2025
9,642397,"Soto, Gregory",6/7/2025,777599,9,100,2025
9,657097,"Webb, Jacob",6/11/2025,777556,9,100,2025
9,655889,"Rodríguez, Manuel",6/6/2025,777625,9,100,2025
9,681982,"Anderson, Grant",5/31/2025,777702,9,100,2025
9,672841,"Vargas, Carlos",5/23/2025,777800,9,100,2025
9,689958,"Walters, Andrew",5/30/2025,777721,9,100,2025
9,593974,"Peralta, Wandy",4/8/2025,778395,9,100,2025
9,685126,"Eisert, Brandon",6/14/2025,777508,9,100,2025
9,592773,"Stanek, Ryne",4/7/2025,778416,9,100,2025
9,670036,"Festa, Matt",5/6/2025,778026,9,100,2025
9,668674,"Erceg, Lucas",4/2/2025,778477,9,100,2025
9,472610,"García, Luis",5/4/2025,778060,9,100,2025
9,660825,"Bazardo, Eduard",6/13/2025,777520,9,100,2025
9,683409,"Chivilli, Angel",4/8/2025,778394,9,100,2025
9,674444,"Cruz, Steven",5/4/2025,778062,9,100,2025
9,622780,"Perdomo, Angel",4/11/2025,778358,9,100,2025
9,640448,"Finnegan, Kyle",4/11/2025,778369,9,100,2025
9,657097,"Webb, Jacob",5/1/2025,778096,9,100,2025
9,676263,"Dreyer, Jack",4/13/2025,778331,9,100,2025
9,696147,"Bachman, Sam",6/14/2025,777519,9,100,2025
9,679885,"Martinez, Justin",3/29/2025,778532,9,100,2025
9,685801,"Bigge, Hunter",4/30/2025,778113,9,100,2025
9,681911,"Vesia, Alex",3/31/2025,778500,9,100,2025
9,685126,"Eisert, Brandon",4/1/2025,778490,9,100,2025
9,554340,"García, Yimi",5/22/2025,777816,9,100,2025
9,689147,"Kerkering, Orion",5/14/2025,777922,9,100,2025
9,695243,"Miller, Mason",5/1/2025,778096,9,100,2025
9,623352,"Hader, Josh",5/23/2025,777800,9,100,2025
9,641401,"Brogdon, Connor",5/7/2025,778009,9,100,2025
9,571946,"Miller, Shelby",5/12/2025,777939,9,100,2025
9,623211,"Brazobán, Huascar",5/12/2025,777950,9,100,2025
9,666214,"Wentz, Joey",5/11/2025,777967,9,100,2025
9,674444,"Cruz, Steven",5/12/2025,777948,9,100,2025
9,672282,"Detmers, Reid",5/7/2025,778009,9,100,2025
9,674444,"Cruz, Steven",5/11/2025,777965,9,100,2025
9,673965,"Freeman, Caleb",5/9/2025,777991,9,100,2025
9,628452,"Iglesias, Raisel",4/12/2025,778353,9,100,2025
9,642207,"Williams, Devin",6/24/2025,777385,9,100,2025
9,650556,"Abreu, Bryan",6/16/2025,777485,9,100,2025
9,656986,"Sousa, Bennett",6/25/2025,777366,9,100,2025
9,657571,"Ferguson, Caleb",6/25/2025,777361,9,100,2025
9,678692,"Henriquez, Ronny",6/25/2025,777355,9,100,2025
9,661395,"Duran, Jhoan",6/25/2025,777363,9,100,2025
9,670036,"Festa, Matt",6/17/2025,777472,9,100,2025
9,696147,"Bachman, Sam",6/24/2025,777376,9,100,2025
9,650893,"Cabrera, Génesis",6/3/2025,777659,9,100,2025
9,608032,"Estévez, Carlos",6/5/2025,777635,9,100,2025
9,695243,"Miller, Mason",6/5/2025,777636,9,100,2025
9,683769,"Gaddis, Hunter",6/13/2025,777520,9,100,2025
9,489446,"Yates, Kirby",4/23/2025,778205,9,100,2025
9,676254,"Walker, Ryan",6/1/2025,777689,9,100,2025
9,621051,"Wilson, Steven",6/5/2025,777634,9,100,2025
9,657424,"Gage, Matt",6/13/2025,777538,9,100,2025
9,592426,"Jackson, Luke",5/28/2025,777724,9,100,2025
9,641941,"Pagán, Emilio",4/23/2025,778208,9,100,2025
9,657097,"Webb, Jacob",5/26/2025,777759,9,100,2025
9,663574,"Santillan, Tony",5/26/2025,777760,9,100,2025
9,663893,"Little, Brendon",5/28/2025,777724,9,100,2025
9,666974,"Cano, Yennier",5/27/2025,777754,9,100,2025
9,682842,"Uribe, Abner",6/27/2025,777339,9,100,2025
9,687330,"Kelly, Kevin",6/25/2025,777359,9,100,2025
9,669211,"Akin, Keegan",6/5/2025,777628,9,100,2025
9,670955,"Uceta, Edwin",4/24/2025,778188,9,100,2025
9,592426,"Jackson, Luke",3/28/2025,778550,9,100,2025
9,621383,"Banks, Tanner",6/30/2025,777306,9,100,2025
9,661403,"Clase, Emmanuel",6/29/2025,777309,9,100,2025
9,661395,"Duran, Jhoan",7/2/2025,777275,9,100,2025
9,681517,"Leahy, Kyle",4/23/2025,778214,9,100,2025
9,681799,"Roberts, Ethan",4/20/2025,778236,9,100,2025
9,683769,"Gaddis, Hunter",4/19/2025,778254,9,100,2025
9,669062,"Miller, Erik",6/29/2025,777311,9,100,2025
9,681962,"Capra, Vinny",6/2/2025,777674,9,100,2025
9,672582,"Zerpa, Angel",7/2/2025,777262,9,100,2025
9,664126,"Fairbanks, Pete",6/3/2025,777662,9,100,2025
9,683769,"Gaddis, Hunter",6/21/2025,777411,9,100,2025
9,518397,"Alexander, Scott",5/1/2025,778098,9,100,2025
9,554340,"García, Yimi",4/30/2025,778114,9,100,2025
9,669276,"Lee, Dylan",5/2/2025,778092,9,100,2025
9,673929,"Leasure, Jordan",4/30/2025,778111,9,100,2025
9,695418,"Lord, Brad",6/1/2025,777679,9,100,2025
9,621383,"Banks, Tanner",5/9/2025,777997,9,100,2025
9,655889,"Rodríguez, Manuel",6/4/2025,777646,9,100,2025
9,656222,"Beeks, Jalen",5/9/2025,777988,9,100,2025
9,657044,"Thompson, Ryan",5/9/2025,777988,9,100,2025
9,657097,"Webb, Jacob",5/7/2025,778018,9,100,2025
9,669276,"Lee, Dylan",5/10/2025,777985,9,100,2025
9,669422,"Sauer, Matt",5/11/2025,777954,9,100,2025
9,614179,"Ruiz, José",4/16/2025,778296,9,100,2025
9,660853,"De Los Santos, Enyel",3/29/2025,778520,9,100,2025
9,641329,"Baker, Bryan",6/18/2025,777463,9,100,2025
9,663893,"Little, Brendon",3/30/2025,778525,9,100,2025
9,655889,"Rodríguez, Manuel",4/17/2025,778282,9,100,2025
9,663574,"Santillan, Tony",4/15/2025,778316,9,100,2025
9,674285,"Salazar, Eduardo",6/17/2025,777480,9,100,2025
9,592836,"Walker, Taijuan",6/16/2025,777483,9,100,2025
9,571948,"Milner, Hoby",5/4/2025,778052,9,100,2025
9,666974,"Cano, Yennier",3/31/2025,778512,9,100,2025
9,668984,"Legumina, Casey",4/20/2025,778241,9,100,2025
9,670167,"Schreiber, John",4/24/2025,778195,9,100,2025
9,608032,"Estévez, Carlos",5/19/2025,777855,9,100,2025
9,669371,"Henry, Cole",5/20/2025,777841,9,100,2025
9,689690,"Jacob, Alek",5/18/2025,777868,9,100,2025
9,623352,"Hader, Josh",6/20/2025,777428,9,100,2025
9,676684,"Vest, Will",4/1/2025,778486,9,100,2025
9,670970,"Morejon, Adrian",5/17/2025,777875,9,100,2025
9,621512,"Nido, Tomás",5/19/2025,777862,9,100,2025
9,681911,"Vesia, Alex",6/22/2025,777398,9,100,2025
9,543056,"Coulombe, Danny",4/16/2025,778299,9,100,2025
9,628452,"Iglesias, Raisel",4/18/2025,778284,9,100,2025
9,661403,"Clase, Emmanuel",4/18/2025,778271,9,100,2025
9,656550,"Holmes, Grant",3/27/2025,778545,9,100,2025
9,655889,"Rodríguez, Manuel",4/27/2025,778146,9,100,2025
9,667463,"King, John",4/27/2025,778150,9,100,2025
9,663947,"Holton, Tyler",5/20/2025,777840,9,100,2025
9,592426,"Jackson, Luke",5/24/2025,777792,9,100,2025
9,663432,"Rainey, Tanner",5/16/2025,777905,9,100,2025
9,689147,"Kerkering, Orion",4/27/2025,778158,9,100,2025
9,605447,"Romano, Jordan",5/16/2025,777905,9,100,2025
9,694363,"Shuster, Jared",5/17/2025,777881,9,100,2025
9,628452,"Iglesias, Raisel",5/22/2025,777820,9,100,2025
9,669711,"Weissert, Greg",5/16/2025,777908,9,100,2025
9,607481,"Bummer, Aaron",4/25/2025,778177,9,100,2025
9,621345,"Minter, A.J.",4/26/2025,778173,9,100,2025
9,669622,"Bender, Anthony",6/10/2025,777566,9,100,2025
9,657585,"Garrett, Reed",4/25/2025,778183,9,100,2025
9,664854,"Helsley, Ryan",4/25/2025,778184,9,100,2025
9,677865,"Bruihl, Justin",7/1/2025,777283,9,100,2025
9,669371,"Henry, Cole",5/25/2025,777778,9,100,2025
9,623474,"Herget, Jimmy",5/28/2025,777731,9,100,2025
9,674444,"Cruz, Steven",7/2/2025,777262,9,100,2025
9,656546,"Hoffman, Jeff",6/9/2025,777581,9,100,2025
8,547184,"Kelly, Michael",6/29/2025,777307,8,100,2025
8,662253,"Muñoz, Andrés",6/9/2025,777577,8,100,2025
8,642528,"Loáisiga, Jonathan",6/29/2025,777307,8,100,2025
8,695243,"Miller, Mason",6/30/2025,777296,8,100,2025
8,642207,"Williams, Devin",6/11/2025,777551,8,100,2025
8,621051,"Wilson, Steven",7/2/2025,777267,8,100,2025
8,666171,"Zeferjahn, Ryan",6/7/2025,777603,8,100,2025
8,445276,"Jansen, Kenley",4/6/2025,778425,8,100,2025
8,683769,"Gaddis, Hunter",6/14/2025,777507,8,100,2025
8,686580,"Slaten, Justin",5/23/2025,777815,8,100,2025
8,642397,"Soto, Gregory",6/13/2025,777539,8,100,2025
8,518397,"Alexander, Scott",4/4/2025,778456,8,100,2025
8,605182,"Clevinger, Mike",4/2/2025,778474,8,100,2025
8,657585,"Garrett, Reed",4/4/2025,778465,8,100,2025
8,661395,"Duran, Jhoan",4/5/2025,778440,8,100,2025
8,592426,"Jackson, Luke",4/5/2025,778438,8,100,2025
8,681799,"Roberts, Ethan",4/9/2025,778385,8,100,2025
8,656420,"Feyereisen, J.P.",5/6/2025,778035,8,100,2025
8,573204,"Thielbar, Caleb",4/29/2025,778135,8,100,2025
8,668674,"Erceg, Lucas",5/12/2025,777948,8,100,2025
8,668820,"Kranick, Max",5/13/2025,777943,8,100,2025
8,669276,"Lee, Dylan",5/12/2025,777959,8,100,2025
8,623437,"Topa, Justin",3/29/2025,778528,8,100,2025
8,700187,"Taylor, Troy",4/30/2025,778104,8,100,2025
8,666171,"Zeferjahn, Ryan",4/1/2025,778495,8,100,2025
8,643410,"Leiter Jr., Mark",5/9/2025,777994,8,100,2025
8,678226,"Hernández, Daysbel",5/31/2025,777706,8,100,2025
8,670167,"Schreiber, John",5/24/2025,777788,8,100,2025
8,674444,"Cruz, Steven",5/9/2025,777990,8,100,2025
8,643511,"Rogers, Tyler",5/12/2025,777939,8,100,2025
8,663485,"Sands, Cole",5/14/2025,777938,8,100,2025
8,455119,"Martin, Chris",6/27/2025,777340,8,100,2025
8,664199,"Clarke, Taylor",6/25/2025,777359,8,100,2025
8,620454,"Castillo, José",6/24/2025,777387,8,100,2025
8,672391,"Ort, Kaleb",6/17/2025,777469,8,100,2025
8,678020,"Halvorsen, Seth",6/26/2025,777344,8,100,2025
8,696147,"Bachman, Sam",6/28/2025,777315,8,100,2025
8,682120,"Herrin, Tim",6/25/2025,777368,8,100,2025
8,621237,"Alvarado, José",4/20/2025,778248,8,100,2025
8,801434,"Gervase, Paul",6/26/2025,777353,8,100,2025
8,688642,"Agnos, Zach",5/27/2025,777751,8,100,2025
8,670032,"Lopez, Nicky",3/27/2025,778554,8,100,2025
8,571946,"Miller, Shelby",6/13/2025,777521,8,100,2025
8,820862,"Fermin, José",6/29/2025,777305,8,100,2025
8,670036,"Festa, Matt",6/29/2025,777309,8,100,2025
8,691594,"Sanoja, Javier",4/4/2025,778464,8,100,2025
8,664192,"Lucchesi, Joey",6/20/2025,777425,8,100,2025
8,669062,"Miller, Erik",4/9/2025,778376,8,100,2025
8,663969,"Phillips, Tyler",6/20/2025,777439,8,100,2025
8,686580,"Slaten, Justin",4/9/2025,778386,8,100,2025
8,571946,"Miller, Shelby",5/1/2025,778103,8,100,2025
8,605447,"Romano, Jordan",5/2/2025,778086,8,100,2025
8,592773,"Stanek, Ryne",5/7/2025,778014,8,100,2025
8,683769,"Gaddis, Hunter",4/17/2025,778292,8,100,2025
8,672578,"Hernández, Carlos",5/8/2025,778005,8,100,2025
8,683232,"Mears, Nick",5/9/2025,778002,8,100,2025
8,686973,"Varland, Louis",5/11/2025,777956,8,100,2025
8,641329,"Baker, Bryan",6/17/2025,777477,8,100,2025
8,608665,"Graveman, Kendall",5/31/2025,777696,8,100,2025
8,680767,"Vodnik, Victor",6/17/2025,777480,8,100,2025
8,678020,"Halvorsen, Seth",5/27/2025,777751,8,100,2025
8,678606,"Ferrer, Jose A.",4/24/2025,778193,8,100,2025
8,806188,"Gibson, Cade",5/26/2025,777756,8,100,2025
8,687911,"King, Bryan",4/23/2025,778200,8,100,2025
8,676263,"Dreyer, Jack",6/21/2025,777416,8,100,2025
8,670059,"Holderman, Colin",4/27/2025,778145,8,100,2025
8,678020,"Halvorsen, Seth",4/26/2025,778161,8,100,2025
8,621366,"Borucki, Ryan",5/22/2025,777814,8,100,2025
8,670167,"Schreiber, John",5/3/2025,778072,8,100,2025
8,672578,"Hernández, Carlos",5/17/2025,777894,8,100,2025
8,672335,"Pérez, Cionel",5/20/2025,777844,8,100,2025
8,676254,"Walker, Ryan",5/20/2025,777836,8,100,2025
8,670280,"Bednar, David",3/27/2025,778562,8,100,2025
8,643338,"Green, Chad",3/27/2025,778556,8,100,2025
8,664208,"Maton, Phil",6/20/2025,777433,8,100,2025
8,657571,"Ferguson, Caleb",4/16/2025,778293,8,100,2025
8,519008,"McFarland, T.J.",3/27/2025,778547,8,100,2025
8,547973,"Chapman, Aroldis",5/24/2025,777809,8,100,2025
8,642397,"Soto, Gregory",6/11/2025,777562,8,100,2025
8,573204,"Thielbar, Caleb",5/13/2025,777936,8,100,2025
8,518585,"Cruz, Fernando",6/11/2025,777551,8,100,2025
8,673513,"Matsui, Yuki",5/2/2025,778090,8,100,2025
8,621057,"Garza, Justin",6/10/2025,777570,8,100,2025
8,628452,"Iglesias, Raisel",6/9/2025,777575,8,100,2025
8,445276,"Jansen, Kenley",6/6/2025,777614,8,100,2025
8,671922,"Smith, Cade",5/30/2025,777721,8,100,2025
8,680704,"Sandlin, Nick",7/1/2025,777283,8,100,2025
8,642528,"Loáisiga, Jonathan",6/12/2025,777536,8,100,2025
8,676254,"Walker, Ryan",6/12/2025,777534,8,100,2025
8,655889,"Rodríguez, Manuel",4/9/2025,778399,8,100,2025
8,668674,"Erceg, Lucas",4/4/2025,778455,8,100,2025
8,593974,"Peralta, Wandy",4/2/2025,778476,8,100,2025
8,687377,"Ribalta, Orlando",4/4/2025,778457,8,100,2025
8,605347,"López, Jorge",5/22/2025,777820,8,100,2025
8,670174,"Winckowski, Josh",4/9/2025,778386,8,100,2025
8,641302,"Alexander, Tyler",5/13/2025,777944,8,100,2025
8,608032,"Estévez, Carlos",5/5/2025,778043,8,100,2025
8,642701,"Santana, Dennis",5/4/2025,778051,8,100,2025
8,668674,"Erceg, Lucas",5/4/2025,778062,8,100,2025
8,682120,"Herrin, Tim",5/4/2025,778056,8,100,2025
8,605182,"Clevinger, Mike",4/13/2025,778338,8,100,2025
8,683232,"Mears, Nick",5/3/2025,778071,8,100,2025
8,685107,"Veneziano, Anthony",5/3/2025,778075,8,100,2025
8,608371,"Sims, Lucas",4/29/2025,778131,8,100,2025
8,663542,"Hudson, Bryan",4/13/2025,778332,8,100,2025
8,669093,"Estrada, Jeremiah",5/13/2025,777932,8,100,2025
8,571946,"Miller, Shelby",4/1/2025,778492,8,100,2025
8,622554,"Domínguez, Seranthony",3/29/2025,778536,8,100,2025
8,642100,"Speier, Gabe",4/1/2025,778486,8,100,2025
8,641329,"Baker, Bryan",5/3/2025,778072,8,100,2025
8,664208,"Maton, Phil",3/29/2025,778528,8,100,2025
8,605347,"López, Jorge",5/7/2025,778022,8,100,2025
8,657044,"Thompson, Ryan",5/23/2025,777797,8,100,2025
8,671131,"Rutledge, Jackson",5/22/2025,777820,8,100,2025
8,663432,"Rainey, Tanner",5/11/2025,777967,8,100,2025
8,641755,"Kinley, Tyler",5/12/2025,777949,8,100,2025
8,683769,"Gaddis, Hunter",5/13/2025,777944,8,100,2025
8,623437,"Topa, Justin",6/26/2025,777356,8,100,2025
8,572955,"Johnson, Pierce",6/26/2025,777352,8,100,2025
8,606160,"Montero, Rafael",6/27/2025,777342,8,100,2025
8,607455,"Banda, Anthony",6/27/2025,777335,8,100,2025
8,642239,"Zastryzny, Rob",6/25/2025,777361,8,100,2025
8,682825,"Mey, Luis",5/7/2025,778023,8,100,2025
8,657044,"Thompson, Ryan",6/24/2025,777383,8,100,2025
8,643511,"Rogers, Tyler",4/2/2025,778475,8,100,2025
8,656222,"Beeks, Jalen",6/17/2025,777479,8,100,2025
8,607481,"Bummer, Aaron",6/13/2025,777535,8,100,2025
8,547973,"Chapman, Aroldis",6/3/2025,777667,8,100,2025
8,641755,"Kinley, Tyler",6/15/2025,777504,8,100,2025
8,641755,"Kinley, Tyler",6/1/2025,777686,8,100,2025
8,672841,"Vargas, Carlos",6/27/2025,777340,8,100,2025
8,681911,"Vesia, Alex",6/16/2025,777490,8,100,2025
8,676534,"Faucher, Calvin",5/28/2025,777726,8,100,2025
8,670280,"Bednar, David",4/22/2025,778211,8,100,2025
8,676263,"Dreyer, Jack",4/20/2025,778234,8,100,2025
8,689147,"Kerkering, Orion",4/12/2025,778347,8,100,2025
8,668674,"Erceg, Lucas",7/1/2025,777281,8,100,2025
8,686753,"Jameson, Drey",4/20/2025,778236,8,100,2025
8,552640,"Kittredge, Andrew",7/2/2025,777268,8,100,2025
8,676684,"Vest, Will",6/29/2025,777314,8,100,2025
8,592094,"Adam, Jason",6/22/2025,777396,8,100,2025
8,519008,"McFarland, T.J.",4/27/2025,778149,8,100,2025
8,669212,"Morgan, Eli",4/9/2025,778385,8,100,2025
8,642207,"Williams, Devin",5/2/2025,778088,8,100,2025
8,670970,"Morejon, Adrian",4/30/2025,778105,8,100,2025
8,672578,"Hernández, Carlos",4/30/2025,778118,8,100,2025
8,681982,"Anderson, Grant",5/2/2025,778080,8,100,2025
8,641941,"Pagán, Emilio",5/30/2025,777712,8,100,2025
8,593576,"Neris, Héctor",6/3/2025,777667,8,100,2025
8,676679,"Vázquez, Luis",6/21/2025,777422,8,100,2025
8,656222,"Beeks, Jalen",3/29/2025,778532,8,100,2025
8,657514,"Bernardino, Brennan",5/9/2025,777990,8,100,2025
8,657571,"Ferguson, Caleb",5/10/2025,777985,8,100,2025
8,656546,"Hoffman, Jeff",4/1/2025,778491,8,100,2025
8,669211,"Akin, Keegan",5/9/2025,777986,8,100,2025
8,621366,"Borucki, Ryan",4/17/2025,778280,8,100,2025
8,670036,"Festa, Matt",6/18/2025,777454,8,100,2025
8,680755,"Fisher, Braydon",6/17/2025,777479,8,100,2025
8,681911,"Vesia, Alex",6/5/2025,777631,8,100,2025
8,552640,"Kittredge, Andrew",6/15/2025,777501,8,100,2025
8,680862,"MacIver, Willie",6/17/2025,777469,8,100,2025
8,669093,"Estrada, Jeremiah",4/16/2025,778288,8,100,2025
8,676395,"Garcia, Robert",4/15/2025,778306,8,100,2025
8,679885,"Martinez, Justin",4/16/2025,778303,8,100,2025
8,657649,"Koenig, Jared",5/27/2025,777747,8,100,2025
8,554340,"García, Yimi",5/17/2025,777886,8,100,2025
8,701121,"VanWey, Logan",4/20/2025,778237,8,100,2025
8,670280,"Bednar, David",3/30/2025,778519,8,100,2025
8,670036,"Festa, Matt",5/28/2025,777739,8,100,2025
8,673513,"Matsui, Yuki",5/17/2025,777875,8,100,2025
8,605177,"Chafin, Andrew",5/3/2025,778077,8,100,2025
8,642701,"Santana, Dennis",6/22/2025,777404,8,100,2025
8,455119,"Martin, Chris",4/15/2025,778306,8,100,2025
8,596271,"Lawrence, Casey",4/18/2025,778273,8,100,2025
8,663158,"Suarez, Robert",4/16/2025,778288,8,100,2025
8,678606,"Ferrer, Jose A.",5/31/2025,777696,8,100,2025
8,593576,"Neris, Héctor",5/21/2025,777828,8,100,2025
8,572955,"Johnson, Pierce",5/17/2025,777893,8,100,2025
8,552640,"Kittredge, Andrew",5/21/2025,777826,8,100,2025
8,621366,"Borucki, Ryan",6/10/2025,777566,8,100,2025
8,680689,"Richardson, Lyon",5/31/2025,777704,8,100,2025
8,543056,"Coulombe, Danny",4/20/2025,778249,8,100,2025
8,685126,"Eisert, Brandon",5/16/2025,777900,8,100,2025
8,656271,"Burke, Brock",6/16/2025,777487,8,100,2025
8,670955,"Uceta, Edwin",5/29/2025,777725,8,100,2025
8,663432,"Rainey, Tanner",5/28/2025,777729,8,100,2025
8,663574,"Santillan, Tony",5/27/2025,777750,8,100,2025
8,521230,"Hendriks, Liam",5/4/2025,778063,8,100,2025
8,656641,"Latz, Jacob",6/5/2025,777629,8,100,2025
8,664076,"Cleavinger, Garrett",6/30/2025,777296,8,100,2025
8,672582,"Zerpa, Angel",5/17/2025,777885,8,100,2025
8,573204,"Thielbar, Caleb",4/18/2025,778268,8,100,2025
8,657612,"Hill, Tim",4/22/2025,778218,8,100,2025
8,663897,"Williams, Luke",6/15/2025,777504,8,100,2025
8,663969,"Phillips, Tyler",6/25/2025,777355,8,100,2025
8,670280,"Bednar, David",6/15/2025,777497,8,100,2025
8,678495,"Rodríguez, Randy",5/23/2025,777801,8,100,2025
8,518489,"Brasier, Ryan",6/25/2025,777357,8,100,2025
8,640448,"Finnegan, Kyle",5/1/2025,778099,8,100,2025
8,682254,"Montgomery, Mason",4/11/2025,778367,8,100,2025
8,605177,"Chafin, Andrew",5/12/2025,777959,8,100,2025
8,702795,"Loutos, Ryan",6/14/2025,777514,8,100,2025
8,676395,"Garcia, Robert",5/6/2025,778037,8,100,2025
8,657649,"Koenig, Jared",6/7/2025,777597,8,100,2025
8,643410,"Leiter Jr., Mark",5/17/2025,777888,8,100,2025
8,663893,"Little, Brendon",4/27/2025,778170,8,100,2025
8,623211,"Brazobán, Huascar",5/4/2025,778053,8,100,2025
8,642701,"Santana, Dennis",4/20/2025,778242,8,100,2025
8,686701,"Bergert, Ryan",5/6/2025,778041,8,100,2025
7,573124,"Rogers, Taylor",7/2/2025,777277,7,100,2025
7,519008,"McFarland, T.J.",6/10/2025,777564,7,100,2025
7,657514,"Bernardino, Brennan",5/30/2025,777719,7,100,2025
7,666171,"Zeferjahn, Ryan",6/9/2025,777576,7,100,2025
7,607455,"Banda, Anthony",6/14/2025,777506,7,100,2025
7,621366,"Borucki, Ryan",6/12/2025,777541,7,100,2025
7,656271,"Burke, Brock",4/6/2025,778425,7,100,2025
7,686973,"Varland, Louis",5/4/2025,778063,7,100,2025
7,628452,"Iglesias, Raisel",5/6/2025,778034,7,100,2025
7,670970,"Morejon, Adrian",5/14/2025,777914,7,100,2025
7,669622,"Bender, Anthony",3/29/2025,778539,7,100,2025
7,623437,"Topa, Justin",5/8/2025,778007,7,100,2025
7,674444,"Cruz, Steven",5/24/2025,777788,7,100,2025
7,687396,"Headrick, Brent",5/23/2025,777802,7,100,2025
7,455119,"Martin, Chris",5/12/2025,777949,7,100,2025
7,458677,"Wilson, Justin",6/24/2025,777376,7,100,2025
7,571948,"Milner, Hoby",6/28/2025,777322,7,100,2025
7,650893,"Cabrera, Génesis",6/15/2025,777497,7,100,2025
7,663947,"Holton, Tyler",6/26/2025,777351,7,100,2025
7,682120,"Herrin, Tim",4/12/2025,778359,7,100,2025
7,521230,"Hendriks, Liam",4/22/2025,778224,7,100,2025
7,676130,"Buttó, José",6/3/2025,777657,7,100,2025
7,689690,"Jacob, Alek",4/14/2025,778315,7,100,2025
7,663574,"Santillan, Tony",6/3/2025,777668,7,100,2025
7,676254,"Walker, Ryan",6/2/2025,777676,7,100,2025
7,683021,"Stefanic, Michael",5/25/2025,777775,7,100,2025
7,643410,"Leiter Jr., Mark",4/19/2025,778255,7,100,2025
7,660853,"De Los Santos, Enyel",6/1/2025,777692,7,100,2025
7,592454,"Kahnle, Tommy",6/4/2025,777639,7,100,2025
7,660825,"Bazardo, Eduard",6/20/2025,777436,7,100,2025
7,676534,"Faucher, Calvin",6/22/2025,777402,7,100,2025
7,676534,"Faucher, Calvin",6/20/2025,777439,7,100,2025
7,678606,"Ferrer, Jose A.",6/22/2025,777398,7,100,2025
7,605130,"Barlow, Scott",4/9/2025,778376,7,100,2025
7,657240,"Merryweather, Julian",3/31/2025,778501,7,100,2025
7,676254,"Walker, Ryan",5/17/2025,777879,7,100,2025
7,657514,"Bernardino, Brennan",5/7/2025,778018,7,100,2025
7,682842,"Uribe, Abner",5/11/2025,777964,7,100,2025
7,683769,"Gaddis, Hunter",5/7/2025,778022,7,100,2025
7,686973,"Varland, Louis",5/9/2025,777992,7,100,2025
7,664208,"Maton, Phil",5/27/2025,777754,7,100,2025
7,664123,"Effross, Scott",6/17/2025,777476,7,100,2025
7,682120,"Herrin, Tim",6/18/2025,777454,7,100,2025
7,489446,"Yates, Kirby",4/19/2025,778251,7,100,2025
7,605463,"Scott, Tayler",4/20/2025,778237,7,100,2025
7,687396,"Headrick, Brent",4/1/2025,778492,7,100,2025
7,662253,"Muñoz, Andrés",4/19/2025,778258,7,100,2025
7,666808,"Doval, Camilo",4/21/2025,778226,7,100,2025
7,668941,"Romero, JoJo",4/21/2025,778233,7,100,2025
7,683766,"Koss, Christian",4/22/2025,778210,7,100,2025
7,595897,"Burdi, Nick",5/16/2025,777908,7,100,2025
7,686973,"Varland, Louis",4/22/2025,778216,7,100,2025
7,678226,"Hernández, Daysbel",3/28/2025,778542,7,100,2025
7,661395,"Duran, Jhoan",4/26/2025,778166,7,100,2025
7,666808,"Doval, Camilo",5/6/2025,778027,7,100,2025
7,656730,"Megill, Trevor",4/16/2025,778295,7,100,2025
7,660825,"Bazardo, Eduard",4/15/2025,778316,7,100,2025
7,678495,"Rodríguez, Randy",4/18/2025,778260,7,100,2025
7,681799,"Roberts, Ethan",4/18/2025,778268,7,100,2025
7,641656,"Hamilton, Ian",6/8/2025,777593,7,100,2025
7,592155,"Booser, Cam",4/27/2025,778149,7,100,2025
7,641941,"Pagán, Emilio",4/28/2025,778141,7,100,2025
7,622253,"Tate, Dillon",5/6/2025,778025,7,100,2025
7,664139,"Gibaut, Ian",5/28/2025,777733,7,100,2025
7,605154,"Brebbia, John",5/28/2025,777738,7,100,2025
7,571946,"Miller, Shelby",4/8/2025,778396,7,100,2025
7,571948,"Milner, Hoby",5/28/2025,777724,7,100,2025
7,519151,"Pressly, Ryan",7/2/2025,777266,7,100,2025
7,518397,"Alexander, Scott",5/8/2025,778029,7,100,2025
7,621366,"Borucki, Ryan",3/27/2025,778562,7,100,2025
7,572955,"Johnson, Pierce",3/28/2025,778542,7,100,2025
7,668674,"Erceg, Lucas",4/24/2025,778190,7,100,2025
7,642100,"Speier, Gabe",5/29/2025,777722,7,100,2025
7,670970,"Morejon, Adrian",5/25/2025,777783,7,100,2025
7,688297,"Roycroft, Chris",5/18/2025,777864,7,100,2025
7,689266,"Dodd, Dylan",5/29/2025,777735,7,100,2025
7,640451,"Harvey, Hunter",3/27/2025,778558,7,100,2025
7,657612,"Hill, Tim",4/27/2025,778170,7,100,2025
7,643377,"Jax, Griffin",5/3/2025,778073,7,100,2025
7,681982,"Anderson, Grant",5/24/2025,777794,7,100,2025
7,664139,"Gibaut, Ian",4/9/2025,778376,7,100,2025
7,666661,"Morillo, Juan",6/11/2025,777548,7,100,2025
7,592155,"Booser, Cam",5/17/2025,777881,7,100,2025
7,657571,"Ferguson, Caleb",6/11/2025,777552,7,100,2025
7,547184,"Kelly, Michael",6/7/2025,777599,7,100,2025
7,547973,"Chapman, Aroldis",5/19/2025,777856,7,100,2025
7,519141,"Pomeranz, Drew",6/9/2025,777578,7,100,2025
7,663574,"Santillan, Tony",6/8/2025,777602,7,100,2025
7,642100,"Speier, Gabe",6/9/2025,777577,7,100,2025
7,642100,"Speier, Gabe",6/11/2025,777548,7,100,2025
7,682254,"Montgomery, Mason",6/30/2025,777296,7,100,2025
7,605447,"Romano, Jordan",6/9/2025,777578,7,100,2025
7,668984,"Legumina, Casey",5/5/2025,778038,7,100,2025
7,554340,"García, Yimi",4/2/2025,778478,7,100,2025
7,592426,"Jackson, Luke",4/9/2025,778385,7,100,2025
7,641941,"Pagán, Emilio",4/8/2025,778397,7,100,2025
7,621381,"Strahm, Matt",6/14/2025,777509,7,100,2025
7,672391,"Ort, Kaleb",5/4/2025,778055,7,100,2025
7,663158,"Suarez, Robert",4/9/2025,778381,7,100,2025
7,673513,"Matsui, Yuki",5/3/2025,778065,7,100,2025
7,642397,"Soto, Gregory",5/14/2025,777938,7,100,2025
7,542888,"Armstrong, Shawn",4/30/2025,778106,7,100,2025
7,519151,"Pressly, Ryan",4/13/2025,778331,7,100,2025
7,672841,"Vargas, Carlos",4/13/2025,778334,7,100,2025
7,593974,"Peralta, Wandy",3/31/2025,778499,7,100,2025
7,657649,"Koenig, Jared",3/30/2025,778523,7,100,2025
7,592779,"Stewart, Brock",5/24/2025,777788,7,100,2025
7,623211,"Brazobán, Huascar",4/2/2025,778481,7,100,2025
7,592155,"Booser, Cam",5/9/2025,777991,7,100,2025
7,554340,"García, Yimi",5/14/2025,777923,7,100,2025
7,663738,"Lynch IV, Daniel",5/11/2025,777965,7,100,2025
7,670059,"Holderman, Colin",5/7/2025,778016,7,100,2025
7,592773,"Stanek, Ryne",6/26/2025,777352,7,100,2025
7,606160,"Montero, Rafael",6/24/2025,777387,7,100,2025
7,657585,"Garrett, Reed",6/28/2025,777325,7,100,2025
7,670970,"Morejon, Adrian",6/25/2025,777360,7,100,2025
7,682842,"Uribe, Abner",6/1/2025,777688,7,100,2025
7,664854,"Helsley, Ryan",4/11/2025,778365,7,100,2025
7,680755,"Fisher, Braydon",6/24/2025,777384,7,100,2025
7,685107,"Veneziano, Anthony",4/12/2025,778354,7,100,2025
7,694350,"Brzykcy, Zach",6/28/2025,777315,7,100,2025
7,605130,"Barlow, Scott",6/3/2025,777668,7,100,2025
7,681517,"Leahy, Kyle",4/22/2025,778229,7,100,2025
7,547184,"Kelly, Michael",6/30/2025,777296,7,100,2025
7,489446,"Yates, Kirby",4/6/2025,778434,7,100,2025
7,676130,"Buttó, José",6/2/2025,777675,7,100,2025
7,672282,"Detmers, Reid",5/30/2025,777721,7,100,2025
7,676534,"Faucher, Calvin",4/5/2025,778451,7,100,2025
7,656546,"Hoffman, Jeff",6/4/2025,777651,7,100,2025
7,666808,"Doval, Camilo",5/1/2025,778098,7,100,2025
7,571771,"Hernández, Enrique",5/31/2025,777698,7,100,2025
7,641745,"Keller, Brad",5/31/2025,777704,7,100,2025
7,674444,"Cruz, Steven",5/2/2025,778093,7,100,2025
7,606303,"Payamps, Joel",5/11/2025,777964,7,100,2025
7,621381,"Strahm, Matt",4/15/2025,778313,7,100,2025
7,641401,"Brogdon, Connor",6/18/2025,777466,7,100,2025
7,657514,"Bernardino, Brennan",4/18/2025,778275,7,100,2025
7,656945,"Scott, Tanner",6/16/2025,777490,7,100,2025
7,519008,"McFarland, T.J.",4/22/2025,778213,7,100,2025
7,664875,"Lawrence, Justin",3/30/2025,778519,7,100,2025
7,600917,"Leclerc, José",4/22/2025,778213,7,100,2025
7,641329,"Baker, Bryan",5/25/2025,777785,7,100,2025
7,621053,"Ferguson, Tyler",4/22/2025,778213,7,100,2025
7,518397,"Alexander, Scott",5/16/2025,777897,7,100,2025
7,668941,"Romero, JoJo",4/23/2025,778214,7,100,2025
7,676475,"Burleson, Alec",5/30/2025,777709,7,100,2025
7,664076,"Cleavinger, Garrett",5/26/2025,777762,7,100,2025
7,656222,"Beeks, Jalen",6/21/2025,777410,7,100,2025
7,668984,"Legumina, Casey",5/25/2025,777774,7,100,2025
7,672335,"Pérez, Cionel",3/30/2025,778525,7,100,2025
7,673513,"Matsui, Yuki",5/28/2025,777726,7,100,2025
7,455119,"Martin, Chris",5/17/2025,777882,7,100,2025
7,605347,"López, Jorge",5/20/2025,777841,7,100,2025
7,669020,"Rolison, Ryan",6/19/2025,777445,7,100,2025
7,642239,"Zastryzny, Rob",6/22/2025,777401,7,100,2025
7,519151,"Pressly, Ryan",4/18/2025,778268,7,100,2025
7,682120,"Herrin, Tim",5/28/2025,777739,7,100,2025
7,676254,"Walker, Ryan",5/18/2025,777867,7,100,2025
7,663485,"Sands, Cole",4/16/2025,778299,7,100,2025
7,682842,"Uribe, Abner",4/15/2025,778310,7,100,2025
7,621381,"Strahm, Matt",5/4/2025,778059,7,100,2025
7,650556,"Abreu, Bryan",5/16/2025,777895,7,100,2025
7,662253,"Muñoz, Andrés",5/23/2025,777800,7,100,2025
7,657612,"Hill, Tim",4/14/2025,778327,7,100,2025
7,677649,"Duran, Ezequiel",6/12/2025,777533,7,100,2025
7,643511,"Rogers, Tyler",6/13/2025,777522,7,100,2025
7,670036,"Festa, Matt",5/22/2025,777821,7,100,2025
7,663855,"Hicks, Jordan",5/21/2025,777819,7,100,2025
7,663947,"Holton, Tyler",6/24/2025,777386,7,100,2025
7,669711,"Weissert, Greg",6/10/2025,777565,7,100,2025
7,676961,"Boushley, Caleb",6/10/2025,777557,7,100,2025
7,679358,"Orze, Eric",6/7/2025,777611,7,100,2025
7,670280,"Bednar, David",6/7/2025,777607,7,100,2025
6,547973,"Chapman, Aroldis",5/20/2025,777851,6,100,2025
6,656945,"Scott, Tanner",5/11/2025,777954,6,100,2025
6,664141,"Brubaker, JT",7/1/2025,777283,6,100,2025
6,657514,"Bernardino, Brennan",5/28/2025,777736,6,100,2025
6,669371,"Henry, Cole",5/16/2025,777907,6,100,2025
6,607455,"Banda, Anthony",6/11/2025,777543,6,100,2025
6,518489,"Brasier, Ryan",6/8/2025,777594,6,100,2025
6,674944,"Guenther, Sean",4/26/2025,778180,6,100,2025
6,663423,"Thornton, Trent",4/5/2025,778436,6,100,2025
6,676395,"Garcia, Robert",4/5/2025,778438,6,100,2025
6,683232,"Mears, Nick",7/2/2025,777289,6,100,2025
6,571946,"Miller, Shelby",4/24/2025,778188,6,100,2025
6,656730,"Megill, Trevor",5/6/2025,778031,6,100,2025
6,657612,"Hill, Tim",6/10/2025,777572,6,100,2025
6,657612,"Hill, Tim",6/30/2025,777295,6,100,2025
6,573204,"Thielbar, Caleb",6/1/2025,777687,6,100,2025
6,458677,"Wilson, Justin",5/30/2025,777719,6,100,2025
6,663485,"Sands, Cole",5/31/2025,777695,6,100,2025
6,608032,"Estévez, Carlos",6/13/2025,777529,6,100,2025
6,621381,"Strahm, Matt",4/8/2025,778406,6,100,2025
6,640451,"Harvey, Hunter",4/6/2025,778422,6,100,2025
6,688642,"Agnos, Zach",5/21/2025,777823,6,100,2025
6,608032,"Estévez, Carlos",4/26/2025,778167,6,100,2025
6,593576,"Neris, Héctor",5/31/2025,777703,6,100,2025
6,700669,"Graceffo, Gordon",5/6/2025,778030,6,100,2025
6,684320,"Rodríguez, Yariel",5/3/2025,778064,6,100,2025
6,676395,"Garcia, Robert",5/14/2025,777918,6,100,2025
6,664139,"Gibaut, Ian",4/13/2025,778343,6,100,2025
6,676534,"Faucher, Calvin",5/13/2025,777936,6,100,2025
6,680755,"Fisher, Braydon",5/13/2025,777935,6,100,2025
6,642152,"Trivino, Lou",3/30/2025,778522,6,100,2025
6,676684,"Vest, Will",3/31/2025,778496,6,100,2025
6,686580,"Slaten, Justin",3/30/2025,778516,6,100,2025
6,689147,"Kerkering, Orion",5/1/2025,778099,6,100,2025
6,655889,"Rodríguez, Manuel",5/23/2025,777810,6,100,2025
6,519141,"Pomeranz, Drew",6/24/2025,777373,6,100,2025
6,643511,"Rogers, Tyler",5/7/2025,778020,6,100,2025
6,689254,"Fluharty, Mason",5/15/2025,777913,6,100,2025
6,656794,"Newcomb, Sean",5/9/2025,777990,6,100,2025
6,595345,"Okert, Steven",6/27/2025,777336,6,100,2025
6,670970,"Morejon, Adrian",5/12/2025,777947,6,100,2025
6,676508,"Casparius, Ben",5/14/2025,777917,6,100,2025
6,676070,"Amaya, Jacob",5/8/2025,778008,6,100,2025
6,455119,"Martin, Chris",6/28/2025,777322,6,100,2025
6,519151,"Pressly, Ryan",6/24/2025,777373,6,100,2025
6,641755,"Kinley, Tyler",6/25/2025,777358,6,100,2025
6,657424,"Gage, Matt",6/24/2025,777386,6,100,2025
6,669724,"Hanifee, Brenan",6/26/2025,777351,6,100,2025
6,623211,"Brazobán, Huascar",6/17/2025,777489,6,100,2025
6,650893,"Cabrera, Génesis",6/4/2025,777650,6,100,2025
6,670036,"Festa, Matt",6/1/2025,777683,6,100,2025
6,670970,"Morejon, Adrian",6/1/2025,777681,6,100,2025
6,643511,"Rogers, Tyler",6/15/2025,777498,6,100,2025
6,519141,"Pomeranz, Drew",5/26/2025,777757,6,100,2025
6,688158,"Morgan, David",5/26/2025,777756,6,100,2025
6,667463,"King, John",3/27/2025,778551,6,100,2025
6,605182,"Clevinger, Mike",4/10/2025,778378,6,100,2025
6,605452,"Ross, Joe",4/10/2025,778384,6,100,2025
6,621383,"Banks, Tanner",6/21/2025,777423,6,100,2025
6,680755,"Fisher, Braydon",6/19/2025,777448,6,100,2025
6,664208,"Maton, Phil",4/6/2025,778443,6,100,2025
6,592773,"Stanek, Ryne",5/2/2025,778084,6,100,2025
6,689254,"Fluharty, Mason",5/1/2025,778095,6,100,2025
6,592155,"Booser, Cam",5/11/2025,777966,6,100,2025
6,650893,"Cabrera, Génesis",5/10/2025,777982,6,100,2025
6,573124,"Rogers, Taylor",6/2/2025,777671,6,100,2025
6,678495,"Rodríguez, Randy",6/4/2025,777641,6,100,2025
6,661395,"Duran, Jhoan",5/8/2025,778007,6,100,2025
6,592426,"Jackson, Luke",4/16/2025,778289,6,100,2025
6,642207,"Williams, Devin",4/17/2025,778282,6,100,2025
6,681869,"Dubin, Shawn",6/16/2025,777485,6,100,2025
6,518489,"Brasier, Ryan",5/28/2025,777731,6,100,2025
6,670970,"Morejon, Adrian",6/17/2025,777471,6,100,2025
6,670167,"Schreiber, John",4/18/2025,778277,6,100,2025
6,623149,"Sewald, Paul",4/20/2025,778242,6,100,2025
6,623437,"Topa, Justin",4/23/2025,778201,6,100,2025
6,690382,"Darrell-Hicks, Michael",4/16/2025,778289,6,100,2025
6,660825,"Bazardo, Eduard",5/29/2025,777722,6,100,2025
6,640454,"Krook, Matt",5/19/2025,777853,6,100,2025
6,657612,"Hill, Tim",6/20/2025,777438,6,100,2025
6,668984,"Legumina, Casey",6/21/2025,777419,6,100,2025
6,642100,"Speier, Gabe",6/20/2025,777436,6,100,2025
6,666661,"Morillo, Juan",6/19/2025,777448,6,100,2025
6,621053,"Ferguson, Tyler",4/27/2025,778149,6,100,2025
6,678495,"Rodríguez, Randy",4/15/2025,778313,6,100,2025
6,682842,"Uribe, Abner",4/16/2025,778295,6,100,2025
6,688297,"Roycroft, Chris",3/31/2025,778503,6,100,2025
6,676508,"Casparius, Ben",5/20/2025,777838,6,100,2025
6,673929,"Leasure, Jordan",4/27/2025,778149,6,100,2025
6,593576,"Neris, Héctor",5/16/2025,777899,6,100,2025
6,672582,"Zerpa, Angel",5/20/2025,777836,6,100,2025
6,489446,"Yates, Kirby",4/28/2025,778132,6,100,2025
6,595928,"Curtiss, John",6/29/2025,777303,6,100,2025
6,656222,"Beeks, Jalen",6/8/2025,777602,6,100,2025
6,605347,"López, Jorge",4/20/2025,778266,6,100,2025
6,682171,"Murfee, Penn",4/12/2025,778349,6,100,2025
6,666661,"Morillo, Juan",6/25/2025,777370,6,100,2025
6,641755,"Kinley, Tyler",5/14/2025,777918,6,100,2025
6,682120,"Herrin, Tim",3/30/2025,778510,6,100,2025
6,677649,"Duran, Ezequiel",3/31/2025,778511,6,100,2025
6,681517,"Leahy, Kyle",4/13/2025,778336,6,100,2025
6,689225,"Brieske, Beau",5/3/2025,778067,6,100,2025
6,666374,"Brash, Matt",5/30/2025,777713,6,100,2025
6,640448,"Finnegan, Kyle",4/25/2025,778183,6,100,2025
6,596133,"Weaver, Luke",5/21/2025,777835,6,100,2025
6,678020,"Halvorsen, Seth",5/4/2025,778048,6,100,2025
6,702352,"Bivens, Spencer",6/6/2025,777619,6,100,2025
6,614179,"Ruiz, José",4/6/2025,778434,6,100,2025
6,676755,"Mattson, Isaac",5/23/2025,777806,6,100,2025
6,681676,"Fernandez, Ryan",4/6/2025,778443,6,100,2025
6,592094,"Adam, Jason",5/13/2025,777932,6,100,2025
6,682254,"Montgomery, Mason",5/6/2025,778040,6,100,2025
6,683232,"Mears, Nick",5/5/2025,778042,6,100,2025
6,656271,"Burke, Brock",5/14/2025,777914,6,100,2025
6,543056,"Coulombe, Danny",4/11/2025,778363,6,100,2025
6,641755,"Kinley, Tyler",5/2/2025,778082,6,100,2025
6,656986,"Sousa, Bennett",5/2/2025,778079,6,100,2025
6,663158,"Suarez, Robert",4/29/2025,778126,6,100,2025
6,663738,"Lynch IV, Daniel",5/1/2025,778097,6,100,2025
6,678606,"Ferrer, Jose A.",6/14/2025,777514,6,100,2025
6,694363,"Shuster, Jared",5/1/2025,778094,6,100,2025
6,593576,"Neris, Héctor",5/10/2025,777973,6,100,2025
6,694350,"Brzykcy, Zach",5/13/2025,777942,6,100,2025
6,678226,"Hernández, Daysbel",3/29/2025,778520,6,100,2025
6,678226,"Hernández, Daysbel",4/1/2025,778487,6,100,2025
6,678606,"Ferrer, Jose A.",3/30/2025,778526,6,100,2025
6,543056,"Coulombe, Danny",6/27/2025,777334,6,100,2025
6,650556,"Abreu, Bryan",5/7/2025,778015,6,100,2025
6,695418,"Lord, Brad",3/31/2025,778507,6,100,2025
6,605242,"Fulmer, Michael",6/25/2025,777357,6,100,2025
6,663465,"Allard, Kolby",5/7/2025,778022,6,100,2025
6,669093,"Estrada, Jeremiah",5/7/2025,778019,6,100,2025
6,519151,"Pressly, Ryan",5/13/2025,777936,6,100,2025
6,694350,"Brzykcy, Zach",5/10/2025,777980,6,100,2025
6,656271,"Burke, Brock",6/18/2025,777466,6,100,2025
6,685126,"Eisert, Brandon",6/15/2025,777493,6,100,2025
6,657097,"Webb, Jacob",6/25/2025,777365,6,100,2025
6,668941,"Romero, JoJo",6/15/2025,777492,6,100,2025
6,670167,"Schreiber, John",6/18/2025,777460,6,100,2025
6,676254,"Walker, Ryan",6/26/2025,777347,6,100,2025
6,657044,"Thompson, Ryan",6/18/2025,777462,6,100,2025
6,681911,"Vesia, Alex",6/25/2025,777358,6,100,2025
6,595345,"Okert, Steven",5/27/2025,777752,6,100,2025
6,570632,"Ureña, José",6/3/2025,777657,6,100,2025
6,518489,"Brasier, Ryan",5/27/2025,777751,6,100,2025
6,689225,"Brieske, Beau",6/5/2025,777634,6,100,2025
6,592773,"Stanek, Ryne",5/25/2025,777773,6,100,2025
6,608665,"Graveman, Kendall",5/26/2025,777761,6,100,2025
6,666974,"Cano, Yennier",6/4/2025,777645,6,100,2025
6,669093,"Estrada, Jeremiah",6/3/2025,777656,6,100,2025
6,681911,"Vesia, Alex",4/19/2025,778251,6,100,2025
6,687911,"King, Bryan",4/3/2025,778462,6,100,2025
6,596001,"Junis, Jakob",4/6/2025,778425,6,100,2025
6,668984,"Legumina, Casey",6/20/2025,777436,6,100,2025
6,455119,"Martin, Chris",6/13/2025,777524,6,100,2025
6,691799,"Taylor, Grant",6/19/2025,777447,6,100,2025
6,573124,"Rogers, Taylor",4/17/2025,778285,6,100,2025
6,519151,"Pressly, Ryan",6/12/2025,777541,6,100,2025
6,655889,"Rodríguez, Manuel",5/10/2025,777981,6,100,2025
6,666171,"Zeferjahn, Ryan",5/10/2025,777973,6,100,2025
6,673965,"Freeman, Caleb",5/10/2025,777978,6,100,2025
6,663947,"Holton, Tyler",5/26/2025,777770,6,100,2025
6,678495,"Rodríguez, Randy",6/17/2025,777472,6,100,2025
6,683769,"Gaddis, Hunter",3/29/2025,778529,6,100,2025
6,669724,"Hanifee, Brenan",5/26/2025,777770,6,100,2025
6,661403,"Clase, Emmanuel",4/19/2025,778254,6,100,2025
6,663423,"Thornton, Trent",4/24/2025,778196,6,100,2025
6,669711,"Weissert, Greg",5/20/2025,777851,6,100,2025
6,686973,"Varland, Louis",4/20/2025,778249,6,100,2025
6,592779,"Stewart, Brock",4/26/2025,778166,6,100,2025
6,642100,"Speier, Gabe",5/6/2025,778024,6,100,2025
6,606160,"Montero, Rafael",4/27/2025,778147,6,100,2025
6,675848,"Mejia, Juan",6/22/2025,777399,6,100,2025
6,680689,"Richardson, Lyon",6/22/2025,777407,6,100,2025
6,595345,"Okert, Steven",5/21/2025,777832,6,100,2025
6,592773,"Stanek, Ryne",5/23/2025,777808,6,100,2025
6,674285,"Salazar, Eduardo",4/16/2025,778293,6,100,2025
6,621237,"Alvarado, José",5/16/2025,777905,6,100,2025
6,642207,"Williams, Devin",5/31/2025,777698,6,100,2025
6,668933,"Ashcraft, Graham",6/14/2025,777517,6,100,2025
6,656234,"Bird, Jake",7/2/2025,777269,6,100,2025
6,669371,"Henry, Cole",5/18/2025,777873,6,100,2025
6,519141,"Pomeranz, Drew",5/18/2025,777872,6,100,2025
5,573204,"Thielbar, Caleb",4/27/2025,778158,5,100,2025
5,656257,"Brigham, Jeff",6/7/2025,777612,5,100,2025
5,688642,"Agnos, Zach",5/26/2025,777757,5,100,2025
5,518397,"Alexander, Scott",4/10/2025,778371,5,100,2025
5,650556,"Abreu, Bryan",4/28/2025,778142,5,100,2025
5,696136,"Wicks, Jordan",4/18/2025,778268,5,100,2025
5,689254,"Fluharty, Mason",6/30/2025,777295,5,100,2025
5,595345,"Okert, Steven",7/1/2025,777285,5,100,2025
5,519008,"McFarland, T.J.",6/8/2025,777588,5,100,2025
5,666214,"Wentz, Joey",5/22/2025,777814,5,100,2025
5,695243,"Miller, Mason",6/8/2025,777588,5,100,2025
5,663687,"Harris, Hogan",5/24/2025,777784,5,100,2025
5,643511,"Rogers, Tyler",5/30/2025,777717,5,100,2025
5,678495,"Rodríguez, Randy",5/31/2025,777705,5,100,2025
5,676395,"Garcia, Robert",6/14/2025,777508,5,100,2025
5,519008,"McFarland, T.J.",6/13/2025,777529,5,100,2025
5,643410,"Leiter Jr., Mark",4/5/2025,778449,5,100,2025
5,682254,"Montgomery, Mason",5/4/2025,778057,5,100,2025
5,683232,"Mears, Nick",5/6/2025,778031,5,100,2025
5,519008,"McFarland, T.J.",4/13/2025,778333,5,100,2025
5,681911,"Vesia, Alex",5/5/2025,778047,5,100,2025
5,657571,"Ferguson, Caleb",4/13/2025,778343,5,100,2025
5,663893,"Little, Brendon",4/13/2025,778344,5,100,2025
5,643338,"Green, Chad",4/12/2025,778362,5,100,2025
5,458677,"Wilson, Justin",3/29/2025,778531,5,100,2025
5,605347,"López, Jorge",3/30/2025,778526,5,100,2025
5,519008,"McFarland, T.J.",6/24/2025,777386,5,100,2025
5,595345,"Okert, Steven",6/28/2025,777320,5,100,2025
5,670036,"Festa, Matt",5/24/2025,777796,5,100,2025
5,676395,"Garcia, Robert",5/11/2025,777969,5,100,2025
5,681911,"Vesia, Alex",5/10/2025,777975,5,100,2025
5,643511,"Rogers, Tyler",6/27/2025,777338,5,100,2025
5,605447,"Romano, Jordan",4/12/2025,778347,5,100,2025
5,672582,"Zerpa, Angel",6/26/2025,777353,5,100,2025
5,681911,"Vesia, Alex",6/24/2025,777379,5,100,2025
5,682254,"Montgomery, Mason",6/24/2025,777378,5,100,2025
5,673513,"Matsui, Yuki",6/3/2025,777656,5,100,2025
5,674444,"Cruz, Steven",6/25/2025,777359,5,100,2025
5,657044,"Thompson, Ryan",6/3/2025,777672,5,100,2025
5,670955,"Uceta, Edwin",6/3/2025,777662,5,100,2025
5,665625,"Peguero, Elvis",4/5/2025,778439,5,100,2025
5,689147,"Kerkering, Orion",6/24/2025,777377,5,100,2025
5,620454,"Castillo, José",6/20/2025,777437,5,100,2025
5,519008,"McFarland, T.J.",5/1/2025,778096,5,100,2025
5,677161,"Kelly, Zack",4/3/2025,778470,5,100,2025
5,666974,"Cano, Yennier",4/30/2025,778115,5,100,2025
5,519008,"McFarland, T.J.",6/21/2025,777411,5,100,2025
5,683232,"Mears, Nick",6/4/2025,777647,5,100,2025
5,642100,"Speier, Gabe",4/16/2025,778304,5,100,2025
5,621051,"Wilson, Steven",6/1/2025,777684,5,100,2025
5,676395,"Garcia, Robert",4/17/2025,778281,5,100,2025
5,676282,"Cantillo, Joey",4/16/2025,778301,5,100,2025
5,680704,"Sandlin, Nick",4/15/2025,778311,5,100,2025
5,668933,"Ashcraft, Graham",5/16/2025,777902,5,100,2025
5,668820,"Kranick, Max",3/29/2025,778530,5,100,2025
5,669062,"Miller, Erik",3/30/2025,778522,5,100,2025
5,669622,"Bender, Anthony",5/27/2025,777742,5,100,2025
5,622554,"Domínguez, Seranthony",4/17/2025,778292,5,100,2025
5,542888,"Armstrong, Shawn",6/5/2025,777629,5,100,2025
5,640448,"Finnegan, Kyle",3/30/2025,778526,5,100,2025
5,519008,"McFarland, T.J.",4/9/2025,778381,5,100,2025
5,542888,"Armstrong, Shawn",3/27/2025,778553,5,100,2025
5,656271,"Burke, Brock",6/7/2025,777603,5,100,2025
5,682254,"Montgomery, Mason",6/8/2025,777592,5,100,2025
5,621366,"Borucki, Ryan",4/2/2025,778479,5,100,2025
5,642016,"Robert, Daniel",5/14/2025,777933,5,100,2025
5,641329,"Baker, Bryan",4/13/2025,778344,5,100,2025
5,673929,"Leasure, Jordan",5/14/2025,777928,5,100,2025
5,668674,"Erceg, Lucas",4/13/2025,778342,5,100,2025
5,669276,"Lee, Dylan",5/22/2025,777820,5,100,2025
5,687424,"Maldonado, Anthony",5/23/2025,777804,5,100,2025
5,521230,"Hendriks, Liam",5/14/2025,777927,5,100,2025
5,656222,"Beeks, Jalen",6/24/2025,777383,5,100,2025
5,670036,"Festa, Matt",6/25/2025,777368,5,100,2025
5,676661,"Lazar, Max",6/26/2025,777350,5,100,2025
5,592426,"Jackson, Luke",5/25/2025,777777,5,100,2025
5,687911,"King, Bryan",3/28/2025,778518,5,100,2025
5,676092,"Snider, Collin",4/20/2025,778241,5,100,2025
5,687863,"Hodge, Porter",4/20/2025,778236,5,100,2025
5,571946,"Miller, Shelby",7/2/2025,777270,5,100,2025
5,623149,"Sewald, Paul",4/8/2025,778402,5,100,2025
5,684320,"Rodríguez, Yariel",6/21/2025,777418,5,100,2025
5,622554,"Domínguez, Seranthony",4/30/2025,778115,5,100,2025
5,608718,"Suter, Brent",4/17/2025,778285,5,100,2025
5,605177,"Chafin, Andrew",5/11/2025,777962,5,100,2025
5,657571,"Ferguson, Caleb",5/9/2025,777998,5,100,2025
5,678692,"Henriquez, Ronny",5/11/2025,777966,5,100,2025
5,666808,"Doval, Camilo",4/23/2025,778198,5,100,2025
5,623437,"Topa, Justin",5/18/2025,777865,5,100,2025
5,605347,"López, Jorge",4/27/2025,778153,5,100,2025
5,552640,"Kittredge, Andrew",6/23/2025,777394,5,100,2025
5,623437,"Topa, Justin",6/22/2025,777401,5,100,2025
5,519008,"McFarland, T.J.",4/16/2025,778294,5,100,2025
5,643338,"Green, Chad",4/18/2025,778273,5,100,2025
5,656730,"Megill, Trevor",4/18/2025,778261,5,100,2025
5,657612,"Hill, Tim",6/8/2025,777593,5,100,2025
5,608718,"Suter, Brent",5/19/2025,777859,5,100,2025
5,656730,"Megill, Trevor",4/26/2025,778164,5,100,2025
5,547973,"Chapman, Aroldis",4/15/2025,778319,5,100,2025
5,682120,"Herrin, Tim",6/22/2025,777400,5,100,2025
5,663158,"Suarez, Robert",6/18/2025,777457,5,100,2025
5,686973,"Varland, Louis",5/2/2025,778089,5,100,2025
5,663574,"Santillan, Tony",4/7/2025,778410,5,100,2025
4,678020,"Halvorsen, Seth",6/19/2025,777445,4,100,2025
4,445276,"Jansen, Kenley",6/23/2025,777381,4,100,2025
4,593576,"Neris, Héctor",6/21/2025,777414,4,100,2025
4,676282,"Cantillo, Joey",5/2/2025,778081,4,100,2025
4,686973,"Varland, Louis",6/21/2025,777412,4,100,2025
4,606303,"Payamps, Joel",5/9/2025,778002,4,100,2025
4,642100,"Speier, Gabe",5/7/2025,778010,4,100,2025
4,656730,"Megill, Trevor",5/10/2025,777981,4,100,2025
4,672282,"Detmers, Reid",4/2/2025,778473,4,100,2025
4,623149,"Sewald, Paul",4/15/2025,778317,4,100,2025
4,643511,"Rogers, Tyler",4/17/2025,778279,4,100,2025
4,543056,"Coulombe, Danny",6/17/2025,777478,4,100,2025
4,678606,"Ferrer, Jose A.",4/5/2025,778452,4,100,2025
4,683232,"Mears, Nick",6/15/2025,777492,4,100,2025
4,642397,"Soto, Gregory",6/17/2025,777477,4,100,2025
4,606303,"Payamps, Joel",4/21/2025,778226,4,100,2025
4,669622,"Bender, Anthony",4/1/2025,778497,4,100,2025
4,671922,"Smith, Cade",4/22/2025,778218,4,100,2025
4,676428,"Hurter, Brant",5/18/2025,777871,4,100,2025
4,642397,"Soto, Gregory",6/22/2025,777406,4,100,2025
4,669711,"Weissert, Greg",6/20/2025,777425,4,100,2025
4,656986,"Sousa, Bennett",4/16/2025,778290,4,100,2025
4,669062,"Miller, Erik",3/31/2025,778505,4,100,2025
4,656271,"Burke, Brock",6/8/2025,777589,4,100,2025
4,663767,"Shugart, Chase",4/26/2025,778163,4,100,2025
4,543518,"McGough, Scott",5/23/2025,777797,4,100,2025
4,681799,"Roberts, Ethan",4/16/2025,778288,4,100,2025
4,664076,"Cleavinger, Garrett",6/14/2025,777518,4,100,2025
4,641329,"Baker, Bryan",4/8/2025,778396,4,100,2025
4,687765,"Spence, Mitch",5/5/2025,778038,4,100,2025
4,519008,"McFarland, T.J.",5/3/2025,778075,4,100,2025
4,605347,"López, Jorge",5/12/2025,777959,4,100,2025
4,663687,"Harris, Hogan",5/6/2025,778024,4,100,2025
4,680689,"Richardson, Lyon",5/6/2025,778034,4,100,2025
4,669622,"Bender, Anthony",5/14/2025,777921,4,100,2025
4,696270,"Johnson, Ryan",4/12/2025,778351,4,100,2025
4,643338,"Green, Chad",4/1/2025,778491,4,100,2025
4,656730,"Megill, Trevor",3/30/2025,778523,4,100,2025
4,657612,"Hill, Tim",4/1/2025,778492,4,100,2025
4,682254,"Montgomery, Mason",5/13/2025,777935,4,100,2025
4,640448,"Finnegan, Kyle",6/25/2025,777360,4,100,2025
4,663767,"Shugart, Chase",6/24/2025,777374,4,100,2025
4,687330,"Kelly, Kevin",6/17/2025,777477,4,100,2025
4,621242,"Díaz, Edwin",6/25/2025,777369,4,100,2025
4,642121,"Sulser, Cole",6/15/2025,777502,4,100,2025
4,607067,"Rea, Colin",3/30/2025,778515,4,100,2025
4,657514,"Bernardino, Brennan",6/29/2025,777310,4,100,2025
4,596001,"Junis, Jakob",6/19/2025,777440,4,100,2025
4,572955,"Johnson, Pierce",5/6/2025,778034,4,100,2025
4,663893,"Little, Brendon",4/8/2025,778404,4,100,2025
4,657240,"Merryweather, Julian",4/1/2025,778494,4,100,2025
4,605447,"Romano, Jordan",6/22/2025,777405,4,100,2025
4,620454,"Castillo, José",5/5/2025,778039,4,100,2025
4,656271,"Burke, Brock",5/26/2025,777763,4,100,2025
4,642397,"Soto, Gregory",5/25/2025,777785,4,100,2025
4,669711,"Weissert, Greg",5/11/2025,777965,4,100,2025
4,656271,"Burke, Brock",5/20/2025,777843,4,100,2025
4,662253,"Muñoz, Andrés",5/19/2025,777857,4,100,2025
4,657571,"Ferguson, Caleb",6/20/2025,777432,4,100,2025
4,672335,"Pérez, Cionel",4/27/2025,778155,4,100,2025
4,677955,"Hill, Jaden",4/26/2025,778161,4,100,2025
4,621053,"Ferguson, Tyler",5/25/2025,777765,4,100,2025
4,663423,"Thornton, Trent",4/17/2025,778285,4,100,2025
4,676282,"Cantillo, Joey",5/17/2025,777892,4,100,2025
4,642397,"Soto, Gregory",5/24/2025,777809,4,100,2025
4,571946,"Miller, Shelby",5/19/2025,777854,4,100,2025
4,643511,"Rogers, Tyler",5/17/2025,777879,4,100,2025
4,614179,"Ruiz, José",5/29/2025,777735,4,100,2025
4,642207,"Williams, Devin",5/12/2025,777941,4,100,2025
4,656234,"Bird, Jake",4/4/2025,778456,4,100,2025
4,683232,"Mears, Nick",4/13/2025,778332,4,100,2025
4,670280,"Bednar, David",5/30/2025,777707,4,100,2025
4,669711,"Weissert, Greg",4/6/2025,778443,4,100,2025
4,592155,"Booser, Cam",4/6/2025,778433,4,100,2025
4,656271,"Burke, Brock",6/23/2025,777381,4,100,2025
4,680755,"Fisher, Braydon",6/22/2025,777408,4,100,2025
4,605130,"Barlow, Scott",4/22/2025,778219,4,100,2025
4,701552,"Granillo, Andre",6/19/2025,777447,4,100,2025
4,657044,"Thompson, Ryan",6/17/2025,777479,4,100,2025
4,663399,"Waddell, Brandon",6/5/2025,777631,4,100,2025
4,571948,"Milner, Hoby",5/27/2025,777741,4,100,2025
4,669211,"Akin, Keegan",6/11/2025,777562,4,100,2025
4,543056,"Coulombe, Danny",4/10/2025,778373,4,100,2025
4,621383,"Banks, Tanner",5/23/2025,777804,4,100,2025
4,676534,"Faucher, Calvin",6/14/2025,777514,4,100,2025
4,664849,"Young, Danny",4/9/2025,778390,4,100,2025
4,605130,"Barlow, Scott",4/3/2025,778468,4,100,2025
4,689147,"Kerkering, Orion",5/23/2025,777804,4,100,2025
4,458677,"Wilson, Justin",4/12/2025,778349,4,100,2025
4,573124,"Rogers, Taylor",5/4/2025,778058,4,100,2025
4,606303,"Payamps, Joel",5/1/2025,778094,4,100,2025
4,685107,"Veneziano, Anthony",5/4/2025,778061,4,100,2025
4,678692,"Henriquez, Ronny",4/13/2025,778337,4,100,2025
4,681982,"Anderson, Grant",5/21/2025,777826,4,100,2025
4,458677,"Wilson, Justin",5/13/2025,777940,4,100,2025
4,518585,"Cruz, Fernando",6/16/2025,777487,4,100,2025
4,669211,"Akin, Keegan",4/12/2025,778362,4,100,2025
4,664126,"Fairbanks, Pete",6/26/2025,777353,4,100,2025
3,670167,"Schreiber, John",5/11/2025,777965,3,100,2025
3,519008,"McFarland, T.J.",4/17/2025,778283,3,100,2025
3,683409,"Chivilli, Angel",4/13/2025,778330,3,100,2025
3,656945,"Scott, Tanner",4/5/2025,778448,3,100,2025
3,445276,"Jansen, Kenley",5/3/2025,778067,3,100,2025
3,489446,"Yates, Kirby",6/11/2025,777543,3,100,2025
3,445276,"Jansen, Kenley",6/9/2025,777576,3,100,2025
3,542888,"Armstrong, Shawn",5/30/2025,777709,3,100,2025
3,673929,"Leasure, Jordan",5/6/2025,778033,3,100,2025
3,614179,"Ruiz, José",4/4/2025,778459,3,100,2025
3,642397,"Soto, Gregory",4/30/2025,778115,3,100,2025
3,669062,"Miller, Erik",5/12/2025,777939,3,100,2025
3,623352,"Hader, Josh",6/27/2025,777336,3,100,2025
3,670955,"Uceta, Edwin",4/12/2025,778353,3,100,2025
3,670036,"Festa, Matt",6/24/2025,777384,3,100,2025
3,641658,"Hampson, Garrett",6/25/2025,777357,3,100,2025
3,623465,"Phillips, Evan",4/20/2025,778234,3,100,2025
3,642701,"Santana, Dennis",4/22/2025,778211,3,100,2025
3,519008,"McFarland, T.J.",3/28/2025,778541,3,100,2025
3,657044,"Thompson, Ryan",3/28/2025,778543,3,100,2025
3,689254,"Fluharty, Mason",4/4/2025,778465,3,100,2025
3,594580,"Moll, Sam",3/27/2025,778561,3,100,2025
3,571948,"Milner, Hoby",4/8/2025,778401,3,100,2025
3,667463,"King, John",4/18/2025,778270,3,100,2025
3,519141,"Pomeranz, Drew",5/7/2025,778020,3,100,2025
3,641302,"Alexander, Tyler",5/7/2025,778015,3,100,2025
3,672391,"Ort, Kaleb",5/9/2025,777989,3,100,2025
3,682254,"Montgomery, Mason",6/15/2025,777502,3,100,2025
3,663738,"Lynch IV, Daniel",5/16/2025,777901,3,100,2025
3,669211,"Akin, Keegan",6/22/2025,777406,3,100,2025
3,640448,"Finnegan, Kyle",6/23/2025,777382,3,100,2025
3,656222,"Beeks, Jalen",4/16/2025,778303,3,100,2025
3,657585,"Garrett, Reed",4/16/2025,778299,3,100,2025
3,674444,"Cruz, Steven",4/17/2025,778286,3,100,2025
3,547973,"Chapman, Aroldis",6/8/2025,777593,3,100,2025
3,573124,"Rogers, Taylor",5/18/2025,777874,3,100,2025
3,657649,"Koenig, Jared",5/19/2025,777860,3,100,2025
3,641329,"Baker, Bryan",4/5/2025,778441,3,100,2025
3,689254,"Fluharty, Mason",6/25/2025,777368,3,100,2025
3,596112,"Stephenson, Robert",5/30/2025,777721,3,100,2025
3,572955,"Johnson, Pierce",4/19/2025,778267,3,100,2025
3,672782,"Gómez, Yoendrys",4/19/2025,778255,3,100,2025
3,655889,"Rodríguez, Manuel",5/11/2025,777964,3,100,2025
3,605463,"Scott, Tayler",5/4/2025,778055,3,100,2025
3,688158,"Morgan, David",6/11/2025,777543,3,100,2025
3,605177,"Chafin, Andrew",6/7/2025,777610,3,100,2025
3,592779,"Stewart, Brock",5/23/2025,777799,3,100,2025
3,663947,"Holton, Tyler",4/18/2025,778277,3,100,2025
3,669622,"Bender, Anthony",6/13/2025,777530,3,100,2025
3,694350,"Brzykcy, Zach",6/14/2025,777514,3,100,2025
3,680755,"Fisher, Braydon",5/22/2025,777816,3,100,2025
3,666661,"Morillo, Juan",5/23/2025,777797,3,100,2025
3,663767,"Shugart, Chase",4/6/2025,778428,3,100,2025
3,656457,"Gilbert, Tyler",4/13/2025,778338,3,100,2025
3,519008,"McFarland, T.J.",5/11/2025,777957,3,100,2025
3,681676,"Fernandez, Ryan",4/18/2025,778270,3,100,2025
3,663767,"Shugart, Chase",5/24/2025,777794,3,100,2025
3,657612,"Hill, Tim",5/13/2025,777926,3,100,2025
3,686993,"Sterner, Justin",5/7/2025,778010,3,100,2025
3,668933,"Ashcraft, Graham",4/4/2025,778453,3,100,2025
3,607455,"Banda, Anthony",6/3/2025,777657,3,100,2025
3,663767,"Shugart, Chase",6/1/2025,777681,3,100,2025
3,669062,"Miller, Erik",4/23/2025,778198,3,100,2025
3,680767,"Vodnik, Victor",4/3/2025,778467,3,100,2025
3,661395,"Duran, Jhoan",6/20/2025,777434,3,100,2025
3,670970,"Morejon, Adrian",4/7/2025,778414,3,100,2025
3,552640,"Kittredge, Andrew",6/1/2025,777684,3,100,2025
3,667463,"King, John",6/21/2025,777415,3,100,2025
3,683232,"Mears, Nick",4/30/2025,778111,3,100,2025
3,670167,"Schreiber, John",6/22/2025,777396,3,100,2025
3,686973,"Varland, Louis",4/29/2025,778129,3,100,2025
3,607455,"Banda, Anthony",5/20/2025,777838,3,100,2025
3,663158,"Suarez, Robert",5/9/2025,777993,3,100,2025
3,543056,"Coulombe, Danny",6/20/2025,777434,3,100,2025
3,670810,"Gillaspie, Logan",4/26/2025,778160,3,100,2025
2,621051,"Wilson, Steven",5/14/2025,777928,2,100,2025
2,656457,"Gilbert, Tyler",4/12/2025,778349,2,100,2025
2,663738,"Lynch IV, Daniel",6/21/2025,777413,2,100,2025
2,656546,"Hoffman, Jeff",6/10/2025,777558,2,100,2025
2,519326,"Strickland, Hunter",5/23/2025,777798,2,100,2025
2,543056,"Coulombe, Danny",6/10/2025,777557,2,100,2025
2,641941,"Pagán, Emilio",4/9/2025,778376,2,100,2025
2,670955,"Uceta, Edwin",5/3/2025,778074,2,100,2025
2,608371,"Sims, Lucas",4/1/2025,778491,2,100,2025
2,666171,"Zeferjahn, Ryan",3/31/2025,778503,2,100,2025
2,668941,"Romero, JoJo",5/12/2025,777953,2,100,2025
2,641401,"Brogdon, Connor",6/1/2025,777683,2,100,2025
2,693312,"Nicolas, Kyle",6/3/2025,777663,2,100,2025
2,676254,"Walker, Ryan",5/30/2025,777717,2,100,2025
2,657585,"Garrett, Reed",5/9/2025,778001,2,100,2025
2,682254,"Montgomery, Mason",5/8/2025,778005,2,100,2025
2,621237,"Alvarado, José",4/19/2025,778252,2,100,2025
2,663738,"Lynch IV, Daniel",4/19/2025,778265,2,100,2025
2,573204,"Thielbar, Caleb",6/13/2025,777526,2,100,2025
2,676395,"Garcia, Robert",4/22/2025,778213,2,100,2025
2,680880,"Holman, Grant",5/18/2025,777867,2,100,2025
2,641656,"Hamilton, Ian",4/25/2025,778185,2,100,2025
2,676617,"O'Brien, Riley",4/26/2025,778164,2,100,2025
2,628452,"Iglesias, Raisel",6/18/2025,777470,2,100,2025
2,596133,"Weaver, Luke",5/20/2025,777849,2,100,2025
2,596133,"Weaver, Luke",5/16/2025,777904,2,100,2025
2,686993,"Sterner, Justin",5/24/2025,777784,2,100,2025
2,641329,"Baker, Bryan",6/14/2025,777519,2,100,2025
2,670970,"Morejon, Adrian",6/7/2025,777597,2,100,2025
2,621381,"Strahm, Matt",5/2/2025,778086,2,100,2025
2,656794,"Newcomb, Sean",6/30/2025,777296,2,100,2025
2,656945,"Scott, Tanner",5/30/2025,777708,2,100,2025
2,656234,"Bird, Jake",6/18/2025,777461,2,100,2025
2,663738,"Lynch IV, Daniel",4/8/2025,778400,2,100,2025
2,657649,"Koenig, Jared",5/13/2025,777944,2,100,2025
2,656234,"Bird, Jake",4/5/2025,778442,2,100,2025
2,592094,"Adam, Jason",5/23/2025,777813,2,100,2025
2,458677,"Wilson, Justin",5/2/2025,778089,2,100,2025
2,670167,"Schreiber, John",5/13/2025,777931,2,100,2025
2,656240,"Blewett, Scott",6/3/2025,777672,2,100,2025
2,606303,"Payamps, Joel",3/27/2025,778557,2,100,2025
2,657649,"Koenig, Jared",6/19/2025,777450,2,100,2025
2,683769,"Gaddis, Hunter",7/2/2025,777266,2,100,2025
2,670970,"Morejon, Adrian",6/29/2025,777312,2,100,2025
2,666661,"Morillo, Juan",6/30/2025,777291,2,100,2025
2,643410,"Leiter Jr., Mark",4/9/2025,778387,2,100,2025
2,518585,"Cruz, Fernando",5/5/2025,778045,2,100,2025
2,667463,"King, John",6/5/2025,777642,2,100,2025
1,543056,"Coulombe, Danny",6/12/2025,777533,1,100,2025
1,657571,"Ferguson, Caleb",5/5/2025,778036,1,100,2025
1,689147,"Kerkering, Orion",5/22/2025,777817,1,100,2025
1,543056,"Coulombe, Danny",6/29/2025,777314,1,100,2025
1,669211,"Akin, Keegan",6/7/2025,777599,1,100,2025
1,682171,"Murfee, Penn",4/26/2025,778165,1,100,2025
1,682842,"Uribe, Abner",5/14/2025,777925,1,100,2025
1,458677,"Wilson, Justin",4/9/2025,778386,1,100,2025
1,641778,"Lauer, Eric",5/6/2025,778025,1,100,2025
1,663546,"Hjelle, Sean",6/25/2025,777355,1,100,2025
1,670036,"Festa, Matt",5/11/2025,777971,1,100,2025
1,455119,"Martin, Chris",5/13/2025,777934,1,100,2025
1,519326,"Strickland, Hunter",6/16/2025,777487,1,100,2025
1,607481,"Bummer, Aaron",6/4/2025,777654,1,100,2025
1,656546,"Hoffman, Jeff",4/5/2025,778446,1,100,2025
1,663562,"Davis, Noah",4/22/2025,778220,1,100,2025
1,687911,"King, Bryan",4/22/2025,778217,1,100,2025
1,606160,"Montero, Rafael",5/27/2025,777748,1,100,2025
1,657612,"Hill, Tim",5/28/2025,777728,1,100,2025
1,678821,"Peralta, Luis",4/6/2025,778423,1,100,2025
1,666974,"Cano, Yennier",4/24/2025,778193,1,100,2025
1,689266,"Dodd, Dylan",6/8/2025,777587,1,100,2025
1,656464,"Ginkel, Kevin",5/17/2025,777887,1,100,2025
1,592426,"Jackson, Luke",4/27/2025,778151,1,100,2025
1,657514,"Bernardino, Brennan",5/31/2025,777706,1,100,2025
1,670970,"Morejon, Adrian",6/14/2025,777515,1,100,2025
1,670036,"Festa, Matt",7/1/2025,777287,1,100,2025
1,676679,"Vázquez, Luis",7/1/2025,777282,1,100,2025
1,669371,"Henry, Cole",6/10/2025,777570,1,100,2025
1,688158,"Morgan, David",6/7/2025,777597,1,100,2025
1,593974,"Peralta, Wandy",6/8/2025,777586,1,100,2025
1,657044,"Thompson, Ryan",6/9/2025,777577,1,100,2025
1,592426,"Jackson, Luke",5/12/2025,777949,1,100,2025
1,593974,"Peralta, Wandy",3/27/2025,778545,1,100,2025
1,643377,"Jax, Griffin",6/22/2025,777401,1,100,2025
1,657612,"Hill, Tim",5/10/2025,777972,1,100,2025
1,656641,"Latz, Jacob",4/26/2025,778159,1,100,2025
1,455119,"Martin, Chris",5/18/2025,777869,1,100,2025
,,,,,,,
,,,,,,,
,,,,,,,
,,,,,,,
,,,,,,,
,,,,,,,
,,,,,,,
,,,,,,,
,,,,,,,
,,,,,,,
,,,,,,,
,,,,,,,
,,,,,,,
,,,,,,,
,,,,,,,
,,,,,,,
