pitches,playerid,player_name,game_date,game_pk,total_pitches,pitch_percent,season
54,660761,"Suarez, José",5/13/2024,746233,54,100,2024
54,647336,"Soroka, Michael",6/30/2024,746779,54,100,2024
52,621053,"Ferguson, Tyler",5/7/2024,745668,52,100,2024
52,661527,"Martinez, Seth",5/12/2024,746476,52,100,2024
50,676714,"Hughes, Brandon",6/5/2024,747195,50,100,2024
48,502624,"Anderson, Chase",6/14/2024,746947,48,100,2024
48,502624,"Anderson, Chase",4/7/2024,746251,68,70.6,2024
48,660896,"Alcala, Jorge",5/7/2024,745915,48,100,2024
48,670174,"Winckowski, Josh",4/9/2024,746981,65,73.8,2024
48,620982,"Pinto, Ricardo",4/14/2024,745595,48,100,2024
47,678692,"Henriquez, Ronny",4/22/2024,745916,47,100,2024
47,647336,"Soroka, Michael",5/26/2024,746789,67,70.1,2024
47,572143,"Smith, Burch",6/9/2024,746054,47,100,2024
46,675921,"Howard, Spencer",7/20/2024,746613,46,100,2024
46,687798,"Robertson, Nick",5/19/2024,745179,58,79.3,2024
46,621294,"Heller, Ben",6/9/2024,745491,46,100,2024
46,623211,"Brazobán, Huascar",6/1/2024,746062,46,100,2024
46,657053,"Toussaint, Touki",8/25/2024,746754,46,100,2024
45,445926,"Chavez, Jesse",8/3/2024,747087,45,100,2024
45,660761,"Suarez, José",4/7/2024,746251,64,70.3,2024
45,687362,"Gillispie, Connor",8/4/2024,746606,55,81.8,2024
45,605280,"Holmes, Clay",8/11/2024,745711,45,100,2024
44,573186,"Stroman, Marcus",9/17/2024,745205,64,68.8,2024
44,691172,"Zulueta, Yosver",8/30/2024,746665,44,100,2024
44,547184,"Kelly, Michael",3/28/2024,745687,44,100,2024
43,683627,"Molina, Anthony",8/8/2024,746522,43,100,2024
43,670102,"Francis, Bowden",7/3/2024,744915,43,100,2024
43,676714,"Hughes, Brandon",6/1/2024,745812,43,100,2024
42,664875,"Lawrence, Justin",6/17/2024,746543,42,100,2024
42,656793,"Nelson, Nick",9/6/2024,746016,42,100,2024
42,683232,"Mears, Nick",5/18/2024,745339,42,100,2024
42,669854,"Blanco, Ronel",9/7/2024,746344,42,100,2024
42,641540,"Dunning, Dane",8/30/2024,744969,57,73.7,2024
42,621399,"Feigl, Brady",8/26/2024,745458,44,95.5,2024
42,657053,"Toussaint, Touki",8/30/2024,746749,63,66.7,2024
42,664351,"Contreras, Luis",7/5/2024,745884,42,100,2024
41,670990,"Ramírez, Yohan",4/6/2024,746731,53,77.4,2024
41,669952,"White, Mitch",4/12/2024,744954,41,100,2024
41,660761,"Suarez, José",5/3/2024,746645,41,100,2024
41,675540,"Curry, Xzavion",8/3/2024,746608,49,83.7,2024
41,671305,"Otañez, Michel",8/24/2024,745617,41,100,2024
41,676596,"Fleming, Josh",7/21/2024,745470,41,100,2024
41,666818,"Frías, Luis",9/17/2024,744961,41,100,2024
41,681892,"Funderburk, Kody",9/27/2024,745847,41,100,2024
41,543351,"Jackson, Jay",4/23/2024,745917,41,100,2024
41,641726,"Jefferies, Daulton",6/21/2024,745483,53,77.4,2024
40,677944,"Cecconi, Slade",9/2/2024,747155,47,85.1,2024
40,547973,"Chapman, Aroldis",7/7/2024,745477,40,100,2024
40,686826,"Jarvis, Bryce",6/11/2024,747190,40,100,2024
40,647336,"Soroka, Michael",6/26/2024,746777,63,63.5,2024
40,658648,"Avila, Pedro",5/18/2024,746642,40,100,2024
40,663432,"Rainey, Tanner",4/1/2024,744875,40,100,2024
40,598286,"Ramirez, Nick",7/4/2024,746126,40,100,2024
40,608718,"Suter, Brent",4/13/2024,746811,40,100,2024
40,502624,"Anderson, Chase",9/2/2024,744972,82,48.8,2024
40,621242,"Díaz, Edwin",9/30/2024,747139,40,100,2024
40,674370,"Bido, Osvaldo",9/7/2024,745613,40,100,2024
39,681517,"Leahy, Kyle",9/6/2024,745131,39,100,2024
39,671305,"Otañez, Michel",7/21/2024,745633,39,100,2024
39,670219,"Kristofak, Zac",4/28/2024,746237,39,100,2024
39,664079,"Jay, Tyler",4/11/2024,747137,39,100,2024
39,660644,"Bruján, Vidal",9/19/2024,746011,39,100,2024
39,622786,"Tinoco, Jesus",9/26/2024,745853,39,100,2024
39,666208,"Speas, Alex",5/31/2024,746387,39,100,2024
39,669060,"Wilson, Bryse",9/1/2024,746669,43,90.7,2024
39,642701,"Santana, Dennis",6/8/2024,745735,39,100,2024
39,683232,"Mears, Nick",7/2/2024,746537,39,100,2024
39,695243,"Miller, Mason",8/15/2024,745783,39,100,2024
39,676596,"Fleming, Josh",3/29/2024,746091,58,67.2,2024
39,656240,"Blewett, Scott",9/26/2024,745853,39,100,2024
39,445926,"Chavez, Jesse",7/21/2024,747094,39,100,2024
39,656945,"Scott, Tanner",5/12/2024,746068,39,100,2024
39,656671,"Maciejewski, Josh",7/20/2024,745720,50,78,2024
39,664875,"Lawrence, Justin",9/28/2024,746499,39,100,2024
39,691172,"Zulueta, Yosver",8/4/2024,746680,39,100,2024
39,656629,"Kopech, Michael",4/2/2024,746814,39,100,2024
38,620982,"Pinto, Ricardo",4/2/2024,745598,73,52.1,2024
38,668984,"Legumina, Casey",8/27/2024,746671,38,100,2024
38,669461,"Liberatore, Matthew",4/28/2024,745834,38,100,2024
38,691172,"Zulueta, Yosver",7/31/2024,746678,38,100,2024
38,605335,"Leibrandt, Brandon",9/19/2024,746663,80,47.5,2024
38,608718,"Suter, Brent",4/27/2024,745020,38,100,2024
38,663567,"Lambert, Peter",7/24/2024,746525,38,100,2024
38,656550,"Holmes, Grant",7/20/2024,747096,44,86.4,2024
38,664079,"Jay, Tyler",7/30/2024,745958,38,100,2024
38,681810,"Warren, Austin",9/27/2024,745280,38,100,2024
38,622663,"Severino, Luis",8/17/2024,745785,113,33.6,2024
38,680767,"Vodnik, Victor",7/14/2024,745797,38,100,2024
37,670223,"Mervis, Matt",4/27/2024,746971,37,100,2024
37,592426,"Jackson, Luke",9/10/2024,744807,37,100,2024
37,571948,"Milner, Hoby",5/25/2024,746958,37,100,2024
37,681892,"Funderburk, Kody",7/3/2024,745888,37,100,2024
37,669387,"Mlodzinski, Carmen",5/22/2024,745502,37,100,2024
37,598286,"Ramirez, Nick",9/9/2024,746101,37,100,2024
37,670280,"Bednar, David",8/11/2024,746114,37,100,2024
37,608638,"Chargois, JT",7/2/2024,746047,37,100,2024
37,641401,"Brogdon, Connor",4/1/2024,745600,37,100,2024
37,694738,"Roupp, Landen",6/30/2024,745320,59,62.7,2024
37,677053,"Nardi, Andrew",8/11/2024,746025,37,100,2024
37,681810,"Warren, Austin",9/24/2024,747149,37,100,2024
37,680911,"Miller, Owen",4/27/2024,745998,37,100,2024
37,666205,"Muller, Kyle",8/3/2024,745636,37,100,2024
37,687014,"Avila, Nick",5/14/2024,745342,37,100,2024
37,641703,"Honeywell, Brent",8/6/2024,746120,68,54.4,2024
37,678906,"Teng, Kai-Wei",4/8/2024,745363,61,60.7,2024
36,620982,"Pinto, Ricardo",4/12/2024,745596,36,100,2024
36,687863,"Hodge, Porter",8/28/2024,745452,36,100,2024
36,628708,"Marte, Yunior",7/22/2024,745881,36,100,2024
36,669211,"Akin, Keegan",6/9/2024,745085,36,100,2024
36,663687,"Harris, Hogan",9/21/2024,745610,40,90,2024
36,658648,"Avila, Pedro",7/3/2024,746617,36,100,2024
36,700270,"Díaz, Yilber",9/14/2024,747148,71,50.7,2024
36,669387,"Mlodzinski, Carmen",5/31/2024,744928,36,100,2024
36,660761,"Suarez, José",5/9/2024,746241,58,62.1,2024
36,686826,"Jarvis, Bryce",4/15/2024,747213,36,100,2024
36,656924,"Ryan, Ryder",4/1/2024,744875,36,100,2024
36,622065,"Young, Alex",9/13/2024,745529,36,100,2024
36,663546,"Hjelle, Sean",6/29/2024,745317,36,100,2024
36,612434,"Castro, Miguel",4/20/2024,745354,36,100,2024
36,661269,"Gutierrez, Vladimir",3/31/2024,746090,80,45,2024
36,672335,"Pérez, Cionel",9/4/2024,746990,36,100,2024
36,668984,"Legumina, Casey",9/18/2024,746662,36,100,2024
36,592332,"Gausman, Kevin",7/27/2024,744908,118,30.5,2024
36,666163,"Rortvedt, Ben",4/13/2024,745110,36,100,2024
36,664849,"Young, Danny",8/8/2024,746522,36,100,2024
36,656638,"Lange, Alex",4/13/2024,746489,36,100,2024
36,623211,"Brazobán, Huascar",8/22/2024,745379,36,100,2024
35,671111,"Peralta, Sammy",8/26/2024,746753,35,100,2024
35,608718,"Suter, Brent",7/5/2024,746693,57,61.4,2024
35,676254,"Walker, Ryan",8/18/2024,745621,35,100,2024
35,687922,"Lucas, Easton",5/13/2024,746393,39,89.7,2024
35,607259,"Martinez, Nick",7/26/2024,745068,35,100,2024
35,664208,"Maton, Phil",4/15/2024,745106,35,100,2024
35,493603,"Ottavino, Adam",5/4/2024,745100,35,100,2024
35,663460,"Bubic, Kris",7/27/2024,746278,35,100,2024
35,695243,"Miller, Mason",4/6/2024,746498,35,100,2024
35,621237,"Alvarado, José",6/9/2024,745571,35,100,2024
35,596133,"Weaver, Luke",9/13/2024,745696,35,100,2024
35,543351,"Jackson, Jay",5/5/2024,745913,35,100,2024
35,663432,"Rainey, Tanner",4/30/2024,745018,35,100,2024
35,688297,"Roycroft, Chris",9/8/2024,745128,35,100,2024
35,676684,"Vest, Will",7/26/2024,746448,35,100,2024
35,570632,"Ureña, José",4/27/2024,745020,55,63.6,2024
35,670174,"Winckowski, Josh",7/10/2024,746934,38,92.1,2024
35,641703,"Honeywell, Brent",9/2/2024,747155,35,100,2024
35,664875,"Lawrence, Justin",9/15/2024,746506,35,100,2024
35,669467,"Pallante, Andre",4/20/2024,745190,53,66,2024
35,543063,"Crawford, Brandon",7/27/2024,745150,35,100,2024
35,642232,"Yarbrough, Ryan",3/28/2024,746165,44,79.5,2024
35,596001,"Junis, Jakob",7/3/2024,746534,35,100,2024
35,543859,"Tonkin, Michael",8/20/2024,745707,35,100,2024
35,641771,"Kuhl, Chad",7/10/2024,746773,35,100,2024
35,621051,"Wilson, Steven",8/4/2024,745879,35,100,2024
35,681869,"Dubin, Shawn",4/16/2024,746400,41,85.4,2024
35,608334,"Fulmer, Carson",4/24/2024,746244,35,100,2024
35,666214,"Wentz, Joey",4/13/2024,746490,42,83.3,2024
35,679885,"Martinez, Justin",4/19/2024,745352,35,100,2024
35,657585,"Garrett, Reed",4/4/2024,745843,45,77.8,2024
35,670970,"Morejon, Adrian",4/27/2024,745425,47,74.5,2024
35,694363,"Shuster, Jared",7/24/2024,744989,35,100,2024
35,686973,"Varland, Louis",9/10/2024,745856,35,100,2024
35,642701,"Santana, Dennis",4/5/2024,745764,37,94.6,2024
35,664776,"Cousins, Jake",8/20/2024,745707,35,100,2024
35,668674,"Erceg, Lucas",9/17/2024,746261,35,100,2024
35,669062,"Miller, Erik",3/30/2024,745436,35,100,2024
35,621199,"Bowman, Matt",4/26/2024,746243,35,100,2024
34,664875,"Lawrence, Justin",5/13/2024,745420,37,91.9,2024
34,656945,"Scott, Tanner",4/10/2024,745763,34,100,2024
34,598286,"Ramirez, Nick",5/16/2024,746150,45,75.6,2024
34,669165,"Hurt, Kyle",3/30/2024,746168,34,100,2024
34,666205,"Muller, Kyle",7/24/2024,745634,40,85,2024
34,660761,"Suarez, José",9/9/2024,745860,48,70.8,2024
34,660825,"Bazardo, Eduard",9/10/2024,745210,34,100,2024
34,659275,"Lamet, Dinelson",4/1/2024,746170,34,100,2024
34,657585,"Garrett, Reed",5/19/2024,746064,34,100,2024
34,657240,"Merryweather, Julian",8/2/2024,746845,34,100,2024
34,518886,"Kimbrel, Craig",9/17/2024,746987,34,100,2024
34,605121,"Anderson, Justin",7/13/2024,746766,34,100,2024
34,672782,"Gómez, Yoendrys",7/24/2024,745716,34,100,2024
34,642701,"Santana, Dennis",7/9/2024,745968,34,100,2024
34,445276,"Jansen, Kenley",6/9/2024,746787,34,100,2024
34,677944,"Cecconi, Slade",8/8/2024,747169,52,65.4,2024
34,693312,"Nicolas, Kyle",6/16/2024,746546,34,100,2024
34,676684,"Vest, Will",8/14/2024,746436,34,100,2024
34,548389,"Stripling, Ross",9/8/2024,745616,34,100,2024
34,656657,"Logue, Zach",9/19/2024,746011,34,100,2024
34,641755,"Kinley, Tyler",7/8/2024,746692,34,100,2024
34,605177,"Chafin, Andrew",6/5/2024,745007,34,100,2024
34,641312,"Anderson, Shaun",5/17/2024,745016,48,70.8,2024
34,695243,"Miller, Mason",9/1/2024,744970,34,100,2024
34,571946,"Miller, Shelby",4/4/2024,745844,34,100,2024
34,689266,"Dodd, Dylan",8/7/2024,747085,34,100,2024
34,605280,"Holmes, Clay",5/10/2024,745094,34,100,2024
34,686654,"Adcock, Ty",7/5/2024,745479,46,73.9,2024
34,694037,"Palencia, Daniel",4/7/2024,746895,48,70.8,2024
34,681892,"Funderburk, Kody",6/27/2024,747185,34,100,2024
34,642520,"Garabito, Gerson",9/15/2024,745206,58,58.6,2024
34,670990,"Ramírez, Yohan",5/21/2024,746145,34,100,2024
34,671111,"Peralta, Sammy",7/26/2024,746767,71,47.9,2024
34,667463,"King, John",7/4/2024,745484,34,100,2024
34,681676,"Fernandez, Ryan",9/26/2024,746495,37,91.9,2024
34,621237,"Alvarado, José",8/20/2024,747083,34,100,2024
34,518585,"Cruz, Fernando",7/28/2024,745063,34,100,2024
34,658648,"Avila, Pedro",4/24/2024,746649,45,75.6,2024
34,670955,"Uceta, Edwin",9/8/2024,746989,34,100,2024
34,605400,"Nola, Aaron",5/14/2024,745821,109,31.2,2024
34,670036,"Festa, Matt",9/4/2024,744964,34,100,2024
34,543238,"Gose, Anthony",8/27/2024,746594,34,100,2024
34,656848,"Petersen, Michael",7/3/2024,746128,34,100,2024
33,543859,"Tonkin, Michael",3/29/2024,745848,33,100,2024
33,663436,"Martin, Davis",7/27/2024,746768,60,55,2024
33,669711,"Weissert, Greg",7/28/2024,746929,42,78.6,2024
33,670970,"Morejon, Adrian",8/14/2024,745381,33,100,2024
33,656629,"Kopech, Michael",5/15/2024,746795,33,100,2024
33,666720,"Rodríguez, Yerry",5/7/2024,745668,59,55.9,2024
33,571656,"Farmer, Buck",5/29/2024,746706,33,100,2024
33,670871,"Zuñiga, Guillo",9/14/2024,746177,33,100,2024
33,677161,"Kelly, Zack",5/22/2024,745089,33,100,2024
33,683568,"Iriarte, Jairo",9/26/2024,746738,33,100,2024
33,670174,"Winckowski, Josh",6/25/2024,746943,91,36.3,2024
33,670950,"Richards, Trevor",8/14/2024,745869,33,100,2024
33,605155,"Brewer, Colten",4/19/2024,746892,33,100,2024
33,623474,"Herget, Jimmy",8/17/2024,746190,33,100,2024
33,605452,"Ross, Joe",8/6/2024,747086,33,100,2024
33,686730,"Spiers, Carson",4/9/2024,746732,81,40.7,2024
33,663562,"Davis, Noah",7/23/2024,746524,57,57.9,2024
33,656629,"Kopech, Michael",6/8/2024,746786,33,100,2024
33,656457,"Gilbert, Tyler",9/24/2024,745526,33,100,2024
33,656793,"Nelson, Nick",4/11/2024,745601,33,100,2024
33,689225,"Brieske, Beau",6/3/2024,745009,53,62.3,2024
33,593576,"Neris, Héctor",8/16/2024,746843,33,100,2024
33,658648,"Avila, Pedro",5/24/2024,746227,33,100,2024
33,623352,"Hader, Josh",4/30/2024,746398,33,100,2024
33,519008,"McFarland, T.J.",5/5/2024,745667,33,100,2024
33,681402,"Varland, Gus",5/1/2024,747207,33,100,2024
33,622103,"Reyes, Gerardo",8/6/2024,745629,33,100,2024
33,605513,"Turnbull, Spencer",5/7/2024,745586,33,100,2024
33,663432,"Rainey, Tanner",4/24/2024,744864,33,100,2024
33,683409,"Chivilli, Angel",8/30/2024,746511,33,100,2024
33,665620,"García, Deivi",4/17/2024,746809,33,100,2024
33,662253,"Muñoz, Andrés",5/15/2024,745259,33,100,2024
33,543294,"Hendricks, Kyle",5/23/2024,746874,33,100,2024
33,675989,"Bolton, Cody",4/26/2024,745269,33,100,2024
33,670766,"McCaughan, Darren",9/28/2024,744878,54,61.1,2024
33,663158,"Suarez, Robert",4/3/2024,745440,33,100,2024
33,641835,"Mayza, Tim",9/10/2024,745694,33,100,2024
33,656546,"Hoffman, Jeff",5/16/2024,745580,33,100,2024
33,657508,"Baumann, Mike",8/30/2024,745299,45,73.3,2024
33,670059,"Holderman, Colin",5/22/2024,745502,33,100,2024
32,670871,"Zuñiga, Guillo",6/26/2024,746212,32,100,2024
32,489446,"Yates, Kirby",8/3/2024,744987,32,100,2024
32,678692,"Henriquez, Ronny",8/26/2024,745865,32,100,2024
32,608334,"Fulmer, Carson",5/14/2024,746235,32,100,2024
32,663897,"Williams, Luke",8/8/2024,747081,32,100,2024
32,608648,"Duffey, Tyler",5/20/2024,746307,32,100,2024
32,608718,"Suter, Brent",9/14/2024,745858,48,66.7,2024
32,622251,"Staumont, Josh",6/19/2024,745887,32,100,2024
32,640451,"Harvey, Hunter",6/11/2024,746464,32,100,2024
32,668984,"Legumina, Casey",8/18/2024,746676,32,100,2024
32,573009,"Mantiply, Joe",6/16/2024,747189,32,100,2024
32,570632,"Ureña, José",6/30/2024,747016,32,100,2024
32,656354,"Davis, Austin",7/7/2024,745391,32,100,2024
32,663432,"Rainey, Tanner",6/26/2024,745400,32,100,2024
32,676534,"Faucher, Calvin",4/24/2024,747132,32,100,2024
32,641745,"Keller, Brad",5/12/2024,746798,49,65.3,2024
32,669062,"Miller, Erik",5/10/2024,745340,32,100,2024
32,552640,"Kittredge, Andrew",7/4/2024,745484,32,100,2024
32,664285,"Valdez, Framber",6/7/2024,746220,106,30.2,2024
32,672335,"Pérez, Cionel",5/18/2024,747036,32,100,2024
32,642232,"Yarbrough, Ryan",6/8/2024,745735,32,100,2024
32,502624,"Anderson, Chase",6/4/2024,746949,47,68.1,2024
32,542888,"Armstrong, Shawn",4/7/2024,746574,32,100,2024
32,669711,"Weissert, Greg",6/16/2024,746945,32,100,2024
32,622554,"Domínguez, Seranthony",8/27/2024,746105,32,100,2024
32,663947,"Holton, Tyler",9/17/2024,746261,32,100,2024
32,660600,"Paredes, Enoli",9/14/2024,747148,32,100,2024
32,621114,"Burr, Ryan",6/3/2024,744930,32,100,2024
32,640451,"Harvey, Hunter",4/23/2024,744863,37,86.5,2024
32,642207,"Williams, Devin",8/31/2024,746667,32,100,2024
32,695243,"Miller, Mason",5/8/2024,745664,32,100,2024
32,689690,"Jacob, Alek",9/14/2024,745284,32,100,2024
32,695243,"Miller, Mason",5/30/2024,745081,32,100,2024
32,641312,"Anderson, Shaun",8/5/2024,746038,62,51.6,2024
32,672578,"Hernández, Carlos",7/2/2024,746282,32,100,2024
32,690544,"Horn, Bailey",7/2/2024,746047,32,100,2024
32,663562,"Davis, Noah",8/4/2024,745384,32,100,2024
32,608371,"Sims, Lucas",6/29/2024,745159,32,100,2024
32,605288,"Houser, Adrian",5/10/2024,745827,32,100,2024
32,683627,"Molina, Anthony",8/10/2024,746520,32,100,2024
32,623465,"Phillips, Evan",4/23/2024,744863,32,100,2024
32,678495,"Rodríguez, Randy",7/23/2024,746118,32,100,2024
32,543859,"Tonkin, Michael",8/14/2024,746759,44,72.7,2024
32,640470,"Alzolay, Adbert",5/3/2024,746890,32,100,2024
32,605288,"Houser, Adrian",6/26/2024,745808,44,72.7,2024
32,663567,"Lambert, Peter",8/22/2024,744815,47,68.1,2024
32,518585,"Cruz, Fernando",8/16/2024,746674,32,100,2024
32,686826,"Jarvis, Bryce",6/4/2024,747196,32,100,2024
32,666204,"Jiménez, Dany",8/23/2024,745625,32,100,2024
32,641729,"Jiménez, Joe",8/30/2024,745533,32,100,2024
32,543859,"Tonkin, Michael",5/19/2024,745745,48,66.7,2024
32,686539,"Cronin, Declan",3/28/2024,746089,32,100,2024
32,605452,"Ross, Joe",9/2/2024,745947,32,100,2024
32,519151,"Pressly, Ryan",8/13/2024,745055,32,100,2024
32,666808,"Doval, Camilo",6/2/2024,745330,32,100,2024
32,641427,"Busenitz, Alan",9/20/2024,746661,32,100,2024
32,650671,"Quijada, José",9/22/2024,746339,32,100,2024
32,675921,"Howard, Spencer",6/24/2024,745323,77,41.6,2024
31,680880,"Holman, Grant",9/6/2024,745611,31,100,2024
31,679885,"Martinez, Justin",8/21/2024,746028,31,100,2024
31,657585,"Garrett, Reed",6/4/2024,744850,31,100,2024
31,656232,"Bielak, Brandon",3/29/2024,746412,31,100,2024
31,660600,"Paredes, Enoli",6/11/2024,745981,31,100,2024
31,672710,"Contreras, Roansy",5/24/2024,746227,31,100,2024
31,695243,"Miller, Mason",8/27/2024,746671,31,100,2024
31,657649,"Koenig, Jared",4/15/2024,746002,31,100,2024
31,656945,"Scott, Tanner",6/11/2024,745815,31,100,2024
31,641745,"Keller, Brad",6/13/2024,746944,46,67.4,2024
31,622786,"Tinoco, Jesus",6/15/2024,745241,31,100,2024
31,640451,"Harvey, Hunter",6/15/2024,744846,31,100,2024
31,660896,"Alcala, Jorge",9/15/2024,745852,31,100,2024
31,570632,"Ureña, José",7/4/2024,744996,39,79.5,2024
31,623352,"Hader, Josh",5/21/2024,746385,31,100,2024
31,502624,"Anderson, Chase",5/17/2024,745178,59,52.5,2024
31,670174,"Winckowski, Josh",8/23/2024,746920,55,56.4,2024
31,680732,"Burke, Sean",9/10/2024,746747,53,58.5,2024
31,519293,"Smith, Will",8/20/2024,746266,31,100,2024
31,677161,"Kelly, Zack",6/29/2024,746940,31,100,2024
31,608718,"Suter, Brent",9/22/2024,746657,31,100,2024
31,642701,"Santana, Dennis",6/15/2024,746547,31,100,2024
31,623465,"Phillips, Evan",6/6/2024,745495,31,100,2024
31,643361,"Herget, Kevin",9/20/2024,745934,31,100,2024
31,624133,"Suárez, Ranger",4/16/2024,745593,112,27.7,2024
31,622098,"Smith, Drew",4/8/2024,747142,31,100,2024
31,674370,"Bido, Osvaldo",7/7/2024,745637,31,100,2024
31,608718,"Suter, Brent",3/28/2024,746737,31,100,2024
31,663460,"Bubic, Kris",9/22/2024,746253,31,100,2024
31,493603,"Ottavino, Adam",7/26/2024,745792,31,100,2024
31,668941,"Romero, JoJo",5/14/2024,746235,31,100,2024
31,621383,"Banks, Tanner",9/27/2024,744797,31,100,2024
31,661395,"Duran, Jhoan",9/26/2024,745853,31,100,2024
31,672860,"Berroa, Prelander",9/29/2024,746416,31,100,2024
31,660761,"Suarez, José",5/30/2024,746225,38,81.6,2024
31,641771,"Kuhl, Chad",9/18/2024,746172,31,100,2024
31,445926,"Chavez, Jesse",4/8/2024,747142,31,100,2024
31,666745,"Brito, Jhony",5/24/2024,745415,31,100,2024
31,519151,"Pressly, Ryan",5/28/2024,745258,31,100,2024
31,544150,"Suárez, Albert",5/8/2024,744858,31,100,2024
31,502624,"Anderson, Chase",6/28/2024,746939,61,50.8,2024
31,683232,"Mears, Nick",4/8/2024,746569,31,100,2024
31,669372,"Ginn, J.T.",8/21/2024,745622,31,100,2024
31,605288,"Houser, Adrian",6/30/2024,745802,31,100,2024
31,666745,"Brito, Jhony",5/15/2024,745417,31,100,2024
31,643338,"Green, Chad",9/11/2024,744881,31,100,2024
31,657612,"Hill, Tim",5/20/2024,744935,31,100,2024
31,664875,"Lawrence, Justin",9/3/2024,747079,31,100,2024
31,592155,"Booser, Cam",6/6/2024,746784,31,100,2024
31,664208,"Maton, Phil",6/8/2024,745082,31,100,2024
31,642207,"Williams, Devin",8/21/2024,745138,31,100,2024
31,676680,"Cosgrove, Tom",3/30/2024,745436,31,100,2024
31,657044,"Thompson, Ryan",8/16/2024,745054,31,100,2024
31,641755,"Kinley, Tyler",5/21/2024,745662,31,100,2024
31,598264,"Barnes, Matt",5/2/2024,745021,31,100,2024
31,676684,"Vest, Will",5/12/2024,746476,31,100,2024
31,681676,"Fernandez, Ryan",6/17/2024,746055,31,100,2024
31,605280,"Holmes, Clay",5/20/2024,745746,31,100,2024
31,668338,"Miller, Tyson",6/15/2024,746865,31,100,2024
31,681982,"Anderson, Grant",7/7/2024,744993,31,100,2024
31,600986,"Vieira, Thyago",4/7/2024,746003,50,62,2024
31,694363,"Shuster, Jared",8/23/2024,746758,31,100,2024
31,606160,"Montero, Rafael",6/15/2024,746381,31,100,2024
31,642232,"Yarbrough, Ryan",7/7/2024,746122,56,55.4,2024
31,702352,"Bivens, Spencer",9/12/2024,745288,31,100,2024
31,685126,"Eisert, Brandon",6/17/2024,744918,31,100,2024
31,658648,"Avila, Pedro",6/21/2024,746624,43,72.1,2024
31,677976,"Dobnak, Randy",8/11/2024,745872,51,60.8,2024
31,664079,"Jay, Tyler",7/1/2024,744840,31,100,2024
31,605121,"Anderson, Justin",4/12/2024,746812,31,100,2024
31,622259,"Wingenter, Trey",7/29/2024,746928,36,86.1,2024
31,656629,"Kopech, Michael",4/5/2024,746328,31,100,2024
30,596133,"Weaver, Luke",7/21/2024,745722,30,100,2024
30,656876,"Rasmussen, Drew",9/28/2024,746902,30,100,2024
30,621242,"Díaz, Edwin",5/13/2024,745826,30,100,2024
30,683232,"Mears, Nick",5/24/2024,746558,30,100,2024
30,643338,"Green, Chad",9/3/2024,744891,30,100,2024
30,605280,"Holmes, Clay",7/5/2024,745725,30,100,2024
30,664126,"Fairbanks, Pete",8/18/2024,745051,30,100,2024
30,686563,"Cannon, Jonathan",6/7/2024,746785,60,50,2024
30,544150,"Suárez, Albert",5/12/2024,747042,43,69.8,2024
30,656730,"Megill, Trevor",4/19/2024,745189,30,100,2024
30,641540,"Dunning, Dane",8/6/2024,744983,61,49.2,2024
30,642546,"Hernández, Jonathan",5/12/2024,746555,30,100,2024
30,641729,"Jiménez, Joe",5/11/2024,745828,30,100,2024
30,605463,"Scott, Tayler",5/19/2024,746392,30,100,2024
30,621237,"Alvarado, José",3/29/2024,745604,30,100,2024
30,663704,"McArthur, James",5/7/2024,746315,30,100,2024
30,693312,"Nicolas, Kyle",5/26/2024,745498,30,100,2024
30,641656,"Hamilton, Ian",6/7/2024,745737,30,100,2024
30,640451,"Harvey, Hunter",5/22/2024,744856,30,100,2024
30,571946,"Miller, Shelby",8/27/2024,746429,30,100,2024
30,640448,"Finnegan, Kyle",8/27/2024,744811,30,100,2024
30,663704,"McArthur, James",5/14/2024,745257,30,100,2024
30,502624,"Anderson, Chase",5/24/2024,746956,70,42.9,2024
30,528748,"Castellanos, Humberto",6/7/2024,745406,60,50,2024
30,677976,"Dobnak, Randy",9/29/2024,745846,30,100,2024
30,661395,"Duran, Jhoan",9/17/2024,746587,30,100,2024
30,670950,"Richards, Trevor",4/24/2024,746317,30,100,2024
30,700241,"McGreevy, Michael",9/18/2024,745121,38,78.9,2024
30,656605,"Keller, Mitch",5/6/2024,745509,109,27.5,2024
30,663704,"McArthur, James",6/9/2024,746297,30,100,2024
30,660825,"Bazardo, Eduard",7/11/2024,746204,30,100,2024
30,622250,"Sborz, Josh",7/26/2024,744906,30,100,2024
30,623352,"Hader, Josh",5/14/2024,746396,30,100,2024
30,502085,"Robertson, David",7/13/2024,746369,30,100,2024
30,642232,"Yarbrough, Ryan",5/22/2024,746143,31,96.8,2024
30,668984,"Legumina, Casey",4/22/2024,746723,30,100,2024
30,695243,"Miller, Mason",3/30/2024,745684,30,100,2024
30,547973,"Chapman, Aroldis",9/7/2024,745456,30,100,2024
30,669711,"Weissert, Greg",5/13/2024,746961,43,69.8,2024
30,614179,"Ruiz, José",5/16/2024,745580,30,100,2024
30,623352,"Hader, Josh",7/29/2024,746360,30,100,2024
30,681517,"Leahy, Kyle",7/13/2024,745152,30,100,2024
30,596133,"Weaver, Luke",7/2/2024,745730,30,100,2024
30,571670,"Floro, Dylan",9/1/2024,747157,30,100,2024
30,605154,"Brebbia, John",8/24/2024,746756,30,100,2024
30,623352,"Hader, Josh",4/19/2024,744872,30,100,2024
30,695243,"Miller, Mason",9/6/2024,745611,30,100,2024
30,641329,"Baker, Bryan",7/12/2024,747012,30,100,2024
30,571539,"Carasiti, Matt",6/7/2024,745169,30,100,2024
30,664208,"Maton, Phil",6/9/2024,745085,30,100,2024
30,669093,"Estrada, Jeremiah",5/23/2024,746714,30,100,2024
30,666974,"Cano, Yennier",7/28/2024,747008,30,100,2024
30,670766,"McCaughan, Darren",8/6/2024,746033,55,54.5,2024
30,669169,"Heasley, Jonathan",4/2/2024,747057,30,100,2024
30,670955,"Uceta, Edwin",5/6/2024,745098,30,100,2024
30,666277,"Soriano, George",8/9/2024,746032,30,100,2024
30,681911,"Vesia, Alex",5/28/2024,745816,30,100,2024
30,663485,"Sands, Cole",7/22/2024,745881,30,100,2024
30,613534,"Adams, Austin",6/9/2024,745651,30,100,2024
30,592454,"Kahnle, Tommy",6/8/2024,745735,30,100,2024
30,664126,"Fairbanks, Pete",6/20/2024,745889,30,100,2024
30,678495,"Rodríguez, Randy",5/17/2024,745335,30,100,2024
30,623433,"Anderson, Nick",5/21/2024,746309,30,100,2024
30,605347,"López, Jorge",7/14/2024,745151,30,100,2024
30,688297,"Roycroft, Chris",5/15/2024,746231,33,90.9,2024
30,656464,"Ginkel, Kevin",7/31/2024,747170,30,100,2024
30,621242,"Díaz, Edwin",9/22/2024,745767,30,100,2024
30,683409,"Chivilli, Angel",6/3/2024,746548,30,100,2024
30,663546,"Hjelle, Sean",9/11/2024,745285,30,100,2024
30,642397,"Soto, Gregory",7/29/2024,745547,30,100,2024
30,663432,"Rainey, Tanner",7/30/2024,747167,30,100,2024
30,693312,"Nicolas, Kyle",4/29/2024,745672,30,100,2024
30,668674,"Erceg, Lucas",5/6/2024,745669,30,100,2024
30,676879,"Ashby, Aaron",9/6/2024,745941,38,78.9,2024
30,657649,"Koenig, Jared",7/23/2024,746848,30,100,2024
30,669211,"Akin, Keegan",8/13/2024,747004,30,100,2024
30,667297,"Nance, Tommy",8/22/2024,744894,30,100,2024
30,605154,"Brebbia, John",8/3/2024,745876,30,100,2024
30,664948,"Misiewicz, Anthony",6/19/2024,745732,30,100,2024
30,677161,"Kelly, Zack",7/4/2024,746043,30,100,2024
30,669461,"Liberatore, Matthew",9/3/2024,745944,30,100,2024
30,593974,"Peralta, Wandy",6/20/2024,745401,33,90.9,2024
30,605452,"Ross, Joe",9/21/2024,745936,30,100,2024
30,641729,"Jiménez, Joe",6/29/2024,747104,30,100,2024
30,543518,"McGough, Scott",8/10/2024,747164,30,100,2024
30,445926,"Chavez, Jesse",4/15/2024,746406,30,100,2024
30,663704,"McArthur, James",5/5/2024,746314,30,100,2024
30,670280,"Bednar, David",4/17/2024,745836,30,100,2024
30,623474,"Herget, Jimmy",7/28/2024,745795,30,100,2024
30,606965,"Devenski, Chris",5/28/2024,745091,30,100,2024
30,670046,"Rosenberg, Kenny",7/11/2024,746204,95,31.6,2024
30,661527,"Martinez, Seth",5/15/2024,746397,30,100,2024
29,600986,"Vieira, Thyago",5/9/2024,745995,29,100,2024
29,624647,"González, Victor",4/28/2024,746001,29,100,2024
29,621097,"Waguespack, Jacob",4/5/2024,746576,42,69,2024
29,624522,"Thompson, Keegan",4/26/2024,746972,36,80.6,2024
29,666818,"Frías, Luis",4/12/2024,747217,29,100,2024
29,620982,"Pinto, Ricardo",4/20/2024,745590,29,100,2024
29,657571,"Ferguson, Caleb",8/3/2024,746358,29,100,2024
29,650671,"Quijada, José",9/16/2024,746179,29,100,2024
29,572143,"Smith, Burch",6/2/2024,746061,29,100,2024
29,650671,"Quijada, José",9/28/2024,746171,29,100,2024
29,664076,"Cleavinger, Garrett",8/30/2024,745052,29,100,2024
29,656529,"Hentges, Sam",7/10/2024,746453,29,100,2024
29,676534,"Faucher, Calvin",6/17/2024,746055,29,100,2024
29,518585,"Cruz, Fernando",5/9/2024,746715,29,100,2024
29,676534,"Faucher, Calvin",8/7/2024,746031,29,100,2024
29,664285,"Valdez, Framber",8/6/2024,744983,107,27.1,2024
29,695243,"Miller, Mason",4/2/2024,745680,29,100,2024
29,690829,"Joyce, Ben",8/11/2024,744816,29,100,2024
29,656464,"Ginkel, Kevin",4/10/2024,746573,29,100,2024
29,519043,"Moore, Matt",4/26/2024,746243,29,100,2024
29,596001,"Junis, Jakob",7/20/2024,745880,29,100,2024
29,679885,"Martinez, Justin",7/8/2024,747181,29,100,2024
29,664875,"Lawrence, Justin",5/23/2024,745660,29,100,2024
29,552640,"Kittredge, Andrew",8/21/2024,745138,29,100,2024
29,676534,"Faucher, Calvin",5/18/2024,746067,29,100,2024
29,663878,"Pearson, Nate",7/13/2024,747177,29,100,2024
29,676130,"Buttó, José",7/29/2024,745791,44,65.9,2024
29,643410,"Leiter Jr., Mark",5/25/2024,745176,29,100,2024
29,608717,"Stratton, Chris",9/9/2024,745698,29,100,2024
29,669211,"Akin, Keegan",5/28/2024,747033,29,100,2024
29,595345,"Okert, Steven",4/28/2024,746237,29,100,2024
29,676684,"Vest, Will",8/8/2024,745226,29,100,2024
29,592094,"Adam, Jason",7/24/2024,744905,29,100,2024
29,657514,"Bernardino, Brennan",4/10/2024,746980,29,100,2024
29,518397,"Alexander, Scott",9/22/2024,745608,29,100,2024
29,608371,"Sims, Lucas",4/21/2024,746727,29,100,2024
29,680739,"Winder, Josh",8/10/2024,745873,29,100,2024
29,592426,"Jackson, Luke",8/11/2024,746517,29,100,2024
29,669084,"Hall, DL",9/29/2024,745932,29,100,2024
29,543351,"Jackson, Jay",4/27/2024,746245,29,100,2024
29,672582,"Zerpa, Angel",5/22/2024,746304,29,100,2024
29,657649,"Koenig, Jared",9/15/2024,747151,29,100,2024
29,675627,"Grove, Michael",8/7/2024,746115,29,100,2024
29,572143,"Smith, Burch",7/29/2024,747007,29,100,2024
29,640448,"Finnegan, Kyle",8/9/2024,744818,29,100,2024
29,674072,"Henry, Tommy",6/15/2024,747187,75,38.7,2024
29,573262,"Yastrzemski, Mike",8/14/2024,745301,29,100,2024
29,641726,"Jefferies, Daulton",7/5/2024,745479,29,100,2024
29,680767,"Vodnik, Victor",4/27/2024,746560,29,100,2024
29,681869,"Dubin, Shawn",6/26/2024,746374,29,100,2024
29,641745,"Keller, Brad",6/17/2024,744918,29,100,2024
29,695243,"Miller, Mason",6/5/2024,745654,29,100,2024
29,676684,"Vest, Will",7/9/2024,746451,29,100,2024
29,657508,"Baumann, Mike",7/26/2024,745315,29,100,2024
29,657612,"Hill, Tim",5/28/2024,746791,29,100,2024
29,623352,"Hader, Josh",8/14/2024,745053,29,100,2024
29,547973,"Chapman, Aroldis",8/7/2024,745469,29,100,2024
29,669622,"Bender, Anthony",9/7/2024,746018,29,100,2024
29,679885,"Martinez, Justin",9/15/2024,747151,29,100,2024
29,570632,"Ureña, José",4/8/2024,745034,49,59.2,2024
29,608344,"Irvin, Cole",9/2/2024,746992,43,67.4,2024
29,676254,"Walker, Ryan",9/28/2024,745281,29,100,2024
29,647315,"Pop, Zach",7/5/2024,745237,29,100,2024
29,657508,"Baumann, Mike",3/30/2024,747063,29,100,2024
29,656222,"Beeks, Jalen",4/30/2024,746073,29,100,2024
29,445926,"Chavez, Jesse",7/2/2024,747102,29,100,2024
29,687922,"Lucas, Easton",5/8/2024,745659,29,100,2024
29,596133,"Weaver, Luke",9/18/2024,745199,29,100,2024
29,657508,"Baumann, Mike",9/9/2024,745454,29,100,2024
29,607179,"Weems, Jordan",5/26/2024,744855,29,100,2024
29,670167,"Schreiber, John",4/20/2024,746324,29,100,2024
29,605463,"Scott, Tayler",6/30/2024,745802,29,100,2024
29,656848,"Petersen, Michael",9/21/2024,746012,29,100,2024
29,622259,"Wingenter, Trey",9/6/2024,746832,29,100,2024
29,624522,"Thompson, Keegan",4/15/2024,747213,29,100,2024
29,657044,"Thompson, Ryan",6/28/2024,747183,31,93.5,2024
29,592288,"Emanuel, Kent",4/27/2024,746075,48,60.4,2024
29,694363,"Shuster, Jared",8/13/2024,746757,29,100,2024
29,695243,"Miller, Mason",5/14/2024,746396,29,100,2024
29,676092,"Snider, Collin",9/28/2024,745203,29,100,2024
29,605452,"Ross, Joe",8/27/2024,745946,29,100,2024
29,666808,"Doval, Camilo",6/16/2024,745321,29,100,2024
29,622103,"Reyes, Gerardo",8/3/2024,745636,29,100,2024
28,606965,"Devenski, Chris",6/21/2024,745483,28,100,2024
28,678495,"Rodríguez, Randy",5/29/2024,745333,28,100,2024
28,571948,"Milner, Hoby",8/8/2024,747081,28,100,2024
28,683769,"Gaddis, Hunter",6/24/2024,747021,28,100,2024
28,543859,"Tonkin, Michael",5/11/2024,745096,28,100,2024
28,666215,"Whitley, Forrest",9/2/2024,746668,28,100,2024
28,676962,"Brown, Ben",3/30/2024,745037,44,63.6,2024
28,519326,"Strickland, Hunter",9/17/2024,746176,28,100,2024
28,669422,"Sauer, Matt",5/4/2024,746311,28,100,2024
28,608717,"Stratton, Chris",4/14/2024,745841,28,100,2024
28,547001,"Poteet, Cody",9/25/2024,745690,57,49.1,2024
28,681869,"Dubin, Shawn",8/22/2024,746998,37,75.7,2024
28,641835,"Mayza, Tim",4/17/2024,744948,28,100,2024
28,670950,"Richards, Trevor",8/23/2024,745870,44,63.6,2024
28,663546,"Hjelle, Sean",5/28/2024,745337,28,100,2024
28,676083,"Junk, Janson",7/26/2024,745964,28,100,2024
28,628452,"Iglesias, Raisel",9/22/2024,746010,28,100,2024
28,664126,"Fairbanks, Pete",7/11/2024,745065,28,100,2024
28,592773,"Stanek, Ryne",4/16/2024,745270,28,100,2024
28,593576,"Neris, Héctor",6/29/2024,745972,28,100,2024
28,666214,"Wentz, Joey",6/26/2024,746456,28,100,2024
28,672456,"Montero, Keider",9/29/2024,746416,56,50,2024
28,670810,"Gillaspie, Logan",8/22/2024,745379,28,100,2024
28,668674,"Erceg, Lucas",5/3/2024,745665,28,100,2024
28,661527,"Martinez, Seth",5/2/2024,746403,28,100,2024
28,670036,"Festa, Matt",6/30/2024,745802,28,100,2024
28,676428,"Hurter, Brant",8/16/2024,746438,78,35.9,2024
28,664126,"Fairbanks, Pete",4/17/2024,745105,28,100,2024
28,518886,"Kimbrel, Craig",7/14/2024,747009,28,100,2024
28,681676,"Fernandez, Ryan",7/26/2024,745146,28,100,2024
28,641755,"Kinley, Tyler",5/29/2024,746551,28,100,2024
28,665625,"Peguero, Elvis",7/21/2024,745882,28,100,2024
28,673380,"Núñez, Dedniel",8/24/2024,745377,28,100,2024
28,640448,"Finnegan, Kyle",7/29/2024,747172,28,100,2024
28,687377,"Ribalta, Orlando",8/13/2024,747004,28,100,2024
28,663878,"Pearson, Nate",4/6/2024,745766,39,71.8,2024
28,518886,"Kimbrel, Craig",7/25/2024,746037,28,100,2024
28,571948,"Milner, Hoby",4/14/2024,747056,28,100,2024
28,676684,"Vest, Will",4/6/2024,746498,28,100,2024
28,663878,"Pearson, Nate",8/1/2024,746849,28,100,2024
28,681799,"Roberts, Ethan",9/29/2024,746820,28,100,2024
28,657585,"Garrett, Reed",5/24/2024,745822,28,100,2024
28,686642,"Ellard, Fraser",9/18/2024,746172,28,100,2024
28,600986,"Vieira, Thyago",4/12/2024,747055,28,100,2024
28,677161,"Kelly, Zack",4/24/2024,746649,28,100,2024
28,656876,"Rasmussen, Drew",9/21/2024,745038,28,100,2024
28,605154,"Brebbia, John",7/22/2024,744988,28,100,2024
28,641656,"Hamilton, Ian",4/22/2024,745757,28,100,2024
28,622554,"Domínguez, Seranthony",9/6/2024,746993,28,100,2024
28,543859,"Tonkin, Michael",5/7/2024,745752,28,100,2024
28,640448,"Finnegan, Kyle",8/8/2024,744819,28,100,2024
28,656629,"Kopech, Michael",6/10/2024,745248,28,100,2024
28,592155,"Booser, Cam",6/2/2024,746953,28,100,2024
28,687014,"Avila, Nick",4/21/2024,745353,28,100,2024
28,593576,"Neris, Héctor",4/14/2024,745271,28,100,2024
28,669093,"Estrada, Jeremiah",6/20/2024,745401,28,100,2024
28,596001,"Junis, Jakob",6/30/2024,745971,28,100,2024
28,669169,"Heasley, Jonathan",5/23/2024,746792,28,100,2024
28,663432,"Rainey, Tanner",8/11/2024,744816,28,100,2024
28,657265,"Strzelecki, Peter",5/3/2024,746645,28,100,2024
28,663462,"Campbell, Isaiah",4/11/2024,746977,28,100,2024
28,623211,"Brazobán, Huascar",6/26/2024,746291,28,100,2024
28,666205,"Muller, Kyle",5/8/2024,745659,53,52.8,2024
28,640448,"Finnegan, Kyle",9/26/2024,744796,28,100,2024
28,683627,"Molina, Anthony",5/17/2024,745335,28,100,2024
28,687765,"Spence, Mitch",4/26/2024,747050,43,65.1,2024
28,605280,"Holmes, Clay",7/14/2024,747009,28,100,2024
28,445276,"Jansen, Kenley",9/4/2024,745776,28,100,2024
28,664776,"Cousins, Jake",4/2/2024,747220,40,70,2024
28,676596,"Fleming, Josh",5/7/2024,745508,28,100,2024
28,543859,"Tonkin, Michael",4/4/2024,745844,28,100,2024
28,646242,"Díaz, Jhonathan",8/2/2024,745224,28,100,2024
28,640448,"Finnegan, Kyle",4/9/2024,745357,28,100,2024
28,641703,"Honeywell, Brent",9/24/2024,746093,28,100,2024
28,683232,"Mears, Nick",5/22/2024,745661,28,100,2024
28,608717,"Stratton, Chris",9/13/2024,745447,28,100,2024
28,669711,"Weissert, Greg",7/20/2024,746121,28,100,2024
28,687424,"Maldonado, Anthony",7/3/2024,746045,28,100,2024
28,493603,"Ottavino, Adam",8/23/2024,745378,43,65.1,2024
28,683232,"Mears, Nick",7/31/2024,745960,28,100,2024
28,605463,"Scott, Tayler",7/13/2024,746369,28,100,2024
28,676702,"Stratton, Hunter",4/24/2024,745513,28,100,2024
28,656234,"Bird, Jake",4/28/2024,746561,28,100,2024
28,543859,"Tonkin, Michael",9/13/2024,745855,28,100,2024
28,656924,"Ryan, Ryder",7/10/2024,745969,28,100,2024
28,662253,"Muñoz, Andrés",7/10/2024,745394,28,100,2024
28,650893,"Cabrera, Génesis",5/3/2024,744868,28,100,2024
28,519151,"Pressly, Ryan",8/9/2024,746927,28,100,2024
28,670280,"Bednar, David",8/28/2024,745452,28,100,2024
28,664208,"Maton, Phil",4/1/2024,745109,28,100,2024
28,676702,"Stratton, Hunter",4/19/2024,745518,28,100,2024
28,608032,"Estévez, Carlos",8/3/2024,745225,28,100,2024
28,669952,"White, Mitch",5/29/2024,745988,28,100,2024
28,679885,"Martinez, Justin",8/7/2024,746602,28,100,2024
28,641729,"Jiménez, Joe",8/2/2024,747089,28,100,2024
28,676130,"Buttó, José",8/21/2024,745781,28,100,2024
28,672391,"Ort, Kaleb",9/15/2024,746180,28,100,2024
28,694361,"Klein, Will",5/31/2024,746303,28,100,2024
28,677976,"Dobnak, Randy",7/31/2024,745789,28,100,2024
28,666204,"Jiménez, Dany",5/6/2024,745669,28,100,2024
28,656794,"Newcomb, Sean",6/30/2024,747182,28,100,2024
28,523260,"Kelly, Joe",4/16/2024,746157,28,100,2024
28,621242,"Díaz, Edwin",7/22/2024,746034,28,100,2024
28,598286,"Ramirez, Nick",4/26/2024,744949,28,100,2024
28,621237,"Alvarado, José",4/6/2024,744873,28,100,2024
28,683232,"Mears, Nick",6/12/2024,745896,28,100,2024
28,592454,"Kahnle, Tommy",6/6/2024,745738,28,100,2024
28,683409,"Chivilli, Angel",9/15/2024,746506,29,96.6,2024
28,661527,"Martinez, Seth",7/30/2024,746365,28,100,2024
28,600917,"Leclerc, José",3/31/2024,745035,28,100,2024
28,669438,"Englert, Mason",5/29/2024,746467,28,100,2024
28,621383,"Banks, Tanner",7/20/2024,746286,28,100,2024
28,676534,"Faucher, Calvin",8/21/2024,746028,28,100,2024
28,671345,"Foley, Jason",7/14/2024,746449,28,100,2024
27,542585,"Cisnero, José",4/16/2024,745108,27,100,2024
27,554340,"García, Yimi",5/26/2024,746469,27,100,2024
27,493603,"Ottavino, Adam",7/11/2024,745799,27,100,2024
27,681870,"Sabrowski, Erik",9/20/2024,745123,30,90,2024
27,623465,"Phillips, Evan",7/13/2024,746447,27,100,2024
27,685126,"Eisert, Brandon",9/29/2024,744880,27,100,2024
27,573124,"Rogers, Taylor",8/14/2024,745301,27,100,2024
27,672782,"Gómez, Yoendrys",6/21/2024,745729,78,34.6,2024
27,519043,"Moore, Matt",7/9/2024,746206,27,100,2024
27,642397,"Soto, Gregory",4/17/2024,745591,27,100,2024
27,676596,"Fleming, Josh",7/6/2024,745476,27,100,2024
27,666808,"Doval, Camilo",4/15/2024,746080,27,100,2024
27,668338,"Miller, Tyson",5/16/2024,746881,27,100,2024
27,541640,"Ramírez, Erasmo",5/12/2024,745092,27,100,2024
27,656945,"Scott, Tanner",3/31/2024,746090,27,100,2024
27,642701,"Santana, Dennis",4/21/2024,745759,27,100,2024
27,668674,"Erceg, Lucas",9/3/2024,746264,27,100,2024
27,656420,"Feyereisen, J.P.",6/17/2024,746543,27,100,2024
27,682052,"Lopez, Jacob",5/5/2024,745103,27,100,2024
27,660600,"Paredes, Enoli",9/19/2024,745937,27,100,2024
27,666808,"Doval, Camilo",4/5/2024,745361,27,100,2024
27,640454,"Krook, Matt",6/30/2024,747016,27,100,2024
27,663485,"Sands, Cole",4/13/2024,746490,28,96.4,2024
27,671345,"Foley, Jason",4/14/2024,746492,27,100,2024
27,607625,"Lugo, Seth",7/21/2024,746287,103,26.2,2024
27,669062,"Miller, Erik",9/3/2024,745293,27,100,2024
27,662253,"Muñoz, Andrés",4/30/2024,745260,27,100,2024
27,643377,"Jax, Griffin",9/1/2024,745861,27,100,2024
27,664076,"Cleavinger, Garrett",3/31/2024,745115,27,100,2024
27,607455,"Banda, Anthony",8/30/2024,747156,27,100,2024
27,663773,"Hoeing, Bryan",4/28/2024,746077,27,100,2024
27,621053,"Ferguson, Tyler",8/27/2024,746671,27,100,2024
27,573204,"Thielbar, Caleb",9/14/2024,745858,27,100,2024
27,680767,"Vodnik, Victor",7/22/2024,746526,27,100,2024
27,670174,"Winckowski, Josh",9/17/2024,745044,61,44.3,2024
27,669093,"Estrada, Jeremiah",6/16/2024,745807,27,100,2024
27,623474,"Herget, Jimmy",6/5/2024,746950,27,100,2024
27,669060,"Wilson, Bryse",8/24/2024,745617,27,100,2024
27,668338,"Miller, Tyson",5/31/2024,746877,31,87.1,2024
27,641540,"Dunning, Dane",7/3/2024,744998,58,46.6,2024
27,571946,"Miller, Shelby",4/22/2024,745107,27,100,2024
27,621237,"Alvarado, José",7/13/2024,745549,27,100,2024
27,621051,"Wilson, Steven",5/14/2024,746796,27,100,2024
27,656412,"Faedo, Alex",4/15/2024,746488,27,100,2024
27,666808,"Doval, Camilo",4/22/2024,745351,27,100,2024
27,621363,"Poche, Colin",8/10/2024,745056,27,100,2024
27,702352,"Bivens, Spencer",9/25/2024,747144,27,100,2024
27,686826,"Jarvis, Bryce",5/26/2024,747197,27,100,2024
27,672782,"Gómez, Yoendrys",7/29/2024,745547,27,100,2024
27,656671,"Maciejewski, Josh",7/6/2024,745724,27,100,2024
27,608718,"Suter, Brent",9/1/2024,746669,27,100,2024
27,605121,"Anderson, Justin",9/4/2024,746990,27,100,2024
27,683627,"Molina, Anthony",4/24/2024,746567,42,64.3,2024
27,664747,"Díaz, Alexis",9/22/2024,746657,27,100,2024
27,679156,"Pennington, Walter",9/21/2024,744958,27,100,2024
27,683004,"Leiter, Jack",9/20/2024,744960,92,29.3,2024
27,489446,"Yates, Kirby",9/17/2024,744961,27,100,2024
27,621389,"Blach, Ty",7/26/2024,745315,38,71.1,2024
27,640451,"Harvey, Hunter",7/20/2024,746286,27,100,2024
27,664126,"Fairbanks, Pete",4/9/2024,746250,27,100,2024
27,661395,"Duran, Jhoan",7/23/2024,745878,27,100,2024
27,622065,"Young, Alex",8/6/2024,746519,27,100,2024
27,628452,"Iglesias, Raisel",4/24/2024,747132,27,100,2024
27,663158,"Suarez, Robert",9/20/2024,745364,27,100,2024
27,592094,"Adam, Jason",6/16/2024,747109,27,100,2024
27,676684,"Vest, Will",6/12/2024,746462,27,100,2024
27,657024,"Swanson, Erik",5/12/2024,744941,27,100,2024
27,643410,"Leiter Jr., Mark",7/31/2024,745543,27,100,2024
27,608032,"Estévez, Carlos",9/9/2024,745534,27,100,2024
27,656848,"Petersen, Michael",9/4/2024,746178,27,100,2024
27,681676,"Fernandez, Ryan",8/18/2024,745139,27,100,2024
27,547973,"Chapman, Aroldis",7/3/2024,745487,27,100,2024
27,661403,"Clase, Emmanuel",4/6/2024,745926,27,100,2024
27,687765,"Spence, Mitch",3/29/2024,745682,56,48.2,2024
27,681869,"Dubin, Shawn",5/11/2024,746480,27,100,2024
27,445276,"Jansen, Kenley",7/14/2024,746932,27,100,2024
27,518886,"Kimbrel, Craig",8/23/2024,746995,27,100,2024
27,543339,"Hudson, Daniel",4/23/2024,744863,27,100,2024
27,664854,"Helsley, Ryan",3/30/2024,746168,27,100,2024
27,502624,"Anderson, Chase",4/1/2024,745675,40,67.5,2024
27,686539,"Cronin, Declan",5/20/2024,746066,27,100,2024
27,607179,"Weems, Jordan",7/9/2024,745803,39,69.2,2024
27,682847,"Ortiz, Luis L.",6/1/2024,744932,36,75,2024
27,458677,"Wilson, Justin",6/24/2024,746696,27,100,2024
27,592351,"Gray, Jon",8/20/2024,744978,27,100,2024
27,641729,"Jiménez, Joe",4/29/2024,745263,27,100,2024
27,683409,"Chivilli, Angel",9/24/2024,746504,27,100,2024
27,593576,"Neris, Héctor",4/25/2024,746887,27,100,2024
27,519151,"Pressly, Ryan",4/17/2024,746401,27,100,2024
27,678061,"Kerr, Ray",6/15/2024,747113,27,100,2024
27,670174,"Winckowski, Josh",3/29/2024,745276,41,65.9,2024
27,677020,"Walker, Josh",5/29/2024,745817,27,100,2024
27,641755,"Kinley, Tyler",6/18/2024,746542,27,100,2024
27,663485,"Sands, Cole",6/16/2024,745895,27,100,2024
27,519293,"Smith, Will",8/25/2024,746263,27,100,2024
27,643338,"Green, Chad",7/6/2024,745235,27,100,2024
27,658648,"Avila, Pedro",8/24/2024,746599,27,100,2024
27,663432,"Rainey, Tanner",4/5/2024,744874,27,100,2024
27,676534,"Faucher, Calvin",7/27/2024,745966,27,100,2024
27,681869,"Dubin, Shawn",8/4/2024,746356,27,100,2024
27,489446,"Yates, Kirby",5/5/2024,746314,27,100,2024
27,666720,"Rodríguez, Yerry",3/31/2024,745035,34,79.4,2024
27,663992,"Lovelady, Richard",5/25/2024,745086,27,100,2024
27,656945,"Scott, Tanner",4/1/2024,746085,27,100,2024
27,666745,"Brito, Jhony",6/23/2024,745396,27,100,2024
27,672582,"Zerpa, Angel",7/4/2024,746285,40,67.5,2024
27,664854,"Helsley, Ryan",9/3/2024,745944,27,100,2024
27,695243,"Miller, Mason",5/28/2024,745091,27,100,2024
27,606149,"Gallegos, Giovanny",3/30/2024,746168,27,100,2024
27,670280,"Bednar, David",4/6/2024,745522,27,100,2024
27,680767,"Vodnik, Victor",6/14/2024,746545,28,96.4,2024
27,666808,"Doval, Camilo",9/20/2024,746256,27,100,2024
27,672578,"Hernández, Carlos",5/28/2024,745903,27,100,2024
27,681892,"Funderburk, Kody",5/5/2024,745913,42,64.3,2024
27,642546,"Hernández, Jonathan",7/2/2024,744999,27,100,2024
27,664854,"Helsley, Ryan",7/5/2024,744836,27,100,2024
27,593334,"Germán, Domingo",8/30/2024,746593,54,50,2024
27,686796,"Walston, Blake",9/17/2024,746503,46,58.7,2024
27,676092,"Snider, Collin",7/31/2024,746925,27,100,2024
27,680739,"Winder, Josh",8/13/2024,745867,27,100,2024
27,681799,"Roberts, Ethan",9/3/2024,746834,27,100,2024
27,642629,"Ramirez, Emmanuel",8/8/2024,746030,27,100,2024
27,605130,"Barlow, Scott",4/9/2024,746653,27,100,2024
27,571656,"Farmer, Buck",6/11/2024,746702,27,100,2024
27,502085,"Robertson, David",8/5/2024,744982,27,100,2024
27,643511,"Rogers, Tyler",4/9/2024,745357,27,100,2024
27,656550,"Holmes, Grant",9/7/2024,747076,27,100,2024
27,670167,"Schreiber, John",5/7/2024,746315,27,100,2024
27,608032,"Estévez, Carlos",8/16/2024,745542,27,100,2024
27,681982,"Anderson, Grant",9/3/2024,744968,27,100,2024
27,667297,"Nance, Tommy",9/9/2024,744888,27,100,2024
27,678906,"Teng, Kai-Wei",4/19/2024,745352,36,75,2024
27,608334,"Fulmer, Carson",4/16/2024,745108,27,100,2024
27,543339,"Hudson, Daniel",5/3/2024,746152,27,100,2024
26,673513,"Matsui, Yuki",6/9/2024,745407,26,100,2024
26,669711,"Weissert, Greg",6/15/2024,746946,26,100,2024
26,667755,"Soriano, José",4/5/2024,746249,43,60.5,2024
26,676092,"Snider, Collin",7/7/2024,745233,26,100,2024
26,662253,"Muñoz, Andrés",4/5/2024,746007,26,100,2024
26,656464,"Ginkel, Kevin",4/15/2024,747213,26,100,2024
26,489446,"Yates, Kirby",6/13/2024,746136,26,100,2024
26,657508,"Baumann, Mike",4/13/2024,747054,26,100,2024
26,445276,"Jansen, Kenley",4/2/2024,745680,26,100,2024
26,622253,"Tate, Dillon",3/28/2024,747060,26,100,2024
26,606149,"Gallegos, Giovanny",6/26/2024,745157,26,100,2024
26,663704,"McArthur, James",5/25/2024,745086,26,100,2024
26,621381,"Strahm, Matt",5/27/2024,745338,26,100,2024
26,519151,"Pressly, Ryan",4/9/2024,746326,26,100,2024
26,623352,"Hader, Josh",6/16/2024,746377,26,100,2024
26,669952,"White, Mitch",4/24/2024,745346,26,100,2024
26,695243,"Miller, Mason",5/23/2024,745660,26,100,2024
26,675989,"Bolton, Cody",6/25/2024,745076,37,70.3,2024
26,676130,"Buttó, José",8/25/2024,745376,38,68.4,2024
26,641745,"Keller, Brad",6/1/2024,746952,26,100,2024
26,598264,"Barnes, Matt",4/5/2024,744874,26,100,2024
26,694738,"Roupp, Landen",4/30/2024,746968,45,57.8,2024
26,663773,"Hoeing, Bryan",4/2/2024,746086,59,44.1,2024
26,676714,"Hughes, Brandon",6/28/2024,747183,26,100,2024
26,694350,"Brzykcy, Zach",9/1/2024,744806,26,100,2024
26,542882,"Andriese, Matt",4/12/2024,746084,26,100,2024
26,660825,"Bazardo, Eduard",6/29/2024,745239,26,100,2024
26,605280,"Holmes, Clay",7/27/2024,746931,26,100,2024
26,642834,"Bermúdez, Jonathan",9/8/2024,746017,26,100,2024
26,676962,"Brown, Ben",5/19/2024,746880,42,61.9,2024
26,670059,"Holderman, Colin",7/11/2024,745967,26,100,2024
26,669461,"Liberatore, Matthew",9/13/2024,744882,43,60.5,2024
26,677161,"Kelly, Zack",7/22/2024,746526,26,100,2024
26,681870,"Sabrowski, Erik",9/27/2024,746580,26,100,2024
26,658648,"Avila, Pedro",6/8/2024,746057,43,60.5,2024
26,666974,"Cano, Yennier",6/7/2024,745083,26,100,2024
26,669674,"Long, Sam",9/28/2024,747066,26,100,2024
26,600986,"Vieira, Thyago",5/27/2024,747034,26,100,2024
26,571946,"Miller, Shelby",8/4/2024,746439,26,100,2024
26,683769,"Gaddis, Hunter",5/8/2024,746640,26,100,2024
26,663878,"Pearson, Nate",4/21/2024,745434,32,81.3,2024
26,670280,"Bednar, David",8/16/2024,745462,26,100,2024
26,663568,"Kolek, Stephen",5/4/2024,747209,26,100,2024
26,672578,"Hernández, Carlos",5/29/2024,745900,26,100,2024
26,669674,"Long, Sam",6/30/2024,746290,26,100,2024
26,663704,"McArthur, James",7/24/2024,746279,26,100,2024
26,670766,"McCaughan, Darren",8/8/2024,746030,26,100,2024
26,605452,"Ross, Joe",8/30/2024,746665,26,100,2024
26,663158,"Suarez, Robert",9/5/2024,745369,26,100,2024
26,641343,"Bauers, Jake",4/28/2024,746001,26,100,2024
26,673513,"Matsui, Yuki",9/7/2024,745372,26,100,2024
26,656464,"Ginkel, Kevin",5/18/2024,747202,26,100,2024
26,664854,"Helsley, Ryan",6/24/2024,745160,26,100,2024
26,656412,"Faedo, Alex",7/10/2024,746453,26,100,2024
26,650556,"Abreu, Bryan",7/9/2024,746368,26,100,2024
26,607179,"Weems, Jordan",4/20/2024,744865,26,100,2024
26,657024,"Swanson, Erik",7/31/2024,747003,26,100,2024
26,664076,"Cleavinger, Garrett",4/16/2024,745108,26,100,2024
26,669387,"Mlodzinski, Carmen",5/17/2024,746878,48,54.2,2024
26,668674,"Erceg, Lucas",9/11/2024,745697,26,100,2024
26,657044,"Thompson, Ryan",6/9/2024,745407,26,100,2024
26,628317,"Maeda, Kenta",9/8/2024,745616,26,100,2024
26,681676,"Fernandez, Ryan",8/23/2024,745870,26,100,2024
26,677161,"Kelly, Zack",4/26/2024,746972,26,100,2024
26,621381,"Strahm, Matt",9/1/2024,745536,26,100,2024
26,656629,"Kopech, Michael",4/26/2024,746808,26,100,2024
26,640448,"Finnegan, Kyle",9/4/2024,746019,26,100,2024
26,493603,"Ottavino, Adam",5/22/2024,746634,26,100,2024
26,605130,"Barlow, Scott",5/14/2024,745014,26,100,2024
26,623149,"Sewald, Paul",5/11/2024,747041,26,100,2024
26,623474,"Herget, Jimmy",5/30/2024,747114,26,100,2024
26,656945,"Scott, Tanner",4/14/2024,746079,26,100,2024
26,681869,"Dubin, Shawn",5/16/2024,746391,39,66.7,2024
26,694973,"Skenes, Paul",7/23/2024,745475,104,25,2024
26,552640,"Kittredge, Andrew",5/17/2024,745178,26,100,2024
26,682847,"Ortiz, Luis L.",5/24/2024,745501,26,100,2024
26,657697,"Nittoli, Vinny",6/8/2024,745652,26,100,2024
26,607259,"Martinez, Nick",6/28/2024,745161,39,66.7,2024
26,541640,"Ramírez, Erasmo",4/26/2024,746808,43,60.5,2024
26,669093,"Estrada, Jeremiah",3/20/2024,745444,26,100,2024
26,641656,"Hamilton, Ian",5/8/2024,745749,26,100,2024
26,663568,"Kolek, Stephen",4/15/2024,746002,26,100,2024
26,600986,"Vieira, Thyago",5/12/2024,745990,26,100,2024
26,683232,"Mears, Nick",6/10/2024,745897,29,89.7,2024
26,670174,"Winckowski, Josh",4/16/2024,746976,26,100,2024
26,656945,"Scott, Tanner",3/28/2024,746089,26,100,2024
26,571670,"Floro, Dylan",4/6/2024,744873,26,100,2024
26,554340,"García, Yimi",6/2/2024,744929,26,100,2024
26,664776,"Cousins, Jake",9/11/2024,745697,26,100,2024
26,669276,"Lee, Dylan",4/27/2024,747131,26,100,2024
26,608723,"Voth, Austin",5/10/2024,745264,26,100,2024
26,681892,"Funderburk, Kody",7/5/2024,745884,26,100,2024
26,613534,"Adams, Austin",4/23/2024,745754,26,100,2024
26,666171,"Zeferjahn, Ryan",8/25/2024,744892,32,81.3,2024
26,681869,"Dubin, Shawn",8/20/2024,746349,26,100,2024
26,641729,"Jiménez, Joe",5/20/2024,747119,26,100,2024
26,669912,"Snead, Kirby",6/1/2024,745251,26,100,2024
26,608032,"Estévez, Carlos",4/29/2024,746236,26,100,2024
26,543859,"Tonkin, Michael",4/26/2024,746000,26,100,2024
26,682073,"Hensley, David",9/6/2024,746016,26,100,2024
26,592767,"Smyly, Drew",4/15/2024,747213,26,100,2024
26,681911,"Vesia, Alex",7/23/2024,746118,26,100,2024
26,656546,"Hoffman, Jeff",9/28/2024,744799,26,100,2024
26,621242,"Díaz, Edwin",9/29/2024,745932,26,100,2024
26,641755,"Kinley, Tyler",4/25/2024,746564,26,100,2024
26,687330,"Kelly, Kevin",7/22/2024,745717,26,100,2024
26,670059,"Holderman, Colin",7/28/2024,747173,26,100,2024
26,543294,"Hendricks, Kyle",6/2/2024,746871,45,57.8,2024
26,543859,"Tonkin, Michael",6/14/2024,746947,26,100,2024
26,663432,"Rainey, Tanner",4/16/2024,746157,26,100,2024
26,643410,"Leiter Jr., Mark",8/11/2024,745711,26,100,2024
26,666745,"Brito, Jhony",6/22/2024,745402,26,100,2024
26,657612,"Hill, Tim",5/25/2024,746794,26,100,2024
26,657508,"Baumann, Mike",6/2/2024,745252,26,100,2024
26,643377,"Jax, Griffin",5/10/2024,744940,26,100,2024
26,628452,"Iglesias, Raisel",9/1/2024,745536,26,100,2024
26,605463,"Scott, Tayler",7/27/2024,746362,26,100,2024
26,668943,"Miller, Ryan",9/19/2024,746341,26,100,2024
26,643338,"Green, Chad",9/1/2024,745861,26,100,2024
26,683068,"Penrod, Zach",9/14/2024,745689,26,100,2024
26,547973,"Chapman, Aroldis",5/26/2024,745498,26,100,2024
26,666214,"Wentz, Joey",9/5/2024,745451,26,100,2024
26,608718,"Suter, Brent",9/4/2024,746666,45,57.8,2024
26,657649,"Koenig, Jared",4/26/2024,746000,26,100,2024
26,656222,"Beeks, Jalen",5/19/2024,745336,26,100,2024
26,669062,"Miller, Erik",7/9/2024,745316,26,100,2024
26,671305,"Otañez, Michel",8/17/2024,745626,26,100,2024
26,623352,"Hader, Josh",8/5/2024,744982,26,100,2024
26,519008,"McFarland, T.J.",7/6/2024,745642,26,100,2024
26,667463,"King, John",4/7/2024,745198,26,100,2024
26,676130,"Buttó, José",7/2/2024,744838,26,100,2024
26,622251,"Staumont, Josh",5/9/2024,745910,26,100,2024
26,664079,"Jay, Tyler",7/27/2024,745966,26,100,2024
26,571656,"Farmer, Buck",7/9/2024,746690,26,100,2024
26,689017,"Knack, Landon",8/13/2024,745954,64,40.6,2024
26,493603,"Ottavino, Adam",6/21/2024,746861,44,59.1,2024
25,612434,"Castro, Miguel",4/16/2024,747214,28,89.3,2024
25,543859,"Tonkin, Michael",4/1/2024,745842,25,100,2024
25,661527,"Martinez, Seth",9/21/2024,746338,25,100,2024
25,667463,"King, John",7/22/2024,745473,25,100,2024
25,606930,"Barnes, Jacob",7/10/2024,745796,25,100,2024
25,675627,"Grove, Michael",4/17/2024,746159,36,69.4,2024
25,656546,"Hoffman, Jeff",4/8/2024,745194,25,100,2024
25,606930,"Barnes, Jacob",8/9/2024,744818,32,78.1,2024
25,661395,"Duran, Jhoan",8/25/2024,745863,25,100,2024
25,621242,"Díaz, Edwin",7/12/2024,745800,25,100,2024
25,669438,"Englert, Mason",6/24/2024,746458,25,100,2024
25,605463,"Scott, Tayler",4/27/2024,746560,25,100,2024
25,571656,"Farmer, Buck",4/25/2024,746724,25,100,2024
25,672391,"Ort, Kaleb",7/10/2024,746366,25,100,2024
25,680736,"Wrobleski, Justin",9/28/2024,746499,49,51,2024
25,623465,"Phillips, Evan",4/27/2024,744946,25,100,2024
25,666808,"Doval, Camilo",5/21/2024,745503,25,100,2024
25,605347,"López, Jorge",5/11/2024,745828,25,100,2024
25,670280,"Bednar, David",9/7/2024,745455,25,100,2024
25,669952,"White, Mitch",5/15/2024,745992,25,100,2024
25,621242,"Díaz, Edwin",5/16/2024,745580,25,100,2024
25,671345,"Foley, Jason",4/4/2024,745844,25,100,2024
25,676254,"Walker, Ryan",8/23/2024,745217,25,100,2024
25,664849,"Young, Danny",6/29/2024,745801,25,100,2024
25,543859,"Tonkin, Michael",8/28/2024,745866,25,100,2024
25,657697,"Nittoli, Vinny",7/13/2024,747013,25,100,2024
25,621053,"Ferguson, Tyler",7/20/2024,745638,25,100,2024
25,600917,"Leclerc, José",9/25/2024,745607,25,100,2024
25,656271,"Burke, Brock",8/7/2024,744981,25,100,2024
25,664747,"Díaz, Alexis",5/17/2024,746148,25,100,2024
25,663546,"Hjelle, Sean",5/31/2024,745331,25,100,2024
25,669111,"McMillon, John",8/19/2024,746027,25,100,2024
25,519293,"Smith, Will",3/30/2024,746333,25,100,2024
25,681799,"Roberts, Ethan",6/30/2024,745971,25,100,2024
25,667755,"Soriano, José",6/12/2024,747193,97,25.8,2024
25,502085,"Robertson, David",9/13/2024,745207,25,100,2024
25,543339,"Hudson, Daniel",7/12/2024,746450,25,100,2024
25,605155,"Brewer, Colten",6/25/2024,745322,25,100,2024
25,573204,"Thielbar, Caleb",7/28/2024,746445,25,100,2024
25,606930,"Barnes, Jacob",7/8/2024,744833,25,100,2024
25,445276,"Jansen, Kenley",9/18/2024,745040,25,100,2024
25,664875,"Lawrence, Justin",4/6/2024,746575,25,100,2024
25,663158,"Suarez, Robert",7/13/2024,745392,25,100,2024
25,622098,"Smith, Drew",3/31/2024,745845,25,100,2024
25,657508,"Baumann, Mike",4/16/2024,747051,25,100,2024
25,656222,"Beeks, Jalen",6/30/2024,746779,25,100,2024
25,664854,"Helsley, Ryan",8/6/2024,745141,25,100,2024
25,700270,"Díaz, Yilber",9/24/2024,747149,43,58.1,2024
25,605130,"Barlow, Scott",3/29/2024,745682,25,100,2024
25,622088,"Antone, Tejay",4/1/2024,745600,25,100,2024
25,592288,"Emanuel, Kent",4/3/2024,746083,58,43.1,2024
25,682842,"Uribe, Abner",5/1/2024,745996,25,100,2024
25,596133,"Weaver, Luke",9/6/2024,746832,25,100,2024
25,445276,"Jansen, Kenley",7/20/2024,746121,25,100,2024
25,519151,"Pressly, Ryan",7/29/2024,746360,25,100,2024
25,606160,"Montero, Rafael",6/21/2024,746375,25,100,2024
25,656887,"Reid-Foley, Sean",5/25/2024,745823,25,100,2024
25,676879,"Ashby, Aaron",8/29/2024,745945,25,100,2024
25,642701,"Santana, Dennis",7/2/2024,745482,25,100,2024
25,640462,"Puk, A.J.",9/13/2024,747153,25,100,2024
25,608334,"Fulmer, Carson",5/18/2024,745013,25,100,2024
25,695243,"Miller, Mason",8/28/2024,746672,25,100,2024
25,596133,"Weaver, Luke",9/11/2024,745697,25,100,2024
25,656232,"Bielak, Brandon",4/27/2024,746560,25,100,2024
25,661403,"Clase, Emmanuel",6/23/2024,746621,25,100,2024
25,677976,"Dobnak, Randy",8/4/2024,745879,25,100,2024
25,656234,"Bird, Jake",5/3/2024,745510,25,100,2024
25,621016,"Cuas, Jose",4/10/2024,745429,25,100,2024
25,656232,"Bielak, Brandon",9/8/2024,745616,25,100,2024
25,680767,"Vodnik, Victor",9/13/2024,746509,25,100,2024
25,663773,"Hoeing, Bryan",4/15/2024,746080,25,100,2024
25,592426,"Jackson, Luke",9/16/2024,747067,25,100,2024
25,606303,"Payamps, Joel",5/13/2024,745991,25,100,2024
25,641755,"Kinley, Tyler",3/29/2024,747223,25,100,2024
25,657024,"Swanson, Erik",7/29/2024,747007,25,100,2024
25,669060,"Wilson, Bryse",8/12/2024,745953,25,100,2024
25,519151,"Pressly, Ryan",6/8/2024,746223,25,100,2024
25,595881,"Beede, Tyler",3/30/2024,745684,25,100,2024
25,605288,"Houser, Adrian",7/24/2024,745716,25,100,2024
25,489446,"Yates, Kirby",8/5/2024,744982,25,100,2024
25,663567,"Lambert, Peter",7/3/2024,746534,50,50,2024
25,677020,"Walker, Josh",6/1/2024,745812,51,49,2024
25,643338,"Green, Chad",4/9/2024,744957,25,100,2024
25,672710,"Contreras, Roansy",6/7/2024,746220,25,100,2024
25,628452,"Iglesias, Raisel",5/11/2024,745828,25,100,2024
25,660853,"De Los Santos, Enyel",9/18/2024,746172,25,100,2024
25,624431,"Trevino, Jose",6/20/2024,745734,25,100,2024
25,643377,"Jax, Griffin",6/28/2024,745238,25,100,2024
25,676684,"Vest, Will",9/4/2024,745370,25,100,2024
25,605280,"Holmes, Clay",9/3/2024,744968,25,100,2024
25,674285,"Salazar, Eduardo",5/15/2024,745341,45,55.6,2024
25,621051,"Wilson, Steven",4/23/2024,745917,25,100,2024
25,687014,"Avila, Nick",4/13/2024,745110,25,100,2024
25,571948,"Milner, Hoby",5/17/2024,746388,25,100,2024
25,663947,"Holton, Tyler",5/11/2024,746480,25,100,2024
25,642207,"Williams, Devin",8/30/2024,746730,25,100,2024
25,686826,"Jarvis, Bryce",5/18/2024,747202,25,100,2024
25,656629,"Kopech, Michael",7/25/2024,744984,25,100,2024
25,489446,"Yates, Kirby",8/12/2024,746921,25,100,2024
25,670950,"Richards, Trevor",8/12/2024,745874,25,100,2024
25,670174,"Winckowski, Josh",4/15/2024,746974,25,100,2024
25,641703,"Honeywell, Brent",9/16/2024,747067,25,100,2024
25,641755,"Kinley, Tyler",4/27/2024,746560,25,100,2024
25,664076,"Cleavinger, Garrett",3/28/2024,745116,25,100,2024
25,663704,"McArthur, James",4/9/2024,746326,25,100,2024
25,670950,"Richards, Trevor",4/9/2024,744957,28,89.3,2024
25,663423,"Thornton, Trent",8/6/2024,745221,25,100,2024
25,502085,"Robertson, David",5/18/2024,745013,25,100,2024
25,642232,"Yarbrough, Ryan",5/29/2024,745817,25,100,2024
25,663432,"Rainey, Tanner",9/10/2024,744807,25,100,2024
25,641755,"Kinley, Tyler",9/12/2024,746427,25,100,2024
25,519326,"Strickland, Hunter",4/17/2024,745105,25,100,2024
25,607481,"Bummer, Aaron",4/16/2024,746400,25,100,2024
25,543859,"Tonkin, Michael",9/24/2024,745851,25,100,2024
25,502085,"Robertson, David",8/21/2024,744973,25,100,2024
25,695243,"Miller, Mason",9/24/2024,745605,25,100,2024
25,623465,"Phillips, Evan",9/10/2024,746097,25,100,2024
25,650893,"Cabrera, Génesis",5/22/2024,744933,25,100,2024
25,573204,"Thielbar, Caleb",8/7/2024,746842,25,100,2024
25,670241,"Vines, Darius",7/29/2024,745959,25,100,2024
25,664747,"Díaz, Alexis",4/6/2024,746731,25,100,2024
25,670280,"Bednar, David",8/8/2024,745466,25,100,2024
25,693312,"Nicolas, Kyle",5/3/2024,745510,25,100,2024
25,657585,"Garrett, Reed",9/28/2024,745931,25,100,2024
25,664208,"Maton, Phil",9/18/2024,745771,25,100,2024
25,605130,"Barlow, Scott",8/14/2024,746598,25,100,2024
25,552640,"Kittredge, Andrew",6/17/2024,746055,25,100,2024
25,668674,"Erceg, Lucas",8/10/2024,746269,25,100,2024
25,656629,"Kopech, Michael",7/5/2024,746046,25,100,2024
25,663362,"Waldron, Matt",9/29/2024,747147,94,26.6,2024
25,681982,"Anderson, Grant",6/4/2024,745010,25,100,2024
25,614179,"Ruiz, José",9/29/2024,744798,25,100,2024
25,664747,"Díaz, Alexis",7/12/2024,746685,25,100,2024
25,600917,"Leclerc, José",3/28/2024,745039,25,100,2024
25,682842,"Uribe, Abner",4/5/2024,746007,25,100,2024
25,672456,"Montero, Keider",6/26/2024,746456,94,26.6,2024
25,670950,"Richards, Trevor",7/12/2024,747175,25,100,2024
25,669194,"Nelson, Ryne",9/29/2024,747147,37,67.6,2024
25,664076,"Cleavinger, Garrett",8/14/2024,745053,25,100,2024
25,642629,"Ramirez, Emmanuel",6/4/2024,746060,25,100,2024
25,673929,"Leasure, Jordan",6/4/2024,746872,25,100,2024
25,622694,"Hernández, Elieser",6/14/2024,745979,32,78.1,2024
25,640470,"Alzolay, Adbert",4/16/2024,747214,25,100,2024
25,689147,"Kerkering, Orion",5/8/2024,745584,25,100,2024
25,596117,"Stubbs, Garrett",7/14/2024,745551,25,100,2024
25,605155,"Brewer, Colten",6/14/2024,746869,25,100,2024
25,666205,"Muller, Kyle",4/19/2024,746650,38,65.8,2024
25,621053,"Ferguson, Tyler",8/31/2024,744971,25,100,2024
25,670174,"Winckowski, Josh",9/22/2024,746906,25,100,2024
25,592094,"Adam, Jason",6/26/2024,745073,25,100,2024
25,681517,"Leahy, Kyle",7/20/2024,747096,25,100,2024
25,641729,"Jiménez, Joe",4/27/2024,747131,25,100,2024
25,656794,"Newcomb, Sean",6/22/2024,745644,25,100,2024
25,489446,"Yates, Kirby",8/15/2024,744980,25,100,2024
25,445276,"Jansen, Kenley",4/14/2024,746975,25,100,2024
25,657024,"Swanson, Erik",8/13/2024,746187,25,100,2024
25,623474,"Herget, Jimmy",5/27/2024,747118,25,100,2024
25,664875,"Lawrence, Justin",4/10/2024,746573,25,100,2024
25,669622,"Bender, Anthony",9/29/2024,744880,25,100,2024
25,623352,"Hader, Josh",3/31/2024,746413,25,100,2024
25,650556,"Abreu, Bryan",8/23/2024,746995,25,100,2024
25,605447,"Romano, Jordan",5/4/2024,744862,25,100,2024
25,572955,"Johnson, Pierce",5/29/2024,747117,25,100,2024
25,670950,"Richards, Trevor",7/9/2024,745316,25,100,2024
24,663432,"Rainey, Tanner",4/27/2024,746075,24,100,2024
24,489446,"Yates, Kirby",4/17/2024,746487,24,100,2024
24,674285,"Salazar, Eduardo",7/27/2024,745150,24,100,2024
24,570632,"Ureña, José",4/11/2024,745029,24,100,2024
24,605280,"Holmes, Clay",6/9/2024,745736,24,100,2024
24,608032,"Estévez, Carlos",8/6/2024,746120,24,100,2024
24,666720,"Rodríguez, Yerry",5/18/2024,745013,24,100,2024
24,547973,"Chapman, Aroldis",6/29/2024,747104,24,100,2024
24,687377,"Ribalta, Orlando",9/1/2024,744806,24,100,2024
24,656945,"Scott, Tanner",9/21/2024,745360,24,100,2024
24,663738,"Lynch IV, Daniel",8/26/2024,746596,34,70.6,2024
24,592155,"Booser, Cam",4/23/2024,746647,24,100,2024
24,489446,"Yates, Kirby",8/31/2024,744971,24,100,2024
24,571656,"Farmer, Buck",5/3/2024,746721,24,100,2024
24,687014,"Avila, Nick",4/6/2024,745359,24,100,2024
24,528748,"Castellanos, Humberto",7/9/2024,747180,24,100,2024
24,493603,"Ottavino, Adam",5/7/2024,745186,24,100,2024
24,502085,"Robertson, David",6/18/2024,745004,30,80,2024
24,542888,"Armstrong, Shawn",7/20/2024,745720,24,100,2024
24,621381,"Strahm, Matt",9/17/2024,745935,24,100,2024
24,676534,"Faucher, Calvin",5/10/2024,746071,24,100,2024
24,689147,"Kerkering, Orion",5/18/2024,745581,24,100,2024
24,605177,"Chafin, Andrew",8/2/2024,744986,24,100,2024
24,667297,"Nance, Tommy",8/11/2024,744895,24,100,2024
24,472610,"García, Luis",5/15/2024,746231,24,100,2024
24,672552,"O'Loughlin, Jack",7/6/2024,745642,62,38.7,2024
24,608717,"Stratton, Chris",8/28/2024,746589,24,100,2024
24,621237,"Alvarado, José",5/1/2024,746238,24,100,2024
24,672582,"Zerpa, Angel",3/28/2024,746335,24,100,2024
24,640451,"Harvey, Hunter",6/24/2024,745397,24,100,2024
24,593576,"Neris, Héctor",4/29/2024,745832,24,100,2024
24,687863,"Hodge, Porter",7/13/2024,745175,27,88.9,2024
24,518886,"Kimbrel, Craig",4/26/2024,747050,24,100,2024
24,656222,"Beeks, Jalen",6/5/2024,746544,24,100,2024
24,656945,"Scott, Tanner",9/16/2024,745367,24,100,2024
24,592332,"Gausman, Kevin",6/8/2024,745652,109,22,2024
24,669391,"White, Owen",9/11/2024,747154,37,64.9,2024
24,671305,"Otañez, Michel",9/2/2024,745619,24,100,2024
24,647336,"Soroka, Michael",6/9/2024,746787,24,100,2024
24,592767,"Smyly, Drew",7/4/2024,746857,24,100,2024
24,668970,"Hollowell, Gavin",9/23/2024,745527,29,82.8,2024
24,683627,"Molina, Anthony",4/14/2024,744952,24,100,2024
24,622554,"Domínguez, Seranthony",8/30/2024,746511,24,100,2024
24,657612,"Hill, Tim",4/12/2024,746812,24,100,2024
24,670280,"Bednar, David",8/23/2024,745460,24,100,2024
24,592094,"Adam, Jason",9/21/2024,745360,24,100,2024
24,623149,"Sewald, Paul",7/31/2024,747170,24,100,2024
24,606303,"Payamps, Joel",8/21/2024,745138,24,100,2024
24,664854,"Helsley, Ryan",4/27/2024,745833,24,100,2024
24,676534,"Faucher, Calvin",8/29/2024,746514,24,100,2024
24,605452,"Ross, Joe",9/24/2024,745441,24,100,2024
24,681676,"Fernandez, Ryan",9/13/2024,744882,24,100,2024
24,660853,"De Los Santos, Enyel",8/23/2024,746758,24,100,2024
24,519008,"McFarland, T.J.",7/23/2024,745632,24,100,2024
24,596133,"Weaver, Luke",6/13/2024,746299,24,100,2024
24,656638,"Lange, Alex",5/1/2024,746478,24,100,2024
24,656464,"Ginkel, Kevin",5/13/2024,747204,24,100,2024
24,605513,"Turnbull, Spencer",5/19/2024,745577,24,100,2024
24,669062,"Miller, Erik",8/17/2024,745626,24,100,2024
24,605288,"Houser, Adrian",5/26/2024,745824,44,54.5,2024
24,543238,"Gose, Anthony",9/8/2024,746098,24,100,2024
24,695243,"Miller, Mason",7/2/2024,745647,24,100,2024
24,592454,"Kahnle, Tommy",7/22/2024,745717,24,100,2024
24,641656,"Hamilton, Ian",4/19/2024,745758,24,100,2024
24,624522,"Thompson, Keegan",9/15/2024,746506,24,100,2024
24,665625,"Peguero, Elvis",9/3/2024,745944,24,100,2024
24,605513,"Turnbull, Spencer",5/25/2024,746556,24,100,2024
24,571656,"Farmer, Buck",9/11/2024,745127,24,100,2024
24,669211,"Akin, Keegan",9/28/2024,745849,24,100,2024
24,670280,"Bednar, David",9/14/2024,745448,24,100,2024
24,672710,"Contreras, Roansy",7/25/2024,746199,24,100,2024
24,642207,"Williams, Devin",7/28/2024,745961,24,100,2024
24,689225,"Brieske, Beau",7/2/2024,745886,26,92.3,2024
24,621242,"Díaz, Edwin",5/2/2024,745830,24,100,2024
24,623352,"Hader, Josh",9/8/2024,746345,24,100,2024
24,547973,"Chapman, Aroldis",6/22/2024,745486,24,100,2024
24,677161,"Kelly, Zack",7/13/2024,746930,24,100,2024
24,679525,"Marsh, Alec",7/19/2024,746284,24,100,2024
24,605280,"Holmes, Clay",7/30/2024,745546,24,100,2024
24,608032,"Estévez, Carlos",5/18/2024,745013,24,100,2024
24,669461,"Liberatore, Matthew",8/21/2024,745138,24,100,2024
24,670059,"Holderman, Colin",6/23/2024,745485,24,100,2024
24,686826,"Jarvis, Bryce",7/30/2024,747167,24,100,2024
24,663542,"Hudson, Bryan",7/2/2024,746537,36,66.7,2024
24,664747,"Díaz, Alexis",7/14/2024,746686,24,100,2024
24,493603,"Ottavino, Adam",3/30/2024,745850,24,100,2024
24,605154,"Brebbia, John",5/27/2024,746788,24,100,2024
24,679885,"Martinez, Justin",4/17/2024,747212,24,100,2024
24,663878,"Pearson, Nate",6/4/2024,744931,24,100,2024
24,656550,"Holmes, Grant",9/9/2024,747090,24,100,2024
24,593576,"Neris, Héctor",6/17/2024,746868,24,100,2024
24,671345,"Foley, Jason",7/5/2024,746693,24,100,2024
24,640451,"Harvey, Hunter",6/6/2024,744844,24,100,2024
24,605154,"Brebbia, John",7/14/2024,746769,24,100,2024
24,621237,"Alvarado, José",7/5/2024,747097,24,100,2024
24,518886,"Kimbrel, Craig",7/20/2024,744994,24,100,2024
24,547973,"Chapman, Aroldis",4/25/2024,745512,24,100,2024
24,622786,"Tinoco, Jesus",9/17/2024,746015,24,100,2024
24,685801,"Bigge, Hunter",7/12/2024,745153,24,100,2024
24,502624,"Anderson, Chase",7/11/2024,746935,39,61.5,2024
24,669724,"Hanifee, Brenan",8/1/2024,746442,24,100,2024
24,666277,"Soriano, George",9/3/2024,746020,24,100,2024
24,570632,"Ureña, José",9/6/2024,744967,75,32,2024
24,668943,"Miller, Ryan",9/8/2024,744965,30,80,2024
24,656629,"Kopech, Michael",3/28/2024,746821,24,100,2024
24,592779,"Stewart, Brock",4/9/2024,745924,24,100,2024
24,669713,"Wesneski, Hayden",9/24/2024,745526,30,80,2024
24,605155,"Brewer, Colten",5/3/2024,746890,24,100,2024
24,656887,"Reid-Foley, Sean",5/14/2024,745821,24,100,2024
24,656848,"Petersen, Michael",7/12/2024,746450,24,100,2024
24,656629,"Kopech, Michael",4/9/2024,746653,24,100,2024
24,676969,"de Geus, Brett",4/8/2024,744956,24,100,2024
24,663568,"Kolek, Stephen",5/31/2024,746303,24,100,2024
24,685116,"Kitchen, Austin",7/30/2024,745060,52,46.2,2024
24,657612,"Hill, Tim",5/23/2024,746792,24,100,2024
24,666808,"Doval, Camilo",9/8/2024,745368,24,100,2024
24,677161,"Kelly, Zack",9/10/2024,746907,24,100,2024
24,666808,"Doval, Camilo",8/8/2024,744819,24,100,2024
24,650893,"Cabrera, Génesis",9/24/2024,744876,24,100,2024
24,669461,"Liberatore, Matthew",8/31/2024,745699,24,100,2024
24,682842,"Uribe, Abner",4/9/2024,746732,24,100,2024
24,666214,"Wentz, Joey",5/6/2024,746639,34,70.6,2024
24,656730,"Megill, Trevor",5/14/2024,745989,24,100,2024
24,661527,"Martinez, Seth",7/2/2024,744913,33,72.7,2024
24,664854,"Helsley, Ryan",8/1/2024,746849,24,100,2024
24,621053,"Ferguson, Tyler",8/2/2024,745631,24,100,2024
24,666974,"Cano, Yennier",5/13/2024,747040,24,100,2024
24,641401,"Brogdon, Connor",3/29/2024,745604,24,100,2024
24,670059,"Holderman, Colin",4/20/2024,745515,24,100,2024
24,643511,"Rogers, Tyler",7/19/2024,746531,24,100,2024
24,542888,"Armstrong, Shawn",5/5/2024,745103,35,68.6,2024
24,656786,"Mushinski, Parker",3/29/2024,746412,24,100,2024
24,640448,"Finnegan, Kyle",9/24/2024,744802,24,100,2024
24,663568,"Kolek, Stephen",6/15/2024,745805,24,100,2024
24,656876,"Rasmussen, Drew",8/13/2024,745055,24,100,2024
24,623149,"Sewald, Paul",7/28/2024,747173,24,100,2024
24,608371,"Sims, Lucas",7/13/2024,746687,24,100,2024
24,547973,"Chapman, Aroldis",8/23/2024,745460,24,100,2024
24,662253,"Muñoz, Andrés",9/18/2024,745199,24,100,2024
24,641729,"Jiménez, Joe",7/10/2024,747179,24,100,2024
24,608344,"Irvin, Cole",7/29/2024,747039,54,44.4,2024
24,623465,"Phillips, Evan",7/21/2024,746125,24,100,2024
24,687911,"King, Bryan",6/28/2024,745804,24,100,2024
24,489446,"Yates, Kirby",4/28/2024,745022,24,100,2024
24,690829,"Joyce, Ben",7/25/2024,746199,37,64.9,2024
24,687798,"Robertson, Nick",4/23/2024,745193,24,100,2024
24,687863,"Hodge, Porter",8/3/2024,746846,24,100,2024
24,547973,"Chapman, Aroldis",5/31/2024,744928,24,100,2024
24,621237,"Alvarado, José",8/8/2024,747169,24,100,2024
24,687330,"Kelly, Kevin",4/15/2024,745106,24,100,2024
24,543056,"Coulombe, Danny",9/20/2024,746984,24,100,2024
24,542888,"Armstrong, Shawn",5/12/2024,745092,24,100,2024
24,656638,"Lange, Alex",5/20/2024,746307,24,100,2024
24,656638,"Lange, Alex",5/12/2024,746476,27,88.9,2024
24,664747,"Díaz, Alexis",6/7/2024,746704,24,100,2024
24,571927,"Matz, Steven",9/20/2024,745123,45,53.3,2024
24,675989,"Bolton, Cody",5/19/2024,747035,24,100,2024
24,680767,"Vodnik, Victor",8/13/2024,747160,24,100,2024
24,642546,"Hernández, Jonathan",5/4/2024,746311,24,100,2024
24,660853,"De Los Santos, Enyel",5/25/2024,745411,24,100,2024
24,672851,"Adon, Joan",8/22/2024,744815,24,100,2024
24,676534,"Faucher, Calvin",6/28/2024,745560,24,100,2024
24,606930,"Barnes, Jacob",5/10/2024,746964,24,100,2024
24,663704,"McArthur, James",7/3/2024,746283,24,100,2024
24,676395,"Garcia, Robert",8/8/2024,744819,24,100,2024
24,621381,"Strahm, Matt",7/20/2024,745478,24,100,2024
24,641941,"Pagán, Emilio",9/10/2024,745126,24,100,2024
24,686826,"Jarvis, Bryce",5/4/2024,747209,35,68.6,2024
24,676092,"Snider, Collin",8/25/2024,745212,24,100,2024
24,592773,"Stanek, Ryne",6/7/2024,746302,24,100,2024
24,640451,"Harvey, Hunter",8/3/2024,746440,24,100,2024
24,623352,"Hader, Josh",5/29/2024,745250,24,100,2024
24,600917,"Leclerc, José",5/8/2024,745659,24,100,2024
24,663546,"Hjelle, Sean",7/13/2024,745311,24,100,2024
24,643511,"Rogers, Tyler",6/18/2024,746867,24,100,2024
24,608723,"Voth, Austin",3/28/2024,745283,24,100,2024
24,547973,"Chapman, Aroldis",6/14/2024,746545,24,100,2024
24,592773,"Stanek, Ryne",8/15/2024,745783,24,100,2024
24,666808,"Doval, Camilo",5/15/2024,745341,24,100,2024
24,676684,"Vest, Will",4/12/2024,746491,24,100,2024
24,669212,"Morgan, Eli",8/31/2024,746590,24,100,2024
24,675627,"Grove, Michael",4/2/2024,746169,32,75,2024
24,664849,"Young, Danny",9/20/2024,745770,24,100,2024
24,663158,"Suarez, Robert",3/21/2024,746175,24,100,2024
24,662253,"Muñoz, Andrés",4/10/2024,744950,24,100,2024
24,622075,"Almonte, Yency",4/16/2024,747214,24,100,2024
24,664747,"Díaz, Alexis",4/3/2024,745603,24,100,2024
24,669093,"Estrada, Jeremiah",8/30/2024,745052,36,66.7,2024
24,642397,"Soto, Gregory",7/4/2024,746857,24,100,2024
24,694363,"Shuster, Jared",7/12/2024,746774,24,100,2024
24,608331,"Fried, Max",9/27/2024,747065,98,24.5,2024
24,595897,"Burdi, Nick",4/5/2024,745764,24,100,2024
24,669854,"Blanco, Ronel",4/1/2024,746409,105,22.9,2024
24,640451,"Harvey, Hunter",7/1/2024,744840,24,100,2024
24,519043,"Moore, Matt",4/15/2024,745106,24,100,2024
24,669422,"Sauer, Matt",5/17/2024,746310,24,100,2024
24,676661,"Lazar, Max",8/11/2024,747166,24,100,2024
24,666204,"Jiménez, Dany",4/12/2024,745679,24,100,2024
24,660853,"De Los Santos, Enyel",6/29/2024,746940,24,100,2024
24,519151,"Pressly, Ryan",6/29/2024,745801,24,100,2024
23,676534,"Faucher, Calvin",4/16/2024,746081,28,82.1,2024
23,592773,"Stanek, Ryne",4/27/2024,745266,23,100,2024
23,664126,"Fairbanks, Pete",7/21/2024,745722,23,100,2024
23,605130,"Barlow, Scott",8/20/2024,745707,23,100,2024
23,668941,"Romero, JoJo",5/1/2024,746478,23,100,2024
23,642701,"Santana, Dennis",9/17/2024,745122,23,100,2024
23,628452,"Iglesias, Raisel",4/9/2024,747138,23,100,2024
23,669422,"Sauer, Matt",5/9/2024,746241,23,100,2024
23,518886,"Kimbrel, Craig",4/22/2024,746242,23,100,2024
23,642016,"Robert, Daniel",7/20/2024,744994,45,51.1,2024
23,472610,"García, Luis",6/2/2024,745252,23,100,2024
23,663432,"Rainey, Tanner",5/19/2024,745577,23,100,2024
23,608718,"Suter, Brent",4/10/2024,746728,23,100,2024
23,519043,"Moore, Matt",5/31/2024,745253,23,100,2024
23,664076,"Cleavinger, Garrett",4/3/2024,745114,23,100,2024
23,622554,"Domínguez, Seranthony",3/31/2024,745602,23,100,2024
23,666277,"Soriano, George",5/11/2024,746069,23,100,2024
23,596133,"Weaver, Luke",9/9/2024,745698,23,100,2024
23,593974,"Peralta, Wandy",4/25/2024,746564,23,100,2024
23,681517,"Leahy, Kyle",7/29/2024,745147,23,100,2024
23,663542,"Hudson, Bryan",4/26/2024,746000,23,100,2024
23,608371,"Sims, Lucas",8/19/2024,746351,23,100,2024
23,663567,"Lambert, Peter",7/27/2024,745307,23,100,2024
23,670059,"Holderman, Colin",7/7/2024,745477,23,100,2024
23,640448,"Finnegan, Kyle",5/14/2024,746796,23,100,2024
23,643511,"Rogers, Tyler",7/2/2024,747102,23,100,2024
23,502085,"Robertson, David",9/1/2024,744970,23,100,2024
23,681799,"Roberts, Ethan",8/26/2024,745458,26,88.5,2024
23,669391,"White, Owen",5/13/2024,745019,23,100,2024
23,605463,"Scott, Tayler",4/14/2024,746404,23,100,2024
23,593576,"Neris, Héctor",6/11/2024,745077,23,100,2024
23,686730,"Spiers, Carson",5/26/2024,746711,57,40.4,2024
23,689225,"Brieske, Beau",7/12/2024,746450,23,100,2024
23,669438,"Englert, Mason",5/23/2024,746474,23,100,2024
23,670059,"Holderman, Colin",8/7/2024,745469,23,100,2024
23,656629,"Kopech, Michael",5/14/2024,746799,23,100,2024
23,606149,"Gallegos, Giovanny",7/6/2024,744835,41,56.1,2024
23,657585,"Garrett, Reed",7/9/2024,745803,23,100,2024
23,605347,"López, Jorge",9/2/2024,746833,23,100,2024
23,664208,"Maton, Phil",9/29/2024,745932,23,100,2024
23,663423,"Thornton, Trent",7/22/2024,745232,23,100,2024
23,670955,"Uceta, Edwin",6/25/2024,745076,23,100,2024
23,572143,"Smith, Burch",6/12/2024,745811,25,92,2024
23,700187,"Taylor, Troy",9/29/2024,745201,23,100,2024
23,663704,"McArthur, James",4/1/2024,747058,23,100,2024
23,554340,"García, Yimi",8/4/2024,745222,23,100,2024
23,657585,"Garrett, Reed",5/2/2024,745830,23,100,2024
23,666808,"Doval, Camilo",5/12/2024,745345,23,100,2024
23,608032,"Estévez, Carlos",9/23/2024,745527,23,100,2024
23,678495,"Rodríguez, Randy",5/25/2024,745823,33,69.7,2024
23,547973,"Chapman, Aroldis",9/9/2024,745454,23,100,2024
23,676083,"Junk, Janson",5/5/2024,746883,38,60.5,2024
23,676702,"Stratton, Hunter",5/31/2024,744928,23,100,2024
23,671345,"Foley, Jason",8/17/2024,746434,23,100,2024
23,683232,"Mears, Nick",6/21/2024,746540,23,100,2024
23,641656,"Hamilton, Ian",4/6/2024,745766,23,100,2024
23,519151,"Pressly, Ryan",9/28/2024,746578,23,100,2024
23,656629,"Kopech, Michael",9/15/2024,747071,23,100,2024
23,689225,"Brieske, Beau",5/15/2024,746472,23,100,2024
23,686539,"Cronin, Declan",4/22/2024,747134,23,100,2024
23,664854,"Helsley, Ryan",6/11/2024,745170,23,100,2024
23,605280,"Holmes, Clay",5/1/2024,747048,23,100,2024
23,543859,"Tonkin, Michael",7/30/2024,745546,23,100,2024
23,664854,"Helsley, Ryan",6/20/2024,745164,23,100,2024
23,680767,"Vodnik, Victor",8/7/2024,746521,23,100,2024
23,573009,"Mantiply, Joe",8/23/2024,746920,23,100,2024
23,621237,"Alvarado, José",4/8/2024,745194,23,100,2024
23,650893,"Cabrera, Génesis",9/13/2024,744882,23,100,2024
23,621389,"Blach, Ty",7/7/2024,746530,23,100,2024
23,668968,"Crouse, Hans",8/10/2024,744820,23,100,2024
23,673929,"Leasure, Jordan",6/10/2024,745248,23,100,2024
23,664849,"Young, Danny",8/10/2024,745219,23,100,2024
23,643377,"Jax, Griffin",7/8/2024,746771,23,100,2024
23,607481,"Bummer, Aaron",9/5/2024,747073,27,85.2,2024
23,641755,"Kinley, Tyler",8/31/2024,746507,23,100,2024
23,643361,"Herget, Kevin",5/31/2024,745983,23,100,2024
23,502085,"Robertson, David",8/3/2024,744987,35,65.7,2024
23,493603,"Ottavino, Adam",4/24/2024,745346,26,88.5,2024
23,571882,"Law, Derek",8/10/2024,744820,23,100,2024
23,683769,"Gaddis, Hunter",8/25/2024,746595,23,100,2024
23,656786,"Mushinski, Parker",5/18/2024,746389,23,100,2024
23,592094,"Adam, Jason",9/10/2024,745210,28,82.1,2024
23,623149,"Sewald, Paul",7/8/2024,747181,23,100,2024
23,623465,"Phillips, Evan",4/13/2024,746161,23,100,2024
23,641755,"Kinley, Tyler",6/16/2024,746546,23,100,2024
23,657044,"Thompson, Ryan",9/3/2024,745293,23,100,2024
23,641703,"Honeywell, Brent",9/18/2024,746014,23,100,2024
23,681982,"Anderson, Grant",5/19/2024,745012,23,100,2024
23,571912,"Maile, Luke",8/30/2024,746665,23,100,2024
23,656887,"Reid-Foley, Sean",5/31/2024,745820,23,100,2024
23,658648,"Avila, Pedro",8/9/2024,745927,23,100,2024
23,685801,"Bigge, Hunter",9/14/2024,746584,23,100,2024
23,664208,"Maton, Phil",7/23/2024,745715,23,100,2024
23,608678,"Leone, Dominic",4/17/2024,746807,23,100,2024
23,596133,"Weaver, Luke",5/22/2024,745743,23,100,2024
23,669711,"Weissert, Greg",7/4/2024,746043,23,100,2024
23,519326,"Strickland, Hunter",9/24/2024,746743,23,100,2024
23,647336,"Soroka, Michael",5/18/2024,745744,82,28,2024
23,608723,"Voth, Austin",8/9/2024,745220,23,100,2024
23,642701,"Santana, Dennis",7/14/2024,746769,23,100,2024
23,656464,"Ginkel, Kevin",7/23/2024,746281,23,100,2024
23,571948,"Milner, Hoby",9/27/2024,745930,23,100,2024
23,656945,"Scott, Tanner",6/4/2024,746060,23,100,2024
23,656629,"Kopech, Michael",6/22/2024,746459,23,100,2024
23,489446,"Yates, Kirby",5/28/2024,745017,23,100,2024
23,656420,"Feyereisen, J.P.",3/21/2024,746175,23,100,2024
23,680767,"Vodnik, Victor",8/2/2024,745387,23,100,2024
23,643338,"Green, Chad",4/2/2024,746411,23,100,2024
23,676617,"O'Brien, Riley",8/30/2024,745700,23,100,2024
23,656786,"Mushinski, Parker",4/10/2024,746323,54,42.6,2024
23,608717,"Stratton, Chris",3/28/2024,746335,23,100,2024
23,671345,"Foley, Jason",8/3/2024,746440,23,100,2024
23,656794,"Newcomb, Sean",6/4/2024,745656,35,65.7,2024
23,606303,"Payamps, Joel",6/29/2024,745972,23,100,2024
23,674444,"Cruz, Steven",9/20/2024,746256,23,100,2024
23,664747,"Díaz, Alexis",7/7/2024,746691,23,100,2024
23,666171,"Zeferjahn, Ryan",8/30/2024,746184,23,100,2024
23,623465,"Phillips, Evan",4/6/2024,746896,23,100,2024
23,683232,"Mears, Nick",8/20/2024,745136,23,100,2024
23,669387,"Mlodzinski, Carmen",7/19/2024,745481,23,100,2024
23,682842,"Uribe, Abner",4/20/2024,745190,30,76.7,2024
23,670059,"Holderman, Colin",7/3/2024,745487,23,100,2024
23,676534,"Faucher, Calvin",8/2/2024,747089,23,100,2024
23,678020,"Halvorsen, Seth",9/21/2024,746096,23,100,2024
23,650671,"Quijada, José",9/18/2024,746172,23,100,2024
23,672582,"Zerpa, Angel",8/9/2024,746275,23,100,2024
23,641729,"Jiménez, Joe",7/12/2024,745390,23,100,2024
23,670059,"Holderman, Colin",5/16/2024,746881,23,100,2024
23,605452,"Ross, Joe",8/11/2024,745956,42,54.8,2024
23,571656,"Farmer, Buck",5/16/2024,746150,23,100,2024
23,628452,"Iglesias, Raisel",5/10/2024,745827,23,100,2024
23,614179,"Ruiz, José",6/15/2024,747024,27,85.2,2024
23,666808,"Doval, Camilo",9/4/2024,745290,23,100,2024
23,643410,"Leiter Jr., Mark",6/19/2024,746864,23,100,2024
23,608334,"Fulmer, Carson",6/8/2024,746223,23,100,2024
23,547973,"Chapman, Aroldis",5/12/2024,745499,23,100,2024
23,670766,"McCaughan, Darren",6/28/2024,746292,78,29.5,2024
23,624647,"González, Victor",4/21/2024,745759,23,100,2024
23,623352,"Hader, Josh",9/27/2024,746580,23,100,2024
23,669622,"Bender, Anthony",4/17/2024,746076,23,100,2024
23,666207,"Pint, Riley",6/29/2024,746778,23,100,2024
23,554340,"García, Yimi",4/8/2024,744956,27,85.2,2024
23,571657,"Farmer, Kyle",8/31/2024,745859,23,100,2024
23,681911,"Vesia, Alex",6/20/2024,746539,23,100,2024
23,621199,"Bowman, Matt",9/25/2024,745690,23,100,2024
23,689225,"Brieske, Beau",9/24/2024,746421,23,100,2024
23,640451,"Harvey, Hunter",7/30/2024,746763,23,100,2024
23,670280,"Bednar, David",8/3/2024,745474,23,100,2024
23,622253,"Tate, Dillon",7/9/2024,747014,23,100,2024
23,518886,"Kimbrel, Craig",8/11/2024,745057,23,100,2024
23,669211,"Akin, Keegan",6/1/2024,747029,23,100,2024
23,518886,"Kimbrel, Craig",4/1/2024,747058,23,100,2024
23,622253,"Tate, Dillon",9/23/2024,744885,23,100,2024
23,676534,"Faucher, Calvin",5/29/2024,745414,23,100,2024
23,596133,"Weaver, Luke",5/4/2024,745750,38,60.5,2024
23,693312,"Nicolas, Kyle",5/21/2024,745503,23,100,2024
23,676760,"Marinaccio, Ron",5/9/2024,745748,23,100,2024
23,672456,"Montero, Keider",9/10/2024,746428,96,24,2024
23,600917,"Leclerc, José",4/6/2024,745031,23,100,2024
23,663574,"Santillan, Tony",9/5/2024,746664,26,88.5,2024
23,605154,"Brebbia, John",5/24/2024,746793,23,100,2024
23,670046,"Rosenberg, Kenny",8/13/2024,746187,78,29.5,2024
23,685107,"Veneziano, Anthony",4/21/2024,746316,23,100,2024
23,518397,"Alexander, Scott",9/10/2024,746346,23,100,2024
23,641755,"Kinley, Tyler",3/30/2024,747221,23,100,2024
23,656412,"Faedo, Alex",4/21/2024,745920,23,100,2024
23,650671,"Quijada, José",9/3/2024,746185,23,100,2024
23,640448,"Finnegan, Kyle",9/7/2024,745455,23,100,2024
23,671922,"Smith, Cade",6/7/2024,746053,23,100,2024
23,669622,"Bender, Anthony",5/2/2024,746070,23,100,2024
23,676534,"Faucher, Calvin",9/4/2024,746019,23,100,2024
23,628452,"Iglesias, Raisel",7/25/2024,745794,23,100,2024
23,657649,"Koenig, Jared",8/28/2024,745943,23,100,2024
23,554340,"García, Yimi",8/14/2024,746436,23,100,2024
23,608331,"Fried, Max",5/22/2024,746876,105,21.9,2024
23,676254,"Walker, Ryan",9/19/2024,746985,23,100,2024
23,678020,"Halvorsen, Seth",9/16/2024,746502,23,100,2024
23,672582,"Zerpa, Angel",6/22/2024,744997,23,100,2024
23,669062,"Miller, Erik",7/24/2024,746119,23,100,2024
23,674285,"Salazar, Eduardo",8/14/2024,747000,23,100,2024
23,608638,"Chargois, JT",7/20/2024,746041,23,100,2024
23,607179,"Weems, Jordan",4/25/2024,744867,23,100,2024
23,622259,"Wingenter, Trey",7/9/2024,746937,23,100,2024
23,543518,"McGough, Scott",4/3/2024,747219,23,100,2024
23,681892,"Funderburk, Kody",5/9/2024,745910,27,85.2,2024
23,664854,"Helsley, Ryan",6/16/2024,746866,23,100,2024
23,621381,"Strahm, Matt",6/4/2024,745568,23,100,2024
23,689225,"Brieske, Beau",9/21/2024,746983,23,100,2024
23,664126,"Fairbanks, Pete",4/2/2024,745111,23,100,2024
23,671131,"Rutledge, Jackson",9/29/2024,744798,36,63.9,2024
23,643338,"Green, Chad",4/8/2024,744956,23,100,2024
23,663969,"Phillips, Tyler",7/27/2024,745553,105,21.9,2024
23,669387,"Mlodzinski, Carmen",9/29/2024,745686,23,100,2024
23,664747,"Díaz, Alexis",4/29/2024,745427,23,100,2024
23,660853,"De Los Santos, Enyel",6/11/2024,745404,23,100,2024
23,681676,"Fernandez, Ryan",4/14/2024,747216,43,53.5,2024
23,676534,"Faucher, Calvin",6/5/2024,746056,23,100,2024
23,700669,"Graceffo, Gordon",6/29/2024,745159,67,34.3,2024
23,608371,"Sims, Lucas",8/25/2024,746918,23,100,2024
23,663423,"Thornton, Trent",6/4/2024,745656,23,100,2024
23,666808,"Doval, Camilo",5/7/2024,746559,23,100,2024
23,641482,"Cortes, Nestor",9/7/2024,746829,48,47.9,2024
23,671111,"Peralta, Sammy",7/31/2024,746764,23,100,2024
23,592094,"Adam, Jason",5/16/2024,746959,23,100,2024
23,592773,"Stanek, Ryne",6/10/2024,745248,23,100,2024
23,489446,"Yates, Kirby",6/12/2024,746137,23,100,2024
23,656641,"Latz, Jacob",5/29/2024,745011,23,100,2024
23,641835,"Mayza, Tim",3/30/2024,745119,23,100,2024
23,596133,"Weaver, Luke",7/23/2024,745715,23,100,2024
23,669622,"Bender, Anthony",5/12/2024,746068,23,100,2024
23,666204,"Jiménez, Dany",5/4/2024,745666,23,100,2024
23,547973,"Chapman, Aroldis",4/21/2024,745514,23,100,2024
23,687424,"Maldonado, Anthony",5/13/2024,746471,23,100,2024
23,678226,"Hernández, Daysbel",9/11/2024,744804,40,57.5,2024
23,687134,"Blalock, Bradley",6/20/2024,745401,23,100,2024
23,676760,"Marinaccio, Ron",9/1/2024,745701,23,100,2024
23,670280,"Bednar, David",4/9/2024,745517,23,100,2024
23,657097,"Webb, Jacob",9/20/2024,746984,23,100,2024
23,683627,"Molina, Anthony",4/20/2024,746570,43,53.5,2024
23,682847,"Ortiz, Luis L.",4/4/2024,744870,29,79.3,2024
23,596133,"Weaver, Luke",7/7/2024,745723,26,88.5,2024
23,664126,"Fairbanks, Pete",8/16/2024,745054,23,100,2024
23,689147,"Kerkering, Orion",4/25/2024,746724,39,59,2024
23,656222,"Beeks, Jalen",5/13/2024,745420,23,100,2024
23,641755,"Kinley, Tyler",6/20/2024,746539,23,100,2024
23,656546,"Hoffman, Jeff",5/23/2024,745573,23,100,2024
23,681402,"Varland, Gus",9/4/2024,746990,23,100,2024
23,502085,"Robertson, David",8/14/2024,746919,23,100,2024
23,650556,"Abreu, Bryan",6/1/2024,746384,23,100,2024
23,664076,"Cleavinger, Garrett",6/30/2024,745072,23,100,2024
23,641703,"Honeywell, Brent",8/17/2024,745140,45,51.1,2024
23,669912,"Snead, Kirby",5/30/2024,745249,32,71.9,2024
23,605130,"Barlow, Scott",6/6/2024,746631,23,100,2024
23,547973,"Chapman, Aroldis",4/6/2024,745522,23,100,2024
23,666619,"Santos, Gregory",7/27/2024,746768,23,100,2024
22,642232,"Yarbrough, Ryan",4/24/2024,744864,22,100,2024
22,683409,"Chivilli, Angel",9/22/2024,746092,22,100,2024
22,643361,"Herget, Kevin",5/10/2024,745993,45,48.9,2024
22,621381,"Strahm, Matt",8/18/2024,745539,22,100,2024
22,572143,"Smith, Burch",9/4/2024,746990,22,100,2024
22,641703,"Honeywell, Brent",7/20/2024,746121,22,100,2024
22,621053,"Ferguson, Tyler",7/30/2024,745309,22,100,2024
22,657265,"Strzelecki, Peter",7/25/2024,746609,22,100,2024
22,518617,"Diekman, Jake",7/23/2024,745715,22,100,2024
22,628452,"Iglesias, Raisel",6/16/2024,747109,22,100,2024
22,642520,"Garabito, Gerson",8/10/2024,745708,30,73.3,2024
22,683769,"Gaddis, Hunter",8/13/2024,746601,22,100,2024
22,686790,"McDonald, Trevor",9/29/2024,745282,39,56.4,2024
22,622694,"Hernández, Elieser",5/20/2024,746146,22,100,2024
22,642397,"Soto, Gregory",4/10/2024,745196,22,100,2024
22,686580,"Slaten, Justin",5/7/2024,747126,22,100,2024
22,663531,"Allen, Logan",5/29/2024,745011,22,100,2024
22,608032,"Estévez, Carlos",5/20/2024,746390,22,100,2024
22,664875,"Lawrence, Justin",5/2/2024,746070,22,100,2024
22,592094,"Adam, Jason",9/17/2024,745366,22,100,2024
22,608371,"Sims, Lucas",3/30/2024,746736,22,100,2024
22,641755,"Kinley, Tyler",9/18/2024,746500,22,100,2024
22,573204,"Thielbar, Caleb",4/21/2024,745920,22,100,2024
22,663531,"Allen, Logan",5/17/2024,747201,35,62.9,2024
22,666808,"Doval, Camilo",5/24/2024,745822,22,100,2024
22,669438,"Englert, Mason",5/26/2024,746469,22,100,2024
22,669622,"Bender, Anthony",5/19/2024,746064,22,100,2024
22,669622,"Bender, Anthony",7/31/2024,745061,22,100,2024
22,519151,"Pressly, Ryan",5/9/2024,745748,22,100,2024
22,455119,"Martin, Chris",8/10/2024,746922,22,100,2024
22,660853,"De Los Santos, Enyel",7/7/2024,745391,22,100,2024
22,663460,"Bubic, Kris",8/23/2024,746268,22,100,2024
22,656271,"Burke, Brock",9/28/2024,746171,22,100,2024
22,694363,"Shuster, Jared",5/31/2024,745983,38,57.9,2024
22,641771,"Kuhl, Chad",8/14/2024,746759,29,75.9,2024
22,669111,"McMillon, John",8/10/2024,746026,22,100,2024
22,621237,"Alvarado, José",5/28/2024,745337,22,100,2024
22,641582,"Foster, Matt",9/9/2024,746746,22,100,2024
22,640448,"Finnegan, Kyle",6/11/2024,746464,22,100,2024
22,661395,"Duran, Jhoan",7/7/2024,745883,22,100,2024
22,623352,"Hader, Josh",5/3/2024,746402,22,100,2024
22,543518,"McGough, Scott",5/4/2024,747209,22,100,2024
22,664076,"Cleavinger, Garrett",7/7/2024,744993,22,100,2024
22,656546,"Hoffman, Jeff",9/9/2024,745534,22,100,2024
22,647315,"Pop, Zach",9/8/2024,747072,22,100,2024
22,683769,"Gaddis, Hunter",7/29/2024,746444,22,100,2024
22,571946,"Miller, Shelby",6/30/2024,746209,22,100,2024
22,458677,"Wilson, Justin",8/31/2024,746667,22,100,2024
22,628452,"Iglesias, Raisel",9/8/2024,747072,22,100,2024
22,677053,"Nardi, Andrew",7/28/2024,745961,22,100,2024
22,640448,"Finnegan, Kyle",5/8/2024,744858,22,100,2024
22,640448,"Finnegan, Kyle",7/5/2024,744836,22,100,2024
22,671345,"Foley, Jason",6/1/2024,746952,22,100,2024
22,669302,"Gilbert, Logan",9/7/2024,745125,101,21.8,2024
22,657097,"Webb, Jacob",6/29/2024,747018,22,100,2024
22,650893,"Cabrera, Génesis",5/20/2024,744935,22,100,2024
22,573124,"Rogers, Taylor",9/10/2024,745291,22,100,2024
22,670955,"Uceta, Edwin",6/29/2024,745071,28,78.6,2024
22,670167,"Schreiber, John",6/13/2024,746299,22,100,2024
22,622786,"Tinoco, Jesus",7/26/2024,746277,33,66.7,2024
22,643493,"Pruitt, Austin",4/20/2024,747135,22,100,2024
22,657277,"Webb, Logan",4/23/2024,745348,106,20.8,2024
22,682120,"Herrin, Tim",6/2/2024,746632,22,100,2024
22,518617,"Diekman, Jake",5/16/2024,745580,22,100,2024
22,677955,"Hill, Jaden",9/14/2024,746508,22,100,2024
22,663855,"Hicks, Jordan",8/19/2024,745294,22,100,2024
22,593576,"Neris, Héctor",5/12/2024,745499,22,100,2024
22,518617,"Diekman, Jake",4/19/2024,746160,22,100,2024
22,605280,"Holmes, Clay",4/3/2024,747219,22,100,2024
22,687424,"Maldonado, Anthony",9/26/2024,745853,22,100,2024
22,642397,"Soto, Gregory",6/12/2024,746948,22,100,2024
22,592779,"Stewart, Brock",3/30/2024,746333,22,100,2024
22,681402,"Varland, Gus",8/17/2024,746355,22,100,2024
22,623465,"Phillips, Evan",9/8/2024,746098,22,100,2024
22,596133,"Weaver, Luke",5/25/2024,745411,41,53.7,2024
22,662253,"Muñoz, Andrés",6/21/2024,746052,22,100,2024
22,657044,"Thompson, Ryan",8/31/2024,747158,22,100,2024
22,661527,"Martinez, Seth",6/25/2024,746372,22,100,2024
22,640462,"Puk, A.J.",5/21/2024,746058,22,100,2024
22,657612,"Hill, Tim",8/17/2024,746434,22,100,2024
22,605280,"Holmes, Clay",8/18/2024,746431,22,100,2024
22,673929,"Leasure, Jordan",5/5/2024,745185,22,100,2024
22,663687,"Harris, Hogan",9/10/2024,746346,22,100,2024
22,655889,"Rodríguez, Manuel",4/28/2024,746805,32,68.8,2024
22,656550,"Holmes, Grant",8/24/2024,747077,22,100,2024
22,543037,"Cole, Gerrit",9/20/2024,745606,99,22.2,2024
22,641835,"Mayza, Tim",5/7/2024,745586,22,100,2024
22,657044,"Thompson, Ryan",7/19/2024,746854,22,100,2024
22,640448,"Finnegan, Kyle",8/28/2024,744809,22,100,2024
22,605347,"López, Jorge",5/24/2024,745822,22,100,2024
22,681293,"Arrighetti, Spencer",9/27/2024,746580,52,42.3,2024
22,663485,"Sands, Cole",4/4/2024,745928,22,100,2024
22,643377,"Jax, Griffin",4/29/2024,746804,22,100,2024
22,621051,"Wilson, Steven",7/29/2024,746765,22,100,2024
22,608723,"Voth, Austin",8/11/2024,745216,22,100,2024
22,543339,"Hudson, Daniel",9/21/2024,746096,22,100,2024
22,640451,"Harvey, Hunter",3/30/2024,746736,22,100,2024
22,656629,"Kopech, Michael",4/30/2024,746806,22,100,2024
22,661403,"Clase, Emmanuel",6/11/2024,746702,22,100,2024
22,701542,"Warren, Will",9/28/2024,745685,22,100,2024
22,621237,"Alvarado, José",4/24/2024,746725,22,100,2024
22,686580,"Slaten, Justin",5/18/2024,745177,26,84.6,2024
22,683232,"Mears, Nick",4/5/2024,746576,22,100,2024
22,681676,"Fernandez, Ryan",4/3/2024,745440,22,100,2024
22,571948,"Milner, Hoby",9/14/2024,747148,28,78.6,2024
22,606303,"Payamps, Joel",6/23/2024,745396,22,100,2024
22,662253,"Muñoz, Andrés",6/18/2024,746627,22,100,2024
22,489446,"Yates, Kirby",3/28/2024,745039,22,100,2024
22,519293,"Smith, Will",7/22/2024,746280,22,100,2024
22,670280,"Bednar, David",6/11/2024,745170,22,100,2024
22,593974,"Peralta, Wandy",5/8/2024,746879,22,100,2024
22,623352,"Hader, Josh",9/22/2024,746339,22,100,2024
22,668390,"Winn, Cole",6/16/2024,745242,22,100,2024
22,663158,"Suarez, Robert",9/27/2024,747145,22,100,2024
22,686826,"Jarvis, Bryce",5/20/2024,746146,32,68.8,2024
22,664208,"Maton, Phil",5/24/2024,745087,22,100,2024
22,680891,"Neely, Jack",8/21/2024,746837,22,100,2024
22,663158,"Suarez, Robert",5/12/2024,745419,22,100,2024
22,680739,"Winder, Josh",7/5/2024,745884,43,51.2,2024
22,554340,"García, Yimi",7/24/2024,744905,22,100,2024
22,687362,"Gillispie, Connor",8/22/2024,745705,57,38.6,2024
22,593576,"Neris, Héctor",5/17/2024,746878,22,100,2024
22,593576,"Neris, Héctor",6/1/2024,746870,22,100,2024
22,663158,"Suarez, Robert",8/19/2024,745380,22,100,2024
22,573124,"Rogers, Taylor",9/4/2024,745290,22,100,2024
22,670950,"Richards, Trevor",6/28/2024,744922,22,100,2024
22,656629,"Kopech, Michael",6/12/2024,745246,22,100,2024
22,670990,"Ramírez, Yohan",5/31/2024,746140,22,100,2024
22,666204,"Jiménez, Dany",6/2/2024,747110,22,100,2024
22,669422,"Sauer, Matt",4/27/2024,746484,22,100,2024
22,571670,"Floro, Dylan",4/4/2024,744870,22,100,2024
22,686580,"Slaten, Justin",5/20/2024,745093,22,100,2024
22,668941,"Romero, JoJo",6/3/2024,746382,30,73.3,2024
22,669461,"Liberatore, Matthew",8/14/2024,746677,28,78.6,2024
22,621051,"Wilson, Steven",4/15/2024,746813,22,100,2024
22,543859,"Tonkin, Michael",5/30/2024,746225,22,100,2024
22,596117,"Stubbs, Garrett",7/29/2024,745547,22,100,2024
22,681892,"Funderburk, Kody",4/20/2024,745921,22,100,2024
22,605154,"Brebbia, John",9/19/2024,746663,26,84.6,2024
22,650911,"Sánchez, Cristopher",8/17/2024,745537,99,22.2,2024
22,593576,"Neris, Héctor",5/4/2024,746884,22,100,2024
22,670280,"Bednar, David",5/19/2024,746880,22,100,2024
22,518886,"Kimbrel, Craig",7/31/2024,747003,22,100,2024
22,656464,"Ginkel, Kevin",3/31/2024,747222,22,100,2024
22,694363,"Shuster, Jared",7/8/2024,746771,22,100,2024
22,605347,"López, Jorge",8/10/2024,746761,22,100,2024
22,657097,"Webb, Jacob",4/12/2024,747055,22,100,2024
22,502085,"Robertson, David",8/23/2024,746597,22,100,2024
22,502624,"Anderson, Chase",7/27/2024,746931,22,100,2024
22,669622,"Bender, Anthony",8/10/2024,746026,26,84.6,2024
22,608717,"Stratton, Chris",5/13/2024,745256,22,100,2024
22,643338,"Green, Chad",7/7/2024,745233,22,100,2024
22,643410,"Leiter Jr., Mark",8/3/2024,745714,22,100,2024
22,681799,"Roberts, Ethan",9/22/2024,746825,22,100,2024
22,656945,"Scott, Tanner",6/23/2024,746051,22,100,2024
22,445276,"Jansen, Kenley",5/10/2024,746964,22,100,2024
22,663460,"Bubic, Kris",7/23/2024,746281,22,100,2024
22,623149,"Sewald, Paul",7/24/2024,746279,22,100,2024
22,672710,"Contreras, Roansy",5/29/2024,746228,22,100,2024
22,689147,"Kerkering, Orion",6/14/2024,747025,22,100,2024
22,643511,"Rogers, Tyler",8/27/2024,745946,25,88,2024
22,666214,"Wentz, Joey",5/17/2024,747201,22,100,2024
22,605177,"Chafin, Andrew",5/24/2024,746475,22,100,2024
22,656412,"Faedo, Alex",5/23/2024,746474,32,68.8,2024
22,683232,"Mears, Nick",4/3/2024,746900,22,100,2024
22,643410,"Leiter Jr., Mark",8/4/2024,745718,22,100,2024
22,622786,"Tinoco, Jesus",9/12/2024,744805,22,100,2024
22,641656,"Hamilton, Ian",5/12/2024,745092,22,100,2024
22,493603,"Ottavino, Adam",6/17/2024,745005,34,64.7,2024
22,683769,"Gaddis, Hunter",4/28/2024,747125,22,100,2024
22,622554,"Domínguez, Seranthony",9/27/2024,745847,22,100,2024
22,621383,"Banks, Tanner",5/1/2024,746800,22,100,2024
22,607179,"Weems, Jordan",5/31/2024,746635,22,100,2024
22,621242,"Díaz, Edwin",7/7/2024,745477,22,100,2024
22,663423,"Thornton, Trent",6/20/2024,746626,22,100,2024
22,543351,"Jackson, Jay",6/12/2024,745896,22,100,2024
22,678606,"Ferrer, Jose A.",9/24/2024,744802,22,100,2024
22,605280,"Holmes, Clay",4/19/2024,745758,22,100,2024
22,656945,"Scott, Tanner",9/2/2024,745373,22,100,2024
22,605280,"Holmes, Clay",6/6/2024,745738,22,100,2024
22,676680,"Cosgrove, Tom",6/26/2024,745400,22,100,2024
22,502085,"Robertson, David",4/21/2024,747133,28,78.6,2024
22,650893,"Cabrera, Génesis",7/29/2024,747039,22,100,2024
22,605347,"López, Jorge",7/23/2024,746848,22,100,2024
22,669270,"Kuhnel, Joel",7/31/2024,745061,22,100,2024
22,455119,"Martin, Chris",9/3/2024,745778,22,100,2024
22,694037,"Palencia, Daniel",8/27/2024,745461,22,100,2024
22,666974,"Cano, Yennier",6/10/2024,745080,22,100,2024
22,669211,"Akin, Keegan",7/9/2024,747014,42,52.4,2024
22,650671,"Quijada, José",8/29/2024,746432,22,100,2024
22,643338,"Green, Chad",9/15/2024,744883,22,100,2024
22,623352,"Hader, Josh",4/15/2024,746406,22,100,2024
22,641329,"Baker, Bryan",6/27/2024,747020,22,100,2024
22,688297,"Roycroft, Chris",6/6/2024,745174,22,100,2024
22,605177,"Chafin, Andrew",6/24/2024,746458,22,100,2024
22,664126,"Fairbanks, Pete",6/28/2024,745070,22,100,2024
22,592454,"Kahnle, Tommy",9/12/2024,745695,22,100,2024
22,622663,"Severino, Luis",4/29/2024,745832,101,21.8,2024
22,676092,"Snider, Collin",9/2/2024,745619,22,100,2024
22,668968,"Crouse, Hans",7/14/2024,746201,22,100,2024
22,455119,"Martin, Chris",6/22/2024,746700,22,100,2024
22,687863,"Hodge, Porter",6/29/2024,745972,22,100,2024
22,689225,"Brieske, Beau",9/6/2024,745611,22,100,2024
22,686826,"Jarvis, Bryce",7/7/2024,745391,22,100,2024
22,679885,"Martinez, Justin",9/22/2024,745929,22,100,2024
22,660825,"Bazardo, Eduard",5/11/2024,745262,22,100,2024
22,605121,"Anderson, Justin",9/25/2024,746742,22,100,2024
22,641835,"Mayza, Tim",8/21/2024,745704,22,100,2024
22,660896,"Alcala, Jorge",4/13/2024,746489,22,100,2024
22,518886,"Kimbrel, Craig",6/29/2024,747018,22,100,2024
22,670871,"Zuñiga, Guillo",9/29/2024,746174,22,100,2024
22,666808,"Doval, Camilo",6/8/2024,745001,22,100,2024
22,689147,"Kerkering, Orion",7/3/2024,746858,22,100,2024
22,686539,"Cronin, Declan",3/30/2024,746087,22,100,2024
22,607481,"Bummer, Aaron",6/28/2024,747105,22,100,2024
22,519151,"Pressly, Ryan",5/1/2024,746399,22,100,2024
22,689690,"Jacob, Alek",8/7/2024,745469,22,100,2024
22,669387,"Mlodzinski, Carmen",6/6/2024,745495,22,100,2024
22,656629,"Kopech, Michael",9/11/2024,746100,22,100,2024
22,518585,"Cruz, Fernando",5/15/2024,747203,22,100,2024
22,642546,"Hernández, Jonathan",8/4/2024,745222,22,100,2024
22,605513,"Turnbull, Spencer",5/15/2024,745582,54,40.7,2024
22,650893,"Cabrera, Génesis",7/7/2024,745233,22,100,2024
22,642520,"Garabito, Gerson",6/1/2024,746062,22,100,2024
22,681869,"Dubin, Shawn",7/30/2024,746365,22,100,2024
22,676961,"Boushley, Caleb",5/20/2024,744857,31,71,2024
22,681867,"Criswell, Cooper",9/20/2024,746905,22,100,2024
22,683232,"Mears, Nick",5/4/2024,745511,22,100,2024
22,676130,"Buttó, José",8/16/2024,745784,22,100,2024
22,621383,"Banks, Tanner",9/10/2024,745535,22,100,2024
22,666808,"Doval, Camilo",4/28/2024,745349,22,100,2024
22,661395,"Duran, Jhoan",9/11/2024,745857,22,100,2024
22,660853,"De Los Santos, Enyel",6/24/2024,745397,22,100,2024
22,676254,"Walker, Ryan",9/5/2024,745289,22,100,2024
22,620982,"Pinto, Ricardo",4/9/2024,745195,22,100,2024
22,669062,"Miller, Erik",8/21/2024,745297,22,100,2024
22,663687,"Harris, Hogan",9/3/2024,745615,37,59.5,2024
22,622554,"Domínguez, Seranthony",9/14/2024,746422,22,100,2024
22,664208,"Maton, Phil",8/22/2024,745379,22,100,2024
22,605177,"Chafin, Andrew",6/2/2024,746953,22,100,2024
22,657508,"Baumann, Mike",7/6/2024,745235,22,100,2024
22,600986,"Vieira, Thyago",7/6/2024,745395,22,100,2024
22,656222,"Beeks, Jalen",7/4/2024,746532,22,100,2024
22,689147,"Kerkering, Orion",9/5/2024,746021,22,100,2024
22,605513,"Turnbull, Spencer",5/29/2024,745333,22,100,2024
22,573204,"Thielbar, Caleb",6/12/2024,745896,22,100,2024
22,673380,"Núñez, Dedniel",7/19/2024,746040,22,100,2024
22,656848,"Petersen, Michael",9/2/2024,747155,22,100,2024
22,676534,"Faucher, Calvin",4/26/2024,746078,22,100,2024
22,663878,"Pearson, Nate",5/1/2024,744939,22,100,2024
22,547973,"Chapman, Aroldis",8/28/2024,745452,27,81.5,2024
22,666204,"Jiménez, Dany",8/18/2024,745621,22,100,2024
22,622065,"Young, Alex",9/27/2024,745930,22,100,2024
22,592426,"Jackson, Luke",7/10/2024,745318,32,68.8,2024
22,670167,"Schreiber, John",7/5/2024,746533,22,100,2024
22,543339,"Hudson, Daniel",7/27/2024,746362,22,100,2024
21,543859,"Tonkin, Michael",9/9/2024,745860,31,67.7,2024
21,641729,"Jiménez, Joe",9/28/2024,747066,25,84,2024
21,489446,"Yates, Kirby",6/18/2024,745004,21,100,2024
21,628708,"Marte, Yunior",8/7/2024,746115,21,100,2024
21,518886,"Kimbrel, Craig",9/7/2024,746986,21,100,2024
21,685801,"Bigge, Hunter",7/20/2024,746852,21,100,2024
21,695243,"Miller, Mason",9/17/2024,746830,21,100,2024
21,666214,"Wentz, Joey",8/10/2024,745304,21,100,2024
21,656464,"Ginkel, Kevin",4/5/2024,747143,21,100,2024
21,656756,"Montgomery, Jordan",8/27/2024,747162,70,30,2024
21,663855,"Hicks, Jordan",9/14/2024,745284,29,72.4,2024
21,572955,"Johnson, Pierce",9/30/2024,747139,21,100,2024
21,665896,"Marte, José",7/4/2024,745641,37,56.8,2024
21,642520,"Garabito, Gerson",7/30/2024,745149,29,72.4,2024
21,656629,"Kopech, Michael",5/4/2024,745183,21,100,2024
21,621381,"Strahm, Matt",6/21/2024,745562,21,100,2024
21,642397,"Soto, Gregory",5/10/2024,746071,21,100,2024
21,622075,"Almonte, Yency",4/3/2024,746900,21,100,2024
21,605177,"Chafin, Andrew",4/5/2024,746497,21,100,2024
21,640448,"Finnegan, Kyle",7/13/2024,745963,21,100,2024
21,605154,"Brebbia, John",4/24/2024,745919,21,100,2024
21,670102,"Francis, Bowden",6/28/2024,744922,21,100,2024
21,592773,"Stanek, Ryne",4/12/2024,745274,21,100,2024
21,598264,"Barnes, Matt",4/1/2024,744875,21,100,2024
21,607455,"Banda, Anthony",8/5/2024,746116,21,100,2024
21,656222,"Beeks, Jalen",6/6/2024,745174,21,100,2024
21,595897,"Burdi, Nick",5/21/2024,745742,21,100,2024
21,666974,"Cano, Yennier",7/7/2024,745637,21,100,2024
21,628452,"Iglesias, Raisel",8/12/2024,745300,21,100,2024
21,661527,"Martinez, Seth",7/13/2024,746369,21,100,2024
21,663893,"Little, Brendon",7/26/2024,744906,22,95.5,2024
21,666277,"Soriano, George",4/7/2024,745198,21,100,2024
21,571946,"Miller, Shelby",7/11/2024,746452,21,100,2024
21,666818,"Frías, Luis",4/8/2024,746569,37,56.8,2024
21,663460,"Bubic, Kris",8/10/2024,746269,21,100,2024
21,656629,"Kopech, Michael",8/27/2024,746105,21,100,2024
21,519293,"Smith, Will",4/12/2024,745838,21,100,2024
21,664849,"Young, Danny",7/11/2024,745799,21,100,2024
21,608718,"Suter, Brent",7/9/2024,746690,21,100,2024
21,670950,"Richards, Trevor",6/25/2024,746943,21,100,2024
21,621383,"Banks, Tanner",7/23/2024,744985,32,65.6,2024
21,605177,"Chafin, Andrew",5/29/2024,746468,21,100,2024
21,621381,"Strahm, Matt",9/3/2024,744891,21,100,2024
21,683627,"Molina, Anthony",7/1/2024,746535,35,60,2024
21,502085,"Robertson, David",4/15/2024,746488,21,100,2024
21,650556,"Abreu, Bryan",4/15/2024,746406,22,95.5,2024
21,683618,"Henriquez, Edgardo",9/27/2024,746494,25,84,2024
21,663978,"Paddack, Chris",5/19/2024,746636,100,21,2024
21,640470,"Alzolay, Adbert",4/21/2024,746894,21,100,2024
21,691172,"Zulueta, Yosver",9/21/2024,746660,21,100,2024
21,642100,"Speier, Gabe",5/11/2024,745262,21,100,2024
21,622251,"Staumont, Josh",7/27/2024,746446,21,100,2024
21,554431,"Matzek, Tyler",4/11/2024,747137,21,100,2024
21,669422,"Sauer, Matt",4/4/2024,746327,21,100,2024
21,660600,"Paredes, Enoli",6/21/2024,745403,21,100,2024
21,643256,"Cimber, Adam",3/30/2024,747063,21,100,2024
21,668338,"Miller, Tyson",7/31/2024,746678,21,100,2024
21,650911,"Sánchez, Cristopher",6/28/2024,745560,101,20.8,2024
21,663546,"Hjelle, Sean",8/6/2024,744817,42,50,2024
21,608371,"Sims, Lucas",9/20/2024,746905,21,100,2024
21,662253,"Muñoz, Andrés",8/25/2024,745212,21,100,2024
21,687863,"Hodge, Porter",8/17/2024,746841,23,91.3,2024
21,596133,"Weaver, Luke",8/7/2024,745709,21,100,2024
21,643377,"Jax, Griffin",4/8/2024,745925,21,100,2024
21,607179,"Weems, Jordan",7/6/2024,744835,38,55.3,2024
21,606930,"Barnes, Jacob",7/23/2024,744828,21,100,2024
21,592094,"Adam, Jason",8/28/2024,745134,21,100,2024
21,518886,"Kimbrel, Craig",4/14/2024,747056,21,100,2024
21,605347,"López, Jorge",4/30/2024,745831,21,100,2024
21,493603,"Ottavino, Adam",5/29/2024,745817,21,100,2024
21,518886,"Kimbrel, Craig",7/26/2024,747010,21,100,2024
21,666745,"Brito, Jhony",5/11/2024,745422,40,52.5,2024
21,669711,"Weissert, Greg",4/16/2024,746976,21,100,2024
21,670970,"Morejon, Adrian",6/14/2024,745810,21,100,2024
21,519293,"Smith, Will",7/26/2024,746277,21,100,2024
21,669711,"Weissert, Greg",7/12/2024,746936,21,100,2024
21,605130,"Barlow, Scott",3/31/2024,745683,21,100,2024
21,552640,"Kittredge, Andrew",9/4/2024,745938,21,100,2024
21,606303,"Payamps, Joel",5/8/2024,746312,21,100,2024
21,523260,"Kelly, Joe",4/19/2024,746160,21,100,2024
21,666720,"Rodríguez, Yerry",8/3/2024,745714,21,100,2024
21,640462,"Puk, A.J.",9/27/2024,747145,21,100,2024
21,664747,"Díaz, Alexis",5/5/2024,746719,21,100,2024
21,660600,"Paredes, Enoli",6/29/2024,745972,21,100,2024
21,656730,"Megill, Trevor",9/15/2024,747151,21,100,2024
21,642701,"Santana, Dennis",8/6/2024,745467,21,100,2024
21,663423,"Thornton, Trent",8/24/2024,745218,21,100,2024
21,624647,"González, Victor",4/16/2024,744944,21,100,2024
21,613534,"Adams, Austin",7/9/2024,746937,21,100,2024
21,489446,"Yates, Kirby",8/29/2024,746748,21,100,2024
21,663947,"Holton, Tyler",5/30/2024,746954,21,100,2024
21,668338,"Miller, Tyson",8/30/2024,744810,21,100,2024
21,663542,"Hudson, Bryan",5/18/2024,746389,21,100,2024
21,641745,"Keller, Brad",8/26/2024,746915,75,28,2024
21,661527,"Martinez, Seth",4/23/2024,746888,42,50,2024
21,650556,"Abreu, Bryan",5/5/2024,746395,21,100,2024
21,593974,"Peralta, Wandy",5/12/2024,745419,21,100,2024
21,592773,"Stanek, Ryne",4/5/2024,746007,21,100,2024
21,622098,"Smith, Drew",6/21/2024,746861,21,100,2024
21,670955,"Uceta, Edwin",9/10/2024,745535,21,100,2024
21,676684,"Vest, Will",3/30/2024,746818,23,91.3,2024
21,614179,"Ruiz, José",7/14/2024,745551,21,100,2024
21,600986,"Vieira, Thyago",4/20/2024,745190,21,100,2024
21,547973,"Chapman, Aroldis",7/13/2024,746766,21,100,2024
21,670167,"Schreiber, John",4/26/2024,746482,21,100,2024
21,657097,"Webb, Jacob",4/6/2024,745522,21,100,2024
21,502624,"Anderson, Chase",4/21/2024,745514,21,100,2024
21,614179,"Ruiz, José",5/8/2024,745584,21,100,2024
21,663158,"Suarez, Robert",8/28/2024,745134,21,100,2024
21,543238,"Gose, Anthony",8/7/2024,746604,21,100,2024
21,608032,"Estévez, Carlos",9/25/2024,745521,21,100,2024
21,669308,"Reynolds, Sean",8/23/2024,745378,21,100,2024
21,573124,"Rogers, Taylor",7/11/2024,745313,21,100,2024
21,656222,"Beeks, Jalen",5/22/2024,745661,21,100,2024
21,686826,"Jarvis, Bryce",4/14/2024,747216,21,100,2024
21,664208,"Maton, Phil",8/18/2024,745786,21,100,2024
21,678020,"Halvorsen, Seth",9/29/2024,746496,21,100,2024
21,643511,"Rogers, Tyler",8/25/2024,745212,21,100,2024
21,642520,"Garabito, Gerson",8/4/2024,744979,21,100,2024
21,683769,"Gaddis, Hunter",4/20/2024,746651,21,100,2024
21,657277,"Webb, Logan",7/31/2024,745306,106,19.8,2024
21,608032,"Estévez, Carlos",5/10/2024,746240,21,100,2024
21,678606,"Ferrer, Jose A.",9/28/2024,744799,27,77.8,2024
21,642207,"Williams, Devin",9/22/2024,745929,21,100,2024
21,681799,"Roberts, Ethan",8/22/2024,746836,21,100,2024
21,608717,"Stratton, Chris",5/6/2024,746313,21,100,2024
21,592773,"Stanek, Ryne",9/19/2024,745769,21,100,2024
21,605280,"Holmes, Clay",7/10/2024,745069,21,100,2024
21,656464,"Ginkel, Kevin",5/8/2024,746717,21,100,2024
21,668941,"Romero, JoJo",8/22/2024,745137,21,100,2024
21,678692,"Henriquez, Ronny",9/18/2024,746582,21,100,2024
21,657508,"Baumann, Mike",8/8/2024,745710,21,100,2024
21,640462,"Puk, A.J.",7/6/2024,746044,21,100,2024
21,489446,"Yates, Kirby",7/22/2024,744988,21,100,2024
21,664854,"Helsley, Ryan",6/26/2024,745158,21,100,2024
21,660853,"De Los Santos, Enyel",7/5/2024,745398,21,100,2024
21,621383,"Banks, Tanner",6/15/2024,747187,21,100,2024
21,671345,"Foley, Jason",4/13/2024,746489,21,100,2024
21,543351,"Jackson, Jay",6/20/2024,745889,21,100,2024
21,664747,"Díaz, Alexis",5/13/2024,747204,21,100,2024
21,664747,"Díaz, Alexis",5/10/2024,745340,21,100,2024
21,675540,"Curry, Xzavion",6/26/2024,747019,50,42,2024
21,669062,"Miller, Erik",7/7/2024,746616,21,100,2024
21,621242,"Díaz, Edwin",8/28/2024,747161,21,100,2024
21,455119,"Martin, Chris",4/28/2024,746967,23,91.3,2024
21,669912,"Snead, Kirby",6/10/2024,745248,21,100,2024
21,672582,"Zerpa, Angel",6/2/2024,746301,21,100,2024
21,666720,"Rodríguez, Yerry",4/7/2024,745032,21,100,2024
21,663947,"Holton, Tyler",4/26/2024,746482,21,100,2024
21,658648,"Avila, Pedro",6/18/2024,746627,31,67.7,2024
21,605154,"Brebbia, John",5/9/2024,746802,21,100,2024
21,623352,"Hader, Josh",4/2/2024,746411,21,100,2024
21,702352,"Bivens, Spencer",7/28/2024,745305,21,100,2024
21,542888,"Armstrong, Shawn",7/13/2024,745067,21,100,2024
21,668338,"Miller, Tyson",7/3/2024,746858,21,100,2024
21,614179,"Ruiz, José",6/8/2024,745814,21,100,2024
21,693312,"Nicolas, Kyle",8/13/2024,745382,21,100,2024
21,669387,"Mlodzinski, Carmen",9/26/2024,745443,21,100,2024
21,608344,"Irvin, Cole",7/11/2024,747011,53,39.6,2024
21,647336,"Soroka, Michael",5/22/2024,744933,54,38.9,2024
21,605447,"Romano, Jordan",5/13/2024,747040,21,100,2024
21,472610,"García, Luis",6/4/2024,746222,21,100,2024
21,655889,"Rodríguez, Manuel",8/17/2024,745049,21,100,2024
21,681911,"Vesia, Alex",7/13/2024,746447,21,100,2024
21,600917,"Leclerc, José",9/1/2024,744970,21,100,2024
21,657044,"Thompson, Ryan",9/8/2024,746345,21,100,2024
21,641771,"Kuhl, Chad",6/23/2024,746457,99,21.2,2024
21,670990,"Ramírez, Yohan",7/14/2024,746449,21,100,2024
21,596133,"Weaver, Luke",8/25/2024,745706,21,100,2024
21,657585,"Garrett, Reed",8/18/2024,745786,27,77.8,2024
21,661527,"Martinez, Seth",4/14/2024,746404,21,100,2024
21,669674,"Long, Sam",7/4/2024,746285,21,100,2024
21,666808,"Doval, Camilo",9/13/2024,745286,21,100,2024
21,622065,"Young, Alex",9/17/2024,745772,21,100,2024
21,690829,"Joyce, Ben",6/24/2024,746218,21,100,2024
21,519008,"McFarland, T.J.",5/24/2024,745663,21,100,2024
21,642701,"Santana, Dennis",4/10/2024,745763,21,100,2024
21,672860,"Berroa, Prelander",8/27/2024,746755,21,100,2024
21,683155,"Estes, Joey",7/3/2024,745643,92,22.8,2024
21,605280,"Holmes, Clay",4/20/2024,745760,21,100,2024
21,608648,"Duffey, Tyler",5/8/2024,746312,21,100,2024
21,660853,"De Los Santos, Enyel",8/12/2024,746762,48,43.8,2024
21,677161,"Kelly, Zack",9/8/2024,746910,21,100,2024
21,656464,"Ginkel, Kevin",4/21/2024,745353,21,100,2024
21,668674,"Erceg, Lucas",3/30/2024,745684,21,100,2024
21,650895,"Castillo, Diego",6/10/2024,745897,21,100,2024
21,547184,"Kelly, Michael",4/7/2024,746493,21,100,2024
21,623211,"Brazobán, Huascar",8/20/2024,745782,21,100,2024
21,686747,"La Sorsa, Joe",9/17/2024,745772,21,100,2024
21,670950,"Richards, Trevor",8/4/2024,745879,21,100,2024
21,669062,"Miller, Erik",7/13/2024,745311,21,100,2024
21,641729,"Jiménez, Joe",9/8/2024,747072,21,100,2024
21,592094,"Adam, Jason",5/21/2024,745090,21,100,2024
21,664747,"Díaz, Alexis",5/19/2024,746144,21,100,2024
21,606930,"Barnes, Jacob",9/7/2024,745456,21,100,2024
21,623474,"Herget, Jimmy",5/25/2024,745493,21,100,2024
21,656222,"Beeks, Jalen",6/23/2024,746536,21,100,2024
21,664875,"Lawrence, Justin",7/30/2024,746197,21,100,2024
21,656848,"Petersen, Michael",9/18/2024,746014,21,100,2024
21,669212,"Morgan, Eli",8/23/2024,746597,21,100,2024
21,647336,"Soroka, Michael",6/20/2024,746782,21,100,2024
21,640448,"Finnegan, Kyle",4/28/2024,746077,21,100,2024
21,681402,"Varland, Gus",5/4/2024,746155,21,100,2024
21,518886,"Kimbrel, Craig",7/29/2024,747039,21,100,2024
21,607481,"Bummer, Aaron",3/29/2024,745604,21,100,2024
21,668674,"Erceg, Lucas",7/21/2024,745633,21,100,2024
21,656546,"Hoffman, Jeff",8/31/2024,745532,21,100,2024
21,695243,"Miller, Mason",9/13/2024,746744,21,100,2024
21,664747,"Díaz, Alexis",4/14/2024,746810,21,100,2024
21,624522,"Thompson, Keegan",8/27/2024,745461,21,100,2024
21,628452,"Iglesias, Raisel",8/23/2024,747080,21,100,2024
21,657649,"Koenig, Jared",9/22/2024,745929,21,100,2024
21,656641,"Latz, Jacob",5/13/2024,745019,21,100,2024
21,554340,"García, Yimi",4/10/2024,744950,21,100,2024
21,663531,"Allen, Logan",5/31/2024,745820,67,31.3,2024
21,656945,"Scott, Tanner",9/1/2024,745048,21,100,2024
21,664350,"Sánchez, Sixto",4/17/2024,746076,21,100,2024
21,661403,"Clase, Emmanuel",9/25/2024,746583,21,100,2024
21,676702,"Stratton, Hunter",5/13/2024,745991,21,100,2024
21,681869,"Dubin, Shawn",5/1/2024,746399,21,100,2024
21,572955,"Johnson, Pierce",4/2/2024,746814,21,100,2024
21,600917,"Leclerc, José",8/13/2024,746924,21,100,2024
21,608717,"Stratton, Chris",4/17/2024,746809,24,87.5,2024
21,663432,"Rainey, Tanner",6/3/2024,744854,21,100,2024
21,656546,"Hoffman, Jeff",7/13/2024,745549,21,100,2024
21,665625,"Peguero, Elvis",4/9/2024,746732,36,58.3,2024
21,666974,"Cano, Yennier",4/7/2024,745523,21,100,2024
21,663574,"Santillan, Tony",8/10/2024,745955,21,100,2024
21,641755,"Kinley, Tyler",8/7/2024,746521,21,100,2024
21,663947,"Holton, Tyler",8/25/2024,746754,31,67.7,2024
21,543859,"Tonkin, Michael",5/22/2024,745743,39,53.8,2024
21,668941,"Romero, JoJo",5/25/2024,745176,24,87.5,2024
21,641927,"Ober, Bailey",6/22/2024,745644,89,23.6,2024
21,643338,"Green, Chad",7/11/2024,745313,21,100,2024
21,628452,"Iglesias, Raisel",7/8/2024,747181,21,100,2024
21,660853,"De Los Santos, Enyel",4/10/2024,745429,21,100,2024
21,621237,"Alvarado, José",6/5/2024,745570,21,100,2024
21,593974,"Peralta, Wandy",5/26/2024,745413,21,100,2024
21,666149,"Fitzgerald, Tyler",4/19/2024,745352,21,100,2024
21,663423,"Thornton, Trent",9/3/2024,745615,21,100,2024
21,445276,"Jansen, Kenley",4/3/2024,745678,21,100,2024
21,662253,"Muñoz, Andrés",8/20/2024,746107,27,77.8,2024
21,664849,"Young, Danny",9/2/2024,745779,21,100,2024
21,547973,"Chapman, Aroldis",5/5/2024,745504,21,100,2024
21,663158,"Suarez, Robert",6/25/2024,745399,21,100,2024
21,600917,"Leclerc, José",4/3/2024,745114,21,100,2024
21,542585,"Cisnero, José",4/19/2024,746729,21,100,2024
21,670174,"Winckowski, Josh",9/9/2024,746909,45,46.7,2024
21,669461,"Liberatore, Matthew",9/17/2024,745122,21,100,2024
21,656550,"Holmes, Grant",6/26/2024,745158,39,53.8,2024
21,657044,"Thompson, Ryan",7/11/2024,747178,21,100,2024
21,608723,"Voth, Austin",4/13/2024,745272,21,100,2024
21,664747,"Díaz, Alexis",7/22/2024,747095,21,100,2024
21,669060,"Wilson, Bryse",8/16/2024,745949,21,100,2024
21,657649,"Koenig, Jared",8/9/2024,745957,21,100,2024
21,656222,"Beeks, Jalen",7/10/2024,746689,21,100,2024
21,666808,"Doval, Camilo",7/28/2024,745305,21,100,2024
21,605177,"Chafin, Andrew",4/18/2024,746485,21,100,2024
21,640451,"Harvey, Hunter",6/22/2024,746541,21,100,2024
21,665620,"García, Deivi",4/27/2024,746803,21,100,2024
21,640451,"Harvey, Hunter",7/2/2024,744838,21,100,2024
21,573009,"Mantiply, Joe",9/22/2024,745929,21,100,2024
21,641329,"Baker, Bryan",8/16/2024,747001,21,100,2024
21,642207,"Williams, Devin",9/26/2024,745443,21,100,2024
21,621242,"Díaz, Edwin",6/14/2024,745810,21,100,2024
21,543859,"Tonkin, Michael",4/21/2024,746154,38,55.3,2024
21,676395,"Garcia, Robert",7/2/2024,744838,21,100,2024
21,663432,"Rainey, Tanner",4/4/2024,744870,21,100,2024
21,592094,"Adam, Jason",5/4/2024,745100,21,100,2024
21,663531,"Allen, Logan",4/23/2024,745193,34,61.8,2024
21,676617,"O'Brien, Riley",9/14/2024,744884,51,41.2,2024
21,664129,"Hartlieb, Geoff",6/17/2024,746543,28,75,2024
21,664854,"Helsley, Ryan",5/29/2024,746706,21,100,2024
21,676534,"Faucher, Calvin",8/18/2024,745786,21,100,2024
21,676534,"Faucher, Calvin",5/5/2024,745667,21,100,2024
21,683232,"Mears, Nick",4/10/2024,746573,21,100,2024
21,657508,"Baumann, Mike",6/9/2024,746297,21,100,2024
21,663568,"Kolek, Stephen",4/26/2024,745424,21,100,2024
21,518489,"Brasier, Ryan",4/19/2024,746160,21,100,2024
21,614179,"Ruiz, José",5/25/2024,746556,21,100,2024
21,622253,"Tate, Dillon",6/11/2024,747027,21,100,2024
21,518617,"Diekman, Jake",7/28/2024,745795,21,100,2024
21,660761,"Suarez, José",4/22/2024,746242,21,100,2024
21,663878,"Pearson, Nate",5/18/2024,744938,21,100,2024
21,571946,"Miller, Shelby",8/23/2024,746758,21,100,2024
21,650556,"Abreu, Bryan",8/14/2024,745053,21,100,2024
21,643377,"Jax, Griffin",4/19/2024,745922,21,100,2024
21,614179,"Ruiz, José",5/4/2024,745583,33,63.6,2024
21,656546,"Hoffman, Jeff",7/24/2024,745877,21,100,2024
21,642701,"Santana, Dennis",9/28/2024,745685,21,100,2024
21,641401,"Brogdon, Connor",4/9/2024,745924,21,100,2024
21,670955,"Uceta, Edwin",8/18/2024,745051,21,100,2024
21,686799,"Kochanowicz, Jack",8/11/2024,744816,93,22.6,2024
21,657240,"Merryweather, Julian",8/14/2024,746598,21,100,2024
21,669674,"Long, Sam",7/10/2024,745155,21,100,2024
21,664123,"Effross, Scott",9/27/2024,745692,21,100,2024
21,694350,"Brzykcy, Zach",9/18/2024,745771,21,100,2024
21,663568,"Kolek, Stephen",6/21/2024,745403,40,52.5,2024
21,643410,"Leiter Jr., Mark",4/6/2024,746896,21,100,2024
21,623465,"Phillips, Evan",8/24/2024,746108,21,100,2024
21,608718,"Suter, Brent",5/24/2024,746713,21,100,2024
21,640462,"Puk, A.J.",7/27/2024,747171,21,100,2024
21,660813,"Graterol, Brusdar",9/10/2024,746097,21,100,2024
21,663992,"Lovelady, Richard",9/22/2024,745036,21,100,2024
21,677161,"Kelly, Zack",5/14/2024,746962,21,100,2024
21,642207,"Williams, Devin",9/10/2024,745291,21,100,2024
21,677053,"Nardi, Andrew",7/7/2024,746039,21,100,2024
21,695243,"Miller, Mason",7/12/2024,745552,21,100,2024
21,519043,"Moore, Matt",5/17/2024,745016,21,100,2024
21,606149,"Gallegos, Giovanny",4/28/2024,745834,21,100,2024
21,676092,"Snider, Collin",9/12/2024,745208,21,100,2024
21,670990,"Ramírez, Yohan",7/24/2024,746119,36,58.3,2024
20,572143,"Smith, Burch",8/16/2024,747001,20,100,2024
20,502624,"Anderson, Chase",4/12/2024,746978,20,100,2024
20,445926,"Chavez, Jesse",4/13/2024,746082,20,100,2024
20,608331,"Fried, Max",4/23/2024,747130,92,21.7,2024
20,663158,"Suarez, Robert",5/6/2024,746886,20,100,2024
20,647315,"Pop, Zach",5/19/2024,744937,20,100,2024
20,656945,"Scott, Tanner",5/15/2024,746472,20,100,2024
20,694363,"Shuster, Jared",5/3/2024,745187,55,36.4,2024
20,680744,"Madden, Ty",9/28/2024,746414,60,33.3,2024
20,657571,"Ferguson, Caleb",8/22/2024,746998,20,100,2024
20,548389,"Stripling, Ross",9/4/2024,745614,47,42.6,2024
20,543351,"Jackson, Jay",4/6/2024,745926,20,100,2024
20,608723,"Voth, Austin",9/21/2024,744958,20,100,2024
20,686580,"Slaten, Justin",5/31/2024,746955,20,100,2024
20,607200,"Fedde, Erick",4/28/2024,746805,108,18.5,2024
20,554340,"García, Yimi",4/28/2024,744947,20,100,2024
20,661403,"Clase, Emmanuel",8/11/2024,745872,20,100,2024
20,666808,"Doval, Camilo",7/12/2024,745312,20,100,2024
20,670280,"Bednar, David",7/29/2024,746360,20,100,2024
20,596133,"Weaver, Luke",6/9/2024,745736,24,83.3,2024
20,664747,"Díaz, Alexis",3/30/2024,746736,20,100,2024
20,681799,"Roberts, Ethan",7/6/2024,746856,33,60.6,2024
20,657585,"Garrett, Reed",4/28/2024,745834,20,100,2024
20,656302,"Cease, Dylan",7/25/2024,744827,114,17.5,2024
20,542585,"Cisnero, José",4/14/2024,746975,20,100,2024
20,677161,"Kelly, Zack",4/30/2024,746968,20,100,2024
20,681869,"Dubin, Shawn",8/11/2024,746923,20,100,2024
20,554340,"García, Yimi",6/11/2024,745981,20,100,2024
20,670280,"Bednar, David",4/22/2024,745519,20,100,2024
20,663423,"Thornton, Trent",5/18/2024,747036,20,100,2024
20,664076,"Cleavinger, Garrett",9/17/2024,745044,20,100,2024
20,518886,"Kimbrel, Craig",9/3/2024,746991,20,100,2024
20,493603,"Ottavino, Adam",7/9/2024,745803,20,100,2024
20,613534,"Adams, Austin",8/5/2024,745628,20,100,2024
20,676680,"Cosgrove, Tom",4/9/2024,745433,20,100,2024
20,547973,"Chapman, Aroldis",6/4/2024,745497,20,100,2024
20,663423,"Thornton, Trent",8/26/2024,745215,20,100,2024
20,669422,"Sauer, Matt",5/19/2024,746306,20,100,2024
20,669062,"Miller, Erik",6/10/2024,745334,20,100,2024
20,656232,"Bielak, Brandon",5/4/2024,746394,31,64.5,2024
20,663947,"Holton, Tyler",8/30/2024,746433,20,100,2024
20,614179,"Ruiz, José",8/27/2024,745540,20,100,2024
20,672582,"Zerpa, Angel",8/24/2024,746271,20,100,2024
20,676130,"Buttó, José",8/29/2024,747159,20,100,2024
20,608723,"Voth, Austin",7/7/2024,745233,20,100,2024
20,670102,"Francis, Bowden",8/24/2024,744890,117,17.1,2024
20,605347,"López, Jorge",5/29/2024,745817,20,100,2024
20,519326,"Strickland, Hunter",4/8/2024,746252,20,100,2024
20,656546,"Hoffman, Jeff",4/25/2024,746724,20,100,2024
20,665625,"Peguero, Elvis",7/13/2024,745963,25,80,2024
20,643511,"Rogers, Tyler",5/15/2024,745341,20,100,2024
20,608723,"Voth, Austin",5/24/2024,744853,20,100,2024
20,518886,"Kimbrel, Craig",6/10/2024,745080,20,100,2024
20,519151,"Pressly, Ryan",7/31/2024,746363,20,100,2024
20,605177,"Chafin, Andrew",7/13/2024,746447,20,100,2024
20,679885,"Martinez, Justin",8/18/2024,745051,20,100,2024
20,605463,"Scott, Tayler",7/24/2024,745634,20,100,2024
20,671345,"Foley, Jason",4/19/2024,745922,20,100,2024
20,641645,"Guillorme, Luis",4/11/2024,747137,20,100,2024
20,641755,"Kinley, Tyler",6/30/2024,746779,20,100,2024
20,614179,"Ruiz, José",7/9/2024,745557,20,100,2024
20,674285,"Salazar, Eduardo",8/5/2024,744821,20,100,2024
20,669622,"Bender, Anthony",4/1/2024,746085,20,100,2024
20,572955,"Johnson, Pierce",4/8/2024,747142,20,100,2024
20,686294,"Willingham, Amos",7/14/2024,745962,20,100,2024
20,605280,"Holmes, Clay",5/23/2024,745741,20,100,2024
20,658648,"Avila, Pedro",3/29/2024,745435,20,100,2024
20,665625,"Peguero, Elvis",7/5/2024,746127,20,100,2024
20,670280,"Bednar, David",5/12/2024,745499,20,100,2024
20,571946,"Miller, Shelby",8/30/2024,746433,20,100,2024
20,676684,"Vest, Will",9/15/2024,746419,28,71.4,2024
20,621381,"Strahm, Matt",8/29/2024,745531,20,100,2024
20,641745,"Keller, Brad",5/7/2024,745095,60,33.3,2024
20,672335,"Pérez, Cionel",7/20/2024,744994,20,100,2024
20,650556,"Abreu, Bryan",5/17/2024,746388,20,100,2024
20,642232,"Yarbrough, Ryan",7/11/2024,745558,34,58.8,2024
20,519043,"Moore, Matt",5/5/2024,746643,20,100,2024
20,683568,"Iriarte, Jairo",9/20/2024,745364,20,100,2024
20,622253,"Tate, Dillon",6/2/2024,747030,28,71.4,2024
20,592426,"Jackson, Luke",7/19/2024,746531,20,100,2024
20,502085,"Robertson, David",6/13/2024,746136,20,100,2024
20,640451,"Harvey, Hunter",7/12/2024,745965,20,100,2024
20,642629,"Ramirez, Emmanuel",8/21/2024,746028,20,100,2024
20,657514,"Bernardino, Brennan",8/18/2024,746999,20,100,2024
20,666277,"Soriano, George",8/28/2024,746512,20,100,2024
20,655889,"Rodríguez, Manuel",8/24/2024,746108,20,100,2024
20,656546,"Hoffman, Jeff",9/1/2024,745536,20,100,2024
20,673929,"Leasure, Jordan",5/14/2024,746799,20,100,2024
20,681870,"Sabrowski, Erik",9/10/2024,746747,20,100,2024
20,607455,"Banda, Anthony",9/6/2024,746104,20,100,2024
20,687863,"Hodge, Porter",7/31/2024,746678,20,100,2024
20,593576,"Neris, Héctor",5/31/2024,746877,20,100,2024
20,689225,"Brieske, Beau",8/6/2024,745221,20,100,2024
20,650556,"Abreu, Bryan",9/10/2024,746346,20,100,2024
20,702795,"Loutos, Ryan",6/1/2024,745575,20,100,2024
20,660600,"Paredes, Enoli",6/18/2024,746217,27,74.1,2024
20,571656,"Farmer, Buck",5/11/2024,745344,20,100,2024
20,679885,"Martinez, Justin",9/3/2024,745293,20,100,2024
20,661403,"Clase, Emmanuel",8/20/2024,745707,20,100,2024
20,673380,"Núñez, Dedniel",7/13/2024,745798,20,100,2024
20,676568,"Vanasco, Ricky",4/15/2024,746158,20,100,2024
20,656638,"Lange, Alex",5/7/2024,746638,20,100,2024
20,543339,"Hudson, Daniel",8/15/2024,745950,20,100,2024
20,657024,"Swanson, Erik",7/23/2024,744904,20,100,2024
20,666745,"Brito, Jhony",5/29/2024,745414,42,47.6,2024
20,605121,"Anderson, Justin",9/7/2024,746911,20,100,2024
20,666808,"Doval, Camilo",5/22/2024,745502,20,100,2024
20,681870,"Sabrowski, Erik",9/4/2024,746262,27,74.1,2024
20,663704,"McArthur, James",4/23/2024,746321,20,100,2024
20,605154,"Brebbia, John",7/29/2024,746765,20,100,2024
20,608334,"Fulmer, Carson",4/13/2024,746979,62,32.3,2024
20,519326,"Strickland, Hunter",5/11/2024,746232,20,100,2024
20,642397,"Soto, Gregory",9/1/2024,746505,20,100,2024
20,679885,"Martinez, Justin",5/10/2024,747043,27,74.1,2024
20,605130,"Barlow, Scott",5/11/2024,746797,20,100,2024
20,660825,"Bazardo, Eduard",9/20/2024,744960,20,100,2024
20,666974,"Cano, Yennier",4/17/2024,747049,20,100,2024
20,592094,"Adam, Jason",6/8/2024,745082,20,100,2024
20,592454,"Kahnle, Tommy",8/4/2024,745718,20,100,2024
20,681867,"Criswell, Cooper",7/30/2024,746926,32,62.5,2024
20,543475,"Lyles, Jordan",3/31/2024,746332,20,100,2024
20,607481,"Bummer, Aaron",5/21/2024,746875,20,100,2024
20,656629,"Kopech, Michael",4/15/2024,746813,20,100,2024
20,592094,"Adam, Jason",6/14/2024,747112,20,100,2024
20,621242,"Díaz, Edwin",4/24/2024,745346,20,100,2024
20,605177,"Chafin, Andrew",7/9/2024,746451,20,100,2024
20,641729,"Jiménez, Joe",9/3/2024,747079,20,100,2024
20,681911,"Vesia, Alex",7/25/2024,746117,20,100,2024
20,489446,"Yates, Kirby",9/27/2024,746173,20,100,2024
20,688297,"Roycroft, Chris",7/10/2024,745155,27,74.1,2024
20,641729,"Jiménez, Joe",7/31/2024,745960,20,100,2024
20,656896,"Rivera, Emmanuel",5/4/2024,745666,20,100,2024
20,643410,"Leiter Jr., Mark",8/13/2024,746757,20,100,2024
20,608678,"Leone, Dominic",8/12/2024,746762,20,100,2024
20,592779,"Stewart, Brock",4/25/2024,745918,20,100,2024
20,643410,"Leiter Jr., Mark",5/17/2024,746878,20,100,2024
20,677976,"Dobnak, Randy",8/6/2024,746840,49,40.8,2024
20,502085,"Robertson, David",9/8/2024,744965,20,100,2024
20,552640,"Kittredge, Andrew",6/16/2024,746866,20,100,2024
20,592155,"Booser, Cam",8/9/2024,746927,20,100,2024
20,641755,"Kinley, Tyler",8/27/2024,746510,20,100,2024
20,623352,"Hader, Josh",7/9/2024,746368,20,100,2024
20,543518,"McGough, Scott",4/30/2024,747210,20,100,2024
20,670059,"Holderman, Colin",8/2/2024,745471,20,100,2024
20,640448,"Finnegan, Kyle",9/11/2024,744804,20,100,2024
20,600917,"Leclerc, José",5/1/2024,745023,20,100,2024
20,661395,"Duran, Jhoan",9/20/2024,746905,20,100,2024
20,641755,"Kinley, Tyler",7/31/2024,746198,20,100,2024
20,621381,"Strahm, Matt",5/12/2024,746068,20,100,2024
20,663738,"Lynch IV, Daniel",9/2/2024,746265,20,100,2024
20,570632,"Ureña, José",6/23/2024,745000,42,47.6,2024
20,664747,"Díaz, Alexis",6/14/2024,745979,20,100,2024
20,657024,"Swanson, Erik",9/22/2024,745036,20,100,2024
20,621237,"Alvarado, José",6/11/2024,746951,20,100,2024
20,606303,"Payamps, Joel",4/25/2024,745512,20,100,2024
20,656730,"Megill, Trevor",6/24/2024,745974,20,100,2024
20,622251,"Staumont, Josh",7/20/2024,745880,20,100,2024
20,676661,"Lazar, Max",8/15/2024,745545,20,100,2024
20,624522,"Thompson, Keegan",5/8/2024,746879,20,100,2024
20,445276,"Jansen, Kenley",7/21/2024,746125,20,100,2024
20,621242,"Díaz, Edwin",4/28/2024,745834,20,100,2024
20,608032,"Estévez, Carlos",7/7/2024,746855,20,100,2024
20,676596,"Fleming, Josh",5/13/2024,745991,40,50,2024
20,621242,"Díaz, Edwin",8/15/2024,745783,20,100,2024
20,640470,"Alzolay, Adbert",5/10/2024,745506,20,100,2024
20,676969,"de Geus, Brett",8/23/2024,746024,20,100,2024
20,678821,"Peralta, Luis",9/27/2024,746494,20,100,2024
20,608717,"Stratton, Chris",7/12/2024,746936,20,100,2024
20,661403,"Clase, Emmanuel",7/6/2024,746615,20,100,2024
20,662253,"Muñoz, Andrés",7/28/2024,746770,20,100,2024
20,689958,"Walters, Andrew",9/17/2024,746587,20,100,2024
20,656234,"Bird, Jake",4/13/2024,744953,20,100,2024
20,676254,"Walker, Ryan",4/12/2024,745112,20,100,2024
20,641656,"Hamilton, Ian",6/10/2024,746295,20,100,2024
20,666745,"Brito, Jhony",4/16/2024,746004,20,100,2024
20,663947,"Holton, Tyler",7/3/2024,745888,20,100,2024
20,502624,"Anderson, Chase",6/11/2024,746951,20,100,2024
20,669062,"Miller, Erik",4/13/2024,745110,20,100,2024
20,596133,"Weaver, Luke",5/31/2024,745331,20,100,2024
20,656222,"Beeks, Jalen",5/12/2024,746555,20,100,2024
20,669422,"Sauer, Matt",4/11/2024,746322,40,50,2024
20,472610,"García, Luis",6/21/2024,746131,20,100,2024
20,502085,"Robertson, David",8/29/2024,746748,20,100,2024
20,676684,"Vest, Will",9/1/2024,746426,27,74.1,2024
20,642397,"Soto, Gregory",4/8/2024,745194,20,100,2024
20,621242,"Díaz, Edwin",4/20/2024,746156,20,100,2024
20,669212,"Morgan, Eli",9/13/2024,746586,20,100,2024
20,571946,"Miller, Shelby",4/30/2024,746477,20,100,2024
20,607179,"Weems, Jordan",7/19/2024,744829,20,100,2024
20,606160,"Montero, Rafael",7/28/2024,746364,20,100,2024
20,641656,"Hamilton, Ian",6/16/2024,746945,20,100,2024
20,595014,"Treinen, Blake",7/22/2024,746124,20,100,2024
20,593576,"Neris, Héctor",4/3/2024,746900,20,100,2024
20,519326,"Strickland, Hunter",8/14/2024,746188,20,100,2024
20,643377,"Jax, Griffin",6/20/2024,745889,20,100,2024
20,605121,"Anderson, Justin",8/28/2024,746752,20,100,2024
20,605121,"Anderson, Justin",9/1/2024,746750,20,100,2024
20,572955,"Johnson, Pierce",5/20/2024,747121,20,100,2024
20,676395,"Garcia, Robert",9/3/2024,746020,20,100,2024
20,657240,"Merryweather, Julian",4/5/2024,746897,27,74.1,2024
20,681676,"Fernandez, Ryan",5/28/2024,746709,20,100,2024
20,666974,"Cano, Yennier",3/31/2024,747062,20,100,2024
20,608638,"Chargois, JT",7/22/2024,746034,20,100,2024
20,595345,"Okert, Steven",4/3/2024,746008,20,100,2024
20,676534,"Faucher, Calvin",7/19/2024,746040,20,100,2024
20,660825,"Bazardo, Eduard",9/8/2024,745128,20,100,2024
20,666808,"Doval, Camilo",5/8/2024,746562,20,100,2024
20,663158,"Suarez, Robert",7/5/2024,745398,20,100,2024
20,657571,"Ferguson, Caleb",6/20/2024,745734,20,100,2024
20,543056,"Coulombe, Danny",5/29/2024,747031,20,100,2024
20,679885,"Martinez, Justin",5/13/2024,747204,20,100,2024
20,686563,"Cannon, Jonathan",6/18/2024,746783,106,18.9,2024
20,605130,"Barlow, Scott",4/4/2024,745928,20,100,2024
20,669093,"Estrada, Jeremiah",8/21/2024,745375,20,100,2024
20,606160,"Montero, Rafael",7/14/2024,746370,20,100,2024
20,656638,"Lange, Alex",4/23/2024,745102,20,100,2024
20,543339,"Hudson, Daniel",5/20/2024,746146,20,100,2024
20,592454,"Kahnle, Tommy",6/25/2024,745806,20,100,2024
20,622259,"Wingenter, Trey",9/11/2024,746100,20,100,2024
20,662253,"Muñoz, Andrés",8/3/2024,745225,20,100,2024
20,605121,"Anderson, Justin",9/18/2024,746172,20,100,2024
20,640470,"Alzolay, Adbert",4/5/2024,746897,20,100,2024
20,660896,"Alcala, Jorge",8/15/2024,744980,20,100,2024
20,640448,"Finnegan, Kyle",3/31/2024,746739,20,100,2024
20,595897,"Burdi, Nick",5/18/2024,745744,28,71.4,2024
20,656354,"Davis, Austin",7/19/2024,746618,20,100,2024
20,664208,"Maton, Phil",7/31/2024,745789,20,100,2024
20,592351,"Gray, Jon",7/19/2024,744990,20,100,2024
20,670970,"Morejon, Adrian",8/29/2024,745135,20,100,2024
20,641755,"Kinley, Tyler",6/11/2024,745899,20,100,2024
20,670167,"Schreiber, John",8/21/2024,746267,20,100,2024
20,608717,"Stratton, Chris",7/22/2024,746280,20,100,2024
20,666974,"Cano, Yennier",8/20/2024,745782,20,100,2024
20,489446,"Yates, Kirby",4/12/2024,746408,20,100,2024
20,680704,"Sandlin, Nick",8/1/2024,746607,20,100,2024
20,455119,"Martin, Chris",7/3/2024,746045,20,100,2024
20,701643,"Hartwig, Grant",5/17/2024,746065,39,51.3,2024
20,674944,"Guenther, Sean",8/1/2024,746442,20,100,2024
20,572955,"Johnson, Pierce",8/13/2024,745302,20,100,2024
20,656412,"Faedo, Alex",5/30/2024,746954,24,83.3,2024
20,650556,"Abreu, Bryan",8/9/2024,746927,20,100,2024
20,656641,"Latz, Jacob",4/2/2024,745111,30,66.7,2024
20,621051,"Wilson, Steven",7/27/2024,746768,20,100,2024
20,664875,"Lawrence, Justin",7/22/2024,746526,20,100,2024
20,657508,"Baumann, Mike",5/5/2024,746719,20,100,2024
20,623352,"Hader, Josh",4/7/2024,745032,20,100,2024
20,606160,"Montero, Rafael",6/3/2024,746382,20,100,2024
20,621051,"Wilson, Steven",8/12/2024,746762,20,100,2024
20,686730,"Spiers, Carson",9/12/2024,745129,67,29.9,2024
20,605154,"Brebbia, John",6/13/2024,745245,20,100,2024
20,686747,"La Sorsa, Joe",8/21/2024,744812,20,100,2024
20,664776,"Cousins, Jake",8/2/2024,745719,20,100,2024
20,608723,"Voth, Austin",4/29/2024,745263,20,100,2024
20,612434,"Castro, Miguel",4/7/2024,747141,22,90.9,2024
20,670970,"Morejon, Adrian",5/4/2024,747209,20,100,2024
20,640448,"Finnegan, Kyle",5/30/2024,747114,20,100,2024
20,600986,"Vieira, Thyago",4/3/2024,746008,20,100,2024
20,663321,"Hernandez, Nick",6/21/2024,746375,40,50,2024
20,681867,"Criswell, Cooper",7/28/2024,746929,20,100,2024
20,661395,"Duran, Jhoan",5/30/2024,745898,20,100,2024
20,608717,"Stratton, Chris",5/20/2024,746307,20,100,2024
20,455119,"Martin, Chris",8/16/2024,747001,20,100,2024
20,489446,"Yates, Kirby",9/12/2024,745208,20,100,2024
20,660853,"De Los Santos, Enyel",9/3/2024,746991,20,100,2024
20,669093,"Estrada, Jeremiah",6/12/2024,745405,20,100,2024
20,676534,"Faucher, Calvin",5/15/2024,746472,20,100,2024
20,695243,"Miller, Mason",6/14/2024,745892,20,100,2024
20,688297,"Roycroft, Chris",7/7/2024,744832,20,100,2024
20,680767,"Vodnik, Victor",5/9/2024,746563,26,76.9,2024
20,686730,"Spiers, Carson",9/7/2024,745775,60,33.3,2024
20,679885,"Martinez, Justin",8/2/2024,745471,20,100,2024
20,571946,"Miller, Shelby",7/6/2024,746694,32,62.5,2024
20,656412,"Faedo, Alex",4/1/2024,745842,38,52.6,2024
20,607192,"Glasnow, Tyler",4/21/2024,746154,101,19.8,2024
20,656730,"Megill, Trevor",7/13/2024,745963,20,100,2024
20,622663,"Severino, Luis",6/5/2024,744852,92,21.7,2024
20,543391,"Kelly, Casey",8/24/2024,745457,38,52.6,2024
20,672552,"O'Loughlin, Jack",5/26/2024,745653,42,47.6,2024
20,458677,"Wilson, Justin",7/4/2024,745726,20,100,2024
20,641941,"Pagán, Emilio",9/2/2024,746668,28,71.4,2024
20,669276,"Lee, Dylan",5/26/2024,745498,20,100,2024
20,605280,"Holmes, Clay",4/14/2024,746648,20,100,2024
20,518617,"Diekman, Jake",6/29/2024,745801,20,100,2024
20,655889,"Rodríguez, Manuel",7/30/2024,745060,20,100,2024
20,678606,"Ferrer, Jose A.",7/19/2024,744829,20,100,2024
20,662253,"Muñoz, Andrés",3/29/2024,745276,20,100,2024
20,621242,"Díaz, Edwin",7/30/2024,745787,20,100,2024
20,605280,"Holmes, Clay",6/13/2024,746299,20,100,2024
20,657240,"Merryweather, Julian",8/25/2024,746023,20,100,2024
20,661395,"Duran, Jhoan",6/14/2024,745892,20,100,2024
20,455119,"Martin, Chris",4/3/2024,745678,20,100,2024
20,640451,"Harvey, Hunter",4/12/2024,745679,20,100,2024
20,681871,"Villalobos, Eli",5/5/2024,745667,20,100,2024
20,519151,"Pressly, Ryan",9/12/2024,746337,20,100,2024
20,592767,"Smyly, Drew",3/28/2024,745039,20,100,2024
20,605280,"Holmes, Clay",7/12/2024,747012,20,100,2024
20,592773,"Stanek, Ryne",7/30/2024,745787,20,100,2024
20,687863,"Hodge, Porter",9/14/2024,746508,20,100,2024
20,656354,"Davis, Austin",6/28/2024,746939,20,100,2024
20,656550,"Holmes, Grant",7/4/2024,747103,42,47.6,2024
20,572955,"Johnson, Pierce",8/22/2024,747082,24,83.3,2024
20,656945,"Scott, Tanner",7/14/2024,746686,20,100,2024
20,664875,"Lawrence, Justin",8/29/2024,746514,20,100,2024
20,690829,"Joyce, Ben",6/8/2024,746223,20,100,2024
20,687863,"Hodge, Porter",9/19/2024,746823,20,100,2024
20,656546,"Hoffman, Jeff",7/23/2024,745878,20,100,2024
20,669276,"Lee, Dylan",9/29/2024,747061,20,100,2024
20,595014,"Treinen, Blake",5/13/2024,745343,20,100,2024
20,572955,"Johnson, Pierce",8/27/2024,745864,20,100,2024
20,669276,"Lee, Dylan",7/22/2024,747095,20,100,2024
20,686642,"Ellard, Fraser",9/22/2024,745358,20,100,2024
20,687863,"Hodge, Porter",6/27/2024,745324,20,100,2024
20,682120,"Herrin, Tim",4/3/2024,745275,20,100,2024
20,661403,"Clase, Emmanuel",6/4/2024,746630,20,100,2024
20,664849,"Young, Danny",5/3/2024,745101,37,54.1,2024
20,656629,"Kopech, Michael",7/7/2024,746039,20,100,2024
20,547973,"Chapman, Aroldis",4/15/2024,745840,20,100,2024
20,640470,"Alzolay, Adbert",3/28/2024,745039,20,100,2024
20,593576,"Neris, Héctor",8/9/2024,746760,20,100,2024
20,676105,"Criswell, Jeff",8/28/2024,746512,37,54.1,2024
20,700187,"Taylor, Troy",9/27/2024,745202,20,100,2024
20,622554,"Domínguez, Seranthony",9/21/2024,746983,20,100,2024
20,606303,"Payamps, Joel",6/1/2024,745980,20,100,2024
20,676092,"Snider, Collin",9/18/2024,745199,20,100,2024
20,641745,"Keller, Brad",5/27/2024,747034,58,34.5,2024
20,655889,"Rodríguez, Manuel",9/1/2024,745048,20,100,2024
20,656876,"Rasmussen, Drew",9/25/2024,746420,37,54.1,2024
20,605280,"Holmes, Clay",6/1/2024,745332,20,100,2024
20,672578,"Hernández, Carlos",9/18/2024,746254,20,100,2024
20,607067,"Rea, Colin",9/16/2024,745939,29,69,2024
20,656638,"Lange, Alex",4/30/2024,746481,20,100,2024
20,663158,"Suarez, Robert",5/26/2024,745413,20,100,2024
20,687765,"Spence, Mitch",4/16/2024,745674,36,55.6,2024
20,621345,"Minter, A.J.",5/3/2024,746152,20,100,2024
20,681911,"Vesia, Alex",6/22/2024,746132,20,100,2024
20,663704,"McArthur, James",7/28/2024,746274,20,100,2024
20,657044,"Thompson, Ryan",5/19/2024,747198,30,66.7,2024
20,668941,"Romero, JoJo",4/9/2024,745195,34,58.8,2024
20,676534,"Faucher, Calvin",4/20/2024,746893,37,54.1,2024
20,663321,"Hernandez, Nick",9/8/2024,746345,20,100,2024
20,660896,"Alcala, Jorge",6/19/2024,745887,20,100,2024
20,661527,"Martinez, Seth",5/7/2024,745752,20,100,2024
20,595014,"Treinen, Blake",7/20/2024,746121,20,100,2024
20,622075,"Almonte, Yency",4/6/2024,746896,20,100,2024
20,623352,"Hader, Josh",8/26/2024,745538,20,100,2024
20,666818,"Frías, Luis",9/7/2024,747076,20,100,2024
20,592094,"Adam, Jason",4/16/2024,745108,20,100,2024
20,571948,"Milner, Hoby",5/27/2024,745986,20,100,2024
20,657044,"Thompson, Ryan",8/2/2024,745471,20,100,2024
20,594580,"Moll, Sam",7/6/2024,746694,20,100,2024
20,656557,"Houck, Tanner",4/17/2024,746973,94,21.3,2024
20,628708,"Marte, Yunior",6/27/2024,745565,20,100,2024
20,641729,"Jiménez, Joe",8/6/2024,747086,20,100,2024
19,552640,"Kittredge, Andrew",7/20/2024,747093,19,100,2024
19,656629,"Kopech, Michael",6/13/2024,745245,19,100,2024
19,605177,"Chafin, Andrew",4/16/2024,746486,19,100,2024
19,621053,"Ferguson, Tyler",8/13/2024,745788,19,100,2024
19,663546,"Hjelle, Sean",6/27/2024,745324,19,100,2024
19,656240,"Blewett, Scott",9/8/2024,746258,19,100,2024
19,679885,"Martinez, Justin",9/4/2024,745290,19,100,2024
19,593576,"Neris, Héctor",6/5/2024,746873,19,100,2024
19,489446,"Yates, Kirby",7/29/2024,745147,19,100,2024
19,656945,"Scott, Tanner",5/14/2024,746473,19,100,2024
19,643377,"Jax, Griffin",7/23/2024,745878,19,100,2024
19,663947,"Holton, Tyler",9/13/2024,746423,19,100,2024
19,661395,"Duran, Jhoan",6/21/2024,745649,19,100,2024
19,543339,"Hudson, Daniel",4/8/2024,745925,19,100,2024
19,502085,"Robertson, David",7/21/2024,744991,19,100,2024
19,605288,"Houser, Adrian",7/14/2024,745797,39,48.7,2024
19,663878,"Pearson, Nate",7/9/2024,745316,19,100,2024
19,502624,"Anderson, Chase",4/15/2024,746974,19,100,2024
19,628452,"Iglesias, Raisel",8/27/2024,745864,19,100,2024
19,593576,"Neris, Héctor",9/25/2024,746331,19,100,2024
19,554340,"García, Yimi",6/16/2024,744926,19,100,2024
19,680767,"Vodnik, Victor",6/18/2024,746542,19,100,2024
19,607455,"Banda, Anthony",7/7/2024,746122,19,100,2024
19,666808,"Doval, Camilo",5/27/2024,745338,19,100,2024
19,687911,"King, Bryan",8/28/2024,745541,19,100,2024
19,519326,"Strickland, Hunter",7/27/2024,746203,19,100,2024
19,592094,"Adam, Jason",4/29/2024,745999,19,100,2024
19,666204,"Jiménez, Dany",6/6/2024,745657,35,54.3,2024
19,657044,"Thompson, Ryan",8/4/2024,745468,19,100,2024
19,665625,"Peguero, Elvis",5/28/2024,745987,19,100,2024
19,664854,"Helsley, Ryan",6/14/2024,746869,19,100,2024
19,518886,"Kimbrel, Craig",6/19/2024,745732,19,100,2024
19,605130,"Barlow, Scott",7/29/2024,746444,19,100,2024
19,608032,"Estévez, Carlos",9/14/2024,745528,19,100,2024
19,643511,"Rogers, Tyler",9/22/2024,746253,19,100,2024
19,554431,"Matzek, Tyler",4/9/2024,747138,19,100,2024
19,571882,"Law, Derek",8/8/2024,744819,32,59.4,2024
19,686826,"Jarvis, Bryce",6/18/2024,744843,19,100,2024
19,661395,"Duran, Jhoan",6/8/2024,745492,19,100,2024
19,502085,"Robertson, David",7/5/2024,744992,23,82.6,2024
19,592767,"Smyly, Drew",4/1/2024,746899,19,100,2024
19,650893,"Cabrera, Génesis",5/31/2024,744928,19,100,2024
19,670955,"Uceta, Edwin",9/22/2024,745036,19,100,2024
19,686563,"Cannon, Jonathan",7/12/2024,746774,92,20.7,2024
19,656546,"Hoffman, Jeff",6/23/2024,745566,19,100,2024
19,656234,"Bird, Jake",6/19/2024,746538,19,100,2024
19,623433,"Anderson, Nick",5/27/2024,745904,19,100,2024
19,657044,"Thompson, Ryan",6/30/2024,747182,19,100,2024
19,573124,"Rogers, Taylor",8/3/2024,746681,19,100,2024
19,646242,"Díaz, Jhonathan",9/17/2024,745205,44,43.2,2024
19,542888,"Armstrong, Shawn",8/10/2024,746269,22,86.4,2024
19,677053,"Nardi, Andrew",6/15/2024,744846,19,100,2024
19,608638,"Chargois, JT",7/25/2024,746037,19,100,2024
19,663432,"Rainey, Tanner",6/25/2024,745399,19,100,2024
19,676254,"Walker, Ryan",9/15/2024,745287,19,100,2024
19,660825,"Bazardo, Eduard",5/20/2024,745746,23,82.6,2024
19,664875,"Lawrence, Justin",6/22/2024,746541,28,67.9,2024
19,678226,"Hernández, Daysbel",6/8/2024,744848,19,100,2024
19,573204,"Thielbar, Caleb",4/29/2024,746804,19,100,2024
19,690829,"Joyce, Ben",8/8/2024,745710,19,100,2024
19,669062,"Miller, Erik",9/1/2024,745292,19,100,2024
19,672335,"Pérez, Cionel",6/13/2024,747026,19,100,2024
19,571946,"Miller, Shelby",4/13/2024,746489,19,100,2024
19,543339,"Hudson, Daniel",7/22/2024,746124,19,100,2024
19,472610,"García, Luis",7/22/2024,745232,19,100,2024
19,663158,"Suarez, Robert",8/8/2024,745466,19,100,2024
19,622251,"Staumont, Josh",5/26/2024,745902,19,100,2024
19,641835,"Mayza, Tim",6/28/2024,744922,19,100,2024
19,640448,"Finnegan, Kyle",9/7/2024,745456,19,100,2024
19,695243,"Miller, Mason",9/26/2024,745609,19,100,2024
19,656638,"Lange, Alex",4/7/2024,746493,19,100,2024
19,681869,"Dubin, Shawn",7/28/2024,746364,19,100,2024
19,661395,"Duran, Jhoan",6/30/2024,745243,19,100,2024
19,623465,"Phillips, Evan",7/6/2024,746129,19,100,2024
19,672582,"Zerpa, Angel",6/12/2024,746294,19,100,2024
19,641745,"Keller, Brad",6/7/2024,746785,34,55.9,2024
19,572143,"Smith, Burch",5/11/2024,746069,37,51.4,2024
19,605447,"Romano, Jordan",4/27/2024,744946,19,100,2024
19,663432,"Rainey, Tanner",7/7/2024,744832,19,100,2024
19,656945,"Scott, Tanner",8/25/2024,745376,19,100,2024
19,647315,"Pop, Zach",6/6/2024,744923,19,100,2024
19,664126,"Fairbanks, Pete",7/14/2024,745066,19,100,2024
19,502085,"Robertson, David",8/18/2024,744975,19,100,2024
19,677053,"Nardi, Andrew",4/19/2024,746892,19,100,2024
19,681432,"Little, Luke",7/7/2024,746855,19,100,2024
19,663423,"Thornton, Trent",7/20/2024,745229,20,95,2024
19,518585,"Cruz, Fernando",7/14/2024,746686,19,100,2024
19,673929,"Leasure, Jordan",4/30/2024,746806,19,100,2024
19,642397,"Soto, Gregory",9/24/2024,745688,19,100,2024
19,671111,"Peralta, Sammy",7/29/2024,746765,19,100,2024
19,665625,"Peguero, Elvis",5/14/2024,745989,19,100,2024
19,640451,"Harvey, Hunter",7/24/2024,746279,19,100,2024
19,672578,"Hernández, Carlos",8/16/2024,746674,19,100,2024
19,677053,"Nardi, Andrew",8/20/2024,746029,19,100,2024
19,678226,"Hernández, Daysbel",6/19/2024,747106,19,100,2024
19,594580,"Moll, Sam",5/16/2024,746150,19,100,2024
19,666720,"Rodríguez, Yerry",4/10/2024,745024,28,67.9,2024
19,664208,"Maton, Phil",4/7/2024,746574,25,76,2024
19,605154,"Brebbia, John",5/14/2024,746796,29,65.5,2024
19,669674,"Long, Sam",5/24/2024,745087,19,100,2024
19,667297,"Nance, Tommy",9/4/2024,744887,19,100,2024
19,663738,"Lynch IV, Daniel",9/15/2024,745449,35,54.3,2024
19,660853,"De Los Santos, Enyel",5/14/2024,745418,19,100,2024
19,608344,"Irvin, Cole",9/9/2024,746909,19,100,2024
19,592094,"Adam, Jason",6/18/2024,745893,19,100,2024
19,608648,"Duffey, Tyler",4/22/2024,746319,37,51.4,2024
19,656756,"Montgomery, Jordan",9/11/2024,747154,37,51.4,2024
19,678692,"Henriquez, Ronny",8/28/2024,745866,19,100,2024
19,687330,"Kelly, Kevin",8/9/2024,745062,39,48.7,2024
19,621242,"Díaz, Edwin",4/29/2024,745832,19,100,2024
19,518585,"Cruz, Fernando",6/14/2024,745979,19,100,2024
19,657571,"Ferguson, Caleb",4/14/2024,746648,19,100,2024
19,656848,"Petersen, Michael",9/26/2024,745853,19,100,2024
19,571670,"Floro, Dylan",6/5/2024,744852,19,100,2024
19,664747,"Díaz, Alexis",4/8/2024,746735,19,100,2024
19,650893,"Cabrera, Génesis",9/28/2024,744878,19,100,2024
19,695243,"Miller, Mason",8/22/2024,745623,19,100,2024
19,663542,"Hudson, Bryan",7/11/2024,745967,22,86.4,2024
19,650633,"King, Michael",4/17/2024,746005,109,17.4,2024
19,670280,"Bednar, David",4/27/2024,745350,19,100,2024
19,642028,"Rogers, Josh",6/12/2024,745896,19,100,2024
19,614179,"Ruiz, José",8/4/2024,745222,19,100,2024
19,605347,"López, Jorge",5/14/2024,745821,22,86.4,2024
19,691172,"Zulueta, Yosver",8/6/2024,746033,19,100,2024
19,642397,"Soto, Gregory",8/17/2024,746997,19,100,2024
19,623352,"Hader, Josh",7/20/2024,745229,19,100,2024
19,643338,"Green, Chad",6/26/2024,746942,19,100,2024
19,657571,"Ferguson, Caleb",9/5/2024,746664,19,100,2024
19,489446,"Yates, Kirby",6/26/2024,745975,19,100,2024
19,573124,"Rogers, Taylor",5/19/2024,745336,19,100,2024
19,489446,"Yates, Kirby",8/27/2024,746755,19,100,2024
19,657571,"Ferguson, Caleb",4/20/2024,745760,19,100,2024
19,643377,"Jax, Griffin",8/24/2024,745868,19,100,2024
19,676684,"Vest, Will",8/18/2024,746431,19,100,2024
19,669461,"Liberatore, Matthew",8/5/2024,745184,19,100,2024
19,681676,"Fernandez, Ryan",6/24/2024,745160,22,86.4,2024
19,656629,"Kopech, Michael",6/1/2024,745980,19,100,2024
19,676254,"Walker, Ryan",5/26/2024,745824,19,100,2024
19,641755,"Kinley, Tyler",6/5/2024,746544,19,100,2024
19,656412,"Faedo, Alex",4/7/2024,746493,34,55.9,2024
19,656629,"Kopech, Michael",4/23/2024,745917,19,100,2024
19,681676,"Fernandez, Ryan",5/6/2024,745182,19,100,2024
19,664747,"Díaz, Alexis",7/26/2024,745068,19,100,2024
19,472610,"García, Luis",4/2/2024,746086,19,100,2024
19,664208,"Maton, Phil",5/4/2024,745100,19,100,2024
19,592779,"Stewart, Brock",4/13/2024,746489,19,100,2024
19,622554,"Domínguez, Seranthony",6/1/2024,745575,19,100,2024
19,656629,"Kopech, Michael",9/20/2024,746094,19,100,2024
19,663158,"Suarez, Robert",8/12/2024,745383,19,100,2024
19,592767,"Smyly, Drew",6/12/2024,745079,26,73.1,2024
19,683232,"Mears, Nick",5/15/2024,745417,19,100,2024
19,666808,"Doval, Camilo",6/10/2024,745334,19,100,2024
19,668941,"Romero, JoJo",7/8/2024,744833,19,100,2024
19,663992,"Lovelady, Richard",9/4/2024,745045,19,100,2024
19,680880,"Holman, Grant",9/14/2024,746740,19,100,2024
19,668968,"Crouse, Hans",8/17/2024,746190,19,100,2024
19,605154,"Brebbia, John",5/4/2024,745183,19,100,2024
19,676760,"Marinaccio, Ron",6/11/2024,746296,40,47.5,2024
19,606303,"Payamps, Joel",7/9/2024,745968,19,100,2024
19,641729,"Jiménez, Joe",9/24/2024,747068,19,100,2024
19,518886,"Kimbrel, Craig",4/24/2024,746244,19,100,2024
19,543351,"Jackson, Jay",4/16/2024,747051,38,50,2024
19,670059,"Holderman, Colin",4/23/2024,745516,19,100,2024
19,623211,"Brazobán, Huascar",7/31/2024,745789,19,100,2024
19,672860,"Berroa, Prelander",9/1/2024,746750,39,48.7,2024
19,687424,"Maldonado, Anthony",5/2/2024,746070,19,100,2024
19,552640,"Kittredge, Andrew",5/29/2024,746706,19,100,2024
19,663567,"Lambert, Peter",4/1/2024,746899,42,45.2,2024
19,641540,"Dunning, Dane",6/29/2024,747018,37,51.4,2024
19,642520,"Garabito, Gerson",9/19/2024,744962,19,100,2024
19,570257,"Rodríguez, Joely",8/25/2024,746918,19,100,2024
19,519326,"Strickland, Hunter",8/10/2024,744820,19,100,2024
19,668968,"Crouse, Hans",7/31/2024,746198,19,100,2024
19,640448,"Finnegan, Kyle",5/5/2024,744861,19,100,2024
19,680767,"Vodnik, Victor",5/22/2024,745661,19,100,2024
19,669711,"Weissert, Greg",3/30/2024,745278,19,100,2024
19,663432,"Rainey, Tanner",9/5/2024,745451,19,100,2024
19,664076,"Cleavinger, Garrett",9/19/2024,745041,19,100,2024
19,605154,"Brebbia, John",6/22/2024,746459,19,100,2024
19,642397,"Soto, Gregory",8/22/2024,746998,19,100,2024
19,628452,"Iglesias, Raisel",6/29/2024,747104,19,100,2024
19,663992,"Lovelady, Richard",8/25/2024,746106,19,100,2024
19,608032,"Estévez, Carlos",9/4/2024,744887,19,100,2024
19,623433,"Anderson, Nick",6/1/2024,746305,19,100,2024
19,518886,"Kimbrel, Craig",5/8/2024,744858,19,100,2024
19,681911,"Vesia, Alex",4/29/2024,747211,19,100,2024
19,622554,"Domínguez, Seranthony",8/23/2024,746995,19,100,2024
19,621242,"Díaz, Edwin",5/5/2024,745103,19,100,2024
19,656234,"Bird, Jake",9/24/2024,746504,19,100,2024
19,655889,"Rodríguez, Manuel",5/14/2024,746962,19,100,2024
19,676969,"de Geus, Brett",8/9/2024,746032,19,100,2024
19,669211,"Akin, Keegan",7/19/2024,744990,28,67.9,2024
19,605154,"Brebbia, John",7/10/2024,746772,19,100,2024
19,669622,"Bender, Anthony",3/30/2024,746087,19,100,2024
19,600986,"Vieira, Thyago",4/30/2024,745997,19,100,2024
19,682120,"Herrin, Tim",8/1/2024,746607,19,100,2024
19,592773,"Stanek, Ryne",7/10/2024,745394,19,100,2024
19,621383,"Banks, Tanner",9/21/2024,745768,19,100,2024
19,669111,"McMillon, John",8/26/2024,746513,25,76,2024
19,669276,"Lee, Dylan",5/13/2024,747128,19,100,2024
19,543339,"Hudson, Daniel",5/28/2024,745818,19,100,2024
19,519326,"Strickland, Hunter",6/11/2024,747190,27,70.4,2024
19,605154,"Brebbia, John",6/27/2024,746816,19,100,2024
19,676596,"Fleming, Josh",4/3/2024,744869,26,73.1,2024
19,643338,"Green, Chad",8/4/2024,745718,19,100,2024
19,519151,"Pressly, Ryan",4/6/2024,745031,19,100,2024
19,666974,"Cano, Yennier",5/11/2024,747041,19,100,2024
19,681676,"Fernandez, Ryan",4/19/2024,745189,19,100,2024
19,657571,"Ferguson, Caleb",7/28/2024,746929,19,100,2024
19,669060,"Wilson, Bryse",4/6/2024,746006,36,52.8,2024
19,668338,"Miller, Tyson",9/15/2024,746506,19,100,2024
19,605280,"Holmes, Clay",8/23/2024,745702,19,100,2024
19,682120,"Herrin, Tim",5/13/2024,745019,19,100,2024
19,663158,"Suarez, Robert",8/26/2024,745133,19,100,2024
19,656756,"Montgomery, Jordan",9/6/2024,746343,60,31.7,2024
19,682254,"Montgomery, Mason",9/7/2024,746986,19,100,2024
19,641703,"Honeywell, Brent",9/13/2024,747069,32,59.4,2024
19,519043,"Moore, Matt",8/3/2024,746194,19,100,2024
19,608723,"Voth, Austin",8/7/2024,745223,19,100,2024
19,594580,"Moll, Sam",6/6/2024,746707,19,100,2024
19,656222,"Beeks, Jalen",7/13/2024,745798,19,100,2024
19,657508,"Baumann, Mike",9/4/2024,746019,19,100,2024
19,664849,"Young, Danny",7/14/2024,745797,19,100,2024
19,489446,"Yates, Kirby",5/8/2024,745659,19,100,2024
19,605288,"Houser, Adrian",7/8/2024,745480,36,52.8,2024
19,663704,"McArthur, James",4/13/2024,745839,19,100,2024
19,608371,"Sims, Lucas",6/1/2024,746870,19,100,2024
19,661403,"Clase, Emmanuel",5/25/2024,746226,19,100,2024
19,647315,"Pop, Zach",8/20/2024,744896,19,100,2024
19,502085,"Robertson, David",9/29/2024,746174,19,100,2024
19,670059,"Holderman, Colin",6/11/2024,745170,19,100,2024
19,622251,"Staumont, Josh",6/6/2024,745738,19,100,2024
19,592094,"Adam, Jason",6/23/2024,745485,19,100,2024
19,642629,"Ramirez, Emmanuel",5/28/2024,745412,19,100,2024
19,683409,"Chivilli, Angel",9/26/2024,746495,19,100,2024
19,641729,"Jiménez, Joe",5/31/2024,747116,19,100,2024
19,657024,"Swanson, Erik",4/17/2024,744948,19,100,2024
19,660853,"De Los Santos, Enyel",6/21/2024,745403,19,100,2024
19,686747,"La Sorsa, Joe",8/24/2024,747077,19,100,2024
19,641343,"Bauers, Jake",9/11/2024,745285,19,100,2024
19,663773,"Hoeing, Bryan",9/26/2024,746088,19,100,2024
19,595345,"Okert, Steven",8/20/2024,745374,19,100,2024
19,608344,"Irvin, Cole",9/24/2024,745851,19,100,2024
19,605280,"Holmes, Clay",9/2/2024,744972,19,100,2024
19,664854,"Helsley, Ryan",4/19/2024,745189,19,100,2024
19,543339,"Hudson, Daniel",8/9/2024,746113,19,100,2024
19,655889,"Rodríguez, Manuel",8/21/2024,745622,19,100,2024
19,694361,"Klein, Will",6/7/2024,746302,34,55.9,2024
19,641771,"Kuhl, Chad",8/10/2024,746761,19,100,2024
19,600986,"Vieira, Thyago",7/13/2024,747177,19,100,2024
19,661395,"Duran, Jhoan",8/27/2024,745864,19,100,2024
19,664208,"Maton, Phil",8/4/2024,746191,19,100,2024
19,605177,"Chafin, Andrew",4/27/2024,746484,19,100,2024
19,664208,"Maton, Phil",8/2/2024,746193,19,100,2024
19,643410,"Leiter Jr., Mark",9/25/2024,745690,19,100,2024
19,681676,"Fernandez, Ryan",5/4/2024,745183,19,100,2024
19,605288,"Houser, Adrian",6/3/2024,744854,49,38.8,2024
19,592454,"Kahnle, Tommy",9/27/2024,745692,19,100,2024
19,681799,"Roberts, Ethan",7/2/2024,746860,19,100,2024
19,554340,"García, Yimi",4/19/2024,745430,19,100,2024
19,622253,"Tate, Dillon",6/19/2024,745732,19,100,2024
19,547973,"Chapman, Aroldis",4/26/2024,745347,19,100,2024
19,622554,"Domínguez, Seranthony",5/19/2024,745577,19,100,2024
19,683627,"Molina, Anthony",6/28/2024,746776,29,65.5,2024
19,608032,"Estévez, Carlos",9/1/2024,745536,19,100,2024
19,543475,"Lyles, Jordan",4/4/2024,746327,19,100,2024
19,656546,"Hoffman, Jeff",7/30/2024,745546,19,100,2024
19,593974,"Peralta, Wandy",4/12/2024,746162,19,100,2024
19,623433,"Anderson, Nick",5/19/2024,746306,19,100,2024
19,642133,"Tellez, Rowdy",9/4/2024,746835,19,100,2024
19,605280,"Holmes, Clay",6/23/2024,745727,19,100,2024
19,622554,"Domínguez, Seranthony",8/14/2024,747000,19,100,2024
19,605154,"Brebbia, John",8/18/2024,746359,19,100,2024
19,694813,"Stone, Gavin",6/26/2024,746777,103,18.4,2024
19,641941,"Pagán, Emilio",9/25/2024,746583,19,100,2024
19,455119,"Martin, Chris",5/30/2024,746954,19,100,2024
19,663158,"Suarez, Robert",9/15/2024,745287,19,100,2024
19,662253,"Muñoz, Andrés",6/14/2024,745247,19,100,2024
19,664747,"Díaz, Alexis",5/31/2024,746877,19,100,2024
19,571946,"Miller, Shelby",5/3/2024,745756,19,100,2024
19,677955,"Hill, Jaden",9/25/2024,746501,19,100,2024
19,666808,"Doval, Camilo",9/15/2024,745287,19,100,2024
19,686747,"La Sorsa, Joe",9/27/2024,744797,19,100,2024
19,663158,"Suarez, Robert",9/4/2024,745370,19,100,2024
19,600917,"Leclerc, José",4/23/2024,745026,19,100,2024
19,543339,"Hudson, Daniel",9/17/2024,746015,19,100,2024
19,680767,"Vodnik, Victor",7/5/2024,746533,19,100,2024
19,663704,"McArthur, James",7/23/2024,746281,19,100,2024
19,664854,"Helsley, Ryan",7/21/2024,747094,19,100,2024
19,664079,"Jay, Tyler",4/13/2024,745839,19,100,2024
19,643511,"Rogers, Tyler",7/25/2024,746117,19,100,2024
19,685801,"Bigge, Hunter",8/2/2024,746354,19,100,2024
19,445276,"Jansen, Kenley",7/27/2024,746931,19,100,2024
19,657612,"Hill, Tim",8/8/2024,745710,19,100,2024
19,665625,"Peguero, Elvis",6/4/2024,745568,19,100,2024
19,445276,"Jansen, Kenley",4/11/2024,746977,19,100,2024
19,608723,"Voth, Austin",3/30/2024,745278,19,100,2024
19,573124,"Rogers, Taylor",5/9/2024,746563,19,100,2024
19,660853,"De Los Santos, Enyel",4/22/2024,746565,19,100,2024
19,672391,"Ort, Kaleb",8/12/2024,745058,19,100,2024
19,647315,"Pop, Zach",7/30/2024,747005,19,100,2024
19,605130,"Barlow, Scott",5/21/2024,746633,19,100,2024
19,472610,"García, Luis",8/14/2024,746919,19,100,2024
19,663947,"Holton, Tyler",3/31/2024,746815,19,100,2024
19,661403,"Clase, Emmanuel",5/19/2024,746636,19,100,2024
19,664747,"Díaz, Alexis",9/17/2024,746659,19,100,2024
19,673929,"Leasure, Jordan",5/25/2024,746794,30,63.3,2024
19,664076,"Cleavinger, Garrett",9/26/2024,746415,19,100,2024
19,642232,"Yarbrough, Ryan",8/7/2024,744903,21,90.5,2024
19,472610,"García, Luis",6/19/2024,746219,19,100,2024
19,606303,"Payamps, Joel",6/20/2024,745401,19,100,2024
19,621114,"Burr, Ryan",9/4/2024,744887,19,100,2024
19,683822,"Uwasawa, Naoyuki",5/2/2024,746969,19,100,2024
19,656945,"Scott, Tanner",7/26/2024,745964,19,100,2024
19,472610,"García, Luis",6/26/2024,746942,19,100,2024
19,657612,"Hill, Tim",6/26/2024,745808,27,70.4,2024
19,681676,"Fernandez, Ryan",5/11/2024,745994,19,100,2024
19,641755,"Kinley, Tyler",6/21/2024,746540,19,100,2024
19,592773,"Stanek, Ryne",9/11/2024,744881,19,100,2024
19,656271,"Burke, Brock",9/1/2024,746183,19,100,2024
19,643377,"Jax, Griffin",6/13/2024,745894,19,100,2024
19,656730,"Megill, Trevor",5/11/2024,745994,19,100,2024
19,676395,"Garcia, Robert",7/3/2024,744837,19,100,2024
19,666974,"Cano, Yennier",4/28/2024,747045,19,100,2024
19,666974,"Cano, Yennier",9/22/2024,746982,19,100,2024
19,669084,"Hall, DL",9/25/2024,745442,19,100,2024
19,676254,"Walker, Ryan",6/1/2024,745332,19,100,2024
19,656546,"Hoffman, Jeff",5/5/2024,745587,19,100,2024
19,623149,"Sewald, Paul",8/7/2024,746604,19,100,2024
19,665625,"Peguero, Elvis",7/7/2024,746122,19,100,2024
19,623465,"Phillips, Evan",4/20/2024,746156,19,100,2024
19,502085,"Robertson, David",7/25/2024,744984,19,100,2024
19,600917,"Leclerc, José",4/18/2024,746485,25,76,2024
19,573124,"Rogers, Taylor",5/3/2024,745589,19,100,2024
19,650556,"Abreu, Bryan",4/20/2024,744865,19,100,2024
19,670280,"Bednar, David",5/25/2024,745493,19,100,2024
19,608723,"Voth, Austin",6/24/2024,745078,19,100,2024
19,686580,"Slaten, Justin",7/4/2024,746043,19,100,2024
19,670810,"Gillaspie, Logan",7/12/2024,745390,19,100,2024
19,676702,"Stratton, Hunter",5/23/2024,745500,21,90.5,2024
19,663704,"McArthur, James",7/10/2024,745156,19,100,2024
19,689225,"Brieske, Beau",7/24/2024,746611,19,100,2024
19,663158,"Suarez, Robert",7/4/2024,744996,19,100,2024
19,542888,"Armstrong, Shawn",9/7/2024,746829,19,100,2024
19,685801,"Bigge, Hunter",8/31/2024,745050,19,100,2024
19,573204,"Thielbar, Caleb",9/6/2024,746257,19,100,2024
19,571656,"Farmer, Buck",9/29/2024,746820,19,100,2024
19,676534,"Faucher, Calvin",7/4/2024,746043,19,100,2024
19,663893,"Little, Brendon",6/18/2024,744917,23,82.6,2024
19,608723,"Voth, Austin",8/26/2024,745215,19,100,2024
19,664747,"Díaz, Alexis",4/21/2024,746727,19,100,2024
19,662253,"Muñoz, Andrés",5/18/2024,747036,19,100,2024
19,664076,"Cleavinger, Garrett",5/13/2024,746961,19,100,2024
19,622786,"Tinoco, Jesus",9/24/2024,745851,19,100,2024
19,656629,"Kopech, Michael",8/12/2024,745953,19,100,2024
19,614179,"Ruiz, José",7/30/2024,745546,19,100,2024
19,641755,"Kinley, Tyler",4/9/2024,746571,19,100,2024
19,663158,"Suarez, Robert",7/26/2024,747010,19,100,2024
19,608717,"Stratton, Chris",5/1/2024,744939,19,100,2024
19,643377,"Jax, Griffin",6/7/2024,745496,19,100,2024
19,621016,"Cuas, Jose",6/29/2024,744921,19,100,2024
19,656222,"Beeks, Jalen",9/26/2024,745443,19,100,2024
19,668674,"Erceg, Lucas",4/14/2024,745681,19,100,2024
19,642207,"Williams, Devin",9/18/2024,745933,19,100,2024
19,458677,"Wilson, Justin",7/20/2024,744830,19,100,2024
19,502085,"Robertson, David",4/17/2024,746487,27,70.4,2024
19,690829,"Joyce, Ben",8/1/2024,746196,19,100,2024
19,493603,"Ottavino, Adam",6/11/2024,745815,19,100,2024
19,572143,"Smith, Burch",8/17/2024,746997,19,100,2024
19,670036,"Festa, Matt",9/1/2024,744970,19,100,2024
19,547973,"Chapman, Aroldis",6/30/2024,747101,19,100,2024
19,700187,"Taylor, Troy",8/11/2024,745216,19,100,2024
19,519326,"Strickland, Hunter",5/20/2024,746390,19,100,2024
19,676534,"Faucher, Calvin",8/10/2024,746026,19,100,2024
19,623352,"Hader, Josh",5/30/2024,745249,19,100,2024
19,683409,"Chivilli, Angel",6/16/2024,746546,19,100,2024
19,665620,"García, Deivi",4/1/2024,746817,19,100,2024
19,643338,"Green, Chad",8/8/2024,744899,19,100,2024
19,683232,"Mears, Nick",5/1/2024,746072,19,100,2024
19,686539,"Cronin, Declan",6/22/2024,746048,44,43.2,2024
19,676661,"Lazar, Max",9/13/2024,745529,44,43.2,2024
19,605130,"Barlow, Scott",6/24/2024,747021,19,100,2024
19,670280,"Bednar, David",4/4/2024,744870,19,100,2024
19,642100,"Speier, Gabe",4/25/2024,745027,23,82.6,2024
19,666129,"Garrett, Braxton",5/24/2024,747200,95,20,2024
19,660853,"De Los Santos, Enyel",7/12/2024,745390,19,100,2024
19,676714,"Hughes, Brandon",5/1/2024,747207,28,67.9,2024
19,605280,"Holmes, Clay",8/26/2024,744813,19,100,2024
19,642701,"Santana, Dennis",8/17/2024,745463,28,67.9,2024
19,661403,"Clase, Emmanuel",8/26/2024,746596,19,100,2024
19,605154,"Brebbia, John",7/7/2024,746039,19,100,2024
19,663158,"Suarez, Robert",6/12/2024,745405,19,100,2024
19,664139,"Gibaut, Ian",9/29/2024,746820,19,100,2024
19,643377,"Jax, Griffin",8/16/2024,744974,19,100,2024
19,675989,"Bolton, Cody",5/8/2024,745906,19,100,2024
19,680880,"Holman, Grant",8/29/2024,746670,19,100,2024
19,681432,"Little, Luke",6/21/2024,746861,19,100,2024
19,672335,"Pérez, Cionel",6/28/2024,747017,19,100,2024
19,622259,"Wingenter, Trey",9/21/2024,746826,19,100,2024
19,663460,"Bubic, Kris",9/4/2024,746262,19,100,2024
19,683409,"Chivilli, Angel",8/20/2024,744814,19,100,2024
18,605463,"Scott, Tayler",3/28/2024,746418,18,100,2024
18,643338,"Green, Chad",7/12/2024,747175,18,100,2024
18,666215,"Whitley, Forrest",4/16/2024,746400,18,100,2024
18,669060,"Wilson, Bryse",4/3/2024,746008,32,56.3,2024
18,689147,"Kerkering, Orion",6/24/2024,746458,18,100,2024
18,656464,"Ginkel, Kevin",3/29/2024,747223,18,100,2024
18,642629,"Ramirez, Emmanuel",8/24/2024,746022,47,38.3,2024
18,671305,"Otañez, Michel",9/5/2024,745612,18,100,2024
18,592094,"Adam, Jason",5/18/2024,744938,18,100,2024
18,702352,"Bivens, Spencer",9/28/2024,745281,18,100,2024
18,657044,"Thompson, Ryan",7/26/2024,747174,18,100,2024
18,640451,"Harvey, Hunter",4/15/2024,746158,24,75,2024
18,571656,"Farmer, Buck",7/29/2024,746684,18,100,2024
18,519043,"Moore, Matt",6/2/2024,745252,18,100,2024
18,541640,"Ramírez, Erasmo",5/1/2024,745996,43,41.9,2024
18,605121,"Anderson, Justin",6/24/2024,746780,24,75,2024
18,664076,"Cleavinger, Garrett",7/10/2024,745069,18,100,2024
18,670970,"Morejon, Adrian",8/18/2024,746516,18,100,2024
18,663158,"Suarez, Robert",6/1/2024,746305,18,100,2024
18,543056,"Coulombe, Danny",5/31/2024,747032,19,94.7,2024
18,489446,"Yates, Kirby",8/23/2024,746597,18,100,2024
18,640448,"Finnegan, Kyle",8/3/2024,744823,18,100,2024
18,608334,"Fulmer, Carson",6/29/2024,746211,18,100,2024
18,623465,"Phillips, Evan",6/30/2024,745320,18,100,2024
18,592773,"Stanek, Ryne",6/30/2024,745243,18,100,2024
18,662253,"Muñoz, Andrés",7/30/2024,746926,18,100,2024
18,605347,"López, Jorge",4/8/2024,747142,18,100,2024
18,543305,"Hicks, Aaron",4/27/2024,746245,18,100,2024
18,683004,"Leiter, Jack",9/14/2024,745209,71,25.4,2024
18,623352,"Hader, Josh",3/30/2024,746410,18,100,2024
18,518617,"Diekman, Jake",7/26/2024,745792,18,100,2024
18,656458,"Gilbreath, Lucas",8/25/2024,745706,18,100,2024
18,621199,"Bowman, Matt",9/26/2024,745691,18,100,2024
18,670059,"Holderman, Colin",7/12/2024,746774,18,100,2024
18,623465,"Phillips, Evan",6/16/2024,746130,18,100,2024
18,678606,"Ferrer, Jose A.",8/2/2024,744825,18,100,2024
18,621199,"Bowman, Matt",8/29/2024,746102,42,42.9,2024
18,641149,"Parsons, Wes",4/13/2024,746658,35,51.4,2024
18,592094,"Adam, Jason",8/27/2024,745132,18,100,2024
18,472610,"García, Luis",8/24/2024,746917,18,100,2024
18,676534,"Faucher, Calvin",8/3/2024,747087,18,100,2024
18,554340,"García, Yimi",6/6/2024,744923,18,100,2024
18,621237,"Alvarado, José",8/25/2024,746263,18,100,2024
18,595345,"Okert, Steven",8/23/2024,745870,18,100,2024
18,666720,"Rodríguez, Yerry",5/3/2024,746318,18,100,2024
18,656924,"Ryan, Ryder",5/17/2024,746878,18,100,2024
18,592094,"Adam, Jason",4/10/2024,746247,18,100,2024
18,640448,"Finnegan, Kyle",6/29/2024,745071,18,100,2024
18,663432,"Rainey, Tanner",6/21/2024,746540,18,100,2024
18,657649,"Koenig, Jared",8/7/2024,747085,18,100,2024
18,663878,"Pearson, Nate",8/5/2024,746847,18,100,2024
18,669461,"Liberatore, Matthew",4/19/2024,745189,22,81.8,2024
18,656546,"Hoffman, Jeff",7/28/2024,745550,18,100,2024
18,641755,"Kinley, Tyler",4/6/2024,746575,18,100,2024
18,679885,"Martinez, Justin",5/3/2024,747208,41,43.9,2024
18,663542,"Hudson, Bryan",4/29/2024,745999,32,56.3,2024
18,656945,"Scott, Tanner",7/19/2024,746040,18,100,2024
18,623433,"Anderson, Nick",7/13/2024,746930,18,100,2024
18,642207,"Williams, Devin",8/10/2024,745955,18,100,2024
18,669711,"Weissert, Greg",5/31/2024,746955,18,100,2024
18,656222,"Beeks, Jalen",5/27/2024,746549,18,100,2024
18,669711,"Weissert, Greg",5/28/2024,747033,18,100,2024
18,628452,"Iglesias, Raisel",7/14/2024,745385,18,100,2024
18,667297,"Nance, Tommy",8/14/2024,746188,18,100,2024
18,623149,"Sewald, Paul",9/8/2024,746345,18,100,2024
18,680767,"Vodnik, Victor",9/29/2024,746496,18,100,2024
18,660853,"De Los Santos, Enyel",6/10/2024,745409,18,100,2024
18,571948,"Milner, Hoby",7/12/2024,745965,37,48.6,2024
18,656730,"Megill, Trevor",5/20/2024,746066,18,100,2024
18,605130,"Barlow, Scott",7/23/2024,746614,18,100,2024
18,689147,"Kerkering, Orion",4/19/2024,745592,18,100,2024
18,671305,"Otañez, Michel",7/11/2024,746935,18,100,2024
18,681432,"Little, Luke",5/30/2024,745985,18,100,2024
18,671922,"Smith, Cade",7/21/2024,746610,18,100,2024
18,518617,"Diekman, Jake",4/27/2024,745833,22,81.8,2024
18,605154,"Brebbia, John",4/29/2024,746804,18,100,2024
18,641835,"Mayza, Tim",9/14/2024,745689,41,43.9,2024
18,670280,"Bednar, David",7/28/2024,747173,18,100,2024
18,598264,"Barnes, Matt",4/19/2024,744872,18,100,2024
18,664747,"Díaz, Alexis",8/23/2024,745460,18,100,2024
18,622503,"Crismatt, Nabil",5/14/2024,745342,18,100,2024
18,681982,"Anderson, Grant",9/4/2024,744964,18,100,2024
18,641729,"Jiménez, Joe",8/21/2024,747084,18,100,2024
18,656546,"Hoffman, Jeff",6/27/2024,745565,18,100,2024
18,605154,"Brebbia, John",7/21/2024,746287,18,100,2024
18,671345,"Foley, Jason",8/7/2024,745223,18,100,2024
18,676702,"Stratton, Hunter",7/30/2024,746365,18,100,2024
18,605463,"Scott, Tayler",6/15/2024,746381,18,100,2024
18,673513,"Matsui, Yuki",5/21/2024,746716,24,75,2024
18,669422,"Sauer, Matt",4/13/2024,745839,18,100,2024
18,571539,"Carasiti, Matt",5/28/2024,746552,35,51.4,2024
18,640448,"Finnegan, Kyle",5/25/2024,744851,18,100,2024
18,605155,"Brewer, Colten",6/19/2024,746864,18,100,2024
18,666214,"Wentz, Joey",6/19/2024,747106,18,100,2024
18,678226,"Hernández, Daysbel",6/27/2024,746816,18,100,2024
18,592454,"Kahnle, Tommy",7/10/2024,745069,18,100,2024
18,666808,"Doval, Camilo",4/26/2024,745347,18,100,2024
18,608032,"Estévez, Carlos",6/25/2024,746213,18,100,2024
18,650893,"Cabrera, Génesis",7/28/2024,744902,18,100,2024
18,676969,"de Geus, Brett",8/14/2024,745544,18,100,2024
18,598264,"Barnes, Matt",4/24/2024,744864,18,100,2024
18,600986,"Vieira, Thyago",7/3/2024,746128,18,100,2024
18,664747,"Díaz, Alexis",5/12/2024,745345,18,100,2024
18,657571,"Ferguson, Caleb",6/12/2024,746294,18,100,2024
18,668941,"Romero, JoJo",7/26/2024,745146,23,78.3,2024
18,621242,"Díaz, Edwin",8/29/2024,747159,18,100,2024
18,680767,"Vodnik, Victor",8/18/2024,746516,18,100,2024
18,663372,"Feltner, Ryan",4/30/2024,746073,89,20.2,2024
18,681982,"Anderson, Grant",4/24/2024,745028,18,100,2024
18,502085,"Robertson, David",5/2/2024,745021,24,75,2024
18,571946,"Miller, Shelby",8/18/2024,746431,18,100,2024
18,592773,"Stanek, Ryne",6/11/2024,745244,18,100,2024
18,666974,"Cano, Yennier",8/18/2024,746999,18,100,2024
18,666808,"Doval, Camilo",6/29/2024,745317,18,100,2024
18,683409,"Chivilli, Angel",8/24/2024,745703,18,100,2024
18,572955,"Johnson, Pierce",8/9/2024,746523,18,100,2024
18,502085,"Robertson, David",3/28/2024,745039,18,100,2024
18,493603,"Ottavino, Adam",5/28/2024,745818,18,100,2024
18,647315,"Pop, Zach",6/27/2024,744919,18,100,2024
18,489446,"Yates, Kirby",7/9/2024,746206,18,100,2024
18,657508,"Baumann, Mike",8/4/2024,746191,18,100,2024
18,680767,"Vodnik, Victor",8/1/2024,746196,18,100,2024
18,661527,"Martinez, Seth",8/21/2024,746350,18,100,2024
18,621242,"Díaz, Edwin",3/30/2024,745850,18,100,2024
18,678495,"Rodríguez, Randy",6/5/2024,747195,18,100,2024
18,676534,"Faucher, Calvin",7/12/2024,746685,18,100,2024
18,663704,"McArthur, James",5/31/2024,746303,18,100,2024
18,622250,"Sborz, Josh",7/29/2024,745147,18,100,2024
18,664076,"Cleavinger, Garrett",4/24/2024,745099,18,100,2024
18,664875,"Lawrence, Justin",4/8/2024,746569,18,100,2024
18,676130,"Buttó, José",8/31/2024,746751,18,100,2024
18,518886,"Kimbrel, Craig",5/4/2024,746720,18,100,2024
18,669276,"Lee, Dylan",6/14/2024,747112,18,100,2024
18,668868,"Thompson, Zack",4/10/2024,745196,47,38.3,2024
18,670102,"Francis, Bowden",7/10/2024,745318,18,100,2024
18,666200,"Luzardo, Jesús",5/22/2024,746063,100,18,2024
18,493603,"Ottavino, Adam",5/1/2024,745829,18,100,2024
18,673513,"Matsui, Yuki",6/28/2024,746939,18,100,2024
18,676680,"Cosgrove, Tom",4/29/2024,745427,18,100,2024
18,518886,"Kimbrel, Craig",6/26/2024,747019,18,100,2024
18,606965,"Devenski, Chris",4/1/2024,745109,41,43.9,2024
18,445276,"Jansen, Kenley",8/30/2024,746433,18,100,2024
18,656730,"Megill, Trevor",6/16/2024,745977,18,100,2024
18,695243,"Miller, Mason",6/19/2024,745646,18,100,2024
18,643377,"Jax, Griffin",4/3/2024,746008,18,100,2024
18,622259,"Wingenter, Trey",9/16/2024,746828,34,52.9,2024
18,661395,"Duran, Jhoan",8/15/2024,744980,18,100,2024
18,605483,"Snell, Blake",8/2/2024,746679,114,15.8,2024
18,641729,"Jiménez, Joe",8/28/2024,745866,18,100,2024
18,687863,"Hodge, Porter",9/10/2024,746097,18,100,2024
18,663423,"Thornton, Trent",9/6/2024,745131,18,100,2024
18,458677,"Wilson, Justin",8/5/2024,746038,18,100,2024
18,554431,"Matzek, Tyler",4/21/2024,747133,18,100,2024
18,607481,"Bummer, Aaron",8/4/2024,747088,18,100,2024
18,606965,"Devenski, Chris",6/10/2024,745080,18,100,2024
18,628708,"Marte, Yunior",4/21/2024,745588,18,100,2024
18,445276,"Jansen, Kenley",5/16/2024,746959,18,100,2024
18,676395,"Garcia, Robert",4/6/2024,744873,18,100,2024
18,664875,"Lawrence, Justin",4/21/2024,746568,18,100,2024
18,623352,"Hader, Josh",6/25/2024,746372,18,100,2024
18,623352,"Hader, Josh",5/26/2024,745653,18,100,2024
18,657649,"Koenig, Jared",9/3/2024,745944,18,100,2024
18,621381,"Strahm, Matt",9/29/2024,744798,18,100,2024
18,669372,"Ginn, J.T.",8/24/2024,745617,29,62.1,2024
18,676534,"Faucher, Calvin",7/24/2024,746035,18,100,2024
18,642546,"Hernández, Jonathan",8/7/2024,745223,18,100,2024
18,650893,"Cabrera, Génesis",8/23/2024,744889,18,100,2024
18,666974,"Cano, Yennier",6/14/2024,747025,18,100,2024
18,657508,"Baumann, Mike",4/6/2024,745522,18,100,2024
18,656412,"Faedo, Alex",4/4/2024,745843,18,100,2024
18,680767,"Vodnik, Victor",4/7/2024,746574,33,54.5,2024
18,595014,"Treinen, Blake",8/21/2024,746110,18,100,2024
18,680767,"Vodnik, Victor",5/4/2024,745511,37,48.6,2024
18,593576,"Neris, Héctor",9/17/2024,745366,18,100,2024
18,658648,"Avila, Pedro",9/3/2024,746264,18,100,2024
18,643377,"Jax, Griffin",4/14/2024,746492,18,100,2024
18,669422,"Sauer, Matt",4/19/2024,746325,18,100,2024
18,608032,"Estévez, Carlos",4/16/2024,745108,18,100,2024
18,571882,"Law, Derek",7/29/2024,747172,18,100,2024
18,661403,"Clase, Emmanuel",7/7/2024,746616,18,100,2024
18,673513,"Matsui, Yuki",5/27/2024,745416,18,100,2024
18,687377,"Ribalta, Orlando",8/15/2024,745545,27,66.7,2024
18,665625,"Peguero, Elvis",4/5/2024,746007,18,100,2024
18,666974,"Cano, Yennier",4/1/2024,747058,21,85.7,2024
18,650556,"Abreu, Bryan",8/17/2024,746355,18,100,2024
18,607481,"Bummer, Aaron",8/15/2024,745298,23,78.3,2024
18,548389,"Stripling, Ross",8/23/2024,745625,68,26.5,2024
18,650671,"Quijada, José",8/14/2024,746188,18,100,2024
18,640448,"Finnegan, Kyle",6/22/2024,746541,18,100,2024
18,663158,"Suarez, Robert",9/10/2024,745210,18,100,2024
18,623149,"Sewald, Paul",6/13/2024,747192,18,100,2024
18,670955,"Uceta, Edwin",9/13/2024,746586,18,100,2024
18,687863,"Hodge, Porter",5/26/2024,745172,18,100,2024
18,621016,"Cuas, Jose",5/22/2024,746876,43,41.9,2024
18,623149,"Sewald, Paul",7/5/2024,745398,18,100,2024
18,683769,"Gaddis, Hunter",8/30/2024,746593,18,100,2024
18,671305,"Otañez, Michel",8/30/2024,744969,18,100,2024
18,656945,"Scott, Tanner",8/13/2024,745382,18,100,2024
18,502085,"Robertson, David",4/1/2024,745109,26,69.2,2024
18,605280,"Holmes, Clay",6/29/2024,744921,18,100,2024
18,640451,"Harvey, Hunter",4/13/2024,745676,18,100,2024
18,573124,"Rogers, Taylor",5/13/2024,745343,18,100,2024
18,663460,"Bubic, Kris",9/26/2024,744796,18,100,2024
18,608334,"Fulmer, Carson",5/26/2024,746230,18,100,2024
18,664126,"Fairbanks, Pete",4/12/2024,745112,18,100,2024
18,641755,"Kinley, Tyler",8/18/2024,746516,18,100,2024
18,663878,"Pearson, Nate",5/22/2024,744933,18,100,2024
18,543339,"Hudson, Daniel",4/30/2024,747210,18,100,2024
18,666808,"Doval, Camilo",9/23/2024,747150,18,100,2024
18,687911,"King, Bryan",9/23/2024,746334,18,100,2024
18,642701,"Santana, Dennis",9/10/2024,745446,18,100,2024
18,683232,"Mears, Nick",5/14/2024,745418,18,100,2024
18,642701,"Santana, Dennis",6/18/2024,745488,18,100,2024
18,663687,"Harris, Hogan",9/25/2024,745607,30,60,2024
18,641329,"Baker, Bryan",6/22/2024,746376,18,100,2024
18,607259,"Martinez, Nick",6/21/2024,746698,18,100,2024
18,656222,"Beeks, Jalen",7/14/2024,745797,18,100,2024
18,680767,"Vodnik, Victor",7/28/2024,745305,18,100,2024
18,640448,"Finnegan, Kyle",7/11/2024,745799,18,100,2024
18,674285,"Salazar, Eduardo",8/23/2024,747080,18,100,2024
18,519293,"Smith, Will",8/24/2024,746271,18,100,2024
18,608371,"Sims, Lucas",5/24/2024,746713,18,100,2024
18,621237,"Alvarado, José",7/19/2024,745481,18,100,2024
18,676702,"Stratton, Hunter",8/22/2024,745465,18,100,2024
18,518886,"Kimbrel, Craig",6/28/2024,747017,18,100,2024
18,605121,"Anderson, Justin",9/24/2024,746743,18,100,2024
18,642232,"Yarbrough, Ryan",7/26/2024,746361,27,66.7,2024
18,657024,"Swanson, Erik",4/20/2024,745431,18,100,2024
18,608717,"Stratton, Chris",4/5/2024,746328,18,100,2024
18,676714,"Hughes, Brandon",5/28/2024,745017,18,100,2024
18,519151,"Pressly, Ryan",4/19/2024,744872,18,100,2024
18,519151,"Pressly, Ryan",8/7/2024,744981,18,100,2024
18,518617,"Diekman, Jake",6/16/2024,745807,18,100,2024
18,686826,"Jarvis, Bryce",7/21/2024,746853,18,100,2024
18,664854,"Helsley, Ryan",5/14/2024,746235,18,100,2024
18,622569,"Reyes, Pablo",4/27/2024,746971,18,100,2024
18,676092,"Snider, Collin",8/27/2024,745213,18,100,2024
18,666808,"Doval, Camilo",7/14/2024,745314,18,100,2024
18,607237,"Garrett, Amir",4/30/2024,746239,18,100,2024
18,572955,"Johnson, Pierce",4/26/2024,747129,18,100,2024
18,663567,"Lambert, Peter",4/12/2024,744954,29,62.1,2024
18,641755,"Kinley, Tyler",4/12/2024,744954,18,100,2024
18,641343,"Bauers, Jake",6/9/2024,746463,18,100,2024
18,660853,"De Los Santos, Enyel",8/29/2024,746748,18,100,2024
18,571946,"Miller, Shelby",7/25/2024,746609,18,100,2024
18,640451,"Harvey, Hunter",7/5/2024,744836,19,94.7,2024
18,676534,"Faucher, Calvin",4/21/2024,746894,18,100,2024
18,595897,"Burdi, Nick",4/1/2024,747218,18,100,2024
18,664747,"Díaz, Alexis",6/6/2024,746707,18,100,2024
18,664076,"Cleavinger, Garrett",5/14/2024,746962,18,100,2024
18,641755,"Kinley, Tyler",4/16/2024,745593,18,100,2024
18,668390,"Winn, Cole",5/21/2024,745578,23,78.3,2024
18,682847,"Ortiz, Luis L.",4/20/2024,745515,40,45,2024
18,596133,"Weaver, Luke",7/5/2024,745725,25,72,2024
18,663432,"Rainey, Tanner",5/4/2024,744862,18,100,2024
18,547973,"Chapman, Aroldis",7/24/2024,745472,18,100,2024
18,671345,"Foley, Jason",8/25/2024,746754,18,100,2024
18,608638,"Chargois, JT",9/8/2024,745128,18,100,2024
18,660853,"De Los Santos, Enyel",3/29/2024,745435,22,81.8,2024
18,657024,"Swanson, Erik",4/29/2024,744945,18,100,2024
18,519326,"Strickland, Hunter",8/1/2024,746196,18,100,2024
18,642397,"Soto, Gregory",9/15/2024,746419,18,100,2024
18,608717,"Stratton, Chris",6/11/2024,746296,18,100,2024
18,676534,"Faucher, Calvin",8/25/2024,746023,18,100,2024
18,676282,"Cantillo, Joey",8/26/2024,746628,18,100,2024
18,595014,"Treinen, Blake",7/30/2024,745389,18,100,2024
18,676395,"Garcia, Robert",5/11/2024,746963,18,100,2024
18,605280,"Holmes, Clay",5/17/2024,745747,18,100,2024
18,623433,"Anderson, Nick",5/25/2024,745086,18,100,2024
18,668338,"Miller, Tyson",6/27/2024,745324,18,100,2024
18,624647,"González, Victor",6/15/2024,746946,18,100,2024
18,445276,"Jansen, Kenley",4/5/2024,746249,18,100,2024
18,661395,"Duran, Jhoan",5/8/2024,745906,18,100,2024
18,595014,"Treinen, Blake",7/2/2024,746133,18,100,2024
18,683769,"Gaddis, Hunter",7/4/2024,746619,18,100,2024
18,672578,"Hernández, Carlos",9/27/2024,747065,28,64.3,2024
18,606160,"Montero, Rafael",4/13/2024,746405,18,100,2024
18,621242,"Díaz, Edwin",4/15/2024,745840,18,100,2024
18,656945,"Scott, Tanner",6/17/2024,746055,18,100,2024
18,666277,"Soriano, George",4/4/2024,745200,18,100,2024
18,643377,"Jax, Griffin",3/28/2024,746335,18,100,2024
18,650556,"Abreu, Bryan",7/1/2024,744914,18,100,2024
18,663423,"Thornton, Trent",9/22/2024,744955,18,100,2024
18,660853,"De Los Santos, Enyel",6/6/2024,745408,18,100,2024
18,596133,"Weaver, Luke",9/22/2024,745608,18,100,2024
18,621366,"Borucki, Ryan",9/18/2024,745121,18,100,2024
18,605280,"Holmes, Clay",6/19/2024,745732,18,100,2024
18,669422,"Sauer, Matt",4/10/2024,746323,18,100,2024
18,592836,"Walker, Taijuan",9/7/2024,746018,35,51.4,2024
18,624431,"Trevino, Jose",4/27/2024,745998,18,100,2024
18,445276,"Jansen, Kenley",7/31/2024,746925,18,100,2024
18,683409,"Chivilli, Angel",9/17/2024,746503,18,100,2024
18,656945,"Scott, Tanner",8/9/2024,746032,18,100,2024
18,683822,"Uwasawa, Naoyuki",5/3/2024,745914,43,41.9,2024
18,641941,"Pagán, Emilio",8/28/2024,746672,18,100,2024
18,542888,"Armstrong, Shawn",8/26/2024,745133,28,64.3,2024
18,518617,"Diekman, Jake",6/8/2024,745814,18,100,2024
18,676614,"Sammons, Bryan",8/3/2024,746440,18,100,2024
18,657265,"Strzelecki, Peter",7/27/2024,745553,28,64.3,2024
18,628317,"Maeda, Kenta",8/9/2024,745308,72,25,2024
18,445276,"Jansen, Kenley",7/26/2024,746933,18,100,2024
18,662253,"Muñoz, Andrés",5/21/2024,745742,18,100,2024
18,682842,"Uribe, Abner",3/30/2024,745850,18,100,2024
18,605280,"Holmes, Clay",8/20/2024,745707,18,100,2024
18,621381,"Strahm, Matt",5/18/2024,745581,18,100,2024
18,661403,"Clase, Emmanuel",4/8/2024,746654,18,100,2024
18,671345,"Foley, Jason",4/28/2024,746483,18,100,2024
18,658648,"Avila, Pedro",8/31/2024,746590,23,78.3,2024
18,518886,"Kimbrel, Craig",7/3/2024,745234,18,100,2024
18,670990,"Ramírez, Yohan",4/16/2024,747051,28,64.3,2024
18,681810,"Warren, Austin",9/6/2024,745371,32,56.3,2024
18,666214,"Wentz, Joey",4/8/2024,745520,37,48.6,2024
18,670102,"Francis, Bowden",6/27/2024,744919,18,100,2024
18,656546,"Hoffman, Jeff",9/25/2024,745521,18,100,2024
18,656887,"Reid-Foley, Sean",5/21/2024,746633,18,100,2024
18,664076,"Cleavinger, Garrett",9/2/2024,745046,18,100,2024
18,614179,"Ruiz, José",5/11/2024,746069,18,100,2024
18,669622,"Bender, Anthony",8/8/2024,746030,18,100,2024
18,670871,"Zuñiga, Guillo",4/7/2024,746251,18,100,2024
18,664208,"Maton, Phil",4/20/2024,745760,18,100,2024
18,543859,"Tonkin, Michael",9/27/2024,745847,18,100,2024
18,663704,"McArthur, James",6/20/2024,745645,19,94.7,2024
18,543339,"Hudson, Daniel",4/16/2024,746157,18,100,2024
18,518886,"Kimbrel, Craig",8/2/2024,746605,18,100,2024
18,641656,"Hamilton, Ian",5/17/2024,745747,18,100,2024
18,670955,"Uceta, Edwin",7/25/2024,744907,36,50,2024
18,664126,"Fairbanks, Pete",6/9/2024,745085,18,100,2024
18,605347,"López, Jorge",7/11/2024,747011,18,100,2024
18,502085,"Robertson, David",9/27/2024,746173,18,100,2024
18,666214,"Wentz, Joey",8/13/2024,746435,35,51.4,2024
18,519043,"Moore, Matt",7/27/2024,746203,18,100,2024
18,656546,"Hoffman, Jeff",7/11/2024,745558,18,100,2024
18,623149,"Sewald, Paul",6/2/2024,745813,18,100,2024
18,593974,"Peralta, Wandy",4/28/2024,745428,18,100,2024
18,688297,"Roycroft, Chris",6/18/2024,746049,18,100,2024
18,543339,"Hudson, Daniel",4/25/2024,744867,18,100,2024
18,680891,"Neely, Jack",8/26/2024,745458,18,100,2024
18,622694,"Hernández, Elieser",5/24/2024,746713,18,100,2024
18,600917,"Leclerc, José",6/9/2024,745003,18,100,2024
18,681517,"Leahy, Kyle",8/2/2024,746845,18,100,2024
18,571882,"Law, Derek",5/28/2024,747115,18,100,2024
18,623352,"Hader, Josh",5/9/2024,745748,18,100,2024
18,641312,"Anderson, Shaun",9/27/2024,744879,19,94.7,2024
18,445926,"Chavez, Jesse",7/13/2024,745392,18,100,2024
18,623149,"Sewald, Paul",7/20/2024,746852,18,100,2024
18,622694,"Hernández, Elieser",6/17/2024,746215,18,100,2024
18,605154,"Brebbia, John",6/2/2024,745984,18,100,2024
18,592773,"Stanek, Ryne",6/2/2024,745252,18,100,2024
18,523260,"Kelly, Joe",4/10/2024,745923,18,100,2024
18,571927,"Matz, Steven",9/29/2024,745282,18,100,2024
18,608032,"Estévez, Carlos",5/8/2024,745507,18,100,2024
18,595928,"Curtiss, John",7/27/2024,745310,18,100,2024
18,493603,"Ottavino, Adam",4/4/2024,745844,18,100,2024
18,687377,"Ribalta, Orlando",8/30/2024,744810,18,100,2024
18,676254,"Walker, Ryan",8/27/2024,745946,18,100,2024
18,680767,"Vodnik, Victor",7/6/2024,746529,18,100,2024
18,669084,"Hall, DL",9/4/2024,745938,68,26.5,2024
18,657585,"Garrett, Reed",6/29/2024,745801,18,100,2024
18,663432,"Rainey, Tanner",6/13/2024,746465,18,100,2024
18,552640,"Kittredge, Andrew",9/7/2024,745125,18,100,2024
18,643377,"Jax, Griffin",7/10/2024,746773,18,100,2024
18,642232,"Yarbrough, Ryan",6/28/2024,745319,27,66.7,2024
18,656222,"Beeks, Jalen",6/29/2024,746778,18,100,2024
18,656302,"Cease, Dylan",9/18/2024,745365,103,17.5,2024
18,621237,"Alvarado, José",5/24/2024,746558,18,100,2024
18,605154,"Brebbia, John",7/28/2024,746770,18,100,2024
18,596133,"Weaver, Luke",5/15/2024,745908,31,58.1,2024
18,655889,"Rodríguez, Manuel",8/30/2024,745052,18,100,2024
18,640462,"Puk, A.J.",9/10/2024,747152,18,100,2024
18,676254,"Walker, Ryan",8/10/2024,745304,18,100,2024
18,643493,"Pruitt, Austin",4/19/2024,747136,18,100,2024
18,642207,"Williams, Devin",9/12/2024,745288,18,100,2024
18,664076,"Cleavinger, Garrett",6/2/2024,747030,18,100,2024
18,681676,"Fernandez, Ryan",6/13/2024,745168,18,100,2024
18,666808,"Doval, Camilo",4/7/2024,745362,18,100,2024
18,606303,"Payamps, Joel",7/14/2024,745962,18,100,2024
18,677161,"Kelly, Zack",5/18/2024,745177,18,100,2024
18,671345,"Foley, Jason",8/9/2024,745308,18,100,2024
18,519151,"Pressly, Ryan",5/13/2024,746393,18,100,2024
18,547184,"Kelly, Michael",4/1/2024,745675,18,100,2024
18,670167,"Schreiber, John",5/25/2024,745086,18,100,2024
18,666974,"Cano, Yennier",7/5/2024,745639,18,100,2024
18,643338,"Green, Chad",4/13/2024,744953,18,100,2024
18,663432,"Rainey, Tanner",8/6/2024,744817,18,100,2024
18,622259,"Wingenter, Trey",9/22/2024,746825,18,100,2024
18,621237,"Alvarado, José",4/17/2024,745591,18,100,2024
18,608723,"Voth, Austin",9/5/2024,745612,18,100,2024
18,593576,"Neris, Héctor",6/4/2024,746872,18,100,2024
18,670955,"Uceta, Edwin",9/1/2024,745048,23,78.3,2024
18,663704,"McArthur, James",4/17/2024,746807,18,100,2024
18,656222,"Beeks, Jalen",5/25/2024,746556,23,78.3,2024
18,519008,"McFarland, T.J.",9/15/2024,746741,18,100,2024
18,543339,"Hudson, Daniel",6/29/2024,745317,18,100,2024
18,656945,"Scott, Tanner",8/7/2024,745469,18,100,2024
18,681676,"Fernandez, Ryan",7/20/2024,747093,25,72,2024
18,676534,"Faucher, Calvin",8/27/2024,746510,18,100,2024
18,662253,"Muñoz, Andrés",6/26/2024,745073,18,100,2024
18,571670,"Floro, Dylan",8/7/2024,746604,18,100,2024
18,571948,"Milner, Hoby",6/12/2024,745978,18,100,2024
18,667463,"King, John",9/19/2024,745120,18,100,2024
18,676092,"Snider, Collin",8/3/2024,745225,18,100,2024
18,663485,"Sands, Cole",5/29/2024,745900,18,100,2024
18,547973,"Chapman, Aroldis",8/3/2024,745474,18,100,2024
18,622554,"Domínguez, Seranthony",8/10/2024,745056,18,100,2024
18,674944,"Guenther, Sean",9/7/2024,745613,18,100,2024
18,686580,"Slaten, Justin",5/28/2024,747033,18,100,2024
18,664747,"Díaz, Alexis",8/13/2024,746673,18,100,2024
18,693312,"Nicolas, Kyle",9/13/2024,745447,28,64.3,2024
18,695243,"Miller, Mason",8/10/2024,744897,18,100,2024
18,655889,"Rodríguez, Manuel",5/8/2024,745097,18,100,2024
18,670167,"Schreiber, John",9/10/2024,745694,18,100,2024
18,656464,"Ginkel, Kevin",4/30/2024,747210,18,100,2024
17,661527,"Martinez, Seth",4/17/2024,746401,17,100,2024
17,642701,"Santana, Dennis",8/2/2024,745471,17,100,2024
17,489446,"Yates, Kirby",4/18/2024,746485,17,100,2024
17,663878,"Pearson, Nate",3/28/2024,745116,17,100,2024
17,664747,"Díaz, Alexis",6/26/2024,746695,17,100,2024
17,623465,"Phillips, Evan",6/21/2024,746131,17,100,2024
17,595345,"Okert, Steven",6/29/2024,745239,17,100,2024
17,660825,"Bazardo, Eduard",6/13/2024,745245,17,100,2024
17,640448,"Finnegan, Kyle",7/12/2024,745965,17,100,2024
17,573204,"Thielbar, Caleb",9/22/2024,746906,17,100,2024
17,662253,"Muñoz, Andrés",9/24/2024,746336,17,100,2024
17,663704,"McArthur, James",4/30/2024,744942,17,100,2024
17,642546,"Hernández, Jonathan",6/24/2024,745974,54,31.5,2024
17,664208,"Maton, Phil",9/8/2024,745774,17,100,2024
17,650556,"Abreu, Bryan",3/31/2024,746413,21,81,2024
17,642397,"Soto, Gregory",6/2/2024,745572,17,100,2024
17,669211,"Akin, Keegan",5/7/2024,744859,17,100,2024
17,502085,"Robertson, David",8/27/2024,746755,17,100,2024
17,650556,"Abreu, Bryan",8/25/2024,746994,17,100,2024
17,643256,"Cimber, Adam",6/14/2024,745326,17,100,2024
17,641540,"Dunning, Dane",7/27/2024,744908,63,27,2024
17,592094,"Adam, Jason",8/23/2024,745378,17,100,2024
17,607481,"Bummer, Aaron",8/2/2024,747089,17,100,2024
17,621237,"Alvarado, José",5/5/2024,745587,17,100,2024
17,663947,"Holton, Tyler",9/27/2024,746417,17,100,2024
17,600917,"Leclerc, José",5/23/2024,745573,17,100,2024
17,593576,"Neris, Héctor",6/12/2024,745079,17,100,2024
17,607481,"Bummer, Aaron",4/5/2024,747143,17,100,2024
17,664875,"Lawrence, Justin",4/5/2024,746576,17,100,2024
17,663485,"Sands, Cole",9/2/2024,745046,17,100,2024
17,686826,"Jarvis, Bryce",4/24/2024,745188,17,100,2024
17,663947,"Holton, Tyler",9/6/2024,745611,17,100,2024
17,695243,"Miller, Mason",8/25/2024,745618,17,100,2024
17,672582,"Zerpa, Angel",8/20/2024,746266,29,58.6,2024
17,683769,"Gaddis, Hunter",7/13/2024,745067,17,100,2024
17,593974,"Peralta, Wandy",4/5/2024,745361,17,100,2024
17,502085,"Robertson, David",8/12/2024,746921,35,48.6,2024
17,676760,"Marinaccio, Ron",8/10/2024,745712,32,53.1,2024
17,676254,"Walker, Ryan",5/27/2024,745338,17,100,2024
17,678692,"Henriquez, Ronny",8/21/2024,745375,17,100,2024
17,593576,"Neris, Héctor",6/22/2024,746863,17,100,2024
17,593576,"Neris, Héctor",3/31/2024,745035,17,100,2024
17,519151,"Pressly, Ryan",8/2/2024,746354,17,100,2024
17,650893,"Cabrera, Génesis",8/6/2024,744901,17,100,2024
17,571656,"Farmer, Buck",4/15/2024,745268,40,42.5,2024
17,623451,"Stephens, Jackson",5/15/2024,747123,17,100,2024
17,670280,"Bednar, David",5/1/2024,745670,17,100,2024
17,670810,"Gillaspie, Logan",7/27/2024,747006,17,100,2024
17,662253,"Muñoz, Andrés",5/13/2024,745256,17,100,2024
17,623352,"Hader, Josh",7/11/2024,746367,17,100,2024
17,642701,"Santana, Dennis",5/5/2024,745751,17,100,2024
17,600917,"Leclerc, José",5/26/2024,745902,19,89.5,2024
17,608032,"Estévez, Carlos",7/12/2024,746207,17,100,2024
17,664776,"Cousins, Jake",8/13/2024,746757,17,100,2024
17,663460,"Bubic, Kris",9/29/2024,747061,17,100,2024
17,554340,"García, Yimi",6/9/2024,745651,17,100,2024
17,621381,"Strahm, Matt",5/6/2024,745585,17,100,2024
17,641771,"Kuhl, Chad",8/19/2024,745294,17,100,2024
17,641755,"Kinley, Tyler",8/20/2024,744814,17,100,2024
17,621242,"Díaz, Edwin",8/7/2024,746521,17,100,2024
17,605447,"Romano, Jordan",4/19/2024,745430,17,100,2024
17,676684,"Vest, Will",5/15/2024,746472,17,100,2024
17,621383,"Banks, Tanner",6/9/2024,746787,17,100,2024
17,622251,"Staumont, Josh",7/26/2024,746448,17,100,2024
17,592426,"Jackson, Luke",5/12/2024,745345,17,100,2024
17,607455,"Banda, Anthony",8/2/2024,745631,17,100,2024
17,693312,"Nicolas, Kyle",5/14/2024,745989,38,44.7,2024
17,489446,"Yates, Kirby",8/18/2024,744975,17,100,2024
17,518585,"Cruz, Fernando",7/6/2024,746694,17,100,2024
17,660896,"Alcala, Jorge",6/9/2024,745491,17,100,2024
17,676596,"Fleming, Josh",4/27/2024,745350,17,100,2024
17,669952,"White, Mitch",3/31/2024,745115,47,36.2,2024
17,623149,"Sewald, Paul",6/25/2024,747188,17,100,2024
17,642048,"Saucedo, Tayler",4/21/2024,746572,17,100,2024
17,664875,"Lawrence, Justin",5/25/2024,746556,17,100,2024
17,605155,"Brewer, Colten",4/30/2024,745831,38,44.7,2024
17,681869,"Dubin, Shawn",6/12/2024,745328,37,45.9,2024
17,519151,"Pressly, Ryan",5/3/2024,746402,17,100,2024
17,640470,"Alzolay, Adbert",5/12/2024,745499,17,100,2024
17,676714,"Hughes, Brandon",9/23/2024,747150,17,100,2024
17,622251,"Staumont, Josh",5/15/2024,745908,17,100,2024
17,543056,"Coulombe, Danny",9/27/2024,745847,17,100,2024
17,641729,"Jiménez, Joe",4/17/2024,746401,17,100,2024
17,592773,"Stanek, Ryne",4/10/2024,744950,17,100,2024
17,670059,"Holderman, Colin",5/29/2024,746468,17,100,2024
17,445926,"Chavez, Jesse",5/15/2024,747123,23,73.9,2024
17,664875,"Lawrence, Justin",8/17/2024,746515,17,100,2024
17,676684,"Vest, Will",8/29/2024,746432,17,100,2024
17,593576,"Neris, Héctor",8/2/2024,746845,17,100,2024
17,605156,"Brooks, Aaron",6/24/2024,746218,65,26.2,2024
17,547973,"Chapman, Aroldis",9/10/2024,745446,17,100,2024
17,663989,"Vespi, Nick",8/22/2024,746998,17,100,2024
17,605463,"Scott, Tayler",7/26/2024,746361,17,100,2024
17,592779,"Stewart, Brock",3/28/2024,746335,17,100,2024
17,543859,"Tonkin, Michael",6/10/2024,746295,17,100,2024
17,519326,"Strickland, Hunter",8/28/2024,746430,17,100,2024
17,641755,"Kinley, Tyler",5/23/2024,745660,17,100,2024
17,628452,"Iglesias, Raisel",5/1/2024,745261,17,100,2024
17,676596,"Fleming, Josh",5/10/2024,745506,17,100,2024
17,621051,"Wilson, Steven",8/2/2024,745875,17,100,2024
17,656945,"Scott, Tanner",7/4/2024,746043,17,100,2024
17,623352,"Hader, Josh",9/24/2024,746336,17,100,2024
17,519326,"Strickland, Hunter",4/9/2024,746250,17,100,2024
17,519008,"McFarland, T.J.",9/28/2024,745203,17,100,2024
17,642701,"Santana, Dennis",9/27/2024,745692,17,100,2024
17,493603,"Ottavino, Adam",8/14/2024,745790,17,100,2024
17,664854,"Helsley, Ryan",4/16/2024,745674,17,100,2024
17,666205,"Muller, Kyle",5/22/2024,745661,17,100,2024
17,593576,"Neris, Héctor",7/4/2024,746857,17,100,2024
17,664854,"Helsley, Ryan",8/28/2024,745134,17,100,2024
17,680767,"Vodnik, Victor",5/27/2024,746549,22,77.3,2024
17,605130,"Barlow, Scott",5/4/2024,746644,17,100,2024
17,686539,"Cronin, Declan",9/15/2024,744801,17,100,2024
17,671345,"Foley, Jason",9/11/2024,746425,17,100,2024
17,554431,"Matzek, Tyler",4/19/2024,747136,17,100,2024
17,593576,"Neris, Héctor",5/7/2024,746885,17,100,2024
17,570257,"Rodríguez, Joely",4/11/2024,746977,17,100,2024
17,672335,"Pérez, Cionel",8/25/2024,746994,17,100,2024
17,606149,"Gallegos, Giovanny",4/8/2024,745194,17,100,2024
17,628452,"Iglesias, Raisel",6/26/2024,745157,17,100,2024
17,519293,"Smith, Will",4/3/2024,747059,17,100,2024
17,656222,"Beeks, Jalen",7/2/2024,746537,17,100,2024
17,621053,"Ferguson, Tyler",9/5/2024,745612,17,100,2024
17,592094,"Adam, Jason",5/29/2024,745084,17,100,2024
17,593576,"Neris, Héctor",7/24/2024,746851,17,100,2024
17,640448,"Finnegan, Kyle",5/18/2024,745581,17,100,2024
17,571946,"Miller, Shelby",6/28/2024,746214,17,100,2024
17,664076,"Cleavinger, Garrett",7/28/2024,745063,17,100,2024
17,606930,"Barnes, Jacob",6/14/2024,744847,17,100,2024
17,605280,"Holmes, Clay",6/18/2024,745733,17,100,2024
17,661395,"Duran, Jhoan",6/2/2024,746383,17,100,2024
17,643410,"Leiter Jr., Mark",6/17/2024,746868,28,60.7,2024
17,656222,"Beeks, Jalen",4/5/2024,746576,17,100,2024
17,681432,"Little, Luke",5/28/2024,745987,17,100,2024
17,592288,"Emanuel, Kent",8/23/2024,746024,17,100,2024
17,661403,"Clase, Emmanuel",4/2/2024,745273,17,100,2024
17,621051,"Wilson, Steven",3/30/2024,746818,17,100,2024
17,489446,"Yates, Kirby",5/6/2024,745669,17,100,2024
17,657097,"Webb, Jacob",5/13/2024,747040,17,100,2024
17,666808,"Doval, Camilo",5/19/2024,745336,17,100,2024
17,673380,"Núñez, Dedniel",7/7/2024,745477,17,100,2024
17,641703,"Honeywell, Brent",7/31/2024,745386,56,30.4,2024
17,683769,"Gaddis, Hunter",7/26/2024,745554,17,100,2024
17,683232,"Mears, Nick",4/28/2024,746561,17,100,2024
17,641154,"López, Pablo",8/30/2024,745862,106,16,2024
17,607179,"Weems, Jordan",5/8/2024,744858,17,100,2024
17,628452,"Iglesias, Raisel",7/27/2024,745793,17,100,2024
17,689147,"Kerkering, Orion",5/22/2024,745576,17,100,2024
17,519293,"Smith, Will",8/1/2024,746442,17,100,2024
17,641755,"Kinley, Tyler",9/6/2024,745941,17,100,2024
17,671109,"Eder, Jake",9/17/2024,746176,45,37.8,2024
17,571882,"Law, Derek",6/1/2024,746629,29,58.6,2024
17,669674,"Long, Sam",9/25/2024,744795,17,100,2024
17,657514,"Bernardino, Brennan",5/14/2024,746962,17,100,2024
17,680704,"Sandlin, Nick",9/9/2024,746746,17,100,2024
17,670990,"Ramírez, Yohan",5/26/2024,746711,17,100,2024
17,552640,"Kittredge, Andrew",7/3/2024,745487,17,100,2024
17,622253,"Tate, Dillon",4/12/2024,747055,29,58.6,2024
17,605130,"Barlow, Scott",8/7/2024,746602,17,100,2024
17,592773,"Stanek, Ryne",3/29/2024,745276,17,100,2024
17,608371,"Sims, Lucas",7/6/2024,746694,17,100,2024
17,605463,"Scott, Tayler",6/8/2024,746223,17,100,2024
17,695243,"Miller, Mason",9/28/2024,745203,17,100,2024
17,608032,"Estévez, Carlos",8/8/2024,747169,17,100,2024
17,666808,"Doval, Camilo",4/27/2024,745350,17,100,2024
17,607455,"Banda, Anthony",6/21/2024,746131,17,100,2024
17,519293,"Smith, Will",5/26/2024,745088,17,100,2024
17,622554,"Domínguez, Seranthony",9/19/2024,746985,17,100,2024
17,680767,"Vodnik, Victor",8/11/2024,746517,17,100,2024
17,656222,"Beeks, Jalen",4/21/2024,746572,31,54.8,2024
17,518886,"Kimbrel, Craig",7/2/2024,745240,17,100,2024
17,641645,"Guillorme, Luis",7/19/2024,745640,17,100,2024
17,643338,"Green, Chad",4/15/2024,744951,17,100,2024
17,657571,"Ferguson, Caleb",7/19/2024,745721,17,100,2024
17,683769,"Gaddis, Hunter",5/12/2024,746798,17,100,2024
17,690829,"Joyce, Ben",6/5/2024,746221,17,100,2024
17,695243,"Miller, Mason",4/25/2024,745755,17,100,2024
17,547184,"Kelly, Michael",5/5/2024,745667,36,47.2,2024
17,681293,"Arrighetti, Spencer",8/28/2024,745541,103,16.5,2024
17,640462,"Puk, A.J.",8/25/2024,746918,17,100,2024
17,623211,"Brazobán, Huascar",7/20/2024,746041,17,100,2024
17,676714,"Hughes, Brandon",5/26/2024,747197,17,100,2024
17,571539,"Carasiti, Matt",6/1/2024,746138,21,81,2024
17,668674,"Erceg, Lucas",7/22/2024,745635,17,100,2024
17,669622,"Bender, Anthony",4/30/2024,746073,17,100,2024
17,656271,"Burke, Brock",6/27/2024,747020,17,100,2024
17,542585,"Cisnero, José",4/21/2024,746727,39,43.6,2024
17,663460,"Bubic, Kris",8/6/2024,746273,32,53.1,2024
17,621242,"Díaz, Edwin",9/21/2024,745768,17,100,2024
17,445926,"Chavez, Jesse",7/24/2024,747091,17,100,2024
17,640451,"Harvey, Hunter",5/7/2024,744859,17,100,2024
17,663542,"Hudson, Bryan",5/4/2024,746884,26,65.4,2024
17,606303,"Payamps, Joel",4/2/2024,746009,17,100,2024
17,489446,"Yates, Kirby",5/25/2024,745901,17,100,2024
17,689225,"Brieske, Beau",5/18/2024,747202,17,100,2024
17,554431,"Matzek, Tyler",4/1/2024,746817,17,100,2024
17,571946,"Miller, Shelby",3/30/2024,746818,17,100,2024
17,571946,"Miller, Shelby",8/15/2024,746437,22,77.3,2024
17,657044,"Thompson, Ryan",5/5/2024,747206,17,100,2024
17,672851,"Adon, Joan",7/8/2024,744833,17,100,2024
17,493603,"Ottavino, Adam",5/6/2024,745182,17,100,2024
17,677161,"Kelly, Zack",8/14/2024,746919,17,100,2024
17,695243,"Miller, Mason",8/19/2024,745620,17,100,2024
17,680767,"Vodnik, Victor",8/16/2024,746518,17,100,2024
17,656222,"Beeks, Jalen",7/5/2024,746533,17,100,2024
17,593576,"Neris, Héctor",6/27/2024,745324,17,100,2024
17,656976,"Smith, Pavin",6/8/2024,745410,17,100,2024
17,678606,"Ferrer, Jose A.",8/26/2024,744813,17,100,2024
17,656629,"Kopech, Michael",4/17/2024,746807,17,100,2024
17,621237,"Alvarado, José",8/14/2024,745544,17,100,2024
17,686580,"Slaten, Justin",6/23/2024,746699,17,100,2024
17,657006,"Steele, Justin",6/24/2024,745323,106,16,2024
17,663878,"Pearson, Nate",6/15/2024,744925,17,100,2024
17,445276,"Jansen, Kenley",6/2/2024,746953,17,100,2024
17,663773,"Hoeing, Bryan",8/22/2024,745379,24,70.8,2024
17,641154,"López, Pablo",6/23/2024,745648,102,16.7,2024
17,623352,"Hader, Josh",5/10/2024,746479,17,100,2024
17,572955,"Johnson, Pierce",7/20/2024,747093,17,100,2024
17,686580,"Slaten, Justin",4/30/2024,746968,17,100,2024
17,543339,"Hudson, Daniel",8/18/2024,745139,17,100,2024
17,656464,"Ginkel, Kevin",7/2/2024,746133,17,100,2024
17,592773,"Stanek, Ryne",9/9/2024,744888,17,100,2024
17,608331,"Fried, Max",5/28/2024,747115,103,16.5,2024
17,573009,"Mantiply, Joe",7/24/2024,746279,17,100,2024
17,681892,"Funderburk, Kody",7/12/2024,745312,17,100,2024
17,663704,"McArthur, James",5/18/2024,746308,17,100,2024
17,621363,"Poche, Colin",7/25/2024,744907,17,100,2024
17,613534,"Adams, Austin",8/4/2024,745627,17,100,2024
17,664875,"Lawrence, Justin",9/1/2024,746505,17,100,2024
17,664208,"Maton, Phil",6/12/2024,745079,17,100,2024
17,663568,"Kolek, Stephen",7/27/2024,747006,29,58.6,2024
17,663432,"Rainey, Tanner",7/27/2024,745150,17,100,2024
17,681799,"Roberts, Ethan",7/30/2024,746683,34,50,2024
17,669211,"Akin, Keegan",9/8/2024,746989,17,100,2024
17,672860,"Berroa, Prelander",9/24/2024,746743,17,100,2024
17,621053,"Ferguson, Tyler",9/11/2024,746342,17,100,2024
17,683769,"Gaddis, Hunter",9/18/2024,746582,17,100,2024
17,592767,"Smyly, Drew",7/20/2024,746852,27,63,2024
17,669060,"Wilson, Bryse",8/22/2024,745137,26,65.4,2024
17,666974,"Cano, Yennier",8/10/2024,745056,17,100,2024
17,671922,"Smith, Cade",8/20/2024,745707,17,100,2024
17,608723,"Voth, Austin",4/24/2024,745028,36,47.2,2024
17,547184,"Kelly, Michael",4/29/2024,745672,17,100,2024
17,640448,"Finnegan, Kyle",9/13/2024,744800,17,100,2024
17,680767,"Vodnik, Victor",7/10/2024,746689,18,94.4,2024
17,670059,"Holderman, Colin",7/4/2024,745484,17,100,2024
17,686654,"Adcock, Ty",7/3/2024,744837,17,100,2024
17,663423,"Thornton, Trent",8/30/2024,746184,17,100,2024
17,605177,"Chafin, Andrew",4/12/2024,746491,17,100,2024
17,552640,"Kittredge, Andrew",8/9/2024,746275,17,100,2024
17,670955,"Uceta, Edwin",9/27/2024,746904,17,100,2024
17,621051,"Wilson, Steven",3/31/2024,746815,17,100,2024
17,669308,"Reynolds, Sean",8/16/2024,746518,17,100,2024
17,605130,"Barlow, Scott",4/19/2024,746650,17,100,2024
17,657514,"Bernardino, Brennan",9/6/2024,746912,17,100,2024
17,669093,"Estrada, Jeremiah",6/1/2024,746305,32,53.1,2024
17,665625,"Peguero, Elvis",5/26/2024,746957,17,100,2024
17,571656,"Farmer, Buck",6/4/2024,746550,17,100,2024
17,669093,"Estrada, Jeremiah",6/25/2024,745399,17,100,2024
17,670280,"Bednar, David",5/31/2024,744928,17,100,2024
17,663531,"Allen, Logan",4/29/2024,747211,41,41.5,2024
17,623211,"Brazobán, Huascar",9/18/2024,745771,17,100,2024
17,668390,"Winn, Cole",5/7/2024,745668,17,100,2024
17,681676,"Fernandez, Ryan",9/4/2024,745938,17,100,2024
17,519293,"Smith, Will",4/26/2024,746482,17,100,2024
17,519151,"Pressly, Ryan",8/31/2024,746348,17,100,2024
17,596001,"Junis, Jakob",8/12/2024,746682,21,81,2024
17,668674,"Erceg, Lucas",5/22/2024,745661,17,100,2024
17,622554,"Domínguez, Seranthony",6/16/2024,747023,17,100,2024
17,621237,"Alvarado, José",7/3/2024,746858,17,100,2024
17,670046,"Rosenberg, Kenny",9/18/2024,746172,17,100,2024
17,642701,"Santana, Dennis",7/4/2024,745484,17,100,2024
17,669622,"Bender, Anthony",6/30/2024,745555,23,73.9,2024
17,664747,"Díaz, Alexis",6/2/2024,746871,17,100,2024
17,643338,"Green, Chad",7/26/2024,744906,17,100,2024
17,668968,"Crouse, Hans",7/12/2024,746207,17,100,2024
17,661403,"Clase, Emmanuel",5/13/2024,745019,17,100,2024
17,664849,"Young, Danny",7/27/2024,745793,35,48.6,2024
17,664854,"Helsley, Ryan",4/22/2024,745191,17,100,2024
17,676684,"Vest, Will",8/11/2024,745303,17,100,2024
17,642100,"Speier, Gabe",8/23/2024,745217,17,100,2024
17,672391,"Ort, Kaleb",8/20/2024,746349,25,68,2024
17,621381,"Strahm, Matt",4/19/2024,745592,17,100,2024
17,683618,"Henriquez, Edgardo",9/29/2024,746496,17,100,2024
17,676395,"Garcia, Robert",7/21/2024,744831,17,100,2024
17,621383,"Banks, Tanner",5/10/2024,746801,20,85,2024
17,663947,"Holton, Tyler",8/31/2024,746424,17,100,2024
17,670970,"Morejon, Adrian",8/10/2024,746026,17,100,2024
17,614179,"Ruiz, José",7/12/2024,745552,17,100,2024
17,662253,"Muñoz, Andrés",7/12/2024,746207,17,100,2024
17,642207,"Williams, Devin",9/4/2024,745938,17,100,2024
17,683232,"Mears, Nick",8/13/2024,745954,17,100,2024
17,598264,"Barnes, Matt",4/23/2024,744863,17,100,2024
17,656546,"Hoffman, Jeff",4/13/2024,745594,17,100,2024
17,642701,"Santana, Dennis",5/3/2024,745756,17,100,2024
17,664126,"Fairbanks, Pete",6/4/2024,746060,17,100,2024
17,472610,"García, Luis",5/18/2024,745013,17,100,2024
17,593334,"Germán, Domingo",8/14/2024,745381,29,58.6,2024
17,519151,"Pressly, Ryan",6/9/2024,746216,17,100,2024
17,607179,"Weems, Jordan",6/14/2024,744847,17,100,2024
17,670280,"Bednar, David",6/8/2024,745492,17,100,2024
17,661403,"Clase, Emmanuel",7/24/2024,746611,17,100,2024
17,640470,"Alzolay, Adbert",4/13/2024,745272,17,100,2024
17,605177,"Chafin, Andrew",7/28/2024,746445,17,100,2024
17,650671,"Quijada, José",9/11/2024,745857,17,100,2024
17,640448,"Finnegan, Kyle",6/23/2024,746536,17,100,2024
17,670059,"Holderman, Colin",5/25/2024,745493,23,73.9,2024
17,642520,"Garabito, Gerson",6/7/2024,745008,17,100,2024
17,677960,"Weathers, Ryan",5/14/2024,746473,97,17.5,2024
17,595014,"Treinen, Blake",9/26/2024,746088,17,100,2024
17,672582,"Zerpa, Angel",9/29/2024,747061,28,60.7,2024
17,640448,"Finnegan, Kyle",4/7/2024,744871,17,100,2024
17,663158,"Suarez, Robert",5/17/2024,747122,17,100,2024
17,680704,"Sandlin, Nick",7/4/2024,746619,17,100,2024
17,689690,"Jacob, Alek",8/31/2024,745050,48,35.4,2024
17,623465,"Phillips, Evan",4/2/2024,746169,17,100,2024
17,669796,"Hernandez, Jose E.",4/7/2024,745523,17,100,2024
17,572143,"Smith, Burch",9/17/2024,746987,30,56.7,2024
17,664747,"Díaz, Alexis",9/8/2024,745774,17,100,2024
17,680897,"Nastrini, Nick",9/9/2024,746746,71,23.9,2024
17,489446,"Yates, Kirby",9/22/2024,744955,17,100,2024
17,663531,"Allen, Logan",5/14/2024,747205,49,34.7,2024
17,661395,"Duran, Jhoan",9/7/2024,746259,17,100,2024
17,643511,"Rogers, Tyler",3/29/2024,745435,17,100,2024
17,668941,"Romero, JoJo",8/16/2024,745144,17,100,2024
17,676254,"Walker, Ryan",9/8/2024,745368,17,100,2024
17,670167,"Schreiber, John",9/20/2024,746256,17,100,2024
17,665896,"Marte, José",7/8/2024,746208,22,77.3,2024
17,670970,"Morejon, Adrian",4/19/2024,745430,17,100,2024
17,680891,"Neely, Jack",9/16/2024,746828,17,100,2024
17,669093,"Estrada, Jeremiah",9/4/2024,745370,17,100,2024
17,661395,"Duran, Jhoan",7/31/2024,745789,17,100,2024
17,640448,"Finnegan, Kyle",8/16/2024,745542,17,100,2024
17,623352,"Hader, Josh",9/12/2024,746337,17,100,2024
17,656945,"Scott, Tanner",6/19/2024,746050,17,100,2024
17,643511,"Rogers, Tyler",8/23/2024,745217,17,100,2024
17,623149,"Sewald, Paul",6/4/2024,747196,17,100,2024
17,519043,"Moore, Matt",7/31/2024,746198,17,100,2024
17,663158,"Suarez, Robert",6/24/2024,745397,17,100,2024
17,605130,"Barlow, Scott",8/16/2024,745949,17,100,2024
17,622103,"Reyes, Gerardo",7/31/2024,745306,17,100,2024
17,669461,"Liberatore, Matthew",4/8/2024,745194,18,94.4,2024
17,650893,"Cabrera, Génesis",4/17/2024,744948,29,58.6,2024
17,606965,"Devenski, Chris",6/7/2024,745083,31,54.8,2024
17,542888,"Armstrong, Shawn",9/2/2024,746833,17,100,2024
17,668800,"Knizner, Andrew",6/17/2024,745005,17,100,2024
17,543766,"Shaw, Bryan",4/4/2024,746327,17,100,2024
17,666974,"Cano, Yennier",9/21/2024,746983,17,100,2024
17,680767,"Vodnik, Victor",8/9/2024,746523,17,100,2024
17,670036,"Festa, Matt",8/25/2024,746595,17,100,2024
17,675989,"Bolton, Cody",5/12/2024,745255,17,100,2024
17,662253,"Muñoz, Andrés",6/13/2024,745245,17,100,2024
17,678692,"Henriquez, Ronny",9/20/2024,746905,17,100,2024
17,641729,"Jiménez, Joe",7/8/2024,747181,17,100,2024
17,621237,"Alvarado, José",5/23/2024,745573,17,100,2024
17,623149,"Sewald, Paul",7/2/2024,746133,17,100,2024
17,664776,"Cousins, Jake",9/3/2024,744968,17,100,2024
17,663568,"Kolek, Stephen",5/19/2024,747120,17,100,2024
17,664875,"Lawrence, Justin",7/7/2024,746530,17,100,2024
17,650893,"Cabrera, Génesis",5/28/2024,746791,17,100,2024
17,656222,"Beeks, Jalen",8/4/2024,745468,17,100,2024
17,571948,"Milner, Hoby",5/12/2024,745990,17,100,2024
17,458677,"Wilson, Justin",7/6/2024,746694,17,100,2024
17,623433,"Anderson, Nick",4/6/2024,746329,17,100,2024
17,608334,"Fulmer, Carson",9/18/2024,746172,17,100,2024
17,621237,"Alvarado, José",4/5/2024,744874,17,100,2024
17,650893,"Cabrera, Génesis",7/24/2024,744905,17,100,2024
17,657024,"Swanson, Erik",4/26/2024,744949,17,100,2024
17,663855,"Hicks, Jordan",8/11/2024,745303,17,100,2024
17,643511,"Rogers, Tyler",9/17/2024,746987,17,100,2024
17,641835,"Mayza, Tim",4/10/2024,744950,17,100,2024
17,605463,"Scott, Tayler",9/14/2024,746177,17,100,2024
17,664875,"Lawrence, Justin",5/8/2024,746562,17,100,2024
17,642207,"Williams, Devin",8/4/2024,744826,17,100,2024
17,608032,"Estévez, Carlos",6/14/2024,745326,17,100,2024
17,663485,"Sands, Cole",9/26/2024,745853,17,100,2024
17,700187,"Taylor, Troy",9/23/2024,746334,17,100,2024
17,656464,"Ginkel, Kevin",8/18/2024,745051,17,100,2024
17,641771,"Kuhl, Chad",8/16/2024,746357,17,100,2024
17,640470,"Alzolay, Adbert",4/20/2024,746893,17,100,2024
17,657571,"Ferguson, Caleb",6/7/2024,745737,17,100,2024
17,656464,"Ginkel, Kevin",5/5/2024,747206,17,100,2024
17,592454,"Kahnle, Tommy",9/11/2024,745697,17,100,2024
17,642207,"Williams, Devin",8/20/2024,745136,17,100,2024
17,669211,"Akin, Keegan",3/28/2024,747060,17,100,2024
17,542888,"Armstrong, Shawn",5/10/2024,745094,17,100,2024
17,666808,"Doval, Camilo",8/7/2024,744822,17,100,2024
17,643511,"Rogers, Tyler",4/26/2024,745347,17,100,2024
17,493603,"Ottavino, Adam",8/3/2024,746194,17,100,2024
17,656529,"Hentges, Sam",6/25/2024,747022,19,89.5,2024
17,664854,"Helsley, Ryan",7/2/2024,745482,17,100,2024
17,605280,"Holmes, Clay",3/31/2024,746413,17,100,2024
17,663878,"Pearson, Nate",9/18/2024,746831,33,51.5,2024
17,621237,"Alvarado, José",5/21/2024,745578,17,100,2024
17,641729,"Jiménez, Joe",6/12/2024,747028,17,100,2024
17,595014,"Treinen, Blake",8/30/2024,747156,17,100,2024
17,663574,"Santillan, Tony",8/31/2024,746667,31,54.8,2024
17,641729,"Jiménez, Joe",9/21/2024,746012,17,100,2024
17,573124,"Rogers, Taylor",5/18/2024,745339,17,100,2024
17,518617,"Diekman, Jake",6/12/2024,745811,17,100,2024
17,623149,"Sewald, Paul",7/26/2024,747174,17,100,2024
17,669211,"Akin, Keegan",5/11/2024,747041,17,100,2024
17,621051,"Wilson, Steven",6/30/2024,746779,17,100,2024
17,657571,"Ferguson, Caleb",9/15/2024,746180,17,100,2024
17,668338,"Miller, Tyson",7/6/2024,746856,17,100,2024
17,623451,"Stephens, Jackson",5/4/2024,746155,21,81,2024
17,669952,"White, Mitch",5/13/2024,745991,23,73.9,2024
17,669093,"Estrada, Jeremiah",7/14/2024,745385,17,100,2024
17,595881,"Beede, Tyler",4/2/2024,745273,17,100,2024
17,571882,"Law, Derek",5/4/2024,744862,29,58.6,2024
17,643511,"Rogers, Tyler",7/11/2024,745313,17,100,2024
17,656641,"Latz, Jacob",7/31/2024,745148,35,48.6,2024
17,643410,"Leiter Jr., Mark",4/9/2024,745433,17,100,2024
17,670280,"Bednar, David",8/7/2024,745469,17,100,2024
17,687863,"Hodge, Porter",8/31/2024,744808,17,100,2024
17,672710,"Contreras, Roansy",9/29/2024,746174,17,100,2024
17,642701,"Santana, Dennis",4/25/2024,745755,17,100,2024
17,592773,"Stanek, Ryne",9/3/2024,745778,17,100,2024
17,600917,"Leclerc, José",6/21/2024,745006,27,63,2024
17,657508,"Baumann, Mike",7/2/2024,745240,17,100,2024
17,592454,"Kahnle, Tommy",6/23/2024,745727,17,100,2024
17,571771,"Hernández, Enrique",9/1/2024,747157,17,100,2024
17,573204,"Thielbar, Caleb",4/19/2024,745922,17,100,2024
17,622554,"Domínguez, Seranthony",7/26/2024,747010,17,100,2024
17,664076,"Cleavinger, Garrett",9/9/2024,745534,17,100,2024
17,622786,"Tinoco, Jesus",5/29/2024,745011,29,58.6,2024
17,640470,"Alzolay, Adbert",4/3/2024,746900,17,100,2024
17,519043,"Moore, Matt",6/17/2024,746215,17,100,2024
17,595014,"Treinen, Blake",5/19/2024,746144,17,100,2024
17,547973,"Chapman, Aroldis",9/25/2024,745442,17,100,2024
17,664747,"Díaz, Alexis",8/19/2024,744898,17,100,2024
17,669212,"Morgan, Eli",8/5/2024,746600,17,100,2024
17,686826,"Jarvis, Bryce",5/11/2024,747041,17,100,2024
17,593576,"Neris, Héctor",7/27/2024,746278,17,100,2024
17,683232,"Mears, Nick",5/7/2024,746559,20,85,2024
17,677161,"Kelly, Zack",8/10/2024,746922,17,100,2024
17,657649,"Koenig, Jared",6/28/2024,745970,18,94.4,2024
17,641540,"Dunning, Dane",8/24/2024,746599,17,100,2024
17,542882,"Andriese, Matt",4/7/2024,745198,17,100,2024
17,621294,"Heller, Ben",8/10/2024,746112,39,43.6,2024
17,608371,"Sims, Lucas",7/3/2024,745728,17,100,2024
17,676130,"Buttó, José",8/19/2024,745780,17,100,2024
17,643410,"Leiter Jr., Mark",5/1/2024,745829,17,100,2024
17,519151,"Pressly, Ryan",3/30/2024,746410,17,100,2024
17,641149,"Parsons, Wes",3/29/2024,745117,59,28.8,2024
17,642048,"Saucedo, Tayler",4/28/2024,745265,17,100,2024
17,664076,"Cleavinger, Garrett",8/18/2024,745051,17,100,2024
17,658648,"Avila, Pedro",5/10/2024,746801,17,100,2024
17,664126,"Fairbanks, Pete",4/5/2024,746576,17,100,2024
17,664126,"Fairbanks, Pete",7/26/2024,745068,17,100,2024
17,622251,"Staumont, Josh",5/11/2024,744943,21,81,2024
17,622065,"Young, Alex",5/28/2024,746709,17,100,2024
17,640451,"Harvey, Hunter",3/31/2024,746739,17,100,2024
17,664076,"Cleavinger, Garrett",4/20/2024,745760,17,100,2024
17,673513,"Matsui, Yuki",4/20/2024,745431,17,100,2024
17,669211,"Akin, Keegan",6/30/2024,747016,17,100,2024
17,656464,"Ginkel, Kevin",9/5/2024,745289,17,100,2024
17,660896,"Alcala, Jorge",9/26/2024,745853,17,100,2024
17,542888,"Armstrong, Shawn",7/5/2024,744992,17,100,2024
17,656222,"Beeks, Jalen",6/15/2024,746547,17,100,2024
17,640451,"Harvey, Hunter",5/1/2024,745023,28,60.7,2024
17,571882,"Law, Derek",9/7/2024,745455,17,100,2024
17,672710,"Contreras, Roansy",9/7/2024,744963,17,100,2024
17,622253,"Tate, Dillon",4/28/2024,747045,17,100,2024
17,681911,"Vesia, Alex",7/6/2024,746129,17,100,2024
17,658648,"Avila, Pedro",5/15/2024,745015,17,100,2024
17,608718,"Suter, Brent",6/27/2024,745162,23,73.9,2024
17,656222,"Beeks, Jalen",6/11/2024,745899,18,94.4,2024
17,686642,"Ellard, Fraser",9/13/2024,746744,21,81,2024
17,592094,"Adam, Jason",5/13/2024,746961,17,100,2024
17,669721,"Daniel, Davis",6/27/2024,746210,99,17.2,2024
17,605347,"López, Jorge",4/12/2024,745838,17,100,2024
17,622251,"Staumont, Josh",5/21/2024,744860,17,100,2024
17,605121,"Anderson, Justin",9/8/2024,746910,17,100,2024
17,666808,"Doval, Camilo",3/30/2024,745436,17,100,2024
17,670280,"Bednar, David",5/13/2024,745991,17,100,2024
17,605155,"Brewer, Colten",6/13/2024,745075,17,100,2024
17,543339,"Hudson, Daniel",9/27/2024,746494,17,100,2024
17,681911,"Vesia, Alex",4/14/2024,746164,21,81,2024
17,643377,"Jax, Griffin",9/16/2024,746588,21,81,2024
17,687330,"Kelly, Kevin",6/19/2024,745887,17,100,2024
17,622253,"Tate, Dillon",4/21/2024,746316,17,100,2024
17,622554,"Domínguez, Seranthony",9/11/2024,746908,17,100,2024
17,622554,"Domínguez, Seranthony",8/18/2024,746999,17,100,2024
17,571670,"Floro, Dylan",5/26/2024,744855,17,100,2024
17,660896,"Alcala, Jorge",7/20/2024,745880,17,100,2024
17,605121,"Anderson, Justin",9/14/2024,746740,17,100,2024
17,608371,"Sims, Lucas",6/24/2024,746696,17,100,2024
17,663542,"Hudson, Bryan",5/27/2024,745986,32,53.1,2024
17,664126,"Fairbanks, Pete",5/26/2024,745088,17,100,2024
17,623149,"Sewald, Paul",8/17/2024,745049,17,100,2024
17,667755,"Soriano, José",7/23/2024,745227,100,17,2024
17,660600,"Paredes, Enoli",9/17/2024,745935,17,100,2024
17,605463,"Scott, Tayler",9/11/2024,746342,17,100,2024
16,686580,"Slaten, Justin",6/12/2024,746948,16,100,2024
16,657024,"Swanson, Erik",9/25/2024,744877,16,100,2024
16,681432,"Little, Luke",5/19/2024,746880,16,100,2024
16,669308,"Reynolds, Sean",8/14/2024,745381,16,100,2024
16,676254,"Walker, Ryan",4/2/2024,746169,25,64,2024
16,445926,"Chavez, Jesse",5/17/2024,747122,16,100,2024
16,678226,"Hernández, Daysbel",6/17/2024,747108,16,100,2024
16,605452,"Ross, Joe",8/13/2024,745954,16,100,2024
16,608717,"Stratton, Chris",5/17/2024,746310,16,100,2024
16,663423,"Thornton, Trent",7/4/2024,745236,16,100,2024
16,657508,"Baumann, Mike",9/18/2024,746014,16,100,2024
16,666808,"Doval, Camilo",7/4/2024,747103,16,100,2024
16,605154,"Brebbia, John",6/9/2024,746787,16,100,2024
16,641755,"Kinley, Tyler",8/16/2024,746518,18,88.9,2024
16,668674,"Erceg, Lucas",7/2/2024,745647,16,100,2024
16,592094,"Adam, Jason",5/3/2024,745101,16,100,2024
16,608718,"Suter, Brent",6/5/2024,746544,16,100,2024
16,596133,"Weaver, Luke",9/20/2024,745606,16,100,2024
16,670036,"Festa, Matt",9/20/2024,744960,16,100,2024
16,663704,"McArthur, James",5/22/2024,746304,16,100,2024
16,670810,"Gillaspie, Logan",8/24/2024,745377,16,100,2024
16,606930,"Barnes, Jacob",6/6/2024,744844,16,100,2024
16,656629,"Kopech, Michael",7/2/2024,746623,16,100,2024
16,676969,"de Geus, Brett",4/20/2024,746570,16,100,2024
16,676254,"Walker, Ryan",5/7/2024,746559,16,100,2024
16,670990,"Ramírez, Yohan",6/4/2024,745497,16,100,2024
16,663546,"Hjelle, Sean",5/11/2024,745344,16,100,2024
16,677053,"Nardi, Andrew",6/5/2024,746056,16,100,2024
16,670871,"Zuñiga, Guillo",4/3/2024,746083,28,57.1,2024
16,519043,"Moore, Matt",6/12/2024,747193,16,100,2024
16,668941,"Romero, JoJo",8/28/2024,745134,16,100,2024
16,686826,"Jarvis, Bryce",7/27/2024,747171,16,100,2024
16,680704,"Sandlin, Nick",4/15/2024,746974,16,100,2024
16,595881,"Beede, Tyler",4/6/2024,745926,16,100,2024
16,671345,"Foley, Jason",6/21/2024,746460,16,100,2024
16,663992,"Lovelady, Richard",8/22/2024,745623,16,100,2024
16,669211,"Akin, Keegan",7/24/2024,746035,16,100,2024
16,663878,"Pearson, Nate",5/12/2024,744941,16,100,2024
16,548384,"Raley, Brooks",3/31/2024,745845,16,100,2024
16,622786,"Tinoco, Jesus",7/19/2024,746854,16,100,2024
16,552640,"Kittredge, Andrew",6/2/2024,745572,16,100,2024
16,662253,"Muñoz, Andrés",4/1/2024,745277,16,100,2024
16,657571,"Ferguson, Caleb",7/11/2024,745065,16,100,2024
16,669093,"Estrada, Jeremiah",5/17/2024,747122,16,100,2024
16,489446,"Yates, Kirby",5/15/2024,745015,16,100,2024
16,669276,"Lee, Dylan",7/24/2024,747091,23,69.6,2024
16,679885,"Martinez, Justin",4/26/2024,745269,29,55.2,2024
16,669711,"Weissert, Greg",9/15/2024,745693,21,76.2,2024
16,472610,"García, Luis",5/19/2024,745012,16,100,2024
16,695243,"Miller, Mason",4/11/2024,745029,16,100,2024
16,641941,"Pagán, Emilio",5/7/2024,746718,16,100,2024
16,666974,"Cano, Yennier",6/1/2024,747029,16,100,2024
16,668942,"Rojas, Josh",4/7/2024,746003,16,100,2024
16,643338,"Green, Chad",9/19/2024,744962,16,100,2024
16,571882,"Law, Derek",7/20/2024,744830,31,51.6,2024
16,572143,"Smith, Burch",9/7/2024,746986,16,100,2024
16,666205,"Muller, Kyle",9/29/2024,745201,30,53.3,2024
16,666808,"Doval, Camilo",7/21/2024,746528,16,100,2024
16,642086,"Smith, Dominic",8/11/2024,746923,16,100,2024
16,656222,"Beeks, Jalen",5/23/2024,745660,16,100,2024
16,670167,"Schreiber, John",9/1/2024,746347,16,100,2024
16,657044,"Thompson, Ryan",6/6/2024,745408,16,100,2024
16,666974,"Cano, Yennier",5/10/2024,747043,16,100,2024
16,593576,"Neris, Héctor",4/20/2024,746891,16,100,2024
16,519151,"Pressly, Ryan",4/28/2024,746561,16,100,2024
16,650556,"Abreu, Bryan",8/30/2024,746353,16,100,2024
16,542888,"Armstrong, Shawn",9/6/2024,746832,16,100,2024
16,623465,"Phillips, Evan",8/28/2024,746103,16,100,2024
16,661395,"Duran, Jhoan",8/24/2024,745868,16,100,2024
16,647315,"Pop, Zach",7/28/2024,744902,16,100,2024
16,663704,"McArthur, James",8/13/2024,745867,16,100,2024
16,676092,"Snider, Collin",9/14/2024,745209,16,100,2024
16,688297,"Roycroft, Chris",9/10/2024,745126,16,100,2024
16,605280,"Holmes, Clay",4/17/2024,744948,16,100,2024
16,664875,"Lawrence, Justin",7/2/2024,746537,16,100,2024
16,621237,"Alvarado, José",6/26/2024,746456,16,100,2024
16,661395,"Duran, Jhoan",7/13/2024,745311,16,100,2024
16,657585,"Garrett, Reed",6/23/2024,746862,16,100,2024
16,656945,"Scott, Tanner",4/20/2024,746893,16,100,2024
16,681402,"Varland, Gus",9/14/2024,746740,16,100,2024
16,518886,"Kimbrel, Craig",5/3/2024,746721,16,100,2024
16,523260,"Kelly, Joe",8/20/2024,746107,16,100,2024
16,571882,"Law, Derek",9/16/2024,745773,16,100,2024
16,664208,"Maton, Phil",8/27/2024,747162,16,100,2024
16,643511,"Rogers, Tyler",9/18/2024,746988,16,100,2024
16,660644,"Bruján, Vidal",8/24/2024,746022,16,100,2024
16,600917,"Leclerc, José",4/9/2024,745030,16,100,2024
16,608371,"Sims, Lucas",6/22/2024,746700,16,100,2024
16,658648,"Avila, Pedro",8/7/2024,746604,20,80,2024
16,621242,"Díaz, Edwin",8/13/2024,745788,16,100,2024
16,552640,"Kittredge, Andrew",6/5/2024,746379,16,100,2024
16,641360,"Bickford, Phil",8/27/2024,744811,16,100,2024
16,640451,"Harvey, Hunter",6/2/2024,746632,16,100,2024
16,703231,"Meeker, James",6/7/2024,746466,16,100,2024
16,570257,"Rodríguez, Joely",4/20/2024,745515,16,100,2024
16,608717,"Stratton, Chris",9/3/2024,746264,16,100,2024
16,519151,"Pressly, Ryan",6/20/2024,746782,16,100,2024
16,595014,"Treinen, Blake",6/19/2024,746538,16,100,2024
16,595014,"Treinen, Blake",6/1/2024,746138,16,100,2024
16,672710,"Contreras, Roansy",7/14/2024,746201,16,100,2024
16,489446,"Yates, Kirby",6/9/2024,745003,16,100,2024
16,670950,"Richards, Trevor",4/5/2024,745764,19,84.2,2024
16,656234,"Bird, Jake",4/23/2024,746566,16,100,2024
16,670167,"Schreiber, John",6/8/2024,746300,16,100,2024
16,676391,"Clement, Ernie",7/25/2024,744907,16,100,2024
16,643338,"Green, Chad",9/25/2024,744877,16,100,2024
16,657097,"Webb, Jacob",6/16/2024,747023,16,100,2024
16,519008,"McFarland, T.J.",6/6/2024,745657,16,100,2024
16,663158,"Suarez, Robert",7/23/2024,744828,16,100,2024
16,643377,"Jax, Griffin",4/10/2024,745923,16,100,2024
16,686539,"Cronin, Declan",4/23/2024,747130,16,100,2024
16,656730,"Megill, Trevor",7/2/2024,746537,16,100,2024
16,570632,"Ureña, José",6/14/2024,745247,52,30.8,2024
16,657514,"Bernardino, Brennan",7/23/2024,746524,16,100,2024
16,662253,"Muñoz, Andrés",4/23/2024,745026,16,100,2024
16,605177,"Chafin, Andrew",9/19/2024,744962,16,100,2024
16,673513,"Matsui, Yuki",6/2/2024,746301,16,100,2024
16,543351,"Jackson, Jay",4/21/2024,745920,32,50,2024
16,676534,"Faucher, Calvin",5/26/2024,747197,16,100,2024
16,519151,"Pressly, Ryan",6/2/2024,746383,16,100,2024
16,664875,"Lawrence, Justin",9/18/2024,746500,16,100,2024
16,663947,"Holton, Tyler",7/8/2024,746455,22,72.7,2024
16,623465,"Phillips, Evan",6/29/2024,745317,16,100,2024
16,666808,"Doval, Camilo",7/26/2024,745315,16,100,2024
16,657612,"Hill, Tim",9/26/2024,745691,16,100,2024
16,657044,"Thompson, Ryan",6/3/2024,747194,16,100,2024
16,445276,"Jansen, Kenley",5/11/2024,746963,16,100,2024
16,502085,"Robertson, David",9/12/2024,745208,16,100,2024
16,656629,"Kopech, Michael",6/27/2024,746816,16,100,2024
16,592094,"Adam, Jason",3/29/2024,745117,16,100,2024
16,669062,"Miller, Erik",7/22/2024,746124,16,100,2024
16,676714,"Hughes, Brandon",9/24/2024,747149,16,100,2024
16,671345,"Foley, Jason",5/10/2024,746479,16,100,2024
16,489446,"Yates, Kirby",6/19/2024,745002,16,100,2024
16,571946,"Miller, Shelby",4/1/2024,745842,16,100,2024
16,607179,"Weems, Jordan",6/9/2024,744849,16,100,2024
16,621051,"Wilson, Steven",4/25/2024,745918,16,100,2024
16,663941,"Beck, Tristan",9/21/2024,746255,16,100,2024
16,680767,"Vodnik, Victor",8/6/2024,746519,16,100,2024
16,687330,"Kelly, Kevin",4/14/2024,745113,16,100,2024
16,640448,"Finnegan, Kyle",3/30/2024,746736,16,100,2024
16,622554,"Domínguez, Seranthony",8/4/2024,746606,16,100,2024
16,655889,"Rodríguez, Manuel",5/7/2024,745095,16,100,2024
16,572143,"Smith, Burch",8/1/2024,746607,16,100,2024
16,671345,"Foley, Jason",7/30/2024,746441,16,100,2024
16,573124,"Rogers, Taylor",8/12/2024,745300,16,100,2024
16,663704,"McArthur, James",4/24/2024,746317,16,100,2024
16,669713,"Wesneski, Hayden",9/21/2024,746826,25,64,2024
16,594580,"Moll, Sam",5/4/2024,746720,16,100,2024
16,605154,"Brebbia, John",5/5/2024,745185,16,100,2024
16,641755,"Kinley, Tyler",5/11/2024,746554,19,84.2,2024
16,661403,"Clase, Emmanuel",5/14/2024,745014,16,100,2024
16,663460,"Bubic, Kris",7/7/2024,746530,16,100,2024
16,694363,"Shuster, Jared",5/11/2024,746797,27,59.3,2024
16,656641,"Latz, Jacob",4/7/2024,745032,16,100,2024
16,641927,"Ober, Bailey",7/28/2024,746445,98,16.3,2024
16,656629,"Kopech, Michael",8/23/2024,746111,16,100,2024
16,669093,"Estrada, Jeremiah",8/6/2024,745467,16,100,2024
16,670280,"Bednar, David",5/11/2024,745505,16,100,2024
16,681676,"Fernandez, Ryan",9/24/2024,746504,16,100,2024
16,686580,"Slaten, Justin",9/29/2024,746901,16,100,2024
16,670167,"Schreiber, John",9/6/2024,746257,16,100,2024
16,650893,"Cabrera, Génesis",7/21/2024,744909,18,88.9,2024
16,663423,"Thornton, Trent",8/16/2024,745462,16,100,2024
16,662253,"Muñoz, Andrés",7/4/2024,745236,16,100,2024
16,607481,"Bummer, Aaron",7/2/2024,747102,16,100,2024
16,669093,"Estrada, Jeremiah",7/28/2024,747008,29,55.2,2024
16,641835,"Mayza, Tim",3/28/2024,745116,16,100,2024
16,623352,"Hader, Josh",9/20/2024,746340,16,100,2024
16,606303,"Payamps, Joel",6/5/2024,745570,16,100,2024
16,621242,"Díaz, Edwin",9/4/2024,745776,16,100,2024
16,623149,"Sewald, Paul",9/2/2024,747155,16,100,2024
16,660825,"Bazardo, Eduard",6/15/2024,745241,16,100,2024
16,643338,"Green, Chad",3/31/2024,745115,16,100,2024
16,608032,"Estévez, Carlos",4/23/2024,746246,16,100,2024
16,656730,"Megill, Trevor",4/24/2024,745513,16,100,2024
16,657024,"Swanson, Erik",5/24/2024,746475,16,100,2024
16,608718,"Suter, Brent",5/29/2024,746706,16,100,2024
16,608723,"Voth, Austin",5/22/2024,745743,16,100,2024
16,608032,"Estévez, Carlos",4/30/2024,746239,16,100,2024
16,661403,"Clase, Emmanuel",8/2/2024,746605,16,100,2024
16,472610,"García, Luis",8/5/2024,746276,16,100,2024
16,660825,"Bazardo, Eduard",6/22/2024,746048,16,100,2024
16,687330,"Kelly, Kevin",7/20/2024,745720,16,100,2024
16,621363,"Poche, Colin",8/16/2024,745054,16,100,2024
16,554340,"García, Yimi",8/10/2024,745219,16,100,2024
16,664747,"Díaz, Alexis",6/21/2024,746698,16,100,2024
16,672851,"Adon, Joan",8/3/2024,744823,16,100,2024
16,661403,"Clase, Emmanuel",9/11/2024,746745,16,100,2024
16,605130,"Barlow, Scott",7/2/2024,746623,16,100,2024
16,678606,"Ferrer, Jose A.",9/16/2024,745773,16,100,2024
16,606303,"Payamps, Joel",6/18/2024,746217,16,100,2024
16,669459,"Nelson, Kyle",4/6/2024,747140,16,100,2024
16,668941,"Romero, JoJo",9/21/2024,745124,16,100,2024
16,655889,"Rodríguez, Manuel",9/12/2024,746591,16,100,2024
16,573204,"Thielbar, Caleb",7/21/2024,745882,16,100,2024
16,657649,"Koenig, Jared",5/7/2024,746315,19,84.2,2024
16,519151,"Pressly, Ryan",5/30/2024,745249,16,100,2024
16,628452,"Iglesias, Raisel",7/3/2024,747100,16,100,2024
16,676702,"Stratton, Hunter",4/13/2024,745594,16,100,2024
16,641729,"Jiménez, Joe",7/6/2024,747099,16,100,2024
16,641755,"Kinley, Tyler",5/12/2024,746555,16,100,2024
16,657612,"Hill, Tim",8/7/2024,745713,21,76.2,2024
16,502085,"Robertson, David",5/15/2024,745015,16,100,2024
16,671345,"Foley, Jason",9/12/2024,746427,16,100,2024
16,643511,"Rogers, Tyler",4/27/2024,745350,16,100,2024
16,670950,"Richards, Trevor",5/18/2024,744938,16,100,2024
16,605177,"Chafin, Andrew",8/28/2024,746752,16,100,2024
16,621237,"Alvarado, José",8/3/2024,745225,16,100,2024
16,676083,"Junk, Janson",4/28/2024,746001,46,34.8,2024
16,670280,"Bednar, David",6/7/2024,745496,16,100,2024
16,596133,"Weaver, Luke",8/28/2024,744809,16,100,2024
16,643338,"Green, Chad",8/2/2024,745719,16,100,2024
16,676254,"Walker, Ryan",7/30/2024,745309,16,100,2024
16,687330,"Kelly, Kevin",4/29/2024,745999,16,100,2024
16,657097,"Webb, Jacob",6/24/2024,747021,16,100,2024
16,676879,"Ashby, Aaron",8/31/2024,746667,37,43.2,2024
16,689225,"Brieske, Beau",6/21/2024,746460,28,57.1,2024
16,657697,"Nittoli, Vinny",6/20/2024,745645,28,57.1,2024
16,656730,"Megill, Trevor",7/7/2024,746122,16,100,2024
16,663567,"Lambert, Peter",5/15/2024,745417,16,100,2024
16,662253,"Muñoz, Andrés",4/16/2024,745270,24,66.7,2024
16,656222,"Beeks, Jalen",6/18/2024,746542,29,55.2,2024
16,571882,"Law, Derek",9/14/2024,744803,16,100,2024
16,628317,"Maeda, Kenta",9/14/2024,746422,40,40,2024
16,669711,"Weissert, Greg",9/20/2024,746905,16,100,2024
16,663704,"McArthur, James",3/30/2024,746333,16,100,2024
16,621381,"Strahm, Matt",8/7/2024,746115,16,100,2024
16,592773,"Stanek, Ryne",5/21/2024,745742,16,100,2024
16,519151,"Pressly, Ryan",4/12/2024,746408,16,100,2024
16,664854,"Helsley, Ryan",5/26/2024,745172,16,100,2024
16,686580,"Slaten, Justin",7/7/2024,745723,16,100,2024
16,608032,"Estévez, Carlos",5/15/2024,746231,16,100,2024
16,664747,"Díaz, Alexis",7/30/2024,746683,16,100,2024
16,663158,"Suarez, Robert",8/10/2024,746026,16,100,2024
16,642701,"Santana, Dennis",9/22/2024,746657,16,100,2024
16,657585,"Garrett, Reed",9/8/2024,745774,21,76.2,2024
16,641360,"Bickford, Phil",9/1/2024,745701,20,80,2024
16,608718,"Suter, Brent",4/16/2024,745270,34,47.1,2024
16,678606,"Ferrer, Jose A.",9/11/2024,744804,16,100,2024
16,622786,"Tinoco, Jesus",9/22/2024,746010,16,100,2024
16,656730,"Megill, Trevor",5/18/2024,746389,16,100,2024
16,669438,"Englert, Mason",6/9/2024,746463,16,100,2024
16,683409,"Chivilli, Angel",6/9/2024,745167,16,100,2024
16,519008,"McFarland, T.J.",7/12/2024,745552,16,100,2024
16,671922,"Smith, Cade",4/8/2024,746654,16,100,2024
16,687863,"Hodge, Porter",9/8/2024,746827,16,100,2024
16,608718,"Suter, Brent",5/14/2024,747205,16,100,2024
16,621053,"Ferguson, Tyler",8/4/2024,745627,16,100,2024
16,661395,"Duran, Jhoan",5/28/2024,745903,16,100,2024
16,643377,"Jax, Griffin",7/7/2024,745883,16,100,2024
16,671922,"Smith, Cade",4/3/2024,745275,16,100,2024
16,661403,"Clase, Emmanuel",4/16/2024,746976,16,100,2024
16,640451,"Harvey, Hunter",4/3/2024,744869,26,61.5,2024
16,621199,"Bowman, Matt",5/12/2024,747042,37,43.2,2024
16,664849,"Young, Danny",8/20/2024,745782,16,100,2024
16,641729,"Jiménez, Joe",7/30/2024,745958,16,100,2024
16,608032,"Estévez, Carlos",8/21/2024,747084,16,100,2024
16,676596,"Fleming, Josh",4/8/2024,745520,28,57.1,2024
16,673929,"Leasure, Jordan",6/8/2024,746786,16,100,2024
16,605347,"López, Jorge",4/26/2024,745835,24,66.7,2024
16,658648,"Avila, Pedro",4/26/2024,747129,35,45.7,2024
16,607481,"Bummer, Aaron",4/21/2024,747133,16,100,2024
16,686826,"Jarvis, Bryce",5/24/2024,747200,16,100,2024
16,681517,"Leahy, Kyle",5/22/2024,745173,32,50,2024
16,661527,"Martinez, Seth",5/22/2024,746386,16,100,2024
16,656945,"Scott, Tanner",5/20/2024,746066,16,100,2024
16,657024,"Swanson, Erik",5/20/2024,744935,16,100,2024
16,622786,"Tinoco, Jesus",6/8/2024,745001,16,100,2024
16,608717,"Stratton, Chris",7/19/2024,746284,16,100,2024
16,641755,"Kinley, Tyler",4/21/2024,746572,16,100,2024
16,666808,"Doval, Camilo",4/20/2024,745354,16,100,2024
16,664854,"Helsley, Ryan",9/7/2024,745125,16,100,2024
16,592773,"Stanek, Ryne",6/21/2024,746052,16,100,2024
16,489446,"Yates, Kirby",5/14/2024,745014,16,100,2024
16,668674,"Erceg, Lucas",9/8/2024,746258,16,100,2024
16,621242,"Díaz, Edwin",8/21/2024,745781,16,100,2024
16,670280,"Bednar, David",4/12/2024,745596,16,100,2024
16,695243,"Miller, Mason",5/21/2024,745662,16,100,2024
16,570257,"Rodríguez, Joely",3/30/2024,745278,16,100,2024
16,640462,"Puk, A.J.",6/27/2024,745565,16,100,2024
16,687863,"Hodge, Porter",6/21/2024,746861,48,33.3,2024
16,621237,"Alvarado, José",5/10/2024,746071,16,100,2024
16,650895,"Castillo, Diego",5/29/2024,745900,29,55.2,2024
16,669713,"Wesneski, Hayden",6/5/2024,746873,16,100,2024
16,642397,"Soto, Gregory",5/1/2024,746238,16,100,2024
16,695243,"Miller, Mason",4/30/2024,745673,16,100,2024
16,548389,"Stripling, Ross",8/30/2024,744969,16,100,2024
16,683409,"Chivilli, Angel",9/6/2024,745941,16,100,2024
16,650893,"Cabrera, Génesis",7/23/2024,744904,16,100,2024
16,683627,"Molina, Anthony",6/2/2024,746141,26,61.5,2024
16,663158,"Suarez, Robert",7/21/2024,746610,16,100,2024
16,571863,"Koch, Matt",5/23/2024,745660,16,100,2024
16,664076,"Cleavinger, Garrett",9/8/2024,746989,16,100,2024
16,664854,"Helsley, Ryan",5/25/2024,745176,16,100,2024
16,640462,"Puk, A.J.",8/20/2024,746029,20,80,2024
16,622554,"Domínguez, Seranthony",7/6/2024,747099,16,100,2024
16,643410,"Leiter Jr., Mark",5/18/2024,746882,16,100,2024
16,663423,"Thornton, Trent",4/28/2024,745265,16,100,2024
16,671305,"Otañez, Michel",7/13/2024,745549,16,100,2024
16,657240,"Merryweather, Julian",7/23/2024,746848,16,100,2024
16,643511,"Rogers, Tyler",6/16/2024,745321,16,100,2024
16,593576,"Neris, Héctor",7/28/2024,746274,16,100,2024
16,571948,"Milner, Hoby",4/19/2024,745189,16,100,2024
16,664126,"Fairbanks, Pete",6/18/2024,745893,16,100,2024
16,656945,"Scott, Tanner",7/21/2024,746042,16,100,2024
16,607455,"Banda, Anthony",6/7/2024,745737,16,100,2024
16,600917,"Leclerc, José",5/13/2024,745019,16,100,2024
16,621242,"Díaz, Edwin",4/5/2024,746733,16,100,2024
16,650556,"Abreu, Bryan",6/21/2024,746375,16,100,2024
16,605447,"Romano, Jordan",5/11/2024,744943,16,100,2024
16,641703,"Honeywell, Brent",9/7/2024,746099,16,100,2024
16,665896,"Marte, José",8/2/2024,746193,16,100,2024
16,688297,"Roycroft, Chris",5/7/2024,745186,16,100,2024
16,608718,"Suter, Brent",6/15/2024,745976,16,100,2024
16,668964,"Myers, Tobias",6/7/2024,746466,100,16,2024
16,676684,"Vest, Will",4/26/2024,746482,16,100,2024
16,663989,"Vespi, Nick",6/23/2024,746373,16,100,2024
16,656605,"Keller, Mitch",7/8/2024,745480,107,15,2024
16,622503,"Crismatt, Nabil",3/31/2024,746166,29,55.2,2024
16,650556,"Abreu, Bryan",8/10/2024,746922,16,100,2024
16,671345,"Foley, Jason",9/21/2024,746983,16,100,2024
16,671305,"Otañez, Michel",7/27/2024,746203,16,100,2024
16,686539,"Cronin, Declan",9/20/2024,746013,19,84.2,2024
16,640462,"Puk, A.J.",9/25/2024,747144,16,100,2024
16,547973,"Chapman, Aroldis",4/12/2024,745596,16,100,2024
16,573009,"Mantiply, Joe",3/29/2024,747223,21,76.2,2024
16,657024,"Swanson, Erik",9/6/2024,747074,16,100,2024
16,489446,"Yates, Kirby",9/8/2024,744965,16,100,2024
16,661395,"Duran, Jhoan",6/12/2024,745896,16,100,2024
16,642397,"Soto, Gregory",4/29/2024,746236,16,100,2024
16,689147,"Kerkering, Orion",9/18/2024,745933,16,100,2024
16,672710,"Contreras, Roansy",4/15/2024,745840,16,100,2024
16,663878,"Pearson, Nate",4/29/2024,744945,16,100,2024
16,694363,"Shuster, Jared",7/30/2024,746763,16,100,2024
16,547973,"Chapman, Aroldis",4/22/2024,745519,16,100,2024
16,679885,"Martinez, Justin",8/29/2024,747159,16,100,2024
16,642028,"Rogers, Josh",8/11/2024,746517,28,57.1,2024
16,622253,"Tate, Dillon",5/27/2024,747034,16,100,2024
16,663767,"Shugart, Chase",9/24/2024,744876,16,100,2024
16,676092,"Snider, Collin",8/14/2024,746436,16,100,2024
16,665019,"Clemens, Kody",9/13/2024,745529,16,100,2024
16,683409,"Chivilli, Angel",9/11/2024,746425,24,66.7,2024
16,596133,"Weaver, Luke",6/22/2024,745731,16,100,2024
16,643511,"Rogers, Tyler",7/5/2024,746620,16,100,2024
16,592454,"Kahnle, Tommy",7/5/2024,745725,16,100,2024
16,668941,"Romero, JoJo",5/18/2024,745177,16,100,2024
16,663559,"Falter, Bailey",5/18/2024,746882,83,19.3,2024
16,621053,"Ferguson, Tyler",9/20/2024,745606,16,100,2024
16,518886,"Kimbrel, Craig",6/15/2024,747024,16,100,2024
16,543518,"McGough, Scott",4/12/2024,747217,16,100,2024
16,628452,"Iglesias, Raisel",5/17/2024,747122,16,100,2024
16,683627,"Molina, Anthony",8/24/2024,745703,16,100,2024
16,640448,"Finnegan, Kyle",4/3/2024,744869,16,100,2024
16,666619,"Santos, Gregory",7/24/2024,745231,16,100,2024
16,493603,"Ottavino, Adam",9/10/2024,744886,16,100,2024
16,643511,"Rogers, Tyler",5/26/2024,745824,16,100,2024
16,595014,"Treinen, Blake",9/20/2024,746094,16,100,2024
16,694363,"Shuster, Jared",5/19/2024,745745,26,61.5,2024
16,669395,"Coleman, Dylan",4/3/2024,746407,16,100,2024
16,605154,"Brebbia, John",6/5/2024,746873,19,84.2,2024
16,628452,"Iglesias, Raisel",4/28/2024,747125,16,100,2024
16,679885,"Martinez, Justin",9/13/2024,747153,16,100,2024
16,606303,"Payamps, Joel",4/17/2024,746005,16,100,2024
16,669062,"Miller, Erik",4/10/2024,745355,16,100,2024
16,690829,"Joyce, Ben",8/29/2024,746432,16,100,2024
16,592773,"Stanek, Ryne",6/26/2024,745073,16,100,2024
16,695243,"Miller, Mason",4/9/2024,745030,16,100,2024
16,663542,"Hudson, Bryan",8/18/2024,745948,16,100,2024
16,661395,"Duran, Jhoan",5/22/2024,744856,16,100,2024
16,605177,"Chafin, Andrew",6/30/2024,746209,16,100,2024
16,595014,"Treinen, Blake",7/23/2024,746118,16,100,2024
16,621389,"Blach, Ty",7/11/2024,746688,23,69.6,2024
16,694363,"Shuster, Jared",4/8/2024,746654,45,35.6,2024
16,683769,"Gaddis, Hunter",6/29/2024,746289,16,100,2024
16,606930,"Barnes, Jacob",8/18/2024,745539,22,72.7,2024
16,643338,"Green, Chad",7/2/2024,744913,16,100,2024
16,445926,"Chavez, Jesse",8/25/2024,747078,16,100,2024
16,596133,"Weaver, Luke",8/22/2024,745705,16,100,2024
16,573204,"Thielbar, Caleb",6/4/2024,745739,16,100,2024
16,643377,"Jax, Griffin",6/23/2024,745648,16,100,2024
16,608371,"Sims, Lucas",5/31/2024,746877,16,100,2024
16,671922,"Smith, Cade",6/20/2024,746626,21,76.2,2024
16,668674,"Erceg, Lucas",9/14/2024,745448,16,100,2024
16,669622,"Bender, Anthony",7/4/2024,746043,16,100,2024
16,573204,"Thielbar, Caleb",7/26/2024,746448,16,100,2024
16,664747,"Díaz, Alexis",5/26/2024,746711,16,100,2024
16,691172,"Zulueta, Yosver",9/24/2024,746581,21,76.2,2024
16,640470,"Alzolay, Adbert",3/31/2024,745035,16,100,2024
16,669711,"Weissert, Greg",7/3/2024,746045,16,100,2024
16,489446,"Yates, Kirby",7/5/2024,744992,16,100,2024
16,641540,"Dunning, Dane",8/2/2024,744986,38,42.1,2024
16,641771,"Kuhl, Chad",8/31/2024,746751,16,100,2024
16,573124,"Rogers, Taylor",6/4/2024,747196,19,84.2,2024
16,676684,"Vest, Will",8/4/2024,746439,16,100,2024
16,640470,"Alzolay, Adbert",4/14/2024,745271,16,100,2024
16,670059,"Holderman, Colin",9/29/2024,745686,20,80,2024
16,663878,"Pearson, Nate",4/14/2024,744952,16,100,2024
16,668674,"Erceg, Lucas",8/18/2024,746676,28,57.1,2024
16,663423,"Thornton, Trent",6/8/2024,746300,16,100,2024
16,623352,"Hader, Josh",9/10/2024,746346,16,100,2024
16,663878,"Pearson, Nate",5/31/2024,744928,16,100,2024
16,543056,"Coulombe, Danny",4/21/2024,746316,16,100,2024
16,605154,"Brebbia, John",4/2/2024,746814,16,100,2024
16,670059,"Holderman, Colin",9/7/2024,745456,16,100,2024
16,663485,"Sands, Cole",5/27/2024,745904,16,100,2024
16,573124,"Rogers, Taylor",7/30/2024,745309,16,100,2024
16,518617,"Diekman, Jake",7/12/2024,745800,16,100,2024
16,669093,"Estrada, Jeremiah",5/20/2024,747119,16,100,2024
16,640451,"Harvey, Hunter",6/12/2024,746462,16,100,2024
16,664126,"Fairbanks, Pete",5/29/2024,745084,16,100,2024
16,608032,"Estévez, Carlos",7/21/2024,745633,16,100,2024
16,608371,"Sims, Lucas",9/28/2024,746902,16,100,2024
16,640462,"Puk, A.J.",6/17/2024,746055,16,100,2024
16,664126,"Fairbanks, Pete",6/16/2024,747109,16,100,2024
16,643511,"Rogers, Tyler",6/3/2024,747194,16,100,2024
16,678606,"Ferrer, Jose A.",9/15/2024,744801,16,100,2024
16,681911,"Vesia, Alex",4/12/2024,746162,16,100,2024
16,663878,"Pearson, Nate",6/2/2024,744929,16,100,2024
16,676684,"Vest, Will",9/25/2024,746420,16,100,2024
16,655889,"Rodríguez, Manuel",4/30/2024,745997,16,100,2024
16,573204,"Thielbar, Caleb",7/30/2024,745787,16,100,2024
16,622554,"Domínguez, Seranthony",5/26/2024,746557,16,100,2024
16,664854,"Helsley, Ryan",9/17/2024,745122,16,100,2024
16,571656,"Farmer, Buck",6/22/2024,746700,16,100,2024
16,543056,"Coulombe, Danny",4/9/2024,746981,16,100,2024
16,489446,"Yates, Kirby",5/18/2024,745013,16,100,2024
16,519151,"Pressly, Ryan",4/30/2024,746398,16,100,2024
16,542882,"Andriese, Matt",7/4/2024,746043,16,100,2024
16,682847,"Ortiz, Luis L.",5/12/2024,745499,35,45.7,2024
16,686973,"Varland, Louis",9/19/2024,746579,16,100,2024
16,661403,"Clase, Emmanuel",8/28/2024,746589,16,100,2024
16,607455,"Banda, Anthony",7/30/2024,745389,16,100,2024
16,687863,"Hodge, Porter",8/23/2024,746024,22,72.7,2024
16,669212,"Morgan, Eli",8/21/2024,745704,36,44.4,2024
16,672335,"Pérez, Cionel",8/15/2024,747002,16,100,2024
16,656629,"Kopech, Michael",4/29/2024,746804,16,100,2024
16,672710,"Contreras, Roansy",8/18/2024,746186,16,100,2024
16,605463,"Scott, Tayler",5/13/2024,746393,16,100,2024
16,607455,"Banda, Anthony",8/11/2024,746114,16,100,2024
16,669093,"Estrada, Jeremiah",9/22/2024,745358,16,100,2024
16,472610,"García, Luis",7/12/2024,746207,16,100,2024
16,621237,"Alvarado, José",7/10/2024,745556,16,100,2024
16,605121,"Anderson, Justin",9/11/2024,746745,16,100,2024
16,472610,"García, Luis",4/20/2024,746726,16,100,2024
16,502085,"Robertson, David",9/17/2024,744961,16,100,2024
16,623352,"Hader, Josh",8/2/2024,746354,16,100,2024
16,571656,"Farmer, Buck",6/9/2024,746705,16,100,2024
16,608334,"Fulmer, Carson",9/15/2024,746180,16,100,2024
16,682989,"Mederos, Victor",8/24/2024,744890,16,100,2024
16,683769,"Gaddis, Hunter",6/14/2024,744924,16,100,2024
16,666214,"Wentz, Joey",4/6/2024,746498,44,36.4,2024
16,657097,"Webb, Jacob",9/18/2024,746988,16,100,2024
16,643377,"Jax, Griffin",5/21/2024,744860,16,100,2024
16,669302,"Gilbert, Logan",5/4/2024,746394,96,16.7,2024
16,623465,"Phillips, Evan",6/11/2024,746139,16,100,2024
16,455119,"Martin, Chris",8/21/2024,746350,16,100,2024
16,687922,"Lucas, Easton",7/22/2024,746612,16,100,2024
16,673929,"Leasure, Jordan",4/13/2024,746811,16,100,2024
16,595345,"Okert, Steven",4/10/2024,745923,16,100,2024
16,518886,"Kimbrel, Craig",8/31/2024,746507,16,100,2024
16,607481,"Bummer, Aaron",6/1/2024,747111,16,100,2024
16,656222,"Beeks, Jalen",5/31/2024,746140,16,100,2024
16,656730,"Megill, Trevor",7/23/2024,746848,16,100,2024
16,678226,"Hernández, Daysbel",9/19/2024,746663,16,100,2024
16,502085,"Robertson, David",9/5/2024,744966,16,100,2024
16,682120,"Herrin, Tim",4/13/2024,746656,22,72.7,2024
16,647315,"Pop, Zach",8/21/2024,744893,30,53.3,2024
16,669093,"Estrada, Jeremiah",5/6/2024,746886,16,100,2024
16,669713,"Wesneski, Hayden",6/14/2024,746869,16,100,2024
16,666204,"Jiménez, Dany",5/1/2024,745670,16,100,2024
16,543339,"Hudson, Daniel",3/31/2024,746166,16,100,2024
16,518585,"Cruz, Fernando",5/21/2024,746716,16,100,2024
16,683232,"Mears, Nick",6/30/2024,746779,16,100,2024
16,448179,"Hill, Rich",9/4/2024,745776,16,100,2024
16,592773,"Stanek, Ryne",5/5/2024,746395,16,100,2024
16,663158,"Suarez, Robert",4/6/2024,745359,16,100,2024
16,641729,"Jiménez, Joe",6/23/2024,745727,16,100,2024
16,666214,"Wentz, Joey",9/24/2024,745441,26,61.5,2024
16,623352,"Hader, Josh",4/12/2024,746408,16,100,2024
16,547184,"Kelly, Michael",5/3/2024,745665,16,100,2024
16,668964,"Myers, Tobias",7/10/2024,745969,103,15.5,2024
16,663992,"Lovelady, Richard",8/17/2024,745049,16,100,2024
16,656641,"Latz, Jacob",4/10/2024,745024,16,100,2024
16,621242,"Díaz, Edwin",9/7/2024,745775,16,100,2024
16,642207,"Williams, Devin",8/15/2024,745950,16,100,2024
16,554431,"Matzek, Tyler",4/7/2024,747141,16,100,2024
16,624522,"Thompson, Keegan",6/26/2024,745325,16,100,2024
16,641755,"Kinley, Tyler",4/7/2024,746574,16,100,2024
16,650893,"Cabrera, Génesis",4/7/2024,745765,22,72.7,2024
16,642397,"Soto, Gregory",6/25/2024,746454,16,100,2024
16,656546,"Hoffman, Jeff",4/6/2024,744873,22,72.7,2024
16,679885,"Martinez, Justin",7/28/2024,747173,16,100,2024
16,641771,"Kuhl, Chad",6/19/2024,746781,16,100,2024
16,642133,"Tellez, Rowdy",8/26/2024,745458,16,100,2024
16,669062,"Miller, Erik",6/14/2024,745326,16,100,2024
16,642701,"Santana, Dennis",6/5/2024,745740,33,48.5,2024
16,663897,"Williams, Luke",8/6/2024,747086,16,100,2024
16,621242,"Díaz, Edwin",9/15/2024,745530,16,100,2024
16,547973,"Chapman, Aroldis",8/31/2024,746590,16,100,2024
16,656629,"Kopech, Michael",8/24/2024,746108,16,100,2024
16,523260,"Kelly, Joe",7/24/2024,746119,16,100,2024
16,596133,"Weaver, Luke",4/14/2024,746648,22,72.7,2024
16,502624,"Anderson, Chase",4/19/2024,745518,24,66.7,2024
16,663432,"Rainey, Tanner",3/28/2024,746737,16,100,2024
16,666974,"Cano, Yennier",8/27/2024,746105,16,100,2024
16,679885,"Martinez, Justin",5/12/2024,747042,16,100,2024
16,593974,"Peralta, Wandy",9/28/2024,747146,16,100,2024
16,694363,"Shuster, Jared",8/5/2024,745628,32,50,2024
16,663423,"Thornton, Trent",8/9/2024,745220,16,100,2024
16,605347,"López, Jorge",4/16/2024,745837,16,100,2024
16,605447,"Romano, Jordan",5/29/2024,746790,16,100,2024
16,671345,"Foley, Jason",7/12/2024,746450,16,100,2024
16,669199,"Bachar, Lake",9/8/2024,746017,16,100,2024
16,656887,"Reid-Foley, Sean",4/26/2024,745835,16,100,2024
16,623352,"Hader, Josh",8/10/2024,746922,16,100,2024
16,681982,"Anderson, Grant",8/10/2024,745712,57,28.1,2024
16,656234,"Bird, Jake",4/21/2024,746568,29,55.2,2024
16,668968,"Crouse, Hans",6/24/2024,746218,16,100,2024
16,676596,"Fleming, Josh",6/24/2024,746696,16,100,2024
16,656945,"Scott, Tanner",5/22/2024,746063,16,100,2024
16,673929,"Leasure, Jordan",5/10/2024,746801,16,100,2024
16,656529,"Hentges, Sam",5/28/2024,746552,16,100,2024
16,650671,"Quijada, José",9/6/2024,744967,16,100,2024
16,670059,"Holderman, Colin",6/22/2024,745486,16,100,2024
16,641941,"Pagán, Emilio",8/11/2024,745956,16,100,2024
15,628452,"Iglesias, Raisel",9/15/2024,747071,15,100,2024
15,675650,"Mercado, Michael",6/24/2024,746458,15,100,2024
15,662253,"Muñoz, Andrés",6/9/2024,746297,15,100,2024
15,641729,"Jiménez, Joe",5/3/2024,746152,15,100,2024
15,657612,"Hill, Tim",4/14/2024,746810,15,100,2024
15,621242,"Díaz, Edwin",5/18/2024,746067,15,100,2024
15,681432,"Little, Luke",6/23/2024,746862,15,100,2024
15,676105,"Criswell, Jeff",8/31/2024,746507,15,100,2024
15,605447,"Romano, Jordan",5/8/2024,745584,15,100,2024
15,642546,"Hernández, Jonathan",5/18/2024,745013,15,100,2024
15,547973,"Chapman, Aroldis",7/29/2024,746360,15,100,2024
15,656412,"Faedo, Alex",5/13/2024,746471,33,45.5,2024
15,641755,"Kinley, Tyler",8/1/2024,746196,15,100,2024
15,573124,"Rogers, Taylor",8/8/2024,744819,15,100,2024
15,640451,"Harvey, Hunter",5/29/2024,747117,21,71.4,2024
15,656794,"Newcomb, Sean",6/13/2024,745894,33,45.5,2024
15,672710,"Contreras, Roansy",7/26/2024,746200,15,100,2024
15,664126,"Fairbanks, Pete",5/30/2024,745081,15,100,2024
15,592773,"Stanek, Ryne",7/22/2024,745232,15,100,2024
15,670174,"Winckowski, Josh",4/2/2024,745680,15,100,2024
15,543339,"Hudson, Daniel",5/18/2024,746142,15,100,2024
15,687798,"Robertson, Nick",4/30/2024,746481,39,38.5,2024
15,669713,"Wesneski, Hayden",6/11/2024,745077,28,53.6,2024
15,695243,"Miller, Mason",5/25/2024,745658,15,100,2024
15,642546,"Hernández, Jonathan",8/6/2024,745221,15,100,2024
15,655889,"Rodríguez, Manuel",9/9/2024,745534,15,100,2024
15,656945,"Scott, Tanner",7/24/2024,746035,15,100,2024
15,683769,"Gaddis, Hunter",6/6/2024,746631,15,100,2024
15,668674,"Erceg, Lucas",4/5/2024,746497,15,100,2024
15,663460,"Bubic, Kris",7/31/2024,746764,15,100,2024
15,592155,"Booser, Cam",6/9/2024,746787,15,100,2024
15,640448,"Finnegan, Kyle",6/4/2024,744850,15,100,2024
15,662253,"Muñoz, Andrés",6/24/2024,745078,15,100,2024
15,657044,"Thompson, Ryan",8/14/2024,747163,15,100,2024
15,670955,"Uceta, Edwin",9/19/2024,745041,15,100,2024
15,682120,"Herrin, Tim",8/14/2024,746598,15,100,2024
15,623149,"Sewald, Paul",8/3/2024,745474,15,100,2024
15,623149,"Sewald, Paul",5/7/2024,746718,15,100,2024
15,571656,"Farmer, Buck",7/7/2024,746691,15,100,2024
15,592454,"Kahnle, Tommy",9/26/2024,745691,17,88.2,2024
15,668338,"Miller, Tyson",6/23/2024,746862,18,83.3,2024
15,669302,"Gilbert, Logan",7/9/2024,745393,87,17.2,2024
15,623352,"Hader, Josh",4/28/2024,746561,15,100,2024
15,686826,"Jarvis, Bryce",7/12/2024,747175,15,100,2024
15,606303,"Payamps, Joel",4/19/2024,745189,15,100,2024
15,642397,"Soto, Gregory",4/3/2024,745603,15,100,2024
15,445276,"Jansen, Kenley",5/5/2024,745913,15,100,2024
15,661395,"Duran, Jhoan",5/4/2024,745911,15,100,2024
15,489446,"Yates, Kirby",7/3/2024,744998,15,100,2024
15,489446,"Yates, Kirby",8/19/2024,744976,15,100,2024
15,668941,"Romero, JoJo",5/4/2024,745183,15,100,2024
15,663485,"Sands, Cole",7/24/2024,745877,15,100,2024
15,641771,"Kuhl, Chad",8/24/2024,746756,20,75,2024
15,641941,"Pagán, Emilio",8/25/2024,745459,15,100,2024
15,679885,"Martinez, Justin",7/19/2024,746854,15,100,2024
15,657240,"Merryweather, Julian",8/7/2024,746842,15,100,2024
15,642232,"Yarbrough, Ryan",5/11/2024,745422,15,100,2024
15,669093,"Estrada, Jeremiah",5/3/2024,747208,17,88.2,2024
15,593974,"Peralta, Wandy",5/20/2024,747121,15,100,2024
15,605154,"Brebbia, John",8/14/2024,746759,15,100,2024
15,672582,"Zerpa, Angel",5/3/2024,746318,15,100,2024
15,621199,"Bowman, Matt",6/10/2024,745248,19,78.9,2024
15,543339,"Hudson, Daniel",8/20/2024,746107,15,100,2024
15,664875,"Lawrence, Justin",4/17/2024,745591,15,100,2024
15,596133,"Weaver, Luke",9/29/2024,745686,15,100,2024
15,656457,"Gilbert, Tyler",9/16/2024,745939,15,100,2024
15,621237,"Alvarado, José",4/1/2024,745600,15,100,2024
15,605121,"Anderson, Justin",9/13/2024,746744,15,100,2024
15,643410,"Leiter Jr., Mark",4/24/2024,746889,15,100,2024
15,661395,"Duran, Jhoan",4/30/2024,746806,15,100,2024
15,687863,"Hodge, Porter",8/20/2024,746839,15,100,2024
15,680704,"Sandlin, Nick",9/14/2024,746584,15,100,2024
15,658648,"Avila, Pedro",9/12/2024,746591,18,83.3,2024
15,669212,"Morgan, Eli",9/19/2024,746579,15,100,2024
15,624522,"Thompson, Keegan",6/18/2024,746867,15,100,2024
15,547973,"Chapman, Aroldis",9/2/2024,746833,15,100,2024
15,663158,"Suarez, Robert",4/12/2024,746162,15,100,2024
15,594580,"Moll, Sam",5/19/2024,746144,15,100,2024
15,669622,"Bender, Anthony",4/13/2024,746082,15,100,2024
15,658648,"Avila, Pedro",6/15/2024,744925,26,57.7,2024
15,628452,"Iglesias, Raisel",9/28/2024,747066,15,100,2024
15,543056,"Coulombe, Danny",5/11/2024,747041,15,100,2024
15,669093,"Estrada, Jeremiah",7/6/2024,745395,15,100,2024
15,593974,"Peralta, Wandy",5/31/2024,746303,15,100,2024
15,657044,"Thompson, Ryan",7/8/2024,747181,15,100,2024
15,685801,"Bigge, Hunter",7/30/2024,745060,15,100,2024
15,650556,"Abreu, Bryan",6/4/2024,746380,28,53.6,2024
15,656546,"Hoffman, Jeff",9/23/2024,745527,15,100,2024
15,669622,"Bender, Anthony",4/9/2024,745762,15,100,2024
15,570632,"Ureña, José",6/19/2024,745002,29,51.7,2024
15,623433,"Anderson, Nick",4/22/2024,746319,15,100,2024
15,592426,"Jackson, Luke",5/25/2024,745823,15,100,2024
15,656945,"Scott, Tanner",6/25/2024,746293,15,100,2024
15,489446,"Yates, Kirby",4/21/2024,747133,15,100,2024
15,641755,"Kinley, Tyler",8/9/2024,746523,15,100,2024
15,669270,"Kuhnel, Joel",8/6/2024,745141,31,48.4,2024
15,647315,"Pop, Zach",5/27/2024,746788,15,100,2024
15,650556,"Abreu, Bryan",9/13/2024,746181,15,100,2024
15,606303,"Payamps, Joel",7/24/2024,746851,15,100,2024
15,657044,"Thompson, Ryan",5/8/2024,746717,15,100,2024
15,667463,"King, John",5/20/2024,745181,15,100,2024
15,663432,"Rainey, Tanner",9/27/2024,744797,15,100,2024
15,605121,"Anderson, Justin",8/31/2024,746751,15,100,2024
15,664854,"Helsley, Ryan",8/31/2024,745699,15,100,2024
15,455119,"Martin, Chris",3/28/2024,745283,15,100,2024
15,656546,"Hoffman, Jeff",4/27/2024,745425,15,100,2024
15,656240,"Blewett, Scott",8/12/2024,745874,15,100,2024
15,666745,"Brito, Jhony",4/7/2024,745362,15,100,2024
15,641941,"Pagán, Emilio",9/17/2024,746659,15,100,2024
15,676614,"Sammons, Bryan",7/29/2024,746444,96,15.6,2024
15,623149,"Sewald, Paul",7/11/2024,747178,15,100,2024
15,613534,"Adams, Austin",5/22/2024,745661,15,100,2024
15,683232,"Mears, Nick",5/26/2024,746557,15,100,2024
15,594580,"Moll, Sam",4/23/2024,746722,15,100,2024
15,676534,"Faucher, Calvin",6/29/2024,745559,15,100,2024
15,543339,"Hudson, Daniel",6/12/2024,746137,15,100,2024
15,663460,"Bubic, Kris",9/11/2024,745697,15,100,2024
15,623352,"Hader, Josh",6/14/2024,746378,15,100,2024
15,668941,"Romero, JoJo",9/12/2024,745129,15,100,2024
15,605130,"Barlow, Scott",6/12/2024,746701,15,100,2024
15,676130,"Buttó, José",9/16/2024,745773,15,100,2024
15,623352,"Hader, Josh",6/9/2024,746216,15,100,2024
15,543518,"McGough, Scott",5/3/2024,747208,15,100,2024
15,656730,"Megill, Trevor",6/12/2024,745978,15,100,2024
15,595345,"Okert, Steven",8/21/2024,745375,15,100,2024
15,661403,"Clase, Emmanuel",6/9/2024,746054,15,100,2024
15,681676,"Fernandez, Ryan",6/27/2024,745162,15,100,2024
15,592767,"Smyly, Drew",6/16/2024,746866,38,39.5,2024
15,670059,"Holderman, Colin",7/24/2024,745472,15,100,2024
15,605130,"Barlow, Scott",6/4/2024,746630,15,100,2024
15,676092,"Snider, Collin",6/7/2024,746302,15,100,2024
15,682847,"Ortiz, Luis L.",7/2/2024,745482,30,50,2024
15,641755,"Kinley, Tyler",9/5/2024,747073,15,100,2024
15,673513,"Matsui, Yuki",7/14/2024,745385,15,100,2024
15,519151,"Pressly, Ryan",4/20/2024,744865,15,100,2024
15,687330,"Kelly, Kevin",4/22/2024,745107,15,100,2024
15,523260,"Kelly, Joe",8/24/2024,746108,15,100,2024
15,670950,"Richards, Trevor",6/11/2024,745981,15,100,2024
15,656546,"Hoffman, Jeff",5/3/2024,745589,15,100,2024
15,670059,"Holderman, Colin",5/3/2024,745510,15,100,2024
15,669422,"Sauer, Matt",5/11/2024,746232,15,100,2024
15,661395,"Duran, Jhoan",5/24/2024,745905,15,100,2024
15,680704,"Sandlin, Nick",9/27/2024,746580,27,55.6,2024
15,643377,"Jax, Griffin",7/21/2024,745882,15,100,2024
15,680767,"Vodnik, Victor",7/20/2024,746527,15,100,2024
15,657044,"Thompson, Ryan",7/6/2024,745395,15,100,2024
15,571656,"Farmer, Buck",9/8/2024,745774,15,100,2024
15,656671,"Maciejewski, Josh",6/30/2024,744916,15,100,2024
15,656945,"Scott, Tanner",8/27/2024,745132,15,100,2024
15,673513,"Matsui, Yuki",9/28/2024,747146,15,100,2024
15,643410,"Leiter Jr., Mark",8/7/2024,745713,15,100,2024
15,666204,"Jiménez, Dany",3/31/2024,745683,15,100,2024
15,686642,"Ellard, Fraser",9/20/2024,745364,15,100,2024
15,641729,"Jiménez, Joe",9/20/2024,746013,15,100,2024
15,656945,"Scott, Tanner",4/16/2024,746081,15,100,2024
15,548389,"Stripling, Ross",8/14/2024,745790,27,55.6,2024
15,643410,"Leiter Jr., Mark",4/28/2024,746967,15,100,2024
15,657585,"Garrett, Reed",6/28/2024,745804,15,100,2024
15,621383,"Banks, Tanner",4/26/2024,746808,15,100,2024
15,664776,"Cousins, Jake",8/30/2024,745700,15,100,2024
15,547973,"Chapman, Aroldis",5/23/2024,745500,15,100,2024
15,660896,"Alcala, Jorge",5/26/2024,745902,38,39.5,2024
15,543056,"Coulombe, Danny",4/11/2024,746977,15,100,2024
15,523260,"Kelly, Joe",4/12/2024,746162,15,100,2024
15,670950,"Richards, Trevor",6/21/2024,746624,15,100,2024
15,655889,"Rodríguez, Manuel",8/11/2024,745057,15,100,2024
15,656945,"Scott, Tanner",5/26/2024,747197,15,100,2024
15,690829,"Joyce, Ben",8/3/2024,746194,15,100,2024
15,676130,"Buttó, José",7/10/2024,745796,15,100,2024
15,641401,"Brogdon, Connor",3/30/2024,745599,15,100,2024
15,502085,"Robertson, David",8/17/2024,744977,15,100,2024
15,623520,"Bote, David",7/13/2024,745152,15,100,2024
15,663568,"Kolek, Stephen",6/9/2024,745407,28,53.6,2024
15,664854,"Helsley, Ryan",6/12/2024,745171,15,100,2024
15,666214,"Wentz, Joey",6/12/2024,746462,29,51.7,2024
15,656793,"Nelson, Nick",4/3/2024,745603,15,100,2024
15,502085,"Robertson, David",6/12/2024,746137,15,100,2024
15,668943,"Miller, Ryan",9/28/2024,746171,15,100,2024
15,592773,"Stanek, Ryne",6/6/2024,745657,15,100,2024
15,670059,"Holderman, Colin",6/7/2024,745496,15,100,2024
15,642100,"Speier, Gabe",4/17/2024,745267,15,100,2024
15,657265,"Strzelecki, Peter",7/22/2024,746612,15,100,2024
15,656546,"Hoffman, Jeff",4/15/2024,745597,15,100,2024
15,680880,"Holman, Grant",8/17/2024,745626,20,75,2024
15,669062,"Miller, Erik",7/27/2024,745310,15,100,2024
15,519151,"Pressly, Ryan",7/26/2024,746361,15,100,2024
15,657097,"Webb, Jacob",7/25/2024,746037,15,100,2024
15,647315,"Pop, Zach",8/8/2024,744899,15,100,2024
15,543056,"Coulombe, Danny",5/15/2024,747038,15,100,2024
15,518886,"Kimbrel, Craig",5/31/2024,747032,15,100,2024
15,643377,"Jax, Griffin",9/19/2024,746579,15,100,2024
15,686580,"Slaten, Justin",4/14/2024,746975,34,44.1,2024
15,445276,"Jansen, Kenley",3/28/2024,745283,15,100,2024
15,641656,"Hamilton, Ian",9/9/2024,745698,15,100,2024
15,472610,"García, Luis",5/1/2024,746238,15,100,2024
15,608723,"Voth, Austin",4/17/2024,745267,15,100,2024
15,607481,"Bummer, Aaron",4/12/2024,746084,15,100,2024
15,677076,"Andrews, Clayton",5/21/2024,745742,15,100,2024
15,670167,"Schreiber, John",4/2/2024,747057,15,100,2024
15,623433,"Anderson, Nick",4/29/2024,744945,15,100,2024
15,689225,"Brieske, Beau",8/28/2024,746430,18,83.3,2024
15,596133,"Weaver, Luke",4/27/2024,745998,26,57.7,2024
15,628708,"Marte, Yunior",8/30/2024,745533,24,62.5,2024
15,681892,"Funderburk, Kody",5/15/2024,745908,29,51.7,2024
15,694037,"Palencia, Daniel",4/28/2024,746967,27,55.6,2024
15,672710,"Contreras, Roansy",8/2/2024,746193,34,44.1,2024
15,670990,"Ramírez, Yohan",6/9/2024,745736,28,53.6,2024
15,624647,"González, Victor",6/11/2024,746296,15,100,2024
15,666171,"Zeferjahn, Ryan",8/27/2024,746429,15,100,2024
15,472610,"García, Luis",7/9/2024,746206,31,48.4,2024
15,593974,"Peralta, Wandy",7/9/2024,745393,15,100,2024
15,606160,"Montero, Rafael",6/10/2024,745334,15,100,2024
15,695243,"Miller, Mason",4/17/2024,745671,15,100,2024
15,687330,"Kelly, Kevin",5/15/2024,746960,15,100,2024
15,643338,"Green, Chad",7/14/2024,747176,15,100,2024
15,675989,"Bolton, Cody",5/10/2024,745264,15,100,2024
15,656420,"Feyereisen, J.P.",5/7/2024,746147,15,100,2024
15,672710,"Contreras, Roansy",4/25/2024,745512,15,100,2024
15,656887,"Reid-Foley, Sean",6/16/2024,745807,15,100,2024
15,571948,"Milner, Hoby",5/28/2024,745987,15,100,2024
15,671922,"Smith, Cade",4/21/2024,746652,15,100,2024
15,675627,"Grove, Michael",5/3/2024,746152,15,100,2024
15,592454,"Kahnle, Tommy",7/3/2024,745728,15,100,2024
15,658648,"Avila, Pedro",4/2/2024,745439,15,100,2024
15,656464,"Ginkel, Kevin",9/21/2024,745936,15,100,2024
15,543056,"Coulombe, Danny",5/3/2024,746721,15,100,2024
15,682120,"Herrin, Tim",5/7/2024,746638,18,83.3,2024
15,664849,"Young, Danny",8/14/2024,745790,15,100,2024
15,547973,"Chapman, Aroldis",8/21/2024,744973,15,100,2024
15,679156,"Pennington, Walter",8/17/2024,744977,15,100,2024
15,605154,"Brebbia, John",6/28/2024,746776,15,100,2024
15,664126,"Fairbanks, Pete",4/10/2024,746247,15,100,2024
15,643338,"Green, Chad",9/10/2024,744886,15,100,2024
15,664776,"Cousins, Jake",6/27/2024,744919,26,57.7,2024
15,669060,"Wilson, Bryse",6/25/2024,745973,74,20.3,2024
15,668941,"Romero, JoJo",6/28/2024,745161,15,100,2024
15,664208,"Maton, Phil",5/30/2024,745081,15,100,2024
15,668674,"Erceg, Lucas",6/12/2024,745405,15,100,2024
15,445276,"Jansen, Kenley",6/22/2024,746700,15,100,2024
15,656945,"Scott, Tanner",6/13/2024,745809,15,100,2024
15,664747,"Díaz, Alexis",8/29/2024,746670,15,100,2024
15,657612,"Hill, Tim",9/2/2024,744972,15,100,2024
15,687330,"Kelly, Kevin",9/5/2024,745042,15,100,2024
15,657508,"Baumann, Mike",8/11/2024,744816,15,100,2024
15,593974,"Peralta, Wandy",4/24/2024,746567,15,100,2024
15,606303,"Payamps, Joel",5/21/2024,746058,15,100,2024
15,656730,"Megill, Trevor",7/1/2024,746535,15,100,2024
15,608371,"Sims, Lucas",5/16/2024,746150,15,100,2024
15,663158,"Suarez, Robert",4/22/2024,746565,15,100,2024
15,690829,"Joyce, Ben",8/23/2024,744889,15,100,2024
15,664076,"Cleavinger, Garrett",6/20/2024,745889,15,100,2024
15,621242,"Díaz, Edwin",4/1/2024,745842,15,100,2024
15,657571,"Ferguson, Caleb",8/27/2024,745540,28,53.6,2024
15,573009,"Mantiply, Joe",6/12/2024,747193,15,100,2024
15,641329,"Baker, Bryan",7/27/2024,747006,15,100,2024
15,605280,"Holmes, Clay",5/4/2024,745750,15,100,2024
15,671922,"Smith, Cade",5/22/2024,746634,15,100,2024
15,640451,"Harvey, Hunter",5/3/2024,744868,15,100,2024
15,657514,"Bernardino, Brennan",8/4/2024,744979,15,100,2024
15,671345,"Foley, Jason",5/13/2024,746471,15,100,2024
15,592767,"Smyly, Drew",8/20/2024,746839,15,100,2024
15,606303,"Payamps, Joel",9/24/2024,745441,15,100,2024
15,621345,"Minter, A.J.",5/13/2024,747128,15,100,2024
15,650671,"Quijada, José",8/20/2024,746266,15,100,2024
15,679885,"Martinez, Justin",7/21/2024,746853,15,100,2024
15,687863,"Hodge, Porter",7/21/2024,746853,15,100,2024
15,669276,"Lee, Dylan",8/26/2024,745865,15,100,2024
15,641755,"Kinley, Tyler",8/26/2024,746513,15,100,2024
15,657571,"Ferguson, Caleb",3/29/2024,746412,19,78.9,2024
15,661395,"Duran, Jhoan",6/9/2024,745491,15,100,2024
15,664875,"Lawrence, Justin",3/30/2024,747221,15,100,2024
15,664875,"Lawrence, Justin",9/27/2024,746494,15,100,2024
15,571946,"Miller, Shelby",4/18/2024,746485,15,100,2024
15,592767,"Smyly, Drew",8/6/2024,746840,15,100,2024
15,640448,"Finnegan, Kyle",7/20/2024,744830,15,100,2024
15,502085,"Robertson, David",9/21/2024,744958,15,100,2024
15,664901,"Mendick, Danny",6/6/2024,746784,15,100,2024
15,571948,"Milner, Hoby",7/14/2024,745962,15,100,2024
15,683769,"Gaddis, Hunter",6/1/2024,746629,15,100,2024
15,669711,"Weissert, Greg",8/29/2024,746914,15,100,2024
15,641755,"Kinley, Tyler",9/8/2024,745940,15,100,2024
15,668674,"Erceg, Lucas",9/4/2024,746262,15,100,2024
15,641745,"Keller, Brad",6/21/2024,746698,19,78.9,2024
15,621345,"Minter, A.J.",8/1/2024,747092,15,100,2024
15,628452,"Iglesias, Raisel",7/31/2024,745960,15,100,2024
15,666974,"Cano, Yennier",7/20/2024,744994,15,100,2024
15,677161,"Kelly, Zack",7/31/2024,746925,15,100,2024
15,608723,"Voth, Austin",6/13/2024,745245,15,100,2024
15,571882,"Law, Derek",6/24/2024,745397,15,100,2024
15,670174,"Winckowski, Josh",7/20/2024,746121,15,100,2024
15,681676,"Fernandez, Ryan",6/22/2024,745163,20,75,2024
15,518397,"Alexander, Scott",7/5/2024,745639,15,100,2024
15,502085,"Robertson, David",5/28/2024,745017,15,100,2024
15,662253,"Muñoz, Andrés",5/31/2024,745253,15,100,2024
15,571670,"Floro, Dylan",7/5/2024,744836,15,100,2024
15,676702,"Stratton, Hunter",5/17/2024,746878,15,100,2024
15,458677,"Wilson, Justin",9/18/2024,746662,15,100,2024
15,519151,"Pressly, Ryan",7/11/2024,746367,15,100,2024
15,642048,"Saucedo, Tayler",6/4/2024,745656,15,100,2024
15,656945,"Scott, Tanner",6/18/2024,746049,15,100,2024
15,663432,"Rainey, Tanner",6/30/2024,745072,15,100,2024
15,664854,"Helsley, Ryan",7/13/2024,745175,15,100,2024
15,656546,"Hoffman, Jeff",7/19/2024,745481,15,100,2024
15,493603,"Ottavino, Adam",7/28/2024,745795,15,100,2024
15,680704,"Sandlin, Nick",7/19/2024,746618,15,100,2024
15,643256,"Cimber, Adam",5/1/2024,746238,15,100,2024
15,641729,"Jiménez, Joe",7/20/2024,747093,15,100,2024
15,519151,"Pressly, Ryan",5/14/2024,746396,15,100,2024
15,608334,"Fulmer, Carson",5/4/2024,746644,35,42.9,2024
15,656271,"Burke, Brock",9/6/2024,744967,15,100,2024
15,607259,"Martinez, Nick",9/27/2024,746822,95,15.8,2024
15,643338,"Green, Chad",8/23/2024,744889,15,100,2024
15,664849,"Young, Danny",9/24/2024,747068,15,100,2024
15,666204,"Jiménez, Dany",6/16/2024,745891,15,100,2024
15,571882,"Law, Derek",9/3/2024,746020,15,100,2024
15,623465,"Phillips, Evan",6/13/2024,746136,15,100,2024
15,608717,"Stratton, Chris",4/24/2024,746317,15,100,2024
15,662253,"Muñoz, Andrés",5/20/2024,745746,15,100,2024
15,607481,"Bummer, Aaron",7/7/2024,747098,15,100,2024
15,670955,"Uceta, Edwin",8/9/2024,745062,15,100,2024
15,663485,"Sands, Cole",7/10/2024,746772,28,53.6,2024
15,573124,"Rogers, Taylor",7/24/2024,746119,15,100,2024
15,519151,"Pressly, Ryan",7/20/2024,745229,15,100,2024
15,642048,"Saucedo, Tayler",7/24/2024,745231,15,100,2024
15,607455,"Banda, Anthony",7/21/2024,746125,15,100,2024
15,664208,"Maton, Phil",4/18/2024,745104,15,100,2024
15,607481,"Bummer, Aaron",7/4/2024,747103,15,100,2024
15,606930,"Barnes, Jacob",5/21/2024,744860,30,50,2024
15,664854,"Helsley, Ryan",8/7/2024,745142,15,100,2024
15,668943,"Miller, Ryan",9/27/2024,746173,15,100,2024
15,628708,"Marte, Yunior",3/29/2024,745604,15,100,2024
15,571656,"Farmer, Buck",8/5/2024,746038,21,71.4,2024
15,622554,"Domínguez, Seranthony",8/3/2024,746608,15,100,2024
15,676534,"Faucher, Calvin",5/31/2024,746059,15,100,2024
15,650671,"Quijada, José",8/9/2024,744818,15,100,2024
15,641703,"Honeywell, Brent",9/21/2024,746096,34,44.1,2024
15,663704,"McArthur, James",9/14/2024,745448,15,100,2024
15,663992,"Lovelady, Richard",9/15/2024,746585,15,100,2024
15,663704,"McArthur, James",4/15/2024,746813,15,100,2024
15,541640,"Ramírez, Erasmo",5/20/2024,745093,15,100,2024
15,670970,"Morejon, Adrian",7/4/2024,744996,15,100,2024
15,701643,"Hartwig, Grant",4/17/2024,745836,15,100,2024
15,660825,"Bazardo, Eduard",9/4/2024,745614,15,100,2024
15,693312,"Nicolas, Kyle",5/29/2024,746467,15,100,2024
15,573204,"Thielbar, Caleb",5/22/2024,744856,15,100,2024
15,656234,"Bird, Jake",5/8/2024,746562,23,65.2,2024
15,672335,"Pérez, Cionel",8/10/2024,745056,15,100,2024
15,677053,"Nardi, Andrew",7/4/2024,746043,15,100,2024
15,502085,"Robertson, David",5/25/2024,745901,27,55.6,2024
15,605347,"López, Jorge",5/28/2024,745818,15,100,2024
15,518886,"Kimbrel, Craig",4/11/2024,746977,15,100,2024
15,640462,"Puk, A.J.",8/9/2024,747168,15,100,2024
15,689147,"Kerkering, Orion",9/15/2024,745530,15,100,2024
15,660853,"De Los Santos, Enyel",9/14/2024,746740,24,62.5,2024
15,571948,"Milner, Hoby",6/3/2024,745569,15,100,2024
15,605463,"Scott, Tayler",9/16/2024,745367,16,93.8,2024
15,623433,"Anderson, Nick",6/21/2024,745006,15,100,2024
15,570257,"Rodríguez, Joely",4/13/2024,746979,15,100,2024
15,572955,"Johnson, Pierce",4/7/2024,747141,15,100,2024
15,640462,"Puk, A.J.",8/11/2024,747166,15,100,2024
15,641755,"Kinley, Tyler",5/14/2024,745418,15,100,2024
15,676254,"Walker, Ryan",6/29/2024,745317,24,62.5,2024
15,676710,"Crawford, Kutter",9/22/2024,746906,101,14.9,2024
15,605121,"Anderson, Justin",9/16/2024,746179,15,100,2024
15,666214,"Wentz, Joey",4/22/2024,745107,15,100,2024
15,668941,"Romero, JoJo",6/7/2024,745169,15,100,2024
15,687330,"Kelly, Kevin",7/27/2024,745059,15,100,2024
15,690829,"Joyce, Ben",8/31/2024,746182,15,100,2024
15,700187,"Taylor, Troy",8/30/2024,746184,15,100,2024
15,650893,"Cabrera, Génesis",9/3/2024,744891,20,75,2024
15,661395,"Duran, Jhoan",6/28/2024,745238,15,100,2024
15,657024,"Swanson, Erik",9/23/2024,744885,15,100,2024
15,683021,"Stefanic, Michael",9/21/2024,746338,15,100,2024
15,628452,"Iglesias, Raisel",9/21/2024,746012,15,100,2024
15,621237,"Alvarado, José",5/16/2024,745580,15,100,2024
15,622075,"Almonte, Yency",5/7/2024,746885,15,100,2024
15,608718,"Suter, Brent",5/8/2024,746717,15,100,2024
15,623352,"Hader, Josh",4/17/2024,746401,15,100,2024
15,669713,"Wesneski, Hayden",5/27/2024,745986,15,100,2024
15,657277,"Webb, Logan",8/15/2024,745298,104,14.4,2024
15,621345,"Minter, A.J.",4/6/2024,747140,15,100,2024
15,607481,"Bummer, Aaron",9/18/2024,746662,15,100,2024
15,660896,"Alcala, Jorge",6/16/2024,745895,22,68.2,2024
15,489446,"Yates, Kirby",9/18/2024,744959,15,100,2024
15,670970,"Morejon, Adrian",9/15/2024,745287,15,100,2024
15,593576,"Neris, Héctor",7/12/2024,745153,15,100,2024
15,623149,"Sewald, Paul",7/19/2024,746854,15,100,2024
15,683232,"Mears, Nick",4/21/2024,746568,15,100,2024
15,682847,"Ortiz, Luis L.",4/6/2024,745522,15,100,2024
15,622554,"Domínguez, Seranthony",6/21/2024,745562,15,100,2024
15,621363,"Poche, Colin",7/27/2024,745059,15,100,2024
15,683769,"Gaddis, Hunter",9/15/2024,746585,15,100,2024
15,669211,"Akin, Keegan",8/19/2024,745780,25,60,2024
15,647315,"Pop, Zach",8/25/2024,744892,15,100,2024
15,666974,"Cano, Yennier",8/24/2024,746996,19,78.9,2024
15,693312,"Nicolas, Kyle",6/26/2024,746695,28,53.6,2024
15,455119,"Martin, Chris",8/17/2024,746997,15,100,2024
15,607259,"Martinez, Nick",4/20/2024,746726,42,35.7,2024
15,662253,"Muñoz, Andrés",6/4/2024,745656,15,100,2024
15,628452,"Iglesias, Raisel",9/4/2024,747075,15,100,2024
15,573124,"Rogers, Taylor",4/24/2024,745346,15,100,2024
15,670990,"Ramírez, Yohan",4/23/2024,746246,21,71.4,2024
15,643256,"Cimber, Adam",4/19/2024,746729,15,100,2024
15,671922,"Smith, Cade",5/4/2024,746644,15,100,2024
15,572143,"Smith, Burch",8/20/2024,745782,15,100,2024
15,657585,"Garrett, Reed",6/9/2024,745571,27,55.6,2024
15,663432,"Rainey, Tanner",8/21/2024,744812,15,100,2024
15,669387,"Mlodzinski, Carmen",5/21/2024,745503,15,100,2024
15,669724,"Hanifee, Brenan",9/13/2024,746423,15,100,2024
15,680572,"Kloffenstein, Adam",6/20/2024,745164,15,100,2024
15,592094,"Adam, Jason",9/24/2024,746093,15,100,2024
15,621242,"Díaz, Edwin",6/13/2024,745809,15,100,2024
15,685801,"Bigge, Hunter",9/29/2024,746901,15,100,2024
15,673380,"Núñez, Dedniel",7/20/2024,746041,15,100,2024
15,608717,"Stratton, Chris",9/1/2024,746347,15,100,2024
15,681869,"Dubin, Shawn",4/13/2024,746405,15,100,2024
15,673513,"Matsui, Yuki",5/13/2024,745420,15,100,2024
15,670174,"Winckowski, Josh",7/31/2024,746925,15,100,2024
15,640451,"Harvey, Hunter",5/14/2024,746796,15,100,2024
15,593576,"Neris, Héctor",4/24/2024,746889,15,100,2024
15,455119,"Martin, Chris",5/21/2024,745090,15,100,2024
15,676680,"Cosgrove, Tom",4/23/2024,746566,15,100,2024
15,623433,"Anderson, Nick",5/1/2024,744939,15,100,2024
15,622503,"Crismatt, Nabil",4/30/2024,747210,15,100,2024
15,605347,"López, Jorge",8/31/2024,744808,15,100,2024
15,606930,"Barnes, Jacob",8/27/2024,744811,15,100,2024
15,605463,"Scott, Tayler",6/10/2024,745334,29,51.7,2024
15,664208,"Maton, Phil",5/7/2024,745095,15,100,2024
15,608723,"Voth, Austin",6/16/2024,745242,15,100,2024
15,664208,"Maton, Phil",8/11/2024,745216,21,71.4,2024
15,666808,"Doval, Camilo",6/7/2024,745008,15,100,2024
15,622554,"Domínguez, Seranthony",4/20/2024,745590,15,100,2024
15,693312,"Nicolas, Kyle",6/2/2024,744929,15,100,2024
15,573009,"Mantiply, Joe",6/14/2024,747191,15,100,2024
15,621363,"Poche, Colin",7/11/2024,745065,15,100,2024
15,455119,"Martin, Chris",9/24/2024,744876,15,100,2024
15,671305,"Otañez, Michel",8/2/2024,745631,15,100,2024
15,702352,"Bivens, Spencer",9/19/2024,746985,35,42.9,2024
15,571670,"Floro, Dylan",5/8/2024,744858,15,100,2024
15,623352,"Hader, Josh",5/5/2024,746395,15,100,2024
15,666214,"Wentz, Joey",5/1/2024,746478,21,71.4,2024
15,693312,"Nicolas, Kyle",7/30/2024,746365,15,100,2024
15,600917,"Leclerc, José",7/20/2024,744994,15,100,2024
15,673513,"Matsui, Yuki",3/28/2024,745445,20,75,2024
15,666808,"Doval, Camilo",6/25/2024,745322,15,100,2024
15,455119,"Martin, Chris",8/7/2024,746272,15,100,2024
15,657508,"Baumann, Mike",6/11/2024,745244,15,100,2024
15,657649,"Koenig, Jared",8/17/2024,745952,15,100,2024
15,676254,"Walker, Ryan",8/12/2024,745300,15,100,2024
15,605288,"Houser, Adrian",7/4/2024,744834,15,100,2024
15,680891,"Neely, Jack",8/22/2024,746836,15,100,2024
15,624522,"Thompson, Keegan",6/16/2024,746866,15,100,2024
15,676534,"Faucher, Calvin",7/21/2024,746042,15,100,2024
15,518617,"Diekman, Jake",4/17/2024,745836,15,100,2024
15,606160,"Montero, Rafael",7/23/2024,745632,15,100,2024
15,592773,"Stanek, Ryne",5/13/2024,745256,15,100,2024
15,641540,"Dunning, Dane",6/25/2024,745973,37,40.5,2024
15,608032,"Estévez, Carlos",7/30/2024,745546,15,100,2024
15,693312,"Nicolas, Kyle",4/28/2024,745349,15,100,2024
15,519151,"Pressly, Ryan",9/24/2024,746336,15,100,2024
15,656412,"Faedo, Alex",4/30/2024,746481,44,34.1,2024
15,666974,"Cano, Yennier",9/10/2024,746907,15,100,2024
15,656887,"Reid-Foley, Sean",5/13/2024,745826,15,100,2024
15,661403,"Clase, Emmanuel",4/14/2024,746648,15,100,2024
15,605280,"Holmes, Clay",7/3/2024,745728,15,100,2024
15,668674,"Erceg, Lucas",6/18/2024,745650,15,100,2024
15,676755,"Mattson, Isaac",9/20/2024,746661,25,60,2024
15,593974,"Peralta, Wandy",6/17/2024,745567,15,100,2024
15,605130,"Barlow, Scott",8/5/2024,746600,15,100,2024
15,608032,"Estévez, Carlos",4/6/2024,746248,15,100,2024
15,543766,"Shaw, Bryan",4/10/2024,746655,15,100,2024
15,683232,"Mears, Nick",6/14/2024,746545,15,100,2024
15,571946,"Miller, Shelby",7/13/2024,746447,15,100,2024
15,623465,"Phillips, Evan",8/29/2024,746102,15,100,2024
15,445926,"Chavez, Jesse",5/24/2024,745501,15,100,2024
15,687330,"Kelly, Kevin",8/31/2024,745050,15,100,2024
15,695243,"Miller, Mason",6/26/2024,746212,15,100,2024
15,656730,"Megill, Trevor",7/21/2024,745882,15,100,2024
15,664747,"Díaz, Alexis",9/28/2024,746819,15,100,2024
15,641540,"Dunning, Dane",9/28/2024,746171,15,100,2024
15,643511,"Rogers, Tyler",6/25/2024,745322,15,100,2024
15,668472,"Pratto, Nick",6/11/2024,746296,15,100,2024
15,681892,"Funderburk, Kody",4/4/2024,745928,39,38.5,2024
15,455119,"Martin, Chris",8/26/2024,746915,15,100,2024
15,623352,"Hader, Josh",6/29/2024,745801,15,100,2024
15,686642,"Ellard, Fraser",8/29/2024,746748,15,100,2024
15,605177,"Chafin, Andrew",6/13/2024,746465,15,100,2024
15,688297,"Roycroft, Chris",7/12/2024,745153,15,100,2024
15,596133,"Weaver, Luke",5/28/2024,746229,26,57.7,2024
15,543859,"Tonkin, Michael",7/9/2024,745074,32,46.9,2024
15,519151,"Pressly, Ryan",9/17/2024,745366,15,100,2024
15,642520,"Garabito, Gerson",9/3/2024,744968,15,100,2024
15,623149,"Sewald, Paul",7/14/2024,747176,15,100,2024
15,661395,"Duran, Jhoan",6/18/2024,745893,15,100,2024
15,656876,"Rasmussen, Drew",8/7/2024,745142,28,53.6,2024
15,674285,"Salazar, Eduardo",8/25/2024,747078,29,51.7,2024
15,668674,"Erceg, Lucas",6/28/2024,747183,15,100,2024
15,676596,"Fleming, Josh",6/25/2024,746697,15,100,2024
15,672710,"Contreras, Roansy",6/13/2024,747192,16,93.8,2024
15,663704,"McArthur, James",4/7/2024,746330,15,100,2024
15,660853,"De Los Santos, Enyel",7/24/2024,744824,15,100,2024
15,640451,"Harvey, Hunter",4/28/2024,746077,19,78.9,2024
15,661403,"Clase, Emmanuel",6/22/2024,746622,15,100,2024
15,663704,"McArthur, James",7/10/2024,745155,15,100,2024
15,683232,"Mears, Nick",7/9/2024,746690,15,100,2024
15,663158,"Suarez, Robert",6/10/2024,745409,15,100,2024
15,667463,"King, John",5/28/2024,746709,28,53.6,2024
15,605280,"Holmes, Clay",9/26/2024,745691,15,100,2024
15,592454,"Kahnle, Tommy",8/20/2024,745707,15,100,2024
15,614179,"Ruiz, José",8/22/2024,747082,15,100,2024
15,640448,"Finnegan, Kyle",5/27/2024,747118,15,100,2024
15,657508,"Baumann, Mike",4/27/2024,747052,15,100,2024
15,518397,"Alexander, Scott",7/30/2024,745309,15,100,2024
15,621242,"Díaz, Edwin",9/16/2024,745773,15,100,2024
15,592155,"Booser, Cam",8/5/2024,746276,15,100,2024
15,676702,"Stratton, Hunter",3/31/2024,746090,15,100,2024
15,622554,"Domínguez, Seranthony",6/4/2024,745568,15,100,2024
15,657571,"Ferguson, Caleb",9/21/2024,746338,15,100,2024
15,573009,"Mantiply, Joe",5/7/2024,746718,15,100,2024
15,657097,"Webb, Jacob",4/30/2024,747047,15,100,2024
15,623352,"Hader, Josh",8/30/2024,746353,15,100,2024
15,683409,"Chivilli, Angel",8/26/2024,746513,15,100,2024
15,656629,"Kopech, Michael",5/21/2024,744936,15,100,2024
15,519043,"Moore, Matt",4/29/2024,746236,15,100,2024
15,663158,"Suarez, Robert",5/23/2024,746714,15,100,2024
15,661395,"Duran, Jhoan",5/27/2024,745904,15,100,2024
15,595345,"Okert, Steven",8/14/2024,745869,15,100,2024
15,608032,"Estévez, Carlos",8/14/2024,745544,15,100,2024
15,656234,"Bird, Jake",5/10/2024,746553,15,100,2024
15,663158,"Suarez, Robert",7/10/2024,745394,15,100,2024
15,519151,"Pressly, Ryan",6/11/2024,745327,15,100,2024
15,518886,"Kimbrel, Craig",4/6/2024,745522,15,100,2024
15,592454,"Kahnle, Tommy",8/8/2024,745710,15,100,2024
15,643377,"Jax, Griffin",6/10/2024,745897,15,100,2024
15,608723,"Voth, Austin",7/14/2024,746201,15,100,2024
15,663704,"McArthur, James",6/26/2024,746291,15,100,2024
15,671345,"Foley, Jason",4/1/2024,745842,15,100,2024
15,642048,"Saucedo, Tayler",6/29/2024,745239,15,100,2024
15,595345,"Okert, Steven",6/20/2024,745889,15,100,2024
15,670280,"Bednar, David",8/21/2024,744973,15,100,2024
15,664076,"Cleavinger, Garrett",8/27/2024,745213,15,100,2024
15,640448,"Finnegan, Kyle",8/25/2024,747078,15,100,2024
15,680704,"Sandlin, Nick",8/12/2024,746603,15,100,2024
15,623433,"Anderson, Nick",6/25/2024,746293,15,100,2024
15,679885,"Martinez, Justin",9/28/2024,747146,15,100,2024
15,622251,"Staumont, Josh",6/14/2024,745892,15,100,2024
15,661395,"Duran, Jhoan",8/5/2024,746847,15,100,2024
15,489446,"Yates, Kirby",6/5/2024,745007,15,100,2024
15,656945,"Scott, Tanner",7/23/2024,746036,15,100,2024
15,681911,"Vesia, Alex",6/6/2024,745495,15,100,2024
15,669093,"Estrada, Jeremiah",7/21/2024,746610,15,100,2024
15,643410,"Leiter Jr., Mark",4/23/2024,746888,15,100,2024
15,600986,"Vieira, Thyago",7/4/2024,746126,15,100,2024
15,666808,"Doval, Camilo",7/5/2024,746620,15,100,2024
15,621053,"Ferguson, Tyler",5/16/2024,746391,15,100,2024
15,598264,"Barnes, Matt",4/14/2024,745681,15,100,2024
15,571670,"Floro, Dylan",7/24/2024,744824,15,100,2024
15,641729,"Jiménez, Joe",6/2/2024,747110,15,100,2024
15,613534,"Adams, Austin",6/19/2024,745646,15,100,2024
15,592426,"Jackson, Luke",9/14/2024,747070,15,100,2024
15,670955,"Uceta, Edwin",8/3/2024,746358,15,100,2024
15,660853,"De Los Santos, Enyel",9/21/2024,745360,15,100,2024
15,663423,"Thornton, Trent",3/31/2024,745279,15,100,2024
15,669093,"Estrada, Jeremiah",6/19/2024,745561,15,100,2024
15,640451,"Harvey, Hunter",4/17/2024,746159,20,75,2024
15,685801,"Bigge, Hunter",9/20/2024,745043,15,100,2024
15,669062,"Miller, Erik",4/16/2024,746081,15,100,2024
15,519008,"McFarland, T.J.",5/29/2024,745084,15,100,2024
15,554340,"García, Yimi",5/29/2024,746790,15,100,2024
15,656271,"Burke, Brock",3/30/2024,745037,15,100,2024
15,628452,"Iglesias, Raisel",9/6/2024,747074,15,100,2024
15,472610,"García, Luis",8/9/2024,746927,15,100,2024
15,669062,"Miller, Erik",8/28/2024,745943,15,100,2024
15,605447,"Romano, Jordan",4/22/2024,746319,15,100,2024
15,686642,"Ellard, Fraser",7/30/2024,746763,15,100,2024
15,643338,"Green, Chad",8/12/2024,746192,15,100,2024
15,678495,"Rodríguez, Randy",8/13/2024,745302,15,100,2024
15,593576,"Neris, Héctor",5/28/2024,745987,15,100,2024
15,656638,"Lange, Alex",4/20/2024,745921,16,93.8,2024
15,676534,"Faucher, Calvin",5/25/2024,747199,15,100,2024
15,592426,"Jackson, Luke",8/14/2024,745301,15,100,2024
15,623465,"Phillips, Evan",8/11/2024,746114,15,100,2024
15,662253,"Muñoz, Andrés",5/27/2024,745254,15,100,2024
14,642207,"Williams, Devin",9/28/2024,745931,14,100,2024
14,666214,"Wentz, Joey",7/30/2024,746441,14,100,2024
14,657585,"Garrett, Reed",6/25/2024,745806,14,100,2024
14,543339,"Hudson, Daniel",7/5/2024,746127,14,100,2024
14,683627,"Molina, Anthony",6/25/2024,746372,14,100,2024
14,670059,"Holderman, Colin",6/28/2024,747105,14,100,2024
14,607259,"Martinez, Nick",6/16/2024,745977,19,73.7,2024
14,641755,"Kinley, Tyler",7/4/2024,746532,25,56,2024
14,670970,"Morejon, Adrian",7/6/2024,745395,14,100,2024
14,686826,"Jarvis, Bryce",7/6/2024,745395,19,73.7,2024
14,658648,"Avila, Pedro",6/2/2024,746632,14,100,2024
14,663460,"Bubic, Kris",8/3/2024,746440,14,100,2024
14,683409,"Chivilli, Angel",9/21/2024,746096,14,100,2024
14,664747,"Díaz, Alexis",9/5/2024,746664,14,100,2024
14,573009,"Mantiply, Joe",4/17/2024,747212,14,100,2024
14,656222,"Beeks, Jalen",4/15/2024,745597,14,100,2024
14,608638,"Chargois, JT",8/8/2024,745226,14,100,2024
14,668941,"Romero, JoJo",4/15/2024,745677,14,100,2024
14,605400,"Nola, Aaron",4/26/2024,745424,106,13.2,2024
14,596133,"Weaver, Luke",6/12/2024,746294,14,100,2024
14,455119,"Martin, Chris",3/30/2024,745278,14,100,2024
14,593576,"Neris, Héctor",3/28/2024,745039,14,100,2024
14,641656,"Hamilton, Ian",3/28/2024,746418,14,100,2024
14,519151,"Pressly, Ryan",9/20/2024,746340,14,100,2024
14,664076,"Cleavinger, Garrett",5/18/2024,744938,14,100,2024
14,681432,"Little, Luke",5/15/2024,747123,14,100,2024
14,657044,"Thompson, Ryan",7/10/2024,747179,14,100,2024
14,502085,"Robertson, David",6/22/2024,744997,14,100,2024
14,643377,"Jax, Griffin",6/2/2024,746383,14,100,2024
14,663989,"Vespi, Nick",6/21/2024,746375,26,53.8,2024
14,623149,"Sewald, Paul",8/13/2024,747160,14,100,2024
14,605130,"Barlow, Scott",4/16/2024,746976,14,100,2024
14,518585,"Cruz, Fernando",8/14/2024,746677,14,100,2024
14,621242,"Díaz, Edwin",4/14/2024,745841,14,100,2024
14,671345,"Foley, Jason",8/14/2024,746436,14,100,2024
14,650893,"Cabrera, Génesis",9/11/2024,744881,14,100,2024
14,682254,"Montgomery, Mason",9/13/2024,746586,14,100,2024
14,670280,"Bednar, David",9/15/2024,745449,14,100,2024
14,593974,"Peralta, Wandy",6/18/2024,745563,14,100,2024
14,655889,"Rodríguez, Manuel",7/19/2024,745721,14,100,2024
14,670970,"Morejon, Adrian",7/13/2024,745392,14,100,2024
14,656924,"Ryan, Ryder",4/16/2024,745837,14,100,2024
14,656629,"Kopech, Michael",9/26/2024,746088,14,100,2024
14,656730,"Megill, Trevor",9/27/2024,745930,14,100,2024
14,621383,"Banks, Tanner",5/6/2024,745098,28,50,2024
14,607455,"Banda, Anthony",8/25/2024,746106,14,100,2024
14,592454,"Kahnle, Tommy",8/24/2024,745703,14,100,2024
14,676702,"Stratton, Hunter",5/8/2024,745507,14,100,2024
14,663542,"Hudson, Bryan",5/30/2024,745985,26,53.8,2024
14,671345,"Foley, Jason",6/16/2024,746377,14,100,2024
14,662253,"Muñoz, Andrés",9/11/2024,745214,14,100,2024
14,518886,"Kimbrel, Craig",6/7/2024,745083,14,100,2024
14,670990,"Ramírez, Yohan",6/7/2024,745737,14,100,2024
14,607481,"Bummer, Aaron",4/30/2024,745260,14,100,2024
14,592454,"Kahnle, Tommy",9/6/2024,746832,14,100,2024
14,668390,"Winn, Cole",4/23/2024,745026,14,100,2024
14,673513,"Matsui, Yuki",4/25/2024,746564,20,70,2024
14,670280,"Bednar, David",3/30/2024,746087,14,100,2024
14,676254,"Walker, Ryan",3/29/2024,745435,14,100,2024
14,518886,"Kimbrel, Craig",4/28/2024,747045,14,100,2024
14,640462,"Puk, A.J.",9/20/2024,745934,14,100,2024
14,676395,"Garcia, Robert",7/26/2024,745146,14,100,2024
14,676254,"Walker, Ryan",9/23/2024,747150,14,100,2024
14,608334,"Fulmer, Carson",5/11/2024,746232,14,100,2024
14,656730,"Megill, Trevor",5/21/2024,746058,14,100,2024
14,683769,"Gaddis, Hunter",4/27/2024,747131,14,100,2024
14,681676,"Fernandez, Ryan",4/13/2024,747215,14,100,2024
14,670167,"Schreiber, John",8/29/2024,746352,14,100,2024
14,642100,"Speier, Gabe",3/30/2024,745278,14,100,2024
14,661403,"Clase, Emmanuel",4/4/2024,745928,14,100,2024
14,605154,"Brebbia, John",5/1/2024,746800,14,100,2024
14,595014,"Treinen, Blake",9/22/2024,746092,14,100,2024
14,666205,"Muller, Kyle",4/13/2024,745676,45,31.1,2024
14,641835,"Mayza, Tim",5/18/2024,744938,14,100,2024
14,681676,"Fernandez, Ryan",6/19/2024,746050,14,100,2024
14,571539,"Carasiti, Matt",5/24/2024,746558,18,77.8,2024
14,640462,"Puk, A.J.",5/19/2024,746064,25,56,2024
14,656222,"Beeks, Jalen",8/28/2024,745452,14,100,2024
14,656546,"Hoffman, Jeff",8/29/2024,745531,14,100,2024
14,592155,"Booser, Cam",4/27/2024,746971,27,51.9,2024
14,445276,"Jansen, Kenley",8/12/2024,746921,14,100,2024
14,621242,"Díaz, Edwin",5/25/2024,745823,14,100,2024
14,544150,"Suárez, Albert",5/5/2024,746719,24,58.3,2024
14,671345,"Foley, Jason",4/16/2024,746486,14,100,2024
14,676395,"Garcia, Robert",8/11/2024,744816,16,87.5,2024
14,624647,"González, Victor",4/22/2024,745757,14,100,2024
14,672578,"Hernández, Carlos",8/17/2024,746675,14,100,2024
14,664747,"Díaz, Alexis",7/3/2024,745728,14,100,2024
14,656629,"Kopech, Michael",9/18/2024,746014,14,100,2024
14,666974,"Cano, Yennier",4/29/2024,747046,15,93.3,2024
14,592767,"Smyly, Drew",9/13/2024,746509,14,100,2024
14,690829,"Joyce, Ben",8/16/2024,746189,14,100,2024
14,592454,"Kahnle, Tommy",9/24/2024,745688,14,100,2024
14,621366,"Borucki, Ryan",9/13/2024,745447,14,100,2024
14,605347,"López, Jorge",8/17/2024,746841,14,100,2024
14,661403,"Clase, Emmanuel",9/19/2024,746579,14,100,2024
14,664208,"Maton, Phil",3/28/2024,745116,14,100,2024
14,608032,"Estévez, Carlos",5/7/2024,745508,14,100,2024
14,663546,"Hjelle, Sean",7/3/2024,747100,27,51.9,2024
14,552640,"Kittredge, Andrew",7/10/2024,745156,14,100,2024
14,571656,"Farmer, Buck",7/10/2024,746689,14,100,2024
14,622694,"Hernández, Elieser",6/18/2024,746217,14,100,2024
14,664208,"Maton, Phil",6/24/2024,745078,15,93.3,2024
14,606303,"Payamps, Joel",4/16/2024,746004,14,100,2024
14,640448,"Finnegan, Kyle",9/21/2024,746826,14,100,2024
14,681517,"Leahy, Kyle",7/30/2024,745149,14,100,2024
14,676130,"Buttó, José",9/6/2024,745777,14,100,2024
14,670167,"Schreiber, John",4/17/2024,746807,14,100,2024
14,573204,"Thielbar, Caleb",6/20/2024,745889,14,100,2024
14,623211,"Brazobán, Huascar",7/26/2024,745964,14,100,2024
14,666204,"Jiménez, Dany",4/10/2024,745024,14,100,2024
14,661403,"Clase, Emmanuel",4/20/2024,746651,14,100,2024
14,663989,"Vespi, Nick",6/16/2024,747023,14,100,2024
14,658648,"Avila, Pedro",6/16/2024,744926,14,100,2024
14,656232,"Bielak, Brandon",5/23/2024,745660,14,100,2024
14,621242,"Díaz, Edwin",8/5/2024,745184,14,100,2024
14,622098,"Smith, Drew",6/16/2024,745807,14,100,2024
14,663321,"Hernandez, Nick",6/5/2024,746379,14,100,2024
14,605280,"Holmes, Clay",4/13/2024,746656,14,100,2024
14,592094,"Adam, Jason",7/23/2024,744904,14,100,2024
14,665625,"Peguero, Elvis",4/21/2024,745192,14,100,2024
14,656546,"Hoffman, Jeff",6/2/2024,745572,14,100,2024
14,623149,"Sewald, Paul",8/11/2024,747166,14,100,2024
14,571912,"Maile, Luke",8/17/2024,746675,14,100,2024
14,573124,"Rogers, Taylor",4/27/2024,745350,14,100,2024
14,493603,"Ottavino, Adam",5/25/2024,745823,14,100,2024
14,608371,"Sims, Lucas",5/27/2024,746708,14,100,2024
14,502085,"Robertson, David",7/9/2024,746206,14,100,2024
14,542882,"Andriese, Matt",4/8/2024,745761,29,48.3,2024
14,663947,"Holton, Tyler",8/17/2024,746434,45,31.1,2024
14,570632,"Ureña, José",8/19/2024,744976,62,22.6,2024
14,608723,"Voth, Austin",8/18/2024,745464,14,100,2024
14,657508,"Baumann, Mike",6/12/2024,745246,14,100,2024
14,671305,"Otañez, Michel",9/18/2024,746831,14,100,2024
14,672391,"Ort, Kaleb",7/6/2024,745885,14,100,2024
14,592094,"Adam, Jason",4/6/2024,746575,14,100,2024
14,621389,"Blach, Ty",6/26/2024,746374,29,48.3,2024
14,669211,"Akin, Keegan",6/12/2024,747028,19,73.7,2024
14,608718,"Suter, Brent",6/17/2024,745490,25,56,2024
14,592454,"Kahnle, Tommy",7/27/2024,746931,17,82.4,2024
14,664126,"Fairbanks, Pete",7/2/2024,746282,14,100,2024
14,605280,"Holmes, Clay",8/16/2024,746438,14,100,2024
14,670950,"Richards, Trevor",7/2/2024,744913,14,100,2024
14,666171,"Zeferjahn, Ryan",9/5/2024,744966,21,66.7,2024
14,656945,"Scott, Tanner",8/20/2024,745374,14,100,2024
14,663568,"Kolek, Stephen",4/25/2024,746564,14,100,2024
14,445276,"Jansen, Kenley",5/12/2024,746965,14,100,2024
14,669713,"Wesneski, Hayden",5/21/2024,746875,14,100,2024
14,606303,"Payamps, Joel",8/16/2024,745949,14,100,2024
14,622251,"Staumont, Josh",5/14/2024,745909,14,100,2024
14,623433,"Anderson, Nick",6/9/2024,746297,14,100,2024
14,608717,"Stratton, Chris",7/26/2024,746277,14,100,2024
14,642048,"Saucedo, Tayler",5/28/2024,745258,14,100,2024
14,689147,"Kerkering, Orion",5/6/2024,745585,14,100,2024
14,672582,"Zerpa, Angel",9/24/2024,744802,14,100,2024
14,656234,"Bird, Jake",9/28/2024,746499,14,100,2024
14,681869,"Dubin, Shawn",9/28/2024,746578,14,100,2024
14,643377,"Jax, Griffin",7/2/2024,745886,14,100,2024
14,608723,"Voth, Austin",9/28/2024,745203,14,100,2024
14,657508,"Baumann, Mike",8/7/2024,745713,14,100,2024
14,621199,"Bowman, Matt",4/15/2024,747053,46,30.4,2024
14,623433,"Anderson, Nick",6/4/2024,746630,14,100,2024
14,554340,"García, Yimi",5/31/2024,744928,14,100,2024
14,669211,"Akin, Keegan",6/3/2024,744930,14,100,2024
14,665896,"Marte, José",6/25/2024,746213,14,100,2024
14,656546,"Hoffman, Jeff",7/5/2024,747097,14,100,2024
14,672578,"Hernández, Carlos",9/2/2024,746265,14,100,2024
14,664854,"Helsley, Ryan",8/29/2024,745135,14,100,2024
14,445926,"Chavez, Jesse",9/8/2024,747072,14,100,2024
14,663559,"Falter, Bailey",5/24/2024,745501,97,14.4,2024
14,518617,"Diekman, Jake",7/21/2024,746042,20,70,2024
14,642701,"Santana, Dennis",5/24/2024,745415,24,58.3,2024
14,643377,"Jax, Griffin",5/28/2024,745903,14,100,2024
14,519326,"Strickland, Hunter",5/18/2024,745013,14,100,2024
14,592094,"Adam, Jason",7/12/2024,745064,14,100,2024
14,571882,"Law, Derek",9/12/2024,744805,15,93.3,2024
14,605130,"Barlow, Scott",7/9/2024,746451,14,100,2024
14,680891,"Neely, Jack",9/17/2024,746830,14,100,2024
14,605280,"Holmes, Clay",4/6/2024,745766,14,100,2024
14,607259,"Martinez, Nick",6/23/2024,746699,14,100,2024
14,543475,"Lyles, Jordan",4/10/2024,746323,14,100,2024
14,689225,"Brieske, Beau",7/19/2024,744911,14,100,2024
14,621053,"Ferguson, Tyler",8/25/2024,745618,15,93.3,2024
14,656186,"Altavilla, Dan",6/19/2024,745646,20,70,2024
14,641729,"Jiménez, Joe",6/18/2024,747107,14,100,2024
14,518397,"Alexander, Scott",9/24/2024,745605,14,100,2024
14,669461,"Liberatore, Matthew",9/25/2024,746501,14,100,2024
14,641729,"Jiménez, Joe",9/4/2024,747075,14,100,2024
14,489446,"Yates, Kirby",4/26/2024,745025,14,100,2024
14,547973,"Chapman, Aroldis",5/22/2024,745502,14,100,2024
14,643511,"Rogers, Tyler",7/21/2024,746528,14,100,2024
14,664126,"Fairbanks, Pete",8/11/2024,745057,14,100,2024
14,642239,"Zastryzny, Rob",7/6/2024,746129,14,100,2024
14,543339,"Hudson, Daniel",7/10/2024,745556,14,100,2024
14,657097,"Webb, Jacob",7/10/2024,747015,14,100,2024
14,623211,"Brazobán, Huascar",6/8/2024,746057,52,26.9,2024
14,670990,"Ramírez, Yohan",4/13/2024,747054,35,40,2024
14,688297,"Roycroft, Chris",6/8/2024,745166,14,100,2024
14,690544,"Horn, Bailey",7/26/2024,746933,14,100,2024
14,608344,"Irvin, Cole",7/27/2024,747006,38,36.8,2024
14,593334,"Germán, Domingo",8/9/2024,746113,75,18.7,2024
14,518489,"Brasier, Ryan",3/29/2024,746167,14,100,2024
14,570632,"Ureña, José",4/16/2024,746486,27,51.9,2024
14,656641,"Latz, Jacob",3/31/2024,745035,14,100,2024
14,667463,"King, John",3/31/2024,746166,14,100,2024
14,657585,"Garrett, Reed",6/12/2024,745811,14,100,2024
14,669796,"Hernandez, Jose E.",4/13/2024,745594,14,100,2024
14,661403,"Clase, Emmanuel",9/9/2024,746746,14,100,2024
14,666205,"Muller, Kyle",4/24/2024,745753,35,40,2024
14,628452,"Iglesias, Raisel",5/7/2024,747126,14,100,2024
14,542881,"Anderson, Tyler",5/22/2024,746386,95,14.7,2024
14,683769,"Gaddis, Hunter",9/6/2024,746104,14,100,2024
14,656945,"Scott, Tanner",5/7/2024,746147,14,100,2024
14,640462,"Puk, A.J.",9/19/2024,745937,14,100,2024
14,673513,"Matsui, Yuki",4/2/2024,745439,14,100,2024
14,682120,"Herrin, Tim",9/1/2024,746592,14,100,2024
14,642232,"Yarbrough, Ryan",9/18/2024,744959,29,48.3,2024
14,623352,"Hader, Josh",6/22/2024,746376,14,100,2024
14,669952,"White, Mitch",5/19/2024,746392,41,34.1,2024
14,643338,"Green, Chad",6/23/2024,746621,14,100,2024
14,663546,"Hjelle, Sean",4/21/2024,745353,21,66.7,2024
14,676092,"Snider, Collin",7/19/2024,745228,14,100,2024
14,640451,"Harvey, Hunter",4/9/2024,745357,14,100,2024
14,641729,"Jiménez, Joe",8/18/2024,746186,14,100,2024
14,608723,"Voth, Austin",4/6/2024,746006,14,100,2024
14,668674,"Erceg, Lucas",8/21/2024,746267,14,100,2024
14,642016,"Robert, Daniel",7/10/2024,746205,31,45.2,2024
14,608638,"Chargois, JT",9/13/2024,745207,14,100,2024
14,683769,"Gaddis, Hunter",7/7/2024,746616,14,100,2024
14,592094,"Adam, Jason",6/11/2024,745077,14,100,2024
14,672335,"Pérez, Cionel",9/11/2024,746908,14,100,2024
14,643338,"Green, Chad",6/30/2024,744916,14,100,2024
14,668338,"Miller, Tyson",5/3/2024,746402,14,100,2024
14,458677,"Wilson, Justin",5/13/2024,747204,14,100,2024
14,662253,"Muñoz, Andrés",5/26/2024,744855,14,100,2024
14,656232,"Bielak, Brandon",4/21/2024,744866,39,35.9,2024
14,663947,"Holton, Tyler",5/25/2024,746470,14,100,2024
14,664747,"Díaz, Alexis",4/1/2024,745600,14,100,2024
14,656420,"Feyereisen, J.P.",5/4/2024,746155,14,100,2024
14,573204,"Thielbar, Caleb",7/8/2024,746771,14,100,2024
14,606930,"Barnes, Jacob",8/23/2024,747080,26,53.8,2024
14,622554,"Domínguez, Seranthony",9/10/2024,746907,14,100,2024
14,650556,"Abreu, Bryan",6/11/2024,745327,14,100,2024
14,663546,"Hjelle, Sean",6/15/2024,745329,14,100,2024
14,670280,"Bednar, David",6/5/2024,745494,14,100,2024
14,543056,"Coulombe, Danny",6/8/2024,745082,30,46.7,2024
14,670280,"Bednar, David",5/21/2024,745503,14,100,2024
14,690829,"Joyce, Ben",6/29/2024,746211,14,100,2024
14,663158,"Suarez, Robert",5/22/2024,746712,14,100,2024
14,682120,"Herrin, Tim",8/17/2024,745952,14,100,2024
14,677161,"Kelly, Zack",7/19/2024,746123,30,46.7,2024
14,686642,"Ellard, Fraser",8/21/2024,745297,14,100,2024
14,608371,"Sims, Lucas",4/19/2024,746729,14,100,2024
14,445276,"Jansen, Kenley",6/12/2024,746948,14,100,2024
14,607179,"Weems, Jordan",6/20/2024,744841,14,100,2024
14,669373,"Skubal, Tarik",8/31/2024,746424,98,14.3,2024
14,519151,"Pressly, Ryan",6/19/2024,746781,14,100,2024
14,607625,"Lugo, Seth",5/12/2024,746234,112,12.5,2024
14,518585,"Cruz, Fernando",5/12/2024,745345,14,100,2024
14,663878,"Pearson, Nate",9/25/2024,745521,14,100,2024
14,681402,"Varland, Gus",9/28/2024,746414,14,100,2024
14,667297,"Nance, Tommy",8/20/2024,744896,14,100,2024
14,472610,"García, Luis",6/28/2024,746214,14,100,2024
14,592094,"Adam, Jason",9/27/2024,747145,17,82.4,2024
14,689225,"Brieske, Beau",8/26/2024,746753,20,70,2024
14,552640,"Kittredge, Andrew",6/26/2024,745158,14,100,2024
14,606149,"Gallegos, Giovanny",6/27/2024,745162,18,77.8,2024
14,673380,"Núñez, Dedniel",7/1/2024,744840,23,60.9,2024
14,642100,"Speier, Gabe",4/14/2024,745271,14,100,2024
14,668390,"Winn, Cole",4/14/2024,746404,21,66.7,2024
14,606930,"Barnes, Jacob",6/4/2024,744850,14,100,2024
14,650893,"Cabrera, Génesis",9/7/2024,747076,14,100,2024
14,694738,"Roupp, Landen",8/29/2024,745945,49,28.6,2024
14,664875,"Lawrence, Justin",4/25/2024,746564,14,100,2024
14,660825,"Bazardo, Eduard",5/23/2024,745741,14,100,2024
14,669622,"Bender, Anthony",6/21/2024,746052,14,100,2024
14,670990,"Ramírez, Yohan",6/21/2024,746131,14,100,2024
14,593576,"Neris, Héctor",8/10/2024,746761,14,100,2024
14,663567,"Lambert, Peter",5/23/2024,745660,14,100,2024
14,690544,"Horn, Bailey",8/13/2024,746924,17,82.4,2024
14,663432,"Rainey, Tanner",5/21/2024,744860,14,100,2024
14,594580,"Moll, Sam",7/4/2024,745726,14,100,2024
14,679885,"Martinez, Justin",8/16/2024,745054,14,100,2024
14,663878,"Pearson, Nate",9/10/2024,746097,14,100,2024
14,663992,"Lovelady, Richard",9/10/2024,745535,19,73.7,2024
14,689958,"Walters, Andrew",9/12/2024,746591,14,100,2024
14,664776,"Cousins, Jake",7/4/2024,745726,23,60.9,2024
14,518585,"Cruz, Fernando",6/8/2024,746703,14,100,2024
14,666745,"Brito, Jhony",4/13/2024,746161,14,100,2024
14,668674,"Erceg, Lucas",6/14/2024,745892,14,100,2024
14,664875,"Lawrence, Justin",6/20/2024,746539,14,100,2024
14,681911,"Vesia, Alex",6/13/2024,746136,14,100,2024
14,543339,"Hudson, Daniel",5/13/2024,745343,14,100,2024
14,641941,"Pagán, Emilio",4/5/2024,746733,14,100,2024
14,605463,"Scott, Tayler",5/29/2024,745250,14,100,2024
14,640470,"Alzolay, Adbert",5/6/2024,746886,14,100,2024
14,666974,"Cano, Yennier",5/4/2024,746720,14,100,2024
14,489446,"Yates, Kirby",3/30/2024,745037,14,100,2024
14,543859,"Tonkin, Michael",8/22/2024,745705,14,100,2024
14,572955,"Johnson, Pierce",6/15/2024,747113,14,100,2024
14,621237,"Alvarado, José",7/21/2024,745470,14,100,2024
14,669622,"Bender, Anthony",7/22/2024,746034,14,100,2024
14,656945,"Scott, Tanner",8/6/2024,745467,18,77.8,2024
14,640451,"Harvey, Hunter",6/7/2024,744845,14,100,2024
14,656730,"Megill, Trevor",6/4/2024,745568,14,100,2024
14,685116,"Kitchen, Austin",9/3/2024,746020,18,77.8,2024
14,670280,"Bednar, David",4/26/2024,745347,14,100,2024
14,605130,"Barlow, Scott",5/17/2024,746641,14,100,2024
14,669622,"Bender, Anthony",7/9/2024,746368,14,100,2024
14,621363,"Poche, Colin",8/8/2024,745143,14,100,2024
14,660825,"Bazardo, Eduard",9/21/2024,744958,14,100,2024
14,663546,"Hjelle, Sean",6/11/2024,745327,23,60.9,2024
14,690829,"Joyce, Ben",7/28/2024,746195,25,56,2024
14,670955,"Uceta, Edwin",9/20/2024,745043,14,100,2024
14,621242,"Díaz, Edwin",9/6/2024,745777,14,100,2024
14,676254,"Walker, Ryan",9/22/2024,746253,14,100,2024
14,621345,"Minter, A.J.",4/15/2024,746406,17,82.4,2024
14,694738,"Roupp, Landen",9/1/2024,745292,14,100,2024
14,657571,"Ferguson, Caleb",4/26/2024,746000,14,100,2024
14,676092,"Snider, Collin",9/25/2024,746331,14,100,2024
14,656222,"Beeks, Jalen",5/9/2024,746563,14,100,2024
14,669276,"Lee, Dylan",5/8/2024,747127,25,56,2024
14,676760,"Marinaccio, Ron",5/7/2024,745752,24,58.3,2024
14,628452,"Iglesias, Raisel",7/6/2024,747099,14,100,2024
14,650556,"Abreu, Bryan",5/29/2024,745250,14,100,2024
14,690829,"Joyce, Ben",7/6/2024,746856,14,100,2024
14,592773,"Stanek, Ryne",5/31/2024,745253,14,100,2024
14,519043,"Moore, Matt",8/9/2024,744818,14,100,2024
14,693312,"Nicolas, Kyle",8/24/2024,745457,14,100,2024
14,695243,"Miller, Mason",9/20/2024,745606,14,100,2024
14,621345,"Minter, A.J.",4/12/2024,746084,14,100,2024
14,664747,"Díaz, Alexis",8/11/2024,745956,14,100,2024
14,671345,"Foley, Jason",4/27/2024,746484,14,100,2024
14,595014,"Treinen, Blake",5/10/2024,745421,14,100,2024
14,657044,"Thompson, Ryan",8/28/2024,747161,14,100,2024
14,643511,"Rogers, Tyler",5/29/2024,745333,14,100,2024
14,519043,"Moore, Matt",4/30/2024,746239,14,100,2024
14,656464,"Ginkel, Kevin",4/27/2024,745266,14,100,2024
14,622554,"Domínguez, Seranthony",6/8/2024,745814,14,100,2024
14,622786,"Tinoco, Jesus",8/31/2024,745296,14,100,2024
14,656730,"Megill, Trevor",8/30/2024,746730,14,100,2024
14,518886,"Kimbrel, Craig",5/19/2024,747035,14,100,2024
14,663855,"Hicks, Jordan",8/13/2024,745302,14,100,2024
14,656546,"Hoffman, Jeff",5/28/2024,745337,14,100,2024
14,650556,"Abreu, Bryan",5/26/2024,745653,14,100,2024
14,661403,"Clase, Emmanuel",5/26/2024,746230,14,100,2024
14,445926,"Chavez, Jesse",5/3/2024,746152,14,100,2024
14,670036,"Festa, Matt",8/14/2024,746919,14,100,2024
14,671345,"Foley, Jason",8/15/2024,746437,14,100,2024
14,669674,"Long, Sam",7/30/2024,746763,14,100,2024
14,623352,"Hader, Josh",9/13/2024,746181,14,100,2024
14,640451,"Harvey, Hunter",5/5/2024,744861,15,93.3,2024
14,543339,"Hudson, Daniel",8/10/2024,746112,14,100,2024
14,661403,"Clase, Emmanuel",4/30/2024,746398,14,100,2024
14,642048,"Saucedo, Tayler",7/19/2024,745228,14,100,2024
14,571882,"Law, Derek",9/15/2024,744801,14,100,2024
14,657508,"Baumann, Mike",5/17/2024,747037,14,100,2024
14,493603,"Ottavino, Adam",5/12/2024,745825,14,100,2024
14,642520,"Garabito, Gerson",8/16/2024,744974,14,100,2024
14,607481,"Bummer, Aaron",9/14/2024,747070,14,100,2024
14,621051,"Wilson, Steven",6/12/2024,745246,14,100,2024
14,670174,"Winckowski, Josh",8/14/2024,746919,14,100,2024
14,554340,"García, Yimi",5/13/2024,747040,14,100,2024
14,643338,"Green, Chad",7/21/2024,744909,14,100,2024
14,642701,"Santana, Dennis",4/7/2024,745765,14,100,2024
14,489446,"Yates, Kirby",6/21/2024,745006,14,100,2024
14,670102,"Francis, Bowden",6/30/2024,744916,14,100,2024
14,676092,"Snider, Collin",7/2/2024,745240,14,100,2024
14,640448,"Finnegan, Kyle",7/19/2024,744829,14,100,2024
14,668674,"Erceg, Lucas",4/30/2024,745673,14,100,2024
14,664854,"Helsley, Ryan",4/9/2024,745195,14,100,2024
14,683232,"Mears, Nick",4/22/2024,746565,14,100,2024
14,547184,"Kelly, Michael",4/3/2024,745678,14,100,2024
14,502624,"Anderson, Chase",5/4/2024,745911,35,40,2024
14,445926,"Chavez, Jesse",6/22/2024,745731,30,46.7,2024
14,628452,"Iglesias, Raisel",8/20/2024,747083,14,100,2024
14,672710,"Contreras, Roansy",8/21/2024,746267,21,66.7,2024
14,623352,"Hader, Josh",6/20/2024,746782,14,100,2024
14,687911,"King, Bryan",6/26/2024,746374,14,100,2024
14,668674,"Erceg, Lucas",8/26/2024,746628,14,100,2024
14,686539,"Cronin, Declan",6/16/2024,744839,19,73.7,2024
14,675627,"Grove, Michael",6/7/2024,745737,14,100,2024
14,686539,"Cronin, Declan",6/2/2024,746061,14,100,2024
14,657612,"Hill, Tim",8/24/2024,745703,21,66.7,2024
14,643410,"Leiter Jr., Mark",5/12/2024,745499,17,82.4,2024
14,656420,"Feyereisen, J.P.",5/13/2024,745343,14,100,2024
14,656354,"Davis, Austin",6/29/2024,746940,14,100,2024
14,661395,"Duran, Jhoan",5/12/2024,744941,14,100,2024
14,592094,"Adam, Jason",4/24/2024,745099,30,46.7,2024
14,623465,"Phillips, Evan",4/25/2024,744867,14,100,2024
14,683769,"Gaddis, Hunter",4/23/2024,746647,14,100,2024
14,669211,"Akin, Keegan",5/21/2024,745180,34,41.2,2024
14,608718,"Suter, Brent",7/13/2024,746687,14,100,2024
14,621237,"Alvarado, José",7/11/2024,745558,14,100,2024
14,643410,"Leiter Jr., Mark",6/9/2024,746705,18,77.8,2024
14,605288,"Houser, Adrian",6/22/2024,746863,54,25.9,2024
14,571670,"Floro, Dylan",6/20/2024,744841,14,100,2024
14,662253,"Muñoz, Andrés",9/5/2024,745612,14,100,2024
14,519008,"McFarland, T.J.",5/12/2024,745255,14,100,2024
14,643377,"Jax, Griffin",7/20/2024,745880,14,100,2024
14,621242,"Díaz, Edwin",5/12/2024,745825,14,100,2024
14,661395,"Duran, Jhoan",9/25/2024,745854,14,100,2024
14,657649,"Koenig, Jared",9/26/2024,745443,14,100,2024
14,614179,"Ruiz, José",6/13/2024,746944,14,100,2024
14,670280,"Bednar, David",7/20/2024,745478,14,100,2024
14,605177,"Chafin, Andrew",7/5/2024,746693,14,100,2024
14,663158,"Suarez, Robert",7/3/2024,744998,14,100,2024
14,669622,"Bender, Anthony",4/10/2024,745763,14,100,2024
14,678495,"Rodríguez, Randy",6/3/2024,747194,14,100,2024
14,592094,"Adam, Jason",9/4/2024,745370,14,100,2024
14,642207,"Williams, Devin",9/3/2024,745944,14,100,2024
14,657053,"Toussaint, Touki",9/2/2024,746992,68,20.6,2024
14,661395,"Duran, Jhoan",9/2/2024,745046,14,100,2024
14,641427,"Busenitz, Alan",9/21/2024,746660,14,100,2024
14,662253,"Muñoz, Andrés",9/19/2024,745204,14,100,2024
14,662253,"Muñoz, Andrés",5/7/2024,745915,14,100,2024
14,661395,"Duran, Jhoan",8/9/2024,745927,14,100,2024
14,664849,"Young, Danny",5/30/2024,745819,14,100,2024
14,621237,"Alvarado, José",6/23/2024,745566,14,100,2024
14,455119,"Martin, Chris",5/19/2024,745179,14,100,2024
14,670280,"Bednar, David",6/14/2024,746545,14,100,2024
14,518585,"Cruz, Fernando",4/29/2024,745427,14,100,2024
14,676092,"Snider, Collin",8/31/2024,746182,14,100,2024
14,656896,"Rivera, Emmanuel",6/22/2024,746048,14,100,2024
14,606965,"Devenski, Chris",6/11/2024,745077,14,100,2024
14,623433,"Anderson, Nick",4/19/2024,746325,14,100,2024
14,519008,"McFarland, T.J.",9/20/2024,745606,14,100,2024
14,687863,"Hodge, Porter",8/16/2024,746843,14,100,2024
14,642701,"Santana, Dennis",9/19/2024,745120,14,100,2024
14,677053,"Nardi, Andrew",6/18/2024,746049,14,100,2024
14,663158,"Suarez, Robert",4/8/2024,745432,14,100,2024
14,605121,"Anderson, Justin",6/29/2024,746778,14,100,2024
14,680767,"Vodnik, Victor",7/13/2024,745798,22,63.6,2024
14,621345,"Minter, A.J.",4/24/2024,747132,14,100,2024
14,681869,"Dubin, Shawn",7/21/2024,745230,14,100,2024
14,657585,"Garrett, Reed",5/7/2024,745186,14,100,2024
14,700187,"Taylor, Troy",8/21/2024,746110,14,100,2024
14,643511,"Rogers, Tyler",4/23/2024,745348,14,100,2024
14,641835,"Mayza, Tim",8/25/2024,745706,14,100,2024
14,573009,"Mantiply, Joe",4/3/2024,747219,14,100,2024
14,621051,"Wilson, Steven",7/4/2024,746619,14,100,2024
14,656464,"Ginkel, Kevin",7/3/2024,746128,19,73.7,2024
14,643511,"Rogers, Tyler",8/9/2024,745308,14,100,2024
14,642397,"Soto, Gregory",3/30/2024,745599,14,100,2024
14,552640,"Kittredge, Andrew",6/12/2024,745171,14,100,2024
14,657571,"Ferguson, Caleb",7/24/2024,745716,14,100,2024
14,640448,"Finnegan, Kyle",6/19/2024,744842,14,100,2024
14,664875,"Lawrence, Justin",4/30/2024,746073,14,100,2024
14,666808,"Doval, Camilo",5/2/2024,746969,14,100,2024
14,671345,"Foley, Jason",9/22/2024,746982,14,100,2024
14,657585,"Garrett, Reed",9/1/2024,746750,14,100,2024
14,643377,"Jax, Griffin",8/3/2024,745876,14,100,2024
14,676092,"Snider, Collin",8/23/2024,745217,14,100,2024
14,643511,"Rogers, Tyler",5/8/2024,746562,14,100,2024
14,605154,"Brebbia, John",8/7/2024,745630,14,100,2024
14,593576,"Neris, Héctor",9/6/2024,746343,14,100,2024
14,692285,"Guerrero, Luis",9/27/2024,746904,18,77.8,2024
14,445276,"Jansen, Kenley",4/16/2024,746976,14,100,2024
14,641302,"Alexander, Tyler",4/14/2024,745113,86,16.3,2024
14,606303,"Payamps, Joel",6/8/2024,746461,14,100,2024
14,621345,"Minter, A.J.",3/31/2024,745602,14,100,2024
14,502624,"Anderson, Chase",5/30/2024,746954,14,100,2024
14,643511,"Rogers, Tyler",5/28/2024,745337,14,100,2024
14,663460,"Bubic, Kris",7/20/2024,746286,14,100,2024
14,657024,"Swanson, Erik",4/30/2024,744942,14,100,2024
14,663947,"Holton, Tyler",6/23/2024,746457,14,100,2024
14,606930,"Barnes, Jacob",8/28/2024,744809,14,100,2024
14,677944,"Cecconi, Slade",7/29/2024,747172,31,45.2,2024
14,643410,"Leiter Jr., Mark",5/27/2024,745986,14,100,2024
14,676534,"Faucher, Calvin",7/31/2024,745061,14,100,2024
14,676534,"Faucher, Calvin",6/23/2024,746051,14,100,2024
14,670280,"Bednar, David",9/11/2024,745450,14,100,2024
14,656271,"Burke, Brock",9/13/2024,746181,14,100,2024
14,543339,"Hudson, Daniel",4/3/2024,746163,14,100,2024
14,572955,"Johnson, Pierce",4/5/2024,747143,14,100,2024
14,641771,"Kuhl, Chad",9/11/2024,746745,29,48.3,2024
14,608032,"Estévez, Carlos",9/18/2024,745933,14,100,2024
14,661403,"Clase, Emmanuel",6/25/2024,747022,14,100,2024
14,656638,"Lange, Alex",4/26/2024,746482,14,100,2024
14,687424,"Maldonado, Anthony",5/17/2024,746065,14,100,2024
14,621242,"Díaz, Edwin",9/1/2024,746750,14,100,2024
14,607455,"Banda, Anthony",6/11/2024,746139,14,100,2024
14,695243,"Miller, Mason",4/22/2024,745757,14,100,2024
14,605463,"Scott, Tayler",4/3/2024,746407,14,100,2024
14,656420,"Feyereisen, J.P.",5/11/2024,745422,14,100,2024
14,681911,"Vesia, Alex",6/18/2024,746542,14,100,2024
14,667463,"King, John",5/5/2024,745185,35,40,2024
14,656629,"Kopech, Michael",9/25/2024,746095,14,100,2024
14,682254,"Montgomery, Mason",9/24/2024,746421,29,48.3,2024
14,657006,"Steele, Justin",7/5/2024,746859,95,14.7,2024
14,518585,"Cruz, Fernando",4/8/2024,746735,14,100,2024
14,657024,"Swanson, Erik",8/27/2024,746916,14,100,2024
14,643410,"Leiter Jr., Mark",9/21/2024,745610,27,51.9,2024
14,643511,"Rogers, Tyler",9/20/2024,746256,14,100,2024
14,667463,"King, John",6/9/2024,745167,14,100,2024
14,680704,"Sandlin, Nick",3/28/2024,745687,14,100,2024
14,682842,"Uribe, Abner",4/17/2024,746005,14,100,2024
14,543056,"Coulombe, Danny",6/2/2024,747030,14,100,2024
14,623149,"Sewald, Paul",6/6/2024,745408,14,100,2024
14,628452,"Iglesias, Raisel",4/6/2024,747140,14,100,2024
14,547973,"Chapman, Aroldis",8/25/2024,745459,14,100,2024
14,656945,"Scott, Tanner",7/6/2024,746044,14,100,2024
14,664351,"Contreras, Luis",6/23/2024,746373,14,100,2024
14,656546,"Hoffman, Jeff",5/21/2024,745578,14,100,2024
14,592288,"Emanuel, Kent",6/24/2024,746298,14,100,2024
14,683769,"Gaddis, Hunter",8/11/2024,745872,17,82.4,2024
14,673380,"Núñez, Dedniel",5/28/2024,745816,34,41.2,2024
14,621237,"Alvarado, José",9/10/2024,745535,14,100,2024
14,622503,"Crismatt, Nabil",5/12/2024,745419,23,60.9,2024
14,678606,"Ferrer, Jose A.",8/13/2024,747004,14,100,2024
14,606965,"Devenski, Chris",4/22/2024,745107,34,41.2,2024
14,667297,"Nance, Tommy",8/25/2024,744892,14,100,2024
14,543339,"Hudson, Daniel",6/25/2024,746775,14,100,2024
14,519293,"Smith, Will",6/14/2024,746134,14,100,2024
14,445926,"Chavez, Jesse",6/4/2024,746949,14,100,2024
14,623352,"Hader, Josh",6/3/2024,746382,14,100,2024
14,595897,"Burdi, Nick",5/23/2024,745741,14,100,2024
14,572955,"Johnson, Pierce",7/7/2024,747098,14,100,2024
14,672335,"Pérez, Cionel",9/22/2024,746982,18,77.8,2024
14,605280,"Holmes, Clay",7/26/2024,746933,14,100,2024
14,670871,"Zuñiga, Guillo",9/27/2024,746173,14,100,2024
14,656546,"Hoffman, Jeff",8/6/2024,746120,14,100,2024
14,681882,"Selby, Colin",9/29/2024,745846,14,100,2024
14,543294,"Hendricks, Kyle",5/29/2024,745988,46,30.4,2024
14,677053,"Nardi, Andrew",6/21/2024,746052,14,100,2024
14,669060,"Wilson, Bryse",7/12/2024,745965,14,100,2024
14,666974,"Cano, Yennier",9/19/2024,746985,14,100,2024
14,656629,"Kopech, Michael",5/9/2024,746802,14,100,2024
14,605280,"Holmes, Clay",5/29/2024,746228,14,100,2024
14,683769,"Gaddis, Hunter",5/31/2024,746635,14,100,2024
14,656629,"Kopech, Michael",4/27/2024,746803,14,100,2024
14,663704,"McArthur, James",9/3/2024,746264,14,100,2024
14,663158,"Suarez, Robert",9/1/2024,745048,14,100,2024
14,641729,"Jiménez, Joe",9/13/2024,747069,14,100,2024
14,681676,"Fernandez, Ryan",9/1/2024,745701,14,100,2024
14,669093,"Estrada, Jeremiah",7/30/2024,745389,14,100,2024
14,606303,"Payamps, Joel",5/28/2024,745987,14,100,2024
14,671922,"Smith, Cade",5/20/2024,746637,14,100,2024
14,642207,"Williams, Devin",9/13/2024,747153,14,100,2024
14,519326,"Strickland, Hunter",9/15/2024,746180,14,100,2024
14,680704,"Sandlin, Nick",9/17/2024,746587,14,100,2024
14,663158,"Suarez, Robert",5/27/2024,745416,14,100,2024
14,686747,"La Sorsa, Joe",9/25/2024,744795,14,100,2024
14,668674,"Erceg, Lucas",6/23/2024,745648,14,100,2024
14,643338,"Green, Chad",8/24/2024,744890,14,100,2024
14,669199,"Bachar, Lake",9/29/2024,744880,30,46.7,2024
14,472610,"García, Luis",8/6/2024,746273,14,100,2024
14,672582,"Zerpa, Angel",9/16/2024,746260,18,77.8,2024
14,643511,"Rogers, Tyler",5/13/2024,745343,14,100,2024
14,624522,"Thompson, Keegan",4/21/2024,746894,14,100,2024
14,668674,"Erceg, Lucas",4/22/2024,745757,26,53.8,2024
14,668941,"Romero, JoJo",4/4/2024,745200,14,100,2024
14,673380,"Núñez, Dedniel",7/2/2024,744838,14,100,2024
14,523260,"Kelly, Joe",8/16/2024,745144,14,100,2024
14,662253,"Muñoz, Andrés",7/27/2024,746768,14,100,2024
14,656271,"Burke, Brock",8/18/2024,746186,14,100,2024
14,642701,"Santana, Dennis",7/13/2024,746766,14,100,2024
14,445276,"Jansen, Kenley",8/27/2024,746916,14,100,2024
14,669276,"Lee, Dylan",7/12/2024,745390,14,100,2024
14,676254,"Walker, Ryan",8/24/2024,745218,14,100,2024
14,445276,"Jansen, Kenley",4/20/2024,745515,14,100,2024
14,643511,"Rogers, Tyler",6/26/2024,745325,14,100,2024
14,686580,"Slaten, Justin",3/31/2024,745279,15,93.3,2024
14,656546,"Hoffman, Jeff",6/18/2024,745563,14,100,2024
14,605154,"Brebbia, John",5/11/2024,746797,14,100,2024
14,676254,"Walker, Ryan",8/30/2024,745299,14,100,2024
14,669461,"Liberatore, Matthew",9/28/2024,745281,14,100,2024
14,678020,"Halvorsen, Seth",9/26/2024,746495,14,100,2024
14,518585,"Cruz, Fernando",8/21/2024,744893,14,100,2024
14,663878,"Pearson, Nate",7/25/2024,744907,35,40,2024
14,623465,"Phillips, Evan",6/25/2024,746775,14,100,2024
14,667463,"King, John",8/18/2024,745139,14,100,2024
14,681911,"Vesia, Alex",8/21/2024,746110,14,100,2024
14,664854,"Helsley, Ryan",5/21/2024,745180,14,100,2024
14,702352,"Bivens, Spencer",8/21/2024,745297,14,100,2024
14,671131,"Rutledge, Jackson",5/14/2024,746799,14,100,2024
13,623465,"Phillips, Evan",7/2/2024,746133,13,100,2024
13,667755,"Soriano, José",5/19/2024,745012,93,14,2024
13,628452,"Iglesias, Raisel",5/20/2024,747121,13,100,2024
13,622250,"Sborz, Josh",7/23/2024,744985,13,100,2024
13,676254,"Walker, Ryan",4/15/2024,746080,13,100,2024
13,682120,"Herrin, Tim",5/9/2024,746802,13,100,2024
13,571946,"Miller, Shelby",4/17/2024,746487,13,100,2024
13,681982,"Anderson, Grant",6/7/2024,745008,19,68.4,2024
13,670280,"Bednar, David",7/22/2024,745473,13,100,2024
13,623352,"Hader, Josh",7/12/2024,746371,13,100,2024
13,643338,"Green, Chad",6/25/2024,746943,13,100,2024
13,606149,"Gallegos, Giovanny",7/12/2024,745153,13,100,2024
13,669270,"Kuhnel, Joel",8/24/2024,746108,26,50,2024
13,502085,"Robertson, David",4/3/2024,745114,13,100,2024
13,663158,"Suarez, Robert",9/22/2024,745358,13,100,2024
13,598264,"Barnes, Matt",4/21/2024,744866,13,100,2024
13,493603,"Ottavino, Adam",6/3/2024,744854,13,100,2024
13,628452,"Iglesias, Raisel",6/13/2024,747026,13,100,2024
13,641540,"Dunning, Dane",8/11/2024,745711,28,46.4,2024
13,640448,"Finnegan, Kyle",9/14/2024,744803,13,100,2024
13,702352,"Bivens, Spencer",8/28/2024,745943,13,100,2024
13,665896,"Marte, José",7/10/2024,746205,14,92.9,2024
13,656730,"Megill, Trevor",9/18/2024,745933,13,100,2024
13,662253,"Muñoz, Andrés",4/6/2024,746006,13,100,2024
13,605130,"Barlow, Scott",6/29/2024,746289,13,100,2024
13,593974,"Peralta, Wandy",9/11/2024,745214,13,100,2024
13,519043,"Moore, Matt",4/6/2024,746248,13,100,2024
13,552640,"Kittredge, Andrew",9/15/2024,744883,13,100,2024
13,664076,"Cleavinger, Garrett",8/24/2024,746108,13,100,2024
13,664747,"Díaz, Alexis",6/12/2024,746701,13,100,2024
13,669724,"Hanifee, Brenan",8/27/2024,746429,34,38.2,2024
13,656546,"Hoffman, Jeff",8/24/2024,746271,13,100,2024
13,605130,"Barlow, Scott",7/28/2024,745550,13,100,2024
13,643511,"Rogers, Tyler",6/28/2024,745319,13,100,2024
13,552640,"Kittredge, Andrew",6/13/2024,745168,13,100,2024
13,686826,"Jarvis, Bryce",7/28/2024,747173,13,100,2024
13,640448,"Finnegan, Kyle",7/1/2024,744840,13,100,2024
13,677053,"Nardi, Andrew",6/17/2024,746055,13,100,2024
13,647315,"Pop, Zach",7/1/2024,744914,13,100,2024
13,519326,"Strickland, Hunter",9/4/2024,746178,17,76.5,2024
13,612434,"Castro, Miguel",7/13/2024,747177,13,100,2024
13,670955,"Uceta, Edwin",9/3/2024,745047,13,100,2024
13,640451,"Harvey, Hunter",6/19/2024,744842,13,100,2024
13,606160,"Montero, Rafael",6/18/2024,746783,13,100,2024
13,592773,"Stanek, Ryne",5/28/2024,745258,13,100,2024
13,571670,"Floro, Dylan",5/15/2024,746795,20,65,2024
13,664747,"Díaz, Alexis",4/20/2024,746726,13,100,2024
13,663989,"Vespi, Nick",6/18/2024,745733,13,100,2024
13,573204,"Thielbar, Caleb",5/6/2024,745912,13,100,2024
13,608648,"Duffey, Tyler",5/6/2024,746313,13,100,2024
13,523260,"Kelly, Joe",7/28/2024,746364,13,100,2024
13,681402,"Varland, Gus",5/14/2024,745342,13,100,2024
13,663423,"Thornton, Trent",7/26/2024,746767,13,100,2024
13,660825,"Bazardo, Eduard",6/19/2024,746625,24,54.2,2024
13,523260,"Kelly, Joe",8/19/2024,746109,13,100,2024
13,623149,"Sewald, Paul",8/19/2024,746027,13,100,2024
13,664776,"Cousins, Jake",8/26/2024,744813,13,100,2024
13,518886,"Kimbrel, Craig",4/10/2024,746980,13,100,2024
13,572143,"Smith, Burch",3/29/2024,746091,37,35.1,2024
13,694363,"Shuster, Jared",6/14/2024,747191,13,100,2024
13,455119,"Martin, Chris",4/16/2024,746976,13,100,2024
13,608718,"Suter, Brent",6/3/2024,746548,33,39.4,2024
13,642048,"Saucedo, Tayler",5/7/2024,745915,13,100,2024
13,657097,"Webb, Jacob",5/10/2024,747043,13,100,2024
13,663158,"Suarez, Robert",5/10/2024,745421,13,100,2024
13,592454,"Kahnle, Tommy",6/1/2024,745332,13,100,2024
13,679885,"Martinez, Justin",6/2/2024,745813,26,50,2024
13,621053,"Ferguson, Tyler",9/6/2024,745611,13,100,2024
13,666214,"Wentz, Joey",6/27/2024,746210,13,100,2024
13,663485,"Sands, Cole",4/30/2024,746806,13,100,2024
13,681676,"Fernandez, Ryan",8/16/2024,745144,13,100,2024
13,662253,"Muñoz, Andrés",8/28/2024,745211,13,100,2024
13,554340,"García, Yimi",8/15/2024,746437,13,100,2024
13,656420,"Feyereisen, J.P.",5/18/2024,746142,13,100,2024
13,657571,"Ferguson, Caleb",5/15/2024,745908,13,100,2024
13,660896,"Alcala, Jorge",4/6/2024,745926,25,52,2024
13,689147,"Kerkering, Orion",6/29/2024,745559,13,100,2024
13,656222,"Beeks, Jalen",6/8/2024,745166,13,100,2024
13,605400,"Nola, Aaron",4/21/2024,745588,91,14.3,2024
13,573124,"Rogers, Taylor",8/5/2024,744821,13,100,2024
13,621294,"Heller, Ben",8/22/2024,745465,32,40.6,2024
13,642100,"Speier, Gabe",7/26/2024,746767,13,100,2024
13,643338,"Green, Chad",6/5/2024,744927,15,86.7,2024
13,518886,"Kimbrel, Craig",4/5/2024,745524,13,100,2024
13,622098,"Smith, Drew",6/17/2024,745005,13,100,2024
13,678606,"Ferrer, Jose A.",9/19/2024,746823,13,100,2024
13,678606,"Ferrer, Jose A.",9/26/2024,744796,13,100,2024
13,683769,"Gaddis, Hunter",9/28/2024,746578,13,100,2024
13,592155,"Booser, Cam",5/15/2024,746960,27,48.1,2024
13,656550,"Holmes, Grant",7/11/2024,747178,20,65,2024
13,683232,"Mears, Nick",4/15/2024,745597,13,100,2024
13,622554,"Domínguez, Seranthony",4/10/2024,745196,13,100,2024
13,676534,"Faucher, Calvin",7/25/2024,746037,13,100,2024
13,670059,"Holderman, Colin",6/19/2024,745489,13,100,2024
13,694738,"Roupp, Landen",8/9/2024,745308,23,56.5,2024
13,622253,"Tate, Dillon",7/10/2024,747015,13,100,2024
13,641835,"Mayza, Tim",5/31/2024,744928,13,100,2024
13,628452,"Iglesias, Raisel",7/20/2024,747093,13,100,2024
13,669093,"Estrada, Jeremiah",7/23/2024,744828,13,100,2024
13,605280,"Holmes, Clay",8/7/2024,745709,13,100,2024
13,676661,"Lazar, Max",8/10/2024,747164,15,86.7,2024
13,674944,"Guenther, Sean",9/21/2024,746983,24,54.2,2024
13,668338,"Miller, Tyson",9/7/2024,746829,18,72.2,2024
13,663738,"Lynch IV, Daniel",9/13/2024,745447,14,92.9,2024
13,548384,"Raley, Brooks",4/14/2024,745841,13,100,2024
13,640451,"Harvey, Hunter",5/8/2024,744858,13,100,2024
13,573204,"Thielbar, Caleb",4/14/2024,746492,13,100,2024
13,693312,"Nicolas, Kyle",9/7/2024,745455,13,100,2024
13,678020,"Halvorsen, Seth",9/13/2024,746509,13,100,2024
13,695243,"Miller, Mason",4/14/2024,745681,13,100,2024
13,605463,"Scott, Tayler",5/8/2024,745749,13,100,2024
13,656546,"Hoffman, Jeff",5/31/2024,745574,13,100,2024
13,657585,"Garrett, Reed",5/30/2024,745819,13,100,2024
13,689225,"Brieske, Beau",5/24/2024,746475,42,31,2024
13,519151,"Pressly, Ryan",8/29/2024,746352,13,100,2024
13,672782,"Gómez, Yoendrys",5/24/2024,745415,13,100,2024
13,519043,"Moore, Matt",5/21/2024,746385,13,100,2024
13,670970,"Morejon, Adrian",9/6/2024,745371,13,100,2024
13,681799,"Roberts, Ethan",8/24/2024,746022,13,100,2024
13,694037,"Palencia, Daniel",5/2/2024,745830,13,100,2024
13,686826,"Jarvis, Bryce",4/2/2024,747220,13,100,2024
13,592094,"Adam, Jason",8/8/2024,745466,13,100,2024
13,670280,"Bednar, David",9/1/2024,746592,13,100,2024
13,657044,"Thompson, Ryan",6/21/2024,745562,13,100,2024
13,614179,"Ruiz, José",6/22/2024,745564,13,100,2024
13,672335,"Pérez, Cionel",5/2/2024,747044,13,100,2024
13,455119,"Martin, Chris",8/30/2024,746433,13,100,2024
13,808967,"Yamamoto, Yoshinobu",5/7/2024,746147,97,13.4,2024
13,656546,"Hoffman, Jeff",4/17/2024,745591,13,100,2024
13,657193,"Alvarez, Eddy",9/20/2024,745770,13,100,2024
13,605135,"Bassitt, Chris",8/6/2024,744901,100,13,2024
13,518397,"Alexander, Scott",9/27/2024,745202,13,100,2024
13,642048,"Saucedo, Tayler",4/15/2024,745268,13,100,2024
13,622251,"Staumont, Josh",6/16/2024,745891,15,86.7,2024
13,657649,"Koenig, Jared",6/26/2024,745975,13,100,2024
13,663542,"Hudson, Bryan",8/15/2024,745950,25,52,2024
13,605447,"Romano, Jordan",5/26/2024,746469,13,100,2024
13,592094,"Adam, Jason",4/27/2024,746803,13,100,2024
13,676617,"O'Brien, Riley",8/27/2024,745132,13,100,2024
13,621114,"Burr, Ryan",8/13/2024,746187,13,100,2024
13,663568,"Kolek, Stephen",7/19/2024,746618,13,100,2024
13,642232,"Yarbrough, Ryan",8/17/2024,746841,30,43.3,2024
13,502085,"Robertson, David",5/6/2024,745669,13,100,2024
13,672851,"Adon, Joan",8/17/2024,745537,17,76.5,2024
13,543859,"Tonkin, Michael",7/7/2024,745723,13,100,2024
13,643511,"Rogers, Tyler",8/19/2024,745294,13,100,2024
13,641755,"Kinley, Tyler",6/8/2024,745166,13,100,2024
13,621244,"Berríos, José",8/26/2024,746915,98,13.3,2024
13,622268,"Walton, Donovan",9/14/2024,745284,13,100,2024
13,663893,"Little, Brendon",8/26/2024,746915,13,100,2024
13,493603,"Ottavino, Adam",6/25/2024,745806,13,100,2024
13,519151,"Pressly, Ryan",6/16/2024,746377,13,100,2024
13,663423,"Thornton, Trent",8/19/2024,746109,13,100,2024
13,681982,"Anderson, Grant",6/2/2024,746061,13,100,2024
13,642701,"Santana, Dennis",9/2/2024,746833,13,100,2024
13,689225,"Brieske, Beau",9/16/2024,746260,13,100,2024
13,661403,"Clase, Emmanuel",4/23/2024,746647,13,100,2024
13,547184,"Kelly, Michael",5/22/2024,745661,31,41.9,2024
13,518886,"Kimbrel, Craig",5/26/2024,746789,13,100,2024
13,666205,"Muller, Kyle",5/24/2024,745663,48,27.1,2024
13,676254,"Walker, Ryan",5/22/2024,745502,13,100,2024
13,666214,"Wentz, Joey",5/21/2024,746309,31,41.9,2024
13,661395,"Duran, Jhoan",7/8/2024,746771,13,100,2024
13,571946,"Miller, Shelby",7/8/2024,746455,13,100,2024
13,642528,"Loáisiga, Jonathan",4/3/2024,747219,13,100,2024
13,670242,"Wallner, Matt",7/29/2024,745791,21,61.9,2024
13,663542,"Hudson, Bryan",6/19/2024,746219,25,52,2024
13,663542,"Hudson, Bryan",5/11/2024,745994,13,100,2024
13,647336,"Soroka, Michael",9/28/2024,746414,43,30.2,2024
13,519043,"Moore, Matt",5/28/2024,746229,13,100,2024
13,607481,"Bummer, Aaron",9/30/2024,747139,13,100,2024
13,664854,"Helsley, Ryan",7/23/2024,745475,13,100,2024
13,621053,"Ferguson, Tyler",8/7/2024,745630,13,100,2024
13,621237,"Alvarado, José",3/31/2024,745602,13,100,2024
13,660853,"De Los Santos, Enyel",7/2/2024,744999,13,100,2024
13,571946,"Miller, Shelby",6/17/2024,747108,13,100,2024
13,608334,"Fulmer, Carson",6/16/2024,745321,28,46.4,2024
13,621051,"Wilson, Steven",6/29/2024,746778,13,100,2024
13,686973,"Varland, Louis",9/20/2024,746905,13,100,2024
13,657044,"Thompson, Ryan",6/25/2024,747188,13,100,2024
13,666808,"Doval, Camilo",4/17/2024,746076,13,100,2024
13,669387,"Mlodzinski, Carmen",6/25/2024,746697,27,48.1,2024
13,608371,"Sims, Lucas",5/8/2024,746717,13,100,2024
13,669622,"Bender, Anthony",5/10/2024,746071,13,100,2024
13,600917,"Leclerc, José",9/29/2024,746174,13,100,2024
13,670059,"Holderman, Colin",5/8/2024,745507,13,100,2024
13,663485,"Sands, Cole",5/31/2024,746387,13,100,2024
13,657571,"Ferguson, Caleb",4/29/2024,747046,13,100,2024
13,448179,"Hill, Rich",8/29/2024,746914,20,65,2024
13,671345,"Foley, Jason",8/28/2024,746430,13,100,2024
13,672582,"Zerpa, Angel",6/26/2024,746291,13,100,2024
13,519043,"Moore, Matt",8/12/2024,746192,15,86.7,2024
13,595014,"Treinen, Blake",5/28/2024,745818,13,100,2024
13,543056,"Coulombe, Danny",5/26/2024,746789,13,100,2024
13,668674,"Erceg, Lucas",8/14/2024,745869,13,100,2024
13,445276,"Jansen, Kenley",7/7/2024,745723,13,100,2024
13,663568,"Kolek, Stephen",3/21/2024,746175,13,100,2024
13,571882,"Law, Derek",7/7/2024,744832,31,41.9,2024
13,668943,"Miller, Ryan",9/17/2024,746176,13,100,2024
13,670059,"Holderman, Colin",9/11/2024,745450,13,100,2024
13,670059,"Holderman, Colin",7/19/2024,745481,13,100,2024
13,621383,"Banks, Tanner",4/6/2024,746329,18,72.2,2024
13,661395,"Duran, Jhoan",7/2/2024,745886,13,100,2024
13,670970,"Morejon, Adrian",7/28/2024,747008,13,100,2024
13,677053,"Nardi, Andrew",5/8/2024,746151,13,100,2024
13,605288,"Houser, Adrian",6/19/2024,745002,13,100,2024
13,592454,"Kahnle, Tommy",8/18/2024,746431,13,100,2024
13,600917,"Leclerc, José",6/3/2024,745009,25,52,2024
13,695243,"Miller, Mason",8/18/2024,745621,13,100,2024
13,592454,"Kahnle, Tommy",6/28/2024,744922,13,100,2024
13,621051,"Wilson, Steven",6/15/2024,747187,13,100,2024
13,445276,"Jansen, Kenley",8/6/2024,746273,13,100,2024
13,657044,"Thompson, Ryan",6/13/2024,747192,13,100,2024
13,664208,"Maton, Phil",7/22/2024,746034,13,100,2024
13,502085,"Robertson, David",6/5/2024,745007,18,72.2,2024
13,518617,"Diekman, Jake",6/2/2024,745813,13,100,2024
13,608638,"Chargois, JT",7/5/2024,746046,13,100,2024
13,662253,"Muñoz, Andrés",7/5/2024,745237,13,100,2024
13,670950,"Richards, Trevor",7/6/2024,745235,24,54.2,2024
13,657508,"Baumann, Mike",4/19/2024,746325,13,100,2024
13,605280,"Holmes, Clay",9/19/2024,745204,13,100,2024
13,606303,"Payamps, Joel",4/13/2024,747054,13,100,2024
13,661395,"Duran, Jhoan",5/19/2024,746636,13,100,2024
13,695243,"Miller, Mason",7/10/2024,746934,13,100,2024
13,640448,"Finnegan, Kyle",4/17/2024,746159,13,100,2024
13,681517,"Leahy, Kyle",6/19/2024,746050,28,46.4,2024
13,608648,"Duffey, Tyler",5/10/2024,746240,13,100,2024
13,621051,"Wilson, Steven",7/22/2024,744988,13,100,2024
13,622786,"Tinoco, Jesus",9/7/2024,746018,13,100,2024
13,656240,"Blewett, Scott",9/9/2024,745860,13,100,2024
13,643338,"Green, Chad",9/8/2024,747072,13,100,2024
13,664126,"Fairbanks, Pete",3/30/2024,745119,13,100,2024
13,519151,"Pressly, Ryan",8/5/2024,744982,13,100,2024
13,669212,"Morgan, Eli",4/16/2024,746976,29,44.8,2024
13,650556,"Abreu, Bryan",5/10/2024,746479,13,100,2024
13,669111,"McMillon, John",9/1/2024,745292,13,100,2024
13,669062,"Miller, Erik",8/31/2024,745296,13,100,2024
13,623352,"Hader, Josh",7/31/2024,746363,13,100,2024
13,686642,"Ellard, Fraser",9/15/2024,746741,13,100,2024
13,621199,"Bowman, Matt",9/1/2024,746505,13,100,2024
13,669622,"Bender, Anthony",9/22/2024,746010,13,100,2024
13,643511,"Rogers, Tyler",8/30/2024,745299,13,100,2024
13,656222,"Beeks, Jalen",9/28/2024,745685,13,100,2024
13,643410,"Leiter Jr., Mark",7/30/2024,745546,13,100,2024
13,656222,"Beeks, Jalen",8/12/2024,745383,13,100,2024
13,656629,"Kopech, Michael",5/25/2024,746794,13,100,2024
13,668968,"Crouse, Hans",8/1/2024,746196,13,100,2024
13,674944,"Guenther, Sean",9/18/2024,746254,13,100,2024
13,605154,"Brebbia, John",6/21/2024,746460,13,100,2024
13,664747,"Díaz, Alexis",4/17/2024,745267,20,65,2024
13,676680,"Cosgrove, Tom",4/26/2024,745424,34,38.2,2024
13,681911,"Vesia, Alex",6/14/2024,746134,13,100,2024
13,607481,"Bummer, Aaron",8/25/2024,747078,23,56.5,2024
13,669952,"White, Mitch",4/10/2024,744950,13,100,2024
13,605155,"Brewer, Colten",5/6/2024,746886,24,54.2,2024
13,641755,"Kinley, Tyler",8/12/2024,747165,19,68.4,2024
13,605447,"Romano, Jordan",5/25/2024,746470,13,100,2024
13,641729,"Jiménez, Joe",6/17/2024,747108,13,100,2024
13,672710,"Contreras, Roansy",7/23/2024,745227,13,100,2024
13,608334,"Fulmer, Carson",6/18/2024,746217,13,100,2024
13,554431,"Matzek, Tyler",4/26/2024,747129,13,100,2024
13,614179,"Ruiz, José",6/19/2024,745561,13,100,2024
13,640451,"Harvey, Hunter",6/29/2024,745071,13,100,2024
13,683769,"Gaddis, Hunter",6/18/2024,746627,13,100,2024
13,623149,"Sewald, Paul",8/24/2024,746917,13,100,2024
13,641658,"Hampson, Garrett",8/25/2024,746263,13,100,2024
13,681676,"Fernandez, Ryan",7/5/2024,744836,13,100,2024
13,519008,"McFarland, T.J.",7/13/2024,745549,13,100,2024
13,676596,"Fleming, Josh",4/12/2024,745596,15,86.7,2024
13,668941,"Romero, JoJo",5/3/2024,745187,13,100,2024
13,678226,"Hernández, Daysbel",5/20/2024,747119,13,100,2024
13,621242,"Díaz, Edwin",7/25/2024,745794,13,100,2024
13,664854,"Helsley, Ryan",8/9/2024,746275,13,100,2024
13,664747,"Díaz, Alexis",6/18/2024,745488,13,100,2024
13,681517,"Leahy, Kyle",5/27/2024,746708,20,65,2024
13,624522,"Thompson, Keegan",4/12/2024,745274,23,56.5,2024
13,623433,"Anderson, Nick",6/15/2024,746135,13,100,2024
13,689690,"Jacob, Alek",8/2/2024,745387,35,37.1,2024
13,596133,"Weaver, Luke",5/12/2024,745092,26,50,2024
13,641729,"Jiménez, Joe",5/1/2024,745261,13,100,2024
13,455119,"Martin, Chris",5/11/2024,746963,13,100,2024
13,623352,"Hader, Josh",7/1/2024,744914,13,100,2024
13,592094,"Adam, Jason",5/25/2024,745086,13,100,2024
13,594580,"Moll, Sam",5/27/2024,746708,13,100,2024
13,605130,"Barlow, Scott",4/13/2024,746658,13,100,2024
13,547973,"Chapman, Aroldis",6/9/2024,745491,13,100,2024
13,592773,"Stanek, Ryne",9/14/2024,745528,13,100,2024
13,600917,"Leclerc, José",9/14/2024,745209,13,100,2024
13,679885,"Martinez, Justin",9/10/2024,747152,13,100,2024
13,670036,"Festa, Matt",9/10/2024,747152,24,54.2,2024
13,656222,"Beeks, Jalen",9/16/2024,745130,13,100,2024
13,661403,"Clase, Emmanuel",9/18/2024,746582,13,100,2024
13,656464,"Ginkel, Kevin",4/9/2024,746571,13,100,2024
13,663941,"Beck, Tristan",9/17/2024,746987,13,100,2024
13,680767,"Vodnik, Victor",6/30/2024,746779,21,61.9,2024
13,657612,"Hill, Tim",7/13/2024,747013,26,50,2024
13,658648,"Avila, Pedro",7/29/2024,746444,29,44.8,2024
13,628452,"Iglesias, Raisel",4/20/2024,747135,13,100,2024
13,663432,"Rainey, Tanner",4/20/2024,744865,13,100,2024
13,686993,"Sterner, Justin",5/31/2024,747032,28,46.4,2024
13,641703,"Honeywell, Brent",7/28/2024,746364,13,100,2024
13,518585,"Cruz, Fernando",7/2/2024,745730,13,100,2024
13,571946,"Miller, Shelby",7/28/2024,746445,13,100,2024
13,493603,"Ottavino, Adam",5/16/2024,745580,13,100,2024
13,676680,"Cosgrove, Tom",4/1/2024,745437,13,100,2024
13,657649,"Koenig, Jared",8/30/2024,746730,13,100,2024
13,681892,"Funderburk, Kody",4/8/2024,745925,13,100,2024
13,605121,"Anderson, Justin",6/6/2024,746784,26,50,2024
13,656730,"Megill, Trevor",8/21/2024,745138,13,100,2024
13,681799,"Roberts, Ethan",8/18/2024,746838,40,32.5,2024
13,676684,"Vest, Will",6/29/2024,746211,13,100,2024
13,519151,"Pressly, Ryan",7/19/2024,745228,13,100,2024
13,608032,"Estévez, Carlos",6/17/2024,746215,13,100,2024
13,663893,"Little, Brendon",6/14/2024,744924,13,100,2024
13,623451,"Stephens, Jackson",5/14/2024,747124,13,100,2024
13,657097,"Webb, Jacob",4/21/2024,746316,19,68.4,2024
13,673513,"Matsui, Yuki",6/7/2024,745406,13,100,2024
13,666205,"Muller, Kyle",4/1/2024,745675,73,17.8,2024
13,666277,"Soriano, George",9/10/2024,745446,46,28.3,2024
13,621114,"Burr, Ryan",9/27/2024,744879,13,100,2024
13,656412,"Faedo, Alex",7/7/2024,746691,13,100,2024
13,681911,"Vesia, Alex",5/6/2024,746149,13,100,2024
13,671345,"Foley, Jason",6/29/2024,746211,13,100,2024
13,657612,"Hill, Tim",6/11/2024,745244,13,100,2024
13,676083,"Junk, Janson",7/27/2024,745966,13,100,2024
13,655889,"Rodríguez, Manuel",7/26/2024,745068,13,100,2024
13,668941,"Romero, JoJo",8/25/2024,745863,13,100,2024
13,592426,"Jackson, Luke",8/16/2024,746189,13,100,2024
13,670990,"Ramírez, Yohan",6/19/2024,746538,13,100,2024
13,571946,"Miller, Shelby",7/22/2024,746612,13,100,2024
13,621114,"Burr, Ryan",8/4/2024,745718,13,100,2024
13,656629,"Kopech, Michael",6/28/2024,746776,13,100,2024
13,640448,"Finnegan, Kyle",9/28/2024,744799,13,100,2024
13,554340,"García, Yimi",7/20/2024,744910,13,100,2024
13,593334,"Germán, Domingo",8/17/2024,745463,13,100,2024
13,668941,"Romero, JoJo",7/5/2024,744836,13,100,2024
13,458677,"Wilson, Justin",6/7/2024,746704,13,100,2024
13,595881,"Beede, Tyler",4/10/2024,746655,13,100,2024
13,675540,"Curry, Xzavion",7/12/2024,745064,21,61.9,2024
13,678606,"Ferrer, Jose A.",9/4/2024,746019,13,100,2024
13,682254,"Montgomery, Mason",9/5/2024,745042,13,100,2024
13,676254,"Walker, Ryan",4/18/2024,745356,13,100,2024
13,621345,"Minter, A.J.",4/26/2024,747129,13,100,2024
13,592094,"Adam, Jason",8/9/2024,746032,13,100,2024
13,669302,"Gilbert, Logan",6/16/2024,745242,101,12.9,2024
13,670059,"Holderman, Colin",6/17/2024,745490,13,100,2024
13,592155,"Booser, Cam",8/11/2024,746923,24,54.2,2024
13,543351,"Jackson, Jay",3/31/2024,746332,13,100,2024
13,656945,"Scott, Tanner",4/30/2024,746073,13,100,2024
13,593576,"Neris, Héctor",8/31/2024,746348,13,100,2024
13,673513,"Matsui, Yuki",3/31/2024,745438,13,100,2024
13,670167,"Schreiber, John",6/24/2024,746298,13,100,2024
13,702352,"Bivens, Spencer",6/22/2024,745163,13,100,2024
13,641729,"Jiménez, Joe",8/10/2024,746520,13,100,2024
13,643377,"Jax, Griffin",5/27/2024,745904,13,100,2024
13,681517,"Leahy, Kyle",8/4/2024,746844,13,100,2024
13,623211,"Brazobán, Huascar",7/27/2024,745966,13,100,2024
13,668941,"Romero, JoJo",8/17/2024,745140,13,100,2024
13,671345,"Foley, Jason",7/27/2024,746446,13,100,2024
13,573204,"Thielbar, Caleb",9/16/2024,746588,13,100,2024
13,663158,"Suarez, Robert",6/19/2024,745561,13,100,2024
13,552640,"Kittredge, Andrew",4/6/2024,745197,13,100,2024
13,608717,"Stratton, Chris",4/15/2024,746813,13,100,2024
13,606303,"Payamps, Joel",9/3/2024,745944,13,100,2024
13,664854,"Helsley, Ryan",9/27/2024,745280,13,100,2024
13,595881,"Beede, Tyler",4/19/2024,746650,26,50,2024
13,669212,"Morgan, Eli",4/15/2024,746974,13,100,2024
13,656629,"Kopech, Michael",4/21/2024,745588,13,100,2024
13,687014,"Avila, Nick",4/19/2024,745352,13,100,2024
13,624522,"Thompson, Keegan",9/29/2024,746820,13,100,2024
13,605154,"Brebbia, John",8/21/2024,745297,13,100,2024
13,657097,"Webb, Jacob",4/26/2024,747050,13,100,2024
13,685801,"Bigge, Hunter",7/9/2024,747014,13,100,2024
13,664208,"Maton, Phil",7/6/2024,744995,13,100,2024
13,676534,"Faucher, Calvin",6/13/2024,745809,18,72.2,2024
13,661403,"Clase, Emmanuel",5/31/2024,746635,13,100,2024
13,641360,"Bickford, Phil",9/4/2024,744964,13,100,2024
13,502085,"Robertson, David",4/12/2024,746408,13,100,2024
13,622075,"Almonte, Yency",4/23/2024,746888,13,100,2024
13,656945,"Scott, Tanner",5/18/2024,746067,13,100,2024
13,670280,"Bednar, David",5/18/2024,746882,13,100,2024
13,623352,"Hader, Josh",3/28/2024,746418,13,100,2024
13,666619,"Santos, Gregory",7/9/2024,745393,13,100,2024
13,664747,"Díaz, Alexis",8/3/2024,746681,13,100,2024
13,595345,"Okert, Steven",5/1/2024,746800,13,100,2024
13,656641,"Latz, Jacob",4/5/2024,745033,13,100,2024
13,640462,"Puk, A.J.",5/14/2024,746473,13,100,2024
13,669093,"Estrada, Jeremiah",5/13/2024,745420,13,100,2024
13,664854,"Helsley, Ryan",4/2/2024,745439,13,100,2024
13,502085,"Robertson, David",9/24/2024,745605,13,100,2024
13,643511,"Rogers, Tyler",4/17/2024,746076,13,100,2024
13,661403,"Clase, Emmanuel",8/30/2024,746593,13,100,2024
13,669461,"Liberatore, Matthew",4/17/2024,745671,19,68.4,2024
13,543351,"Jackson, Jay",4/12/2024,746491,13,100,2024
13,681676,"Fernandez, Ryan",9/16/2024,745130,13,100,2024
13,688297,"Roycroft, Chris",5/10/2024,745993,32,40.6,2024
13,695243,"Miller, Mason",8/7/2024,745630,13,100,2024
13,642397,"Soto, Gregory",6/22/2024,745564,13,100,2024
13,547973,"Chapman, Aroldis",8/8/2024,745466,13,100,2024
13,675627,"Grove, Michael",3/29/2024,746167,28,46.4,2024
13,628452,"Iglesias, Raisel",4/14/2024,746079,13,100,2024
13,621550,"Wisdom, Patrick",4/27/2024,746971,13,100,2024
13,605154,"Brebbia, John",5/8/2024,745097,18,72.2,2024
13,657044,"Thompson, Ryan",4/28/2024,745265,13,100,2024
13,664849,"Young, Danny",5/2/2024,745830,13,100,2024
13,687424,"Maldonado, Anthony",5/1/2024,746072,13,100,2024
13,643338,"Green, Chad",8/29/2024,746914,13,100,2024
13,606303,"Payamps, Joel",9/17/2024,745935,13,100,2024
13,663704,"McArthur, James",8/2/2024,746443,13,100,2024
13,640451,"Harvey, Hunter",5/25/2024,744851,13,100,2024
13,664849,"Young, Danny",7/10/2024,745796,13,100,2024
13,666974,"Cano, Yennier",5/28/2024,747033,13,100,2024
13,668941,"Romero, JoJo",6/23/2024,745165,13,100,2024
13,681676,"Fernandez, Ryan",6/9/2024,745167,30,43.3,2024
13,655889,"Rodríguez, Manuel",8/27/2024,745213,13,100,2024
13,642048,"Saucedo, Tayler",8/24/2024,745218,13,100,2024
13,527048,"Pérez, Martín",4/9/2024,745517,100,13,2024
13,656924,"Ryan, Ryder",4/8/2024,745520,13,100,2024
13,592767,"Smyly, Drew",7/11/2024,747011,13,100,2024
13,681799,"Roberts, Ethan",9/9/2024,746101,13,100,2024
13,458677,"Wilson, Justin",8/19/2024,744898,13,100,2024
13,669387,"Mlodzinski, Carmen",6/30/2024,747101,13,100,2024
13,665625,"Peguero, Elvis",7/20/2024,745880,13,100,2024
13,623465,"Phillips, Evan",8/23/2024,746111,13,100,2024
13,621345,"Minter, A.J.",5/21/2024,746875,13,100,2024
13,573124,"Rogers, Taylor",4/8/2024,745363,13,100,2024
13,542888,"Armstrong, Shawn",4/3/2024,745114,24,54.2,2024
13,643377,"Jax, Griffin",6/29/2024,745239,13,100,2024
13,676702,"Stratton, Hunter",4/11/2024,745601,13,100,2024
13,643377,"Jax, Griffin",7/13/2024,745311,13,100,2024
13,489446,"Yates, Kirby",7/21/2024,744991,13,100,2024
13,663546,"Hjelle, Sean",7/6/2024,746615,13,100,2024
13,657508,"Baumann, Mike",6/1/2024,745251,13,100,2024
13,666808,"Doval, Camilo",8/5/2024,744821,13,100,2024
13,621383,"Banks, Tanner",5/24/2024,746793,13,100,2024
13,668338,"Miller, Tyson",4/20/2024,746570,13,100,2024
13,660853,"De Los Santos, Enyel",3/30/2024,745436,13,100,2024
13,656849,"Peterson, David",9/15/2024,745530,99,13.1,2024
13,662253,"Muñoz, Andrés",8/23/2024,745217,13,100,2024
13,694361,"Klein, Will",4/28/2024,746483,13,100,2024
13,671922,"Smith, Cade",4/25/2024,746646,13,100,2024
13,643511,"Rogers, Tyler",6/7/2024,745008,13,100,2024
13,502085,"Robertson, David",4/24/2024,745028,23,56.5,2024
13,666974,"Cano, Yennier",5/23/2024,746792,13,100,2024
13,681892,"Funderburk, Kody",5/12/2024,744941,23,56.5,2024
13,670280,"Bednar, David",5/5/2024,745504,13,100,2024
13,666808,"Doval, Camilo",9/7/2024,745372,13,100,2024
13,657508,"Baumann, Mike",6/23/2024,746051,13,100,2024
13,621053,"Ferguson, Tyler",7/25/2024,746199,13,100,2024
13,455119,"Martin, Chris",6/19/2024,744920,13,100,2024
13,621381,"Strahm, Matt",6/18/2024,745563,13,100,2024
13,641771,"Kuhl, Chad",8/27/2024,746755,13,100,2024
13,669724,"Hanifee, Brenan",8/11/2024,745303,21,61.9,2024
13,621237,"Alvarado, José",6/29/2024,745559,13,100,2024
13,472610,"García, Luis",6/15/2024,745329,13,100,2024
13,543243,"Gray, Sonny",6/17/2024,746055,84,15.5,2024
13,663893,"Little, Brendon",7/6/2024,745235,13,100,2024
13,669711,"Weissert, Greg",7/22/2024,746526,13,100,2024
13,668390,"Winn, Cole",6/17/2024,745005,46,28.3,2024
13,445276,"Jansen, Kenley",8/13/2024,746924,13,100,2024
13,643377,"Jax, Griffin",8/5/2024,746847,13,100,2024
13,552640,"Kittredge, Andrew",4/12/2024,747217,13,100,2024
13,669211,"Akin, Keegan",6/6/2024,744923,29,44.8,2024
13,650556,"Abreu, Bryan",9/19/2024,746341,13,100,2024
13,650893,"Cabrera, Génesis",4/14/2024,744952,13,100,2024
13,664854,"Helsley, Ryan",4/24/2024,745188,13,100,2024
13,640451,"Harvey, Hunter",5/30/2024,747114,13,100,2024
13,671922,"Smith, Cade",7/30/2024,746441,13,100,2024
13,665625,"Peguero, Elvis",5/30/2024,745985,13,100,2024
13,669060,"Wilson, Bryse",7/29/2024,745959,13,100,2024
13,663947,"Holton, Tyler",8/14/2024,746436,13,100,2024
13,606149,"Gallegos, Giovanny",7/27/2024,745150,43,30.2,2024
13,668338,"Miller, Tyson",8/6/2024,746840,13,100,2024
13,573009,"Mantiply, Joe",6/19/2024,744842,13,100,2024
13,679885,"Martinez, Justin",8/9/2024,747168,13,100,2024
13,664076,"Cleavinger, Garrett",7/13/2024,745067,13,100,2024
13,455119,"Martin, Chris",9/29/2024,746901,13,100,2024
13,670955,"Uceta, Edwin",5/8/2024,745097,29,44.8,2024
13,622253,"Tate, Dillon",6/25/2024,747022,13,100,2024
13,542881,"Anderson, Tyler",7/6/2024,746856,98,13.3,2024
13,671345,"Foley, Jason",9/16/2024,746260,13,100,2024
13,664208,"Maton, Phil",9/4/2024,745776,13,100,2024
13,543339,"Hudson, Daniel",7/19/2024,746123,13,100,2024
13,572143,"Smith, Burch",5/31/2024,746059,13,100,2024
13,623149,"Sewald, Paul",6/30/2024,747182,13,100,2024
13,605177,"Chafin, Andrew",8/16/2024,744974,13,100,2024
13,571946,"Miller, Shelby",6/4/2024,745010,17,76.5,2024
13,593974,"Peralta, Wandy",4/2/2024,745439,13,100,2024
13,666277,"Soriano, George",9/14/2024,744803,13,100,2024
13,656271,"Burke, Brock",4/1/2024,745109,13,100,2024
13,676879,"Ashby, Aaron",8/25/2024,745618,31,41.9,2024
13,657508,"Baumann, Mike",8/12/2024,746192,13,100,2024
13,672860,"Berroa, Prelander",9/15/2024,746741,14,92.9,2024
13,656464,"Ginkel, Kevin",5/22/2024,746143,13,100,2024
13,660896,"Alcala, Jorge",6/13/2024,745894,13,100,2024
13,683769,"Gaddis, Hunter",6/16/2024,744926,13,100,2024
13,669111,"McMillon, John",9/4/2024,746019,13,100,2024
13,621363,"Poche, Colin",4/23/2024,745102,13,100,2024
13,695243,"Miller, Mason",4/26/2024,747050,13,100,2024
13,669211,"Akin, Keegan",5/20/2024,745181,15,86.7,2024
13,673929,"Leasure, Jordan",5/21/2024,744936,13,100,2024
13,600917,"Leclerc, José",7/14/2024,746370,25,52,2024
13,623352,"Hader, Josh",6/19/2024,746781,13,100,2024
13,605130,"Barlow, Scott",7/8/2024,746455,13,100,2024
13,661403,"Clase, Emmanuel",8/10/2024,745873,13,100,2024
13,657585,"Garrett, Reed",4/20/2024,746156,13,100,2024
13,695243,"Miller, Mason",6/9/2024,745651,13,100,2024
13,656887,"Reid-Foley, Sean",5/1/2024,745829,13,100,2024
13,519043,"Moore, Matt",7/26/2024,746200,13,100,2024
13,605177,"Chafin, Andrew",4/4/2024,745844,13,100,2024
13,666214,"Wentz, Joey",7/26/2024,746448,43,30.2,2024
13,623465,"Phillips, Evan",8/19/2024,746109,13,100,2024
13,688297,"Roycroft, Chris",7/20/2024,747093,13,100,2024
13,677955,"Hill, Jaden",9/17/2024,746503,13,100,2024
13,572955,"Johnson, Pierce",6/7/2024,744845,13,100,2024
13,679885,"Martinez, Justin",8/25/2024,746918,13,100,2024
13,642207,"Williams, Devin",8/7/2024,747085,13,100,2024
13,547973,"Chapman, Aroldis",3/31/2024,746090,13,100,2024
13,666974,"Cano, Yennier",8/4/2024,746606,13,100,2024
13,669711,"Weissert, Greg",9/19/2024,745041,13,100,2024
13,670970,"Morejon, Adrian",9/20/2024,745364,13,100,2024
13,664208,"Maton, Phil",7/3/2024,746283,13,100,2024
13,670955,"Uceta, Edwin",7/21/2024,745722,13,100,2024
13,657024,"Swanson, Erik",8/31/2024,745859,13,100,2024
13,622251,"Staumont, Josh",6/11/2024,745899,13,100,2024
13,455119,"Martin, Chris",8/12/2024,746921,13,100,2024
13,502085,"Robertson, David",8/10/2024,745708,13,100,2024
13,572955,"Johnson, Pierce",8/26/2024,745865,13,100,2024
13,679885,"Martinez, Justin",8/12/2024,747165,13,100,2024
13,661395,"Duran, Jhoan",9/1/2024,745861,13,100,2024
13,661395,"Duran, Jhoan",8/16/2024,744974,13,100,2024
13,666818,"Frías, Luis",4/6/2024,747140,13,100,2024
13,670970,"Morejon, Adrian",8/7/2024,745469,13,100,2024
13,672710,"Contreras, Roansy",6/18/2024,746217,47,27.7,2024
13,641745,"Keller, Brad",6/5/2024,746950,13,100,2024
13,686539,"Cronin, Declan",7/5/2024,746046,13,100,2024
13,676254,"Walker, Ryan",6/27/2024,745324,13,100,2024
13,676664,"Sears, JP",8/18/2024,745621,105,12.4,2024
13,571656,"Farmer, Buck",5/14/2024,747205,13,100,2024
13,593576,"Neris, Héctor",8/3/2024,746846,13,100,2024
13,667297,"Nance, Tommy",9/24/2024,744876,13,100,2024
13,502085,"Robertson, David",6/26/2024,745975,13,100,2024
13,660600,"Paredes, Enoli",6/2/2024,745984,13,100,2024
13,677053,"Nardi, Andrew",8/3/2024,747087,13,100,2024
13,656546,"Hoffman, Jeff",6/5/2024,745570,13,100,2024
13,675627,"Grove, Michael",8/14/2024,745951,13,100,2024
13,687911,"King, Bryan",8/16/2024,746357,13,100,2024
13,595881,"Beede, Tyler",4/14/2024,746648,13,100,2024
13,661403,"Clase, Emmanuel",5/17/2024,746641,13,100,2024
13,663947,"Holton, Tyler",9/5/2024,745369,13,100,2024
13,682120,"Herrin, Tim",5/17/2024,746641,13,100,2024
13,669093,"Estrada, Jeremiah",7/10/2024,745394,16,81.3,2024
13,519008,"McFarland, T.J.",6/10/2024,745409,13,100,2024
13,593576,"Neris, Héctor",6/9/2024,746705,13,100,2024
13,702352,"Bivens, Spencer",8/15/2024,745298,13,100,2024
13,671345,"Foley, Jason",6/11/2024,746464,13,100,2024
13,622065,"Young, Alex",7/27/2024,745793,13,100,2024
13,669387,"Mlodzinski, Carmen",6/18/2024,745488,13,100,2024
13,621345,"Minter, A.J.",5/10/2024,745827,13,100,2024
13,657044,"Thompson, Ryan",7/20/2024,746852,13,100,2024
13,676395,"Garcia, Robert",8/4/2024,744826,13,100,2024
13,592454,"Kahnle, Tommy",5/30/2024,746225,13,100,2024
13,670174,"Winckowski, Josh",9/20/2024,746905,13,100,2024
13,687330,"Kelly, Kevin",6/1/2024,747029,21,61.9,2024
13,519151,"Pressly, Ryan",5/21/2024,746385,13,100,2024
13,518886,"Kimbrel, Craig",4/15/2024,747053,13,100,2024
13,670059,"Holderman, Colin",7/14/2024,746769,13,100,2024
13,640448,"Finnegan, Kyle",4/15/2024,746158,13,100,2024
13,518489,"Brasier, Ryan",9/3/2024,746185,13,100,2024
13,621053,"Ferguson, Tyler",5/30/2024,745081,13,100,2024
13,552640,"Kittredge, Andrew",9/22/2024,745118,13,100,2024
13,682842,"Uribe, Abner",4/23/2024,745516,13,100,2024
13,669711,"Weissert, Greg",5/1/2024,746966,13,100,2024
13,675540,"Curry, Xzavion",9/5/2024,746021,13,100,2024
13,621345,"Minter, A.J.",4/20/2024,747135,13,100,2024
13,679885,"Martinez, Justin",8/31/2024,747158,13,100,2024
13,671305,"Otañez, Michel",9/1/2024,744970,13,100,2024
13,657514,"Bernardino, Brennan",9/1/2024,746426,13,100,2024
13,643377,"Jax, Griffin",5/8/2024,745906,26,50,2024
13,661403,"Clase, Emmanuel",5/21/2024,746633,13,100,2024
13,643410,"Leiter Jr., Mark",4/20/2024,746893,13,100,2024
13,666818,"Frías, Luis",9/14/2024,744884,13,100,2024
13,519151,"Pressly, Ryan",5/20/2024,746390,13,100,2024
13,552640,"Kittredge, Andrew",9/12/2024,745129,20,65,2024
13,676664,"Sears, JP",8/11/2024,744895,97,13.4,2024
13,593974,"Peralta, Wandy",5/28/2024,745412,13,100,2024
13,657585,"Garrett, Reed",5/28/2024,745818,13,100,2024
13,668674,"Erceg, Lucas",8/29/2024,746352,13,100,2024
13,621381,"Strahm, Matt",9/22/2024,745767,13,100,2024
13,613534,"Adams, Austin",6/11/2024,745404,13,100,2024
13,596133,"Weaver, Luke",4/30/2024,747047,25,52,2024
13,641755,"Kinley, Tyler",7/1/2024,746535,13,100,2024
13,613534,"Adams, Austin",4/15/2024,745677,13,100,2024
13,621363,"Poche, Colin",4/18/2024,745104,13,100,2024
13,640448,"Finnegan, Kyle",5/1/2024,745023,13,100,2024
13,687424,"Maldonado, Anthony",9/25/2024,745854,13,100,2024
13,669459,"Nelson, Kyle",4/18/2024,745356,13,100,2024
13,606160,"Montero, Rafael",7/22/2024,745635,13,100,2024
13,661395,"Duran, Jhoan",5/10/2024,744940,13,100,2024
13,502085,"Robertson, David",8/31/2024,744971,13,100,2024
13,608717,"Stratton, Chris",7/3/2024,746283,13,100,2024
13,683769,"Gaddis, Hunter",7/6/2024,746615,13,100,2024
13,683769,"Gaddis, Hunter",9/11/2024,746745,13,100,2024
13,622065,"Young, Alex",8/9/2024,745220,13,100,2024
13,678394,"Bello, Brayan",8/28/2024,746913,97,13.4,2024
13,621345,"Minter, A.J.",8/4/2024,747088,13,100,2024
13,656550,"Holmes, Grant",8/29/2024,745531,24,54.2,2024
13,592773,"Stanek, Ryne",4/30/2024,745260,13,100,2024
13,672710,"Contreras, Roansy",4/5/2024,745524,13,100,2024
13,661403,"Clase, Emmanuel",4/27/2024,747131,13,100,2024
13,676534,"Faucher, Calvin",9/1/2024,745292,13,100,2024
13,656546,"Hoffman, Jeff",4/30/2024,746239,13,100,2024
13,663531,"Allen, Logan",5/1/2024,747207,13,100,2024
13,641771,"Kuhl, Chad",7/31/2024,746764,13,100,2024
13,656546,"Hoffman, Jeff",8/13/2024,745548,13,100,2024
13,656629,"Kopech, Michael",8/16/2024,745144,13,100,2024
13,458677,"Wilson, Justin",7/11/2024,746688,13,100,2024
13,621199,"Bowman, Matt",9/18/2024,746988,19,68.4,2024
12,489446,"Yates, Kirby",9/7/2024,744963,12,100,2024
12,641771,"Kuhl, Chad",8/9/2024,746760,12,100,2024
12,643493,"Pruitt, Austin",4/13/2024,746405,25,48,2024
12,642239,"Zastryzny, Rob",7/2/2024,746537,12,100,2024
12,702352,"Bivens, Spencer",8/19/2024,745294,12,100,2024
12,667297,"Nance, Tommy",8/10/2024,744897,12,100,2024
12,641835,"Mayza, Tim",4/23/2024,746321,12,100,2024
12,656730,"Megill, Trevor",6/26/2024,745975,12,100,2024
12,687863,"Hodge, Porter",9/28/2024,746819,12,100,2024
12,657044,"Thompson, Ryan",4/30/2024,747210,21,57.1,2024
12,552640,"Kittredge, Andrew",7/8/2024,744833,17,70.6,2024
12,664126,"Fairbanks, Pete",5/25/2024,745086,12,100,2024
12,661403,"Clase, Emmanuel",9/16/2024,746588,12,100,2024
12,683409,"Chivilli, Angel",8/14/2024,747163,12,100,2024
12,608723,"Voth, Austin",6/9/2024,746297,12,100,2024
12,573009,"Mantiply, Joe",4/1/2024,747218,19,63.2,2024
12,664285,"Valdez, Framber",4/2/2024,746411,85,14.1,2024
12,640448,"Finnegan, Kyle",6/12/2024,746462,12,100,2024
12,686580,"Slaten, Justin",5/26/2024,746957,12,100,2024
12,628452,"Iglesias, Raisel",8/18/2024,746186,12,100,2024
12,621199,"Bowman, Matt",8/25/2024,746994,12,100,2024
12,663158,"Suarez, Robert",9/17/2024,745366,12,100,2024
12,670970,"Morejon, Adrian",8/21/2024,745375,12,100,2024
12,489446,"Yates, Kirby",4/9/2024,745030,12,100,2024
12,606303,"Payamps, Joel",8/24/2024,745617,12,100,2024
12,700187,"Taylor, Troy",8/27/2024,745213,12,100,2024
12,642397,"Soto, Gregory",7/24/2024,745877,12,100,2024
12,664208,"Maton, Phil",9/2/2024,745779,12,100,2024
12,621242,"Díaz, Edwin",4/7/2024,746734,12,100,2024
12,664776,"Cousins, Jake",7/19/2024,745721,12,100,2024
12,668941,"Romero, JoJo",7/13/2024,745175,12,100,2024
12,656848,"Petersen, Michael",6/18/2024,746542,30,40,2024
12,647315,"Pop, Zach",6/19/2024,744920,12,100,2024
12,679885,"Martinez, Justin",7/14/2024,747176,12,100,2024
12,663432,"Rainey, Tanner",6/18/2024,744843,12,100,2024
12,670950,"Richards, Trevor",8/18/2024,744975,13,92.3,2024
12,650671,"Quijada, José",8/31/2024,746182,12,100,2024
12,672335,"Pérez, Cionel",8/21/2024,745781,12,100,2024
12,663568,"Kolek, Stephen",5/11/2024,745422,12,100,2024
12,690544,"Horn, Bailey",7/27/2024,746931,12,100,2024
12,672335,"Pérez, Cionel",7/25/2024,746037,12,100,2024
12,621237,"Alvarado, José",5/3/2024,745589,12,100,2024
12,671345,"Foley, Jason",9/26/2024,746415,12,100,2024
12,571946,"Miller, Shelby",8/24/2024,746756,12,100,2024
12,621383,"Banks, Tanner",8/23/2024,746268,12,100,2024
12,592767,"Smyly, Drew",9/29/2024,746820,12,100,2024
12,664208,"Maton, Phil",9/30/2024,747139,12,100,2024
12,641835,"Mayza, Tim",8/20/2024,745707,12,100,2024
12,678606,"Ferrer, Jose A.",8/20/2024,744814,15,80,2024
12,519043,"Moore, Matt",4/10/2024,746247,20,60,2024
12,608371,"Sims, Lucas",3/31/2024,746739,12,100,2024
12,641329,"Baker, Bryan",7/23/2024,746036,12,100,2024
12,681867,"Criswell, Cooper",8/3/2024,744987,28,42.9,2024
12,621242,"Díaz, Edwin",9/19/2024,745769,12,100,2024
12,605280,"Holmes, Clay",6/2/2024,745330,12,100,2024
12,642701,"Santana, Dennis",4/15/2024,744951,12,100,2024
12,669093,"Estrada, Jeremiah",6/30/2024,746938,12,100,2024
12,669276,"Lee, Dylan",6/1/2024,747111,12,100,2024
12,650556,"Abreu, Bryan",8/26/2024,745538,12,100,2024
12,661395,"Duran, Jhoan",9/5/2024,745042,12,100,2024
12,663158,"Suarez, Robert",4/30/2024,745426,12,100,2024
12,660825,"Bazardo, Eduard",9/1/2024,746183,12,100,2024
12,670950,"Richards, Trevor",5/23/2024,746474,12,100,2024
12,669713,"Wesneski, Hayden",5/28/2024,745987,12,100,2024
12,667463,"King, John",5/17/2024,745178,12,100,2024
12,667463,"King, John",7/12/2024,745153,12,100,2024
12,641729,"Jiménez, Joe",9/18/2024,746662,12,100,2024
12,552640,"Kittredge, Andrew",3/30/2024,746168,12,100,2024
12,571670,"Floro, Dylan",4/8/2024,745363,12,100,2024
12,656420,"Feyereisen, J.P.",5/1/2024,747207,28,42.9,2024
12,613534,"Adams, Austin",3/29/2024,745682,12,100,2024
12,608718,"Suter, Brent",6/29/2024,745159,12,100,2024
12,666808,"Doval, Camilo",7/2/2024,747102,12,100,2024
12,608032,"Estévez, Carlos",5/28/2024,746229,12,100,2024
12,458677,"Wilson, Justin",6/3/2024,746548,12,100,2024
12,643377,"Jax, Griffin",4/20/2024,745921,12,100,2024
12,656271,"Burke, Brock",6/22/2024,744997,12,100,2024
12,621383,"Banks, Tanner",8/5/2024,746116,18,66.7,2024
12,595345,"Okert, Steven",6/5/2024,745740,12,100,2024
12,689147,"Kerkering, Orion",7/26/2024,745554,12,100,2024
12,656730,"Megill, Trevor",8/23/2024,745625,12,100,2024
12,666808,"Doval, Camilo",8/24/2024,745218,19,63.2,2024
12,640462,"Puk, A.J.",8/24/2024,746917,12,100,2024
12,643377,"Jax, Griffin",9/11/2024,745857,20,60,2024
12,605280,"Holmes, Clay",9/22/2024,745608,12,100,2024
12,666808,"Doval, Camilo",6/28/2024,745319,12,100,2024
12,657097,"Webb, Jacob",6/14/2024,747025,12,100,2024
12,664126,"Fairbanks, Pete",6/2/2024,747030,12,100,2024
12,683004,"Leiter, Jack",9/26/2024,745609,48,25,2024
12,662253,"Muñoz, Andrés",7/21/2024,745230,12,100,2024
12,519151,"Pressly, Ryan",9/4/2024,746666,12,100,2024
12,672335,"Pérez, Cionel",7/3/2024,745234,12,100,2024
12,677161,"Kelly, Zack",6/5/2024,746950,12,100,2024
12,656730,"Megill, Trevor",9/13/2024,747153,12,100,2024
12,657612,"Hill, Tim",9/14/2024,745689,12,100,2024
12,623211,"Brazobán, Huascar",6/19/2024,746050,24,50,2024
12,643338,"Green, Chad",6/18/2024,744917,12,100,2024
12,608032,"Estévez, Carlos",4/1/2024,746085,12,100,2024
12,554430,"Wheeler, Zack",8/4/2024,745222,96,12.5,2024
12,666204,"Jiménez, Dany",6/1/2024,747111,12,100,2024
12,656945,"Scott, Tanner",8/3/2024,745388,12,100,2024
12,663765,"Woodford, Jake",8/4/2024,745468,12,100,2024
12,663460,"Bubic, Kris",9/10/2024,745694,12,100,2024
12,668674,"Erceg, Lucas",8/7/2024,746272,22,54.5,2024
12,573204,"Thielbar, Caleb",9/19/2024,746579,12,100,2024
12,680880,"Holman, Grant",9/20/2024,745606,12,100,2024
12,668390,"Winn, Cole",4/25/2024,745027,22,54.5,2024
12,676092,"Snider, Collin",9/6/2024,745131,12,100,2024
12,605280,"Holmes, Clay",9/8/2024,746827,12,100,2024
12,664208,"Maton, Phil",9/13/2024,745529,12,100,2024
12,622075,"Almonte, Yency",5/2/2024,745830,12,100,2024
12,656730,"Megill, Trevor",4/29/2024,745999,12,100,2024
12,663893,"Little, Brendon",8/28/2024,746913,14,85.7,2024
12,663878,"Pearson, Nate",8/30/2024,744810,17,70.6,2024
12,669276,"Lee, Dylan",8/30/2024,745533,12,100,2024
12,661403,"Clase, Emmanuel",7/30/2024,746441,12,100,2024
12,663542,"Hudson, Bryan",3/31/2024,745845,37,32.4,2024
12,670950,"Richards, Trevor",5/19/2024,744937,12,100,2024
12,668390,"Winn, Cole",4/30/2024,745018,12,100,2024
12,640462,"Puk, A.J.",7/14/2024,746686,17,70.6,2024
12,640470,"Alzolay, Adbert",4/9/2024,745433,12,100,2024
12,598264,"Barnes, Matt",4/8/2024,745363,12,100,2024
12,688297,"Roycroft, Chris",7/14/2024,745151,12,100,2024
12,683769,"Gaddis, Hunter",7/9/2024,746451,12,100,2024
12,669093,"Estrada, Jeremiah",5/28/2024,745412,12,100,2024
12,656464,"Ginkel, Kevin",4/3/2024,747219,12,100,2024
12,445276,"Jansen, Kenley",6/23/2024,746699,12,100,2024
12,663485,"Sands, Cole",5/3/2024,745914,12,100,2024
12,676254,"Walker, Ryan",5/5/2024,745587,12,100,2024
12,657024,"Swanson, Erik",9/13/2024,744882,12,100,2024
12,621383,"Banks, Tanner",6/25/2024,746775,23,52.2,2024
12,608032,"Estévez, Carlos",6/15/2024,745329,12,100,2024
12,657044,"Thompson, Ryan",8/19/2024,746027,12,100,2024
12,650556,"Abreu, Bryan",6/14/2024,746378,12,100,2024
12,663704,"McArthur, James",6/13/2024,746299,12,100,2024
12,673380,"Núñez, Dedniel",6/15/2024,745805,27,44.4,2024
12,640448,"Finnegan, Kyle",7/26/2024,745146,12,100,2024
12,656546,"Hoffman, Jeff",5/24/2024,746558,12,100,2024
12,641755,"Kinley, Tyler",5/24/2024,746558,12,100,2024
12,643410,"Leiter Jr., Mark",7/12/2024,745153,12,100,2024
12,607179,"Weems, Jordan",5/17/2024,745579,12,100,2024
12,664126,"Fairbanks, Pete",7/9/2024,745074,12,100,2024
12,671345,"Foley, Jason",7/10/2024,746453,12,100,2024
12,681892,"Funderburk, Kody",7/8/2024,746771,12,100,2024
12,687863,"Hodge, Porter",7/10/2024,747015,19,63.2,2024
12,592426,"Jackson, Luke",7/9/2024,745316,12,100,2024
12,519043,"Moore, Matt",4/2/2024,746086,12,100,2024
12,605177,"Chafin, Andrew",6/8/2024,746461,12,100,2024
12,670102,"Francis, Bowden",6/19/2024,744920,12,100,2024
12,656222,"Beeks, Jalen",6/19/2024,746538,12,100,2024
12,663423,"Thornton, Trent",6/18/2024,746627,12,100,2024
12,694037,"Palencia, Daniel",5/5/2024,746883,12,100,2024
12,573009,"Mantiply, Joe",8/21/2024,746028,12,100,2024
12,670167,"Schreiber, John",9/29/2024,747061,12,100,2024
12,628452,"Iglesias, Raisel",9/30/2024,747139,12,100,2024
12,547973,"Chapman, Aroldis",7/20/2024,745478,12,100,2024
12,571946,"Miller, Shelby",7/23/2024,746614,12,100,2024
12,687798,"Robertson, Nick",5/13/2024,746233,12,100,2024
12,687863,"Hodge, Porter",8/7/2024,746842,12,100,2024
12,670280,"Bednar, David",3/31/2024,746090,12,100,2024
12,670046,"Rosenberg, Kenny",9/26/2024,746738,48,25,2024
12,668941,"Romero, JoJo",4/16/2024,745674,12,100,2024
12,663947,"Holton, Tyler",6/4/2024,745010,12,100,2024
12,663989,"Vespi, Nick",6/4/2024,744931,12,100,2024
12,593576,"Neris, Héctor",7/21/2024,746853,12,100,2024
12,593576,"Neris, Héctor",7/22/2024,746850,12,100,2024
12,621053,"Ferguson, Tyler",9/2/2024,745619,12,100,2024
12,668674,"Erceg, Lucas",4/28/2024,747045,12,100,2024
12,606303,"Payamps, Joel",7/20/2024,745880,12,100,2024
12,650893,"Cabrera, Génesis",8/29/2024,746914,12,100,2024
12,672335,"Pérez, Cionel",6/26/2024,747019,12,100,2024
12,623465,"Phillips, Evan",6/24/2024,746780,12,100,2024
12,656529,"Hentges, Sam",5/22/2024,746634,12,100,2024
12,640451,"Harvey, Hunter",5/27/2024,747118,12,100,2024
12,650893,"Cabrera, Génesis",5/27/2024,746788,12,100,2024
12,621051,"Wilson, Steven",4/27/2024,746803,12,100,2024
12,679885,"Martinez, Justin",7/30/2024,747167,12,100,2024
12,641729,"Jiménez, Joe",9/15/2024,747071,13,92.3,2024
12,493603,"Ottavino, Adam",4/7/2024,746734,12,100,2024
12,621237,"Alvarado, José",7/26/2024,745554,12,100,2024
12,643377,"Jax, Griffin",6/16/2024,745891,12,100,2024
12,489446,"Yates, Kirby",7/14/2024,746370,12,100,2024
12,502085,"Robertson, David",8/7/2024,744981,12,100,2024
12,596133,"Weaver, Luke",4/20/2024,745760,12,100,2024
12,682052,"Lopez, Jacob",4/19/2024,745758,12,100,2024
12,687014,"Avila, Nick",4/1/2024,746170,38,31.6,2024
12,622554,"Domínguez, Seranthony",8/21/2024,745781,12,100,2024
12,655889,"Rodríguez, Manuel",8/23/2024,746111,12,100,2024
12,657697,"Nittoli, Vinny",6/5/2024,745654,12,100,2024
12,687798,"Robertson, Nick",9/28/2024,744878,12,100,2024
12,663423,"Thornton, Trent",3/30/2024,745278,12,100,2024
12,669467,"Pallante, Andre",3/31/2024,746166,24,50,2024
12,445926,"Chavez, Jesse",6/28/2024,747105,23,52.2,2024
12,642701,"Santana, Dennis",6/7/2024,745737,12,100,2024
12,641729,"Jiménez, Joe",6/13/2024,747026,12,100,2024
12,657571,"Ferguson, Caleb",8/5/2024,744982,12,100,2024
12,656629,"Kopech, Michael",9/3/2024,746185,12,100,2024
12,518585,"Cruz, Fernando",8/9/2024,745957,12,100,2024
12,518886,"Kimbrel, Craig",7/7/2024,745637,12,100,2024
12,663704,"McArthur, James",8/9/2024,746275,12,100,2024
12,518886,"Kimbrel, Craig",6/12/2024,747028,12,100,2024
12,643377,"Jax, Griffin",3/30/2024,746333,12,100,2024
12,663947,"Holton, Tyler",6/11/2024,746464,29,41.4,2024
12,608723,"Voth, Austin",6/12/2024,745246,12,100,2024
12,680744,"Madden, Ty",9/2/2024,745373,56,21.4,2024
12,607455,"Banda, Anthony",8/4/2024,745627,12,100,2024
12,665896,"Marte, José",6/19/2024,746219,12,100,2024
12,677020,"Walker, Josh",4/22/2024,745351,12,100,2024
12,571656,"Farmer, Buck",5/7/2024,746718,22,54.5,2024
12,666619,"Santos, Gregory",7/21/2024,745230,13,92.3,2024
12,686826,"Jarvis, Bryce",4/10/2024,746573,44,27.3,2024
12,657265,"Strzelecki, Peter",4/13/2024,746656,12,100,2024
12,657024,"Swanson, Erik",8/9/2024,744900,12,100,2024
12,665620,"García, Deivi",3/30/2024,746818,12,100,2024
12,702352,"Bivens, Spencer",8/4/2024,746680,12,100,2024
12,663574,"Santillan, Tony",9/6/2024,745777,12,100,2024
12,668674,"Erceg, Lucas",4/17/2024,745671,12,100,2024
12,669713,"Wesneski, Hayden",4/17/2024,747212,43,27.9,2024
12,673513,"Matsui, Yuki",5/7/2024,746885,12,100,2024
12,623465,"Phillips, Evan",4/29/2024,747211,12,100,2024
12,676254,"Walker, Ryan",9/18/2024,746988,12,100,2024
12,594580,"Moll, Sam",8/2/2024,746679,12,100,2024
12,641302,"Alexander, Tyler",8/28/2024,745211,76,15.8,2024
12,686730,"Spiers, Carson",5/22/2024,746712,28,42.9,2024
12,674944,"Guenther, Sean",8/29/2024,746432,12,100,2024
12,592454,"Kahnle, Tommy",8/16/2024,746438,12,100,2024
12,622554,"Domínguez, Seranthony",5/29/2024,745333,12,100,2024
12,677161,"Kelly, Zack",5/25/2024,746958,42,28.6,2024
12,641302,"Alexander, Tyler",5/17/2024,744934,105,11.4,2024
12,657024,"Swanson, Erik",8/16/2024,746843,12,100,2024
12,643511,"Rogers, Tyler",5/18/2024,745339,12,100,2024
12,689147,"Kerkering, Orion",7/30/2024,745546,12,100,2024
12,678606,"Ferrer, Jose A.",9/13/2024,744800,28,42.9,2024
12,683769,"Gaddis, Hunter",9/14/2024,746584,12,100,2024
12,592767,"Smyly, Drew",6/24/2024,745323,12,100,2024
12,661403,"Clase, Emmanuel",9/15/2024,746585,12,100,2024
12,519293,"Smith, Will",4/7/2024,746330,12,100,2024
12,606303,"Payamps, Joel",8/10/2024,745955,12,100,2024
12,642520,"Garabito, Gerson",8/12/2024,746921,12,100,2024
12,700187,"Taylor, Troy",8/17/2024,745463,12,100,2024
12,445276,"Jansen, Kenley",5/14/2024,746962,12,100,2024
12,662253,"Muñoz, Andrés",5/29/2024,745250,12,100,2024
12,621242,"Díaz, Edwin",9/9/2024,744888,12,100,2024
12,680767,"Vodnik, Victor",5/31/2024,746140,12,100,2024
12,596133,"Weaver, Luke",5/10/2024,745094,12,100,2024
12,642232,"Yarbrough, Ryan",5/25/2024,746710,30,40,2024
12,657508,"Baumann, Mike",6/6/2024,745657,12,100,2024
12,676702,"Stratton, Hunter",8/6/2024,745467,12,100,2024
12,683769,"Gaddis, Hunter",7/24/2024,746611,12,100,2024
12,656730,"Megill, Trevor",6/8/2024,746461,12,100,2024
12,671305,"Otañez, Michel",9/17/2024,746830,12,100,2024
12,681911,"Vesia, Alex",5/19/2024,746144,27,44.4,2024
12,663947,"Holton, Tyler",6/13/2024,746465,12,100,2024
12,621097,"Waguespack, Jacob",4/8/2024,746252,68,17.6,2024
12,669060,"Wilson, Bryse",4/8/2024,746735,12,100,2024
12,656550,"Holmes, Grant",6/30/2024,747101,33,36.4,2024
12,683769,"Gaddis, Hunter",8/26/2024,746628,12,100,2024
12,571656,"Farmer, Buck",8/8/2024,746030,12,100,2024
12,669674,"Long, Sam",9/6/2024,746257,12,100,2024
12,657024,"Swanson, Erik",8/19/2024,744898,12,100,2024
12,641149,"Parsons, Wes",4/17/2024,746973,25,48,2024
12,519326,"Strickland, Hunter",4/22/2024,746242,12,100,2024
12,445276,"Jansen, Kenley",6/15/2024,746946,12,100,2024
12,680767,"Vodnik, Victor",7/1/2024,746535,12,100,2024
12,608032,"Estévez, Carlos",8/25/2024,746263,12,100,2024
12,664776,"Cousins, Jake",8/23/2024,745702,12,100,2024
12,621053,"Ferguson, Tyler",7/14/2024,745551,12,100,2024
12,668674,"Erceg, Lucas",9/24/2024,744802,12,100,2024
12,641703,"Honeywell, Brent",7/25/2024,746117,12,100,2024
12,670167,"Schreiber, John",5/14/2024,745257,29,41.4,2024
12,686730,"Spiers, Carson",5/18/2024,746142,34,35.3,2024
12,670174,"Winckowski, Josh",5/5/2024,745913,12,100,2024
12,656412,"Faedo, Alex",7/14/2024,746449,12,100,2024
12,664208,"Maton, Phil",7/12/2024,745800,12,100,2024
12,679156,"Pennington, Walter",9/3/2024,744968,12,100,2024
12,666205,"Muller, Kyle",7/14/2024,745551,12,100,2024
12,571882,"Law, Derek",8/16/2024,745542,12,100,2024
12,608718,"Suter, Brent",4/7/2024,746734,36,33.3,2024
12,605177,"Chafin, Andrew",8/18/2024,744975,12,100,2024
12,661403,"Clase, Emmanuel",8/25/2024,746595,12,100,2024
12,623352,"Hader, Josh",9/17/2024,745366,12,100,2024
12,643338,"Green, Chad",4/5/2024,745764,12,100,2024
12,676534,"Faucher, Calvin",8/31/2024,745296,12,100,2024
12,608371,"Sims, Lucas",7/11/2024,746688,12,100,2024
12,623433,"Anderson, Nick",6/7/2024,746302,12,100,2024
12,666974,"Cano, Yennier",6/5/2024,744927,12,100,2024
12,640462,"Puk, A.J.",9/4/2024,745290,12,100,2024
12,608032,"Estévez, Carlos",8/31/2024,745532,12,100,2024
12,628452,"Iglesias, Raisel",5/23/2024,746874,12,100,2024
12,571882,"Law, Derek",7/19/2024,744829,12,100,2024
12,641703,"Honeywell, Brent",7/8/2024,745480,12,100,2024
12,623433,"Anderson, Nick",5/15/2024,745259,12,100,2024
12,621053,"Ferguson, Tyler",8/22/2024,745623,12,100,2024
12,670950,"Richards, Trevor",5/4/2024,744862,12,100,2024
12,502085,"Robertson, David",7/22/2024,744988,12,100,2024
12,680704,"Sandlin, Nick",8/11/2024,745872,12,100,2024
12,642048,"Saucedo, Tayler",9/27/2024,745202,12,100,2024
12,657612,"Hill, Tim",9/28/2024,745685,12,100,2024
12,623465,"Phillips, Evan",7/20/2024,746121,12,100,2024
12,621242,"Díaz, Edwin",7/20/2024,746041,12,100,2024
12,623465,"Phillips, Evan",7/5/2024,746127,12,100,2024
12,613534,"Adams, Austin",7/5/2024,745639,12,100,2024
12,695243,"Miller, Mason",6/28/2024,747183,12,100,2024
12,668674,"Erceg, Lucas",4/12/2024,745679,12,100,2024
12,621237,"Alvarado, José",6/17/2024,745567,12,100,2024
12,643377,"Jax, Griffin",8/9/2024,745927,12,100,2024
12,662253,"Muñoz, Andrés",8/31/2024,746182,12,100,2024
12,643511,"Rogers, Tyler",8/7/2024,744822,12,100,2024
12,673513,"Matsui, Yuki",5/25/2024,745411,18,66.7,2024
12,445276,"Jansen, Kenley",8/20/2024,746349,12,100,2024
12,669302,"Gilbert, Logan",4/10/2024,744950,89,13.5,2024
12,643511,"Rogers, Tyler",6/8/2024,745001,12,100,2024
12,643338,"Green, Chad",8/21/2024,744893,12,100,2024
12,592094,"Adam, Jason",7/26/2024,745068,12,100,2024
12,573009,"Mantiply, Joe",9/18/2024,746500,12,100,2024
12,613534,"Adams, Austin",3/31/2024,745683,12,100,2024
12,686539,"Cronin, Declan",7/25/2024,746037,31,38.7,2024
12,656288,"Canning, Griffin",8/22/2024,744894,74,16.2,2024
12,656222,"Beeks, Jalen",4/6/2024,746575,12,100,2024
12,657612,"Hill, Tim",4/20/2024,745590,12,100,2024
12,623433,"Anderson, Nick",6/29/2024,746289,12,100,2024
12,605452,"Ross, Joe",8/23/2024,745625,12,100,2024
12,608723,"Voth, Austin",8/20/2024,746107,12,100,2024
12,656629,"Kopech, Michael",8/18/2024,745139,12,100,2024
12,608032,"Estévez, Carlos",3/31/2024,747062,12,100,2024
12,656550,"Holmes, Grant",6/16/2024,747109,34,35.3,2024
12,657649,"Koenig, Jared",8/18/2024,745948,12,100,2024
12,656546,"Hoffman, Jeff",8/26/2024,745538,12,100,2024
12,668338,"Miller, Tyson",6/18/2024,746867,15,80,2024
12,686993,"Sterner, Justin",6/4/2024,746060,36,33.3,2024
12,656629,"Kopech, Michael",4/13/2024,746811,12,100,2024
12,669461,"Liberatore, Matthew",4/21/2024,745192,12,100,2024
12,655889,"Rodríguez, Manuel",9/2/2024,745046,12,100,2024
12,571656,"Farmer, Buck",4/2/2024,745598,28,42.9,2024
12,656945,"Scott, Tanner",6/29/2024,745559,12,100,2024
12,672335,"Pérez, Cionel",8/6/2024,744901,12,100,2024
12,700187,"Taylor, Troy",9/3/2024,745615,12,100,2024
12,641656,"Hamilton, Ian",4/3/2024,747219,27,44.4,2024
12,669674,"Long, Sam",8/27/2024,746594,12,100,2024
12,661403,"Clase, Emmanuel",4/25/2024,746646,12,100,2024
12,681432,"Little, Luke",4/2/2024,746898,12,100,2024
12,643511,"Rogers, Tyler",5/23/2024,745500,12,100,2024
12,663423,"Thornton, Trent",5/6/2024,745912,20,60,2024
12,623352,"Hader, Josh",5/17/2024,746388,12,100,2024
12,676702,"Stratton, Hunter",6/5/2024,745494,12,100,2024
12,518886,"Kimbrel, Craig",4/17/2024,747049,12,100,2024
12,571670,"Floro, Dylan",8/18/2024,745051,21,57.1,2024
12,621363,"Poche, Colin",6/12/2024,745079,12,100,2024
12,593576,"Neris, Héctor",8/18/2024,746838,12,100,2024
12,640462,"Puk, A.J.",8/18/2024,745051,12,100,2024
12,658648,"Avila, Pedro",8/23/2024,746597,12,100,2024
12,621016,"Cuas, Jose",5/11/2024,745505,33,36.4,2024
12,668674,"Erceg, Lucas",5/11/2024,745262,12,100,2024
12,641729,"Jiménez, Joe",6/26/2024,745157,12,100,2024
12,656945,"Scott, Tanner",4/13/2024,746082,12,100,2024
12,693312,"Nicolas, Kyle",5/31/2024,744928,12,100,2024
12,663423,"Thornton, Trent",6/26/2024,745073,12,100,2024
12,668941,"Romero, JoJo",6/17/2024,746055,12,100,2024
12,594580,"Moll, Sam",8/8/2024,746030,12,100,2024
12,608717,"Stratton, Chris",8/9/2024,746275,12,100,2024
12,688297,"Roycroft, Chris",6/4/2024,746380,12,100,2024
12,605177,"Chafin, Andrew",3/28/2024,746821,12,100,2024
12,668941,"Romero, JoJo",3/29/2024,746167,12,100,2024
12,623433,"Anderson, Nick",7/2/2024,746282,12,100,2024
12,668338,"Miller, Tyson",8/4/2024,746844,12,100,2024
12,642232,"Yarbrough, Ryan",6/15/2024,746135,12,100,2024
12,685801,"Bigge, Hunter",9/4/2024,745045,19,63.2,2024
12,518617,"Diekman, Jake",4/23/2024,745348,12,100,2024
12,664126,"Fairbanks, Pete",6/13/2024,745075,12,100,2024
12,666974,"Cano, Yennier",4/15/2024,747053,20,60,2024
12,608718,"Suter, Brent",4/24/2024,746725,12,100,2024
12,571656,"Farmer, Buck",5/9/2024,746715,12,100,2024
12,641729,"Jiménez, Joe",5/7/2024,747126,12,100,2024
12,672860,"Berroa, Prelander",9/6/2024,746912,12,100,2024
12,642701,"Santana, Dennis",8/31/2024,746590,14,85.7,2024
12,664747,"Díaz, Alexis",8/30/2024,746730,12,100,2024
12,519151,"Pressly, Ryan",7/7/2024,745883,12,100,2024
12,676684,"Vest, Will",7/7/2024,746691,12,100,2024
12,668674,"Erceg, Lucas",7/31/2024,746764,12,100,2024
12,502624,"Anderson, Chase",6/24/2024,746941,12,100,2024
12,681432,"Little, Luke",7/3/2024,746858,12,100,2024
12,593576,"Neris, Héctor",4/15/2024,747213,12,100,2024
12,573124,"Rogers, Taylor",6/23/2024,745165,12,100,2024
12,672582,"Zerpa, Angel",7/7/2024,746530,12,100,2024
12,681517,"Leahy, Kyle",6/22/2024,745163,12,100,2024
12,663893,"Little, Brendon",6/10/2024,745982,26,46.2,2024
12,686826,"Jarvis, Bryce",4/18/2024,745356,18,66.7,2024
12,672552,"O'Loughlin, Jack",6/8/2024,745652,52,23.1,2024
12,678606,"Ferrer, Jose A.",8/5/2024,744821,12,100,2024
12,621381,"Strahm, Matt",6/11/2024,746951,12,100,2024
12,445276,"Jansen, Kenley",8/16/2024,747001,12,100,2024
12,622554,"Domínguez, Seranthony",8/9/2024,745062,12,100,2024
12,656945,"Scott, Tanner",8/17/2024,746515,12,100,2024
12,455119,"Martin, Chris",9/12/2024,745695,12,100,2024
12,596133,"Weaver, Luke",7/26/2024,746933,32,37.5,2024
12,455119,"Martin, Chris",4/18/2024,746970,12,100,2024
12,660896,"Alcala, Jorge",4/9/2024,745924,12,100,2024
12,641941,"Pagán, Emilio",5/12/2024,745345,12,100,2024
12,664747,"Díaz, Alexis",6/30/2024,745154,12,100,2024
12,622554,"Domínguez, Seranthony",4/15/2024,745597,12,100,2024
12,571670,"Floro, Dylan",5/24/2024,744853,12,100,2024
12,592094,"Adam, Jason",9/8/2024,745368,12,100,2024
12,692285,"Guerrero, Luis",9/24/2024,744876,12,100,2024
12,669461,"Liberatore, Matthew",9/24/2024,746504,12,100,2024
12,656546,"Hoffman, Jeff",4/22/2024,746723,12,100,2024
12,700241,"McGreevy, Michael",9/29/2024,745282,91,13.2,2024
12,663992,"Lovelady, Richard",5/20/2024,745093,12,100,2024
12,519293,"Smith, Will",4/5/2024,746328,12,100,2024
12,675627,"Grove, Michael",4/5/2024,746897,50,24,2024
12,624647,"González, Victor",5/3/2024,745756,21,57.1,2024
12,677053,"Nardi, Andrew",4/14/2024,746079,12,100,2024
12,543056,"Coulombe, Danny",4/29/2024,747046,12,100,2024
12,547184,"Kelly, Michael",5/10/2024,745264,20,60,2024
12,663460,"Bubic, Kris",8/19/2024,746270,12,100,2024
12,664776,"Cousins, Jake",7/22/2024,745717,12,100,2024
12,594580,"Moll, Sam",6/27/2024,745162,12,100,2024
12,663158,"Suarez, Robert",4/14/2024,746164,12,100,2024
12,605135,"Bassitt, Chris",6/7/2024,745655,102,11.8,2024
12,660853,"De Los Santos, Enyel",6/2/2024,746301,12,100,2024
12,663432,"Rainey, Tanner",4/10/2024,745355,12,100,2024
12,593576,"Neris, Héctor",5/18/2024,746882,12,100,2024
12,668674,"Erceg, Lucas",3/31/2024,745683,12,100,2024
12,605347,"López, Jorge",5/20/2024,746637,12,100,2024
12,656546,"Hoffman, Jeff",7/10/2024,745556,12,100,2024
12,640462,"Puk, A.J.",8/4/2024,745468,12,100,2024
12,655889,"Rodríguez, Manuel",8/4/2024,746356,12,100,2024
12,666277,"Soriano, George",8/30/2024,745299,12,100,2024
12,656186,"Altavilla, Dan",6/10/2024,746295,12,100,2024
12,672335,"Pérez, Cionel",6/11/2024,747027,12,100,2024
12,661527,"Martinez, Seth",9/23/2024,746334,12,100,2024
12,676508,"Casparius, Ben",9/22/2024,746092,59,20.3,2024
12,608371,"Sims, Lucas",7/29/2024,746684,12,100,2024
12,664854,"Helsley, Ryan",5/12/2024,745990,12,100,2024
12,670950,"Richards, Trevor",5/21/2024,744936,12,100,2024
12,687330,"Kelly, Kevin",4/27/2024,746803,24,50,2024
12,571670,"Floro, Dylan",5/3/2024,744868,12,100,2024
12,657571,"Ferguson, Caleb",9/25/2024,746331,12,100,2024
12,622098,"Smith, Drew",4/16/2024,745837,12,100,2024
12,660825,"Bazardo, Eduard",9/28/2024,745203,12,100,2024
12,518617,"Diekman, Jake",5/18/2024,746067,12,100,2024
12,608032,"Estévez, Carlos",6/9/2024,746216,12,100,2024
12,674285,"Salazar, Eduardo",8/2/2024,744825,12,100,2024
12,656924,"Ryan, Ryder",4/14/2024,745595,12,100,2024
12,664126,"Fairbanks, Pete",7/4/2024,746285,12,100,2024
12,641729,"Jiménez, Joe",9/1/2024,745536,12,100,2024
12,519151,"Pressly, Ryan",9/14/2024,746177,12,100,2024
12,643338,"Green, Chad",8/6/2024,744901,12,100,2024
12,664747,"Díaz, Alexis",9/9/2024,747090,12,100,2024
12,657044,"Thompson, Ryan",4/15/2024,747213,12,100,2024
12,686539,"Cronin, Declan",4/28/2024,746077,12,100,2024
12,670167,"Schreiber, John",6/12/2024,746294,12,100,2024
12,547184,"Kelly, Michael",4/27/2024,747052,20,60,2024
12,669461,"Liberatore, Matthew",4/30/2024,746477,12,100,2024
12,621053,"Ferguson, Tyler",8/28/2024,746672,12,100,2024
12,573124,"Rogers, Taylor",8/11/2024,745303,12,100,2024
12,657044,"Thompson, Ryan",8/29/2024,747159,12,100,2024
12,683769,"Gaddis, Hunter",5/6/2024,746639,12,100,2024
12,519151,"Pressly, Ryan",6/22/2024,746376,12,100,2024
12,608718,"Suter, Brent",6/23/2024,746699,39,30.8,2024
12,656629,"Kopech, Michael",6/24/2024,746780,12,100,2024
12,678061,"Kerr, Ray",6/11/2024,747027,12,100,2024
12,683409,"Chivilli, Angel",8/3/2024,745388,12,100,2024
12,656730,"Megill, Trevor",9/12/2024,745288,12,100,2024
12,614179,"Ruiz, José",9/15/2024,745530,12,100,2024
12,670970,"Morejon, Adrian",6/6/2024,745408,12,100,2024
12,543766,"Shaw, Bryan",4/6/2024,746329,12,100,2024
12,665625,"Peguero, Elvis",7/1/2024,746535,12,100,2024
12,664854,"Helsley, Ryan",9/21/2024,745124,12,100,2024
12,681857,"Olson, Reese",5/14/2024,746473,96,12.5,2024
12,670280,"Bednar, David",7/12/2024,746774,12,100,2024
12,683769,"Gaddis, Hunter",9/24/2024,746581,12,100,2024
12,572955,"Johnson, Pierce",4/19/2024,747136,12,100,2024
12,571670,"Floro, Dylan",4/21/2024,744866,12,100,2024
12,641656,"Hamilton, Ian",9/24/2024,745688,12,100,2024
12,657044,"Thompson, Ryan",4/22/2024,745191,12,100,2024
12,543339,"Hudson, Daniel",5/8/2024,746151,12,100,2024
12,695243,"Miller, Mason",6/7/2024,745655,12,100,2024
12,663158,"Suarez, Robert",9/24/2024,746093,12,100,2024
12,592094,"Adam, Jason",5/10/2024,745094,12,100,2024
12,661395,"Duran, Jhoan",5/6/2024,745912,12,100,2024
12,628452,"Iglesias, Raisel",8/22/2024,747082,12,100,2024
12,664854,"Helsley, Ryan",8/22/2024,745137,12,100,2024
12,643377,"Jax, Griffin",9/5/2024,745042,13,92.3,2024
12,687863,"Hodge, Porter",7/22/2024,746850,12,100,2024
12,672578,"Hernández, Carlos",6/28/2024,746292,12,100,2024
12,678020,"Halvorsen, Seth",9/4/2024,747075,16,75,2024
12,650895,"Castillo, Diego",9/3/2024,745047,12,100,2024
12,620982,"Pinto, Ricardo",4/23/2024,746722,12,100,2024
12,655889,"Rodríguez, Manuel",9/6/2024,746993,12,100,2024
12,656730,"Megill, Trevor",4/25/2024,745512,12,100,2024
12,681676,"Fernandez, Ryan",5/22/2024,745173,12,100,2024
12,664747,"Díaz, Alexis",9/6/2024,745777,12,100,2024
12,592094,"Adam, Jason",3/30/2024,745119,12,100,2024
12,686826,"Jarvis, Bryce",3/30/2024,747221,51,23.5,2024
12,669276,"Lee, Dylan",5/19/2024,747120,12,100,2024
12,661403,"Clase, Emmanuel",5/20/2024,746637,12,100,2024
12,665828,"Cabrera, Oswaldo",6/8/2024,745735,12,100,2024
12,605130,"Barlow, Scott",5/1/2024,746399,12,100,2024
12,641771,"Kuhl, Chad",7/28/2024,746770,75,16,2024
12,600917,"Leclerc, José",7/24/2024,744989,12,100,2024
12,628708,"Marte, Yunior",4/28/2024,745428,12,100,2024
12,472610,"García, Luis",5/22/2024,746386,12,100,2024
12,680880,"Holman, Grant",9/12/2024,746337,12,100,2024
12,621345,"Minter, A.J.",5/12/2024,745825,12,100,2024
12,519008,"McFarland, T.J.",4/3/2024,745678,12,100,2024
12,689147,"Kerkering, Orion",5/13/2024,745826,12,100,2024
12,552640,"Kittredge, Andrew",9/25/2024,746501,12,100,2024
12,676092,"Snider, Collin",9/11/2024,745214,12,100,2024
12,663878,"Pearson, Nate",9/29/2024,746820,12,100,2024
12,669211,"Akin, Keegan",7/4/2024,745236,27,44.4,2024
12,669276,"Lee, Dylan",7/5/2024,747097,12,100,2024
12,519293,"Smith, Will",5/29/2024,745900,12,100,2024
12,641656,"Hamilton, Ian",4/13/2024,746656,33,36.4,2024
12,666974,"Cano, Yennier",8/9/2024,745062,12,100,2024
12,657571,"Ferguson, Caleb",4/3/2024,747219,12,100,2024
12,670970,"Morejon, Adrian",8/30/2024,745052,12,100,2024
12,572143,"Smith, Burch",5/17/2024,746065,12,100,2024
12,686580,"Slaten, Justin",9/7/2024,746911,12,100,2024
12,458677,"Wilson, Justin",4/28/2024,745022,12,100,2024
12,683627,"Molina, Anthony",8/28/2024,746512,12,100,2024
12,656222,"Beeks, Jalen",5/2/2024,746070,12,100,2024
12,628452,"Iglesias, Raisel",4/17/2024,746401,12,100,2024
12,622098,"Smith, Drew",6/23/2024,746862,12,100,2024
12,641343,"Bauers, Jake",7/9/2024,745968,12,100,2024
12,607625,"Lugo, Seth",8/1/2024,746442,103,11.7,2024
12,657649,"Koenig, Jared",8/2/2024,744825,12,100,2024
12,541640,"Ramírez, Erasmo",5/5/2024,745103,12,100,2024
12,642701,"Santana, Dennis",8/12/2024,745383,12,100,2024
12,683769,"Gaddis, Hunter",8/10/2024,745873,12,100,2024
12,605154,"Brebbia, John",5/28/2024,746791,12,100,2024
12,518397,"Alexander, Scott",6/11/2024,745404,12,100,2024
12,663893,"Little, Brendon",9/13/2024,744882,12,100,2024
12,669711,"Weissert, Greg",5/25/2024,746958,12,100,2024
12,676684,"Vest, Will",7/13/2024,746447,12,100,2024
12,666205,"Muller, Kyle",5/4/2024,745666,12,100,2024
12,672578,"Hernández, Carlos",9/16/2024,746260,12,100,2024
12,655889,"Rodríguez, Manuel",7/10/2024,745069,12,100,2024
12,643338,"Green, Chad",8/16/2024,746843,12,100,2024
12,623352,"Hader, Josh",8/19/2024,746351,12,100,2024
12,607259,"Martinez, Nick",7/12/2024,746685,34,35.3,2024
12,605121,"Anderson, Justin",7/8/2024,746771,15,80,2024
12,676130,"Buttó, José",7/25/2024,745794,40,30,2024
12,683769,"Gaddis, Hunter",7/19/2024,746618,12,100,2024
12,623465,"Phillips, Evan",3/20/2024,745444,12,100,2024
12,643511,"Rogers, Tyler",4/5/2024,745361,12,100,2024
12,674944,"Guenther, Sean",9/12/2024,746427,20,60,2024
12,656887,"Reid-Foley, Sean",5/5/2024,745103,12,100,2024
12,681882,"Selby, Colin",5/4/2024,746311,40,30,2024
12,678226,"Hernández, Daysbel",6/24/2024,745160,25,48,2024
12,665625,"Peguero, Elvis",6/25/2024,745973,12,100,2024
12,472610,"García, Luis",4/23/2024,746246,27,44.4,2024
12,628452,"Iglesias, Raisel",5/3/2024,746152,12,100,2024
12,666808,"Doval, Camilo",7/27/2024,745307,12,100,2024
12,596001,"Junis, Jakob",7/24/2024,746851,44,27.3,2024
12,623149,"Sewald, Paul",5/21/2024,746145,12,100,2024
12,671345,"Foley, Jason",7/19/2024,744911,12,100,2024
12,687798,"Robertson, Nick",5/5/2024,745185,12,100,2024
12,687911,"King, Bryan",7/24/2024,745634,12,100,2024
12,621242,"Díaz, Edwin",4/4/2024,745844,12,100,2024
12,519043,"Moore, Matt",8/19/2024,746270,12,100,2024
12,650556,"Abreu, Bryan",9/27/2024,746580,12,100,2024
12,656945,"Scott, Tanner",8/10/2024,746026,12,100,2024
12,669211,"Akin, Keegan",4/10/2024,746980,31,38.7,2024
12,623352,"Hader, Josh",8/25/2024,746994,12,100,2024
12,664854,"Helsley, Ryan",8/25/2024,745863,12,100,2024
12,666277,"Soriano, George",8/27/2024,746510,12,100,2024
12,592773,"Stanek, Ryne",8/5/2024,745184,12,100,2024
12,656464,"Ginkel, Kevin",8/5/2024,746600,12,100,2024
12,669062,"Miller, Erik",8/23/2024,745217,12,100,2024
12,656240,"Blewett, Scott",9/20/2024,746905,12,100,2024
12,608717,"Stratton, Chris",4/6/2024,746329,12,100,2024
12,595014,"Treinen, Blake",6/7/2024,745737,12,100,2024
12,657649,"Koenig, Jared",9/7/2024,745942,26,46.2,2024
12,664076,"Cleavinger, Garrett",6/5/2024,746056,12,100,2024
12,661395,"Duran, Jhoan",7/20/2024,745880,12,100,2024
12,673513,"Matsui, Yuki",7/20/2024,746613,12,100,2024
12,628452,"Iglesias, Raisel",9/3/2024,747079,12,100,2024
12,608334,"Fulmer, Carson",7/3/2024,745643,28,42.9,2024
12,518397,"Alexander, Scott",6/23/2024,745648,12,100,2024
12,643377,"Jax, Griffin",8/25/2024,745863,12,100,2024
12,641835,"Mayza, Tim",5/23/2024,746474,12,100,2024
12,543339,"Hudson, Daniel",4/13/2024,746161,12,100,2024
12,678020,"Halvorsen, Seth",9/12/2024,746427,12,100,2024
12,622786,"Tinoco, Jesus",8/25/2024,746023,24,50,2024
12,547973,"Chapman, Aroldis",9/15/2024,745449,12,100,2024
12,642232,"Yarbrough, Ryan",4/12/2024,746162,12,100,2024
12,668674,"Erceg, Lucas",4/7/2024,746493,12,100,2024
12,675627,"Grove, Michael",5/8/2024,746151,12,100,2024
12,545121,"Vargas, Ildemaro",7/24/2024,744824,12,100,2024
12,489446,"Yates, Kirby",8/21/2024,744973,12,100,2024
12,657585,"Garrett, Reed",6/18/2024,745004,12,100,2024
12,680891,"Neely, Jack",8/24/2024,746022,12,100,2024
12,657044,"Thompson, Ryan",8/5/2024,746600,12,100,2024
12,670167,"Schreiber, John",6/27/2024,746288,12,100,2024
12,663546,"Hjelle, Sean",7/20/2024,746527,12,100,2024
12,624647,"González, Victor",5/16/2024,745907,12,100,2024
12,593974,"Peralta, Wandy",4/10/2024,745429,12,100,2024
12,554340,"García, Yimi",4/13/2024,744953,12,100,2024
12,647315,"Pop, Zach",7/11/2024,745313,12,100,2024
12,592094,"Adam, Jason",7/14/2024,745066,12,100,2024
12,680880,"Holman, Grant",9/8/2024,745616,12,100,2024
12,668674,"Erceg, Lucas",9/25/2024,744795,12,100,2024
12,642100,"Speier, Gabe",9/25/2024,746331,12,100,2024
12,650556,"Abreu, Bryan",9/22/2024,746339,19,63.2,2024
12,670174,"Winckowski, Josh",4/13/2024,746979,28,42.9,2024
12,676130,"Buttó, José",8/7/2024,746521,29,41.4,2024
12,593974,"Peralta, Wandy",3/31/2024,745438,12,100,2024
12,657097,"Webb, Jacob",3/31/2024,747062,12,100,2024
12,489446,"Yates, Kirby",9/5/2024,744966,12,100,2024
12,518489,"Brasier, Ryan",9/6/2024,746104,12,100,2024
12,689225,"Brieske, Beau",5/29/2024,746468,12,100,2024
12,669387,"Mlodzinski, Carmen",9/8/2024,745453,12,100,2024
12,592351,"Gray, Jon",4/30/2024,745018,98,12.2,2024
12,676508,"Casparius, Ben",8/31/2024,747158,12,100,2024
12,656271,"Burke, Brock",9/18/2024,746172,12,100,2024
12,680767,"Vodnik, Victor",6/26/2024,746374,12,100,2024
11,519043,"Moore, Matt",8/16/2024,746189,11,100,2024
11,605280,"Holmes, Clay",9/29/2024,745686,11,100,2024
11,571912,"Maile, Luke",8/20/2024,744896,28,39.3,2024
11,595014,"Treinen, Blake",5/5/2024,746153,11,100,2024
11,643511,"Rogers, Tyler",4/22/2024,745351,11,100,2024
11,592426,"Jackson, Luke",6/27/2024,745324,11,100,2024
11,672710,"Contreras, Roansy",8/23/2024,744889,11,100,2024
11,686580,"Slaten, Justin",4/18/2024,746970,24,45.8,2024
11,664747,"Díaz, Alexis",9/13/2024,745855,11,100,2024
11,683232,"Mears, Nick",7/12/2024,745800,11,100,2024
11,672578,"Hernández, Carlos",5/24/2024,745087,11,100,2024
11,668941,"Romero, JoJo",5/26/2024,745172,11,100,2024
11,547973,"Chapman, Aroldis",8/16/2024,745462,11,100,2024
11,628452,"Iglesias, Raisel",9/13/2024,747069,11,100,2024
11,641941,"Pagán, Emilio",9/13/2024,745855,11,100,2024
11,656876,"Rasmussen, Drew",9/18/2024,745040,36,30.6,2024
11,656222,"Beeks, Jalen",4/9/2024,746571,11,100,2024
11,518397,"Alexander, Scott",6/9/2024,745651,11,100,2024
11,663947,"Holton, Tyler",4/21/2024,745920,20,55,2024
11,592094,"Adam, Jason",4/9/2024,746250,11,100,2024
11,628452,"Iglesias, Raisel",4/5/2024,747143,11,100,2024
11,663947,"Holton, Tyler",8/21/2024,746837,20,55,2024
11,668674,"Erceg, Lucas",8/23/2024,746268,11,100,2024
11,686642,"Ellard, Fraser",9/16/2024,746179,11,100,2024
11,640448,"Finnegan, Kyle",6/9/2024,744849,11,100,2024
11,608032,"Estévez, Carlos",8/26/2024,745538,11,100,2024
11,571656,"Farmer, Buck",4/7/2024,746734,11,100,2024
11,621053,"Ferguson, Tyler",8/19/2024,745620,11,100,2024
11,608678,"Leone, Dominic",4/7/2024,746330,24,45.8,2024
11,571948,"Milner, Hoby",7/28/2024,745961,11,100,2024
11,664875,"Lawrence, Justin",7/1/2024,746535,11,100,2024
11,571882,"Law, Derek",7/13/2024,745963,11,100,2024
11,573009,"Mantiply, Joe",9/5/2024,745289,11,100,2024
11,657571,"Ferguson, Caleb",8/19/2024,746351,11,100,2024
11,663542,"Hudson, Bryan",5/20/2024,746066,11,100,2024
11,656945,"Scott, Tanner",4/6/2024,745197,11,100,2024
11,677053,"Nardi, Andrew",5/18/2024,746067,11,100,2024
11,445926,"Chavez, Jesse",7/9/2024,747180,28,39.3,2024
11,667463,"King, John",7/10/2024,745156,17,64.7,2024
11,668390,"Winn, Cole",5/11/2024,746554,23,47.8,2024
11,662253,"Muñoz, Andrés",5/5/2024,746395,11,100,2024
11,656638,"Lange, Alex",5/14/2024,746473,11,100,2024
11,675627,"Grove, Michael",5/5/2024,746153,11,100,2024
11,622250,"Sborz, Josh",9/24/2024,745605,11,100,2024
11,655889,"Rodríguez, Manuel",8/14/2024,745053,11,100,2024
11,671305,"Otañez, Michel",9/26/2024,745609,11,100,2024
11,683409,"Chivilli, Angel",8/27/2024,746510,11,100,2024
11,641755,"Kinley, Tyler",7/6/2024,746529,11,100,2024
11,657508,"Baumann, Mike",4/11/2024,746977,11,100,2024
11,676395,"Garcia, Robert",4/12/2024,745679,14,78.6,2024
11,660844,"Rivas, Leo",8/13/2024,746435,11,100,2024
11,669212,"Morgan, Eli",4/10/2024,746655,11,100,2024
11,623465,"Phillips, Evan",3/29/2024,746167,11,100,2024
11,547973,"Chapman, Aroldis",9/22/2024,746657,11,100,2024
11,606303,"Payamps, Joel",6/16/2024,745977,11,100,2024
11,672335,"Pérez, Cionel",9/21/2024,746983,11,100,2024
11,661403,"Clase, Emmanuel",7/21/2024,746610,11,100,2024
11,641755,"Kinley, Tyler",6/4/2024,746550,11,100,2024
11,656546,"Hoffman, Jeff",6/26/2024,746456,11,100,2024
11,642701,"Santana, Dennis",5/9/2024,745748,11,100,2024
11,668674,"Erceg, Lucas",9/7/2024,746259,11,100,2024
11,656529,"Hentges, Sam",7/5/2024,746620,11,100,2024
11,518886,"Kimbrel, Craig",8/28/2024,746103,11,100,2024
11,664747,"Díaz, Alexis",9/1/2024,746669,11,100,2024
11,623465,"Phillips, Evan",4/12/2024,746162,11,100,2024
11,592155,"Booser, Cam",5/19/2024,745179,11,100,2024
11,687330,"Kelly, Kevin",5/25/2024,745086,11,100,2024
11,573204,"Thielbar, Caleb",8/9/2024,745871,20,55,2024
11,666974,"Cano, Yennier",8/15/2024,747002,11,100,2024
11,622554,"Domínguez, Seranthony",8/7/2024,744903,11,100,2024
11,669674,"Long, Sam",9/18/2024,746254,11,100,2024
11,640470,"Alzolay, Adbert",4/8/2024,745432,11,100,2024
11,657097,"Webb, Jacob",4/9/2024,746981,11,100,2024
11,669422,"Sauer, Matt",3/31/2024,746332,11,100,2024
11,647315,"Pop, Zach",7/7/2024,745233,11,100,2024
11,608718,"Suter, Brent",6/9/2024,746705,11,100,2024
11,642397,"Soto, Gregory",7/12/2024,745552,11,100,2024
11,598286,"Ramirez, Nick",4/20/2024,746156,11,100,2024
11,502085,"Robertson, David",6/2/2024,746061,11,100,2024
11,676092,"Snider, Collin",3/31/2024,745279,25,44,2024
11,663574,"Santillan, Tony",7/24/2024,747091,26,42.3,2024
11,642701,"Santana, Dennis",8/27/2024,745461,11,100,2024
11,600917,"Leclerc, José",6/28/2024,747017,21,52.4,2024
11,656887,"Reid-Foley, Sean",6/14/2024,745810,11,100,2024
11,518585,"Cruz, Fernando",6/5/2024,746544,11,100,2024
11,681676,"Fernandez, Ryan",6/14/2024,746869,11,100,2024
11,493603,"Ottavino, Adam",4/15/2024,745840,11,100,2024
11,664126,"Fairbanks, Pete",6/5/2024,746056,11,100,2024
11,694361,"Klein, Will",6/2/2024,746301,11,100,2024
11,660853,"De Los Santos, Enyel",9/2/2024,746992,11,100,2024
11,681517,"Leahy, Kyle",9/2/2024,745947,26,42.3,2024
11,657571,"Ferguson, Caleb",7/4/2024,745726,11,100,2024
11,657044,"Thompson, Ryan",5/15/2024,747203,11,100,2024
11,666197,"Kessinger, Grae",4/11/2024,746322,11,100,2024
11,547184,"Kelly, Michael",5/14/2024,746396,11,100,2024
11,668338,"Miller, Tyson",5/14/2024,747124,21,52.4,2024
11,676702,"Stratton, Hunter",5/11/2024,745505,11,100,2024
11,661403,"Clase, Emmanuel",9/28/2024,746578,11,100,2024
11,669387,"Mlodzinski, Carmen",9/3/2024,746834,26,42.3,2024
11,672710,"Contreras, Roansy",8/4/2024,746191,11,100,2024
11,640462,"Puk, A.J.",9/21/2024,745936,11,100,2024
11,621383,"Banks, Tanner",9/19/2024,745769,11,100,2024
11,682120,"Herrin, Tim",3/28/2024,745687,11,100,2024
11,666974,"Cano, Yennier",4/5/2024,745524,11,100,2024
11,656945,"Scott, Tanner",9/8/2024,745368,11,100,2024
11,668338,"Miller, Tyson",9/9/2024,746101,11,100,2024
11,669093,"Estrada, Jeremiah",9/6/2024,745371,11,100,2024
11,676254,"Walker, Ryan",4/28/2024,745349,11,100,2024
11,641835,"Mayza, Tim",5/8/2024,745584,11,100,2024
11,681982,"Anderson, Grant",5/22/2024,745576,11,100,2024
11,670167,"Schreiber, John",4/30/2024,744942,16,68.8,2024
11,554340,"García, Yimi",4/27/2024,744946,15,73.3,2024
11,606160,"Montero, Rafael",5/1/2024,746399,11,100,2024
11,663773,"Hoeing, Bryan",5/1/2024,746072,24,45.8,2024
11,674003,"Bradford, Cody",4/5/2024,745033,97,11.3,2024
11,656629,"Kopech, Michael",8/28/2024,746103,11,100,2024
11,642629,"Ramirez, Emmanuel",5/21/2024,746058,11,100,2024
11,663893,"Little, Brendon",8/30/2024,745862,17,64.7,2024
11,547184,"Kelly, Michael",5/18/2024,746308,11,100,2024
11,675650,"Mercado, Michael",8/28/2024,745541,33,33.3,2024
11,671345,"Foley, Jason",5/26/2024,746469,11,100,2024
11,673513,"Matsui, Yuki",8/2/2024,745387,11,100,2024
11,669211,"Akin, Keegan",5/17/2024,747037,11,100,2024
11,571466,"Barnhart, Tucker",6/22/2024,745564,11,100,2024
11,664126,"Fairbanks, Pete",6/23/2024,745485,11,100,2024
11,683769,"Gaddis, Hunter",5/19/2024,746636,11,100,2024
11,669438,"Englert, Mason",6/22/2024,746459,24,45.8,2024
11,571946,"Miller, Shelby",6/22/2024,746459,11,100,2024
11,656945,"Scott, Tanner",8/12/2024,745383,11,100,2024
11,679156,"Pennington, Walter",8/12/2024,746921,11,100,2024
11,622253,"Tate, Dillon",5/25/2024,746794,22,50,2024
11,664208,"Maton, Phil",8/13/2024,745788,11,100,2024
11,656546,"Hoffman, Jeff",7/2/2024,746860,11,100,2024
11,657265,"Strzelecki, Peter",8/12/2024,746603,16,68.8,2024
11,641729,"Jiménez, Joe",5/26/2024,745498,11,100,2024
11,664854,"Helsley, Ryan",5/4/2024,745183,11,100,2024
11,493603,"Ottavino, Adam",4/19/2024,746160,18,61.1,2024
11,605447,"Romano, Jordan",4/20/2024,745431,11,100,2024
11,642100,"Speier, Gabe",4/9/2024,744957,19,57.9,2024
11,672335,"Pérez, Cionel",5/27/2024,747034,11,100,2024
11,657044,"Thompson, Ryan",4/3/2024,747219,11,100,2024
11,608032,"Estévez, Carlos",7/10/2024,746205,11,100,2024
11,679156,"Pennington, Walter",8/15/2024,744980,11,100,2024
11,445276,"Jansen, Kenley",9/11/2024,746908,11,100,2024
11,656730,"Megill, Trevor",6/10/2024,745982,11,100,2024
11,605155,"Brewer, Colten",6/28/2024,745970,11,100,2024
11,663432,"Rainey, Tanner",9/12/2024,744805,11,100,2024
11,607179,"Weems, Jordan",6/28/2024,745070,11,100,2024
11,608638,"Chargois, JT",6/14/2024,744847,11,100,2024
11,656546,"Hoffman, Jeff",8/16/2024,745542,11,100,2024
11,669062,"Miller, Erik",6/17/2024,746868,22,50,2024
11,595014,"Treinen, Blake",9/3/2024,746185,11,100,2024
11,672335,"Pérez, Cionel",6/8/2024,745082,11,100,2024
11,693312,"Nicolas, Kyle",9/5/2024,745451,11,100,2024
11,623352,"Hader, Josh",4/9/2024,746326,11,100,2024
11,622554,"Domínguez, Seranthony",4/26/2024,745424,11,100,2024
11,668674,"Erceg, Lucas",7/26/2024,746200,11,100,2024
11,681517,"Leahy, Kyle",8/20/2024,745136,11,100,2024
11,643511,"Rogers, Tyler",7/27/2024,745307,11,100,2024
11,663897,"Williams, Luke",5/19/2024,747120,11,100,2024
11,606149,"Gallegos, Giovanny",7/10/2024,745155,11,100,2024
11,661403,"Clase, Emmanuel",6/20/2024,746626,11,100,2024
11,681676,"Fernandez, Ryan",4/7/2024,745198,41,26.8,2024
11,676254,"Walker, Ryan",6/10/2024,745334,11,100,2024
11,661403,"Clase, Emmanuel",7/26/2024,745554,11,100,2024
11,552640,"Kittredge, Andrew",7/28/2024,745145,11,100,2024
11,607481,"Bummer, Aaron",6/30/2024,747101,11,100,2024
11,672860,"Berroa, Prelander",9/27/2024,746417,11,100,2024
11,661403,"Clase, Emmanuel",9/24/2024,746581,11,100,2024
11,683232,"Mears, Nick",7/20/2024,746527,26,42.3,2024
11,608371,"Sims, Lucas",6/26/2024,746695,11,100,2024
11,656730,"Megill, Trevor",6/28/2024,745970,11,100,2024
11,683232,"Mears, Nick",3/28/2024,747224,11,100,2024
11,641771,"Kuhl, Chad",8/6/2024,745629,11,100,2024
11,656629,"Kopech, Michael",5/29/2024,746790,11,100,2024
11,669461,"Liberatore, Matthew",5/31/2024,745574,17,64.7,2024
11,662253,"Muñoz, Andrés",4/27/2024,745266,11,100,2024
11,445926,"Chavez, Jesse",6/14/2024,747112,11,100,2024
11,624647,"González, Victor",4/25/2024,745755,11,100,2024
11,686826,"Jarvis, Bryce",5/22/2024,746143,11,100,2024
11,502624,"Anderson, Chase",7/6/2024,745724,52,21.2,2024
11,657240,"Merryweather, Julian",8/12/2024,746603,22,50,2024
11,643511,"Rogers, Tyler",8/10/2024,745304,11,100,2024
11,662253,"Muñoz, Andrés",8/15/2024,746437,11,100,2024
11,687911,"King, Bryan",8/17/2024,746355,11,100,2024
11,621199,"Bowman, Matt",9/13/2024,746423,11,100,2024
11,670970,"Morejon, Adrian",3/20/2024,745444,11,100,2024
11,656896,"Rivera, Emmanuel",7/10/2024,746366,11,100,2024
11,640462,"Puk, A.J.",9/15/2024,747151,11,100,2024
11,519293,"Smith, Will",8/7/2024,746272,11,100,2024
11,628452,"Iglesias, Raisel",6/18/2024,747107,11,100,2024
11,552640,"Kittredge, Andrew",8/7/2024,745142,11,100,2024
11,664350,"Sánchez, Sixto",4/20/2024,746891,11,100,2024
11,607237,"Garrett, Amir",5/12/2024,746234,11,100,2024
11,656887,"Reid-Foley, Sean",5/11/2024,745828,23,47.8,2024
11,687330,"Kelly, Kevin",5/3/2024,745101,11,100,2024
11,683627,"Molina, Anthony",5/5/2024,745504,11,100,2024
11,621242,"Díaz, Edwin",8/25/2024,745376,11,100,2024
11,642100,"Speier, Gabe",7/23/2024,745227,11,100,2024
11,664849,"Young, Danny",6/25/2024,745806,11,100,2024
11,519151,"Pressly, Ryan",7/4/2024,744912,11,100,2024
11,666974,"Cano, Yennier",6/3/2024,744930,13,84.6,2024
11,664849,"Young, Danny",6/5/2024,744852,11,100,2024
11,621114,"Burr, Ryan",9/3/2024,744891,11,100,2024
11,689147,"Kerkering, Orion",9/3/2024,744891,11,100,2024
11,668674,"Erceg, Lucas",7/7/2024,745637,11,100,2024
11,642397,"Soto, Gregory",8/8/2024,744899,11,100,2024
11,657508,"Baumann, Mike",9/19/2024,746011,29,37.9,2024
11,608371,"Sims, Lucas",6/8/2024,746703,11,100,2024
11,663568,"Kolek, Stephen",3/30/2024,745436,11,100,2024
11,605400,"Nola, Aaron",4/15/2024,745597,99,11.1,2024
11,641329,"Baker, Bryan",9/21/2024,746983,11,100,2024
11,667463,"King, John",6/18/2024,746049,11,100,2024
11,592773,"Stanek, Ryne",5/7/2024,745915,11,100,2024
11,547184,"Kelly, Michael",5/11/2024,745262,11,100,2024
11,608334,"Fulmer, Carson",5/12/2024,746234,11,100,2024
11,605177,"Chafin, Andrew",5/7/2024,746638,11,100,2024
11,573009,"Mantiply, Joe",5/8/2024,746717,11,100,2024
11,595345,"Okert, Steven",7/20/2024,745880,11,100,2024
11,605280,"Holmes, Clay",7/23/2024,745715,11,100,2024
11,643396,"Kiner-Falefa, Isiah",4/26/2024,744949,11,100,2024
11,623433,"Anderson, Nick",5/30/2024,745898,11,100,2024
11,643377,"Jax, Griffin",4/13/2024,746489,11,100,2024
11,543859,"Tonkin, Michael",5/2/2024,747044,27,40.7,2024
11,518585,"Cruz, Fernando",9/9/2024,747090,11,100,2024
11,664854,"Helsley, Ryan",9/22/2024,745118,11,100,2024
11,554340,"García, Yimi",4/16/2024,744944,11,100,2024
11,676702,"Stratton, Hunter",4/27/2024,745350,11,100,2024
11,678061,"Kerr, Ray",5/8/2024,747127,11,100,2024
11,622554,"Domínguez, Seranthony",7/30/2024,747005,11,100,2024
11,643511,"Rogers, Tyler",4/3/2024,746163,11,100,2024
11,554340,"García, Yimi",7/30/2024,746926,11,100,2024
11,573009,"Mantiply, Joe",8/13/2024,747160,11,100,2024
11,621053,"Ferguson, Tyler",8/10/2024,744897,11,100,2024
11,689225,"Brieske, Beau",8/2/2024,746443,29,37.9,2024
11,659275,"Lamet, Dinelson",4/3/2024,746163,11,100,2024
11,675989,"Bolton, Cody",4/2/2024,745273,15,73.3,2024
11,571656,"Farmer, Buck",7/30/2024,746683,11,100,2024
11,663893,"Little, Brendon",8/14/2024,746188,11,100,2024
11,641755,"Kinley, Tyler",5/7/2024,746559,11,100,2024
11,664208,"Maton, Phil",5/19/2024,744937,11,100,2024
11,647315,"Pop, Zach",5/5/2024,744861,11,100,2024
11,671305,"Otañez, Michel",9/10/2024,746346,11,100,2024
11,671345,"Foley, Jason",9/17/2024,746261,11,100,2024
11,663704,"McArthur, James",6/30/2024,746290,11,100,2024
11,669459,"Nelson, Kyle",4/9/2024,746571,11,100,2024
11,663574,"Santillan, Tony",7/19/2024,744829,11,100,2024
11,670280,"Bednar, David",6/19/2024,745489,11,100,2024
11,673929,"Leasure, Jordan",6/1/2024,745980,21,52.4,2024
11,683769,"Gaddis, Hunter",6/9/2024,746054,11,100,2024
11,647315,"Pop, Zach",6/24/2024,746941,11,100,2024
11,592773,"Stanek, Ryne",4/21/2024,746568,11,100,2024
11,458677,"Wilson, Justin",8/22/2024,745465,11,100,2024
11,605177,"Chafin, Andrew",5/8/2024,746640,11,100,2024
11,690829,"Joyce, Ben",8/20/2024,746266,11,100,2024
11,622554,"Domínguez, Seranthony",4/7/2024,744871,11,100,2024
11,676092,"Snider, Collin",7/13/2024,746202,11,100,2024
11,642397,"Soto, Gregory",4/22/2024,746723,11,100,2024
11,669302,"Gilbert, Logan",6/22/2024,746048,92,12,2024
11,608717,"Stratton, Chris",4/20/2024,746324,11,100,2024
11,663989,"Vespi, Nick",6/20/2024,745734,11,100,2024
11,681517,"Leahy, Kyle",8/24/2024,745868,11,100,2024
11,656546,"Hoffman, Jeff",9/4/2024,744887,11,100,2024
11,552640,"Kittredge, Andrew",4/26/2024,745835,11,100,2024
11,678821,"Peralta, Luis",8/27/2024,746510,11,100,2024
11,665625,"Peguero, Elvis",4/26/2024,746000,11,100,2024
11,666818,"Frías, Luis",4/1/2024,747218,11,100,2024
11,668674,"Erceg, Lucas",5/21/2024,745662,11,100,2024
11,671345,"Foley, Jason",4/9/2024,745517,11,100,2024
11,670059,"Holderman, Colin",6/8/2024,745492,11,100,2024
11,445276,"Jansen, Kenley",6/18/2024,744917,11,100,2024
11,669622,"Bender, Anthony",9/26/2024,745853,15,73.3,2024
11,694363,"Shuster, Jared",9/25/2024,746742,11,100,2024
11,670280,"Bednar, David",6/17/2024,745490,11,100,2024
11,622554,"Domínguez, Seranthony",6/14/2024,747025,11,100,2024
11,694363,"Shuster, Jared",6/16/2024,747189,11,100,2024
11,518489,"Brasier, Ryan",4/27/2024,744946,11,100,2024
11,543294,"Hendricks, Kyle",6/6/2024,746707,17,64.7,2024
11,571946,"Miller, Shelby",9/6/2024,745611,11,100,2024
11,664854,"Helsley, Ryan",6/2/2024,745572,11,100,2024
11,543339,"Hudson, Daniel",8/5/2024,746116,11,100,2024
11,605447,"Romano, Jordan",4/16/2024,744944,11,100,2024
11,608717,"Stratton, Chris",8/5/2024,746276,22,50,2024
11,664126,"Fairbanks, Pete",8/4/2024,746356,11,100,2024
11,669062,"Miller, Erik",3/28/2024,745445,11,100,2024
11,660853,"De Los Santos, Enyel",9/29/2024,746416,11,100,2024
11,682120,"Herrin, Tim",8/5/2024,746600,13,84.6,2024
11,663158,"Suarez, Robert",5/8/2024,746879,11,100,2024
11,657044,"Thompson, Ryan",4/13/2024,747215,11,100,2024
11,543056,"Coulombe, Danny",4/24/2024,746244,11,100,2024
11,657024,"Swanson, Erik",9/8/2024,747072,11,100,2024
11,657585,"Garrett, Reed",9/6/2024,745777,16,68.8,2024
11,669796,"Hernandez, Jose E.",3/28/2024,746089,11,100,2024
11,621237,"Alvarado, José",4/30/2024,746239,11,100,2024
11,676395,"Garcia, Robert",7/29/2024,747172,11,100,2024
11,605155,"Brewer, Colten",6/22/2024,746863,11,100,2024
11,656271,"Burke, Brock",8/4/2024,744979,23,47.8,2024
11,664854,"Helsley, Ryan",7/26/2024,745146,11,100,2024
11,571946,"Miller, Shelby",8/14/2024,746436,11,100,2024
11,518585,"Cruz, Fernando",6/18/2024,745488,11,100,2024
11,687330,"Kelly, Kevin",6/20/2024,745889,11,100,2024
11,622554,"Domínguez, Seranthony",6/19/2024,745561,11,100,2024
11,623465,"Phillips, Evan",6/20/2024,746539,11,100,2024
11,670059,"Holderman, Colin",6/29/2024,747104,11,100,2024
11,672335,"Pérez, Cionel",7/2/2024,745240,11,100,2024
11,572143,"Smith, Burch",7/19/2024,744990,11,100,2024
11,605347,"López, Jorge",4/20/2024,746156,16,68.8,2024
11,676760,"Marinaccio, Ron",4/22/2024,745757,11,100,2024
11,622554,"Domínguez, Seranthony",5/4/2024,745583,11,100,2024
11,594580,"Moll, Sam",5/5/2024,746719,11,100,2024
11,641755,"Kinley, Tyler",9/14/2024,746508,11,100,2024
11,621114,"Burr, Ryan",8/18/2024,746838,11,100,2024
11,571657,"Farmer, Kyle",9/28/2024,745849,11,100,2024
11,641729,"Jiménez, Joe",8/20/2024,747083,11,100,2024
11,656464,"Ginkel, Kevin",5/9/2024,746715,11,100,2024
11,667463,"King, John",8/20/2024,745136,16,68.8,2024
11,663989,"Vespi, Nick",6/27/2024,747020,11,100,2024
11,694363,"Shuster, Jared",8/28/2024,746752,21,52.4,2024
11,669211,"Akin, Keegan",6/14/2024,747025,30,36.7,2024
11,621051,"Wilson, Steven",7/3/2024,746617,11,100,2024
11,656730,"Megill, Trevor",6/15/2024,745976,11,100,2024
11,621053,"Ferguson, Tyler",7/4/2024,745641,11,100,2024
11,657612,"Hill, Tim",9/12/2024,745695,12,91.7,2024
11,613534,"Adams, Austin",8/9/2024,744900,11,100,2024
11,608723,"Voth, Austin",5/26/2024,744855,11,100,2024
11,623352,"Hader, Josh",8/7/2024,744981,11,100,2024
11,672335,"Pérez, Cionel",8/7/2024,744903,11,100,2024
11,670174,"Winckowski, Josh",9/6/2024,746912,11,100,2024
11,605154,"Brebbia, John",5/23/2024,746792,11,100,2024
11,687424,"Maldonado, Anthony",5/18/2024,746067,25,44,2024
11,600917,"Leclerc, José",7/8/2024,746208,11,100,2024
11,624133,"Suárez, Ranger",4/27/2024,745425,96,11.5,2024
11,592767,"Smyly, Drew",4/17/2024,747212,11,100,2024
11,676395,"Garcia, Robert",6/8/2024,744848,11,100,2024
11,592426,"Jackson, Luke",5/21/2024,745503,11,100,2024
11,680704,"Sandlin, Nick",4/27/2024,747131,11,100,2024
11,656641,"Latz, Jacob",4/16/2024,746486,11,100,2024
11,547973,"Chapman, Aroldis",7/22/2024,745473,11,100,2024
11,607481,"Bummer, Aaron",7/22/2024,747095,30,36.7,2024
11,673513,"Matsui, Yuki",5/10/2024,745421,11,100,2024
11,668338,"Miller, Tyson",5/30/2024,745985,11,100,2024
11,671305,"Otañez, Michel",7/23/2024,745632,11,100,2024
11,669438,"Englert, Mason",5/31/2024,746955,29,37.9,2024
11,641755,"Kinley, Tyler",8/13/2024,747160,11,100,2024
11,445926,"Chavez, Jesse",9/7/2024,747076,11,100,2024
11,657024,"Swanson, Erik",5/21/2024,744936,11,100,2024
11,662253,"Muñoz, Andrés",9/22/2024,744955,11,100,2024
11,623149,"Sewald, Paul",5/9/2024,746715,11,100,2024
11,643338,"Green, Chad",5/31/2024,744928,11,100,2024
11,642207,"Williams, Devin",8/28/2024,745943,11,100,2024
11,673513,"Matsui, Yuki",4/30/2024,745426,18,61.1,2024
11,605447,"Romano, Jordan",4/28/2024,744947,11,100,2024
11,669276,"Lee, Dylan",5/29/2024,747117,11,100,2024
11,686642,"Ellard, Fraser",9/8/2024,746910,11,100,2024
11,628452,"Iglesias, Raisel",4/27/2024,747131,11,100,2024
11,656730,"Megill, Trevor",6/23/2024,745396,11,100,2024
11,663969,"Phillips, Tyler",7/7/2024,747098,53,20.8,2024
11,678606,"Ferrer, Jose A.",8/10/2024,744820,11,100,2024
11,596001,"Junis, Jakob",8/17/2024,746675,11,100,2024
11,694738,"Roupp, Landen",8/13/2024,745302,33,33.3,2024
11,656234,"Bird, Jake",9/14/2024,746508,11,100,2024
11,571948,"Milner, Hoby",5/6/2024,746313,15,73.3,2024
11,663878,"Pearson, Nate",9/14/2024,746508,11,100,2024
11,661395,"Duran, Jhoan",9/18/2024,746582,11,100,2024
11,663460,"Bubic, Kris",9/17/2024,746261,11,100,2024
11,608032,"Estévez, Carlos",6/29/2024,746211,11,100,2024
11,669194,"Nelson, Ryne",8/9/2024,747168,97,11.3,2024
11,600917,"Leclerc, José",4/26/2024,745025,11,100,2024
11,657612,"Hill, Tim",8/10/2024,745712,11,100,2024
11,623465,"Phillips, Evan",4/8/2024,745925,11,100,2024
11,573009,"Mantiply, Joe",7/29/2024,747172,11,100,2024
11,664776,"Cousins, Jake",9/15/2024,745693,11,100,2024
11,663423,"Thornton, Trent",6/12/2024,745246,11,100,2024
11,621114,"Burr, Ryan",9/14/2024,744884,11,100,2024
11,676684,"Vest, Will",9/11/2024,746425,15,73.3,2024
11,552640,"Kittredge, Andrew",9/16/2024,745130,11,100,2024
11,687330,"Kelly, Kevin",9/11/2024,745525,11,100,2024
11,656887,"Reid-Foley, Sean",5/4/2024,745100,11,100,2024
11,657265,"Strzelecki, Peter",4/9/2024,746653,11,100,2024
11,663460,"Bubic, Kris",9/14/2024,745448,11,100,2024
11,519326,"Strickland, Hunter",7/2/2024,745647,11,100,2024
11,552640,"Kittredge, Andrew",7/14/2024,745151,11,100,2024
11,623352,"Hader, Josh",7/19/2024,745228,11,100,2024
11,650556,"Abreu, Bryan",4/8/2024,745034,11,100,2024
11,600986,"Vieira, Thyago",4/22/2024,745519,33,33.3,2024
11,657044,"Thompson, Ryan",4/21/2024,745353,11,100,2024
11,669211,"Akin, Keegan",4/20/2024,746324,11,100,2024
11,572955,"Johnson, Pierce",7/25/2024,745794,11,100,2024
11,668942,"Rojas, Josh",4/3/2024,745275,11,100,2024
11,664854,"Helsley, Ryan",4/4/2024,745200,11,100,2024
11,656730,"Megill, Trevor",5/3/2024,746890,11,100,2024
11,650556,"Abreu, Bryan",8/18/2024,746359,11,100,2024
11,518489,"Brasier, Ryan",8/27/2024,746105,11,100,2024
11,683769,"Gaddis, Hunter",6/19/2024,746625,11,100,2024
11,621363,"Poche, Colin",7/12/2024,745064,11,100,2024
11,594580,"Moll, Sam",6/12/2024,746701,11,100,2024
11,677020,"Walker, Josh",5/28/2024,745816,11,100,2024
11,519008,"McFarland, T.J.",4/20/2024,746651,11,100,2024
11,621381,"Strahm, Matt",6/14/2024,747025,11,100,2024
11,666808,"Doval, Camilo",6/17/2024,746868,11,100,2024
11,592094,"Adam, Jason",4/20/2024,745760,11,100,2024
11,543339,"Hudson, Daniel",6/7/2024,745737,11,100,2024
11,674285,"Salazar, Eduardo",8/30/2024,744810,11,100,2024
11,605154,"Brebbia, John",9/5/2024,747073,11,100,2024
11,572143,"Smith, Burch",4/1/2024,746085,11,100,2024
11,670280,"Bednar, David",4/23/2024,745516,11,100,2024
11,689225,"Brieske, Beau",9/26/2024,746415,23,47.8,2024
11,621242,"Díaz, Edwin",5/6/2024,745182,11,100,2024
11,669674,"Long, Sam",9/24/2024,744802,11,100,2024
11,623352,"Hader, Josh",8/18/2024,746359,11,100,2024
11,622088,"Antone, Tejay",3/31/2024,746739,11,100,2024
11,519151,"Pressly, Ryan",7/12/2024,746371,11,100,2024
11,445926,"Chavez, Jesse",7/26/2024,745792,11,100,2024
11,668674,"Erceg, Lucas",7/25/2024,746199,11,100,2024
11,596133,"Weaver, Luke",6/18/2024,745733,11,100,2024
11,664208,"Maton, Phil",5/11/2024,745096,11,100,2024
11,669622,"Bender, Anthony",9/24/2024,745851,21,52.4,2024
11,641582,"Foster, Matt",8/16/2024,746357,11,100,2024
11,623433,"Anderson, Nick",6/28/2024,746292,11,100,2024
11,571882,"Law, Derek",6/16/2024,744839,18,61.1,2024
11,663767,"Shugart, Chase",9/25/2024,744877,11,100,2024
11,680885,"Schwellenbach, Spencer",9/30/2024,747139,94,11.7,2024
11,656629,"Kopech, Michael",7/22/2024,744988,17,64.7,2024
11,571948,"Milner, Hoby",7/5/2024,746127,11,100,2024
11,691172,"Zulueta, Yosver",6/25/2024,746697,51,21.6,2024
11,664854,"Helsley, Ryan",4/12/2024,747217,11,100,2024
11,543475,"Lyles, Jordan",4/11/2024,746322,11,100,2024
11,664126,"Fairbanks, Pete",4/16/2024,745108,11,100,2024
11,647315,"Pop, Zach",6/1/2024,744932,11,100,2024
11,658648,"Avila, Pedro",5/29/2024,746551,27,40.7,2024
11,663989,"Vespi, Nick",5/22/2024,745173,11,100,2024
11,598264,"Barnes, Matt",4/29/2024,746074,11,100,2024
11,628452,"Iglesias, Raisel",8/28/2024,745866,11,100,2024
11,641656,"Hamilton, Ian",3/30/2024,746410,20,55,2024
11,683769,"Gaddis, Hunter",9/1/2024,746592,11,100,2024
11,641941,"Pagán, Emilio",5/19/2024,746144,11,100,2024
11,680767,"Vodnik, Victor",3/31/2024,747222,22,50,2024
11,666974,"Cano, Yennier",7/30/2024,747005,11,100,2024
11,592767,"Smyly, Drew",8/30/2024,744810,11,100,2024
11,640448,"Finnegan, Kyle",8/4/2024,744826,11,100,2024
11,643410,"Leiter Jr., Mark",8/10/2024,745708,11,100,2024
11,656629,"Kopech, Michael",8/10/2024,746112,14,78.6,2024
11,552640,"Kittredge, Andrew",6/23/2024,745165,11,100,2024
11,678606,"Ferrer, Jose A.",7/25/2024,744827,11,100,2024
11,662253,"Muñoz, Andrés",9/14/2024,745209,11,100,2024
11,665625,"Peguero, Elvis",8/2/2024,744825,11,100,2024
11,681676,"Fernandez, Ryan",5/13/2024,746233,11,100,2024
11,661403,"Clase, Emmanuel",4/21/2024,746652,11,100,2024
11,595881,"Beede, Tyler",4/1/2024,745277,11,100,2024
11,683769,"Gaddis, Hunter",4/14/2024,746648,20,55,2024
11,608718,"Suter, Brent",5/1/2024,745423,18,61.1,2024
11,518617,"Diekman, Jake",5/5/2024,745103,11,100,2024
11,641941,"Pagán, Emilio",5/5/2024,746719,11,100,2024
11,671345,"Foley, Jason",5/3/2024,745756,11,100,2024
11,593974,"Peralta, Wandy",7/6/2024,745395,11,100,2024
11,519043,"Moore, Matt",4/18/2024,745104,11,100,2024
11,640448,"Finnegan, Kyle",7/3/2024,744837,11,100,2024
11,663485,"Sands, Cole",7/6/2024,745885,28,39.3,2024
11,676534,"Faucher, Calvin",8/17/2024,745785,11,100,2024
11,543859,"Tonkin, Michael",6/2/2024,745330,30,36.7,2024
11,681676,"Fernandez, Ryan",5/7/2024,745186,31,35.5,2024
11,571656,"Farmer, Buck",4/12/2024,746812,11,100,2024
11,621383,"Banks, Tanner",5/29/2024,746790,11,100,2024
11,592779,"Stewart, Brock",4/24/2024,745919,11,100,2024
11,676962,"Brown, Ben",4/20/2024,746891,27,40.7,2024
11,455119,"Martin, Chris",5/14/2024,746962,11,100,2024
11,622786,"Tinoco, Jesus",8/7/2024,746031,11,100,2024
11,643338,"Green, Chad",8/9/2024,744900,11,100,2024
11,660825,"Bazardo, Eduard",9/15/2024,745206,11,100,2024
11,541640,"Ramírez, Erasmo",5/21/2024,745090,11,100,2024
11,593576,"Neris, Héctor",5/21/2024,746875,11,100,2024
11,519326,"Strickland, Hunter",5/21/2024,746385,11,100,2024
11,605280,"Holmes, Clay",3/30/2024,746410,11,100,2024
11,573009,"Mantiply, Joe",7/9/2024,747180,11,100,2024
11,445276,"Jansen, Kenley",5/21/2024,745090,11,100,2024
11,593576,"Neris, Héctor",5/2/2024,745830,11,100,2024
11,445276,"Jansen, Kenley",9/20/2024,746905,11,100,2024
11,663158,"Suarez, Robert",5/1/2024,745423,11,100,2024
11,669211,"Akin, Keegan",6/20/2024,745734,24,45.8,2024
11,656546,"Hoffman, Jeff",5/12/2024,746068,11,100,2024
11,675989,"Bolton, Cody",5/14/2024,745257,11,100,2024
11,621381,"Strahm, Matt",7/23/2024,745878,11,100,2024
11,605177,"Chafin, Andrew",5/18/2024,747202,11,100,2024
11,656945,"Scott, Tanner",4/21/2024,746894,11,100,2024
11,657024,"Swanson, Erik",8/7/2024,744903,11,100,2024
11,606303,"Payamps, Joel",3/29/2024,745848,11,100,2024
11,650895,"Castillo, Diego",6/8/2024,745492,11,100,2024
11,682842,"Uribe, Abner",3/29/2024,745848,11,100,2024
11,672335,"Pérez, Cionel",9/6/2024,746993,11,100,2024
11,678606,"Ferrer, Jose A.",9/21/2024,746826,11,100,2024
11,621363,"Poche, Colin",4/16/2024,745108,11,100,2024
11,685801,"Bigge, Hunter",9/7/2024,746986,11,100,2024
11,661403,"Clase, Emmanuel",4/18/2024,746970,11,100,2024
11,598264,"Barnes, Matt",4/27/2024,746075,11,100,2024
11,545121,"Vargas, Ildemaro",9/10/2024,744807,11,100,2024
11,623149,"Sewald, Paul",6/21/2024,745562,11,100,2024
11,641729,"Jiménez, Joe",9/6/2024,747074,11,100,2024
11,623149,"Sewald, Paul",8/30/2024,747156,24,45.8,2024
11,663574,"Santillan, Tony",8/29/2024,746670,18,61.1,2024
11,608334,"Fulmer, Carson",4/9/2024,746250,11,100,2024
11,676684,"Vest, Will",5/4/2024,745750,11,100,2024
11,681911,"Vesia, Alex",5/3/2024,746152,11,100,2024
11,663542,"Hudson, Bryan",6/15/2024,745976,30,36.7,2024
11,694363,"Shuster, Jared",5/27/2024,746788,38,28.9,2024
11,695243,"Miller, Mason",7/22/2024,745635,11,100,2024
11,606965,"Devenski, Chris",6/20/2024,745889,11,100,2024
11,672391,"Ort, Kaleb",8/16/2024,746357,11,100,2024
11,670970,"Morejon, Adrian",6/22/2024,745402,11,100,2024
11,656945,"Scott, Tanner",9/5/2024,745369,11,100,2024
11,686826,"Jarvis, Bryce",6/14/2024,747191,11,100,2024
11,641941,"Pagán, Emilio",4/12/2024,746812,11,100,2024
11,682120,"Herrin, Tim",7/22/2024,746612,14,78.6,2024
11,628452,"Iglesias, Raisel",4/22/2024,747134,11,100,2024
11,519151,"Pressly, Ryan",9/10/2024,746346,11,100,2024
11,670871,"Zuñiga, Guillo",9/10/2024,745856,11,100,2024
11,668941,"Romero, JoJo",6/30/2024,745154,14,78.6,2024
11,593974,"Peralta, Wandy",4/3/2024,745440,11,100,2024
11,570257,"Rodríguez, Joely",8/24/2024,746917,11,100,2024
11,642397,"Soto, Gregory",6/30/2024,745555,11,100,2024
11,643511,"Rogers, Tyler",5/17/2024,745335,11,100,2024
11,472610,"García, Luis",7/13/2024,746202,11,100,2024
11,666974,"Cano, Yennier",7/14/2024,747009,19,57.9,2024
11,670280,"Bednar, David",8/27/2024,745461,11,100,2024
11,669711,"Weissert, Greg",9/11/2024,746908,11,100,2024
11,661395,"Duran, Jhoan",5/3/2024,745914,11,100,2024
11,669358,"Baz, Shane",8/20/2024,745624,92,12,2024
11,621242,"Díaz, Edwin",8/19/2024,745780,11,100,2024
11,676254,"Walker, Ryan",8/20/2024,745295,11,100,2024
11,592094,"Adam, Jason",9/15/2024,745287,11,100,2024
11,493603,"Ottavino, Adam",8/27/2024,747162,11,100,2024
11,571670,"Floro, Dylan",7/1/2024,744840,21,52.4,2024
11,543859,"Tonkin, Michael",6/16/2024,746945,11,100,2024
11,656896,"Rivera, Emmanuel",6/8/2024,746057,11,100,2024
11,605463,"Scott, Tayler",5/27/2024,745254,11,100,2024
11,664126,"Fairbanks, Pete",5/22/2024,745089,11,100,2024
11,623433,"Anderson, Nick",7/12/2024,746936,11,100,2024
11,642397,"Soto, Gregory",5/18/2024,745581,11,100,2024
11,686580,"Slaten, Justin",4/6/2024,746248,26,42.3,2024
11,687863,"Hodge, Porter",7/7/2024,746855,15,73.3,2024
11,663485,"Sands, Cole",6/11/2024,745899,33,33.3,2024
11,668338,"Miller, Tyson",6/19/2024,746864,11,100,2024
11,664854,"Helsley, Ryan",6/7/2024,745169,11,100,2024
11,663704,"McArthur, James",5/12/2024,746234,11,100,2024
11,623465,"Phillips, Evan",5/3/2024,746152,11,100,2024
11,676254,"Walker, Ryan",5/12/2024,745345,23,47.8,2024
11,669674,"Long, Sam",6/15/2024,746135,17,64.7,2024
11,605347,"López, Jorge",8/23/2024,746024,11,100,2024
11,683068,"Penrod, Zach",9/24/2024,744876,11,100,2024
11,666171,"Zeferjahn, Ryan",9/25/2024,746742,11,100,2024
11,679885,"Martinez, Justin",9/18/2024,746500,11,100,2024
11,664126,"Fairbanks, Pete",7/23/2024,744904,11,100,2024
11,472610,"García, Luis",9/27/2024,746904,11,100,2024
11,663947,"Holton, Tyler",8/26/2024,746753,11,100,2024
11,669724,"Hanifee, Brenan",8/7/2024,745223,11,100,2024
11,606303,"Payamps, Joel",3/31/2024,745845,11,100,2024
11,664350,"Sánchez, Sixto",3/28/2024,746089,11,100,2024
11,657097,"Webb, Jacob",9/29/2024,745846,11,100,2024
11,605177,"Chafin, Andrew",4/19/2024,745922,17,64.7,2024
11,592773,"Stanek, Ryne",6/14/2024,745247,11,100,2024
11,641729,"Jiménez, Joe",9/30/2024,747064,11,100,2024
11,663893,"Little, Brendon",6/16/2024,744926,11,100,2024
11,502085,"Robertson, David",9/18/2024,744959,11,100,2024
11,571948,"Milner, Hoby",6/1/2024,745980,11,100,2024
11,607259,"Martinez, Nick",6/2/2024,746871,22,50,2024
11,689147,"Kerkering, Orion",8/21/2024,747084,11,100,2024
11,642701,"Santana, Dennis",9/9/2024,745454,11,100,2024
11,683627,"Molina, Anthony",8/21/2024,744812,11,100,2024
11,552640,"Kittredge, Andrew",4/27/2024,745833,11,100,2024
11,683769,"Gaddis, Hunter",5/25/2024,746226,11,100,2024
11,621383,"Banks, Tanner",7/5/2024,746046,11,100,2024
11,641656,"Hamilton, Ian",4/24/2024,745753,11,100,2024
11,681432,"Little, Luke",5/21/2024,746875,11,100,2024
11,523260,"Kelly, Joe",8/11/2024,746114,11,100,2024
11,650893,"Cabrera, Génesis",9/21/2024,745038,11,100,2024
11,663767,"Shugart, Chase",8/15/2024,747002,44,25,2024
11,683769,"Gaddis, Hunter",9/10/2024,746747,11,100,2024
11,608718,"Suter, Brent",7/10/2024,746689,11,100,2024
11,696136,"Wicks, Jordan",6/8/2024,746703,52,21.2,2024
11,663704,"McArthur, James",7/14/2024,746932,11,100,2024
11,571656,"Farmer, Buck",4/19/2024,746729,11,100,2024
11,519293,"Smith, Will",4/2/2024,747057,11,100,2024
11,671345,"Foley, Jason",3/28/2024,746821,11,100,2024
11,678692,"Henriquez, Ronny",6/26/2024,747184,11,100,2024
11,608371,"Sims, Lucas",7/21/2024,744831,17,64.7,2024
11,641329,"Baker, Bryan",6/15/2024,747024,11,100,2024
11,606303,"Payamps, Joel",4/24/2024,745513,11,100,2024
11,642397,"Soto, Gregory",5/24/2024,746558,11,100,2024
11,676684,"Vest, Will",6/15/2024,746381,11,100,2024
11,676395,"Garcia, Robert",5/18/2024,745581,11,100,2024
11,458677,"Wilson, Justin",7/24/2024,747091,11,100,2024
11,472610,"García, Luis",5/25/2024,746226,11,100,2024
11,502624,"Anderson, Chase",5/8/2024,747127,11,100,2024
11,643511,"Rogers, Tyler",6/5/2024,747195,11,100,2024
11,518617,"Diekman, Jake",5/12/2024,745825,11,100,2024
11,518886,"Kimbrel, Craig",5/11/2024,747041,11,100,2024
11,663423,"Thornton, Trent",5/14/2024,745257,15,73.3,2024
11,664126,"Fairbanks, Pete",5/11/2024,745096,11,100,2024
11,668674,"Erceg, Lucas",9/26/2024,744796,11,100,2024
11,689225,"Brieske, Beau",7/21/2024,744909,28,39.3,2024
11,592155,"Booser, Cam",7/5/2024,745725,23,47.8,2024
11,663704,"McArthur, James",6/2/2024,746301,11,100,2024
11,682847,"Ortiz, Luis L.",3/28/2024,746089,11,100,2024
11,666277,"Soriano, George",8/4/2024,747088,11,100,2024
11,623465,"Phillips, Evan",6/1/2024,746138,11,100,2024
11,623352,"Hader, Josh",6/1/2024,746384,11,100,2024
11,572143,"Smith, Burch",5/2/2024,746070,11,100,2024
11,502085,"Robertson, David",9/7/2024,744963,11,100,2024
11,607481,"Bummer, Aaron",9/9/2024,747090,12,91.7,2024
11,657024,"Swanson, Erik",9/9/2024,744888,11,100,2024
11,621237,"Alvarado, José",4/28/2024,745428,11,100,2024
11,642207,"Williams, Devin",9/7/2024,745942,11,100,2024
11,542888,"Armstrong, Shawn",9/1/2024,744806,11,100,2024
11,664208,"Maton, Phil",8/28/2024,747161,11,100,2024
11,661395,"Duran, Jhoan",8/30/2024,745862,11,100,2024
11,663704,"McArthur, James",8/30/2024,746353,11,100,2024
11,642100,"Speier, Gabe",4/23/2024,745026,11,100,2024
11,690829,"Joyce, Ben",9/1/2024,746183,11,100,2024
11,670174,"Winckowski, Josh",8/12/2024,746921,11,100,2024
11,668941,"Romero, JoJo",8/1/2024,746849,11,100,2024
11,628452,"Iglesias, Raisel",5/28/2024,747115,11,100,2024
10,656924,"Ryan, Ryder",5/15/2024,745992,10,100,2024
10,641656,"Hamilton, Ian",5/1/2024,747048,10,100,2024
10,693312,"Nicolas, Kyle",6/6/2024,745495,45,22.2,2024
10,643377,"Jax, Griffin",5/30/2024,745898,10,100,2024
10,656529,"Hentges, Sam",5/26/2024,746230,10,100,2024
10,663878,"Pearson, Nate",6/22/2024,746622,10,100,2024
10,650911,"Sánchez, Cristopher",9/15/2024,745530,87,11.5,2024
10,672335,"Pérez, Cionel",5/25/2024,746794,10,100,2024
10,662253,"Muñoz, Andrés",8/14/2024,746436,10,100,2024
10,608334,"Fulmer, Carson",6/30/2024,746209,22,45.5,2024
10,628708,"Marte, Yunior",7/2/2024,746860,10,100,2024
10,656546,"Hoffman, Jeff",6/30/2024,745555,10,100,2024
10,666204,"Jiménez, Dany",4/21/2024,746652,17,58.8,2024
10,687765,"Spence, Mitch",4/2/2024,745680,10,100,2024
10,621363,"Poche, Colin",4/6/2024,746575,10,100,2024
10,657508,"Baumann, Mike",6/5/2024,745654,10,100,2024
10,670167,"Schreiber, John",6/6/2024,746631,10,100,2024
10,663878,"Pearson, Nate",9/4/2024,746835,10,100,2024
10,596133,"Weaver, Luke",4/24/2024,745753,30,33.3,2024
10,621345,"Minter, A.J.",5/23/2024,746874,10,100,2024
10,666214,"Wentz, Joey",6/23/2024,746457,10,100,2024
10,455119,"Martin, Chris",5/16/2024,746959,10,100,2024
10,643511,"Rogers, Tyler",4/20/2024,745354,10,100,2024
10,605288,"Houser, Adrian",5/15/2024,745582,41,24.4,2024
10,622554,"Domínguez, Seranthony",4/5/2024,744874,10,100,2024
10,676702,"Stratton, Hunter",4/5/2024,745524,21,47.6,2024
10,607455,"Banda, Anthony",6/12/2024,746137,10,100,2024
10,670280,"Bednar, David",5/4/2024,745511,10,100,2024
10,668338,"Miller, Tyson",9/27/2024,746822,10,100,2024
10,656464,"Ginkel, Kevin",6/29/2024,747186,23,43.5,2024
10,641302,"Alexander, Tyler",8/18/2024,745051,79,12.7,2024
10,664076,"Cleavinger, Garrett",8/21/2024,745622,10,100,2024
10,668941,"Romero, JoJo",7/23/2024,745475,10,100,2024
10,657514,"Bernardino, Brennan",6/18/2024,744917,10,100,2024
10,671345,"Foley, Jason",7/21/2024,744909,10,100,2024
10,554340,"García, Yimi",8/8/2024,745226,14,71.4,2024
10,606303,"Payamps, Joel",6/26/2024,745975,10,100,2024
10,675989,"Bolton, Cody",3/28/2024,745283,18,55.6,2024
10,455119,"Martin, Chris",9/23/2024,744885,10,100,2024
10,628317,"Maeda, Kenta",9/20/2024,746984,23,43.5,2024
10,643511,"Rogers, Tyler",4/18/2024,745356,10,100,2024
10,663947,"Holton, Tyler",7/20/2024,744910,29,34.5,2024
10,656222,"Beeks, Jalen",8/19/2024,744976,10,100,2024
10,686539,"Cronin, Declan",5/3/2024,745665,21,47.6,2024
10,657097,"Webb, Jacob",5/8/2024,744858,10,100,2024
10,670167,"Schreiber, John",5/10/2024,746240,10,100,2024
10,657514,"Bernardino, Brennan",7/4/2024,746043,10,100,2024
10,681982,"Anderson, Grant",5/31/2024,746059,10,100,2024
10,670990,"Ramírez, Yohan",5/1/2024,747048,10,100,2024
10,657514,"Bernardino, Brennan",8/30/2024,746433,23,43.5,2024
10,543339,"Hudson, Daniel",6/16/2024,746130,10,100,2024
10,664747,"Díaz, Alexis",5/23/2024,746714,10,100,2024
10,547973,"Chapman, Aroldis",8/11/2024,746114,10,100,2024
10,641755,"Kinley, Tyler",8/2/2024,745387,10,100,2024
10,647315,"Pop, Zach",8/2/2024,745719,10,100,2024
10,702795,"Loutos, Ryan",7/31/2024,745148,10,100,2024
10,547184,"Kelly, Michael",5/23/2024,745660,10,100,2024
10,693312,"Nicolas, Kyle",6/23/2024,745485,10,100,2024
10,592454,"Kahnle, Tommy",8/13/2024,746757,10,100,2024
10,519043,"Moore, Matt",8/7/2024,745709,21,47.6,2024
10,621237,"Alvarado, José",5/17/2024,745579,10,100,2024
10,657508,"Baumann, Mike",5/15/2024,747038,21,47.6,2024
10,642397,"Soto, Gregory",9/13/2024,746423,13,76.9,2024
10,663460,"Bubic, Kris",7/10/2024,745156,10,100,2024
10,687330,"Kelly, Kevin",9/17/2024,745044,10,100,2024
10,681892,"Funderburk, Kody",6/30/2024,745243,10,100,2024
10,606160,"Montero, Rafael",6/2/2024,746383,10,100,2024
10,663704,"McArthur, James",8/18/2024,746676,10,100,2024
10,676395,"Garcia, Robert",8/6/2024,744817,10,100,2024
10,643511,"Rogers, Tyler",6/20/2024,745164,10,100,2024
10,605347,"López, Jorge",9/19/2024,746823,10,100,2024
10,592773,"Stanek, Ryne",6/15/2024,745241,10,100,2024
10,641656,"Hamilton, Ian",6/4/2024,745739,10,100,2024
10,656887,"Reid-Foley, Sean",6/2/2024,745813,10,100,2024
10,656945,"Scott, Tanner",6/7/2024,746053,10,100,2024
10,657585,"Garrett, Reed",9/3/2024,745778,10,100,2024
10,592779,"Stewart, Brock",4/17/2024,747049,17,58.8,2024
10,573009,"Mantiply, Joe",7/23/2024,746281,10,100,2024
10,640451,"Harvey, Hunter",4/26/2024,746078,10,100,2024
10,664854,"Helsley, Ryan",4/15/2024,745677,10,100,2024
10,662253,"Muñoz, Andrés",4/12/2024,745274,10,100,2024
10,595345,"Okert, Steven",5/14/2024,745909,10,100,2024
10,656464,"Ginkel, Kevin",9/25/2024,747144,10,100,2024
10,664849,"Young, Danny",6/1/2024,745812,10,100,2024
10,661563,"Gil, Luis",5/29/2024,746228,95,10.5,2024
10,676092,"Snider, Collin",7/3/2024,745234,10,100,2024
10,595345,"Okert, Steven",4/25/2024,745918,10,100,2024
10,608032,"Estévez, Carlos",4/10/2024,746247,10,100,2024
10,666818,"Frías, Luis",3/28/2024,747224,10,100,2024
10,669461,"Liberatore, Matthew",3/28/2024,746165,10,100,2024
10,656457,"Gilbert, Tyler",9/20/2024,745770,10,100,2024
10,614179,"Ruiz, José",5/13/2024,745826,10,100,2024
10,608723,"Voth, Austin",8/3/2024,745225,10,100,2024
10,518397,"Alexander, Scott",9/6/2024,745611,10,100,2024
10,624647,"González, Victor",5/8/2024,745749,10,100,2024
10,640470,"Alzolay, Adbert",5/8/2024,746879,15,66.7,2024
10,656945,"Scott, Tanner",4/29/2024,746074,10,100,2024
10,623465,"Phillips, Evan",8/31/2024,747158,10,100,2024
10,593576,"Neris, Héctor",5/1/2024,745829,10,100,2024
10,641835,"Mayza, Tim",8/31/2024,745699,10,100,2024
10,669211,"Akin, Keegan",4/30/2024,747047,10,100,2024
10,675989,"Bolton, Cody",4/29/2024,745263,10,100,2024
10,641941,"Pagán, Emilio",8/30/2024,746730,10,100,2024
10,621114,"Burr, Ryan",8/31/2024,745859,10,100,2024
10,656464,"Ginkel, Kevin",8/30/2024,747156,10,100,2024
10,664208,"Maton, Phil",8/31/2024,746751,10,100,2024
10,663432,"Rainey, Tanner",8/31/2024,744808,10,100,2024
10,669211,"Akin, Keegan",6/24/2024,747021,10,100,2024
10,606965,"Devenski, Chris",3/29/2024,745117,34,29.4,2024
10,672710,"Contreras, Roansy",6/22/2024,746132,10,100,2024
10,608718,"Suter, Brent",5/28/2024,746709,10,100,2024
10,676962,"Brown, Ben",5/15/2024,747123,28,35.7,2024
10,657612,"Hill, Tim",6/28/2024,744922,10,100,2024
10,641149,"Parsons, Wes",4/3/2024,746407,29,34.5,2024
10,628452,"Iglesias, Raisel",6/23/2024,745727,10,100,2024
10,695243,"Miller, Mason",9/18/2024,746831,10,100,2024
10,661403,"Clase, Emmanuel",7/2/2024,746623,10,100,2024
10,656222,"Beeks, Jalen",7/19/2024,746531,16,62.5,2024
10,445276,"Jansen, Kenley",5/26/2024,746957,10,100,2024
10,669308,"Reynolds, Sean",7/19/2024,746618,10,100,2024
10,642207,"Williams, Devin",8/17/2024,745952,10,100,2024
10,656222,"Beeks, Jalen",5/3/2024,745510,10,100,2024
10,677053,"Nardi, Andrew",8/18/2024,745786,15,66.7,2024
10,667297,"Nance, Tommy",9/13/2024,744882,10,100,2024
10,621237,"Alvarado, José",6/14/2024,747025,10,100,2024
10,670280,"Bednar, David",8/20/2024,744978,10,100,2024
10,624647,"González, Victor",4/6/2024,745766,18,55.6,2024
10,445276,"Jansen, Kenley",6/30/2024,746938,10,100,2024
10,592094,"Adam, Jason",7/2/2024,746282,10,100,2024
10,669952,"White, Mitch",5/20/2024,746066,10,100,2024
10,608723,"Voth, Austin",4/21/2024,746572,10,100,2024
10,663568,"Kolek, Stephen",4/19/2024,745430,20,50,2024
10,621114,"Burr, Ryan",6/19/2024,744920,10,100,2024
10,695243,"Miller, Mason",6/18/2024,745650,10,100,2024
10,593974,"Peralta, Wandy",5/14/2024,745418,10,100,2024
10,607481,"Bummer, Aaron",5/14/2024,747124,10,100,2024
10,681982,"Anderson, Grant",5/14/2024,745014,10,100,2024
10,489446,"Yates, Kirby",7/6/2024,744995,10,100,2024
10,657044,"Thompson, Ryan",7/4/2024,746126,10,100,2024
10,552640,"Kittredge, Andrew",4/10/2024,745196,10,100,2024
10,642701,"Santana, Dennis",8/25/2024,745459,20,50,2024
10,671345,"Foley, Jason",6/25/2024,746454,10,100,2024
10,519151,"Pressly, Ryan",6/4/2024,746380,10,100,2024
10,643377,"Jax, Griffin",4/17/2024,747049,10,100,2024
10,656412,"Faedo, Alex",5/10/2024,746479,10,100,2024
10,687330,"Kelly, Kevin",6/7/2024,745083,10,100,2024
10,656222,"Beeks, Jalen",9/8/2024,745453,10,100,2024
10,621381,"Strahm, Matt",9/5/2024,746021,10,100,2024
10,445276,"Jansen, Kenley",4/28/2024,746967,10,100,2024
10,657097,"Webb, Jacob",5/2/2024,747044,13,76.9,2024
10,643410,"Leiter Jr., Mark",7/21/2024,746853,10,100,2024
10,690544,"Horn, Bailey",7/22/2024,746526,10,100,2024
10,664076,"Cleavinger, Garrett",6/22/2024,745486,10,100,2024
10,547973,"Chapman, Aroldis",5/19/2024,746880,10,100,2024
10,608334,"Fulmer, Carson",5/17/2024,745016,10,100,2024
10,664126,"Fairbanks, Pete",6/15/2024,747113,10,100,2024
10,671345,"Foley, Jason",9/15/2024,746419,10,100,2024
10,666214,"Wentz, Joey",6/9/2024,746463,10,100,2024
10,493603,"Ottavino, Adam",4/12/2024,745838,10,100,2024
10,592332,"Gausman, Kevin",8/8/2024,744899,100,10,2024
10,621381,"Strahm, Matt",8/9/2024,747168,10,100,2024
10,622766,"Díaz, Miguel",4/5/2024,745033,10,100,2024
10,596133,"Weaver, Luke",6/4/2024,745739,10,100,2024
10,621237,"Alvarado, José",6/3/2024,745569,10,100,2024
10,650671,"Quijada, José",9/25/2024,746742,10,100,2024
10,678692,"Henriquez, Ronny",8/20/2024,745374,10,100,2024
10,657571,"Ferguson, Caleb",8/24/2024,746996,13,76.9,2024
10,595014,"Treinen, Blake",8/25/2024,746106,10,100,2024
10,547973,"Chapman, Aroldis",6/26/2024,746695,10,100,2024
10,683627,"Molina, Anthony",6/15/2024,746547,10,100,2024
10,518886,"Kimbrel, Craig",7/5/2024,745639,10,100,2024
10,643511,"Rogers, Tyler",6/2/2024,745330,10,100,2024
10,543510,"McCann, James",7/6/2024,745642,10,100,2024
10,673380,"Núñez, Dedniel",6/4/2024,744850,15,66.7,2024
10,671345,"Foley, Jason",7/6/2024,746694,10,100,2024
10,664875,"Lawrence, Justin",4/23/2024,746566,10,100,2024
10,605130,"Barlow, Scott",9/3/2024,746264,10,100,2024
10,642520,"Garabito, Gerson",9/21/2024,744958,10,100,2024
10,656730,"Megill, Trevor",9/3/2024,745944,10,100,2024
10,676684,"Vest, Will",9/22/2024,746982,17,58.8,2024
10,605177,"Chafin, Andrew",6/11/2024,746464,10,100,2024
10,663432,"Rainey, Tanner",4/19/2024,744872,10,100,2024
10,692285,"Guerrero, Luis",9/13/2024,745696,10,100,2024
10,671922,"Smith, Cade",6/11/2024,746702,10,100,2024
10,683232,"Mears, Nick",8/3/2024,744823,10,100,2024
10,663423,"Thornton, Trent",4/14/2024,745271,10,100,2024
10,656945,"Scott, Tanner",9/20/2024,745364,10,100,2024
10,672582,"Zerpa, Angel",6/20/2024,745645,10,100,2024
10,686796,"Walston, Blake",9/23/2024,747150,10,100,2024
10,641755,"Kinley, Tyler",7/21/2024,746528,10,100,2024
10,662253,"Muñoz, Andrés",7/22/2024,745232,10,100,2024
10,606303,"Payamps, Joel",7/4/2024,746532,10,100,2024
10,693312,"Nicolas, Kyle",5/7/2024,745508,10,100,2024
10,664747,"Díaz, Alexis",8/7/2024,746031,10,100,2024
10,674944,"Guenther, Sean",9/6/2024,745611,10,100,2024
10,673513,"Matsui, Yuki",8/4/2024,745384,10,100,2024
10,679885,"Martinez, Justin",8/5/2024,746600,10,100,2024
10,664854,"Helsley, Ryan",4/30/2024,746477,10,100,2024
10,598286,"Ramirez, Nick",4/14/2024,746164,10,100,2024
10,656945,"Scott, Tanner",5/1/2024,746072,10,100,2024
10,683769,"Gaddis, Hunter",4/18/2024,746970,10,100,2024
10,669674,"Long, Sam",5/21/2024,746309,10,100,2024
10,657061,"Tucker, Cole",6/1/2024,745251,10,100,2024
10,595881,"Beede, Tyler",4/28/2024,747125,10,100,2024
10,608717,"Stratton, Chris",8/31/2024,746348,10,100,2024
10,643511,"Rogers, Tyler",5/22/2024,745502,10,100,2024
10,605121,"Anderson, Justin",7/30/2024,746763,10,100,2024
10,661403,"Clase, Emmanuel",8/13/2024,746601,10,100,2024
10,657044,"Thompson, Ryan",5/25/2024,747199,24,41.7,2024
10,683232,"Mears, Nick",7/29/2024,745959,10,100,2024
10,681911,"Vesia, Alex",7/30/2024,745389,10,100,2024
10,445276,"Jansen, Kenley",6/24/2024,746941,10,100,2024
10,666171,"Zeferjahn, Ryan",9/18/2024,746172,10,100,2024
10,621383,"Banks, Tanner",8/15/2024,745545,10,100,2024
10,661395,"Duran, Jhoan",5/17/2024,746641,10,100,2024
10,642048,"Saucedo, Tayler",5/4/2024,746394,10,100,2024
10,642232,"Yarbrough, Ryan",4/7/2024,746895,55,18.2,2024
10,595014,"Treinen, Blake",6/29/2024,745317,10,100,2024
10,643338,"Green, Chad",9/24/2024,744876,10,100,2024
10,519008,"McFarland, T.J.",6/20/2024,745645,10,100,2024
10,642397,"Soto, Gregory",6/19/2024,745561,10,100,2024
10,600986,"Vieira, Thyago",6/26/2024,747184,37,27,2024
10,622554,"Domínguez, Seranthony",7/28/2024,747008,10,100,2024
10,661403,"Clase, Emmanuel",5/5/2024,746643,10,100,2024
10,547184,"Kelly, Michael",4/9/2024,745030,10,100,2024
10,641771,"Kuhl, Chad",7/19/2024,746284,52,19.2,2024
10,661395,"Duran, Jhoan",7/24/2024,745877,10,100,2024
10,681911,"Vesia, Alex",6/24/2024,746780,10,100,2024
10,657571,"Ferguson, Caleb",6/19/2024,745732,10,100,2024
10,640462,"Puk, A.J.",7/13/2024,746687,10,100,2024
10,672582,"Zerpa, Angel",7/28/2024,746274,12,83.3,2024
10,673513,"Matsui, Yuki",6/26/2024,745400,10,100,2024
10,689225,"Brieske, Beau",6/14/2024,746378,15,66.7,2024
10,607179,"Weems, Jordan",6/18/2024,744843,10,100,2024
10,689147,"Kerkering, Orion",6/4/2024,745568,10,100,2024
10,640448,"Finnegan, Kyle",4/25/2024,744867,10,100,2024
10,666974,"Cano, Yennier",4/3/2024,747059,10,100,2024
10,623149,"Sewald, Paul",5/19/2024,747198,10,100,2024
10,472610,"García, Luis",8/21/2024,746350,10,100,2024
10,571670,"Floro, Dylan",7/28/2024,745145,15,66.7,2024
10,666214,"Wentz, Joey",8/24/2024,746756,13,76.9,2024
10,528748,"Castellanos, Humberto",7/6/2024,745395,10,100,2024
10,528748,"Castellanos, Humberto",7/5/2024,745398,31,32.3,2024
10,669461,"Liberatore, Matthew",7/3/2024,745487,20,50,2024
10,690829,"Joyce, Ben",6/25/2024,746213,10,100,2024
10,676254,"Walker, Ryan",8/8/2024,744819,10,100,2024
10,518585,"Cruz, Fernando",6/4/2024,746550,10,100,2024
10,518585,"Cruz, Fernando",8/4/2024,746680,10,100,2024
10,686747,"La Sorsa, Joe",9/22/2024,746825,10,100,2024
10,621345,"Minter, A.J.",4/14/2024,746079,10,100,2024
10,690829,"Joyce, Ben",9/3/2024,746185,10,100,2024
10,640448,"Finnegan, Kyle",5/7/2024,744859,10,100,2024
10,663432,"Rainey, Tanner",9/20/2024,746824,12,83.3,2024
10,518397,"Alexander, Scott",6/4/2024,745656,10,100,2024
10,663947,"Holton, Tyler",8/8/2024,745226,13,76.9,2024
10,687330,"Kelly, Kevin",5/30/2024,745081,17,58.8,2024
10,664849,"Young, Danny",9/7/2024,745775,10,100,2024
10,686580,"Slaten, Justin",9/8/2024,746910,10,100,2024
10,519008,"McFarland, T.J.",4/28/2024,747045,10,100,2024
10,663893,"Little, Brendon",5/1/2024,744939,10,100,2024
10,640462,"Puk, A.J.",8/31/2024,747158,16,62.5,2024
10,571771,"Hernández, Enrique",8/3/2024,745636,10,100,2024
10,660600,"Paredes, Enoli",6/22/2024,745402,10,100,2024
10,650893,"Cabrera, Génesis",8/16/2024,746843,10,100,2024
10,669111,"McMillon, John",8/16/2024,745784,20,50,2024
10,650893,"Cabrera, Génesis",6/18/2024,744917,10,100,2024
10,657044,"Thompson, Ryan",9/20/2024,745934,10,100,2024
10,643511,"Rogers, Tyler",9/15/2024,745287,10,100,2024
10,669461,"Liberatore, Matthew",9/21/2024,745124,10,100,2024
10,605463,"Scott, Tayler",4/6/2024,745031,10,100,2024
10,605154,"Brebbia, John",6/30/2024,746779,10,100,2024
10,592773,"Stanek, Ryne",7/12/2024,746207,10,100,2024
10,642232,"Yarbrough, Ryan",7/19/2024,746123,10,100,2024
10,669461,"Liberatore, Matthew",9/27/2024,745280,10,100,2024
10,606930,"Barnes, Jacob",5/8/2024,744858,10,100,2024
10,661403,"Clase, Emmanuel",5/8/2024,746640,10,100,2024
10,472610,"García, Luis",5/29/2024,746228,10,100,2024
10,643338,"Green, Chad",7/4/2024,744912,10,100,2024
10,554340,"García, Yimi",6/5/2024,744927,10,100,2024
10,608032,"Estévez, Carlos",6/3/2024,746224,10,100,2024
10,641835,"Mayza, Tim",6/4/2024,744931,10,100,2024
10,676130,"Buttó, José",9/3/2024,745778,19,52.6,2024
10,656266,"Bukauskas, J.B.",4/10/2024,746728,10,100,2024
10,656876,"Rasmussen, Drew",9/3/2024,745047,22,45.5,2024
10,663432,"Rainey, Tanner",8/7/2024,744822,10,100,2024
10,672710,"Contreras, Roansy",8/7/2024,745713,10,100,2024
10,677020,"Walker, Josh",5/22/2024,746634,10,100,2024
10,554340,"García, Yimi",4/22/2024,746319,10,100,2024
10,595014,"Treinen, Blake",8/3/2024,745636,10,100,2024
10,608638,"Chargois, JT",7/7/2024,746039,10,100,2024
10,455119,"Martin, Chris",5/1/2024,746966,10,100,2024
10,608638,"Chargois, JT",9/20/2024,744960,10,100,2024
10,606303,"Payamps, Joel",6/10/2024,745982,10,100,2024
10,623352,"Hader, Josh",6/10/2024,745334,10,100,2024
10,682990,"Priester, Quinn",7/27/2024,747171,65,15.4,2024
10,680767,"Vodnik, Victor",9/20/2024,746094,10,100,2024
10,547184,"Kelly, Michael",4/15/2024,745677,25,40,2024
10,686642,"Ellard, Fraser",9/25/2024,746742,10,100,2024
10,656945,"Scott, Tanner",6/21/2024,746052,10,100,2024
10,552640,"Kittredge, Andrew",9/1/2024,745701,10,100,2024
10,605177,"Chafin, Andrew",7/22/2024,746612,10,100,2024
10,663485,"Sands, Cole",7/20/2024,745880,10,100,2024
10,621242,"Díaz, Edwin",8/30/2024,746749,10,100,2024
10,595345,"Okert, Steven",5/31/2024,746387,10,100,2024
10,623352,"Hader, Josh",8/29/2024,746352,10,100,2024
10,519326,"Strickland, Hunter",4/12/2024,746978,10,100,2024
10,676617,"O'Brien, Riley",9/8/2024,745128,27,37,2024
10,666149,"Fitzgerald, Tyler",3/31/2024,745438,10,100,2024
10,683769,"Gaddis, Hunter",8/28/2024,746589,10,100,2024
10,642546,"Hernández, Jonathan",5/2/2024,745021,10,100,2024
10,663568,"Kolek, Stephen",4/28/2024,745428,10,100,2024
10,681982,"Anderson, Grant",5/10/2024,746553,16,62.5,2024
10,641712,"Hudson, Dakota",5/31/2024,746140,101,9.9,2024
10,668941,"Romero, JoJo",7/31/2024,745148,10,100,2024
10,663158,"Suarez, Robert",7/30/2024,745389,10,100,2024
10,571670,"Floro, Dylan",4/29/2024,746074,16,62.5,2024
10,663704,"McArthur, James",7/29/2024,746765,10,100,2024
10,663878,"Pearson, Nate",6/24/2024,746941,10,100,2024
10,623352,"Hader, Josh",8/13/2024,745055,10,100,2024
10,658648,"Avila, Pedro",5/27/2024,746549,23,43.5,2024
10,642121,"Sulser, Cole",8/12/2024,745058,10,100,2024
10,683769,"Gaddis, Hunter",5/28/2024,746552,10,100,2024
10,664126,"Fairbanks, Pete",6/24/2024,745078,10,100,2024
10,669461,"Liberatore, Matthew",8/29/2024,745135,10,100,2024
10,656222,"Beeks, Jalen",7/21/2024,746528,10,100,2024
10,608638,"Chargois, JT",6/26/2024,746291,10,100,2024
10,670280,"Bednar, David",4/21/2024,745514,10,100,2024
10,643511,"Rogers, Tyler",5/11/2024,745344,10,100,2024
10,663423,"Thornton, Trent",8/2/2024,745224,10,100,2024
10,663878,"Pearson, Nate",9/13/2024,746509,10,100,2024
10,669093,"Estrada, Jeremiah",9/13/2024,745286,10,100,2024
10,663704,"McArthur, James",6/24/2024,746298,10,100,2024
10,641656,"Hamilton, Ian",9/18/2024,745199,10,100,2024
10,655889,"Rodríguez, Manuel",9/27/2024,746904,10,100,2024
10,686973,"Varland, Louis",9/18/2024,746582,10,100,2024
10,623149,"Sewald, Paul",6/29/2024,747186,10,100,2024
10,687863,"Hodge, Porter",7/27/2024,746278,12,83.3,2024
10,571946,"Miller, Shelby",6/25/2024,746454,10,100,2024
10,643511,"Rogers, Tyler",6/12/2024,745328,10,100,2024
10,542585,"Cisnero, José",8/17/2024,746190,31,32.3,2024
10,672335,"Pérez, Cionel",8/14/2024,747000,10,100,2024
10,643511,"Rogers, Tyler",8/20/2024,745295,10,100,2024
10,640451,"Harvey, Hunter",4/7/2024,744871,10,100,2024
10,676254,"Walker, Ryan",4/7/2024,745362,10,100,2024
10,668984,"Legumina, Casey",9/15/2024,745852,23,43.5,2024
10,663947,"Holton, Tyler",7/19/2024,744911,10,100,2024
10,671345,"Foley, Jason",7/28/2024,746445,10,100,2024
10,656546,"Hoffman, Jeff",8/18/2024,745539,10,100,2024
10,640448,"Finnegan, Kyle",7/2/2024,744838,10,100,2024
10,621381,"Strahm, Matt",7/28/2024,745550,10,100,2024
10,666214,"Wentz, Joey",8/21/2024,746837,10,100,2024
10,669270,"Kuhnel, Joel",8/19/2024,745620,10,100,2024
10,661395,"Duran, Jhoan",6/19/2024,745887,10,100,2024
10,664351,"Contreras, Luis",6/30/2024,745802,10,100,2024
10,679885,"Martinez, Justin",7/12/2024,747175,10,100,2024
10,669093,"Estrada, Jeremiah",6/24/2024,745397,10,100,2024
10,518886,"Kimbrel, Craig",6/5/2024,744927,10,100,2024
10,605280,"Holmes, Clay",6/7/2024,745737,10,100,2024
10,657044,"Thompson, Ryan",4/2/2024,747220,10,100,2024
10,670280,"Bednar, David",5/23/2024,745500,10,100,2024
10,623352,"Hader, Josh",5/24/2024,745663,10,100,2024
10,643377,"Jax, Griffin",5/24/2024,745905,10,100,2024
10,606303,"Payamps, Joel",5/24/2024,746956,10,100,2024
10,608371,"Sims, Lucas",5/23/2024,746714,10,100,2024
10,595014,"Treinen, Blake",5/6/2024,746149,10,100,2024
10,661395,"Duran, Jhoan",7/10/2024,746773,10,100,2024
10,670167,"Schreiber, John",8/26/2024,746628,15,66.7,2024
10,622251,"Staumont, Josh",6/9/2024,745491,10,100,2024
10,656945,"Scott, Tanner",8/26/2024,745133,10,100,2024
10,643338,"Green, Chad",6/9/2024,745651,16,62.5,2024
10,668800,"Knizner, Andrew",6/11/2024,746139,19,52.6,2024
10,608717,"Stratton, Chris",8/24/2024,746271,19,52.6,2024
10,606149,"Gallegos, Giovanny",7/24/2024,745472,20,50,2024
10,641729,"Jiménez, Joe",7/3/2024,747100,10,100,2024
10,621242,"Díaz, Edwin",7/6/2024,745476,10,100,2024
10,518397,"Alexander, Scott",6/7/2024,745655,10,100,2024
10,656716,"McKinstry, Zach",4/13/2024,746489,10,100,2024
10,663704,"McArthur, James",6/6/2024,746631,10,100,2024
10,571670,"Floro, Dylan",5/10/2024,746964,10,100,2024
10,623465,"Phillips, Evan",8/9/2024,746113,10,100,2024
10,642397,"Soto, Gregory",6/1/2024,745575,10,100,2024
10,693312,"Nicolas, Kyle",8/8/2024,745466,10,100,2024
10,671345,"Foley, Jason",9/7/2024,745613,10,100,2024
10,686539,"Cronin, Declan",6/17/2024,746055,10,100,2024
10,676254,"Walker, Ryan",9/7/2024,745372,10,100,2024
10,656546,"Hoffman, Jeff",5/17/2024,745579,10,100,2024
10,519326,"Strickland, Hunter",4/27/2024,746245,10,100,2024
10,622250,"Sborz, Josh",7/8/2024,746208,10,100,2024
10,695243,"Miller, Mason",5/1/2024,745670,10,100,2024
10,650556,"Abreu, Bryan",9/1/2024,746347,10,100,2024
10,663568,"Kolek, Stephen",6/8/2024,745410,27,37,2024
10,669203,"Burnes, Corbin",7/25/2024,746037,96,10.4,2024
10,595014,"Treinen, Blake",5/25/2024,746710,10,100,2024
10,605154,"Brebbia, John",9/15/2024,747071,10,100,2024
10,676680,"Cosgrove, Tom",4/6/2024,745359,10,100,2024
10,552640,"Kittredge, Andrew",4/21/2024,745192,10,100,2024
10,670174,"Winckowski, Josh",9/2/2024,745779,48,20.8,2024
10,543056,"Coulombe, Danny",4/3/2024,747059,13,76.9,2024
10,668941,"Romero, JoJo",9/19/2024,745120,10,100,2024
10,552640,"Kittredge, Andrew",7/21/2024,747094,10,100,2024
10,606303,"Payamps, Joel",5/3/2024,746890,10,100,2024
10,548384,"Raley, Brooks",4/1/2024,745842,10,100,2024
10,613534,"Adams, Austin",5/30/2024,745081,10,100,2024
10,669093,"Estrada, Jeremiah",7/3/2024,744998,10,100,2024
10,542888,"Armstrong, Shawn",8/8/2024,745143,10,100,2024
10,687863,"Hodge, Porter",5/22/2024,746876,10,100,2024
10,656786,"Mushinski, Parker",5/20/2024,746390,10,100,2024
10,640451,"Harvey, Hunter",5/24/2024,744853,10,100,2024
10,621345,"Minter, A.J.",3/29/2024,745604,10,100,2024
10,655889,"Rodríguez, Manuel",5/16/2024,746959,10,100,2024
10,621366,"Borucki, Ryan",3/28/2024,746089,14,71.4,2024
10,571670,"Floro, Dylan",6/8/2024,744848,10,100,2024
10,657508,"Baumann, Mike",5/1/2024,747048,24,41.7,2024
10,679885,"Martinez, Justin",9/19/2024,745937,10,100,2024
10,656464,"Ginkel, Kevin",9/27/2024,747145,10,100,2024
10,683769,"Gaddis, Hunter",4/16/2024,746976,10,100,2024
10,669211,"Akin, Keegan",7/21/2024,744991,10,100,2024
10,687911,"King, Bryan",7/3/2024,744915,10,100,2024
10,621237,"Alvarado, José",4/13/2024,745594,10,100,2024
10,676760,"Marinaccio, Ron",4/13/2024,746658,10,100,2024
10,502624,"Anderson, Chase",5/29/2024,747031,28,35.7,2024
10,666808,"Doval, Camilo",8/31/2024,745296,10,100,2024
10,657044,"Thompson, Ryan",5/30/2024,745819,24,41.7,2024
10,665625,"Peguero, Elvis",9/8/2024,745940,10,100,2024
10,657585,"Garrett, Reed",9/21/2024,745768,10,100,2024
10,666720,"Rodríguez, Yerry",5/10/2024,746553,10,100,2024
10,656629,"Kopech, Michael",5/8/2024,745097,10,100,2024
10,622251,"Staumont, Josh",6/1/2024,746384,10,100,2024
10,663992,"Lovelady, Richard",5/30/2024,745081,10,100,2024
10,670280,"Bednar, David",5/29/2024,746468,10,100,2024
10,663321,"Hernandez, Nick",9/6/2024,746343,10,100,2024
10,655889,"Rodríguez, Manuel",7/11/2024,745065,10,100,2024
10,663687,"Harris, Hogan",8/29/2024,746670,25,40,2024
10,592094,"Adam, Jason",9/13/2024,745286,10,100,2024
10,660853,"De Los Santos, Enyel",8/2/2024,745719,21,47.6,2024
10,656629,"Kopech, Michael",7/8/2024,746771,10,100,2024
10,547184,"Kelly, Michael",5/28/2024,745091,23,43.5,2024
10,687911,"King, Bryan",8/11/2024,746923,10,100,2024
10,683769,"Gaddis, Hunter",8/2/2024,746605,10,100,2024
10,670167,"Schreiber, John",5/5/2024,746314,10,100,2024
10,605130,"Barlow, Scott",5/26/2024,746230,10,100,2024
10,664854,"Helsley, Ryan",6/30/2024,745154,10,100,2024
10,664854,"Helsley, Ryan",4/8/2024,745194,10,100,2024
10,647315,"Pop, Zach",8/12/2024,746192,10,100,2024
10,685116,"Kitchen, Austin",8/28/2024,746512,33,30.3,2024
10,661403,"Clase, Emmanuel",8/12/2024,746603,10,100,2024
10,672335,"Pérez, Cionel",9/14/2024,746422,10,100,2024
10,519043,"Moore, Matt",4/1/2024,746085,10,100,2024
10,656629,"Kopech, Michael",7/14/2024,746769,10,100,2024
10,592773,"Stanek, Ryne",5/25/2024,744851,10,100,2024
10,571670,"Floro, Dylan",6/9/2024,744849,10,100,2024
10,621363,"Poche, Colin",6/26/2024,745073,10,100,2024
10,573124,"Rogers, Taylor",4/9/2024,745357,10,100,2024
10,663704,"McArthur, James",6/8/2024,746300,10,100,2024
10,681432,"Little, Luke",6/4/2024,746872,10,100,2024
10,668943,"Miller, Ryan",9/4/2024,746178,10,100,2024
10,656730,"Megill, Trevor",5/25/2024,746958,10,100,2024
10,519151,"Pressly, Ryan",5/24/2024,745663,10,100,2024
10,668968,"Crouse, Hans",7/8/2024,746208,10,100,2024
10,622098,"Smith, Drew",6/9/2024,745571,10,100,2024
10,671345,"Foley, Jason",6/8/2024,746461,10,100,2024
10,543339,"Hudson, Daniel",8/12/2024,745953,10,100,2024
10,608371,"Sims, Lucas",7/28/2024,745063,10,100,2024
10,642232,"Yarbrough, Ryan",7/24/2024,746119,10,100,2024
10,670280,"Bednar, David",9/24/2024,745441,10,100,2024
10,571948,"Milner, Hoby",7/22/2024,746850,32,31.3,2024
10,656945,"Scott, Tanner",8/19/2024,745380,10,100,2024
10,667463,"King, John",6/26/2024,745157,10,100,2024
10,678226,"Hernández, Daysbel",9/29/2024,747061,25,40,2024
10,683769,"Gaddis, Hunter",9/19/2024,746579,10,100,2024
10,650893,"Cabrera, Génesis",6/15/2024,744925,10,100,2024
10,472610,"García, Luis",5/10/2024,746240,10,100,2024
10,650893,"Cabrera, Génesis",5/10/2024,744940,10,100,2024
10,642629,"Ramirez, Emmanuel",4/30/2024,746073,10,100,2024
10,657571,"Ferguson, Caleb",4/28/2024,746001,10,100,2024
10,663574,"Santillan, Tony",8/13/2024,746673,10,100,2024
10,672578,"Hernández, Carlos",8/30/2024,746353,10,100,2024
10,519293,"Smith, Will",7/29/2024,746765,10,100,2024
10,621051,"Wilson, Steven",8/14/2024,746759,10,100,2024
10,605280,"Holmes, Clay",4/26/2024,746000,10,100,2024
10,670950,"Richards, Trevor",7/4/2024,744912,21,47.6,2024
10,640448,"Finnegan, Kyle",4/12/2024,745679,10,100,2024
10,672582,"Zerpa, Angel",8/12/2024,745874,10,100,2024
10,543351,"Jackson, Jay",4/13/2024,746489,10,100,2024
10,608032,"Estévez, Carlos",9/11/2024,745525,10,100,2024
10,595978,"Hedges, Austin",7/11/2024,746452,20,50,2024
10,642100,"Speier, Gabe",4/6/2024,746006,10,100,2024
10,455119,"Martin, Chris",6/30/2024,746938,10,100,2024
10,622088,"Antone, Tejay",4/5/2024,746733,10,100,2024
10,671345,"Foley, Jason",5/14/2024,746473,10,100,2024
10,643377,"Jax, Griffin",8/27/2024,745864,10,100,2024
10,668941,"Romero, JoJo",7/2/2024,745482,10,100,2024
10,622098,"Smith, Drew",6/3/2024,744854,10,100,2024
10,656412,"Faedo, Alex",6/2/2024,746953,15,66.7,2024
10,661403,"Clase, Emmanuel",9/2/2024,746265,10,100,2024
10,674370,"Bido, Osvaldo",6/29/2024,747186,62,16.1,2024
10,668674,"Erceg, Lucas",7/4/2024,745641,10,100,2024
10,622786,"Tinoco, Jesus",8/13/2024,745548,10,100,2024
10,657024,"Swanson, Erik",5/17/2024,744934,10,100,2024
10,663423,"Thornton, Trent",8/7/2024,745223,10,100,2024
10,622786,"Tinoco, Jesus",6/7/2024,745008,10,100,2024
10,672851,"Adon, Joan",8/8/2024,744819,10,100,2024
10,657097,"Webb, Jacob",3/30/2024,747063,10,100,2024
10,666277,"Soriano, George",3/29/2024,746091,10,100,2024
10,667755,"Soriano, José",3/31/2024,747062,34,29.4,2024
10,661403,"Clase, Emmanuel",7/13/2024,745067,10,100,2024
10,656716,"McKinstry, Zach",6/7/2024,746466,10,100,2024
10,663432,"Rainey, Tanner",6/5/2024,744852,10,100,2024
10,571946,"Miller, Shelby",7/20/2024,744910,10,100,2024
10,605452,"Ross, Joe",9/19/2024,745937,10,100,2024
10,445276,"Jansen, Kenley",7/4/2024,746043,10,100,2024
10,445926,"Chavez, Jesse",7/5/2024,747097,33,30.3,2024
10,668941,"Romero, JoJo",8/3/2024,746846,10,100,2024
10,674444,"Cruz, Steven",9/21/2024,746255,10,100,2024
10,621237,"Alvarado, José",5/31/2024,745574,10,100,2024
10,676395,"Garcia, Robert",9/7/2024,745456,10,100,2024
10,519043,"Moore, Matt",5/25/2024,746226,10,100,2024
10,643377,"Jax, Griffin",5/1/2024,746800,10,100,2024
10,686539,"Cronin, Declan",9/4/2024,746019,10,100,2024
10,656887,"Reid-Foley, Sean",4/27/2024,745833,10,100,2024
10,596117,"Stubbs, Garrett",8/2/2024,745224,10,100,2024
10,628452,"Iglesias, Raisel",8/1/2024,747092,10,100,2024
10,571670,"Floro, Dylan",6/23/2024,746536,14,71.4,2024
10,605155,"Brewer, Colten",6/24/2024,745323,10,100,2024
10,669276,"Lee, Dylan",6/21/2024,745729,10,100,2024
10,573009,"Mantiply, Joe",5/25/2024,747199,10,100,2024
10,642100,"Speier, Gabe",5/27/2024,745254,10,100,2024
10,571882,"Law, Derek",5/20/2024,744857,24,41.7,2024
10,592094,"Adam, Jason",8/11/2024,746025,10,100,2024
10,542888,"Armstrong, Shawn",8/12/2024,746682,22,45.5,2024
10,628452,"Iglesias, Raisel",8/10/2024,746520,10,100,2024
9,605130,"Barlow, Scott",4/27/2024,747131,9,100,2024
9,605177,"Chafin, Andrew",7/14/2024,746449,14,64.3,2024
9,592094,"Adam, Jason",6/19/2024,745887,9,100,2024
9,666745,"Brito, Jhony",6/8/2024,745410,9,100,2024
9,656232,"Bielak, Brandon",4/8/2024,745034,23,39.1,2024
9,664854,"Helsley, Ryan",6/23/2024,745165,9,100,2024
9,663992,"Lovelady, Richard",8/12/2024,745058,24,37.5,2024
9,686580,"Slaten, Justin",9/11/2024,746908,9,100,2024
9,666745,"Brito, Jhony",3/20/2024,745444,9,100,2024
9,642232,"Yarbrough, Ryan",3/21/2024,746175,38,23.7,2024
9,656546,"Hoffman, Jeff",9/17/2024,745935,9,100,2024
9,666171,"Zeferjahn, Ryan",9/16/2024,746179,9,100,2024
9,687911,"King, Bryan",9/18/2024,745365,9,100,2024
9,666808,"Doval, Camilo",5/25/2024,745823,9,100,2024
9,641656,"Hamilton, Ian",4/9/2024,745762,17,52.9,2024
9,670059,"Holderman, Colin",5/4/2024,745511,9,100,2024
9,663158,"Suarez, Robert",4/21/2024,745434,9,100,2024
9,669711,"Weissert, Greg",9/14/2024,745689,9,100,2024
9,612434,"Castro, Miguel",4/5/2024,747143,9,100,2024
9,695243,"Miller, Mason",9/11/2024,746342,9,100,2024
9,681402,"Varland, Gus",8/20/2024,745295,9,100,2024
9,605154,"Brebbia, John",6/25/2024,746775,9,100,2024
9,493603,"Ottavino, Adam",6/2/2024,745813,9,100,2024
9,660853,"De Los Santos, Enyel",6/4/2024,746222,24,37.5,2024
9,571882,"Law, Derek",7/25/2024,744827,9,100,2024
9,663893,"Little, Brendon",7/14/2024,747176,12,75,2024
9,686580,"Slaten, Justin",6/19/2024,744920,24,37.5,2024
9,664854,"Helsley, Ryan",4/26/2024,745835,9,100,2024
9,656222,"Beeks, Jalen",8/18/2024,745464,9,100,2024
9,663878,"Pearson, Nate",5/17/2024,744934,9,100,2024
9,543351,"Jackson, Jay",4/2/2024,746009,24,37.5,2024
9,656550,"Holmes, Grant",7/8/2024,747181,30,30,2024
9,663158,"Suarez, Robert",8/20/2024,745374,9,100,2024
9,664126,"Fairbanks, Pete",5/14/2024,746962,9,100,2024
9,670280,"Bednar, David",8/17/2024,745463,9,100,2024
9,680880,"Holman, Grant",9/25/2024,745607,9,100,2024
9,663574,"Santillan, Tony",9/29/2024,746820,9,100,2024
9,656464,"Ginkel, Kevin",4/13/2024,747215,9,100,2024
9,592094,"Adam, Jason",6/28/2024,745070,9,100,2024
9,623465,"Phillips, Evan",7/23/2024,746118,9,100,2024
9,573204,"Thielbar, Caleb",7/6/2024,745885,9,100,2024
9,554431,"Matzek, Tyler",4/28/2024,747125,9,100,2024
9,605280,"Holmes, Clay",4/23/2024,745754,9,100,2024
9,445276,"Jansen, Kenley",9/12/2024,745695,9,100,2024
9,664747,"Díaz, Alexis",5/21/2024,746716,9,100,2024
9,683232,"Mears, Nick",6/23/2024,746536,21,42.9,2024
9,608717,"Stratton, Chris",8/17/2024,746675,9,100,2024
9,664126,"Fairbanks, Pete",8/14/2024,745053,9,100,2024
9,605347,"López, Jorge",9/18/2024,746831,9,100,2024
9,670970,"Morejon, Adrian",9/17/2024,745366,9,100,2024
9,672710,"Contreras, Roansy",6/14/2024,745326,9,100,2024
9,593576,"Neris, Héctor",7/10/2024,747015,9,100,2024
9,683769,"Gaddis, Hunter",7/14/2024,745066,9,100,2024
9,606303,"Payamps, Joel",4/21/2024,745192,9,100,2024
9,455119,"Martin, Chris",4/2/2024,745680,9,100,2024
9,683155,"Estes, Joey",7/26/2024,746200,39,23.1,2024
9,672335,"Pérez, Cionel",5/4/2024,746720,9,100,2024
9,642629,"Ramirez, Emmanuel",4/29/2024,746074,10,90,2024
9,628452,"Iglesias, Raisel",6/6/2024,744844,9,100,2024
9,643410,"Leiter Jr., Mark",8/26/2024,744813,14,64.3,2024
9,621363,"Poche, Colin",6/13/2024,745075,9,100,2024
9,640448,"Finnegan, Kyle",6/2/2024,746632,9,100,2024
9,596295,"Gomber, Austin",9/5/2024,747073,92,9.8,2024
9,670280,"Bednar, David",9/3/2024,746834,9,100,2024
9,605177,"Chafin, Andrew",4/24/2024,745099,9,100,2024
9,664854,"Helsley, Ryan",5/20/2024,745181,9,100,2024
9,571771,"Hernández, Enrique",9/14/2024,747070,9,100,2024
9,678495,"Rodríguez, Randy",5/23/2024,745500,9,100,2024
9,643511,"Rogers, Tyler",7/4/2024,747103,9,100,2024
9,670059,"Holderman, Colin",5/18/2024,746882,9,100,2024
9,646242,"Díaz, Jhonathan",9/4/2024,745614,9,100,2024
9,608717,"Stratton, Chris",5/8/2024,746312,9,100,2024
9,662253,"Muñoz, Andrés",5/12/2024,745255,9,100,2024
9,676568,"Vanasco, Ricky",9/5/2024,745369,9,100,2024
9,657044,"Thompson, Ryan",3/31/2024,747222,9,100,2024
9,657265,"Strzelecki, Peter",7/21/2024,746610,20,45,2024
9,623352,"Hader, Josh",7/4/2024,744912,9,100,2024
9,671345,"Foley, Jason",8/6/2024,745221,9,100,2024
9,594580,"Moll, Sam",8/6/2024,746033,9,100,2024
9,668338,"Miller, Tyson",4/15/2024,745268,9,100,2024
9,643511,"Rogers, Tyler",5/10/2024,745340,9,100,2024
9,664076,"Cleavinger, Garrett",5/30/2024,745081,9,100,2024
9,657571,"Ferguson, Caleb",5/21/2024,745742,9,100,2024
9,445276,"Jansen, Kenley",7/5/2024,745725,9,100,2024
9,608032,"Estévez, Carlos",7/31/2024,745543,9,100,2024
9,656234,"Bird, Jake",8/29/2024,746514,36,25,2024
9,664126,"Fairbanks, Pete",8/10/2024,745056,9,100,2024
9,671345,"Foley, Jason",4/30/2024,746477,9,100,2024
9,622786,"Tinoco, Jesus",8/29/2024,746514,21,42.9,2024
9,678606,"Ferrer, Jose A.",9/1/2024,744806,12,75,2024
9,656412,"Faedo, Alex",5/19/2024,747198,31,29,2024
9,572143,"Smith, Burch",7/31/2024,747003,9,100,2024
9,592454,"Kahnle, Tommy",8/10/2024,745708,9,100,2024
9,601713,"Pivetta, Nick",6/26/2024,746942,93,9.7,2024
9,663704,"McArthur, James",8/5/2024,746276,9,100,2024
9,675627,"Grove, Michael",8/11/2024,746114,9,100,2024
9,664208,"Maton, Phil",6/30/2024,745072,9,100,2024
9,643511,"Rogers, Tyler",7/12/2024,745312,9,100,2024
9,547973,"Chapman, Aroldis",7/11/2024,745967,9,100,2024
9,663947,"Holton, Tyler",7/12/2024,746450,9,100,2024
9,672335,"Pérez, Cionel",7/12/2024,747012,9,100,2024
9,624647,"González, Victor",4/1/2024,747218,9,100,2024
9,689225,"Brieske, Beau",7/9/2024,746451,30,30,2024
9,663485,"Sands, Cole",8/17/2024,744977,9,100,2024
9,668941,"Romero, JoJo",4/1/2024,745437,9,100,2024
9,676661,"Lazar, Max",8/24/2024,746271,9,100,2024
9,671922,"Smith, Cade",8/26/2024,746596,9,100,2024
9,605121,"Anderson, Justin",6/25/2024,746775,9,100,2024
9,643377,"Jax, Griffin",8/18/2024,744975,9,100,2024
9,670102,"Francis, Bowden",9/11/2024,744881,111,8.1,2024
9,518617,"Diekman, Jake",6/3/2024,744854,9,100,2024
9,676702,"Stratton, Hunter",6/9/2024,745491,15,60,2024
9,605177,"Chafin, Andrew",7/25/2024,746609,15,60,2024
9,670955,"Uceta, Edwin",8/20/2024,745624,9,100,2024
9,676130,"Buttó, José",7/13/2024,745798,41,22,2024
9,656629,"Kopech, Michael",7/10/2024,746772,9,100,2024
9,666204,"Jiménez, Dany",4/2/2024,745680,9,100,2024
9,656550,"Holmes, Grant",6/19/2024,747106,9,100,2024
9,547179,"Lorenzen, Michael",7/28/2024,744902,55,16.4,2024
9,621242,"Díaz, Edwin",6/18/2024,745004,9,100,2024
9,681882,"Selby, Colin",5/3/2024,746318,9,100,2024
9,502085,"Robertson, David",7/6/2024,744995,9,100,2024
9,663568,"Kolek, Stephen",6/25/2024,745399,24,37.5,2024
9,608032,"Estévez, Carlos",6/28/2024,746214,9,100,2024
9,663158,"Suarez, Robert",3/28/2024,745445,9,100,2024
9,669796,"Hernandez, Jose E.",3/30/2024,746087,9,100,2024
9,670766,"McCaughan, Darren",9/26/2024,745853,9,100,2024
9,621383,"Banks, Tanner",6/13/2024,745245,9,100,2024
9,683769,"Gaddis, Hunter",9/22/2024,745118,9,100,2024
9,519326,"Strickland, Hunter",6/3/2024,746224,14,64.3,2024
9,543339,"Hudson, Daniel",6/14/2024,746134,9,100,2024
9,608032,"Estévez, Carlos",6/4/2024,746222,9,100,2024
9,674944,"Guenther, Sean",9/28/2024,746414,9,100,2024
9,518585,"Cruz, Fernando",7/22/2024,747095,9,100,2024
9,458677,"Wilson, Justin",4/30/2024,745426,9,100,2024
9,672710,"Contreras, Roansy",9/3/2024,746185,9,100,2024
9,656464,"Ginkel, Kevin",4/28/2024,745265,9,100,2024
9,448179,"Hill, Rich",8/31/2024,746424,10,90,2024
9,656222,"Beeks, Jalen",7/22/2024,746526,9,100,2024
9,519326,"Strickland, Hunter",7/30/2024,746197,9,100,2024
9,640448,"Finnegan, Kyle",6/16/2024,744839,9,100,2024
9,518617,"Diekman, Jake",5/28/2024,745818,9,100,2024
9,608032,"Estévez, Carlos",5/21/2024,746385,9,100,2024
9,608334,"Fulmer, Carson",7/5/2024,746859,9,100,2024
9,663567,"Lambert, Peter",8/17/2024,746515,41,22,2024
9,669062,"Miller, Erik",9/14/2024,745284,9,100,2024
9,677955,"Hill, Jaden",9/10/2024,746428,9,100,2024
9,680704,"Sandlin, Nick",7/5/2024,746620,9,100,2024
9,542585,"Cisnero, José",4/12/2024,746978,9,100,2024
9,608032,"Estévez, Carlos",7/24/2024,745231,9,100,2024
9,518886,"Kimbrel, Craig",4/20/2024,746324,9,100,2024
9,642701,"Santana, Dennis",6/13/2024,745168,9,100,2024
9,621016,"Cuas, Jose",4/2/2024,746898,37,24.3,2024
9,621294,"Heller, Ben",8/18/2024,745464,20,45,2024
9,592773,"Stanek, Ryne",6/28/2024,745238,9,100,2024
9,640448,"Finnegan, Kyle",6/15/2024,744846,9,100,2024
9,543859,"Tonkin, Michael",6/5/2024,745740,9,100,2024
9,643511,"Rogers, Tyler",8/12/2024,745300,9,100,2024
9,666974,"Cano, Yennier",4/26/2024,747050,15,60,2024
9,593576,"Neris, Héctor",4/13/2024,745272,9,100,2024
9,543056,"Coulombe, Danny",5/24/2024,746793,9,100,2024
9,571946,"Miller, Shelby",8/9/2024,745308,9,100,2024
9,693312,"Nicolas, Kyle",6/12/2024,745171,21,42.9,2024
9,702352,"Bivens, Spencer",7/27/2024,745310,9,100,2024
9,700249,"Povich, Cade",9/3/2024,746991,98,9.2,2024
9,657044,"Thompson, Ryan",6/20/2024,744841,9,100,2024
9,669211,"Akin, Keegan",9/25/2024,745690,9,100,2024
9,656638,"Lange, Alex",5/8/2024,746640,9,100,2024
9,472610,"García, Luis",7/21/2024,745633,9,100,2024
9,608032,"Estévez, Carlos",7/22/2024,745232,9,100,2024
9,518397,"Alexander, Scott",5/23/2024,745660,9,100,2024
9,678495,"Rodríguez, Randy",6/1/2024,745332,9,100,2024
9,656222,"Beeks, Jalen",5/29/2024,746551,9,100,2024
9,571948,"Milner, Hoby",4/13/2024,747054,15,60,2024
9,663773,"Hoeing, Bryan",9/7/2024,745372,11,81.8,2024
9,672582,"Zerpa, Angel",4/3/2024,747059,9,100,2024
9,687863,"Hodge, Porter",9/20/2024,746824,9,100,2024
9,621383,"Banks, Tanner",8/30/2024,745533,9,100,2024
9,672391,"Ort, Kaleb",9/1/2024,746347,9,100,2024
9,656641,"Latz, Jacob",6/1/2024,746062,9,100,2024
9,600986,"Vieira, Thyago",5/1/2024,745996,9,100,2024
9,656222,"Beeks, Jalen",6/22/2024,746541,9,100,2024
9,668943,"Miller, Ryan",8/30/2024,746184,9,100,2024
9,592094,"Adam, Jason",5/28/2024,745091,9,100,2024
9,642048,"Saucedo, Tayler",7/29/2024,746928,9,100,2024
9,643338,"Green, Chad",7/29/2024,747039,11,81.8,2024
9,489446,"Yates, Kirby",8/14/2024,746919,9,100,2024
9,670950,"Richards, Trevor",8/2/2024,745875,9,100,2024
9,676130,"Buttó, José",8/2/2024,746193,27,33.3,2024
9,621053,"Ferguson, Tyler",9/13/2024,746744,9,100,2024
9,657376,"Schmidt, Clarke",5/16/2024,745907,103,8.7,2024
9,692285,"Guerrero, Luis",9/10/2024,746907,20,45,2024
9,605154,"Brebbia, John",7/2/2024,746623,9,100,2024
9,519151,"Pressly, Ryan",6/30/2024,745802,9,100,2024
9,519326,"Strickland, Hunter",5/6/2024,745509,13,69.2,2024
9,502085,"Robertson, David",9/22/2024,744955,9,100,2024
9,683627,"Molina, Anthony",4/2/2024,746898,56,16.1,2024
9,455119,"Martin, Chris",9/18/2024,745040,9,100,2024
9,689958,"Walters, Andrew",9/16/2024,746588,9,100,2024
9,641729,"Jiménez, Joe",8/23/2024,747080,9,100,2024
9,592094,"Adam, Jason",4/2/2024,745111,9,100,2024
9,643511,"Rogers, Tyler",5/6/2024,745585,9,100,2024
9,666745,"Brito, Jhony",5/3/2024,747208,9,100,2024
9,571946,"Miller, Shelby",8/20/2024,746839,19,47.4,2024
9,650893,"Cabrera, Génesis",7/19/2024,744911,13,69.2,2024
9,657024,"Swanson, Erik",6/26/2024,746942,9,100,2024
9,663546,"Hjelle, Sean",6/14/2024,745326,9,100,2024
9,552640,"Kittredge, Andrew",9/3/2024,745944,9,100,2024
9,683627,"Molina, Anthony",9/18/2024,746500,19,47.4,2024
9,614179,"Ruiz, José",5/24/2024,746558,9,100,2024
9,661403,"Clase, Emmanuel",5/6/2024,746639,9,100,2024
9,472610,"García, Luis",6/9/2024,746216,9,100,2024
9,472610,"García, Luis",8/20/2024,746349,9,100,2024
9,623352,"Hader, Josh",7/27/2024,746362,9,100,2024
9,606303,"Payamps, Joel",8/14/2024,745951,14,64.3,2024
9,592094,"Adam, Jason",5/14/2024,746962,9,100,2024
9,670174,"Winckowski, Josh",6/26/2024,746942,9,100,2024
9,518397,"Alexander, Scott",7/21/2024,745633,9,100,2024
9,592094,"Adam, Jason",4/12/2024,745112,9,100,2024
9,640448,"Finnegan, Kyle",4/13/2024,745676,9,100,2024
9,677053,"Nardi, Andrew",8/13/2024,745548,9,100,2024
9,683232,"Mears, Nick",6/4/2024,746550,9,100,2024
9,663738,"Lynch IV, Daniel",5/9/2024,746241,17,52.9,2024
9,643377,"Jax, Griffin",4/25/2024,745918,9,100,2024
9,656945,"Scott, Tanner",5/29/2024,745414,9,100,2024
9,607179,"Weems, Jordan",5/29/2024,747117,9,100,2024
9,607455,"Banda, Anthony",5/22/2024,746143,9,100,2024
9,593974,"Peralta, Wandy",5/1/2024,745423,9,100,2024
9,656629,"Kopech, Michael",3/31/2024,746815,17,52.9,2024
9,650489,"Castro, Willi",5/18/2024,746642,9,100,2024
9,672578,"Hernández, Carlos",6/29/2024,746289,9,100,2024
9,543339,"Hudson, Daniel",6/2/2024,746141,9,100,2024
9,592155,"Booser, Cam",6/11/2024,746951,9,100,2024
9,641729,"Jiménez, Joe",6/6/2024,744844,9,100,2024
9,608717,"Stratton, Chris",6/9/2024,746297,9,100,2024
9,641755,"Kinley, Tyler",5/26/2024,746557,9,100,2024
9,472610,"García, Luis",7/28/2024,746195,9,100,2024
9,622065,"Young, Alex",7/24/2024,745716,24,37.5,2024
9,571946,"Miller, Shelby",9/14/2024,746422,9,100,2024
9,656457,"Gilbert, Tyler",9/13/2024,745529,9,100,2024
9,502085,"Robertson, David",5/5/2024,746314,9,100,2024
9,676395,"Garcia, Robert",8/20/2024,744814,9,100,2024
9,656222,"Beeks, Jalen",5/10/2024,746553,9,100,2024
9,642133,"Tellez, Rowdy",8/24/2024,745457,9,100,2024
9,657024,"Swanson, Erik",5/27/2024,746788,9,100,2024
9,642546,"Hernández, Jonathan",7/22/2024,744988,9,100,2024
9,622253,"Tate, Dillon",5/29/2024,747031,9,100,2024
9,661403,"Clase, Emmanuel",6/14/2024,744924,9,100,2024
9,676254,"Walker, Ryan",6/16/2024,745321,9,100,2024
9,666808,"Doval, Camilo",9/5/2024,745289,9,100,2024
9,663623,"Irvin, Jake",7/4/2024,744834,99,9.1,2024
9,663460,"Bubic, Kris",9/8/2024,746258,9,100,2024
9,669713,"Wesneski, Hayden",4/25/2024,746887,20,45,2024
9,674285,"Salazar, Eduardo",9/8/2024,745453,9,100,2024
9,608723,"Voth, Austin",5/15/2024,745259,9,100,2024
9,677944,"Cecconi, Slade",9/7/2024,746344,27,33.3,2024
9,683409,"Chivilli, Angel",9/8/2024,745940,9,100,2024
9,605154,"Brebbia, John",8/9/2024,746760,9,100,2024
9,594580,"Moll, Sam",5/23/2024,746714,9,100,2024
9,669459,"Nelson, Kyle",3/30/2024,747221,9,100,2024
9,640451,"Harvey, Hunter",8/4/2024,746439,9,100,2024
9,664854,"Helsley, Ryan",8/3/2024,746846,9,100,2024
9,668338,"Miller, Tyson",9/20/2024,746824,12,75,2024
9,658648,"Avila, Pedro",5/2/2024,746403,18,50,2024
9,664208,"Maton, Phil",4/16/2024,745108,9,100,2024
9,666214,"Wentz, Joey",5/8/2024,746640,12,75,2024
9,672335,"Pérez, Cionel",8/30/2024,746511,9,100,2024
9,663878,"Pearson, Nate",9/8/2024,746827,22,40.9,2024
9,666619,"Santos, Gregory",7/31/2024,746925,9,100,2024
9,693312,"Nicolas, Kyle",7/31/2024,746363,9,100,2024
9,458677,"Wilson, Justin",6/22/2024,746700,9,100,2024
9,676092,"Snider, Collin",4/2/2024,745273,9,100,2024
9,623433,"Anderson, Nick",6/22/2024,744997,9,100,2024
9,656848,"Petersen, Michael",6/22/2024,746132,9,100,2024
9,687330,"Kelly, Kevin",5/26/2024,745088,9,100,2024
9,571670,"Floro, Dylan",6/12/2024,746462,9,100,2024
9,656546,"Hoffman, Jeff",9/14/2024,745528,9,100,2024
9,656848,"Petersen, Michael",9/13/2024,744800,9,100,2024
9,672582,"Zerpa, Angel",5/18/2024,746308,9,100,2024
9,641729,"Jiménez, Joe",4/9/2024,747138,9,100,2024
9,600917,"Leclerc, José",5/24/2024,745905,17,52.9,2024
9,608723,"Voth, Austin",7/20/2024,745229,9,100,2024
9,663485,"Sands, Cole",5/25/2024,745901,22,40.9,2024
9,686642,"Ellard, Fraser",7/31/2024,746764,9,100,2024
9,608717,"Stratton, Chris",8/2/2024,746443,9,100,2024
9,691172,"Zulueta, Yosver",7/8/2024,746692,9,100,2024
9,623465,"Phillips, Evan",9/11/2024,746100,9,100,2024
9,605463,"Scott, Tayler",8/21/2024,746350,34,26.5,2024
9,663423,"Thornton, Trent",9/15/2024,745206,9,100,2024
9,675627,"Grove, Michael",5/28/2024,745818,9,100,2024
9,608723,"Voth, Austin",9/12/2024,745208,9,100,2024
9,519008,"McFarland, T.J.",9/12/2024,746337,9,100,2024
9,663546,"Hjelle, Sean",9/10/2024,745291,9,100,2024
9,664076,"Cleavinger, Garrett",8/23/2024,746111,11,81.8,2024
9,621389,"Blach, Ty",4/22/2024,746565,9,100,2024
9,681911,"Vesia, Alex",4/9/2024,745924,9,100,2024
9,593974,"Peralta, Wandy",5/5/2024,747206,9,100,2024
9,680767,"Vodnik, Victor",5/28/2024,746552,9,100,2024
9,643511,"Rogers, Tyler",7/14/2024,745314,9,100,2024
9,656945,"Scott, Tanner",6/27/2024,745565,9,100,2024
9,671305,"Otañez, Michel",7/19/2024,745640,9,100,2024
9,663158,"Suarez, Robert",6/18/2024,745563,9,100,2024
9,664747,"Díaz, Alexis",7/2/2024,745730,9,100,2024
9,622250,"Sborz, Josh",4/25/2024,745027,9,100,2024
9,641729,"Jiménez, Joe",4/24/2024,747132,9,100,2024
9,455119,"Martin, Chris",8/27/2024,746916,9,100,2024
9,519008,"McFarland, T.J.",5/15/2024,746397,9,100,2024
9,682120,"Herrin, Tim",5/5/2024,746643,9,100,2024
9,660825,"Bazardo, Eduard",5/17/2024,747037,30,30,2024
9,605154,"Brebbia, John",7/8/2024,746771,9,100,2024
9,661403,"Clase, Emmanuel",6/30/2024,746290,9,100,2024
9,660600,"Paredes, Enoli",9/24/2024,745526,9,100,2024
9,666808,"Doval, Camilo",6/12/2024,745328,9,100,2024
9,547973,"Chapman, Aroldis",9/28/2024,745685,9,100,2024
9,640462,"Puk, A.J.",9/28/2024,747146,9,100,2024
9,489446,"Yates, Kirby",7/26/2024,744906,9,100,2024
9,663485,"Sands, Cole",6/25/2024,747188,9,100,2024
9,661403,"Clase, Emmanuel",7/23/2024,746614,9,100,2024
9,661395,"Duran, Jhoan",6/16/2024,745895,9,100,2024
9,621383,"Banks, Tanner",7/3/2024,746617,15,60,2024
9,571882,"Law, Derek",7/4/2024,744834,9,100,2024
9,660825,"Bazardo, Eduard",7/6/2024,745235,9,100,2024
9,663568,"Kolek, Stephen",7/6/2024,745395,9,100,2024
9,669622,"Bender, Anthony",7/3/2024,746045,9,100,2024
9,663542,"Hudson, Bryan",7/6/2024,746129,9,100,2024
9,640448,"Finnegan, Kyle",6/7/2024,744845,9,100,2024
9,543339,"Hudson, Daniel",8/4/2024,745627,9,100,2024
9,681676,"Fernandez, Ryan",9/19/2024,745120,9,100,2024
9,458677,"Wilson, Justin",4/26/2024,745025,9,100,2024
9,676684,"Vest, Will",4/17/2024,746487,12,75,2024
9,519008,"McFarland, T.J.",4/25/2024,745755,9,100,2024
9,663542,"Hudson, Bryan",5/24/2024,746956,23,39.1,2024
9,681517,"Leahy, Kyle",5/18/2024,745177,9,100,2024
9,606930,"Barnes, Jacob",9/16/2024,745773,9,100,2024
9,623352,"Hader, Josh",8/6/2024,744983,9,100,2024
9,628452,"Iglesias, Raisel",6/2/2024,747110,9,100,2024
9,641729,"Jiménez, Joe",8/11/2024,746517,9,100,2024
9,623352,"Hader, Josh",9/15/2024,746180,9,100,2024
9,660813,"Graterol, Brusdar",9/15/2024,747071,9,100,2024
9,672391,"Ort, Kaleb",9/18/2024,745365,9,100,2024
9,662253,"Muñoz, Andrés",8/10/2024,745219,9,100,2024
9,695549,"Jobe, Jackson",9/25/2024,746420,9,100,2024
9,671345,"Foley, Jason",4/5/2024,746497,9,100,2024
9,642397,"Soto, Gregory",7/23/2024,745878,9,100,2024
9,573204,"Thielbar, Caleb",8/19/2024,745380,9,100,2024
9,690829,"Joyce, Ben",6/27/2024,746210,9,100,2024
9,671345,"Foley, Jason",4/23/2024,745102,9,100,2024
9,641755,"Kinley, Tyler",6/6/2024,745174,9,100,2024
9,664208,"Maton, Phil",6/4/2024,746060,9,100,2024
9,642701,"Santana, Dennis",4/13/2024,746658,21,42.9,2024
9,643377,"Jax, Griffin",4/24/2024,745919,9,100,2024
9,669276,"Lee, Dylan",9/17/2024,746659,9,100,2024
9,669674,"Long, Sam",6/1/2024,746305,9,100,2024
9,592773,"Stanek, Ryne",4/1/2024,745277,9,100,2024
9,683769,"Gaddis, Hunter",8/7/2024,746602,9,100,2024
9,607455,"Banda, Anthony",5/19/2024,746144,9,100,2024
9,662253,"Muñoz, Andrés",7/7/2024,745233,9,100,2024
9,642520,"Garabito, Gerson",7/24/2024,744989,9,100,2024
9,692285,"Guerrero, Luis",9/23/2024,744885,11,81.8,2024
9,606930,"Barnes, Jacob",9/25/2024,744795,9,100,2024
9,656271,"Burke, Brock",9/25/2024,746742,9,100,2024
9,683769,"Gaddis, Hunter",9/25/2024,746583,9,100,2024
9,519151,"Pressly, Ryan",4/7/2024,745032,9,100,2024
9,608717,"Stratton, Chris",7/6/2024,746529,9,100,2024
9,660853,"De Los Santos, Enyel",4/12/2024,746162,9,100,2024
9,518585,"Cruz, Fernando",8/2/2024,746679,9,100,2024
9,552640,"Kittredge, Andrew",8/6/2024,745141,9,100,2024
9,608717,"Stratton, Chris",8/4/2024,746439,9,100,2024
9,663432,"Rainey, Tanner",8/2/2024,744825,9,100,2024
9,647315,"Pop, Zach",4/30/2024,744942,9,100,2024
9,669391,"White, Owen",5/8/2024,745659,9,100,2024
9,676596,"Fleming, Josh",4/30/2024,745673,30,30,2024
9,493603,"Ottavino, Adam",4/30/2024,745831,9,100,2024
9,643410,"Leiter Jr., Mark",5/4/2024,746884,20,45,2024
9,570632,"Ureña, José",8/28/2024,746752,51,17.6,2024
9,674285,"Salazar, Eduardo",8/31/2024,744808,9,100,2024
9,663158,"Suarez, Robert",8/13/2024,745382,9,100,2024
9,608371,"Sims, Lucas",8/2/2024,744986,13,69.2,2024
9,621237,"Alvarado, José",6/2/2024,745572,9,100,2024
9,686539,"Cronin, Declan",9/17/2024,746015,9,100,2024
9,543056,"Coulombe, Danny",4/6/2024,745522,9,100,2024
9,673929,"Leasure, Jordan",5/15/2024,746795,9,100,2024
9,661403,"Clase, Emmanuel",7/9/2024,746451,9,100,2024
9,668674,"Erceg, Lucas",7/10/2024,746934,17,52.9,2024
9,663158,"Suarez, Robert",4/15/2024,746002,9,100,2024
9,622098,"Smith, Drew",6/11/2024,745815,9,100,2024
9,615698,"Quantrill, Cal",5/3/2024,745510,99,9.1,2024
9,571670,"Floro, Dylan",5/20/2024,744857,9,100,2024
9,663485,"Sands, Cole",5/4/2024,745911,9,100,2024
9,664126,"Fairbanks, Pete",7/28/2024,745063,9,100,2024
9,669211,"Akin, Keegan",7/12/2024,747012,12,75,2024
9,657571,"Ferguson, Caleb",9/16/2024,745367,9,100,2024
9,656629,"Kopech, Michael",6/20/2024,746782,9,100,2024
9,687911,"King, Bryan",7/28/2024,746364,12,75,2024
9,493603,"Ottavino, Adam",4/5/2024,746733,9,100,2024
9,676684,"Vest, Will",9/18/2024,746254,9,100,2024
9,621237,"Alvarado, José",5/13/2024,745826,9,100,2024
9,643338,"Green, Chad",8/18/2024,746838,9,100,2024
9,622786,"Tinoco, Jesus",8/20/2024,746029,9,100,2024
9,664854,"Helsley, Ryan",8/21/2024,745138,9,100,2024
9,685801,"Bigge, Hunter",9/18/2024,745040,9,100,2024
9,489446,"Yates, Kirby",9/28/2024,746171,9,100,2024
9,666974,"Cano, Yennier",6/25/2024,747022,9,100,2024
9,663704,"McArthur, James",8/3/2024,746440,9,100,2024
9,676105,"Criswell, Jeff",8/23/2024,745702,14,64.3,2024
9,689958,"Walters, Andrew",9/21/2024,745124,9,100,2024
9,554340,"García, Yimi",4/15/2024,744951,9,100,2024
9,666214,"Wentz, Joey",6/15/2024,746381,9,100,2024
9,608723,"Voth, Austin",7/23/2024,745227,13,69.2,2024
9,676962,"Brown, Ben",5/10/2024,745506,38,23.7,2024
9,607179,"Weems, Jordan",6/3/2024,744854,24,37.5,2024
9,543859,"Tonkin, Michael",9/4/2024,745045,17,52.9,2024
9,680704,"Sandlin, Nick",4/30/2024,746398,11,81.8,2024
9,671922,"Smith, Cade",9/2/2024,746265,9,100,2024
9,519151,"Pressly, Ryan",4/24/2024,746889,9,100,2024
9,672860,"Berroa, Prelander",8/2/2024,745875,9,100,2024
9,608032,"Estévez, Carlos",6/21/2024,746131,9,100,2024
9,543135,"Eovaldi, Nathan",8/17/2024,744977,103,8.7,2024
9,502624,"Anderson, Chase",5/15/2024,746960,9,100,2024
9,621114,"Burr, Ryan",7/10/2024,745318,18,50,2024
9,660896,"Alcala, Jorge",8/17/2024,744977,9,100,2024
9,660844,"Rivas, Leo",9/17/2024,745205,9,100,2024
9,592351,"Gray, Jon",6/8/2024,745001,37,24.3,2024
9,671922,"Smith, Cade",9/18/2024,746582,13,69.2,2024
9,605347,"López, Jorge",7/2/2024,746860,9,100,2024
9,554340,"García, Yimi",5/11/2024,744943,9,100,2024
9,641941,"Pagán, Emilio",8/21/2024,744893,14,64.3,2024
9,656464,"Ginkel, Kevin",5/11/2024,747041,9,100,2024
9,621383,"Banks, Tanner",8/27/2024,745540,9,100,2024
9,622786,"Tinoco, Jesus",8/4/2024,747088,9,100,2024
9,669620,"Basso, Brady",6/16/2024,745895,29,31,2024
9,572143,"Smith, Burch",9/3/2024,746991,9,100,2024
9,657044,"Thompson, Ryan",6/16/2024,747189,9,100,2024
9,676254,"Walker, Ryan",5/24/2024,745822,9,100,2024
9,669060,"Wilson, Bryse",8/8/2024,747081,43,20.9,2024
9,687330,"Kelly, Kevin",4/17/2024,745105,9,100,2024
9,670970,"Morejon, Adrian",7/26/2024,747010,18,50,2024
9,605130,"Barlow, Scott",5/7/2024,746638,9,100,2024
9,663158,"Suarez, Robert",8/3/2024,745388,9,100,2024
9,666619,"Santos, Gregory",9/29/2024,745201,9,100,2024
9,668674,"Erceg, Lucas",8/3/2024,746440,9,100,2024
9,670950,"Richards, Trevor",8/9/2024,745871,9,100,2024
9,573124,"Rogers, Taylor",4/14/2024,745113,9,100,2024
9,445276,"Jansen, Kenley",9/22/2024,746903,9,100,2024
9,642701,"Santana, Dennis",9/7/2024,745456,9,100,2024
9,547184,"Kelly, Michael",5/29/2024,745084,9,100,2024
9,687863,"Hodge, Porter",9/4/2024,746835,9,100,2024
9,543859,"Tonkin, Michael",4/28/2024,746001,20,45,2024
9,666214,"Wentz, Joey",8/2/2024,746443,9,100,2024
9,679885,"Martinez, Justin",8/28/2024,747161,9,100,2024
9,628452,"Iglesias, Raisel",7/30/2024,745958,9,100,2024
9,641729,"Jiménez, Joe",8/12/2024,745300,9,100,2024
9,661527,"Martinez, Seth",4/25/2024,746887,9,100,2024
9,672578,"Hernández, Carlos",6/23/2024,745000,17,52.9,2024
9,593974,"Peralta, Wandy",5/22/2024,746712,12,75,2024
9,641360,"Bickford, Phil",6/22/2024,745731,9,100,2024
9,608678,"Leone, Dominic",8/10/2024,746761,9,100,2024
9,623149,"Sewald, Paul",5/25/2024,747199,9,100,2024
9,669674,"Long, Sam",8/14/2024,745869,9,100,2024
9,657585,"Garrett, Reed",9/16/2024,745773,9,100,2024
8,640462,"Puk, A.J.",8/14/2024,747163,8,100,2024
8,662253,"Muñoz, Andrés",4/25/2024,745027,8,100,2024
8,666974,"Cano, Yennier",4/14/2024,747056,22,36.4,2024
8,663947,"Holton, Tyler",4/4/2024,745843,17,47.1,2024
8,641835,"Mayza, Tim",5/21/2024,744936,8,100,2024
8,643377,"Jax, Griffin",7/14/2024,745314,8,100,2024
8,571656,"Farmer, Buck",8/14/2024,746677,8,100,2024
8,663158,"Suarez, Robert",9/16/2024,745367,8,100,2024
8,656222,"Beeks, Jalen",9/14/2024,745448,8,100,2024
8,642546,"Hernández, Jonathan",7/10/2024,746205,8,100,2024
8,621345,"Minter, A.J.",5/5/2024,746153,8,100,2024
8,592426,"Jackson, Luke",6/9/2024,745003,8,100,2024
8,519043,"Moore, Matt",6/30/2024,746209,8,100,2024
8,607455,"Banda, Anthony",6/15/2024,746135,32,25,2024
8,643410,"Leiter Jr., Mark",7/24/2024,746851,8,100,2024
8,572143,"Smith, Burch",4/26/2024,746078,8,100,2024
8,676568,"Vanasco, Ricky",7/13/2024,746447,8,100,2024
8,628452,"Iglesias, Raisel",6/9/2024,744849,8,100,2024
8,664776,"Cousins, Jake",7/28/2024,746929,17,47.1,2024
8,664854,"Helsley, Ryan",5/3/2024,745187,8,100,2024
8,455119,"Martin, Chris",5/12/2024,746965,8,100,2024
8,668338,"Miller, Tyson",8/26/2024,745458,8,100,2024
8,667297,"Nance, Tommy",8/19/2024,744898,8,100,2024
8,664849,"Young, Danny",9/28/2024,745931,8,100,2024
8,592773,"Stanek, Ryne",7/5/2024,745237,8,100,2024
8,606160,"Montero, Rafael",7/3/2024,744915,8,100,2024
8,663158,"Suarez, Robert",8/25/2024,745376,8,100,2024
8,661403,"Clase, Emmanuel",3/29/2024,745682,8,100,2024
8,657649,"Koenig, Jared",4/16/2024,746004,16,50,2024
8,594580,"Moll, Sam",4/30/2024,745426,8,100,2024
8,605177,"Chafin, Andrew",4/30/2024,746477,11,72.7,2024
8,669093,"Estrada, Jeremiah",4/29/2024,745427,20,40,2024
8,519008,"McFarland, T.J.",8/13/2024,745788,8,100,2024
8,628452,"Iglesias, Raisel",8/13/2024,745302,8,100,2024
8,623149,"Sewald, Paul",5/15/2024,747203,8,100,2024
8,592094,"Adam, Jason",7/9/2024,745074,8,100,2024
8,663158,"Suarez, Robert",6/11/2024,745404,8,100,2024
8,641941,"Pagán, Emilio",4/14/2024,746810,8,100,2024
8,687330,"Kelly, Kevin",4/23/2024,745102,8,100,2024
8,624647,"González, Victor",5/23/2024,745741,17,47.1,2024
8,656629,"Kopech, Michael",5/24/2024,746793,8,100,2024
8,656641,"Latz, Jacob",6/8/2024,745001,8,100,2024
8,670167,"Schreiber, John",4/13/2024,745839,8,100,2024
8,605177,"Chafin, Andrew",5/10/2024,746479,8,100,2024
8,623168,"Heineman, Tyler",9/27/2024,744879,8,100,2024
8,642397,"Soto, Gregory",9/25/2024,745690,8,100,2024
8,547973,"Chapman, Aroldis",3/28/2024,746089,8,100,2024
8,493603,"Ottavino, Adam",9/30/2024,747064,8,100,2024
8,571670,"Floro, Dylan",8/4/2024,745468,8,100,2024
8,665620,"García, Deivi",4/10/2024,746655,8,100,2024
8,664126,"Fairbanks, Pete",8/8/2024,745143,8,100,2024
8,669459,"Nelson, Kyle",3/28/2024,747224,8,100,2024
8,593974,"Peralta, Wandy",4/14/2024,746164,8,100,2024
8,679845,"Loftin, Nick",5/31/2024,746303,8,100,2024
8,458677,"Wilson, Justin",8/30/2024,746730,8,100,2024
8,643410,"Leiter Jr., Mark",4/29/2024,745832,8,100,2024
8,678821,"Peralta, Luis",9/7/2024,745942,8,100,2024
8,683769,"Gaddis, Hunter",4/30/2024,746398,8,100,2024
8,662253,"Muñoz, Andrés",6/28/2024,745238,8,100,2024
8,661527,"Martinez, Seth",7/14/2024,746370,8,100,2024
8,672710,"Contreras, Roansy",8/13/2024,746187,8,100,2024
8,628708,"Marte, Yunior",4/1/2024,745600,8,100,2024
8,700187,"Taylor, Troy",8/18/2024,745464,8,100,2024
8,683769,"Gaddis, Hunter",6/27/2024,746288,8,100,2024
8,643256,"Cimber, Adam",4/8/2024,746252,8,100,2024
8,669211,"Akin, Keegan",4/7/2024,745523,8,100,2024
8,643511,"Rogers, Tyler",5/21/2024,745503,8,100,2024
8,643410,"Leiter Jr., Mark",7/28/2024,746274,16,50,2024
8,691172,"Zulueta, Yosver",7/27/2024,745059,8,100,2024
8,643511,"Rogers, Tyler",8/18/2024,745621,8,100,2024
8,623437,"Topa, Justin",9/25/2024,745854,8,100,2024
8,573204,"Thielbar, Caleb",8/27/2024,745864,8,100,2024
8,657044,"Thompson, Ryan",8/7/2024,746602,8,100,2024
8,680880,"Holman, Grant",9/22/2024,745608,8,100,2024
8,668390,"Winn, Cole",5/8/2024,745664,30,26.7,2024
8,657585,"Garrett, Reed",5/31/2024,745820,8,100,2024
8,547973,"Chapman, Aroldis",9/27/2024,745692,8,100,2024
8,656629,"Kopech, Michael",9/8/2024,746098,8,100,2024
8,663738,"Lynch IV, Daniel",9/7/2024,746259,33,24.2,2024
8,674944,"Guenther, Sean",8/30/2024,746433,8,100,2024
8,663992,"Lovelady, Richard",5/24/2024,745087,8,100,2024
8,554340,"García, Yimi",5/15/2024,747038,17,47.1,2024
8,664854,"Helsley, Ryan",9/11/2024,745127,8,100,2024
8,623211,"Brazobán, Huascar",9/17/2024,745772,8,100,2024
8,606303,"Payamps, Joel",7/1/2024,746535,8,100,2024
8,642048,"Saucedo, Tayler",7/14/2024,746201,8,100,2024
8,642086,"Smith, Dominic",7/24/2024,746525,8,100,2024
8,682842,"Uribe, Abner",4/2/2024,746009,8,100,2024
8,572955,"Johnson, Pierce",6/4/2024,746949,8,100,2024
8,661403,"Clase, Emmanuel",4/10/2024,746655,8,100,2024
8,542888,"Armstrong, Shawn",4/16/2024,745108,8,100,2024
8,621363,"Poche, Colin",6/10/2024,745080,8,100,2024
8,608032,"Estévez, Carlos",4/15/2024,745106,8,100,2024
8,605154,"Brebbia, John",8/6/2024,745629,8,100,2024
8,660825,"Bazardo, Eduard",9/23/2024,746334,8,100,2024
8,687863,"Hodge, Porter",9/27/2024,746822,8,100,2024
8,672335,"Pérez, Cionel",5/8/2024,744858,11,72.7,2024
8,666745,"Brito, Jhony",4/20/2024,745431,24,33.3,2024
8,670046,"Rosenberg, Kenny",7/20/2024,745638,69,11.6,2024
8,676534,"Faucher, Calvin",8/8/2024,746030,8,100,2024
8,622253,"Tate, Dillon",4/27/2024,747052,8,100,2024
8,622786,"Tinoco, Jesus",9/20/2024,746013,8,100,2024
8,641729,"Jiménez, Joe",4/16/2024,746400,8,100,2024
8,605280,"Holmes, Clay",4/29/2024,747046,8,100,2024
8,595014,"Treinen, Blake",8/29/2024,746102,15,53.3,2024
8,621345,"Minter, A.J.",4/28/2024,747125,8,100,2024
8,622503,"Crismatt, Nabil",4/28/2024,744947,8,100,2024
8,643511,"Rogers, Tyler",5/2/2024,746969,8,100,2024
8,677053,"Nardi, Andrew",5/20/2024,746066,8,100,2024
8,683409,"Chivilli, Angel",8/1/2024,746196,8,100,2024
8,680767,"Vodnik, Victor",7/31/2024,746198,8,100,2024
8,672860,"Berroa, Prelander",4/30/2024,746806,8,100,2024
8,605280,"Holmes, Clay",8/30/2024,745700,8,100,2024
8,656529,"Hentges, Sam",6/23/2024,746621,24,33.3,2024
8,641941,"Pagán, Emilio",8/29/2024,746670,8,100,2024
8,445926,"Chavez, Jesse",5/5/2024,746153,8,100,2024
8,666277,"Soriano, George",8/1/2024,747092,16,50,2024
8,668941,"Romero, JoJo",9/11/2024,745127,8,100,2024
8,571948,"Milner, Hoby",4/6/2024,746006,8,100,2024
8,614179,"Ruiz, José",7/2/2024,746860,8,100,2024
8,695243,"Miller, Mason",8/11/2024,744895,8,100,2024
8,669674,"Long, Sam",6/10/2024,746295,8,100,2024
8,676428,"Hurter, Brant",9/13/2024,746423,71,11.3,2024
8,670167,"Schreiber, John",8/19/2024,746270,8,100,2024
8,686747,"La Sorsa, Joe",8/26/2024,744813,40,20,2024
8,664776,"Cousins, Jake",7/14/2024,747009,8,100,2024
8,663542,"Hudson, Bryan",4/21/2024,745192,35,22.9,2024
8,593576,"Neris, Héctor",4/8/2024,745432,17,47.1,2024
8,593974,"Peralta, Wandy",4/8/2024,745432,8,100,2024
8,656232,"Bielak, Brandon",5/17/2024,746310,42,19,2024
8,657240,"Merryweather, Julian",8/21/2024,746837,8,100,2024
8,573009,"Mantiply, Joe",6/27/2024,747185,8,100,2024
8,595014,"Treinen, Blake",6/28/2024,745319,8,100,2024
8,663704,"McArthur, James",6/16/2024,746130,8,100,2024
8,643361,"Herget, Kevin",6/2/2024,745984,31,25.8,2024
8,623433,"Anderson, Nick",4/1/2024,747058,8,100,2024
8,664849,"Young, Danny",9/4/2024,745776,14,57.1,2024
8,596295,"Gomber, Austin",5/22/2024,745661,90,8.9,2024
8,666808,"Doval, Camilo",5/13/2024,745343,8,100,2024
8,543339,"Hudson, Daniel",5/17/2024,746148,8,100,2024
8,656794,"Newcomb, Sean",6/25/2024,746213,23,34.8,2024
8,670280,"Bednar, David",5/16/2024,746881,8,100,2024
8,640448,"Finnegan, Kyle",8/18/2024,745539,8,100,2024
8,693312,"Nicolas, Kyle",7/26/2024,747174,22,36.4,2024
8,676684,"Vest, Will",9/27/2024,746417,19,42.1,2024
8,656629,"Kopech, Michael",9/29/2024,746496,8,100,2024
8,656730,"Megill, Trevor",7/20/2024,745880,8,100,2024
8,518617,"Diekman, Jake",6/28/2024,745804,8,100,2024
8,669711,"Weissert, Greg",7/23/2024,746524,8,100,2024
8,663704,"McArthur, James",6/27/2024,746288,8,100,2024
8,682120,"Herrin, Tim",7/3/2024,746617,11,72.7,2024
8,681911,"Vesia, Alex",6/2/2024,746141,8,100,2024
8,669711,"Weissert, Greg",9/22/2024,746903,8,100,2024
8,683232,"Mears, Nick",8/16/2024,745949,8,100,2024
8,445276,"Jansen, Kenley",4/25/2024,746646,8,100,2024
8,656629,"Kopech, Michael",6/30/2024,746779,8,100,2024
8,669276,"Lee, Dylan",3/30/2024,745599,19,42.1,2024
8,669952,"White, Mitch",5/1/2024,746966,26,30.8,2024
8,519293,"Smith, Will",8/6/2024,746273,8,100,2024
8,663878,"Pearson, Nate",7/29/2024,746684,18,44.4,2024
8,671922,"Smith, Cade",6/23/2024,746621,8,100,2024
8,671305,"Otañez, Michel",8/11/2024,744895,8,100,2024
8,671345,"Foley, Jason",5/25/2024,746470,8,100,2024
8,571670,"Floro, Dylan",8/23/2024,746920,8,100,2024
8,663158,"Suarez, Robert",9/2/2024,745373,8,100,2024
8,592155,"Booser, Cam",7/22/2024,746526,8,100,2024
8,681517,"Leahy, Kyle",8/26/2024,745133,8,100,2024
8,680767,"Vodnik, Victor",7/19/2024,746531,8,100,2024
8,657585,"Garrett, Reed",6/15/2024,745805,8,100,2024
8,592767,"Smyly, Drew",6/7/2024,746704,8,100,2024
8,669620,"Basso, Brady",5/31/2024,747116,8,100,2024
8,668674,"Erceg, Lucas",4/11/2024,745029,8,100,2024
8,671345,"Foley, Jason",9/4/2024,745370,8,100,2024
8,608371,"Sims, Lucas",4/26/2024,745025,16,50,2024
8,650556,"Abreu, Bryan",5/22/2024,746386,8,100,2024
8,666974,"Cano, Yennier",8/3/2024,746608,8,100,2024
8,489446,"Yates, Kirby",4/15/2024,746488,8,100,2024
8,643377,"Jax, Griffin",9/20/2024,746905,8,100,2024
8,502624,"Anderson, Chase",5/13/2024,746961,8,100,2024
8,669713,"Wesneski, Hayden",5/13/2024,747128,53,15.1,2024
8,543351,"Jackson, Jay",5/16/2024,745907,8,100,2024
8,682120,"Herrin, Tim",8/9/2024,745871,15,53.3,2024
8,608678,"Leone, Dominic",3/28/2024,746821,8,100,2024
8,641771,"Kuhl, Chad",9/16/2024,746179,23,34.8,2024
8,608723,"Voth, Austin",5/1/2024,745261,8,100,2024
8,656730,"Megill, Trevor",5/7/2024,746315,8,100,2024
8,596117,"Stubbs, Garrett",9/8/2024,746017,8,100,2024
8,681799,"Roberts, Ethan",9/1/2024,744806,8,100,2024
8,689147,"Kerkering, Orion",7/9/2024,745557,8,100,2024
8,687145,"Justice, Evan",9/1/2024,746505,8,100,2024
8,670810,"Gillaspie, Logan",7/30/2024,745389,8,100,2024
8,594580,"Moll, Sam",5/25/2024,746710,8,100,2024
8,663878,"Pearson, Nate",8/13/2024,746601,8,100,2024
8,663773,"Hoeing, Bryan",7/31/2024,745386,8,100,2024
8,661527,"Martinez, Seth",5/25/2024,745658,8,100,2024
8,656945,"Scott, Tanner",7/11/2024,746367,8,100,2024
8,676969,"de Geus, Brett",8/24/2024,746022,8,100,2024
8,528748,"Castellanos, Humberto",7/22/2024,746280,40,20,2024
8,543339,"Hudson, Daniel",4/6/2024,746896,8,100,2024
8,664208,"Maton, Phil",8/30/2024,746749,8,100,2024
8,573124,"Rogers, Taylor",9/13/2024,745286,9,88.9,2024
8,592767,"Smyly, Drew",9/14/2024,746508,8,100,2024
8,657044,"Thompson, Ryan",7/31/2024,747170,8,100,2024
8,656232,"Bielak, Brandon",9/16/2024,746828,45,17.8,2024
8,642121,"Sulser, Cole",4/9/2024,747138,8,100,2024
8,641482,"Cortes, Nestor",4/8/2024,745761,102,7.8,2024
8,541640,"Ramírez, Erasmo",4/21/2024,745759,35,22.9,2024
8,682120,"Herrin, Tim",8/20/2024,745707,8,100,2024
8,622554,"Domínguez, Seranthony",8/24/2024,746996,8,100,2024
8,571670,"Floro, Dylan",5/12/2024,746965,8,100,2024
8,670280,"Bednar, David",6/4/2024,745497,8,100,2024
8,663546,"Hjelle, Sean",9/3/2024,745293,22,36.4,2024
8,608371,"Sims, Lucas",5/4/2024,746720,8,100,2024
8,542888,"Armstrong, Shawn",5/22/2024,745089,8,100,2024
8,674944,"Guenther, Sean",8/22/2024,746836,8,100,2024
8,658648,"Avila, Pedro",7/25/2024,746609,28,28.6,2024
8,641729,"Jiménez, Joe",9/30/2024,747139,8,100,2024
8,607259,"Martinez, Nick",6/19/2024,745489,8,100,2024
8,666808,"Doval, Camilo",6/26/2024,745325,8,100,2024
8,676534,"Faucher, Calvin",6/25/2024,746293,8,100,2024
8,656887,"Reid-Foley, Sean",6/13/2024,745809,8,100,2024
8,672582,"Zerpa, Angel",6/16/2024,746130,11,72.7,2024
8,661403,"Clase, Emmanuel",8/5/2024,746600,8,100,2024
8,543056,"Coulombe, Danny",4/14/2024,747056,8,100,2024
8,641941,"Pagán, Emilio",4/23/2024,746722,8,100,2024
8,678906,"Teng, Kai-Wei",4/14/2024,745113,39,20.5,2024
8,662253,"Muñoz, Andrés",9/13/2024,745207,8,100,2024
8,642100,"Speier, Gabe",5/29/2024,745250,8,100,2024
8,458677,"Wilson, Justin",9/6/2024,745777,8,100,2024
8,676105,"Criswell, Jeff",9/7/2024,745942,23,34.8,2024
8,683769,"Gaddis, Hunter",9/9/2024,746746,8,100,2024
8,670970,"Morejon, Adrian",5/19/2024,747120,8,100,2024
8,606303,"Payamps, Joel",6/24/2024,745974,8,100,2024
8,605280,"Holmes, Clay",5/28/2024,746229,8,100,2024
8,661395,"Duran, Jhoan",5/25/2024,745901,8,100,2024
8,668674,"Erceg, Lucas",5/25/2024,745658,12,66.7,2024
8,664854,"Helsley, Ryan",6/5/2024,746379,8,100,2024
8,650893,"Cabrera, Génesis",9/10/2024,744886,8,100,2024
8,622250,"Sborz, Josh",4/6/2024,745031,8,100,2024
8,643377,"Jax, Griffin",9/17/2024,746587,8,100,2024
8,608334,"Fulmer, Carson",9/29/2024,746174,8,100,2024
8,663432,"Rainey, Tanner",7/6/2024,744835,8,100,2024
8,677865,"Bruihl, Justin",6/6/2024,745495,8,100,2024
8,687424,"Maldonado, Anthony",9/5/2024,746021,8,100,2024
8,691172,"Zulueta, Yosver",8/8/2024,746030,8,100,2024
8,676684,"Vest, Will",5/24/2024,746475,8,100,2024
8,673380,"Núñez, Dedniel",7/9/2024,745803,8,100,2024
8,650893,"Cabrera, Génesis",6/9/2024,745651,8,100,2024
8,641729,"Jiménez, Joe",7/27/2024,745793,8,100,2024
8,656546,"Hoffman, Jeff",9/20/2024,745770,8,100,2024
8,681517,"Leahy, Kyle",6/18/2024,746049,16,50,2024
8,669211,"Akin, Keegan",5/13/2024,747040,8,100,2024
8,663738,"Lynch IV, Daniel",9/21/2024,746255,20,40,2024
8,683232,"Mears, Nick",5/11/2024,746554,8,100,2024
8,681517,"Leahy, Kyle",9/26/2024,746495,8,100,2024
8,669387,"Mlodzinski, Carmen",7/23/2024,745475,8,100,2024
8,657514,"Bernardino, Brennan",5/10/2024,746964,8,100,2024
8,622075,"Almonte, Yency",4/13/2024,745272,14,57.1,2024
8,642215,"Wilson, Weston",8/28/2024,745541,8,100,2024
8,606303,"Payamps, Joel",8/9/2024,745957,8,100,2024
8,622075,"Almonte, Yency",5/5/2024,746883,19,42.1,2024
8,656529,"Hentges, Sam",5/18/2024,746642,8,100,2024
8,628452,"Iglesias, Raisel",3/30/2024,745599,8,100,2024
8,661403,"Clase, Emmanuel",6/1/2024,746629,8,100,2024
8,643377,"Jax, Griffin",8/2/2024,745875,8,100,2024
8,666171,"Zeferjahn, Ryan",9/22/2024,746339,18,44.4,2024
8,692285,"Guerrero, Luis",9/8/2024,746910,8,100,2024
8,676684,"Vest, Will",7/29/2024,746444,8,100,2024
8,571882,"Law, Derek",7/31/2024,747170,23,34.8,2024
8,641835,"Mayza, Tim",9/21/2024,745610,8,100,2024
8,657612,"Hill, Tim",3/31/2024,746815,8,100,2024
8,679156,"Pennington, Walter",7/5/2024,746533,8,100,2024
8,669093,"Estrada, Jeremiah",8/17/2024,746515,8,100,2024
8,657612,"Hill, Tim",4/19/2024,745592,8,100,2024
8,523260,"Kelly, Joe",3/20/2024,745444,8,100,2024
8,643410,"Leiter Jr., Mark",7/9/2024,747014,8,100,2024
8,668338,"Miller, Tyson",6/24/2024,745323,8,100,2024
8,663423,"Thornton, Trent",6/30/2024,745243,8,100,2024
8,674370,"Bido, Osvaldo",7/19/2024,745640,8,100,2024
8,621345,"Minter, A.J.",7/11/2024,747178,8,100,2024
8,519293,"Smith, Will",6/18/2024,745650,8,100,2024
8,622554,"Domínguez, Seranthony",8/19/2024,745780,8,100,2024
8,668338,"Miller, Tyson",9/28/2024,746819,8,100,2024
8,621381,"Strahm, Matt",8/26/2024,745538,8,100,2024
8,518585,"Cruz, Fernando",3/31/2024,746739,8,100,2024
8,663574,"Santillan, Tony",8/3/2024,746681,8,100,2024
8,628452,"Iglesias, Raisel",9/30/2024,747064,8,100,2024
8,656232,"Bielak, Brandon",4/15/2024,746406,8,100,2024
8,571948,"Milner, Hoby",9/4/2024,745938,8,100,2024
8,671345,"Foley, Jason",6/2/2024,746953,8,100,2024
8,676092,"Snider, Collin",8/28/2024,745211,8,100,2024
8,670167,"Schreiber, John",4/9/2024,746326,8,100,2024
8,683769,"Gaddis, Hunter",6/22/2024,746622,8,100,2024
8,669674,"Long, Sam",5/28/2024,745903,8,100,2024
8,623149,"Sewald, Paul",7/10/2024,747179,8,100,2024
8,663893,"Little, Brendon",6/12/2024,745978,8,100,2024
8,518585,"Cruz, Fernando",4/3/2024,745603,8,100,2024
8,663423,"Thornton, Trent",4/3/2024,745275,18,44.4,2024
8,595014,"Treinen, Blake",7/25/2024,746117,8,100,2024
8,623149,"Sewald, Paul",6/20/2024,744841,8,100,2024
8,518886,"Kimbrel, Craig",6/14/2024,747025,8,100,2024
8,670950,"Richards, Trevor",7/1/2024,744914,11,72.7,2024
8,663423,"Thornton, Trent",9/19/2024,745204,8,100,2024
8,679156,"Pennington, Walter",9/4/2024,744964,8,100,2024
8,605447,"Romano, Jordan",5/15/2024,747038,8,100,2024
8,593974,"Peralta, Wandy",4/17/2024,746005,8,100,2024
8,673380,"Núñez, Dedniel",7/6/2024,745476,8,100,2024
8,656546,"Hoffman, Jeff",6/3/2024,745569,8,100,2024
8,669060,"Wilson, Bryse",3/30/2024,745850,8,100,2024
8,664776,"Cousins, Jake",7/13/2024,747013,8,100,2024
8,605280,"Holmes, Clay",3/28/2024,746418,8,100,2024
8,643377,"Jax, Griffin",9/7/2024,746259,8,100,2024
8,621053,"Ferguson, Tyler",8/5/2024,745628,8,100,2024
8,472610,"García, Luis",5/7/2024,745508,8,100,2024
8,663878,"Pearson, Nate",5/10/2024,744940,8,100,2024
8,663893,"Little, Brendon",6/1/2024,744932,8,100,2024
8,676617,"O'Brien, Riley",9/6/2024,745131,8,100,2024
8,641835,"Mayza, Tim",4/28/2024,744947,8,100,2024
8,656641,"Latz, Jacob",4/28/2024,745022,8,100,2024
8,571948,"Milner, Hoby",4/30/2024,745997,8,100,2024
8,661403,"Clase, Emmanuel",4/28/2024,747125,8,100,2024
8,445926,"Chavez, Jesse",8/31/2024,745532,8,100,2024
8,607481,"Bummer, Aaron",9/1/2024,745536,8,100,2024
7,686796,"Walston, Blake",9/15/2024,747151,7,100,2024
7,518585,"Cruz, Fernando",6/11/2024,746702,17,41.2,2024
7,681810,"Warren, Austin",9/13/2024,745286,7,100,2024
7,661403,"Clase, Emmanuel",8/18/2024,745948,7,100,2024
7,687330,"Kelly, Kevin",8/18/2024,745051,7,100,2024
7,689225,"Brieske, Beau",8/18/2024,746431,7,100,2024
7,541640,"Ramírez, Erasmo",8/26/2024,745215,14,50,2024
7,547973,"Chapman, Aroldis",4/8/2024,745520,7,100,2024
7,608717,"Stratton, Chris",6/14/2024,746134,7,100,2024
7,606930,"Barnes, Jacob",4/23/2024,744863,7,100,2024
7,640448,"Finnegan, Kyle",4/20/2024,744865,7,100,2024
7,683232,"Mears, Nick",9/28/2024,745931,7,100,2024
7,552640,"Kittredge, Andrew",8/27/2024,745132,10,70,2024
7,614179,"Ruiz, José",7/21/2024,745470,7,100,2024
7,657097,"Webb, Jacob",6/4/2024,744931,7,100,2024
7,621345,"Minter, A.J.",4/29/2024,745263,7,100,2024
7,663893,"Little, Brendon",9/4/2024,744887,15,46.7,2024
7,605280,"Holmes, Clay",5/25/2024,745411,7,100,2024
7,663893,"Little, Brendon",8/10/2024,744897,7,100,2024
7,445276,"Jansen, Kenley",8/17/2024,746997,7,100,2024
7,657097,"Webb, Jacob",6/13/2024,747026,7,100,2024
7,642520,"Garabito, Gerson",9/10/2024,747152,7,100,2024
7,571946,"Miller, Shelby",4/9/2024,745517,7,100,2024
7,552640,"Kittredge, Andrew",4/2/2024,745439,7,100,2024
7,663947,"Holton, Tyler",5/26/2024,746469,18,38.9,2024
7,676534,"Faucher, Calvin",6/7/2024,746053,7,100,2024
7,519043,"Moore, Matt",6/5/2024,746221,7,100,2024
7,621363,"Poche, Colin",9/20/2024,745043,7,100,2024
7,605177,"Chafin, Andrew",9/3/2024,744968,11,63.6,2024
7,663158,"Suarez, Robert",5/20/2024,747119,7,100,2024
7,665625,"Peguero, Elvis",7/11/2024,745967,7,100,2024
7,606930,"Barnes, Jacob",7/26/2024,745146,7,100,2024
7,445276,"Jansen, Kenley",9/7/2024,746911,7,100,2024
7,666720,"Rodríguez, Yerry",8/7/2024,744903,7,100,2024
7,656240,"Blewett, Scott",9/22/2024,746903,7,100,2024
7,573204,"Thielbar, Caleb",5/3/2024,745914,7,100,2024
7,605121,"Anderson, Justin",4/14/2024,746810,14,50,2024
7,547184,"Kelly, Michael",5/1/2024,745670,7,100,2024
7,571946,"Miller, Shelby",4/28/2024,746483,7,100,2024
7,664747,"Díaz, Alexis",8/28/2024,746672,7,100,2024
7,660853,"De Los Santos, Enyel",7/9/2024,745393,7,100,2024
7,669212,"Morgan, Eli",9/7/2024,746099,7,100,2024
7,688297,"Roycroft, Chris",7/30/2024,745149,25,28,2024
7,671345,"Foley, Jason",9/1/2024,746426,7,100,2024
7,596133,"Weaver, Luke",7/30/2024,745546,7,100,2024
7,683627,"Molina, Anthony",7/8/2024,746692,7,100,2024
7,690544,"Horn, Bailey",7/29/2024,746928,7,100,2024
7,672335,"Pérez, Cionel",8/18/2024,746999,20,35,2024
7,621383,"Banks, Tanner",6/29/2024,746778,26,26.9,2024
7,679885,"Martinez, Justin",7/7/2024,745391,7,100,2024
7,664747,"Díaz, Alexis",5/25/2024,746710,7,100,2024
7,547973,"Chapman, Aroldis",4/4/2024,744870,7,100,2024
7,686539,"Cronin, Declan",9/11/2024,745450,7,100,2024
7,573204,"Thielbar, Caleb",4/26/2024,746243,7,100,2024
7,663704,"McArthur, James",4/3/2024,747059,12,58.3,2024
7,693312,"Nicolas, Kyle",7/7/2024,745477,7,100,2024
7,676684,"Vest, Will",6/18/2024,747107,7,100,2024
7,606930,"Barnes, Jacob",8/22/2024,744815,7,100,2024
7,592426,"Jackson, Luke",8/21/2024,747084,7,100,2024
7,641656,"Hamilton, Ian",5/14/2024,745909,22,31.8,2024
7,686826,"Jarvis, Bryce",6/26/2024,747184,7,100,2024
7,676684,"Vest, Will",8/3/2024,746440,11,63.6,2024
7,657024,"Swanson, Erik",9/19/2024,744962,7,100,2024
7,676596,"Fleming, Josh",4/17/2024,745836,7,100,2024
7,641835,"Mayza, Tim",5/28/2024,746791,7,100,2024
7,571863,"Koch, Matt",5/22/2024,745661,7,100,2024
7,571657,"Farmer, Kyle",9/14/2024,745858,7,100,2024
7,472610,"García, Luis",7/24/2024,745231,7,100,2024
7,676702,"Stratton, Hunter",6/13/2024,745168,7,100,2024
7,666205,"Muller, Kyle",7/28/2024,746195,23,30.4,2024
7,641729,"Jiménez, Joe",7/14/2024,745385,11,63.6,2024
7,656641,"Latz, Jacob",7/14/2024,746370,7,100,2024
7,670810,"Gillaspie, Logan",4/19/2024,745430,7,100,2024
7,598286,"Ramirez, Nick",4/21/2024,746154,7,100,2024
7,595897,"Burdi, Nick",3/31/2024,746413,7,100,2024
7,679885,"Martinez, Justin",8/20/2024,746029,7,100,2024
7,679885,"Martinez, Justin",6/27/2024,747185,7,100,2024
7,660761,"Suarez, José",6/2/2024,745252,7,100,2024
7,670174,"Winckowski, Josh",8/4/2024,744979,7,100,2024
7,669711,"Weissert, Greg",6/2/2024,746953,7,100,2024
7,668941,"Romero, JoJo",5/21/2024,745180,7,100,2024
7,694738,"Roupp, Landen",4/10/2024,745355,7,100,2024
7,695243,"Miller, Mason",5/19/2024,746306,7,100,2024
7,668941,"Romero, JoJo",6/11/2024,745170,7,100,2024
7,621053,"Ferguson, Tyler",7/27/2024,746203,7,100,2024
7,647315,"Pop, Zach",9/20/2024,745043,7,100,2024
7,519326,"Strickland, Hunter",4/26/2024,746243,12,58.3,2024
7,663432,"Rainey, Tanner",7/23/2024,744828,7,100,2024
7,600917,"Leclerc, José",6/1/2024,746062,22,31.8,2024
7,656412,"Faedo, Alex",7/3/2024,745888,24,29.2,2024
7,547184,"Kelly, Michael",4/13/2024,745676,7,100,2024
7,641656,"Hamilton, Ian",4/17/2024,744948,23,30.4,2024
7,656641,"Latz, Jacob",5/1/2024,745023,7,100,2024
7,671922,"Smith, Cade",5/1/2024,746399,7,100,2024
7,621383,"Banks, Tanner",7/31/2024,745543,7,100,2024
7,621199,"Bowman, Matt",9/17/2024,746987,7,100,2024
7,668674,"Erceg, Lucas",6/21/2024,745649,19,36.8,2024
7,593576,"Neris, Héctor",9/10/2024,746346,7,100,2024
7,642207,"Williams, Devin",8/14/2024,745951,7,100,2024
7,663767,"Shugart, Chase",9/28/2024,746902,7,100,2024
7,657571,"Ferguson, Caleb",5/20/2024,745746,7,100,2024
7,669711,"Weissert, Greg",7/19/2024,746123,7,100,2024
7,595014,"Treinen, Blake",9/25/2024,746095,7,100,2024
7,605130,"Barlow, Scott",8/24/2024,746599,15,46.7,2024
7,663158,"Suarez, Robert",4/24/2024,746567,7,100,2024
7,571771,"Hernández, Enrique",7/9/2024,745557,9,77.8,2024
7,668984,"Legumina, Casey",9/12/2024,745129,7,100,2024
7,622554,"Domínguez, Seranthony",9/24/2024,745688,7,100,2024
7,664875,"Lawrence, Justin",8/25/2024,745706,7,100,2024
7,642232,"Yarbrough, Ryan",6/5/2024,745494,49,14.3,2024
7,681869,"Dubin, Shawn",6/5/2024,746379,24,29.2,2024
7,641755,"Kinley, Tyler",8/6/2024,746519,7,100,2024
7,642701,"Santana, Dennis",4/23/2024,745754,7,100,2024
7,605452,"Ross, Joe",9/8/2024,745940,32,21.9,2024
7,687911,"King, Bryan",6/23/2024,746373,7,100,2024
7,672710,"Contreras, Roansy",4/9/2024,745517,7,100,2024
7,642086,"Smith, Dominic",6/29/2024,746940,7,100,2024
7,656546,"Hoffman, Jeff",5/11/2024,746069,7,100,2024
7,673513,"Matsui, Yuki",9/26/2024,746088,7,100,2024
7,621051,"Wilson, Steven",4/22/2024,745916,7,100,2024
7,621051,"Wilson, Steven",4/10/2024,746655,7,100,2024
7,668941,"Romero, JoJo",9/4/2024,745938,7,100,2024
7,687863,"Hodge, Porter",8/9/2024,746760,11,63.6,2024
7,614179,"Ruiz, José",5/22/2024,745576,7,100,2024
7,677161,"Kelly, Zack",7/9/2024,746937,7,100,2024
7,663893,"Little, Brendon",7/7/2024,745233,7,100,2024
7,660853,"De Los Santos, Enyel",4/1/2024,745437,7,100,2024
7,641729,"Jiménez, Joe",7/25/2024,745794,7,100,2024
7,656730,"Megill, Trevor",6/19/2024,746219,7,100,2024
7,695243,"Miller, Mason",6/21/2024,745649,7,100,2024
7,643410,"Leiter Jr., Mark",6/1/2024,746870,7,100,2024
7,661403,"Clase, Emmanuel",9/6/2024,746104,7,100,2024
7,642048,"Saucedo, Tayler",3/30/2024,745278,7,100,2024
7,656271,"Burke, Brock",9/20/2024,746340,7,100,2024
7,595014,"Treinen, Blake",5/17/2024,746148,7,100,2024
7,640462,"Puk, A.J.",9/16/2024,746502,12,58.3,2024
7,605280,"Holmes, Clay",7/31/2024,745543,7,100,2024
7,622075,"Almonte, Yency",5/1/2024,745829,7,100,2024
7,668941,"Romero, JoJo",4/22/2024,745191,7,100,2024
7,683409,"Chivilli, Angel",6/5/2024,746544,7,100,2024
7,623352,"Hader, Josh",7/7/2024,745883,7,100,2024
7,664747,"Díaz, Alexis",4/27/2024,745020,7,100,2024
7,664208,"Maton, Phil",7/25/2024,745794,7,100,2024
7,661403,"Clase, Emmanuel",7/28/2024,745550,7,100,2024
7,682120,"Herrin, Tim",5/1/2024,746399,7,100,2024
7,655889,"Rodríguez, Manuel",8/10/2024,745056,7,100,2024
7,641941,"Pagán, Emilio",4/6/2024,746731,7,100,2024
7,656222,"Beeks, Jalen",9/11/2024,745450,7,100,2024
7,554340,"García, Yimi",7/28/2024,746770,7,100,2024
7,643511,"Rogers, Tyler",6/30/2024,745320,7,100,2024
7,667463,"King, John",5/6/2024,745182,7,100,2024
7,664875,"Lawrence, Justin",6/30/2024,746779,7,100,2024
7,592426,"Jackson, Luke",6/15/2024,745329,7,100,2024
7,519293,"Smith, Will",4/21/2024,746316,7,100,2024
7,571882,"Law, Derek",9/4/2024,746019,7,100,2024
7,657612,"Hill, Tim",9/3/2024,744968,7,100,2024
7,666720,"Rodríguez, Yerry",5/14/2024,745014,44,15.9,2024
7,608717,"Stratton, Chris",8/27/2024,746594,7,100,2024
7,676534,"Faucher, Calvin",6/18/2024,746049,7,100,2024
7,671345,"Foley, Jason",3/31/2024,746815,7,100,2024
7,571946,"Miller, Shelby",6/13/2024,746465,22,31.8,2024
7,669461,"Liberatore, Matthew",6/15/2024,746865,7,100,2024
7,502085,"Robertson, David",5/29/2024,745011,7,100,2024
7,665625,"Peguero, Elvis",6/1/2024,745980,7,100,2024
7,669211,"Akin, Keegan",9/11/2024,746908,7,100,2024
7,458677,"Wilson, Justin",6/8/2024,746703,7,100,2024
7,592155,"Booser, Cam",4/19/2024,745518,7,100,2024
7,608718,"Suter, Brent",9/10/2024,745126,7,100,2024
7,605280,"Holmes, Clay",9/18/2024,745199,19,36.8,2024
7,662253,"Muñoz, Andrés",4/21/2024,746568,7,100,2024
7,543518,"McGough, Scott",9/28/2024,747146,7,100,2024
7,643396,"Kiner-Falefa, Isiah",4/1/2024,746409,7,100,2024
7,678495,"Rodríguez, Randy",7/22/2024,746124,7,100,2024
7,683155,"Estes, Joey",8/20/2024,745624,94,7.4,2024
7,641360,"Bickford, Phil",6/21/2024,745729,7,100,2024
7,657612,"Hill, Tim",6/2/2024,745984,7,100,2024
7,502624,"Anderson, Chase",6/8/2024,746786,41,17.1,2024
7,669438,"Englert, Mason",6/12/2024,746462,7,100,2024
7,641835,"Mayza, Tim",4/2/2024,746411,7,100,2024
7,623352,"Hader, Josh",9/19/2024,746341,7,100,2024
7,669276,"Lee, Dylan",5/12/2024,745825,7,100,2024
7,472610,"García, Luis",8/2/2024,744986,7,100,2024
7,640462,"Puk, A.J.",7/23/2024,746036,17,41.2,2024
7,690829,"Joyce, Ben",7/23/2024,745227,7,100,2024
7,656546,"Hoffman, Jeff",4/10/2024,745196,7,100,2024
7,675627,"Grove, Michael",5/10/2024,745421,7,100,2024
7,643256,"Cimber, Adam",3/28/2024,747060,7,100,2024
7,605280,"Holmes, Clay",8/4/2024,745718,7,100,2024
7,660853,"De Los Santos, Enyel",8/4/2024,745718,7,100,2024
7,500779,"Quintana, Jose",4/28/2024,745834,99,7.1,2024
7,596133,"Weaver, Luke",8/31/2024,745699,7,100,2024
7,657612,"Hill, Tim",5/17/2024,745747,7,100,2024
7,605280,"Holmes, Clay",4/9/2024,745762,7,100,2024
7,668338,"Miller, Tyson",5/28/2024,745987,7,100,2024
7,552640,"Kittredge, Andrew",4/24/2024,745188,7,100,2024
7,605130,"Barlow, Scott",6/22/2024,746622,10,70,2024
7,650893,"Cabrera, Génesis",9/15/2024,744883,11,63.6,2024
7,642232,"Yarbrough, Ryan",6/29/2024,745317,7,100,2024
7,518617,"Diekman, Jake",7/1/2024,744840,7,100,2024
7,642546,"Hernández, Jonathan",7/12/2024,746371,12,58.3,2024
7,621237,"Alvarado, José",9/11/2024,745525,7,100,2024
7,694363,"Shuster, Jared",8/3/2024,745876,7,100,2024
7,643338,"Green, Chad",7/19/2024,744911,7,100,2024
7,664126,"Fairbanks, Pete",5/15/2024,746960,7,100,2024
7,668674,"Erceg, Lucas",7/12/2024,745552,7,100,2024
7,579328,"Kikuchi, Yusei",7/9/2024,745316,100,7,2024
7,664854,"Helsley, Ryan",7/28/2024,745145,7,100,2024
7,677161,"Kelly, Zack",7/27/2024,746931,7,100,2024
7,679885,"Martinez, Justin",9/25/2024,747144,28,25,2024
7,623352,"Hader, Josh",7/5/2024,745884,7,100,2024
7,624647,"González, Victor",4/10/2024,745763,7,100,2024
7,671305,"Otañez, Michel",8/20/2024,745624,7,100,2024
7,623437,"Topa, Justin",9/28/2024,745849,7,100,2024
7,519293,"Smith, Will",8/9/2024,746275,7,100,2024
7,624647,"González, Victor",6/14/2024,746947,7,100,2024
7,621381,"Strahm, Matt",8/16/2024,745542,11,63.6,2024
7,656271,"Burke, Brock",9/3/2024,746185,7,100,2024
7,542888,"Armstrong, Shawn",8/13/2024,746673,7,100,2024
7,519008,"McFarland, T.J.",8/17/2024,745626,7,100,2024
7,656730,"Megill, Trevor",9/10/2024,745291,7,100,2024
7,571948,"Milner, Hoby",4/10/2024,746728,7,100,2024
7,670871,"Zuñiga, Guillo",9/18/2024,746172,7,100,2024
7,695243,"Miller, Mason",6/12/2024,745405,7,100,2024
7,657612,"Hill, Tim",7/24/2024,745716,25,28,2024
7,518886,"Kimbrel, Craig",8/20/2024,745782,7,100,2024
7,687911,"King, Bryan",8/23/2024,746995,7,100,2024
7,518585,"Cruz, Fernando",7/8/2024,746692,7,100,2024
7,592426,"Jackson, Luke",6/11/2024,745327,7,100,2024
7,608032,"Estévez, Carlos",7/13/2024,746202,7,100,2024
7,661403,"Clase, Emmanuel",6/19/2024,746625,7,100,2024
7,676684,"Vest, Will",4/14/2024,746492,12,58.3,2024
7,519043,"Moore, Matt",4/16/2024,745108,7,100,2024
7,693312,"Nicolas, Kyle",7/4/2024,745484,7,100,2024
7,678020,"Halvorsen, Seth",9/22/2024,746092,7,100,2024
7,684007,"Imanaga, Shota",5/7/2024,746885,102,6.9,2024
6,664849,"Young, Danny",7/19/2024,746040,6,100,2024
6,542888,"Armstrong, Shawn",8/21/2024,745138,6,100,2024
6,663992,"Lovelady, Richard",9/12/2024,746591,6,100,2024
6,683769,"Gaddis, Hunter",5/22/2024,746634,18,33.3,2024
6,672391,"Ort, Kaleb",9/11/2024,746342,6,100,2024
6,664854,"Helsley, Ryan",8/17/2024,745140,6,100,2024
6,543859,"Tonkin, Michael",5/26/2024,745413,14,42.9,2024
6,672335,"Pérez, Cionel",9/10/2024,746907,20,30,2024
6,664854,"Helsley, Ryan",4/1/2024,745437,6,100,2024
6,642016,"Robert, Daniel",7/19/2024,744990,6,100,2024
6,666745,"Brito, Jhony",6/5/2024,746221,6,100,2024
6,608723,"Voth, Austin",9/2/2024,745619,6,100,2024
6,671345,"Foley, Jason",9/2/2024,745373,6,100,2024
6,656546,"Hoffman, Jeff",6/9/2024,745571,11,54.5,2024
6,663542,"Hudson, Bryan",4/9/2024,746732,6,100,2024
6,608717,"Stratton, Chris",6/20/2024,745645,6,100,2024
6,686826,"Jarvis, Bryce",5/14/2024,747205,6,100,2024
6,543339,"Hudson, Daniel",7/21/2024,746125,6,100,2024
6,686580,"Slaten, Justin",7/5/2024,745725,6,100,2024
6,518886,"Kimbrel, Craig",5/24/2024,746793,6,100,2024
6,623474,"Herget, Jimmy",8/14/2024,745301,6,100,2024
6,681869,"Dubin, Shawn",7/13/2024,746369,6,100,2024
6,669093,"Estrada, Jeremiah",6/7/2024,745406,18,33.3,2024
6,666974,"Cano, Yennier",4/22/2024,746242,21,28.6,2024
6,660853,"De Los Santos, Enyel",4/5/2024,745361,6,100,2024
6,621053,"Ferguson, Tyler",8/18/2024,745621,6,100,2024
6,519008,"McFarland, T.J.",6/28/2024,747183,6,100,2024
6,493603,"Ottavino, Adam",5/18/2024,746067,6,100,2024
6,656354,"Davis, Austin",7/9/2024,745393,6,100,2024
6,547973,"Chapman, Aroldis",9/5/2024,745451,6,100,2024
6,573009,"Mantiply, Joe",8/7/2024,746604,6,100,2024
6,656271,"Burke, Brock",9/24/2024,746743,6,100,2024
6,656793,"Nelson, Nick",4/1/2024,745600,6,100,2024
6,613534,"Adams, Austin",6/1/2024,747111,6,100,2024
6,592767,"Smyly, Drew",7/29/2024,746684,6,100,2024
6,605347,"López, Jorge",4/4/2024,745844,6,100,2024
6,621381,"Strahm, Matt",5/28/2024,745337,6,100,2024
6,663462,"Campbell, Isaiah",4/5/2024,746249,6,100,2024
6,643410,"Leiter Jr., Mark",8/18/2024,746431,6,100,2024
6,676395,"Garcia, Robert",9/12/2024,744805,6,100,2024
6,656945,"Scott, Tanner",9/18/2024,745365,6,100,2024
6,640448,"Finnegan, Kyle",4/26/2024,746078,6,100,2024
6,657571,"Ferguson, Caleb",4/7/2024,745765,18,33.3,2024
6,664126,"Fairbanks, Pete",5/17/2024,744934,6,100,2024
6,687424,"Maldonado, Anthony",5/6/2024,746149,6,100,2024
6,592791,"Taillon, Jameson",7/23/2024,746848,94,6.4,2024
6,669711,"Weissert, Greg",4/11/2024,746977,6,100,2024
6,489446,"Yates, Kirby",9/4/2024,744964,6,100,2024
6,676395,"Garcia, Robert",6/24/2024,745397,6,100,2024
6,605280,"Holmes, Clay",9/12/2024,745695,6,100,2024
6,672335,"Pérez, Cionel",6/29/2024,747018,6,100,2024
6,663773,"Hoeing, Bryan",8/9/2024,746032,6,100,2024
6,663158,"Suarez, Robert",8/7/2024,745469,6,100,2024
6,661395,"Duran, Jhoan",8/3/2024,745876,6,100,2024
6,643511,"Rogers, Tyler",8/4/2024,746680,8,75,2024
6,676254,"Walker, Ryan",6/19/2024,746864,6,100,2024
6,693312,"Nicolas, Kyle",5/12/2024,745499,6,100,2024
6,669211,"Akin, Keegan",4/26/2024,747050,6,100,2024
6,518397,"Alexander, Scott",6/1/2024,747111,8,75,2024
6,628452,"Iglesias, Raisel",5/31/2024,747116,6,100,2024
6,672851,"Adon, Joan",8/7/2024,744822,6,100,2024
6,547973,"Chapman, Aroldis",9/19/2024,745120,6,100,2024
6,656464,"Ginkel, Kevin",4/16/2024,747214,6,100,2024
6,600917,"Leclerc, José",6/24/2024,745974,6,100,2024
6,673929,"Leasure, Jordan",4/28/2024,746805,6,100,2024
6,694037,"Palencia, Daniel",9/17/2024,746830,16,37.5,2024
6,595345,"Okert, Steven",5/16/2024,745907,6,100,2024
6,622075,"Almonte, Yency",3/30/2024,745037,6,100,2024
6,606303,"Payamps, Joel",8/28/2024,745943,6,100,2024
6,656529,"Hentges, Sam",5/12/2024,746798,6,100,2024
6,592094,"Adam, Jason",7/31/2024,745386,6,100,2024
6,519008,"McFarland, T.J.",9/17/2024,746830,6,100,2024
6,621114,"Burr, Ryan",7/19/2024,744911,6,100,2024
6,657612,"Hill, Tim",6/30/2024,744916,10,60,2024
6,679885,"Martinez, Justin",4/29/2024,747211,6,100,2024
6,669276,"Lee, Dylan",8/13/2024,745302,6,100,2024
6,676092,"Snider, Collin",6/28/2024,745238,6,100,2024
6,673929,"Leasure, Jordan",5/4/2024,745183,6,100,2024
6,642048,"Saucedo, Tayler",6/12/2024,745246,6,100,2024
6,640451,"Harvey, Hunter",7/3/2024,744837,6,100,2024
6,647315,"Pop, Zach",6/14/2024,744924,6,100,2024
6,664126,"Fairbanks, Pete",8/3/2024,746358,6,100,2024
6,642048,"Saucedo, Tayler",9/12/2024,745208,6,100,2024
6,672335,"Pérez, Cionel",5/10/2024,747043,6,100,2024
6,656464,"Ginkel, Kevin",5/30/2024,745819,6,100,2024
6,663878,"Pearson, Nate",4/27/2024,744946,6,100,2024
6,673929,"Leasure, Jordan",6/12/2024,745246,6,100,2024
6,519008,"McFarland, T.J.",7/26/2024,746200,6,100,2024
6,605280,"Holmes, Clay",5/14/2024,745909,6,100,2024
6,663947,"Holton, Tyler",6/30/2024,746209,6,100,2024
6,518397,"Alexander, Scott",9/28/2024,745203,6,100,2024
6,670059,"Holderman, Colin",6/5/2024,745494,6,100,2024
6,676395,"Garcia, Robert",5/22/2024,744856,12,50,2024
6,665625,"Peguero, Elvis",5/22/2024,746063,6,100,2024
6,608344,"Irvin, Cole",5/19/2024,747035,13,46.2,2024
6,642701,"Santana, Dennis",5/18/2024,745744,6,100,2024
6,690829,"Joyce, Ben",7/30/2024,746197,6,100,2024
6,641835,"Mayza, Tim",6/24/2024,746941,6,100,2024
6,663767,"Shugart, Chase",9/1/2024,746426,23,26.1,2024
6,663158,"Suarez, Robert",5/31/2024,746303,6,100,2024
6,579328,"Kikuchi, Yusei",5/10/2024,744940,97,6.2,2024
6,664854,"Helsley, Ryan",4/6/2024,745197,6,100,2024
6,664747,"Díaz, Alexis",8/25/2024,745459,6,100,2024
6,547973,"Chapman, Aroldis",7/28/2024,747173,6,100,2024
6,642048,"Saucedo, Tayler",6/11/2024,745244,6,100,2024
6,458677,"Wilson, Justin",7/14/2024,746686,6,100,2024
6,621363,"Poche, Colin",8/23/2024,746111,6,100,2024
6,493603,"Ottavino, Adam",5/13/2024,745826,11,54.5,2024
6,596133,"Weaver, Luke",7/12/2024,747012,6,100,2024
6,518397,"Alexander, Scott",6/25/2024,746213,6,100,2024
6,608718,"Suter, Brent",6/25/2024,746697,6,100,2024
6,668941,"Romero, JoJo",6/26/2024,745158,6,100,2024
6,445276,"Jansen, Kenley",6/17/2024,744918,6,100,2024
6,641729,"Jiménez, Joe",8/27/2024,745864,23,26.1,2024
6,657571,"Ferguson, Caleb",5/17/2024,745747,6,100,2024
6,690829,"Joyce, Ben",8/9/2024,744818,6,100,2024
6,641329,"Baker, Bryan",6/19/2024,745732,6,100,2024
6,669093,"Estrada, Jeremiah",7/20/2024,746613,6,100,2024
6,663423,"Thornton, Trent",7/3/2024,745234,6,100,2024
6,664854,"Helsley, Ryan",6/28/2024,745161,6,100,2024
6,519326,"Strickland, Hunter",6/4/2024,746222,6,100,2024
6,650489,"Castro, Willi",4/12/2024,746491,6,100,2024
6,657240,"Merryweather, Julian",8/4/2024,746844,6,100,2024
6,670990,"Ramírez, Yohan",7/13/2024,746447,6,100,2024
6,655889,"Rodríguez, Manuel",5/17/2024,744934,6,100,2024
6,621345,"Minter, A.J.",4/22/2024,747134,6,100,2024
6,592454,"Kahnle, Tommy",8/3/2024,745714,6,100,2024
6,669093,"Estrada, Jeremiah",8/4/2024,745384,6,100,2024
6,621051,"Wilson, Steven",8/10/2024,746761,6,100,2024
6,666974,"Cano, Yennier",5/26/2024,746789,6,100,2024
6,493603,"Ottavino, Adam",6/30/2024,745802,6,100,2024
6,571882,"Law, Derek",9/29/2024,744798,6,100,2024
6,672335,"Pérez, Cionel",9/28/2024,745849,6,100,2024
6,489446,"Yates, Kirby",7/23/2024,744985,6,100,2024
6,641645,"Guillorme, Luis",6/16/2024,745321,6,100,2024
6,502085,"Robertson, David",4/10/2024,745024,6,100,2024
6,641927,"Ober, Bailey",4/26/2024,746243,96,6.3,2024
6,493603,"Ottavino, Adam",6/8/2024,745814,6,100,2024
6,683627,"Molina, Anthony",9/1/2024,746505,25,24,2024
6,678606,"Ferrer, Jose A.",7/23/2024,744828,6,100,2024
6,666171,"Zeferjahn, Ryan",9/13/2024,746181,6,100,2024
6,552640,"Kittredge, Andrew",9/11/2024,745127,19,31.6,2024
6,605347,"López, Jorge",5/16/2024,745580,6,100,2024
6,657585,"Garrett, Reed",7/1/2024,744840,6,100,2024
6,605177,"Chafin, Andrew",7/6/2024,746694,6,100,2024
6,657044,"Thompson, Ryan",9/16/2024,746502,6,100,2024
6,660853,"De Los Santos, Enyel",5/20/2024,747121,19,31.6,2024
6,687330,"Kelly, Kevin",7/4/2024,746285,6,100,2024
6,650893,"Cabrera, Génesis",8/12/2024,746192,6,100,2024
6,621051,"Wilson, Steven",6/19/2024,746781,6,100,2024
6,661395,"Duran, Jhoan",8/18/2024,744975,6,100,2024
6,666745,"Brito, Jhony",4/9/2024,745433,16,37.5,2024
6,458677,"Wilson, Justin",8/7/2024,746031,13,46.2,2024
6,686826,"Jarvis, Bryce",6/23/2024,745566,26,23.1,2024
6,596133,"Weaver, Luke",5/20/2024,745746,6,100,2024
6,664875,"Lawrence, Justin",8/7/2024,746521,6,100,2024
6,647315,"Pop, Zach",6/29/2024,744921,6,100,2024
6,663485,"Sands, Cole",8/27/2024,745864,6,100,2024
6,605288,"Houser, Adrian",6/16/2024,745807,34,17.6,2024
6,670970,"Morejon, Adrian",6/3/2024,746224,15,40,2024
6,621366,"Borucki, Ryan",9/21/2024,746660,6,100,2024
6,678226,"Hernández, Daysbel",6/29/2024,747104,6,100,2024
6,689225,"Brieske, Beau",7/27/2024,746446,6,100,2024
6,666974,"Cano, Yennier",7/25/2024,746037,6,100,2024
6,656605,"Keller, Mitch",6/19/2024,745489,83,7.2,2024
6,672335,"Pérez, Cionel",3/30/2024,747063,6,100,2024
6,676969,"de Geus, Brett",8/10/2024,746026,6,100,2024
6,519008,"McFarland, T.J.",4/13/2024,745676,6,100,2024
6,687911,"King, Bryan",9/22/2024,746339,6,100,2024
6,445276,"Jansen, Kenley",8/28/2024,746913,6,100,2024
6,592791,"Taillon, Jameson",4/29/2024,745832,78,7.7,2024
6,683627,"Molina, Anthony",4/27/2024,746560,6,100,2024
5,677020,"Walker, Josh",5/25/2024,745823,5,100,2024
5,683568,"Iriarte, Jairo",9/18/2024,746172,5,100,2024
5,595928,"Curtiss, John",5/25/2024,746556,5,100,2024
5,672582,"Zerpa, Angel",9/17/2024,746261,5,100,2024
5,656266,"Bukauskas, J.B.",4/6/2024,746006,5,100,2024
5,593974,"Peralta, Wandy",4/21/2024,745434,5,100,2024
5,600986,"Vieira, Thyago",6/12/2024,747193,40,12.5,2024
5,593974,"Peralta, Wandy",5/6/2024,746886,12,41.7,2024
5,657044,"Thompson, Ryan",4/9/2024,746571,22,22.7,2024
5,656641,"Latz, Jacob",6/26/2024,745975,5,100,2024
5,669622,"Bender, Anthony",6/15/2024,744846,5,100,2024
5,676395,"Garcia, Robert",8/22/2024,744815,21,23.8,2024
5,642239,"Zastryzny, Rob",7/10/2024,745969,5,100,2024
5,667463,"King, John",8/23/2024,745870,5,100,2024
5,686747,"La Sorsa, Joe",9/20/2024,746824,5,100,2024
5,669211,"Akin, Keegan",5/8/2024,744858,5,100,2024
5,686580,"Slaten, Justin",8/30/2024,746433,5,100,2024
5,572143,"Smith, Burch",5/27/2024,745416,5,100,2024
5,676395,"Garcia, Robert",6/16/2024,744839,5,100,2024
5,592094,"Adam, Jason",7/11/2024,745065,13,38.5,2024
5,657277,"Webb, Logan",8/21/2024,745297,93,5.4,2024
5,657571,"Ferguson, Caleb",4/23/2024,745754,14,35.7,2024
5,670102,"Francis, Bowden",8/4/2024,745718,5,100,2024
5,656730,"Megill, Trevor",6/18/2024,746217,5,100,2024
5,669912,"Snead, Kirby",5/14/2024,745257,5,100,2024
5,623437,"Topa, Justin",9/26/2024,745853,5,100,2024
5,605347,"López, Jorge",5/18/2024,746067,5,100,2024
5,608717,"Stratton, Chris",7/27/2024,746278,5,100,2024
5,595014,"Treinen, Blake",7/27/2024,746362,5,100,2024
5,605154,"Brebbia, John",6/18/2024,746783,5,100,2024
5,686580,"Slaten, Justin",3/30/2024,745278,5,100,2024
5,528748,"Castellanos, Humberto",7/21/2024,746853,5,100,2024
5,663423,"Thornton, Trent",8/4/2024,745222,5,100,2024
5,667463,"King, John",8/8/2024,745143,5,100,2024
5,621345,"Minter, A.J.",4/17/2024,746401,5,100,2024
5,640902,"Pereda, Jhonny",9/19/2024,746011,5,100,2024
5,656550,"Holmes, Grant",9/1/2024,745536,5,100,2024
5,650893,"Cabrera, Génesis",4/30/2024,744942,5,100,2024
5,571948,"Milner, Hoby",7/31/2024,745960,5,100,2024
5,663947,"Holton, Tyler",6/7/2024,746466,5,100,2024
5,593974,"Peralta, Wandy",3/20/2024,745444,19,26.3,2024
5,676395,"Garcia, Robert",6/12/2024,746462,22,22.7,2024
5,657612,"Hill, Tim",8/22/2024,745705,20,25,2024
5,686747,"La Sorsa, Joe",9/12/2024,744805,5,100,2024
5,667463,"King, John",6/2/2024,745572,5,100,2024
5,541640,"Ramírez, Erasmo",5/16/2024,746959,5,100,2024
5,666974,"Cano, Yennier",5/18/2024,747036,5,100,2024
5,600986,"Vieira, Thyago",7/9/2024,747180,34,14.7,2024
5,668338,"Miller, Tyson",8/16/2024,746843,5,100,2024
5,664208,"Maton, Phil",6/19/2024,745887,5,100,2024
5,666720,"Rodríguez, Yerry",4/5/2024,745033,5,100,2024
5,608678,"Leone, Dominic",5/4/2024,745183,5,100,2024
5,643377,"Jax, Griffin",6/18/2024,745893,5,100,2024
5,666149,"Fitzgerald, Tyler",5/4/2024,745583,5,100,2024
5,672335,"Pérez, Cionel",8/27/2024,746105,13,38.5,2024
5,642546,"Hernández, Jonathan",6/3/2024,745009,5,100,2024
5,668964,"Myers, Tobias",8/10/2024,745955,99,5.1,2024
5,663947,"Holton, Tyler",7/10/2024,746453,24,20.8,2024
5,657585,"Garrett, Reed",9/11/2024,744881,10,50,2024
5,670970,"Morejon, Adrian",6/26/2024,745400,5,100,2024
5,671111,"Peralta, Sammy",7/21/2024,746287,5,100,2024
5,573009,"Mantiply, Joe",8/7/2024,746602,5,100,2024
5,666277,"Soriano, George",8/11/2024,746025,5,100,2024
5,664849,"Young, Danny",6/8/2024,745814,9,55.6,2024
5,657044,"Thompson, Ryan",7/28/2024,747173,5,100,2024
5,657024,"Swanson, Erik",5/7/2024,745586,5,100,2024
5,657508,"Baumann, Mike",5/29/2024,745250,5,100,2024
5,672335,"Pérez, Cionel",8/3/2024,746608,15,33.3,2024
5,643361,"Herget, Kevin",9/21/2024,745936,5,100,2024
5,628452,"Iglesias, Raisel",4/16/2024,746400,5,100,2024
5,670167,"Schreiber, John",5/31/2024,746303,7,71.4,2024
5,679885,"Martinez, Justin",5/29/2024,745011,5,100,2024
5,605280,"Holmes, Clay",9/15/2024,745693,5,100,2024
5,621199,"Bowman, Matt",9/8/2024,746989,13,38.5,2024
5,664208,"Maton, Phil",9/15/2024,745530,5,100,2024
5,663704,"McArthur, James",8/16/2024,746674,10,50,2024
5,640462,"Puk, A.J.",8/16/2024,745054,12,41.7,2024
5,676702,"Stratton, Hunter",4/22/2024,745519,5,100,2024
5,671345,"Foley, Jason",6/4/2024,745010,5,100,2024
5,670810,"Gillaspie, Logan",7/24/2024,744824,5,100,2024
5,676680,"Cosgrove, Tom",4/12/2024,746162,5,100,2024
5,554430,"Wheeler, Zack",4/20/2024,745590,106,4.7,2024
5,543518,"McGough, Scott",4/19/2024,745352,15,33.3,2024
5,664849,"Young, Danny",8/27/2024,747162,5,100,2024
5,640462,"Puk, A.J.",8/5/2024,746600,5,100,2024
5,608371,"Sims, Lucas",5/12/2024,745345,5,100,2024
5,657044,"Thompson, Ryan",8/12/2024,747165,5,100,2024
5,663485,"Sands, Cole",6/28/2024,745238,5,100,2024
5,592288,"Emanuel, Kent",6/17/2024,746055,5,100,2024
5,663423,"Thornton, Trent",6/15/2024,745241,18,27.8,2024
5,657097,"Webb, Jacob",5/31/2024,747032,5,100,2024
5,693312,"Nicolas, Kyle",5/22/2024,745502,5,100,2024
5,624522,"Thompson, Keegan",8/30/2024,744810,5,100,2024
5,600917,"Leclerc, José",8/17/2024,744977,5,100,2024
5,693312,"Nicolas, Kyle",9/16/2024,745130,5,100,2024
5,458677,"Wilson, Justin",9/2/2024,746668,5,100,2024
5,593974,"Peralta, Wandy",4/16/2024,746004,5,100,2024
5,642701,"Santana, Dennis",9/25/2024,745442,5,100,2024
5,595345,"Okert, Steven",6/26/2024,747184,19,26.3,2024
5,669724,"Hanifee, Brenan",9/6/2024,745611,5,100,2024
5,669711,"Weissert, Greg",9/4/2024,745776,5,100,2024
5,623465,"Phillips, Evan",3/30/2024,746168,5,100,2024
5,608032,"Estévez, Carlos",8/13/2024,745548,5,100,2024
5,642048,"Saucedo, Tayler",4/16/2024,745270,5,100,2024
5,668941,"Romero, JoJo",5/12/2024,745990,23,21.7,2024
5,663568,"Kolek, Stephen",4/29/2024,745427,5,100,2024
5,670871,"Zuñiga, Guillo",9/22/2024,746339,5,100,2024
5,608371,"Sims, Lucas",5/10/2024,745340,5,100,2024
5,688297,"Roycroft, Chris",5/9/2024,745995,5,100,2024
5,642048,"Saucedo, Tayler",5/1/2024,745261,5,100,2024
5,666205,"Muller, Kyle",4/7/2024,746493,32,15.6,2024
5,661403,"Clase, Emmanuel",5/1/2024,746399,5,100,2024
5,670174,"Winckowski, Josh",9/14/2024,745689,30,16.7,2024
5,687863,"Hodge, Porter",5/25/2024,745176,5,100,2024
5,621114,"Burr, Ryan",7/20/2024,744910,5,100,2024
5,623465,"Phillips, Evan",6/18/2024,746542,5,100,2024
5,664351,"Contreras, Luis",6/28/2024,745804,5,100,2024
5,643410,"Leiter Jr., Mark",4/16/2024,747214,19,26.3,2024
5,668941,"Romero, JoJo",8/21/2024,745138,23,21.7,2024
5,657024,"Swanson, Erik",9/17/2024,744961,5,100,2024
5,593974,"Peralta, Wandy",7/5/2024,745398,9,55.6,2024
5,642048,"Saucedo, Tayler",8/4/2024,745222,5,100,2024
5,669211,"Akin, Keegan",4/6/2024,745522,17,29.4,2024
5,669711,"Weissert, Greg",4/20/2024,745515,5,100,2024
5,489446,"Yates, Kirby",7/13/2024,746369,5,100,2024
5,621363,"Poche, Colin",8/18/2024,745051,5,100,2024
5,519151,"Pressly, Ryan",6/25/2024,746372,5,100,2024
5,676661,"Lazar, Max",8/28/2024,745541,5,100,2024
5,527048,"Pérez, Martín",7/4/2024,745484,92,5.4,2024
5,668941,"Romero, JoJo",7/3/2024,745487,5,100,2024
5,621383,"Banks, Tanner",7/13/2024,746766,23,21.7,2024
5,676596,"Fleming, Josh",4/14/2024,745595,5,100,2024
5,702795,"Loutos, Ryan",6/3/2024,746382,5,100,2024
5,663559,"Falter, Bailey",9/11/2024,745450,93,5.4,2024
5,669093,"Estrada, Jeremiah",9/17/2024,745366,5,100,2024
5,552640,"Kittredge, Andrew",5/12/2024,745990,5,100,2024
5,664747,"Díaz, Alexis",4/24/2024,746725,5,100,2024
5,672710,"Contreras, Roansy",5/10/2024,745506,5,100,2024
5,605121,"Anderson, Justin",7/6/2024,746044,5,100,2024
5,641329,"Baker, Bryan",6/13/2024,747026,32,15.6,2024
5,669461,"Liberatore, Matthew",8/4/2024,746844,27,18.5,2024
5,592426,"Jackson, Luke",9/7/2024,747076,5,100,2024
5,605154,"Brebbia, John",3/30/2024,746818,5,100,2024
5,656550,"Holmes, Grant",6/21/2024,745729,5,100,2024
5,663893,"Little, Brendon",6/3/2024,744930,18,27.8,2024
5,663542,"Hudson, Bryan",7/20/2024,745880,18,27.8,2024
5,621199,"Bowman, Matt",5/24/2024,747200,5,100,2024
5,686826,"Jarvis, Bryce",6/9/2024,745407,5,100,2024
5,666808,"Doval, Camilo",4/23/2024,745348,5,100,2024
5,628452,"Iglesias, Raisel",9/24/2024,747068,5,100,2024
5,640448,"Finnegan, Kyle",7/21/2024,744831,5,100,2024
5,519008,"McFarland, T.J.",9/22/2024,745608,8,62.5,2024
5,614179,"Ruiz, José",6/17/2024,745567,5,100,2024
5,643410,"Leiter Jr., Mark",5/28/2024,745987,5,100,2024
5,666974,"Cano, Yennier",4/24/2024,746244,12,41.7,2024
5,650893,"Cabrera, Génesis",8/18/2024,746838,5,100,2024
5,670174,"Winckowski, Josh",9/12/2024,745695,5,100,2024
5,542888,"Armstrong, Shawn",8/25/2024,745863,5,100,2024
5,687863,"Hodge, Porter",8/27/2024,745461,5,100,2024
5,519293,"Smith, Will",6/25/2024,746293,13,38.5,2024
5,605130,"Barlow, Scott",8/9/2024,745871,5,100,2024
5,643410,"Leiter Jr., Mark",6/8/2024,746703,5,100,2024
5,519293,"Smith, Will",6/9/2024,746297,5,100,2024
5,687330,"Kelly, Kevin",6/8/2024,745082,5,100,2024
4,681432,"Little, Luke",7/12/2024,745153,4,100,2024
4,640455,"Manaea, Sean",8/21/2024,745781,90,4.4,2024
4,663738,"Lynch IV, Daniel",8/30/2024,746353,4,100,2024
4,663687,"Harris, Hogan",9/14/2024,746740,4,100,2024
4,671345,"Foley, Jason",8/23/2024,746758,4,100,2024
4,547973,"Chapman, Aroldis",8/20/2024,744978,4,100,2024
4,669674,"Long, Sam",6/6/2024,746631,17,23.5,2024
4,606965,"Devenski, Chris",5/25/2024,745086,4,100,2024
4,519293,"Smith, Will",5/6/2024,746313,4,100,2024
4,663773,"Hoeing, Bryan",9/25/2024,746095,15,26.7,2024
4,656849,"Peterson, David",8/24/2024,745377,96,4.2,2024
4,606930,"Barnes, Jacob",8/4/2024,744826,4,100,2024
4,663568,"Kolek, Stephen",7/5/2024,745398,4,100,2024
4,680767,"Vodnik, Victor",5/1/2024,746072,4,100,2024
4,605177,"Chafin, Andrew",5/22/2024,746304,4,100,2024
4,681982,"Anderson, Grant",8/28/2024,746752,4,100,2024
4,682120,"Herrin, Tim",5/21/2024,746633,4,100,2024
4,573186,"Stroman, Marcus",5/20/2024,745746,96,4.2,2024
4,668941,"Romero, JoJo",6/14/2024,746869,4,100,2024
4,670950,"Richards, Trevor",5/3/2024,744868,4,100,2024
4,592773,"Stanek, Ryne",5/11/2024,745262,17,23.5,2024
4,643361,"Herget, Kevin",5/8/2024,746312,4,100,2024
4,656234,"Bird, Jake",4/15/2024,745597,4,100,2024
4,657044,"Thompson, Ryan",3/29/2024,747223,4,100,2024
4,676710,"Crawford, Kutter",7/13/2024,746930,96,4.2,2024
4,518585,"Cruz, Fernando",6/29/2024,745159,4,100,2024
4,685801,"Bigge, Hunter",9/10/2024,745535,4,100,2024
4,669194,"Nelson, Ryne",6/3/2024,747194,80,5,2024
4,661395,"Duran, Jhoan",7/14/2024,745314,4,100,2024
4,607179,"Weems, Jordan",7/1/2024,744840,4,100,2024
4,671345,"Foley, Jason",8/27/2024,746429,4,100,2024
4,669212,"Morgan, Eli",3/31/2024,745683,4,100,2024
4,681911,"Vesia, Alex",9/10/2024,746097,13,30.8,2024
4,669724,"Hanifee, Brenan",9/18/2024,746254,29,13.8,2024
4,547184,"Kelly, Michael",4/12/2024,745679,4,100,2024
4,621199,"Bowman, Matt",4/20/2024,745921,4,100,2024
4,668941,"Romero, JoJo",8/8/2024,745143,12,33.3,2024
4,592155,"Booser, Cam",8/6/2024,746273,21,19,2024
4,656638,"Lange, Alex",4/5/2024,746497,4,100,2024
4,594580,"Moll, Sam",8/4/2024,746680,15,26.7,2024
4,608718,"Suter, Brent",3/30/2024,746736,4,100,2024
4,663559,"Falter, Bailey",4/23/2024,745516,85,4.7,2024
4,666974,"Cano, Yennier",9/24/2024,745688,12,33.3,2024
4,519151,"Pressly, Ryan",4/2/2024,746411,4,100,2024
4,672860,"Berroa, Prelander",9/8/2024,746910,21,19,2024
4,656671,"Maciejewski, Josh",4/8/2024,745761,4,100,2024
4,669169,"Heasley, Jonathan",4/6/2024,745522,4,100,2024
4,607481,"Bummer, Aaron",9/11/2024,744804,4,100,2024
4,502085,"Robertson, David",6/21/2024,745006,4,100,2024
4,622554,"Domínguez, Seranthony",5/15/2024,745582,4,100,2024
4,643511,"Rogers, Tyler",6/23/2024,745165,4,100,2024
4,621383,"Banks, Tanner",5/4/2024,745183,4,100,2024
4,642048,"Saucedo, Tayler",9/25/2024,746331,4,100,2024
4,656529,"Hentges, Sam",6/11/2024,746702,19,21.1,2024
4,656271,"Burke, Brock",9/22/2024,746339,4,100,2024
4,592773,"Stanek, Ryne",7/14/2024,746201,4,100,2024
4,690544,"Horn, Bailey",8/26/2024,746915,4,100,2024
4,686747,"La Sorsa, Joe",8/31/2024,744808,4,100,2024
4,455119,"Martin, Chris",8/14/2024,746919,4,100,2024
4,458677,"Wilson, Justin",7/21/2024,744831,4,100,2024
4,657097,"Webb, Jacob",5/7/2024,744859,18,22.2,2024
4,663893,"Little, Brendon",9/7/2024,747076,4,100,2024
4,606303,"Payamps, Joel",9/4/2024,745938,4,100,2024
4,554430,"Wheeler, Zack",5/17/2024,745579,104,3.8,2024
4,656716,"McKinstry, Zach",6/5/2024,745007,4,100,2024
4,669093,"Estrada, Jeremiah",6/3/2024,746224,4,100,2024
4,621381,"Strahm, Matt",5/21/2024,745578,4,100,2024
4,685801,"Bigge, Hunter",9/22/2024,745036,4,100,2024
4,519008,"McFarland, T.J.",5/30/2024,745081,4,100,2024
4,663947,"Holton, Tyler",4/13/2024,746489,16,25,2024
4,656427,"Flaherty, Jack",9/8/2024,746098,92,4.3,2024
4,621242,"Díaz, Edwin",7/9/2024,745803,4,100,2024
4,642239,"Zastryzny, Rob",7/20/2024,745880,4,100,2024
4,650893,"Cabrera, Génesis",9/8/2024,747072,4,100,2024
4,592094,"Adam, Jason",4/5/2024,746576,4,100,2024
4,656945,"Scott, Tanner",8/30/2024,745052,4,100,2024
4,673380,"Núñez, Dedniel",6/12/2024,745811,29,13.8,2024
4,621051,"Wilson, Steven",5/17/2024,745747,14,28.6,2024
4,592454,"Kahnle, Tommy",9/15/2024,745693,4,100,2024
4,663992,"Lovelady, Richard",5/3/2024,746890,15,26.7,2024
4,643511,"Rogers, Tyler",8/15/2024,745298,4,100,2024
4,666974,"Cano, Yennier",6/16/2024,747023,4,100,2024
4,573009,"Mantiply, Joe",5/21/2024,746145,4,100,2024
4,605177,"Chafin, Andrew",9/25/2024,745607,24,16.7,2024
4,678821,"Peralta, Luis",9/14/2024,746508,4,100,2024
4,606303,"Payamps, Joel",7/22/2024,746850,4,100,2024
4,606149,"Gallegos, Giovanny",4/17/2024,745671,4,100,2024
4,605280,"Holmes, Clay",8/3/2024,745714,4,100,2024
4,657097,"Webb, Jacob",4/22/2024,746242,4,100,2024
4,458677,"Wilson, Justin",9/11/2024,745127,4,100,2024
4,554430,"Wheeler, Zack",9/22/2024,745767,94,4.3,2024
4,518617,"Diekman, Jake",4/8/2024,747142,14,28.6,2024
4,608638,"Chargois, JT",6/28/2024,745560,4,100,2024
4,669276,"Lee, Dylan",6/28/2024,747105,4,100,2024
4,605280,"Holmes, Clay",5/19/2024,745745,4,100,2024
4,543518,"McGough, Scott",4/5/2024,747143,4,100,2024
4,663623,"Irvin, Jake",9/16/2024,745773,94,4.3,2024
4,573009,"Mantiply, Joe",9/13/2024,747153,14,28.6,2024
4,695243,"Miller, Mason",9/10/2024,746346,4,100,2024
4,642028,"Rogers, Josh",6/7/2024,745169,4,100,2024
4,663893,"Little, Brendon",6/29/2024,744921,13,30.8,2024
4,605447,"Romano, Jordan",5/19/2024,744937,4,100,2024
4,593576,"Neris, Héctor",7/7/2024,746855,4,100,2024
4,669674,"Long, Sam",8/16/2024,746674,4,100,2024
4,666974,"Cano, Yennier",4/11/2024,746977,4,100,2024
4,676661,"Lazar, Max",8/20/2024,747083,4,100,2024
4,605347,"López, Jorge",8/12/2024,746603,4,100,2024
4,642397,"Soto, Gregory",4/6/2024,744873,4,100,2024
4,445276,"Jansen, Kenley",8/19/2024,746351,4,100,2024
4,682120,"Herrin, Tim",7/8/2024,746455,4,100,2024
4,554340,"García, Yimi",4/2/2024,746411,14,28.6,2024
4,642397,"Soto, Gregory",5/12/2024,746068,4,100,2024
4,571948,"Milner, Hoby",3/30/2024,745850,4,100,2024
4,472610,"García, Luis",5/8/2024,745507,4,100,2024
4,572955,"Johnson, Pierce",8/24/2024,747077,4,100,2024
4,642048,"Saucedo, Tayler",7/9/2024,745393,4,100,2024
4,600986,"Vieira, Thyago",6/7/2024,745406,4,100,2024
4,458677,"Wilson, Justin",9/28/2024,746819,4,100,2024
4,623352,"Hader, Josh",4/14/2024,746404,4,100,2024
3,605463,"Scott, Tayler",6/21/2024,746375,3,100,2024
3,657649,"Koenig, Jared",6/16/2024,745977,8,37.5,2024
3,593974,"Peralta, Wandy",6/1/2024,746305,3,100,2024
3,593934,"Sanó, Miguel",4/7/2024,746251,3,100,2024
3,673380,"Núñez, Dedniel",7/11/2024,745799,3,100,2024
3,518397,"Alexander, Scott",5/25/2024,745658,3,100,2024
3,694363,"Shuster, Jared",6/30/2024,746779,3,100,2024
3,663773,"Hoeing, Bryan",9/6/2024,745371,14,21.4,2024
3,518617,"Diekman, Jake",6/23/2024,746862,3,100,2024
3,667463,"King, John",7/7/2024,744832,10,30,2024
3,656605,"Keller, Mitch",8/20/2024,744978,98,3.1,2024
3,678606,"Ferrer, Jose A.",8/23/2024,747080,3,100,2024
3,552640,"Kittredge, Andrew",5/13/2024,746233,3,100,2024
3,623149,"Sewald, Paul",6/1/2024,745812,3,100,2024
3,690925,"Beeter, Clayton",3/29/2024,746412,3,100,2024
3,643511,"Rogers, Tyler",8/5/2024,744821,3,100,2024
3,664849,"Young, Danny",8/3/2024,746194,3,100,2024
3,541640,"Ramírez, Erasmo",4/28/2024,746805,3,100,2024
3,643410,"Leiter Jr., Mark",6/5/2024,746873,3,100,2024
3,621345,"Minter, A.J.",7/9/2024,747180,3,100,2024
3,542881,"Anderson, Tyler",4/8/2024,746252,91,3.3,2024
3,628452,"Iglesias, Raisel",6/14/2024,747112,3,100,2024
3,614179,"Ruiz, José",6/9/2024,745571,3,100,2024
3,641703,"Honeywell, Brent",7/26/2024,746361,3,100,2024
3,592426,"Jackson, Luke",6/18/2024,746867,3,100,2024
3,445926,"Chavez, Jesse",5/12/2024,745825,12,25,2024
3,608718,"Suter, Brent",4/1/2024,745600,3,100,2024
3,592426,"Jackson, Luke",9/29/2024,747061,3,100,2024
3,671345,"Foley, Jason",8/4/2024,746439,3,100,2024
3,595345,"Okert, Steven",4/23/2024,745917,11,27.3,2024
3,643377,"Jax, Griffin",8/30/2024,745862,3,100,2024
3,671345,"Foley, Jason",5/24/2024,746475,3,100,2024
3,593974,"Peralta, Wandy",9/25/2024,746095,3,100,2024
3,663947,"Holton, Tyler",8/6/2024,745221,3,100,2024
3,573186,"Stroman, Marcus",5/31/2024,745331,91,3.3,2024
3,608717,"Stratton, Chris",6/19/2024,745646,3,100,2024
3,592454,"Kahnle, Tommy",8/30/2024,745700,3,100,2024
3,519326,"Strickland, Hunter",5/17/2024,745016,3,100,2024
3,682842,"Uribe, Abner",4/30/2024,745997,3,100,2024
3,622786,"Tinoco, Jesus",5/31/2024,746059,28,10.7,2024
3,672335,"Pérez, Cionel",7/30/2024,747005,9,33.3,2024
3,605463,"Scott, Tayler",4/10/2024,746323,3,100,2024
3,646242,"Díaz, Jhonathan",7/31/2024,746925,3,100,2024
3,641835,"Mayza, Tim",5/15/2024,747038,3,100,2024
3,552640,"Kittredge, Andrew",7/13/2024,745175,16,18.8,2024
3,663158,"Suarez, Robert",6/22/2024,745402,3,100,2024
3,663423,"Thornton, Trent",4/6/2024,746006,3,100,2024
3,596133,"Weaver, Luke",7/14/2024,747009,16,18.8,2024
3,552640,"Kittredge, Andrew",6/28/2024,745161,3,100,2024
3,663568,"Kolek, Stephen",4/6/2024,745359,3,100,2024
3,547973,"Chapman, Aroldis",4/1/2024,744875,3,100,2024
3,682120,"Herrin, Tim",6/6/2024,746631,3,100,2024
3,608678,"Leone, Dominic",4/1/2024,746817,3,100,2024
3,573009,"Mantiply, Joe",4/5/2024,747143,16,18.8,2024
3,657649,"Koenig, Jared",8/20/2024,745136,3,100,2024
3,518397,"Alexander, Scott",6/18/2024,745650,3,100,2024
3,664208,"Maton, Phil",6/18/2024,745893,3,100,2024
3,458677,"Wilson, Justin",7/3/2024,745728,3,100,2024
3,687330,"Kelly, Kevin",8/27/2024,745213,3,100,2024
3,571656,"Farmer, Buck",5/23/2024,746714,3,100,2024
3,660853,"De Los Santos, Enyel",6/20/2024,745401,3,100,2024
3,647315,"Pop, Zach",5/8/2024,745584,9,33.3,2024
3,676395,"Garcia, Robert",8/23/2024,747080,3,100,2024
3,668338,"Miller, Tyson",5/9/2024,745910,23,13,2024
3,519043,"Moore, Matt",5/8/2024,745507,21,14.3,2024
3,620443,"Torrens, Luis",7/5/2024,745479,3,100,2024
3,595345,"Okert, Steven",8/4/2024,745879,3,100,2024
3,674444,"Cruz, Steven",8/29/2024,746352,3,100,2024
3,669461,"Liberatore, Matthew",7/5/2024,744836,7,42.9,2024
3,668941,"Romero, JoJo",4/21/2024,745192,8,37.5,2024
3,573009,"Mantiply, Joe",4/10/2024,746573,3,100,2024
3,666974,"Cano, Yennier",8/7/2024,744903,12,25,2024
3,502085,"Robertson, David",6/29/2024,747018,3,100,2024
3,656730,"Megill, Trevor",5/28/2024,745987,3,100,2024
3,664849,"Young, Danny",9/11/2024,744881,3,100,2024
3,571946,"Miller, Shelby",6/11/2024,746464,3,100,2024
3,668941,"Romero, JoJo",9/15/2024,744883,3,100,2024
3,678495,"Rodríguez, Randy",6/10/2024,745334,3,100,2024
3,607067,"Rea, Colin",8/18/2024,745948,88,3.4,2024
3,592454,"Kahnle, Tommy",9/3/2024,744968,16,18.8,2024
3,672710,"Contreras, Roansy",4/7/2024,745523,11,27.3,2024
3,656641,"Latz, Jacob",6/18/2024,745004,3,100,2024
3,667463,"King, John",5/13/2024,746233,13,23.1,2024
3,657571,"Ferguson, Caleb",3/31/2024,746413,11,27.3,2024
3,592351,"Gray, Jon",7/23/2024,744985,80,3.8,2024
3,657514,"Bernardino, Brennan",7/19/2024,746123,3,100,2024
3,656529,"Hentges, Sam",6/21/2024,746624,3,100,2024
3,669622,"Bender, Anthony",6/22/2024,746048,3,100,2024
3,676534,"Faucher, Calvin",6/21/2024,746052,3,100,2024
3,640455,"Manaea, Sean",9/21/2024,745768,89,3.4,2024
3,594580,"Moll, Sam",6/19/2024,745489,3,100,2024
3,667463,"King, John",9/10/2024,745126,16,18.8,2024
3,669952,"White, Mitch",5/28/2024,745987,3,100,2024
3,608723,"Voth, Austin",5/29/2024,745250,3,100,2024
3,621114,"Burr, Ryan",8/28/2024,746913,3,100,2024
3,573009,"Mantiply, Joe",4/27/2024,745266,9,33.3,2024
3,640451,"Harvey, Hunter",5/18/2024,745581,3,100,2024
3,663704,"McArthur, James",5/8/2024,746312,3,100,2024
3,663878,"Pearson, Nate",6/16/2024,744926,3,100,2024
3,489446,"Yates, Kirby",5/29/2024,745011,3,100,2024
3,647315,"Pop, Zach",9/15/2024,744883,3,100,2024
3,613534,"Adams, Austin",7/30/2024,745309,3,100,2024
3,663992,"Lovelady, Richard",9/18/2024,745040,3,100,2024
3,571670,"Floro, Dylan",5/18/2024,745581,18,16.7,2024
3,661395,"Duran, Jhoan",6/26/2024,747184,3,100,2024
3,592454,"Kahnle, Tommy",7/9/2024,745074,3,100,2024
3,673513,"Matsui, Yuki",9/29/2024,747147,3,100,2024
3,543294,"Hendricks, Kyle",9/28/2024,746819,81,3.7,2024
3,672335,"Pérez, Cionel",6/14/2024,747025,3,100,2024
2,672710,"Contreras, Roansy",8/10/2024,744820,2,100,2024
2,663423,"Thornton, Trent",7/24/2024,745231,2,100,2024
2,573009,"Mantiply, Joe",7/21/2024,746853,2,100,2024
2,519008,"McFarland, T.J.",6/12/2024,745405,12,16.7,2024
2,667463,"King, John",6/6/2024,745174,12,16.7,2024
2,668941,"Romero, JoJo",8/7/2024,745142,15,13.3,2024
2,664208,"Maton, Phil",8/25/2024,745376,2,100,2024
2,573009,"Mantiply, Joe",4/14/2024,747216,18,11.1,2024
2,656945,"Scott, Tanner",4/24/2024,747132,2,100,2024
2,571882,"Law, Derek",8/13/2024,747004,2,100,2024
2,687798,"Robertson, Nick",5/6/2024,745182,2,100,2024
2,571656,"Farmer, Buck",9/28/2024,746819,8,25,2024
2,592767,"Smyly, Drew",4/16/2024,747214,2,100,2024
2,502624,"Anderson, Chase",7/22/2024,746526,2,100,2024
2,552640,"Kittredge, Andrew",8/31/2024,745699,2,100,2024
2,669467,"Pallante, Andre",4/8/2024,745194,2,100,2024
2,666974,"Cano, Yennier",9/11/2024,746908,2,100,2024
2,573204,"Thielbar, Caleb",4/30/2024,746806,2,100,2024
2,657044,"Thompson, Ryan",7/23/2024,746281,2,100,2024
2,593833,"Suero, Wander",4/9/2024,746326,2,100,2024
2,663903,"Singer, Brady",6/26/2024,746291,92,2.2,2024
2,548389,"Stripling, Ross",8/27/2024,746671,2,100,2024
2,642701,"Santana, Dennis",8/28/2024,745452,2,100,2024
2,676969,"de Geus, Brett",4/9/2024,744957,2,100,2024
2,608723,"Voth, Austin",7/12/2024,746207,2,100,2024
2,518886,"Kimbrel, Craig",5/23/2024,746792,2,100,2024
2,688297,"Roycroft, Chris",7/29/2024,745147,25,8,2024
2,669093,"Estrada, Jeremiah",9/5/2024,745369,2,100,2024
2,672860,"Berroa, Prelander",9/22/2024,745358,18,11.1,2024
2,676395,"Garcia, Robert",4/1/2024,744875,7,28.6,2024
2,676254,"Walker, Ryan",7/14/2024,745314,2,100,2024
2,657612,"Hill, Tim",9/15/2024,745693,13,15.4,2024
2,623149,"Sewald, Paul",6/16/2024,747189,2,100,2024
2,664076,"Cleavinger, Garrett",9/3/2024,745047,2,100,2024
2,642701,"Santana, Dennis",8/19/2024,744976,12,16.7,2024
2,671345,"Foley, Jason",9/27/2024,746417,2,100,2024
2,622253,"Tate, Dillon",9/21/2024,745038,7,28.6,2024
2,605121,"Anderson, Justin",9/20/2024,745364,2,100,2024
2,552640,"Kittredge, Andrew",5/20/2024,745181,2,100,2024
2,624647,"González, Victor",4/17/2024,744948,2,100,2024
2,676254,"Walker, Ryan",7/26/2024,745315,2,100,2024
2,621237,"Alvarado, José",4/15/2024,745597,2,100,2024
2,660853,"De Los Santos, Enyel",5/7/2024,746885,2,100,2024
2,543859,"Tonkin, Michael",9/18/2024,746582,2,100,2024
2,656629,"Kopech, Michael",6/5/2024,746873,2,100,2024
2,686580,"Slaten, Justin",6/18/2024,744917,2,100,2024
2,593974,"Peralta, Wandy",6/24/2024,745397,2,100,2024
2,676596,"Fleming, Josh",4/6/2024,745522,2,100,2024
2,552640,"Kittredge, Andrew",4/22/2024,745191,16,12.5,2024
2,660853,"De Los Santos, Enyel",6/16/2024,745807,2,100,2024
2,656794,"Newcomb, Sean",6/21/2024,745649,2,100,2024
2,685314,"Saalfrank, Andrew",4/24/2024,745188,2,100,2024
2,642048,"Saucedo, Tayler",6/9/2024,746297,2,100,2024
2,621053,"Ferguson, Tyler",5/15/2024,746397,2,100,2024
2,669211,"Akin, Keegan",8/29/2024,746102,2,100,2024
2,606930,"Barnes, Jacob",9/26/2024,744796,2,100,2024
2,663574,"Santillan, Tony",8/8/2024,746030,17,11.8,2024
2,656234,"Bird, Jake",4/8/2024,746569,2,100,2024
2,672582,"Zerpa, Angel",6/13/2024,746299,2,100,2024
2,657508,"Baumann, Mike",4/20/2024,746324,2,100,2024
2,693312,"Nicolas, Kyle",6/29/2024,747104,2,100,2024
2,681676,"Fernandez, Ryan",7/23/2024,745475,2,100,2024
2,657044,"Thompson, Ryan",5/21/2024,746145,12,16.7,2024
2,657571,"Ferguson, Caleb",7/21/2024,745722,2,100,2024
2,663704,"McArthur, James",4/5/2024,746328,2,100,2024
2,664208,"Maton, Phil",4/27/2024,746803,2,100,2024
2,458677,"Wilson, Justin",5/10/2024,745340,21,9.5,2024
2,647315,"Pop, Zach",8/10/2024,744897,2,100,2024
2,681402,"Varland, Gus",3/21/2024,746175,2,100,2024
2,686539,"Cronin, Declan",8/18/2024,745786,2,100,2024
1,642397,"Soto, Gregory",3/31/2024,745602,1,100,2024
1,661527,"Martinez, Seth",4/20/2024,744865,1,100,2024
1,669459,"Nelson, Kyle",4/22/2024,745191,1,100,2024
1,607200,"Fedde, Erick",6/10/2024,745248,93,1.1,2024
1,664854,"Helsley, Ryan",9/25/2024,746501,1,100,2024
1,669459,"Nelson, Kyle",4/13/2024,747215,15,6.7,2024
1,593974,"Peralta, Wandy",6/5/2024,746221,14,7.1,2024
1,519242,"Sale, Chris",7/25/2024,745794,94,1.1,2024
1,608371,"Sims, Lucas",5/13/2024,747204,1,100,2024
1,656641,"Latz, Jacob",5/12/2024,746555,11,9.1,2024
1,642397,"Soto, Gregory",9/19/2024,746985,1,100,2024
1,642048,"Saucedo, Tayler",6/15/2024,745241,1,100,2024
1,605177,"Chafin, Andrew",6/18/2024,747107,10,10,2024
1,628452,"Iglesias, Raisel",9/27/2024,747065,1,100,2024
1,681911,"Vesia, Alex",5/31/2024,746140,1,100,2024
1,607455,"Banda, Anthony",8/15/2024,745950,1,100,2024
1,673513,"Matsui, Yuki",4/7/2024,745362,7,14.3,2024
1,682120,"Herrin, Tim",8/31/2024,746590,1,100,2024
1,622065,"Young, Alex",6/1/2024,746870,1,100,2024
1,552640,"Kittredge, Andrew",5/21/2024,745180,14,7.1,2024
1,669062,"Miller, Erik",5/21/2024,745503,1,100,2024
1,640462,"Puk, A.J.",5/13/2024,746471,1,100,2024
1,608723,"Voth, Austin",6/21/2024,746052,1,100,2024
1,642397,"Soto, Gregory",9/21/2024,746983,1,100,2024
1,681402,"Varland, Gus",9/22/2024,745358,1,100,2024
1,572143,"Smith, Burch",7/21/2024,744991,1,100,2024
1,678692,"Henriquez, Ronny",7/23/2024,745878,1,100,2024
1,643377,"Jax, Griffin",9/25/2024,745854,20,5,2024
1,678020,"Halvorsen, Seth",8/30/2024,746511,1,100,2024
1,573124,"Rogers, Taylor",6/2/2024,745330,1,100,2024
1,621237,"Alvarado, José",4/20/2024,745590,1,100,2024
1,663568,"Kolek, Stephen",5/21/2024,746716,1,100,2024
1,518397,"Alexander, Scott",6/14/2024,745892,1,100,2024
1,571948,"Milner, Hoby",4/26/2024,746000,17,5.9,2024
1,543056,"Coulombe, Danny",5/13/2024,747040,1,100,2024
1,547184,"Kelly, Michael",5/24/2024,745663,1,100,2024
1,622065,"Young, Alex",9/8/2024,745774,1,100,2024
1,672710,"Contreras, Roansy",4/13/2024,745594,1,100,2024
1,676395,"Garcia, Robert",5/15/2024,746795,1,100,2024
1,667463,"King, John",8/26/2024,745133,1,100,2024
1,641755,"Kinley, Tyler",5/18/2024,745339,1,100,2024
1,621389,"Blach, Ty",5/2/2024,746070,45,2.2,2024
1,672335,"Pérez, Cionel",5/28/2024,747033,11,9.1,2024
1,621242,"Díaz, Edwin",9/11/2024,744881,1,100,2024
1,643338,"Green, Chad",6/7/2024,745655,1,100,2024
1,656546,"Hoffman, Jeff",8/9/2024,747168,1,100,2024
1,606303,"Payamps, Joel",6/4/2024,745568,1,100,2024
