pitches,playerid,player_name,season,total_pitches,pitch_percent
1460,461791,"Marmol, Carlos",2011,1460,100
1421,461791,"Marmol, Carlos",2010,1421,100
1387,461791,"Marmol, Carlos",2009,1469,94.4
1360,446099,"Axford, John",2012,1405,96.8
1358,407845,"Rodney, Fernando",2009,1358,100
1319,451216,"Wilson, Brian",2009,1319,100
1314,518886,"Kimbrel, Craig",2011,1314,100
1305,451216,"Wilson, Brian",2010,1305,100
1296,461791,"Marmol, Carlos",2008,1509,85.9
1290,150188,"Cordero, Francisco",2010,1290,100
1279,407845,"Rodney, Fernando",2010,1279,100
1278,425514,"Bell, Heath",2008,1336,95.7
1274,458924,"Venters, Jonny",2011,1323,96.3
1272,150188,"Cordero, Francisco",2008,1272,100
1263,572096,"Rosenthal, Trevor",2014,1263,100
1262,457117,"Frieri, Ernesto",2013,1262,100
1256,283166,"Gonzalez, Michael",2009,1307,96.1
1253,461325,"Clippard, Tyler",2012,1290,97.1
1251,276514,"Gregg, Kevin",2008,1289,97.1
1243,408061,"Rodríguez, Francisco",2009,1243,100
1243,407878,"Valverde, Jose",2008,1243,100
1242,276514,"Gregg, Kevin",2009,1304,95.2
1240,446099,"Axford, John",2011,1240,100
1238,400058,"Lidge, Brad",2008,1238,100
1237,211041,"Franklin, Ryan",2008,1320,93.7
1235,461325,"Clippard, Tyler",2015,1239,99.7
1233,400089,"Soriano, Rafael",2009,1233,100
1225,455009,"Broxton, Jonathan",2009,1225,100
1222,425514,"Bell, Heath",2010,1222,100
1212,407845,"Rodney, Fernando",2013,1212,100
1209,407878,"Valverde, Jose",2011,1209,100
1208,450351,"Wilson, C.J.",2009,1298,93.1
1207,430911,"Aardsma, David",2009,1269,95.1
1205,572096,"Rosenthal, Trevor",2015,1205,100
1199,445276,"Jansen, Kenley",2013,1245,96.3
1199,425514,"Bell, Heath",2009,1199,100
1190,276514,"Gregg, Kevin",2011,1190,100
1188,451584,"Davis, Wade",2014,1210,98.2
1187,452666,"Wilhelmsen, Tom",2012,1220,97.3
1184,449097,"Papelbon, Jonathan",2009,1184,100
1182,451216,"Wilson, Brian",2008,1182,100
1181,276542,"Benoit, Joaquín",2012,1209,97.7
1176,407193,"Lyon, Brandon",2010,1255,93.7
1176,476454,"Betances, Dellin",2015,1370,85.8
1173,592665,"Reed, Addison",2013,1173,100
1173,544727,"Familia, Jeurys",2015,1173,100
1172,408061,"Rodríguez, Francisco",2011,1172,100
1170,572096,"Rosenthal, Trevor",2013,1287,90.9
1170,408061,"Rodríguez, Francisco",2008,1170,100
1169,547973,"Chapman, Aroldis",2015,1169,100
1166,425492,"Madson, Ryan",2009,1186,98.3
1160,547973,"Chapman, Aroldis",2012,1203,96.4
1160,456696,"Hernandez, David",2011,1192,97.3
1158,571704,"Giles, Ken",2015,1185,97.7
1154,449097,"Papelbon, Jonathan",2010,1167,98.9
1150,408310,"Heilman, Aaron",2010,1296,88.7
1148,449097,"Papelbon, Jonathan",2012,1148,100
1148,150274,"Nathan, Joe",2009,1148,100
1147,502260,"Pestano, Vinnie",2012,1206,95.1
1146,425514,"Bell, Heath",2012,1185,96.7
1145,346797,"Balfour, Grant",2013,1145,100
1142,518553,"Cishek, Steve",2014,1142,100
1139,407878,"Valverde, Jose",2012,1139,100
1139,461325,"Clippard, Tyler",2014,1148,99.2
1138,407845,"Rodney, Fernando",2014,1138,100
1137,400089,"Soriano, Rafael",2013,1137,100
1134,276514,"Gregg, Kevin",2013,1134,100
1126,400058,"Lidge, Brad",2009,1142,98.6
1126,457117,"Frieri, Ernesto",2012,1199,93.9
1125,435400,"Motte, Jason",2012,1125,100
1124,592102,"Allen, Cody",2014,1139,98.7
1123,474521,"Tolleson, Shawn",2015,1169,96.1
1117,150118,"Fuentes, Brian",2008,1117,100
1114,462382,"Johnson, Jim",2013,1114,100
1110,502202,"Boxberger, Brad",2015,1140,97.4
1108,150188,"Cordero, Francisco",2009,1108,100
1107,518553,"Cishek, Steve",2013,1107,100
1105,453265,"Watson, Tony",2015,1116,99
1105,407845,"Rodney, Fernando",2012,1105,100
1102,123790,"Wagner, Billy",2010,1102,100
1099,519322,"Storen, Drew",2011,1099,100
1099,425514,"Bell, Heath",2011,1099,100
1099,465657,"Soria, Joakim",2010,1099,100
1099,547973,"Chapman, Aroldis",2013,1099,100
1099,425646,"Ayala, Luis",2008,1258,87.4
1097,469686,"Aceves, Alfredo",2012,1419,77.3
1095,455009,"Broxton, Jonathan",2008,1175,93.2
1088,502085,"Robertson, David",2014,1088,100
1088,453343,"Melancon, Mark",2015,1088,100
1087,430941,"Sherrill, George",2009,1143,95.1
1085,276514,"Gregg, Kevin",2010,1086,99.9
1084,477229,"Walden, Jordan",2011,1089,99.5
1084,434665,"Masset, Nick",2010,1271,85.3
1084,434663,"Oviedo, Juan Carlos",2009,1117,97
1083,124805,"Ryan, B.J.",2008,1083,100
1083,456696,"Hernandez, David",2012,1083,100
1082,457732,"Bailey, Andrew",2009,1261,85.8
1082,592102,"Allen, Cody",2015,1139,95
1080,150188,"Cordero, Francisco",2011,1080,100
1080,408061,"Rodríguez, Francisco",2012,1221,88.5
1076,134268,"Wood, Kerry",2008,1076,100
1073,150274,"Nathan, Joe",2012,1073,100
1072,491703,"Feliz, Neftalí",2010,1072,100
1071,434663,"Oviedo, Juan Carlos",2010,1071,100
1064,276542,"Benoit, Joaquín",2013,1068,99.6
1063,518813,"Holland, Greg",2013,1063,100
1063,491703,"Feliz, Neftalí",2011,1063,100
1062,407842,"Veras, Jose",2011,1229,86.4
1062,462382,"Johnson, Jim",2009,1122,94.7
1062,150274,"Nathan, Joe",2014,1062,100
1061,150274,"Nathan, Joe",2008,1061,100
1061,445276,"Jansen, Kenley",2014,1061,100
1060,448165,"Capps, Matt",2010,1060,100
1058,400010,"Rauch, Jon",2008,1151,91.9
1055,501925,"Smith, Joe",2014,1105,95.5
1055,571521,"Brothers, Rex",2013,1119,94.3
1053,461791,"Marmol, Carlos",2012,1110,94.9
1051,449097,"Papelbon, Jonathan",2008,1051,100
1051,136734,"Dotel, Octavio",2010,1149,91.5
1050,451584,"Davis, Wade",2015,1050,100
1050,430963,"Pena, Ramon",2008,1168,89.9
1050,449104,"Henderson, Jim",2013,1063,98.8
1048,502085,"Robertson, David",2013,1054,99.4
1047,518886,"Kimbrel, Craig",2014,1047,100
1045,465657,"Soria, Joakim",2008,1045,100
1045,450282,"Perkins, Glen",2012,1059,98.7
1045,408061,"Rodríguez, Francisco",2014,1045,100
1044,444468,"Rondón, Héctor",2015,1079,96.8
1043,430606,"Adams, Mike",2011,1061,98.3
1042,450275,"Lowe, Mark",2009,1291,80.7
1041,430606,"Adams, Mike",2010,1078,96.6
1040,123415,"Torres, Salomon",2008,1282,81.1
1039,518886,"Kimbrel, Craig",2013,1039,100
1038,276542,"Benoit, Joaquín",2015,1038,100
1034,276912,"Shields, Scot",2008,1068,96.8
1032,430629,"Hanrahan, Joel",2010,1176,87.8
1030,465657,"Soria, Joakim",2011,1040,99
1030,400089,"Soriano, Rafael",2012,1107,93
1029,407878,"Valverde, Jose",2010,1029,100
1029,467008,"Strop, Pedro",2012,1104,93.2
1028,430629,"Hanrahan, Joel",2011,1028,100
1028,453343,"Melancon, Mark",2011,1118,91.9
1027,451216,"Wilson, Brian",2011,1027,100
1027,434718,"Street, Huston",2015,1027,100
1027,121250,"Rivera, Mariano",2009,1027,100
1022,462382,"Johnson, Jim",2012,1022,100
1021,150274,"Nathan, Joe",2013,1021,100
1021,124000,"Weathers, David",2008,1196,85.4
1020,449097,"Papelbon, Jonathan",2014,1020,100
1018,434663,"Oviedo, Juan Carlos",2011,1037,98.2
1014,461325,"Clippard, Tyler",2013,1166,87
1013,518813,"Holland, Greg",2012,1156,87.6
1013,455009,"Broxton, Jonathan",2010,1091,92.9
1012,115629,"Hawkins, LaTroy",2009,1012,100
1012,430629,"Hanrahan, Joel",2012,1012,100
1012,501955,"Chamberlain, Joba",2014,1039,97.4
1010,407908,"Peralta, Joel",2013,1173,86.1
1008,518886,"Kimbrel, Craig",2015,1008,100
1004,407842,"Veras, Jose",2013,1007,99.7
1002,449097,"Papelbon, Jonathan",2011,1002,100
1002,518813,"Holland, Greg",2014,1002,100
1001,446099,"Axford, John",2015,1070,93.6
998,445276,"Jansen, Kenley",2012,1051,95
994,461325,"Clippard, Tyler",2010,1573,63.2
993,407845,"Rodney, Fernando",2015,1100,90.3
993,456696,"Hernandez, David",2013,1054,94.2
993,400089,"Soriano, Rafael",2014,1008,98.5
992,346797,"Balfour, Grant",2012,1263,78.5
990,346797,"Balfour, Grant",2014,1127,87.8
989,279571,"Belisle, Matt",2012,1281,77.2
988,518553,"Cishek, Steve",2012,1102,89.7
986,444520,"Breslow, Craig",2010,1235,79.8
985,453198,"Perez, Chris",2011,985,100
983,459939,"Boggs, Mitchell",2012,1077,91.3
983,493157,"Uehara, Koji",2013,1049,93.7
983,211041,"Franklin, Ryan",2010,983,100
982,430629,"Hanrahan, Joel",2008,1484,66.2
981,434718,"Street, Huston",2008,1153,85.1
981,502085,"Robertson, David",2015,981,100
980,435045,"Santos, Sergio",2011,992,98.8
979,121250,"Rivera, Mariano",2008,979,100
978,453343,"Melancon, Mark",2013,988,99
977,503285,"O'Day, Darren",2014,1067,91.6
976,407908,"Peralta, Joel",2012,1082,90.2
975,477569,"Salas, Fernando",2011,1175,83
975,453343,"Melancon, Mark",2014,975,100
975,434181,"League, Brandon",2010,1134,86
975,454535,"Hensley, Clay",2010,1182,82.5
974,501925,"Smith, Joe",2015,996,97.8
973,489265,"Romo, Sergio",2013,973,100
973,134268,"Wood, Kerry",2009,973,100
972,407193,"Lyon, Brandon",2008,996,97.6
972,453198,"Perez, Chris",2012,972,100
971,211041,"Franklin, Ryan",2009,971,100
971,446099,"Axford, John",2010,989,98.2
970,408061,"Rodríguez, Francisco",2010,970,100
967,592665,"Reed, Addison",2014,967,100
967,543779,"Siegrist, Kevin",2015,1282,75.4
966,453192,"Miller, Andrew",2015,966,100
966,150118,"Fuentes, Brian",2009,966,100
965,276530,"Linebrink, Scott",2009,1060,91
963,346848,"Grabow, John",2009,1156,83.3
962,449097,"Papelbon, Jonathan",2013,962,100
961,453268,"Bard, Daniel",2010,1134,84.7
957,475857,"Cook, Ryan",2012,1137,84.2
957,430941,"Sherrill, George",2008,957,100
956,425492,"Madson, Ryan",2011,966,99
956,453198,"Perez, Chris",2010,1061,90.1
954,425514,"Bell, Heath",2013,1126,84.7
954,453268,"Bard, Daniel",2011,1095,87.1
952,276542,"Benoit, Joaquín",2011,1008,94.4
950,276351,"Grilli, Jason",2012,998,95.2
950,544727,"Familia, Jeurys",2014,1221,77.8
950,493157,"Uehara, Koji",2014,950,100
946,450282,"Perkins, Glen",2014,946,100
944,434442,"Howell, J.P.",2009,1105,85.4
944,450282,"Perkins, Glen",2013,944,100
944,489294,"Scheppers, Tanner",2013,1084,87.1
941,121250,"Rivera, Mariano",2013,941,100
940,543766,"Shaw, Bryan",2014,1247,75.4
939,448165,"Capps, Matt",2009,939,100
937,455009,"Broxton, Jonathan",2012,937,100
936,444468,"Rondón, Héctor",2014,999,93.7
936,408310,"Heilman, Aaron",2008,1485,63
936,518886,"Kimbrel, Craig",2012,936,100
935,547973,"Chapman, Aroldis",2014,935,100
934,434181,"League, Brandon",2012,1107,84.4
932,346797,"Balfour, Grant",2011,1022,91.2
931,407819,"Thornton, Matt",2011,1062,87.7
930,503285,"O'Day, Darren",2015,1062,87.6
930,543331,"Hoover, J.J.",2015,1119,83.1
929,461325,"Clippard, Tyler",2011,1357,68.5
928,121250,"Rivera, Mariano",2010,928,100
927,434718,"Street, Huston",2014,927,100
926,502272,"Fien, Casey",2014,987,93.8
925,434665,"Masset, Nick",2011,1132,81.7
925,454537,"Burton, Jared",2013,1062,87.1
924,445163,"Janssen, Casey",2012,948,97.5
924,502381,"Gregerson, Luke",2013,955,96.8
924,516769,"Mejia, Jenrry",2014,1550,59.6
918,502085,"Robertson, David",2012,974,94.3
917,429783,"Betancourt, Rafael",2011,961,95.4
916,429783,"Betancourt, Rafael",2012,916,100
916,400089,"Soriano, Rafael",2010,916,100
916,407193,"Lyon, Brandon",2009,1184,77.4
915,408206,"Myers, Brett",2012,986,92.8
915,121250,"Rivera, Mariano",2011,915,100
914,605476,"Smith, Carson",2015,1068,85.6
908,434718,"Street, Huston",2011,923,98.4
907,573109,"Ramos, AJ",2015,1087,83.4
907,433586,"Casilla, Santiago",2015,907,100
906,275933,"Downs, Scott",2008,1094,82.8
906,150407,"Mota, Guillermo",2008,1010,89.7
905,425840,"Cotts, Neal",2014,1081,83.7
905,451216,"Wilson, Brian",2014,1020,88.7
905,465657,"Soria, Joakim",2009,905,100
904,502154,"Britton, Zack",2015,904,100
904,434181,"League, Brandon",2011,904,100
904,453265,"Watson, Tony",2014,1199,75.4
903,488984,"Hunter, Tommy",2013,1274,70.9
902,462382,"Johnson, Jim",2015,1054,85.6
901,445197,"Dunn, Mike",2013,1193,75.5
901,279571,"Belisle, Matt",2013,1126,80
901,449097,"Papelbon, Jonathan",2015,901,100
900,502381,"Gregerson, Luke",2014,1006,89.5
899,501955,"Chamberlain, Joba",2010,1170,76.8
898,434637,"Lindstrom, Matt",2010,908,98.9
898,408057,"Jenks, Bobby",2010,916,98
898,455009,"Broxton, Jonathan",2014,904,99.3
897,502154,"Britton, Zack",2014,1053,85.2
895,453198,"Perez, Chris",2013,895,100
894,543339,"Hudson, Daniel",2015,1160,77.1
892,467008,"Strop, Pedro",2014,909,98.1
892,408230,"Feliciano, Pedro",2010,1109,80.4
892,433586,"Casilla, Santiago",2012,1001,89.1
891,430629,"Hanrahan, Joel",2009,1196,74.5
890,448281,"Doolittle, Sean",2014,928,95.9
889,446899,"Ziegler, Brad",2015,954,93.2
889,467008,"Strop, Pedro",2015,1058,84
888,407878,"Valverde, Jose",2009,888,100
888,458730,"Parnell, Bobby",2011,1093,81.2
886,435043,"Duke, Zach",2015,1053,84.1
886,430963,"Pena, Ramon",2009,1107,80
886,455374,"Bastardo, Antonio",2014,1139,77.8
886,518617,"Diekman, Jake",2014,1316,67.3
885,448178,"Jepsen, Kevin",2015,1164,76
884,459429,"McGee, Jake",2014,1151,76.8
883,445156,"Marshall, Sean",2010,1190,74.2
878,111492,"Brocail, Doug",2008,1097,80
877,470462,"Troncoso, Ramon",2009,1337,65.6
877,407908,"Peralta, Joel",2011,1070,82
875,450351,"Wilson, C.J.",2008,875,100
874,407911,"Francisco, Frank",2011,875,99.9
871,430613,"Belisario, Ronald",2012,1075,81
871,425861,"Camp, Shawn",2012,1188,73.3
869,133982,"Howry, Bob",2008,1189,73.1
869,592665,"Reed, Addison",2012,921,94.4
867,502381,"Gregerson, Luke",2015,867,100
867,430911,"Aardsma, David",2010,867,100
866,502260,"Pestano, Vinnie",2011,993,87.2
866,543331,"Hoover, J.J.",2013,1141,75.9
865,430606,"Adams, Mike",2012,865,100
865,519242,"Sale, Chris",2011,1105,78.3
865,446899,"Ziegler, Brad",2014,980,88.3
864,502085,"Robertson, David",2011,1212,71.3
864,489265,"Romo, Sergio",2014,866,99.8
862,429783,"Betancourt, Rafael",2008,1219,70.7
861,430641,"Boyer, Blaine",2008,1264,68.1
861,150035,"Farnsworth, Kyle",2011,861,100
860,501925,"Smith, Joe",2013,995,86.4
857,434718,"Street, Huston",2009,889,96.4
856,407825,"Guerrier, Matt",2009,1079,79.3
855,434718,"Street, Huston",2013,855,100
853,519293,"Smith, Will",2014,1124,75.9
852,462382,"Johnson, Jim",2008,1045,81.5
851,407911,"Francisco, Frank",2010,869,97.9
850,458924,"Venters, Jonny",2010,1338,63.5
850,465657,"Soria, Joakim",2015,1155,73.6
849,543766,"Shaw, Bryan",2015,1044,81.3
849,213680,"MacDougal, Mike",2009,920,92.3
847,465629,"Mujica, Edward",2013,901,94
845,493416,"Saito, Takashi",2010,936,90.3
843,489265,"Romo, Sergio",2015,881,95.7
843,407816,"Putz, J.J.",2011,843,100
842,518858,"Jones, Nate",2013,1247,67.5
841,445156,"Marshall, Sean",2011,1188,70.8
839,502304,"Carpenter, David",2014,999,84
838,407911,"Francisco, Frank",2009,838,100
838,452666,"Wilhelmsen, Tom",2013,982,85.3
837,150035,"Farnsworth, Kyle",2008,1018,82.2
836,519322,"Storen, Drew",2015,858,97.4
836,407825,"Guerrier, Matt",2008,1320,63.3
835,445156,"Marshall, Sean",2012,1007,82.9
834,408057,"Jenks, Bobby",2009,834,100
832,407816,"Putz, J.J.",2008,860,96.7
832,400010,"Rauch, Jon",2010,922,90.2
831,407819,"Thornton, Matt",2009,1173,70.8
830,450212,"Neshek, Pat",2014,985,84.3
829,276542,"Benoit, Joaquín",2010,918,90.3
829,430580,"Simon, Alfredo",2010,857,96.7
828,115629,"Hawkins, LaTroy",2014,828,100
828,408061,"Rodríguez, Francisco",2015,828,100
828,429783,"Betancourt, Rafael",2010,923,89.7
825,467008,"Strop, Pedro",2013,981,84.1
824,433586,"Casilla, Santiago",2014,861,95.7
824,400010,"Rauch, Jon",2011,890,92.6
823,469159,"Rodriguez, Henry Alberto",2011,1236,66.6
823,235095,"Wheeler, Dan",2008,1020,80.7
823,493603,"Ottavino, Adam",2014,1086,75.8
821,120401,"Percival, Troy",2008,831,98.8
819,502381,"Gregerson, Luke",2012,1101,74.4
818,275933,"Downs, Scott",2010,936,87.4
818,430630,"Frasor, Jason",2009,959,85.3
817,445163,"Janssen, Casey",2013,817,100
817,276351,"Grilli, Jason",2013,837,97.6
817,407816,"Putz, J.J.",2012,817,100
816,408057,"Jenks, Bobby",2008,816,100
815,448609,"Sipp, Tony",2011,1024,79.6
815,475857,"Cook, Ryan",2013,1146,71.1
814,500721,"Medina, Yoervis",2013,1128,72.2
812,400058,"Lidge, Brad",2010,812,100
812,493416,"Saito, Takashi",2008,852,95.3
811,434637,"Lindstrom, Matt",2009,834,97.2
810,476454,"Betances, Dellin",2014,1365,59.3
810,430673,"Ramirez, Ramon E",2008,1128,71.8
809,400010,"Rauch, Jon",2012,929,87.1
808,450282,"Perkins, Glen",2015,834,96.9
807,276542,"Benoit, Joaquín",2014,810,99.6
807,493416,"Saito, Takashi",2009,1039,77.7
806,430634,"Burnett, Sean",2012,948,85
806,458730,"Parnell, Bobby",2013,806,100
806,547749,"Tazawa, Junichi",2014,988,81.6
806,425492,"Madson, Ryan",2010,834,96.6
803,543070,"Crow, Aaron",2011,1020,78.7
802,407908,"Peralta, Joel",2014,1091,73.5
801,150118,"Fuentes, Brian",2010,814,98.4
800,458730,"Parnell, Bobby",2012,1125,71.1
800,451773,"De La Rosa, Dane",2013,1196,66.9
800,400104,"Walker, Tyler",2008,853,93.8
799,116414,"Isringhausen, Jason",2011,813,98.3
798,532077,"Osuna, Roberto",2015,1091,73.1
798,407911,"Francisco, Frank",2012,798,100
797,150274,"Nathan, Joe",2011,817,97.6
795,445276,"Jansen, Kenley",2015,795,100
793,430587,"Buchholz, Taylor",2008,891,89
792,124604,"Wright, Jamey",2011,1085,73
792,124000,"Weathers, David",2009,1026,77.2
791,500721,"Medina, Yoervis",2014,909,87
789,457435,"Coke, Phil",2010,1050,75.1
786,407884,"Yates, Tyler",2008,1234,63.7
785,454537,"Burton, Jared",2012,939,83.6
785,434641,"Gutierrez, Juan",2010,956,82.1
785,115216,"Guardado, Eddie",2008,952,82.5
784,435400,"Motte, Jason",2011,1118,70.1
783,455374,"Bastardo, Antonio",2011,964,81.2
783,446099,"Axford, John",2014,1040,75.3
782,449072,"McClellan, Kyle",2010,1164,67.2
781,465629,"Mujica, Edward",2014,951,82.1
777,516969,"Herrera, Kelvin",2013,1010,76.9
772,430589,"Qualls, Chad",2010,1045,73.9
772,407819,"Thornton, Matt",2012,1020,75.7
771,346848,"Grabow, John",2008,1225,62.9
770,457915,"Guerra, Javy",2011,815,94.5
770,448165,"Capps, Matt",2011,923,83.4
769,407825,"Guerrier, Matt",2010,1045,73.6
769,466918,"Corpas, Manny",2008,1210,63.6
768,450212,"Neshek, Pat",2015,849,90.5
766,434181,"League, Brandon",2009,1114,68.8
764,150118,"Fuentes, Brian",2011,982,77.8
763,573109,"Ramos, AJ",2013,1370,55.7
763,543634,"Perry, Ryan",2010,970,78.7
761,434180,"Loe, Kameron",2011,1055,72.1
758,477229,"Walden, Jordan",2014,867,87.4
758,424144,"Pérez, Oliver",2013,973,77.9
758,502593,"Petricka, Jake",2014,1191,63.6
758,400093,"Sanchez, Duaner",2008,951,79.7
758,133982,"Howry, Bob",2009,1082,70.1
757,425657,"López, Javier",2011,813,93.1
756,430630,"Frasor, Jason",2010,1090,69.4
756,430589,"Qualls, Chad",2009,756,100
756,434298,"Coffey, Todd",2009,1248,60.6
754,240694,"Romero, J.C.",2008,1034,72.9
753,279571,"Belisle, Matt",2010,1456,51.7
752,434181,"League, Brandon",2013,923,81.5
752,457732,"Bailey, Andrew",2010,752,100
752,457425,"Meek, Evan",2010,1335,56.3
752,543900,"Webb, Daniel",2014,1177,63.9
751,446641,"Lopez, Wilton",2012,931,80.7
750,429783,"Betancourt, Rafael",2009,927,80.9
750,119984,"Oliver, Darren",2012,875,85.7
749,457117,"Frieri, Ernesto",2014,777,96.4
746,400010,"Rauch, Jon",2009,1133,65.8
746,573109,"Ramos, AJ",2014,1097,68
745,346800,"Rivera, Saul",2008,1428,52.2
744,503285,"O'Day, Darren",2013,977,76.2
744,489265,"Romo, Sergio",2012,806,92.3
744,407819,"Thornton, Matt",2010,983,75.7
744,445612,"Thayer, Dale",2014,1055,70.5
744,116034,"Hoffman, Trevor",2009,744,100
743,543144,"Farquhar, Danny",2014,1139,65.2
742,453265,"Watson, Tony",2013,1072,69.2
740,455009,"Broxton, Jonathan",2015,997,74.2
740,547749,"Tazawa, Junichi",2015,954,77.6
739,467726,"Mijares, Jose",2009,984,75.1
738,493157,"Uehara, Koji",2011,937,78.8
738,476589,"Warren, Adam",2014,1332,55.4
737,430594,"Pinto, Renyel",2008,1150,64.1
737,446185,"Ondrusek, Logan",2012,925,79.7
736,455374,"Bastardo, Antonio",2012,948,77.6
736,434668,"Delcarmen, Manny",2008,1275,57.7
735,430673,"Ramirez, Ramon E",2009,1194,61.6
735,477569,"Salas, Fernando",2012,1042,70.5
733,459967,"LeCure, Sam",2013,1005,72.9
733,446899,"Ziegler, Brad",2009,1190,61.6
732,448614,"Torres, Carlos",2014,1576,46.4
732,346847,"Beimel, Joe",2009,891,82.2
732,506606,"Okajima, Hideki",2008,1033,70.9
727,448165,"Capps, Matt",2008,727,100
726,445213,"Kintzler, Brandon",2013,1100,66
723,518567,"Collmenter, Josh",2013,1555,46.5
722,150407,"Mota, Guillermo",2009,1108,65.2
721,445197,"Dunn, Mike",2014,988,73
721,471822,"Díaz, Jumbo",2015,1024,70.4
721,465629,"Mujica, Edward",2011,1120,64.4
720,448281,"Doolittle, Sean",2013,1019,70.7
719,430613,"Belisario, Ronald",2014,1084,66.3
719,150378,"Gagne, Eric",2008,812,88.5
717,543070,"Crow, Aaron",2012,965,74.3
717,115629,"Hawkins, LaTroy",2013,1030,69.6
715,457768,"Morris, Bryan",2015,1006,71.1
714,460701,"Russell, James",2012,1184,60.3
713,408310,"Heilman, Aaron",2009,1301,54.8
712,407845,"Rodney, Fernando",2008,773,92.1
712,447755,"Delabar, Steve",2013,1002,71.1
711,116034,"Hoffman, Trevor",2010,753,94.4
711,451661,"Fields, Josh",2014,950,74.8
711,453192,"Miller, Andrew",2014,992,71.7
711,346793,"Affeldt, Jeremy",2009,962,73.9
709,124604,"Wright, Jamey",2008,1453,48.8
706,430884,"Crain, Jesse",2011,1146,61.6
706,461791,"Marmol, Carlos",2013,926,76.2
704,502028,"Wood, Blake",2010,807,87.2
704,276530,"Linebrink, Scott",2008,745,94.5
703,430589,"Qualls, Chad",2013,838,83.9
702,433586,"Casilla, Santiago",2013,807,87
702,425747,"Contreras, Jose",2010,906,77.5
702,462382,"Johnson, Jim",2011,1262,55.6
701,445163,"Janssen, Casey",2014,701,100
699,446899,"Ziegler, Brad",2013,982,71.2
699,506606,"Okajima, Hideki",2009,1038,67.3
699,518813,"Holland, Greg",2015,717,97.5
698,275933,"Downs, Scott",2009,706,98.9
698,534812,"Quackenbush, Kevin",2014,919,76
697,434718,"Street, Huston",2010,714,97.6
697,123790,"Wagner, Billy",2008,697,100
697,493131,"Kobayashi, Masa",2008,870,80.1
696,235095,"Wheeler, Dan",2009,782,89
695,502381,"Gregerson, Luke",2009,1180,58.9
694,460370,"Perez, Rafael",2008,1187,58.5
692,450275,"Lowe, Mark",2008,1224,56.5
691,473879,"Dyson, Sam",2015,1106,62.5
691,124604,"Wright, Jamey",2009,1347,51.3
691,120221,"Park, Chan Ho",2010,1084,63.7
689,434958,"Green, Sean",2009,1179,58.4
688,453646,"Villanueva, Carlos",2009,1629,42.2
686,457732,"Bailey, Andrew",2011,700,98
685,430589,"Qualls, Chad",2014,697,98.3
684,462382,"Johnson, Jim",2014,982,69.7
683,450282,"Perkins, Glen",2011,908,75.2
682,460024,"Hochevar, Luke",2013,1044,65.3
682,218894,"Padilla, Vicente",2012,850,80.2
682,472610,"García, Luis",2015,1154,59.1
682,434958,"Green, Sean",2008,1361,50.1
681,446641,"Lopez, Wilton",2013,1129,60.3
681,452741,"Stutes, Michael",2011,1076,63.3
680,460008,"Varvaro, Anthony",2013,1106,61.5
680,430673,"Ramirez, Ramon E",2010,1116,60.9
679,592767,"Smyly, Drew",2013,1284,52.9
679,425539,"Kuo, Hung-Chih",2010,940,72.2
679,434641,"Gutierrez, Juan",2009,1170,58
678,430884,"Crain, Jesse",2010,1099,61.7
678,455374,"Bastardo, Antonio",2015,1057,64.1
677,460029,"Lewis, Jensen",2008,1172,57.8
677,502188,"Samardzija, Jeff",2011,1532,44.2
675,518748,"Grimm, Justin",2014,1134,59.5
674,430589,"Qualls, Chad",2012,844,79.9
674,516969,"Herrera, Kelvin",2015,1089,61.9
672,434592,"Resop, Chris",2011,1271,52.9
672,407842,"Veras, Jose",2012,1301,51.7
671,133221,"Speier, Justin",2008,1176,57.1
671,445612,"Thayer, Dale",2012,954,70.3
669,400125,"Colome, Jesus",2008,1213,55.2
669,488984,"Hunter, Tommy",2014,866,77.3
667,519322,"Storen, Drew",2013,955,69.8
666,543331,"Hoover, J.J.",2014,1145,58.2
666,116734,"Jones, Todd",2008,691,96.4
665,239795,"Durbin, Chad",2008,1417,46.9
665,453198,"Perez, Chris",2009,980,67.9
665,447714,"O'Flaherty, Eric",2012,845,78.7
664,275933,"Downs, Scott",2011,800,83
662,458676,"Lindblom, Josh",2012,1237,53.5
662,491703,"Feliz, Neftalí",2015,838,79
660,407819,"Thornton, Matt",2008,1040,63.5
660,213680,"MacDougal, Mike",2011,933,70.7
659,446399,"Cecil, Brett",2015,823,80.1
658,445612,"Thayer, Dale",2013,1138,57.8
656,454537,"Burton, Jared",2014,1013,64.8
655,469134,"Rogers, Esmil",2012,1459,44.9
654,430900,"Wuertz, Michael",2009,1279,51.1
654,430630,"Frasor, Jason",2011,1131,57.8
654,425492,"Madson, Ryan",2008,1255,52.1
654,448178,"Jepsen, Kevin",2009,910,71.9
653,547749,"Tazawa, Junichi",2013,1064,61.4
651,134268,"Wood, Kerry",2011,882,73.8
651,543144,"Farquhar, Danny",2013,934,69.7
649,518813,"Holland, Greg",2011,946,68.6
649,489265,"Romo, Sergio",2010,913,71.1
648,461766,"Arredondo, Jose",2012,1090,59.4
647,460677,"Wade, Cory",2008,1058,61.2
646,445197,"Dunn, Mike",2011,1135,56.9
645,150122,"Marte, Damaso",2008,1114,57.9
645,477229,"Walden, Jordan",2013,780,82.7
644,502260,"Pestano, Vinnie",2013,664,97
644,276530,"Linebrink, Scott",2010,1017,63.3
643,519096,"Otero, Dan",2014,1216,52.9
640,446099,"Axford, John",2013,1170,54.7
640,519293,"Smith, Will",2015,1067,60
638,502304,"Carpenter, David",2013,1061,60.1
638,346797,"Balfour, Grant",2009,1206,52.9
637,116034,"Hoffman, Trevor",2008,637,100
636,448614,"Torres, Carlos",2015,921,69.1
635,489265,"Romo, Sergio",2011,659,96.4
635,434565,"Tejeda, Robinson",2010,1017,62.4
634,134268,"Wood, Kerry",2010,834,76
633,462480,"Cruz, Rhiner",2012,980,64.6
633,518875,"Kelley, Shawn",2014,889,71.2
633,493157,"Uehara, Koji",2015,633,100
632,466948,"Machi, Jean",2015,867,72.9
632,501593,"Avilán, Luis",2013,1001,63.1
630,121125,"Rhodes, Arthur",2009,873,72.2
630,453284,"Parker, Blake",2013,810,77.8
630,547973,"Chapman, Aroldis",2011,885,71.2
630,429985,"Gaudin, Chad",2010,1107,56.9
630,503285,"O'Day, Darren",2009,919,68.6
629,451775,"Rodriguez Jr., Fernando",2011,962,65.4
628,276542,"Benoit, Joaquín",2008,849,74
628,346793,"Affeldt, Jeremy",2012,1004,62.5
628,425530,"Stokes, Brian",2009,1153,54.5
626,457768,"Morris, Bryan",2014,939,66.7
625,451584,"Davis, Wade",2012,1236,50.6
625,571521,"Brothers, Rex",2014,1098,56.9
625,430589,"Qualls, Chad",2011,1095,57.1
625,434628,"Hammel, Jason",2008,1315,47.5
625,115629,"Hawkins, LaTroy",2008,956,65.4
624,407825,"Guerrier, Matt",2011,1016,61.4
622,476589,"Warren, Adam",2013,1298,47.9
622,534812,"Quackenbush, Kevin",2015,1044,59.6
622,433578,"Cormier, Lance",2010,1018,61.1
622,454535,"Hensley, Clay",2012,898,69.3
621,150188,"Cordero, Francisco",2012,750,82.8
621,525768,"Collins, Tim",2011,1245,49.9
620,407924,"Acosta, Manny",2008,846,73.3
620,488768,"Cashner, Andrew",2010,948,65.4
619,119984,"Oliver, Darren",2013,714,86.7
619,446641,"Lopez, Wilton",2011,1102,56.2
618,430613,"Belisario, Ronald",2013,1088,56.8
618,446399,"Cecil, Brett",2014,895,69.1
617,433586,"Casilla, Santiago",2011,852,72.4
617,493157,"Uehara, Koji",2010,689,89.6
617,434442,"Howell, J.P.",2008,1480,41.7
616,407297,"Cruz, Juan",2009,960,64.2
616,460283,"Blevins, Jerry",2014,976,63.1
616,446899,"Ziegler, Brad",2008,834,73.9
615,543070,"Crow, Aaron",2014,934,65.8
615,592665,"Reed, Addison",2015,954,64.5
614,136734,"Dotel, Octavio",2008,1179,52.1
612,461833,"Hughes, Phil",2009,1459,41.9
612,276056,"Baez, Danys",2009,1057,57.9
611,518553,"Cishek, Steve",2015,950,64.3
611,452666,"Wilhelmsen, Tom",2014,1221,50
609,435400,"Motte, Jason",2010,864,70.5
609,445926,"Chavez, Jesse",2010,1056,57.7
609,605169,"Capps, Carter",2013,1057,57.6
608,406874,"Nelson, Joe",2008,931,65.3
607,453198,"Perez, Chris",2008,759,80
606,276351,"Grilli, Jason",2014,937,64.7
605,502028,"Wood, Blake",2011,1201,50.4
605,465657,"Soria, Joakim",2014,692,87.4
604,283166,"Gonzalez, Michael",2008,604,100
603,457768,"Morris, Bryan",2013,962,62.7
602,434637,"Lindstrom, Matt",2008,905,66.5
600,121125,"Rhodes, Arthur",2010,882,68
600,506606,"Okajima, Hideki",2010,857,70
599,446185,"Ondrusek, Logan",2011,985,60.8
599,116414,"Isringhausen, Jason",2008,776,77.2
598,407816,"Putz, J.J.",2010,807,74.1
597,445926,"Chavez, Jesse",2009,1039,57.5
597,502085,"Robertson, David",2010,1174,50.9
597,459987,"Ramos, Cesár",2013,1026,58.2
597,407842,"Veras, Jose",2008,1011,59.1
596,449072,"McClellan, Kyle",2009,1118,53.3
596,275933,"Downs, Scott",2012,712,83.7
595,113833,"Embree, Alan",2008,1058,56.2
595,407193,"Lyon, Brandon",2012,979,60.8
595,502272,"Fien, Casey",2015,985,60.4
595,150407,"Mota, Guillermo",2010,906,65.7
594,457435,"Coke, Phil",2014,941,63.1
594,448178,"Jepsen, Kevin",2010,1003,59.2
594,516969,"Herrera, Kelvin",2012,1291,46
592,456102,"Pauley, David",2011,1046,56.6
591,407842,"Veras, Jose",2014,847,69.8
591,430580,"Simon, Alfredo",2013,1318,44.8
591,276351,"Grilli, Jason",2015,591,100
590,346793,"Affeldt, Jeremy",2010,794,74.3
590,430884,"Crain, Jesse",2013,669,88.2
590,502272,"Fien, Casey",2013,962,61.3
588,123118,"Tavarez, Julian",2008,1022,57.5
587,445197,"Dunn, Mike",2015,986,59.5
587,445216,"McCutchen, Daniel",2011,1319,44.5
587,425606,"Calero, Kiko",2009,1011,58.1
586,516969,"Herrera, Kelvin",2014,1125,52.1
584,457461,"White, Sean",2009,978,59.7
583,519322,"Storen, Drew",2010,901,64.7
582,465629,"Mujica, Edward",2009,1441,40.4
582,571521,"Brothers, Rex",2012,1160,50.2
581,451775,"Rodriguez Jr., Fernando",2012,1264,46
581,448609,"Sipp, Tony",2014,818,71
581,434718,"Street, Huston",2012,581,100
580,502083,"McAllister, Zach",2015,1222,47.5
580,518553,"Cishek, Steve",2011,900,64.4
580,543634,"Perry, Ryan",2009,1136,51.1
579,124604,"Wright, Jamey",2012,1116,51.9
579,518703,"Furbush, Charlie",2013,1128,51.3
579,349193,"Ohman, Will",2008,971,59.6
579,519240,"Rzepczynski, Marc",2011,942,61.5
579,435400,"Motte, Jason",2009,942,61.5
579,136734,"Dotel, Octavio",2011,853,67.9
578,571704,"Giles, Ken",2014,694,83.3
577,408230,"Feliciano, Pedro",2008,893,64.6
577,465629,"Mujica, Edward",2012,887,65.1
577,491646,"Gómez, Jeanmar",2014,975,59.2
577,458924,"Venters, Jonny",2012,962,60
576,466918,"Corpas, Manny",2010,1006,57.3
576,491646,"Gómez, Jeanmar",2015,1173,49.1
575,407845,"Rodney, Fernando",2011,622,92.4
573,452666,"Wilhelmsen, Tom",2015,1067,53.7
572,501925,"Smith, Joe",2008,1031,55.5
572,124604,"Wright, Jamey",2014,1096,52.2
572,445163,"Janssen, Casey",2011,877,65.2
571,449072,"McClellan, Kyle",2008,1243,45.9
571,448609,"Sipp, Tony",2010,1128,50.6
571,425768,"Guzman, Angel",2009,965,59.2
570,122620,"Springer, Russ",2009,1057,53.9
570,429714,"Bautista, Denny",2008,1095,52.1
569,445163,"Janssen, Casey",2010,1198,47.5
568,450852,"Martinez, Cristhian",2012,1179,48.2
567,456379,"Alburquerque, Al",2013,879,64.5
567,430589,"Qualls, Chad",2015,733,77.4
567,459939,"Boggs, Mitchell",2010,1087,52.2
566,283166,"Gonzalez, Michael",2011,955,59.3
566,408230,"Feliciano, Pedro",2009,919,61.6
565,457117,"Frieri, Ernesto",2011,1133,49.9
565,430594,"Pinto, Renyel",2009,1114,50.7
565,458919,"Mattheus, Ryan",2012,1012,55.8
565,489334,"Stammen, Craig",2014,1135,49.8
564,430630,"Frasor, Jason",2008,880,64.1
564,425646,"Ayala, Luis",2012,1206,46.8
564,430634,"Burnett, Sean",2010,1067,52.9
563,444436,"Webb, Ryan",2012,1019,55.3
563,425861,"Camp, Shawn",2011,995,56.6
562,430589,"Qualls, Chad",2008,1061,53
561,458006,"Albers, Matt",2010,1302,43.1
561,459967,"LeCure, Sam",2014,973,57.7
560,543359,"Jennings, Dan",2015,939,59.6
560,491708,"Caminero, Arquimedes",2015,1116,50.2
559,434482,"Carlson, Jesse",2009,1133,49.3
559,150474,"Glover, Gary",2008,967,57.8
557,276056,"Baez, Danys",2010,821,67.8
557,446321,"Detwiler, Ross",2014,1036,53.8
557,430831,"Bennett, Jeff",2008,1604,34.7
556,538227,"Takahashi, Hisanori",2010,2070,26.9
556,460370,"Perez, Rafael",2010,1049,53
555,595014,"Treinen, Blake",2015,1030,53.9
555,123725,"Villone, Ron",2008,971,57.2
555,543070,"Crow, Aaron",2013,807,68.8
554,136734,"Dotel, Octavio",2009,1132,48.9
552,119984,"Oliver, Darren",2011,833,66.3
552,474029,"Putnam, Zach",2015,844,65.4
552,525768,"Collins, Tim",2012,1229,44.9
552,430673,"Ramirez, Ramon E",2011,1114,49.6
550,136734,"Dotel, Octavio",2012,915,60.1
549,489334,"Stammen, Craig",2012,1386,39.6
549,469686,"Aceves, Alfredo",2011,1757,31.2
548,444520,"Breslow, Craig",2015,1029,53.3
547,460024,"Hochevar, Luke",2015,871,62.8
546,435045,"Santos, Sergio",2010,887,61.6
546,676684,"Vest, Will",2025,620,88.1
545,448592,"Meredith, Cla",2009,1012,53.9
545,456379,"Alburquerque, Al",2015,1077,50.6
544,453344,"Morrow, Brandon",2008,1116,48.7
543,592094,"Adam, Jason",2025,609,89.2
543,430634,"Burnett, Sean",2011,938,57.9
543,501789,"Harris, Will",2015,1127,48.2
543,276530,"Linebrink, Scott",2011,936,58
542,451085,"Matusz, Brian",2013,856,63.3
541,446899,"Ziegler, Brad",2010,911,59.4
541,450275,"Lowe, Mark",2011,775,69.8
540,477229,"Walden, Jordan",2012,730,74
540,434159,"Meyer, Dan",2009,975,55.4
540,430884,"Crain, Jesse",2008,1029,52.5
539,448178,"Jepsen, Kevin",2012,709,76
538,445197,"Dunn, Mike",2012,897,60
538,476570,"Mazzaro, Vin",2013,1186,45.4
537,454537,"Burton, Jared",2008,986,54.5
537,477569,"Salas, Fernando",2014,943,56.9
537,543766,"Shaw, Bryan",2012,947,56.7
536,408061,"Rodríguez, Francisco",2013,754,71.1
536,123348,"Timlin, Mike",2008,819,65.4
535,451085,"Matusz, Brian",2014,914,58.5
534,488751,"Burnett, Alex",2012,1141,46.8
534,434180,"Loe, Kameron",2010,888,60.1
534,346793,"Affeldt, Jeremy",2011,976,54.7
533,542960,"Brach, Brad",2015,1307,40.8
533,465629,"Mujica, Edward",2010,1028,51.8
533,458250,"Hughes, Dusty",2010,1019,52.3
533,475022,"Hansen, Craig",2008,869,61.3
532,425646,"Ayala, Luis",2011,864,61.6
532,430884,"Crain, Jesse",2012,851,62.5
531,429723,"Valdez, Merkin",2009,936,56.7
530,445276,"Jansen, Kenley",2011,982,54
530,458589,"Herndon, David",2011,897,59.1
530,435538,"Bray, Bill",2011,810,65.4
530,502202,"Boxberger, Brad",2014,1056,50.2
530,543278,"Hardy, Blaine",2015,968,54.8
529,595307,"Maness, Seth",2015,968,54.6
529,451767,"Dolsi, Freddy",2008,828,63.9
528,458220,"Vasquez, Esmerling",2009,944,55.9
528,459939,"Boggs, Mitchell",2011,972,54.3
528,572089,"Rodríguez, Paco",2013,840,62.9
528,461766,"Arredondo, Jose",2009,779,67.8
527,124604,"Wright, Jamey",2013,1115,47.3
527,429719,"Jackson, Edwin",2015,876,60.2
527,541652,"Rondón, Bruce",2015,578,91.2
526,445213,"Kintzler, Brandon",2014,867,60.7
525,458220,"Vasquez, Esmerling",2010,1005,52.2
524,435400,"Motte, Jason",2015,801,65.4
524,661395,"Duran, Jhoan",2025,535,97.9
524,543935,"Wilson, Alex",2015,1014,51.7
524,444520,"Breslow, Craig",2012,1067,49.1
524,466459,"Rosario, Sandy",2013,674,77.7
524,425657,"López, Javier",2012,568,92.3
522,502327,"Santiago, Héctor",2012,1362,38.3
522,474029,"Putnam, Zach",2014,862,60.6
522,110683,"Batista, Miguel",2009,1231,42.4
521,502381,"Gregerson, Luke",2011,876,59.5
521,119125,"Miller, Trever",2008,716,72.8
521,661403,"Clase, Emmanuel",2025,521,100
521,434442,"Howell, J.P.",2014,808,64.5
521,346793,"Affeldt, Jeremy",2008,1303,40
520,457435,"Coke, Phil",2009,923,56.3
520,430963,"Pena, Ramon",2010,1625,32
520,501925,"Smith, Joe",2011,1004,51.8
519,449079,"Wright, Wesley",2008,1024,50.7
518,457429,"Logan, Boone",2015,658,78.7
518,444520,"Breslow, Craig",2009,1106,46.8
518,527055,"Vizcaíno, Arodys",2015,556,93.2
518,453343,"Melancon, Mark",2012,739,70.1
518,346848,"Grabow, John",2011,951,54.5
517,434665,"Masset, Nick",2009,1066,48.5
517,593372,"Martinez, Carlos",2014,1379,37.5
517,501625,"Alvarez, Jose",2015,1015,50.9
517,592102,"Allen, Cody",2013,1204,42.9
516,434181,"League, Brandon",2014,956,54
516,493247,"Moylan, Peter",2009,1164,44.3
516,407842,"Veras, Jose",2010,822,62.8
515,453646,"Villanueva, Carlos",2010,924,55.7
515,461766,"Arredondo, Jose",2008,941,54.7
514,468396,"Ogando, Alexi",2015,1121,45.9
514,435043,"Duke, Zach",2014,979,52.5
513,623352,"Hader, Josh",2025,513,100
513,445926,"Chavez, Jesse",2013,948,54.1
513,502026,"Jeffress, Jeremy",2015,1066,48.1
513,448281,"Doolittle, Sean",2012,787,65.2
513,454537,"Burton, Jared",2009,1041,49.3
512,456776,"Torres, Alex",2014,992,51.6
511,469159,"Rodriguez, Henry Alberto",2012,556,91.9
511,488786,"Coleman, Louis",2012,950,53.8
511,518617,"Diekman, Jake",2015,1097,46.6
511,664126,"Fairbanks, Pete",2025,511,100
510,407842,"Veras, Jose",2009,912,55.9
510,538227,"Takahashi, Hisanori",2011,1094,46.6
510,503285,"O'Day, Darren",2010,897,56.9
510,501822,"Hatcher, Chris",2015,652,78.2
509,455009,"Broxton, Jonathan",2013,509,100
508,650556,"Abreu, Bryan",2025,534,95.1
508,489294,"Scheppers, Tanner",2015,688,73.8
507,502085,"Robertson, David",2009,865,58.6
505,453198,"Perez, Chris",2014,832,60.7
505,501955,"Chamberlain, Joba",2015,537,94
505,504379,"Nicasio, Juan",2015,1083,46.6
504,444520,"Breslow, Craig",2013,867,58.1
503,407924,"Acosta, Manny",2009,666,75.5
503,119984,"Oliver, Darren",2010,983,51.2
503,150035,"Farnsworth, Kyle",2010,1054,47.7
503,434298,"Coffey, Todd",2011,973,51.7
502,430941,"Sherrill, George",2010,727,69.1
501,425840,"Cotts, Neal",2013,929,53.9
501,430638,"Colon, Roman",2009,793,63.2
500,460701,"Russell, James",2014,925,54.1
500,434592,"Resop, Chris",2012,1162,43
500,425861,"Camp, Shawn",2010,1081,46.3
500,656945,"Scott, Tanner",2025,515,97.1
500,518703,"Furbush, Charlie",2014,672,74.4
499,472551,"Abad, Fernando",2014,821,60.8
499,521230,"Hendriks, Liam",2015,1034,48.3
499,122195,"Shouse, Brian",2008,731,68.3
499,279571,"Belisle, Matt",2011,1183,42.2
498,434641,"Gutierrez, Juan",2013,880,56.6
498,501826,"Zavada, Clay",2009,872,57.1
498,450275,"Lowe, Mark",2015,814,61.2
498,424925,"Condrey, Clay",2008,1011,49.3
498,116414,"Isringhausen, Jason",2012,776,64.2
497,407816,"Putz, J.J.",2009,526,94.5
497,542960,"Brach, Brad",2012,1169,42.5
497,446641,"Lopez, Wilton",2010,941,52.8
497,425861,"Camp, Shawn",2009,1157,43
496,136268,"Bradford, Chad",2008,747,66.4
495,488674,"Badenhop, Burke",2012,918,53.9
495,503285,"O'Day, Darren",2012,1007,49.2
495,150035,"Farnsworth, Kyle",2009,670,73.9
494,608032,"Estévez, Carlos",2025,494,100
493,239795,"Durbin, Chad",2012,996,49.5
493,434637,"Lindstrom, Matt",2011,807,61.1
492,518603,"De Fratus, Justin",2014,831,59.2
492,349193,"Ohman, Will",2010,782,62.9
492,460008,"Varvaro, Anthony",2014,899,54.7
491,449079,"Wright, Wesley",2012,833,58.9
491,453172,"Hughes, Jared",2012,1162,42.3
490,519240,"Rzepczynski, Marc",2012,736,66.6
490,501822,"Hatcher, Chris",2014,922,53.1
490,472551,"Abad, Fernando",2015,833,58.8
489,429981,"Corcoran, Roy",2008,1132,43.2
489,407911,"Francisco, Frank",2008,1128,43.4
488,433586,"Casilla, Santiago",2009,851,57.3
487,502593,"Petricka, Jake",2015,790,61.6
487,642207,"Williams, Devin",2025,505,96.4
487,467726,"Mijares, Jose",2011,944,51.6
486,663574,"Santillan, Tony",2025,540,90
486,459932,"Ambriz, Hector",2013,649,74.9
486,435158,"Yabu, Keiichi",2008,1129,43
486,488846,"Duensing, Brian",2013,996,48.8
485,461856,"Patton, Troy",2012,832,58.3
485,542585,"Cisnero, José",2013,791,61.3
485,150011,"Schoeneweis, Scott",2008,903,53.7
485,448592,"Meredith, Cla",2008,1068,45.4
485,458730,"Parnell, Bobby",2010,588,82.5
485,554340,"García, Yimi",2015,842,57.6
484,608349,"Knebel, Corey",2015,831,58.2
484,519267,"Scribner, Evan",2015,921,52.6
484,114971,"Gordon, Tom",2008,534,90.6
484,445246,"Fulchino, Jeff",2009,1333,36.3
483,346797,"Balfour, Grant",2008,1027,47
482,430661,"McGowan, Dustin",2014,1403,34.4
481,115817,"Hernandez, Livan",2012,1111,43.3
481,408072,"Bulger, Jason",2009,978,49.2
481,457435,"Coke, Phil",2013,629,76.5
481,429783,"Betancourt, Rafael",2013,481,100
481,283166,"Gonzalez, Michael",2013,944,51
480,453268,"Bard, Daniel",2009,855,56.1
480,444520,"Breslow, Craig",2014,977,49.1
480,448178,"Jepsen, Kevin",2013,674,71.2
480,448159,"Parra, Manny",2013,761,63.1
479,459932,"Ambriz, Hector",2010,836,57.3
478,346793,"Affeldt, Jeremy",2014,838,57
478,451661,"Fields, Josh",2013,638,74.9
477,460283,"Blevins, Jerry",2012,1021,46.7
477,446899,"Ziegler, Brad",2011,888,53.7
477,429783,"Betancourt, Rafael",2015,699,68.2
477,448159,"Parra, Manny",2012,1046,45.6
477,430641,"Boyer, Blaine",2015,934,51.1
477,469735,"Ramirez, Edwar",2008,912,52.3
477,434442,"Howell, J.P.",2015,756,63.1
476,501925,"Smith, Joe",2012,1086,43.8
476,663158,"Suarez, Robert",2025,476,100
476,458567,"Sonnanstine, Andy",2010,1305,36.5
476,407924,"Acosta, Manny",2011,753,63.2
476,457435,"Coke, Phil",2012,932,51.1
475,468396,"Ogando, Alexi",2012,1044,45.5
475,656546,"Hoffman, Jeff",2025,475,100
475,501955,"Chamberlain, Joba",2013,769,61.8
475,497807,"Herrmann, Frank",2011,1002,47.4
474,430663,"Bruney, Brian",2009,692,68.5
474,276351,"Grilli, Jason",2008,1300,36.5
473,621242,"Díaz, Edwin",2025,473,100
473,476595,"Luetge, Lucas",2012,711,66.5
473,519259,"Schlereth, Daniel",2011,836,56.6
473,488984,"Hunter, Tommy",2015,881,53.7
472,430606,"Adams, Mike",2009,561,84.1
472,425658,"Lopez, Aquilino",2008,1275,37
472,488846,"Duensing, Brian",2014,873,54.1
469,449079,"Wright, Wesley",2013,910,51.5
469,425539,"Kuo, Hung-Chih",2008,1265,37.1
469,434663,"Oviedo, Juan Carlos",2008,706,66.4
469,276912,"Shields, Scot",2010,875,53.6
468,488786,"Coleman, Louis",2011,1003,46.7
468,518875,"Kelley, Shawn",2013,982,47.7
467,446399,"Cecil, Brett",2013,919,50.8
466,501955,"Chamberlain, Joba",2008,1711,27.2
466,456379,"Alburquerque, Al",2014,960,48.5
466,447714,"O'Flaherty, Eric",2011,1144,40.7
465,451775,"Rodriguez Jr., Fernando",2015,985,47.2
465,240694,"Romero, J.C.",2010,701,66.3
464,425657,"López, Javier",2010,857,54.1
464,434665,"Masset, Nick",2014,759,61.1
464,235095,"Wheeler, Dan",2011,780,59.5
464,458730,"Parnell, Bobby",2009,1639,28.3
464,434180,"Loe, Kameron",2012,1076,43.1
464,235095,"Wheeler, Dan",2010,720,64.4
464,571901,"Loup, Aaron",2014,1084,42.8
463,434637,"Lindstrom, Matt",2014,555,83.4
463,124604,"Wright, Jamey",2010,904,51.2
462,519151,"Pressly, Ryan",2013,1194,38.7
462,444520,"Breslow, Craig",2011,1026,45
461,430634,"Burnett, Sean",2008,973,47.4
461,519322,"Storen, Drew",2014,807,57.1
461,460701,"Russell, James",2013,850,54.2
460,662253,"Muñoz, Andrés",2025,460,100
460,453646,"Villanueva, Carlos",2015,927,49.6
460,519186,"Reynolds, Matt",2011,840,54.8
460,444884,"Ray, Chris",2010,883,52.1
460,239795,"Durbin, Chad",2009,1275,36.1
459,430613,"Belisario, Ronald",2010,856,53.6
459,239795,"Durbin, Chad",2011,1224,37.5
459,446488,"Rice, Scott",2013,785,58.5
458,150144,"Seay, Bobby",2008,978,46.8
457,525768,"Collins, Tim",2013,963,47.5
457,457422,"Dillard, Tim",2012,605,75.5
457,121096,"Reyes, Dennys",2008,669,68.3
457,474521,"Tolleson, Shawn",2014,1166,39.2
457,446185,"Ondrusek, Logan",2010,916,49.9
456,502158,"Roenicke, Josh",2013,1117,40.8
455,518567,"Collmenter, Josh",2015,1925,23.6
455,407297,"Cruz, Juan",2011,895,50.8
455,466948,"Machi, Jean",2014,927,49.1
454,517414,"Delgado, Randall",2015,1281,35.4
454,429985,"Gaudin, Chad",2008,1438,31.6
454,110683,"Batista, Miguel",2010,1341,33.9
454,119984,"Oliver, Darren",2009,1154,39.3
454,488674,"Badenhop, Burke",2010,1034,43.9
454,642585,"Bautista, Félix",2025,454,100
454,448178,"Jepsen, Kevin",2014,1059,42.9
454,458677,"Wilson, Justin",2014,1032,44
454,570663,"Robles, Hansel",2015,890,51
453,543754,"Schwimer, Michael",2012,608,74.5
453,407783,"Geary, Geoff",2008,1008,44.9
452,592454,"Kahnle, Tommy",2025,455,99.3
452,430610,"Sarfate, Dennis",2008,1534,29.5
451,451085,"Matusz, Brian",2015,833,54.1
451,282567,"Vargas, Claudio",2009,670,67.3
451,400089,"Soriano, Rafael",2011,659,68.4
451,477569,"Salas, Fernando",2015,1035,43.6
451,430884,"Crain, Jesse",2009,901,50.1
450,518617,"Diekman, Jake",2013,637,70.6
450,547973,"Chapman, Aroldis",2025,450,100
450,430083,"Sanches, Brian",2010,1018,44.2
450,121125,"Rhodes, Arthur",2008,599,75.1
449,283166,"Gonzalez, Michael",2012,618,72.7
449,279571,"Belisle, Matt",2014,1052,42.7
449,605309,"Kela, Keone",2015,1031,43.5
448,453515,"Purcey, David",2010,617,72.6
448,641941,"Pagán, Emilio",2025,463,96.8
448,346799,"Rincon, Juan",2008,981,45.7
448,518875,"Kelley, Shawn",2012,750,59.7
448,664854,"Helsley, Ryan",2025,448,100
448,457915,"Guerra, Javy",2012,749,59.8
447,543726,"Ross Jr., Robbie",2013,1003,44.6
447,277405,"Miller, Justin",2008,755,59.2
447,592454,"Kahnle, Tommy",2015,654,68.3
446,474039,"Beato, Pedro",2011,1025,43.5
446,448165,"Capps, Matt",2012,446,100
445,453307,"Huff, David",2014,973,45.7
445,329092,"Choate, Randy",2012,649,68.6
445,695243,"Miller, Mason",2025,445,100
445,451661,"Fields, Josh",2015,860,51.7
444,430630,"Frasor, Jason",2013,867,51.2
444,460366,"Thompson, Rich",2011,918,48.4
444,444468,"Rondón, Héctor",2013,935,47.5
444,457935,"Daley, Matt",2009,883,50.3
443,455374,"Bastardo, Antonio",2013,702,63.1
443,518927,"Layne, Tommy",2015,798,55.5
442,459429,"McGee, Jake",2011,528,83.7
442,431162,"Stauffer, Tim",2014,1095,40.4
442,457915,"Guerra, Javy",2014,772,57.3
441,502381,"Gregerson, Luke",2010,1107,39.8
441,466918,"Corpas, Manny",2009,517,85.3
441,425226,"Tallet, Brian",2008,932,47.3
441,543242,"Graham, J.R.",2015,1071,41.2
441,276514,"Gregg, Kevin",2012,811,54.4
441,520980,"Báez, Pedro",2015,831,53.1
440,434482,"Carlson, Jesse",2008,896,49.1
440,429984,"Proctor, Scott",2011,792,55.6
440,136263,"Byrdak, Tim",2009,1058,41.6
439,448306,"Shields, James",2011,3576,12.3
439,458006,"Albers, Matt",2013,943,46.6
439,430673,"Ramirez, Ramon E",2012,1079,40.7
438,519186,"Reynolds, Matt",2012,978,44.8
438,445246,"Fulchino, Jeff",2011,641,68.3
438,451491,"Zumaya, Joel",2009,583,75.1
438,500903,"Villarreal, Brayan",2012,943,46.4
437,605359,"Marshall, Evan",2014,823,53.1
437,430900,"Wuertz, Michael",2010,670,65.2
437,430654,"Bass, Brian",2008,1324,33
437,461766,"Arredondo, Jose",2011,929,47
436,453172,"Hughes, Jared",2014,884,49.3
436,543507,"May, Trevor",2015,1864,23.4
434,592741,"Shreve, Chasen",2015,1110,39.1
434,424144,"Pérez, Oliver",2015,732,59.3
433,447755,"Delabar, Steve",2012,1142,37.9
433,407791,"Donnelly, Brendan",2010,581,74.5
432,456379,"Alburquerque, Al",2011,764,56.5
432,640448,"Finnegan, Kyle",2025,432,100
431,519141,"Pomeranz, Drew",2015,1442,29.9
431,430911,"Aardsma, David",2013,728,59.2
431,457732,"Bailey, Andrew",2013,488,88.3
431,461848,"Miller, Jim",2012,853,50.5
431,462985,"Morales, Franklin",2011,771,55.9
431,239795,"Durbin, Chad",2010,1225,35.2
431,518875,"Kelley, Shawn",2015,809,53.3
430,150221,"Lincoln, Mike",2008,1133,38
430,488674,"Badenhop, Burke",2014,1064,40.4
430,150035,"Farnsworth, Kyle",2013,576,74.7
430,459429,"McGee, Jake",2015,620,69.4
429,120221,"Park, Chan Ho",2008,1606,26.7
429,488674,"Badenhop, Burke",2015,1048,40.9
428,460370,"Perez, Rafael",2011,903,47.4
428,276056,"Baez, Danys",2011,588,72.8
428,446185,"Ondrusek, Logan",2013,879,48.7
428,407816,"Putz, J.J.",2013,535,80
428,445170,"Redmond, Todd",2014,1205,35.5
427,434641,"Gutierrez, Juan",2014,960,44.5
425,460283,"Blevins, Jerry",2013,972,43.7
425,429985,"Gaudin, Chad",2012,1154,36.8
424,430641,"Boyer, Blaine",2009,825,51.4
424,462522,"Gray, Jeff",2012,845,50.2
424,579799,"Igarashi, Ryota",2011,772,54.9
423,425657,"López, Javier",2013,621,68.1
423,434637,"Lindstrom, Matt",2013,943,44.9
423,456696,"Hernandez, David",2010,1419,29.8
423,489334,"Stammen, Craig",2013,1280,33
423,656730,"Megill, Trevor",2025,427,99.1
422,407819,"Thornton, Matt",2013,706,59.8
421,346793,"Affeldt, Jeremy",2013,523,80.5
421,434668,"Delcarmen, Manny",2010,940,44.8
421,450852,"Martinez, Cristhian",2011,1103,38.2
421,503569,"Dolis, Rafael",2012,654,64.4
420,445246,"Fulchino, Jeff",2010,860,48.8
420,447714,"O'Flaherty, Eric",2009,901,46.6
420,408046,"Brown, Andrew",2008,581,72.3
420,346847,"Beimel, Joe",2015,699,60.1
419,460370,"Perez, Rafael",2009,774,54.1
419,407297,"Cruz, Juan",2008,990,42.3
419,501789,"Harris, Will",2013,882,47.5
419,543144,"Farquhar, Danny",2015,824,50.8
418,346797,"Balfour, Grant",2010,957,43.7
418,458003,"Hawksworth, Blake",2011,877,47.7
418,150144,"Seay, Bobby",2009,792,52.8
418,457428,"McDonald, James",2009,1143,36.6
418,425786,"Atchison, Scott",2014,1037,40.3
418,467726,"Mijares, Jose",2010,594,70.4
417,519110,"Paterson, Joe",2011,596,70
417,133982,"Howry, Bob",2010,649,64.3
417,595307,"Maness, Seth",2014,1094,38.1
417,462136,"Estrada, Marco",2011,1549,26.9
416,458006,"Albers, Matt",2011,1176,35.4
416,460156,"Gomes, Brandon",2015,946,44
416,451595,"Gallagher, Sean",2010,1091,38.1
415,445276,"Jansen, Kenley",2025,415,100
415,477557,"Rodriguez, Francisco",2010,786,52.8
414,449777,"Stetter, Mitch",2009,841,49.2
414,433578,"Cormier, Lance",2009,1235,33.5
413,465629,"Mujica, Edward",2015,702,58.8
412,628452,"Iglesias, Raisel",2025,412,100
412,488768,"Cashner, Andrew",2012,792,52
412,448609,"Sipp, Tony",2015,853,48.3
412,476595,"Luetge, Lucas",2013,554,74.4
411,623184,"Oberg, Scott",2015,1005,40.9
411,150382,"Herges, Matt",2009,588,69.9
411,114342,"Foulke, Keith",2008,542,75.8
410,493247,"Moylan, Peter",2010,1062,38.6
410,434637,"Lindstrom, Matt",2012,774,53
410,453172,"Hughes, Jared",2015,966,42.4
409,543506,"Maurer, Brandon",2015,790,51.8
409,450212,"Neshek, Pat",2013,669,61.1
409,150035,"Farnsworth, Kyle",2014,479,85.4
409,643377,"Jax, Griffin",2025,539,75.9
409,457567,"Fisher, Carlos",2009,881,46.4
409,543409,"Kohn, Michael",2013,975,41.9
407,430613,"Belisario, Ronald",2009,1109,36.7
407,553878,"Vázquez, Felipe",2015,761,53.5
406,150407,"Mota, Guillermo",2011,1320,30.8
405,407298,"Jennings, Jason",2009,1082,37.4
405,462985,"Morales, Franklin",2015,949,42.7
405,543746,"Scahill, Rob",2015,535,75.7
405,459429,"McGee, Jake",2012,920,44
404,407819,"Thornton, Matt",2014,637,63.4
404,424144,"Pérez, Oliver",2014,1000,40.4
404,434666,"Rupe, Josh",2008,1505,26.8
404,430831,"Bennett, Jeff",2009,855,47.3
403,452259,"Jackson, Steven",2009,646,62.4
403,488674,"Badenhop, Burke",2013,922,43.7
403,444436,"Webb, Ryan",2011,760,53
403,430606,"Adams, Mike",2013,412,97.8
403,457425,"Meek, Evan",2009,774,52.1
402,543942,"Wooten, Rob",2014,593,67.8
402,471911,"Carrasco, Carlos",2014,1956,20.6
402,425899,"Manning, Charlie",2008,781,51.5
401,456051,"Noesí, Hector",2011,957,41.9
400,407193,"Lyon, Brandon",2013,570,70.2
400,592717,"Sanchez, Aaron",2015,1449,27.6
400,621053,"Ferguson, Tyler",2025,560,71.4
400,448337,"Kinney, Josh",2012,526,76
399,425532,"Williams, Jerome",2014,1832,21.8
399,571901,"Loup, Aaron",2015,723,55.2
399,464244,"Arias, Alberto",2009,762,52.4
399,491159,"Thatcher, Joe",2013,676,59
398,458919,"Mattheus, Ryan",2015,940,42.3
397,543726,"Ross Jr., Robbie",2012,1070,37.1
397,670280,"Bednar, David",2025,418,95
397,118158,"Mahay, Ron",2008,1095,36.3
396,452240,"Russell, Adam",2011,581,68.2
396,543219,"Gilmartin, Sean",2015,867,45.7
395,501593,"Avilán, Luis",2014,712,55.5
395,133221,"Speier, Justin",2009,712,55.5
395,448200,"Sampson, Chris",2009,889,44.4
395,122620,"Springer, Russ",2008,852,46.4
395,444436,"Webb, Ryan",2013,1208,32.7
395,641755,"Kinley, Tyler",2025,625,63.2
394,462985,"Morales, Franklin",2010,563,70
394,519326,"Strickland, Hunter",2015,736,53.5
394,121955,"Seanez, Rudy",2008,705,55.9
394,434565,"Tejeda, Robinson",2008,786,50.1
394,460677,"Wade, Cory",2012,676,58.3
393,488751,"Burnett, Alex",2011,857,45.9
393,489265,"Romo, Sergio",2009,582,67.5
392,519166,"Ramírez, Neil",2014,746,52.5
392,571946,"Miller, Shelby",2025,470,83.4
392,453265,"Watson, Tony",2012,866,45.3
392,460072,"Berken, Jason",2010,966,40.6
392,448159,"Parra, Manny",2014,629,62.3
392,458589,"Herndon, David",2010,848,46.2
392,489295,"Schlitter, Brian",2014,906,43.3
392,491688,"Del Rosario, Enerio",2011,906,43.3
392,118158,"Mahay, Ron",2009,909,43.1
392,543726,"Ross Jr., Robbie",2015,1006,39
392,458006,"Albers, Matt",2009,1197,32.7
391,150430,"Vizcaino, Luis",2008,817,47.9
391,518858,"Jones, Nate",2012,1168,33.5
391,115216,"Guardado, Eddie",2009,709,55.1
391,544836,"Romero, Enny",2015,598,65.4
391,468396,"Ogando, Alexi",2010,696,56.2
390,136263,"Byrdak, Tim",2008,930,41.9
390,115629,"Hawkins, LaTroy",2011,735,53.1
390,444436,"Webb, Ryan",2010,970,40.2
389,605177,"Chafin, Andrew",2015,1176,33.1
389,676254,"Walker, Ryan",2025,467,83.3
389,453184,"Lincoln, Brad",2012,1323,29.4
388,458677,"Wilson, Justin",2015,1048,37
388,275933,"Downs, Scott",2014,693,56
388,460029,"Lewis, Jensen",2009,1131,34.3
388,150118,"Fuentes, Brian",2012,526,73.8
388,678020,"Halvorsen, Seth",2025,453,85.7
388,448609,"Sipp, Tony",2012,955,40.6
388,452733,"Gorzelanny, Tom",2012,1156,33.6
387,470462,"Troncoso, Ramon",2010,857,45.2
387,136263,"Byrdak, Tim",2011,645,60
386,435538,"Bray, Bill",2008,801,48.2
386,519267,"Scribner, Evan",2012,598,64.5
386,445163,"Janssen, Casey",2015,604,63.9
385,500674,"Sanchez, Eduardo",2011,470,81.9
384,450665,"Medlen, Kris",2012,1885,20.4
384,425646,"Ayala, Luis",2009,669,57.4
384,346848,"Grabow, John",2010,472,81.4
384,466948,"Machi, Jean",2013,754,50.9
383,120221,"Park, Chan Ho",2009,1438,26.6
382,430900,"Wuertz, Michael",2011,654,58.4
382,459987,"Ramos, Cesár",2015,789,48.4
382,448609,"Sipp, Tony",2013,718,53.2
382,493161,"Yabuta, Yasuhiko",2008,671,56.9
382,460156,"Gomes, Brandon",2011,593,64.4
382,571521,"Brothers, Rex",2011,724,52.8
382,430630,"Frasor, Jason",2014,832,45.9
381,643511,"Rogers, Tyler",2025,417,91.4
381,543359,"Jennings, Dan",2014,714,53.4
381,449104,"Henderson, Jim",2012,532,71.6
381,434298,"Coffey, Todd",2010,1029,37
381,678226,"Hernández, Daysbel",2025,454,83.9
381,408310,"Heilman, Aaron",2011,656,58.1
380,451585,"Demel, Sam",2010,635,59.8
380,447755,"Delabar, Steve",2015,543,70
380,119984,"Oliver, Darren",2008,1101,34.5
379,501925,"Smith, Joe",2009,564,67.2
379,518468,"Blazek, Michael",2015,863,43.9
379,543136,"Eppley, Cody",2012,743,51
378,605447,"Romano, Jordan",2025,446,84.8
378,459967,"LeCure, Sam",2012,950,39.8
377,456696,"Hernandez, David",2015,587,64.2
377,501593,"Avilán, Luis",2015,822,45.9
377,542960,"Brach, Brad",2014,1045,36.1
377,543766,"Shaw, Bryan",2013,1235,30.5
376,491159,"Thatcher, Joe",2012,534,70.4
376,518693,"Freeman, Sam",2014,667,56.4
376,471822,"Díaz, Jumbo",2014,585,64.3
376,407819,"Thornton, Matt",2015,593,63.4
375,430634,"Burnett, Sean",2009,982,38.2
375,228594,"Riske, David",2008,745,50.3
375,279571,"Belisle, Matt",2015,594,63.1
375,518703,"Furbush, Charlie",2012,745,50.3
375,430665,"Medders, Brandon",2009,1127,33.3
374,462985,"Morales, Franklin",2009,722,51.8
374,666808,"Doval, Camilo",2025,509,73.5
374,642701,"Santana, Dennis",2025,444,84.2
373,449079,"Wright, Wesley",2014,772,48.3
373,459987,"Ramos, Cesár",2011,726,51.4
373,519151,"Pressly, Ryan",2025,455,82
373,275933,"Downs, Scott",2013,712,52.4
373,434701,"Osoria, Franquelis",2008,953,39.1
372,469134,"Rogers, Esmil",2014,849,43.8
372,462522,"Gray, Jeff",2011,755,49.3
372,465629,"Mujica, Edward",2008,613,60.7
371,460701,"Russell, James",2015,557,66.6
371,502578,"Barrett, Aaron",2014,675,55
371,425471,"Gobble, Jimmy",2008,634,58.5
371,446003,"Asencio, Jairo",2012,679,54.6
370,407297,"Cruz, Juan",2012,671,55.1
370,276351,"Grilli, Jason",2009,891,41.5
370,462382,"Johnson, Jim",2010,422,87.7
370,430599,"Blanton, Joe",2015,1152,32.1
370,430588,"Nieve, Fernando",2010,756,48.9
369,475857,"Cook, Ryan",2014,749,49.3
369,572070,"Richards, Garrett",2013,2351,15.7
369,119125,"Miller, Trever",2009,629,58.7
369,673929,"Leasure, Jordan",2025,507,72.8
368,519322,"Storen, Drew",2012,395,93.2
368,136263,"Byrdak, Tim",2010,666,55.3
367,456034,"Price, David",2014,3730,9.8
367,458677,"Wilson, Justin",2013,1191,30.8
367,425786,"Atchison, Scott",2013,740,49.6
366,425528,"McClung, Seth",2008,1821,20.1
366,502609,"Herrera, Daniel",2009,1029,35.6
366,518603,"De Fratus, Justin",2013,835,43.8
366,502011,"Claiborne, Preston",2013,839,43.6
365,454535,"Hensley, Clay",2011,1093,33.4
365,544993,"Geltz, Steve",2015,1105,33
365,461872,"Swarzak, Anthony",2013,1499,24.3
365,444836,"Laffey, Aaron",2011,890,41
365,452724,"Sadler, Billy",2008,782,46.7
365,431162,"Stauffer, Tim",2010,1231,29.7
364,467726,"Mijares, Jose",2012,970,37.5
364,543779,"Siegrist, Kevin",2013,678,53.7
364,424324,"Lee, Cliff",2010,2981,12.2
364,452240,"Russell, Adam",2008,445,81.8
364,136263,"Byrdak, Tim",2012,525,69.3
364,150337,"Wells, Kip",2009,1209,30.1
363,285079,"Dickey, R.A.",2009,1116,32.5
363,543883,"Vincent, Nick",2013,705,51.5
362,488846,"Duensing, Brian",2010,1885,19.2
362,457429,"Logan, Boone",2008,760,47.6
362,488674,"Badenhop, Burke",2011,1004,36.1
362,121096,"Reyes, Dennys",2010,612,59.2
362,446899,"Ziegler, Brad",2012,930,38.9
361,457733,"Devine, Joey",2008,717,50.3
361,592781,"Stites, Matt",2014,557,64.8
361,150469,"Bale, John",2009,536,67.4
360,459939,"Boggs, Mitchell",2013,453,79.5
360,458919,"Mattheus, Ryan",2013,622,57.9
360,329092,"Choate, Randy",2009,580,62.1
360,461325,"Clippard, Tyler",2009,987,36.5
360,518875,"Kelley, Shawn",2009,755,47.7
359,462515,"Socolovich, Miguel",2015,492,73
359,433586,"Casilla, Santiago",2010,898,40
359,664208,"Maton, Phil",2025,453,79.2
359,430900,"Wuertz, Michael",2008,731,49.1
359,621381,"Strahm, Matt",2025,509,70.5
359,329092,"Choate, Randy",2010,709,50.6
357,543668,"Pryor, Stephen",2012,439,81.3
357,489448,"Zagurski, Mike",2012,639,55.9
356,460657,"Slaten, Doug",2008,512,69.5
356,461212,"Palmer, Matt",2009,1919,18.6
355,488751,"Burnett, Alex",2010,841,42.2
354,467099,"Norberto, Jordan",2012,884,40
354,670955,"Uceta, Edwin",2025,519,68.2
354,470462,"Troncoso, Ramon",2013,533,66.4
354,457448,"Harrison, Matt",2010,1402,25.2
354,460283,"Blevins, Jerry",2010,801,44.2
353,457796,"Olson, Garrett",2010,619,57
353,571735,"Hale, David",2014,1411,25
352,123118,"Tavarez, Julian",2009,705,49.9
352,430654,"Bass, Brian",2009,1477,23.8
352,425657,"López, Javier",2008,961,36.6
351,132241,"Corey, Bryan",2008,761,46.1
351,407878,"Valverde, Jose",2014,374,93.9
351,457429,"Logan, Boone",2012,953,36.8
351,473646,"Zeid, Josh",2013,466,75.3
350,123828,"Walker, Jamie",2008,658,53.2
350,681982,"Anderson, Grant",2025,601,58.2
350,448609,"Sipp, Tony",2009,722,48.5
350,493137,"Matsuzaka, Daisuke",2014,1446,24.2
350,433581,"Thompson, Brad",2009,1150,30.4
349,407908,"Peralta, Joel",2010,736,47.4
349,518603,"De Fratus, Justin",2015,1445,24.2
349,113961,"Eyre, Scott",2009,562,62.1
349,150382,"Herges, Matt",2008,1041,33.5
349,493157,"Uehara, Koji",2012,513,68
348,442707,"DiFelice, Mark",2009,823,42.3
348,571901,"Loup, Aaron",2013,1037,33.6
347,429984,"Proctor, Scott",2008,738,47
347,676534,"Faucher, Calvin",2025,470,73.8
347,573204,"Thielbar, Caleb",2013,659,52.7
347,346793,"Affeldt, Jeremy",2015,562,61.7
347,459987,"Ramos, Cesár",2014,1311,26.5
347,491703,"Feliz, Neftalí",2014,482,72
346,444884,"Ray, Chris",2011,500,69.2
346,434672,"Smith, Chris",2009,748,46.3
346,453515,"Purcey, David",2011,679,51
345,489446,"Yates, Kirby",2014,690,50
344,541652,"Rondón, Bruce",2013,442,77.8
344,517414,"Delgado, Randall",2014,1459,23.6
344,447755,"Delabar, Steve",2014,480,71.7
343,282332,"Sabathia, CC",2008,3814,9
343,475243,"Wood, Travis",2015,1718,20
342,450275,"Lowe, Mark",2012,637,53.7
342,346847,"Beimel, Joe",2010,686,49.9
342,573046,"Morin, Mike",2014,918,37.3
342,474284,"Rasmus, Cory",2014,881,38.8
341,434665,"Masset, Nick",2008,927,36.8
341,592773,"Stanek, Ryne",2025,453,75.3
341,453646,"Villanueva, Carlos",2008,1791,19
341,457429,"Logan, Boone",2014,433,78.8
341,407878,"Valverde, Jose",2013,341,100
340,502026,"Jeffress, Jeremy",2014,508,66.9
340,121125,"Rhodes, Arthur",2011,531,64
340,434442,"Howell, J.P.",2013,961,35.4
339,455092,"Elbert, Scott",2011,550,61.6
339,571871,"Krol, Ian",2013,475,71.4
339,457566,"Burke, Greg",2009,797,42.5
338,434137,"Kensing, Logan",2008,990,34.1
338,621237,"Alvarado, José",2025,338,100
337,458006,"Albers, Matt",2012,895,37.7
337,119125,"Miller, Trever",2010,609,55.3
337,518617,"Diekman, Jake",2012,535,63
337,573127,"Rosscup, Zac",2015,520,64.8
336,501925,"Smith, Joe",2010,644,52.2
336,123725,"Villone, Ron",2009,933,36
336,444553,"Rodriguez, Aneury",2011,1458,23
336,430911,"Aardsma, David",2008,970,34.6
336,433589,"Petit, Yusmeiro",2015,1114,30.2
335,434378,"Verlander, Justin",2012,3768,8.9
335,450527,"Hinshaw, Alex",2008,742,45.1
335,433587,"Hernández, Félix",2010,3731,9
335,452733,"Gorzelanny, Tom",2015,674,49.7
335,424324,"Lee, Cliff",2011,3403,9.8
335,430580,"Simon, Alfredo",2012,1009,33.2
334,349193,"Ohman, Will",2011,913,36.6
334,424805,"Hendrickson, Mark",2009,1659,20.1
334,472551,"Abad, Fernando",2013,654,51.1
333,571951,"Mitchell, Bryan",2015,596,55.9
333,434181,"League, Brandon",2008,495,67.3
332,430606,"Adams, Mike",2008,1014,32.7
331,460701,"Russell, James",2010,836,39.6
331,434378,"Verlander, Justin",2011,3941,8.4
330,571057,"Garces, Frank",2015,677,48.7
330,669622,"Bender, Anthony",2025,461,71.6
330,668674,"Erceg, Lucas",2025,395,83.5
329,467008,"Strop, Pedro",2011,374,88
329,521055,"Cleto, Maikel",2014,565,58.2
329,499856,"Jakubauskas, Chris",2011,1299,25.3
329,329092,"Choate, Randy",2014,589,55.9
329,444520,"Breslow, Craig",2008,699,47.1
328,543184,"Friedrich, Christian",2015,975,33.6
328,457566,"Burke, Greg",2013,612,53.6
328,462985,"Morales, Franklin",2012,1342,24.4
328,115629,"Hawkins, LaTroy",2015,557,58.9
328,121096,"Reyes, Dennys",2009,661,49.6
328,543278,"Hardy, Blaine",2014,643,51
328,475115,"Ross, Tyson",2010,705,46.5
328,460029,"Lewis, Jensen",2010,609,53.9
327,136880,"Halladay, Roy",2010,3568,9.2
327,687863,"Hodge, Porter",2025,344,95.1
327,424925,"Condrey, Clay",2009,643,50.9
327,346847,"Beimel, Joe",2008,814,40.2
326,406874,"Nelson, Joe",2009,747,43.6
326,519008,"McFarland, T.J.",2014,865,37.7
325,425840,"Cotts, Neal",2015,1072,30.3
325,594792,"Cunniff, Brandon",2015,610,53.3
325,571871,"Krol, Ian",2014,611,53.2
325,457435,"Coke, Phil",2011,1700,19.1
325,425657,"López, Javier",2014,599,54.3
324,451491,"Zumaya, Joel",2010,597,54.3
324,676395,"Garcia, Robert",2025,436,74.3
324,502004,"Kontos, George",2013,873,37.1
323,444436,"Webb, Ryan",2014,723,44.7
323,663893,"Little, Brendon",2025,600,53.8
322,449060,"Rapada, Clay",2012,612,52.6
321,518693,"Freeman, Sam",2015,693,46.3
321,121099,"Reyes, Al",2008,400,80.3
321,453192,"Miller, Andrew",2013,555,57.8
320,329092,"Choate, Randy",2011,423,75.7
320,113296,"Dessens, Elmer",2010,709,45.1
320,502304,"Carpenter, David",2012,627,51
320,435620,"Taschner, Jack",2008,908,35.2
319,435400,"Motte, Jason",2014,410,77.8
319,346799,"Rincon, Juan",2009,629,50.7
319,425492,"Madson, Ryan",2015,898,35.5
318,407791,"Donnelly, Brendan",2009,390,81.5
318,543779,"Siegrist, Kevin",2014,579,54.9
318,681911,"Vesia, Alex",2025,522,60.9
318,663969,"Phillips, Tyler",2025,559,56.9
318,434442,"Howell, J.P.",2012,822,38.7
318,543634,"Perry, Ryan",2011,637,49.9
317,672578,"Hernández, Carlos",2025,451,70.3
317,435045,"Santos, Sergio",2014,412,76.9
317,599899,"Tateyama, Yoshinori",2011,734,43.2
317,547749,"Tazawa, Junichi",2012,656,48.3
317,467726,"Mijares, Jose",2013,868,36.5
317,497807,"Herrmann, Frank",2010,749,42.3
317,660825,"Bazardo, Eduard",2025,591,53.6
316,502136,"Smith, Jordan",2010,613,51.5
316,451491,"Zumaya, Joel",2008,450,70.2
316,488786,"Coleman, Louis",2014,613,51.5
316,489294,"Scheppers, Tanner",2012,562,56.2
315,517008,"Colomé, Alex",2015,1701,18.5
314,425629,"Villarreal, Oscar",2008,612,51.3
314,450212,"Neshek, Pat",2011,477,65.8
314,489189,"Outman, Josh",2013,910,34.5
314,453646,"Villanueva, Carlos",2014,1305,24.1
314,425647,"Carrasco, D.J.",2011,853,36.8
313,502578,"Barrett, Aaron",2015,478,65.5
313,476601,"Bowden, Michael",2013,606,51.7
313,465657,"Soria, Joakim",2013,442,70.8
312,433589,"Petit, Yusmeiro",2014,1678,18.6
312,678606,"Ferrer, Jose A.",2025,603,51.7
312,457429,"Logan, Boone",2013,668,46.7
311,605169,"Capps, Carter",2015,445,69.9
311,579799,"Igarashi, Ryota",2010,565,55
311,458919,"Mattheus, Ryan",2011,489,63.6
311,400141,"Ramirez, Horacio",2008,606,51.3
310,430630,"Frasor, Jason",2015,543,57.1
310,453264,"Veal, Donnie",2013,501,61.9
310,676477,"Whitlock, Garrett",2025,640,48.4
310,425840,"Cotts, Neal",2008,656,47.3
310,448753,"Berg, Justin",2010,654,47.4
309,593576,"Neris, Héctor",2015,681,45.4
309,444884,"Ray, Chris",2009,783,39.5
309,543725,"Rosenberg, B.J.",2013,350,88.3
309,430630,"Frasor, Jason",2012,822,37.6
309,449072,"McClellan, Kyle",2011,2125,14.5
308,596133,"Weaver, Luke",2025,356,86.5
308,657585,"Garrett, Reed",2025,489,63
308,433586,"Casilla, Santiago",2008,884,34.8
308,448159,"Parra, Manny",2010,2160,14.3
307,608717,"Stratton, Chris",2025,411,74.7
307,136880,"Halladay, Roy",2009,3394,9
307,592426,"Jackson, Luke",2025,355,86.5
307,572831,"Edgin, Josh",2013,486,63.2
307,457707,"Bell, Trevor",2011,524,58.6
307,475416,"Masterson, Justin",2008,1385,22.2
306,491159,"Thatcher, Joe",2009,820,37.3
306,493603,"Ottavino, Adam",2013,1284,23.8
306,542674,"Germen, Gonzalez",2014,506,60.5
306,435618,"Accardo, Jeremy",2012,624,49
306,457429,"Logan, Boone",2011,684,44.7
305,592454,"Kahnle, Tommy",2014,1099,27.8
305,519240,"Rzepczynski, Marc",2014,748,40.8
305,592804,"Thornburg, Tyler",2015,645,47.3
305,435618,"Accardo, Jeremy",2009,452,67.5
305,456501,"Cueto, Johnny",2014,3659,8.3
305,477569,"Salas, Fernando",2010,566,53.9
305,502004,"Kontos, George",2015,1053,29
305,469802,"Perez, Luis",2012,670,45.5
304,435261,"Miner, Zach",2009,1626,18.7
304,136880,"Halladay, Roy",2008,3560,8.5
304,110683,"Batista, Miguel",2012,970,31.3
304,346847,"Beimel, Joe",2014,624,48.7
304,433587,"Hernández, Félix",2012,3420,8.9
304,518526,"Carpenter, David",2012,637,47.7
303,460283,"Blevins, Jerry",2011,433,70
303,543409,"Kohn, Michael",2010,405,74.8
303,488846,"Duensing, Brian",2015,779,38.9
303,543766,"Shaw, Bryan",2011,491,61.7
302,425647,"Carrasco, D.J.",2009,1457,20.7
302,547568,"Lo, Chia-Jen",2013,344,87.8
302,136880,"Halladay, Roy",2011,3468,8.7
302,571871,"Krol, Ian",2015,537,56.2
301,445001,"Cassevah, Bobby",2011,609,49.4
301,447714,"O'Flaherty, Eric",2015,557,54
301,431162,"Stauffer, Tim",2013,1127,26.7
301,518961,"Lueke, Josh",2014,487,61.8
300,115629,"Hawkins, LaTroy",2012,705,42.6
300,445612,"Thayer, Dale",2015,617,48.6
300,458003,"Hawksworth, Blake",2010,1491,20.1
300,429715,"Blackley, Travis",2013,829,36.2
300,469686,"Aceves, Alfredo",2009,1247,24.1
299,460597,"Hoey, Jim",2011,457,65.4
299,407924,"Acosta, Manny",2010,638,46.9
299,461904,"Britton, Chris",2008,398,75.1
298,518715,"Gearrin, Cory",2013,493,60.4
298,435618,"Accardo, Jeremy",2011,692,43.1
298,458730,"Parnell, Bobby",2015,408,73
298,519008,"McFarland, T.J.",2013,1229,24.2
298,571893,"Liberatore, Adam",2015,483,61.7
298,433578,"Cormier, Lance",2008,1242,24
297,502130,"Runzler, Dan",2010,595,49.9
297,456776,"Torres, Alex",2015,640,46.4
297,400104,"Walker, Tyler",2009,554,53.6
297,502195,"Black, Vic",2014,561,52.9
297,434668,"Delcarmen, Manny",2009,1135,26.2
297,474668,"Surkamp, Eric",2014,418,71.1
296,430597,"Dumatrait, Phil",2011,783,37.8
296,425657,"López, Javier",2015,545,54.3
296,543935,"Wilson, Alex",2013,479,61.8
296,434137,"Kensing, Logan",2009,607,48.8
296,503285,"O'Day, Darren",2008,671,44.1
295,605154,"Brebbia, John",2025,375,78.7
295,460072,"Berken, Jason",2011,847,34.8
295,542674,"Germen, Gonzalez",2013,592,49.8
295,694037,"Palencia, Daniel",2025,417,70.7
295,111244,"Borowski, Joe",2008,295,100
294,430962,"Nippert, Dustin",2010,1063,27.7
294,458003,"Hawksworth, Blake",2009,570,51.6
294,502188,"Samardzija, Jeff",2008,487,60.4
294,519405,"Weinhardt, Robbie",2010,517,56.9
294,457732,"Bailey, Andrew",2012,311,94.5
293,430641,"Boyer, Blaine",2010,911,32.2
293,489265,"Romo, Sergio",2008,492,59.6
293,444382,"Bonine, Eddie",2010,1068,27.4
292,688642,"Agnos, Zach",2025,338,86.4
292,501789,"Harris, Will",2014,479,61
291,543359,"Jennings, Dan",2013,677,43
291,459429,"McGee, Jake",2013,1150,25.3
291,448179,"Hill, Rich",2013,787,37
291,456662,"Horst, Jeremy",2012,494,58.9
290,425528,"McClung, Seth",2009,1115,26
290,461856,"Patton, Troy",2013,843,34.4
290,425531,"Waechter, Doug",2008,976,29.7
290,283166,"Gonzalez, Michael",2010,402,72.1
289,434442,"Howell, J.P.",2011,538,53.7
288,683769,"Gaddis, Hunter",2025,505,57
288,491159,"Thatcher, Joe",2010,563,51.2
287,425647,"Carrasco, D.J.",2010,1236,23.2
287,460701,"Russell, James",2011,1103,26
287,110683,"Batista, Miguel",2011,983,29.2
287,477569,"Salas, Fernando",2013,446,64.3
287,435261,"Miner, Zach",2008,2027,14.2
287,679358,"Orze, Eric",2025,466,61.6
287,425562,"Chulk, Vinnie",2008,539,53.2
287,457422,"Dillard, Tim",2011,446,64.3
287,110683,"Batista, Miguel",2008,2108,13.6
286,420864,"Flores, Randy",2010,506,56.5
286,407154,"Fossum, Casey",2008,684,41.8
286,425861,"Camp, Shawn",2008,604,47.4
286,502304,"Carpenter, David",2011,474,60.3
286,435620,"Taschner, Jack",2009,574,49.8
285,124805,"Ryan, B.J.",2009,397,71.8
285,407908,"Peralta, Joel",2008,838,34
285,488846,"Duensing, Brian",2012,1706,16.7
284,430670,"Keppel, Bob",2009,911,31.2
283,516769,"Mejia, Jenrry",2010,712,39.7
283,456589,"Bergmann, Jason",2009,793,35.7
283,572751,"Butler, Keith",2013,334,84.7
282,429721,"Ring, Royce",2008,403,70
282,407193,"Lyon, Brandon",2011,282,100
282,429714,"Bautista, Denny",2010,657,42.9
282,606160,"Montero, Rafael",2025,479,58.9
282,461872,"Swarzak, Anthony",2014,1405,20.1
282,686580,"Slaten, Justin",2025,333,84.7
282,457779,"Kirkman, Michael",2012,629,44.8
282,476601,"Bowden, Michael",2012,649,43.5
281,502130,"Runzler, Dan",2011,497,56.5
281,468396,"Ogando, Alexi",2014,494,56.9
281,457117,"Frieri, Ernesto",2010,582,48.3
281,425539,"Kuo, Hung-Chih",2011,535,52.5
280,425786,"Atchison, Scott",2010,986,28.4
280,453284,"Parker, Blake",2014,359,78
280,457461,"White, Sean",2010,516,54.3
280,430083,"Sanches, Brian",2009,973,28.8
280,571561,"Cingrani, Tony",2015,666,42
280,450665,"Medlen, Kris",2009,1096,25.5
280,434663,"Oviedo, Juan Carlos",2014,528,53
280,240694,"Romero, J.C.",2009,314,89.2
279,425656,"Ledezma, Wilfredo",2008,1124,24.8
279,430083,"Sanches, Brian",2011,1086,25.7
278,453646,"Villanueva, Carlos",2013,1985,14
278,519242,"Sale, Chris",2010,392,70.9
278,121556,"Rusch, Glendon",2008,1415,19.6
278,452666,"Wilhelmsen, Tom",2011,508,54.7
278,444436,"Webb, Ryan",2015,671,41.4
277,430663,"Bruney, Brian",2010,380,72.9
276,448614,"Torres, Carlos",2013,1324,20.8
275,592135,"Bedrosian, Cam",2015,632,43.5
275,113833,"Embree, Alan",2009,390,70.5
275,434627,"Speier, Ryan",2008,762,36.1
274,538227,"Takahashi, Hisanori",2012,835,32.8
274,516935,"Pimentel, Stolmy",2014,593,46.2
274,571439,"Alvarez, R.J.",2015,394,69.5
273,641627,"Gott, Trevor",2015,728,37.5
273,450308,"Weaver, Jered",2011,3746,7.3
273,430663,"Bruney, Brian",2011,400,68.3
273,642397,"Soto, Gregory",2025,434,62.9
273,460657,"Slaten, Doug",2010,643,42.5
273,457425,"Meek, Evan",2011,378,72.2
272,466412,"Perdomo, Luis",2009,1106,24.6
272,656222,"Beeks, Jalen",2025,554,49.1
272,445001,"Cassevah, Bobby",2010,330,82.4
271,489150,"Mortensen, Clayton",2013,560,48.4
271,457429,"Logan, Boone",2010,647,41.9
271,430941,"Sherrill, George",2011,581,46.6
271,684320,"Rodríguez, Yariel",2025,558,48.6
271,407860,"Chacin, Gustavo",2010,691,39.2
271,460069,"Romero, Ricky",2011,3374,8
270,470462,"Troncoso, Ramon",2008,566,47.7
269,621051,"Wilson, Steven",2025,420,64
269,429440,"Gonzalez, Edgar",2009,1158,23.2
269,518886,"Kimbrel, Craig",2010,384,70.1
269,472610,"García, Luis",2013,550,48.9
268,488722,"Braddock, Zach",2010,600,44.7
268,434298,"Coffey, Todd",2008,437,61.3
268,469159,"Rodriguez, Henry Alberto",2013,450,59.6
268,407908,"Peralta, Joel",2009,451,59.4
268,444127,"Madrigal, Warner",2008,618,43.4
268,592102,"Allen, Cody",2012,539,49.7
267,459983,"Pendleton, Lance",2011,356,75
267,543506,"Maurer, Brandon",2014,1134,23.5
267,519240,"Rzepczynski, Marc",2013,474,56.3
267,150011,"Schoeneweis, Scott",2009,399,66.9
267,477132,"Kershaw, Clayton",2011,3469,7.7
267,406402,"Julio, Jorge",2008,534,50
266,211041,"Franklin, Ryan",2011,485,54.8
266,656271,"Burke, Brock",2025,510,52.2
266,277405,"Miller, Justin",2010,412,64.6
266,433587,"Hernández, Félix",2011,3609,7.4
266,689147,"Kerkering, Orion",2025,508,52.4
266,452293,"Albaladejo, Jonathan",2009,598,44.5
266,542609,"Burgos, Enrique",2015,514,51.8
266,623913,"Wang, Wei-Chung",2014,357,74.5
266,459967,"LeCure, Sam",2011,1202,22.1
265,213680,"MacDougal, Mike",2010,355,74.6
265,457567,"Fisher, Carlos",2011,409,64.8
265,407924,"Acosta, Manny",2012,818,32.4
265,682842,"Uribe, Abner",2025,554,47.8
264,554340,"García, Yimi",2025,325,81.2
264,467850,"Escalona, Edgmer",2013,803,32.9
264,543699,"Roark, Tanner",2015,1800,14.7
264,518418,"Aumont, Phillippe",2013,371,71.2
264,470462,"Troncoso, Ramon",2011,353,74.8
264,676282,"Cantillo, Joey",2025,517,51.1
263,451628,"Figaro, Alfredo",2013,1187,22.2
263,429901,"Mitre, Sergio",2011,567,46.4
263,346801,"Thomas, Brad",2010,1132,23.2
263,489189,"Outman, Josh",2014,510,51.6
263,346847,"Beimel, Joe",2011,431,61
263,670167,"Schreiber, John",2025,486,54.1
262,623406,"Simmons, Shae",2014,369,71
262,672841,"Vargas, Carlos",2025,511,51.3
262,457117,"Frieri, Ernesto",2015,378,69.3
262,545001,"De La Rosa, Eury",2014,605,43.3
261,543805,"Spence, Josh",2011,477,54.7
261,543883,"Vincent, Nick",2014,860,30.3
261,542669,"Mendez, Roman",2014,552,47.3
260,668984,"Legumina, Casey",2025,452,57.5
260,543409,"Kohn, Michael",2014,439,59.2
260,542960,"Brach, Brad",2013,617,42.1
260,407908,"Peralta, Joel",2015,482,53.9
260,444427,"Texeira, Kanekoa",2010,963,27
260,502158,"Roenicke, Josh",2012,1444,18
260,447714,"O'Flaherty, Eric",2010,675,38.5
260,489446,"Yates, Kirby",2015,408,63.7
259,488674,"Badenhop, Burke",2009,1176,22
259,518560,"Clemens, Paul",2013,1168,22.2
259,472610,"García, Luis",2025,463,55.9
259,150119,"Garcia, Freddy",2012,1767,14.7
259,453646,"Villanueva, Carlos",2012,2014,12.9
259,502272,"Fien, Casey",2012,594,43.6
259,679885,"Martinez, Justin",2025,269,96.3
259,572831,"Edgin, Josh",2012,426,60.8
258,519186,"Reynolds, Matt",2013,418,61.7
258,276912,"Shields, Scot",2009,314,82.2
257,572831,"Edgin, Josh",2014,409,62.8
257,450545,"Mathis, Doug",2009,708,36.3
257,543272,"Hand, Brad",2015,1553,16.5
257,592717,"Sanchez, Aaron",2014,465,55.3
257,501789,"Harris, Will",2012,332,77.4
256,519437,"Withrow, Chris",2013,604,42.4
256,518585,"Cruz, Fernando",2025,484,52.9
256,519267,"Scribner, Evan",2013,481,53.2
256,457452,"Bierd, Randor",2008,693,36.9
256,445153,"Downs, Darin",2013,576,44.4
256,453344,"Morrow, Brandon",2009,1254,20.4
256,445156,"Marshall, Sean",2009,1424,18
256,572038,"Pinder, Branden",2015,482,53.1
255,449079,"Wright, Wesley",2009,815,31.3
255,453265,"Watson, Tony",2011,642,39.7
255,457779,"Kirkman, Michael",2013,440,58
254,150337,"Wells, Kip",2008,699,36.3
254,466918,"Corpas, Manny",2012,707,35.9
254,429717,"Haren, Dan",2011,3774,6.7
254,425786,"Atchison, Scott",2012,699,36.3
254,448693,"Wolf, Ross",2013,688,36.9
253,469159,"Rodriguez, Henry Alberto",2010,529,47.8
253,641329,"Baker, Bryan",2025,496,51
253,469802,"Perez, Luis",2011,1099,23
253,461872,"Swarzak, Anthony",2012,1459,17.3
253,474521,"Tolleson, Shawn",2012,658,38.4
253,475416,"Masterson, Justin",2009,2196,11.5
253,534576,"Schlosser, Gus",2014,304,83.2
252,519357,"Todd, Jess",2009,425,59.3
252,446367,"Putkonen, Luke",2013,479,52.6
252,518452,"Bettis, Chad",2014,499,50.5
252,519096,"Otero, Dan",2013,580,43.4
252,542266,"Contreras, Carlos",2015,513,49.1
252,592155,"Booser, Cam",2025,451,55.9
252,447744,"Valdes, Raul",2010,1066,23.6
252,518813,"Holland, Greg",2010,315,80
252,434579,"Shell, Steven",2008,814,31
251,424324,"Lee, Cliff",2008,3289,7.6
251,544759,"Schultz, Bo",2015,635,39.5
251,123801,"Wakefield, Tim",2010,2157,11.6
251,449173,"Harrell, Lucas",2013,2859,8.8
251,425794,"Wainwright, Adam",2013,3533,7.1
251,469690,"Marte, Victor",2012,637,39.4
250,542914,"Bass, Anthony",2015,1049,23.8
250,657571,"Ferguson, Caleb",2025,496,50.4
250,122195,"Shouse, Brian",2009,444,56.3
250,434378,"Verlander, Justin",2009,3937,6.4
249,282332,"Sabathia, CC",2011,3604,6.9
249,434378,"Verlander, Justin",2010,3745,6.6
249,519008,"McFarland, T.J.",2015,687,36.2
249,449777,"Stetter, Mitch",2008,454,54.8
248,542882,"Andriese, Matt",2015,1088,22.8
248,457744,"Thompson, Aaron",2015,504,49.2
248,453172,"Hughes, Jared",2013,524,47.3
248,453515,"Purcey, David",2013,472,52.5
248,674285,"Salazar, Eduardo",2025,437,56.8
248,502195,"Black, Vic",2013,285,87
248,462480,"Cruz, Rhiner",2013,381,65.1
247,476589,"Warren, Adam",2015,2159,11.4
247,573046,"Morin, Mike",2015,554,44.6
247,543331,"Hoover, J.J.",2012,521,47.4
247,446372,"Kluber, Corey",2015,3273,7.5
247,425539,"Kuo, Hung-Chih",2009,473,52.2
247,407825,"Guerrier, Matt",2014,440,56.1
247,346800,"Rivera, Saul",2009,620,39.8
246,666974,"Cano, Yennier",2025,431,57.1
246,573064,"Nuño, Vidal",2015,1452,16.9
246,519096,"Otero, Dan",2015,727,33.8
246,592612,"Osich, Josh",2015,459,53.6
246,213711,"Weaver, Jeff",2010,726,33.9
246,458708,"Tomlin, Josh",2014,1715,14.3
245,455009,"Broxton, Jonathan",2011,245,100
245,499107,"Bueno, Francisley",2014,482,50.8
245,623395,"Ellington, Brian",2015,445,55.1
245,663687,"Harris, Hogan",2025,516,47.5
244,474599,"Wagner, Neil",2013,649,37.6
244,446884,"Beam, T.J.",2008,706,34.6
244,435044,"Baker, Scott",2014,1193,20.5
243,234194,"Carlyle, Buddy",2014,467,52
243,458584,"Cedeño, Xavier",2015,741,32.8
243,424805,"Hendrickson, Mark",2010,1210,20.1
243,466918,"Corpas, Manny",2013,643,37.8
243,543881,"Villarreal, Pedro",2015,789,30.8
243,285079,"Dickey, R.A.",2012,3359,7.2
243,117758,"Lieber, Jon",2008,696,34.9
242,465679,"Deduno, Samuel",2014,1723,14
242,453343,"Melancon, Mark",2010,349,69.3
242,477132,"Kershaw, Clayton",2013,3428,7.1
242,666171,"Zeferjahn, Ryan",2025,495,48.9
242,518468,"Blazek, Michael",2013,334,72.5
242,453192,"Miller, Andrew",2012,687,35.2
241,425530,"Stokes, Brian",2008,530,45.5
241,425532,"Williams, Jerome",2013,2637,9.1
240,648737,"Hinojosa, Dalier",2015,429,55.9
240,458250,"Hughes, Dusty",2011,288,83.3
240,669276,"Lee, Dylan",2025,492,48.8
240,598264,"Barnes, Matt",2015,790,30.4
240,425626,"Capuano, Chris",2014,1640,14.6
239,453184,"Lincoln, Brad",2013,575,41.6
239,430661,"McGowan, Dustin",2013,454,52.6
239,448200,"Sampson, Chris",2008,1635,14.6
238,453311,"Lincecum, Tim",2009,3439,6.9
238,669438,"Englert, Mason",2025,367,64.9
238,680767,"Vodnik, Victor",2025,351,67.8
238,434619,"Gonzalez, Enrique",2010,398,59.8
238,621383,"Banks, Tanner",2025,531,44.8
238,458006,"Albers, Matt",2015,566,42
237,473879,"Dyson, Sam",2014,683,34.7
237,458220,"Vasquez, Esmerling",2011,501,47.3
237,502304,"Carpenter, David",2015,390,60.8
237,466412,"Perdomo, Luis",2012,303,78.2
236,469167,"Ceda, Jose",2011,351,67.2
236,445968,"Eveland, Dana",2014,475,49.7
236,240694,"Romero, J.C.",2011,446,52.9
236,542914,"Bass, Anthony",2011,729,32.4
236,460677,"Wade, Cory",2011,614,38.4
236,213711,"Weaver, Jeff",2009,1341,17.6
236,117955,"Lowe, Derek",2012,2338,10.1
236,475479,"Phelps, David",2012,1678,14.1
235,475054,"Roe, Chaz",2015,702,33.5
235,444446,"Balester, Collin",2011,610,38.5
235,450275,"Lowe, Mark",2010,235,100
235,444935,"Hagadone, Nick",2012,463,50.8
235,669711,"Weissert, Greg",2025,528,44.5
234,447714,"O'Flaherty, Eric",2013,244,95.9
234,656240,"Blewett, Scott",2025,508,46.1
234,518420,"Axelrod, Dylan",2013,2269,10.3
234,434884,"Rowland-Smith, Ryan",2008,1947,12
234,554432,"Jenkins, Chad",2014,440,53.2
233,476601,"Bowden, Michael",2011,377,61.8
233,518418,"Aumont, Phillippe",2012,248,94
233,489052,"Leach, Brent",2009,370,63
233,424324,"Lee, Cliff",2009,3533,6.6
233,430641,"Boyer, Blaine",2014,625,37.3
233,276914,"Bowers, Cedrick",2010,265,87.9
233,400058,"Lidge, Brad",2011,339,68.7
233,277405,"Miller, Justin",2009,882,26.4
233,501745,"De Los Santos, Fautino",2011,609,38.3
232,663738,"Lynch IV, Daniel",2025,541,42.9
232,501870,"Teaford, Everett",2011,663,35
232,446185,"Ondrusek, Logan",2014,681,34.1
232,641490,"Crockett, Kyle",2014,494,47
232,468517,"Ramirez, Elvin",2012,430,54
231,207267,"Penny, Brad",2012,444,52
231,668941,"Romero, JoJo",2025,366,63.1
230,543118,"Drake, Oliver",2015,298,77.2
230,430911,"Aardsma, David",2015,492,46.7
230,425747,"Contreras, Jose",2011,246,93.5
230,502356,"Robertson, Tyler",2012,441,52.2
230,502085,"Robertson, David",2008,565,40.7
229,502087,"Chapman, Kevin",2013,322,71.1
229,543819,"Stewart, Zach",2012,619,37
229,612434,"Castro, Miguel",2015,293,78.2
229,448857,"Ascanio, Jose",2009,347,66
229,407901,"Sosa, Jorge",2009,408,56.1
228,429722,"Santana, Ervin",2011,3453,6.6
228,462945,"Jimenez, Cesar",2008,539,42.3
228,542914,"Bass, Anthony",2013,710,32.1
228,329092,"Choate, Randy",2013,487,46.8
228,681517,"Leahy, Kyle",2025,620,36.8
227,455119,"Martin, Chris",2025,306,74.2
227,502202,"Boxberger, Brad",2013,394,57.6
227,671922,"Smith, Cade",2025,546,41.6
226,400008,"Majewski, Gary",2008,727,31.1
226,444371,"Karstens, Jeff",2009,1724,13.1
225,592135,"Bedrosian, Cam",2014,408,55.1
225,621366,"Borucki, Ryan",2025,413,54.5
225,454535,"Hensley, Clay",2008,622,36.2
225,115629,"Hawkins, LaTroy",2010,320,70.3
225,453954,"Hart, Kevin",2008,576,39.1
225,493603,"Ottavino, Adam",2012,1349,16.7
225,519175,"Reed, Evan",2014,583,38.6
225,525768,"Collins, Tim",2014,377,59.7
224,502239,"Cahill, Trevor",2014,1928,11.6
224,349193,"Ohman, Will",2012,397,56.4
224,592340,"Goeddel, Erik",2015,499,44.9
224,457796,"Olson, Garrett",2009,1333,16.8
224,424324,"Lee, Cliff",2013,3253,6.9
224,545064,"Díaz, Jairo",2015,277,80.9
224,453156,"Brown, Brooks",2014,405,55.3
224,491159,"Thatcher, Joe",2014,534,41.9
223,502026,"Jeffress, Jeremy",2012,287,77.7
223,593372,"Martinez, Carlos",2013,475,46.9
223,456034,"Price, David",2011,3696,6
223,424144,"Pérez, Oliver",2012,461,48.4
223,456027,"Ohlendorf, Ross",2015,387,57.6
223,150221,"Lincoln, Mike",2009,384,58.1
223,543900,"Webb, Daniel",2015,536,41.6
222,519242,"Sale, Chris",2013,3248,6.8
222,669371,"Henry, Cole",2025,425,52.2
222,446372,"Kluber, Corey",2014,3500,6.3
222,455092,"Elbert, Scott",2012,551,40.3
222,407825,"Guerrier, Matt",2013,670,33.1
221,118158,"Mahay, Ron",2010,565,39.1
221,425646,"Ayala, Luis",2013,555,39.8
221,472551,"Abad, Fernando",2010,302,73.2
221,542914,"Bass, Anthony",2014,431,51.3
221,425818,"Bonser, Boof",2008,1913,11.6
221,407296,"Zambrano, Carlos",2010,2284,9.7
221,430912,"Cain, Matt",2010,3501,6.3
220,460349,"Rosa, Carlos",2010,367,59.9
220,489446,"Yates, Kirby",2025,397,55.4
220,672391,"Ort, Kaleb",2025,331,66.5
220,408072,"Bulger, Jason",2010,461,47.7
220,458678,"Broadway, Mike",2015,290,75.9
220,460156,"Gomes, Brandon",2012,328,67.1
220,429901,"Mitre, Sergio",2010,782,28.1
219,444436,"Webb, Ryan",2009,455,48.1
219,455091,"Ekstrom, Mike",2010,278,78.8
218,518748,"Grimm, Justin",2015,870,25.1
218,519240,"Rzepczynski, Marc",2015,575,37.9
217,460283,"Blevins, Jerry",2008,626,34.7
217,689225,"Brieske, Beau",2025,405,53.6
217,407816,"Putz, J.J.",2014,259,83.8
217,641302,"Alexander, Tyler",2025,743,29.2
217,519381,"Venditte, Pat",2015,489,44.4
217,123387,"Tomko, Brett",2009,919,23.6
217,453286,"Scherzer, Max",2015,3359,6.5
217,458584,"Cedeño, Xavier",2012,558,38.9
216,425532,"Williams, Jerome",2012,2035,10.6
216,592815,"Tuivailala, Sam",2015,265,81.5
216,425861,"Camp, Shawn",2013,391,55.2
216,425530,"Stokes, Brian",2010,330,65.5
216,430962,"Nippert, Dustin",2008,1372,15.7
216,112020,"Carpenter, Chris",2011,3613,6
216,434592,"Resop, Chris",2010,404,53.5
216,425794,"Wainwright, Adam",2014,3258,6.6
216,474699,"Worley, Vance",2015,1143,18.9
216,605452,"Ross, Joe",2025,574,37.6
216,502004,"Kontos, George",2012,647,33.4
215,435045,"Santos, Sergio",2013,310,69.4
215,502011,"Claiborne, Preston",2014,367,58.6
215,643338,"Green, Chad",2025,474,45.4
215,433581,"Thompson, Brad",2008,978,22
215,329092,"Choate, Randy",2015,406,53
214,533167,"Shoemaker, Matt",2014,2101,10.2
214,519175,"Reed, Evan",2013,387,55.3
214,518858,"Jones, Nate",2015,281,76.2
214,420864,"Flores, Randy",2008,493,43.4
214,641745,"Keller, Brad",2025,550,38.9
214,518493,"Britton, Drake",2013,312,68.6
214,460008,"Varvaro, Anthony",2011,388,55.2
214,671131,"Rutledge, Jackson",2025,598,35.8
214,572193,"Tepera, Ryan",2015,465,46
214,545001,"De La Rosa, Eury",2013,254,84.3
213,571786,"Hollands, Mario",2014,772,27.6
213,605374,"McKirahan, Andrew",2015,462,46.1
213,519259,"Schlereth, Daniel",2010,324,65.7
213,434180,"Loe, Kameron",2008,500,42.6
213,518875,"Kelley, Shawn",2010,440,48.4
213,460677,"Wade, Cory",2009,446,47.8
212,119125,"Miller, Trever",2011,391,54.2
212,448306,"Shields, James",2012,3617,5.9
212,282332,"Sabathia, CC",2010,3587,5.9
212,430610,"Sarfate, Dennis",2009,440,48.2
212,474463,"Anderson, Brett",2013,768,27.6
211,469134,"Rogers, Esmil",2010,1273,16.6
211,456662,"Horst, Jeremy",2013,474,44.5
211,519443,"Workman, Brandon",2013,772,27.3
211,453249,"Manship, Jeff",2014,372,56.7
211,453222,"Carroll, Scott",2015,601,35.1
211,608718,"Suter, Brent",2025,548,38.5
211,425226,"Tallet, Brian",2011,299,70.6
211,453562,"Arrieta, Jake",2015,3438,6.1
210,425226,"Tallet, Brian",2010,1322,15.9
210,571710,"Givens, Mychal",2015,466,45.1
210,452249,"Owings, Micah",2011,1040,20.2
210,543859,"Tonkin, Michael",2015,362,58
210,477132,"Kershaw, Clayton",2015,3392,6.2
210,694350,"Brzykcy, Zach",2025,303,69.3
209,425626,"Capuano, Chris",2015,745,28.1
209,452237,"Tankersley, Taylor",2008,363,57.6
209,445276,"Jansen, Kenley",2010,485,43.1
209,518764,"Hand, Donovan",2013,1032,20.3
209,656794,"Newcomb, Sean",2025,963,21.7
209,592527,"Mariot, Michael",2014,480,43.5
208,457733,"Devine, Joey",2011,408,51
208,517451,"Ortiz, Joe",2013,688,30.2
208,456496,"Mateo, Marcos",2011,392,53.1
208,448614,"Torres, Carlos",2012,898,23.2
207,501955,"Chamberlain, Joba",2011,429,48.3
207,477132,"Kershaw, Clayton",2014,2722,7.6
207,520980,"Báez, Pedro",2014,351,59
207,474284,"Rasmus, Cory",2013,408,50.7
207,475054,"Roe, Chaz",2013,348,59.5
206,623167,"Flexen, Chris",2025,294,70.1
206,448722,"Perez, Juan Pablo",2013,563,36.6
206,593974,"Peralta, Wandy",2025,519,39.7
206,430935,"Hamels, Cole",2011,3132,6.6
206,445971,"Wood, Tim",2010,432,47.7
205,592804,"Thornburg, Tyler",2014,511,40.1
205,469134,"Rogers, Esmil",2015,578,35.5
205,458681,"Lynn, Lance",2011,563,36.4
205,237346,"Falkenborg, Brian",2008,388,52.8
205,592314,"Foltynewicz, Mike",2014,326,62.9
205,430587,"Buchholz, Taylor",2011,410,50
205,502004,"Kontos, George",2014,469,43.7
205,430904,"Maholm, Paul",2014,1173,17.5
204,453311,"Lincecum, Tim",2008,3682,5.5
204,433578,"Cormier, Lance",2011,267,76.4
204,462985,"Morales, Franklin",2013,447,45.6
204,444446,"Balester, Collin",2010,339,60.2
204,408072,"Bulger, Jason",2008,308,66.2
203,501593,"Avilán, Luis",2012,548,37
203,459376,"Jimenez, Kelvin",2008,414,49
203,657044,"Thompson, Ryan",2025,443,45.8
203,120401,"Percival, Troy",2009,219,92.7
203,491159,"Thatcher, Joe",2008,507,40
203,445193,"Coello, Robert",2013,305,66.6
203,686993,"Sterner, Justin",2025,518,39.2
203,672335,"Pérez, Cionel",2025,437,46.5
203,676130,"Buttó, José",2025,616,33
203,702352,"Bivens, Spencer",2025,560,36.3
203,491646,"Gómez, Jeanmar",2013,1233,16.5
203,655889,"Rodríguez, Manuel",2025,431,47.1
203,518961,"Lueke, Josh",2011,551,36.8
203,429722,"Santana, Ervin",2010,3561,5.7
202,663423,"Thornton, Trent",2025,340,59.4
202,111492,"Brocail, Doug",2009,331,61
202,425844,"Greinke, Zack",2009,3477,5.8
202,457918,"Happ, J.A.",2009,2645,7.6
202,605347,"López, Jorge",2025,387,52.2
202,450527,"Hinshaw, Alex",2012,546,37
201,459987,"Ramos, Cesár",2012,429,46.9
201,452733,"Gorzelanny, Tom",2013,1351,14.9
201,451990,"Valdez, Jose G.",2011,263,76.4
201,518771,"Harris, Mitch",2015,436,46.1
201,425794,"Wainwright, Adam",2010,3356,6
200,622072,"Wood, Alex",2013,1310,15.3
200,573204,"Thielbar, Caleb",2014,813,24.6
199,453249,"Manship, Jeff",2015,550,36.2
199,657649,"Koenig, Jared",2025,488,40.8
199,643410,"Leiter Jr., Mark",2025,502,39.6
199,488786,"Coleman, Louis",2013,420,47.4
199,407791,"Donnelly, Brendan",2008,253,78.7
199,571945,"Mikolas, Miles",2012,518,38.4
199,606303,"Payamps, Joel",2025,306,65
199,400089,"Soriano, Rafael",2008,234,85
199,459411,"Schlichting, Travis",2010,357,55.7
198,519169,"Rasmussen, Rob",2015,331,59.8
198,668933,"Ashcraft, Graham",2025,563,35.2
198,672782,"Gómez, Yoendrys",2025,330,60
198,641656,"Hamilton, Ian",2025,410,48.3
198,456034,"Price, David",2015,3388,5.8
198,122987,"Suppan, Jeff",2010,1611,12.3
198,425630,"Webb, Brandon",2008,3357,5.9
197,571901,"Loup, Aaron",2012,434,45.4
197,502188,"Samardzija, Jeff",2009,608,32.4
197,449072,"McClellan, Kyle",2012,280,70.4
197,449820,"Rosales, Leo",2009,679,29
197,500721,"Medina, Yoervis",2015,389,50.6
196,445090,"Korecky, Bobby",2008,279,70.3
196,234194,"Carlyle, Buddy",2008,1010,19.4
196,503285,"O'Day, Darren",2011,275,71.3
196,543859,"Tonkin, Michael",2014,332,59
196,572827,"Dunning, Jake",2013,387,50.6
195,473560,"Broadway, Lance",2009,517,37.7
195,453186,"Maine, Scott",2012,527,37
195,666214,"Wentz, Joey",2025,506,38.5
195,430606,"Adams, Mike",2014,313,62.3
195,425510,"Cruceta, Francisco",2008,203,96.1
195,136727,"Nunez, Vladimir",2008,593,32.9
195,450212,"Neshek, Pat",2008,216,90.3
195,448179,"Hill, Rich",2012,347,56.2
195,672282,"Detmers, Reid",2025,558,34.9
195,457935,"Daley, Matt",2010,427,45.7
194,621408,"Marksberry, Matt",2015,408,47.5
194,430837,"DiNardo, Lenny",2008,408,47.5
194,542266,"Contreras, Carlos",2014,390,49.7
194,502522,"Miller, Justin",2015,527,36.8
194,430599,"Blanton, Joe",2013,2221,8.7
194,452249,"Owings, Micah",2010,638,30.4
194,444935,"Hagadone, Nick",2015,458,42.4
194,489150,"Mortensen, Clayton",2012,700,27.7
193,663767,"Shugart, Chase",2025,488,39.5
193,469690,"Marte, Victor",2010,502,38.4
193,434622,"Jiménez, Ubaldo",2010,3600,5.4
193,669060,"Wilson, Bryse",2025,833,23.2
193,465065,"Escalona, Sergio",2011,423,45.6
193,502026,"Jeffress, Jeremy",2011,302,63.9
193,429400,"Loewen, Adam",2015,393,49.1
192,467856,"Monasterios, Carlos",2010,1489,12.9
192,594840,"Grace, Matt",2015,308,62.3
191,667463,"King, John",2025,403,47.4
191,134321,"Pavano, Carl",2010,3139,6.1
191,276351,"Grilli, Jason",2011,541,35.3
191,429719,"Jackson, Edwin",2010,3358,5.7
191,657612,"Hill, Tim",2025,428,44.6
191,595307,"Maness, Seth",2013,886,21.6
191,680880,"Holman, Grant",2025,376,50.8
191,477132,"Kershaw, Clayton",2012,3468,5.5
191,434665,"Masset, Nick",2015,397,48.1
190,676092,"Snider, Collin",2025,477,39.8
190,285079,"Dickey, R.A.",2008,1914,9.9
190,460283,"Blevins, Jerry",2009,371,51.2
190,458006,"Albers, Matt",2008,784,24.2
190,502609,"Herrera, Daniel",2010,408,46.6
189,472551,"Abad, Fernando",2012,818,23.1
189,430935,"Hamels, Cole",2008,3427,5.5
189,425827,"Bonderman, Jeremy",2013,904,20.9
189,448592,"Meredith, Cla",2010,231,81.8
189,445153,"Downs, Darin",2014,532,35.5
188,400058,"Lidge, Brad",2012,208,90.4
188,642121,"Sulser, Cole",2025,247,76.1
188,400010,"Rauch, Jon",2013,308,61
188,425514,"Bell, Heath",2014,352,53.4
188,460156,"Gomes, Brandon",2013,344,54.7
188,608678,"Leone, Dominic",2015,287,65.5
188,450729,"Fister, Doug",2011,3195,5.9
187,457567,"Fisher, Carlos",2010,393,47.6
187,543716,"Rollins, David",2015,452,41.4
187,462956,"Paulino, Felipe",2011,2415,7.7
187,407783,"Geary, Geoff",2009,352,53.1
187,543409,"Kohn, Michael",2011,242,77.3
187,455091,"Ekstrom, Mike",2012,259,72.2
187,572971,"Keuchel, Dallas",2013,2506,7.5
187,663485,"Sands, Cole",2025,484,38.6
186,518516,"Bumgarner, Madison",2015,3312,5.6
186,445153,"Downs, Darin",2012,352,52.8
186,676961,"Boushley, Caleb",2025,410,45.4
186,425657,"López, Javier",2009,248,75
186,150035,"Farnsworth, Kyle",2012,439,42.4
186,113961,"Eyre, Scott",2008,456,40.8
186,453264,"Veal, Donnie",2009,364,51.1
186,571479,"Bellatti, Andrew",2015,346,53.8
186,469134,"Rogers, Esmil",2013,2258,8.2
185,400076,"Loux, Shane",2009,957,19.3
185,547820,"Ni, Fu-Te",2010,443,41.8
185,502706,"Holland, Derek",2011,3206,5.8
185,408052,"Bootcheck, Chris",2008,337,54.9
185,543942,"Wooten, Rob",2013,410,45.1
185,434592,"Resop, Chris",2008,330,56.1
185,518703,"Furbush, Charlie",2015,301,61.5
185,477229,"Walden, Jordan",2010,274,67.5
184,452249,"Owings, Micah",2009,2087,8.8
184,213680,"MacDougal, Mike",2008,315,58.4
184,136600,"Chen, Bruce",2013,1962,9.4
184,451585,"Demel, Sam",2011,439,41.9
184,455119,"Martin, Chris",2015,391,47.1
184,542888,"Armstrong, Shawn",2025,516,35.7
183,457122,"Cherry, Rocky",2008,319,57.4
183,448200,"Sampson, Chris",2010,481,38
183,425786,"Atchison, Scott",2015,338,54.1
183,572971,"Keuchel, Dallas",2015,3492,5.2
183,501873,"McClendon, Mike",2011,219,83.6
183,673513,"Matsui, Yuki",2025,500,36.6
183,493117,"Fujikawa, Kyuji",2013,207,88.4
182,425789,"Sweeney, Brian",2010,507,35.9
182,500902,"Oliveros, Lester",2011,389,46.8
182,675848,"Mejia, Juan",2025,382,47.6
182,430963,"Pena, Ramon",2011,342,53.2
182,445968,"Eveland, Dana",2012,511,35.6
182,678495,"Rodríguez, Randy",2025,470,38.7
181,501227,"Cabrera, Alberto",2012,390,46.4
181,504186,"Leon, Arnold",2015,426,42.5
181,448269,"Bergesen, Brad",2012,412,43.9
181,543698,"Roach, Donn",2014,499,36.3
181,453156,"Brown, Brooks",2015,574,31.5
181,449104,"Henderson, Jim",2014,188,96.3
180,150302,"Marquis, Jason",2009,3247,5.5
180,448269,"Bergesen, Brad",2011,1660,10.8
180,592390,"Hembree, Heath",2015,392,45.9
180,670059,"Holderman, Colin",2025,279,64.5
180,669062,"Miller, Erik",2025,403,44.7
179,150153,"Figueroa, Nelson",2010,1597,11.2
179,457448,"Harrison, Matt",2012,3247,5.5
179,447744,"Valdes, Raul",2013,588,30.4
179,523260,"Kelly, Joe",2012,1695,10.6
179,429717,"Haren, Dan",2009,3460,5.2
179,467785,"Liz, Radhames",2015,388,46.1
179,460092,"Leroux, Chris",2010,406,44.1
179,456776,"Torres, Alex",2013,893,20
179,150221,"Lincoln, Mike",2010,376,47.6
179,685126,"Eisert, Brandon",2025,546,32.8
179,488722,"Braddock, Zach",2011,363,49.3
178,430663,"Bruney, Brian",2008,548,32.5
178,123790,"Wagner, Billy",2009,274,65
178,446488,"Rice, Scott",2014,272,65.4
178,445197,"Dunn, Mike",2010,377,47.2
178,519455,"Zimmermann, Jordan",2013,3083,5.8
178,449060,"Rapada, Clay",2008,353,50.4
178,435538,"Bray, Bill",2010,484,36.8
177,493416,"Saito, Takashi",2011,435,40.7
177,514669,"Martín, Rafael",2015,247,71.7
177,456034,"Price, David",2010,3355,5.3
177,276371,"Santana, Johan",2008,3598,4.9
177,456501,"Cueto, Johnny",2015,3268,5.4
176,460069,"Romero, Ricky",2010,3241,5.4
176,451132,"Burns, Cory",2012,335,52.5
176,434578,"Saunders, Joe",2010,3315,5.3
176,453178,"Kennedy, Ian",2011,3424,5.1
176,504379,"Nicasio, Juan",2014,1615,10.9
176,518567,"Collmenter, Josh",2012,1500,11.7
176,518693,"Freeman, Sam",2012,346,50.9
176,518715,"Gearrin, Cory",2012,279,63.1
175,460284,"Braden, Dallas",2008,1143,15.3
175,433587,"Hernández, Félix",2009,3632,4.8
175,519166,"Ramírez, Neil",2015,251,69.7
175,499856,"Jakubauskas, Chris",2009,1562,11.2
175,572955,"Johnson, Pierce",2025,445,39.3
175,682825,"Mey, Luis",2025,279,62.7
175,452718,"Kendrick, Kyle",2011,1731,10.1
175,228594,"Riske, David",2010,398,44
175,408241,"Peavy, Jake",2012,3486,5
175,456034,"Price, David",2013,2707,6.5
174,605359,"Marshall, Evan",2015,223,78
174,666215,"Whitley, Forrest",2025,174,100
174,425507,"Cabrera, Fernando",2008,526,33.1
174,595345,"Okert, Steven",2025,486,35.8
174,547820,"Ni, Fu-Te",2009,510,34.1
174,467099,"Norberto, Jordan",2010,423,41.1
173,434564,"Segovia, Zack",2009,201,86.1
173,446321,"Detwiler, Ross",2015,1169,14.8
173,572971,"Keuchel, Dallas",2014,3020,5.7
173,488984,"Hunter, Tommy",2012,2079,8.3
172,447744,"Valdes, Raul",2012,472,36.4
172,668820,"Kranick, Max",2025,529,32.5
172,456496,"Mateo, Marcos",2015,477,36.1
172,457779,"Kirkman, Michael",2011,491,35
171,457425,"Meek, Evan",2008,212,80.7
171,592329,"García, Jason",2015,493,34.7
171,491688,"Del Rosario, Enerio",2012,361,47.4
171,458537,"Luebke, Cory",2011,2358,7.3
171,572096,"Rosenthal, Trevor",2012,368,46.5
171,592341,"Goforth, David",2015,398,43
171,660896,"Alcala, Jorge",2025,492,34.8
170,678024,"Vasil, Mike",2025,798,21.3
170,434641,"Gutierrez, Juan",2011,339,50.1
170,543508,"Mazzoni, Cory",2015,201,84.6
170,449820,"Rosales, Leo",2008,494,34.4
170,571948,"Milner, Hoby",2025,547,31.1
170,573186,"Stroman, Marcus",2014,2082,8.2
170,150430,"Vizcaino, Luis",2009,283,60.1
169,454581,"Guevara, Carlos",2008,228,74.1
169,594772,"Buchanan, Jake",2014,561,30.1
169,623430,"Dull, Ryan",2015,254,66.5
169,430594,"Pinto, Renyel",2010,320,52.8
169,430935,"Hamels, Cole",2012,3316,5.1
169,150128,"Stark, Denny",2009,240,70.4
169,457425,"Meek, Evan",2014,409,41.3
169,452657,"Lester, Jon",2014,3493,4.8
169,408057,"Jenks, Bobby",2011,292,57.9
169,542866,"Adams, Austin",2015,528,32
169,493416,"Saito, Takashi",2012,238,71
169,669199,"Bachar, Lake",2025,537,31.5
169,433585,"Francis, Jeff",2014,312,54.2
168,471896,"Figueroa, Pedro",2012,342,49.1
168,458713,"Slowey, Kevin",2013,1467,11.5
168,430618,"Hampson, Justin",2008,557,30.2
168,282656,"Sheets, Ben",2008,3054,5.5
168,518927,"Layne, Tommy",2012,280,60
168,460657,"Slaten, Doug",2011,285,58.9
168,663465,"Allard, Kolby",2025,406,41.4
168,502706,"Holland, Derek",2009,2232,7.5
167,548357,"Bergman, Christian",2015,1120,14.9
167,469097,"Mata, Frank",2010,311,53.7
167,134321,"Pavano, Carl",2011,3383,4.9
167,462089,"Jaime, Juan",2014,277,60.3
167,660787,"De los Santos, Yerry",2025,338,49.4
167,456496,"Mateo, Marcos",2010,379,44.1
167,656464,"Ginkel, Kevin",2025,278,60.1
167,502158,"Roenicke, Josh",2009,544,30.7
167,657097,"Webb, Jacob",2025,531,31.5
167,150122,"Marte, Damaso",2010,340,49.1
167,430913,"Hennessey, Brad",2008,730,22.9
167,448281,"Doolittle, Sean",2015,254,65.7
167,623211,"Brazobán, Huascar",2025,590,28.3
166,449157,"Parisi, Mike",2008,457,36.3
166,519141,"Pomeranz, Drew",2025,269,61.7
166,453222,"Carroll, Scott",2014,2115,7.8
166,548337,"Verrett, Logan",2015,697,23.8
166,502462,"Kelly, Ryan",2015,259,64.1
166,234194,"Carlyle, Buddy",2009,448,37.1
166,448337,"Kinney, Josh",2011,308,53.9
166,518516,"Bumgarner, Madison",2012,3269,5.1
166,504083,"Rondon, Jorge",2015,292,56.8
166,434180,"Loe, Kameron",2013,454,36.6
165,475416,"Masterson, Justin",2013,3018,5.5
165,467850,"Escalona, Edgmer",2012,379,43.5
165,594951,"O'Rourke, Ryan",2015,395,41.8
165,452718,"Kendrick, Kyle",2012,2511,6.6
165,441368,"Castillo, Alberto",2008,465,35.5
165,433579,"Danks, John",2010,3389,4.9
165,430912,"Cain, Matt",2012,3345,4.9
165,434298,"Coffey, Todd",2012,325,50.8
165,570632,"Ureña, José",2025,304,54.3
164,457910,"Espineli, Geno",2008,288,56.9
164,605169,"Capps, Carter",2014,364,45.1
164,433587,"Hernández, Félix",2014,3434,4.8
164,542674,"Germen, Gonzalez",2015,710,23.1
164,407793,"Lackey, John",2008,2426,6.8
164,506648,"Herrera, Yoslan",2014,313,52.4
164,475416,"Masterson, Justin",2011,3460,4.7
164,501874,"Mickolio, Kam",2009,265,61.9
164,657514,"Bernardino, Brennan",2025,473,34.7
163,279571,"Belisle, Matt",2009,516,31.6
163,695445,"Lee, Chase",2025,344,47.4
163,467100,"Nova, Iván",2013,2093,7.8
163,448159,"Parra, Manny",2015,497,32.8
163,543883,"Vincent, Nick",2015,416,39.2
163,429715,"Blackley, Travis",2012,1661,9.8
163,518961,"Lueke, Josh",2013,406,40.1
163,518833,"Hynes, Colt",2013,311,52.4
163,276514,"Gregg, Kevin",2014,163,100
163,452733,"Gorzelanny, Tom",2014,374,43.6
162,448693,"Wolf, Ross",2010,219,74
162,429717,"Haren, Dan",2010,3749,4.3
162,424144,"Pérez, Oliver",2010,954,17
162,430675,"Henn, Sean",2009,304,53.3
162,490063,"Garza, Matt",2010,3281,4.9
162,502260,"Pestano, Vinnie",2014,325,49.8
162,623437,"Topa, Justin",2025,430,37.7
162,461791,"Marmol, Carlos",2014,269,60.2
161,542669,"Mendez, Roman",2015,234,68.8
161,429723,"Valdez, Merkin",2008,271,59.4
161,460008,"Varvaro, Anthony",2012,322,50
161,407853,"Bedard, Erik",2013,2679,6
161,461856,"Patton, Troy",2014,235,68.5
161,491159,"Thatcher, Joe",2015,411,39.2
161,429985,"Gaudin, Chad",2009,2568,6.3
161,553970,"Nesbitt, Angel",2015,384,41.9
161,543725,"Rosenberg, B.J.",2014,256,62.9
161,502327,"Santiago, Héctor",2013,2697,6
161,408072,"Bulger, Jason",2011,174,92.5
161,608678,"Leone, Dominic",2014,1080,14.9
161,621199,"Bowman, Matt",2025,381,42.3
161,113296,"Dessens, Elmer",2009,498,32.3
161,543243,"Gray, Sonny",2015,3078,5.2
160,460156,"Gomes, Brandon",2014,545,29.4
160,430629,"Hanrahan, Joel",2013,160,100
160,502158,"Roenicke, Josh",2011,277,57.8
160,450665,"Medlen, Kris",2010,1596,10
160,444126,"Rodriguez, Rafael",2009,458,34.9
160,450545,"Mathis, Doug",2010,384,41.7
160,516910,"Frías, Carlos",2014,487,32.9
160,543883,"Vincent, Nick",2012,448,35.7
160,424324,"Lee, Cliff",2012,3099,5.2
160,407883,"German, Franklyn",2008,367,43.6
159,573127,"Rosscup, Zac",2014,295,53.9
159,596001,"Junis, Jakob",2025,534,29.8
159,441368,"Castillo, Alberto",2010,199,79.9
159,435039,"Reyes, Anthony",2008,784,20.3
159,435140,"Penn, Hayden",2009,493,32.3
159,592222,"Claudio, Alex",2014,209,76.1
159,134320,"Vazquez, Javier",2009,3315,4.8
159,518715,"Gearrin, Cory",2011,309,51.5
158,448178,"Jepsen, Kevin",2011,227,69.6
158,459932,"Ambriz, Hector",2012,324,48.8
158,458676,"Lindblom, Josh",2011,465,34
158,451216,"Wilson, Brian",2013,207,76.3
158,502188,"Samardzija, Jeff",2015,3339,4.7
158,407901,"Sosa, Jorge",2010,612,25.8
157,112020,"Carpenter, Chris",2009,2670,5.9
157,452241,"Mock, Garrett",2008,709,22.1
157,435045,"Santos, Sergio",2015,252,62.3
157,592826,"Velasquez, Vince",2015,976,16.1
156,276520,"Arroyo, Bronson",2009,3407,4.6
156,519293,"Smith, Will",2013,489,31.9
156,490063,"Garza, Matt",2011,3192,4.9
156,433587,"Hernández, Félix",2013,3175,4.9
156,477229,"Walden, Jordan",2015,156,100
156,640462,"Puk, A.J.",2025,156,100
156,456102,"Pauley, David",2012,307,50.8
155,542587,"Araujo, Elvis",2015,617,25.1
155,472610,"García, Luis",2014,285,54.4
155,519003,"McCoy, Patrick",2014,254,61
155,346798,"Lohse, Kyle",2015,2544,6.1
155,435043,"Duke, Zach",2009,3072,5
155,425794,"Wainwright, Adam",2009,3614,4.3
155,450852,"Martinez, Cristhian",2009,402,38.6
155,448842,"De La Cruz, Frankie",2011,234,66.2
154,592533,"Martin, Cody",2015,498,30.9
154,434629,"Seddon, Chris",2010,366,42.1
154,592741,"Shreve, Chasen",2014,204,75.5
154,806188,"Gibson, Cade",2025,356,43.3
154,429714,"Bautista, Denny",2009,261,59
153,150011,"Schoeneweis, Scott",2010,243,63
153,408206,"Myers, Brett",2008,3015,5.1
153,451595,"Gallagher, Sean",2009,388,39.4
153,433657,"Bush, Dave",2011,594,25.8
153,452298,"Cameron, Kevin",2008,170,90
153,572070,"Richards, Garrett",2012,1192,12.8
153,669308,"Reynolds, Sean",2025,346,44.2
153,622072,"Wood, Alex",2014,2683,5.7
152,472551,"Abad, Fernando",2011,438,34.7
152,547348,"Lee, C.C.",2014,500,30.4
152,692285,"Guerrero, Luis",2025,209,72.7
152,425532,"Williams, Jerome",2015,1978,7.7
152,542432,"Ramirez, José",2014,204,74.5
152,519242,"Sale, Chris",2014,2753,5.5
152,123801,"Wakefield, Tim",2011,2416,6.3
152,628317,"Maeda, Kenta",2025,171,88.9
152,452657,"Lester, Jon",2010,3357,4.5
151,118967,"Mercker, Kent",2008,226,66.8
151,500610,"Guerra, Deolis",2015,307,49.2
151,497807,"Herrmann, Frank",2012,295,51.2
151,457754,"Edwards, Jon",2015,315,47.9
151,475115,"Ross, Tyson",2013,1981,7.6
151,543746,"Scahill, Rob",2013,504,30
151,447714,"O'Flaherty, Eric",2014,321,47
151,150359,"Burnett, A.J.",2012,3042,5
151,595014,"Treinen, Blake",2014,734,20.6
151,446398,"Carignan, Andrew",2012,178,84.8
150,444836,"Laffey, Aaron",2009,1988,7.5
150,452298,"Cameron, Kevin",2009,291,51.5
150,543056,"Coulombe, Danny",2015,265,56.6
150,501822,"Hatcher, Chris",2012,292,51.4
150,435618,"Accardo, Jeremy",2008,204,73.5
150,434565,"Tejeda, Robinson",2009,1366,11
150,622554,"Domínguez, Seranthony",2025,497,30.2
150,400076,"Loux, Shane",2012,409,36.7
150,435620,"Taschner, Jack",2010,360,41.7
149,276520,"Arroyo, Bronson",2010,3257,4.6
149,134268,"Wood, Kerry",2012,163,91.4
149,445156,"Marshall, Sean",2014,298,50
149,462136,"Estrada, Marco",2015,2913,5.1
149,406402,"Julio, Jorge",2009,331,45
149,500724,"Ramírez, JC",2015,413,36.1
149,434159,"Meyer, Dan",2010,236,63.1
149,455970,"McCrory, Bob",2009,194,76.8
149,689254,"Fluharty, Mason",2025,475,31.4
149,542924,"Beliveau, Jeff",2014,389,38.3
149,670970,"Morejon, Adrian",2025,448,33.3
148,489197,"Partch, Curtis",2013,417,35.5
148,462945,"Jimenez, Cesar",2014,260,56.9
148,425844,"Greinke, Zack",2010,3445,4.3
148,425747,"Contreras, Jose",2012,214,69.2
148,453329,"Buchholz, Clay",2012,2900,5.1
148,425466,"Eyre, Willie",2011,237,62.4
148,502087,"Chapman, Kevin",2014,375,39.5
148,476134,"Omogrosso, Brian",2013,332,44.6
148,457429,"Logan, Boone",2009,284,52.1
148,452657,"Lester, Jon",2008,3309,4.5
147,501955,"Chamberlain, Joba",2012,361,40.7
147,518516,"Bumgarner, Madison",2014,3372,4.4
147,475479,"Phelps, David",2014,1925,7.6
147,680689,"Richardson, Lyon",2025,356,41.3
147,476570,"Mazzaro, Vin",2010,2074,7.1
147,453214,"Wright, Steven",2015,1178,12.5
147,476601,"Bowden, Michael",2010,266,55.3
147,407793,"Lackey, John",2009,2753,5.3
147,502032,"Norris, Bud",2015,1463,10
147,239795,"Durbin, Chad",2013,329,44.7
146,642100,"Speier, Gabe",2025,400,36.5
146,518420,"Axelrod, Dylan",2012,948,15.4
146,445246,"Fulchino, Jeff",2008,279,52.3
146,462136,"Estrada, Marco",2014,2534,5.8
146,502139,"Stinson, Josh",2011,236,61.9
146,282332,"Sabathia, CC",2009,3587,4.1
146,672582,"Zerpa, Angel",2025,561,26
145,687911,"King, Bryan",2025,470,30.9
145,592705,"Rumbelow, Nick",2015,280,51.8
145,501874,"Mickolio, Kam",2008,145,100
145,595032,"Whitley, Chase",2014,1265,11.5
144,435298,"Niemann, Jeff",2009,2890,5
144,456027,"Ohlendorf, Ross",2008,1068,13.5
144,150319,"Fogg, Josh",2009,715,20.1
144,450306,"Vargas, Jason",2011,3250,4.4
144,460602,"Hayhurst, Dirk",2009,380,37.9
144,527054,"Teheran, Julio",2014,3271,4.4
143,607457,"Barraclough, Kyle",2015,464,30.8
143,493117,"Fujikawa, Kyuji",2014,234,61.1
143,620454,"Castillo, José",2025,304,47
143,408206,"Myers, Brett",2011,3348,4.3
143,598287,"Ramirez, Noé",2015,249,57.4
143,457707,"Bell, Trevor",2010,1030,13.9
143,543725,"Rosenberg, B.J.",2012,410,34.9
143,451788,"Marcum, Shaun",2013,1235,11.6
143,430582,"Wolfe, Brian",2009,288,49.7
142,445156,"Marshall, Sean",2008,1045,13.6
142,547973,"Chapman, Aroldis",2010,221,64.3
142,444127,"Madrigal, Warner",2009,278,51.1
142,685801,"Bigge, Hunter",2025,227,62.6
142,435221,"McCarthy, Brandon",2011,2499,5.7
142,425466,"Eyre, Willie",2009,254,55.9
142,282332,"Sabathia, CC",2012,3028,4.7
142,502102,"Below, Duane",2012,692,20.5
142,471911,"Carrasco, Carlos",2015,2777,5.1
142,453580,"Edlefsen, Steve",2012,253,56.1
142,469686,"Aceves, Alfredo",2014,323,44
142,150359,"Burnett, A.J.",2008,3650,3.9
142,493247,"Moylan, Peter",2013,247,57.5
142,430912,"Cain, Matt",2009,3362,4.2
141,688297,"Roycroft, Chris",2025,243,58
141,592704,"Ruffin, Chance",2011,349,40.4
141,456682,"Newman, Josh",2008,332,42.5
141,502239,"Cahill, Trevor",2015,679,20.8
141,502202,"Boxberger, Brad",2012,567,24.9
141,445612,"Thayer, Dale",2009,230,61.3
141,462522,"Gray, Jeff",2009,399,35.3
141,502188,"Samardzija, Jeff",2013,3462,4.1
141,451628,"Figaro, Alfredo",2014,157,89.8
141,660853,"De Los Santos, Enyel",2025,502,28.1
141,469735,"Ramirez, Edwar",2009,449,31.4
140,543272,"Hand, Brad",2014,1790,7.8
140,489002,"Johnson, Steve",2012,671,20.9
140,434565,"Tejeda, Robinson",2011,140,100
140,451628,"Figaro, Alfredo",2010,243,57.6
140,448252,"Waldrop, Kyle",2012,346,40.5
140,491703,"Feliz, Neftalí",2009,507,27.6
140,450852,"Martinez, Cristhian",2010,423,33.1
140,461872,"Swarzak, Anthony",2011,1680,8.3
140,489197,"Partch, Curtis",2014,142,98.6
140,450282,"Perkins, Glen",2010,344,40.7
139,521230,"Hendriks, Liam",2025,232,59.9
139,519141,"Pomeranz, Drew",2014,1138,12.2
139,400093,"Sanchez, Duaner",2009,209,66.5
139,543426,"Langwell, Matt",2013,248,56
139,425562,"Chulk, Vinnie",2012,185,75.1
139,112020,"Carpenter, Chris",2010,3549,3.9
139,425647,"Carrasco, D.J.",2008,603,23.1
138,469735,"Ramirez, Edwar",2010,215,64.2
138,467008,"Strop, Pedro",2010,242,57
138,543339,"Hudson, Daniel",2011,3436,4
138,543964,"Zych, Tony",2015,274,50.4
138,518927,"Layne, Tommy",2014,304,45.4
138,519144,"Porcello, Rick",2014,3055,4.5
138,456045,"Savery, Joe",2013,349,39.5
138,641401,"Brogdon, Connor",2025,263,52.5
138,573124,"Rogers, Taylor",2025,408,33.8
138,448337,"Kinney, Josh",2009,276,50
138,548092,"Takahashi, Ken",2009,461,29.9
138,276913,"Turnbow, Derrick",2008,170,81.2
138,425844,"Greinke, Zack",2015,3239,4.3
138,592464,"Kickham, Mike",2013,559,24.7
137,448306,"Shields, James",2008,3131,4.4
137,593576,"Neris, Héctor",2025,271,50.6
137,448147,"Blackburn, Nick",2010,2380,5.8
137,664076,"Cleavinger, Garrett",2025,409,33.5
137,572070,"Richards, Garrett",2015,3250,4.2
137,506606,"Okajima, Hideki",2011,161,85.1
137,518703,"Furbush, Charlie",2011,1484,9.2
137,276371,"Santana, Johan",2010,3004,4.6
137,285079,"Dickey, R.A.",2010,2611,5.2
137,150122,"Marte, Damaso",2009,234,58.5
137,218894,"Padilla, Vicente",2011,149,91.9
136,461856,"Patton, Troy",2011,467,29.1
136,407901,"Sosa, Jorge",2008,411,33.1
136,444935,"Hagadone, Nick",2014,351,38.7
136,429985,"Gaudin, Chad",2013,1550,8.8
136,450212,"Neshek, Pat",2012,332,41
136,527055,"Vizcaíno, Arodys",2011,322,42.2
136,425487,"Wellemeyer, Todd",2009,2117,6.4
136,542924,"Beliveau, Jeff",2012,361,37.7
135,489150,"Mortensen, Clayton",2011,872,15.5
135,446290,"Moskos, Daniel",2011,383,35.2
135,218596,"Hudson, Tim",2011,3204,4.2
135,668716,"Murdock, Noah",2025,392,34.4
135,622786,"Tinoco, Jesus",2025,304,44.4
135,456701,"Bailey, Homer",2013,3292,4.1
135,400104,"Walker, Tyler",2010,527,25.6
135,407884,"Yates, Tyler",2009,210,64.3
135,434592,"Resop, Chris",2013,353,38.2
135,282332,"Sabathia, CC",2013,3336,4
135,519437,"Withrow, Chris",2014,385,35.1
134,432934,"Young, Chris",2015,1986,6.7
134,454972,"Sanchez, Romulo",2008,216,62
134,445926,"Chavez, Jesse",2008,283,47.3
134,502010,"Brigham, Jake",2015,308,43.5
134,425856,"Floyd, Gavin",2011,2995,4.5
134,112526,"Colon, Bartolo",2014,3011,4.5
134,460284,"Braden, Dallas",2010,2850,4.7
134,462945,"Jimenez, Cesar",2013,302,44.4
133,469164,"Wassermann, Ehren",2008,376,35.4
133,446135,"Browning, Barret",2012,300,44.3
133,453311,"Lincecum, Tim",2011,3606,3.7
133,444370,"Muniz, Carlos",2008,387,34.4
133,571578,"Corbin, Patrick",2013,3082,4.3
133,435619,"Misch, Pat",2009,938,14.2
133,136600,"Chen, Bruce",2014,868,15.3
133,607359,"Patton, Spencer",2015,477,27.9
133,544727,"Familia, Jeurys",2013,196,67.9
133,456701,"Bailey, Homer",2012,3334,4
133,674444,"Cruz, Steven",2025,378,35.2
133,501870,"Teaford, Everett",2012,1040,12.8
132,450729,"Fister, Doug",2013,3351,3.9
132,445926,"Chavez, Jesse",2014,2400,5.5
132,605396,"Murray, Colton",2015,149,88.6
132,519242,"Sale, Chris",2015,3323,4
132,669724,"Hanifee, Brenan",2025,599,22
132,433587,"Hernández, Félix",2008,3199,4.1
132,500724,"Ramírez, JC",2013,417,31.7
132,456045,"Savery, Joe",2012,404,32.7
132,431162,"Stauffer, Tim",2015,385,34.3
132,400062,"Redding, Tim",2009,1985,6.6
132,543056,"Coulombe, Danny",2025,283,46.6
132,694363,"Shuster, Jared",2025,280,47.1
132,489334,"Stammen, Craig",2010,2090,6.3
132,543754,"Schwimer, Michael",2011,257,51.4
131,501529,"De Leon, Jorge",2013,181,72.4
131,543271,"Hamren, Erik",2011,232,56.5
131,150185,"Borkowski, Dave",2008,670,19.6
131,669194,"Nelson, Ryne",2025,906,14.5
131,434666,"Rupe, Josh",2010,193,67.9
131,448306,"Shields, James",2013,3657,3.6
131,453264,"Veal, Donnie",2014,131,100
131,499107,"Bueno, Francisley",2012,214,61.2
131,346871,"Cook, Aaron",2008,3072,4.3
131,450580,"Richardson, Dustin",2010,294,44.6
131,279824,"Buehrle, Mark",2009,3213,4.1
131,435178,"Johnson, Josh",2009,3284,4
131,519301,"Solís, Sammy",2015,365,35.9
130,451085,"Matusz, Brian",2012,1702,7.6
130,519242,"Sale, Chris",2012,3019,4.3
130,453311,"Lincecum, Tim",2010,3437,3.8
130,493547,"Storey, Mickey",2012,509,25.5
130,460059,"Pelfrey, Mike",2010,3407,3.8
130,444446,"Balester, Collin",2015,280,46.4
130,425626,"Capuano, Chris",2010,1059,12.3
130,434591,"Messenger, Randy",2009,155,83.9
130,461848,"Miller, Jim",2008,157,82.8
130,123387,"Tomko, Brett",2011,289,45
130,449060,"Rapada, Clay",2011,285,45.6
130,430683,"Germano, Justin",2010,510,25.5
130,219594,"Ohka, Tomo",2009,1072,12.1
130,681892,"Funderburk, Kody",2025,224,58
130,806185,"Birdsong, Hayden",2025,839,15.5
129,121250,"Rivera, Mariano",2012,129,100
129,683232,"Mears, Nick",2025,426,30.3
129,434622,"Jiménez, Ubaldo",2009,3570,3.6
129,519151,"Pressly, Ryan",2014,387,33.3
129,424805,"Hendrickson, Mark",2008,2265,5.7
129,400061,"Oswalt, Roy",2008,3093,4.2
129,430942,"Williams, Randy",2009,321,40.2
129,428420,"Gosling, Mike",2009,436,29.6
129,519145,"Poreda, Aaron",2009,257,50.2
129,446209,"Litsch, Jesse",2011,1272,10.1
129,491159,"Thatcher, Joe",2011,184,70.1
128,234194,"Carlyle, Buddy",2011,139,92.1
128,453385,"Richard, Clayton",2012,3166,4
128,676428,"Hurter, Brant",2025,572,22.4
128,499877,"Kawakami, Kenshin",2009,2471,5.2
128,694335,"Svanson, Matt",2025,249,51.4
128,696270,"Johnson, Ryan",2025,274,46.7
128,518603,"De Fratus, Justin",2012,185,69.2
128,642152,"Trivino, Lou",2025,476,26.9
128,476206,"Thomas, Justin",2010,217,59
128,493603,"Ottavino, Adam",2015,142,90.1
128,501993,"Kimball, Cole",2011,269,47.6
128,489448,"Zagurski, Mike",2010,153,83.7
128,217096,"Zito, Barry",2010,3249,3.9
128,678215,"Arias, Luarbert",2025,192,66.7
128,150359,"Burnett, A.J.",2014,3472,3.7
127,547874,"Iwakuma, Hisashi",2012,1916,6.6
127,460366,"Thompson, Rich",2010,288,44.1
127,682254,"Montgomery, Mason",2025,441,28.8
127,400125,"Colome, Jesus",2009,363,35
127,465015,"Septimo, Leyson",2012,198,64.1
127,429719,"Jackson, Edwin",2009,3466,3.7
127,592390,"Hembree, Heath",2014,174,73
127,425656,"Ledezma, Wilfredo",2010,363,35
127,461212,"Palmer, Matt",2010,622,20.4
126,519267,"Scribner, Evan",2014,164,76.8
126,543606,"Odorizzi, Jake",2013,534,23.6
126,136600,"Chen, Bruce",2010,2414,5.2
126,573109,"Ramos, AJ",2012,152,82.9
126,456051,"Noesí, Hector",2013,495,25.5
126,468528,"Carreno, Joel",2011,221,57
126,678368,"Bellozo, Valente",2025,673,18.7
125,425794,"Wainwright, Adam",2008,1950,6.4
125,686826,"Jarvis, Bryce",2025,182,68.7
125,453264,"Veal, Donnie",2012,184,67.9
125,518865,"Judy, Josh",2011,255,49
125,500674,"Sanchez, Eduardo",2012,275,45.5
125,433589,"Petit, Yusmeiro",2008,854,14.6
125,425856,"Floyd, Gavin",2009,2981,4.2
125,430665,"Medders, Brandon",2010,271,46.1
124,150407,"Mota, Guillermo",2012,383,32.4
124,435178,"Johnson, Josh",2010,2988,4.1
124,488768,"Cashner, Andrew",2013,2687,4.6
124,656986,"Sousa, Bennett",2025,370,33.5
124,451650,"Lewis, Rommie",2010,327,37.9
124,406874,"Nelson, Joe",2010,179,69.3
124,119154,"Millwood, Kevin",2009,3273,3.8
124,666120,"Anderson, Ian",2025,203,61.1
124,425146,"Robertson, Nate",2009,880,14.1
123,514639,"Ortega, Jose",2013,202,60.9
123,543935,"Wilson, Alex",2014,412,29.9
123,455970,"McCrory, Bob",2008,178,69.1
123,434978,"Salas, Marino",2008,371,33.2
123,664199,"Clarke, Taylor",2025,259,47.5
123,434671,"Sánchez, Aníbal",2011,3225,3.8
123,593372,"Martinez, Carlos",2015,2844,4.3
123,445926,"Chavez, Jesse",2012,474,25.9
123,689690,"Jacob, Alek",2025,438,28.1
123,277417,"Beckett, Josh",2009,3367,3.7
123,676661,"Lazar, Max",2025,192,64.1
123,430582,"Wolfe, Brian",2008,312,39.4
123,592222,"Claudio, Alex",2015,251,49
122,502327,"Santiago, Héctor",2014,2273,5.4
122,607481,"Bummer, Aaron",2025,488,25
122,493161,"Yabuta, Yasuhiko",2009,333,36.6
122,434482,"Carlson, Jesse",2010,212,57.5
122,452725,"Littleton, Wes",2008,309,39.5
122,425471,"Gobble, Jimmy",2009,231,52.8
122,473265,"De La Torre, Jose",2013,229,53.3
122,491708,"Caminero, Arquimedes",2013,205,59.5
122,543726,"Ross Jr., Robbie",2014,1355,9
122,277184,"Wise, Matt",2008,134,91
122,457435,"Coke, Phil",2015,238,51.3
122,334492,"Pineiro, Joel",2009,2954,4.1
122,444874,"Abreu, Juan",2011,144,84.7
121,456051,"Noesí, Hector",2014,2753,4.4
121,430597,"Dumatrait, Phil",2009,237,51.1
121,445926,"Chavez, Jesse",2015,2572,4.7
121,433584,"Hernandez, Roberto",2013,2394,5.1
121,518774,"Harvey, Matt",2013,2697,4.5
121,666277,"Soriano, George",2025,386,31.3
121,669211,"Akin, Keegan",2025,551,22
121,457453,"Jurrjens, Jair",2009,3305,3.7
121,116595,"Johnson, Jason",2008,491,24.6
121,664139,"Gibaut, Ian",2025,322,37.6
121,429722,"Santana, Ervin",2008,3428,3.5
121,453311,"Lincecum, Tim",2014,2665,4.5
120,571927,"Matz, Steven",2025,654,18.3
120,490008,"Manuel, Robert",2010,242,49.6
120,502171,"Cobb, Alex",2013,2221,5.4
120,456029,"Patton, David",2009,495,24.2
120,445060,"Nolasco, Ricky",2011,3196,3.8
120,686973,"Varland, Louis",2025,488,24.6
120,448269,"Bergesen, Brad",2010,2610,4.6
120,445926,"Chavez, Jesse",2011,158,75.9
120,150295,"Bowie, Micah",2008,149,80.5
120,458550,"Hefner, Jeremy",2012,1508,8
119,429440,"Gonzalez, Edgar",2008,849,14
119,453385,"Richard, Clayton",2009,2628,4.5
119,456051,"Noesí, Hector",2012,1707,7
119,407890,"Lewis, Colby",2011,3207,3.7
119,543859,"Tonkin, Michael",2013,173,68.8
119,285079,"Dickey, R.A.",2013,3505,3.4
119,150009,"Ortiz, Ramon",2011,523,22.8
119,425386,"Guthrie, Jeremy",2015,2475,4.8
119,516589,"Rienzo, André",2014,1266,9.4
119,519267,"Scribner, Evan",2011,228,52.2
119,502188,"Samardzija, Jeff",2014,3339,3.6
119,502165,"Carpenter, Drew",2011,267,44.6
118,523260,"Kelly, Joe",2013,1967,6
118,450308,"Weaver, Jered",2009,3401,3.5
118,435400,"Motte, Jason",2008,171,69
118,452241,"Mock, Garrett",2009,1625,7.3
118,518560,"Clemens, Paul",2014,416,28.4
118,502748,"Peacock, Brad",2014,2373,5
118,240694,"Romero, J.C.",2012,207,57
118,677161,"Kelly, Zack",2025,284,41.5
118,445060,"Nolasco, Ricky",2008,3243,3.6
118,445060,"Nolasco, Ricky",2012,2972,4
117,456034,"Price, David",2012,3332,3.5
117,573009,"Mantiply, Joe",2025,192,60.9
117,119215,"Moehler, Brian",2010,956,12.2
117,425844,"Greinke, Zack",2013,2814,4.2
117,476454,"Betances, Dellin",2013,117,100
117,462956,"Paulino, Felipe",2010,1634,7.2
116,445971,"Wood, Tim",2011,125,92.8
116,451767,"Dolsi, Freddy",2009,193,60.1
116,430599,"Blanton, Joe",2012,2927,4
116,572889,"Greenwood, Nick",2014,489,23.7
116,571666,"Fiers, Mike",2014,1122,10.3
116,519145,"Poreda, Aaron",2014,369,31.4
116,457935,"Daley, Matt",2014,226,51.3
116,534428,"Caridad, Esmailin",2009,298,38.9
116,502009,"Latos, Mat",2012,3271,3.5
115,150414,"Westbrook, Jake",2010,3333,3.5
115,628333,"Despaigne, Odrisamer",2015,2088,5.5
115,475416,"Masterson, Justin",2015,1010,11.4
115,475857,"Cook, Ryan",2011,162,71
115,518567,"Collmenter, Josh",2014,2719,4.2
115,502139,"Stinson, Josh",2014,236,48.7
115,448802,"García, Jaime",2008,264,43.6
115,134320,"Vazquez, Javier",2008,3376,3.4
115,450351,"Wilson, C.J.",2011,3592,3.2
115,605232,"Finnegan, Brandon",2015,751,15.3
115,666661,"Morillo, Juan",2025,349,33
115,605177,"Chafin, Andrew",2025,252,45.6
115,518516,"Bumgarner, Madison",2011,3202,3.6
115,430597,"Dumatrait, Phil",2008,1376,8.4
115,687765,"Spence, Mitch",2025,861,13.4
115,668390,"Winn, Cole",2025,200,57.5
115,448306,"Shields, James",2009,3327,3.5
114,453329,"Buchholz, Clay",2010,2810,4.1
114,407296,"Zambrano, Carlos",2012,2294,5
114,473646,"Zeid, Josh",2014,378,30.2
114,685107,"Veneziano, Anthony",2025,411,27.7
114,430912,"Cain, Matt",2011,3488,3.3
114,456662,"Horst, Jeremy",2011,290,39.3
114,450729,"Fister, Doug",2012,2517,4.5
114,435298,"Niemann, Jeff",2011,2150,5.3
114,519151,"Pressly, Ryan",2015,424,26.9
114,119154,"Millwood, Kevin",2010,3210,3.6
114,430935,"Hamels, Cole",2010,3368,3.4
114,547874,"Iwakuma, Hisashi",2014,2542,4.5
114,429780,"Narveson, Chris",2010,2893,3.9
114,421685,"Harang, Aaron",2008,3055,3.7
114,471919,"Nunez, Jhonny",2009,114,100
114,474284,"Rasmus, Cory",2015,377,30.2
114,449820,"Rosales, Leo",2010,305,37.4
113,490063,"Garza, Matt",2008,2947,3.8
113,433584,"Hernandez, Roberto",2015,1317,8.6
113,408230,"Feliciano, Pedro",2013,179,63.1
113,467683,"Matos, Osiris",2008,338,33.4
113,467094,"Doubront, Felix",2010,423,26.7
113,666374,"Brash, Matt",2025,219,51.6
113,460092,"Leroux, Chris",2012,201,56.2
113,607706,"Roth, Michael",2013,370,30.5
113,425531,"Waechter, Doug",2009,113,100
113,425146,"Robertson, Nate",2008,2668,4.2
113,488776,"Chapman, Jaye",2012,205,55.1
113,680729,"McDaniels, Garrett",2025,191,59.2
113,543136,"Eppley, Cody",2011,175,64.6
113,446367,"Putkonen, Luke",2012,301,37.5
113,458709,"Lannan, John",2009,3120,3.6
113,448614,"Torres, Carlos",2010,268,42.2
112,435043,"Duke, Zach",2013,516,21.7
112,467850,"Escalona, Edgmer",2011,390,28.7
112,547888,"Tanaka, Masahiro",2014,2009,5.6
112,445971,"Wood, Tim",2009,337,33.2
112,442707,"DiFelice, Mark",2008,333,33.6
112,430942,"Williams, Randy",2010,497,22.5
112,605135,"Bassitt, Chris",2015,1420,7.9
112,430664,"Daigle, Casey",2010,231,48.5
112,605338,"Lindgren, Jacob",2015,116,96.6
112,572403,"VerHagen, Drew",2015,408,27.5
112,502190,"Leake, Mike",2015,2754,4.1
112,518397,"Alexander, Scott",2025,270,41.5
112,516589,"Rienzo, André",2015,357,31.4
111,445213,"Kintzler, Brandon",2012,298,37.2
111,471911,"Carrasco, Carlos",2013,787,14.1
111,434378,"Verlander, Justin",2008,3528,3.1
111,460092,"Leroux, Chris",2011,447,24.8
111,430083,"Sanches, Brian",2012,135,82.2
111,607259,"Martinez, Nick",2014,2406,4.6
111,425818,"Bonser, Boof",2010,403,27.5
111,641312,"Anderson, Shaun",2025,194,57.2
111,450308,"Weaver, Jered",2012,2859,3.9
111,444935,"Hagadone, Nick",2013,534,20.8
111,276520,"Arroyo, Bronson",2012,2958,3.8
111,123387,"Tomko, Brett",2008,1238,9
110,450351,"Wilson, C.J.",2014,3108,3.5
110,700669,"Graceffo, Gordon",2025,273,40.3
110,592781,"Stites, Matt",2015,172,64
110,680742,"Bowlan, Jonathan",2025,240,45.8
110,596271,"Lawrence, Casey",2025,276,39.9
110,445202,"Bisenius, Joe",2010,110,100
110,663671,"Enright, Nic",2025,195,56.4
110,502042,"Archer, Chris",2012,490,22.4
110,430935,"Hamels, Cole",2009,3116,3.5
110,435080,"Diamond, Thomas",2010,602,18.3
110,543900,"Webb, Daniel",2013,169,65.1
110,458950,"Humber, Philip",2012,1767,6.2
110,446916,"Burns, Mike",2009,853,12.9
110,570632,"Ureña, José",2015,997,11
110,543359,"Jennings, Dan",2012,337,32.6
110,681867,"Criswell, Cooper",2025,162,67.9
110,453286,"Scherzer, Max",2013,3388,3.2
109,477132,"Kershaw, Clayton",2010,3390,3.2
109,434438,"Buckner, Billy",2013,289,37.7
109,700187,"Taylor, Troy",2025,136,80.1
109,408069,"Threets, Erick",2008,178,61.2
109,502009,"Latos, Mat",2013,3239,3.4
109,451532,"Billingsley, Chad",2008,3324,3.3
109,502026,"Jeffress, Jeremy",2010,183,59.6
109,450306,"Vargas, Jason",2012,3354,3.2
109,430935,"Hamels, Cole",2015,3343,3.3
109,552640,"Kittredge, Andrew",2025,170,64.1
109,543174,"Fornataro, Eric",2014,159,68.6
109,112526,"Colon, Bartolo",2012,2141,5.1
109,682120,"Herrin, Tim",2025,428,25.5
109,452240,"Russell, Adam",2010,254,42.9
109,429722,"Santana, Ervin",2013,3199,3.4
108,457468,"Banks, Josh",2008,1310,8.2
108,593140,"Feliz, Michael",2015,174,62.1
108,346798,"Lohse, Kyle",2014,3002,3.6
108,461833,"Hughes, Phil",2014,3046,3.5
108,457422,"Dillard, Tim",2008,241,44.8
108,407911,"Francisco, Frank",2013,108,100
108,543031,"Cloyd, Tyler",2013,1066,10.1
108,501873,"McClendon, Mike",2010,316,34.2
108,607455,"Banda, Anthony",2025,535,20.2
108,460349,"Rosa, Carlos",2009,171,63.2
108,695418,"Lord, Brad",2025,852,12.7
108,446911,"Vasquez, Virgil",2009,779,13.9
108,475416,"Masterson, Justin",2010,3090,3.5
108,519455,"Zimmermann, Jordan",2014,2924,3.7
108,461829,"González, Gio",2009,1829,5.9
108,430935,"Hamels, Cole",2013,3423,3.2
107,445612,"Thayer, Dale",2011,151,70.9
107,592390,"Hembree, Heath",2013,134,79.9
107,276520,"Arroyo, Bronson",2011,3106,3.4
107,444857,"Feldman, Scott",2012,2106,5.1
107,605333,"Leathersich, Jack",2015,227,47.1
107,621345,"Minter, A.J.",2025,185,57.8
107,663947,"Holton, Tyler",2025,537,19.9
107,502239,"Cahill, Trevor",2011,3385,3.2
107,279824,"Buehrle, Mark",2010,3306,3.2
107,456501,"Cueto, Johnny",2012,3448,3.1
107,420864,"Flores, Randy",2009,222,48.2
107,430912,"Cain, Matt",2008,3606,3
107,450351,"Wilson, C.J.",2013,3651,2.9
106,543634,"Perry, Ryan",2012,131,80.9
106,430683,"Germano, Justin",2011,207,51.2
106,435500,"Giese, Dan",2009,376,28.2
106,450351,"Wilson, C.J.",2010,3441,3.1
106,518972,"Magnuson, Trystan",2011,249,42.6
106,453353,"Reynolds, Greg",2011,515,20.6
106,502158,"Roenicke, Josh",2010,355,29.9
106,425628,"Aquino, Greg",2008,207,51.2
106,519259,"Schlereth, Daniel",2009,332,31.9
106,518567,"Collmenter, Josh",2011,2436,4.4
106,543243,"Gray, Sonny",2014,3295,3.2
106,133225,"Dempster, Ryan",2008,3341,3.2
106,434378,"Verlander, Justin",2015,2150,4.9
106,476451,"Hellickson, Jeremy",2011,2954,3.6
106,605130,"Barlow, Scott",2025,570,18.6
105,605463,"Scott, Tayler",2025,403,26.1
105,474599,"Wagner, Neil",2011,105,100
105,543184,"Friedrich, Christian",2014,399,26.3
105,458690,"Volstad, Chris",2013,181,58
105,285064,"Vogelsong, Ryan",2011,2937,3.6
105,430942,"Williams, Randy",2011,142,73.9
105,444970,"Parr, James",2009,264,39.8
105,453329,"Buchholz, Clay",2014,2741,3.8
105,453286,"Scherzer, Max",2014,3638,2.9
105,516935,"Pimentel, Stolmy",2015,165,63.6
105,592804,"Thornburg, Tyler",2013,1069,9.8
105,475479,"Phelps, David",2013,1500,7
105,457915,"Guerra, Javy",2013,233,45.1
105,595014,"Treinen, Blake",2025,145,72.4
105,502102,"Below, Duane",2011,484,21.7
105,493133,"Kuroda, Hiroki",2012,3330,3.2
105,430617,"Dohmann, Scott",2008,260,40.4
105,459987,"Ramos, Cesár",2010,198,53
105,279824,"Buehrle, Mark",2012,3061,3.4
104,571578,"Corbin, Patrick",2012,1597,6.5
104,451596,"Gallardo, Yovani",2011,3462,3
104,592091,"Achter, A.J.",2015,228,45.6
104,453307,"Huff, David",2013,562,18.5
104,429719,"Jackson, Edwin",2008,3056,3.4
104,435043,"Duke, Zach",2011,1214,8.6
104,489119,"Miley, Wade",2012,3002,3.5
104,453343,"Melancon, Mark",2009,256,40.6
104,285064,"Vogelsong, Ryan",2015,2310,4.5
104,279824,"Buehrle, Mark",2008,3389,3.1
104,545333,"Bauer, Trevor",2015,2869,3.6
104,435500,"Giese, Dan",2008,722,14.4
104,523989,"De La Rosa, Rubby",2013,189,55
104,457425,"Meek, Evan",2012,195,53.3
104,452741,"Stutes, Michael",2013,293,35.5
104,519357,"Todd, Jess",2010,133,78.2
104,502239,"Cahill, Trevor",2010,3038,3.4
104,457453,"Jurrjens, Jair",2011,2287,4.5
104,407779,"Beltran, Francis",2008,203,51.2
103,133460,"Ortiz, Russ",2010,150,68.7
103,429780,"Narveson, Chris",2009,789,13.1
103,445213,"Kintzler, Brandon",2015,149,69.1
103,502706,"Holland, Derek",2013,3281,3.1
103,435045,"Santos, Sergio",2012,103,100
103,433584,"Hernandez, Roberto",2010,3304,3.1
103,669212,"Morgan, Eli",2025,132,78
103,490063,"Garza, Matt",2009,3420,3
103,285079,"Dickey, R.A.",2015,3264,3.2
103,502264,"Adcock, Nate",2011,961,10.7
103,457761,"Tucker, Ryan",2008,707,14.6
103,123828,"Walker, Jamie",2009,218,47.2
103,572070,"Richards, Garrett",2014,2627,3.9
103,608379,"Wacha, Michael",2013,1034,10
103,116414,"Isringhausen, Jason",2009,165,62.4
103,467726,"Mijares, Jose",2008,129,79.8
103,451532,"Billingsley, Chad",2009,3250,3.2
103,680704,"Sandlin, Nick",2025,159,64.8
103,500903,"Villarreal, Brayan",2011,318,32.4
102,542960,"Brach, Brad",2011,157,65
102,433585,"Francis, Jeff",2015,400,25.5
102,452741,"Stutes, Michael",2012,129,79.1
102,476206,"Thomas, Justin",2012,155,65.8
102,501873,"McClendon, Mike",2012,230,44.3
102,452657,"Lester, Jon",2013,3559,2.9
102,429981,"Corcoran, Roy",2009,320,31.9
102,458567,"Sonnanstine, Andy",2011,537,19
102,474039,"Beato, Pedro",2013,169,60.4
102,456501,"Cueto, Johnny",2011,2394,4.3
102,523848,"Domínguez, José",2013,149,68.5
102,452733,"Gorzelanny, Tom",2009,772,13.2
102,594857,"Hessler, Keith",2015,211,48.3
102,425226,"Tallet, Brian",2009,2663,3.8
101,542888,"Armstrong, Shawn",2015,131,77.1
101,502260,"Pestano, Vinnie",2010,101,100
101,453580,"Edlefsen, Steve",2011,231,43.7
101,284566,"Eaton, Adam",2009,960,10.5
101,544727,"Familia, Jeurys",2012,208,48.6
101,461862,"Register, Steven",2008,187,54
101,334492,"Pineiro, Joel",2010,2306,4.4
101,459999,"Stevens, Jeff",2009,238,42.4
101,346798,"Lohse, Kyle",2011,2804,3.6
101,459415,"Hottovy, Tommy",2012,162,62.3
101,502264,"Adcock, Nate",2012,521,19.4
101,608371,"Sims, Lucas",2025,279,36.2
100,670174,"Winckowski, Josh",2025,207,48.3
100,467683,"Matos, Osiris",2009,125,80
100,457779,"Kirkman, Michael",2010,278,36
100,451596,"Gallardo, Yovani",2009,3202,3.1
100,435044,"Baker, Scott",2011,2132,4.7
100,489039,"LaFromboise, Bobby",2013,190,52.6
100,681676,"Fernandez, Ryan",2025,158,63.3
100,408241,"Peavy, Jake",2008,2860,3.5
100,543037,"Cole, Gerrit",2015,3238,3.1
100,451990,"Valdez, Jose G.",2012,226,44.2
100,430650,"Moreno, Edwin",2009,428,23.4
100,477557,"Rodriguez, Francisco",2011,219,45.7
99,276514,"Gregg, Kevin",2015,213,46.5
99,506433,"Darvish, Yu",2014,2312,4.3
99,117955,"Lowe, Derek",2013,199,49.7
99,502522,"Miller, Justin",2014,193,51.3
99,502188,"Samardzija, Jeff",2012,2767,3.6
99,468396,"Ogando, Alexi",2011,2728,3.6
99,458006,"Albers, Matt",2014,170,58.2
99,518489,"Brasier, Ryan",2013,115,86.1
99,434479,"Hinckley, Mike",2008,192,51.6
99,464244,"Arias, Alberto",2008,354,28
99,543805,"Spence, Josh",2012,177,55.9
99,489295,"Schlitter, Brian",2010,179,55.3
99,434587,"Lowery, Devon",2008,99,100
98,458677,"Wilson, Justin",2025,417,23.5
98,115817,"Hernandez, Livan",2010,3247,3
98,665660,"Alvarado, Elvis",2025,122,80.3
98,572089,"Rodríguez, Paco",2015,175,56
98,433587,"Hernández, Félix",2015,3040,3.2
98,447744,"Valdes, Raul",2011,244,40.2
98,453344,"Morrow, Brandon",2012,1970,5
98,688158,"Morgan, David",2025,200,49
98,459939,"Boggs, Mitchell",2009,1027,9.5
98,434137,"Kensing, Logan",2015,255,38.4
98,580792,"Goody, Nick",2015,122,80.3
98,400061,"Oswalt, Roy",2009,2784,3.5
98,451584,"Davis, Wade",2013,2470,4
98,117955,"Lowe, Derek",2008,3137,3.1
98,488846,"Duensing, Brian",2009,1322,7.4
97,669093,"Estrada, Jeremiah",2025,561,17.3
97,527055,"Vizcaíno, Arodys",2014,97,100
97,459967,"LeCure, Sam",2015,303,32
97,642528,"Loáisiga, Jonathan",2025,228,42.5
97,430904,"Maholm, Paul",2008,3042,3.2
96,455091,"Ekstrom, Mike",2009,317,30.3
96,502208,"Walters, P.J.",2009,310,31
96,451773,"De La Rosa, Dane",2012,96,100
96,445156,"Marshall, Sean",2013,154,62.3
96,519259,"Schlereth, Daniel",2012,138,69.6
96,592332,"Gausman, Kevin",2015,1876,5.1
96,666619,"Santos, Gregory",2025,132,72.7
96,493247,"Moylan, Peter",2015,158,60.8
96,493133,"Kuroda, Hiroki",2010,3028,3.2
96,434578,"Saunders, Joe",2008,3004,3.2
96,572308,"Váldez, José A.",2015,157,61.1
96,471183,"Joaquin, Waldis",2009,206,46.6
96,136734,"Dotel, Octavio",2013,112,85.7
96,444126,"Rodriguez, Rafael",2010,96,100
96,592238,"Cumpton, Brandon",2014,1113,8.6
96,500903,"Villarreal, Brayan",2013,133,72.2
96,400125,"Colome, Jesus",2010,312,30.8
95,682610,"Muñoz, Roddery",2025,115,82.6
95,592836,"Walker, Taijuan",2025,830,11.4
95,450275,"Lowe, Mark",2013,247,38.5
95,451135,"Cortes, Dan",2010,104,91.3
95,502055,"Buente, Jay",2010,239,39.7
95,407825,"Guerrier, Matt",2012,218,43.6
95,434671,"Sánchez, Aníbal",2015,2532,3.8
95,400076,"Loux, Shane",2008,231,41.1
95,218596,"Hudson, Tim",2010,3339,2.8
95,448147,"Blackburn, Nick",2009,3102,3.1
95,518420,"Axelrod, Dylan",2015,236,40.3
95,502239,"Cahill, Trevor",2012,3172,3
95,448722,"Perez, Juan Pablo",2012,150,63.3
95,650893,"Cabrera, Génesis",2025,229,41.5
94,453646,"Villanueva, Carlos",2011,1738,5.4
94,430613,"Belisario, Ronald",2015,153,61.4
94,435619,"Misch, Pat",2008,815,11.5
94,518533,"Carson, Robert",2012,230,40.9
94,502190,"Leake, Mike",2013,2911,3.2
94,446372,"Kluber, Corey",2013,2290,4.1
94,425844,"Greinke, Zack",2014,3210,2.9
94,452249,"Owings, Micah",2012,169,55.6
94,605477,"Smith, Chad",2014,196,48
94,446099,"Axford, John",2009,140,67.1
94,452657,"Lester, Jon",2015,3185,3
94,460366,"Thompson, Rich",2009,370,25.4
94,518674,"Fick, C.J.",2012,439,21.4
94,592704,"Ruffin, Chance",2013,185,50.8
94,449079,"Wright, Wesley",2011,178,52.8
94,607309,"Klein, Phil",2015,348,27
94,623474,"Herget, Jimmy",2025,553,17
94,545363,"Turner, Jacob",2014,1819,5.2
94,678692,"Henriquez, Ronny",2025,580,16.2
94,501563,"Castro, Simon",2015,186,50.5
94,516970,"Marimon, Sugar Ray",2015,418,22.5
94,407896,"Traber, Billy",2008,286,32.9
94,474256,"Reid, Ryan",2013,170,55.3
94,543022,"Chatwood, Tyler",2012,1166,8.1
94,434619,"Gonzalez, Enrique",2011,188,50
94,519105,"Parker, Jarrod",2013,2993,3.1
94,502190,"Leake, Mike",2011,2552,3.7
94,502165,"Carpenter, Drew",2012,161,58.4
93,646057,"Gonzalez, Miguel Alfredo",2014,130,71.5
93,605169,"Capps, Carter",2012,472,19.7
93,600917,"Leclerc, José",2025,229,40.6
93,543488,"Maronde, Nick",2014,159,58.5
93,543258,"Guilmet, Preston",2014,163,57.1
93,461872,"Swarzak, Anthony",2015,198,47
93,488683,"Barnes, Scott",2013,140,66.4
93,465065,"Escalona, Sergio",2009,215,43.3
93,218596,"Hudson, Tim",2014,2784,3.3
92,433579,"Danks, John",2011,2753,3.3
92,434538,"Liriano, Francisco",2012,2715,3.4
92,543518,"McGough, Scott",2015,144,63.9
92,656641,"Latz, Jacob",2025,494,18.6
92,459967,"LeCure, Sam",2010,861,10.7
92,453281,"LeBlanc, Wade",2014,448,20.5
92,462515,"Socolovich, Miguel",2012,282,32.6
92,441368,"Castillo, Alberto",2011,177,52
92,660730,"Rodriguez, Elvin",2025,317,29
92,449060,"Rapada, Clay",2010,146,63
92,421685,"Harang, Aaron",2009,2668,3.4
92,407296,"Zambrano, Carlos",2008,3018,3
91,474699,"Worley, Vance",2011,2166,4.2
91,448857,"Ascanio, Jose",2011,110,82.7
91,544928,"Lyons, Tyler",2013,787,11.6
91,493133,"Kuroda, Hiroki",2013,3202,2.8
91,519186,"Reynolds, Matt",2015,233,39.1
91,446861,"Moscoso, Guillermo",2009,265,34.3
91,444836,"Laffey, Aaron",2010,1020,8.9
91,573204,"Thielbar, Caleb",2025,410,22.2
91,430665,"Medders, Brandon",2008,316,28.8
91,594798,"deGrom, Jacob",2015,2976,3.1
91,452293,"Albaladejo, Jonathan",2010,184,49.5
91,459371,"Ramirez, Ramon",2009,182,50
91,475857,"Cook, Ryan",2015,211,43.1
91,476570,"Mazzaro, Vin",2015,200,45.5
91,543746,"Scahill, Rob",2014,248,36.7
91,519326,"Strickland, Hunter",2014,95,95.8
91,429717,"Haren, Dan",2008,3339,2.7
91,599899,"Tateyama, Yoshinori",2012,296,30.7
91,682171,"Murfee, Penn",2025,232,39.2
90,457918,"Happ, J.A.",2014,2710,3.3
90,502264,"Adcock, Nate",2015,338,26.6
90,502272,"Fien, Casey",2009,207,43.5
90,543258,"Guilmet, Preston",2015,124,72.6
90,458713,"Slowey, Kevin",2014,591,15.2
90,451132,"Burns, Cory",2013,210,42.9
90,349193,"Ohman, Will",2009,201,44.8
90,285079,"Dickey, R.A.",2011,3132,2.9
90,502239,"Cahill, Trevor",2013,2373,3.8
90,133460,"Ortiz, Russ",2009,1590,5.7
90,702795,"Loutos, Ryan",2025,110,81.8
90,490313,"Sanit, Amauri",2011,157,57.3
90,150404,"Lilly, Ted",2010,2907,3.1
90,276520,"Arroyo, Bronson",2013,2873,3.1
90,444857,"Feldman, Scott",2014,2964,3
90,112526,"Colon, Bartolo",2011,2542,3.5
90,680736,"Wrobleski, Justin",2025,376,23.9
89,502706,"Holland, Derek",2012,2756,3.2
89,493131,"Kobayashi, Masa",2009,134,66.4
89,502190,"Leake, Mike",2012,2714,3.3
89,466948,"Machi, Jean",2012,103,86.4
89,453192,"Miller, Andrew",2011,1230,7.2
89,134320,"Vazquez, Javier",2010,2704,3.3
89,455374,"Bastardo, Antonio",2010,342,26
89,457437,"Wells, Jared",2008,171,52
89,450527,"Hinshaw, Alex",2009,137,65
88,518790,"Heston, Chris",2015,2792,3.2
88,150116,"Wolf, Randy",2011,3377,2.6
88,506433,"Darvish, Yu",2012,3166,2.8
88,433585,"Francis, Jeff",2013,1245,7.1
88,469834,"Lindsay, Shane",2011,150,58.7
88,547874,"Iwakuma, Hisashi",2013,3102,2.8
88,676083,"Junk, Janson",2025,301,29.2
88,543475,"Lyles, Jordan",2011,1574,5.6
88,656186,"Altavilla, Dan",2025,139,63.3
88,453241,"Johnson, Kris",2013,171,51.5
88,516684,"Castillo, Lendy",2012,341,25.8
88,462985,"Morales, Franklin",2014,2429,3.6
88,518452,"Bettis, Chad",2013,778,11.3
88,474463,"Anderson, Brett",2011,1351,6.5
88,452237,"Tankersley, Taylor",2010,233,37.8
88,664849,"Young, Danny",2025,158,55.7
88,430674,"Brazoban, Yhency",2011,121,72.7
88,543261,"Gurka, Jason",2015,143,61.5
88,656234,"Bird, Jake",2025,672,13.1
88,611093,"Bracho, Silvino",2015,215,40.9
88,461829,"González, Gio",2012,3198,2.8
87,502032,"Norris, Bud",2013,3017,2.9
87,488787,"Coleman, Casey",2012,460,18.9
87,425656,"Ledezma, Wilfredo",2011,152,57.2
87,671109,"Eder, Jake",2025,87,100
87,425386,"Guthrie, Jeremy",2014,3235,2.7
87,430935,"Hamels, Cole",2014,3136,2.8
87,462945,"Jimenez, Cesar",2015,371,23.5
87,219194,"Meche, Gil",2010,1117,7.8
87,433581,"Thompson, Brad",2010,319,27.3
87,450665,"Medlen, Kris",2013,3049,2.9
87,519263,"Schugel, A.J.",2015,191,45.5
87,456899,"Link, Jon",2010,139,62.6
87,453286,"Scherzer, Max",2010,3297,2.6
87,456701,"Bailey, Homer",2014,2278,3.8
87,663542,"Hudson, Bryan",2025,234,37.2
87,554432,"Jenkins, Chad",2012,454,19.2
87,571946,"Miller, Shelby",2015,3247,2.7
87,542866,"Adams, Austin",2014,100,87
87,444857,"Feldman, Scott",2010,2410,3.6
87,571666,"Fiers, Mike",2013,402,21.6
86,519186,"Reynolds, Matt",2010,276,31.2
86,407793,"Lackey, John",2014,3078,2.8
86,346801,"Thomas, Brad",2011,211,40.8
86,444427,"Texeira, Kanekoa",2011,119,72.3
86,641835,"Mayza, Tim",2025,162,53.1
86,110859,"Benitez, Armando",2008,98,87.8
86,500872,"Infante, Gregory",2010,86,100
86,554340,"García, Yimi",2014,134,64.2
86,425555,"Cabrera, Daniel",2009,960,9
86,445170,"Redmond, Todd",2013,1290,6.7
86,435658,"Campillo, Jorge",2008,2492,3.5
86,680755,"Fisher, Braydon",2025,256,33.6
86,621962,"Thomas, Ian",2015,407,21.1
86,429722,"Santana, Ervin",2009,2300,3.7
86,425840,"Cotts, Neal",2009,222,38.7
86,448802,"García, Jaime",2011,2984,2.9
85,676508,"Casparius, Ben",2025,735,11.6
85,425386,"Guthrie, Jeremy",2010,3325,2.6
85,133225,"Dempster, Ryan",2010,3596,2.4
85,518633,"Duffy, Danny",2014,2429,3.5
85,457754,"Edwards, Jon",2014,164,51.8
85,400061,"Oswalt, Roy",2010,3194,2.7
85,446861,"Moscoso, Guillermo",2012,911,9.3
85,430580,"Simon, Alfredo",2015,3059,2.8
85,518418,"Aumont, Phillippe",2014,138,61.6
85,518516,"Bumgarner, Madison",2013,3204,2.7
85,460059,"Pelfrey, Mike",2008,3323,2.6
85,456043,"Sánchez, Jonathan",2010,3235,2.6
85,467008,"Strop, Pedro",2009,127,66.9
85,687396,"Headrick, Brent",2025,218,39
85,592836,"Walker, Taijuan",2014,625,13.6
85,502593,"Petricka, Jake",2013,326,26.1
85,455092,"Elbert, Scott",2009,330,25.8
85,218596,"Hudson, Tim",2008,2008,4.2
85,468504,"Chacín, Jhoulys",2010,2304,3.7
85,463645,"Gervacio, Sammy",2009,333,25.5
84,453954,"Hart, Kevin",2009,1464,5.7
84,425786,"Atchison, Scott",2011,475,17.7
84,471803,"Gabino, Armando",2010,100,84
84,592332,"Gausman, Kevin",2013,796,10.6
84,458950,"Humber, Philip",2010,366,23
84,501822,"Hatcher, Chris",2011,200,42
84,592340,"Goeddel, Erik",2014,96,87.5
84,641490,"Crockett, Kyle",2015,281,29.9
84,408206,"Myers, Brett",2009,1145,7.3
84,444857,"Feldman, Scott",2011,509,16.5
84,452657,"Lester, Jon",2009,3404,2.5
84,453286,"Scherzer, Max",2008,929,9
84,434669,"Mendoza, Luis",2008,1165,7.2
84,434669,"Mendoza, Luis",2013,1576,5.3
84,430675,"Henn, Sean",2008,184,45.7
84,425844,"Greinke, Zack",2012,3383,2.5
84,598264,"Barnes, Matt",2014,157,53.5
84,673380,"Núñez, Dedniel",2025,84,100
84,407793,"Lackey, John",2010,3598,2.3
83,457918,"Happ, J.A.",2012,2538,3.3
83,476134,"Omogrosso, Brian",2012,380,21.8
83,450306,"Vargas, Jason",2009,1477,5.6
83,605182,"Clevinger, Mike",2025,114,72.8
83,429781,"Correia, Kevin",2014,2522,3.3
83,407890,"Lewis, Colby",2015,3180,2.6
83,452718,"Kendrick, Kyle",2010,2828,2.9
83,621397,"Olson, Tyler",2015,219,37.9
83,282567,"Vargas, Claudio",2010,350,23.7
83,467100,"Nova, Iván",2010,666,12.5
83,493247,"Moylan, Peter",2011,149,55.7
83,449777,"Stetter, Mitch",2011,144,57.6
83,453178,"Kennedy, Ian",2012,3380,2.5
83,519008,"McFarland, T.J.",2025,235,35.3
83,460602,"Hayhurst, Dirk",2008,346,24
83,279824,"Buehrle, Mark",2015,2829,2.9
83,136268,"Bradford, Chad",2009,183,45.4
83,592789,"Syndergaard, Noah",2015,2380,3.5
82,451584,"Davis, Wade",2011,2952,2.8
82,461833,"Hughes, Phil",2012,3219,2.5
82,459999,"Stevens, Jeff",2010,348,23.6
82,431148,"Kazmir, Scott",2015,2941,2.8
82,408069,"Threets, Erick",2010,171,48
82,448694,"Wells, Randy",2010,3086,2.7
82,458713,"Slowey, Kevin",2008,2516,3.3
82,518693,"Freeman, Sam",2013,204,40.2
82,434884,"Rowland-Smith, Ryan",2014,143,57.3
82,621962,"Thomas, Ian",2014,204,40.2
82,518495,"Broderick, Brian",2011,190,43.2
82,544931,"Strasburg, Stephen",2013,2851,2.9
82,466838,"Salas, Juan",2008,122,67.2
82,400141,"Ramirez, Horacio",2009,369,22.2
82,448753,"Berg, Justin",2009,131,62.6
82,447714,"O'Flaherty, Eric",2008,158,51.9
82,119469,"Moyer, Jamie",2010,1747,4.7
82,456102,"Pauley, David",2008,266,30.8
82,519110,"Paterson, Joe",2012,91,90.1
81,465679,"Deduno, Samuel",2015,368,22
81,136600,"Chen, Bruce",2011,2519,3.2
81,452764,"Carpenter, Chris",2012,137,59.1
81,451532,"Billingsley, Chad",2011,3221,2.5
81,820862,"Fermin, José",2025,198,40.9
81,554431,"Matzek, Tyler",2025,127,63.8
81,517593,"Salazar, Danny",2015,3048,2.7
81,117842,"Loaiza, Esteban",2008,381,21.3
81,493133,"Kuroda, Hiroki",2008,2742,3
81,449881,"Swindle, R.J.",2009,152,53.3
81,501957,"Tillman, Chris",2014,3411,2.4
81,425794,"Wainwright, Adam",2012,3091,2.6
81,277417,"Beckett, Josh",2011,2994,2.7
81,460059,"Pelfrey, Mike",2011,3216,2.5
81,134003,"Elarton, Scott",2008,273,29.7
81,425747,"Contreras, Jose",2009,2251,3.6
80,461833,"Hughes, Phil",2015,2255,3.5
80,541640,"Ramírez, Erasmo",2015,2409,3.3
80,434159,"Meyer, Dan",2008,543,14.7
80,518444,"Beavan, Blake",2013,647,12.4
80,687424,"Maldonado, Anthony",2025,129,62
80,450306,"Vargas, Jason",2014,3003,2.7
80,445170,"Redmond, Todd",2015,279,28.7
80,687473,"Gusto, Ryan",2025,969,8.3
80,445193,"Coello, Robert",2012,132,60.6
80,433584,"Hernandez, Roberto",2011,3021,2.6
80,150277,"Davis, Doug",2009,3469,2.3
80,543518,"McGough, Scott",2025,136,58.8
80,425860,"Bullington, Bryan",2010,721,11.1
80,544759,"Schultz, Bo",2014,129,62
80,452657,"Lester, Jon",2011,3192,2.5
80,433657,"Bush, Dave",2008,2741,2.9
79,488787,"Coleman, Casey",2014,231,34.2
79,476570,"Mazzaro, Vin",2012,712,11.1
79,425386,"Guthrie, Jeremy",2012,2922,2.7
79,434591,"Messenger, Randy",2008,226,35
79,456043,"Sánchez, Jonathan",2009,2849,2.8
79,456068,"González, Miguel",2014,2552,3.1
79,446453,"Speigner, Levale",2008,158,50
79,468528,"Carreno, Joel",2012,386,20.5
79,691594,"Sanoja, Javier",2025,95,83.2
79,592398,"Hill, Taylor",2015,198,39.9
79,456776,"Torres, Alex",2011,161,49.1
79,592181,"Burawa, Danny",2015,218,36.2
79,429722,"Santana, Ervin",2015,1678,4.7
79,123801,"Wakefield, Tim",2009,2020,3.9
79,543668,"Pryor, Stephen",2013,116,68.1
79,453214,"Wright, Steven",2014,346,22.8
79,464416,"Pino, Yohan",2015,279,28.3
79,407297,"Cruz, Juan",2010,109,72.5
79,475416,"Masterson, Justin",2012,3426,2.3
79,467099,"Norberto, Jordan",2011,140,56.4
79,683409,"Chivilli, Angel",2025,489,16.2
79,467100,"Nova, Iván",2011,2562,3.1
78,488984,"Hunter, Tommy",2011,1299,6
78,506693,"Alvarez III, Henderson",2014,2611,3
78,502043,"Gibson, Kyle",2015,3235,2.4
78,429719,"Jackson, Edwin",2011,3243,2.4
78,548348,"Joseph, Donnie",2013,93,83.9
78,518716,"Gee, Dillon",2013,2985,2.6
78,602083,"Almonte, Miguel",2015,185,42.2
78,444935,"Hagadone, Nick",2011,192,40.6
78,687849,"Kent, Zak",2025,107,72.9
78,506433,"Darvish, Yu",2013,3451,2.3
78,425555,"Cabrera, Daniel",2008,3021,2.6
78,693312,"Nicolas, Kyle",2025,245,31.8
78,444857,"Feldman, Scott",2013,2993,2.6
78,500779,"Quintana, Jose",2012,2167,3.6
78,434590,"Bazardo, Yorman",2008,78,100
78,608665,"Graveman, Kendall",2025,149,52.3
78,518961,"Lueke, Josh",2012,78,100
78,457935,"Daley, Matt",2013,83,94
78,669020,"Rolison, Ryan",2025,246,31.7
78,502190,"Leake, Mike",2014,3215,2.4
78,571521,"Brothers, Rex",2015,168,46.4
77,474039,"Beato, Pedro",2012,212,36.3
77,612672,"Chen, Wei-Yin",2015,3010,2.6
77,279824,"Buehrle, Mark",2014,3082,2.5
77,425386,"Guthrie, Jeremy",2013,3370,2.3
77,112526,"Colon, Bartolo",2013,2777,2.8
77,434538,"Liriano, Francisco",2013,2496,3.1
77,435618,"Accardo, Jeremy",2010,135,57
77,434578,"Saunders, Joe",2009,3009,2.6
77,448857,"Ascanio, Jose",2008,119,64.7
77,669422,"Sauer, Matt",2025,468,16.5
77,572788,"Cravy, Tyler",2015,761,10.1
77,449173,"Harrell, Lucas",2011,364,21.2
77,434666,"Rupe, Josh",2011,256,30.1
77,502051,"Ravin, Josh",2015,189,40.7
77,657240,"Merryweather, Julian",2025,353,21.8
76,571439,"Alvarez, R.J.",2014,162,46.9
76,136600,"Chen, Bruce",2009,1080,7
76,488683,"Barnes, Scott",2012,337,22.6
76,435298,"Niemann, Jeff",2010,2636,2.9
76,150116,"Wolf, Randy",2010,3575,2.1
76,458720,"Holdzkom, John",2014,127,59.8
76,456051,"Noesí, Hector",2015,609,12.5
76,592426,"Jackson, Luke",2015,110,69.1
76,429719,"Jackson, Edwin",2012,2968,2.6
76,518633,"Duffy, Danny",2015,2360,3.2
76,502139,"Stinson, Josh",2013,230,33
76,408241,"Peavy, Jake",2009,1575,4.8
76,457448,"Harrison, Matt",2011,3016,2.5
76,434622,"Jiménez, Ubaldo",2011,3258,2.3
76,518655,"Ely, John",2012,76,100
76,458681,"Lynn, Lance",2014,3450,2.2
76,670950,"Richards, Trevor",2025,76,100
76,448269,"Bergesen, Brad",2009,1864,4.1
76,400089,"Soriano, Rafael",2015,107,71
76,433579,"Danks, John",2009,3210,2.4
76,235095,"Wheeler, Dan",2012,253,30
76,435044,"Baker, Scott",2009,3257,2.3
76,571584,"Cotham, Caleb",2015,179,42.5
76,592677,"Riefenhauser, C.J.",2015,253,30
76,669674,"Long, Sam",2025,159,47.8
75,425856,"Floyd, Gavin",2008,3235,2.3
75,489189,"Outman, Josh",2012,751,10
75,476205,"Wall, Josh",2012,75,100
75,543819,"Stewart, Zach",2011,1075,7
75,656457,"Gilbert, Tyler",2025,279,26.9
75,217096,"Zito, Barry",2013,2355,3.2
75,664875,"Lawrence, Justin",2025,172,43.6
75,445060,"Nolasco, Ricky",2010,2475,3
75,434671,"Sánchez, Aníbal",2013,2974,2.5
75,501625,"Alvarez, Jose",2013,696,10.8
75,460024,"Hochevar, Luke",2012,3007,2.5
75,451532,"Billingsley, Chad",2010,3134,2.4
75,434666,"Rupe, Josh",2009,110,68.2
74,218596,"Hudson, Tim",2012,2623,2.8
74,451596,"Gallardo, Yovani",2010,3203,2.3
74,474599,"Wagner, Neil",2014,216,34.3
74,452249,"Owings, Micah",2008,1752,4.2
74,279824,"Buehrle, Mark",2011,3146,2.4
74,450203,"Morton, Charlie",2011,2736,2.7
74,502260,"Pestano, Vinnie",2015,246,30.1
74,435179,"Olsen, Scott",2008,3108,2.4
74,571441,"Ames, Steve",2013,76,97.4
74,450351,"Wilson, C.J.",2012,3442,2.1
74,434678,"Davies, Kyle",2010,3127,2.4
74,542914,"Bass, Anthony",2012,1524,4.9
74,434628,"Hammel, Jason",2011,2710,2.7
74,434438,"Buckner, Billy",2008,235,31.5
74,408241,"Peavy, Jake",2010,1711,4.3
74,592804,"Thornburg, Tyler",2012,381,19.4
73,408206,"Myers, Brett",2010,3457,2.1
73,518774,"Harvey, Matt",2015,2798,2.6
73,543339,"Hudson, Daniel",2010,1435,5.1
73,677952,"Ashcraft, Braxton",2025,148,49.3
73,430646,"Woods, Jake",2008,358,20.4
73,493137,"Matsuzaka, Daisuke",2010,2619,2.8
73,434538,"Liriano, Francisco",2015,2983,2.4
73,468504,"Chacín, Jhoulys",2009,211,34.6
73,346798,"Lohse, Kyle",2013,3013,2.4
73,450321,"White, Bill",2008,119,61.3
73,460580,"James, Chuck",2011,208,35.1
73,521055,"Cleto, Maikel",2012,172,42.4
73,458709,"Lannan, John",2014,92,79.3
73,469690,"Marte, Victor",2009,202,36.1
73,150359,"Burnett, A.J.",2011,3222,2.3
73,594987,"Sadler, Casey",2014,161,45.3
73,453329,"Buchholz, Clay",2015,1716,4.3
72,596331,"Ogando, Nefi",2015,84,85.7
72,490063,"Garza, Matt",2014,2538,2.8
72,450665,"Medlen, Kris",2015,927,7.8
72,119154,"Millwood, Kevin",2008,2710,2.7
72,455949,"Mathieson, Scott",2011,112,64.3
72,489189,"Outman, Josh",2011,967,7.4
72,491688,"Del Rosario, Enerio",2010,152,47.4
72,543506,"Maurer, Brandon",2013,1541,4.7
72,456501,"Cueto, Johnny",2010,3117,2.3
72,276914,"Bowers, Cedrick",2008,134,53.7
72,453562,"Arrieta, Jake",2014,2416,3
72,425562,"Chulk, Vinnie",2009,230,31.3
72,571771,"Hernández, Enrique",2025,95,75.8
72,444444,"Atkins, Mitch",2010,204,35.3
72,458681,"Lynn, Lance",2012,3002,2.4
72,605218,"Edwards Jr., Carl",2015,72,100
72,448241,"James, Justin",2010,87,82.8
72,430587,"Buchholz, Taylor",2010,176,40.9
72,534910,"Hahn, Jesse",2014,1180,6.1
72,489448,"Zagurski, Mike",2013,151,47.7
72,676879,"Ashby, Aaron",2025,149,48.3
72,657024,"Swanson, Erik",2025,128,56.3
72,460008,"Varvaro, Anthony",2015,199,36.2
72,446399,"Cecil, Brett",2010,2711,2.7
72,446209,"Litsch, Jesse",2008,2755,2.6
72,451482,"Galarraga, Armando",2010,2323,3.1
71,434958,"Green, Sean",2011,200,35.5
71,521055,"Cleto, Maikel",2011,105,67.6
71,452259,"Jackson, Steven",2010,184,38.6
71,458919,"Mattheus, Ryan",2014,121,58.7
71,450212,"Neshek, Pat",2010,175,40.6
71,453268,"Bard, Daniel",2012,1045,6.8
71,500902,"Oliveros, Lester",2014,123,57.7
71,446321,"Detwiler, Ross",2012,2541,2.8
71,468962,"Hansack, Devern",2008,96,74
71,453214,"Wright, Steven",2013,244,29.1
71,518927,"Layne, Tommy",2013,152,46.7
71,475138,"Drabek, Kyle",2015,90,78.9
71,279782,"Garland, Jon",2008,3186,2.2
71,476127,"Kroenke, Zach",2011,71,100
71,446248,"Augenstein, Bryan",2011,113,62.8
71,449072,"McClellan, Kyle",2013,150,47.3
71,217096,"Zito, Barry",2011,867,8.2
71,518533,"Carson, Robert",2013,326,21.8
71,543942,"Wooten, Rob",2015,131,54.2
71,450306,"Vargas, Jason",2013,2386,3
71,434884,"Rowland-Smith, Ryan",2010,1817,3.9
71,450308,"Weaver, Jered",2014,3352,2.1
71,434378,"Verlander, Justin",2014,3409,2.1
71,452657,"Lester, Jon",2012,3424,2.1
71,421685,"Harang, Aaron",2013,2445,2.9
70,150438,"Lopez, Rodrigo",2011,1553,4.5
70,572089,"Rodríguez, Paco",2014,235,29.8
70,449170,"Cordier, Erik",2014,109,64.2
70,640902,"Pereda, Jhonny",2025,70,100
70,515052,"Guaipe, Mayckol",2015,459,15.3
70,434958,"Green, Sean",2010,193,36.3
70,430641,"Boyer, Blaine",2011,119,58.8
70,434578,"Saunders, Joe",2011,3217,2.2
70,449173,"Harrell, Lucas",2010,479,14.6
70,607309,"Klein, Phil",2014,317,22.1
70,407911,"Francisco, Frank",2014,100,70
70,434480,"Rasner, Darrell",2008,1960,3.6
70,523989,"De La Rosa, Rubby",2011,1033,6.8
69,502208,"Walters, P.J.",2011,101,68.3
69,408052,"Bootcheck, Chris",2009,282,24.5
69,457826,"Mastny, Tom",2008,381,18.1
69,456068,"González, Miguel",2015,2439,2.8
69,458669,"Price, Bryan",2014,69,100
69,429722,"Santana, Ervin",2012,2859,2.4
69,519169,"Rasmussen, Rob",2014,183,37.7
69,501992,"Karns, Nate",2015,2440,2.8
69,446003,"Asencio, Jairo",2011,190,36.3
69,489119,"Miley, Wade",2013,3239,2.1
69,407113,"Duchscherer, Justin",2008,2049,3.4
69,453307,"Huff, David",2009,2250,3.1
69,430912,"Cain, Matt",2013,2922,2.4
69,456585,"O'Connor, Michael",2011,111,62.2
69,277417,"Beckett, Josh",2008,2688,2.6
69,279782,"Garland, Jon",2009,3255,2.1
69,445590,"Stults, Eric",2013,3234,2.1
69,449079,"Wright, Wesley",2015,114,60.5
69,430101,"Cordero, Chad",2008,98,70.4
69,150116,"Wolf, Randy",2009,3286,2.1
68,453344,"Morrow, Brandon",2014,618,11
68,539438,"Diamond, Scott",2012,2520,2.7
68,595235,"Hall, Cody",2015,152,44.7
68,462995,"Van Den Hurk, Rick",2012,78,87.2
68,456499,"Patterson, Scott",2008,108,63
68,430962,"Nippert, Dustin",2009,1202,5.7
68,150037,"King, Ray",2008,119,57.1
68,502748,"Peacock, Brad",2013,1488,4.6
68,408241,"Peavy, Jake",2013,2367,2.9
68,501852,"Billings, Bruce",2011,153,44.4
68,573064,"Nuño, Vidal",2014,2588,2.6
68,475115,"Ross, Tyson",2011,541,12.6
68,133225,"Dempster, Ryan",2012,2749,2.5
68,491624,"Valdez, César",2010,366,18.6
68,407793,"Lackey, John",2013,2873,2.4
68,445060,"Nolasco, Ricky",2009,3035,2.2
68,608349,"Knebel, Corey",2014,171,39.8
68,519096,"Otero, Dan",2012,186,36.6
68,120485,"Pettitte, Andy",2010,2000,3.4
68,459411,"Schlichting, Travis",2009,68,100
68,471911,"Carrasco, Carlos",2025,514,13.2
67,441368,"Castillo, Alberto",2009,183,36.6
67,457711,"O'Sullivan, Sean",2013,435,15.4
67,448147,"Blackburn, Nick",2011,2429,2.8
67,469686,"Aceves, Alfredo",2010,189,35.4
67,234194,"Carlyle, Buddy",2015,119,56.3
67,543135,"Eovaldi, Nathan",2011,595,11.3
67,467761,"Hernandez, Fernando",2008,81,82.7
67,501957,"Tillman, Chris",2013,3477,1.9
67,434669,"Mendoza, Luis",2010,95,70.5
67,446861,"Moscoso, Guillermo",2011,2131,3.1
67,475243,"Wood, Travis",2011,1789,3.7
67,150404,"Lilly, Ted",2009,2671,2.5
67,476205,"Wall, Josh",2013,158,42.4
67,476451,"Hellickson, Jeremy",2013,2887,2.3
67,430904,"Maholm, Paul",2012,2971,2.3
67,457428,"McDonald, James",2012,2802,2.4
67,519144,"Porcello, Rick",2013,2836,2.4
67,435178,"Johnson, Josh",2012,3145,2.1
66,407840,"Backe, Brandon",2009,232,28.4
66,425827,"Bonderman, Jeremy",2009,193,34.2
66,451482,"Galarraga, Armando",2008,2780,2.4
66,448306,"Shields, James",2014,3632,1.8
66,434628,"Hammel, Jason",2013,2302,2.9
66,430889,"Murphy, Bill",2009,165,40
66,467094,"Doubront, Felix",2011,178,37.1
66,429781,"Correia, Kevin",2011,2358,2.8
66,445060,"Nolasco, Ricky",2013,3183,2.1
66,541640,"Ramírez, Erasmo",2012,885,7.5
66,430599,"Blanton, Joe",2009,3251,2
66,150009,"Ortiz, Ramon",2010,539,12.2
66,656420,"Feyereisen, J.P.",2025,81,81.5
66,446372,"Kluber, Corey",2011,89,74.2
66,435043,"Duke, Zach",2008,2928,2.3
66,488768,"Cashner, Andrew",2014,1797,3.7
66,461848,"Miller, Jim",2011,116,56.9
66,459345,"Hacker, Eric",2009,66,100
66,518875,"Kelley, Shawn",2011,166,39.8
65,430083,"Sanches, Brian",2008,230,28.3
65,489119,"Miley, Wade",2015,3194,2
65,460657,"Slaten, Doug",2012,196,33.2
65,448306,"Shields, James",2010,3351,1.9
65,431148,"Kazmir, Scott",2014,2983,2.2
65,444447,"Beck, Chad",2012,262,24.8
65,433589,"Petit, Yusmeiro",2009,1517,4.3
65,571561,"Cingrani, Tony",2014,1112,5.8
65,115817,"Hernandez, Livan",2008,2801,2.3
65,475115,"Ross, Tyson",2014,3119,2.1
65,430101,"Cordero, Chad",2010,167,38.9
65,425507,"Cabrera, Fernando",2009,108,60.2
65,430661,"McGowan, Dustin",2015,473,13.7
65,425606,"Calero, Kiko",2008,85,76.5
65,519085,"Oberholtzer, Brett",2013,1101,5.9
65,450729,"Fister, Doug",2010,2700,2.4
65,425628,"Aquino, Greg",2009,300,21.7
65,434578,"Saunders, Joe",2014,847,7.7
65,457918,"Happ, J.A.",2008,546,11.9
65,445213,"Kintzler, Brandon",2011,229,28.4
64,450172,"Volquez, Edinson",2014,2977,2.1
64,519144,"Porcello, Rick",2015,2744,2.3
64,456068,"González, Miguel",2012,1686,3.8
64,594985,"Rowen, Ben",2014,145,44.1
64,501870,"Teaford, Everett",2015,96,66.7
64,683627,"Molina, Anthony",2025,80,80
64,612272,"Lazo, Raudel",2015,96,66.7
64,451788,"Marcum, Shaun",2008,2330,2.7
64,518716,"Gee, Dillon",2011,2603,2.5
64,468504,"Chacín, Jhoulys",2011,3139,2
64,467850,"Escalona, Edgmer",2010,102,62.7
64,543493,"Marshall, Brett",2013,207,30.9
64,469690,"Marte, Victor",2013,64,100
64,133225,"Dempster, Ryan",2009,3159,2
64,430657,"Baek, Cha Seung",2008,2268,2.8
64,457926,"Janish, Paul",2009,64,100
64,450282,"Perkins, Glen",2008,2365,2.7
64,445177,"Heath, Deunte",2013,160,40
64,457444,"Marshall, Jay",2009,114,56.1
63,111838,"Byrd, Paul",2008,2532,2.5
63,642232,"Yarbrough, Ryan",2025,878,7.2
63,452061,"Phillips, Zach",2012,109,57.8
63,516769,"Mejia, Jenrry",2015,105,60
63,476601,"Bowden, Michael",2009,306,20.6
63,448179,"Hill, Rich",2014,118,53.4
63,425856,"Floyd, Gavin",2015,218,28.9
63,285079,"Dickey, R.A.",2014,3513,1.8
63,469159,"Rodriguez, Henry Alberto",2009,75,84
63,132220,"Washburn, Jarrod",2008,2636,2.4
63,534428,"Caridad, Esmailin",2010,97,64.9
63,217096,"Zito, Barry",2008,3206,2
63,407793,"Lackey, John",2015,3127,2
63,543734,"Rusin, Chris",2015,2149,2.9
63,150414,"Westbrook, Jake",2013,1862,3.4
63,134321,"Pavano, Carl",2009,3106,2
63,501687,"Marte, Luis",2012,344,18.3
63,446624,"Haeger, Charlie",2010,654,9.6
63,150153,"Figueroa, Nelson",2009,1212,5.2
63,473560,"Broadway, Lance",2008,233,27
63,150359,"Burnett, A.J.",2013,3021,2.1
62,434578,"Saunders, Joe",2012,2709,2.3
62,489039,"LaFromboise, Bobby",2015,110,56.4
62,150302,"Marquis, Jason",2011,2052,3
62,407822,"De La Rosa, Jorge",2009,3050,2
62,518655,"Ely, John",2011,230,27
62,605226,"Faulkner, Andrew",2015,157,39.5
62,446641,"Lopez, Wilton",2014,115,53.9
62,434479,"Hinckley, Mike",2009,184,33.7
62,594977,"Roberts, Ken",2015,235,26.4
62,543488,"Maronde, Nick",2013,111,55.9
62,112526,"Colon, Bartolo",2015,2706,2.3
62,451135,"Cortes, Dan",2011,191,32.5
62,462995,"Van Den Hurk, Rick",2010,298,20.8
62,430599,"Blanton, Joe",2008,3250,1.9
62,668970,"Hollowell, Gavin",2025,108,57.4
62,450545,"Mathis, Doug",2008,458,13.5
62,502264,"Adcock, Nate",2014,182,34.1
62,458950,"Humber, Philip",2011,2497,2.5
62,407890,"Lewis, Colby",2010,3301,1.9
62,445197,"Dunn, Mike",2009,81,76.5
62,543409,"Kohn, Michael",2015,80,77.5
62,457812,"Marquez, Jeff",2011,62,100
62,450308,"Weaver, Jered",2010,3713,1.7
61,607706,"Roth, Michael",2014,247,24.7
61,608167,"Aro, Jonathan",2015,183,33.3
61,663474,"McKenzie, Triston",2025,123,49.6
61,458690,"Volstad, Chris",2010,2828,2.2
61,132220,"Washburn, Jarrod",2009,2727,2.2
61,475115,"Ross, Tyson",2012,1288,4.7
61,425844,"Greinke, Zack",2008,3227,1.9
61,425426,"Wang, Chien-Ming",2009,747,8.2
61,500779,"Quintana, Jose",2015,3373,1.8
61,461829,"González, Gio",2011,3407,1.8
61,681146,"Bride, Jonah",2025,83,73.5
61,276371,"Santana, Johan",2012,1940,3.1
61,592677,"Riefenhauser, C.J.",2014,99,61.6
61,133225,"Dempster, Ryan",2013,2997,2
61,547874,"Iwakuma, Hisashi",2015,1868,3.3
61,462136,"Estrada, Marco",2008,239,25.5
61,444371,"Karstens, Jeff",2011,2356,2.6
61,458584,"Cedeño, Xavier",2013,221,27.6
61,447755,"Delabar, Steve",2011,110,55.5
61,548384,"Raley, Brooks",2013,237,25.7
61,429781,"Correia, Kevin",2008,1891,3.2
60,623149,"Sewald, Paul",2025,189,31.7
60,453344,"Morrow, Brandon",2010,2523,2.4
60,592346,"González, Chi Chi",2015,1048,5.7
60,136880,"Halladay, Roy",2012,2388,2.5
60,458589,"Herndon, David",2012,127,47.2
60,453889,"Chico, Matt",2008,835,7.2
60,501563,"Castro, Simon",2013,92,65.2
60,218596,"Hudson, Tim",2013,2006,3
60,572143,"Smith, Burch",2013,641,9.4
60,429780,"Narveson, Chris",2015,452,13.3
60,119827,"Nomo, Hideo",2008,110,54.5
60,458950,"Humber, Philip",2013,914,6.6
60,571666,"Fiers, Mike",2012,2152,2.8
60,434643,"Rodriguez, Wandy",2009,3367,1.8
60,502009,"Latos, Mat",2011,3149,1.9
60,150414,"Westbrook, Jake",2012,2678,2.2
60,457456,"Reyes, Jo-Jo",2011,2368,2.5
60,519403,"Weber, Thad",2013,238,25.2
60,664747,"Díaz, Alexis",2025,131,45.8
60,400141,"Ramirez, Horacio",2011,132,45.5
59,445163,"Janssen, Casey",2009,716,8.2
59,543557,"Montgomery, Mike",2015,1453,4.1
59,547943,"Ryu, Hyun Jin",2013,3070,1.9
59,518397,"Alexander, Scott",2015,86,68.6
59,518764,"Hand, Donovan",2015,59,100
59,543135,"Eovaldi, Nathan",2015,2638,2.2
59,453249,"Manship, Jeff",2010,483,12.2
59,457732,"Bailey, Andrew",2015,167,35.3
59,446399,"Cecil, Brett",2012,1021,5.8
59,502043,"Gibson, Kyle",2014,2800,2.1
59,449079,"Wright, Wesley",2010,563,10.5
59,461829,"González, Gio",2008,708,8.3
59,429717,"Haren, Dan",2012,2849,2.1
59,451788,"Marcum, Shaun",2010,3043,1.9
59,502026,"Jeffress, Jeremy",2013,188,31.4
59,571800,"Hutchison, Drew",2014,3051,1.9
59,444857,"Feldman, Scott",2008,2480,2.4
59,430580,"Simon, Alfredo",2011,1901,3.1
59,681869,"Dubin, Shawn",2025,286,20.6
59,425860,"Bullington, Bryan",2009,117,50.4
59,614179,"Ruiz, José",2025,302,19.5
59,448287,"French, Luke",2010,1306,4.5
59,450282,"Perkins, Glen",2009,1467,4
59,453264,"Veal, Donnie",2015,84,70.2
59,217096,"Zito, Barry",2012,3068,1.9
59,502028,"Wood, Blake",2014,125,47.2
59,476594,"Stock, Robert",2025,59,100
59,434638,"Burres, Brian",2008,2173,2.7
58,547888,"Tanaka, Masahiro",2015,2290,2.5
58,543746,"Scahill, Rob",2012,129,45
58,434643,"Rodriguez, Wandy",2012,3204,1.8
58,434619,"Gonzalez, Enrique",2009,78,74.4
58,451773,"De La Rosa, Dane",2011,129,45
58,606160,"Montero, Rafael",2015,192,30.2
58,453281,"LeBlanc, Wade",2012,1078,5.4
58,453178,"Kennedy, Ian",2010,3170,1.8
58,450729,"Fister, Doug",2014,2468,2.4
58,458567,"Sonnanstine, Andy",2008,2922,2
58,488984,"Hunter, Tommy",2010,1905,3
58,123801,"Wakefield, Tim",2008,2788,2.1
58,573204,"Thielbar, Caleb",2015,81,71.6
58,489294,"Scheppers, Tanner",2014,416,13.9
58,592767,"Smyly, Drew",2014,2592,2.2
58,542432,"Ramirez, José",2015,215,27
58,607359,"Patton, Spencer",2014,142,40.8
58,543853,"Thompson, Taylor",2014,112,51.8
58,453311,"Lincecum, Tim",2013,3281,1.8
58,543101,"DeSclafani, Anthony",2025,79,73.4
58,453186,"Maine, Scott",2011,157,36.9
58,676617,"O'Brien, Riley",2025,177,32.8
58,518603,"De Fratus, Justin",2011,58,100
58,452733,"Gorzelanny, Tom",2011,1700,3.4
58,446454,"Bannister, Brian",2008,3145,1.8
58,543101,"DeSclafani, Anthony",2014,548,10.6
58,458567,"Sonnanstine, Andy",2009,1713,3.4
58,477003,"Niese, Jonathon",2014,2792,2.1
58,460092,"Leroux, Chris",2009,129,45
58,435658,"Campillo, Jorge",2009,70,82.9
58,456071,"Flande, Yohan",2015,1068,5.4
58,663804,"Kowar, Jackson",2025,150,38.7
57,460024,"Hochevar, Luke",2011,3118,1.8
57,453273,"Crotta, Michael",2011,211,27
57,543548,"Milone, Tommy",2012,3033,1.9
57,527054,"Teheran, Julio",2015,3275,1.7
57,502130,"Runzler, Dan",2009,156,36.5
57,434538,"Liriano, Francisco",2010,3021,1.9
57,687134,"Blalock, Bradley",2025,299,19.1
57,468504,"Chacín, Jhoulys",2013,2962,1.9
57,467094,"Doubront, Felix",2014,1360,4.2
57,571057,"Garces, Frank",2014,143,39.9
57,519411,"West, Matt",2015,57,100
57,448179,"Hill, Rich",2011,130,43.8
57,676680,"Cosgrove, Tom",2025,64,89.1
57,434629,"Seddon, Chris",2012,527,10.8
57,132260,"Ponson, Sidney",2008,2164,2.6
57,527048,"Pérez, Martín",2014,777,7.3
57,664351,"Contreras, Luis",2025,172,33.1
57,545064,"Díaz, Jairo",2014,91,62.6
56,460092,"Leroux, Chris",2014,56,100
56,445590,"Stults, Eric",2012,1521,3.7
56,490063,"Garza, Matt",2013,2425,2.3
56,451775,"Rodriguez Jr., Fernando",2014,121,46.3
56,346871,"Cook, Aaron",2009,2404,2.3
56,450864,"Cramer, Bobby",2011,117,47.9
56,406301,"Paronto, Chad",2009,126,44.4
56,489413,"Wells, Casper",2013,56,100
56,435538,"Bray, Bill",2012,179,31.3
56,502009,"Latos, Mat",2010,2965,1.9
56,150359,"Burnett, A.J.",2009,3462,1.6
56,572070,"Richards, Garrett",2011,253,22.1
56,451216,"Wilson, Brian",2012,56,100
56,516714,"Álvarez, Dario",2015,70,80
56,573185,"Straily, Dan",2014,881,6.4
56,430683,"Germano, Justin",2008,695,8.1
56,429985,"Gaudin, Chad",2011,196,28.6
56,132260,"Ponson, Sidney",2009,987,5.7
56,446399,"Cecil, Brett",2011,1915,2.9
55,452718,"Kendrick, Kyle",2013,2874,1.9
55,445216,"McCutchen, Daniel",2010,1123,4.9
55,503449,"Peralta, Wily",2013,2987,1.8
55,452075,"Robertson, Connor",2008,116,47.4
55,433584,"Hernandez, Roberto",2014,2737,2
55,453562,"Arrieta, Jake",2012,1956,2.8
55,502042,"Archer, Chris",2015,3449,1.6
55,460059,"Pelfrey, Mike",2009,3158,1.7
55,434628,"Hammel, Jason",2010,2837,1.9
55,453385,"Richard, Clayton",2008,775,7.1
55,489002,"Johnson, Steve",2013,306,18
55,493133,"Kuroda, Hiroki",2011,3202,1.7
55,621363,"Poche, Colin",2025,215,25.6
55,543881,"Villarreal, Pedro",2014,217,25.3
55,670036,"Festa, Matt",2025,258,21.3
55,469686,"Aceves, Alfredo",2013,625,8.8
55,519326,"Strickland, Hunter",2025,200,27.5
55,460366,"Thompson, Rich",2008,55,100
55,457707,"Bell, Trevor",2009,419,13.1
55,502208,"Walters, P.J.",2010,481,11.4
54,452718,"Kendrick, Kyle",2009,394,13.7
54,433579,"Danks, John",2015,2918,1.9
54,501529,"De Leon, Jorge",2014,138,39.1
54,476451,"Hellickson, Jeremy",2012,2994,1.8
54,521230,"Hendriks, Liam",2013,891,6.1
54,543551,"Mitchell, D.J.",2012,84,64.3
54,453192,"Miller, Andrew",2008,1935,2.8
54,448722,"Perez, Juan Pablo",2011,84,64.3
54,606965,"Devenski, Chris",2025,54,100
54,523989,"De La Rosa, Rubby",2015,3014,1.8
54,430661,"McGowan, Dustin",2008,1802,3
54,676263,"Dreyer, Jack",2025,587,9.2
54,434538,"Liriano, Francisco",2011,2278,2.4
54,450351,"Wilson, C.J.",2015,2117,2.6
54,493547,"Storey, Mickey",2013,73,74
54,434378,"Verlander, Justin",2013,3692,1.5
54,474463,"Anderson, Brett",2009,2816,1.9
54,471896,"Figueroa, Pedro",2013,82,65.9
54,430634,"Burnett, Sean",2013,160,33.8
54,543272,"Hand, Brad",2013,300,18
54,518489,"Brasier, Ryan",2025,138,39.1
54,452718,"Kendrick, Kyle",2008,2620,2.1
54,490063,"Garza, Matt",2015,2393,2.3
54,477132,"Kershaw, Clayton",2009,3030,1.8
54,407890,"Lewis, Colby",2012,1627,3.3
54,456167,"Griffin, A.J.",2013,3212,1.7
54,425386,"Guthrie, Jeremy",2008,3063,1.8
54,425386,"Guthrie, Jeremy",2011,3316,1.6
54,463645,"Gervacio, Sammy",2010,75,72
54,592836,"Walker, Taijuan",2015,2630,2.1
53,332292,"Parrish, John",2010,115,46.1
53,607968,"Rucinski, Drew",2014,126,42.1
53,543054,"Cosart, Jarred",2014,2947,1.8
53,543521,"McHugh, Collin",2015,3241,1.6
53,501697,"Mariñez, Jhan",2010,55,96.4
53,455047,"Ridgway, Jeff",2008,155,34.2
53,572810,"Dennick, Ryan",2014,94,56.4
53,429781,"Correia, Kevin",2009,3172,1.7
53,471183,"Joaquin, Waldis",2010,108,49.1
53,477003,"Niese, Jonathon",2012,3029,1.7
53,458584,"Cedeño, Xavier",2014,112,47.3
53,463037,"Severino, Atahualpa",2011,87,60.9
53,435221,"McCarthy, Brandon",2013,2009,2.6
53,605228,"Fernández, José",2013,2609,2
53,687330,"Kelly, Kevin",2025,180,29.4
53,457751,"Crawford, Evan",2012,149,35.6
53,406301,"Paronto, Chad",2008,155,34.2
53,686753,"Jameson, Drey",2025,53,100
53,543475,"Lyles, Jordan",2013,2445,2.2
53,429717,"Haren, Dan",2013,2778,1.9
53,150249,"Benson, Kris",2009,418,12.7
53,459974,"Meloan, Jon",2009,130,40.8
53,686642,"Ellard, Fraser",2025,114,46.5
52,518748,"Grimm, Justin",2013,1642,3.2
52,115817,"Hernandez, Livan",2009,2977,1.7
52,547348,"Lee, C.C.",2013,84,61.9
52,150153,"Figueroa, Nelson",2008,804,6.5
52,434622,"Jiménez, Ubaldo",2008,3350,1.6
52,502046,"Locke, Jeff",2014,1962,2.7
52,519229,"Rosin, Seth",2015,52,100
52,518748,"Grimm, Justin",2012,249,20.9
52,425386,"Guthrie, Jeremy",2009,3359,1.5
52,607074,"Rodón, Carlos",2015,2441,2.1
52,425647,"Carrasco, D.J.",2012,60,86.7
52,450308,"Weaver, Jered",2015,2448,2.1
52,448337,"Kinney, Josh",2008,94,55.3
52,277417,"Beckett, Josh",2012,2630,2
52,657756,"Seabold, Connor",2025,104,50
52,434669,"Mendoza, Luis",2012,2532,2.1
52,435043,"Duke, Zach",2012,217,24
52,519144,"Porcello, Rick",2010,2591,2
52,592779,"Stewart, Brock",2025,329,15.8
52,463017,"Martis, Shairon",2013,162,32.1
52,502609,"Herrera, Daniel",2008,144,36.1
52,451600,"Garcia, Christian",2012,173,30.1
52,664285,"Valdez, Framber",2025,1394,3.7
52,501822,"Hatcher, Chris",2013,179,29.1
52,500779,"Quintana, Jose",2014,3346,1.6
52,448855,"Guerra, Junior",2015,66,78.8
52,606930,"Barnes, Jacob",2025,146,35.6
52,461829,"González, Gio",2013,3315,1.6
52,527048,"Pérez, Martín",2012,662,7.9
52,459415,"Hottovy, Tommy",2011,72,72.2
51,346798,"Lohse, Kyle",2008,3174,1.6
51,621057,"Garza, Justin",2025,51,100
51,332292,"Parrish, John",2008,706,7.2
51,136263,"Byrdak, Tim",2013,80,63.7
51,523848,"Domínguez, José",2014,101,50.5
51,451650,"Lewis, Rommie",2011,142,35.9
51,502136,"Smith, Jordan",2011,328,15.5
51,448842,"De La Cruz, Frankie",2008,208,24.5
51,460366,"Thompson, Rich",2012,56,91.1
51,433585,"Francis, Jeff",2011,2953,1.7
51,542289,"Corcino, Daniel",2014,317,16.1
51,460069,"Romero, Ricky",2012,3084,1.7
51,502083,"McAllister, Zach",2014,1462,3.5
51,400067,"Silva, Carlos",2009,567,9
51,477003,"Niese, Jonathon",2011,2493,2
51,467100,"Nova, Iván",2012,2691,1.9
51,543135,"Eovaldi, Nathan",2014,3198,1.6
51,400291,"Moseley, Dustin",2010,1026,5
51,469802,"Perez, Luis",2013,85,60
51,543408,"Koehler, Tom",2013,2256,2.3
51,594772,"Buchanan, Jake",2015,137,37.2
51,460069,"Romero, Ricky",2013,162,31.5
51,448694,"Wells, Randy",2011,2176,2.3
51,450308,"Weaver, Jered",2013,2396,2.1
51,449173,"Harrell, Lucas",2012,3188,1.6
50,425146,"Robertson, Nate",2010,1685,3
50,501638,"Viola, Pedro",2009,111,45
50,457779,"Kirkman, Michael",2014,80,62.5
50,543699,"Roark, Tanner",2014,2999,1.7
50,434538,"Liriano, Francisco",2009,2318,2.2
50,475138,"Drabek, Kyle",2013,62,80.6
50,150414,"Westbrook, Jake",2011,3057,1.6
50,501874,"Mickolio, Kam",2010,88,56.8
50,674944,"Guenther, Sean",2025,154,32.5
50,502042,"Archer, Chris",2013,2103,2.4
50,434628,"Hammel, Jason",2015,2751,1.8
50,607067,"Rea, Colin",2025,1094,4.6
50,400061,"Oswalt, Roy",2011,2159,2.3
50,213680,"MacDougal, Mike",2012,119,42
50,346798,"Lohse, Kyle",2012,3127,1.6
50,502706,"Holland, Derek",2010,1057,4.7
50,150469,"Bale, John",2008,364,13.7
50,502162,"Castro, Angel",2015,88,56.8
50,502033,"Brewer, Charles",2013,97,51.5
50,456387,"Feierabend, Ryan",2014,134,37.3
50,400113,"Walrond, Les",2008,176,28.4
50,407890,"Lewis, Colby",2014,2801,1.8
50,120485,"Pettitte, Andy",2008,3274,1.5
50,452061,"Phillips, Zach",2011,132,37.9
50,544931,"Strasburg, Stephen",2015,2043,2.4
50,453186,"Maine, Scott",2010,208,24
49,123431,"Trachsel, Steve",2008,720,6.8
49,446454,"Bannister, Brian",2010,2166,2.3
49,673965,"Freeman, Caleb",2025,70,70
49,493133,"Kuroda, Hiroki",2009,1812,2.7
49,435401,"Schumaker, Skip",2013,49,100
49,430618,"Hampson, Justin",2012,142,34.5
49,519043,"Moore, Matt",2013,2621,1.9
49,467094,"Doubront, Felix",2015,1268,3.9
49,452764,"Carpenter, Chris",2011,194,25.3
49,434622,"Jiménez, Ubaldo",2013,3163,1.5
49,572309,"Flores, Kendry",2015,201,24.4
49,682990,"Priester, Quinn",2025,1080,4.5
49,458676,"Lindblom, Josh",2013,555,8.8
49,460008,"Varvaro, Anthony",2010,94,52.1
49,605538,"Wisler, Matt",2015,1772,2.8
49,150438,"Lopez, Rodrigo",2010,3087,1.6
49,518452,"Bettis, Chad",2015,1882,2.6
49,448159,"Parra, Manny",2008,2807,1.7
49,500779,"Quintana, Jose",2013,3335,1.5
49,594815,"Ferrell, Jeff",2015,184,26.6
49,502032,"Norris, Bud",2011,3149,1.6
49,460059,"Pelfrey, Mike",2015,2663,1.8
49,446398,"Carignan, Andrew",2011,129,38
49,458677,"Wilson, Justin",2012,104,47.1
49,430580,"Simon, Alfredo",2014,3014,1.6
48,571800,"Hutchison, Drew",2015,2511,1.9
48,573127,"Rosscup, Zac",2013,118,40.7
48,476011,"Maloney, Matt",2011,362,13.3
48,455949,"Mathieson, Scott",2010,48,100
48,519229,"Rosin, Seth",2014,71,67.6
48,452676,"Talbot, Mitch",2010,2630,1.8
48,554431,"Matzek, Tyler",2014,1764,2.7
48,457796,"Olson, Garrett",2011,76,63.2
48,474039,"Beato, Pedro",2014,77,62.3
48,518833,"Hynes, Colt",2015,59,81.4
48,451075,"Martinez, David",2013,167,28.7
48,408241,"Peavy, Jake",2011,1856,2.6
48,458950,"Humber, Philip",2009,221,21.7
48,448842,"De La Cruz, Frankie",2009,70,68.6
48,491646,"Gómez, Jeanmar",2012,1460,3.3
48,476595,"Luetge, Lucas",2014,137,35
48,669920,"Alexander, Jason",2025,218,22
48,346799,"Rincon, Juan",2010,48,100
48,543380,"Jungmann, Taylor",2015,2045,2.3
48,458713,"Slowey, Kevin",2010,2579,1.9
48,429720,"Maine, John",2013,145,33.1
48,462102,"Hanson, Tommy",2010,3272,1.5
47,592665,"Reed, Addison",2011,137,34.3
47,527054,"Teheran, Julio",2013,2885,1.6
47,425656,"Ledezma, Wilfredo",2009,111,42.3
47,425794,"Wainwright, Adam",2015,383,12.3
47,676969,"de Geus, Brett",2025,47,100
47,433579,"Danks, John",2008,3144,1.5
47,150277,"Davis, Doug",2008,2478,1.9
47,445060,"Nolasco, Ricky",2014,2641,1.8
47,453249,"Manship, Jeff",2009,603,7.8
47,453329,"Buchholz, Clay",2013,1629,2.9
47,429723,"Valdez, Merkin",2011,85,55.3
47,543266,"Hagens, Bradin",2014,55,85.5
47,219194,"Meche, Gil",2009,2279,2.1
47,458094,"Stange, Daniel",2010,99,47.5
47,477003,"Niese, Jonathon",2013,2343,2
47,461862,"Register, Steven",2009,47,100
47,623465,"Phillips, Evan",2025,92,51.1
47,334492,"Pineiro, Joel",2008,2227,2.1
47,502171,"Cobb, Alex",2012,2169,2.2
47,433589,"Petit, Yusmeiro",2013,731,6.4
47,460069,"Romero, Ricky",2009,2988,1.6
47,458537,"Luebke, Cory",2010,305,15.4
47,592662,"Ray, Robbie",2014,547,8.6
47,460283,"Blevins, Jerry",2015,55,85.5
47,641343,"Bauers, Jake",2025,47,100
47,501957,"Tillman, Chris",2012,1438,3.3
47,131702,"Looper, Braden",2008,3231,1.5
47,488782,"Claggett, Anthony",2009,107,43.9
47,518444,"Beavan, Blake",2012,2303,2
47,606160,"Montero, Rafael",2014,837,5.6
47,217096,"Zito, Barry",2009,3204,1.5
46,465679,"Deduno, Samuel",2011,69,66.7
46,150359,"Burnett, A.J.",2015,2500,1.8
46,458708,"Tomlin, Josh",2011,2370,1.9
46,457453,"Jurrjens, Jair",2008,3081,1.5
46,572888,"Greene, Shane",2015,1336,3.4
46,434628,"Hammel, Jason",2009,2771,1.7
46,466459,"Rosario, Sandy",2011,65,70.8
46,612434,"Castro, Miguel",2025,105,43.8
46,150319,"Fogg, Josh",2008,1367,3.4
46,434627,"Speier, Ryan",2009,94,48.9
46,475054,"Roe, Chaz",2014,46,100
46,594835,"Gonzales, Marco",2014,623,7.4
46,461836,"Lambert, Chris",2009,218,21.1
46,458708,"Tomlin, Josh",2012,1610,2.9
46,502009,"Latos, Mat",2014,1533,3
46,474029,"Putnam, Zach",2013,70,65.7
46,671305,"Otañez, Michel",2025,121,38
46,150116,"Wolf, Randy",2014,430,10.7
46,450312,"Worrell, Mark",2011,46,100
46,425626,"Capuano, Chris",2011,2962,1.6
46,453249,"Manship, Jeff",2012,387,11.9
46,502046,"Locke, Jeff",2012,563,8.2
46,115817,"Hernandez, Livan",2011,2688,1.7
46,474029,"Putnam, Zach",2011,114,40.4
45,456421,"Pomeranz, Stu",2012,90,50
45,605156,"Brooks, Aaron",2014,87,51.7
45,452027,"Albers, Andrew",2013,917,4.9
45,489119,"Miley, Wade",2014,3217,1.4
45,702674,"Dana, Caden",2025,119,37.8
45,435221,"McCarthy, Brandon",2009,1585,2.8
45,519443,"Workman, Brandon",2014,1429,3.1
45,425747,"Contreras, Jose",2013,114,39.5
45,518553,"Cishek, Steve",2010,63,71.4
45,150302,"Marquis, Jason",2013,1912,2.4
45,450172,"Volquez, Edinson",2015,3298,1.4
45,656896,"Rivera, Emmanuel",2025,45,100
45,660761,"Suarez, José",2025,123,36.6
45,502009,"Latos, Mat",2015,1804,2.5
45,656849,"Peterson, David",2025,1330,3.4
45,694851,"Hoffmann, Andrew",2025,45,100
45,452240,"Russell, Adam",2009,272,16.5
45,460265,"Sowers, Jeremy",2009,2030,2.2
45,475243,"Wood, Travis",2013,3090,1.5
45,596057,"Norris, Daniel",2014,138,32.6
45,430904,"Maholm, Paul",2009,3051,1.5
45,150153,"Figueroa, Nelson",2011,551,8.2
45,434643,"Rodriguez, Wandy",2015,1594,2.8
45,430674,"Brazoban, Yhency",2008,72,62.5
45,592244,"Darnell, Logan",2014,394,11.4
45,150359,"Burnett, A.J.",2010,3118,1.4
44,469134,"Rogers, Esmil",2011,1514,2.9
44,521055,"Cleto, Maikel",2013,59,74.6
44,459429,"McGee, Jake",2010,82,53.7
44,113296,"Dessens, Elmer",2008,100,44
44,461848,"Miller, Jim",2014,63,69.8
44,700270,"Díaz, Yilber",2025,60,73.3
44,681882,"Selby, Colin",2025,79,55.7
44,544928,"Lyons, Tyler",2014,535,8.2
44,517059,"De Paula, Jose",2015,66,66.7
44,668834,"McGee, Easton",2025,59,74.6
44,675650,"Mercado, Michael",2025,44,100
44,543456,"Lobstein, Kyle",2015,1009,4.4
44,527048,"Pérez, Martín",2013,1858,2.4
44,460024,"Hochevar, Luke",2010,1642,2.7
44,430666,"Stockman, Phil",2008,129,34.1
44,429901,"Mitre, Sergio",2009,878,5
44,572021,"Pazos, James",2015,86,51.2
44,608665,"Graveman, Kendall",2014,61,72.1
44,425186,"Davis, Jason",2008,538,8.2
44,425856,"Floyd, Gavin",2012,2758,1.6
44,456043,"Sánchez, Jonathan",2008,2830,1.6
44,519144,"Porcello, Rick",2012,2828,1.6
44,475416,"Masterson, Justin",2014,2249,2
44,408241,"Peavy, Jake",2014,3225,1.4
44,493337,"Maya, Yunesky",2011,506,8.7
44,458530,"Davis, Erik",2013,159,27.7
44,456379,"Alburquerque, Al",2012,228,19.3
44,429781,"Correia, Kevin",2013,2921,1.5
44,570649,"Ventura, Yordano",2014,2985,1.5
43,434672,"Smith, Chris",2008,304,14.1
43,471896,"Figueroa, Pedro",2014,144,29.9
43,519411,"West, Matt",2014,69,62.3
43,493137,"Matsuzaka, Daisuke",2008,2904,1.5
43,334492,"Pineiro, Joel",2011,2196,2
43,501687,"Marte, Luis",2011,57,75.4
43,596064,"Owens, Henry",2015,1058,4.1
43,544931,"Strasburg, Stephen",2014,3295,1.3
43,501745,"De Los Santos, Fautino",2012,74,58.1
43,451532,"Billingsley, Chad",2012,2381,1.8
43,543144,"Farquhar, Danny",2011,43,100
43,424324,"Lee, Cliff",2014,1273,3.4
43,120485,"Pettitte, Andy",2013,2896,1.5
43,462956,"Paulino, Felipe",2009,1753,2.5
43,606273,"Elías, Roenis",2015,1842,2.3
43,460128,"Whelan, Kevin",2011,43,100
43,592869,"Wilson, Tyler",2015,520,8.3
43,346798,"Lohse, Kyle",2009,1965,2.2
43,554432,"Jenkins, Chad",2015,80,53.8
43,605135,"Bassitt, Chris",2014,527,8.2
43,117955,"Lowe, Derek",2010,3166,1.4
43,500743,"Rojas, Miguel",2025,43,100
43,460105,"Smith, Greg",2008,3093,1.4
43,425487,"Wellemeyer, Todd",2008,3095,1.4
43,547184,"Kelly, Michael",2025,95,45.3
43,502004,"Kontos, George",2011,90,47.8
43,456045,"Savery, Joe",2014,43,100
43,543548,"Milone, Tommy",2013,2598,1.7
43,150119,"Garcia, Freddy",2011,2291,1.9
43,491703,"Feliz, Neftalí",2013,107,40.2
43,669391,"White, Owen",2025,101,42.6
43,458713,"Slowey, Kevin",2009,1425,3
43,450172,"Volquez, Edinson",2008,3386,1.3
43,605156,"Brooks, Aaron",2015,885,4.9
43,448802,"García, Jaime",2012,1757,2.4
43,430950,"Gordon, Brian",2008,61,70.5
42,460104,"Slama, Anthony",2010,107,39.3
42,458155,"Martinez, Joe",2009,539,7.8
42,425772,"Mathis, Jeff",2012,42,100
42,687377,"Ribalta, Orlando",2025,142,29.6
42,489189,"Outman, Josh",2009,1104,3.8
42,682052,"Lopez, Jacob",2025,686,6.1
42,502706,"Holland, Derek",2015,909,4.6
42,501957,"Tillman, Chris",2015,2943,1.4
42,408206,"Myers, Brett",2013,319,13.2
42,453286,"Scherzer, Max",2012,3278,1.3
42,444446,"Balester, Collin",2012,298,14.1
42,493133,"Kuroda, Hiroki",2014,3097,1.4
42,458550,"Hefner, Jeremy",2013,2140,2
42,592815,"Tuivailala, Sam",2014,42,100
42,491708,"Caminero, Arquimedes",2014,114,36.8
42,150302,"Marquis, Jason",2008,2659,1.6
42,150302,"Marquis, Jason",2012,2046,2.1
42,434643,"Rodriguez, Wandy",2011,3145,1.3
42,456027,"Ohlendorf, Ross",2013,974,4.3
42,493247,"Moylan, Peter",2012,64,65.6
42,643361,"Herget, Kevin",2025,42,100
42,491220,"Jones, Hunter",2009,251,16.7
42,460370,"Perez, Rafael",2012,116,36.2
42,501381,"Pineda, Michael",2015,2548,1.6
42,544993,"Geltz, Steve",2012,42,100
42,457768,"Morris, Bryan",2012,74,56.8
42,456701,"Bailey, Homer",2011,2106,2
42,462522,"Gray, Jeff",2008,88,47.7
42,434628,"Hammel, Jason",2012,1932,2.2
42,572362,"Erlin, Robbie",2013,902,4.7
42,571666,"Fiers, Mike",2011,42,100
41,543495,"Martin, Ethan",2013,772,5.3
41,605317,"Knudson, Guido",2015,119,34.5
41,450729,"Fister, Doug",2015,1654,2.5
41,681895,"Sisk, Evan",2025,120,34.2
41,690829,"Joyce, Ben",2025,70,58.6
41,676755,"Mattson, Isaac",2025,135,30.4
41,456589,"Bergmann, Jason",2008,2279,1.8
41,458708,"Tomlin, Josh",2015,949,4.3
41,450203,"Morton, Charlie",2025,1200,3.4
41,346869,"Towers, Josh",2009,70,58.6
41,277417,"Beckett, Josh",2014,1909,2.1
41,543607,"Olmos, Edgar",2013,76,53.9
41,425543,"Wilson, Josh",2009,41,100
41,544993,"Geltz, Steve",2014,158,25.9
41,279824,"Buehrle, Mark",2013,3299,1.2
41,407400,"Bauer, Rick",2008,118,34.7
41,451788,"Marcum, Shaun",2011,3181,1.3
41,434671,"Sánchez, Aníbal",2010,3234,1.3
41,457448,"Harrison, Matt",2008,1371,3
41,448694,"Wells, Randy",2008,54,75.9
41,276520,"Arroyo, Bronson",2008,3436,1.2
41,444371,"Karstens, Jeff",2010,1790,2.3
41,451085,"Matusz, Brian",2010,3007,1.4
41,593423,"Montas, Frankie",2015,286,14.3
41,457448,"Harrison, Matt",2009,1068,3.8
41,453332,"Butler, Josh",2009,102,40.2
41,518493,"Britton, Drake",2014,88,46.6
41,446341,"Richmond, Scott",2009,2376,1.7
41,434672,"Smith, Chris",2010,63,65.1
41,493247,"Moylan, Peter",2008,70,58.6
40,445090,"Korecky, Bobby",2009,124,32.3
40,489295,"Schlitter, Brian",2015,140,28.6
40,502042,"Archer, Chris",2014,3160,1.3
40,594986,"Ryan, Kyle",2015,891,4.5
40,663546,"Hjelle, Sean",2025,138,29
40,594762,"Bochy, Brett",2015,43,93
40,451773,"De La Rosa, Dane",2014,40,100
40,542953,"Boshers, Buddy",2013,252,15.9
40,455091,"Ekstrom, Mike",2008,192,20.8
40,434884,"Rowland-Smith, Ryan",2009,1503,2.7
40,407296,"Zambrano, Carlos",2011,2464,1.6
40,466459,"Rosario, Sandy",2012,60,66.7
40,458595,"Mosebach, Bobby",2009,66,60.6
40,276520,"Arroyo, Bronson",2014,1253,3.2
40,425856,"Floyd, Gavin",2010,3020,1.3
40,554234,"Pérez, Williams",2015,1870,2.1
40,628452,"Iglesias, Raisel",2015,1566,2.6
40,451075,"Martinez, David",2014,111,36
40,543521,"McHugh, Collin",2014,2486,1.6
40,488674,"Badenhop, Burke",2008,808,5
40,519015,"McPherson, Kyle",2012,441,9.1
40,400008,"Majewski, Gary",2010,40,100
40,573244,"Wilk, Adam",2015,40,100
40,523848,"Domínguez, José",2015,72,55.6
40,430680,"Lehr, Justin",2009,1070,3.7
40,430904,"Maholm, Paul",2010,3068,1.3
40,450306,"Vargas, Jason",2010,3020,1.3
40,445968,"Eveland, Dana",2015,61,65.6
39,430683,"Germano, Justin",2014,120,32.5
39,457711,"O'Sullivan, Sean",2011,950,4.1
39,547939,"Lim, Chang-Yong",2013,123,31.7
39,429722,"Santana, Ervin",2014,2987,1.3
39,544928,"Lyons, Tyler",2015,959,4.1
39,595441,"Tracy, Matt",2015,39,100
39,641793,"Littell, Zack",2025,1314,3
39,475095,"Weiland, Kyle",2011,445,8.8
39,519076,"Nelson, Jimmy",2015,2791,1.4
39,656848,"Petersen, Michael",2025,52,75
39,425561,"Waters, Chris",2008,1074,3.6
39,458713,"Slowey, Kevin",2011,910,4.3
39,680885,"Schwellenbach, Spencer",2025,1394,2.8
39,207267,"Penny, Brad",2009,2952,1.3
39,519455,"Zimmermann, Jordan",2015,3103,1.3
39,150404,"Lilly, Ted",2008,3240,1.2
39,458690,"Volstad, Chris",2008,1312,3
39,461833,"Hughes, Phil",2010,3006,1.3
39,448802,"García, Jaime",2015,1857,2.1
39,446454,"Bannister, Brian",2009,2522,1.5
39,518716,"Gee, Dillon",2014,2120,1.8
39,435221,"McCarthy, Brandon",2014,3044,1.3
39,462102,"Hanson, Tommy",2013,1261,3.1
39,681916,"Smith, Dylan",2025,75,52
39,503449,"Peralta, Wily",2012,454,8.6
39,453184,"Lincoln, Brad",2014,51,76.5
39,547348,"Lee, C.C.",2015,39,100
39,116615,"Johnson, Randy",2008,2900,1.3
39,501638,"Viola, Pedro",2011,97,40.2
39,593958,"Rodriguez, Eduardo",2015,2009,1.9
39,434622,"Jiménez, Ubaldo",2012,3123,1.2
39,430638,"Colon, Roman",2010,63,61.9
39,461833,"Hughes, Phil",2013,2550,1.5
39,446624,"Haeger, Charlie",2009,308,12.7
39,453232,"Godfrey, Graham",2012,365,10.7
38,489334,"Stammen, Craig",2011,149,25.5
38,534910,"Hahn, Jesse",2015,1531,2.5
38,488984,"Hunter, Tommy",2009,1738,2.2
38,622072,"Wood, Alex",2015,2909,1.3
38,346871,"Cook, Aaron",2010,1969,1.9
38,663855,"Hicks, Jordan",2025,825,4.6
38,571760,"Heaney, Andrew",2014,479,7.9
38,519105,"Parker, Jarrod",2012,2830,1.3
38,489119,"Miley, Wade",2025,205,18.5
38,425626,"Capuano, Chris",2012,2976,1.3
38,476570,"Mazzaro, Vin",2011,494,7.7
38,475243,"Wood, Travis",2010,1613,2.4
38,684974,"Yoho, Craig",2025,129,29.5
38,435298,"Niemann, Jeff",2008,279,13.6
38,455077,"Carp, Mike",2014,38,100
38,434578,"Saunders, Joe",2013,3110,1.2
38,572751,"Butler, Keith",2014,54,70.4
38,430904,"Maholm, Paul",2013,2498,1.5
38,150119,"Garcia, Freddy",2013,1161,3.3
38,594762,"Bochy, Brett",2014,64,59.4
38,400067,"Silva, Carlos",2008,2458,1.5
38,453284,"Parker, Blake",2012,130,29.2
38,474463,"Anderson, Brett",2015,2716,1.4
38,579799,"Igarashi, Ryota",2012,114,33.3
38,686654,"Adcock, Ty",2025,82,46.3
38,448287,"French, Luke",2009,1166,3.3
38,446264,"Enright, Barry",2012,79,48.1
38,448656,"Reineke, Chad",2008,339,11.2
38,499107,"Bueno, Francisley",2008,52,73.1
38,458628,"Mather, Joe",2010,38,100
38,475479,"Phelps, David",2015,1858,2
38,119608,"Mussina, Mike",2008,3135,1.2
38,435044,"Baker, Scott",2008,2694,1.4
38,519110,"Paterson, Joe",2013,38,100
38,434622,"Jiménez, Ubaldo",2014,2306,1.6
38,488846,"Duensing, Brian",2011,2669,1.4
37,435179,"Olsen, Scott",2009,1042,3.6
37,446003,"Asencio, Jairo",2009,37,100
37,275700,"Abreu, Winston",2009,128,28.9
37,459345,"Hacker, Eric",2012,142,26.1
37,434628,"Hammel, Jason",2014,2796,1.3
37,448694,"Wells, Randy",2009,2543,1.5
37,543023,"Christiani, Nick",2014,184,20.1
37,686701,"Bergert, Ryan",2025,381,9.7
37,543351,"Jackson, Jay",2015,73,50.7
37,534910,"Hahn, Jesse",2025,79,46.8
37,425861,"Camp, Shawn",2014,51,72.5
37,425844,"Greinke, Zack",2011,2841,1.3
37,502165,"Carpenter, Drew",2009,136,27.2
37,442707,"DiFelice, Mark",2011,52,71.2
37,475022,"Hansen, Craig",2009,108,34.3
37,640454,"Krook, Matt",2025,71,52.1
37,458730,"Parnell, Bobby",2008,93,39.8
37,475138,"Drabek, Kyle",2011,1473,2.5
37,657053,"Toussaint, Touki",2025,37,100
37,471183,"Joaquin, Waldis",2011,101,36.6
37,429724,"Van Benschoten, John",2008,480,7.7
37,452293,"Albaladejo, Jonathan",2008,233,15.9
37,425561,"Waters, Chris",2009,197,18.8
37,448147,"Blackburn, Nick",2008,2884,1.3
37,543294,"Hendricks, Kyle",2015,2793,1.3
37,502706,"Holland, Derek",2014,572,6.5
36,462089,"Jaime, Juan",2015,36,100
36,446333,"Kunz, Eddie",2008,55,65.5
36,501697,"Mariñez, Jhan",2012,36,100
36,460072,"Berken, Jason",2012,333,10.8
36,663562,"Davis, Noah",2025,87,41.4
36,519445,"Worth, Danny",2014,36,100
36,501985,"Minor, Mike",2012,2863,1.3
36,425487,"Wellemeyer, Todd",2010,989,3.6
36,506693,"Alvarez III, Henderson",2013,1451,2.5
36,642215,"Wilson, Weston",2025,36,100
36,669373,"Skubal, Tarik",2025,1370,2.6
36,450308,"Weaver, Jered",2008,3041,1.2
36,446248,"Augenstein, Bryan",2009,267,13.5
36,115399,"Hampton, Mike",2010,58,62.1
36,605228,"Fernández, José",2014,787,4.6
36,570810,"Bonilla, Lisalverto",2014,319,11.3
36,502139,"Stinson, Josh",2012,152,23.7
36,434619,"Gonzalez, Enrique",2008,54,66.7
36,134320,"Vazquez, Javier",2011,3004,1.2
36,453311,"Lincecum, Tim",2012,3299,1.1
36,444836,"Laffey, Aaron",2012,1558,2.3
36,502190,"Leake, Mike",2010,2131,1.7
36,543521,"McHugh, Collin",2013,435,8.3
36,500891,"Ibarra, Edgar",2015,80,45
36,696136,"Wicks, Jordan",2025,36,100
36,456027,"Ohlendorf, Ross",2012,905,4
36,502032,"Norris, Bud",2010,2726,1.3
36,425827,"Bonderman, Jeremy",2010,2736,1.3
36,546276,"Escobar, Edwin",2014,36,100
36,499877,"Kawakami, Kenshin",2010,1458,2.5
36,642239,"Zastryzny, Rob",2025,174,20.7
36,446264,"Enright, Barry",2013,181,19.9
36,430599,"Blanton, Joe",2010,2747,1.3
36,650633,"King, Michael",2025,923,3.9
36,687074,"Owens, Tyler",2025,36,100
35,605476,"Smith, Carson",2014,114,30.7
35,545404,"Beachy, Brandon",2012,1331,2.6
35,489020,"Kilby, Brad",2009,257,13.6
35,462995,"Van Den Hurk, Rick",2011,198,17.7
35,434678,"Davies, Kyle",2015,38,92.1
35,430683,"Germano, Justin",2013,35,100
35,605288,"Houser, Adrian",2015,35,100
35,606273,"Elías, Roenis",2014,2661,1.3
35,421685,"Harang, Aaron",2014,3394,1
35,434590,"Bazardo, Yorman",2009,552,6.3
35,455119,"Martin, Chris",2014,253,13.8
35,452733,"Gorzelanny, Tom",2010,2325,1.5
35,407797,"Green, Nick",2009,35,100
35,285064,"Vogelsong, Ryan",2014,3058,1.1
35,450275,"Lowe, Mark",2014,144,24.3
35,474699,"Worley, Vance",2010,204,17.2
35,477003,"Niese, Jonathon",2010,2947,1.2
35,407822,"De La Rosa, Jorge",2008,2255,1.6
35,622761,"Mateo, Jorge",2025,35,100
35,547749,"Tazawa, Junichi",2009,498,7
35,681799,"Roberts, Ethan",2025,127,27.6
35,475243,"Wood, Travis",2012,2499,1.4
35,543734,"Rusin, Chris",2014,195,17.9
35,689266,"Dodd, Dylan",2025,45,77.8
35,425426,"Wang, Chien-Ming",2008,1410,2.5
35,476206,"Thomas, Justin",2008,83,42.2
35,612672,"Chen, Wei-Yin",2013,2192,1.6
35,656257,"Brigham, Jeff",2025,63,55.6
35,669193,"Little, Jack",2025,35,100
35,433579,"Danks, John",2014,3298,1.1
35,460657,"Slaten, Doug",2009,122,28.7
35,489267,"Rosales, Adam",2015,35,100
35,462945,"Jimenez, Cesar",2011,121,28.9
35,543339,"Hudson, Daniel",2012,801,4.4
34,445968,"Eveland, Dana",2009,839,4.1
34,133225,"Dempster, Ryan",2011,3515,1
34,681432,"Little, Luke",2025,34,100
34,285064,"Vogelsong, Ryan",2012,3056,1.1
34,120485,"Pettitte, Andy",2009,3287,1
34,424805,"Hendrickson, Mark",2011,215,15.8
34,594736,"Anderson, Cody",2015,1294,2.6
34,474699,"Worley, Vance",2014,1578,2.2
34,451775,"Rodriguez Jr., Fernando",2009,34,100
34,505447,"Dickson, Brandon",2011,124,27.4
34,592879,"Wojciechowski, Asher",2015,311,10.9
34,503449,"Peralta, Wily",2014,3192,1.1
34,449170,"Cordier, Erik",2015,217,15.7
34,502609,"Herrera, Daniel",2011,145,23.4
34,451788,"Marcum, Shaun",2015,563,6
34,519043,"Moore, Matt",2011,169,20.1
34,519110,"Paterson, Joe",2014,34,100
34,429440,"Gonzalez, Edgar",2013,313,10.9
34,461836,"Lambert, Chris",2008,411,8.3
34,571577,"Copeland, Scott",2015,252,13.5
34,491220,"Jones, Hunter",2010,34,100
34,490063,"Garza, Matt",2012,1699,2
34,506988,"Belfiore, Mike",2013,34,100
33,434671,"Sánchez, Aníbal",2014,2097,1.6
33,605400,"Nola, Aaron",2015,1117,3
33,501227,"Cabrera, Alberto",2013,113,29.2
33,445590,"Stults, Eric",2009,884,3.7
33,458584,"Cedeño, Xavier",2011,36,91.7
33,621112,"Blackburn, Paul",2025,235,14
33,543548,"Milone, Tommy",2014,1925,1.7
33,572362,"Erlin, Robbie",2014,1007,3.3
33,657277,"Webb, Logan",2025,1546,2.1
33,451774,"DeSalvo, Matt",2008,75,44
33,489334,"Stammen, Craig",2009,1584,2.1
33,453385,"Richard, Clayton",2013,854,3.9
33,457744,"Thompson, Aaron",2014,102,32.4
33,458094,"Stange, Daniel",2013,33,100
33,282567,"Vargas, Claudio",2008,563,5.9
33,677865,"Bruihl, Justin",2025,33,100
33,476570,"Mazzaro, Vin",2014,195,16.9
33,506606,"Okajima, Hideki",2013,79,41.8
33,642016,"Robert, Daniel",2025,33,100
33,400061,"Oswalt, Roy",2012,1001,3.3
33,595918,"Cole, A.J.",2015,157,21
33,501985,"Minor, Mike",2014,2424,1.4
33,407296,"Zambrano, Carlos",2009,2843,1.2
33,453381,"Mulvey, Kevin",2010,62,53.2
33,607968,"Rucinski, Drew",2015,154,21.4
32,400061,"Oswalt, Roy",2013,595,5.4
32,477003,"Niese, Jonathon",2015,2701,1.2
32,523989,"De La Rosa, Rubby",2014,1751,1.8
32,453344,"Morrow, Brandon",2011,3112,1
32,458155,"Martinez, Joe",2010,331,9.7
32,460024,"Hochevar, Luke",2009,2349,1.4
32,122987,"Suppan, Jeff",2008,2827,1.1
32,670766,"McCaughan, Darren",2025,86,37.2
32,460639,"Peguero, Jailen",2008,144,22.2
32,446341,"Richmond, Scott",2012,56,57.1
32,516969,"Herrera, Kelvin",2011,32,100
32,676979,"Crochet, Garrett",2025,1596,2
32,456027,"Ohlendorf, Ross",2009,2693,1.2
32,502171,"Cobb, Alex",2014,2610,1.2
32,571561,"Cingrani, Tony",2013,1816,1.8
32,430661,"McGowan, Dustin",2011,376,8.5
32,429720,"Maine, John",2008,2540,1.3
32,489334,"Stammen, Craig",2015,65,49.2
32,457935,"Daley, Matt",2011,102,31.4
32,453385,"Richard, Clayton",2010,3212,1
32,445060,"Nolasco, Ricky",2015,665,4.8
32,489020,"Kilby, Brad",2010,137,23.4
32,458250,"Hughes, Dusty",2009,240,13.3
32,435638,"Jackson, Zach",2008,900,3.6
32,543243,"Gray, Sonny",2013,995,3.2
32,453286,"Scherzer, Max",2011,3344,1
32,545363,"Turner, Jacob",2013,1855,1.7
32,594798,"deGrom, Jacob",2014,2236,1.4
32,594986,"Ryan, Kyle",2014,163,19.6
32,425796,"Francoeur, Jeff",2015,48,66.7
32,502272,"Fien, Casey",2010,45,71.1
32,545333,"Bauer, Trevor",2014,2591,1.2
31,453515,"Purcey, David",2008,1110,2.8
31,276371,"Santana, Johan",2009,2575,1.2
31,500674,"Sanchez, Eduardo",2013,121,25.6
31,465679,"Deduno, Samuel",2010,50,62
31,150414,"Westbrook, Jake",2008,504,6.2
31,467094,"Doubront, Felix",2013,2845,1.1
31,605452,"Ross, Joe",2015,1153,2.7
31,612672,"Chen, Wei-Yin",2014,2977,1
31,543339,"Hudson, Daniel",2014,49,63.3
31,444371,"Karstens, Jeff",2008,831,3.7
31,448252,"Waldrop, Kyle",2011,178,17.4
31,430588,"Nieve, Fernando",2008,201,15.4
31,451584,"Davis, Wade",2009,600,5.2
31,457453,"Jurrjens, Jair",2010,1826,1.7
31,518716,"Gee, Dillon",2015,616,5
31,429984,"Proctor, Scott",2010,109,28.4
31,119215,"Moehler, Brian",2009,2516,1.2
31,669084,"Hall, DL",2025,196,15.8
31,502208,"Walters, P.J.",2012,1019,3
31,453281,"LeBlanc, Wade",2013,971,3.2
31,493137,"Matsuzaka, Daisuke",2011,657,4.7
31,458681,"Lynn, Lance",2013,3351,0.9
31,435044,"Baker, Scott",2010,2673,1.2
31,694973,"Skenes, Paul",2025,1579,2
31,593582,"De Los Santos, Abel",2015,31,100
31,122915,"Sturtze, Tanyon",2008,39,79.5
31,407793,"Lackey, John",2011,2844,1.1
31,456701,"Bailey, Homer",2009,2014,1.5
31,501955,"Chamberlain, Joba",2009,2733,1.1
31,680604,"Castaño, Blas",2025,50,62
31,457711,"O'Sullivan, Sean",2010,1419,2.2
31,687606,"Schultz, Paxton",2025,353,8.8
31,450172,"Volquez, Edinson",2013,3013,1
30,571945,"Mikolas, Miles",2013,30,100
30,669372,"Ginn, J.T.",2025,394,7.6
30,446641,"Lopez, Wilton",2009,336,8.9
30,607087,"Snodgress, Scott",2014,67,44.8
30,547749,"Tazawa, Junichi",2011,54,55.6
30,407872,"Diaz, Joselo",2008,30,100
30,279782,"Garland, Jon",2011,828,3.6
30,453184,"Lincoln, Brad",2011,752,4
30,692230,"Rodriguez, Carlos",2025,74,40.5
30,207267,"Penny, Brad",2011,2951,1
30,502154,"Britton, Zack",2011,2509,1.2
30,408052,"Bootcheck, Chris",2013,30,100
30,548348,"Joseph, Donnie",2014,30,100
30,430904,"Maholm, Paul",2011,2456,1.2
30,430599,"Blanton, Joe",2011,588,5.1
30,475243,"Wood, Travis",2014,3045,1
30,571946,"Miller, Shelby",2014,2858,1
30,119469,"Moyer, Jamie",2009,2652,1.1
30,136727,"Nunez, Vladimir",2009,30,100
30,346797,"Balfour, Grant",2015,89,33.7
30,668881,"Greene, Hunter",2025,978,3.1
30,671096,"Abbott, Andrew",2025,1091,2.7
30,445090,"Korecky, Bobby",2014,58,51.7
30,543023,"Christiani, Nick",2013,55,54.5
30,663321,"Hernandez, Nick",2025,30,100
30,150438,"Lopez, Rodrigo",2012,104,28.8
29,663978,"Paddack, Chris",2025,1323,2.2
29,424668,"Adkins, Jon",2008,67,43.3
29,453184,"Lincoln, Brad",2010,857,3.4
29,458681,"Lynn, Lance",2015,3053,0.9
29,492821,"Villar, Henry",2010,95,30.5
29,674072,"Henry, Tommy",2025,107,27.1
29,605477,"Smith, Chad",2015,48,60.4
29,686730,"Spiers, Carson",2025,245,11.8
29,605164,"Bundy, Dylan",2012,29,100
29,121386,"Rogers, Kenny",2008,2847,1
29,445590,"Stults, Eric",2011,192,15.1
29,489002,"Johnson, Steve",2015,113,25.7
29,543294,"Hendricks, Kyle",2014,1156,2.5
29,571951,"Mitchell, Bryan",2014,157,18.5
29,448694,"Wells, Randy",2012,547,5.3
29,453192,"Miller, Andrew",2009,1389,2.1
29,506693,"Alvarez III, Henderson",2012,2865,1
29,502083,"McAllister, Zach",2013,2292,1.3
29,691094,"Wynne, Randy",2025,47,61.7
29,594580,"Moll, Sam",2025,52,55.8
29,465593,"Martinez, Carlos",2009,61,47.5
29,607200,"Fedde, Erick",2025,1328,2.2
29,452293,"Albaladejo, Jonathan",2012,54,53.7
29,543809,"Spruill, Zeke",2014,325,8.9
29,469167,"Ceda, Jose",2010,192,15.1
29,457761,"Tucker, Ryan",2011,96,30.2
29,218894,"Padilla, Vicente",2010,1466,2
29,458708,"Tomlin, Josh",2010,1112,2.6
29,435178,"Johnson, Josh",2008,1412,2.1
29,501985,"Minor, Mike",2010,769,3.8
29,218894,"Padilla, Vicente",2008,2900,1
29,457796,"Olson, Garrett",2008,2317,1.3
28,642708,"Rosario, Amed",2025,28,100
28,493603,"Ottavino, Adam",2010,421,6.7
28,493351,"Ramirez, Alexei",2015,28,100
28,453895,"Ryan, Brendan",2015,28,100
28,690986,"Harrison, Kyle",2025,388,7.2
28,453178,"Kennedy, Ian",2009,28,100
28,232994,"Strickland, Scott",2010,40,70
28,457456,"Reyes, Jo-Jo",2008,1939,1.4
28,519076,"Nelson, Jimmy",2014,1109,2.5
28,429780,"Narveson, Chris",2011,2641,1.1
28,445995,"Lopez, Arturo",2009,63,44.4
28,476531,"Taylor, Andrew",2012,48,58.3
28,451584,"Davis, Wade",2010,2789,1
28,543101,"DeSclafani, Anthony",2015,2913,1
28,502032,"Norris, Bud",2014,2746,1
28,521655,"Font, Wilmer",2013,28,100
28,501638,"Viola, Pedro",2010,28,100
28,445926,"Chavez, Jesse",2025,69,40.6
28,572140,"Skaggs, Tyler",2014,1703,1.6
28,434622,"Jiménez, Ubaldo",2015,3060,0.9
28,693855,"Seymour, Ian",2025,28,100
28,501381,"Pineda, Michael",2011,2688,1
28,456068,"González, Miguel",2013,2713,1
28,433584,"Hernandez, Roberto",2008,2028,1.4
28,429718,"Hill, Shawn",2008,1133,2.5
28,502046,"Locke, Jeff",2015,2780,1
28,471911,"Carrasco, Carlos",2011,1965,1.4
28,434638,"Burres, Brian",2011,233,12
28,476595,"Luetge, Lucas",2015,33,84.8
27,501627,"Cabral, Cesar",2014,49,55.1
27,453268,"Bard, Daniel",2013,27,100
27,450203,"Morton, Charlie",2009,1599,1.7
27,573064,"Nuño, Vidal",2013,314,8.6
27,543339,"Hudson, Daniel",2009,317,8.5
27,460131,"Bogusevic, Brian",2012,27,100
27,571666,"Fiers, Mike",2015,3042,0.9
27,114354,"Fox, Chad",2009,27,100
27,687847,"Church, Marc",2025,99,27.3
27,489448,"Zagurski, Mike",2011,81,33.3
27,489039,"LaFromboise, Bobby",2014,53,50.9
27,592527,"Mariot, Michael",2015,44,61.4
27,461865,"Romine, Andrew",2014,27,100
27,643327,"Godley, Zack",2015,574,4.7
27,451256,"Birkins, Kurt",2008,131,20.6
27,679922,"Duran, Carlos",2025,27,100
27,543056,"Coulombe, Danny",2014,79,34.2
27,421685,"Harang, Aaron",2015,2844,0.9
27,476454,"Betances, Dellin",2011,71,38
27,543803,"Soto, Giovanni",2015,44,61.4
27,447744,"Valdes, Raul",2014,77,35.1
27,453249,"Manship, Jeff",2013,519,5.2
27,430683,"Germano, Justin",2012,1154,2.3
26,460077,"Butera, Drew",2014,26,100
26,669717,"Wilson, Will",2025,26,100
26,435619,"Misch, Pat",2010,569,4.6
26,217096,"Zito, Barry",2015,150,17.3
26,518716,"Gee, Dillon",2012,1752,1.5
26,612672,"Chen, Wei-Yin",2012,3137,0.8
26,472490,"Ryu, Jae Kuk",2008,26,100
26,519405,"Weinhardt, Robbie",2011,28,92.9
26,656550,"Holmes, Grant",2025,1302,2
26,445193,"Coello, Robert",2010,100,26
26,663568,"Kolek, Stephen",2025,821,3.2
26,475115,"Ross, Tyson",2015,3229,0.8
26,116615,"Johnson, Randy",2009,1509,1.7
26,453307,"Huff, David",2015,94,27.7
26,701121,"VanWey, Logan",2025,160,16.3
26,505447,"Dickson, Brandon",2012,131,19.8
26,543475,"Lyles, Jordan",2012,2364,1.1
26,599998,"Campos, Leonel",2014,128,20.3
26,502083,"McAllister, Zach",2012,2119,1.2
26,621121,"McCullers Jr., Lance",2015,2109,1.2
26,477195,"Davis, Ike",2015,26,100
26,454537,"Burton, Jared",2011,95,27.4
26,519242,"Sale, Chris",2025,1486,1.7
26,491696,"Sucre, Jesús",2015,26,100
26,518790,"Heston, Chris",2014,103,25.2
26,608665,"Graveman, Kendall",2015,1898,1.4
26,502158,"Roenicke, Josh",2008,62,41.9
26,554430,"Wheeler, Zack",2014,3308,0.8
26,453286,"Scherzer, Max",2009,3073,0.8
26,446861,"Moscoso, Guillermo",2010,26,100
26,517593,"Salazar, Danny",2014,1869,1.4
26,451482,"Galarraga, Armando",2009,2453,1.1
26,518782,"Hellweg, Johnny",2013,614,4.2
26,646242,"Díaz, Jhonathan",2025,26,100
26,607732,"Stallings, Jacob",2025,26,100
26,519144,"Porcello, Rick",2011,2860,0.9
25,502188,"Samardzija, Jeff",2010,374,6.7
25,454537,"Burton, Jared",2010,42,59.5
25,458730,"Parnell, Bobby",2014,25,100
25,519344,"Tepesch, Nick",2014,2029,1.2
25,450832,"English, Jesse",2010,124,20.2
25,592570,"Morris, Akeel",2015,25,100
25,543135,"Eovaldi, Nathan",2013,1696,1.5
25,605218,"Edwards Jr., Carl",2025,47,53.2
25,444447,"Beck, Chad",2011,25,100
25,542924,"Beliveau, Jeff",2015,64,39.1
25,457456,"Reyes, Jo-Jo",2009,432,5.8
25,543607,"Olmos, Edgar",2015,239,10.5
25,700241,"McGreevy, Michael",2025,257,9.7
25,502327,"Santiago, Héctor",2011,65,38.5
25,432934,"Young, Chris",2008,1743,1.4
25,544725,"García, Leury",2014,25,100
25,425747,"Contreras, Jose",2008,1903,1.3
25,446264,"Enright, Barry",2010,1483,1.7
25,457117,"Frieri, Ernesto",2009,25,100
25,543391,"Kelly, Casey",2015,201,12.4
25,434623,"Morillo, Juan",2009,42,59.5
25,533167,"Shoemaker, Matt",2015,2089,1.2
25,595371,"Rearick, Chris",2015,58,43.1
25,488786,"Coleman, Louis",2015,42,59.5
25,802419,"Harrington, Thomas",2025,150,16.7
25,430605,"Raburn, Ryan",2015,25,100
25,543022,"Chatwood, Tyler",2011,2418,1
25,499107,"Bueno, Francisley",2013,99,25.3
25,640451,"Harvey, Hunter",2025,79,31.6
25,431148,"Kazmir, Scott",2009,2631,1
25,671162,"Thomas, Connor",2025,119,21
25,450172,"Volquez, Edinson",2012,3221,0.8
25,433579,"Danks, John",2013,2202,1.1
25,457453,"Jurrjens, Jair",2012,830,3
25,607068,"Reed, Chris",2015,51,49
25,669704,"Strowd, Kade",2025,25,100
25,461833,"Hughes, Phil",2011,1292,1.9
25,408304,"Switzer, Jon",2009,67,37.3
25,514981,"Moreno, Diego",2015,165,15.2
25,701552,"Granillo, Andre",2025,71,35.2
25,120485,"Pettitte, Andy",2012,1131,2.2
24,488787,"Coleman, Casey",2011,1513,1.6
24,543548,"Milone, Tommy",2015,2067,1.2
24,573244,"Wilk, Adam",2011,243,9.9
24,476205,"Wall, Josh",2014,43,55.8
24,445590,"Stults, Eric",2008,620,3.9
24,657746,"Ryan, Joe",2025,1264,1.9
24,503569,"Dolis, Rafael",2013,75,32
24,476451,"Hellickson, Jeremy",2010,587,4.1
24,407840,"Backe, Brandon",2008,2789,0.9
24,456501,"Cueto, Johnny",2009,2904,0.8
24,656629,"Kopech, Michael",2025,70,34.3
24,572971,"Keuchel, Dallas",2012,1388,1.7
24,425426,"Wang, Chien-Ming",2012,565,4.2
24,455090,"Egbert, Jack",2009,78,30.8
24,453304,"Gaub, John",2011,53,45.3
24,446624,"Haeger, Charlie",2008,111,21.6
24,571656,"Farmer, Buck",2014,194,12.4
24,424144,"Pérez, Oliver",2008,3366,0.7
24,451596,"Gallardo, Yovani",2012,3480,0.7
24,430911,"Aardsma, David",2012,24,100
24,459932,"Ambriz, Hector",2014,33,72.7
24,150021,"McDonald, Darnell",2011,24,100
24,641540,"Dunning, Dane",2025,52,46.2
24,458950,"Humber, Philip",2008,184,13
24,429781,"Correia, Kevin",2012,2565,0.9
24,450729,"Fister, Doug",2009,962,2.5
24,424164,"Saarloos, Kirk",2008,401,6
24,686249,"Wiles, Nathan",2025,24,100
24,150021,"McDonald, Darnell",2012,24,100
24,547179,"Lorenzen, Michael",2015,1997,1.2
24,517414,"Delgado, Randall",2012,1616,1.5
23,516714,"Álvarez, Dario",2014,31,74.2
23,448179,"Hill, Rich",2015,434,5.3
23,571946,"Miller, Shelby",2012,196,11.7
23,699134,"Rodriguez, Bradgley",2025,25,92
23,448178,"Jepsen, Kevin",2008,148,15.5
23,676702,"Stratton, Hunter",2025,51,45.1
23,476011,"Maloney, Matt",2012,147,15.6
23,553872,"Barrios, Yhonathan",2015,101,22.8
23,114354,"Fox, Chad",2008,76,30.3
23,622253,"Tate, Dillon",2025,118,19.5
23,453344,"Morrow, Brandon",2013,910,2.5
23,543606,"Odorizzi, Jake",2014,3028,0.8
23,461829,"González, Gio",2010,3369,0.7
23,544725,"García, Leury",2015,23,100
23,453385,"Richard, Clayton",2011,1646,1.4
23,516935,"Pimentel, Stolmy",2013,146,15.8
23,453329,"Buchholz, Clay",2009,1521,1.5
23,690382,"Darrell-Hicks, Michael",2025,134,17.2
23,449774,"MacLane, Evan",2010,23,100
23,444382,"Bonine, Eddie",2009,519,4.4
23,516769,"Mejia, Jenrry",2012,299,7.7
23,445968,"Eveland, Dana",2008,2684,0.9
23,450172,"Volquez, Edinson",2009,848,2.7
23,450203,"Morton, Charlie",2013,1715,1.3
23,445968,"Eveland, Dana",2011,435,5.3
23,450665,"Medlen, Kris",2011,23,100
23,446399,"Cecil, Brett",2009,1605,1.4
23,119215,"Moehler, Brian",2008,2313,1
23,677020,"Walker, Josh",2025,92,25
23,519403,"Weber, Thad",2012,85,27.1
23,400062,"Redding, Tim",2008,3138,0.7
23,460349,"Rosa, Carlos",2008,51,45.1
23,488751,"Burnett, Alex",2013,51,45.1
23,451596,"Gallardo, Yovani",2014,3216,0.7
23,400291,"Moseley, Dustin",2008,874,2.6
23,448614,"Torres, Carlos",2009,485,4.7
23,665625,"Peguero, Elvis",2025,146,15.8
23,121556,"Rusch, Glendon",2009,339,6.8
23,448801,"Davis, Chris",2012,23,100
23,595978,"Hedges, Austin",2025,23,100
23,521230,"Hendriks, Liam",2012,1463,1.6
23,118377,"Martinez, Pedro",2009,728,3.2
23,628333,"Despaigne, Odrisamer",2014,1549,1.5
23,455092,"Elbert, Scott",2008,131,17.6
23,444857,"Feldman, Scott",2009,3179,0.7
23,431162,"Stauffer, Tim",2011,3005,0.8
23,445222,"Cassel, Jack",2008,476,4.8
22,675540,"Curry, Xzavion",2025,56,39.3
22,506429,"Fukumori, Kazuo",2008,99,22.2
22,430663,"Bruney, Brian",2012,22,100
22,605232,"Finnegan, Brandon",2014,121,18.2
22,452061,"Phillips, Zach",2013,42,52.4
22,463017,"Martis, Shairon",2009,1360,1.6
22,543699,"Roark, Tanner",2013,756,2.9
22,543475,"Lyles, Jordan",2014,2100,1
22,489056,"Leesman, Charlie",2013,335,6.6
22,518516,"Bumgarner, Madison",2010,1720,1.3
22,276055,"Dunn, Adam",2014,22,100
22,489150,"Mortensen, Clayton",2009,571,3.9
22,543881,"Villarreal, Pedro",2013,122,18
22,150116,"Wolf, Randy",2012,2710,0.8
22,516853,"Rodríguez, Wilking",2014,33,66.7
22,518863,"Jordan, Taylor",2015,255,8.6
22,457918,"Happ, J.A.",2010,1576,1.4
22,607405,"Cornely, John",2015,22,100
22,501852,"Billings, Bruce",2014,76,28.9
22,421685,"Harang, Aaron",2011,2755,0.8
22,448802,"García, Jaime",2010,2609,0.8
22,453562,"Arrieta, Jake",2010,1718,1.3
22,430897,"Swisher, Nick",2009,22,100
22,682274,"Hiraldo, Yaramil",2025,22,100
22,571466,"Barnhart, Tucker",2025,22,100
22,488787,"Coleman, Casey",2010,906,2.4
22,444371,"Karstens, Jeff",2012,1313,1.7
22,452718,"Kendrick, Kyle",2014,3102,0.7
21,543408,"Koehler, Tom",2014,2941,0.7
21,543408,"Koehler, Tom",2015,2976,0.7
21,543054,"Cosart, Jarred",2015,1170,1.8
21,282562,"Pettyjohn, Adam",2008,92,22.8
21,519141,"Pomeranz, Drew",2013,417,5
21,676272,"Miller, Bobby",2025,116,18.1
21,119154,"Millwood, Kevin",2012,2596,0.8
21,425827,"Bonderman, Jeremy",2008,1177,1.8
21,434643,"Rodriguez, Wandy",2008,2276,0.9
21,150479,"Lopez, Felipe",2010,21,100
21,592332,"Gausman, Kevin",2025,1400,1.5
21,445213,"Kintzler, Brandon",2010,123,17.1
21,456071,"Flande, Yohan",2014,897,2.3
21,445968,"Eveland, Dana",2010,945,2.2
21,642048,"Saucedo, Tayler",2025,84,25
21,444857,"Feldman, Scott",2015,1771,1.2
21,434538,"Liriano, Francisco",2008,1270,1.7
21,445984,"Delgado, Jesus",2008,44,47.7
21,435401,"Schumaker, Skip",2011,21,100
21,431148,"Kazmir, Scott",2008,2749,0.8
21,425768,"Guzman, Angel",2008,160,13.1
21,446321,"Detwiler, Ross",2011,982,2.1
21,445090,"Korecky, Bobby",2012,21,100
21,663878,"Pearson, Nate",2025,170,12.4
21,435619,"Misch, Pat",2011,137,15.3
21,444444,"Atkins, Mitch",2009,21,100
21,150302,"Marquis, Jason",2015,783,2.7
21,452217,"Whisler, Wes",2009,30,70
21,677955,"Hill, Jaden",2025,52,40.4
20,430941,"Sherrill, George",2012,32,62.5
20,456701,"Bailey, Homer",2010,1934,1
20,592398,"Hill, Taylor",2014,155,12.9
20,456102,"Pauley, David",2010,1419,1.4
20,502226,"Gentry, Craig",2012,20,100
20,663623,"Irvin, Jake",2025,1380,1.4
20,466412,"Perdomo, Luis",2010,20,100
20,471911,"Carrasco, Carlos",2010,681,2.9
20,458690,"Volstad, Chris",2009,2588,0.8
20,435179,"Olsen, Scott",2010,1319,1.5
20,461829,"González, Gio",2015,2947,0.7
20,457796,"Olson, Garrett",2012,20,100
20,468396,"Ogando, Alexi",2013,1710,1.2
20,501985,"Minor, Mike",2013,3126,0.6
20,519240,"Rzepczynski, Marc",2010,1082,1.8
20,434671,"Sánchez, Aníbal",2012,3057,0.7
20,457711,"O'Sullivan, Sean",2009,912,2.2
20,502055,"Buente, Jay",2011,97,20.6
20,458155,"Martinez, Joe",2013,66,30.3
20,517414,"Delgado, Randall",2013,1811,1.1
20,543903,"Webster, Allen",2015,517,3.9
20,461815,"Murphy, David",2013,20,100
20,543037,"Cole, Gerrit",2014,2197,0.9
20,452737,"Schwinden, Chris",2012,187,10.7
20,407822,"De La Rosa, Jorge",2014,3067,0.7
20,117955,"Lowe, Derek",2009,3219,0.6
20,450320,"Pignatiello, Carmen",2008,28,71.4
20,518444,"Beavan, Blake",2011,1478,1.4
20,430404,"Gomes, Jonny",2015,20,100
20,521655,"Font, Wilmer",2012,53,37.7
20,517060,"Hernandez, Pedro",2013,1021,2
20,421685,"Harang, Aaron",2012,3096,0.6
20,462102,"Hanson, Tommy",2012,2916,0.7
20,444992,"Welker, Duke",2013,20,100
20,218894,"Padilla, Vicente",2009,2447,0.8
20,150116,"Wolf, Randy",2008,3172,0.6
20,503438,"Delaney, Rob",2010,20,100
20,460265,"Sowers, Jeremy",2008,2023,1
19,282332,"Sabathia, CC",2015,2703,0.7
19,462136,"Estrada, Marco",2010,238,8
19,451497,"Slocum, Brian",2008,50,38
19,543809,"Spruill, Zeke",2013,197,9.6
19,688138,"Evans, Logan",2025,610,3.1
19,663399,"Waddell, Brandon",2025,169,11.2
19,682989,"Mederos, Victor",2025,56,33.9
19,469686,"Aceves, Alfredo",2008,461,4.1
19,425848,"Harden, Rich",2008,2457,0.8
19,666659,"Lao, Sauryn",2025,37,51.4
19,571561,"Cingrani, Tony",2012,101,18.8
19,425446,"Miles, Aaron",2010,19,100
19,457858,"Rundles, Rich",2008,99,19.2
19,596142,"Sánchez, Gary",2025,19,100
19,501983,"Snider, Travis",2014,19,100
19,595897,"Burdi, Nick",2025,83,22.9
19,448802,"García, Jaime",2013,826,2.3
19,502165,"Carpenter, Drew",2008,19,100
19,433657,"Bush, Dave",2013,51,37.3
19,453329,"Buchholz, Clay",2008,1381,1.4
19,461815,"Murphy, David",2015,19,100
19,453515,"Purcey, David",2009,883,2.2
19,430580,"Simon, Alfredo",2008,205,9.3
19,519455,"Zimmermann, Jordan",2011,2464,0.8
19,429717,"Haren, Dan",2015,2906,0.7
19,519076,"Nelson, Jimmy",2013,144,13.2
19,424325,"Ross, David",2015,19,100
19,543135,"Eovaldi, Nathan",2025,1065,1.8
19,136602,"Perez, Odalis",2008,2703,0.7
19,434678,"Davies, Kyle",2008,1968,1
19,276547,"Wise, Dewayne",2012,19,100
19,446861,"Moscoso, Guillermo",2013,522,3.6
19,449777,"Stetter, Mitch",2010,92,20.7
19,425496,"Ross, Cody",2009,19,100
18,605488,"Springs, Jeffrey",2025,1338,1.3
18,277417,"Beckett, Josh",2013,739,2.4
18,434638,"Burres, Brian",2010,1356,1.3
18,457422,"Dillard, Tim",2009,86,20.9
18,669721,"Daniel, Davis",2025,18,100
18,444382,"Bonine, Eddie",2008,400,4.5
18,435178,"Johnson, Josh",2011,940,1.9
18,459987,"Ramos, Cesár",2009,239,7.5
18,406550,"Burke, Jamie",2008,18,100
18,527048,"Pérez, Martín",2015,1215,1.5
18,432934,"Young, Chris",2014,2718,0.7
18,450172,"Volquez, Edinson",2010,1100,1.6
18,493159,"Wada, Tsuyoshi",2015,534,3.4
18,451628,"Figaro, Alfredo",2009,317,5.7
18,400085,"Suzuki, Ichiro",2015,18,100
18,519128,"Petersen, Bryan",2011,18,100
18,502624,"Anderson, Chase",2015,2462,0.7
18,680862,"MacIver, Willie",2025,18,100
18,571510,"Boyd, Matthew",2025,1274,1.4
18,425626,"Capuano, Chris",2013,1699,1.1
18,663795,"Hagenman, Justin",2025,89,20.2
18,407853,"Bedard, Erik",2014,1397,1.3
18,458709,"Lannan, John",2013,1231,1.5
18,686563,"Cannon, Jonathan",2025,1093,1.6
18,434623,"Morillo, Juan",2008,18,100
18,450312,"Worrell, Mark",2008,118,15.3
18,607259,"Martinez, Nick",2015,2119,0.8
18,622569,"Reyes, Pablo",2025,18,100
18,543507,"May, Trevor",2014,839,2.1
18,642180,"Wade, Tyler",2025,18,100
18,571510,"Boyd, Matthew",2015,1003,1.8
18,477003,"Niese, Jonathon",2008,267,6.7
18,518420,"Axelrod, Dylan",2011,315,5.7
18,660844,"Rivas, Leo",2025,18,100
18,543594,"Nolin, Sean",2014,18,100
18,218596,"Hudson, Tim",2015,1854,1
18,430912,"Cain, Matt",2014,1440,1.3
18,453249,"Manship, Jeff",2011,83,21.7
18,681962,"Capra, Vinny",2025,18,100
17,449161,"Rogers, Mark",2010,147,11.6
17,571787,"Holmberg, David",2014,516,3.3
17,457918,"Happ, J.A.",2015,2839,0.6
17,453307,"Huff, David",2010,1391,1.2
17,460257,"Fox, Matt",2010,125,13.6
17,545338,"Franklin, Nick",2015,17,100
17,502032,"Norris, Bud",2012,2819,0.6
17,453192,"Miller, Andrew",2010,651,2.6
17,456045,"Savery, Joe",2011,29,58.6
17,434540,"Jones, Garrett",2015,17,100
17,545363,"Turner, Jacob",2012,897,1.9
17,456027,"Ohlendorf, Ross",2010,1771,1
17,150009,"Ortiz, Ramon",2013,438,3.9
17,665152,"Kremer, Dean",2025,1373,1.2
17,346871,"Cook, Aaron",2012,1353,1.3
17,434538,"Liriano, Francisco",2014,2714,0.6
17,457428,"McDonald, James",2010,1209,1.4
17,435140,"Penn, Hayden",2010,66,25.8
17,518653,"Elmore, Jake",2015,17,100
17,452676,"Talbot, Mitch",2011,1114,1.5
17,429780,"Narveson, Chris",2013,35,48.6
17,284566,"Eaton, Adam",2008,1801,0.9
17,453178,"Kennedy, Ian",2014,3402,0.5
17,572020,"Paxton, James",2014,1182,1.4
17,435401,"Schumaker, Skip",2014,17,100
17,674370,"Bido, Osvaldo",2025,861,2
17,500902,"Oliveros, Lester",2012,32,53.1
17,501381,"Pineda, Michael",2014,1140,1.5
17,543488,"Maronde, Nick",2012,98,17.3
17,542883,"Anna, Dean",2014,17,100
17,571946,"Miller, Shelby",2013,2968,0.6
17,460077,"Butera, Drew",2012,17,100
17,407822,"De La Rosa, Jorge",2015,2459,0.7
17,136600,"Chen, Bruce",2012,3193,0.5
17,504379,"Nicasio, Juan",2011,1159,1.5
17,429781,"Correia, Kevin",2010,2520,0.7
17,543294,"Hendricks, Kyle",2025,1232,1.4
16,489232,"Recker, Anthony",2013,16,100
16,433657,"Bush, Dave",2009,1856,0.9
16,608331,"Fried, Max",2025,1429,1.1
16,543903,"Webster, Allen",2013,535,3
16,572888,"Greene, Shane",2014,1353,1.2
16,691799,"Taylor, Grant",2025,64,25
16,448753,"Berg, Justin",2011,183,8.7
16,458537,"Luebke, Cory",2012,512,3.1
16,150212,"Cuddyer, Michael",2011,16,100
16,473879,"Dyson, Sam",2013,173,9.2
16,595001,"Smith, Josh A.",2015,662,2.4
16,150119,"Garcia, Freddy",2009,824,1.9
16,676701,"Trejo, Alan",2025,16,100
16,543495,"Martin, Ethan",2014,69,23.2
16,516910,"Frías, Carlos",2015,1181,1.4
16,538227,"Takahashi, Hisanori",2013,56,28.6
16,458155,"Martinez, Joe",2012,16,100
16,430574,"Maier, Mitch",2011,16,100
16,277417,"Beckett, Josh",2010,2172,0.7
16,608648,"Duffey, Tyler",2015,908,1.8
16,340393,"Gload, Ross",2009,16,100
16,461829,"González, Gio",2014,2623,0.6
16,457812,"Marquez, Jeff",2010,16,100
16,523260,"Kelly, Joe",2014,1580,1
16,572102,"Sampson, Keyvius",2015,1044,1.5
16,622663,"Severino, Luis",2025,1566,1
16,543178,"Freeman, Justin",2013,16,100
16,595465,"Winkler, Dan",2015,33,48.5
16,663432,"Rainey, Tanner",2025,156,10.3
16,571527,"Buchanan, David",2014,1817,0.9
16,425543,"Wilson, Josh",2015,16,100
16,501874,"Mickolio, Kam",2011,122,13.1
16,458709,"Lannan, John",2011,2938,0.5
15,122620,"Springer, Russ",2010,33,45.5
15,519168,"Ranaudo, Anthony",2015,293,5.1
15,669854,"Blanco, Ronel",2025,794,1.9
15,453385,"Richard, Clayton",2015,615,2.4
15,543054,"Cosart, Jarred",2013,1024,1.5
15,650911,"Sánchez, Cristopher",2025,1346,1.1
15,621139,"Kriske, Brooks",2025,30,50
15,523648,"Hamburger, Mark",2011,140,10.7
15,647351,"Toro, Abraham",2025,15,100
15,592332,"Gausman, Kevin",2014,1951,0.8
15,448159,"Parra, Manny",2009,2554,0.6
15,676206,"Tarnok, Freddy",2025,31,48.4
15,518715,"Gearrin, Cory",2015,49,30.6
15,150230,"Redman, Mark",2008,764,2
15,450203,"Morton, Charlie",2015,1995,0.8
15,430673,"Ramirez, Ramon E",2014,15,100
15,501627,"Cabral, Cesar",2015,15,100
15,543094,"Decker, Jaff",2015,15,100
15,453301,"De Vries, Cole",2012,1471,1
15,543521,"McHugh, Collin",2012,396,3.8
15,462136,"Estrada, Marco",2012,2246,0.7
15,477132,"Kershaw, Clayton",2008,1859,0.8
15,519085,"Oberholtzer, Brett",2015,655,2.3
15,434643,"Rodriguez, Wandy",2010,3205,0.5
15,448147,"Blackburn, Nick",2012,1628,0.9
15,457508,"Van Every, Jonathan",2009,15,100
15,457918,"Happ, J.A.",2011,2972,0.5
15,431148,"Kazmir, Scott",2013,2742,0.5
15,641927,"Ober, Bailey",2025,1288,1.2
15,429440,"Gonzalez, Edgar",2011,34,44.1
15,543037,"Cole, Gerrit",2013,1727,0.9
15,519048,"Moreland, Mitch",2014,15,100
15,517593,"Salazar, Danny",2013,821,1.8
15,502130,"Runzler, Dan",2012,67,22.4
15,592593,"Nicolino, Justin",2015,1047,1.4
15,668670,"Rogers, Jake",2025,15,100
15,430673,"Ramirez, Ramon E",2013,112,13.4
15,462522,"Gray, Jeff",2010,157,9.6
15,676051,"Heuer, Codi",2025,20,75
15,207267,"Penny, Brad",2014,448,3.3
15,434671,"Sánchez, Aníbal",2009,1476,1
15,455117,"Maldonado, Martín",2014,15,100
15,451596,"Gallardo, Yovani",2015,3226,0.5
15,545404,"Beachy, Brandon",2011,2417,0.6
15,682515,"Porter, Logan",2025,15,100
14,476811,"West, Sean",2009,1705,0.8
14,434678,"Davies, Kyle",2009,2171,0.6
14,425532,"Williams, Jerome",2011,678,2.1
14,459988,"Ray, Robert",2009,363,3.9
14,506432,"Igawa, Kei",2008,78,17.9
14,518774,"Harvey, Matt",2012,978,1.4
14,691172,"Zulueta, Yosver",2025,38,36.8
14,459974,"Meloan, Jon",2008,26,53.8
14,519043,"Moore, Matt",2012,3023,0.5
14,681857,"Olson, Reese",2025,801,1.7
14,276336,"Chacon, Shawn",2008,1404,1
14,429400,"Loewen, Adam",2008,402,3.5
14,572020,"Paxton, James",2015,1111,1.3
14,207267,"Penny, Brad",2010,812,1.7
14,456744,"Schroder, Chris",2008,111,12.6
14,451788,"Marcum, Shaun",2012,2069,0.7
14,150426,"Mulder, Mark",2008,43,32.6
14,488768,"Cashner, Andrew",2015,3109,0.5
14,346871,"Cook, Aaron",2011,1476,0.9
14,571735,"Hale, David",2015,1300,1.1
14,466459,"Rosario, Sandy",2010,41,34.1
14,459939,"Boggs, Mitchell",2008,577,2.4
14,444360,"Davidson, Daniel",2009,40,35
14,457508,"Van Every, Jonathan",2010,14,100
14,446213,"Sinkbeil, Brett",2010,58,24.1
14,453178,"Kennedy, Ian",2013,3089,0.5
14,502166,"Mills, Brad",2014,413,3.4
14,452718,"Kendrick, Kyle",2015,2222,0.6
14,543135,"Eovaldi, Nathan",2012,2065,0.7
14,678821,"Peralta, Luis",2025,192,7.3
14,571578,"Corbin, Patrick",2025,1131,1.2
14,457918,"Happ, J.A.",2013,1723,0.8
14,493337,"Maya, Yunesky",2013,14,100
14,503438,"Delaney, Rob",2011,110,12.7
14,467785,"Liz, Radhames",2008,1546,0.9
14,687830,"Gipson-Long, Sawyer",2025,176,8
14,642520,"Garabito, Gerson",2025,121,11.6
14,459988,"Ray, Robert",2010,80,17.5
14,453203,"Robinson, Shane",2015,14,100
13,451259,"Brown, Dusty",2009,13,100
13,456501,"Cueto, Johnny",2013,958,1.4
13,693821,"Elder, Bryce",2025,967,1.3
13,547943,"Ryu, Hyun Jin",2014,2443,0.5
13,407822,"De La Rosa, Jorge",2011,956,1.4
13,503449,"Peralta, Wily",2015,1754,0.7
13,429708,"Marte, Andy",2010,13,100
13,457428,"McDonald, James",2008,95,13.7
13,571760,"Heaney, Andrew",2015,1645,0.8
13,451585,"Demel, Sam",2012,13,100
13,542235,"Mercedes, Melvin",2014,23,56.5
13,207267,"Penny, Brad",2008,1690,0.8
13,519344,"Tepesch, Nick",2013,1537,0.8
13,545404,"Beachy, Brandon",2013,448,2.9
13,435178,"Johnson, Josh",2013,1470,0.9
13,346800,"Rivera, Saul",2010,84,15.5
13,677976,"Dobnak, Randy",2025,79,16.5
13,543258,"Guilmet, Preston",2013,98,13.3
13,407853,"Bedard, Erik",2009,1456,0.9
13,490008,"Manuel, Robert",2009,79,16.5
13,518655,"Ely, John",2010,1633,0.8
13,677649,"Duran, Ezequiel",2025,13,100
13,678316,"Cruz, Omar",2025,81,16
13,461377,"Musser, Neal",2008,13,100
13,425883,"Willis, Dontrelle",2011,1235,1.1
13,476270,"Tolleson, Steve",2014,13,100
13,407835,"Lane, Jason",2014,141,9.2
13,502253,"Sanabia, Alex",2010,1132,1.1
13,111838,"Byrd, Paul",2009,555,2.3
13,430605,"Raburn, Ryan",2013,13,100
13,449060,"Rapada, Clay",2013,31,41.9
13,453281,"LeBlanc, Wade",2011,1323,1
13,121215,"Rincon, Ricardo",2008,61,21.3
13,501627,"Cabral, Cesar",2013,55,23.6
13,457428,"McDonald, James",2011,2899,0.4
13,502166,"Mills, Brad",2010,411,3.2
12,421685,"Harang, Aaron",2010,2061,0.6
12,455091,"Ekstrom, Mike",2011,12,100
12,506693,"Alvarez III, Henderson",2011,977,1.2
12,407822,"De La Rosa, Jorge",2010,2026,0.6
12,573186,"Stroman, Marcus",2015,373,3.2
12,425560,"LaRoche, Adam",2015,12,100
12,686752,"Pepiot, Ryan",2025,1385,0.9
12,474226,"Tobin, Mason",2011,94,12.8
12,476451,"Hellickson, Jeremy",2015,2478,0.5
12,453454,"McCoy, Mike",2011,12,100
12,122477,"Smoltz, John",2008,449,2.7
12,502028,"Wood, Blake",2013,42,28.6
12,488768,"Cashner, Andrew",2011,147,8.2
12,690928,"Dobbins, Hunter",2025,829,1.4
12,459999,"Stevens, Jeff",2011,146,8.2
12,642547,"Peralta, Freddy",2025,1513,0.8
12,445216,"McCutchen, Daniel",2012,12,100
12,451596,"Gallardo, Yovani",2013,3048,0.4
12,446207,"Geer, Josh",2009,1634,0.7
12,656605,"Keller, Mitch",2025,1387,0.9
12,502154,"Britton, Zack",2012,1069,1.1
12,622780,"Perdomo, Angel",2025,72,16.7
12,491703,"Feliz, Neftalí",2012,737,1.6
12,474463,"Anderson, Brett",2010,1801,0.7
12,430640,"Pena Jr., Tony",2008,12,100
12,650489,"Castro, Willi",2025,12,100
12,543881,"Villarreal, Pedro",2012,12,100
12,519144,"Porcello, Rick",2009,2726,0.4
12,502166,"Mills, Brad",2011,376,3.2
12,502281,"Hatley, Marcus",2015,24,50
12,488748,"Buchter, Ryan",2014,12,100
12,445177,"Heath, Deunte",2012,23,52.2
12,434137,"Kensing, Logan",2013,12,100
12,430636,"Snell, Ian",2010,877,1.4
12,460269,"Gimenez, Chris",2014,12,100
12,150348,"McDonald, John",2013,12,100
12,645444,"Herrera, Jose",2025,12,100
11,592767,"Smyly, Drew",2012,1748,0.6
11,453329,"Buchholz, Clay",2011,1355,0.8
11,453172,"Hughes, Jared",2011,190,5.8
11,407853,"Bedard, Erik",2008,1371,0.8
11,453311,"Lincecum, Tim",2015,1323,0.8
11,407849,"Hall, Bill",2010,11,100
11,455605,"Martin, J.D.",2010,808,1.4
11,429723,"Valdez, Merkin",2010,50,22
11,518653,"Elmore, Jake",2013,11,100
11,474521,"Tolleson, Shawn",2013,11,100
11,542585,"Cisnero, José",2014,100,11
11,461212,"Palmer, Matt",2012,41,26.8
11,663967,"Salazar, César",2025,11,100
11,502208,"Walters, P.J.",2013,677,1.6
11,430642,"Capellan, Jose",2008,35,31.4
11,434669,"Mendoza, Luis",2011,202,5.4
11,444836,"Laffey, Aaron",2013,257,4.3
11,449060,"Rapada, Clay",2009,56,19.6
11,573185,"Straily, Dan",2013,2465,0.4
11,445204,"Brummett, Tyson",2012,11,100
11,457711,"O'Sullivan, Sean",2014,192,5.7
11,592314,"Foltynewicz, Mike",2015,1481,0.7
11,686613,"Brown, Hunter",2025,1339,0.8
11,518863,"Jordan, Taylor",2013,773,1.4
11,434633,"Baker, John",2014,11,100
11,493603,"Ottavino, Adam",2025,42,26.2
11,450203,"Morton, Charlie",2014,2504,0.4
11,543022,"Chatwood, Tyler",2013,1782,0.6
11,519085,"Oberholtzer, Brett",2014,2251,0.5
11,449881,"Swindle, R.J.",2008,96,11.5
11,502211,"Bolsinger, Mike",2015,1779,0.6
11,679775,"Backhus, Kyle",2025,55,20
11,663436,"Martin, Davis",2025,1254,0.9
11,573185,"Straily, Dan",2015,291,3.8
11,462136,"Estrada, Marco",2009,152,7.2
11,460024,"Hochevar, Luke",2008,2077,0.5
11,543334,"House, TJ",2014,1576,0.7
11,676724,"Young, Jared",2025,11,100
11,453353,"Reynolds, Greg",2013,472,2.3
11,458008,"Sanchez, Humberto",2008,29,37.9
11,458709,"Lannan, John",2008,2946,0.4
11,450580,"Richardson, Dustin",2009,53,20.8
11,453281,"LeBlanc, Wade",2009,771,1.4
11,518526,"Carpenter, David",2015,66,16.7
10,457453,"Jurrjens, Jair",2013,109,9.2
10,443563,"Serrano, Alex",2008,10,100
10,518420,"Axelrod, Dylan",2014,310,3.2
10,429719,"Jackson, Edwin",2013,2932,0.3
10,657376,"Schmidt, Clarke",2025,983,1
10,425446,"Miles, Aaron",2008,10,100
10,219194,"Meche, Gil",2008,3555,0.3
10,571527,"Buchanan, David",2015,1230,0.8
10,523260,"Kelly, Joe",2015,2378,0.4
10,663941,"Beck, Tristan",2025,185,5.4
10,429717,"Haren, Dan",2014,3096,0.3
10,607625,"Lugo, Seth",2025,1199,0.8
10,571945,"Mikolas, Miles",2014,931,1.1
10,285064,"Vogelsong, Ryan",2013,1748,0.6
10,408211,"Cash, Kevin",2010,10,100
10,579328,"Kikuchi, Yusei",2025,1420,0.7
10,457581,"Brackman, Andrew",2011,55,18.2
10,407832,"Valdez, Wilson",2011,10,100
10,517008,"Colomé, Alex",2014,385,2.6
10,150393,"Armas, Tony",2008,137,7.3
10,450317,"Arencibia, J.P.",2014,10,100
10,119469,"Moyer, Jamie",2008,3167,0.3
10,282656,"Sheets, Ben",2010,1950,0.5
10,592091,"Achter, A.J.",2014,169,5.9
10,456167,"Griffin, A.J.",2012,1421,0.7
10,680730,"Parker, Mitchell",2025,1300,0.8
10,683004,"Leiter, Jack",2025,1034,1
10,433579,"Danks, John",2012,834,1.2
10,453531,"Johnson, Rob",2012,10,100
10,571927,"Matz, Steven",2015,576,1.7
10,475138,"Drabek, Kyle",2014,55,18.2
10,429721,"Ring, Royce",2010,47,21.3
10,493137,"Matsuzaka, Daisuke",2013,663,1.5
10,501625,"Alvarez, Jose",2014,10,100
9,425206,"Carroll, Jamey",2013,9,100
9,657424,"Gage, Matt",2025,38,23.7
9,114971,"Gordon, Tom",2009,36,25
9,689958,"Walters, Andrew",2025,29,31
9,593576,"Neris, Héctor",2014,9,100
9,435043,"Duke, Zach",2010,2638,0.3
9,518516,"Bumgarner, Madison",2009,156,5.8
9,605513,"Turnbull, Spencer",2025,80,11.3
9,519208,"Robinson, Clint",2015,9,100
9,691951,"Aldegheri, Sam",2025,49,18.4
9,456034,"Price, David",2008,236,3.8
9,460260,"Lewis, Scott",2008,385,2.3
9,458709,"Lannan, John",2010,2355,0.4
9,502327,"Santiago, Héctor",2015,3162,0.3
9,667755,"Soriano, José",2025,1413,0.6
9,477237,"Garrison, Steve",2011,9,100
9,150277,"Davis, Doug",2011,867,1
9,543456,"Lobstein, Kyle",2014,630,1.4
9,462102,"Hanson, Tommy",2009,1986,0.5
9,430574,"Maier, Mitch",2012,9,100
9,493117,"Fujikawa, Kyuji",2015,26,34.6
9,465679,"Deduno, Samuel",2012,1335,0.7
9,136880,"Halladay, Roy",2013,1112,0.8
9,572140,"Skaggs, Tyler",2013,659,1.4
8,451595,"Gallagher, Sean",2008,2094,0.4
8,666142,"Ragans, Cole",2025,873,0.9
8,460284,"Braden, Dallas",2009,2142,0.4
8,502356,"Robertson, Tyler",2013,13,61.5
8,701542,"Warren, Will",2025,1220,0.7
8,445590,"Stults, Eric",2015,754,1.1
8,542924,"Beliveau, Jeff",2013,11,72.7
8,446321,"Detwiler, Ross",2010,497,1.6
8,433657,"Bush, Dave",2010,2953,0.3
8,514639,"Ortega, Jose",2012,52,15.4
8,456034,"Price, David",2009,2280,0.4
8,594798,"deGrom, Jacob",2025,1189,0.7
8,700363,"Smith-Shawver, AJ",2025,711,1.1
8,670032,"Lopez, Nicky",2025,8,100
8,501957,"Tillman, Chris",2010,954,0.8
8,407853,"Bedard, Erik",2011,2228,0.4
8,115399,"Hampton, Mike",2008,1193,0.7
8,572889,"Greenwood, Nick",2015,8,100
8,458690,"Volstad, Chris",2015,20,40
8,434438,"Buckner, Billy",2009,1304,0.6
8,543031,"Cloyd, Tyler",2012,528,1.5
8,476570,"Mazzaro, Vin",2009,1658,0.5
8,607162,"Garcia, Onelki",2013,45,17.8
8,571760,"Heaney, Andrew",2025,1296,0.6
8,461833,"Hughes, Phil",2008,630,1.3
8,663897,"Williams, Luke",2025,8,100
7,430588,"Nieve, Fernando",2009,629,1.1
7,150302,"Marquis, Jason",2010,1025,0.7
7,448179,"Hill, Rich",2010,72,9.7
7,683766,"Koss, Christian",2025,7,100
7,453178,"Kennedy, Ian",2008,789,0.9
7,455092,"Elbert, Scott",2014,68,10.3
7,527054,"Teheran, Julio",2011,352,2
7,502621,"Stoner, Tobi",2010,38,18.4
7,547179,"Lorenzen, Michael",2025,1270,0.6
7,672456,"Montero, Keider",2025,886,0.8
7,592662,"Ray, Robbie",2015,2257,0.3
7,465679,"Deduno, Samuel",2013,1743,0.4
7,425848,"Harden, Rich",2009,2494,0.3
7,456043,"Sánchez, Jonathan",2011,1757,0.4
7,676475,"Burleson, Alec",2025,7,100
7,683021,"Stefanic, Michael",2025,7,100
7,421104,"Gardner, Lee",2008,151,4.6
7,444865,"Hirsh, Jason",2008,197,3.6
7,455090,"Egbert, Jack",2012,7,100
7,459439,"Grube, Jarrett",2014,7,100
7,664123,"Effross, Scott",2025,7,100
6,543045,"Conley, Adam",2015,1102,0.5
6,446341,"Richmond, Scott",2011,6,100
6,572089,"Rodríguez, Paco",2012,105,5.7
6,435221,"McCarthy, Brandon",2012,1652,0.4
6,676070,"Amaya, Jacob",2025,6,100
6,407489,"Overbay, Lyle",2014,6,100
6,282656,"Sheets, Ben",2012,768,0.8
6,446321,"Detwiler, Ross",2009,1262,0.5
6,502211,"Bolsinger, Mike",2014,845,0.7
6,448306,"Shields, James",2015,3336,0.2
6,460059,"Pelfrey, Mike",2012,305,2
6,475138,"Drabek, Kyle",2012,1305,0.5
6,150404,"Lilly, Ted",2011,3027,0.2
6,605541,"Wright Jr., Mike",2015,785,0.8
6,446928,"Inglett, Joe",2010,6,100
5,621512,"Nido, Tomás",2025,9,55.6
5,453539,"Fuld, Sam",2013,5,100
5,456585,"O'Connor, Michael",2008,172,2.9
5,454972,"Sanchez, Romulo",2010,79,6.3
5,430675,"Henn, Sean",2013,57,8.8
5,596057,"Norris, Daniel",2015,1035,0.5
5,466339,"Garate, Victor",2009,61,8.2
5,489138,"Moore, Tyler",2015,5,100
5,543606,"Odorizzi, Jake",2015,2755,0.2
5,690544,"Horn, Bailey",2025,16,31.3
5,430636,"Snell, Ian",2009,2533,0.2
5,684007,"Imanaga, Shota",2025,692,0.7
5,460092,"Leroux, Chris",2013,84,6
5,502621,"Stoner, Tobi",2009,124,4
5,430603,"Kelly, Don",2011,5,100
5,400291,"Moseley, Dustin",2011,1875,0.3
5,400067,"Silva, Carlos",2010,1741,0.3
5,471868,"Gonzalez, Alberto",2013,5,100
4,453531,"Johnson, Rob",2013,4,100
4,605507,"Thompson, Zach",2025,60,6.7
4,150274,"Nathan, Joe",2015,4,100
4,502239,"Cahill, Trevor",2009,3006,0.1
4,458628,"Mather, Joe",2012,4,100
4,453381,"Mulvey, Kevin",2009,434,0.9
4,669467,"Pallante, Andre",2025,1225,0.3
4,150119,"Garcia, Freddy",2010,2472,0.2
4,279782,"Garland, Jon",2010,3253,0.1
4,543281,"Harrison, Josh",2013,4,100
4,647315,"Pop, Zach",2025,14,28.6
3,452733,"Gorzelanny, Tom",2008,1902,0.2
3,453307,"Huff, David",2011,919,0.3
3,444836,"Laffey, Aaron",2008,1495,0.2
3,117928,"Loretta, Mark",2009,3,100
3,543136,"Eppley, Cody",2013,31,9.7
3,456589,"Bergmann, Jason",2010,52,5.8
3,446003,"Asencio, Jairo",2013,54,5.6
3,425883,"Willis, Dontrelle",2008,523,0.6
2,456121,"Denorfia, Chris",2015,2,100
2,460284,"Braden, Dallas",2011,251,0.8
2,118377,"Martinez, Pedro",2008,1888,0.1
2,518614,"Descalso, Daniel",2014,2,100
2,467100,"Nova, Iván",2014,328,0.6
2,407113,"Duchscherer, Justin",2010,439,0.5
2,506560,"Amarista, Alexi",2015,2,100
2,608372,"Sugano, Tomoyuki",2025,1222,0.2
1,425426,"Wang, Chien-Ming",2013,409,0.2
1,451482,"Galarraga, Armando",2011,738,0.1
1,457456,"Reyes, Jo-Jo",2015,1,100
1,641778,"Lauer, Eric",2025,541,0.2
1311,608349,"Knebel, Corey",2017,1359,96.5
1262,544727,"Familia, Jeurys",2016,1262,100
1231,593576,"Neris, Héctor",2017,1232,99.9
1215,593576,"Neris, Héctor",2016,1358,89.5
1213,628452,"Iglesias, Raisel",2017,1232,98.5
1202,553878,"Vázquez, Felipe",2018,1202,100
1176,493603,"Ottavino, Adam",2018,1272,92.5
1172,621242,"Díaz, Edwin",2018,1172,100
1167,605130,"Barlow, Scott",2022,1198,97.4
1166,623352,"Hader, Josh",2024,1166,100
1162,664747,"Díaz, Alexis",2023,1162,100
1148,518886,"Kimbrel, Craig",2017,1148,100
1147,628452,"Iglesias, Raisel",2018,1147,100
1147,544727,"Familia, Jeurys",2018,1193,96.1
1141,445276,"Jansen, Kenley",2018,1141,100
1140,491646,"Gómez, Jeanmar",2016,1154,98.8
1140,623352,"Hader, Josh",2019,1181,96.5
1140,595014,"Treinen, Blake",2018,1159,98.4
1138,666808,"Doval, Camilo",2023,1138,100
1136,592102,"Allen, Cody",2017,1165,97.5
1134,532077,"Osuna, Roberto",2016,1134,100
1133,592102,"Allen, Cody",2016,1133,100
1133,628452,"Iglesias, Raisel",2019,1133,100
1132,543272,"Hand, Brad",2018,1210,93.6
1120,661403,"Clase, Emmanuel",2023,1120,100
1118,608032,"Estévez, Carlos",2023,1127,99.2
1117,573109,"Ramos, AJ",2016,1117,100
1112,621242,"Díaz, Edwin",2017,1130,98.4
1111,543506,"Maurer, Brandon",2016,1229,90.4
1111,518886,"Kimbrel, Craig",2018,1111,100
1111,605347,"López, Jorge",2022,1161,95.7
1110,451584,"Davis, Wade",2018,1110,100
1110,592665,"Reed, Addison",2016,1193,93
1105,670280,"Bednar, David",2023,1105,100
1104,573109,"Ramos, AJ",2017,1104,100
1102,592102,"Allen, Cody",2018,1182,93.2
1102,642397,"Soto, Gregory",2022,1102,100
1100,641729,"Jiménez, Joe",2018,1147,95.9
1089,407845,"Rodney, Fernando",2016,1149,94.8
1087,593576,"Neris, Héctor",2019,1126,96.5
1084,542960,"Brach, Brad",2017,1175,92.3
1083,666808,"Doval, Camilo",2022,1121,96.6
1075,518886,"Kimbrel, Craig",2023,1122,95.8
1074,572888,"Greene, Shane",2018,1074,100
1071,621052,"Reyes, Alex",2021,1249,85.7
1069,517008,"Colomé, Alex",2018,1085,98.5
1067,640448,"Finnegan, Kyle",2024,1067,100
1060,451584,"Davis, Wade",2017,1060,100
1060,642207,"Williams, Devin",2022,1068,99.3
1056,656945,"Scott, Tanner",2024,1163,90.8
1056,570663,"Robles, Hansel",2019,1159,91.1
1056,445276,"Jansen, Kenley",2021,1071,98.6
1056,445276,"Jansen, Kenley",2019,1068,98.9
1054,592665,"Reed, Addison",2017,1188,88.7
1054,453268,"Bard, Daniel",2021,1217,86.6
1051,621242,"Díaz, Edwin",2019,1073,97.9
1050,502085,"Robertson, David",2016,1050,100
1050,628452,"Iglesias, Raisel",2021,1059,99.2
1050,448281,"Doolittle, Sean",2019,1075,97.7
1049,605280,"Holmes, Clay",2024,1085,96.7
1046,642152,"Trivino, Lou",2021,1177,88.9
1046,642397,"Soto, Gregory",2021,1131,92.5
1045,643511,"Rogers, Tyler",2021,1129,92.6
1043,519293,"Smith, Will",2019,1043,100
1042,640448,"Finnegan, Kyle",2023,1106,94.2
1042,623352,"Hader, Josh",2023,1042,100
1042,598264,"Barnes, Matt",2019,1310,79.5
1041,656638,"Lange, Alex",2023,1146,90.8
1036,571710,"Givens, Mychal",2019,1092,94.9
1033,573124,"Rogers, Taylor",2019,1065,97
1032,518553,"Cishek, Steve",2016,1076,95.9
1027,502154,"Britton, Zack",2016,1027,100
1024,519151,"Pressly, Ryan",2023,1024,100
1024,695243,"Miller, Mason",2024,1024,100
1023,453343,"Melancon, Mark",2016,1023,100
1023,641729,"Jiménez, Joe",2019,1056,96.9
1021,489446,"Yates, Kirby",2019,1021,100
1019,650556,"Abreu, Bryan",2023,1211,84.1
1017,518886,"Kimbrel, Craig",2022,1077,94.4
1017,656629,"Kopech, Michael",2024,1143,89
1017,453178,"Kennedy, Ian",2019,1096,92.8
1017,521230,"Hendriks, Liam",2021,1131,89.9
1015,605151,"Bradley, Archie",2019,1284,79
1015,600917,"Leclerc, José",2019,1294,78.4
1014,489446,"Yates, Kirby",2024,1027,98.7
1012,445276,"Jansen, Kenley",2017,1012,100
1009,453192,"Miller, Andrew",2016,1118,90.3
1008,592804,"Thornburg, Tyler",2016,1145,88
1006,445276,"Jansen, Kenley",2022,1006,100
1002,445276,"Jansen, Kenley",2016,1002,100
1002,425492,"Madson, Ryan",2016,1002,100
1002,462382,"Johnson, Jim",2016,1054,95.1
999,502085,"Robertson, David",2022,1060,94.2
998,623149,"Sewald, Paul",2023,1037,96.2
997,666808,"Doval, Camilo",2024,1116,89.3
996,517008,"Colomé, Alex",2017,996,100
992,661395,"Duran, Jhoan",2023,1017,97.5
989,547973,"Chapman, Aroldis",2021,1004,98.5
989,543339,"Hudson, Daniel",2016,1113,88.9
989,547973,"Chapman, Aroldis",2019,989,100
988,642585,"Bautista, Félix",2023,988,100
986,542960,"Brach, Brad",2016,1295,76.1
985,553878,"Vázquez, Felipe",2017,1167,84.4
985,519293,"Smith, Will",2021,1079,91.3
984,453343,"Melancon, Mark",2021,1053,93.4
983,661403,"Clase, Emmanuel",2024,983,100
982,516969,"Herrera, Kelvin",2016,1091,90
978,407845,"Rodney, Fernando",2017,978,100
977,663158,"Suarez, Robert",2024,977,100
977,407845,"Rodney, Fernando",2018,1184,82.5
977,573124,"Rogers, Taylor",2022,1085,90
977,664875,"Lawrence, Justin",2023,1183,82.6
976,476454,"Betances, Dellin",2017,1106,88.2
976,547973,"Chapman, Aroldis",2016,976,100
975,465657,"Soria, Joakim",2017,993,98.2
974,605447,"Romano, Jordan",2022,989,98.5
973,453265,"Watson, Tony",2016,1045,93.1
971,661403,"Clase, Emmanuel",2021,1057,91.9
968,517008,"Colomé, Alex",2019,975,99.3
968,465657,"Soria, Joakim",2019,1116,86.7
967,276351,"Grilli, Jason",2016,1072,90.2
966,493200,"Oh, Seunghwan",2016,1303,74.1
966,605280,"Holmes, Clay",2023,1024,94.3
965,502202,"Boxberger, Brad",2018,975,99
964,445213,"Kintzler, Brandon",2017,1110,86.8
964,606160,"Montero, Rafael",2022,1093,88.2
962,656945,"Scott, Tanner",2022,1273,75.6
962,476454,"Betances, Dellin",2018,1135,84.8
961,532077,"Osuna, Roberto",2017,961,100
961,489265,"Romo, Sergio",2019,995,96.6
961,532077,"Osuna, Roberto",2019,961,100
961,605151,"Bradley, Archie",2018,1228,78.3
960,664747,"Díaz, Alexis",2024,977,98.3
959,553878,"Vázquez, Felipe",2019,959,100
959,595014,"Treinen, Blake",2017,1194,80.3
958,502085,"Robertson, David",2024,1211,79.1
957,571710,"Givens, Mychal",2018,1247,76.7
957,663855,"Hicks, Jordan",2018,1274,75.1
953,453268,"Bard, Daniel",2022,953,100
952,641755,"Kinley, Tyler",2024,1185,80.3
952,571704,"Giles, Ken",2017,952,100
951,473879,"Dyson, Sam",2016,990,96.1
950,543506,"Maurer, Brandon",2017,1027,92.5
950,516969,"Herrera, Kelvin",2017,994,95.6
950,433586,"Casilla, Santiago",2016,950,100
948,521230,"Hendriks, Liam",2022,948,100
948,642207,"Williams, Devin",2023,948,100
946,606149,"Gallegos, Giovanny",2021,1236,76.5
945,518886,"Kimbrel, Craig",2021,1008,93.8
945,670280,"Bednar, David",2024,1023,92.4
943,623352,"Hader, Josh",2022,943,100
942,519151,"Pressly, Ryan",2021,956,98.5
942,519151,"Pressly, Ryan",2024,969,97.2
942,458677,"Wilson, Justin",2017,1130,83.4
939,572888,"Greene, Shane",2019,949,98.9
937,542960,"Brach, Brad",2018,1160,80.8
937,543766,"Shaw, Bryan",2016,1158,80.9
937,662253,"Muñoz, Andrés",2024,951,98.5
937,453284,"Parker, Blake",2018,1146,81.8
935,456027,"Ohlendorf, Ross",2016,1138,82.2
935,547973,"Chapman, Aroldis",2024,1128,82.9
935,518886,"Kimbrel, Craig",2016,935,100
934,623352,"Hader, Josh",2021,964,96.9
934,489446,"Yates, Kirby",2018,1047,89.2
933,543272,"Hand, Brad",2019,946,98.6
931,664854,"Helsley, Ryan",2024,931,100
930,502032,"Norris, Bud",2018,974,95.5
930,543272,"Hand, Brad",2017,1201,77.4
928,408061,"Rodríguez, Francisco",2016,928,100
928,621242,"Díaz, Edwin",2022,928,100
923,553878,"Vázquez, Felipe",2016,1294,71.3
923,571670,"Floro, Dylan",2021,1076,85.8
922,493603,"Ottavino, Adam",2023,1024,90
921,661403,"Clase, Emmanuel",2022,921,100
919,489265,"Romo, Sergio",2018,1130,81.3
918,446899,"Ziegler, Brad",2016,1035,88.7
918,628452,"Iglesias, Raisel",2024,928,98.9
916,641729,"Jiménez, Joe",2024,1089,84.1
916,675916,"Karinchak, James",2021,1032,88.8
915,605447,"Romano, Jordan",2023,915,100
914,607625,"Lugo, Seth",2019,1275,71.7
913,518858,"Jones, Nate",2016,1009,90.5
908,502085,"Robertson, David",2023,1068,85
904,643511,"Rogers, Tyler",2024,1002,90.2
903,621345,"Minter, A.J.",2018,1045,86.4
902,547973,"Chapman, Aroldis",2023,1008,89.5
900,621242,"Díaz, Edwin",2021,999,90.1
899,493200,"Oh, Seunghwan",2017,1030,87.3
898,621242,"Díaz, Edwin",2024,912,98.5
898,642207,"Williams, Devin",2021,993,90.4
893,605447,"Romano, Jordan",2021,1031,86.6
889,571561,"Cingrani, Tony",2016,1095,81.2
888,664854,"Helsley, Ryan",2022,962,92.3
888,663986,"Stephan, Trevor",2023,1128,78.7
887,453178,"Kennedy, Ian",2021,899,98.7
885,519326,"Strickland, Hunter",2022,1099,80.5
884,656945,"Scott, Tanner",2023,1208,73.2
884,608665,"Graveman, Kendall",2022,1035,85.4
883,518813,"Holland, Greg",2017,883,100
883,605280,"Holmes, Clay",2022,981,90
883,571704,"Giles, Ken",2016,1117,79.1
879,607457,"Barraclough, Kyle",2018,1012,86.9
879,592426,"Jackson, Luke",2019,1254,70.1
875,473879,"Dyson, Sam",2017,927,94.4
873,547973,"Chapman, Aroldis",2018,920,94.9
870,605130,"Barlow, Scott",2023,1197,72.7
870,504379,"Nicasio, Juan",2017,1227,70.9
870,628452,"Iglesias, Raisel",2023,870,100
870,666974,"Cano, Yennier",2023,1017,85.5
867,521230,"Hendriks, Liam",2019,1354,64
863,608032,"Estévez, Carlos",2016,1025,84.2
863,518886,"Kimbrel, Craig",2024,963,89.6
861,527055,"Vizcaíno, Arodys",2017,861,100
861,592222,"Claudio, Alex",2017,1132,76.1
860,517008,"Colomé, Alex",2016,860,100
860,572193,"Tepera, Ryan",2017,1275,67.5
860,608032,"Estévez, Carlos",2022,1021,84.2
859,661395,"Duran, Jhoan",2024,881,97.5
858,453343,"Melancon, Mark",2022,886,96.8
857,543272,"Hand, Brad",2021,1076,79.6
856,502085,"Robertson, David",2017,1032,82.9
855,592094,"Adam, Jason",2024,1109,77.1
854,493603,"Ottavino, Adam",2021,1146,74.5
854,462382,"Johnson, Jim",2017,975,87.6
853,656546,"Hoffman, Jeff",2024,1001,85.2
852,593576,"Neris, Héctor",2022,1012,84.2
851,623184,"Oberg, Scott",2019,898,94.8
849,593576,"Neris, Héctor",2024,1008,84.2
849,671345,"Foley, Jason",2024,905,93.8
848,623149,"Sewald, Paul",2022,974,87.1
848,543339,"Hudson, Daniel",2019,1217,69.7
848,623465,"Phillips, Evan",2023,915,92.7
848,572096,"Rosenthal, Trevor",2017,883,96
847,595014,"Treinen, Blake",2019,1023,82.8
847,607229,"Gsellman, Robert",2018,1283,66
841,459429,"McGee, Jake",2021,878,95.8
840,628452,"Iglesias, Raisel",2022,979,85.8
839,606149,"Gallegos, Giovanny",2022,988,84.9
838,547973,"Chapman, Aroldis",2017,874,95.9
837,641941,"Pagán, Emilio",2021,1098,76.2
837,502154,"Britton, Zack",2019,933,89.7
835,433586,"Casilla, Santiago",2017,1025,81.5
834,444468,"Rondón, Héctor",2018,998,83.6
834,643377,"Jax, Griffin",2024,1068,78.1
833,517008,"Colomé, Alex",2021,1102,75.6
831,453343,"Melancon, Mark",2019,1068,77.8
830,676534,"Faucher, Calvin",2024,987,84.1
827,501789,"Harris, Will",2016,1045,79.1
827,650895,"Castillo, Diego",2021,936,88.4
825,598264,"Barnes, Matt",2017,1204,68.5
825,605195,"Crick, Kyle",2018,1048,78.7
824,595014,"Treinen, Blake",2021,1095,75.3
824,608032,"Estévez, Carlos",2021,1007,81.8
823,518617,"Diekman, Jake",2019,1184,69.5
822,572193,"Tepera, Ryan",2018,1038,79.2
821,519443,"Workman, Brandon",2019,1244,66
821,608032,"Estévez, Carlos",2024,821,100
820,621237,"Alvarado, José",2024,1052,77.9
820,598264,"Barnes, Matt",2021,919,89.2
819,543518,"McGough, Scott",2023,1233,66.4
817,502381,"Gregerson, Luke",2016,852,95.9
815,623149,"Sewald, Paul",2021,1104,73.8
814,641941,"Pagán, Emilio",2019,1075,75.7
812,519326,"Strickland, Hunter",2017,984,82.5
810,461325,"Clippard, Tyler",2018,1158,69.9
810,571704,"Giles, Ken",2019,810,100
809,643511,"Rogers, Tyler",2023,1124,72
809,605130,"Barlow, Scott",2021,1223,66.1
806,605309,"Kela, Keone",2018,859,93.8
805,465657,"Soria, Joakim",2018,1049,76.7
803,621345,"Minter, A.J.",2022,1111,72.3
802,518875,"Kelley, Shawn",2016,907,88.4
801,605151,"Bradley, Archie",2017,1158,69.2
801,683769,"Gaddis, Hunter",2024,1075,74.5
801,445276,"Jansen, Kenley",2024,801,100
799,450275,"Lowe, Mark",2016,868,92.1
794,621345,"Minter, A.J.",2023,1062,74.8
793,640451,"Harvey, Hunter",2023,963,82.3
793,661395,"Duran, Jhoan",2022,1023,77.5
792,519293,"Smith, Will",2023,863,91.8
792,592773,"Stanek, Ryne",2021,1166,67.9
792,606160,"Montero, Rafael",2023,1253,63.2
792,459429,"McGee, Jake",2017,944,83.9
789,640451,"Harvey, Hunter",2024,906,87.1
789,670059,"Holderman, Colin",2023,930,84.8
789,502032,"Norris, Bud",2017,1103,71.5
787,671345,"Foley, Jason",2023,1047,75.2
785,593576,"Neris, Héctor",2021,1243,63.2
784,622554,"Domínguez, Seranthony",2018,931,84.2
781,488748,"Buchter, Ryan",2016,1127,69.3
781,502026,"Jeffress, Jeremy",2018,1211,64.5
781,656222,"Beeks, Jalen",2024,1186,65.9
779,608716,"Steckenrider, Drew",2018,1162,67
776,445213,"Kintzler, Brandon",2016,828,93.7
775,663704,"McArthur, James",2024,904,85.7
774,453172,"Hughes, Jared",2018,1133,68.3
774,453178,"Kennedy, Ian",2022,867,89.3
771,640448,"Finnegan, Kyle",2022,1053,73.2
770,502026,"Jeffress, Jeremy",2016,867,88.8
770,430599,"Blanton, Joe",2016,1278,60.3
770,668674,"Erceg, Lucas",2024,947,81.3
770,670280,"Bednar, David",2022,842,91.4
768,518617,"Diekman, Jake",2021,1118,68.7
767,605177,"Chafin, Andrew",2023,921,83.3
767,640470,"Alzolay, Adbert",2023,962,79.7
767,502381,"Gregerson, Luke",2017,968,79.2
763,643338,"Green, Chad",2024,840,90.8
762,456713,"Bush, Matt",2016,941,81
756,465657,"Soria, Joakim",2016,1193,63.4
752,543779,"Siegrist, Kevin",2016,1050,71.6
751,554340,"García, Yimi",2021,943,79.6
751,605154,"Brebbia, John",2024,994,75.6
751,662253,"Muñoz, Andrés",2023,836,89.8
751,518617,"Diekman, Jake",2018,1012,74.2
751,643338,"Green, Chad",2021,1312,57.2
750,572955,"Johnson, Pierce",2023,1084,69.2
748,501822,"Hatcher, Chris",2017,1009,74.1
747,571704,"Giles, Ken",2018,775,96.4
745,446899,"Ziegler, Brad",2018,1067,69.8
745,543883,"Vincent, Nick",2017,945,78.8
744,657024,"Swanson, Erik",2023,1059,70.3
739,451584,"Davis, Wade",2019,839,88.1
739,592094,"Adam, Jason",2023,906,81.6
738,657610,"Hildenberger, Trevor",2018,1158,63.7
736,608349,"Knebel, Corey",2018,989,74.4
735,594577,"Mayers, Mike",2021,1236,59.5
735,461325,"Clippard, Tyler",2017,1113,66
734,664126,"Fairbanks, Pete",2023,734,100
733,592858,"Wick, Rowan",2022,1153,63.6
733,476454,"Betances, Dellin",2016,1250,58.6
733,448281,"Doolittle, Sean",2017,786,93.3
732,519151,"Pressly, Ryan",2019,837,87.5
732,596133,"Weaver, Luke",2024,1374,53.3
731,621142,"Buttrey, Ty",2019,1225,59.7
731,657044,"Thompson, Ryan",2024,977,74.8
730,518813,"Holland, Greg",2021,997,73.2
730,543507,"May, Trevor",2021,1117,65.4
730,407845,"Rodney, Fernando",2019,881,82.9
729,493157,"Uehara, Koji",2016,769,94.8
729,453284,"Parker, Blake",2019,1020,71.5
727,489334,"Stammen, Craig",2019,1251,58.1
726,543339,"Hudson, Daniel",2017,1101,65.9
726,493603,"Ottavino, Adam",2017,1052,69
725,455119,"Martin, Chris",2019,865,83.8
725,472610,"García, Luis",2022,966,75.1
725,664208,"Maton, Phil",2024,1078,67.3
725,663986,"Stephan, Trevor",2022,1032,70.3
725,516969,"Herrera, Kelvin",2019,908,79.8
724,554340,"García, Yimi",2022,1039,69.7
723,598264,"Barnes, Matt",2018,1109,65.2
723,502327,"Santiago, Héctor",2018,1963,36.8
722,593372,"Martinez, Carlos",2019,779,92.7
722,500724,"Ramírez, JC",2016,1242,58.1
722,641941,"Pagán, Emilio",2022,1126,64.1
721,666974,"Cano, Yennier",2024,1008,71.5
721,445276,"Jansen, Kenley",2023,721,100
720,621295,"Wittgren, Nick",2019,975,73.8
719,451584,"Davis, Wade",2016,719,100
718,523260,"Kelly, Joe",2018,1176,61.1
717,640444,"Crowe, Wil",2022,1380,52
717,663855,"Hicks, Jordan",2023,1114,64.4
716,642152,"Trivino, Lou",2019,987,72.5
715,593144,"Rodríguez, Richard",2021,944,75.7
715,502028,"Wood, Blake",2016,1313,54.5
714,608665,"Graveman, Kendall",2023,1114,64.1
714,453192,"Miller, Andrew",2019,972,73.5
713,605154,"Brebbia, John",2019,1217,58.6
712,444468,"Rondón, Héctor",2016,785,90.7
712,456713,"Bush, Matt",2017,944,75.4
711,519151,"Pressly, Ryan",2022,711,100
711,477569,"Salas, Fernando",2016,1212,58.7
708,453265,"Watson, Tony",2018,959,73.8
708,663432,"Rainey, Tanner",2024,939,75.4
707,606930,"Barnes, Jacob",2017,1228,57.6
707,605121,"Anderson, Justin",2018,1051,67.3
703,592390,"Hembree, Heath",2021,1090,64.5
702,489446,"Yates, Kirby",2023,1058,66.4
702,607352,"Biagini, Joe",2019,1142,61.5
699,543766,"Shaw, Bryan",2017,1208,57.9
698,642701,"Santana, Dennis",2024,1106,63.1
697,650895,"Castillo, Diego",2022,843,82.7
697,543521,"McHugh, Collin",2018,1204,57.9
697,623437,"Topa, Justin",2023,1046,66.6
696,664126,"Fairbanks, Pete",2024,696,100
696,622251,"Staumont, Josh",2021,1096,63.5
696,516969,"Herrera, Kelvin",2018,696,100
696,547179,"Lorenzen, Michael",2019,1335,52.1
695,623465,"Phillips, Evan",2024,917,75.8
694,612434,"Castro, Miguel",2019,1232,56.3
694,527055,"Vizcaíno, Arodys",2016,720,96.4
692,593833,"Suero, Wander",2019,1210,57.2
691,544727,"Familia, Jeurys",2019,1041,66.4
689,683232,"Mears, Nick",2024,1028,67
688,519293,"Smith, Will",2022,985,69.8
687,276351,"Grilli, Jason",2017,800,85.9
686,518553,"Cishek, Steve",2019,1109,61.9
685,547179,"Lorenzen, Michael",2017,1366,50.1
685,608665,"Graveman, Kendall",2021,871,78.6
684,518617,"Diekman, Jake",2016,932,73.4
682,572096,"Rosenthal, Trevor",2016,858,79.5
682,605195,"Crick, Kyle",2019,934,73
681,606303,"Payamps, Joel",2023,1120,60.8
680,493603,"Ottavino, Adam",2022,1057,64.3
678,461325,"Clippard, Tyler",2016,1059,64
677,625643,"López, Reynaldo",2023,1205,56.2
676,517008,"Colomé, Alex",2022,803,84.2
676,467008,"Strop, Pedro",2019,737,91.7
675,276542,"Benoit, Joaquín",2017,861,78.4
674,472610,"García, Luis",2017,997,67.6
674,458677,"Wilson, Justin",2016,996,67.7
673,595465,"Winkler, Dan",2018,1034,65.1
671,518489,"Brasier, Ryan",2019,978,68.6
671,595345,"Okert, Steven",2022,968,69.3
671,622554,"Domínguez, Seranthony",2024,1064,63.1
670,425492,"Madson, Ryan",2017,855,78.4
670,656464,"Ginkel, Kevin",2023,1055,63.5
669,519326,"Strickland, Hunter",2018,796,84
667,643377,"Jax, Griffin",2023,1047,63.7
666,542585,"Cisnero, José",2021,1067,62.4
665,472610,"García, Luis",2023,1010,65.8
665,679885,"Martinez, Justin",2024,1177,56.5
664,642585,"Bautista, Félix",2022,995,66.7
664,519326,"Strickland, Hunter",2016,1019,65.2
663,607457,"Barraclough, Kyle",2016,1337,49.6
663,606149,"Gallegos, Giovanny",2023,883,75.1
663,605218,"Edwards Jr., Carl",2018,946,70.1
662,572193,"Tepera, Ryan",2022,892,74.2
662,622250,"Sborz, Josh",2021,1079,61.4
661,543507,"May, Trevor",2023,777,85.1
661,570663,"Robles, Hansel",2021,1185,55.8
660,664875,"Lawrence, Justin",2024,1081,61.1
658,475479,"Phelps, David",2016,1497,44
657,670280,"Bednar, David",2021,934,70.3
657,456696,"Hernandez, David",2016,1276,51.5
656,572888,"Greene, Shane",2017,1077,60.9
655,592665,"Reed, Addison",2018,905,72.4
654,488984,"Hunter, Tommy",2017,872,75
654,607625,"Lugo, Seth",2018,1614,40.5
654,519293,"Smith, Will",2018,813,80.4
652,491703,"Feliz, Neftalí",2017,847,77
652,607457,"Barraclough, Kyle",2017,1159,56.3
652,573124,"Rogers, Taylor",2017,870,74.9
652,461872,"Swarzak, Anthony",2019,941,69.3
652,279571,"Belisle, Matt",2017,937,69.6
648,664747,"Díaz, Alexis",2022,1077,60.2
648,680767,"Vodnik, Victor",2024,1341,48.3
646,459429,"McGee, Jake",2016,842,76.7
645,455009,"Broxton, Jonathan",2016,1002,64.4
644,571710,"Givens, Mychal",2021,873,73.8
644,446099,"Axford, John",2016,1194,53.9
643,543935,"Wilson, Alex",2017,951,67.6
643,493603,"Ottavino, Adam",2024,1003,64.1
643,543766,"Shaw, Bryan",2021,1367,47
642,520980,"Báez, Pedro",2017,1174,54.7
641,608717,"Stratton, Chris",2022,1100,58.3
641,519043,"Moore, Matt",2022,1248,51.4
641,453265,"Watson, Tony",2019,813,78.8
640,527055,"Vizcaíno, Arodys",2018,640,100
639,489265,"Romo, Sergio",2021,1043,61.3
638,605242,"Fulmer, Michael",2022,1043,61.2
638,519151,"Pressly, Ryan",2016,1220,52.3
638,502085,"Robertson, David",2018,1184,53.9
637,520980,"Báez, Pedro",2019,1112,57.3
637,640462,"Puk, A.J.",2023,950,67.1
637,543339,"Hudson, Daniel",2024,999,63.8
636,467008,"Strop, Pedro",2018,871,73
636,571882,"Law, Derek",2019,1194,53.3
636,518813,"Holland, Greg",2018,818,77.8
636,592773,"Stanek, Ryne",2024,977,65.1
633,669395,"Coleman, Dylan",2022,1205,52.5
632,605242,"Fulmer, Michael",2021,1183,53.4
632,605347,"López, Jorge",2023,966,65.4
632,448855,"Guerra, Junior",2019,1392,45.4
632,606273,"Elías, Roenis",2019,847,74.6
632,542432,"Ramirez, José",2017,1031,61.3
632,607259,"Martinez, Nick",2023,1751,36.1
630,592454,"Kahnle, Tommy",2017,1017,61.9
630,541640,"Ramírez, Erasmo",2016,1358,46.4
628,657624,"James, Josh",2019,1142,55
627,455119,"Martin, Chris",2023,722,86.8
626,642152,"Trivino, Lou",2022,955,65.5
625,475243,"Wood, Travis",2016,1016,61.5
625,543483,"Magill, Matt",2019,885,70.6
624,461872,"Swarzak, Anthony",2017,1259,49.6
624,612434,"Castro, Miguel",2023,1008,61.9
624,543859,"Tonkin, Michael",2024,1419,44
622,623352,"Hader, Josh",2018,1316,47.3
621,623433,"Anderson, Nick",2019,1101,56.4
620,448281,"Doolittle, Sean",2018,620,100
619,660261,"Fujinami, Shintaro",2023,1404,44.1
618,606303,"Payamps, Joel",2024,899,68.7
618,571946,"Miller, Shelby",2024,850,72.7
617,453265,"Watson, Tony",2017,1010,61.1
615,600917,"Leclerc, José",2023,977,62.9
615,667427,"Jackson, Zach",2022,887,69.3
614,623451,"Stephens, Jackson",2022,944,65
614,552640,"Kittredge, Andrew",2024,1029,59.7
614,608717,"Stratton, Chris",2021,1374,44.7
614,543144,"Farquhar, Danny",2017,889,69.1
614,606160,"Montero, Rafael",2021,872,70.4
614,276542,"Benoit, Joaquín",2016,836,73.4
613,543339,"Hudson, Daniel",2021,865,70.9
612,501925,"Smith, Joe",2016,815,75.1
612,650895,"Castillo, Diego",2019,1119,54.7
610,542914,"Bass, Anthony",2019,738,82.7
609,571710,"Givens, Mychal",2022,1026,59.4
607,448178,"Jepsen, Kevin",2016,878,69.1
607,608349,"Knebel, Corey",2022,795,76.4
607,676254,"Walker, Ryan",2024,1221,49.7
606,668941,"Romero, JoJo",2024,919,65.9
605,571670,"Floro, Dylan",2023,961,63
604,573668,"Minaya, Juan",2018,910,66.4
600,605177,"Chafin, Andrew",2021,947,63.4
600,606965,"Devenski, Chris",2018,776,77.3
599,606965,"Devenski, Chris",2019,1144,52.4
599,607231,"Gant, John",2019,1107,54.1
599,621363,"Poche, Colin",2022,974,61.5
598,444468,"Rondón, Héctor",2017,999,59.9
598,664854,"Helsley, Ryan",2023,607,98.5
598,425492,"Madson, Ryan",2018,834,71.7
597,453284,"Parker, Blake",2017,1068,55.9
597,621242,"Díaz, Edwin",2016,831,71.8
597,458006,"Albers, Matt",2017,966,61.8
597,489446,"Yates, Kirby",2017,965,61.9
597,544836,"Romero, Enny",2017,1026,58.2
596,600917,"Leclerc, José",2018,933,63.9
596,608717,"Stratton, Chris",2023,1357,43.9
596,621237,"Alvarado, José",2018,1038,57.4
596,662253,"Muñoz, Andrés",2022,1024,58.2
593,453192,"Miller, Andrew",2017,987,60.1
593,605151,"Bradley, Archie",2021,921,64.4
593,594027,"Guerrero, Tayron",2019,900,65.9
593,593576,"Neris, Héctor",2018,796,74.5
593,493200,"Oh, Seunghwan",2018,1162,51
592,503285,"O'Day, Darren",2017,1011,58.6
592,543272,"Hand, Brad",2016,1447,40.9
591,621237,"Alvarado, José",2021,1045,56.6
590,614179,"Ruiz, José",2022,1115,52.9
590,502748,"Peacock, Brad",2018,1156,51
590,681676,"Fernandez, Ryan",2024,1191,49.5
589,542882,"Andriese, Matt",2019,1204,48.9
589,503449,"Peralta, Wily",2018,602,97.8
589,608718,"Suter, Brent",2024,1022,57.6
588,642152,"Trivino, Lou",2018,1124,52.3
588,623149,"Sewald, Paul",2024,629,93.5
587,519008,"McFarland, T.J.",2018,1069,54.9
584,676684,"Vest, Will",2024,1162,50.3
583,670059,"Holderman, Colin",2024,869,67.1
582,608032,"Estévez, Carlos",2019,1240,46.9
579,518813,"Holland, Greg",2019,599,96.7
579,657508,"Baumann, Mike",2024,1067,54.3
579,456696,"Hernandez, David",2017,799,72.5
578,457915,"Guerra, Javy",2019,1076,53.7
577,657240,"Merryweather, Julian",2023,1228,47
577,605130,"Barlow, Scott",2024,1022,56.5
577,608717,"Stratton, Chris",2024,995,58
576,489334,"Stammen, Craig",2018,1167,49.4
575,605218,"Edwards Jr., Carl",2017,1129,50.9
574,656730,"Megill, Trevor",2024,668,85.9
573,445926,"Chavez, Jesse",2018,1479,38.7
573,407822,"De La Rosa, Jorge",2018,997,57.5
573,607457,"Barraclough, Kyle",2019,708,80.9
573,640448,"Finnegan, Kyle",2021,1209,47.4
573,664076,"Cleavinger, Garrett",2024,1056,54.3
571,643410,"Leiter Jr., Mark",2023,1056,54.1
569,501925,"Smith, Joe",2017,801,71
569,595014,"Treinen, Blake",2016,1002,56.8
568,502154,"Britton, Zack",2017,587,96.8
568,660853,"De Los Santos, Enyel",2024,1127,50.4
567,606965,"Devenski, Chris",2017,1270,44.6
567,607359,"Patton, Spencer",2021,705,80.4
567,605177,"Chafin, Andrew",2024,967,58.6
567,593576,"Neris, Héctor",2023,1092,51.9
564,656945,"Scott, Tanner",2021,1032,54.7
564,622098,"Smith, Drew",2023,1082,52.1
562,669093,"Estrada, Jeremiah",2024,1003,56
562,449097,"Papelbon, Jonathan",2016,570,98.6
561,519322,"Storen, Drew",2016,871,64.4
561,607625,"Lugo, Seth",2022,1079,52
561,573009,"Mantiply, Joe",2022,861,65.2
561,518553,"Cishek, Steve",2021,1255,44.7
561,592145,"Biddle, Jesse",2018,1013,55.4
560,664126,"Fairbanks, Pete",2021,774,72.4
560,570666,"Cessa, Luis",2019,1352,41.4
559,542609,"Burgos, Enrique",2016,734,76.2
558,622554,"Domínguez, Seranthony",2022,823,67.8
557,660813,"Graterol, Brusdar",2023,929,60
557,673633,"Hirano, Yoshihisa",2018,1100,50.6
556,472551,"Abad, Fernando",2016,784,70.9
555,476589,"Warren, Adam",2016,1185,46.8
554,573124,"Rogers, Taylor",2021,642,86.3
553,621237,"Alvarado, José",2023,742,74.5
553,488748,"Buchter, Ryan",2017,1098,50.4
553,608328,"De Jong, Chase",2022,1174,47.1
552,643410,"Leiter Jr., Mark",2024,1015,54.4
552,600917,"Leclerc, José",2022,782,70.6
552,571710,"Givens, Mychal",2017,1326,41.6
552,451584,"Davis, Wade",2021,769,71.8
551,453268,"Bard, Daniel",2023,933,59.1
551,523260,"Kelly, Joe",2017,1025,53.8
551,641360,"Bickford, Phil",2022,990,55.7
551,455374,"Bastardo, Antonio",2016,1223,45.1
550,664139,"Gibaut, Ian",2023,1214,45.3
550,458677,"Wilson, Justin",2018,1035,53.1
550,605240,"Fry, Jace",2018,891,61.7
550,491703,"Feliz, Neftalí",2016,940,58.5
550,571670,"Floro, Dylan",2022,863,63.7
549,592094,"Adam, Jason",2022,942,58.3
548,608723,"Voth, Austin",2024,974,56.3
547,571670,"Floro, Dylan",2018,993,55.1
546,676684,"Vest, Will",2025,620,88.1
546,543045,"Conley, Adam",2019,1061,51.5
545,593140,"Feliz, Michael",2018,935,58.3
543,543859,"Tonkin, Michael",2016,1287,42.2
543,592094,"Adam, Jason",2025,609,89.2
542,622251,"Staumont, Josh",2022,731,74.1
540,657571,"Ferguson, Caleb",2023,1065,50.7
539,504379,"Nicasio, Juan",2018,765,70.5
539,650893,"Cabrera, Génesis",2024,1030,52.3
539,473879,"Dyson, Sam",2018,990,54.4
538,554340,"García, Yimi",2023,1100,48.9
538,607481,"Bummer, Aaron",2023,1099,49
537,455119,"Martin, Chris",2018,703,76.4
537,456713,"Bush, Matt",2022,909,59.1
536,641360,"Bickford, Phil",2023,1229,43.6
536,430661,"McGowan, Dustin",2016,1080,49.6
535,472610,"García, Luis",2019,1053,50.8
535,628452,"Iglesias, Raisel",2016,1245,43
534,521230,"Hendriks, Liam",2016,1081,49.4
534,608718,"Suter, Brent",2022,1070,49.9
533,467008,"Strop, Pedro",2016,729,73.1
533,669618,"Barlow, Joe",2022,554,96.2
533,666619,"Santos, Gregory",2023,1047,50.9
533,661255,"López, Yoan",2019,865,61.6
532,663878,"Pearson, Nate",2024,1059,50.2
532,453172,"Hughes, Jared",2019,1143,46.5
532,642121,"Sulser, Cole",2021,1070,49.7
531,641871,"Middleton, Keynan",2017,977,54.4
531,434442,"Howell, J.P.",2016,883,60.1
531,532077,"Osuna, Roberto",2018,531,100
530,435043,"Duke, Zach",2016,1014,52.3
530,608716,"Steckenrider, Drew",2021,1008,52.6
530,656464,"Ginkel, Kevin",2024,1184,44.8
529,545064,"Díaz, Jairo",2019,888,59.6
529,658648,"Avila, Pedro",2024,1419,37.3
528,433589,"Petit, Yusmeiro",2016,968,54.5
528,614179,"Ruiz, José",2021,1037,50.9
528,543766,"Shaw, Bryan",2019,1188,44.4
527,612434,"Castro, Miguel",2018,1460,36.1
527,502624,"Anderson, Chase",2024,1016,51.9
527,608371,"Sims, Lucas",2021,815,64.7
527,502028,"Wood, Blake",2017,1283,41.1
526,465657,"Soria, Joakim",2021,605,86.9
526,643316,"Fry, Paul",2021,872,60.3
526,570663,"Robles, Hansel",2016,1376,38.2
526,605242,"Fulmer, Michael",2023,950,55.4
526,518875,"Kelley, Shawn",2019,768,68.5
525,518748,"Grimm, Justin",2016,906,57.9
525,430599,"Blanton, Joe",2017,765,68.6
525,477569,"Salas, Fernando",2017,1038,50.6
524,669211,"Akin, Keegan",2024,1241,42.2
524,445197,"Dunn, Mike",2017,878,59.7
524,661395,"Duran, Jhoan",2025,535,97.9
523,448614,"Torres, Carlos",2017,1248,41.9
522,554340,"García, Yimi",2019,998,52.3
522,475479,"Phelps, David",2017,971,53.8
522,663423,"Thornton, Trent",2024,1139,45.8
521,661403,"Clase, Emmanuel",2025,521,100
521,458708,"Tomlin, Josh",2019,1136,45.9
521,675916,"Karinchak, James",2022,704,74
520,434538,"Liriano, Francisco",2019,1133,45.9
520,643256,"Cimber, Adam",2021,1022,50.9
520,650556,"Abreu, Bryan",2024,1300,40
520,642397,"Soto, Gregory",2023,966,53.8
519,518715,"Gearrin, Cory",2017,1069,48.6
519,517414,"Delgado, Randall",2016,1355,38.3
519,445926,"Chavez, Jesse",2022,1202,43.2
519,554431,"Matzek, Tyler",2021,1065,48.7
517,543272,"Hand, Brad",2022,817,63.3
517,521230,"Hendriks, Liam",2017,1164,44.4
517,657612,"Hill, Tim",2022,745,69.4
517,472610,"García, Luis",2024,898,57.6
516,503449,"Peralta, Wily",2019,673,76.7
515,460283,"Blevins, Jerry",2017,914,56.3
515,425426,"Wang, Chien-Ming",2016,835,61.7
514,518617,"Diekman, Jake",2023,996,51.6
514,520980,"Báez, Pedro",2016,1178,43.6
514,621237,"Alvarado, José",2019,586,87.7
513,686826,"Jarvis, Bryce",2024,1006,51
513,501985,"Minor, Mike",2017,1192,43
513,623352,"Hader, Josh",2025,513,100
512,672578,"Hernández, Carlos",2023,1251,40.9
511,664126,"Fairbanks, Pete",2025,511,100
511,542882,"Andriese, Matt",2018,1345,38
510,548384,"Raley, Brooks",2023,982,51.9
510,607237,"Garrett, Amir",2021,828,61.6
509,650556,"Abreu, Bryan",2022,1019,50
509,622253,"Tate, Dillon",2022,1077,47.3
509,542914,"Bass, Anthony",2021,959,53.1
508,663432,"Rainey, Tanner",2022,521,97.5
508,650556,"Abreu, Bryan",2025,534,95.1
508,605130,"Barlow, Scott",2019,1300,39.1
507,607481,"Bummer, Aaron",2019,1039,48.8
507,666204,"Jiménez, Dany",2022,539,94.1
506,543507,"May, Trevor",2019,1166,43.4
506,543272,"Hand, Brad",2023,969,52.2
506,543118,"Drake, Oliver",2019,941,53.8
505,519043,"Moore, Matt",2023,842,60
505,571656,"Farmer, Buck",2019,1157,43.6
505,605525,"Wendelken, J.B.",2021,749,67.4
505,606625,"Moronta, Reyes",2022,641,78.8
504,608678,"Leone, Dominic",2022,826,61
504,642397,"Soto, Gregory",2024,960,52.5
504,457429,"Logan, Boone",2016,748,67.4
504,593974,"Peralta, Wandy",2022,816,61.8
504,445213,"Kintzler, Brandon",2018,981,51.4
503,596112,"Stephenson, Robert",2019,1028,48.9
503,592473,"Kolarek, Adam",2019,794,63.4
503,456696,"Hernandez, David",2018,975,51.6
502,656061,"Abreu, Albert",2023,1044,48.1
502,607229,"Gsellman, Robert",2019,1072,46.8
500,605218,"Edwards Jr., Carl",2022,1014,49.3
500,656945,"Scott, Tanner",2025,515,97.1
499,502239,"Cahill, Trevor",2016,1162,42.9
499,656420,"Feyereisen, J.P.",2021,987,50.6
499,502004,"Kontos, George",2017,1020,48.9
499,676714,"Hughes, Brandon",2022,973,51.3
499,591693,"Ramos, Edubray",2017,1007,49.6
499,623430,"Dull, Ryan",2016,1217,41
498,571882,"Law, Derek",2017,638,78.1
496,664199,"Clarke, Taylor",2023,1068,46.4
496,642545,"Barria, Jaime",2022,1123,44.2
496,570257,"Rodríguez, Joely",2021,775,64
495,592741,"Shreve, Chasen",2018,1006,49.2
495,501789,"Harris, Will",2018,887,55.8
495,593140,"Feliz, Michael",2016,1148,43.1
495,572403,"VerHagen, Drew",2023,1042,47.5
495,543506,"Maurer, Brandon",2018,667,74.2
495,592426,"Jackson, Luke",2021,1055,46.9
494,608032,"Estévez, Carlos",2025,494,100
494,657585,"Garrett, Reed",2024,980,50.4
494,600917,"Leclerc, José",2017,865,57.1
492,543935,"Wilson, Alex",2018,941,52.3
492,455119,"Martin, Chris",2024,657,74.9
491,608371,"Sims, Lucas",2024,885,55.5
491,623149,"Sewald, Paul",2017,1132,43.4
491,493157,"Uehara, Koji",2017,676,72.6
491,501697,"Mariñez, Jhan",2017,970,50.6
491,445926,"Chavez, Jesse",2016,1123,43.7
490,675540,"Curry, Xzavion",2023,1495,32.8
488,453344,"Morrow, Brandon",2018,488,100
488,448614,"Torres, Carlos",2016,1317,37.1
488,598264,"Barnes, Matt",2022,693,70.4
487,642207,"Williams, Devin",2025,505,96.4
487,445213,"Kintzler, Brandon",2019,855,57
486,656547,"Holder, Jonathan",2018,1032,47.1
486,663574,"Santillan, Tony",2025,540,90
486,600917,"Leclerc, José",2024,1204,40.4
486,623474,"Herget, Jimmy",2022,996,48.8
485,573668,"Minaya, Juan",2017,809,60
485,518715,"Gearrin, Cory",2016,732,66.3
485,543359,"Jennings, Dan",2016,1027,47.2
484,448609,"Sipp, Tony",2016,780,62.1
484,592222,"Claudio, Alex",2018,1065,45.4
484,592135,"Bedrosian, Cam",2017,765,63.3
483,643256,"Cimber, Adam",2022,1044,46.3
482,475479,"Phelps, David",2022,1151,41.9
482,571656,"Farmer, Buck",2024,1170,41.2
482,502154,"Britton, Zack",2018,656,73.5
481,433589,"Petit, Yusmeiro",2017,1347,35.7
481,669060,"Wilson, Bryse",2023,1156,41.6
481,453343,"Melancon, Mark",2018,654,73.5
481,600526,"Torres, José",2017,1071,44.9
480,605309,"Kela, Keone",2017,614,78.2
480,608371,"Sims, Lucas",2023,1057,45.4
479,670167,"Schreiber, John",2022,1020,47
479,663947,"Holton, Tyler",2024,1339,35.8
479,643256,"Cimber, Adam",2019,797,60.1
479,459429,"McGee, Jake",2018,861,55.6
478,433589,"Petit, Yusmeiro",2018,1316,36.3
478,534812,"Quackenbush, Kevin",2016,1025,46.6
478,641729,"Jiménez, Joe",2022,937,51
477,642701,"Santana, Dennis",2022,991,48.1
477,502083,"McAllister, Zach",2017,975,48.9
476,607352,"Biagini, Joe",2016,1117,42.6
476,543766,"Shaw, Bryan",2018,1015,46.9
476,433589,"Petit, Yusmeiro",2021,1082,44
476,663158,"Suarez, Robert",2025,476,100
475,554340,"García, Yimi",2024,619,76.7
475,656546,"Hoffman, Jeff",2025,475,100
474,687863,"Hodge, Porter",2024,642,73.8
474,641755,"Kinley, Tyler",2019,866,54.7
474,545332,"Barrett, Jake",2016,954,49.7
473,672335,"Pérez, Cionel",2022,901,52.5
473,621242,"Díaz, Edwin",2025,473,100
472,613534,"Adams, Austin",2021,962,49.1
472,644364,"Arano, Víctor",2018,946,49.9
472,593974,"Peralta, Wandy",2023,878,53.8
472,672335,"Pérez, Cionel",2024,864,54.6
472,640462,"Puk, A.J.",2022,1072,44
472,657024,"Swanson, Erik",2024,667,70.8
472,544836,"Romero, Enny",2016,811,58.2
471,641394,"Brentz, Jake",2021,1106,42.6
471,593144,"Rodríguez, Richard",2018,1133,41.6
470,491708,"Caminero, Arquimedes",2016,1102,42.6
470,641835,"Mayza, Tim",2021,841,55.9
470,641729,"Jiménez, Joe",2023,936,50.2
470,607259,"Martinez, Nick",2022,1720,27.3
470,547973,"Chapman, Aroldis",2022,679,69.2
470,519043,"Moore, Matt",2024,854,55
470,502026,"Jeffress, Jeremy",2019,877,53.6
470,605177,"Chafin, Andrew",2018,878,53.5
469,676680,"Cosgrove, Tom",2023,837,56
468,573204,"Thielbar, Caleb",2021,1106,42.3
468,594987,"Sadler, Casey",2019,696,67.2
467,656354,"Davis, Austin",2022,1118,41.8
466,572143,"Smith, Burch",2018,1431,32.6
466,592229,"Covey, Dylan",2023,735,63.4
466,642545,"Barria, Jaime",2023,1350,34.5
466,488984,"Hunter, Tommy",2018,958,48.6
465,474521,"Tolleson, Shawn",2016,659,70.6
465,519166,"Ramírez, Neil",2018,747,62.2
465,542888,"Armstrong, Shawn",2019,1132,41.1
464,656685,"Martin, Brett",2021,918,50.5
464,592135,"Bedrosian, Cam",2019,1021,45.4
464,657571,"Ferguson, Caleb",2024,940,49.4
463,592390,"Hembree, Heath",2017,1113,41.6
462,453343,"Melancon, Mark",2017,502,92
462,622253,"Tate, Dillon",2021,1042,44.3
461,657024,"Swanson, Erik",2022,880,52.4
461,542585,"Cisnero, José",2023,986,46.8
461,641838,"McCarthy, Kevin",2018,1008,45.7
461,503285,"O'Day, Darren",2016,537,85.8
460,662253,"Muñoz, Andrés",2025,460,100
460,518617,"Diekman, Jake",2022,1172,39.2
459,605240,"Fry, Jace",2019,1054,43.5
459,407822,"De La Rosa, Jorge",2017,852,53.9
458,660896,"Alcala, Jorge",2021,869,52.7
457,518858,"Jones, Nate",2018,515,88.7
457,571882,"Law, Derek",2023,959,47.7
457,594986,"Ryan, Kyle",2019,1052,43.4
456,593974,"Peralta, Wandy",2024,613,74.4
456,672335,"Pérez, Cionel",2023,877,52
455,621383,"Banks, Tanner",2022,897,50.7
455,504379,"Nicasio, Juan",2016,2165,21
454,656638,"Lange, Alex",2022,1046,43.4
454,519240,"Rzepczynski, Marc",2016,840,54
454,544727,"Familia, Jeurys",2022,817,55.6
454,642585,"Bautista, Félix",2025,454,100
454,446099,"Axford, John",2018,916,49.6
454,641941,"Pagán, Emilio",2018,1038,43.7
454,621053,"Ferguson, Tyler",2024,819,55.4
454,663855,"Hicks, Jordan",2019,454,100
453,606291,"Cabrera, Mauricio",2016,644,70.3
453,571871,"Krol, Ian",2017,862,52.6
453,594027,"Guerrero, Tayron",2018,1120,40.4
453,605218,"Edwards Jr., Carl",2016,623,72.7
452,666374,"Brash, Matt",2023,1304,34.7
452,542914,"Bass, Anthony",2022,986,45.8
452,592454,"Kahnle, Tommy",2025,455,99.3
452,670174,"Winckowski, Josh",2024,1240,36.5
451,547749,"Tazawa, Junichi",2017,962,46.9
450,519096,"Otero, Dan",2018,926,48.6
450,643511,"Rogers, Tyler",2022,1166,38.6
450,547973,"Chapman, Aroldis",2025,450,100
450,476595,"Luetge, Lucas",2022,971,46.3
450,676477,"Whitlock, Garrett",2021,1150,39.1
450,664199,"Clarke, Taylor",2022,859,52.4
449,592454,"Kahnle, Tommy",2024,750,59.9
449,543118,"Drake, Oliver",2018,817,55
449,669711,"Weissert, Greg",2024,1029,43.6
448,664854,"Helsley, Ryan",2025,448,100
448,614179,"Ruiz, José",2023,820,54.6
448,650893,"Cabrera, Génesis",2022,736,60.9
448,641941,"Pagán, Emilio",2025,463,96.8
448,621237,"Alvarado, José",2022,881,50.9
447,623465,"Phillips, Evan",2022,923,48.4
447,592815,"Tuivailala, Sam",2017,643,69.5
447,543557,"Montgomery, Mike",2017,2075,21.5
447,455119,"Martin, Chris",2021,663,67.4
447,669622,"Bender, Anthony",2024,954,46.9
447,542960,"Brach, Brad",2019,997,44.8
446,606965,"Devenski, Chris",2016,1577,28.3
446,519301,"Solís, Sammy",2018,727,61.3
446,518489,"Brasier, Ryan",2022,985,45.3
445,472551,"Abad, Fernando",2017,769,57.9
445,491624,"Valdez, César",2021,757,58.8
445,695243,"Miller, Mason",2025,445,100
444,489265,"Romo, Sergio",2017,912,48.7
444,519326,"Strickland, Hunter",2021,981,45.3
444,543766,"Shaw, Bryan",2022,969,45.8
444,670950,"Richards, Trevor",2024,1182,37.6
444,593144,"Rodríguez, Richard",2019,1162,38.2
443,488846,"Duensing, Brian",2017,1032,42.9
443,543883,"Vincent, Nick",2016,935,47.4
443,570257,"Rodríguez, Joely",2022,842,52.6
443,676979,"Crochet, Garrett",2021,915,48.4
443,621242,"Díaz, Edwin",2020,483,91.7
443,608648,"Duffey, Tyler",2019,980,45.2
442,502202,"Boxberger, Brad",2021,1074,41.2
442,592454,"Kahnle, Tommy",2023,685,64.5
442,501822,"Hatcher, Chris",2016,770,57.4
441,669622,"Bender, Anthony",2021,973,45.3
440,669062,"Miller, Erik",2024,1269,34.7
440,607481,"Bummer, Aaron",2021,962,45.7
440,544928,"Lyons, Tyler",2017,902,48.8
439,571901,"Loup, Aaron",2023,837,52.4
439,518748,"Grimm, Justin",2017,964,45.5
439,458584,"Cedeño, Xavier",2016,692,63.4
438,640462,"Puk, A.J.",2024,1173,37.3
438,641941,"Pagán, Emilio",2023,1061,41.3
438,518553,"Cishek, Steve",2018,1157,37.9
438,501625,"Alvarez, Jose",2019,984,44.5
438,621345,"Minter, A.J.",2021,876,50
437,446899,"Ziegler, Brad",2017,697,62.7
437,642528,"Loáisiga, Jonathan",2022,761,57.4
436,592761,"Smith, Caleb",2022,1234,35.3
436,543557,"Montgomery, Mike",2016,1513,28.8
436,606303,"Payamps, Joel",2022,952,45.8
436,606930,"Barnes, Jacob",2018,840,51.9
435,456696,"Hernandez, David",2019,787,55.3
435,669212,"Morgan, Eli",2022,1017,42.8
435,448855,"Guerra, Junior",2021,1225,35.5
434,518875,"Kelley, Shawn",2017,513,84.6
434,445926,"Chavez, Jesse",2024,1044,41.6
434,643316,"Fry, Paul",2018,636,68.2
434,641871,"Middleton, Keynan",2023,856,50.7
434,596057,"Norris, Daniel",2021,989,43.9
434,650633,"King, Michael",2022,776,55.9
434,670174,"Winckowski, Josh",2023,1383,31.4
434,592865,"Williams, Taylor",2018,940,46.2
433,472610,"García, Luis",2018,764,56.7
433,621381,"Strahm, Matt",2022,764,56.7
433,641838,"McCarthy, Kevin",2019,901,48.1
433,467008,"Strop, Pedro",2017,1019,42.5
432,640448,"Finnegan, Kyle",2025,432,100
431,605177,"Chafin, Andrew",2019,895,48.2
431,543339,"Hudson, Daniel",2018,739,58.3
431,594577,"Mayers, Mike",2018,908,47.5
431,621345,"Minter, A.J.",2019,588,73.3
430,677053,"Nardi, Andrew",2023,958,44.9
430,571710,"Givens, Mychal",2016,1306,32.9
430,650671,"Quijada, José",2022,691,62.2
430,518489,"Brasier, Ryan",2023,902,47.7
430,605388,"Morgan, Adam",2018,850,50.6
430,573124,"Rogers, Taylor",2018,988,43.5
429,502706,"Holland, Derek",2019,1487,28.9
429,643256,"Cimber, Adam",2018,991,43.3
429,607237,"Garrett, Amir",2019,978,43.9
429,518397,"Alexander, Scott",2018,968,44.3
428,621381,"Strahm, Matt",2024,981,43.6
428,622259,"Wingenter, Trey",2019,906,47.2
426,670167,"Schreiber, John",2024,895,47.6
426,503569,"Dolis, Rafael",2021,605,70.4
426,489265,"Romo, Sergio",2016,469,90.8
426,660853,"De Los Santos, Enyel",2021,697,61.1
426,608349,"Knebel, Corey",2016,612,69.6
425,542888,"Armstrong, Shawn",2022,1047,40.6
424,445276,"Jansen, Kenley",2020,446,95.1
424,598264,"Barnes, Matt",2016,1195,35.5
423,656730,"Megill, Trevor",2025,427,99.1
423,608678,"Leone, Dominic",2019,682,62
423,657097,"Webb, Jacob",2019,536,78.9
423,592773,"Stanek, Ryne",2022,895,47.3
423,605154,"Brebbia, John",2018,833,50.8
422,623395,"Ellington, Brian",2017,930,45.4
422,606149,"Gallegos, Giovanny",2019,1141,37
422,660853,"De Los Santos, Enyel",2022,845,49.9
422,430641,"Boyer, Blaine",2016,1052,40.1
422,547749,"Tazawa, Junichi",2016,838,50.4
421,693312,"Nicolas, Kyle",2024,950,44.3
421,430661,"McGowan, Dustin",2017,1176,35.8
421,657612,"Hill, Tim",2024,982,42.9
421,571901,"Loup, Aaron",2017,1008,41.8
420,643354,"Hart, Donnie",2017,709,59.2
420,605521,"Warren, Art",2022,655,64.1
419,502083,"McAllister, Zach",2016,932,45
419,543359,"Jennings, Dan",2017,1040,40.3
419,676969,"de Geus, Brett",2021,911,46
419,621363,"Poche, Colin",2023,927,45.2
418,519322,"Storen, Drew",2017,909,46
418,621249,"Underwood Jr., Duane",2022,1004,41.6
418,664948,"Misiewicz, Anthony",2021,894,46.8
418,573124,"Rogers, Taylor",2023,834,50.1
417,502004,"Kontos, George",2018,450,92.7
417,605541,"Wright Jr., Mike",2018,1562,26.7
417,543017,"Cervenka, Hunter",2016,759,54.9
417,451661,"Fields, Josh",2017,892,46.7
416,641627,"Gott, Trevor",2023,977,42.6
416,605347,"López, Jorge",2024,802,51.9
415,518715,"Gearrin, Cory",2018,948,43.8
415,676051,"Heuer, Codi",2021,1049,39.6
415,643316,"Fry, Paul",2019,1076,38.6
415,445276,"Jansen, Kenley",2025,415,100
414,608648,"Duffey, Tyler",2022,741,55.9
414,543507,"May, Trevor",2016,841,49.2
413,519151,"Pressly, Ryan",2018,1114,37.1
413,453172,"Hughes, Jared",2017,910,45.4
412,628452,"Iglesias, Raisel",2025,412,100
412,614179,"Ruiz, José",2024,835,49.3
412,435043,"Duke, Zach",2018,929,44.3
412,592773,"Stanek, Ryne",2019,1300,31.7
412,642546,"Hernández, Jonathan",2020,497,82.9
411,669212,"Morgan, Eli",2023,1200,34.3
411,660853,"De Los Santos, Enyel",2023,1048,39.2
411,642048,"Saucedo, Tayler",2023,789,52.1
411,605177,"Chafin, Andrew",2017,879,46.8
410,643338,"Green, Chad",2019,1320,31.1
410,642546,"Hernández, Jonathan",2022,511,80.2
409,643377,"Jax, Griffin",2025,539,75.9
409,501789,"Harris, Will",2019,935,43.7
409,655889,"Rodríguez, Manuel",2024,605,67.6
409,523260,"Kelly, Joe",2019,894,45.7
408,543779,"Siegrist, Kevin",2017,681,59.9
408,592390,"Hembree, Heath",2019,718,56.8
408,605463,"Scott, Tayler",2024,1203,33.9
408,519008,"McFarland, T.J.",2017,829,49.2
408,650633,"King, Michael",2023,1681,24.3
408,453281,"LeBlanc, Wade",2017,1068,38.2
408,448281,"Doolittle, Sean",2021,866,47.1
407,666214,"Wentz, Joey",2024,1224,33.3
407,502083,"McAllister, Zach",2018,776,52.4
407,623433,"Anderson, Nick",2023,548,74.3
407,622098,"Smith, Drew",2022,780,52.2
407,444468,"Rondón, Héctor",2019,994,40.9
406,450212,"Neshek, Pat",2017,940,43.2
405,573124,"Rogers, Taylor",2016,1006,40.3
405,641582,"Foster, Matt",2022,768,52.7
405,668338,"Miller, Tyson",2024,934,43.4
405,656547,"Holder, Jonathan",2017,657,61.6
405,572750,"Butler, Eddie",2018,842,48.1
405,641755,"Kinley, Tyler",2021,1143,35.4
405,669270,"Kuhnel, Joel",2022,934,43.4
404,571901,"Loup, Aaron",2022,967,41.8
404,460283,"Blevins, Jerry",2018,779,51.9
404,488748,"Buchter, Ryan",2019,800,50.5
404,573204,"Thielbar, Caleb",2024,887,45.5
403,663158,"Suarez, Robert",2022,801,50.3
403,621389,"Blach, Ty",2018,1879,21.4
403,677161,"Kelly, Zack",2024,957,42.1
402,664199,"Clarke, Taylor",2021,754,53.3
402,641438,"Carle, Shane",2018,957,42
402,592815,"Tuivailala, Sam",2018,636,63.2
402,669912,"Snead, Kirby",2022,780,51.5
402,605538,"Wisler, Matt",2021,787,51.1
402,519326,"Strickland, Hunter",2024,1157,34.7
402,518585,"Cruz, Fernando",2024,1138,35.3
401,434718,"Street, Huston",2016,401,100
401,676092,"Snider, Collin",2024,676,59.3
401,571948,"Milner, Hoby",2024,1043,38.4
401,592612,"Osich, Josh",2017,761,52.7
400,621053,"Ferguson, Tyler",2025,560,71.4
400,519096,"Otero, Dan",2016,1001,40
400,598287,"Ramirez, Noé",2022,837,47.8
399,502522,"Miller, Justin",2016,771,51.8
399,542947,"Bleier, Richard",2019,762,52.4
399,493603,"Ottavino, Adam",2016,458,87.1
399,669330,"Wells, Tyler",2021,894,44.6
399,543359,"Jennings, Dan",2018,1070,37.3
398,607481,"Bummer, Aaron",2024,974,40.9
398,519393,"Walden, Marcus",2019,1268,31.4
398,622554,"Domínguez, Seranthony",2023,859,46.3
398,656353,"Davidson, Tucker",2023,847,47
397,642528,"Loáisiga, Jonathan",2021,1085,36.6
397,663558,"Moran, Jovani",2022,672,59.1
397,592741,"Shreve, Chasen",2017,851,46.7
397,656945,"Scott, Tanner",2018,957,41.5
397,595014,"Treinen, Blake",2024,737,53.9
397,605121,"Anderson, Justin",2024,945,42
397,571479,"Bellatti, Andrew",2022,963,41.2
397,670280,"Bednar, David",2025,418,95
397,608717,"Stratton, Chris",2019,1363,29.1
396,656546,"Hoffman, Jeff",2023,869,45.6
396,501593,"Avilán, Luis",2018,826,47.9
396,570240,"Peña, Félix",2017,605,65.5
396,572888,"Greene, Shane",2016,983,40.3
395,621016,"Cuas, Jose",2023,1176,33.6
395,548384,"Raley, Brooks",2021,865,45.7
395,641755,"Kinley, Tyler",2025,625,63.2
395,502202,"Boxberger, Brad",2022,1090,36.2
394,663158,"Suarez, Robert",2023,449,87.8
394,453265,"Watson, Tony",2021,866,45.5
394,544727,"Familia, Jeurys",2021,1017,38.7
393,669618,"Barlow, Joe",2021,455,86.4
393,458677,"Wilson, Justin",2019,692,56.8
393,664208,"Maton, Phil",2018,849,46.3
393,434628,"Hammel, Jason",2018,2073,19
393,656685,"Martin, Brett",2022,750,52.4
392,571561,"Cingrani, Tony",2017,727,53.9
392,670950,"Richards, Trevor",2023,1352,29
392,571946,"Miller, Shelby",2025,470,83.4
392,448281,"Doolittle, Sean",2016,595,65.9
392,598287,"Ramirez, Noé",2021,579,67.7
392,669461,"Liberatore, Matthew",2024,1358,28.9
392,612434,"Castro, Miguel",2017,1033,37.9
392,518886,"Kimbrel, Craig",2019,392,100
392,641835,"Mayza, Tim",2023,809,48.5
392,279571,"Belisle, Matt",2018,586,66.9
391,543056,"Coulombe, Danny",2017,905,43.2
391,656557,"Houck, Tanner",2022,918,42.6
391,571656,"Farmer, Buck",2023,1222,32
391,573046,"Morin, Mike",2019,724,54
391,462382,"Johnson, Jim",2018,1016,38.5
391,570663,"Robles, Hansel",2018,969,40.4
391,642207,"Williams, Devin",2024,391,100
391,621383,"Banks, Tanner",2024,1174,33.3
391,523260,"Kelly, Joe",2023,712,54.9
391,664208,"Maton, Phil",2022,1089,35.9
391,670950,"Richards, Trevor",2021,1061,36.9
391,446399,"Cecil, Brett",2017,990,39.5
389,676254,"Walker, Ryan",2025,467,83.3
389,657508,"Baumann, Mike",2023,1071,36.3
389,571882,"Law, Derek",2016,796,48.9
389,689225,"Brieske, Beau",2024,1152,33.8
389,461872,"Swarzak, Anthony",2018,489,79.6
389,592612,"Osich, Josh",2016,576,67.5
389,519301,"Solís, Sammy",2016,663,58.7
388,500610,"Guerra, Deolis",2016,901,43.1
388,493603,"Ottavino, Adam",2019,1158,33.5
388,605154,"Brebbia, John",2022,1091,35.6
388,573124,"Rogers, Taylor",2024,1082,35.9
388,453646,"Villanueva, Carlos",2016,1193,32.5
388,678020,"Halvorsen, Seth",2025,453,85.7
388,580792,"Goody, Nick",2017,901,43.1
388,598287,"Ramirez, Noé",2018,1379,28.1
387,643230,"Brault, Steven",2018,1649,23.5
387,458006,"Albers, Matt",2018,673,57.5
387,595918,"Cole, A.J.",2018,877,44.1
386,444857,"Feldman, Scott",2016,1316,29.3
386,452666,"Wilhelmsen, Tom",2016,808,47.8
386,657612,"Hill, Tim",2018,779,49.6
386,572193,"Tepera, Ryan",2021,948,40.7
386,592426,"Jackson, Luke",2017,815,47.4
386,670970,"Morejon, Adrian",2024,1064,36.3
385,621051,"Wilson, Steven",2024,623,61.8
385,453284,"Parker, Blake",2021,713,54
385,676760,"Marinaccio, Ron",2022,757,50.9
385,543766,"Shaw, Bryan",2023,774,49.7
384,681911,"Vesia, Alex",2022,951,40.4
384,673633,"Hirano, Yoshihisa",2019,934,41.1
384,519166,"Ramírez, Neil",2017,641,59.9
384,642701,"Santana, Dennis",2021,909,42.2
383,518585,"Cruz, Fernando",2023,1120,34.2
383,606424,"García, Jarlín",2019,759,50.5
383,672710,"Contreras, Roansy",2024,1075,35.6
383,543935,"Wilson, Alex",2016,1130,33.9
383,571670,"Floro, Dylan",2019,742,51.6
382,543022,"Chatwood, Tyler",2021,591,64.6
382,656186,"Altavilla, Dan",2017,768,49.7
382,598264,"Barnes, Matt",2020,455,84
382,460283,"Blevins, Jerry",2016,728,52.5
382,552640,"Kittredge, Andrew",2021,982,38.9
381,643511,"Rogers, Tyler",2025,417,91.4
381,596112,"Stephenson, Robert",2022,914,41.7
381,661527,"Martinez, Seth",2024,838,45.5
381,678226,"Hernández, Daysbel",2025,454,83.9
381,663658,"Ward, Thaddeus",2023,681,55.9
381,642232,"Yarbrough, Ryan",2024,1514,25.2
381,622250,"Sborz, Josh",2023,835,45.6
380,519293,"Smith, Will",2016,650,58.5
380,593144,"Rodríguez, Richard",2020,392,96.9
380,621142,"Buttrey, Ty",2020,428,88.8
380,543056,"Coulombe, Danny",2023,830,45.8
380,571670,"Floro, Dylan",2024,1018,37.3
379,592222,"Claudio, Alex",2016,789,48
379,501925,"Smith, Joe",2018,687,55.2
378,592390,"Hembree, Heath",2018,1104,34.2
378,501625,"Alvarez, Jose",2017,760,49.7
378,605447,"Romano, Jordan",2025,446,84.8
377,607625,"Lugo, Seth",2021,730,51.6
377,670990,"Ramírez, Yohan",2022,620,60.8
377,435400,"Motte, Jason",2016,462,81.6
377,429722,"Santana, Ervin",2021,1063,35.5
376,543483,"Magill, Matt",2018,1009,37.3
376,628708,"Marte, Yunior",2022,856,43.9
376,592773,"Stanek, Ryne",2023,864,43.5
376,571521,"Brothers, Rex",2021,998,37.7
376,573064,"Nuño, Vidal",2016,938,40.1
376,605195,"Crick, Kyle",2021,434,86.6
375,458006,"Albers, Matt",2016,891,42.1
375,572143,"Smith, Burch",2024,896,41.9
375,502026,"Jeffress, Jeremy",2017,1144,32.8
375,500872,"Infante, Gregory",2017,939,39.9
374,605388,"Morgan, Adam",2017,906,41.3
374,430589,"Qualls, Chad",2016,534,70
374,595032,"Whitley, Chase",2017,829,45.1
374,642701,"Santana, Dennis",2025,444,84.2
374,593974,"Peralta, Wandy",2017,1017,36.8
374,666808,"Doval, Camilo",2025,509,73.5
374,570666,"Cessa, Luis",2021,949,39.4
373,476589,"Warren, Adam",2017,939,39.7
373,570663,"Robles, Hansel",2017,949,39.3
373,572096,"Rosenthal, Trevor",2019,405,92.1
373,606424,"García, Jarlín",2017,892,41.8
373,475054,"Roe, Chaz",2019,925,40.3
373,607755,"Vasquez, Andrew",2023,853,43.7
373,519151,"Pressly, Ryan",2025,455,82
373,501925,"Smith, Joe",2021,650,57.4
373,548384,"Raley, Brooks",2022,846,44.1
372,669674,"Long, Sam",2023,776,47.9
372,657265,"Strzelecki, Peter",2023,653,57
372,656529,"Hentges, Sam",2022,944,39.4
372,606625,"Moronta, Reyes",2019,1038,35.8
372,592135,"Bedrosian, Cam",2018,1038,35.8
372,518693,"Freeman, Sam",2017,950,39.2
372,582494,"Scott, Robby",2017,594,62.6
372,664849,"Young, Danny",2024,697,53.4
371,453172,"Hughes, Jared",2016,908,40.9
371,680704,"Sandlin, Nick",2022,740,50.1
370,473879,"Dyson, Sam",2019,848,43.6
369,683409,"Chivilli, Angel",2024,513,71.9
369,673929,"Leasure, Jordan",2025,507,72.8
369,670036,"Festa, Matt",2022,897,41.1
369,642564,"Martes, Francis",2017,1027,35.9
368,621199,"Bowman, Matt",2016,1060,34.7
368,623433,"Anderson, Nick",2024,573,64.2
368,461325,"Clippard, Tyler",2019,937,39.3
368,594986,"Ryan, Kyle",2016,837,44
367,656271,"Burke, Brock",2023,914,40.2
367,605177,"Chafin, Andrew",2022,899,40.8
367,543022,"Chatwood, Tyler",2019,1285,28.6
367,642008,"Rhame, Jacob",2018,515,71.3
367,592102,"Allen, Cody",2019,491,74.7
367,584171,"Velázquez, Hector",2018,1389,26.4
366,430641,"Boyer, Blaine",2017,691,53
366,517008,"Colomé, Alex",2020,366,100
366,663878,"Pearson, Nate",2023,737,49.7
366,641582,"Foster, Matt",2021,729,50.2
366,663941,"Beck, Tristan",2023,1298,28.2
366,502522,"Miller, Justin",2018,885,41.4
366,458708,"Tomlin, Josh",2018,1185,30.9
365,596133,"Weaver, Luke",2022,721,50.6
365,571476,"Beck, Chris",2017,1152,31.7
365,594580,"Moll, Sam",2023,1025,35.6
365,641329,"Baker, Bryan",2022,1181,30.9
364,543118,"Drake, Oliver",2017,1049,34.7
364,657031,"Taylor, Josh",2021,791,46
364,608648,"Duffey, Tyler",2021,1053,34.6
363,519096,"Otero, Dan",2017,849,42.8
363,592612,"Osich, Josh",2019,1053,34.5
363,543272,"Hand, Brad",2020,363,100
362,408061,"Rodríguez, Francisco",2017,433,83.6
362,519141,"Pomeranz, Drew",2021,430,84.2
362,676684,"Vest, Will",2022,1083,33.4
362,518927,"Layne, Tommy",2016,697,51.9
361,519443,"Workman, Brandon",2020,395,91.4
361,488786,"Coleman, Louis",2016,889,40.6
360,543169,"Flynn, Brian",2018,1250,28.8
360,543859,"Tonkin, Michael",2023,1283,28.1
360,647315,"Pop, Zach",2024,744,48.4
360,451661,"Fields, Josh",2018,574,62.7
360,519008,"McFarland, T.J.",2024,836,43.1
360,501625,"Alvarez, Jose",2021,970,37.1
360,542882,"Andriese, Matt",2021,855,42.1
360,598286,"Ramirez, Nick",2023,658,54.7
359,607237,"Garrett, Amir",2018,1002,35.8
359,519293,"Smith, Will",2024,673,53.3
359,459429,"McGee, Jake",2022,629,57.1
359,664208,"Maton, Phil",2025,453,79.2
359,621381,"Strahm, Matt",2025,509,70.5
358,608652,"Farrell, Luke",2018,595,60.2
358,642121,"Sulser, Cole",2022,619,57.8
358,682171,"Murfee, Penn",2022,1003,35.7
358,571656,"Farmer, Buck",2022,855,41.9
358,643778,"Webb, Tyler",2019,889,40.3
357,596057,"Norris, Daniel",2022,1012,35.3
357,608334,"Fulmer, Carson",2024,1472,24.3
357,681911,"Vesia, Alex",2024,1109,32.2
357,461325,"Clippard, Tyler",2021,410,87.1
356,592165,"Brennan, Brandon",2019,725,49.1
356,641401,"Brogdon, Connor",2021,923,38.6
356,543726,"Ross Jr., Robbie",2016,966,36.9
355,598271,"Johnson, Brian",2018,1710,20.8
355,501817,"Barnette, Tony",2016,921,38.5
355,657649,"Koenig, Jared",2024,1017,34.9
355,593974,"Peralta, Wandy",2018,867,40.9
355,687330,"Kelly, Kevin",2024,1033,34.4
355,660813,"Graterol, Brusdar",2022,675,52.6
355,571948,"Milner, Hoby",2022,1088,32.6
354,519151,"Pressly, Ryan",2017,890,39.8
354,502004,"Kontos, George",2016,799,44.3
354,600921,"Machado, Andrés",2022,997,35.5
354,670955,"Uceta, Edwin",2025,519,68.2
354,542960,"Brach, Brad",2021,579,61.1
353,573589,"Ynoa, Michael",2017,594,59.4
353,570488,"Valdez, Phillips",2021,684,51.6
353,673513,"Matsui, Yuki",2024,1049,33.7
353,681869,"Dubin, Shawn",2024,840,42
353,641835,"Mayza, Tim",2024,731,48.3
352,543521,"McHugh, Collin",2021,972,36.2
352,643338,"Green, Chad",2018,1251,28.1
352,593974,"Peralta, Wandy",2021,808,43.6
352,668941,"Romero, JoJo",2023,548,64.2
352,593140,"Feliz, Michael",2017,899,39.2
352,542947,"Bleier, Richard",2022,768,45.8
351,641656,"Hamilton, Ian",2024,619,56.7
351,669467,"Pallante, Andre",2023,1139,30.8
351,518468,"Blazek, Michael",2016,818,42.9
351,595465,"Winkler, Dan",2021,787,44.6
351,606965,"Devenski, Chris",2023,680,51.6
351,672582,"Zerpa, Angel",2024,951,36.9
351,664294,"Moreta, Dauri",2022,613,57.3
351,643493,"Pruitt, Austin",2022,809,43.4
350,681982,"Anderson, Grant",2025,601,58.2
350,608678,"Leone, Dominic",2023,886,39.5
350,571656,"Farmer, Buck",2018,1255,27.9
350,642130,"Taylor, Blake",2021,748,46.8
350,543144,"Farquhar, Danny",2016,670,52.2
350,471822,"Díaz, Jumbo",2016,767,45.6
349,595001,"Smith, Josh A.",2019,593,58.9
349,642546,"Hernández, Jonathan",2023,553,63.1
349,675916,"Karinchak, James",2023,733,47.6
349,607179,"Weems, Jordan",2023,920,37.9
349,449104,"Henderson, Jim",2016,648,53.9
349,650893,"Cabrera, Génesis",2023,946,36.9
348,476589,"Warren, Adam",2018,989,35.2
348,622075,"Almonte, Yency",2021,871,40
348,670955,"Uceta, Edwin",2024,672,51.8
348,608716,"Steckenrider, Drew",2017,699,49.8
347,664208,"Maton, Phil",2019,608,57.1
347,657097,"Webb, Jacob",2023,928,37.4
347,676534,"Faucher, Calvin",2025,470,73.8
347,650828,"Santana, Edgar",2018,929,37.4
347,572021,"Pazos, James",2017,929,37.4
347,669211,"Akin, Keegan",2022,1235,28.1
346,592858,"Wick, Rowan",2019,587,58.9
346,521230,"Hendriks, Liam",2020,370,93.5
346,607192,"Glasnow, Tyler",2018,1855,18.7
346,658305,"García, Edgar",2019,723,47.9
346,573009,"Mantiply, Joe",2024,867,39.9
346,591693,"Ramos, Edubray",2018,743,46.6
346,663558,"Moran, Jovani",2023,750,46.1
345,571882,"Law, Derek",2024,1368,25.2
345,425856,"Floyd, Gavin",2016,475,72.6
345,476595,"Luetge, Lucas",2021,1241,27.8
345,572096,"Rosenthal, Trevor",2020,381,90.6
344,592741,"Shreve, Chasen",2023,753,45.7
344,475054,"Roe, Chaz",2018,774,44.4
344,683627,"Molina, Anthony",2024,1048,32.8
344,623149,"Sewald, Paul",2018,1057,32.5
344,676265,"Abbott, Cory",2023,703,48.9
343,543883,"Vincent, Nick",2018,829,41.4
343,592091,"Achter, A.J.",2016,568,60.4
343,656529,"Hentges, Sam",2023,852,40.3
343,450212,"Neshek, Pat",2016,712,48.2
343,623451,"Stephens, Jackson",2018,678,50.6
342,477569,"Salas, Fernando",2018,663,51.6
342,519443,"Workman, Brandon",2017,609,56.2
342,605154,"Brebbia, John",2017,783,43.7
341,663460,"Bubic, Kris",2024,467,73
341,592773,"Stanek, Ryne",2025,453,75.3
341,547179,"Lorenzen, Michael",2021,481,70.9
341,623184,"Oberg, Scott",2017,992,34.4
341,665871,"Assad, Javier",2023,1710,19.9
340,519437,"Withrow, Chris",2016,650,52.3
340,642121,"Sulser, Cole",2020,416,81.7
340,665625,"Peguero, Elvis",2024,829,41
340,664123,"Effross, Scott",2022,815,41.7
340,518617,"Diekman, Jake",2024,627,54.2
340,453344,"Morrow, Brandon",2017,612,55.6
340,641835,"Mayza, Tim",2022,731,46.5
339,519263,"Schugel, A.J.",2016,817,41.5
339,676477,"Whitlock, Garrett",2022,1166,29.1
339,657097,"Webb, Jacob",2024,934,36.3
338,621248,"Garza Jr., Ralph",2021,485,69.7
338,621237,"Alvarado, José",2025,338,100
338,572955,"Johnson, Pierce",2024,916,36.9
337,543208,"Gaviglio, Sam",2019,1427,23.6
337,621295,"Wittgren, Nick",2021,1018,33.1
337,606625,"Moronta, Reyes",2018,1100,30.6
337,660825,"Bazardo, Eduard",2024,441,76.4
337,605195,"Crick, Kyle",2017,606,55.6
337,623352,"Hader, Josh",2020,372,90.6
336,592094,"Adam, Jason",2018,571,58.8
336,596112,"Stephenson, Robert",2023,763,44
336,690829,"Joyce, Ben",2024,541,62.1
336,606160,"Montero, Rafael",2019,459,73.2
336,642758,"Acevedo, Domingo",2022,1005,33.4
335,543331,"Hoover, J.J.",2016,414,80.9
335,500610,"Guerra, Deolis",2021,1086,30.8
335,621295,"Wittgren, Nick",2023,472,71
335,612672,"Chen, Wei-Yin",2019,1151,29.1
335,543339,"Hudson, Daniel",2020,378,88.6
335,457732,"Bailey, Andrew",2016,795,42.1
335,596101,"Shafer, Justin",2019,732,45.8
334,572831,"Edgin, Josh",2017,614,54.4
334,592130,"Barnes, Danny",2017,1063,31.4
334,489446,"Yates, Kirby",2016,800,41.8
334,518715,"Gearrin, Cory",2019,923,36.2
333,544727,"Familia, Jeurys",2017,411,81
333,521655,"Font, Wilmer",2018,841,39.6
333,504379,"Nicasio, Juan",2019,832,40
333,671345,"Foley, Jason",2022,961,34.7
333,657031,"Taylor, Josh",2019,836,39.8
332,542914,"Bass, Anthony",2020,385,86.2
332,592340,"Goeddel, Erik",2017,501,66.3
332,543045,"Conley, Adam",2018,774,42.9
332,596112,"Stephenson, Robert",2021,767,43.3
331,622503,"Crismatt, Nabil",2021,1337,24.8
331,656061,"Abreu, Albert",2022,707,46.8
331,657571,"Ferguson, Caleb",2018,830,39.9
331,573204,"Thielbar, Caleb",2022,996,33.2
331,608678,"Leone, Dominic",2017,1082,30.6
330,605255,"Graves, Brett",2018,533,61.9
330,669622,"Bender, Anthony",2025,461,71.6
330,622786,"Tinoco, Jesus",2024,644,51.2
330,694363,"Shuster, Jared",2024,1290,25.6
330,668674,"Erceg, Lucas",2025,395,83.5
330,592340,"Goeddel, Erik",2018,642,51.4
329,641501,"Danish, Tyler",2022,664,49.5
329,594580,"Moll, Sam",2022,737,44.6
329,543331,"Hoover, J.J.",2017,822,40
329,643493,"Pruitt, Austin",2018,1024,32.1
328,657610,"Hildenberger, Trevor",2017,624,52.6
328,650382,"Hernández, Darwinzon",2021,754,43.5
328,612434,"Castro, Miguel",2021,1228,26.7
328,659275,"Lamet, Dinelson",2022,583,56.3
328,605194,"Cotton, Jharel",2022,741,44.3
327,458006,"Albers, Matt",2019,1005,32.5
327,671305,"Otañez, Michel",2024,601,54.4
327,592390,"Hembree, Heath",2016,862,37.9
327,592169,"Brice, Austin",2019,779,42
327,687863,"Hodge, Porter",2025,344,95.1
327,571863,"Koch, Matt",2023,584,56
327,458924,"Venters, Jonny",2018,528,61.9
327,667463,"King, John",2022,749,43.7
327,663947,"Holton, Tyler",2023,1195,27.4
326,542888,"Armstrong, Shawn",2024,1109,29.4
326,657612,"Hill, Tim",2023,716,45.5
326,686580,"Slaten, Justin",2024,811,40.2
326,594840,"Grace, Matt",2017,753,43.3
325,614179,"Ruiz, José",2019,753,43.2
325,664208,"Maton, Phil",2017,730,44.5
325,605309,"Kela, Keone",2019,504,64.5
325,608718,"Suter, Brent",2021,1221,26.6
325,621199,"Bowman, Matt",2019,561,57.9
325,518875,"Kelley, Shawn",2018,730,44.5
325,689147,"Kerkering, Orion",2024,1087,29.9
325,622503,"Crismatt, Nabil",2022,1062,30.6
325,670950,"Richards, Trevor",2022,1163,27.9
325,502202,"Boxberger, Brad",2017,500,65
324,541640,"Ramírez, Erasmo",2022,1222,26.5
324,676395,"Garcia, Robert",2025,436,74.3
324,605280,"Holmes, Clay",2021,1124,28.8
324,663432,"Rainey, Tanner",2019,900,36
324,461833,"Hughes, Phil",2018,562,57.7
324,468396,"Ogando, Alexi",2016,618,52.4
324,547179,"Lorenzen, Michael",2018,1292,25.1
324,571656,"Farmer, Buck",2020,341,95
323,606424,"García, Jarlín",2021,1002,32.2
323,643377,"Jax, Griffin",2022,1157,27.9
323,519085,"Oberholtzer, Brett",2016,1218,26.5
323,663893,"Little, Brendon",2025,600,53.8
322,518397,"Alexander, Scott",2023,694,46.4
322,606303,"Payamps, Joel",2021,826,39
322,543339,"Hudson, Daniel",2022,406,79.3
322,502154,"Britton, Zack",2021,337,95.5
322,541652,"Rondón, Bruce",2017,328,98.2
322,656257,"Brigham, Jeff",2019,690,46.7
322,502327,"Santiago, Héctor",2019,715,45
322,593833,"Suero, Wander",2018,789,40.8
322,608723,"Voth, Austin",2021,1021,31.5
321,663485,"Sands, Cole",2024,1154,27.8
321,458677,"Wilson, Justin",2024,816,39.3
321,656730,"Megill, Trevor",2022,774,41.5
321,501593,"Avilán, Luis",2017,829,38.7
320,571735,"Hale, David",2019,602,53.2
320,571871,"Krol, Ian",2016,890,36
320,641482,"Cortes, Nestor",2019,1301,24.6
320,547179,"Lorenzen, Michael",2016,755,42.4
320,606131,"Perdomo, Luis",2019,1044,30.7
320,571946,"Miller, Shelby",2023,663,48.3
320,543507,"May, Trevor",2022,465,68.8
319,666204,"Jiménez, Dany",2023,406,78.6
319,548389,"Stripling, Ross",2017,1179,27.1
319,424144,"Pérez, Oliver",2016,723,44.1
319,623184,"Oberg, Scott",2018,907,35.2
319,445926,"Chavez, Jesse",2019,1307,24.4
319,571656,"Farmer, Buck",2021,726,43.9
318,663969,"Phillips, Tyler",2025,559,56.9
318,605894,"González, Severino",2016,613,51.9
318,600986,"Vieira, Thyago",2024,737,43.1
318,453192,"Miller, Andrew",2018,588,54.1
318,595345,"Okert, Steven",2023,1019,31.2
318,669424,"Lambert, Jimmy",2022,818,38.9
318,681911,"Vesia, Alex",2025,522,60.9
318,656271,"Burke, Brock",2022,1330,23.9
318,584171,"Velázquez, Hector",2019,981,32.4
317,680739,"Winder, Josh",2023,559,56.7
317,672578,"Hernández, Carlos",2025,451,70.3
317,458677,"Wilson, Justin",2021,604,52.5
317,641729,"Jiménez, Joe",2021,866,36.6
317,545343,"Head, Louis",2021,546,58.1
317,660825,"Bazardo, Eduard",2025,591,53.6
317,606930,"Barnes, Jacob",2024,1117,28.4
317,541652,"Rondón, Bruce",2018,612,51.8
316,605280,"Holmes, Clay",2019,915,34.5
316,656793,"Nelson, Nick",2022,1204,26.2
316,571901,"Loup, Aaron",2018,714,44.3
316,664294,"Moreta, Dauri",2023,962,32.8
316,595001,"Smith, Josh A.",2017,586,53.9
315,663568,"Kolek, Stephen",2024,797,39.5
315,656234,"Bird, Jake",2023,1391,22.6
314,501625,"Alvarez, Jose",2016,930,33.8
314,670167,"Schreiber, John",2023,822,38.2
314,501822,"Hatcher, Chris",2018,648,48.5
314,453268,"Bard, Daniel",2020,404,77.7
313,607216,"Krehbiel, Joey",2022,977,32
313,543056,"Coulombe, Danny",2016,731,42.8
312,502179,"Espino, Paolo",2022,1873,16.7
312,678606,"Ferrer, Jose A.",2025,603,51.7
312,657265,"Strzelecki, Peter",2022,605,51.6
311,641835,"Mayza, Tim",2019,921,33.8
311,621051,"Wilson, Steven",2023,938,33.2
310,607473,"Bradford, Chasen",2018,860,36
310,593974,"Peralta, Wandy",2019,657,47.2
310,656794,"Newcomb, Sean",2019,1181,26.2
310,670990,"Ramírez, Yohan",2023,714,43.4
310,676477,"Whitlock, Garrett",2025,640,48.4
310,605488,"Springs, Jeffrey",2021,751,41.3
310,573589,"Ynoa, Michael",2016,546,56.8
309,518553,"Cishek, Steve",2022,1175,26.3
309,606424,"García, Jarlín",2022,1015,30.4
309,657376,"Schmidt, Clarke",2022,930,33.2
309,642100,"Speier, Gabe",2023,782,39.5
308,667463,"King, John",2023,527,58.4
308,641627,"Gott, Trevor",2019,914,33.7
308,596133,"Weaver, Luke",2025,356,86.5
308,661527,"Martinez, Seth",2023,764,40.3
308,669387,"Mlodzinski, Carmen",2023,617,49.9
308,657585,"Garrett, Reed",2025,489,63
308,542947,"Bleier, Richard",2017,914,33.7
307,592426,"Jackson, Luke",2025,355,86.5
307,446399,"Cecil, Brett",2016,566,54.2
307,572362,"Erlin, Robbie",2019,959,32
307,573124,"Rogers, Taylor",2020,358,85.8
307,608717,"Stratton, Chris",2025,411,74.7
306,519294,"Smoker, Josh",2017,1057,28.9
306,628708,"Marte, Yunior",2023,700,43.7
306,501697,"Mariñez, Jhan",2016,953,32.1
306,663546,"Hjelle, Sean",2024,1209,25.3
306,650671,"Quijada, José",2019,647,47.3
306,460283,"Blevins, Jerry",2019,558,54.8
306,501817,"Barnette, Tony",2017,1035,29.6
305,641871,"Middleton, Keynan",2018,311,98.1
305,681892,"Funderburk, Kody",2024,652,46.8
305,621385,"Stumpf, Daniel",2019,522,58.4
305,676702,"Stratton, Hunter",2024,587,52
305,647315,"Pop, Zach",2021,936,32.6
305,593833,"Suero, Wander",2021,761,40.1
305,643493,"Pruitt, Austin",2017,1333,22.9
305,681911,"Vesia, Alex",2023,853,35.8
304,641853,"McKay, David",2019,507,60
304,502706,"Holland, Derek",2021,835,36.4
304,665625,"Peguero, Elvis",2023,913,33.3
304,502239,"Cahill, Trevor",2019,1788,17
303,592135,"Bedrosian, Cam",2016,655,46.3
303,471822,"Díaz, Jumbo",2017,541,56
303,621199,"Bowman, Matt",2017,977,31
303,572955,"Johnson, Pierce",2021,1045,29
303,650893,"Cabrera, Génesis",2021,1195,25.4
302,641771,"Kuhl, Chad",2024,980,30.8
302,621363,"Poche, Colin",2019,870,34.7
302,518397,"Alexander, Scott",2017,1059,28.5
302,641656,"Hamilton, Ian",2023,979,30.8
302,501789,"Harris, Will",2017,670,45.1
302,457915,"Guerra, Javy",2018,587,51.4
301,663432,"Rainey, Tanner",2021,665,45.3
301,663986,"Stephan, Trevor",2021,1210,24.9
301,520980,"Báez, Pedro",2018,972,31
301,503569,"Dolis, Rafael",2020,414,72.7
301,643410,"Leiter Jr., Mark",2022,1086,27.7
300,607560,"Harper, Ryne",2019,868,34.6
300,453343,"Melancon, Mark",2020,323,92.9
300,542587,"Araujo, Elvis",2016,543,55.2
300,625643,"López, Reynaldo",2022,985,30.5
300,448609,"Sipp, Tony",2018,627,47.8
300,641703,"Honeywell, Brent",2024,595,50.4
300,600968,"Rosario, Randy",2018,731,41
300,622505,"Alcántara, Victor",2019,687,43.7
300,664129,"Hartlieb, Geoff",2019,651,46.1
300,424144,"Pérez, Oliver",2019,653,45.9
300,580792,"Goody, Nick",2019,709,42.3
299,596027,"Maples, Dillon",2021,565,52.9
299,592233,"Crichton, Stefan",2019,467,64
299,628711,"Urías, Julio",2019,1344,22.2
299,622088,"Antone, Tejay",2021,529,56.5
298,662253,"Muñoz, Andrés",2019,416,71.6
298,542888,"Armstrong, Shawn",2021,685,43.5
298,502202,"Boxberger, Brad",2016,471,63.3
297,669438,"Englert, Mason",2023,958,31
297,554431,"Matzek, Tyler",2022,713,41.7
297,656977,"Sobotka, Chad",2019,564,52.7
297,519151,"Pressly, Ryan",2020,353,84.1
296,621368,"Hearn, Taylor",2021,1726,17.1
296,661440,"Llovera, Mauricio",2023,621,47.7
295,544928,"Lyons, Tyler",2016,678,43.5
295,501593,"Avilán, Luis",2019,600,49.2
295,543475,"Lyles, Jordan",2018,1402,21
295,542585,"Cisnero, José",2019,646,45.7
295,605154,"Brebbia, John",2025,375,78.7
295,694037,"Palencia, Daniel",2025,417,70.7
294,623211,"Brazobán, Huascar",2023,1012,29.1
294,572021,"Pazos, James",2018,802,36.7
294,501625,"Alvarez, Jose",2018,1021,28.8
293,519008,"McFarland, T.J.",2019,897,32.7
293,656464,"Ginkel, Kevin",2021,556,52.7
293,661527,"Martinez, Seth",2022,592,49.5
293,608718,"Suter, Brent",2023,1129,26
293,668674,"Erceg, Lucas",2023,1053,27.8
292,688642,"Agnos, Zach",2025,338,86.4
292,656546,"Hoffman, Jeff",2022,848,34.4
292,407908,"Peralta, Joel",2016,501,58.3
292,580792,"Goody, Nick",2016,528,55.3
292,518567,"Collmenter, Josh",2016,687,42.5
291,545332,"Barrett, Jake",2017,471,61.8
291,670990,"Ramírez, Yohan",2024,768,37.9
291,542947,"Bleier, Richard",2018,452,64.4
291,523260,"Kelly, Joe",2022,703,41.4
291,621295,"Wittgren, Nick",2020,377,77.2
291,656876,"Rasmussen, Drew",2021,1202,24.2
291,676596,"Fleming, Josh",2024,534,54.5
290,676395,"Garcia, Robert",2024,946,30.7
290,592773,"Stanek, Ryne",2018,1081,26.8
290,641401,"Brogdon, Connor",2022,710,40.8
290,667463,"King, John",2024,857,33.8
290,543475,"Lyles, Jordan",2016,957,30.3
289,686839,"White, Brendan",2023,667,43.3
289,488786,"Coleman, Louis",2018,835,34.6
289,650828,"Santana, Edgar",2021,610,47.4
289,455119,"Martin, Chris",2022,858,33.7
288,683769,"Gaddis, Hunter",2025,505,57
288,572888,"Greene, Shane",2020,398,72.4
288,621295,"Wittgren, Nick",2017,753,38.2
288,475054,"Roe, Chaz",2016,476,60.5
288,669796,"Hernandez, Jose E.",2023,861,33.4
287,451661,"Fields, Josh",2016,610,47
287,679358,"Orze, Eric",2025,466,61.6
287,607179,"Weems, Jordan",2024,733,39.2
287,432934,"Young, Chris",2016,1678,17.1
287,624133,"Suárez, Ranger",2021,1614,17.8
287,503285,"O'Day, Darren",2018,332,86.4
287,592233,"Crichton, Stefan",2021,403,71.2
287,489265,"Romo, Sergio",2020,364,78.8
287,543734,"Rusin, Chris",2018,873,32.9
287,656685,"Martin, Brett",2019,1022,28.1
286,667376,"Sánchez, Miguel",2021,470,60.9
286,656061,"Abreu, Albert",2021,642,44.5
286,592222,"Claudio, Alex",2021,587,48.7
286,598287,"Ramirez, Noé",2019,1124,25.4
286,678606,"Ferrer, Jose A.",2024,476,60.1
286,424144,"Pérez, Oliver",2017,604,47.4
286,656257,"Brigham, Jeff",2023,680,42.1
285,686539,"Cronin, Declan",2024,1096,26
285,677053,"Nardi, Andrew",2024,906,31.5
285,488846,"Duensing, Brian",2018,720,39.6
285,645261,"Alcantara, Sandy",2022,3248,8.8
285,640470,"Alzolay, Adbert",2024,329,86.6
285,669276,"Lee, Dylan",2024,859,33.2
285,547184,"Kelly, Michael",2024,470,60.6
284,608648,"Duffey, Tyler",2017,1126,25.2
284,664126,"Fairbanks, Pete",2022,352,80.7
284,592804,"Thornburg, Tyler",2022,362,78.5
284,543964,"Zych, Tony",2017,639,44.4
284,518489,"Brasier, Ryan",2020,424,67
284,425657,"López, Javier",2016,443,64.1
284,641941,"Pagán, Emilio",2020,366,77.6
283,518566,"Cole, Taylor",2019,911,31.1
283,675916,"Karinchak, James",2020,468,60.5
283,605155,"Brewer, Colten",2019,1016,27.9
283,543169,"Flynn, Brian",2016,815,34.7
282,453249,"Manship, Jeff",2016,744,37.9
282,664875,"Lawrence, Justin",2022,763,37
282,676130,"Buttó, José",2024,1222,23.1
282,592426,"Jackson, Luke",2024,917,30.8
282,606983,"Glover, Koda",2017,317,89
282,606160,"Montero, Rafael",2025,479,58.9
282,570663,"Robles, Hansel",2022,422,66.8
282,686580,"Slaten, Justin",2025,333,84.7
282,681517,"Leahy, Kyle",2024,695,40.6
282,542432,"Ramirez, José",2016,571,49.4
282,435400,"Motte, Jason",2017,652,43.3
281,552640,"Kittredge, Andrew",2019,818,34.4
281,641541,"Duplantier, Jon",2019,677,41.5
281,592426,"Jackson, Luke",2018,708,39.7
281,657612,"Hill, Tim",2021,961,29.2
281,666168,"Thompson, Mason",2023,895,31.4
281,656234,"Bird, Jake",2022,745,37.7
281,622092,"Zimmer, Kyle",2021,934,30.1
280,622251,"Staumont, Josh",2024,420,66.7
280,670970,"Morejon, Adrian",2022,540,51.9
280,624586,"Hoyt, James",2017,850,32.9
280,595307,"Maness, Seth",2016,496,56.5
280,624522,"Thompson, Keegan",2023,477,58.7
279,456034,"Price, David",2022,596,46.8
279,607352,"Biagini, Joe",2018,1227,22.7
279,663542,"Hudson, Bryan",2024,927,30.1
279,621248,"Garza Jr., Ralph",2022,514,54.3
279,606160,"Montero, Rafael",2020,289,96.5
279,623439,"Garton, Ryan",2016,695,40.1
279,592222,"Claudio, Alex",2019,978,28.5
279,571521,"Brothers, Rex",2017,379,73.6
278,621385,"Stumpf, Daniel",2017,656,42.4
278,592547,"McGuire, Deck",2018,715,38.9
278,608335,"Funkhouser, Kyle",2021,1189,23.4
278,571948,"Milner, Hoby",2021,393,70.7
277,571901,"Loup, Aaron",2021,833,33.3
277,656354,"Davis, Austin",2018,615,45
277,468504,"Chacín, Jhoulys",2021,1070,25.9
277,593423,"Montas, Frankie",2017,620,44.7
277,608032,"Estévez, Carlos",2017,575,48.2
276,545333,"Bauer, Trevor",2016,3092,8.9
276,628318,"Makita, Kazuhisa",2018,581,47.5
276,676760,"Marinaccio, Ron",2023,896,30.8
276,657571,"Ferguson, Caleb",2019,824,33.5
276,601713,"Pivetta, Nick",2019,1619,17
276,542888,"Armstrong, Shawn",2017,430,64.2
275,628452,"Iglesias, Raisel",2020,361,76.2
275,669276,"Lee, Dylan",2022,754,36.5
275,502026,"Jeffress, Jeremy",2020,340,80.9
275,643511,"Rogers, Tyler",2020,458,60
275,543475,"Lyles, Jordan",2017,1259,21.8
274,606930,"Barnes, Jacob",2019,661,41.5
274,596271,"Lawrence, Casey",2017,973,28.2
274,594840,"Grace, Matt",2018,846,32.4
274,641838,"McCarthy, Kevin",2017,715,38.3
274,542674,"Germen, Gonzalez",2016,739,37.1
274,657097,"Webb, Jacob",2021,568,48.2
274,672773,"Luciano, Elvis",2019,635,43.1
274,448609,"Sipp, Tony",2017,664,41.3
273,669387,"Mlodzinski, Carmen",2024,866,31.5
273,592858,"Wick, Rowan",2021,400,68.3
273,621345,"Minter, A.J.",2024,522,52.3
273,642397,"Soto, Gregory",2025,434,62.9
273,663485,"Sands, Cole",2023,413,66.1
272,571893,"Liberatore, Adam",2016,716,38
272,571710,"Givens, Mychal",2020,415,65.5
272,543056,"Coulombe, Danny",2024,466,58.4
272,656222,"Beeks, Jalen",2025,554,49.1
272,433589,"Petit, Yusmeiro",2019,1154,23.6
271,489334,"Stammen, Craig",2017,1285,21.1
271,517414,"Delgado, Randall",2017,1050,25.8
271,519240,"Rzepczynski, Marc",2017,502,54
271,664776,"Cousins, Jake",2024,644,42.1
271,684320,"Rodríguez, Yariel",2025,558,48.6
271,430641,"Boyer, Blaine",2018,434,62.4
271,605441,"Ríos, Yacksel",2018,636,42.6
271,475243,"Wood, Travis",2017,1711,15.8
270,688297,"Roycroft, Chris",2024,596,45.3
270,669211,"Akin, Keegan",2023,452,59.7
270,521655,"Font, Wilmer",2019,1541,17.5
270,641793,"Littell, Zack",2021,993,27.2
270,663765,"Woodford, Jake",2022,697,38.7
270,493247,"Moylan, Peter",2016,668,40.4
269,660896,"Alcala, Jorge",2024,931,28.9
269,660761,"Suarez, José",2024,987,27.3
269,451775,"Rodriguez Jr., Fernando",2016,660,40.8
269,621074,"Rucker, Michael",2022,914,29.4
269,660787,"De los Santos, Yerry",2022,449,59.9
269,621051,"Wilson, Steven",2025,420,64
269,667427,"Jackson, Zach",2023,372,72.3
269,593372,"Martinez, Carlos",2018,1974,13.6
269,433586,"Casilla, Santiago",2018,499,53.9
269,623430,"Dull, Ryan",2017,733,36.7
269,622075,"Almonte, Yency",2023,800,33.6
268,605347,"López, Jorge",2018,886,30.2
268,445213,"Kintzler, Brandon",2020,343,78.1
268,476594,"Stock, Robert",2018,609,44
268,657514,"Bernardino, Brennan",2023,865,31
268,592340,"Goeddel, Erik",2016,630,42.5
268,516714,"Álvarez, Dario",2016,468,57.3
268,623184,"Oberg, Scott",2016,437,61.3
267,643327,"Godley, Zack",2019,1548,17.2
267,458584,"Cedeño, Xavier",2018,591,45.2
267,592767,"Smyly, Drew",2024,1016,26.3
267,502202,"Boxberger, Brad",2023,338,79
267,605130,"Barlow, Scott",2020,507,52.7
266,518693,"Freeman, Sam",2018,887,30
266,656412,"Faedo, Alex",2024,1007,26.4
266,657044,"Thompson, Ryan",2022,679,39.2
266,656271,"Burke, Brock",2025,510,52.2
266,689147,"Kerkering, Orion",2025,508,52.4
265,682120,"Herrin, Tim",2024,1011,26.2
265,465657,"Soria, Joakim",2020,377,70.3
265,656458,"Gilbreath, Lucas",2021,731,36.3
265,608032,"Estévez, Carlos",2020,436,60.8
265,682842,"Uribe, Abner",2025,554,47.8
265,519301,"Solís, Sammy",2017,439,60.4
265,677865,"Bruihl, Justin",2023,438,60.5
264,676282,"Cantillo, Joey",2025,517,51.1
264,621295,"Wittgren, Nick",2016,842,31.4
264,656232,"Bielak, Brandon",2021,835,31.6
264,554340,"García, Yimi",2025,325,81.2
264,643361,"Herget, Kevin",2023,418,63.2
264,621074,"Rucker, Michael",2023,719,36.7
264,502593,"Petricka, Jake",2017,481,54.9
264,621383,"Banks, Tanner",2023,1007,26.2
263,641941,"Pagán, Emilio",2024,593,44.4
263,624133,"Suárez, Ranger",2019,763,34.5
263,570632,"Ureña, José",2024,1760,14.9
263,599683,"Saupold, Warwick",2017,1088,24.2
263,656629,"Kopech, Michael",2021,1154,22.8
263,592804,"Thornburg, Tyler",2018,430,61.2
263,593576,"Neris, Héctor",2020,399,65.9
263,670167,"Schreiber, John",2025,486,54.1
262,672841,"Vargas, Carlos",2025,511,51.3
262,542953,"Boshers, Buddy",2016,542,48.3
262,661309,"Martínez, Adrián",2023,943,27.8
262,605388,"Morgan, Adam",2019,463,56.6
262,665665,"Sanmartin, Reiver",2022,1031,25.4
262,621051,"Wilson, Steven",2022,874,30
261,666204,"Jiménez, Dany",2024,450,58
261,650671,"Quijada, José",2024,379,68.9
261,607455,"Banda, Anthony",2024,774,33.7
261,621381,"Strahm, Matt",2023,1366,19.1
261,543734,"Rusin, Chris",2017,1202,21.7
261,541652,"Rondón, Bruce",2016,565,46.2
260,472610,"García, Luis",2021,501,51.9
260,668984,"Legumina, Casey",2025,452,57.5
260,452666,"Wilhelmsen, Tom",2017,453,57.4
260,542947,"Bleier, Richard",2021,685,38
259,605288,"Houser, Adrian",2024,1131,22.9
259,622554,"Domínguez, Seranthony",2019,464,55.8
259,679885,"Martinez, Justin",2025,269,96.3
259,592773,"Stanek, Ryne",2017,423,61.2
259,472610,"García, Luis",2025,463,55.9
258,641703,"Honeywell, Brent",2023,943,27.4
258,622103,"Reyes, Gerardo",2019,458,56.3
258,573204,"Thielbar, Caleb",2023,481,53.6
258,605538,"Wisler, Matt",2017,557,46.3
258,543056,"Coulombe, Danny",2021,529,48.8
257,573064,"Nuño, Vidal",2018,500,51.4
257,641302,"Alexander, Tyler",2023,679,37.8
257,446321,"Detwiler, Ross",2021,888,28.9
257,650530,"Garcia, Bryan",2021,731,35.2
257,500610,"Guerra, Deolis",2017,424,60.6
256,543351,"Jackson, Jay",2024,453,56.5
256,621385,"Stumpf, Daniel",2018,701,36.5
256,518585,"Cruz, Fernando",2025,484,52.9
256,656547,"Holder, Jonathan",2019,693,36.9
255,543278,"Hardy, Blaine",2016,444,57.4
255,444520,"Breslow, Craig",2017,593,43
255,543351,"Jackson, Jay",2019,560,45.5
255,547749,"Tazawa, Junichi",2018,501,50.9
255,622253,"Tate, Dillon",2024,590,43.2
255,687330,"Kelly, Kevin",2023,1066,23.9
254,592127,"Barbato, Johnny",2017,478,53.1
254,622065,"Young, Alex",2021,912,27.9
253,641329,"Baker, Bryan",2025,496,51
253,594742,"Asher, Alec",2017,1069,23.7
253,669674,"Long, Sam",2024,702,36
252,592155,"Booser, Cam",2025,451,55.9
252,543278,"Hardy, Blaine",2017,593,42.5
252,519242,"Sale, Chris",2016,3431,7.3
252,459429,"McGee, Jake",2019,647,38.9
252,605482,"Sneed, Cy",2020,336,75
252,666745,"Brito, Jhony",2024,628,40.1
252,605164,"Bundy, Dylan",2016,1951,12.9
252,543521,"McHugh, Collin",2019,1294,19.5
252,664139,"Gibaut, Ian",2022,694,36.3
251,670990,"Ramírez, Yohan",2021,436,57.6
251,621249,"Underwood Jr., Duane",2021,1177,21.3
251,544993,"Geltz, Steve",2016,465,54
251,669424,"Lambert, Jimmy",2023,677,37.1
251,446099,"Axford, John",2017,473,53.1
251,545064,"Díaz, Jairo",2020,364,69
251,605359,"Marshall, Evan",2019,834,30.1
251,542866,"Adams, Austin",2016,317,79.2
251,488748,"Buchter, Ryan",2018,679,37
250,573668,"Minaya, Juan",2021,659,37.9
250,489002,"Johnson, Steve",2016,301,83.1
250,571948,"Milner, Hoby",2023,1027,24.3
250,519443,"Workman, Brandon",2018,648,38.6
250,657571,"Ferguson, Caleb",2025,496,50.4
250,571787,"Holmberg, David",2017,1075,23.3
249,606273,"Elías, Roenis",2018,829,30
249,502154,"Britton, Zack",2020,289,86.2
249,622065,"Young, Alex",2023,877,28.4
249,681799,"Roberts, Ethan",2024,474,52.5
249,641871,"Middleton, Keynan",2021,530,47
249,491646,"Gómez, Jeanmar",2017,363,68.6
248,488984,"Hunter, Tommy",2016,483,51.3
248,641149,"Parsons, Wes",2019,637,38.9
248,592145,"Biddle, Jesse",2019,617,40.2
248,502202,"Boxberger, Brad",2020,357,69.5
248,674285,"Salazar, Eduardo",2025,437,56.8
248,669203,"Burnes, Corbin",2019,903,27.5
247,670036,"Festa, Matt",2019,407,60.7
247,595345,"Okert, Steven",2024,616,40.1
247,641851,"McGowin, Kyle",2021,517,47.8
247,666205,"Muller, Kyle",2024,725,34.1
246,641360,"Bickford, Phil",2021,776,31.7
246,594840,"Grace, Matt",2019,704,34.9
246,642770,"Guerra, Javy",2023,362,68
246,666974,"Cano, Yennier",2025,431,57.1
245,623211,"Brazobán, Huascar",2024,899,27.3
245,621056,"Wood, Hunter",2019,752,32.6
245,641682,"Hendrix, Ryan",2021,540,45.4
245,523260,"Kelly, Joe",2021,712,34.4
245,445968,"Eveland, Dana",2016,458,53.5
245,606131,"Perdomo, Luis",2016,2371,10.3
245,663687,"Harris, Hogan",2025,516,47.5
245,571917,"Markel, Parker",2019,460,53.3
245,642840,"Harvey, Joe",2019,361,67.9
244,592826,"Velasquez, Vince",2022,1286,19
244,518452,"Bettis, Chad",2019,1030,23.7
244,669467,"Pallante, Andre",2022,1753,13.9
244,606930,"Barnes, Jacob",2021,570,42.8
244,669459,"Nelson, Kyle",2023,878,27.8
243,611093,"Bracho, Silvino",2016,463,52.5
243,647336,"Soroka, Michael",2024,1442,16.9
243,548337,"Verrett, Logan",2016,1570,15.5
243,474699,"Worley, Vance",2016,1300,18.7
243,608638,"Chargois, JT",2016,364,66.8
243,643466,"Musgrave, Harrison",2018,699,34.8
243,678061,"Kerr, Ray",2023,427,56.9
243,664299,"Javier, Cristian",2021,1792,13.6
243,622250,"Sborz, Josh",2022,419,58
243,671922,"Smith, Cade",2024,1166,20.8
243,642547,"Peralta, Freddy",2019,1599,15.2
243,599683,"Saupold, Warwick",2018,619,39.3
243,622864,"Romero, Fernando",2019,278,87.4
242,605309,"Kela, Keone",2016,632,38.3
242,622098,"Smith, Drew",2018,436,55.5
242,606167,"Mejía, Adalberto",2019,629,38.5
242,608638,"Chargois, JT",2023,703,34.4
242,572044,"Pounders, Brooks",2018,293,82.6
242,519166,"Ramírez, Neil",2016,465,52
242,666171,"Zeferjahn, Ryan",2025,495,48.9
242,605452,"Ross, Joe",2024,1197,20.2
241,608678,"Leone, Dominic",2021,851,28.3
241,595345,"Okert, Steven",2017,461,52.3
241,663804,"Kowar, Jackson",2023,568,42.4
241,622694,"Hernández, Elieser",2018,1113,21.7
241,641755,"Kinley, Tyler",2022,376,64.1
241,621397,"Olson, Tyler",2019,543,44.4
241,607560,"Harper, Ryne",2020,408,59.1
241,650960,"Duarte, Daniel",2023,572,42.1
241,592741,"Shreve, Chasen",2016,569,42.4
240,543351,"Jackson, Jay",2023,443,54.2
240,656638,"Lange, Alex",2024,377,63.7
240,544365,"Bañuelos, Manny",2022,718,33.4
240,607455,"Banda, Anthony",2022,551,43.6
240,669276,"Lee, Dylan",2025,492,48.8
240,617228,"Sawamura, Hirokazu",2022,838,28.6
240,621397,"Olson, Tyler",2018,463,51.8
240,641941,"Pagán, Emilio",2017,717,33.5
239,543746,"Scahill, Rob",2016,528,45.3
239,656222,"Beeks, Jalen",2022,999,23.9
239,598286,"Ramirez, Nick",2019,1323,18.1
239,670102,"Francis, Bowden",2023,539,44.3
239,663773,"Hoeing, Bryan",2023,1125,21.2
238,621383,"Banks, Tanner",2025,531,44.8
238,597113,"Johnson, DJ",2019,489,48.7
238,669438,"Englert, Mason",2025,367,64.9
238,669422,"Sauer, Matt",2024,327,72.8
238,680767,"Vodnik, Victor",2025,351,67.8
237,600986,"Vieira, Thyago",2018,320,74.1
237,596720,"Neverauskas, Dovydas",2017,422,56.2
237,543521,"McHugh, Collin",2022,1086,21.8
237,660600,"Paredes, Enoli",2020,362,65.5
237,650895,"Castillo, Diego",2018,893,26.5
237,541640,"Ramírez, Erasmo",2023,962,24.6
237,446399,"Cecil, Brett",2018,569,41.7
237,592454,"Kahnle, Tommy",2016,499,47.5
237,669060,"Wilson, Bryse",2024,1643,14.4
236,605541,"Wright Jr., Mike",2019,577,40.9
236,572728,"Brady, Michael",2017,447,52.8
236,613534,"Adams, Austin",2024,805,29.3
236,642048,"Saucedo, Tayler",2024,626,37.7
236,656638,"Lange, Alex",2021,639,36.9
235,450212,"Neshek, Pat",2019,281,83.6
235,593140,"Feliz, Michael",2019,1016,23.1
235,669711,"Weissert, Greg",2025,528,44.5
234,622780,"Perdomo, Angel",2023,489,47.9
234,621381,"Strahm, Matt",2018,998,23.4
234,542585,"Cisnero, José",2022,430,54.4
234,641755,"Kinley, Tyler",2023,298,78.5
234,571951,"Mitchell, Bryan",2017,535,43.7
234,612434,"Castro, Miguel",2020,475,49.3
234,680704,"Sandlin, Nick",2023,1008,23.2
234,656240,"Blewett, Scott",2025,508,46.1
233,672578,"Hernández, Carlos",2024,560,41.6
233,605154,"Brebbia, John",2023,675,34.5
233,676534,"Faucher, Calvin",2022,433,53.8
233,670990,"Ramírez, Yohan",2020,420,55.5
233,592454,"Kahnle, Tommy",2019,1026,22.7
232,458708,"Tomlin, Josh",2021,808,28.7
232,658551,"Fernández, Junior",2021,372,62.4
232,489334,"Stammen, Craig",2022,701,33.1
232,663738,"Lynch IV, Daniel",2025,541,42.9
232,663423,"Thornton, Trent",2023,458,50.7
232,595001,"Smith, Josh A.",2016,1042,22.3
232,595918,"Cole, A.J.",2019,481,48.2
231,455009,"Broxton, Jonathan",2017,296,78
231,668941,"Romero, JoJo",2025,366,63.1
231,543521,"McHugh, Collin",2023,1018,22.7
231,518886,"Kimbrel, Craig",2020,300,77
230,573046,"Morin, Mike",2016,848,27.1
230,543278,"Hardy, Blaine",2019,689,33.4
230,493200,"Oh, Seunghwan",2019,373,61.7
230,656550,"Holmes, Grant",2024,1024,22.5
230,571858,"Kline, Branden",2019,708,32.5
230,622098,"Smith, Drew",2021,610,37.7
230,686747,"La Sorsa, Joe",2023,540,42.6
230,656730,"Megill, Trevor",2023,599,38.4
230,607352,"Biagini, Joe",2017,1936,11.9
230,663423,"Thornton, Trent",2022,664,34.6
230,594580,"Moll, Sam",2024,624,36.9
229,592779,"Stewart, Brock",2017,585,39.1
229,681982,"Anderson, Grant",2024,483,47.4
229,518489,"Brasier, Ryan",2018,486,47.1
228,572362,"Erlin, Robbie",2018,1594,14.3
228,643338,"Green, Chad",2017,1141,20
228,623167,"Flexen, Chris",2023,1755,13
228,594965,"Ponce de Leon, Daniel",2021,653,34.9
228,518553,"Cishek, Steve",2017,729,31.3
228,681517,"Leahy, Kyle",2025,620,36.8
228,681911,"Vesia, Alex",2021,651,35
228,572888,"Greene, Shane",2021,468,48.7
227,673929,"Leasure, Jordan",2024,560,40.5
227,671922,"Smith, Cade",2025,546,41.6
227,605488,"Springs, Jeffrey",2019,665,34.1
227,676840,"Peacock, Matt",2021,1323,17.2
227,455119,"Martin, Chris",2025,306,74.2
226,518748,"Grimm, Justin",2018,307,73.6
226,605218,"Edwards Jr., Carl",2023,565,40
226,656464,"Ginkel, Kevin",2019,396,57.1
226,642397,"Soto, Gregory",2019,1110,20.4
226,656458,"Gilbreath, Lucas",2022,796,28.4
226,605538,"Wisler, Matt",2022,749,30.2
226,656322,"Coonrod, Sam",2021,712,31.7
226,502202,"Boxberger, Brad",2019,487,46.4
226,641745,"Keller, Brad",2024,743,30.4
226,669674,"Long, Sam",2022,739,30.6
225,621366,"Borucki, Ryan",2025,413,54.5
225,641672,"Hatch, Thomas",2023,472,47.7
225,476589,"Warren, Adam",2019,555,40.5
224,664208,"Maton, Phil",2023,1040,21.5
224,519443,"Workman, Brandon",2021,515,43.5
224,595881,"Beede, Tyler",2022,1072,20.9
224,641329,"Baker, Bryan",2023,785,28.5
223,642520,"Garabito, Gerson",2024,492,45.3
223,676684,"Vest, Will",2023,780,28.6
223,552640,"Kittredge, Andrew",2022,233,95.7
223,407819,"Thornton, Matt",2016,280,79.6
223,657024,"Swanson, Erik",2019,971,23
223,605260,"Guerrieri, Taylor",2019,491,45.4
223,641341,"Bashlor, Tyler",2019,396,56.3
223,592155,"Booser, Cam",2024,695,32.1
223,600921,"Machado, Andrés",2021,627,35.6
223,572070,"Richards, Garrett",2022,708,31.5
223,623395,"Ellington, Brian",2016,565,39.5
223,643493,"Pruitt, Austin",2023,757,29.5
223,488984,"Hunter, Tommy",2022,349,63.9
222,660787,"De los Santos, Yerry",2023,397,55.9
222,608723,"Voth, Austin",2023,663,33.5
222,656271,"Burke, Brock",2024,575,38.6
222,552640,"Kittredge, Andrew",2018,640,34.7
222,656887,"Reid-Foley, Sean",2024,385,57.7
222,450212,"Neshek, Pat",2018,370,60
222,669371,"Henry, Cole",2025,425,52.2
221,622505,"Alcántara, Victor",2018,440,50.2
221,656814,"Ortiz, Luis F.",2023,299,73.9
221,608678,"Leone, Dominic",2018,389,56.8
220,641729,"Jiménez, Joe",2017,407,54.1
220,666277,"Soriano, George",2024,519,42.4
220,489446,"Yates, Kirby",2025,397,55.4
220,573009,"Mantiply, Joe",2023,571,38.5
220,672391,"Ort, Kaleb",2025,331,66.5
220,573009,"Mantiply, Joe",2021,621,35.4
220,594577,"Mayers, Mike",2020,512,43
220,622251,"Staumont, Josh",2019,326,67.5
219,594992,"Shackelford, Kevin",2017,517,42.4
219,621363,"Poche, Colin",2024,543,40.3
219,622446,"Rodriguez, Jefry",2021,412,53.2
219,664208,"Maton, Phil",2021,1174,18.7
219,667755,"Soriano, José",2023,694,31.6
219,667297,"Nance, Tommy",2022,751,29.2
219,606160,"Montero, Rafael",2024,683,32.1
219,641793,"Littell, Zack",2019,551,39.7
219,620982,"Pinto, Ricardo",2017,576,38
218,545343,"Head, Louis",2022,546,39.9
218,622766,"Díaz, Miguel",2021,695,31.4
218,493247,"Moylan, Peter",2017,902,24.2
218,656546,"Hoffman, Jeff",2021,1360,16
218,669952,"White, Mitch",2021,762,28.6
218,607359,"Patton, Spencer",2016,391,55.8
218,572193,"Tepera, Ryan",2019,340,64.1
217,448609,"Sipp, Tony",2019,363,59.8
217,518397,"Alexander, Scott",2024,566,38.3
217,665854,"Oviedo, Luis",2021,580,37.4
217,682010,"Ramsey, Lane",2023,340,63.8
217,572955,"Johnson, Pierce",2018,816,26.6
217,594857,"Hessler, Keith",2016,418,51.9
217,641302,"Alexander, Tyler",2025,743,29.2
217,644364,"Arano, Víctor",2022,678,32
217,689225,"Brieske, Beau",2025,405,53.6
217,663893,"Little, Brendon",2024,696,31.2
216,592761,"Smith, Caleb",2021,2067,10.4
216,624647,"González, Victor",2021,557,38.8
216,605452,"Ross, Joe",2025,574,37.6
216,605521,"Warren, Art",2021,338,63.9
215,668868,"Thompson, Zack",2022,575,37.4
215,643338,"Green, Chad",2025,474,45.4
215,518617,"Diekman, Jake",2020,354,60.7
215,605447,"Romano, Jordan",2024,215,100
215,444468,"Rondón, Héctor",2020,390,55.1
215,453192,"Miller, Andrew",2021,620,34.7
215,543193,"Gagnon, Drew",2019,414,51.9
214,624522,"Thompson, Keegan",2024,538,39.8
214,641745,"Keller, Brad",2025,550,38.9
214,628317,"Maeda, Kenta",2018,2051,10.4
214,671131,"Rutledge, Jackson",2025,598,35.8
213,664948,"Misiewicz, Anthony",2022,465,45.8
213,642068,"Sheffield, Jordan",2021,456,46.7
213,656234,"Bird, Jake",2024,684,31.1
213,592858,"Wick, Rowan",2020,304,70.1
213,691172,"Zulueta, Yosver",2024,286,74.5
212,279571,"Belisle, Matt",2016,671,31.6
212,446372,"Kluber, Corey",2017,2945,7.2
212,605447,"Romano, Jordan",2019,311,68.2
212,605288,"Houser, Adrian",2019,1810,11.7
212,462515,"Socolovich, Miguel",2017,325,65.2
212,542953,"Boshers, Buddy",2019,384,55.2
211,656354,"Davis, Austin",2021,473,44.6
211,607391,"Mazza, Chris",2021,413,51.1
211,641540,"Dunning, Dane",2024,1689,12.5
211,595014,"Treinen, Blake",2020,396,53.3
211,608718,"Suter, Brent",2025,548,38.5
210,665001,"Kelley, Trevor",2022,460,45.7
210,518633,"Duffy, Danny",2016,2707,7.8
210,694350,"Brzykcy, Zach",2025,303,69.3
210,475479,"Phelps, David",2020,357,58.8
210,641835,"Mayza, Tim",2017,340,61.8
210,573109,"Ramos, AJ",2018,360,58.3
209,608638,"Chargois, JT",2021,876,23.9
209,523848,"Domínguez, José",2016,597,35
209,621199,"Bowman, Matt",2024,497,42.1
209,656794,"Newcomb, Sean",2025,963,21.7
209,657272,"Uelmen, Erich",2022,463,45.1
209,543859,"Tonkin, Michael",2017,397,52.6
209,642770,"Guerra, Javy",2022,330,63.3
209,518813,"Holland, Greg",2020,447,46.8
209,621294,"Heller, Ben",2023,308,67.9
209,571578,"Corbin, Patrick",2016,2539,8.2
208,670059,"Holderman, Colin",2022,432,48.1
208,519008,"McFarland, T.J.",2022,487,42.7
208,624647,"González, Victor",2024,386,53.9
207,592135,"Bedrosian, Cam",2021,468,44.2
207,642546,"Hernández, Jonathan",2024,762,27.2
207,594056,"Guduan, Reymin",2017,324,63.9
207,453329,"Buchholz, Clay",2016,2226,9.3
207,621289,"Schultz, Jaime",2018,583,35.5
207,448855,"Guerra, Junior",2020,404,51.2
207,458677,"Wilson, Justin",2020,345,60
207,572044,"Pounders, Brooks",2017,214,96.7
206,593974,"Peralta, Wandy",2025,519,39.7
206,592712,"Sadzeck, Connor",2019,424,48.6
206,669395,"Coleman, Dylan",2023,383,53.8
206,656848,"Petersen, Michael",2024,363,56.7
206,670955,"Uceta, Edwin",2021,361,57.1
206,613534,"Adams, Austin",2019,541,38.1
206,458690,"Volstad, Chris",2018,832,24.8
206,664092,"Poppen, Sean",2022,439,46.9
206,623167,"Flexen, Chris",2025,294,70.1
206,444436,"Webb, Ryan",2016,292,70.5
206,676714,"Hughes, Brandon",2024,350,58.9
206,519076,"Nelson, Jimmy",2021,523,39.4
206,542866,"Adams, Austin",2019,318,64.8
205,434672,"Smith, Chris",2016,439,46.7
205,622766,"Díaz, Miguel",2017,774,26.5
205,612434,"Castro, Miguel",2022,522,39.3
205,623433,"Anderson, Nick",2020,237,86.5
205,667463,"King, John",2021,696,29.5
205,605151,"Bradley, Archie",2020,276,74.3
205,459429,"McGee, Jake",2020,332,61.7
205,572955,"Johnson, Pierce",2020,310,66.1
205,623402,"Peterson, Tim",2018,405,50.6
205,647315,"Pop, Zach",2022,536,38.2
204,542888,"Armstrong, Shawn",2023,797,25.6
204,605155,"Brewer, Colten",2024,391,52.2
204,685801,"Bigge, Hunter",2024,300,68
204,641427,"Busenitz, Alan",2017,503,40.6
204,502748,"Peacock, Brad",2017,2248,9.1
204,543883,"Vincent, Nick",2019,751,27.2
203,608638,"Chargois, JT",2024,529,38.4
203,663546,"Hjelle, Sean",2023,516,39.3
203,641312,"Anderson, Shaun",2019,1587,12.8
203,655889,"Rodríguez, Manuel",2025,431,47.1
203,621366,"Borucki, Ryan",2022,415,48.9
203,672335,"Pérez, Cionel",2025,437,46.5
203,608638,"Chargois, JT",2018,505,40.2
203,676130,"Buttó, José",2025,616,33
203,502522,"Miller, Justin",2021,295,68.8
203,686993,"Sterner, Justin",2025,518,39.2
203,702352,"Bivens, Spencer",2025,560,36.3
203,657044,"Thompson, Ryan",2025,443,45.8
202,458676,"Lindblom, Josh",2021,342,59.1
202,607188,"Faria, Jake",2019,408,49.5
202,475479,"Phelps, David",2019,641,31.5
202,669952,"White, Mitch",2024,413,48.9
202,663423,"Thornton, Trent",2025,340,59.4
202,605347,"López, Jorge",2025,387,52.2
202,641386,"Bowden, Ben",2021,674,30
202,605143,"Black, Ray",2018,407,49.6
202,643466,"Musgrave, Harrison",2019,205,98.5
202,570240,"Peña, Félix",2020,460,43.9
201,544759,"Schultz, Bo",2016,260,77.3
201,661383,"Ortega, Oliver",2022,567,35.4
201,594311,"Gustave, Jandel",2022,466,43.1
201,605280,"Holmes, Clay",2018,499,40.3
201,572193,"Tepera, Ryan",2016,290,69.3
201,501789,"Harris, Will",2020,349,57.6
201,570663,"Robles, Hansel",2020,317,63.4
201,474029,"Putnam, Zach",2016,449,44.8
201,572143,"Smith, Burch",2021,678,29.6
201,605446,"Rodríguez, Dereck",2019,1668,12.1
201,660600,"Paredes, Enoli",2024,319,63
200,641341,"Bashlor, Tyler",2018,565,35.4
200,519141,"Pomeranz, Drew",2019,1956,10.2
199,643617,"Reininger, Zac",2019,533,37.3
199,606160,"Montero, Rafael",2017,2219,9
199,641745,"Keller, Brad",2018,2234,8.9
199,606303,"Payamps, Joel",2025,306,65
199,663770,"Evans, Demarcus",2021,522,38.1
199,599998,"Campos, Leonel",2016,388,51.3
199,680704,"Sandlin, Nick",2024,1003,19.8
199,664157,"Bergen, Travis",2019,375,53.1
199,656641,"Latz, Jacob",2024,813,24.5
199,663992,"Lovelady, Richard",2024,528,37.7
199,643410,"Leiter Jr., Mark",2025,502,39.6
199,502272,"Fien, Casey",2016,657,30.3
199,608678,"Leone, Dominic",2016,477,41.7
199,657649,"Koenig, Jared",2025,488,40.8
198,663423,"Thornton, Trent",2021,910,21.8
198,664856,"Adams, Chance",2019,519,38.2
198,641656,"Hamilton, Ian",2025,410,48.3
198,571948,"Milner, Hoby",2017,542,36.5
198,672782,"Gómez, Yoendrys",2025,330,60
198,666808,"Doval, Camilo",2021,452,43.8
198,702352,"Bivens, Spencer",2024,768,25.8
198,623430,"Dull, Ryan",2018,408,48.5
198,668933,"Ashcraft, Graham",2025,563,35.2
198,663704,"McArthur, James",2023,341,58.1
197,681806,"Wantz, Andrew",2022,831,23.7
197,664076,"Cleavinger, Garrett",2021,356,55.3
197,669203,"Burnes, Corbin",2018,571,34.5
197,669622,"Bender, Anthony",2022,274,71.9
197,607481,"Bummer, Aaron",2018,609,32.3
197,641793,"Littell, Zack",2023,1330,14.8
197,544150,"Suárez, Albert",2017,550,35.8
197,605397,"Musgrove, Joe",2017,1760,11.2
196,570666,"Cessa, Luis",2018,704,27.8
196,543557,"Montgomery, Mike",2018,1947,10.1
196,592815,"Tuivailala, Sam",2019,390,50.3
196,620454,"Castillo, José",2018,632,31
196,607219,"Romano, Sal",2021,437,44.9
196,621114,"Burr, Ryan",2021,593,33.1
196,519141,"Pomeranz, Drew",2020,323,60.7
195,672282,"Detmers, Reid",2025,558,34.9
195,672335,"Pérez, Cionel",2021,454,43
195,518553,"Cishek, Steve",2020,374,52.1
195,453265,"Watson, Tony",2020,280,69.6
195,666214,"Wentz, Joey",2025,506,38.5
195,623364,"Wieck, Brad",2019,633,30.8
195,663462,"Campbell, Isaiah",2023,478,40.8
195,592865,"Williams, Taylor",2020,272,71.7
194,676641,"Sulser, Beau",2022,360,53.9
194,641835,"Mayza, Tim",2018,609,31.9
194,641627,"Gott, Trevor",2022,761,25.5
194,676831,"Whitley, Kodi",2022,272,71.3
194,663567,"Lambert, Peter",2024,1039,18.7
194,456713,"Bush, Matt",2023,194,100
194,694037,"Palencia, Daniel",2023,494,39.3
194,605359,"Marshall, Evan",2020,384,50.5
194,650530,"Garcia, Bryan",2020,332,58.4
193,675627,"Grove, Michael",2024,827,23.3
193,669684,"Murphy, Chris",2023,870,22.2
193,663767,"Shugart, Chase",2025,488,39.5
193,598264,"Barnes, Matt",2024,237,81.4
193,669060,"Wilson, Bryse",2025,833,23.2
193,518883,"Kiekhefer, Dean",2016,364,53
192,592741,"Shreve, Chasen",2021,935,20.5
192,605121,"Anderson, Justin",2019,914,21
192,430589,"Qualls, Chad",2017,252,76.2
192,666720,"Rodríguez, Yerry",2024,438,43.8
192,682120,"Herrin, Tim",2023,509,37.7
192,607481,"Bummer, Aaron",2017,374,51.3
192,656547,"Holder, Jonathan",2020,397,48.4
191,657612,"Hill, Tim",2025,428,44.6
191,672391,"Ort, Kaleb",2023,386,49.5
191,656322,"Coonrod, Sam",2019,454,42.1
191,696147,"Bachman, Sam",2023,316,60.4
191,596720,"Neverauskas, Dovydas",2018,505,37.8
191,453284,"Parker, Blake",2016,334,57.2
191,593974,"Peralta, Wandy",2020,488,39.1
191,667463,"King, John",2025,403,47.4
191,623474,"Herget, Jimmy",2023,509,37.5
191,680880,"Holman, Grant",2025,376,50.8
190,622251,"Staumont, Josh",2020,472,40.3
190,664918,"Keller, Kyle",2021,654,29.1
190,673258,"Baez, Michel",2019,521,36.5
190,677053,"Nardi, Andrew",2022,374,50.8
190,676092,"Snider, Collin",2025,477,39.8
190,671111,"Peralta, Sammy",2023,379,50.1
190,493247,"Moylan, Peter",2018,516,36.8
190,594943,"Neal, Zach",2023,462,41.1
189,592426,"Jackson, Luke",2023,525,36
189,667297,"Nance, Tommy",2024,322,58.7
189,656354,"Davis, Austin",2019,407,46.4
189,657044,"Thompson, Ryan",2023,444,42.6
189,518445,"Bell, Chad",2017,1187,15.9
189,617228,"Sawamura, Hirokazu",2021,945,20
189,572143,"Smith, Burch",2019,425,44.5
189,673380,"Núñez, Dedniel",2024,521,36.3
189,607968,"Rucinski, Drew",2018,562,33.6
188,623470,"Newberry, Jake",2019,539,34.9
188,523260,"Kelly, Joe",2024,552,34.1
188,542882,"Andriese, Matt",2016,1983,9.5
188,666142,"Ragans, Cole",2023,1586,11.9
188,656222,"Beeks, Jalen",2023,731,25.7
188,623439,"Garton, Ryan",2017,353,53.3
188,605476,"Smith, Carson",2018,263,71.5
188,642121,"Sulser, Cole",2025,247,76.1
188,607560,"Harper, Ryne",2021,567,33.2
188,678495,"Rodríguez, Randy",2024,879,21.4
188,446321,"Detwiler, Ross",2022,471,39.9
187,642231,"Yacabonis, Jimmy",2019,770,24.3
187,456501,"Cueto, Johnny",2016,3299,5.7
187,448178,"Jepsen, Kevin",2018,309,60.5
187,605538,"Wisler, Matt",2019,935,20
187,608334,"Fulmer, Carson",2019,556,33.6
187,642152,"Trivino, Lou",2020,370,50.5
187,669854,"Blanco, Ronel",2023,905,20.7
187,623381,"Pannone, Thomas",2019,1255,14.9
187,605463,"Scott, Tayler",2023,338,55.3
187,642701,"Santana, Dennis",2020,284,65.8
187,663485,"Sands, Cole",2025,484,38.6
186,642100,"Speier, Gabe",2024,422,44.1
186,605359,"Marshall, Evan",2016,284,65.5
186,676961,"Boushley, Caleb",2025,410,45.4
186,572125,"Selman, Sam",2021,494,37.7
185,641793,"Littell, Zack",2022,758,24.4
185,592865,"Williams, Taylor",2019,267,69.3
185,606930,"Barnes, Jacob",2016,405,45.7
185,664854,"Helsley, Ryan",2021,805,23
185,593140,"Feliz, Michael",2021,370,50
185,434671,"Sánchez, Aníbal",2017,1855,10
185,554340,"García, Yimi",2018,388,47.7
185,642232,"Yarbrough, Ryan",2023,1424,13
185,545357,"Purke, Matt",2016,330,56.1
185,620982,"Pinto, Ricardo",2024,220,84.1
185,605488,"Springs, Jeffrey",2020,405,45.7
184,542888,"Armstrong, Shawn",2025,516,35.7
184,607455,"Banda, Anthony",2021,610,30.2
184,606983,"Glover, Koda",2018,283,65
184,621381,"Strahm, Matt",2019,1789,10.3
184,541640,"Ramírez, Erasmo",2017,1998,9.2
184,605194,"Cotton, Jharel",2021,541,34
184,456379,"Alburquerque, Al",2017,263,70
183,608334,"Fulmer, Carson",2021,448,40.8
183,489334,"Stammen, Craig",2021,1308,14
183,673513,"Matsui, Yuki",2025,500,36.6
183,545363,"Turner, Jacob",2017,631,29
183,605498,"Suárez, Andrew",2023,521,35.1
183,592779,"Stewart, Brock",2023,439,41.7
183,518716,"Gee, Dillon",2016,2047,8.9
183,570632,"Ureña, José",2019,1372,13.3
183,622780,"Perdomo, Angel",2021,354,51.7
183,677865,"Bruihl, Justin",2022,341,53.7
182,468504,"Chacín, Jhoulys",2022,786,23.2
182,666168,"Thompson, Mason",2022,368,49.5
182,502085,"Robertson, David",2021,208,87.5
182,678495,"Rodríguez, Randy",2025,470,38.7
182,488984,"Hunter, Tommy",2020,410,44.4
182,686753,"Jameson, Drey",2023,674,27
182,672391,"Ort, Kaleb",2022,529,34.4
182,675848,"Mejia, Juan",2025,382,47.6
182,661403,"Clase, Emmanuel",2019,345,52.8
181,641632,"Greene, Conner",2021,447,40.5
181,657240,"Merryweather, Julian",2022,417,43.4
181,642207,"Williams, Devin",2020,431,42
181,572955,"Johnson, Pierce",2022,280,64.6
181,448802,"García, Jaime",2018,1381,13.1
181,572070,"Richards, Garrett",2021,2331,7.8
181,592169,"Brice, Austin",2017,497,36.4
181,676684,"Vest, Will",2021,607,29.8
181,500765,"Díaz, Dayan",2017,268,67.5
181,650382,"Hernández, Darwinzon",2019,681,26.6
181,453385,"Richard, Clayton",2016,1086,16.7
181,543557,"Montgomery, Mike",2019,1579,11.5
181,628333,"Despaigne, Odrisamer",2016,534,33.9
180,503285,"O'Day, Darren",2022,385,46.8
180,641427,"Busenitz, Alan",2018,509,35.4
180,669062,"Miller, Erik",2025,403,44.7
180,664942,"Naile, James",2023,308,58.4
180,607481,"Bummer, Aaron",2022,457,39.4
180,571735,"Hale, David",2021,461,39
180,607473,"Bradford, Chasen",2017,507,35.5
180,502593,"Petricka, Jake",2018,790,22.8
180,621237,"Alvarado, José",2017,463,38.9
180,670059,"Holderman, Colin",2025,279,64.5
180,519008,"McFarland, T.J.",2021,512,35.2
180,453214,"Wright, Steven",2016,2496,7.2
180,592716,"Sampson, Adrian",2019,2056,8.8
179,606149,"Gallegos, Giovanny",2024,401,44.6
179,453178,"Kennedy, Ian",2023,314,57
179,594577,"Mayers, Mike",2022,890,20.1
179,543716,"Rollins, David",2016,191,93.7
179,641729,"Jiménez, Joe",2020,389,46
179,685126,"Eisert, Brandon",2025,546,32.8
179,501955,"Chamberlain, Joba",2016,354,50.6
179,608717,"Stratton, Chris",2020,547,32.7
179,676254,"Walker, Ryan",2023,1079,16.6
178,519166,"Ramírez, Neil",2019,461,38.6
178,642397,"Soto, Gregory",2020,394,45.2
178,643256,"Cimber, Adam",2023,372,47.8
178,683232,"Mears, Nick",2023,362,49.2
178,657044,"Thompson, Ryan",2021,483,36.9
178,687798,"Robertson, Nick",2023,392,45.4
178,686642,"Ellard, Fraser",2024,432,41.2
178,548389,"Stripling, Ross",2019,1445,12.3
178,605359,"Marshall, Evan",2021,435,40.9
178,658431,"Medina, Adonis",2022,414,43
178,650496,"Mejía, J.C.",2023,214,83.2
177,571476,"Beck, Chris",2018,564,31.4
177,621142,"Buttrey, Ty",2018,300,59
177,592473,"Kolarek, Adam",2022,319,55.5
177,605218,"Edwards Jr., Carl",2019,346,51.2
176,656186,"Altavilla, Dan",2020,363,48.5
176,607188,"Faria, Jake",2021,639,27.5
176,606478,"Araújo, Pedro",2018,527,33.4
176,676886,"Beasley, Jeremy",2021,198,88.9
176,571901,"Loup, Aaron",2016,261,67.4
176,488768,"Cashner, Andrew",2019,2511,7
176,675989,"Bolton, Cody",2024,312,56.4
176,681806,"Wantz, Andrew",2023,658,26.7
176,435043,"Duke, Zach",2019,408,43.1
176,663574,"Santillan, Tony",2022,408,43.1
176,605447,"Romano, Jordan",2020,237,74.3
176,545363,"Turner, Jacob",2016,456,38.6
176,572125,"Selman, Sam",2020,361,48.8
176,573127,"Rosscup, Zac",2019,402,43.8
175,682825,"Mey, Luis",2025,279,62.7
175,544727,"Familia, Jeurys",2020,455,38.5
175,660906,"Pérez, Francisco",2023,308,56.8
175,595345,"Okert, Steven",2021,601,29.1
175,474699,"Worley, Vance",2017,1238,14.1
175,548384,"Raley, Brooks",2020,336,52.1
175,572955,"Johnson, Pierce",2025,445,39.3
175,666818,"Frías, Luis",2023,539,32.5
175,571584,"Cotham, Caleb",2016,431,40.6
175,657024,"Swanson, Erik",2021,564,31
175,666720,"Rodríguez, Yerry",2023,278,62.9
175,571901,"Loup, Aaron",2020,341,51.3
175,502179,"Espino, Paolo",2017,438,40
175,678692,"Henriquez, Ronny",2024,303,57.8
175,621366,"Borucki, Ryan",2021,369,47.4
174,595345,"Okert, Steven",2025,486,35.8
174,594056,"Guduan, Reymin",2021,229,76
174,666215,"Whitley, Forrest",2025,174,100
174,681982,"Anderson, Grant",2023,598,29.1
174,622250,"Sborz, Josh",2019,185,94.1
174,592341,"Goforth, David",2016,201,86.6
174,595234,"Haley, Justin",2017,330,52.7
174,474284,"Rasmus, Cory",2016,464,37.5
174,664208,"Maton, Phil",2020,379,45.9
174,605276,"Hess, David",2019,1430,12.2
174,657610,"Hildenberger, Trevor",2019,326,53.4
174,592499,"Lewicki, Artie",2018,655,26.6
173,592804,"Thornburg, Tyler",2019,382,45.3
173,621016,"Cuas, Jose",2022,687,25.2
173,621052,"Reyes, Alex",2020,369,46.9
173,607391,"Mazza, Chris",2019,285,60.7
173,678606,"Ferrer, Jose A.",2023,559,30.9
173,622161,"Paredes, Eduardo",2018,324,53.4
173,573046,"Morin, Mike",2017,344,50.3
173,458537,"Luebke, Cory",2016,221,78.3
172,668820,"Kranick, Max",2025,529,32.5
172,501817,"Barnette, Tony",2018,405,42.5
172,641755,"Kinley, Tyler",2020,371,46.4
172,605156,"Brooks, Aaron",2019,1899,9.1
172,621199,"Bowman, Matt",2018,439,39.2
172,673633,"Hirano, Yoshihisa",2020,248,69.4
172,445197,"Dunn, Mike",2018,339,50.7
172,642083,"Slegers, Aaron",2021,570,30.2
172,656738,"Meyer, Ben",2018,369,46.6
172,447714,"O'Flaherty, Eric",2017,301,57.1
172,669084,"Hall, DL",2023,371,46.4
172,497807,"Herrmann, Frank",2016,280,61.4
172,621295,"Wittgren, Nick",2022,481,35.8
172,622075,"Almonte, Yency",2019,608,28.3
171,461872,"Swarzak, Anthony",2016,488,35
171,543456,"Lobstein, Kyle",2016,412,41.5
171,656578,"Jackson, Andre",2023,1001,17.1
171,686610,"Waldichuk, Ken",2023,2553,6.7
171,623149,"Sewald, Paul",2019,330,51.8
171,660896,"Alcala, Jorge",2025,492,34.8
171,621057,"Garza, Justin",2023,352,48.6
171,594311,"Gustave, Jandel",2021,294,58.2
171,623167,"Flexen, Chris",2022,2204,7.8
170,571948,"Milner, Hoby",2025,547,31.1
170,518858,"Jones, Nate",2020,361,47.1
170,445926,"Chavez, Jesse",2023,581,29.3
170,607572,"Howard, Sam",2021,846,20.1
170,678024,"Vasil, Mike",2025,798,21.3
170,664092,"Poppen, Sean",2021,406,41.9
170,641312,"Anderson, Shaun",2021,437,38.9
170,621295,"Wittgren, Nick",2018,601,28.3
170,594951,"O'Rourke, Ryan",2016,399,42.6
170,670056,"Baragar, Caleb",2021,358,47.5
170,612434,"Castro, Miguel",2016,240,70.8
170,519381,"Venditte, Pat",2016,404,42.1
170,501625,"Alvarez, Jose",2022,273,62.3
170,624522,"Thompson, Keegan",2022,1878,9.1
170,606149,"Gallegos, Giovanny",2017,363,46.8
169,523260,"Kelly, Joe",2016,739,22.9
169,502179,"Espino, Paolo",2021,1735,9.7
169,592233,"Crichton, Stefan",2020,402,42
169,660546,"Díaz, Yennsy",2021,447,37.8
169,701643,"Hartwig, Grant",2023,639,26.4
169,518858,"Jones, Nate",2021,309,54.7
169,621056,"Wood, Hunter",2018,696,24.3
169,669199,"Bachar, Lake",2025,537,31.5
169,592332,"Gausman, Kevin",2019,1671,10.1
169,571476,"Beck, Chris",2016,465,36.3
169,687911,"King, Bryan",2024,416,40.6
169,642067,"Shawaryn, Mike",2019,461,36.7
169,663989,"Vespi, Nick",2022,446,37.9
169,571656,"Farmer, Buck",2016,505,33.5
168,519043,"Moore, Matt",2018,1792,9.4
168,607259,"Martinez, Nick",2024,2125,7.9
168,592169,"Brice, Austin",2021,274,61.3
168,623474,"Herget, Jimmy",2024,189,88.9
168,668338,"Miller, Tyson",2023,224,75
168,663465,"Allard, Kolby",2025,406,41.4
168,682842,"Uribe, Abner",2023,518,32.4
168,657514,"Bernardino, Brennan",2024,860,19.5
168,657571,"Ferguson, Caleb",2022,580,29
168,547973,"Chapman, Aroldis",2020,199,84.4
167,623211,"Brazobán, Huascar",2025,590,28.3
167,598286,"Ramirez, Nick",2024,194,86.1
167,571561,"Cingrani, Tony",2018,418,40
167,669711,"Weissert, Greg",2023,347,48.1
167,657097,"Webb, Jacob",2025,531,31.5
167,660787,"De los Santos, Yerry",2025,338,49.4
167,681432,"Little, Luke",2024,438,38.1
167,656464,"Ginkel, Kevin",2025,278,60.1
167,596001,"Junis, Jakob",2023,1389,12
167,592454,"Kahnle, Tommy",2018,485,34.4
167,621294,"Heller, Ben",2016,170,98.2
167,660896,"Alcala, Jorge",2020,403,41.4
167,623465,"Phillips, Evan",2019,567,29.5
166,657053,"Toussaint, Touki",2019,777,21.4
166,621114,"Burr, Ryan",2024,570,29.1
166,445926,"Chavez, Jesse",2017,2312,7.2
166,674285,"Salazar, Eduardo",2024,494,33.6
166,675989,"Bolton, Cody",2023,455,36.5
166,519141,"Pomeranz, Drew",2025,269,61.7
166,605347,"López, Jorge",2019,2060,8.1
166,543238,"Gose, Anthony",2022,389,42.7
166,656794,"Newcomb, Sean",2021,673,24.7
166,669713,"Wesneski, Hayden",2023,1479,11.2
166,687396,"Headrick, Brent",2023,494,33.6
165,592570,"Morris, Akeel",2018,253,65.2
165,605541,"Wright Jr., Mike",2021,325,50.8
165,570632,"Ureña, José",2025,304,54.3
165,640451,"Harvey, Hunter",2022,661,25
165,669952,"White, Mitch",2023,253,65.2
165,446372,"Kluber, Corey",2016,3189,5.2
165,657585,"Garrett, Reed",2019,319,51.7
165,642130,"Taylor, Blake",2020,341,48.4
165,664042,"Lakins Sr., Travis",2019,395,41.8
165,543507,"May, Trevor",2018,448,36.8
165,676604,"Zuber, Tyler",2021,506,32.6
165,622253,"Tate, Dillon",2019,350,47.1
164,643778,"Webb, Tyler",2018,354,46.3
164,621348,"Clay, Sam",2021,803,20.4
164,548389,"Stripling, Ross",2016,1590,10.3
164,571035,"Cuevas, William",2018,348,47.1
164,425532,"Williams, Jerome",2016,291,56.4
164,657612,"Hill, Tim",2019,634,25.9
164,606965,"Devenski, Chris",2024,533,30.8
164,663542,"Hudson, Bryan",2023,164,100
164,592254,"De León, José",2023,284,57.7
164,573668,"Minaya, Juan",2019,478,34.3
164,682842,"Uribe, Abner",2024,258,63.6
164,657514,"Bernardino, Brennan",2025,473,34.7
164,643329,"Goldberg, Brad",2017,262,62.6
164,594798,"deGrom, Jacob",2018,3212,5.1
163,695445,"Lee, Chase",2025,344,47.4
163,664180,"Hall, Matt",2019,501,32.5
163,621107,"Eflin, Zach",2019,2571,6.3
163,623364,"Wieck, Brad",2021,293,55.6
163,666168,"Thompson, Mason",2021,424,38.4
163,655889,"Rodríguez, Manuel",2022,203,80.3
163,592811,"Triggs, Andrew",2016,929,17.5
163,664285,"Valdez, Framber",2019,1175,13.9
163,543901,"Weber, Ryan",2016,539,30.2
163,592130,"Barnes, Danny",2018,791,20.6
163,664129,"Hartlieb, Geoff",2021,213,76.5
163,676534,"Faucher, Calvin",2023,514,31.7
162,592473,"Kolarek, Adam",2018,504,32.1
162,657228,"Jewell, Jake",2019,412,39.3
162,666374,"Brash, Matt",2022,935,17.3
162,642203,"Widener, Taylor",2020,364,44.5
162,656232,"Bielak, Brandon",2024,510,31.8
162,605452,"Ross, Joe",2019,1138,14.2
162,681882,"Selby, Colin",2023,437,37.1
162,623437,"Topa, Justin",2025,430,37.7
162,689225,"Brieske, Beau",2023,637,25.4
161,642048,"Saucedo, Tayler",2021,432,37.3
161,621199,"Bowman, Matt",2025,381,42.3
161,488984,"Hunter, Tommy",2023,367,43.9
161,643410,"Leiter Jr., Mark",2018,468,34.4
161,676477,"Whitlock, Garrett",2023,1195,13.5
161,668941,"Romero, JoJo",2022,271,59.4
161,669212,"Morgan, Eli",2024,646,24.9
161,518397,"Alexander, Scott",2016,324,49.7
161,580792,"Goody, Nick",2018,198,81.3
161,664199,"Clarke, Taylor",2019,1512,10.6
161,621389,"Blach, Ty",2022,674,23.9
161,621078,"Lail, Brady",2020,300,53.7
161,621593,"Castro, Anthony",2021,455,35.4
161,447714,"O'Flaherty, Eric",2016,473,34
161,608716,"Steckenrider, Drew",2019,237,67.9
161,650671,"Quijada, José",2023,161,100
160,670102,"Francis, Bowden",2024,1559,10.3
160,668687,"Scrubb, Andre",2021,354,45.2
160,608371,"Sims, Lucas",2020,464,34.5
160,622065,"Young, Alex",2024,267,59.9
160,501925,"Smith, Joe",2022,450,35.6
160,456034,"Price, David",2021,1178,13.6
160,542947,"Bleier, Richard",2023,456,35.1
160,683232,"Mears, Nick",2021,452,35.4
160,665734,"Felipe, Angel",2023,271,59
160,666364,"Balazovic, Jordan",2023,392,40.8
160,570632,"Ureña, José",2016,1437,11.1
160,676831,"Whitley, Kodi",2021,401,39.9
160,611093,"Bracho, Silvino",2017,349,45.8
160,668970,"Hollowell, Gavin",2023,610,26.2
159,605525,"Wendelken, J.B.",2019,514,30.9
159,591693,"Ramos, Edubray",2016,612,26
159,519242,"Sale, Chris",2017,3428,4.6
159,548389,"Stripling, Ross",2018,1999,8
159,544365,"Bañuelos, Manny",2019,948,16.8
159,596001,"Junis, Jakob",2025,534,29.8
159,592169,"Brice, Austin",2018,603,26.4
159,594311,"Gustave, Jandel",2019,349,45.6
159,516714,"Álvarez, Dario",2017,321,49.5
158,594943,"Neal, Zach",2016,945,16.7
158,679885,"Martinez, Justin",2023,236,66.9
158,670871,"Zuñiga, Guillo",2024,271,58.3
158,666818,"Frías, Luis",2024,229,69
158,592527,"Mariot, Michael",2016,380,41.6
158,622259,"Wingenter, Trey",2024,179,88.3
158,666818,"Frías, Luis",2022,356,44.4
158,571479,"Bellatti, Andrew",2023,456,34.6
158,592866,"Williams, Trevor",2022,1407,11.2
158,676886,"Beasley, Jeremy",2022,271,58.3
158,608716,"Steckenrider, Drew",2022,286,55.2
157,687424,"Maldonado, Anthony",2024,297,52.9
157,669713,"Wesneski, Hayden",2024,1075,14.6
157,570488,"Valdez, Phillips",2020,509,30.8
157,456034,"Price, David",2016,3595,4.4
157,642073,"Sherfy, Jimmie",2021,230,68.3
157,656222,"Beeks, Jalen",2019,1821,8.6
157,518858,"Jones, Nate",2017,203,77.3
157,600968,"Rosario, Randy",2019,224,70.1
157,641907,"Murphy, Patrick",2021,486,32.3
157,624647,"González, Victor",2023,510,30.8
157,596112,"Stephenson, Robert",2017,1464,10.7
157,664776,"Cousins, Jake",2021,533,29.5
157,622098,"Smith, Drew",2024,328,47.9
156,518397,"Alexander, Scott",2021,259,60.2
156,595918,"Cole, A.J.",2020,390,40
156,640462,"Puk, A.J.",2025,156,100
156,475857,"Cook, Ryan",2018,312,50
156,596074,"Poyner, Bobby",2018,374,41.7
156,572703,"Bard, Luke",2019,818,19.1
156,543278,"Hardy, Blaine",2018,1368,11.4
156,502046,"Locke, Jeff",2016,2096,7.4
156,606995,"Hancock, Justin",2018,206,75.7
156,661255,"López, Yoan",2021,215,72.6
156,501925,"Smith, Joe",2019,344,45.3
156,622075,"Almonte, Yency",2020,446,35
156,622259,"Wingenter, Trey",2023,309,50.5
156,592390,"Hembree, Heath",2022,396,39.4
155,573127,"Rosscup, Zac",2018,200,77.5
155,623211,"Brazobán, Huascar",2022,631,24.6
155,450729,"Fister, Doug",2017,1531,10.1
155,656977,"Sobotka, Chad",2018,228,68
155,552640,"Kittredge, Andrew",2023,186,83.3
155,593334,"Germán, Domingo",2017,253,61.3
155,663773,"Hoeing, Bryan",2024,782,19.8
155,544727,"Familia, Jeurys",2023,256,60.5
155,594795,"Dayton, Grant",2017,418,37.1
155,521655,"Font, Wilmer",2020,368,42.1
155,664776,"Cousins, Jake",2022,267,58.1
155,628708,"Marte, Yunior",2024,482,32.2
155,656803,"Norwood, James",2022,370,41.9
155,660813,"Graterol, Brusdar",2021,523,29.6
154,596271,"Lawrence, Casey",2023,447,34.5
154,642073,"Sherfy, Jimmie",2019,316,48.7
154,665645,"Castro, Kervin",2022,239,64.4
154,806188,"Gibson, Cade",2025,356,43.3
154,595928,"Curtiss, John",2021,703,21.9
154,621249,"Underwood Jr., Duane",2023,337,45.7
154,607237,"Garrett, Amir",2020,299,51.5
154,681402,"Varland, Gus",2024,455,33.8
153,501563,"Castro, Simon",2017,595,25.7
153,681402,"Varland, Gus",2023,403,38
153,663485,"Sands, Cole",2022,603,25.4
153,572119,"Schuster, Patrick",2016,216,70.8
153,650204,"Ruiz, Norge",2022,366,41.8
153,669308,"Reynolds, Sean",2025,346,44.2
153,660825,"Bazardo, Eduard",2023,270,56.7
153,623430,"Dull, Ryan",2019,270,56.7
153,661440,"Llovera, Mauricio",2022,306,50
153,668984,"Legumina, Casey",2024,166,92.2
153,664079,"Jay, Tyler",2024,153,100
152,655889,"Rodríguez, Manuel",2021,300,50.7
152,594795,"Dayton, Grant",2016,468,32.5
152,692285,"Guerrero, Luis",2025,209,72.7
152,657611,"Hill, Cam",2020,291,52.2
152,453286,"Scherzer, Max",2017,3111,4.9
152,622097,"Thompson, Jake",2018,286,53.1
152,700187,"Taylor, Troy",2024,328,46.3
152,678226,"Hernández, Daysbel",2024,330,46.1
152,471911,"Carrasco, Carlos",2018,2970,5.1
152,628317,"Maeda, Kenta",2025,171,88.9
152,593643,"Alberto, Hanser",2022,152,100
152,621368,"Hearn, Taylor",2023,313,48.6
152,606983,"Glover, Koda",2016,312,48.7
152,518927,"Layne, Tommy",2017,245,62
151,600986,"Vieira, Thyago",2019,169,89.3
151,642701,"Santana, Dennis",2023,221,68.3
151,534812,"Quackenbush, Kevin",2017,510,29.6
151,664076,"Cleavinger, Garrett",2022,347,43.5
151,641329,"Baker, Bryan",2024,370,40.8
151,601713,"Pivetta, Nick",2023,2383,6.3
151,682847,"Ortiz, Luis L.",2024,2143,7
151,657240,"Merryweather, Julian",2024,272,55.5
151,456713,"Bush, Matt",2018,414,36.5
151,606424,"García, Jarlín",2018,1037,14.6
151,607237,"Garrett, Amir",2023,476,31.7
151,489334,"Stammen, Craig",2020,377,40.1
151,656266,"Bukauskas, J.B.",2021,286,52.8
151,624522,"Thompson, Keegan",2021,966,15.6
150,548389,"Stripling, Ross",2023,1453,10.3
150,571539,"Carasiti, Matt",2016,307,48.9
150,542914,"Bass, Anthony",2023,324,46.3
150,607572,"Howard, Sam",2019,383,39.2
150,669270,"Kuhnel, Joel",2023,195,76.9
150,525768,"Collins, Tim",2018,371,40.4
150,656945,"Scott, Tanner",2020,345,43.5
150,605501,"Tarpley, Stephen",2019,525,28.6
150,663992,"Lovelady, Richard",2023,378,39.7
150,642528,"Loáisiga, Jonathan",2023,236,63.6
150,656876,"Rasmussen, Drew",2020,302,49.7
150,592094,"Adam, Jason",2019,397,37.8
150,608638,"Chargois, JT",2019,292,51.4
150,622554,"Domínguez, Seranthony",2025,497,30.2
150,668687,"Scrubb, Andre",2020,407,36.9
150,640448,"Finnegan, Kyle",2020,419,35.8
149,622772,"Cordero, Jimmy",2023,512,29.1
149,670970,"Morejon, Adrian",2025,448,33.3
149,594577,"Mayers, Mike",2019,357,41.7
149,621219,"Mills, Alec",2021,1936,7.7
149,571670,"Floro, Dylan",2016,248,60.1
149,457768,"Morris, Bryan",2017,320,46.6
149,642231,"Yacabonis, Jimmy",2022,292,51
149,457429,"Logan, Boone",2018,224,66.5
149,641851,"McGowin, Kyle",2019,298,50
149,670456,"Hammer, JD",2019,338,44.1
149,543118,"Drake, Oliver",2016,296,50.3
149,667297,"Nance, Tommy",2021,456,32.7
149,519293,"Smith, Will",2020,252,59.1
149,689254,"Fluharty, Mason",2025,475,31.4
149,573188,"Sturdevant, Tyler",2016,259,57.5
148,621139,"Kriske, Brooks",2021,194,76.3
148,592612,"Osich, Josh",2021,231,64.1
148,570257,"Rodríguez, Joely",2017,499,29.7
148,424144,"Pérez, Oliver",2018,468,31.6
148,606162,"Ramírez, Yefry",2019,464,31.9
148,657681,"McGrath, Kyle",2017,307,48.2
148,448614,"Torres, Carlos",2018,148,100
148,656730,"Megill, Trevor",2021,460,32.2
147,518516,"Bumgarner, Madison",2016,3571,4.1
147,462515,"Socolovich, Miguel",2016,236,62.3
147,680689,"Richardson, Lyon",2025,356,41.3
147,657205,"Curtis, Zac",2018,317,46.4
147,527048,"Pérez, Martín",2021,1860,7.9
147,672860,"Berroa, Prelander",2024,348,42.2
147,622772,"Cordero, Jimmy",2018,332,44.3
147,472610,"García, Luis",2016,292,50.3
147,676680,"Cosgrove, Tom",2024,323,45.5
146,642100,"Speier, Gabe",2025,400,36.5
146,676710,"Crawford, Kutter",2023,2099,7
146,663559,"Falter, Bailey",2021,552,26.4
146,592468,"Kingham, Nick",2019,1027,14.2
146,592815,"Tuivailala, Sam",2016,210,69.5
146,613534,"Adams, Austin",2023,362,40.3
146,622259,"Wingenter, Trey",2018,322,45.3
146,554430,"Wheeler, Zack",2021,3205,4.6
146,621397,"Olson, Tyler",2017,300,48.7
146,641627,"Gott, Trevor",2020,217,67.3
146,608650,"Enns, Dietrich",2021,360,40.6
146,672582,"Zerpa, Angel",2025,561,26
146,656945,"Scott, Tanner",2019,463,31.5
145,608328,"De Jong, Chase",2023,225,64.4
145,650671,"Quijada, José",2021,499,29.1
145,687911,"King, Bryan",2025,470,30.9
145,453385,"Richard, Clayton",2017,3045,4.8
145,605396,"Murray, Colton",2016,536,27.1
145,445213,"Kintzler, Brandon",2021,510,28.4
145,605143,"Black, Ray",2019,282,51.4
145,605301,"Jerez, Williams",2018,288,50.3
145,660896,"Alcala, Jorge",2023,319,45.5
145,621345,"Minter, A.J.",2020,397,36.5
145,656725,"McRae, Alex",2019,547,26.5
144,541640,"Ramírez, Erasmo",2021,392,36.7
144,665896,"Marte, José",2022,265,54.3
144,663765,"Woodford, Jake",2020,360,40
144,502327,"Santiago, Héctor",2021,491,29.3
144,453214,"Wright, Steven",2018,824,17.5
144,608717,"Stratton, Chris",2016,168,85.7
144,502272,"Fien, Casey",2017,208,69.2
144,608349,"Knebel, Corey",2021,399,36.1
144,664202,"Cyr, Tyler",2022,224,64.3
144,453281,"LeBlanc, Wade",2016,945,15.2
144,434378,"Verlander, Justin",2016,3668,3.9
143,502032,"Norris, Bud",2016,2001,7.1
143,641771,"Kuhl, Chad",2023,770,18.6
143,620454,"Castillo, José",2025,304,47
143,663385,"Smith, Chad",2023,248,57.7
143,622161,"Paredes, Eduardo",2017,356,40.2
143,592761,"Smith, Caleb",2017,341,41.9
143,607219,"Romano, Sal",2019,306,46.7
143,669438,"Englert, Mason",2024,365,39.2
142,605441,"Ríos, Yacksel",2021,458,31
142,543518,"McGough, Scott",2024,577,24.6
142,543243,"Gray, Sonny",2018,2249,6.3
142,457429,"Logan, Boone",2017,363,39.1
142,643511,"Rogers, Tyler",2019,256,55.5
142,676979,"Crochet, Garrett",2023,292,48.6
142,676051,"Heuer, Codi",2020,374,38
142,641712,"Hudson, Dakota",2018,433,32.8
142,656529,"Hentges, Sam",2021,1260,11.3
142,685801,"Bigge, Hunter",2025,227,62.6
142,605154,"Brebbia, John",2021,332,42.8
141,664126,"Fairbanks, Pete",2019,387,36.4
141,688297,"Roycroft, Chris",2025,243,58
141,670124,"Oller, Adam",2023,412,34.2
141,660853,"De Los Santos, Enyel",2025,502,28.1
141,519393,"Walden, Marcus",2018,213,66.2
141,626929,"Thorpe, Lewis",2019,492,28.7
141,642758,"Acevedo, Domingo",2021,174,81
141,666277,"Soriano, George",2023,883,16
141,605288,"Houser, Adrian",2018,226,62.4
141,670036,"Festa, Matt",2024,385,36.6
141,668390,"Winn, Cole",2024,286,49.3
141,682175,"Jacques, Joe",2023,436,32.3
141,542924,"Beliveau, Jeff",2017,296,47.6
140,657770,"Stout, Eric",2022,450,31.1
140,605541,"Wright Jr., Mike",2017,417,33.6
140,572403,"VerHagen, Drew",2019,945,14.8
140,623352,"Hader, Josh",2017,779,18
140,608344,"Irvin, Cole",2023,1273,11
140,676710,"Crawford, Kutter",2022,1296,10.8
140,542960,"Brach, Brad",2020,250,56
140,665048,"Harris, Hobie",2023,350,40
140,622766,"Díaz, Miguel",2018,347,40.3
139,687014,"Avila, Nick",2024,225,61.8
139,642629,"Ramirez, Emmanuel",2024,371,37.5
139,668968,"Crouse, Hans",2024,437,31.8
139,605479,"Smith, Josh D.",2019,285,48.8
139,543135,"Eovaldi, Nathan",2019,1264,11
139,445197,"Dunn, Mike",2016,720,19.3
139,607231,"Gant, John",2016,943,14.7
139,592288,"Emanuel, Kent",2021,240,57.9
139,543935,"Wilson, Alex",2019,202,68.8
139,641302,"Alexander, Tyler",2021,1640,8.5
139,643617,"Reininger, Zac",2018,395,35.2
139,605169,"Capps, Carter",2017,192,72.4
139,521230,"Hendriks, Liam",2025,232,59.9
139,668948,"McCarty, Kirk",2022,574,24.2
139,665625,"Peguero, Elvis",2022,308,45.1
139,461872,"Swarzak, Anthony",2021,199,69.8
138,572044,"Pounders, Brooks",2016,249,55.4
138,656876,"Rasmussen, Drew",2024,459,30.1
138,650895,"Castillo, Diego",2020,320,43.1
138,672391,"Ort, Kaleb",2024,366,37.7
138,503449,"Peralta, Wily",2017,1121,12.3
138,608335,"Funkhouser, Kyle",2020,319,43.3
138,593619,"Tapia, Domingo",2023,318,43.4
138,624586,"Hoyt, James",2016,375,36.8
138,641401,"Brogdon, Connor",2025,263,52.5
138,573124,"Rogers, Taylor",2025,408,33.8
138,543964,"Zych, Tony",2016,252,54.8
138,572403,"VerHagen, Drew",2022,419,32.9
138,503449,"Peralta, Wily",2022,694,19.9
138,663432,"Rainey, Tanner",2020,299,46.2
137,664076,"Cleavinger, Garrett",2025,409,33.5
137,664353,"Urquidy, José",2023,1096,12.5
137,680880,"Holman, Grant",2024,292,46.9
137,596271,"Lawrence, Casey",2018,398,34.4
137,663465,"Allard, Kolby",2021,2054,6.7
137,593576,"Neris, Héctor",2025,271,50.6
137,615698,"Quantrill, Cal",2021,2357,5.8
136,502085,"Robertson, David",2019,136,100
136,605441,"Ríos, Yacksel",2019,237,57.4
136,622382,"Moya, Gabriel",2018,645,21.1
136,660906,"Pérez, Francisco",2022,205,66.3
136,595897,"Burdi, Nick",2019,161,84.5
136,642092,"Smith, Riley",2021,1071,12.7
135,668716,"Murdock, Noah",2025,392,34.4
135,641401,"Brogdon, Connor",2023,544,24.8
135,605463,"Scott, Tayler",2019,354,38.1
135,455119,"Martin, Chris",2020,282,47.9
135,595465,"Winkler, Dan",2020,299,45.2
135,571800,"Hutchison, Drew",2018,751,18
135,468504,"Chacín, Jhoulys",2016,2389,5.7
135,663992,"Lovelady, Richard",2019,375,36
135,622786,"Tinoco, Jesus",2025,304,44.4
135,663574,"Santillan, Tony",2024,504,26.8
135,664337,"Yajure, Miguel",2022,471,28.7
135,593619,"Tapia, Domingo",2022,363,37.2
135,493603,"Ottavino, Adam",2020,339,39.8
134,623167,"Flexen, Chris",2019,274,48.9
134,656794,"Newcomb, Sean",2022,552,24.3
134,455374,"Bastardo, Antonio",2017,227,59
134,605276,"Hess, David",2021,367,36.5
134,677976,"Dobnak, Randy",2024,183,73.2
134,622075,"Almonte, Yency",2024,267,50.2
134,491646,"Gómez, Jeanmar",2018,449,29.8
134,643316,"Fry, Paul",2022,232,57.8
134,607200,"Fedde, Erick",2019,1287,10.4
134,595465,"Winkler, Dan",2019,351,38.2
133,665645,"Castro, Kervin",2021,201,66.2
133,674444,"Cruz, Steven",2025,378,35.2
133,471911,"Carrasco, Carlos",2019,1274,10.4
133,657756,"Seabold, Connor",2023,1562,8.5
133,623913,"Wang, Wei-Chung",2019,519,25.6
133,669947,"Scholtens, Jesse",2023,1447,9.2
133,665093,"Grotz, Zac",2019,299,44.5
133,622092,"Zimmer, Kyle",2020,373,35.7
133,656464,"Ginkel, Kevin",2020,340,39.1
133,663531,"Allen, Logan",2024,470,28.3
133,594736,"Anderson, Cody",2016,996,13.4
133,605540,"Woodruff, Brandon",2018,750,17.7
132,608344,"Irvin, Cole",2024,1767,7.5
132,641745,"Keller, Brad",2022,2275,5.8
132,541640,"Ramírez, Erasmo",2024,302,43.7
132,571616,"Dermody, Matt",2017,341,38.7
132,572125,"Selman, Sam",2022,295,44.7
132,596720,"Neverauskas, Dovydas",2020,358,36.9
132,543022,"Chatwood, Tyler",2017,2461,5.4
132,592280,"Eades, Ryan",2019,203,65
132,681806,"Wantz, Andrew",2021,483,27.3
132,596001,"Junis, Jakob",2024,943,14
132,694363,"Shuster, Jared",2025,280,47.1
132,669724,"Hanifee, Brenan",2025,599,22
132,571882,"Law, Derek",2018,256,51.6
132,570488,"Valdez, Phillips",2022,287,46
132,656420,"Feyereisen, J.P.",2024,179,73.7
132,573064,"Nuño, Vidal",2017,305,43.3
132,543056,"Coulombe, Danny",2025,283,46.6
131,607455,"Banda, Anthony",2023,160,81.9
131,572308,"Váldez, José A.",2016,398,32.9
131,573204,"Thielbar, Caleb",2020,371,35.3
131,686294,"Willingham, Amos",2023,461,28.4
131,656924,"Ryan, Ryder",2024,340,38.5
131,657571,"Ferguson, Caleb",2020,304,43.1
131,641540,"Dunning, Dane",2023,2696,4.9
131,554340,"García, Yimi",2020,241,54.4
131,669194,"Nelson, Ryne",2025,906,14.5
131,543746,"Scahill, Rob",2017,344,38.1
131,605177,"Chafin, Andrew",2020,184,71.2
131,661255,"López, Yoan",2022,195,67.2
130,591693,"Ramos, Edubray",2019,285,45.6
130,554431,"Matzek, Tyler",2024,179,72.6
130,623474,"Herget, Jimmy",2020,350,37.1
130,657649,"Koenig, Jared",2022,653,19.9
130,600921,"Machado, Andrés",2023,774,16.8
130,628317,"Maeda, Kenta",2019,2433,5.3
130,672335,"Pérez, Cionel",2018,220,59.1
130,622694,"Hernández, Elieser",2022,1095,11.9
130,681892,"Funderburk, Kody",2025,224,58
130,572971,"Keuchel, Dallas",2023,658,19.8
130,645261,"Alcantara, Sandy",2023,2721,4.8
130,571863,"Koch, Matt",2019,364,35.7
130,806185,"Birdsong, Hayden",2025,839,15.5
130,543507,"May, Trevor",2020,411,31.6
130,669135,"Sceroler, Mac",2021,198,65.7
130,593372,"Martinez, Carlos",2017,3132,4.2
130,605177,"Chafin, Andrew",2016,351,37
129,621368,"Hearn, Taylor",2022,1787,7.2
129,501985,"Minor, Mike",2019,3358,3.8
129,642092,"Smith, Riley",2020,250,51.6
129,572102,"Sampson, Keyvius",2016,796,16.2
129,641743,"Kay, Anthony",2023,242,53.3
129,682967,"Sweet, Devin",2023,166,77.7
129,683232,"Mears, Nick",2025,426,30.3
128,658551,"Fernández, Junior",2019,218,58.7
128,694335,"Svanson, Matt",2025,249,51.4
128,676428,"Hurter, Brant",2025,572,22.4
128,696270,"Johnson, Ryan",2025,274,46.7
128,666974,"Cano, Yennier",2022,394,32.5
128,571871,"Krol, Ian",2021,349,36.7
128,678215,"Arias, Luarbert",2025,192,66.7
128,543391,"Kelly, Casey",2016,376,34
128,661440,"Llovera, Mauricio",2021,145,88.3
128,594986,"Ryan, Kyle",2021,225,56.9
128,645261,"Alcantara, Sandy",2017,155,82.6
128,642152,"Trivino, Lou",2025,476,26.9
128,656464,"Ginkel, Kevin",2022,479,26.7
127,502522,"Miller, Justin",2019,275,46.2
127,605525,"Wendelken, J.B.",2020,427,29.7
127,682254,"Montgomery, Mason",2025,441,28.8
127,680735,"Cox, Austin",2023,578,22
127,545348,"Maddox, Austin",2017,267,47.6
127,592127,"Barbato, Johnny",2016,235,54
127,608349,"Knebel, Corey",2020,263,48.3
127,571946,"Miller, Shelby",2021,273,46.5
127,570666,"Cessa, Luis",2016,1052,12.1
127,648737,"Hinojosa, Dalier",2016,177,71.8
127,446372,"Kluber, Corey",2018,3181,4
127,519326,"Strickland, Hunter",2019,391,32.5
127,641582,"Foster, Matt",2020,436,29.1
127,664944,"Vieaux, Cam",2022,208,61.1
127,622075,"Almonte, Yency",2018,251,50.6
127,605388,"Morgan, Adam",2021,442,28.7
127,643354,"Hart, Donnie",2018,382,33.2
126,650556,"Abreu, Bryan",2021,689,18.3
126,592767,"Smyly, Drew",2023,2401,5.2
126,678020,"Halvorsen, Seth",2024,178,70.8
126,657265,"Strzelecki, Peter",2024,192,65.6
126,572998,"Lucas, Josh",2018,248,50.8
126,476454,"Betances, Dellin",2020,241,52.3
126,595928,"Curtiss, John",2020,384,32.8
126,664875,"Lawrence, Justin",2021,326,38.7
126,643327,"Godley, Zack",2016,1150,11
126,670955,"Uceta, Edwin",2022,292,43.2
126,622072,"Wood, Alex",2020,282,44.7
126,678368,"Bellozo, Valente",2025,673,18.7
126,641627,"Gott, Trevor",2018,301,41.9
126,656322,"Coonrod, Sam",2022,236,53.4
125,595798,"Alaniz, R.J.",2019,263,47.5
125,642770,"Guerra, Javy",2020,235,53.2
125,554374,"Hernández, Ariel",2017,434,28.8
125,641755,"Kinley, Tyler",2018,231,54.1
125,572998,"Lucas, Josh",2019,273,45.8
125,605513,"Turnbull, Spencer",2024,916,13.6
125,592644,"Plutko, Adam",2021,1014,12.3
125,453281,"LeBlanc, Wade",2018,2448,5.1
125,622075,"Almonte, Yency",2022,466,26.8
125,686747,"La Sorsa, Joe",2024,271,46.1
125,663399,"Waddell, Brandon",2021,213,58.7
125,502051,"Ravin, Josh",2017,278,45
125,621368,"Hearn, Taylor",2020,352,35.5
125,668665,"Nogosek, Stephen",2019,141,88.7
125,622786,"Tinoco, Jesus",2019,616,20.3
125,605488,"Springs, Jeffrey",2018,562,22.2
125,686826,"Jarvis, Bryce",2025,182,68.7
124,656986,"Sousa, Bennett",2025,370,33.5
124,605441,"Ríos, Yacksel",2017,277,44.8
124,606930,"Barnes, Jacob",2020,309,40.1
124,592872,"Wimmers, Alex",2016,306,40.5
124,656529,"Hentges, Sam",2024,351,35.3
124,476595,"Luetge, Lucas",2023,286,43.4
124,666120,"Anderson, Ian",2025,203,61.1
124,434442,"Howell, J.P.",2017,193,64.2
124,656578,"Jackson, Andre",2022,156,79.5
124,595411,"Sherriff, Ryan",2020,126,98.4
123,664918,"Keller, Kyle",2019,193,63.7
123,656803,"Norwood, James",2018,227,54.2
123,643338,"Green, Chad",2020,425,28.9
123,661255,"López, Yoan",2018,129,95.3
123,672578,"Hernández, Carlos",2022,1035,11.9
123,594795,"Dayton, Grant",2020,490,25.1
123,643338,"Green, Chad",2022,241,51
123,689690,"Jacob, Alek",2025,438,28.1
123,674944,"Guenther, Sean",2024,243,50.6
123,592779,"Stewart, Brock",2024,268,45.9
123,488748,"Buchter, Ryan",2021,294,41.8
123,676661,"Lazar, Max",2025,192,64.1
123,664199,"Clarke, Taylor",2025,259,47.5
123,543901,"Weber, Ryan",2019,674,18.2
123,643410,"Leiter Jr., Mark",2017,1510,8.1
123,527048,"Pérez, Martín",2023,2223,5.5
123,687798,"Robertson, Nick",2024,217,56.7
123,642083,"Slegers, Aaron",2020,387,31.8
123,642232,"Yarbrough, Ryan",2018,2398,5.1
122,607481,"Bummer, Aaron",2025,488,25
122,477132,"Kershaw, Clayton",2016,2062,5.9
122,622065,"Young, Alex",2022,445,27.4
122,592869,"Wilson, Tyler",2016,1470,8.3
122,596133,"Weaver, Luke",2018,2386,5.1
122,656970,"Smeltzer, Devin",2023,361,33.8
122,666171,"Zeferjahn, Ryan",2024,208,58.7
122,669456,"Bieber, Shane",2019,3332,3.7
122,694738,"Roupp, Landen",2024,907,13.5
122,623465,"Phillips, Evan",2018,219,55.7
122,676050,"Naughton, Packy",2022,562,21.7
122,605525,"Wendelken, J.B.",2022,488,25
121,656420,"Feyereisen, J.P.",2022,344,35.2
121,623465,"Phillips, Evan",2021,244,49.6
121,533167,"Shoemaker, Matt",2021,1064,11.4
121,670766,"McCaughan, Darren",2024,714,16.9
121,664139,"Gibaut, Ian",2025,322,37.6
121,622503,"Crismatt, Nabil",2023,262,46.2
121,572193,"Tepera, Ryan",2023,230,52.6
121,661255,"López, Yoan",2020,286,42.3
121,666277,"Soriano, George",2025,386,31.3
121,669211,"Akin, Keegan",2025,551,22
121,605240,"Fry, Jace",2020,339,35.7
121,542953,"Boshers, Buddy",2017,560,21.6
121,572990,"Light, Pat",2016,364,33.2
121,552640,"Kittredge, Andrew",2017,245,49.4
120,570666,"Cessa, Luis",2022,1235,9.7
120,686730,"Spiers, Carson",2024,1554,7.7
120,665621,"García, Rony",2020,393,30.5
120,572703,"Bard, Luke",2022,241,49.8
120,608648,"Duffey, Tyler",2018,419,28.6
120,643400,"Knight, Dusten",2022,192,62.5
120,676879,"Ashby, Aaron",2021,532,22.6
120,544928,"Lyons, Tyler",2018,284,42.3
120,686973,"Varland, Louis",2025,488,24.6
120,432934,"Young, Chris",2017,536,22.4
120,592222,"Claudio, Alex",2020,331,36.3
120,613317,"Bird, Kyle",2019,277,43.3
120,571927,"Matz, Steven",2025,654,18.3
120,669276,"Lee, Dylan",2023,391,30.7
119,663989,"Vespi, Nick",2024,169,70.4
119,429722,"Santana, Ervin",2017,3235,3.7
119,518567,"Collmenter, Josh",2017,327,36.4
119,671790,"Bolaños, Ronald",2022,332,35.8
119,545333,"Bauer, Trevor",2018,2853,4.2
119,592593,"Nicolino, Justin",2017,840,14.2
119,621057,"Garza, Justin",2021,503,23.7
119,457768,"Morris, Bryan",2016,282,42.2
119,434538,"Liriano, Francisco",2017,1742,6.8
119,572403,"VerHagen, Drew",2016,346,34.4
119,605242,"Fulmer, Michael",2017,2479,4.8
119,670090,"Mills, Wyatt",2022,503,23.7
119,518397,"Alexander, Scott",2020,202,58.9
119,605400,"Nola, Aaron",2022,3039,3.9
119,571946,"Miller, Shelby",2019,863,13.8
119,544928,"Lyons, Tyler",2019,191,62.3
119,605498,"Suárez, Andrew",2019,540,22
118,543867,"Turley, Nik",2020,373,31.6
118,599998,"Campos, Leonel",2017,226,52.2
118,595881,"Beede, Tyler",2024,265,44.5
118,607473,"Bradford, Chasen",2019,248,47.6
118,607237,"Garrett, Amir",2022,804,14.7
118,677161,"Kelly, Zack",2025,284,41.5
118,600965,"Rodríguez, Ricardo",2017,242,48.8
118,628333,"Despaigne, Odrisamer",2017,968,12.2
118,547184,"Kelly, Michael",2023,272,43.4
118,592879,"Wojciechowski, Asher",2017,1106,10.7
118,670036,"Festa, Matt",2023,195,60.5
118,519263,"Schugel, A.J.",2017,496,23.8
117,642558,"Jurado, Ariel",2019,2047,5.7
117,642003,"Reed, Cody",2021,148,79.1
117,650633,"King, Michael",2021,1009,11.6
117,650893,"Cabrera, Génesis",2019,372,31.5
117,645261,"Alcantara, Sandy",2021,3095,3.8
117,623485,"Goudeau, Ashton",2021,564,20.7
117,642008,"Rhame, Jacob",2017,185,63.2
117,594798,"deGrom, Jacob",2017,3168,3.7
117,672578,"Hernández, Carlos",2021,1434,8.2
117,674285,"Salazar, Eduardo",2023,239,49
117,573009,"Mantiply, Joe",2025,192,60.9
117,676760,"Marinaccio, Ron",2024,395,29.6
116,424144,"Pérez, Oliver",2020,281,41.3
116,679346,"Navarro, Edgar",2023,150,77.3
116,664129,"Hartlieb, Geoff",2020,409,28.4
116,671111,"Peralta, Sammy",2024,282,41.1
116,596027,"Maples, Dillon",2019,237,48.9
116,595411,"Sherriff, Ryan",2021,278,41.7
116,606424,"García, Jarlín",2020,284,40.8
116,656222,"Beeks, Jalen",2020,323,35.9
116,621345,"Minter, A.J.",2017,248,46.8
116,643316,"Fry, Paul",2020,376,30.9
116,434671,"Sánchez, Aníbal",2016,2577,4.5
115,686654,"Adcock, Ty",2023,207,55.6
115,542432,"Ramirez, José",2018,155,74.2
115,543548,"Milone, Tommy",2016,1223,9.4
115,622772,"Cordero, Jimmy",2019,542,21.2
115,687765,"Spence, Mitch",2025,861,13.4
115,622092,"Zimmer, Kyle",2019,435,26.4
115,457754,"Edwards, Jon",2018,139,82.7
115,605301,"Jerez, Williams",2019,192,59.9
115,665665,"Sanmartin, Reiver",2023,310,37.1
115,666661,"Morillo, Juan",2025,349,33
115,657612,"Hill, Tim",2020,348,33
115,571882,"Law, Derek",2021,292,39.4
115,476594,"Stock, Robert",2019,229,50.2
115,668390,"Winn, Cole",2025,200,57.5
115,605177,"Chafin, Andrew",2025,252,45.6
114,656186,"Altavilla, Dan",2019,294,38.8
114,425794,"Wainwright, Adam",2021,3068,3.7
114,502381,"Gregerson, Luke",2018,207,55.1
114,664871,"Dowdy, Kyle",2019,438,26
114,640451,"Harvey, Hunter",2019,137,83.2
114,435043,"Duke, Zach",2017,276,41.3
114,650828,"Santana, Edgar",2017,296,38.5
114,444520,"Breslow, Craig",2016,210,54.3
114,592705,"Rumbelow, Nick",2018,292,39
114,668984,"Legumina, Casey",2023,231,49.4
114,685107,"Veneziano, Anthony",2025,411,27.7
114,477003,"Niese, Jonathon",2016,2011,5.7
113,666374,"Brash, Matt",2025,219,51.6
113,519008,"McFarland, T.J.",2020,331,34.1
113,461325,"Clippard, Tyler",2022,113,100
113,676660,"Solomon, Jared",2022,157,72
113,664285,"Valdez, Framber",2022,3018,3.7
113,623470,"Newberry, Jake",2020,387,29.2
113,657424,"Gage, Matt",2022,187,60.4
113,680729,"McDaniels, Garrett",2025,191,59.2
113,641672,"Hatch, Thomas",2020,441,25.6
113,502028,"Wood, Blake",2018,193,58.5
113,607951,"Labourt, Jairo",2017,121,93.4
113,676969,"de Geus, Brett",2024,194,58.2
113,543195,"Gamboa, Eddie",2016,222,50.9
113,680704,"Sandlin, Nick",2021,603,18.7
113,664776,"Cousins, Jake",2023,202,55.9
113,664948,"Misiewicz, Anthony",2023,240,47.1
113,592865,"Williams, Taylor",2021,219,51.6
113,687888,"Walter, Brandon",2023,365,31
112,518693,"Freeman, Sam",2016,179,62.6
112,656232,"Bielak, Brandon",2022,226,49.6
112,518397,"Alexander, Scott",2025,270,41.5
112,663687,"Harris, Hogan",2024,1213,9.2
112,452657,"Lester, Jon",2016,3161,3.5
112,668970,"Hollowell, Gavin",2022,143,78.3
112,645261,"Alcantara, Sandy",2019,3091,3.6
112,606944,"Carroll, Cody",2018,372,30.1
112,571963,"Morris, A.J.",2016,192,58.3
112,598287,"Ramirez, Noé",2016,225,49.8
112,519381,"Venditte, Pat",2018,224,50
112,668943,"Miller, Ryan",2024,219,51.1
112,621237,"Alvarado, José",2020,194,57.7
112,593679,"Ynoa, Gabriel",2019,1815,6.2
111,672715,"Patiño, Luis",2023,383,29
111,622608,"Senzatela, Antonio",2017,2217,5
111,621381,"Strahm, Matt",2016,433,25.6
111,656803,"Norwood, James",2019,206,53.9
111,641312,"Anderson, Shaun",2025,194,57.2
111,607229,"Gsellman, Robert",2022,207,53.6
111,656546,"Hoffman, Jeff",2020,399,27.8
111,672335,"Pérez, Cionel",2019,163,68.1
110,534737,"Dean, Pat",2016,1158,9.5
110,641682,"Hendrix, Ryan",2022,143,76.9
110,572021,"Pazos, James",2020,131,84
110,656186,"Altavilla, Dan",2016,172,64
110,664854,"Helsley, Ryan",2019,577,19.1
110,657766,"St. John, Locke",2019,149,73.8
110,681867,"Criswell, Cooper",2025,162,67.9
110,570240,"Peña, Félix",2016,133,82.7
110,664054,"Stashak, Cody",2019,369,29.8
110,663671,"Enright, Nic",2025,195,56.4
110,669459,"Nelson, Kyle",2022,593,18.5
110,672582,"Zerpa, Angel",2023,707,15.6
110,680742,"Bowlan, Jonathan",2025,240,45.8
110,434622,"Jiménez, Ubaldo",2017,2587,4.3
110,657205,"Curtis, Zac",2016,271,40.6
110,700669,"Graceffo, Gordon",2025,273,40.3
110,650893,"Cabrera, Génesis",2020,397,27.7
110,596271,"Lawrence, Casey",2025,276,39.9
109,502188,"Samardzija, Jeff",2016,3190,3.4
109,700187,"Taylor, Troy",2025,136,80.1
109,451596,"Gallardo, Yovani",2017,2291,4.8
109,608601,"Santos, Luis",2017,274,39.8
109,605525,"Wendelken, J.B.",2016,272,40.1
109,657566,"DuRapau, Montana",2019,342,31.9
109,552640,"Kittredge, Andrew",2025,170,64.1
109,681892,"Funderburk, Kody",2023,192,56.8
109,543903,"Webster, Allen",2019,171,63.7
109,621389,"Blach, Ty",2017,2519,4.3
109,642130,"Taylor, Blake",2022,305,35.7
109,594986,"Ryan, Kyle",2020,268,40.7
109,621111,"Buehler, Walker",2017,192,56.8
109,682120,"Herrin, Tim",2025,428,25.5
108,607231,"Gant, John",2021,1975,5.5
108,695418,"Lord, Brad",2025,852,12.7
108,542585,"Cisnero, José",2020,519,20.8
108,676596,"Fleming, Josh",2021,1629,6.6
108,621381,"Strahm, Matt",2017,647,16.7
108,598286,"Ramirez, Nick",2021,314,34.4
108,608371,"Sims, Lucas",2019,751,14.4
108,572403,"VerHagen, Drew",2018,912,11.8
108,661383,"Ortega, Oliver",2023,239,45.2
108,608652,"Farrell, Luke",2021,473,22.8
108,676265,"Abbott, Cory",2022,845,12.8
108,664092,"Poppen, Sean",2019,134,80.6
108,657031,"Taylor, Josh",2023,341,31.7
108,607625,"Lugo, Seth",2020,610,17.7
108,445197,"Dunn, Mike",2019,302,35.8
108,607455,"Banda, Anthony",2025,535,20.2
107,621345,"Minter, A.J.",2025,185,57.8
107,572403,"VerHagen, Drew",2017,532,20.1
107,657277,"Webb, Logan",2023,3182,3.4
107,595928,"Curtiss, John",2017,165,64.8
107,534947,"Adleman, Tim",2017,2088,5.1
107,663531,"Allen, Logan",2020,186,57.5
107,677976,"Dobnak, Randy",2021,765,14
107,663947,"Holton, Tyler",2025,537,19.9
107,489446,"Yates, Kirby",2022,137,78.1
107,669912,"Snead, Kirby",2023,193,55.4
107,622251,"Staumont, Josh",2023,360,29.7
107,665001,"Kelley, Trevor",2023,272,39.3
106,665620,"García, Deivi",2023,289,36.7
106,594987,"Sadler, Casey",2020,348,30.5
106,457915,"Guerra, Javy",2017,320,33.1
106,600944,"Paulino, David",2018,128,82.8
106,594792,"Cunniff, Brandon",2016,304,34.9
106,606930,"Barnes, Jacob",2023,209,50.7
106,596082,"Reed, Jake",2022,307,34.5
106,621294,"Heller, Ben",2017,181,58.6
106,518748,"Grimm, Justin",2022,277,38.3
106,605130,"Barlow, Scott",2025,570,18.6
106,595928,"Curtiss, John",2023,301,35.2
105,519141,"Pomeranz, Drew",2018,1447,7.3
105,548389,"Stripling, Ross",2024,1358,7.7
105,595014,"Treinen, Blake",2025,145,72.4
105,445926,"Chavez, Jesse",2021,528,19.9
105,641490,"Crockett, Kyle",2016,285,36.8
105,663992,"Lovelady, Richard",2021,315,33.3
105,642528,"Loáisiga, Jonathan",2019,592,17.7
105,658792,"Wilkerson, Aaron",2019,333,31.5
105,643256,"Cimber, Adam",2020,177,59.3
105,663738,"Lynch IV, Daniel",2024,631,16.6
105,656240,"Blewett, Scott",2024,319,32.9
105,605463,"Scott, Tayler",2025,403,26.1
105,467100,"Nova, Iván",2016,2310,4.5
105,621249,"Underwood Jr., Duane",2020,335,31.3
105,453284,"Parker, Blake",2020,315,33.3
104,489294,"Scheppers, Tanner",2016,126,82.5
104,542585,"Cisnero, José",2024,313,33.2
104,595897,"Burdi, Nick",2024,210,49.5
104,456051,"Noesí, Hector",2019,497,20.9
104,656186,"Altavilla, Dan",2018,360,28.9
104,605155,"Brewer, Colten",2018,194,53.6
104,608331,"Fried, Max",2018,571,18.2
104,669294,"Campbell, Paul",2021,468,22.2
104,501593,"Avilán, Luis",2016,327,31.8
104,613534,"Adams, Austin",2017,131,79.4
104,548357,"Bergman, Christian",2016,448,23.2
104,664849,"Young, Danny",2023,135,77
104,643778,"Webb, Tyler",2020,346,30.1
104,668665,"Nogosek, Stephen",2023,489,21.3
104,642231,"Yacabonis, Jimmy",2017,337,30.9
104,607309,"Klein, Phil",2016,358,29.1
104,623354,"Zamora, Daniel",2018,158,65.8
104,570488,"Valdez, Phillips",2019,293,35.5
103,664126,"Fairbanks, Pete",2020,490,21
103,642098,"Sparkman, Glenn",2019,2275,4.5
103,457915,"Guerra, Javy",2021,148,69.6
103,608723,"Voth, Austin",2022,1762,5.8
103,459987,"Ramos, Cesár",2016,785,13.1
103,670456,"Hammer, JD",2021,405,25.4
103,664942,"Naile, James",2022,126,81.7
103,612434,"Castro, Miguel",2024,232,44.4
103,669212,"Morgan, Eli",2025,132,78
103,488846,"Duensing, Brian",2016,209,49.3
103,502171,"Cobb, Alex",2017,2849,3.6
103,545064,"Díaz, Jairo",2017,119,86.6
103,680704,"Sandlin, Nick",2025,159,64.8
103,545333,"Bauer, Trevor",2019,3687,2.8
103,596035,"McClain, Reggie",2019,354,29.1
103,642121,"Sulser, Cole",2019,130,79.2
102,641571,"Fillmyer, Heath",2019,453,22.5
102,546276,"Escobar, Edwin",2016,449,22.7
102,572193,"Tepera, Ryan",2020,369,27.6
102,623354,"Zamora, Daniel",2019,169,60.4
102,674003,"Bradford, Cody",2023,974,10.5
102,607231,"Gant, John",2020,240,42.5
102,657053,"Toussaint, Touki",2024,491,20.8
102,573185,"Straily, Dan",2019,966,10.6
102,605538,"Wisler, Matt",2020,453,22.5
102,694037,"Palencia, Daniel",2024,263,38.8
102,542947,"Bleier, Richard",2016,349,29.2
102,623485,"Goudeau, Ashton",2022,375,27.2
102,571893,"Liberatore, Adam",2018,216,47.2
102,685493,"Yamaguchi, Shun",2020,502,20.3
102,642232,"Yarbrough, Ryan",2019,2057,5
102,670810,"Gillaspie, Logan",2022,262,38.9
102,669111,"McMillon, John",2024,180,56.7
101,112526,"Colon, Bartolo",2018,2228,4.5
101,519008,"McFarland, T.J.",2016,381,26.5
101,453286,"Scherzer, Max",2016,3563,2.8
101,642100,"Speier, Gabe",2022,298,33.9
101,457435,"Coke, Phil",2016,166,60.8
101,607755,"Vasquez, Andrew",2022,153,66
101,608371,"Sims, Lucas",2025,279,36.2
101,502212,"Bibens-Dirkx, Austin",2017,1171,8.6
101,543408,"Koehler, Tom",2017,1282,7.9
101,672782,"Gómez, Yoendrys",2024,214,47.2
101,656794,"Newcomb, Sean",2024,184,54.9
101,643778,"Webb, Tyler",2021,392,25.8
101,489446,"Yates, Kirby",2020,101,100
101,500779,"Quintana, Jose",2021,1240,8.1
101,458924,"Venters, Jonny",2019,197,51.3
101,453286,"Scherzer, Max",2018,3493,2.9
101,476594,"Stock, Robert",2020,253,39.9
101,606273,"Elías, Roenis",2022,114,88.6
101,457915,"Guerra, Javy",2020,286,35.3
100,670097,"Short, Zack",2023,100,100
100,592130,"Barnes, Danny",2016,234,42.7
100,670174,"Winckowski, Josh",2025,207,48.3
100,543294,"Hendricks, Kyle",2018,3051,3.3
100,666721,"Castillo, Max",2022,697,14.3
100,670810,"Gillaspie, Logan",2024,151,66.2
100,543901,"Weber, Ryan",2023,182,54.9
100,667498,"Dugger, Robert",2021,461,21.7
100,605138,"Benjamin, Wes",2021,461,21.7
100,681676,"Fernandez, Ryan",2025,158,63.3
100,571951,"Mitchell, Bryan",2018,1227,8.1
100,641312,"Anderson, Shaun",2020,277,36.1
100,425626,"Capuano, Chris",2016,438,22.8
100,519096,"Otero, Dan",2019,416,24
100,681810,"Warren, Austin",2024,173,57.8
100,533167,"Shoemaker, Matt",2016,2476,4
100,663903,"Singer, Brady",2022,2376,4.2
100,434378,"Verlander, Justin",2019,3448,2.9
100,657240,"Merryweather, Julian",2021,217,46.1
100,670329,"Garcia, Rico",2022,136,73.5
100,642571,"Gonzalez, Merandy",2018,437,22.9
99,608371,"Sims, Lucas",2018,312,31.7
99,430912,"Cain, Matt",2017,2083,4.8
99,622772,"Cordero, Jimmy",2020,424,23.3
99,593619,"Tapia, Domingo",2021,520,19
99,594985,"Rowen, Ben",2021,198,50
99,622072,"Wood, Alex",2023,1708,5.8
99,502212,"Bibens-Dirkx, Austin",2018,778,12.7
99,570666,"Cessa, Luis",2020,360,27.5
99,622250,"Sborz, Josh",2024,284,34.9
99,670167,"Schreiber, John",2019,251,39.4
99,640464,"Stewart, Kohl",2019,384,25.8
99,682051,"Hill, Garrett",2023,309,32
99,502593,"Petricka, Jake",2019,118,83.9
99,606930,"Barnes, Jacob",2022,361,27.4
99,460059,"Pelfrey, Mike",2017,2291,4.3
99,520980,"Báez, Pedro",2020,306,32.4
99,641871,"Middleton, Keynan",2022,241,41.1
98,543056,"Coulombe, Danny",2018,394,24.9
98,677020,"Walker, Josh",2023,219,44.7
98,680891,"Neely, Jack",2024,98,100
98,664042,"Lakins Sr., Travis",2021,501,19.6
98,458677,"Wilson, Justin",2025,417,23.5
98,668754,"Bristo, Braden",2023,114,86
98,519043,"Moore, Matt",2021,1254,7.8
98,665660,"Alvarado, Elvis",2025,122,80.3
98,592644,"Plutko, Adam",2020,446,22
98,688158,"Morgan, David",2025,200,49
98,605388,"Morgan, Adam",2020,219,44.7
98,608648,"Duffey, Tyler",2024,189,51.9
98,608334,"Fulmer, Carson",2020,188,52.1
98,642003,"Reed, Cody",2020,236,41.5
98,656981,"Solomon, Peter",2021,227,43.2
97,543031,"Cloyd, Tyler",2018,336,28.9
97,663947,"Holton, Tyler",2022,159,61
97,543294,"Hendricks, Kyle",2016,2888,3.4
97,606965,"Devenski, Chris",2022,241,40.2
97,677944,"Cecconi, Slade",2024,1291,7.5
97,429719,"Jackson, Edwin",2016,1401,6.9
97,622694,"Hernández, Elieser",2024,251,38.6
97,664948,"Misiewicz, Anthony",2020,328,29.6
97,664849,"Young, Danny",2022,126,77
97,669093,"Estrada, Jeremiah",2025,561,17.3
97,641401,"Brogdon, Connor",2024,97,100
97,642528,"Loáisiga, Jonathan",2025,228,42.5
97,429400,"Loewen, Adam",2016,126,77
97,677976,"Dobnak, Randy",2019,427,22.7
97,545332,"Barrett, Jake",2018,124,78.2
97,453172,"Hughes, Jared",2020,412,23.5
97,669270,"Kuhnel, Joel",2019,166,58.4
97,643325,"Girodo, Chad",2016,144,67.4
96,657097,"Webb, Jacob",2020,168,57.1
96,656986,"Sousa, Bennett",2022,365,26.3
96,605359,"Marshall, Evan",2018,152,63.2
96,582494,"Scott, Robby",2018,165,58.2
96,518617,"Diekman, Jake",2017,188,51.1
96,659275,"Lamet, Dinelson",2023,603,15.9
96,656793,"Nelson, Nick",2024,96,100
96,592644,"Plutko, Adam",2018,1268,7.6
96,596057,"Norris, Daniel",2023,258,37.2
96,605156,"Brooks, Aaron",2022,154,62.3
96,664337,"Yajure, Miguel",2020,124,77.4
96,518397,"Alexander, Scott",2022,214,44.9
96,596331,"Ogando, Nefi",2016,227,42.3
96,663765,"Woodford, Jake",2021,1156,8.3
96,674444,"Cruz, Steven",2023,244,39.3
96,605428,"Povse, Max",2017,96,100
96,666619,"Santos, Gregory",2025,132,72.7
96,656786,"Mushinski, Parker",2023,255,37.6
96,595465,"Winkler, Dan",2017,234,41
95,503285,"O'Day, Darren",2021,189,50.3
95,595001,"Smith, Josh A.",2020,426,22.3
95,676395,"Garcia, Robert",2023,522,18.2
95,682610,"Muñoz, Roddery",2025,115,82.6
95,666200,"Luzardo, Jesús",2021,1727,5.5
95,592473,"Kolarek, Adam",2021,190,50
95,544836,"Romero, Enny",2018,208,45.7
95,489265,"Romo, Sergio",2022,335,28.4
95,650893,"Cabrera, Génesis",2025,229,41.5
95,519076,"Nelson, Jimmy",2019,408,23.3
95,456068,"González, Miguel",2017,2531,3.8
95,623474,"Herget, Jimmy",2019,95,100
95,669093,"Estrada, Jeremiah",2023,237,40.1
95,675911,"Strider, Spencer",2022,2277,4.2
95,570666,"Cessa, Luis",2017,624,15.2
95,592836,"Walker, Taijuan",2025,830,11.4
94,663855,"Hicks, Jordan",2022,1051,8.9
94,543219,"Gilmartin, Sean",2016,309,30.4
94,639373,"Bautista, Gerson",2019,197,47.7
94,623474,"Herget, Jimmy",2025,553,17
94,579328,"Kikuchi, Yusei",2022,1843,5.1
94,544931,"Strasburg, Stephen",2017,2742,3.4
94,678692,"Henriquez, Ronny",2025,580,16.2
94,656322,"Coonrod, Sam",2020,297,31.6
94,660825,"Bazardo, Eduard",2022,236,39.8
94,664042,"Lakins Sr., Travis",2022,208,45.2
94,592229,"Covey, Dylan",2018,2053,4.6
94,676661,"Lazar, Max",2024,214,43.9
94,663460,"Bubic, Kris",2021,2202,4.3
94,570257,"Rodríguez, Joely",2024,249,37.8
94,453281,"LeBlanc, Wade",2019,1955,4.8
93,608337,"Giolito, Lucas",2019,2814,3.3
93,534910,"Hahn, Jesse",2019,107,86.9
93,681217,"Silseth, Chase",2023,888,10.5
93,500872,"Infante, Gregory",2018,149,62.4
93,605182,"Clevinger, Mike",2016,967,9.6
93,664028,"Kennedy, Brett",2023,310,30
93,665620,"García, Deivi",2024,283,32.9
93,600917,"Leclerc, José",2025,229,40.6
93,629496,"Hu, Chih-Wei",2018,195,47.7
93,665120,"Walsh, Jared",2019,93,100
93,643338,"Green, Chad",2023,195,47.7
93,670426,"Diehl, Phillip",2019,138,67.4
93,433589,"Petit, Yusmeiro",2020,315,29.5
93,681870,"Sabrowski, Erik",2024,198,47
93,643493,"Pruitt, Austin",2019,720,12.9
93,690544,"Horn, Bailey",2024,303,30.7
93,681867,"Criswell, Cooper",2023,554,16.8
93,643361,"Herget, Kevin",2024,151,61.6
93,477132,"Kershaw, Clayton",2017,2521,3.7
93,656887,"Reid-Foley, Sean",2022,196,47.4
93,665896,"Marte, José",2024,311,29.9
92,650959,"Diplán, Marcos",2021,512,18
92,656641,"Latz, Jacob",2025,494,18.6
92,642239,"Zastryzny, Rob",2023,389,23.7
92,664076,"Cleavinger, Garrett",2023,211,43.6
92,656354,"Davis, Austin",2024,142,64.8
92,660730,"Rodriguez, Elvin",2025,317,29
92,640455,"Manaea, Sean",2023,2052,4.5
92,543037,"Cole, Gerrit",2023,3281,2.8
92,519144,"Porcello, Rick",2016,3410,2.7
92,547001,"Poteet, Cody",2022,448,20.5
92,670550,"Rodriguez, Nivaldo",2021,114,80.7
92,623470,"Newberry, Jake",2018,252,36.5
92,457754,"Edwards, Jon",2019,143,64.3
92,607732,"Stallings, Jacob",2023,92,100
92,663989,"Vespi, Nick",2023,202,45.5
92,656322,"Coonrod, Sam",2023,147,62.6
92,679156,"Pennington, Walter",2024,330,27.9
91,592866,"Williams, Trevor",2017,2423,3.8
91,451584,"Davis, Wade",2020,119,76.5
91,547179,"Lorenzen, Michael",2020,608,15
91,657624,"James, Josh",2020,340,26.8
91,445926,"Chavez, Jesse",2020,305,29.8
91,682171,"Murfee, Penn",2025,232,39.2
91,573204,"Thielbar, Caleb",2025,410,22.2
91,607179,"Weems, Jordan",2021,134,67.9
91,584171,"Velázquez, Hector",2017,382,23.8
91,663574,"Santillan, Tony",2021,761,12
91,606965,"Devenski, Chris",2021,145,62.8
91,667755,"Soriano, José",2024,1737,5.2
91,656793,"Nelson, Nick",2021,338,26.9
91,643338,"Green, Chad",2016,836,10.9
90,676840,"Peacock, Matt",2022,149,60.4
90,656257,"Brigham, Jeff",2022,419,21.5
90,475054,"Roe, Chaz",2020,159,56.6
90,664285,"Valdez, Framber",2023,2952,3
90,680736,"Wrobleski, Justin",2025,376,23.9
90,621389,"Blach, Ty",2024,1133,7.9
90,621244,"Berríos, José",2018,3068,2.9
90,670550,"Rodriguez, Nivaldo",2020,187,48.1
90,572703,"Bard, Luke",2018,213,42.3
90,593679,"Ynoa, Gabriel",2017,540,16.7
90,641490,"Crockett, Kyle",2018,174,51.7
90,570702,"Ramirez, Carlos",2017,215,41.9
90,594987,"Sadler, Casey",2021,581,15.5
90,592127,"Barbato, Johnny",2018,132,68.2
90,663878,"Pearson, Nate",2021,301,29.9
90,608638,"Chargois, JT",2022,334,26.9
90,664701,"Taylor, Ben",2017,366,24.6
90,669952,"White, Mitch",2022,1715,5.2
90,670046,"Rosenberg, Kenny",2024,403,22.3
90,677020,"Walker, Josh",2024,215,41.9
90,702795,"Loutos, Ryan",2025,110,81.8
90,592288,"Emanuel, Kent",2024,302,29.8
90,642229,"Wright, Daniel",2017,314,28.7
90,602083,"Almonte, Miguel",2018,134,67.2
89,681810,"Warren, Austin",2021,306,29.1
89,543056,"Coulombe, Danny",2022,230,38.7
89,592314,"Foltynewicz, Mike",2018,3041,2.9
89,656492,"Griffin, Foster",2022,111,80.2
89,571945,"Mikolas, Miles",2022,3152,2.8
89,594772,"Buchanan, Jake",2017,226,39.4
89,668665,"Nogosek, Stephen",2022,377,23.6
89,606149,"Gallegos, Giovanny",2020,229,38.9
89,543135,"Eovaldi, Nathan",2023,2232,4
89,625643,"López, Reynaldo",2016,806,11
89,462515,"Socolovich, Miguel",2018,99,89.9
89,670766,"McCaughan, Darren",2023,112,79.5
89,605151,"Bradley, Archie",2022,305,29.2
89,674370,"Bido, Osvaldo",2024,1056,8.4
89,669302,"Gilbert, Logan",2024,3042,2.9
89,622694,"Hernández, Elieser",2019,1442,6.2
89,676092,"Snider, Collin",2023,367,24.3
89,660813,"Graterol, Brusdar",2019,144,61.8
89,663465,"Allard, Kolby",2022,299,29.8
89,425844,"Greinke, Zack",2017,3163,2.8
89,650347,"Madero, Luís",2021,214,41.6
89,453286,"Scherzer, Max",2021,2821,3.2
89,596720,"Neverauskas, Dovydas",2019,212,42
89,642073,"Sherfy, Jimmie",2017,156,57.1
88,664849,"Young, Danny",2025,158,55.7
88,573186,"Stroman, Marcus",2017,3140,2.8
88,656186,"Altavilla, Dan",2025,139,63.3
88,573186,"Stroman, Marcus",2016,3102,2.8
88,676083,"Junk, Janson",2025,301,29.2
88,656234,"Bird, Jake",2025,672,13.1
88,675540,"Curry, Xzavion",2024,639,13.8
88,453562,"Arrieta, Jake",2016,3124,2.8
88,665019,"Clemens, Kody",2022,88,100
88,660600,"Paredes, Enoli",2021,254,34.6
88,514981,"Moreno, Diego",2017,106,83
88,687377,"Ribalta, Orlando",2024,97,90.7
88,628333,"Despaigne, Odrisamer",2018,766,11.5
88,608678,"Leone, Dominic",2020,191,46.1
88,643603,"White, Tyler",2019,88,100
88,642578,"Rodríguez, José",2019,329,26.7
88,642073,"Sherfy, Jimmie",2018,286,30.8
88,542882,"Andriese, Matt",2020,500,17.6
88,594795,"Dayton, Grant",2021,250,35.2
87,572308,"Váldez, José A.",2017,294,29.6
87,664054,"Stashak, Cody",2020,223,39
87,518716,"Gee, Dillon",2017,801,10.9
87,502171,"Cobb, Alex",2023,2506,3.5
87,528748,"Castellanos, Humberto",2024,186,46.8
87,572971,"Keuchel, Dallas",2016,2670,3.3
87,671109,"Eder, Jake",2025,87,100
87,592332,"Gausman, Kevin",2018,3004,2.9
87,543294,"Hendricks, Kyle",2024,2135,4.1
87,622608,"Senzatela, Antonio",2018,1529,5.7
87,663542,"Hudson, Bryan",2025,234,37.2
87,571735,"Hale, David",2018,226,38.5
87,611093,"Bracho, Silvino",2018,493,17.6
87,605400,"Nola, Aaron",2021,2971,2.9
86,607572,"Howard, Sam",2018,86,100
86,641871,"Middleton, Keynan",2020,210,41
86,607074,"Rodón, Carlos",2018,1966,4.4
86,572971,"Keuchel, Dallas",2017,2194,3.9
86,622382,"Moya, Gabriel",2017,105,81.9
86,518397,"Alexander, Scott",2019,278,30.9
86,608718,"Suter, Brent",2016,347,24.8
86,598287,"Ramirez, Noé",2020,336,25.6
86,642233,"Yardley, Eric",2020,410,21
86,680755,"Fisher, Braydon",2025,256,33.6
86,658305,"García, Edgar",2021,281,30.6
86,571800,"Hutchison, Drew",2022,1759,4.9
86,543022,"Chatwood, Tyler",2018,1950,4.4
86,608718,"Suter, Brent",2020,516,16.7
86,571760,"Heaney, Andrew",2018,2755,3.1
86,543391,"Kelly, Casey",2018,354,24.3
86,676604,"Zuber, Tyler",2020,412,20.9
86,592426,"Jackson, Luke",2020,488,17.6
86,682171,"Murfee, Penn",2023,223,38.6
86,641835,"Mayza, Tim",2025,162,53.1
86,518468,"Blazek, Michael",2019,86,100
86,621219,"Mills, Alec",2016,86,100
86,543261,"Gurka, Jason",2016,155,55.5
86,672851,"Adon, Joan",2024,178,48.3
85,656671,"Maciejewski, Josh",2024,96,88.5
85,621294,"Heller, Ben",2024,255,33.3
85,687396,"Headrick, Brent",2025,218,39
85,621592,"Jiménez, Eduardo",2019,189,45
85,644364,"Arano, Víctor",2017,172,49.4
85,446321,"Detwiler, Ross",2020,311,27.3
85,656557,"Houck, Tanner",2021,1149,7.4
85,676508,"Casparius, Ben",2025,735,11.6
85,624586,"Hoyt, James",2021,182,46.7
85,687765,"Spence, Mitch",2024,2481,3.4
85,664123,"Effross, Scott",2021,222,38.3
85,669724,"Hanifee, Brenan",2024,447,19
85,624503,"Gordon, Nick",2022,85,100
85,625643,"López, Reynaldo",2021,938,9.1
85,592741,"Shreve, Chasen",2020,422,20.1
85,643617,"Reininger, Zac",2017,164,51.8
85,641401,"Brogdon, Connor",2020,184,46.2
84,615698,"Quantrill, Cal",2020,504,16.7
84,605240,"Fry, Jace",2017,129,65.1
84,643354,"Hart, Donnie",2016,271,31
84,689690,"Jacob, Alek",2024,232,36.2
84,547888,"Tanaka, Masahiro",2017,2810,3
84,657585,"Garrett, Reed",2023,347,24.2
84,676962,"Brown, Ben",2024,849,9.9
84,673380,"Núñez, Dedniel",2025,84,100
84,446372,"Kluber, Corey",2023,990,8.5
84,658551,"Fernández, Junior",2022,333,25.2
84,543475,"Lyles, Jordan",2023,2817,3
84,664701,"Taylor, Ben",2018,99,84.8
84,502188,"Samardzija, Jeff",2017,3273,2.6
84,608331,"Fried, Max",2024,2762,3
84,592426,"Jackson, Luke",2016,242,34.7
84,676879,"Ashby, Aaron",2024,484,17.4
84,518858,"Jones, Nate",2019,206,40.8
84,641312,"Anderson, Shaun",2024,244,34.4
84,543351,"Jackson, Jay",2021,391,21.5
84,656382,"Doyle, Tommy",2023,352,23.9
83,643256,"Cimber, Adam",2024,416,20
83,605182,"Clevinger, Mike",2025,114,72.8
83,594311,"Gustave, Jandel",2016,238,34.9
83,519008,"McFarland, T.J.",2025,235,35.3
83,650911,"Sánchez, Cristopher",2022,662,12.5
83,592094,"Adam, Jason",2021,218,38.1
83,460701,"Russell, James",2016,116,71.6
83,607359,"Patton, Spencer",2023,205,40.5
83,573062,"Northcraft, Aaron",2021,129,64.3
83,502457,"Hayes, Drew",2016,194,42.8
83,621016,"Cuas, Jose",2024,319,26
82,518489,"Brasier, Ryan",2024,374,21.9
82,472551,"Abad, Fernando",2021,299,27.4
82,642528,"Loáisiga, Jonathan",2020,394,20.8
82,665001,"Kelley, Trevor",2019,163,50.3
82,664042,"Lakins Sr., Travis",2020,470,17.4
82,491624,"Valdez, César",2017,500,16.4
82,605525,"Wendelken, J.B.",2018,243,33.7
82,621074,"Rucker, Michael",2021,490,16.7
82,665621,"García, Rony",2022,885,9.3
82,670090,"Mills, Wyatt",2021,230,35.7
82,598264,"Barnes, Matt",2023,400,20.5
82,592741,"Shreve, Chasen",2022,474,17.3
82,666619,"Santos, Gregory",2024,112,73.2
82,680767,"Vodnik, Victor",2023,186,44.1
82,622663,"Severino, Luis",2016,1269,6.5
81,607555,"Guilbeau, Taylor",2019,181,44.8
81,571510,"Boyd, Matthew",2017,2356,3.4
81,663855,"Hicks, Jordan",2021,207,39.1
81,820862,"Fermin, José",2025,198,40.9
81,554431,"Matzek, Tyler",2025,127,63.8
81,525768,"Collins, Tim",2019,160,50.6
81,534812,"Quackenbush, Kevin",2018,172,47.1
81,502190,"Leake, Mike",2019,2975,2.7
81,669456,"Bieber, Shane",2022,2875,2.8
81,669713,"Wesneski, Hayden",2022,495,16.4
80,641482,"Cortes, Nestor",2021,1524,5.2
80,641427,"Busenitz, Alan",2023,107,74.8
80,471911,"Carrasco, Carlos",2017,3058,2.6
80,669618,"Barlow, Joe",2023,147,54.4
80,594986,"Ryan, Kyle",2017,122,65.6
80,461325,"Clippard, Tyler",2020,416,19.2
80,571882,"Law, Derek",2022,352,22.7
80,687922,"Lucas, Easton",2024,246,32.5
80,622663,"Severino, Luis",2024,2890,2.8
80,543518,"McGough, Scott",2025,136,58.8
80,650530,"Garcia, Bryan",2019,129,62
80,664054,"Stashak, Cody",2022,227,35.2
80,656786,"Mushinski, Parker",2024,194,41.2
80,670810,"Gillaspie, Logan",2023,191,41.9
80,570257,"Rodríguez, Joely",2016,151,53
80,656986,"Sousa, Bennett",2023,140,57.1
80,664682,"Meisinger, Ryan",2018,367,21.8
80,664139,"Gibaut, Ian",2019,269,29.7
80,676083,"Junk, Janson",2024,175,45.7
80,687424,"Maldonado, Anthony",2025,129,62
80,670329,"Garcia, Rico",2023,267,30
80,621593,"Castro, Anthony",2022,260,30.8
80,687473,"Gusto, Ryan",2025,969,8.3
80,676265,"Abbott, Cory",2021,352,22.7
79,534910,"Hahn, Jesse",2020,292,27.1
79,608678,"Leone, Dominic",2024,361,21.9
79,623406,"Simmons, Shae",2017,120,65.8
79,543548,"Milone, Tommy",2022,238,33.2
79,596112,"Stephenson, Robert",2020,176,44.9
79,657697,"Nittoli, Vinny",2024,178,44.4
79,642546,"Hernández, Jonathan",2019,332,23.8
79,571539,"Carasiti, Matt",2024,170,46.5
79,592094,"Adam, Jason",2020,260,30.4
79,628317,"Maeda, Kenta",2017,2181,3.6
79,683409,"Chivilli, Angel",2025,489,16.2
79,641438,"Carle, Shane",2017,79,100
79,491646,"Gómez, Jeanmar",2019,270,29.3
79,675912,"Lowther, Zac",2021,571,13.8
79,641851,"McGowin, Kyle",2020,199,39.7
79,622103,"Reyes, Gerardo",2024,79,100
79,543594,"Nolin, Sean",2021,499,15.8
79,640451,"Harvey, Hunter",2020,145,54.5
79,475479,"Phelps, David",2021,189,41.8
79,519186,"Reynolds, Matt",2016,124,63.7
79,657670,"Mahle, Greg",2016,328,24.1
79,543238,"Gose, Anthony",2024,79,100
79,608718,"Suter, Brent",2017,1283,6.2
79,630023,"Chirinos, Yonny",2023,1342,5.9
79,571510,"Boyd, Matthew",2022,192,41.1
79,691594,"Sanoja, Javier",2025,95,83.2
78,596071,"Peters, Dillon",2022,634,12.3
78,285064,"Vogelsong, Ryan",2016,1390,5.6
78,676775,"Winn, Keaton",2023,594,13.1
78,543294,"Hendricks, Kyle",2020,1162,6.7
78,687849,"Kent, Zak",2025,107,72.9
78,571578,"Corbin, Patrick",2019,3299,2.4
78,693312,"Nicolas, Kyle",2025,245,31.8
78,608331,"Fried, Max",2017,422,18.5
78,676220,"Elledge, Seth",2021,221,35.3
78,592865,"Williams, Taylor",2017,78,100
78,605400,"Nola, Aaron",2018,3212,2.4
78,607259,"Martinez, Nick",2017,1815,4.3
78,666200,"Luzardo, Jesús",2019,171,45.6
78,675921,"Howard, Spencer",2024,537,14.5
78,592848,"Weiss, Zack",2022,209,37.3
78,434622,"Jiménez, Ubaldo",2016,2492,3.1
78,680739,"Winder, Josh",2024,141,55.3
78,605135,"Bassitt, Chris",2019,2430,3.2
78,606131,"Perdomo, Luis",2022,285,27.4
78,670768,"González, Luis",2022,86,90.7
78,669020,"Rolison, Ryan",2025,246,31.7
78,593417,"Alcántara, Raúl",2017,444,17.6
78,686972,"Waites, Cole",2022,104,75
78,592422,"Hursh, Jason",2017,173,45.1
78,676596,"Fleming, Josh",2023,759,10.3
78,608665,"Graveman, Kendall",2025,149,52.3
78,433587,"Hernández, Félix",2016,2453,3.2
77,592612,"Osich, Josh",2020,304,25.3
77,657240,"Merryweather, Julian",2025,353,21.8
77,669422,"Sauer, Matt",2025,468,16.5
77,647315,"Pop, Zach",2023,199,38.7
77,472551,"Abad, Fernando",2019,171,45
77,605242,"Fulmer, Michael",2016,2473,3.1
77,622253,"Tate, Dillon",2020,285,27
77,607455,"Banda, Anthony",2020,139,55.4
77,592791,"Taillon, Jameson",2018,2960,2.6
77,572788,"Cravy, Tyler",2016,451,17.1
77,425844,"Greinke, Zack",2021,2577,3
77,643297,"Ege, Cody",2016,205,37.6
77,592473,"Kolarek, Adam",2017,135,57
77,448179,"Hill, Rich",2023,2531,3
77,543135,"Eovaldi, Nathan",2016,2064,3.7
76,596816,"Gómez, Roberto",2018,177,42.9
76,660813,"Graterol, Brusdar",2020,291,26.1
76,622492,"Mella, Keury",2018,202,37.6
76,663474,"McKenzie, Triston",2022,2807,2.7
76,669674,"Long, Sam",2025,159,47.8
76,657228,"Jewell, Jake",2021,215,35.3
76,642233,"Yardley, Eric",2021,315,24.1
76,608717,"Stratton, Chris",2018,2455,3.1
76,605482,"Sneed, Cy",2019,344,22.1
76,517414,"Delgado, Randall",2018,202,37.6
76,519393,"Walden, Marcus",2020,285,26.7
76,491624,"Valdez, César",2020,191,39.8
76,672456,"Montero, Keider",2024,1539,4.9
76,572020,"Paxton, James",2016,1950,3.9
76,572086,"Rodgers, Brady",2019,114,66.7
76,642008,"Rhame, Jacob",2019,121,62.8
76,455376,"Leon, Arcenio",2017,106,71.7
76,598271,"Johnson, Brian",2019,772,9.8
76,543169,"Flynn, Brian",2019,513,14.8
76,606131,"Perdomo, Luis",2020,276,27.5
76,670950,"Richards, Trevor",2025,76,100
75,669169,"Heasley, Jonathan",2023,221,33.9
75,544150,"Suárez, Albert",2024,2234,3.4
75,640444,"Crowe, Wil",2023,179,41.9
75,641343,"Bauers, Jake",2024,75,100
75,672730,"Then, Juan",2023,167,44.9
75,664584,"Romero, Jhon",2022,90,83.3
75,448281,"Doolittle, Sean",2020,127,59.1
75,669912,"Snead, Kirby",2024,196,38.3
75,663804,"Kowar, Jackson",2022,311,24.1
75,656457,"Gilbert, Tyler",2025,279,26.9
75,573668,"Minaya, Juan",2016,180,41.7
75,676617,"O'Brien, Riley",2024,194,38.7
75,664875,"Lawrence, Justin",2025,172,43.6
75,663776,"Sandoval, Patrick",2021,1444,5.2
75,643230,"Brault, Steven",2019,2001,3.7
75,542914,"Bass, Anthony",2018,244,30.7
75,607179,"Weems, Jordan",2022,738,10.2
75,594311,"Gustave, Jandel",2017,109,68.8
75,452027,"Albers, Andrew",2016,326,23
75,663752,"Morris, Cody",2023,165,45.5
75,453214,"Wright, Steven",2019,132,56.8
75,644429,"Severino, Anderson",2022,133,56.4
75,600917,"Leclerc, José",2016,264,28.4
74,605226,"Faulkner, Andrew",2016,123,60.2
74,639373,"Bautista, Gerson",2018,90,82.2
74,595928,"Curtiss, John",2018,116,63.8
74,445060,"Nolasco, Ricky",2016,3127,2.4
74,642207,"Williams, Devin",2019,270,27.4
74,643230,"Brault, Steven",2022,157,47.1
74,608665,"Graveman, Kendall",2020,329,22.5
74,596001,"Junis, Jakob",2018,2838,2.6
74,502179,"Espino, Paolo",2023,101,73.3
74,446185,"Ondrusek, Logan",2016,123,60.2
74,663855,"Hicks, Jordan",2024,1958,3.8
74,547888,"Tanaka, Masahiro",2016,2935,2.5
74,663765,"Woodford, Jake",2023,909,8.1
74,594815,"Ferrell, Jeff",2017,191,38.7
74,642165,"VanMeter, Josh",2022,74,100
74,453286,"Scherzer, Max",2019,2770,2.7
74,543508,"Mazzoni, Cory",2018,123,60.2
74,622098,"Smith, Drew",2020,109,67.9
74,592779,"Stewart, Brock",2018,336,22
74,664682,"Meisinger, Ryan",2021,149,49.7
74,572831,"Edgin, Josh",2016,166,44.6
74,670124,"Oller, Adam",2022,1294,5.7
74,607457,"Barraclough, Kyle",2022,139,53.2
74,681867,"Criswell, Cooper",2024,1756,4.2
74,605507,"Thompson, Zach",2022,2080,3.6
74,686973,"Varland, Louis",2024,901,8.2
74,656290,"Carlton, Drew",2023,330,22.4
74,659262,"Espinoza, Anderson",2022,375,19.7
73,458708,"Tomlin, Josh",2016,2612,2.8
73,571863,"Koch, Matt",2018,1296,5.6
73,608334,"Fulmer, Carson",2016,213,34.3
73,518566,"Cole, Taylor",2018,571,12.8
73,605476,"Smith, Carson",2017,114,64
73,448855,"Guerra, Junior",2017,1238,5.9
73,472610,"García, Luis",2020,184,39.7
73,667376,"Sánchez, Miguel",2022,211,34.6
73,450282,"Perkins, Glen",2017,123,59.3
73,592570,"Morris, Akeel",2017,128,57
73,608344,"Irvin, Cole",2019,639,11.4
73,543258,"Guilmet, Preston",2018,194,37.6
73,641838,"McCarthy, Kevin",2016,169,43.2
73,543883,"Vincent, Nick",2020,323,22.6
73,542882,"Andriese, Matt",2024,88,83
73,429780,"Narveson, Chris",2016,130,56.2
73,677952,"Ashcraft, Braxton",2025,148,49.3
73,611093,"Bracho, Silvino",2023,126,57.9
73,657585,"Garrett, Reed",2022,196,37.2
73,408241,"Peavy, Jake",2016,2026,3.6
73,676103,"Jones, Damon",2022,105,69.5
73,607572,"Howard, Sam",2020,361,20.2
73,571572,"Colón, Joe",2016,186,39.2
73,519240,"Rzepczynski, Marc",2018,213,34.3
73,554431,"Matzek, Tyler",2020,483,15.1
73,663385,"Smith, Chad",2022,337,21.7
73,605501,"Tarpley, Stephen",2018,153,47.7
73,543483,"Magill, Matt",2020,177,41.2
73,642003,"Reed, Cody",2017,331,22.1
73,664285,"Valdez, Framber",2024,2598,2.8
72,605400,"Nola, Aaron",2024,3189,2.3
72,571473,"Baumann, Buddy",2017,297,24.2
72,571912,"Maile, Luke",2023,80,90
72,457918,"Happ, J.A.",2016,3033,2.4
72,676879,"Ashby, Aaron",2025,149,48.3
72,543208,"Gaviglio, Sam",2018,2041,3.5
72,657024,"Swanson, Erik",2025,128,56.3
72,543901,"Weber, Ryan",2020,645,11.2
72,430935,"Hamels, Cole",2017,2312,3.1
72,607468,"Blandino, Alex",2021,72,100
72,664161,"Swarmer, Matt",2022,657,11
72,543219,"Gilmartin, Sean",2018,455,15.8
72,674944,"Guenther, Sean",2021,360,20
72,675916,"Karinchak, James",2019,94,76.6
72,656803,"Norwood, James",2021,94,76.6
72,676714,"Hughes, Brandon",2023,239,30.1
72,517448,"Boscan, Wilfredo",2016,263,27.4
72,543901,"Weber, Ryan",2022,127,56.7
72,594056,"Guduan, Reymin",2019,112,64.3
72,656290,"Carlton, Drew",2022,120,60
72,678906,"Teng, Kai-Wei",2024,204,35.3
72,641482,"Cortes, Nestor",2020,165,43.6
72,608371,"Sims, Lucas",2022,129,55.8
72,571771,"Hernández, Enrique",2025,95,75.8
71,656793,"Nelson, Nick",2020,374,19
71,657093,"Watkins, Spenser",2021,960,7.4
71,680702,"Gerber, Joey",2020,233,30.5
71,621107,"Eflin, Zach",2022,1194,5.9
71,519267,"Scribner, Evan",2017,131,54.2
71,664351,"Contreras, Luis",2024,105,67.6
71,605538,"Wisler, Matt",2018,606,11.7
71,548389,"Stripling, Ross",2022,2033,3.5
71,592351,"Gray, Jon",2024,1620,4.4
71,663559,"Falter, Bailey",2022,1295,5.5
71,650959,"Diplán, Marcos",2022,122,58.2
71,593334,"Germán, Domingo",2024,373,19
71,669674,"Long, Sam",2021,732,9.7
71,453344,"Morrow, Brandon",2016,232,30.6
71,571863,"Koch, Matt",2016,234,30.3
71,622503,"Crismatt, Nabil",2024,93,76.3
71,676092,"Snider, Collin",2022,583,12.2
71,621094,"Callahan, Jamie",2017,104,68.3
71,694361,"Klein, Will",2024,146,48.6
71,605463,"Scott, Tayler",2022,255,27.8
71,543508,"Mazzoni, Cory",2017,188,37.8
71,669084,"Hall, DL",2022,269,26.4
71,608652,"Farrell, Luke",2017,246,28.9
71,621114,"Burr, Ryan",2022,149,47.7
70,641726,"Jefferies, Daulton",2024,281,24.9
70,640902,"Pereda, Jhonny",2025,70,100
70,643400,"Knight, Dusten",2021,186,37.6
70,592332,"Gausman, Kevin",2024,2958,2.4
70,593974,"Peralta, Wandy",2016,133,52.6
70,521230,"Hendriks, Liam",2023,87,80.5
70,605130,"Barlow, Scott",2018,237,29.5
70,434378,"Verlander, Justin",2018,3427,2
70,607457,"Barraclough, Kyle",2021,268,26.1
70,571670,"Floro, Dylan",2020,371,18.9
70,502051,"Ravin, Josh",2016,147,47.6
70,595411,"Sherriff, Ryan",2017,218,32.1
70,519294,"Smoker, Josh",2016,258,27.1
70,594577,"Mayers, Mike",2017,101,69.3
70,592464,"Kickham, Mike",2020,262,26.7
70,628317,"Maeda, Kenta",2024,1958,3.6
70,596043,"Mengden, Daniel",2018,1775,3.9
70,670280,"Bednar, David",2019,196,35.7
70,545332,"Barrett, Jake",2019,70,100
70,467100,"Nova, Iván",2019,3005,2.3
70,500779,"Quintana, Jose",2016,3282,2.1
70,670288,"Fishman, Jake",2022,171,40.9
70,640463,"Shipley, Braden",2017,487,14.4
70,605538,"Wisler, Matt",2016,2438,2.9
69,624647,"González, Victor",2020,290,23.8
69,642098,"Sparkman, Glenn",2018,670,10.3
69,607188,"Faria, Jake",2018,1117,6.2
69,669461,"Liberatore, Matthew",2023,1059,6.5
69,669724,"Hanifee, Brenan",2023,89,77.5
69,519267,"Scribner, Evan",2016,190,36.3
69,686563,"Cannon, Jonathan",2024,2028,3.4
69,626929,"Thorpe, Lewis",2020,272,25.4
69,665759,"Rosso, Ramón",2020,194,35.6
69,640462,"Puk, A.J.",2021,243,28.4
69,657624,"James, Josh",2021,69,100
69,605182,"Clevinger, Mike",2018,3265,2.1
69,678061,"Kerr, Ray",2022,88,78.4
69,592233,"Crichton, Stefan",2017,246,28
69,571760,"Heaney, Andrew",2021,2330,3
69,573668,"Minaya, Juan",2022,174,39.7
69,656266,"Bukauskas, J.B.",2023,101,68.3
69,572086,"Rodgers, Brady",2016,193,35.8
69,573186,"Stroman, Marcus",2023,2203,3.1
69,642584,"Kilome, Franklyn",2020,229,30.1
68,595235,"Hall, Cody",2016,68,100
68,592433,"Jenkins, Tyrell",2016,894,7.6
68,656629,"Kopech, Michael",2023,2430,2.8
68,519299,"Sogard, Eric",2021,68,100
68,547942,"Kim, Kwang Hyun",2021,1784,3.8
68,592145,"Biddle, Jesse",2021,186,36.6
68,543734,"Rusin, Chris",2016,1264,5.4
68,663753,"Knehr, Reiss",2023,123,55.3
68,471911,"Carrasco, Carlos",2025,514,13.2
68,527055,"Vizcaíno, Arodys",2019,68,100
68,471911,"Carrasco, Carlos",2016,2246,3
68,650556,"Abreu, Bryan",2019,146,46.6
68,641302,"Alexander, Tyler",2022,1591,4.3
68,669920,"Alexander, Jason",2022,1160,5.9
68,606162,"Ramírez, Yefry",2018,1224,5.6
68,658431,"Medina, Adonis",2021,137,49.6
68,592229,"Covey, Dylan",2017,1159,5.9
68,596001,"Junis, Jakob",2017,1525,4.5
68,608348,"Kelly, Carson",2022,68,100
68,542888,"Armstrong, Shawn",2020,237,28.7
68,656814,"Ortiz, Luis F.",2022,118,57.6
68,475115,"Ross, Tyson",2018,2499,2.7
68,570632,"Ureña, José",2017,2882,2.4
68,450172,"Volquez, Edinson",2020,108,63
68,594943,"Neal, Zach",2017,244,27.9
68,544931,"Strasburg, Stephen",2016,2385,2.9
67,664180,"Hall, Matt",2018,199,33.7
67,453192,"Miller, Andrew",2020,205,32.7
67,543699,"Roark, Tanner",2016,3355,2
67,606149,"Gallegos, Giovanny",2018,182,36.8
67,571704,"Giles, Ken",2022,67,100
67,623451,"Stephens, Jackson",2023,226,29.6
67,623485,"Goudeau, Ashton",2020,115,58.3
67,572020,"Paxton, James",2018,2603,2.6
67,621366,"Borucki, Ryan",2023,528,12.7
67,623465,"Phillips, Evan",2020,284,23.6
67,660853,"De Los Santos, Enyel",2018,335,20
67,656977,"Sobotka, Chad",2020,81,82.7
67,687362,"Gillispie, Connor",2024,138,48.6
67,456034,"Price, David",2018,2716,2.5
67,657053,"Toussaint, Touki",2022,431,15.5
67,676206,"Tarnok, Freddy",2023,287,23.3
67,571510,"Boyd, Matthew",2016,1683,4
67,430935,"Hamels, Cole",2016,3253,2.1
67,623381,"Pannone, Thomas",2018,695,9.6
67,607067,"Rea, Colin",2020,241,27.8
67,621111,"Buehler, Walker",2019,2838,2.4
67,656457,"Gilbert, Tyler",2024,145,46.2
67,594965,"Ponce de Leon, Daniel",2019,861,7.8
67,643778,"Webb, Tyler",2017,150,44.7
66,527048,"Pérez, Martín",2018,1404,4.7
66,641394,"Brentz, Jake",2022,160,41.3
66,669084,"Hall, DL",2024,782,8.4
66,677076,"Andrews, Clayton",2023,87,75.9
66,624586,"Hoyt, James",2019,123,53.7
66,669854,"Blanco, Ronel",2024,2751,2.4
66,664045,"Eshelman, Thomas",2020,529,12.5
66,670912,"Oviedo, Johan",2022,980,6.7
66,605276,"Hess, David",2020,117,56.4
66,592779,"Stewart, Brock",2019,486,13.6
66,502706,"Holland, Derek",2020,719,9.2
66,663432,"Rainey, Tanner",2018,189,34.9
66,593334,"Germán, Domingo",2023,1653,4
66,571948,"Milner, Hoby",2018,150,44
66,656420,"Feyereisen, J.P.",2025,81,81.5
66,592789,"Syndergaard, Noah",2018,2412,2.7
66,592836,"Walker, Taijuan",2016,2311,2.9
66,605218,"Edwards Jr., Carl",2021,111,59.5
66,506702,"León, Sandy",2021,71,93
66,607457,"Barraclough, Kyle",2023,156,42.3
66,643377,"Jax, Griffin",2021,1394,4.7
66,607625,"Lugo, Seth",2016,961,6.9
66,621114,"Burr, Ryan",2018,157,42
65,527054,"Teheran, Julio",2016,2971,2.2
65,571473,"Baumann, Buddy",2018,117,55.6
65,518489,"Brasier, Ryan",2021,197,33
65,429722,"Santana, Ervin",2016,2931,2.2
65,624586,"Hoyt, James",2020,244,26.6
65,621350,"Frare, Caleb",2018,129,50.4
65,592879,"Wojciechowski, Asher",2020,674,9.6
65,686972,"Waites, Cole",2023,65,100
65,663562,"Davis, Noah",2024,365,17.8
65,500610,"Guerra, Deolis",2020,130,50
65,672911,"Cruz, Jesus",2022,163,39.9
65,605151,"Bradley, Archie",2023,149,43.6
65,605135,"Bassitt, Chris",2023,3139,2.1
65,596117,"Stubbs, Garrett",2024,65,100
65,502748,"Peacock, Brad",2016,492,13.2
65,543901,"Weber, Ryan",2021,160,40.6
65,642547,"Peralta, Freddy",2020,553,11.8
65,607188,"Faria, Jake",2023,65,100
65,570240,"Peña, Félix",2019,1570,4.1
65,596295,"Gomber, Austin",2022,2059,3.2
65,596295,"Gomber, Austin",2018,1226,5.3
65,592120,"Astin, Barrett",2017,148,43.9
65,595345,"Okert, Steven",2016,232,28
65,621389,"Blach, Ty",2019,521,12.5
65,519076,"Nelson, Jimmy",2017,2752,2.4
65,656232,"Bielak, Brandon",2020,597,10.9
65,592614,"Overton, Dillon",2017,374,17.4
65,542947,"Bleier, Richard",2020,218,29.8
64,448167,"Mann, Brandon",2018,145,44.1
64,572308,"Váldez, José A.",2018,77,83.1
64,663436,"Martin, Davis",2022,1044,6.1
64,591701,"Chacin, Alejandro",2017,129,49.6
64,547184,"Kelly, Michael",2022,64,100
64,506433,"Darvish, Yu",2022,2971,2.2
64,593833,"Suero, Wander",2023,159,40.3
64,642100,"Speier, Gabe",2020,122,52.5
64,627894,"Gohara, Luiz",2018,302,21.2
64,641501,"Danish, Tyler",2018,136,47.1
64,656731,"Megill, Tylor",2022,791,8.1
64,467100,"Nova, Iván",2017,2677,2.4
64,460269,"Gimenez, Chris",2017,64,100
64,642100,"Speier, Gabe",2019,153,41.8
64,607219,"Romano, Sal",2018,2404,2.7
64,676879,"Ashby, Aaron",2022,1878,3.4
64,663321,"Hernandez, Nick",2024,139,46
64,543118,"Drake, Oliver",2020,171,37.4
64,453281,"LeBlanc, Wade",2021,794,8.1
64,669308,"Reynolds, Sean",2024,225,28.4
64,642239,"Zastryzny, Rob",2016,249,25.7
64,596451,"Quinn, Roman",2019,64,100
64,668868,"Thompson, Zack",2023,1168,5.5
64,543475,"Lyles, Jordan",2024,72,88.9
64,615698,"Quantrill, Cal",2019,1781,3.6
64,573009,"Mantiply, Joe",2016,64,100
64,595345,"Okert, Steven",2018,93,68.8
64,656849,"Peterson, David",2022,1889,3.4
64,683627,"Molina, Anthony",2025,80,80
64,592169,"Brice, Austin",2020,359,17.8
64,573127,"Rosscup, Zac",2017,125,51.2
64,596271,"Lawrence, Casey",2022,297,21.5
64,621385,"Stumpf, Daniel",2016,101,63.4
64,669203,"Burnes, Corbin",2021,2594,2.5
64,608601,"Santos, Luis",2018,377,17
64,543339,"Hudson, Daniel",2023,64,100
64,461865,"Romine, Andrew",2018,64,100
64,646242,"Díaz, Jhonathan",2023,160,40
64,451085,"Matusz, Brian",2016,205,31.2
63,452027,"Albers, Andrew",2017,723,8.7
63,665896,"Marte, José",2023,173,36.4
63,622492,"Mella, Keury",2020,158,39.9
63,666200,"Luzardo, Jesús",2020,940,6.7
63,664856,"Adams, Chance",2020,174,36.2
63,642232,"Yarbrough, Ryan",2025,878,7.2
63,677955,"Hill, Jaden",2024,151,41.7
63,686826,"Jarvis, Bryce",2023,370,17
63,678226,"Hernández, Daysbel",2023,83,75.9
63,620396,"Aguilar, Miguel",2021,104,60.6
63,518876,"Kelly, Merrill",2022,3071,2.1
63,641447,"Castano, Daniel",2022,577,10.9
63,666205,"Muller, Kyle",2023,1454,4.3
63,643355,"Hathaway, Steve",2016,253,24.9
63,661527,"Martinez, Seth",2021,63,100
63,657277,"Webb, Logan",2024,3201,2
62,669804,"De Jesus, Angel",2022,192,32.3
62,664062,"Gonsolin, Tony",2019,693,8.9
62,666745,"Brito, Jhony",2023,1445,4.3
62,592859,"Wilkerson, Stevie",2019,62,100
62,642003,"Reed, Cody",2018,719,8.6
62,543359,"Jennings, Dan",2019,134,46.3
62,547943,"Ryu, Hyun Jin",2019,2706,2.3
62,502042,"Archer, Chris",2017,3406,1.8
62,592826,"Velasquez, Vince",2019,2120,2.9
62,592390,"Hembree, Heath",2020,363,17.1
62,517008,"Colomé, Alex",2023,62,100
62,668970,"Hollowell, Gavin",2025,108,57.4
62,571035,"Cuevas, William",2016,98,63.3
62,669169,"Heasley, Jonathan",2024,108,57.4
62,640470,"Alzolay, Adbert",2022,193,32.1
62,502190,"Leake, Mike",2018,2798,2.2
62,573109,"Ramos, AJ",2021,62,100
62,456501,"Cueto, Johnny",2022,2372,2.6
62,592612,"Osich, Josh",2018,227,27.3
62,571704,"Giles, Ken",2020,69,89.9
62,627262,"Smith, Chris",2017,79,78.5
62,625643,"López, Reynaldo",2019,3163,2
62,692285,"Guerrero, Luis",2024,133,46.6
62,594902,"Lively, Ben",2018,541,11.5
62,621289,"Schultz, Jaime",2019,96,64.6
62,605397,"Musgrove, Joe",2021,2938,2.1
62,608648,"Duffey, Tyler",2020,368,16.8
62,672841,"Vargas, Carlos",2023,81,76.5
61,594992,"Shackelford, Kevin",2018,162,37.7
61,592533,"Martin, Cody",2016,400,15.3
61,667465,"Fletcher, Aaron",2021,86,70.9
61,501789,"Harris, Will",2021,135,45.2
61,571446,"Appel, Mark",2022,149,40.9
61,667465,"Fletcher, Aaron",2022,173,35.3
61,663474,"McKenzie, Triston",2025,123,49.6
61,150274,"Nathan, Joe",2016,125,48.8
61,630023,"Chirinos, Yonny",2018,1315,4.6
61,572125,"Selman, Sam",2019,187,32.6
61,641793,"Littell, Zack",2018,427,14.3
61,593140,"Feliz, Michael",2020,61,100
61,681146,"Bride, Jonah",2025,83,73.5
61,605335,"Leibrandt, Brandon",2020,150,40.7
61,554340,"García, Yimi",2016,128,47.7
61,548337,"Verrett, Logan",2017,157,38.9
61,656970,"Smeltzer, Devin",2019,732,8.3
61,606944,"Carroll, Cody",2020,83,73.5
61,642758,"Acevedo, Domingo",2023,175,34.9
61,607231,"Gant, John",2018,1875,3.3
61,700270,"Díaz, Yilber",2024,469,13
61,592473,"Kolarek, Adam",2020,252,24.2
61,669711,"Weissert, Greg",2022,186,32.8
61,477132,"Kershaw, Clayton",2018,2364,2.6
61,641360,"Bickford, Phil",2024,154,39.6
61,641656,"Hamilton, Ian",2018,117,52.1
61,676755,"Mattson, Isaac",2021,91,67
61,543101,"DeSclafani, Anthony",2021,2558,2.4
61,681799,"Roberts, Ethan",2022,177,34.5
61,676637,"Sanders, Phoenix",2022,215,28.4
61,670426,"Diehl, Phillip",2020,116,52.6
60,572143,"Smith, Burch",2020,153,39.2
60,657508,"Baumann, Mike",2022,580,10.3
60,656546,"Hoffman, Jeff",2017,1610,3.7
60,542888,"Armstrong, Shawn",2018,204,29.4
60,622786,"Tinoco, Jesus",2022,350,17.1
60,592831,"Wade, Konner",2021,248,24.2
60,448802,"García, Jaime",2016,2578,2.3
60,664157,"Bergen, Travis",2021,188,31.9
60,672715,"Patiño, Luis",2020,349,17.2
60,650895,"Castillo, Diego",2024,177,33.9
60,623149,"Sewald, Paul",2025,189,31.7
60,682254,"Montgomery, Mason",2024,158,38
60,571927,"Matz, Steven",2023,1866,3.2
60,605347,"López, Jorge",2021,2166,2.8
60,660636,"Castillo, Diego",2022,60,100
60,663455,"Pilkington, Konnor",2022,1039,5.8
60,666721,"Castillo, Max",2023,342,17.5
60,596027,"Maples, Dillon",2017,109,55
60,663753,"Knehr, Reiss",2022,242,24.8
60,543746,"Scahill, Rob",2018,77,77.9
60,452027,"Albers, Andrew",2021,365,16.4
60,669270,"Kuhnel, Joel",2024,158,38
60,664139,"Gibaut, Ian",2020,241,24.9
60,596117,"Stubbs, Garrett",2022,60,100
60,523989,"De La Rosa, Rubby",2016,857,7
60,664747,"Díaz, Alexis",2025,131,45.8
60,668676,"Plesac, Zach",2021,2205,2.7
60,595234,"Haley, Justin",2018,129,46.5
60,669093,"Estrada, Jeremiah",2022,117,51.3
60,608379,"Wacha, Michael",2016,2324,2.6
60,608337,"Giolito, Lucas",2021,2970,2
59,614179,"Ruiz, José",2025,302,19.5
59,656756,"Montgomery, Jordan",2024,1929,3.1
59,669214,"Menez, Conner",2020,169,34.9
59,608566,"Márquez, Germán",2019,2616,2.3
59,669459,"Nelson, Kyle",2024,145,40.7
59,547179,"Lorenzen, Michael",2023,2367,2.5
59,517593,"Salazar, Danny",2017,1814,3.3
59,676424,"Bettinger, Alec",2021,199,29.6
59,676220,"Elledge, Seth",2020,231,25.5
59,594694,"Difo, Wilmer",2021,59,100
59,608665,"Graveman, Kendall",2016,2832,2.1
59,640455,"Manaea, Sean",2018,2371,2.5
59,663897,"Williams, Luke",2024,59,100
59,656818,"Overton, Connor",2021,274,21.5
59,681869,"Dubin, Shawn",2025,286,20.6
59,621433,"Phillips, Brett",2022,59,100
59,593372,"Martinez, Carlos",2016,3028,1.9
59,475115,"Ross, Tyson",2017,968,6.1
59,605441,"Ríos, Yacksel",2023,62,95.2
59,646242,"Díaz, Jhonathan",2024,166,35.5
59,622766,"Díaz, Miguel",2023,208,28.4
59,592170,"Bridwell, Parker",2016,59,100
59,670329,"Garcia, Rico",2020,177,33.3
59,650895,"Castillo, Diego",2023,162,36.4
59,641482,"Cortes, Nestor",2018,108,54.6
59,596082,"Reed, Jake",2021,160,36.9
59,592858,"Wick, Rowan",2018,133,44.4
59,676702,"Stratton, Hunter",2023,174,33.9
59,605795,"Sánchez, Angel",2017,208,28.4
59,476594,"Stock, Robert",2025,59,100
59,543294,"Hendricks, Kyle",2019,2698,2.2
58,607374,"Tropeano, Nick",2020,242,24
58,621261,"Oswalt, Corey",2018,1034,5.6
58,592662,"Ray, Robbie",2017,2715,2.1
58,570702,"Ramirez, Carlos",2018,158,36.7
58,621366,"Borucki, Ryan",2020,322,18
58,520980,"Báez, Pedro",2021,59,98.3
58,519043,"Moore, Matt",2016,3285,1.8
58,488748,"Buchter, Ryan",2020,114,50.9
58,541640,"Ramírez, Erasmo",2020,195,29.7
58,685126,"Eisert, Brandon",2024,110,52.7
58,657024,"Swanson, Erik",2020,149,38.9
58,657117,"Williams, Austen",2018,175,33.1
58,683568,"Iriarte, Jairo",2024,137,42.3
58,622663,"Severino, Luis",2021,98,59.2
58,607179,"Weems, Jordan",2020,222,26.1
58,660853,"De Los Santos, Enyel",2019,176,33
58,621129,"Cody, Kyle",2020,370,15.7
58,622663,"Severino, Luis",2018,3152,1.8
58,628711,"Urías, Julio",2018,58,100
58,663804,"Kowar, Jackson",2025,150,38.7
58,676617,"O'Brien, Riley",2025,177,32.8
58,656427,"Flaherty, Jack",2019,3179,1.8
58,664045,"Eshelman, Thomas",2019,609,9.5
58,543101,"DeSclafani, Anthony",2025,79,73.4
58,593334,"Germán, Domingo",2018,1467,4
58,571616,"Dermody, Matt",2016,60,96.7
57,676680,"Cosgrove, Tom",2025,64,89.1
57,681190,"Vásquez, Randy",2023,669,8.5
57,657681,"McGrath, Kyle",2018,66,86.4
57,547176,"Camarena, Daniel",2021,174,32.8
57,641149,"Parsons, Wes",2024,148,38.5
57,687134,"Blalock, Bradley",2025,299,19.1
57,543281,"Harrison, Josh",2022,57,100
57,518585,"Cruz, Fernando",2022,260,21.9
57,543037,"Cole, Gerrit",2021,2969,1.9
57,683004,"Leiter, Jack",2024,669,8.5
57,670167,"Schreiber, John",2020,281,20.3
57,664351,"Contreras, Luis",2025,172,33.1
57,660600,"Paredes, Enoli",2022,57,100
57,670056,"Baragar, Caleb",2020,349,16.3
57,582494,"Scott, Robby",2019,164,34.8
57,571539,"Carasiti, Matt",2023,411,13.9
57,570257,"Rodríguez, Joely",2023,215,26.5
57,664092,"Poppen, Sean",2020,153,37.3
57,605446,"Rodríguez, Dereck",2022,99,57.6
57,683769,"Gaddis, Hunter",2023,686,8.3
57,543208,"Gaviglio, Sam",2017,1169,4.9
57,686973,"Varland, Louis",2023,1091,5.2
56,669391,"White, Owen",2024,69,81.2
56,605528,"Wheeler, Jason",2017,56,100
56,456713,"Bush, Matt",2021,69,81.2
56,621129,"Cody, Kyle",2021,209,26.8
56,462480,"Cruz, Rhiner",2018,56,100
56,621141,"Lockett, Walker",2020,230,24.3
56,521230,"Hendriks, Liam",2018,448,12.5
56,593334,"Germán, Domingo",2021,1579,3.5
56,453178,"Kennedy, Ian",2020,261,21.5
56,668683,"Walker, Jeremy",2019,164,34.1
56,592169,"Brice, Austin",2022,106,52.8
56,623434,"Hauschild, Mike",2017,129,43.4
56,670970,"Morejon, Adrian",2023,161,34.8
56,596133,"Weaver, Luke",2023,2258,2.5
56,500724,"Ramírez, JC",2017,2303,2.4
56,456167,"Griffin, A.J.",2017,1322,4.2
56,458730,"Parnell, Bobby",2016,100,56
56,542289,"Corcino, Daniel",2018,67,83.6
56,657228,"Jewell, Jake",2018,56,100
56,656896,"Rivera, Emmanuel",2024,56,100
56,607727,"Smith, Jake",2016,56,100
56,672552,"O'Loughlin, Jack",2024,176,31.8
56,554430,"Wheeler, Zack",2019,3159,1.8
56,501697,"Mariñez, Jhan",2018,151,37.1
55,686539,"Cronin, Declan",2023,193,28.5
55,656657,"Logue, Zach",2023,173,31.8
55,594965,"Ponce de Leon, Daniel",2018,581,9.5
55,605288,"Houser, Adrian",2023,1856,3
55,592789,"Syndergaard, Noah",2019,3095,1.8
55,519326,"Strickland, Hunter",2025,200,27.5
55,622780,"Perdomo, Angel",2020,85,64.7
55,592135,"Bedrosian, Cam",2020,241,22.8
55,425844,"Greinke, Zack",2019,3113,1.8
55,596057,"Norris, Daniel",2017,1827,3
55,548357,"Bergman, Christian",2017,800,6.9
55,592769,"Snelten, D.J.",2018,109,50.5
55,670036,"Festa, Matt",2025,258,21.3
55,605309,"Kela, Keone",2020,55,100
55,690829,"Joyce, Ben",2023,202,27.2
55,572208,"Tolliver, Ashur",2016,105,52.4
55,532077,"Osuna, Roberto",2020,55,100
55,519294,"Smoker, Josh",2018,165,33.3
55,656605,"Keller, Mitch",2024,2851,1.9
55,660644,"Bruján, Vidal",2024,55,100
55,622256,"Weigel, Patrick",2021,93,59.1
55,656954,"Sheffield, Justus",2022,179,30.7
55,622505,"Alcántara, Victor",2017,134,41
55,641420,"Burdi, Zack",2020,168,32.7
55,663474,"McKenzie, Triston",2021,1975,2.8
55,621363,"Poche, Colin",2025,215,25.6
55,649144,"Wells, Alex",2022,66,83.3
55,621219,"Mills, Alec",2019,553,9.9
55,642203,"Widener, Taylor",2022,329,16.7
54,657697,"Nittoli, Vinny",2023,54,100
54,517629,"Marte, Kelvin",2016,58,93.1
54,665733,"Santos, Antonio",2021,176,30.7
54,501625,"Alvarez, Jose",2020,129,41.9
54,518489,"Brasier, Ryan",2025,138,39.1
54,663531,"Allen, Logan",2019,450,12
54,672839,"Morales, Francisco",2022,79,68.4
54,656620,"Klobosits, Gabe",2021,194,27.8
54,606965,"Devenski, Chris",2025,54,100
54,685314,"Saalfrank, Andrew",2023,156,34.6
54,622786,"Tinoco, Jesus",2020,144,37.5
54,621114,"Burr, Ryan",2019,356,15.2
54,571911,"Magnifico, Damien",2016,54,100
54,642657,"Ogando, Cristofer",2022,74,73
54,681869,"Dubin, Shawn",2023,172,31.4
54,621052,"Reyes, Alex",2016,793,6.8
54,656887,"Reid-Foley, Sean",2020,133,40.6
54,676263,"Dreyer, Jack",2025,587,9.2
54,642028,"Rogers, Josh",2019,263,20.5
53,453385,"Richard, Clayton",2018,2387,2.2
53,605541,"Wright Jr., Mike",2016,1296,4.1
53,650911,"Sánchez, Cristopher",2024,2797,1.9
53,642231,"Yacabonis, Jimmy",2023,231,22.9
53,407793,"Lackey, John",2016,2853,1.9
53,592229,"Covey, Dylan",2020,215,24.7
53,502051,"Ravin, Josh",2018,53,100
53,686753,"Jameson, Drey",2025,53,100
53,592332,"Gausman, Kevin",2016,3113,1.7
53,621348,"Clay, Sam",2022,100,53
53,605164,"Bundy, Dylan",2017,2819,1.9
53,657376,"Schmidt, Clarke",2021,143,37.1
53,502130,"Runzler, Dan",2017,81,65.4
53,667465,"Fletcher, Aaron",2020,121,43.8
53,518649,"Eibner, Brett",2020,68,77.9
53,580792,"Goody, Nick",2020,246,21.5
53,596295,"Gomber, Austin",2020,526,10.1
53,670970,"Morejon, Adrian",2019,154,34.4
53,605260,"Guerrieri, Taylor",2018,172,30.8
53,668684,"Tully, Tanner",2022,116,45.7
53,458690,"Volstad, Chris",2017,269,19.7
53,596074,"Poyner, Bobby",2019,225,23.6
53,622503,"Crismatt, Nabil",2020,114,46.5
53,656786,"Mushinski, Parker",2022,111,47.7
53,664977,"Cederlind, Blake",2020,67,79.1
53,575070,"Franco, Enderson",2019,88,60.2
53,686642,"Ellard, Fraser",2025,114,46.5
53,457915,"Guerra, Javy",2016,134,39.6
53,682052,"Lopez, Jacob",2023,193,27.5
53,607625,"Lugo, Seth",2024,3112,1.7
53,607216,"Krehbiel, Joey",2023,80,66.3
53,500724,"Ramírez, JC",2019,107,49.5
53,664714,"Newsome, Ljay",2021,276,19.2
53,606965,"Devenski, Chris",2020,91,58.2
53,687330,"Kelly, Kevin",2025,180,29.4
52,667725,"Tyler, Kyle",2021,190,27.4
52,503285,"O'Day, Darren",2020,261,19.9
52,592779,"Stewart, Brock",2025,329,15.8
52,666154,"Kauffmann, Karl",2023,582,8.9
52,642098,"Sparkman, Glenn",2020,90,57.8
52,657756,"Seabold, Connor",2025,104,50
52,544931,"Strasburg, Stephen",2019,3384,1.5
52,666201,"Manoah, Alek",2022,2949,1.8
52,641571,"Fillmyer, Heath",2018,1328,3.9
52,670046,"Rosenberg, Kenny",2023,543,9.6
52,502043,"Gibson, Kyle",2016,2468,2.1
52,518586,"Culberson, Charlie",2019,52,100
52,689958,"Walters, Andrew",2024,132,39.4
52,643493,"Pruitt, Austin",2024,78,66.7
52,664854,"Helsley, Ryan",2020,194,26.8
52,606930,"Barnes, Jacob",2025,146,35.6
52,608348,"Kelly, Carson",2023,52,100
52,519043,"Moore, Matt",2017,2875,1.8
52,592468,"Kingham, Nick",2018,1304,4
52,518468,"Blazek, Michael",2017,147,35.4
52,571974,"Murphy, John Ryan",2019,70,74.3
52,656457,"Gilbert, Tyler",2021,600,8.7
52,501593,"Avilán, Luis",2020,162,32.1
52,594795,"Dayton, Grant",2019,204,25.5
52,663753,"Knehr, Reiss",2021,513,10.1
52,640462,"Puk, A.J.",2019,202,25.7
52,622663,"Severino, Luis",2017,3082,1.7
52,621259,"Koerner, Brody",2021,52,100
52,676105,"Criswell, Jeff",2024,354,14.7
52,621244,"Berríos, José",2019,3132,1.7
52,660271,"Ohtani, Shohei",2022,2629,2
52,542194,"Bethancourt, Christian",2022,52,100
52,664285,"Valdez, Framber",2025,1394,3.7
51,665152,"Kremer, Dean",2022,1947,2.6
51,621057,"Garza, Justin",2025,51,100
51,686654,"Adcock, Ty",2024,86,59.3
51,640463,"Shipley, Braden",2018,82,62.2
51,643396,"Kiner-Falefa, Isiah",2023,51,100
51,475054,"Roe, Chaz",2017,164,31.1
51,487675,"Paredes, Edward",2018,127,40.2
51,643230,"Brault, Steven",2017,640,8
51,664285,"Valdez, Framber",2020,1049,4.9
51,672335,"Pérez, Cionel",2020,128,39.8
51,425844,"Greinke, Zack",2016,2503,2
51,571666,"Fiers, Mike",2019,2899,1.8
51,592346,"González, Chi Chi",2023,75,68
51,595978,"Hedges, Austin",2023,51,100
51,656685,"Martin, Brett",2020,222,23
51,669214,"Menez, Conner",2019,319,16
51,669145,"Zimmermann, Bruce",2023,215,23.7
51,670183,"Acton, Garrett",2023,124,41.1
51,607536,"Freeland, Kyle",2017,2573,2
51,542881,"Anderson, Tyler",2020,954,5.3
51,489119,"Miley, Wade",2016,2732,1.9
51,573186,"Stroman, Marcus",2024,2667,1.9
51,553902,"Astudillo, Willians",2021,51,100
51,683232,"Mears, Nick",2020,114,44.7
51,592848,"Weiss, Zack",2023,226,22.6
51,669796,"Hernandez, Jose E.",2024,89,57.3
51,641420,"Burdi, Zack",2021,177,28.8
51,596027,"Maples, Dillon",2018,142,35.9
51,543101,"DeSclafani, Anthony",2016,1968,2.6
51,656981,"Solomon, Peter",2023,236,21.6
51,543045,"Conley, Adam",2021,296,17.2
51,669854,"Blanco, Ronel",2022,120,42.5
51,622446,"Rodriguez, Jefry",2018,916,5.6
51,672710,"Contreras, Roansy",2023,1141,4.5
51,663767,"Shugart, Chase",2024,142,35.9
50,674944,"Guenther, Sean",2025,154,32.5
50,542881,"Anderson, Tyler",2022,2576,1.9
50,465629,"Mujica, Edward",2017,85,58.8
50,592222,"Claudio, Alex",2022,50,100
50,644364,"Arano, Víctor",2019,68,73.5
50,450306,"Vargas, Jason",2019,2505,2
50,434378,"Verlander, Justin",2022,2607,1.9
50,642759,"Fernández, Julian",2021,117,42.7
50,650633,"King, Michael",2020,470,10.6
50,607067,"Rea, Colin",2025,1094,4.6
50,671345,"Foley, Jason",2021,198,25.3
50,641907,"Murphy, Patrick",2020,104,48.1
50,669912,"Snead, Kirby",2021,111,45
50,466948,"Machi, Jean",2017,107,46.7
50,571670,"Floro, Dylan",2017,133,37.6
50,572888,"Greene, Shane",2022,50,100
50,572703,"Bard, Luke",2020,79,63.3
50,664641,"Miranda, Aríel",2017,2662,1.9
50,622783,"Báez, Sandy",2018,270,18.5
50,425794,"Wainwright, Adam",2022,3133,1.6
50,543056,"Coulombe, Danny",2020,50,100
50,449173,"Harrell, Lucas",2017,131,38.2
50,663378,"Szapucki, Thomas",2022,291,17.2
50,621381,"Strahm, Matt",2020,308,16.2
50,607192,"Glasnow, Tyler",2021,1339,3.7
50,669456,"Bieber, Shane",2021,1559,3.2
50,669735,"Rodriguez, Chris",2021,505,9.9
50,656548,"Holloway, Jordan",2021,664,7.5
50,642239,"Zastryzny, Rob",2022,72,69.4
50,607374,"Tropeano, Nick",2021,120,41.7
50,461829,"González, Gio",2020,618,8.1
50,678061,"Kerr, Ray",2024,383,13.1
49,622088,"Antone, Tejay",2023,90,54.4
49,663903,"Singer, Brady",2023,2612,1.9
49,657140,"Wright, Kyle",2018,128,38.3
49,673965,"Freeman, Caleb",2025,70,70
49,656240,"Blewett, Scott",2021,92,53.3
49,682990,"Priester, Quinn",2025,1080,4.5
49,425794,"Wainwright, Adam",2016,3195,1.5
49,641745,"Keller, Brad",2019,2711,1.8
49,596057,"Norris, Daniel",2020,490,10
49,669203,"Burnes, Corbin",2020,1010,4.9
49,669372,"Ginn, J.T.",2024,515,9.5
49,640470,"Alzolay, Adbert",2019,225,21.8
49,650496,"Mejía, J.C.",2022,59,83.1
49,669467,"Pallante, Andre",2024,1978,2.5
49,659275,"Lamet, Dinelson",2021,832,5.9
49,605135,"Bassitt, Chris",2022,2886,1.7
49,623470,"Newberry, Jake",2021,100,49
49,669923,"Kirby, George",2023,2825,1.7
49,622217,"O'Grady, Chris",2017,552,8.9
49,657424,"Gage, Matt",2023,119,41.2
49,592314,"Foltynewicz, Mike",2016,2120,2.3
49,592332,"Gausman, Kevin",2017,3357,1.5
49,430580,"Simon, Alfredo",2016,1120,4.4
49,605400,"Nola, Aaron",2017,2665,1.8
49,596049,"Morimando, Shawn",2021,199,24.6
49,641962,"Pelham, CD",2018,157,31.2
49,657277,"Webb, Logan",2022,3006,1.6
49,664856,"Adams, Chance",2018,153,32
49,656004,"Sanabria, Carlos",2020,49,100
49,544150,"Suárez, Albert",2016,1373,3.6
48,669060,"Wilson, Bryse",2018,135,35.6
48,408314,"Reyes, José",2018,48,100
48,675627,"Grove, Michael",2023,1146,4.2
48,669203,"Burnes, Corbin",2022,3274,1.5
48,621097,"Waguespack, Jacob",2020,397,12.1
48,450282,"Perkins, Glen",2016,48,100
48,669060,"Wilson, Bryse",2020,313,15.3
48,621366,"Borucki, Ryan",2024,174,27.6
48,542924,"Beliveau, Jeff",2018,118,40.7
48,548389,"Stripling, Ross",2020,815,5.9
48,519242,"Sale, Chris",2019,2466,1.9
48,669203,"Burnes, Corbin",2023,3079,1.6
48,573127,"Rosscup, Zac",2021,48,100
48,669920,"Alexander, Jason",2025,218,22
48,635903,"Rowley, Chris",2017,309,15.5
48,460269,"Gimenez, Chris",2018,48,100
48,682989,"Mederos, Victor",2023,66,72.7
48,670950,"Richards, Trevor",2019,2290,2.1
48,501992,"Karns, Nate",2016,1679,2.9
48,502706,"Holland, Derek",2017,2460,2
48,607644,"Means, John",2019,2681,1.8
48,685116,"Kitchen, Austin",2024,158,30.4
48,663773,"Hoeing, Bryan",2022,267,18
48,502593,"Petricka, Jake",2021,135,35.6
48,592169,"Brice, Austin",2016,206,23.3
48,504083,"Rondon, Jorge",2016,79,60.8
48,660494,"Armenteros, Rogelio",2019,333,14.4
48,677865,"Bruihl, Justin",2021,255,18.8
48,656427,"Flaherty, Jack",2023,2634,1.8
48,462136,"Estrada, Marco",2016,2843,1.7
48,593423,"Montas, Frankie",2018,995,4.8
48,571912,"Maile, Luke",2024,65,73.8
48,670712,"Brosseau, Mike",2019,60,80
48,641302,"Alexander, Tyler",2024,1668,2.9
47,657240,"Merryweather, Julian",2020,233,20.2
47,676709,"Tice, Ty",2021,142,33.1
47,523260,"Kelly, Joe",2020,171,27.5
47,608652,"Farrell, Luke",2022,285,16.5
47,623451,"Stephens, Jackson",2024,51,92.2
47,623465,"Phillips, Evan",2025,92,51.1
47,621199,"Bowman, Matt",2023,83,56.6
47,543726,"Ross Jr., Robbie",2017,163,28.8
47,460086,"Gordon, Alex",2019,62,75.8
47,594580,"Moll, Sam",2021,167,28.1
47,592454,"Kahnle, Tommy",2022,174,27
47,694350,"Brzykcy, Zach",2024,104,45.2
47,605359,"Marshall, Evan",2017,124,37.9
47,601713,"Pivetta, Nick",2020,290,16.2
47,506433,"Darvish, Yu",2019,2848,1.7
47,572998,"Lucas, Josh",2017,119,39.5
47,669456,"Bieber, Shane",2020,1238,3.8
47,605501,"Tarpley, Stephen",2020,181,26
47,605195,"Crick, Kyle",2022,279,16.8
47,596043,"Mengden, Daniel",2019,1048,4.5
47,592789,"Syndergaard, Noah",2016,2935,1.6
47,641343,"Bauers, Jake",2025,47,100
47,646241,"De Jesus, Enmanuel",2023,136,34.6
47,600917,"Leclerc, José",2020,47,100
47,621139,"Kriske, Brooks",2023,92,51.1
47,660593,"Reyes, Denyi",2023,364,12.9
47,502211,"Bolsinger, Mike",2017,756,6.2
47,676969,"de Geus, Brett",2025,47,100
47,518813,"Holland, Greg",2022,80,58.8
47,519455,"Zimmermann, Jordan",2016,1707,2.8
47,506433,"Darvish, Yu",2017,3054,1.5
47,622103,"Reyes, Gerardo",2022,47,100
47,592804,"Thornburg, Tyler",2020,147,32
46,664199,"Clarke, Taylor",2020,703,6.5
46,606273,"Elías, Roenis",2016,127,36.2
46,542194,"Bethancourt, Christian",2017,106,43.4
46,458708,"Tomlin, Josh",2017,2088,2.2
46,608328,"De Jong, Chase",2019,46,100
46,612434,"Castro, Miguel",2025,105,43.8
46,641427,"Busenitz, Alan",2024,75,61.3
46,502239,"Cahill, Trevor",2017,1523,3
46,657044,"Thompson, Ryan",2020,419,11
46,519326,"Strickland, Hunter",2020,61,75.4
46,595897,"Burdi, Nick",2020,46,100
46,622088,"Antone, Tejay",2024,47,97.9
46,623406,"Simmons, Shae",2016,102,45.1
46,650644,"Civale, Aaron",2021,1909,2.4
46,592332,"Gausman, Kevin",2023,3069,1.5
46,592791,"Taillon, Jameson",2022,2805,1.6
46,595918,"Cole, A.J.",2021,114,40.4
46,666215,"Whitley, Forrest",2024,94,48.9
46,570257,"Rodríguez, Joely",2020,234,19.7
46,477569,"Salas, Fernando",2019,61,75.4
46,673316,"Barker, Luke",2022,54,85.2
46,623402,"Peterson, Tim",2019,142,32.4
46,671305,"Otañez, Michel",2025,121,38
46,641851,"McGowin, Kyle",2018,130,35.4
46,571917,"Markel, Parker",2022,61,75.4
46,571945,"Mikolas, Miles",2019,2867,1.6
46,571602,"Davidson, Matt",2020,46,100
46,519242,"Sale, Chris",2018,2525,1.8
46,594867,"Jaye, Myles",2017,268,17.2
46,458708,"Tomlin, Josh",2020,575,8
45,630263,"Bourque, James",2020,76,59.2
45,431145,"Martin, Russell",2019,45,100
45,660761,"Suarez, José",2025,123,36.6
45,605397,"Musgrove, Joe",2019,2657,1.7
45,456124,"Kratz, Erik",2018,45,100
45,545346,"Lee, Zach",2017,172,26.2
45,669456,"Bieber, Shane",2023,1954,2.3
45,502624,"Anderson, Chase",2019,2392,1.9
45,592464,"Kickham, Mike",2021,45,100
45,593679,"Ynoa, Gabriel",2016,323,13.9
45,641745,"Keller, Brad",2023,877,5.1
45,676475,"Burleson, Alec",2023,45,100
45,621141,"Lockett, Walker",2019,369,12.2
45,623474,"Herget, Jimmy",2021,299,15.1
45,702674,"Dana, Caden",2025,119,37.8
45,608379,"Wacha, Michael",2017,2690,1.7
45,669214,"Menez, Conner",2021,247,18.2
45,502042,"Archer, Chris",2016,3409,1.3
45,677161,"Kelly, Zack",2023,181,24.9
45,656353,"Davidson, Tucker",2022,912,4.9
45,656896,"Rivera, Emmanuel",2025,45,100
45,607555,"Guilbeau, Taylor",2020,130,34.6
45,620982,"Pinto, Ricardo",2019,45,100
45,656849,"Peterson, David",2025,1330,3.4
45,594798,"deGrom, Jacob",2016,2353,1.9
45,430935,"Hamels, Cole",2018,3061,1.5
45,518560,"Clemens, Paul",2016,1196,3.8
45,571735,"Hale, David",2020,282,16
45,659275,"Lamet, Dinelson",2024,74,60.8
45,521655,"Font, Wilmer",2017,91,49.5
45,694851,"Hoffmann, Andrew",2025,45,100
44,425844,"Greinke, Zack",2018,3212,1.4
44,606959,"Davis, Rookie",2019,192,22.9
44,543281,"Harrison, Josh",2023,44,100
44,518516,"Bumgarner, Madison",2018,2053,2.1
44,434672,"Smith, Chris",2017,970,4.5
44,622569,"Reyes, Pablo",2023,44,100
44,686796,"Walston, Blake",2024,343,12.8
44,572008,"Owings, Chris",2019,44,100
44,672851,"Adon, Joan",2023,924,4.8
44,572044,"Pounders, Brooks",2019,135,32.6
44,488984,"Hunter, Tommy",2019,72,61.1
44,457732,"Bailey, Andrew",2017,44,100
44,675650,"Mercado, Michael",2025,44,100
44,670712,"Brosseau, Mike",2022,44,100
44,571602,"Davidson, Matt",2018,44,100
44,502179,"Espino, Paolo",2020,110,40
44,424144,"Pérez, Oliver",2021,56,78.6
44,448855,"Guerra, Junior",2016,1866,2.4
44,669952,"White, Mitch",2020,44,100
44,500871,"Escobar, Eduardo",2023,44,100
44,605309,"Kela, Keone",2021,203,21.7
44,668834,"McGee, Easton",2025,59,74.6
44,456124,"Kratz, Erik",2016,44,100
44,681882,"Selby, Colin",2025,79,55.7
44,644428,"Scribner, Troy",2017,383,11.5
44,642133,"Tellez, Rowdy",2024,44,100
44,658648,"Avila, Pedro",2023,895,4.9
44,693821,"Elder, Bryce",2022,873,5
44,700270,"Díaz, Yilber",2025,60,73.3
44,543357,"Jankowski, Jordan",2017,90,48.9
44,543766,"Shaw, Bryan",2024,95,46.3
44,489295,"Schlitter, Brian",2019,150,29.3
44,542194,"Bethancourt, Christian",2016,44,100
43,594835,"Gonzales, Marco",2019,3232,1.3
43,543037,"Cole, Gerrit",2019,3362,1.3
43,502381,"Gregerson, Luke",2019,104,41.3
43,541650,"Pérez, Hernán",2019,43,100
43,489119,"Miley, Wade",2021,2592,1.7
43,570632,"Ureña, José",2022,1622,2.7
43,670871,"Zuñiga, Guillo",2023,43,100
43,571473,"Baumann, Buddy",2016,170,25.3
43,622774,"Fernández, José Manuel",2018,172,25
43,656457,"Gilbert, Tyler",2023,263,16.3
43,605446,"Rodríguez, Dereck",2023,97,44.3
43,625643,"López, Reynaldo",2018,3084,1.4
43,664350,"Sánchez, Sixto",2024,621,6.9
43,650382,"Hernández, Darwinzon",2022,182,23.6
43,621290,"Bacus, Dakota",2020,225,19.1
43,592712,"Sadzeck, Connor",2018,166,25.9
43,500743,"Rojas, Miguel",2025,43,100
43,571976,"Myers, Wil",2022,43,100
43,608331,"Fried, Max",2021,2558,1.7
43,621249,"Underwood Jr., Duane",2019,211,20.4
43,663629,"Small, Ethan",2023,93,46.2
43,543238,"Gose, Anthony",2021,115,37.4
43,472551,"Abad, Fernando",2023,141,30.5
43,112526,"Colon, Bartolo",2016,2853,1.5
43,572750,"Butler, Eddie",2017,918,4.7
43,669391,"White, Owen",2025,101,42.6
43,543521,"McHugh, Collin",2016,3159,1.4
43,624431,"Trevino, Jose",2024,43,100
43,641645,"Guillorme, Luis",2024,43,100
43,607054,"Peterson, Jace",2023,43,100
43,571771,"Hernández, Enrique",2024,45,95.6
43,676050,"Naughton, Packy",2023,68,63.2
43,582494,"Scott, Robby",2016,98,43.9
43,461829,"González, Gio",2017,3364,1.3
43,681432,"Little, Luke",2023,135,31.9
43,592351,"Gray, Jon",2019,2373,1.8
43,643361,"Herget, Kevin",2022,111,38.7
43,642028,"Rogers, Josh",2022,419,10.3
43,656008,"Zabala, Aneurys",2022,43,100
43,656970,"Smeltzer, Devin",2020,268,16
43,641927,"Ober, Bailey",2024,2696,1.6
43,678821,"Peralta, Luis",2024,181,23.8
43,642016,"Robert, Daniel",2024,103,41.7
43,600968,"Rosario, Randy",2020,85,50.6
43,547184,"Kelly, Michael",2025,95,45.3
42,641627,"Gott, Trevor",2017,101,41.6
42,571951,"Mitchell, Bryan",2021,67,62.7
42,645801,"Ford, Mike",2023,42,100
42,643524,"Schwindel, Frank",2022,42,100
42,676391,"Clement, Ernie",2022,42,100
42,461833,"Hughes, Phil",2017,907,4.6
42,448306,"Shields, James",2018,3306,1.3
42,643327,"Godley, Zack",2018,3008,1.4
42,621294,"Heller, Ben",2019,102,41.2
42,657031,"Taylor, Josh",2020,146,28.8
42,656288,"Canning, Griffin",2019,1552,2.7
42,669111,"McMillon, John",2023,55,76.4
42,446321,"Detwiler, Ross",2019,1157,3.6
42,462985,"Morales, Franklin",2016,59,71.2
42,688427,"Ingram, Kolton",2023,100,42
42,621082,"Lemoine, Jacob",2022,298,14.1
42,641853,"McKay, David",2022,135,31.1
42,643361,"Herget, Kevin",2025,42,100
42,621399,"Feigl, Brady",2024,44,95.5
42,641838,"McCarthy, Kevin",2020,100,42
42,656755,"Montes de Oca, Bryce",2022,84,50
42,595411,"Sherriff, Ryan",2023,104,40.4
42,624133,"Suárez, Ranger",2024,2354,1.8
42,608331,"Fried, Max",2022,2818,1.5
42,640470,"Alzolay, Adbert",2021,1955,2.1
42,528748,"Castellanos, Humberto",2021,726,5.8
42,682052,"Lopez, Jacob",2025,686,6.1
42,606160,"Montero, Rafael",2016,388,10.8
42,700241,"McGreevy, Michael",2024,311,13.5
42,605446,"Rodríguez, Dereck",2018,1863,2.3
42,608596,"Murphy, Tom",2019,42,100
42,571927,"Matz, Steven",2024,754,5.6
42,542208,"Pérez, Carlos",2023,42,100
42,645801,"Ford, Mike",2019,42,100
42,592869,"Wilson, Tyler",2017,265,15.8
42,571466,"Barnhart, Tucker",2023,42,100
42,543698,"Roach, Donn",2016,89,47.2
42,687377,"Ribalta, Orlando",2025,142,29.6
41,690829,"Joyce, Ben",2025,70,58.6
41,665001,"Kelley, Trevor",2020,77,53.2
41,689690,"Jacob, Alek",2023,47,87.2
41,571657,"Farmer, Kyle",2024,41,100
41,621244,"Berríos, José",2022,2721,1.5
41,407822,"De La Rosa, Jorge",2016,2343,1.7
41,657514,"Bernardino, Brennan",2022,41,100
41,605540,"Woodruff, Brandon",2019,1979,2.1
41,518566,"Cole, Taylor",2017,41,100
41,656420,"Feyereisen, J.P.",2020,150,27.3
41,500779,"Quintana, Jose",2017,3176,1.3
41,670046,"Rosenberg, Kenny",2022,193,21.2
41,642840,"Harvey, Joe",2020,54,75.9
41,664294,"Moreta, Dauri",2021,57,71.9
41,664069,"Braymer, Ben",2020,152,27
41,571578,"Corbin, Patrick",2017,3084,1.3
41,592791,"Taillon, Jameson",2023,2533,1.6
41,534910,"Hahn, Jesse",2021,88,46.6
41,605135,"Bassitt, Chris",2021,2381,1.7
41,622065,"Young, Alex",2020,797,5.1
41,681895,"Sisk, Evan",2025,120,34.2
41,502043,"Gibson, Kyle",2019,2764,1.5
41,641341,"Bashlor, Tyler",2020,132,31.1
41,642003,"Reed, Cody",2019,88,46.6
41,571578,"Corbin, Patrick",2018,3142,1.3
41,665019,"Clemens, Kody",2023,41,100
41,663574,"Santillan, Tony",2023,59,69.5
41,670042,"Raley, Luke",2023,41,100
41,686752,"Pepiot, Ryan",2023,654,6.3
41,543331,"Hoover, J.J.",2018,41,100
41,450203,"Morton, Charlie",2025,1200,3.4
41,656302,"Cease, Dylan",2022,3120,1.3
41,680573,"Woods Richardson, Simeon",2023,97,42.3
41,676755,"Mattson, Isaac",2025,135,30.4
41,592717,"Sanchez, Aaron",2022,1006,4.1
41,621097,"Waguespack, Jacob",2024,221,18.6
40,669105,"Muckenhirn, Zach",2023,95,42.1
40,642233,"Yardley, Eric",2019,181,22.1
40,663455,"Pilkington, Konnor",2023,40,100
40,572362,"Erlin, Robbie",2022,40,100
40,527055,"Vizcaíno, Arodys",2022,115,34.8
40,641907,"Murphy, Patrick",2022,142,28.2
40,543334,"House, TJ",2017,40,100
40,687922,"Lucas, Easton",2023,148,27
40,669289,"Espinal, Santiago",2020,40,100
40,607374,"Tropeano, Nick",2019,273,14.7
40,520980,"Báez, Pedro",2022,73,54.8
40,670057,"Hartman, Ryan",2021,46,87
40,669194,"Nelson, Ryne",2024,2406,1.7
40,605486,"Spangenberg, Cory",2018,40,100
40,656605,"Keller, Mitch",2023,3119,1.3
40,593423,"Montas, Frankie",2019,1485,2.7
40,592254,"De León, José",2020,140,28.6
40,502624,"Anderson, Chase",2023,1447,2.8
40,663546,"Hjelle, Sean",2025,138,29
40,656412,"Faedo, Alex",2023,1034,3.9
40,594985,"Rowen, Ben",2016,60,66.7
40,665661,"Spitzbarth, Shea",2021,82,48.8
40,571948,"Milner, Hoby",2020,247,16.2
40,641482,"Cortes, Nestor",2022,2465,1.6
40,643354,"Hart, Donnie",2019,104,38.5
40,458681,"Lynn, Lance",2017,3151,1.3
40,543475,"Lyles, Jordan",2021,2964,1.3
40,519144,"Porcello, Rick",2018,3096,1.3
40,607216,"Krehbiel, Joey",2018,49,81.6
40,592644,"Plutko, Adam",2019,1794,2.2
40,450172,"Volquez, Edinson",2019,297,13.5
40,425877,"Molina, Yadier",2022,40,100
40,407890,"Lewis, Colby",2016,1750,2.3
40,502624,"Anderson, Chase",2016,2639,1.5
40,542881,"Anderson, Tyler",2018,2853,1.4
40,621244,"Berríos, José",2017,2388,1.7
40,621107,"Eflin, Zach",2016,992,4
39,548384,"Raley, Brooks",2024,119,32.8
39,595032,"Whitley, Chase",2016,238,16.4
39,595191,"Eickhoff, Jerad",2019,975,4
39,605164,"Bundy, Dylan",2020,1018,3.8
39,605400,"Nola, Aaron",2023,3087,1.3
39,453222,"Carroll, Scott",2016,43,90.7
39,670219,"Kristofak, Zac",2024,39,100
39,596043,"Mengden, Daniel",2020,231,16.9
39,527048,"Pérez, Martín",2019,2772,1.4
39,605195,"Crick, Kyle",2020,115,33.9
39,543543,"Miller, Brad",2023,39,100
39,664918,"Keller, Kyle",2020,41,95.1
39,666208,"Speas, Alex",2024,39,100
39,642028,"Rogers, Josh",2024,170,22.9
39,681293,"Arrighetti, Spencer",2024,2505,1.6
39,596001,"Junis, Jakob",2022,1802,2.2
39,642545,"Barria, Jaime",2020,511,7.6
39,458584,"Cedeño, Xavier",2019,45,86.7
39,606303,"Payamps, Joel",2019,66,59.1
39,608566,"Márquez, Germán",2018,3121,1.2
39,682052,"Lopez, Jacob",2024,178,21.9
39,681464,"German, Frank",2022,84,46.4
39,543548,"Milone, Tommy",2017,866,4.5
39,623433,"Anderson, Nick",2021,102,38.2
39,519381,"Venditte, Pat",2020,55,70.9
39,596001,"Junis, Jakob",2021,627,6.2
39,592716,"Sampson, Adrian",2022,1694,2.3
39,527054,"Teheran, Julio",2023,1080,3.6
39,681916,"Smith, Dylan",2025,75,52
39,680885,"Schwellenbach, Spencer",2025,1394,2.8
39,663559,"Falter, Bailey",2024,2138,1.8
39,641793,"Littell, Zack",2025,1314,3
39,596816,"Gómez, Roberto",2017,97,40.2
39,657053,"Toussaint, Touki",2023,1595,2.4
39,656848,"Petersen, Michael",2025,52,75
39,665759,"Rosso, Ramón",2021,144,27.1
39,641739,"Kaminsky, Rob",2020,85,45.9
38,605335,"Leibrandt, Brandon",2024,117,32.5
38,489119,"Miley, Wade",2025,205,18.5
38,448179,"Hill, Rich",2024,71,53.5
38,542882,"Andriese, Matt",2017,1441,2.6
38,571521,"Brothers, Rex",2020,76,50
38,622608,"Senzatela, Antonio",2020,1136,3.3
38,543867,"Turley, Nik",2017,323,11.8
38,676596,"Fleming, Josh",2022,662,5.7
38,456124,"Kratz, Erik",2020,38,100
38,676961,"Boushley, Caleb",2023,38,100
38,600887,"Del Pozo, Miguel",2019,183,20.8
38,543699,"Roark, Tanner",2018,2958,1.3
38,594835,"Gonzales, Marco",2020,1057,3.6
38,607259,"Martinez, Nick",2016,649,5.9
38,656302,"Cease, Dylan",2024,3188,1.2
38,664353,"Urquidy, José",2022,2640,1.4
38,645444,"Herrera, Jose",2023,38,100
38,686654,"Adcock, Ty",2025,82,46.3
38,677651,"Garcia, Luis",2021,2502,1.5
38,543294,"Hendricks, Kyle",2022,1347,2.8
38,663855,"Hicks, Jordan",2025,825,4.6
38,502593,"Petricka, Jake",2016,156,24.4
38,502043,"Gibson, Kyle",2021,2881,1.3
38,622072,"Wood, Alex",2017,2260,1.7
38,683618,"Henriquez, Edgardo",2024,59,64.4
38,668676,"Plesac, Zach",2019,1892,2
38,684974,"Yoho, Craig",2025,129,29.5
38,489294,"Scheppers, Tanner",2017,92,41.3
38,608344,"Irvin, Cole",2021,2682,1.4
38,548389,"Stripling, Ross",2021,1686,2.3
38,621141,"Lockett, Walker",2018,290,13.1
38,460024,"Hochevar, Luke",2016,583,6.5
38,571901,"Loup, Aaron",2019,53,71.7
38,622774,"Fernández, José Manuel",2019,77,49.4
38,664901,"Mendick, Danny",2023,38,100
37,601713,"Pivetta, Nick",2022,3082,1.2
37,595897,"Burdi, Nick",2023,58,63.8
37,571927,"Matz, Steven",2016,2153,1.7
37,592351,"Gray, Jon",2018,2800,1.3
37,621408,"Marksberry, Matt",2016,72,51.4
37,572383,"Moran, Brian",2019,112,33
37,623454,"Anderson, Drew",2019,104,35.6
37,500743,"Rojas, Miguel",2023,37,100
37,502239,"Cahill, Trevor",2020,456,8.1
37,683155,"Estes, Joey",2024,2027,1.8
37,683822,"Uwasawa, Naoyuki",2024,62,59.7
37,663465,"Allard, Kolby",2018,161,23
37,676568,"Vanasco, Ricky",2024,45,82.2
37,686701,"Bergert, Ryan",2025,381,9.7
37,656354,"Davis, Austin",2020,127,29.1
37,622379,"Castillo, Luis F.",2022,60,61.7
37,592614,"Overton, Dillon",2016,485,7.6
37,452657,"Lester, Jon",2017,3131,1.2
37,641726,"Jefferies, Daulton",2021,220,16.8
37,642239,"Zastryzny, Rob",2018,111,33.3
37,657053,"Toussaint, Touki",2025,37,100
37,649144,"Wells, Alex",2021,754,4.9
37,641154,"López, Pablo",2023,3024,1.2
37,668964,"Myers, Tobias",2024,2152,1.7
37,607188,"Faria, Jake",2017,1445,2.6
37,605612,"Castro, Harold",2022,50,74
37,434718,"Street, Huston",2017,57,64.9
37,592170,"Bridwell, Parker",2018,115,32.2
37,641850,"McGowan, Kevin",2017,165,22.4
37,670223,"Mervis, Matt",2024,37,100
37,683068,"Penrod, Zach",2024,86,43
37,572362,"Erlin, Robbie",2020,461,8
37,487675,"Paredes, Edward",2017,147,25.2
37,666619,"Santos, Gregory",2021,53,69.8
37,543037,"Cole, Gerrit",2018,3257,1.1
37,502706,"Holland, Derek",2018,2908,1.3
37,640454,"Krook, Matt",2025,71,52.1
37,547888,"Tanaka, Masahiro",2018,2398,1.5
37,642203,"Widener, Taylor",2021,1217,3
37,656945,"Scott, Tanner",2017,37,100
37,605397,"Musgrove, Joe",2016,980,3.8
37,516969,"Herrera, Kelvin",2020,37,100
37,607067,"Rea, Colin",2016,1761,2.1
37,680911,"Miller, Owen",2024,37,100
37,534910,"Hahn, Jesse",2025,79,46.8
37,572191,"Taylor, Michael A.",2022,37,100
37,671131,"Rutledge, Jackson",2024,139,26.6
37,476451,"Hellickson, Jeremy",2016,2925,1.3
37,642068,"Sheffield, Jordan",2022,37,100
37,668873,"Kilian, Caleb",2023,130,28.5
36,666149,"Fitzgerald, Tyler",2024,36,100
36,674444,"Cruz, Steven",2024,82,43.9
36,608337,"Giolito, Lucas",2016,398,9
36,434378,"Verlander, Justin",2017,3531,1
36,622491,"Castillo, Luis",2019,3158,1.1
36,643493,"Pruitt, Austin",2021,110,32.7
36,600986,"Vieira, Thyago",2023,36,100
36,646242,"Díaz, Jhonathan",2021,237,15.2
36,650489,"Castro, Willi",2023,36,100
36,641743,"Kay, Anthony",2020,409,8.8
36,592791,"Taillon, Jameson",2016,1550,2.3
36,668942,"Rojas, Josh",2023,36,100
36,592866,"Williams, Trevor",2016,224,16.1
36,570632,"Ureña, José",2018,2776,1.3
36,572971,"Keuchel, Dallas",2018,3310,1.1
36,675921,"Howard, Spencer",2023,80,45
36,600968,"Rosario, Randy",2017,64,56.3
36,669160,"May, Dustin",2019,566,6.4
36,425835,"Tsao, Chin-hui",2016,36,100
36,696136,"Wicks, Jordan",2025,36,100
36,621397,"Olson, Tyler",2016,47,76.6
36,627500,"Tseng, Jen-Ho",2017,106,34
36,660875,"Reyes, Jesús",2018,79,45.6
36,642239,"Zastryzny, Rob",2025,174,20.7
36,570649,"Ventura, Yordano",2016,3048,1.2
36,666208,"Speas, Alex",2023,65,55.4
36,622217,"O'Grady, Chris",2018,137,26.3
36,571945,"Mikolas, Miles",2018,3004,1.2
36,430912,"Cain, Matt",2016,1568,2.3
36,605164,"Bundy, Dylan",2018,2844,1.3
36,614179,"Ruiz, José",2020,60,60
36,676428,"Hurter, Brant",2024,645,5.6
36,595014,"Treinen, Blake",2022,69,52.2
36,663562,"Davis, Noah",2025,87,41.4
36,666163,"Rortvedt, Ben",2024,36,100
36,669373,"Skubal, Tarik",2025,1370,2.6
36,681807,"Fry, David",2023,72,50
36,661269,"Gutierrez, Vladimir",2024,80,45
36,657205,"Curtis, Zac",2017,135,26.7
36,663559,"Falter, Bailey",2023,1296,2.8
36,657248,"Otto, Glenn",2023,192,18.8
36,607074,"Rodón, Carlos",2022,2985,1.2
36,642215,"Wilson, Weston",2025,36,100
36,592351,"Gray, Jon",2023,2393,1.5
36,650633,"King, Michael",2025,923,3.9
36,629498,"Quezada, Johan",2020,58,62.1
36,519168,"Ranaudo, Anthony",2016,624,5.8
36,664129,"Hartlieb, Geoff",2023,66,54.5
36,687074,"Owens, Tyler",2025,36,100
36,680983,"Cáceres, Kelvin",2023,36,100
35,605521,"Warren, Art",2019,77,45.5
35,664238,"Moore, Dylan",2019,35,100
35,592833,"Wahl, Bobby",2017,142,24.6
35,448855,"Guerra, Junior",2018,2306,1.5
35,669193,"Little, Jack",2025,35,100
35,592717,"Sanchez, Aaron",2016,2919,1.2
35,571863,"Koch, Matt",2022,72,48.6
35,543022,"Chatwood, Tyler",2016,2546,1.4
35,608700,"Plawecki, Kevin",2017,45,77.8
35,605347,"López, Jorge",2017,35,100
35,642528,"Loáisiga, Jonathan",2018,499,7
35,689266,"Dodd, Dylan",2025,45,77.8
35,571948,"Milner, Hoby",2019,70,50
35,660365,"Yang, Hyeon-Jong",2021,592,5.9
35,502043,"Gibson, Kyle",2018,3243,1.1
35,543408,"Koehler, Tom",2016,3089,1.1
35,702795,"Loutos, Ryan",2024,35,100
35,608566,"Márquez, Germán",2021,2788,1.3
35,658792,"Wilkerson, Aaron",2018,166,21.1
35,517593,"Salazar, Danny",2016,2403,1.5
35,593423,"Montas, Frankie",2022,2327,1.5
35,596056,"Nogowski, John",2021,35,100
35,592767,"Smyly, Drew",2021,2139,1.6
35,622761,"Mateo, Jorge",2025,35,100
35,701643,"Hartwig, Grant",2024,118,29.7
35,571946,"Miller, Shelby",2022,127,27.6
35,448614,"Torres, Carlos",2019,115,30.4
35,571760,"Heaney, Andrew",2023,2603,1.3
35,502304,"Carpenter, David",2019,69,50.7
35,518693,"Freeman, Sam",2020,109,32.1
35,543063,"Crawford, Brandon",2024,35,100
35,681799,"Roberts, Ethan",2025,127,27.6
35,553902,"Astudillo, Willians",2018,35,100
35,670032,"Lopez, Nicky",2023,42,83.3
35,681882,"Selby, Colin",2024,112,31.3
35,595897,"Burdi, Nick",2018,35,100
35,642239,"Zastryzny, Rob",2024,119,29.4
35,592767,"Smyly, Drew",2019,2130,1.6
35,642232,"Yarbrough, Ryan",2022,1355,2.6
35,682847,"Ortiz, Luis L.",2023,1462,2.4
35,656257,"Brigham, Jeff",2025,63,55.6
34,660761,"Suarez, José",2021,1650,2.1
34,656657,"Logue, Zach",2024,43,79.1
34,621079,"Wiles, Collin",2022,154,22.1
34,592332,"Gausman, Kevin",2021,3002,1.1
34,672710,"Contreras, Roansy",2022,1588,2.1
34,607359,"Patton, Spencer",2022,111,30.6
34,592644,"Plutko, Adam",2016,79,43
34,681432,"Little, Luke",2025,34,100
34,687145,"Justice, Evan",2023,169,20.1
34,668678,"Gallen, Zac",2023,3248,1
34,621111,"Buehler, Walker",2021,3152,1.1
34,663462,"Campbell, Isaiah",2024,119,28.6
34,673904,"Walsh, Jake",2022,65,52.3
34,460269,"Gimenez, Chris",2016,43,79.1
34,592716,"Sampson, Adrian",2021,554,6.1
34,641302,"Alexander, Tyler",2019,918,3.7
34,502624,"Anderson, Chase",2021,852,4
34,656547,"Holder, Jonathan",2016,144,23.6
34,543475,"Lyles, Jordan",2020,993,3.4
34,669165,"Hurt, Kyle",2024,87,39.1
34,641745,"Keller, Brad",2020,858,4
34,622097,"Thompson, Jake",2017,803,4.2
34,620443,"Torrens, Luis",2022,34,100
34,614179,"Ruiz, José",2018,89,38.2
34,668941,"Romero, JoJo",2020,170,20
34,579328,"Kikuchi, Yusei",2019,2721,1.2
34,656794,"Newcomb, Sean",2018,2921,1.2
34,622795,"Méndez, Yohander",2017,191,17.8
34,677161,"Kelly, Zack",2022,222,15.3
34,689266,"Dodd, Dylan",2024,34,100
34,663969,"Phillips, Tyler",2024,578,5.9
34,641771,"Kuhl, Chad",2021,1436,2.4
34,596071,"Peters, Dillon",2018,504,6.7
34,676979,"Crochet, Garrett",2020,85,40
34,543548,"Milone, Tommy",2018,418,8.1
34,543548,"Milone, Tommy",2021,241,14.1
34,668941,"Romero, JoJo",2021,171,19.9
34,474029,"Putnam, Zach",2017,103,33
34,641154,"López, Pablo",2024,2986,1.1
34,543766,"Shaw, Bryan",2020,153,22.2
34,458681,"Lynn, Lance",2021,2608,1.3
34,591720,"Torreyes, Ronald",2021,34,100
33,641360,"Bickford, Phil",2020,33,100
33,694813,"Stone, Gavin",2023,547,6
33,663436,"Martin, Davis",2024,892,3.7
33,592346,"González, Chi Chi",2022,376,8.8
33,453178,"Kennedy, Ian",2016,3378,1
33,663366,"Burrows, Beau",2020,110,30
33,669194,"Nelson, Ryne",2023,2355,1.4
33,680694,"Bradish, Kyle",2022,1993,1.7
33,592499,"Lewicki, Artie",2020,57,57.9
33,608379,"Wacha, Michael",2021,1974,1.7
33,518876,"Kelly, Merrill",2019,2962,1.1
33,608650,"Enns, Dietrich",2017,86,38.4
33,641743,"Kay, Anthony",2021,649,5.1
33,657277,"Webb, Logan",2025,1546,2.1
33,519141,"Pomeranz, Drew",2016,2841,1.2
33,431148,"Kazmir, Scott",2016,2392,1.4
33,621350,"Frare, Caleb",2019,53,62.3
33,664869,"Conlon, P.J.",2018,135,24.4
33,605204,"Davis, J.D.",2017,33,100
33,629496,"Hu, Chih-Wei",2017,176,18.8
33,656641,"Latz, Jacob",2023,96,34.4
33,605513,"Turnbull, Spencer",2021,775,4.3
33,641582,"Foster, Matt",2024,108,30.6
33,594835,"Gonzales, Marco",2017,701,4.7
33,434137,"Kensing, Logan",2016,77,42.9
33,593833,"Suero, Wander",2020,381,8.7
33,571912,"Maile, Luke",2019,33,100
33,605400,"Nola, Aaron",2019,3332,1
33,676614,"Sammons, Bryan",2024,374,8.8
33,641914,"Neuse, Sheldon",2022,33,100
33,641778,"Lauer, Eric",2023,844,3.9
33,677865,"Bruihl, Justin",2025,33,100
33,593643,"Alberto, Hanser",2023,33,100
33,516910,"Frías, Carlos",2016,52,63.5
33,592332,"Gausman, Kevin",2022,2783,1.2
33,527048,"Pérez, Martín",2022,2979,1.1
33,642016,"Robert, Daniel",2025,33,100
33,605507,"Thompson, Zach",2021,1194,2.8
33,453562,"Arrieta, Jake",2019,2192,1.5
33,544930,"Smith, Blake",2016,76,43.4
33,607572,"Howard, Sam",2022,58,56.9
33,665896,"Marte, José",2021,84,39.3
33,607229,"Gsellman, Robert",2021,427,7.7
33,666622,"Marquez, Brailyn",2020,33,100
33,607625,"Lugo, Seth",2023,2377,1.4
33,543208,"Gaviglio, Sam",2020,67,49.3
33,621112,"Blackburn, Paul",2025,235,14
33,656578,"Jackson, Andre",2021,199,16.6
33,600887,"Del Pozo, Miguel",2020,110,30
32,621219,"Mills, Alec",2018,292,11
32,605400,"Nola, Aaron",2020,1148,2.8
32,608652,"Farrell, Luke",2019,212,15.1
32,642545,"Barria, Jaime",2019,1498,2.1
32,605143,"Black, Ray",2020,67,47.8
32,608328,"De Jong, Chase",2017,458,7
32,682051,"Hill, Garrett",2022,1019,3.1
32,656887,"Reid-Foley, Sean",2021,371,8.6
32,656546,"Hoffman, Jeff",2018,181,17.7
32,450306,"Vargas, Jason",2017,2925,1.1
32,650671,"Quijada, José",2020,89,36
32,640451,"Harvey, Hunter",2021,139,23
32,680744,"Madden, Ty",2024,403,7.9
32,592712,"Sadzeck, Connor",2022,48,66.7
32,670766,"McCaughan, Darren",2025,86,37.2
32,621389,"Blach, Ty",2016,241,13.3
32,605182,"Clevinger, Mike",2019,2090,1.5
32,670280,"Bednar, David",2020,118,27.1
32,519076,"Nelson, Jimmy",2016,2984,1.1
32,669391,"White, Owen",2023,68,47.1
32,628345,"Núñez, Darien",2021,127,25.2
32,643320,"Gardewine, Nick",2018,80,40
32,465753,"Florimón, Pedro",2018,32,100
32,446321,"Detwiler, Ross",2016,834,3.8
32,623354,"Zamora, Daniel",2021,65,49.2
32,663734,"Neidert, Nick",2021,598,5.4
32,593958,"Rodriguez, Eduardo",2017,2462,1.3
32,650738,"Rosa, Adonis",2019,32,100
32,594835,"Gonzales, Marco",2018,2564,1.2
32,605288,"Houser, Adrian",2021,2352,1.4
32,663465,"Allard, Kolby",2020,658,4.9
32,641627,"Gott, Trevor",2016,102,31.4
32,502043,"Gibson, Kyle",2020,1139,2.8
32,593969,"Aquino, Jayson",2016,32,100
32,477132,"Kershaw, Clayton",2022,1842,1.7
32,622103,"Reyes, Gerardo",2023,216,14.8
32,600944,"Paulino, David",2021,32,100
32,543380,"Jungmann, Taylor",2017,32,100
32,676979,"Crochet, Garrett",2025,1596,2
32,594902,"Lively, Ben",2023,1383,2.3
32,570240,"Peña, Félix",2018,1409,2.3
32,657209,"Deetz, Dean",2018,59,54.2
32,605612,"Castro, Harold",2021,32,100
32,592547,"McGuire, Deck",2017,210,15.2
32,629498,"Quezada, Johan",2023,32,100
32,608344,"Irvin, Cole",2022,2610,1.2
31,641712,"Hudson, Dakota",2019,2848,1.1
31,656794,"Newcomb, Sean",2023,280,11.1
31,476451,"Hellickson, Jeremy",2019,675,4.6
31,534910,"Hahn, Jesse",2017,1209,2.6
31,607968,"Rucinski, Drew",2017,88,35.2
31,694973,"Skenes, Paul",2025,1579,2
31,623437,"Topa, Justin",2022,125,24.8
31,660623,"Ynoa, Huascar",2020,395,7.8
31,622492,"Mella, Keury",2019,63,49.2
31,622072,"Wood, Alex",2018,2443,1.3
31,605483,"Snell, Blake",2018,2918,1.1
31,680732,"Burke, Sean",2024,309,10
31,572383,"Moran, Brian",2020,110,28.2
31,622766,"Díaz, Miguel",2019,102,30.4
31,641482,"Cortes, Nestor",2024,2849,1.1
31,607644,"Means, John",2021,2328,1.3
31,460077,"Butera, Drew",2020,31,100
31,650960,"Duarte, Daniel",2022,77,40.3
31,592407,"Holaday, Bryan",2018,31,100
31,663630,"McKenna, Ryan",2022,31,100
31,453562,"Arrieta, Jake",2018,2760,1.1
31,543532,"Melville, Tim",2017,134,23.1
31,543045,"Conley, Adam",2016,2274,1.4
31,682016,"Woods, William",2022,31,100
31,594840,"Grace, Matt",2016,39,79.5
31,528748,"Castellanos, Humberto",2020,207,15
31,592717,"Sanchez, Aaron",2021,595,5.2
31,687606,"Schultz, Paxton",2025,353,8.8
31,491696,"Sucre, Jesús",2017,31,100
31,468396,"Ogando, Alexi",2018,31,100
31,593582,"De Los Santos, Abel",2016,110,28.2
31,669084,"Hall, DL",2025,196,15.8
31,605242,"Fulmer, Michael",2018,2152,1.4
31,680604,"Castaño, Blas",2025,50,62
31,543278,"Hardy, Blaine",2021,31,100
31,592229,"Covey, Dylan",2019,1019,3
31,543652,"Pill, Tyler",2017,390,7.9
31,657006,"Steele, Justin",2024,2046,1.5
31,573185,"Straily, Dan",2016,3061,1
31,545363,"Turner, Jacob",2018,162,19.1
31,669459,"Nelson, Kyle",2021,176,17.6
31,543699,"Roark, Tanner",2017,3216,1
31,607481,"Bummer, Aaron",2020,155,20
31,660271,"Ohtani, Shohei",2023,2094,1.5
31,502043,"Gibson, Kyle",2022,2739,1.1
31,642086,"Smith, Dominic",2024,31,100
31,605333,"Leathersich, Jack",2017,105,29.5
31,670036,"Festa, Matt",2018,159,19.5
31,605155,"Brewer, Colten",2020,506,6.1
30,542881,"Anderson, Tyler",2024,2914,1
30,519455,"Zimmermann, Jordan",2021,82,36.6
30,571800,"Hutchison, Drew",2016,401,7.5
30,663776,"Sandoval, Patrick",2022,2456,1.2
30,434378,"Verlander, Justin",2023,2602,1.2
30,671096,"Abbott, Andrew",2025,1091,2.7
30,607074,"Rodón, Carlos",2021,2219,1.4
30,543135,"Eovaldi, Nathan",2018,1795,1.7
30,605170,"Caratini, Victor",2019,30,100
30,501936,"Buschmann, Matt",2016,64,46.9
30,658648,"Avila, Pedro",2022,70,42.9
30,657746,"Ryan, Joe",2023,2683,1.1
30,516414,"Peña, Ariel",2016,43,69.8
30,607030,"McCreery, Adam",2018,30,100
30,668881,"Greene, Hunter",2025,978,3.1
30,664948,"Misiewicz, Anthony",2024,30,100
30,666129,"Garrett, Braxton",2023,2479,1.2
30,608717,"Stratton, Chris",2017,1042,2.9
30,519144,"Porcello, Rick",2017,3383,0.9
30,673258,"Baez, Michel",2020,99,30.3
30,434563,"Ruiz, Carlos",2017,30,100
30,502624,"Anderson, Chase",2020,652,4.6
30,607054,"Peterson, Jace",2018,30,100
30,692230,"Rodriguez, Carlos",2025,74,40.5
30,547888,"Tanaka, Masahiro",2019,2787,1.1
30,543037,"Cole, Gerrit",2016,1938,1.5
30,444857,"Feldman, Scott",2017,1909,1.6
30,518774,"Harvey, Matt",2018,2535,1.2
30,668933,"Ashcraft, Graham",2022,1756,1.7
30,598265,"Bradley Jr., Jackie",2022,30,100
30,667498,"Dugger, Robert",2022,284,10.6
30,669372,"Ginn, J.T.",2025,394,7.6
30,594798,"deGrom, Jacob",2021,1226,2.4
30,518452,"Bettis, Chad",2018,1926,1.6
30,502190,"Leake, Mike",2017,2779,1.1
30,670712,"Brosseau, Mike",2023,30,100
30,643327,"Godley, Zack",2017,2436,1.2
30,606115,"Arcia, Orlando",2020,30,100
30,595411,"Sherriff, Ryan",2018,103,29.1
30,669199,"Bachar, Lake",2024,161,18.6
30,623454,"Anderson, Drew",2021,352,8.5
30,656970,"Smeltzer, Devin",2022,1129,2.7
30,457117,"Frieri, Ernesto",2017,124,24.2
30,660813,"Graterol, Brusdar",2024,101,29.7
30,456034,"Price, David",2017,1253,2.4
30,456387,"Feierabend, Ryan",2019,104,28.8
30,663321,"Hernandez, Nick",2025,30,100
30,660623,"Ynoa, Huascar",2019,66,45.5
30,455117,"Maldonado, Martín",2023,30,100
29,593958,"Rodriguez, Eduardo",2023,2446,1.2
29,642239,"Zastryzny, Rob",2017,247,11.7
29,621219,"Mills, Alec",2022,302,9.6
29,502188,"Samardzija, Jeff",2019,3006,1
29,691094,"Wynne, Randy",2025,47,61.7
29,571760,"Heaney, Andrew",2022,1230,2.4
29,686730,"Spiers, Carson",2025,245,11.8
29,674072,"Henry, Tommy",2025,107,27.1
29,641816,"Mahle, Tyler",2022,2101,1.4
29,460060,"Pennington, Cliff",2018,29,100
29,663978,"Paddack, Chris",2025,1323,2.2
29,622110,"Duffy, Matt",2023,29,100
29,681810,"Warren, Austin",2022,266,10.9
29,669276,"Lee, Dylan",2021,29,100
29,623364,"Wieck, Brad",2018,93,31.2
29,596825,"García, Robel",2021,29,100
29,676720,"Romero, Tommy",2022,191,15.2
29,573262,"Yastrzemski, Mike",2024,29,100
29,605152,"Bradley, Jed",2016,131,22.1
29,605240,"Fry, Jace",2021,136,21.3
29,543045,"Conley, Adam",2017,1723,1.7
29,594580,"Moll, Sam",2025,52,55.8
29,660896,"Alcala, Jorge",2019,29,100
29,663734,"Neidert, Nick",2020,132,22
29,630263,"Bourque, James",2019,29,100
29,502083,"McAllister, Zach",2023,123,23.6
29,621107,"Eflin, Zach",2018,2040,1.4
29,656457,"Gilbert, Tyler",2022,564,5.1
29,663941,"Beck, Tristan",2024,242,12
29,594798,"deGrom, Jacob",2019,3297,0.9
29,543542,"Meyer, Alex",2016,476,6.1
29,605288,"Houser, Adrian",2022,1848,1.6
29,605156,"Brooks, Aaron",2018,42,69
29,693312,"Nicolas, Kyle",2023,111,26.1
29,607237,"Garrett, Amir",2024,104,27.9
29,593604,"Baldonado, Alberto",2021,215,13.5
29,607200,"Fedde, Erick",2025,1328,2.2
29,650644,"Civale, Aaron",2020,1201,2.4
29,686730,"Spiers, Carson",2023,291,10
29,660761,"Suarez, José",2023,619,4.7
29,621389,"Blach, Ty",2023,1264,2.3
29,592866,"Williams, Trevor",2021,1537,1.9
29,621219,"Mills, Alec",2020,945,3.1
29,456501,"Cueto, Johnny",2021,1878,1.5
29,543135,"Eovaldi, Nathan",2021,2927,1
29,658791,"Huang, Wei-Chieh",2019,114,25.4
29,543903,"Webster, Allen",2018,55,52.7
29,657093,"Watkins, Spenser",2022,1642,1.8
29,605612,"Castro, Harold",2023,29,100
29,621058,"Moore, Andrew",2017,919,3.2
29,674072,"Henry, Tommy",2024,706,4.1
28,285079,"Dickey, R.A.",2016,2742,1
28,642708,"Rosario, Amed",2025,28,100
28,621366,"Borucki, Ryan",2018,1582,1.8
28,598287,"Ramirez, Noé",2017,214,13.1
28,622072,"Wood, Alex",2016,985,2.8
28,457918,"Happ, J.A.",2020,787,3.6
28,444482,"Peralta, David",2021,28,100
28,519455,"Zimmermann, Jordan",2020,108,25.9
28,607229,"Gsellman, Robert",2017,2049,1.4
28,670912,"Oviedo, Johan",2023,2980,0.9
28,641793,"Littell, Zack",2020,117,23.9
28,676606,"Margevicius, Nick",2019,958,2.9
28,664034,"France, Ty",2019,28,100
28,665093,"Grotz, Zac",2020,202,13.9
28,642701,"Santana, Dennis",2019,104,26.9
28,518586,"Culberson, Charlie",2022,28,100
28,650496,"Mejía, J.C.",2021,982,2.9
28,642336,"Mejía, Francisco",2021,28,100
28,622608,"Senzatela, Antonio",2021,2405,1.2
28,608337,"Giolito, Lucas",2018,3007,0.9
28,690986,"Harrison, Kyle",2025,388,7.2
28,285079,"Dickey, R.A.",2017,2924,1
28,543829,"Strange-Gordon, Dee",2022,28,100
28,592351,"Gray, Jon",2016,2793,1
28,657624,"James, Josh",2018,349,8
28,445926,"Chavez, Jesse",2025,69,40.6
28,546991,"Almora Jr., Albert",2021,28,100
28,471911,"Carrasco, Carlos",2022,2412,1.2
28,596295,"Gomber, Austin",2021,1851,1.5
28,605182,"Clevinger, Mike",2023,2100,1.3
28,641525,"Dixon, Brandon",2019,28,100
28,606993,"Hager, Jake",2022,28,100
28,657006,"Steele, Justin",2021,964,2.9
28,601713,"Pivetta, Nick",2018,2846,1
28,669145,"Zimmermann, Bruce",2022,1130,2.5
28,641771,"Kuhl, Chad",2022,2375,1.2
28,451783,"Molleken, Dustin",2016,167,16.8
28,596043,"Mengden, Daniel",2017,650,4.3
28,693855,"Seymour, Ian",2025,28,100
28,453329,"Buchholz, Clay",2018,1419,2
28,573166,"Smith, Murphy",2018,47,59.6
28,621078,"Lail, Brady",2021,28,100
28,623167,"Flexen, Chris",2017,911,3.1
28,547001,"Poteet, Cody",2024,384,7.3
28,543883,"Vincent, Nick",2021,182,15.4
28,663804,"Kowar, Jackson",2021,631,4.4
28,656212,"Barnes, Charlie",2021,655,4.3
28,620446,"Urena, Richard",2019,28,100
28,594056,"Guduan, Reymin",2018,40,70
28,554430,"Wheeler, Zack",2018,2884,1
28,545121,"Vargas, Ildemaro",2023,28,100
27,668800,"Knizner, Andrew",2024,36,75
27,571893,"Liberatore, Adam",2017,77,35.1
27,592773,"Stanek, Ryne",2020,189,14.3
27,641501,"Danish, Tyler",2016,41,65.9
27,434538,"Liriano, Francisco",2018,2265,1.2
27,621044,"Valentín, Jesmuel",2018,27,100
27,607352,"Biagini, Joe",2020,118,22.9
27,542881,"Anderson, Tyler",2017,1404,1.9
27,467008,"Strop, Pedro",2020,67,40.3
27,543900,"Webb, Daniel",2016,27,100
27,650633,"King, Michael",2019,41,65.9
27,523253,"Forsythe, Logan",2020,27,100
27,641438,"Carle, Shane",2019,187,14.4
27,405395,"Pujols, Albert",2022,27,100
27,435079,"Kinsler, Ian",2019,27,100
27,450729,"Fister, Doug",2016,3000,0.9
27,663562,"Davis, Noah",2023,601,4.5
27,656240,"Blewett, Scott",2020,62,43.5
27,611093,"Bracho, Silvino",2022,65,41.5
27,687847,"Church, Marc",2025,99,27.3
27,605388,"Morgan, Adam",2016,1947,1.4
27,518876,"Kelly, Merrill",2021,2425,1.1
27,681857,"Olson, Reese",2023,1743,1.5
27,674370,"Bido, Osvaldo",2023,940,2.9
27,622491,"Castillo, Luis",2017,1484,1.8
27,660422,"Guzmán, Jorge",2021,61,44.3
27,605200,"Davies, Zach",2019,2680,1
27,543483,"Magill, Matt",2016,82,32.9
27,666619,"Santos, Gregory",2022,67,40.3
27,686218,"Sheehan, Emmet",2023,1031,2.6
27,640454,"Krook, Matt",2024,27,100
27,608652,"Farrell, Luke",2020,119,22.7
27,640454,"Krook, Matt",2023,107,25.2
27,669330,"Wells, Tyler",2023,1903,1.4
27,607755,"Vasquez, Andrew",2021,27,100
27,641712,"Hudson, Dakota",2023,1317,2.1
27,641576,"Flores Jr., Bernardo",2020,27,100
27,679922,"Duran, Carlos",2025,27,100
27,680742,"Bowlan, Jonathan",2023,56,48.2
27,592273,"Drury, Brandon",2021,27,100
27,668942,"Rojas, Josh",2024,27,100
27,425772,"Mathis, Jeff",2019,27,100
27,656818,"Overton, Connor",2022,469,5.8
27,595939,"Ellis, Chris",2021,482,5.6
27,594902,"Lively, Ben",2019,27,100
27,660271,"Ohtani, Shohei",2021,2027,1.3
27,606625,"Moronta, Reyes",2017,110,24.5
26,571616,"Dermody, Matt",2022,26,100
26,607455,"Banda, Anthony",2018,190,13.7
26,689017,"Knack, Landon",2024,1149,2.3
26,605540,"Woodruff, Brandon",2021,2810,0.9
26,663568,"Kolek, Stephen",2025,821,3.2
26,519242,"Sale, Chris",2025,1486,1.7
26,640455,"Manaea, Sean",2021,2980,0.9
26,448179,"Hill, Rich",2018,2104,1.2
26,502327,"Santiago, Héctor",2016,3172,0.8
26,664202,"Cyr, Tyler",2023,26,100
26,446372,"Kluber, Corey",2021,1338,1.9
26,595928,"Curtiss, John",2019,48,54.2
26,592279,"Therrien, Jesen",2017,313,8.3
26,682073,"Hensley, David",2024,26,100
26,675650,"Mercado, Michael",2024,260,10
26,572283,"Younginer, Madison",2016,147,17.7
26,476123,"Marks, Justin",2017,26,100
26,646242,"Díaz, Jhonathan",2025,26,100
26,656954,"Sheffield, Justus",2018,57,45.6
26,669064,"Bailey, Brandon",2020,97,26.8
26,678692,"Henriquez, Ronny",2022,181,14.4
26,656382,"Doyle, Tommy",2020,76,34.2
26,539438,"Diamond, Scott",2016,26,100
26,592826,"Velasquez, Vince",2016,2213,1.2
26,642083,"Slegers, Aaron",2019,42,61.9
26,642834,"Bermúdez, Jonathan",2024,121,21.5
26,656550,"Holmes, Grant",2025,1302,2
26,701121,"VanWey, Logan",2025,160,16.3
26,543606,"Odorizzi, Jake",2021,1847,1.4
26,621011,"Schrock, Max",2022,26,100
26,607732,"Stallings, Jacob",2025,26,100
26,676083,"Junk, Janson",2023,110,23.6
26,623454,"Anderson, Drew",2018,221,11.8
26,592422,"Hursh, Jason",2016,49,53.1
26,657697,"Nittoli, Vinny",2021,26,100
26,543037,"Cole, Gerrit",2017,3298,0.8
26,640461,"Pinder, Chad",2022,26,100
26,664670,"Lopez, Alejo",2022,26,100
26,571800,"Hutchison, Drew",2021,339,7.7
26,571510,"Boyd, Matthew",2018,2860,0.9
26,656186,"Altavilla, Dan",2024,83,31.3
26,642851,"Wynns, Austin",2022,26,100
26,445060,"Nolasco, Ricky",2017,3091,0.8
26,518516,"Bumgarner, Madison",2017,1666,1.6
26,641743,"Kay, Anthony",2022,39,66.7
26,669717,"Wilson, Will",2025,26,100
26,528748,"Castellanos, Humberto",2022,748,3.5
26,461865,"Romine, Andrew",2017,26,100
26,502748,"Peacock, Brad",2021,95,27.4
26,448306,"Shields, James",2016,3133,0.8
26,676664,"Sears, JP",2024,2857,0.9
26,448179,"Hill, Rich",2017,2224,1.2
26,694973,"Skenes, Paul",2024,2125,1.2
26,573186,"Stroman, Marcus",2019,3047,0.9
26,518614,"Descalso, Daniel",2017,26,100
26,644374,"Chang, Yu",2022,26,100
26,596451,"Quinn, Roman",2018,42,61.9
26,542888,"Armstrong, Shawn",2016,201,12.9
26,676946,"Batten, Matthew",2022,26,100
25,680736,"Wrobleski, Justin",2024,592,4.2
25,554430,"Wheeler, Zack",2024,3134,0.8
25,592743,"Simmons, Andrelton",2022,25,100
25,504379,"Nicasio, Juan",2020,46,54.3
25,643565,"Tauchman, Mike",2021,25,100
25,642547,"Peralta, Freddy",2022,1353,1.8
25,701552,"Granillo, Andre",2025,71,35.2
25,669704,"Strowd, Kade",2025,25,100
25,488671,"Avila, Alex",2019,25,100
25,672282,"Detmers, Reid",2022,2181,1.1
25,458681,"Lynn, Lance",2020,1408,1.8
25,502578,"Barrett, Aaron",2019,68,36.8
25,669459,"Nelson, Kyle",2020,25,100
25,666818,"Frías, Luis",2021,68,36.8
25,451596,"Gallardo, Yovani",2018,1668,1.5
25,664744,"Espada, Jose",2023,25,100
25,802419,"Harrington, Thomas",2025,150,16.7
25,622065,"Young, Alex",2019,1325,1.9
25,456501,"Cueto, Johnny",2023,860,2.9
25,621121,"McCullers Jr., Lance",2016,1342,1.9
25,571927,"Matz, Steven",2019,2702,0.9
25,671162,"Thomas, Connor",2025,119,21
25,605218,"Edwards Jr., Carl",2025,47,53.2
25,491703,"Feliz, Neftalí",2021,67,37.3
25,592314,"Foltynewicz, Mike",2017,2770,0.9
25,676701,"Trejo, Alan",2023,25,100
25,665155,"Maton, Nick",2022,25,100
25,612672,"Chen, Wei-Yin",2018,2224,1.1
25,467827,"Parra, Gerardo",2019,25,100
25,669721,"Daniel, Davis",2023,218,11.5
25,673258,"Baez, Michel",2022,25,100
25,545333,"Bauer, Trevor",2017,3148,0.8
25,608337,"Giolito, Lucas",2020,1214,2.1
25,656887,"Reid-Foley, Sean",2023,164,15.2
25,670087,"Sittinger, Brandyn",2021,80,31.3
25,515052,"Guaipe, Mayckol",2016,120,20.8
25,592789,"Syndergaard, Noah",2022,2026,1.2
25,680694,"Bradish, Kyle",2023,2639,0.9
25,489119,"Miley, Wade",2020,285,8.8
25,613564,"Vosler, Jason",2023,25,100
25,607755,"Vasquez, Andrew",2018,101,24.8
25,607216,"Krehbiel, Joey",2021,133,18.8
25,643230,"Brault, Steven",2020,746,3.4
25,663362,"Waldron, Matt",2024,2450,1
25,640451,"Harvey, Hunter",2025,79,31.6
25,700241,"McGreevy, Michael",2025,257,9.7
25,670241,"Vines, Darius",2024,257,9.7
25,605135,"Bassitt, Chris",2024,2959,0.8
25,686993,"Sterner, Justin",2024,64,39.1
25,471083,"Montero, Miguel",2017,25,100
25,664584,"Romero, Jhon",2021,78,32.1
24,460077,"Butera, Drew",2018,24,100
24,594902,"Lively, Ben",2017,1411,1.7
24,622250,"Sborz, Josh",2020,44,54.5
24,669165,"Hurt, Kyle",2023,24,100
24,664157,"Bergen, Travis",2020,176,13.6
24,572971,"Keuchel, Dallas",2020,960,2.5
24,621107,"Eflin, Zach",2020,913,2.6
24,656954,"Sheffield, Justus",2021,1470,1.6
24,656876,"Rasmussen, Drew",2022,2239,1.1
24,573109,"Ramos, AJ",2020,66,36.4
24,656629,"Kopech, Michael",2025,70,34.3
24,683232,"Mears, Nick",2022,31,77.4
24,608334,"Fulmer, Carson",2017,427,5.6
24,641778,"Lauer, Eric",2018,2026,1.2
24,607229,"Gsellman, Robert",2020,278,8.6
24,641540,"Dunning, Dane",2025,52,46.2
24,621111,"Buehler, Walker",2018,2173,1.1
24,679525,"Marsh, Alec",2024,2161,1.1
24,542992,"Burns, Andy",2021,24,100
24,657746,"Ryan, Joe",2025,1264,1.9
24,676508,"Casparius, Ben",2024,156,15.4
24,518452,"Bettis, Chad",2016,3055,0.8
24,666674,"Colina, Edwar",2020,24,100
24,518748,"Grimm, Justin",2020,113,21.2
24,670174,"Winckowski, Josh",2022,1194,2
24,656716,"McKinstry, Zach",2024,24,100
24,686249,"Wiles, Nathan",2025,24,100
24,547943,"Ryu, Hyun Jin",2017,2128,1.1
24,605441,"Ríos, Yacksel",2020,62,38.7
24,657140,"Wright, Kyle",2019,351,6.8
24,471083,"Montero, Miguel",2016,31,77.4
24,622491,"Castillo, Luis",2020,1153,2.1
24,444876,"Escobar, Alcides",2022,24,100
24,613534,"Adams, Austin",2018,24,100
24,605155,"Brewer, Colten",2023,104,23.1
24,502624,"Anderson, Chase",2017,2254,1.1
24,430935,"Hamels, Cole",2019,2394,1
24,594987,"Sadler, Casey",2018,86,27.9
24,668676,"Plesac, Zach",2020,776,3.1
24,608334,"Fulmer, Carson",2018,657,3.7
24,642226,"Wotherspoon, Matt",2019,103,23.3
24,642060,"Sedlock, Cody",2022,71,33.8
24,668970,"Hollowell, Gavin",2024,29,82.8
24,543294,"Hendricks, Kyle",2021,2809,0.9
24,605200,"Davies, Zach",2016,2588,0.9
23,607067,"Rea, Colin",2024,2650,0.9
23,641531,"Dozier, Hunter",2022,23,100
23,664852,"Flaa, Jay",2021,61,37.7
23,677020,"Walker, Josh",2025,92,25
23,666207,"Pint, Riley",2024,102,22.5
23,595978,"Hedges, Austin",2025,23,100
23,657376,"Schmidt, Clarke",2020,126,18.3
23,687134,"Blalock, Bradley",2024,552,4.2
23,676702,"Stratton, Hunter",2025,51,45.1
23,690382,"Darrell-Hicks, Michael",2025,134,17.2
23,600301,"Motter, Taylor",2018,23,100
23,628317,"Maeda, Kenta",2020,986,2.3
23,621111,"Buehler, Walker",2022,1046,2.2
23,665625,"Peguero, Elvis",2025,146,15.8
23,543475,"Lyles, Jordan",2022,2988,0.8
23,700669,"Graceffo, Gordon",2024,105,21.9
23,553902,"Astudillo, Willians",2022,23,100
23,621433,"Phillips, Brett",2021,23,100
23,647336,"Soroka, Michael",2019,2557,0.9
23,699134,"Rodriguez, Bradgley",2025,25,92
23,595928,"Curtiss, John",2024,38,60.5
23,514669,"Martín, Rafael",2016,59,39
23,606162,"Ramírez, Yefry",2021,23,100
23,664299,"Javier, Cristian",2022,2554,0.9
23,502171,"Cobb, Alex",2018,2437,0.9
23,622253,"Tate, Dillon",2025,118,19.5
23,571863,"Koch, Matt",2024,23,100
23,641490,"Crockett, Kyle",2017,42,54.8
23,600858,"Arteaga, Humberto",2019,23,100
23,502190,"Leake, Mike",2016,2659,0.9
23,424144,"Pérez, Oliver",2022,73,31.5
23,623381,"Pannone, Thomas",2023,59,39
23,518790,"Heston, Chris",2016,110,20.9
23,467100,"Nova, Iván",2018,2529,0.9
23,450172,"Volquez, Edinson",2017,1516,1.5
23,660730,"Rodriguez, Elvin",2023,47,48.9
23,676617,"O'Brien, Riley",2022,23,100
23,543380,"Jungmann, Taylor",2016,513,4.5
23,669461,"Liberatore, Matthew",2022,650,3.5
23,545121,"Vargas, Ildemaro",2024,23,100
23,490063,"Garza, Matt",2017,1910,1.2
23,656686,"Martin, Corbin",2022,429,5.4
23,491696,"Sucre, Jesús",2018,23,100
23,660761,"Suarez, José",2022,1783,1.3
23,518774,"Harvey, Matt",2020,247,9.3
23,571710,"Givens, Mychal",2023,89,25.8
23,685107,"Veneziano, Anthony",2024,242,9.5
23,450308,"Weaver, Jered",2016,2835,0.8
23,620454,"Castillo, José",2023,23,100
23,607320,"Merritt, Ryan",2016,127,18.1
23,605182,"Clevinger, Mike",2017,2104,1.1
23,523989,"De La Rosa, Rubby",2017,125,18.4
22,571466,"Barnhart, Tucker",2025,22,100
22,448801,"Davis, Chris",2019,22,100
22,572971,"Keuchel, Dallas",2021,2726,0.8
22,658551,"Fernández, Junior",2020,61,36.1
22,686790,"McDonald, Trevor",2024,39,56.4
22,500779,"Quintana, Jose",2022,2724,0.8
22,502273,"Freeman, Mike",2017,22,100
22,682274,"Hiraldo, Yaramil",2025,22,100
22,668678,"Gallen, Zac",2022,2935,0.7
22,622492,"Mella, Keury",2021,50,44
22,667725,"Tyler, Kyle",2022,40,55
22,571578,"Corbin, Patrick",2021,2750,0.8
22,701542,"Warren, Will",2024,458,4.8
22,605200,"Davies, Zach",2022,2292,1
22,669214,"Menez, Conner",2022,24,91.7
22,642547,"Peralta, Freddy",2018,1382,1.6
22,656970,"Smeltzer, Devin",2021,52,42.3
22,573186,"Stroman, Marcus",2021,2741,0.8
22,675540,"Curry, Xzavion",2025,56,39.3
22,612672,"Chen, Wei-Yin",2017,493,4.5
22,669302,"Gilbert, Logan",2023,2922,0.8
22,460077,"Butera, Drew",2016,22,100
22,425794,"Wainwright, Adam",2020,930,2.4
22,605540,"Woodruff, Brandon",2023,1043,2.1
22,677960,"Weathers, Ryan",2023,1073,2.1
22,596043,"Mengden, Daniel",2016,1309,1.7
22,489119,"Miley, Wade",2019,2968,0.7
22,675627,"Grove, Michael",2022,472,4.7
22,543037,"Cole, Gerrit",2024,1534,1.4
22,664192,"Lucchesi, Joey",2021,646,3.4
22,446099,"Axford, John",2021,22,100
22,642232,"Yarbrough, Ryan",2021,2488,0.9
22,656716,"McKinstry, Zach",2023,22,100
22,676606,"Margevicius, Nick",2020,679,3.2
22,112526,"Colon, Bartolo",2017,2286,1
22,664074,"Ponce, Cody",2021,712,3.1
22,594027,"Guerrero, Tayron",2016,22,100
22,642098,"Sparkman, Glenn",2017,55,40
22,429719,"Jackson, Edwin",2017,1302,1.7
22,650911,"Sánchez, Cristopher",2021,211,10.4
22,592330,"Garner, Perci",2016,180,12.2
22,640455,"Manaea, Sean",2022,2482,0.9
22,622491,"Castillo, Luis",2018,2778,0.8
22,594840,"Grace, Matt",2020,36,61.1
22,664714,"Newsome, Ljay",2020,255,8.6
22,676961,"Boushley, Caleb",2024,63,34.9
22,543037,"Cole, Gerrit",2022,3274,0.7
22,623454,"Anderson, Drew",2017,57,38.6
22,607237,"Garrett, Amir",2017,1236,1.8
22,641447,"Castano, Daniel",2023,69,31.9
22,598271,"Johnson, Brian",2017,448,4.9
22,664682,"Meisinger, Ryan",2020,62,35.5
22,621244,"Berríos, José",2021,3043,0.7
22,543594,"Nolin, Sean",2023,62,35.5
22,624407,"Lin, Tzu-Wei",2020,22,100
22,607461,"Beaty, Matt",2023,22,100
22,622492,"Mella, Keury",2017,55,40
22,641656,"Hamilton, Ian",2020,83,26.5
22,621139,"Kriske, Brooks",2020,109,20.2
22,686613,"Brown, Hunter",2022,309,7.1
22,592833,"Wahl, Bobby",2018,112,19.6
22,681987,"Eaton, Nate",2023,22,100
21,596101,"Shafer, Justin",2018,146,14.4
21,592332,"Gausman, Kevin",2025,1400,1.5
21,592254,"De León, José",2019,80,26.3
21,622088,"Antone, Tejay",2020,593,3.5
21,457456,"Reyes, Jo-Jo",2016,36,58.3
21,606996,"Hart, Kyle",2020,260,8.1
21,571927,"Matz, Steven",2020,633,3.3
21,505447,"Dickson, Brandon",2021,35,60
21,657041,"Thomas, Lane",2023,21,100
21,663978,"Paddack, Chris",2019,2280,0.9
21,608566,"Márquez, Germán",2016,351,6
21,663878,"Pearson, Nate",2025,170,12.4
21,622268,"Walton, Donovan",2022,21,100
21,519222,"Romine, Austin",2019,21,100
21,572070,"Richards, Garrett",2020,788,2.7
21,592254,"De León, José",2021,347,6.1
21,434671,"Sánchez, Aníbal",2019,2690,0.8
21,677955,"Hill, Jaden",2025,52,40.4
21,543456,"Lobstein, Kyle",2021,34,61.8
21,607706,"Roth, Michael",2016,82,25.6
21,594835,"Gonzales, Marco",2021,2324,0.9
21,518435,"Barreda, Manny",2021,48,43.8
21,641312,"Anderson, Shaun",2022,21,100
21,448602,"Reynolds, Mark",2019,21,100
21,594809,"Eaton, Adam",2021,21,100
21,664129,"Hartlieb, Geoff",2024,138,15.2
21,607320,"Merritt, Ryan",2017,320,6.6
21,663978,"Paddack, Chris",2024,1460,1.4
21,676689,"Karcher, Ricky",2023,21,100
21,573131,"Ruf, Darin",2021,21,100
21,592826,"Velasquez, Vince",2021,1750,1.2
21,572021,"Pazos, James",2016,58,36.2
21,664062,"Gonsolin, Tony",2020,705,3
21,681911,"Vesia, Alex",2020,133,15.8
21,518516,"Bumgarner, Madison",2019,3244,0.6
21,457918,"Happ, J.A.",2018,3051,0.7
21,676272,"Miller, Bobby",2025,116,18.1
21,607200,"Fedde, Erick",2024,2891,0.7
21,518633,"Duffy, Danny",2018,2785,0.8
21,664123,"Effross, Scott",2024,55,38.2
21,543243,"Gray, Sonny",2019,2909,0.7
21,608703,"Reynolds, Matt",2022,21,100
21,593372,"Martinez, Carlos",2021,1281,1.6
21,501303,"Adrianza, Ehire",2019,21,100
21,624418,"Castellani, Ryan",2022,45,46.7
21,502327,"Santiago, Héctor",2017,1236,1.7
21,640464,"Stewart, Kohl",2021,237,8.9
21,434778,"Morales, Kendrys",2019,21,100
21,642048,"Saucedo, Tayler",2025,84,25
21,460576,"Gómez, Carlos",2018,21,100
21,572888,"Greene, Shane",2023,42,50
21,571697,"Gennett, Scooter",2017,21,100
21,571539,"Carasiti, Matt",2019,185,11.4
21,594951,"O'Rourke, Ryan",2019,21,100
21,677960,"Weathers, Ryan",2021,1617,1.3
21,686799,"Kochanowicz, Jack",2024,859,2.4
21,621532,"Bemboom, Anthony",2021,21,100
20,542881,"Anderson, Tyler",2021,2602,0.8
20,656557,"Houck, Tanner",2024,2735,0.7
20,676766,"Snyder, Nick",2021,59,33.9
20,594736,"Anderson, Cody",2019,193,10.4
20,664789,"Tom, Ka'ai",2021,20,100
20,676391,"Clement, Ernie",2023,20,100
20,607192,"Glasnow, Tyler",2024,2011,1
20,675971,"Dohy, Kyle",2021,20,100
20,448802,"García, Jaime",2017,2430,0.8
20,608718,"Suter, Brent",2019,233,8.6
20,663623,"Irvin, Jake",2025,1380,1.4
20,656725,"McRae, Alex",2020,33,60.6
20,571927,"Matz, Steven",2022,849,2.4
20,593643,"Alberto, Hanser",2019,20,100
20,534812,"Quackenbush, Kevin",2021,20,100
20,493114,"Aoki, Norichika",2017,20,100
20,518516,"Bumgarner, Madison",2021,2294,0.9
20,519144,"Porcello, Rick",2019,2960,0.7
20,592499,"Lewicki, Artie",2017,192,10.4
20,545333,"Bauer, Trevor",2020,1165,1.7
20,543063,"Crawford, Brandon",2023,20,100
20,605164,"Bundy, Dylan",2022,2180,0.9
20,656849,"Peterson, David",2023,1966,1
20,607200,"Fedde, Erick",2021,2410,0.8
20,592826,"Velasquez, Vince",2018,2471,0.8
20,656756,"Montgomery, Jordan",2022,2715,0.7
20,592454,"Kahnle, Tommy",2020,20,100
20,471911,"Carrasco, Carlos",2023,1587,1.3
20,554430,"Wheeler, Zack",2023,3155,0.6
20,571912,"Maile, Luke",2021,20,100
20,642659,"Espinal, Raynel",2021,36,55.6
20,543391,"Kelly, Casey",2024,78,25.6
20,592826,"Velasquez, Vince",2020,650,3.1
20,282332,"Sabathia, CC",2017,2340,0.9
20,641447,"Castano, Daniel",2020,474,4.2
20,685410,"Battenfield, Peyton",2023,551,3.6
20,425772,"Mathis, Jeff",2018,20,100
20,642083,"Slegers, Aaron",2018,216,9.3
20,570240,"Peña, Félix",2021,65,30.8
20,623437,"Topa, Justin",2024,20,100
20,657140,"Wright, Kyle",2022,2697,0.7
20,695243,"Miller, Mason",2023,609,3.3
20,593144,"Rodríguez, Richard",2017,120,16.7
20,456701,"Bailey, Homer",2018,1789,1.1
20,666207,"Pint, Riley",2023,20,100
20,681871,"Villalobos, Eli",2024,71,28.2
20,669395,"Coleman, Dylan",2021,109,18.3
20,605170,"Caratini, Victor",2018,20,100
20,608331,"Fried, Max",2019,2670,0.7
20,660844,"Rivas, Leo",2024,20,100
20,621294,"Heller, Ben",2020,111,18
20,544931,"Strasburg, Stephen",2018,2161,0.9
20,571911,"Magnifico, Damien",2017,20,100
20,686294,"Willingham, Amos",2024,20,100
19,458681,"Lynn, Lance",2019,3553,0.5
19,669270,"Kuhnel, Joel",2020,57,33.3
19,595897,"Burdi, Nick",2025,83,22.9
19,453178,"Kennedy, Ian",2017,2641,0.7
19,666129,"Garrett, Braxton",2024,588,3.2
19,607215,"Skoglund, Eric",2017,387,4.9
19,672782,"Gómez, Yoendrys",2023,30,63.3
19,676664,"Sears, JP",2022,1079,1.8
19,571437,"Altherr, Aaron",2019,19,100
19,666659,"Lao, Sauryn",2025,37,51.4
19,671096,"Abbott, Andrew",2023,1897,1
19,664139,"Gibaut, Ian",2024,40,47.5
19,435221,"McCarthy, Brandon",2017,1447,1.3
19,572761,"Carpenter, Matt",2021,26,73.1
19,543606,"Odorizzi, Jake",2016,3308,0.6
19,643603,"White, Tyler",2017,19,100
19,688138,"Evans, Logan",2025,610,3.1
19,694813,"Stone, Gavin",2024,2152,0.9
19,571479,"Bellatti, Andrew",2021,83,22.9
19,642028,"Rogers, Josh",2021,533,3.6
19,608700,"Plawecki, Kevin",2019,19,100
19,676710,"Crawford, Kutter",2024,2823,0.7
19,668933,"Ashcraft, Graham",2023,2324,0.8
19,571578,"Corbin, Patrick",2022,2623,0.7
19,621098,"Hanhold, Eric",2021,189,10.1
19,543101,"DeSclafani, Anthony",2018,1792,1.1
19,547942,"Kim, Kwang Hyun",2020,613,3.1
19,682989,"Mederos, Victor",2025,56,33.9
19,462136,"Estrada, Marco",2017,3246,0.6
19,571577,"Copeland, Scott",2018,22,86.4
19,605540,"Woodruff, Brandon",2020,1211,1.6
19,657766,"St. John, Locke",2022,29,65.5
19,656887,"Reid-Foley, Sean",2019,612,3.1
19,656290,"Carlton, Drew",2021,73,26
19,599683,"Saupold, Warwick",2016,153,12.4
19,596142,"Sánchez, Gary",2025,19,100
19,514913,"Tejada, Rubén",2016,19,100
19,518633,"Duffy, Danny",2017,2277,0.8
19,450314,"Zobrist, Ben",2019,19,100
19,502624,"Anderson, Chase",2022,493,3.9
19,457711,"O'Sullivan, Sean",2016,358,5.3
19,456501,"Cueto, Johnny",2017,2533,0.8
19,670955,"Uceta, Edwin",2023,51,37.3
19,543135,"Eovaldi, Nathan",2025,1065,1.8
19,461829,"González, Gio",2018,3022,0.6
19,621112,"Blackburn, Paul",2019,224,8.5
19,666129,"Garrett, Braxton",2021,604,3.1
19,475247,"Flaherty, Ryan",2016,19,100
19,642100,"Speier, Gabe",2021,105,18.1
19,650633,"King, Michael",2024,2895,0.7
19,641329,"Baker, Bryan",2021,19,100
19,663399,"Waddell, Brandon",2025,169,11.2
19,570810,"Bonilla, Lisalverto",2017,652,2.9
18,543305,"Hicks, Aaron",2024,18,100
18,501957,"Tillman, Chris",2017,1795,1
18,456379,"Alburquerque, Al",2016,48,37.5
18,675911,"Strider, Spencer",2023,3100,0.6
18,623167,"Flexen, Chris",2018,151,11.9
18,664871,"Dowdy, Kyle",2022,95,18.9
18,518876,"Kelly, Merrill",2020,473,3.8
18,676282,"Cantillo, Joey",2024,711,2.5
18,660844,"Rivas, Leo",2025,18,100
18,657117,"Williams, Austen",2019,29,62.1
18,605479,"Smith, Josh D.",2020,43,41.9
18,608654,"Field, Johnny",2018,18,100
18,605397,"Musgrove, Joe",2018,1628,1.1
18,676083,"Junk, Janson",2022,159,11.3
18,656669,"Luplow, Jordan",2021,18,100
18,663465,"Allard, Kolby",2023,199,9
18,541650,"Pérez, Hernán",2018,72,25
18,502748,"Peacock, Brad",2019,1510,1.2
18,656458,"Gilbreath, Lucas",2024,47,38.3
18,592836,"Walker, Taijuan",2022,2500,0.7
18,641871,"Middleton, Keynan",2019,143,12.6
18,506702,"León, Sandy",2023,18,100
18,608700,"Plawecki, Kevin",2022,18,100
18,591741,"Osuna, José",2019,31,58.1
18,669721,"Daniel, Davis",2025,18,100
18,605483,"Snell, Blake",2024,1773,1
18,543734,"Rusin, Chris",2019,25,72
18,605452,"Ross, Joe",2021,1700,1.1
18,425794,"Wainwright, Adam",2019,2876,0.6
18,666200,"Luzardo, Jesús",2024,1083,1.7
18,680862,"MacIver, Willie",2025,18,100
18,622569,"Reyes, Pablo",2024,18,100
18,503449,"Peralta, Wily",2021,1554,1.2
18,519242,"Sale, Chris",2023,1670,1.1
18,642180,"Wade, Tyler",2025,18,100
18,660593,"Reyes, Denyi",2022,117,15.4
18,605488,"Springs, Jeffrey",2025,1338,1.3
18,686563,"Cannon, Jonathan",2025,1093,1.6
18,572038,"Pinder, Branden",2016,18,100
18,642121,"Sulser, Cole",2024,292,6.2
18,657745,"Rossman, Bubby",2022,18,100
18,608700,"Plawecki, Kevin",2021,18,100
18,592836,"Walker, Taijuan",2024,1435,1.3
18,623507,"Lester, Josh",2023,18,100
18,622491,"Castillo, Luis",2022,2506,0.7
18,502239,"Cahill, Trevor",2021,665,2.7
18,623149,"Sewald, Paul",2020,129,14
18,663795,"Hagenman, Justin",2025,89,20.2
18,501303,"Adrianza, Ehire",2020,18,100
18,543101,"DeSclafani, Anthony",2023,1550,1.2
18,668868,"Thompson, Zack",2024,317,5.7
18,663372,"Feltner, Ryan",2024,2578,0.7
18,527048,"Pérez, Martín",2024,2204,0.8
18,592741,"Shreve, Chasen",2019,42,42.9
18,571510,"Boyd, Matthew",2025,1274,1.4
18,681962,"Capra, Vinny",2025,18,100
18,606303,"Payamps, Joel",2020,59,30.5
18,663432,"Rainey, Tanner",2023,18,100
18,663630,"McKenna, Ryan",2023,18,100
18,643396,"Kiner-Falefa, Isiah",2024,18,100
18,571510,"Boyd, Matthew",2021,1273,1.4
18,622569,"Reyes, Pablo",2025,18,100
18,628711,"Urías, Julio",2016,1416,1.3
18,572816,"Dickerson, Corey",2022,18,100
17,519455,"Zimmermann, Jordan",2017,2644,0.6
17,665152,"Kremer, Dean",2025,1373,1.2
17,656849,"Peterson, David",2024,1871,0.9
17,663903,"Singer, Brady",2020,1071,1.6
17,668670,"Rogers, Jake",2021,17,100
17,572020,"Paxton, James",2017,2268,0.7
17,461865,"Romine, Andrew",2016,17,100
17,448179,"Hill, Rich",2016,1819,0.9
17,571676,"Frankoff, Seth",2021,260,6.5
17,674370,"Bido, Osvaldo",2025,861,2
17,500610,"Guerra, Deolis",2019,17,100
17,680897,"Nastrini, Nick",2024,734,2.3
17,573185,"Straily, Dan",2017,3085,0.6
17,592341,"Goforth, David",2017,17,100
17,608566,"Márquez, Germán",2022,2839,0.6
17,461833,"Hughes, Phil",2016,907,1.9
17,673111,"Lopez, José",2023,51,33.3
17,571466,"Barnhart, Tucker",2022,17,100
17,677960,"Weathers, Ryan",2024,1413,1.2
17,621261,"Oswalt, Corey",2020,223,7.6
17,669424,"Lambert, Jimmy",2020,33,51.5
17,595881,"Beede, Tyler",2019,2028,0.8
17,607074,"Rodón, Carlos",2017,1181,1.4
17,670156,"Mastrobuoni, Miles",2023,17,100
17,689167,"Lindgren, Jeff",2023,97,17.5
17,547982,"Martin, Leonys",2017,17,100
17,656427,"Flaherty, Jack",2021,1353,1.3
17,608566,"Márquez, Germán",2017,2661,0.6
17,572020,"Paxton, James",2023,1690,1
17,641513,"Demeritte, Travis",2020,17,100
17,593619,"Tapia, Domingo",2020,80,21.3
17,605156,"Brooks, Aaron",2024,403,4.2
17,656798,"Nix, Jacob",2018,656,2.6
17,519048,"Moreland, Mitch",2021,17,100
17,571676,"Frankoff, Seth",2020,68,25
17,571858,"Kline, Branden",2020,88,19.3
17,458676,"Lindblom, Josh",2017,186,9.1
17,541650,"Pérez, Hernán",2017,17,100
17,452678,"Cabrera, Asdrúbal",2021,17,100
17,477132,"Kershaw, Clayton",2021,1806,0.9
17,622446,"Rodriguez, Jefry",2019,784,2.2
17,547874,"Iwakuma, Hisashi",2016,2981,0.6
17,671737,"Bradley, Taj",2023,1821,0.9
17,663366,"Burrows, Beau",2021,267,6.4
17,593969,"Aquino, Jayson",2017,237,7.2
17,596295,"Gomber, Austin",2024,2622,0.6
17,502210,"Reddick, Josh",2021,17,100
17,671109,"Eder, Jake",2024,45,37.8
17,656976,"Smith, Pavin",2024,17,100
17,543343,"Hultzen, Danny",2019,73,23.3
17,664641,"Miranda, Aríel",2016,908,1.9
17,595939,"Ellis, Chris",2019,17,100
17,518883,"Kiekhefer, Dean",2018,45,37.8
17,669721,"Daniel, Davis",2024,508,3.3
17,623167,"Flexen, Chris",2021,2811,0.6
17,675921,"Howard, Spencer",2021,936,1.8
17,571945,"Mikolas, Miles",2023,3197,0.5
17,643603,"White, Tyler",2016,17,100
17,656288,"Canning, Griffin",2020,965,1.8
17,543294,"Hendricks, Kyle",2025,1232,1.4
17,664196,"Anderson, Tanner",2018,171,9.9
17,669620,"Basso, Brady",2024,350,4.9
17,621593,"Castro, Anthony",2020,17,100
17,570666,"Cessa, Luis",2023,463,3.7
16,592662,"Ray, Robbie",2021,3141,0.5
16,665019,"Clemens, Kody",2024,16,100
16,592592,"Nicholas, Brett",2017,16,100
16,456068,"González, Miguel",2016,2100,0.8
16,703231,"Meeker, James",2024,16,100
16,670329,"Garcia, Rico",2019,99,16.2
16,608331,"Fried, Max",2025,1429,1.1
16,572821,"Dozier, Brian",2019,16,100
16,669060,"Wilson, Bryse",2022,1825,0.9
16,669211,"Akin, Keegan",2021,1768,0.9
16,592314,"Foltynewicz, Mike",2021,2236,0.7
16,641745,"Keller, Brad",2021,2348,0.7
16,621532,"Bemboom, Anthony",2020,16,100
16,676701,"Trejo, Alan",2025,16,100
16,686651,"Stoudt, Levi",2023,224,7.1
16,592717,"Sanchez, Aaron",2018,1794,0.9
16,622663,"Severino, Luis",2025,1566,1
16,682989,"Mederos, Victor",2024,107,15
16,670426,"Diehl, Phillip",2022,120,13.3
16,592753,"Slania, Dan",2017,16,100
16,661383,"Ortega, Oliver",2021,139,11.5
16,527054,"Teheran, Julio",2017,3074,0.5
16,446381,"Barney, Darwin",2016,16,100
16,502285,"Ladendorf, Tyler",2016,16,100
16,552640,"Kittredge, Andrew",2020,115,13.9
16,670032,"Lopez, Nicky",2022,16,100
16,573009,"Mantiply, Joe",2020,57,28.1
16,434778,"Morales, Kendrys",2018,16,100
16,641420,"Burdi, Zack",2023,75,21.3
16,605228,"Fernández, José",2016,2940,0.5
16,572020,"Paxton, James",2019,2665,0.6
16,592811,"Triggs, Andrew",2020,165,9.7
16,608648,"Duffey, Tyler",2016,2278,0.7
16,663432,"Rainey, Tanner",2025,156,10.3
16,621261,"Oswalt, Corey",2021,156,10.3
16,605483,"Snell, Blake",2021,2347,0.7
16,605498,"Suárez, Andrew",2020,170,9.4
16,605361,"Martini, Nick",2019,16,100
16,607200,"Fedde, Erick",2020,850,1.9
16,607074,"Rodón, Carlos",2016,2795,0.6
16,630023,"Chirinos, Yonny",2019,1985,0.8
16,502043,"Gibson, Kyle",2017,2610,0.6
16,445055,"Jay, Jon",2017,16,100
16,608379,"Wacha, Michael",2018,1419,1.1
16,608379,"Wacha, Michael",2022,1949,0.8
16,543557,"Montgomery, Mike",2020,97,16.5
16,488818,"d'Arnaud, Chase",2018,16,100
16,641645,"Guillorme, Luis",2021,16,100
16,656232,"Bielak, Brandon",2023,1388,1.2
16,656725,"McRae, Alex",2021,49,32.7
16,491624,"Valdez, César",2022,16,100
16,596143,"Sardinas, Luis",2017,16,100
16,669395,"Coleman, Dylan",2024,16,100
16,543901,"Weber, Ryan",2018,74,21.6
16,660431,"Perez, Hector",2020,33,48.5
16,594772,"Buchanan, Jake",2016,82,19.5
16,691799,"Taylor, Grant",2025,64,25
16,676886,"Beasley, Jeremy",2020,16,100
16,595191,"Eickhoff, Jerad",2018,98,16.3
16,673858,"Wong, Jake",2023,57,28.1
16,500871,"Escobar, Eduardo",2016,16,100
16,592407,"Holaday, Bryan",2021,16,100
16,607067,"Rea, Colin",2023,2016,0.8
16,605397,"Musgrove, Joe",2022,2834,0.6
16,429719,"Jackson, Edwin",2018,1482,1.1
16,576397,"Gyorko, Jedd",2018,16,100
16,676391,"Clement, Ernie",2024,16,100
16,541650,"Pérez, Hernán",2021,16,100
16,664068,"Kingery, Scott",2018,16,100
16,624414,"Arroyo, Christian",2021,16,100
16,430634,"Burnett, Sean",2016,88,18.2
16,516472,"Arcia, Francisco",2018,32,50
15,650911,"Sánchez, Cristopher",2025,1346,1.1
15,570632,"Ureña, José",2021,1695,0.9
15,650489,"Castro, Willi",2024,15,100
15,677076,"Andrews, Clayton",2024,15,100
15,657006,"Steele, Justin",2023,2678,0.6
15,501817,"Barnette, Tony",2019,25,60
15,681885,"Lee, Evan",2022,165,9.1
15,592314,"Foltynewicz, Mike",2019,1888,0.8
15,605276,"Hess, David",2018,1752,0.9
15,572021,"Pazos, James",2019,149,10.1
15,573185,"Straily, Dan",2018,2136,0.7
15,543193,"Gagnon, Drew",2018,210,7.1
15,572365,"Goins, Ryan",2016,15,100
15,683021,"Stefanic, Michael",2024,15,100
15,668472,"Pratto, Nick",2024,15,100
15,621139,"Kriske, Brooks",2025,30,50
15,592254,"De León, José",2017,69,21.7
15,676206,"Tarnok, Freddy",2025,31,48.4
15,607625,"Lugo, Seth",2017,1641,0.9
15,663362,"Waldron, Matt",2023,673,2.2
15,641540,"Dunning, Dane",2022,2548,0.6
15,607468,"Blandino, Alex",2018,15,100
15,435622,"Desmond, Ian",2019,15,100
15,518693,"Freeman, Sam",2019,40,37.5
15,669854,"Blanco, Ronel",2025,794,1.9
15,542914,"Bass, Anthony",2017,111,13.5
15,656266,"Bukauskas, J.B.",2024,88,17
15,543243,"Gray, Sonny",2016,1947,0.8
15,571035,"Cuevas, William",2017,15,100
15,605218,"Edwards Jr., Carl",2020,56,26.8
15,614179,"Ruiz, José",2017,15,100
15,686613,"Brown, Hunter",2023,2720,0.6
15,602922,"Rondón, José",2019,15,100
15,607067,"Rea, Colin",2021,91,16.5
15,542881,"Anderson, Tyler",2023,2431,0.6
15,502043,"Gibson, Kyle",2023,3038,0.5
15,641927,"Ober, Bailey",2025,1288,1.2
15,664901,"Mendick, Danny",2021,15,100
15,676755,"Mattson, Isaac",2024,100,15
15,668881,"Greene, Hunter",2022,2200,0.7
15,623437,"Topa, Justin",2020,119,12.6
15,647351,"Toro, Abraham",2025,15,100
15,606299,"Peraza, José",2019,15,100
15,543135,"Eovaldi, Nathan",2022,1739,0.9
15,547179,"Lorenzen, Michael",2022,1654,0.9
15,642578,"Rodríguez, José",2023,48,31.3
15,489119,"Miley, Wade",2017,3054,0.5
15,664901,"Mendick, Danny",2024,15,100
15,659275,"Lamet, Dinelson",2020,1046,1.4
15,461865,"Romine, Andrew",2021,15,100
15,594580,"Moll, Sam",2017,147,10.2
15,645801,"Ford, Mike",2022,15,100
15,680572,"Kloffenstein, Adam",2024,15,100
15,676051,"Heuer, Codi",2025,20,75
15,450203,"Morton, Charlie",2021,2987,0.5
15,635903,"Rowley, Chris",2018,15,100
15,658305,"García, Edgar",2020,68,22.1
15,571771,"Hernández, Enrique",2018,15,100
15,570560,"Sánchez, Yolmer",2022,15,100
15,663687,"Harris, Hogan",2023,1109,1.4
15,621011,"Schrock, Max",2021,15,100
15,605164,"Bundy, Dylan",2021,1524,1
15,682515,"Porter, Logan",2025,15,100
15,458678,"Broadway, Mike",2016,85,17.6
15,668834,"McGee, Easton",2022,46,32.6
15,543243,"Gray, Sonny",2017,2664,0.6
15,605200,"Davies, Zach",2017,3089,0.5
15,657053,"Toussaint, Touki",2018,476,3.2
15,623520,"Bote, David",2024,15,100
15,594943,"Neal, Zach",2018,15,100
15,668670,"Rogers, Jake",2025,15,100
15,518586,"Culberson, Charlie",2021,15,100
14,622766,"Díaz, Miguel",2022,56,25
14,601713,"Pivetta, Nick",2021,2745,0.5
14,502087,"Chapman, Kevin",2016,147,9.5
14,489448,"Zagurski, Mike",2018,40,35
14,605200,"Davies, Zach",2020,1055,1.3
14,592662,"Ray, Robbie",2016,3176,0.4
14,641384,"Bostick, Akeem",2021,14,100
14,669302,"Gilbert, Logan",2022,3015,0.5
14,282332,"Sabathia, CC",2016,2910,0.5
14,664139,"Gibaut, Ian",2021,104,13.5
14,592407,"Holaday, Bryan",2016,18,77.8
14,435522,"Walker, Neil",2020,14,100
14,676766,"Snyder, Nick",2022,33,42.4
14,642520,"Garabito, Gerson",2025,121,11.6
14,453286,"Scherzer, Max",2023,2465,0.6
14,592419,"Hoying, Jared",2016,14,100
14,571578,"Corbin, Patrick",2025,1131,1.2
14,545333,"Bauer, Trevor",2021,1787,0.8
14,425794,"Wainwright, Adam",2017,2155,0.6
14,596027,"Maples, Dillon",2020,40,35
14,605452,"Ross, Joe",2017,1204,1.2
14,656427,"Flaherty, Jack",2018,2587,0.5
14,615868,"Concepción, Gerardo",2016,45,31.1
14,641995,"Ramírez, Roel",2021,14,100
14,657770,"Stout, Eric",2018,51,27.5
14,605452,"Ross, Joe",2016,1708,0.8
14,543510,"McCann, James",2023,14,100
14,572971,"Keuchel, Dallas",2019,1864,0.8
14,663776,"Sandoval, Patrick",2023,2620,0.5
14,641525,"Dixon, Brandon",2018,14,100
14,452061,"Phillips, Zach",2016,113,12.4
14,643320,"Gardewine, Nick",2017,166,8.4
14,596043,"Mengden, Daniel",2022,119,11.8
14,605347,"López, Jorge",2020,635,2.2
14,518633,"Duffy, Danny",2019,2161,0.6
14,687830,"Gipson-Long, Sawyer",2025,176,8
14,605170,"Caratini, Victor",2022,14,100
14,607455,"Banda, Anthony",2017,418,3.3
14,570731,"Schoop, Jonathan",2023,17,82.4
14,607054,"Peterson, Jace",2021,40,35
14,669373,"Skubal, Tarik",2024,2866,0.5
14,600526,"Torres, José",2016,58,24.1
14,621381,"Strahm, Matt",2021,136,10.3
14,425844,"Greinke, Zack",2020,1060,1.3
14,680430,"Allgeyer, Nick",2021,14,100
14,691172,"Zulueta, Yosver",2025,38,36.8
14,681857,"Olson, Reese",2025,801,1.7
14,657508,"Baumann, Mike",2021,185,7.6
14,607455,"Banda, Anthony",2019,59,23.7
14,543258,"Guilmet, Preston",2021,29,48.3
14,664062,"Gonsolin, Tony",2022,2015,0.7
14,453286,"Scherzer, Max",2020,1213,1.2
14,678821,"Peralta, Luis",2025,192,7.3
14,672860,"Berroa, Prelander",2023,41,34.1
14,656669,"Luplow, Jordan",2023,14,100
14,592833,"Wahl, Bobby",2020,38,36.8
14,592165,"Brennan, Brandon",2020,117,12
14,669145,"Zimmermann, Bruce",2020,107,13.1
14,503444,"De La Cruz, Joel",2016,1008,1.4
14,434671,"Sánchez, Aníbal",2018,2130,0.7
14,596001,"Junis, Jakob",2020,394,3.6
14,456488,"Núñez, Eduardo",2019,14,100
14,606299,"Peraza, José",2020,14,100
14,519008,"McFarland, T.J.",2023,51,27.5
14,519048,"Moreland, Mitch",2017,14,100
14,663460,"Bubic, Kris",2022,2262,0.6
14,641598,"Garver, Mitch",2018,14,100
14,502171,"Cobb, Alex",2022,2418,0.6
13,607215,"Skoglund, Eric",2018,1088,1.2
13,643327,"Godley, Zack",2020,553,2.4
13,592346,"González, Chi Chi",2021,1635,0.8
13,608686,"Mayfield, Jack",2022,13,100
13,541640,"Ramírez, Erasmo",2019,41,31.7
13,503449,"Peralta, Wily",2016,2132,0.6
13,606167,"Mejía, Adalberto",2018,357,3.6
13,670241,"Vines, Darius",2023,308,4.2
13,642133,"Tellez, Rowdy",2023,13,100
13,572208,"Tolliver, Ashur",2017,85,15.3
13,621052,"Reyes, Alex",2019,71,18.3
13,663399,"Waddell, Brandon",2020,49,26.5
13,543294,"Hendricks, Kyle",2023,2108,0.6
13,622268,"Walton, Donovan",2024,13,100
13,489119,"Miley, Wade",2018,1291,1
13,607231,"Gant, John",2017,290,4.5
13,573016,"Martin, Kyle",2017,42,31
13,622795,"Méndez, Yohander",2018,492,2.6
13,642528,"Loáisiga, Jonathan",2024,61,21.3
13,430947,"Aybar, Erick",2017,13,100
13,623451,"Stephens, Jackson",2017,414,3.1
13,621550,"Wisdom, Patrick",2024,13,100
13,453178,"Kennedy, Ian",2018,2060,0.6
13,657193,"Alvarez, Eddy",2024,13,100
13,656657,"Logue, Zach",2022,1022,1.3
13,543776,"Shuck, JB",2019,13,100
13,669935,"Alexy, A.J.",2022,152,8.6
13,606131,"Perdomo, Luis",2018,831,1.6
13,621244,"Berríos, José",2024,2914,0.4
13,663738,"Lynch IV, Daniel",2021,1257,1
13,663623,"Irvin, Jake",2024,3046,0.4
13,579328,"Kikuchi, Yusei",2024,2923,0.4
13,663531,"Allen, Logan",2021,874,1.5
13,453943,"Frazier, Todd",2020,13,100
13,624427,"Gonsalves, Stephen",2021,82,15.9
13,664045,"Eshelman, Thomas",2021,441,2.9
13,543424,"Lamb, John",2016,1264,1
13,686752,"Pepiot, Ryan",2022,737,1.8
13,670242,"Wallner, Matt",2024,21,61.9
13,646242,"Díaz, Jhonathan",2022,236,5.5
13,656924,"Ryan, Ryder",2023,13,100
13,543243,"Gray, Sonny",2024,2483,0.5
13,571666,"Fiers, Mike",2017,2630,0.5
13,543776,"Shuck, JB",2016,13,100
13,656725,"McRae, Alex",2018,134,9.7
13,543219,"Gilmartin, Sean",2017,80,16.3
13,593160,"Merrifield, Whit",2022,13,100
13,592407,"Holaday, Bryan",2020,13,100
13,622703,"Herrera, Ronald",2017,45,28.9
13,669060,"Wilson, Bryse",2019,356,3.7
13,678316,"Cruz, Omar",2025,81,16
13,679525,"Marsh, Alec",2023,1342,1
13,456167,"Griffin, A.J.",2016,2063,0.6
13,660825,"Bazardo, Eduard",2021,52,25
13,608371,"Sims, Lucas",2017,985,1.3
13,808967,"Yamamoto, Yoshinobu",2024,1469,0.9
13,661440,"Llovera, Mauricio",2020,41,31.7
13,670950,"Richards, Trevor",2020,576,2.3
13,676440,"Bibee, Tanner",2023,2326,0.6
13,669022,"Gore, MacKenzie",2022,1258,1
13,543148,"Federowicz, Tim",2019,13,100
13,656803,"Norwood, James",2020,32,40.6
13,641658,"Hampson, Garrett",2024,13,100
13,677976,"Dobnak, Randy",2025,79,16.5
13,677649,"Duran, Ezequiel",2025,13,100
13,693821,"Elder, Bryce",2025,967,1.3
13,678394,"Bello, Brayan",2024,2710,0.5
13,570560,"Sánchez, Yolmer",2020,13,100
13,490063,"Garza, Matt",2016,1717,0.8
12,456701,"Bailey, Homer",2019,2836,0.4
12,571666,"Fiers, Mike",2018,2683,0.4
12,666201,"Manoah, Alek",2021,1845,0.7
12,605469,"Shepherd, Chandler",2019,318,3.8
12,597113,"Johnson, DJ",2018,105,11.4
12,628317,"Maeda, Kenta",2023,1700,0.7
12,542963,"Brantly, Rob",2017,12,100
12,554430,"Wheeler, Zack",2020,1078,1.1
12,621244,"Berríos, José",2023,2937,0.4
12,622780,"Perdomo, Angel",2025,72,16.7
12,645444,"Herrera, Jose",2025,12,100
12,656288,"Canning, Griffin",2024,2869,0.4
12,642121,"Sulser, Cole",2023,84,14.3
12,641712,"Hudson, Dakota",2022,2253,0.5
12,657277,"Webb, Logan",2021,2214,0.5
12,543294,"Hendricks, Kyle",2017,2276,0.5
12,665828,"Cabrera, Oswaldo",2024,12,100
12,689147,"Kerkering, Orion",2023,60,20
12,642547,"Peralta, Freddy",2025,1513,0.8
12,518715,"Gearrin, Cory",2020,30,40
12,596071,"Peters, Dillon",2019,1274,0.9
12,676130,"Buttó, José",2023,733,1.6
12,660620,"Araúz, Jonathan",2021,12,100
12,543089,"Davis, Taylor",2019,12,100
12,607223,"Reed, AJ",2019,12,100
12,458584,"Cedeño, Xavier",2017,71,16.9
12,657053,"Toussaint, Touki",2021,820,1.5
12,468504,"Chacín, Jhoulys",2017,2937,0.4
12,681517,"Leahy, Kyle",2023,58,20.7
12,572750,"Butler, Eddie",2016,1079,1.1
12,488768,"Cashner, Andrew",2017,2636,0.5
12,542881,"Anderson, Tyler",2016,1793,0.7
12,527048,"Pérez, Martín",2017,3097,0.4
12,681857,"Olson, Reese",2024,1853,0.6
12,595191,"Eickhoff, Jerad",2016,3028,0.4
12,592791,"Taillon, Jameson",2024,2483,0.5
12,608348,"Kelly, Carson",2020,12,100
12,663770,"Evans, Demarcus",2020,54,22.2
12,621005,"Lopes, Tim",2020,12,100
12,642770,"Guerra, Javy",2021,66,18.2
12,502171,"Cobb, Alex",2021,1579,0.8
12,534606,"LaMarre, Ryan",2016,12,100
12,592859,"Wilkerson, Stevie",2021,12,100
12,600887,"Del Pozo, Miguel",2021,80,15
12,690928,"Dobbins, Hunter",2025,829,1.4
12,666157,"Lodolo, Nick",2022,1779,0.7
12,686752,"Pepiot, Ryan",2025,1385,0.9
12,594835,"Gonzales, Marco",2022,2838,0.4
12,592836,"Walker, Taijuan",2017,2743,0.4
12,571657,"Farmer, Kyle",2019,12,100
12,621107,"Eflin, Zach",2021,1615,0.7
12,658792,"Wilkerson, Aaron",2017,138,8.7
12,645261,"Alcantara, Sandy",2018,567,2.1
12,642547,"Peralta, Freddy",2021,2356,0.5
12,573186,"Stroman, Marcus",2022,2181,0.6
12,672391,"Ort, Kaleb",2021,12,100
12,685107,"Veneziano, Anthony",2023,55,21.8
12,663556,"McClanahan, Shane",2022,2463,0.5
12,663765,"Woodford, Jake",2024,618,1.9
12,492841,"Martinez, Michael",2017,12,100
12,650489,"Castro, Willi",2025,12,100
12,501303,"Adrianza, Ehire",2022,12,100
12,608334,"Fulmer, Carson",2023,157,7.6
12,650644,"Civale, Aaron",2023,2009,0.6
12,596057,"Norris, Daniel",2019,2361,0.5
12,656605,"Keller, Mitch",2025,1387,0.9
12,650813,"Escobar, Luis",2019,104,11.5
12,666204,"Jiménez, Dany",2020,37,32.4
12,641645,"Guillorme, Luis",2023,12,100
12,592533,"Martin, Cody",2017,50,24
12,592836,"Walker, Taijuan",2023,2837,0.4
12,571760,"Heaney, Andrew",2019,1689,0.7
11,576397,"Gyorko, Jedd",2020,11,100
11,650911,"Sánchez, Cristopher",2023,1460,0.8
11,680570,"Rodriguez, Grayson",2023,2104,0.5
11,696136,"Wicks, Jordan",2024,852,1.3
11,571466,"Barnhart, Tucker",2024,11,100
11,467055,"Sandoval, Pablo",2018,11,100
11,573244,"Wilk, Adam",2017,302,3.6
11,643532,"Sharp, Sterling",2020,111,9.9
11,518626,"Donaldson, Josh",2023,11,100
11,641585,"France, J.P.",2023,2202,0.5
11,689172,"Wisely, Brett",2023,11,100
11,450172,"Volquez, Edinson",2016,3232,0.3
11,608700,"Plawecki, Kevin",2020,11,100
11,553883,"Campos, Jose",2016,82,13.4
11,493603,"Ottavino, Adam",2025,42,26.2
11,663436,"Martin, Davis",2025,1254,0.9
11,623913,"Wang, Wei-Chung",2017,32,34.4
11,592836,"Walker, Taijuan",2021,2547,0.4
11,543677,"Ramsey, Matt",2019,11,100
11,446481,"Rodríguez, Sean",2019,11,100
11,686613,"Brown, Hunter",2025,1339,0.8
11,621112,"Blackburn, Paul",2022,1762,0.6
11,680885,"Schwellenbach, Spencer",2024,1887,0.6
11,503556,"Gonzalez, Marwin",2021,11,100
11,660271,"Ohtani, Shohei",2018,853,1.3
11,663971,"Calvo, Blair",2023,11,100
11,668800,"Knizner, Andrew",2022,11,100
11,666200,"Luzardo, Jesús",2023,2988,0.4
11,543699,"Roark, Tanner",2021,131,8.4
11,666197,"Kessinger, Grae",2024,11,100
11,620445,"Mujica, José",2020,75,14.7
11,676724,"Young, Jared",2025,11,100
11,621112,"Blackburn, Paul",2017,937,1.2
11,607192,"Glasnow, Tyler",2016,439,2.5
11,679775,"Backhus, Kyle",2025,55,20
11,519455,"Zimmermann, Jordan",2018,2076,0.5
11,606273,"Elías, Roenis",2017,11,100
11,621121,"McCullers Jr., Lance",2021,2788,0.4
11,433587,"Hernández, Félix",2018,2565,0.4
11,663967,"Salazar, César",2025,11,100
11,571788,"Holt, Brock",2020,32,34.4
11,543606,"Odorizzi, Jake",2018,3077,0.4
11,596057,"Norris, Daniel",2018,816,1.3
11,669358,"Baz, Shane",2024,1206,0.9
11,621002,"Robertson, Daniel",2018,11,100
11,643615,"Zeuch, T.J.",2020,185,5.9
11,518516,"Bumgarner, Madison",2022,2715,0.4
11,676103,"Jones, Damon",2021,11,100
11,624133,"Suárez, Ranger",2023,2023,0.5
11,674003,"Bradford, Cody",2024,1175,0.9
11,681808,"Vallimont, Chris",2023,11,100
11,663378,"Szapucki, Thomas",2021,82,13.4
11,676632,"Madris, Bligh",2023,11,100
11,666129,"Garrett, Braxton",2022,1436,0.8
11,448179,"Hill, Rich",2021,2496,0.4
11,554234,"Pérez, Williams",2016,859,1.3
11,595263,"Jannis, Mickey",2021,71,15.5
11,600921,"Machado, Andrés",2017,95,11.6
10,571788,"Holt, Brock",2021,10,100
10,474463,"Anderson, Brett",2018,1203,0.8
10,502239,"Cahill, Trevor",2018,1791,0.6
10,622766,"Díaz, Miguel",2024,10,100
10,595978,"Hedges, Austin",2024,20,50
10,656731,"Megill, Tylor",2023,2235,0.4
10,665795,"Cabrera, Edward",2022,1215,0.8
10,680730,"Parker, Mitchell",2025,1300,0.8
10,665795,"Cabrera, Edward",2023,1802,0.6
10,605540,"Woodruff, Brandon",2022,2538,0.4
10,614177,"Reyes, Franmil",2022,10,100
10,545341,"Grichuk, Randal",2022,10,100
10,594824,"Garcia, Greg",2018,10,100
10,474039,"Beato, Pedro",2017,10,100
10,506702,"León, Sandy",2022,17,58.8
10,518586,"Culberson, Charlie",2018,10,100
10,663567,"Lambert, Peter",2023,1450,0.7
10,641712,"Hudson, Dakota",2024,1512,0.7
10,657376,"Schmidt, Clarke",2025,983,1
10,605498,"Suárez, Andrew",2018,2492,0.4
10,543101,"DeSclafani, Anthony",2020,602,1.7
10,600986,"Vieira, Thyago",2017,10,100
10,663941,"Beck, Tristan",2025,185,5.4
10,669432,"Rogers, Trevor",2021,2169,0.5
10,621076,"Kaprielian, James",2020,71,14.1
10,596057,"Norris, Daniel",2016,1190,0.8
10,534910,"Hahn, Jesse",2016,712,1.4
10,670970,"Morejon, Adrian",2020,322,3.1
10,676206,"Tarnok, Freddy",2022,10,100
10,467055,"Sandoval, Pablo",2019,10,100
10,458681,"Lynn, Lance",2023,3167,0.3
10,571760,"Heaney, Andrew",2020,1085,0.9
10,596001,"Junis, Jakob",2019,2926,0.3
10,621002,"Robertson, Daniel",2021,10,100
10,282332,"Sabathia, CC",2018,2507,0.4
10,592767,"Smyly, Drew",2016,2893,0.3
10,501992,"Karns, Nate",2019,91,11
10,543510,"McCann, James",2024,10,100
10,663752,"Morris, Cody",2022,404,2.5
10,450203,"Morton, Charlie",2018,2688,0.4
10,457759,"Turner, Justin",2021,10,100
10,547007,"Whalen, Rob",2017,112,8.9
10,606115,"Arcia, Orlando",2022,10,100
10,622783,"Báez, Sandy",2019,10,100
10,656849,"Peterson, David",2021,1122,0.9
10,518876,"Kelly, Merrill",2023,2803,0.4
10,640455,"Manaea, Sean",2016,2169,0.5
10,669203,"Burnes, Corbin",2024,2996,0.3
10,592473,"Kolarek, Adam",2023,83,12
10,608566,"Márquez, Germán",2020,1226,0.8
10,591672,"Morales, Osmer",2018,10,100
10,593958,"Rodriguez, Eduardo",2016,1854,0.5
10,660634,"Hernández, Yonny",2023,10,100
10,700363,"Smith-Shawver, AJ",2023,454,2.2
10,592872,"Wimmers, Alex",2017,156,6.4
10,542194,"Bethancourt, Christian",2023,10,100
10,663554,"Mize, Casey",2021,2357,0.4
10,664076,"Cleavinger, Garrett",2020,10,100
10,607625,"Lugo, Seth",2025,1199,0.8
10,661563,"Gil, Luis",2024,2664,0.4
10,572008,"Owings, Chris",2022,10,100
10,621500,"Mathisen, Wyatt",2021,10,100
10,474463,"Anderson, Brett",2019,2659,0.4
10,572070,"Richards, Garrett",2018,1313,0.8
10,657061,"Tucker, Cole",2024,10,100
10,579328,"Kikuchi, Yusei",2025,1420,0.7
10,682990,"Priester, Quinn",2024,811,1.2
10,594742,"Asher, Alec",2018,37,27
10,572033,"Phegley, Josh",2016,10,100
10,683004,"Leiter, Jack",2025,1034,1
10,592332,"Gausman, Kevin",2020,975,1
10,676606,"Margevicius, Nick",2021,259,3.9
9,605222,"Esch, Jake",2017,9,100
9,572008,"Owings, Chris",2023,9,100
9,592879,"Wojciechowski, Asher",2019,1467,0.6
9,670102,"Francis, Bowden",2022,9,100
9,694297,"Pfaadt, Brandon",2023,1612,0.6
9,605513,"Turnbull, Spencer",2025,80,11.3
9,595307,"Maness, Seth",2017,165,5.5
9,573046,"Morin, Mike",2018,65,13.8
9,547179,"Lorenzen, Michael",2024,2092,0.4
9,543144,"Farquhar, Danny",2018,116,7.8
9,663531,"Allen, Logan",2022,164,5.5
9,543376,"Joseph, Caleb",2019,9,100
9,601713,"Pivetta, Nick",2024,2387,0.4
9,491696,"Sucre, Jesús",2019,9,100
9,460059,"Pelfrey, Mike",2016,2054,0.4
9,542946,"Bleich, Jeremy",2018,13,69.2
9,689958,"Walters, Andrew",2025,29,31
9,602083,"Almonte, Miguel",2017,50,18
9,658069,"Fuentes, Joshua",2021,9,100
9,543135,"Eovaldi, Nathan",2024,2622,0.3
9,502273,"Freeman, Mike",2019,23,39.1
9,622569,"Reyes, Pablo",2022,9,100
9,642770,"Guerra, Javy",2019,134,6.7
9,656756,"Montgomery, Jordan",2023,2920,0.3
9,543334,"House, TJ",2016,53,17
9,695549,"Jobe, Jackson",2024,48,18.8
9,657376,"Schmidt, Clarke",2023,2712,0.3
9,667755,"Soriano, José",2025,1413,0.6
9,624636,"Tocci, Carlos",2018,9,100
9,449173,"Harrell, Lucas",2016,833,1.1
9,657376,"Schmidt, Clarke",2024,1454,0.6
9,700249,"Povich, Cade",2024,1389,0.6
9,657424,"Gage, Matt",2025,38,23.7
9,691951,"Aldegheri, Sam",2025,49,18.4
9,571616,"Dermody, Matt",2020,9,100
9,642232,"Yarbrough, Ryan",2020,834,1.1
9,605232,"Finnegan, Brandon",2016,2884,0.3
9,642851,"Wynns, Austin",2021,9,100
9,615698,"Quantrill, Cal",2024,2643,0.3
9,657140,"Wright, Kyle",2023,575,1.6
9,573131,"Ruf, Darin",2022,14,64.3
9,657746,"Ryan, Joe",2022,2391,0.4
9,645261,"Alcantara, Sandy",2020,662,1.4
9,571969,"Mullee, Conor",2016,65,13.8
9,571927,"Matz, Steven",2021,2557,0.4
9,571863,"Koch, Matt",2017,9,100
9,519295,"Smolinski, Jake",2018,9,100
9,605151,"Bradley, Archie",2016,2576,0.3
9,605204,"Davis, J.D.",2018,9,100
9,595798,"Alaniz, R.J.",2021,71,12.7
9,434628,"Hammel, Jason",2016,2623,0.3
9,641645,"Guillorme, Luis",2020,9,100
8,661531,"Serven, Brian",2022,8,100
8,700363,"Smith-Shawver, AJ",2025,711,1.1
8,677865,"Bruihl, Justin",2024,99,8.1
8,554430,"Wheeler, Zack",2022,2358,0.3
8,594798,"deGrom, Jacob",2025,1189,0.7
8,679845,"Loftin, Nick",2024,8,100
8,502706,"Holland, Derek",2016,1828,0.4
8,642215,"Wilson, Weston",2024,8,100
8,650339,"Palacios, Jermaine",2022,8,100
8,664192,"Lucchesi, Joey",2023,696,1.1
8,593958,"Rodriguez, Eduardo",2021,2721,0.3
8,641154,"López, Pablo",2022,2910,0.3
8,701542,"Warren, Will",2025,1220,0.7
8,670032,"Lopez, Nicky",2025,8,100
8,592165,"Brennan, Brandon",2021,42,19
8,663546,"Hjelle, Sean",2022,474,1.7
8,642231,"Yacabonis, Jimmy",2020,52,15.4
8,504186,"Leon, Arnold",2016,46,17.4
8,607387,"Rua, Ryan",2018,8,100
8,452733,"Gorzelanny, Tom",2016,72,11.1
8,457918,"Happ, J.A.",2021,2674,0.3
8,458676,"Lindblom, Josh",2020,793,1
8,607219,"Romano, Sal",2017,1498,0.5
8,571974,"Murphy, John Ryan",2020,8,100
8,641154,"López, Pablo",2021,1669,0.5
8,433217,"Blanco, Andrés",2017,8,100
8,666142,"Ragans, Cole",2025,873,0.9
8,656805,"Oaks, Trevor",2018,247,3.2
8,641778,"Lauer, Eric",2021,1956,0.4
8,687145,"Justice, Evan",2024,8,100
8,571760,"Heaney, Andrew",2025,1296,0.6
8,681584,"Villar, David",2023,8,100
8,621011,"Schrock, Max",2020,8,100
8,607054,"Peterson, Jace",2022,8,100
8,607219,"Romano, Sal",2020,13,61.5
8,664062,"Gonsolin, Tony",2021,990,0.8
8,623168,"Heineman, Tyler",2024,8,100
8,615698,"Quantrill, Cal",2022,2920,0.3
8,571875,"Lamb, Jake",2023,8,100
8,489119,"Miley, Wade",2022,566,1.4
8,621056,"Wood, Hunter",2021,66,12.1
8,446386,"Guyer, Brandon",2018,8,100
8,605164,"Bundy, Dylan",2019,2778,0.3
8,664054,"Stashak, Cody",2021,308,2.6
8,664023,"Happ, Ian",2018,8,100
8,594577,"Mayers, Mike",2016,120,6.7
8,596143,"Sardinas, Luis",2016,8,100
8,543548,"Milone, Tommy",2019,1750,0.5
8,663897,"Williams, Luke",2025,8,100
8,673540,"Senga, Kodai",2023,2795,0.3
7,502143,"Valencia, Danny",2018,7,100
7,500779,"Quintana, Jose",2024,2819,0.2
7,621002,"Robertson, Daniel",2019,7,100
7,683021,"Stefanic, Michael",2025,7,100
7,683766,"Koss, Christian",2025,7,100
7,607732,"Stallings, Jacob",2019,7,100
7,640455,"Manaea, Sean",2017,2688,0.3
7,605483,"Snell, Blake",2017,2278,0.3
7,667373,"Rondón, Angel",2021,29,24.1
7,656222,"Beeks, Jalen",2018,880,0.8
7,642162,"Valaika, Pat",2021,7,100
7,676475,"Burleson, Alec",2025,7,100
7,518614,"Descalso, Daniel",2018,43,16.3
7,593334,"Germán, Domingo",2019,2247,0.3
7,502011,"Claiborne, Preston",2017,34,20.6
7,630105,"Cronenworth, Jake",2021,7,100
7,640455,"Manaea, Sean",2024,2996,0.2
7,664123,"Effross, Scott",2025,7,100
7,571946,"Miller, Shelby",2017,386,1.8
7,650644,"Civale, Aaron",2019,863,0.8
7,621121,"McCullers Jr., Lance",2018,2108,0.3
7,641525,"Dixon, Brandon",2023,7,100
7,641540,"Dunning, Dane",2021,1909,0.4
7,600944,"Paulino, David",2016,126,5.6
7,621433,"Phillips, Brett",2023,7,100
7,684007,"Imanaga, Shota",2024,2590,0.3
7,571735,"Hale, David",2016,48,14.6
7,624512,"McGuire, Reese",2022,7,100
7,605288,"Houser, Adrian",2020,922,0.8
7,501957,"Tillman, Chris",2016,2936,0.2
7,643550,"Somsen, Layne",2016,58,12.1
7,623168,"Heineman, Tyler",2020,7,100
7,672456,"Montero, Keider",2025,886,0.8
7,547179,"Lorenzen, Michael",2025,1270,0.6
7,668470,"Danner, Hagen",2023,7,100
7,665625,"Peguero, Elvis",2021,64,10.9
7,678394,"Bello, Brayan",2023,2618,0.3
7,641927,"Ober, Bailey",2022,854,0.8
6,592705,"Rumbelow, Nick",2019,40,15
6,543351,"Jackson, Jay",2022,12,50
6,664285,"Valdez, Framber",2021,2090,0.3
6,543261,"Gurka, Jason",2017,21,28.6
6,543184,"Friedrich, Christian",2016,2139,0.3
6,677944,"Cecconi, Slade",2023,418,1.4
6,607680,"Pillar, Kevin",2021,6,100
6,670050,"Ridings, Stephen",2021,74,8.1
6,624133,"Suárez, Ranger",2022,2564,0.2
6,664074,"Ponce, Cody",2020,265,2.3
6,615698,"Quantrill, Cal",2023,1710,0.4
6,676664,"Sears, JP",2023,2867,0.2
6,545121,"Vargas, Ildemaro",2022,6,100
6,607644,"Means, John",2023,339,1.8
6,592662,"Ray, Robbie",2022,3047,0.2
6,669742,"Hall, Darick",2022,6,100
6,676070,"Amaya, Jacob",2025,6,100
6,594577,"Mayers, Mike",2023,455,1.3
6,663897,"Williams, Luke",2023,6,100
6,592170,"Bridwell, Parker",2017,1759,0.3
6,600301,"Motter, Taylor",2016,6,100
6,664874,"Zavala, Seby",2023,6,100
6,669160,"May, Dustin",2020,866,0.7
6,668678,"Gallen, Zac",2020,1117,0.5
6,596103,"Slater, Austin",2021,6,100
6,693821,"Elder, Bryce",2023,2849,0.2
6,612672,"Chen, Wei-Yin",2016,1918,0.3
5,650556,"Abreu, Bryan",2020,76,6.6
5,684007,"Imanaga, Shota",2025,692,0.7
5,677651,"Garcia, Luis",2020,203,2.5
5,607536,"Freeland, Kyle",2023,2414,0.2
5,657786,"Vasto, Jerry",2018,96,5.2
5,640902,"Pereda, Jhonny",2024,5,100
5,593334,"Germán, Domingo",2022,1081,0.5
5,534606,"LaMarre, Ryan",2018,5,100
5,592593,"Nicolino, Justin",2016,1209,0.4
5,458681,"Lynn, Lance",2018,2942,0.2
5,502009,"Latos, Mat",2016,1184,0.4
5,595943,"Evans, Phillip",2021,5,100
5,621512,"Nido, Tomás",2025,9,55.6
5,446321,"Detwiler, Ross",2018,76,6.6
5,501381,"Pineda, Michael",2017,1553,0.3
5,621056,"Wood, Hunter",2017,5,100
5,607374,"Tropeano, Nick",2018,1179,0.4
5,656186,"Altavilla, Dan",2021,22,22.7
5,690544,"Horn, Bailey",2025,16,31.3
5,534627,"Holt, Tyler",2016,5,100
5,545358,"Stassi, Max",2019,5,100
5,594838,"Gosselin, Phil",2022,5,100
5,500779,"Quintana, Jose",2019,2826,0.2
4,669467,"Pallante, Andre",2025,1225,0.3
4,595284,"Knapp, Andrew",2021,4,100
4,488671,"Avila, Alex",2018,13,30.8
4,647315,"Pop, Zach",2025,14,28.6
4,665155,"Maton, Nick",2021,4,100
4,670712,"Brosseau, Mike",2020,4,100
4,433587,"Hernández, Félix",2017,1382,0.3
4,656427,"Flaherty, Jack",2024,2646,0.2
4,672282,"Detmers, Reid",2023,2599,0.2
4,572140,"Skaggs, Tyler",2019,1386,0.3
4,503556,"Gonzalez, Marwin",2022,4,100
4,462136,"Estrada, Marco",2018,2500,0.2
4,605507,"Thompson, Zach",2025,60,6.7
4,663853,"Gonzalez, Romy",2021,4,100
4,592767,"Smyly, Drew",2022,1814,0.2
4,576397,"Gyorko, Jedd",2019,4,100
4,592222,"Claudio, Alex",2023,4,100
4,592761,"Smith, Caleb",2018,1393,0.3
4,628711,"Urías, Julio",2020,875,0.5
4,502273,"Freeman, Mike",2021,4,100
3,571578,"Corbin, Patrick",2023,2922,0.1
3,669456,"Bieber, Shane",2018,1805,0.2
3,593958,"Rodriguez, Eduardo",2019,3495,0.1
3,448602,"Reynolds, Mark",2018,3,100
3,608686,"Mayfield, Jack",2021,3,100
3,594965,"Ponce de Leon, Daniel",2020,646,0.5
3,669211,"Akin, Keegan",2020,500,0.6
3,620443,"Torrens, Luis",2024,3,100
3,690925,"Beeter, Clayton",2024,51,5.9
3,593934,"Sanó, Miguel",2024,3,100
3,640447,"Ervin, Phillip",2018,3,100
2,608379,"Wacha, Michael",2023,2221,0.1
2,572140,"Skaggs, Tyler",2017,1394,0.1
2,628711,"Urías, Julio",2021,2786,0.1
2,506433,"Darvish, Yu",2016,1579,0.1
2,656061,"Abreu, Albert",2020,43,4.7
2,593643,"Alberto, Hanser",2021,2,100
2,593833,"Suero, Wander",2024,2,100
2,458677,"Wilson, Justin",2022,54,3.7
2,488768,"Cashner, Andrew",2016,2370,0.1
2,681810,"Warren, Austin",2023,23,8.7
2,685314,"Saalfrank, Andrew",2024,26,7.7
2,519203,"Rizzo, Anthony",2018,2,100
2,608372,"Sugano, Tomoyuki",2025,1222,0.2
2,663903,"Singer, Brady",2024,2967,0.1
1,641778,"Lauer, Eric",2025,541,0.2
1,642048,"Saucedo, Tayler",2022,48,2.1
1,592407,"Holaday, Bryan",2019,1,100
1,506560,"Amarista, Alexi",2016,1,100
1,519242,"Sale, Chris",2024,2815,0
1202,553878,"Vázquez, Felipe",2018,1202,100
1176,493603,"Ottavino, Adam",2018,1272,92.5
1172,621242,"Díaz, Edwin",2018,1172,100
1167,605130,"Barlow, Scott",2022,1198,97.4
1166,623352,"Hader, Josh",2024,1166,100
1162,664747,"Díaz, Alexis",2023,1162,100
1147,628452,"Iglesias, Raisel",2018,1147,100
1147,544727,"Familia, Jeurys",2018,1193,96.1
1141,445276,"Jansen, Kenley",2018,1141,100
1140,595014,"Treinen, Blake",2018,1159,98.4
1140,623352,"Hader, Josh",2019,1181,96.5
1138,666808,"Doval, Camilo",2023,1138,100
1133,628452,"Iglesias, Raisel",2019,1133,100
1132,543272,"Hand, Brad",2018,1210,93.6
1120,661403,"Clase, Emmanuel",2023,1120,100
1118,608032,"Estévez, Carlos",2023,1127,99.2
1111,518886,"Kimbrel, Craig",2018,1111,100
1111,605347,"López, Jorge",2022,1161,95.7
1110,451584,"Davis, Wade",2018,1110,100
1105,670280,"Bednar, David",2023,1105,100
1102,592102,"Allen, Cody",2018,1182,93.2
1102,642397,"Soto, Gregory",2022,1102,100
1100,641729,"Jiménez, Joe",2018,1147,95.9
1087,593576,"Neris, Héctor",2019,1126,96.5
1083,666808,"Doval, Camilo",2022,1121,96.6
1075,518886,"Kimbrel, Craig",2023,1122,95.8
1074,572888,"Greene, Shane",2018,1074,100
1071,621052,"Reyes, Alex",2021,1249,85.7
1069,517008,"Colomé, Alex",2018,1085,98.5
1067,640448,"Finnegan, Kyle",2024,1067,100
1060,642207,"Williams, Devin",2022,1068,99.3
1056,445276,"Jansen, Kenley",2019,1068,98.9
1056,445276,"Jansen, Kenley",2021,1071,98.6
1056,656945,"Scott, Tanner",2024,1163,90.8
1056,570663,"Robles, Hansel",2019,1159,91.1
1054,453268,"Bard, Daniel",2021,1217,86.6
1051,621242,"Díaz, Edwin",2019,1073,97.9
1050,628452,"Iglesias, Raisel",2021,1059,99.2
1050,448281,"Doolittle, Sean",2019,1075,97.7
1049,605280,"Holmes, Clay",2024,1085,96.7
1046,642397,"Soto, Gregory",2021,1131,92.5
1046,642152,"Trivino, Lou",2021,1177,88.9
1045,643511,"Rogers, Tyler",2021,1129,92.6
1043,519293,"Smith, Will",2019,1043,100
1042,640448,"Finnegan, Kyle",2023,1106,94.2
1042,623352,"Hader, Josh",2023,1042,100
1042,598264,"Barnes, Matt",2019,1310,79.5
1041,656638,"Lange, Alex",2023,1146,90.8
1036,571710,"Givens, Mychal",2019,1092,94.9
1033,573124,"Rogers, Taylor",2019,1065,97
1024,519151,"Pressly, Ryan",2023,1024,100
1024,695243,"Miller, Mason",2024,1024,100
1023,641729,"Jiménez, Joe",2019,1056,96.9
1021,489446,"Yates, Kirby",2019,1021,100
1019,650556,"Abreu, Bryan",2023,1211,84.1
1017,656629,"Kopech, Michael",2024,1143,89
1017,518886,"Kimbrel, Craig",2022,1077,94.4
1017,521230,"Hendriks, Liam",2021,1131,89.9
1017,453178,"Kennedy, Ian",2019,1096,92.8
1015,600917,"Leclerc, José",2019,1294,78.4
1015,605151,"Bradley, Archie",2019,1284,79
1014,489446,"Yates, Kirby",2024,1027,98.7
1006,445276,"Jansen, Kenley",2022,1006,100
999,502085,"Robertson, David",2022,1060,94.2
998,623149,"Sewald, Paul",2023,1037,96.2
997,666808,"Doval, Camilo",2024,1116,89.3
992,661395,"Duran, Jhoan",2023,1017,97.5
989,547973,"Chapman, Aroldis",2019,989,100
989,547973,"Chapman, Aroldis",2021,1004,98.5
988,642585,"Bautista, Félix",2023,988,100
985,519293,"Smith, Will",2021,1079,91.3
984,453343,"Melancon, Mark",2021,1053,93.4
983,661403,"Clase, Emmanuel",2024,983,100
977,573124,"Rogers, Taylor",2022,1085,90
977,407845,"Rodney, Fernando",2018,1184,82.5
977,663158,"Suarez, Robert",2024,977,100
977,664875,"Lawrence, Justin",2023,1183,82.6
974,605447,"Romano, Jordan",2022,989,98.5
971,661403,"Clase, Emmanuel",2021,1057,91.9
968,517008,"Colomé, Alex",2019,975,99.3
968,465657,"Soria, Joakim",2019,1116,86.7
966,605280,"Holmes, Clay",2023,1024,94.3
965,502202,"Boxberger, Brad",2018,975,99
964,606160,"Montero, Rafael",2022,1093,88.2
962,656945,"Scott, Tanner",2022,1273,75.6
962,476454,"Betances, Dellin",2018,1135,84.8
961,489265,"Romo, Sergio",2019,995,96.6
961,605151,"Bradley, Archie",2018,1228,78.3
961,532077,"Osuna, Roberto",2019,961,100
960,664747,"Díaz, Alexis",2024,977,98.3
959,553878,"Vázquez, Felipe",2019,959,100
958,502085,"Robertson, David",2024,1211,79.1
957,663855,"Hicks, Jordan",2018,1274,75.1
957,571710,"Givens, Mychal",2018,1247,76.7
953,453268,"Bard, Daniel",2022,953,100
952,641755,"Kinley, Tyler",2024,1185,80.3
948,642207,"Williams, Devin",2023,948,100
948,521230,"Hendriks, Liam",2022,948,100
946,606149,"Gallegos, Giovanny",2021,1236,76.5
945,670280,"Bednar, David",2024,1023,92.4
945,518886,"Kimbrel, Craig",2021,1008,93.8
943,623352,"Hader, Josh",2022,943,100
942,519151,"Pressly, Ryan",2024,969,97.2
942,519151,"Pressly, Ryan",2021,956,98.5
939,572888,"Greene, Shane",2019,949,98.9
937,542960,"Brach, Brad",2018,1160,80.8
937,662253,"Muñoz, Andrés",2024,951,98.5
937,453284,"Parker, Blake",2018,1146,81.8
935,547973,"Chapman, Aroldis",2024,1128,82.9
934,623352,"Hader, Josh",2021,964,96.9
934,489446,"Yates, Kirby",2018,1047,89.2
933,543272,"Hand, Brad",2019,946,98.6
931,664854,"Helsley, Ryan",2024,931,100
930,502032,"Norris, Bud",2018,974,95.5
928,621242,"Díaz, Edwin",2022,928,100
923,571670,"Floro, Dylan",2021,1076,85.8
922,493603,"Ottavino, Adam",2023,1024,90
921,661403,"Clase, Emmanuel",2022,921,100
919,489265,"Romo, Sergio",2018,1130,81.3
918,628452,"Iglesias, Raisel",2024,928,98.9
916,641729,"Jiménez, Joe",2024,1089,84.1
916,675916,"Karinchak, James",2021,1032,88.8
915,605447,"Romano, Jordan",2023,915,100
914,607625,"Lugo, Seth",2019,1275,71.7
908,502085,"Robertson, David",2023,1068,85
904,643511,"Rogers, Tyler",2024,1002,90.2
903,621345,"Minter, A.J.",2018,1045,86.4
902,547973,"Chapman, Aroldis",2023,1008,89.5
900,621242,"Díaz, Edwin",2021,999,90.1
898,642207,"Williams, Devin",2021,993,90.4
898,621242,"Díaz, Edwin",2024,912,98.5
893,605447,"Romano, Jordan",2021,1031,86.6
888,663986,"Stephan, Trevor",2023,1128,78.7
888,664854,"Helsley, Ryan",2022,962,92.3
887,453178,"Kennedy, Ian",2021,899,98.7
885,519326,"Strickland, Hunter",2022,1099,80.5
884,656945,"Scott, Tanner",2023,1208,73.2
884,608665,"Graveman, Kendall",2022,1035,85.4
883,605280,"Holmes, Clay",2022,981,90
879,607457,"Barraclough, Kyle",2018,1012,86.9
879,592426,"Jackson, Luke",2019,1254,70.1
873,547973,"Chapman, Aroldis",2018,920,94.9
870,605130,"Barlow, Scott",2023,1197,72.7
870,666974,"Cano, Yennier",2023,1017,85.5
870,628452,"Iglesias, Raisel",2023,870,100
867,521230,"Hendriks, Liam",2019,1354,64
863,518886,"Kimbrel, Craig",2024,963,89.6
860,608032,"Estévez, Carlos",2022,1021,84.2
859,661395,"Duran, Jhoan",2024,881,97.5
858,453343,"Melancon, Mark",2022,886,96.8
857,543272,"Hand, Brad",2021,1076,79.6
855,592094,"Adam, Jason",2024,1109,77.1
854,493603,"Ottavino, Adam",2021,1146,74.5
853,656546,"Hoffman, Jeff",2024,1001,85.2
852,593576,"Neris, Héctor",2022,1012,84.2
851,623184,"Oberg, Scott",2019,898,94.8
849,671345,"Foley, Jason",2024,905,93.8
849,593576,"Neris, Héctor",2024,1008,84.2
848,543339,"Hudson, Daniel",2019,1217,69.7
848,623465,"Phillips, Evan",2023,915,92.7
848,623149,"Sewald, Paul",2022,974,87.1
847,607229,"Gsellman, Robert",2018,1283,66
847,595014,"Treinen, Blake",2019,1023,82.8
841,459429,"McGee, Jake",2021,878,95.8
840,628452,"Iglesias, Raisel",2022,979,85.8
839,606149,"Gallegos, Giovanny",2022,988,84.9
837,641941,"Pagán, Emilio",2021,1098,76.2
837,502154,"Britton, Zack",2019,933,89.7
834,643377,"Jax, Griffin",2024,1068,78.1
834,444468,"Rondón, Héctor",2018,998,83.6
833,517008,"Colomé, Alex",2021,1102,75.6
831,453343,"Melancon, Mark",2019,1068,77.8
830,676534,"Faucher, Calvin",2024,987,84.1
827,650895,"Castillo, Diego",2021,936,88.4
825,605195,"Crick, Kyle",2018,1048,78.7
824,595014,"Treinen, Blake",2021,1095,75.3
824,608032,"Estévez, Carlos",2021,1007,81.8
823,518617,"Diekman, Jake",2019,1184,69.5
822,572193,"Tepera, Ryan",2018,1038,79.2
821,608032,"Estévez, Carlos",2024,821,100
821,519443,"Workman, Brandon",2019,1244,66
820,621237,"Alvarado, José",2024,1052,77.9
820,598264,"Barnes, Matt",2021,919,89.2
819,543518,"McGough, Scott",2023,1233,66.4
815,623149,"Sewald, Paul",2021,1104,73.8
814,641941,"Pagán, Emilio",2019,1075,75.7
810,461325,"Clippard, Tyler",2018,1158,69.9
810,571704,"Giles, Ken",2019,810,100
809,643511,"Rogers, Tyler",2023,1124,72
809,605130,"Barlow, Scott",2021,1223,66.1
806,605309,"Kela, Keone",2018,859,93.8
805,465657,"Soria, Joakim",2018,1049,76.7
803,621345,"Minter, A.J.",2022,1111,72.3
801,445276,"Jansen, Kenley",2024,801,100
801,683769,"Gaddis, Hunter",2024,1075,74.5
794,621345,"Minter, A.J.",2023,1062,74.8
793,661395,"Duran, Jhoan",2022,1023,77.5
793,640451,"Harvey, Hunter",2023,963,82.3
792,519293,"Smith, Will",2023,863,91.8
792,606160,"Montero, Rafael",2023,1253,63.2
792,592773,"Stanek, Ryne",2021,1166,67.9
789,670059,"Holderman, Colin",2023,930,84.8
789,640451,"Harvey, Hunter",2024,906,87.1
787,671345,"Foley, Jason",2023,1047,75.2
785,593576,"Neris, Héctor",2021,1243,63.2
784,622554,"Domínguez, Seranthony",2018,931,84.2
781,656222,"Beeks, Jalen",2024,1186,65.9
781,502026,"Jeffress, Jeremy",2018,1211,64.5
779,608716,"Steckenrider, Drew",2018,1162,67
775,663704,"McArthur, James",2024,904,85.7
774,453172,"Hughes, Jared",2018,1133,68.3
774,453178,"Kennedy, Ian",2022,867,89.3
771,640448,"Finnegan, Kyle",2022,1053,73.2
770,668674,"Erceg, Lucas",2024,947,81.3
770,670280,"Bednar, David",2022,842,91.4
768,518617,"Diekman, Jake",2021,1118,68.7
767,640470,"Alzolay, Adbert",2023,962,79.7
767,605177,"Chafin, Andrew",2023,921,83.3
763,643338,"Green, Chad",2024,840,90.8
751,662253,"Muñoz, Andrés",2023,836,89.8
751,643338,"Green, Chad",2021,1312,57.2
751,554340,"García, Yimi",2021,943,79.6
751,518617,"Diekman, Jake",2018,1012,74.2
751,605154,"Brebbia, John",2024,994,75.6
750,572955,"Johnson, Pierce",2023,1084,69.2
747,571704,"Giles, Ken",2018,775,96.4
745,446899,"Ziegler, Brad",2018,1067,69.8
744,657024,"Swanson, Erik",2023,1059,70.3
739,592094,"Adam, Jason",2023,906,81.6
739,451584,"Davis, Wade",2019,839,88.1
738,657610,"Hildenberger, Trevor",2018,1158,63.7
736,608349,"Knebel, Corey",2018,989,74.4
735,594577,"Mayers, Mike",2021,1236,59.5
734,664126,"Fairbanks, Pete",2023,734,100
733,592858,"Wick, Rowan",2022,1153,63.6
732,519151,"Pressly, Ryan",2019,837,87.5
732,596133,"Weaver, Luke",2024,1374,53.3
731,657044,"Thompson, Ryan",2024,977,74.8
731,621142,"Buttrey, Ty",2019,1225,59.7
730,407845,"Rodney, Fernando",2019,881,82.9
730,518813,"Holland, Greg",2021,997,73.2
730,543507,"May, Trevor",2021,1117,65.4
729,453284,"Parker, Blake",2019,1020,71.5
727,489334,"Stammen, Craig",2019,1251,58.1
725,664208,"Maton, Phil",2024,1078,67.3
725,516969,"Herrera, Kelvin",2019,908,79.8
725,663986,"Stephan, Trevor",2022,1032,70.3
725,472610,"García, Luis",2022,966,75.1
725,455119,"Martin, Chris",2019,865,83.8
724,554340,"García, Yimi",2022,1039,69.7
723,502327,"Santiago, Héctor",2018,1963,36.8
723,598264,"Barnes, Matt",2018,1109,65.2
722,593372,"Martinez, Carlos",2019,779,92.7
722,641941,"Pagán, Emilio",2022,1126,64.1
721,666974,"Cano, Yennier",2024,1008,71.5
721,445276,"Jansen, Kenley",2023,721,100
720,621295,"Wittgren, Nick",2019,975,73.8
718,523260,"Kelly, Joe",2018,1176,61.1
717,640444,"Crowe, Wil",2022,1380,52
717,663855,"Hicks, Jordan",2023,1114,64.4
716,642152,"Trivino, Lou",2019,987,72.5
715,593144,"Rodríguez, Richard",2021,944,75.7
714,453192,"Miller, Andrew",2019,972,73.5
714,608665,"Graveman, Kendall",2023,1114,64.1
713,605154,"Brebbia, John",2019,1217,58.6
711,519151,"Pressly, Ryan",2022,711,100
708,453265,"Watson, Tony",2018,959,73.8
708,663432,"Rainey, Tanner",2024,939,75.4
707,605121,"Anderson, Justin",2018,1051,67.3
703,592390,"Hembree, Heath",2021,1090,64.5
702,489446,"Yates, Kirby",2023,1058,66.4
702,607352,"Biagini, Joe",2019,1142,61.5
698,642701,"Santana, Dennis",2024,1106,63.1
697,650895,"Castillo, Diego",2022,843,82.7
697,623437,"Topa, Justin",2023,1046,66.6
697,543521,"McHugh, Collin",2018,1204,57.9
696,664126,"Fairbanks, Pete",2024,696,100
696,622251,"Staumont, Josh",2021,1096,63.5
696,547179,"Lorenzen, Michael",2019,1335,52.1
696,516969,"Herrera, Kelvin",2018,696,100
695,623465,"Phillips, Evan",2024,917,75.8
694,612434,"Castro, Miguel",2019,1232,56.3
692,593833,"Suero, Wander",2019,1210,57.2
691,544727,"Familia, Jeurys",2019,1041,66.4
689,683232,"Mears, Nick",2024,1028,67
688,519293,"Smith, Will",2022,985,69.8
686,518553,"Cishek, Steve",2019,1109,61.9
685,608665,"Graveman, Kendall",2021,871,78.6
682,605195,"Crick, Kyle",2019,934,73
681,606303,"Payamps, Joel",2023,1120,60.8
680,493603,"Ottavino, Adam",2022,1057,64.3
677,625643,"López, Reynaldo",2023,1205,56.2
676,517008,"Colomé, Alex",2022,803,84.2
676,467008,"Strop, Pedro",2019,737,91.7
673,595465,"Winkler, Dan",2018,1034,65.1
671,595345,"Okert, Steven",2022,968,69.3
671,622554,"Domínguez, Seranthony",2024,1064,63.1
671,518489,"Brasier, Ryan",2019,978,68.6
670,656464,"Ginkel, Kevin",2023,1055,63.5
669,519326,"Strickland, Hunter",2018,796,84
667,643377,"Jax, Griffin",2023,1047,63.7
666,542585,"Cisnero, José",2021,1067,62.4
665,679885,"Martinez, Justin",2024,1177,56.5
665,472610,"García, Luis",2023,1010,65.8
664,642585,"Bautista, Félix",2022,995,66.7
663,605218,"Edwards Jr., Carl",2018,946,70.1
663,606149,"Gallegos, Giovanny",2023,883,75.1
662,622250,"Sborz, Josh",2021,1079,61.4
662,572193,"Tepera, Ryan",2022,892,74.2
661,570663,"Robles, Hansel",2021,1185,55.8
661,543507,"May, Trevor",2023,777,85.1
660,664875,"Lawrence, Justin",2024,1081,61.1
657,670280,"Bednar, David",2021,934,70.3
655,592665,"Reed, Addison",2018,905,72.4
654,519293,"Smith, Will",2018,813,80.4
654,607625,"Lugo, Seth",2018,1614,40.5
652,461872,"Swarzak, Anthony",2019,941,69.3
648,680767,"Vodnik, Victor",2024,1341,48.3
648,664747,"Díaz, Alexis",2022,1077,60.2
644,571710,"Givens, Mychal",2021,873,73.8
643,493603,"Ottavino, Adam",2024,1003,64.1
643,543766,"Shaw, Bryan",2021,1367,47
641,519043,"Moore, Matt",2022,1248,51.4
641,453265,"Watson, Tony",2019,813,78.8
641,608717,"Stratton, Chris",2022,1100,58.3
640,527055,"Vizcaíno, Arodys",2018,640,100
639,489265,"Romo, Sergio",2021,1043,61.3
638,605242,"Fulmer, Michael",2022,1043,61.2
638,502085,"Robertson, David",2018,1184,53.9
637,520980,"Báez, Pedro",2019,1112,57.3
637,640462,"Puk, A.J.",2023,950,67.1
637,543339,"Hudson, Daniel",2024,999,63.8
636,518813,"Holland, Greg",2018,818,77.8
636,467008,"Strop, Pedro",2018,871,73
636,571882,"Law, Derek",2019,1194,53.3
636,592773,"Stanek, Ryne",2024,977,65.1
633,669395,"Coleman, Dylan",2022,1205,52.5
632,606273,"Elías, Roenis",2019,847,74.6
632,607259,"Martinez, Nick",2023,1751,36.1
632,605347,"López, Jorge",2023,966,65.4
632,448855,"Guerra, Junior",2019,1392,45.4
632,605242,"Fulmer, Michael",2021,1183,53.4
628,657624,"James, Josh",2019,1142,55
627,455119,"Martin, Chris",2023,722,86.8
626,642152,"Trivino, Lou",2022,955,65.5
625,543483,"Magill, Matt",2019,885,70.6
624,543859,"Tonkin, Michael",2024,1419,44
624,612434,"Castro, Miguel",2023,1008,61.9
622,623352,"Hader, Josh",2018,1316,47.3
621,623433,"Anderson, Nick",2019,1101,56.4
620,448281,"Doolittle, Sean",2018,620,100
619,660261,"Fujinami, Shintaro",2023,1404,44.1
618,606303,"Payamps, Joel",2024,899,68.7
618,571946,"Miller, Shelby",2024,850,72.7
615,667427,"Jackson, Zach",2022,887,69.3
615,600917,"Leclerc, José",2023,977,62.9
614,623451,"Stephens, Jackson",2022,944,65
614,552640,"Kittredge, Andrew",2024,1029,59.7
614,606160,"Montero, Rafael",2021,872,70.4
614,608717,"Stratton, Chris",2021,1374,44.7
613,543339,"Hudson, Daniel",2021,865,70.9
613,650556,"Abreu, Bryan",2025,653,93.9
612,650895,"Castillo, Diego",2019,1119,54.7
610,542914,"Bass, Anthony",2019,738,82.7
610,592094,"Adam, Jason",2025,703,86.8
609,571710,"Givens, Mychal",2022,1026,59.4
607,676254,"Walker, Ryan",2024,1221,49.7
607,608349,"Knebel, Corey",2022,795,76.4
606,668941,"Romero, JoJo",2024,919,65.9
605,571670,"Floro, Dylan",2023,961,63
604,573668,"Minaya, Juan",2018,910,66.4
600,606965,"Devenski, Chris",2018,776,77.3
600,605177,"Chafin, Andrew",2021,947,63.4
599,621363,"Poche, Colin",2022,974,61.5
599,607231,"Gant, John",2019,1107,54.1
599,606965,"Devenski, Chris",2019,1144,52.4
598,664854,"Helsley, Ryan",2023,607,98.5
598,425492,"Madson, Ryan",2018,834,71.7
596,608717,"Stratton, Chris",2023,1357,43.9
596,662253,"Muñoz, Andrés",2022,1024,58.2
596,621237,"Alvarado, José",2018,1038,57.4
596,600917,"Leclerc, José",2018,933,63.9
594,623352,"Hader, Josh",2025,594,100
593,605151,"Bradley, Archie",2021,921,64.4
593,594027,"Guerrero, Tayron",2019,900,65.9
593,493200,"Oh, Seunghwan",2018,1162,51
593,593576,"Neris, Héctor",2018,796,74.5
591,621237,"Alvarado, José",2021,1045,56.6
590,681676,"Fernandez, Ryan",2024,1191,49.5
590,502748,"Peacock, Brad",2018,1156,51
590,614179,"Ruiz, José",2022,1115,52.9
589,608718,"Suter, Brent",2024,1022,57.6
589,503449,"Peralta, Wily",2018,602,97.8
589,542882,"Andriese, Matt",2019,1204,48.9
588,623149,"Sewald, Paul",2024,629,93.5
588,642152,"Trivino, Lou",2018,1124,52.3
587,519008,"McFarland, T.J.",2018,1069,54.9
585,661403,"Clase, Emmanuel",2025,585,100
584,676684,"Vest, Will",2024,1162,50.3
583,670059,"Holderman, Colin",2024,869,67.1
582,608032,"Estévez, Carlos",2019,1240,46.9
580,661395,"Duran, Jhoan",2025,591,98.1
579,518813,"Holland, Greg",2019,599,96.7
579,657508,"Baumann, Mike",2024,1067,54.3
578,457915,"Guerra, Javy",2019,1076,53.7
577,657240,"Merryweather, Julian",2023,1228,47
577,605130,"Barlow, Scott",2024,1022,56.5
577,608717,"Stratton, Chris",2024,995,58
576,489334,"Stammen, Craig",2018,1167,49.4
574,656730,"Megill, Trevor",2024,668,85.9
573,407822,"De La Rosa, Jorge",2018,997,57.5
573,664076,"Cleavinger, Garrett",2024,1056,54.3
573,445926,"Chavez, Jesse",2018,1479,38.7
573,640448,"Finnegan, Kyle",2021,1209,47.4
573,607457,"Barraclough, Kyle",2019,708,80.9
571,643410,"Leiter Jr., Mark",2023,1056,54.1
568,660853,"De Los Santos, Enyel",2024,1127,50.4
567,593576,"Neris, Héctor",2023,1092,51.9
567,605177,"Chafin, Andrew",2024,967,58.6
567,607359,"Patton, Spencer",2021,705,80.4
564,656945,"Scott, Tanner",2021,1032,54.7
564,622098,"Smith, Drew",2023,1082,52.1
564,676684,"Vest, Will",2025,638,88.4
564,656546,"Hoffman, Jeff",2025,564,100
563,656945,"Scott, Tanner",2025,578,97.4
562,664126,"Fairbanks, Pete",2025,562,100
562,669093,"Estrada, Jeremiah",2024,1003,56
561,573009,"Mantiply, Joe",2022,861,65.2
561,592145,"Biddle, Jesse",2018,1013,55.4
561,518553,"Cishek, Steve",2021,1255,44.7
561,607625,"Lugo, Seth",2022,1079,52
560,664126,"Fairbanks, Pete",2021,774,72.4
560,570666,"Cessa, Luis",2019,1352,41.4
558,622554,"Domínguez, Seranthony",2022,823,67.8
557,660813,"Graterol, Brusdar",2023,929,60
557,673633,"Hirano, Yoshihisa",2018,1100,50.6
554,573124,"Rogers, Taylor",2021,642,86.3
554,663158,"Suarez, Robert",2025,554,100
553,608328,"De Jong, Chase",2022,1174,47.1
553,621237,"Alvarado, José",2023,742,74.5
552,451584,"Davis, Wade",2021,769,71.8
552,600917,"Leclerc, José",2022,782,70.6
552,643410,"Leiter Jr., Mark",2024,1015,54.4
551,641360,"Bickford, Phil",2022,990,55.7
551,453268,"Bard, Daniel",2023,933,59.1
550,571670,"Floro, Dylan",2022,863,63.7
550,664139,"Gibaut, Ian",2023,1214,45.3
550,458677,"Wilson, Justin",2018,1035,53.1
550,605240,"Fry, Jace",2018,891,61.7
549,592094,"Adam, Jason",2022,942,58.3
549,663574,"Santillan, Tony",2025,625,87.8
548,608723,"Voth, Austin",2024,974,56.3
547,571670,"Floro, Dylan",2018,993,55.1
546,543045,"Conley, Adam",2019,1061,51.5
545,593140,"Feliz, Michael",2018,935,58.3
544,608032,"Estévez, Carlos",2025,544,100
542,622251,"Staumont, Josh",2022,731,74.1
540,657571,"Ferguson, Caleb",2023,1065,50.7
539,473879,"Dyson, Sam",2018,990,54.4
539,504379,"Nicasio, Juan",2018,765,70.5
539,650893,"Cabrera, Génesis",2024,1030,52.3
538,554340,"García, Yimi",2023,1100,48.9
538,607481,"Bummer, Aaron",2023,1099,49
537,455119,"Martin, Chris",2018,703,76.4
537,456713,"Bush, Matt",2022,909,59.1
536,641360,"Bickford, Phil",2023,1229,43.6
535,472610,"García, Luis",2019,1053,50.8
534,608718,"Suter, Brent",2022,1070,49.9
533,642585,"Bautista, Félix",2025,533,100
533,661255,"López, Yoan",2019,865,61.6
533,666619,"Santos, Gregory",2023,1047,50.9
533,669618,"Barlow, Joe",2022,554,96.2
532,642121,"Sulser, Cole",2021,1070,49.7
532,663878,"Pearson, Nate",2024,1059,50.2
532,453172,"Hughes, Jared",2019,1143,46.5
531,532077,"Osuna, Roberto",2018,531,100
530,656464,"Ginkel, Kevin",2024,1184,44.8
530,608716,"Steckenrider, Drew",2021,1008,52.6
529,545064,"Díaz, Jairo",2019,888,59.6
529,658648,"Avila, Pedro",2024,1419,37.3
528,543766,"Shaw, Bryan",2019,1188,44.4
528,614179,"Ruiz, José",2021,1037,50.9
527,608371,"Sims, Lucas",2021,815,64.7
527,502624,"Anderson, Chase",2024,1016,51.9
527,612434,"Castro, Miguel",2018,1460,36.1
526,643316,"Fry, Paul",2021,872,60.3
526,605242,"Fulmer, Michael",2023,950,55.4
526,465657,"Soria, Joakim",2021,605,86.9
526,518875,"Kelley, Shawn",2019,768,68.5
525,642207,"Williams, Devin",2025,543,96.7
524,669211,"Akin, Keegan",2024,1241,42.2
522,554340,"García, Yimi",2019,998,52.3
522,663423,"Thornton, Trent",2024,1139,45.8
521,458708,"Tomlin, Josh",2019,1136,45.9
521,675916,"Karinchak, James",2022,704,74
520,642397,"Soto, Gregory",2023,966,53.8
520,650556,"Abreu, Bryan",2024,1300,40
520,643256,"Cimber, Adam",2021,1022,50.9
520,434538,"Liriano, Francisco",2019,1133,45.9
519,554431,"Matzek, Tyler",2021,1065,48.7
519,445926,"Chavez, Jesse",2022,1202,43.2
519,621242,"Díaz, Edwin",2025,519,100
517,657612,"Hill, Tim",2022,745,69.4
517,472610,"García, Luis",2024,898,57.6
517,543272,"Hand, Brad",2022,817,63.3
516,503449,"Peralta, Wily",2019,673,76.7
514,518617,"Diekman, Jake",2023,996,51.6
514,621237,"Alvarado, José",2019,586,87.7
513,686826,"Jarvis, Bryce",2024,1006,51
512,672578,"Hernández, Carlos",2023,1251,40.9
512,641941,"Pagán, Emilio",2025,527,97.2
511,542882,"Andriese, Matt",2018,1345,38
510,548384,"Raley, Brooks",2023,982,51.9
510,607237,"Garrett, Amir",2021,828,61.6
509,622253,"Tate, Dillon",2022,1077,47.3
509,650556,"Abreu, Bryan",2022,1019,50
509,542914,"Bass, Anthony",2021,959,53.1
508,605130,"Barlow, Scott",2019,1300,39.1
508,663432,"Rainey, Tanner",2022,521,97.5
507,666204,"Jiménez, Dany",2022,539,94.1
507,607481,"Bummer, Aaron",2019,1039,48.8
506,543272,"Hand, Brad",2023,969,52.2
506,543118,"Drake, Oliver",2019,941,53.8
506,543507,"May, Trevor",2019,1166,43.4
506,662253,"Muñoz, Andrés",2025,506,100
505,519043,"Moore, Matt",2023,842,60
505,606625,"Moronta, Reyes",2022,641,78.8
505,605525,"Wendelken, J.B.",2021,749,67.4
505,571656,"Farmer, Buck",2019,1157,43.6
504,642397,"Soto, Gregory",2024,960,52.5
504,593974,"Peralta, Wandy",2022,816,61.8
504,445213,"Kintzler, Brandon",2018,981,51.4
504,608678,"Leone, Dominic",2022,826,61
503,456696,"Hernandez, David",2018,975,51.6
503,596112,"Stephenson, Robert",2019,1028,48.9
503,592473,"Kolarek, Adam",2019,794,63.4
502,656061,"Abreu, Albert",2023,1044,48.1
502,607229,"Gsellman, Robert",2019,1072,46.8
500,605218,"Edwards Jr., Carl",2022,1014,49.3
499,592454,"Kahnle, Tommy",2025,508,98.2
499,676714,"Hughes, Brandon",2022,973,51.3
499,656420,"Feyereisen, J.P.",2021,987,50.6
498,695243,"Miller, Mason",2025,498,100
496,642545,"Barria, Jaime",2022,1123,44.2
496,664199,"Clarke, Taylor",2023,1068,46.4
496,570257,"Rodríguez, Joely",2021,775,64
496,547973,"Chapman, Aroldis",2025,496,100
495,592426,"Jackson, Luke",2021,1055,46.9
495,572403,"VerHagen, Drew",2023,1042,47.5
495,543506,"Maurer, Brandon",2018,667,74.2
495,501789,"Harris, Will",2018,887,55.8
495,592741,"Shreve, Chasen",2018,1006,49.2
494,657585,"Garrett, Reed",2024,980,50.4
492,543935,"Wilson, Alex",2018,941,52.3
492,455119,"Martin, Chris",2024,657,74.9
492,445276,"Jansen, Kenley",2025,492,100
491,608371,"Sims, Lucas",2024,885,55.5
490,675540,"Curry, Xzavion",2023,1495,32.8
490,664854,"Helsley, Ryan",2025,490,100
488,598264,"Barnes, Matt",2022,693,70.4
488,453344,"Morrow, Brandon",2018,488,100
487,445213,"Kintzler, Brandon",2019,855,57
486,656547,"Holder, Jonathan",2018,1032,47.1
486,600917,"Leclerc, José",2024,1204,40.4
486,623474,"Herget, Jimmy",2022,996,48.8
484,592222,"Claudio, Alex",2018,1065,45.4
483,643256,"Cimber, Adam",2022,1044,46.3
482,656730,"Megill, Trevor",2025,486,99.2
482,502154,"Britton, Zack",2018,656,73.5
482,475479,"Phelps, David",2022,1151,41.9
482,571656,"Farmer, Buck",2024,1170,41.2
481,669060,"Wilson, Bryse",2023,1156,41.6
481,453343,"Melancon, Mark",2018,654,73.5
480,608371,"Sims, Lucas",2023,1057,45.4
479,663947,"Holton, Tyler",2024,1339,35.8
479,459429,"McGee, Jake",2018,861,55.6
479,670167,"Schreiber, John",2022,1020,47
479,643256,"Cimber, Adam",2019,797,60.1
478,641729,"Jiménez, Joe",2022,937,51
478,433589,"Petit, Yusmeiro",2018,1316,36.3
477,642701,"Santana, Dennis",2022,991,48.1
476,433589,"Petit, Yusmeiro",2021,1082,44
476,543766,"Shaw, Bryan",2018,1015,46.9
475,554340,"García, Yimi",2024,619,76.7
474,641755,"Kinley, Tyler",2019,866,54.7
474,687863,"Hodge, Porter",2024,642,73.8
473,672335,"Pérez, Cionel",2022,901,52.5
472,613534,"Adams, Austin",2021,962,49.1
472,657024,"Swanson, Erik",2024,667,70.8
472,672335,"Pérez, Cionel",2024,864,54.6
472,593974,"Peralta, Wandy",2023,878,53.8
472,644364,"Arano, Víctor",2018,946,49.9
472,640462,"Puk, A.J.",2022,1072,44
471,593144,"Rodríguez, Richard",2018,1133,41.6
471,628452,"Iglesias, Raisel",2025,471,100
471,641394,"Brentz, Jake",2021,1106,42.6
470,605177,"Chafin, Andrew",2018,878,53.5
470,641835,"Mayza, Tim",2021,841,55.9
470,519043,"Moore, Matt",2024,854,55
470,502026,"Jeffress, Jeremy",2019,877,53.6
470,641729,"Jiménez, Joe",2023,936,50.2
470,607259,"Martinez, Nick",2022,1720,27.3
470,547973,"Chapman, Aroldis",2022,679,69.2
469,676680,"Cosgrove, Tom",2023,837,56
469,640448,"Finnegan, Kyle",2025,469,100
468,573204,"Thielbar, Caleb",2021,1106,42.3
468,594987,"Sadler, Casey",2019,696,67.2
467,656354,"Davis, Austin",2022,1118,41.8
466,592229,"Covey, Dylan",2023,735,63.4
466,642545,"Barria, Jaime",2023,1350,34.5
466,572143,"Smith, Burch",2018,1431,32.6
466,488984,"Hunter, Tommy",2018,958,48.6
465,519166,"Ramírez, Neil",2018,747,62.2
465,670280,"Bednar, David",2025,486,95.7
465,542888,"Armstrong, Shawn",2019,1132,41.1
464,657571,"Ferguson, Caleb",2024,940,49.4
464,656685,"Martin, Brett",2021,918,50.5
464,592135,"Bedrosian, Cam",2019,1021,45.4
462,622253,"Tate, Dillon",2021,1042,44.3
461,641838,"McCarthy, Kevin",2018,1008,45.7
461,542585,"Cisnero, José",2023,986,46.8
461,657024,"Swanson, Erik",2022,880,52.4
460,518617,"Diekman, Jake",2022,1172,39.2
459,605240,"Fry, Jace",2019,1054,43.5
458,660896,"Alcala, Jorge",2021,869,52.7
457,594986,"Ryan, Kyle",2019,1052,43.4
457,571882,"Law, Derek",2023,959,47.7
457,518858,"Jones, Nate",2018,515,88.7
456,593974,"Peralta, Wandy",2024,613,74.4
456,672335,"Pérez, Cionel",2023,877,52
455,621383,"Banks, Tanner",2022,897,50.7
454,621053,"Ferguson, Tyler",2024,819,55.4
454,544727,"Familia, Jeurys",2022,817,55.6
454,663855,"Hicks, Jordan",2019,454,100
454,446099,"Axford, John",2018,916,49.6
454,641941,"Pagán, Emilio",2018,1038,43.7
454,656638,"Lange, Alex",2022,1046,43.4
453,594027,"Guerrero, Tayron",2018,1120,40.4
452,666374,"Brash, Matt",2023,1304,34.7
452,670174,"Winckowski, Josh",2024,1240,36.5
452,542914,"Bass, Anthony",2022,986,45.8
451,643511,"Rogers, Tyler",2025,487,92.6
450,664199,"Clarke, Taylor",2022,859,52.4
450,476595,"Luetge, Lucas",2022,971,46.3
450,676477,"Whitlock, Garrett",2021,1150,39.1
450,519096,"Otero, Dan",2018,926,48.6
450,643511,"Rogers, Tyler",2022,1166,38.6
449,571946,"Miller, Shelby",2025,527,85.2
449,669711,"Weissert, Greg",2024,1029,43.6
449,592454,"Kahnle, Tommy",2024,750,59.9
449,543118,"Drake, Oliver",2018,817,55
448,614179,"Ruiz, José",2023,820,54.6
448,650893,"Cabrera, Génesis",2022,736,60.9
448,621237,"Alvarado, José",2022,881,50.9
447,455119,"Martin, Chris",2021,663,67.4
447,623465,"Phillips, Evan",2022,923,48.4
447,542960,"Brach, Brad",2019,997,44.8
447,669622,"Bender, Anthony",2024,954,46.9
446,518489,"Brasier, Ryan",2022,985,45.3
446,519301,"Solís, Sammy",2018,727,61.3
445,491624,"Valdez, César",2021,757,58.8
445,664208,"Maton, Phil",2025,555,80.2
444,593144,"Rodríguez, Richard",2019,1162,38.2
444,543766,"Shaw, Bryan",2022,969,45.8
444,519326,"Strickland, Hunter",2021,981,45.3
444,670950,"Richards, Trevor",2024,1182,37.6
443,570257,"Rodríguez, Joely",2022,842,52.6
443,676979,"Crochet, Garrett",2021,915,48.4
443,621242,"Díaz, Edwin",2020,483,91.7
443,608648,"Duffey, Tyler",2019,980,45.2
442,502202,"Boxberger, Brad",2021,1074,41.2
442,592454,"Kahnle, Tommy",2023,685,64.5
441,669622,"Bender, Anthony",2021,973,45.3
441,643377,"Jax, Griffin",2025,585,75.4
440,607481,"Bummer, Aaron",2021,962,45.7
440,669062,"Miller, Erik",2024,1269,34.7
439,571901,"Loup, Aaron",2023,837,52.4
438,501625,"Alvarez, Jose",2019,984,44.5
438,518553,"Cishek, Steve",2018,1157,37.9
438,621345,"Minter, A.J.",2021,876,50
438,641941,"Pagán, Emilio",2023,1061,41.3
438,640462,"Puk, A.J.",2024,1173,37.3
437,678020,"Halvorsen, Seth",2025,502,87.1
437,642528,"Loáisiga, Jonathan",2022,761,57.4
436,606303,"Payamps, Joel",2022,952,45.8
436,606930,"Barnes, Jacob",2018,840,51.9
436,592761,"Smith, Caleb",2022,1234,35.3
435,669212,"Morgan, Eli",2022,1017,42.8
435,456696,"Hernandez, David",2019,787,55.3
435,448855,"Guerra, Junior",2021,1225,35.5
434,650633,"King, Michael",2022,776,55.9
434,592865,"Williams, Taylor",2018,940,46.2
434,641871,"Middleton, Keynan",2023,856,50.7
434,596057,"Norris, Daniel",2021,989,43.9
434,643316,"Fry, Paul",2018,636,68.2
434,670174,"Winckowski, Josh",2023,1383,31.4
434,445926,"Chavez, Jesse",2024,1044,41.6
433,641838,"McCarthy, Kevin",2019,901,48.1
433,472610,"García, Luis",2018,764,56.7
433,621381,"Strahm, Matt",2022,764,56.7
431,605177,"Chafin, Andrew",2019,895,48.2
431,543339,"Hudson, Daniel",2018,739,58.3
431,666808,"Doval, Camilo",2025,566,76.1
431,621345,"Minter, A.J.",2019,588,73.3
431,594577,"Mayers, Mike",2018,908,47.5
430,573124,"Rogers, Taylor",2018,988,43.5
430,677053,"Nardi, Andrew",2023,958,44.9
430,605388,"Morgan, Adam",2018,850,50.6
430,518489,"Brasier, Ryan",2023,902,47.7
430,650671,"Quijada, José",2022,691,62.2
429,643256,"Cimber, Adam",2018,991,43.3
429,502706,"Holland, Derek",2019,1487,28.9
429,621053,"Ferguson, Tyler",2025,636,67.5
429,607237,"Garrett, Amir",2019,978,43.9
429,518397,"Alexander, Scott",2018,968,44.3
428,621381,"Strahm, Matt",2024,981,43.6
428,622259,"Wingenter, Trey",2019,906,47.2
426,503569,"Dolis, Rafael",2021,605,70.4
426,660853,"De Los Santos, Enyel",2021,697,61.1
426,670167,"Schreiber, John",2024,895,47.6
425,542888,"Armstrong, Shawn",2022,1047,40.6
424,676534,"Faucher, Calvin",2025,562,75.4
424,445276,"Jansen, Kenley",2020,446,95.1
423,608678,"Leone, Dominic",2019,682,62
423,592773,"Stanek, Ryne",2022,895,47.3
423,605154,"Brebbia, John",2018,833,50.8
423,657097,"Webb, Jacob",2019,536,78.9
422,606149,"Gallegos, Giovanny",2019,1141,37
422,660853,"De Los Santos, Enyel",2022,845,49.9
421,657612,"Hill, Tim",2024,982,42.9
421,693312,"Nicolas, Kyle",2024,950,44.3
420,605521,"Warren, Art",2022,655,64.1
419,676969,"de Geus, Brett",2021,911,46
419,621363,"Poche, Colin",2023,927,45.2
418,641755,"Kinley, Tyler",2025,694,60.2
418,664948,"Misiewicz, Anthony",2021,894,46.8
418,573124,"Rogers, Taylor",2023,834,50.1
418,621249,"Underwood Jr., Duane",2022,1004,41.6
417,605541,"Wright Jr., Mike",2018,1562,26.7
417,502004,"Kontos, George",2018,450,92.7
416,641627,"Gott, Trevor",2023,977,42.6
416,605347,"López, Jorge",2024,802,51.9
415,518715,"Gearrin, Cory",2018,948,43.8
415,676051,"Heuer, Codi",2021,1049,39.6
415,643316,"Fry, Paul",2019,1076,38.6
414,608648,"Duffey, Tyler",2022,741,55.9
413,519151,"Pressly, Ryan",2018,1114,37.1
412,642546,"Hernández, Jonathan",2020,497,82.9
412,435043,"Duke, Zach",2018,929,44.3
412,592773,"Stanek, Ryne",2019,1300,31.7
412,614179,"Ruiz, José",2024,835,49.3
411,642048,"Saucedo, Tayler",2023,789,52.1
411,669212,"Morgan, Eli",2023,1200,34.3
411,660853,"De Los Santos, Enyel",2023,1048,39.2
411,642701,"Santana, Dennis",2025,506,81.2
410,642546,"Hernández, Jonathan",2022,511,80.2
410,643338,"Green, Chad",2019,1320,31.1
409,501789,"Harris, Will",2019,935,43.7
409,523260,"Kelly, Joe",2019,894,45.7
409,655889,"Rodríguez, Manuel",2024,605,67.6
408,448281,"Doolittle, Sean",2021,866,47.1
408,605463,"Scott, Tayler",2024,1203,33.9
408,592390,"Hembree, Heath",2019,718,56.8
408,676254,"Walker, Ryan",2025,532,76.7
408,650633,"King, Michael",2023,1681,24.3
407,623433,"Anderson, Nick",2023,548,74.3
407,444468,"Rondón, Héctor",2019,994,40.9
407,622098,"Smith, Drew",2022,780,52.2
407,666214,"Wentz, Joey",2024,1224,33.3
407,502083,"McAllister, Zach",2018,776,52.4
405,641755,"Kinley, Tyler",2021,1143,35.4
405,668338,"Miller, Tyson",2024,934,43.4
405,669270,"Kuhnel, Joel",2022,934,43.4
405,572750,"Butler, Eddie",2018,842,48.1
405,641582,"Foster, Matt",2022,768,52.7
404,460283,"Blevins, Jerry",2018,779,51.9
404,573204,"Thielbar, Caleb",2024,887,45.5
404,571901,"Loup, Aaron",2022,967,41.8
404,488748,"Buchter, Ryan",2019,800,50.5
403,677161,"Kelly, Zack",2024,957,42.1
403,621389,"Blach, Ty",2018,1879,21.4
403,663158,"Suarez, Robert",2022,801,50.3
402,664199,"Clarke, Taylor",2021,754,53.3
402,669912,"Snead, Kirby",2022,780,51.5
402,592815,"Tuivailala, Sam",2018,636,63.2
402,519326,"Strickland, Hunter",2024,1157,34.7
402,641438,"Carle, Shane",2018,957,42
402,605538,"Wisler, Matt",2021,787,51.1
402,518585,"Cruz, Fernando",2024,1138,35.3
402,621381,"Strahm, Matt",2025,552,72.8
401,676092,"Snider, Collin",2024,676,59.3
401,571948,"Milner, Hoby",2024,1043,38.4
400,598287,"Ramirez, Noé",2022,837,47.8
399,669330,"Wells, Tyler",2021,894,44.6
399,542947,"Bleier, Richard",2019,762,52.4
399,543359,"Jennings, Dan",2018,1070,37.3
398,519393,"Walden, Marcus",2019,1268,31.4
398,607481,"Bummer, Aaron",2024,974,40.9
398,656353,"Davidson, Tucker",2023,847,47
398,622554,"Domínguez, Seranthony",2023,859,46.3
397,608717,"Stratton, Chris",2019,1363,29.1
397,642528,"Loáisiga, Jonathan",2021,1085,36.6
397,663558,"Moran, Jovani",2022,672,59.1
397,595014,"Treinen, Blake",2024,737,53.9
397,605121,"Anderson, Justin",2024,945,42
397,656945,"Scott, Tanner",2018,957,41.5
397,571479,"Bellatti, Andrew",2022,963,41.2
396,656546,"Hoffman, Jeff",2023,869,45.6
396,501593,"Avilán, Luis",2018,826,47.9
395,621016,"Cuas, Jose",2023,1176,33.6
395,502202,"Boxberger, Brad",2022,1090,36.2
395,548384,"Raley, Brooks",2021,865,45.7
394,663158,"Suarez, Robert",2023,449,87.8
394,453265,"Watson, Tony",2021,866,45.5
394,544727,"Familia, Jeurys",2021,1017,38.7
393,664208,"Maton, Phil",2018,849,46.3
393,458677,"Wilson, Justin",2019,692,56.8
393,434628,"Hammel, Jason",2018,2073,19
393,669618,"Barlow, Joe",2021,455,86.4
393,656685,"Martin, Brett",2022,750,52.4
392,641835,"Mayza, Tim",2023,809,48.5
392,670950,"Richards, Trevor",2023,1352,29
392,518886,"Kimbrel, Craig",2019,392,100
392,681982,"Anderson, Grant",2025,694,56.5
392,598287,"Ramirez, Noé",2021,579,67.7
392,279571,"Belisle, Matt",2018,586,66.9
392,669461,"Liberatore, Matthew",2024,1358,28.9
391,670950,"Richards, Trevor",2021,1061,36.9
391,664208,"Maton, Phil",2022,1089,35.9
391,570663,"Robles, Hansel",2018,969,40.4
391,621383,"Banks, Tanner",2024,1174,33.3
391,656557,"Houck, Tanner",2022,918,42.6
391,573046,"Morin, Mike",2019,724,54
391,571656,"Farmer, Buck",2023,1222,32
391,523260,"Kelly, Joe",2023,712,54.9
391,642207,"Williams, Devin",2024,391,100
391,519151,"Pressly, Ryan",2025,513,76.2
391,462382,"Johnson, Jim",2018,1016,38.5
389,461872,"Swarzak, Anthony",2018,489,79.6
389,657508,"Baumann, Mike",2023,1071,36.3
389,689225,"Brieske, Beau",2024,1152,33.8
388,493603,"Ottavino, Adam",2019,1158,33.5
388,573124,"Rogers, Taylor",2024,1082,35.9
388,605154,"Brebbia, John",2022,1091,35.6
388,598287,"Ramirez, Noé",2018,1379,28.1
387,643230,"Brault, Steven",2018,1649,23.5
387,595918,"Cole, A.J.",2018,877,44.1
387,458006,"Albers, Matt",2018,673,57.5
386,670970,"Morejon, Adrian",2024,1064,36.3
386,657612,"Hill, Tim",2018,779,49.6
386,572193,"Tepera, Ryan",2021,948,40.7
385,543766,"Shaw, Bryan",2023,774,49.7
385,621051,"Wilson, Steven",2024,623,61.8
385,676760,"Marinaccio, Ron",2022,757,50.9
385,453284,"Parker, Blake",2021,713,54
384,681911,"Vesia, Alex",2022,951,40.4
384,673633,"Hirano, Yoshihisa",2019,934,41.1
384,642701,"Santana, Dennis",2021,909,42.2
384,676395,"Garcia, Robert",2025,496,77.4
383,571670,"Floro, Dylan",2019,742,51.6
383,606424,"García, Jarlín",2019,759,50.5
383,672710,"Contreras, Roansy",2024,1075,35.6
383,518585,"Cruz, Fernando",2023,1120,34.2
382,552640,"Kittredge, Andrew",2021,982,38.9
382,598264,"Barnes, Matt",2020,455,84
382,543022,"Chatwood, Tyler",2021,591,64.6
381,622250,"Sborz, Josh",2023,835,45.6
381,678226,"Hernández, Daysbel",2025,454,83.9
381,642232,"Yarbrough, Ryan",2024,1514,25.2
381,663658,"Ward, Thaddeus",2023,681,55.9
381,596112,"Stephenson, Robert",2022,914,41.7
381,661527,"Martinez, Seth",2024,838,45.5
380,571670,"Floro, Dylan",2024,1018,37.3
380,621142,"Buttrey, Ty",2020,428,88.8
380,543056,"Coulombe, Danny",2023,830,45.8
380,668674,"Erceg, Lucas",2025,491,77.4
380,593144,"Rodríguez, Richard",2020,392,96.9
379,501925,"Smith, Joe",2018,687,55.2
378,592390,"Hembree, Heath",2018,1104,34.2
378,605447,"Romano, Jordan",2025,500,75.6
377,670990,"Ramírez, Yohan",2022,620,60.8
377,429722,"Santana, Ervin",2021,1063,35.5
377,607625,"Lugo, Seth",2021,730,51.6
376,571521,"Brothers, Rex",2021,998,37.7
376,592773,"Stanek, Ryne",2023,864,43.5
376,543483,"Magill, Matt",2018,1009,37.3
376,628708,"Marte, Yunior",2022,856,43.9
376,605195,"Crick, Kyle",2021,434,86.6
375,669622,"Bender, Anthony",2025,546,68.7
375,572143,"Smith, Burch",2024,896,41.9
375,592773,"Stanek, Ryne",2025,515,72.8
375,596133,"Weaver, Luke",2025,440,85.2
375,663893,"Little, Brendon",2025,693,54.1
374,570666,"Cessa, Luis",2021,949,39.4
374,676477,"Whitlock, Garrett",2025,726,51.5
373,475054,"Roe, Chaz",2019,925,40.3
373,572096,"Rosenthal, Trevor",2019,405,92.1
373,501925,"Smith, Joe",2021,650,57.4
373,607755,"Vasquez, Andrew",2023,853,43.7
373,548384,"Raley, Brooks",2022,846,44.1
372,592135,"Bedrosian, Cam",2018,1038,35.8
372,657265,"Strzelecki, Peter",2023,653,57
372,656529,"Hentges, Sam",2022,944,39.4
372,664849,"Young, Danny",2024,697,53.4
372,606625,"Moronta, Reyes",2019,1038,35.8
372,669674,"Long, Sam",2023,776,47.9
371,680704,"Sandlin, Nick",2022,740,50.1
370,473879,"Dyson, Sam",2019,848,43.6
369,670036,"Festa, Matt",2022,897,41.1
369,683409,"Chivilli, Angel",2024,513,71.9
369,673929,"Leasure, Jordan",2025,568,65
368,670955,"Uceta, Edwin",2025,590,62.4
368,461325,"Clippard, Tyler",2019,937,39.3
368,623433,"Anderson, Nick",2024,573,64.2
367,656271,"Burke, Brock",2023,914,40.2
367,543022,"Chatwood, Tyler",2019,1285,28.6
367,642008,"Rhame, Jacob",2018,515,71.3
367,605177,"Chafin, Andrew",2022,899,40.8
367,592102,"Allen, Cody",2019,491,74.7
367,584171,"Velázquez, Hector",2018,1389,26.4
366,663878,"Pearson, Nate",2023,737,49.7
366,660825,"Bazardo, Eduard",2025,706,51.8
366,502522,"Miller, Justin",2018,885,41.4
366,517008,"Colomé, Alex",2020,366,100
366,641582,"Foster, Matt",2021,729,50.2
366,458708,"Tomlin, Josh",2018,1185,30.9
366,663941,"Beck, Tristan",2023,1298,28.2
365,596133,"Weaver, Luke",2022,721,50.6
365,594580,"Moll, Sam",2023,1025,35.6
365,641329,"Baker, Bryan",2022,1181,30.9
364,657031,"Taylor, Josh",2021,791,46
364,608648,"Duffey, Tyler",2021,1053,34.6
363,592612,"Osich, Josh",2019,1053,34.5
363,543272,"Hand, Brad",2020,363,100
362,519141,"Pomeranz, Drew",2021,430,84.2
362,676684,"Vest, Will",2022,1083,33.4
361,592426,"Jackson, Luke",2025,409,88.3
361,519443,"Workman, Brandon",2020,395,91.4
360,542882,"Andriese, Matt",2021,855,42.1
360,519008,"McFarland, T.J.",2024,836,43.1
360,543859,"Tonkin, Michael",2023,1283,28.1
360,451661,"Fields, Josh",2018,574,62.7
360,501625,"Alvarez, Jose",2021,970,37.1
360,647315,"Pop, Zach",2024,744,48.4
360,543169,"Flynn, Brian",2018,1250,28.8
360,598286,"Ramirez, Nick",2023,658,54.7
359,519293,"Smith, Will",2024,673,53.3
359,607237,"Garrett, Amir",2018,1002,35.8
359,459429,"McGee, Jake",2022,629,57.1
359,687863,"Hodge, Porter",2025,376,95.5
358,643778,"Webb, Tyler",2019,889,40.3
358,608652,"Farrell, Luke",2018,595,60.2
358,642121,"Sulser, Cole",2022,619,57.8
358,682171,"Murfee, Penn",2022,1003,35.7
358,571656,"Farmer, Buck",2022,855,41.9
357,461325,"Clippard, Tyler",2021,410,87.1
357,596057,"Norris, Daniel",2022,1012,35.3
357,681911,"Vesia, Alex",2024,1109,32.2
357,608334,"Fulmer, Carson",2024,1472,24.3
356,592165,"Brennan, Brandon",2019,725,49.1
356,641401,"Brogdon, Connor",2021,923,38.6
355,657649,"Koenig, Jared",2024,1017,34.9
355,593974,"Peralta, Wandy",2018,867,40.9
355,660813,"Graterol, Brusdar",2022,675,52.6
355,687330,"Kelly, Kevin",2024,1033,34.4
355,571948,"Milner, Hoby",2022,1088,32.6
355,598271,"Johnson, Brian",2018,1710,20.8
354,600921,"Machado, Andrés",2022,997,35.5
354,542960,"Brach, Brad",2021,579,61.1
353,681869,"Dubin, Shawn",2024,840,42
353,570488,"Valdez, Phillips",2021,684,51.6
353,673513,"Matsui, Yuki",2024,1049,33.7
353,641835,"Mayza, Tim",2024,731,48.3
352,543521,"McHugh, Collin",2021,972,36.2
352,593974,"Peralta, Wandy",2021,808,43.6
352,542947,"Bleier, Richard",2022,768,45.8
352,643338,"Green, Chad",2018,1251,28.1
352,663969,"Phillips, Tyler",2025,601,58.6
352,668941,"Romero, JoJo",2023,548,64.2
351,643493,"Pruitt, Austin",2022,809,43.4
351,606965,"Devenski, Chris",2023,680,51.6
351,679358,"Orze, Eric",2025,560,62.7
351,669467,"Pallante, Andre",2023,1139,30.8
351,595465,"Winkler, Dan",2021,787,44.6
351,664294,"Moreta, Dauri",2022,613,57.3
351,672582,"Zerpa, Angel",2024,951,36.9
351,641656,"Hamilton, Ian",2024,619,56.7
350,608678,"Leone, Dominic",2023,886,39.5
350,571656,"Farmer, Buck",2018,1255,27.9
350,642130,"Taylor, Blake",2021,748,46.8
349,675916,"Karinchak, James",2023,733,47.6
349,595001,"Smith, Josh A.",2019,593,58.9
349,642546,"Hernández, Jonathan",2023,553,63.1
349,607179,"Weems, Jordan",2023,920,37.9
349,650893,"Cabrera, Génesis",2023,946,36.9
348,670955,"Uceta, Edwin",2024,672,51.8
348,476589,"Warren, Adam",2018,989,35.2
348,622075,"Almonte, Yency",2021,871,40
347,669211,"Akin, Keegan",2022,1235,28.1
347,664208,"Maton, Phil",2019,608,57.1
347,650828,"Santana, Edgar",2018,929,37.4
347,657097,"Webb, Jacob",2023,928,37.4
346,521230,"Hendriks, Liam",2020,370,93.5
346,592858,"Wick, Rowan",2019,587,58.9
346,573009,"Mantiply, Joe",2024,867,39.9
346,663558,"Moran, Jovani",2023,750,46.1
346,591693,"Ramos, Edubray",2018,743,46.6
346,607192,"Glasnow, Tyler",2018,1855,18.7
346,658305,"García, Edgar",2019,723,47.9
345,572096,"Rosenthal, Trevor",2020,381,90.6
345,476595,"Luetge, Lucas",2021,1241,27.8
345,571882,"Law, Derek",2024,1368,25.2
344,676265,"Abbott, Cory",2023,703,48.9
344,683627,"Molina, Anthony",2024,1048,32.8
344,623149,"Sewald, Paul",2018,1057,32.5
344,592741,"Shreve, Chasen",2023,753,45.7
344,475054,"Roe, Chaz",2018,774,44.4
343,623451,"Stephens, Jackson",2018,678,50.6
343,543883,"Vincent, Nick",2018,829,41.4
343,656529,"Hentges, Sam",2023,852,40.3
342,694037,"Palencia, Daniel",2025,464,73.7
342,477569,"Salas, Fernando",2018,663,51.6
341,663460,"Bubic, Kris",2024,467,73
341,547179,"Lorenzen, Michael",2021,481,70.9
341,665871,"Assad, Javier",2023,1710,19.9
340,665625,"Peguero, Elvis",2024,829,41
340,641835,"Mayza, Tim",2022,731,46.5
340,664123,"Effross, Scott",2022,815,41.7
340,518617,"Diekman, Jake",2024,627,54.2
340,642121,"Sulser, Cole",2020,416,81.7
339,657097,"Webb, Jacob",2024,934,36.3
339,681911,"Vesia, Alex",2025,575,59
339,676477,"Whitlock, Garrett",2022,1166,29.1
338,572955,"Johnson, Pierce",2024,916,36.9
338,621248,"Garza Jr., Ralph",2021,485,69.7
338,621237,"Alvarado, José",2025,338,100
337,623352,"Hader, Josh",2020,372,90.6
337,660825,"Bazardo, Eduard",2024,441,76.4
337,543208,"Gaviglio, Sam",2019,1427,23.6
337,621295,"Wittgren, Nick",2021,1018,33.1
337,606625,"Moronta, Reyes",2018,1100,30.6
336,592094,"Adam, Jason",2018,571,58.8
336,596112,"Stephenson, Robert",2023,763,44
336,606160,"Montero, Rafael",2019,459,73.2
336,642758,"Acevedo, Domingo",2022,1005,33.4
336,690829,"Joyce, Ben",2024,541,62.1
335,596101,"Shafer, Justin",2019,732,45.8
335,612672,"Chen, Wei-Yin",2019,1151,29.1
335,500610,"Guerra, Deolis",2021,1086,30.8
335,621295,"Wittgren, Nick",2023,472,71
335,543339,"Hudson, Daniel",2020,378,88.6
334,518715,"Gearrin, Cory",2019,923,36.2
333,671345,"Foley, Jason",2022,961,34.7
333,521655,"Font, Wilmer",2018,841,39.6
333,680767,"Vodnik, Victor",2025,446,74.7
333,657031,"Taylor, Josh",2019,836,39.8
333,504379,"Nicasio, Juan",2019,832,40
333,678606,"Ferrer, Jose A.",2025,676,49.3
333,682842,"Uribe, Abner",2025,633,52.6
332,543045,"Conley, Adam",2018,774,42.9
332,542914,"Bass, Anthony",2020,385,86.2
332,596112,"Stephenson, Robert",2021,767,43.3
331,622503,"Crismatt, Nabil",2021,1337,24.8
331,657571,"Ferguson, Caleb",2018,830,39.9
331,573204,"Thielbar, Caleb",2022,996,33.2
331,656061,"Abreu, Albert",2022,707,46.8
330,592340,"Goeddel, Erik",2018,642,51.4
330,605255,"Graves, Brett",2018,533,61.9
330,694363,"Shuster, Jared",2024,1290,25.6
330,622786,"Tinoco, Jesus",2024,644,51.2
329,643493,"Pruitt, Austin",2018,1024,32.1
329,594580,"Moll, Sam",2022,737,44.6
329,641501,"Danish, Tyler",2022,664,49.5
328,659275,"Lamet, Dinelson",2022,583,56.3
328,650382,"Hernández, Darwinzon",2021,754,43.5
328,605194,"Cotton, Jharel",2022,741,44.3
328,642397,"Soto, Gregory",2025,506,64.8
328,612434,"Castro, Miguel",2021,1228,26.7
327,458924,"Venters, Jonny",2018,528,61.9
327,571863,"Koch, Matt",2023,584,56
327,458006,"Albers, Matt",2019,1005,32.5
327,592169,"Brice, Austin",2019,779,42
327,663947,"Holton, Tyler",2023,1195,27.4
327,671305,"Otañez, Michel",2024,601,54.4
327,667463,"King, John",2022,749,43.7
326,657612,"Hill, Tim",2023,716,45.5
326,686580,"Slaten, Justin",2024,811,40.2
326,542888,"Armstrong, Shawn",2024,1109,29.4
326,657585,"Garrett, Reed",2025,556,58.6
325,614179,"Ruiz, José",2019,753,43.2
325,622503,"Crismatt, Nabil",2022,1062,30.6
325,608718,"Suter, Brent",2021,1221,26.6
325,621199,"Bowman, Matt",2019,561,57.9
325,670950,"Richards, Trevor",2022,1163,27.9
325,605309,"Kela, Keone",2019,504,64.5
325,689147,"Kerkering, Orion",2024,1087,29.9
325,518875,"Kelley, Shawn",2018,730,44.5
324,547179,"Lorenzen, Michael",2018,1292,25.1
324,605280,"Holmes, Clay",2021,1124,28.8
324,663432,"Rainey, Tanner",2019,900,36
324,541640,"Ramírez, Erasmo",2022,1222,26.5
324,461833,"Hughes, Phil",2018,562,57.7
324,571656,"Farmer, Buck",2020,341,95
323,606424,"García, Jarlín",2021,1002,32.2
323,606160,"Montero, Rafael",2025,535,60.4
323,643377,"Jax, Griffin",2022,1157,27.9
322,608723,"Voth, Austin",2021,1021,31.5
322,502327,"Santiago, Héctor",2019,715,45
322,518397,"Alexander, Scott",2023,694,46.4
322,683769,"Gaddis, Hunter",2025,555,58
322,543339,"Hudson, Daniel",2022,406,79.3
322,593833,"Suero, Wander",2018,789,40.8
322,656257,"Brigham, Jeff",2019,690,46.7
322,606303,"Payamps, Joel",2021,826,39
322,502154,"Britton, Zack",2021,337,95.5
321,656730,"Megill, Trevor",2022,774,41.5
321,656222,"Beeks, Jalen",2025,623,51.5
321,663485,"Sands, Cole",2024,1154,27.8
321,458677,"Wilson, Justin",2024,816,39.3
320,571946,"Miller, Shelby",2023,663,48.3
320,571735,"Hale, David",2019,602,53.2
320,606131,"Perdomo, Luis",2019,1044,30.7
320,543507,"May, Trevor",2022,465,68.8
320,641482,"Cortes, Nestor",2019,1301,24.6
320,669276,"Lee, Dylan",2025,577,55.5
319,666204,"Jiménez, Dany",2023,406,78.6
319,571656,"Farmer, Buck",2021,726,43.9
319,445926,"Chavez, Jesse",2019,1307,24.4
319,623184,"Oberg, Scott",2018,907,35.2
318,600986,"Vieira, Thyago",2024,737,43.1
318,584171,"Velázquez, Hector",2019,981,32.4
318,621051,"Wilson, Steven",2025,469,67.8
318,656271,"Burke, Brock",2022,1330,23.9
318,669424,"Lambert, Jimmy",2022,818,38.9
318,453192,"Miller, Andrew",2018,588,54.1
318,595345,"Okert, Steven",2023,1019,31.2
317,680739,"Winder, Josh",2023,559,56.7
317,458677,"Wilson, Justin",2021,604,52.5
317,541652,"Rondón, Bruce",2018,612,51.8
317,641729,"Jiménez, Joe",2021,866,36.6
317,672578,"Hernández, Carlos",2025,522,60.7
317,606930,"Barnes, Jacob",2024,1117,28.4
317,545343,"Head, Louis",2021,546,58.1
316,605280,"Holmes, Clay",2019,915,34.5
316,571901,"Loup, Aaron",2018,714,44.3
316,656793,"Nelson, Nick",2022,1204,26.2
316,664294,"Moreta, Dauri",2023,962,32.8
315,663568,"Kolek, Stephen",2024,797,39.5
315,656234,"Bird, Jake",2023,1391,22.6
314,670167,"Schreiber, John",2023,822,38.2
314,453268,"Bard, Daniel",2020,404,77.7
314,501822,"Hatcher, Chris",2018,648,48.5
313,607216,"Krehbiel, Joey",2022,977,32
312,657265,"Strzelecki, Peter",2022,605,51.6
312,502179,"Espino, Paolo",2022,1873,16.7
311,621051,"Wilson, Steven",2023,938,33.2
311,641835,"Mayza, Tim",2019,921,33.8
310,605488,"Springs, Jeffrey",2021,751,41.3
310,607473,"Bradford, Chasen",2018,860,36
310,670990,"Ramírez, Yohan",2023,714,43.4
310,656794,"Newcomb, Sean",2019,1181,26.2
310,593974,"Peralta, Wandy",2019,657,47.2
309,657376,"Schmidt, Clarke",2022,930,33.2
309,689147,"Kerkering, Orion",2025,551,56.1
309,606424,"García, Jarlín",2022,1015,30.4
309,668984,"Legumina, Casey",2025,525,58.9
309,642100,"Speier, Gabe",2023,782,39.5
309,518553,"Cishek, Steve",2022,1175,26.3
308,641627,"Gott, Trevor",2019,914,33.7
308,669387,"Mlodzinski, Carmen",2023,617,49.9
308,661527,"Martinez, Seth",2023,764,40.3
308,667463,"King, John",2023,527,58.4
307,608717,"Stratton, Chris",2025,411,74.7
307,573124,"Rogers, Taylor",2020,358,85.8
307,684320,"Rodríguez, Yariel",2025,627,49
307,641329,"Baker, Bryan",2025,563,54.5
307,572362,"Erlin, Robbie",2019,959,32
306,628708,"Marte, Yunior",2023,700,43.7
306,663546,"Hjelle, Sean",2024,1209,25.3
306,460283,"Blevins, Jerry",2019,558,54.8
306,650671,"Quijada, José",2019,647,47.3
305,647315,"Pop, Zach",2021,936,32.6
305,641871,"Middleton, Keynan",2018,311,98.1
305,676702,"Stratton, Hunter",2024,587,52
305,681911,"Vesia, Alex",2023,853,35.8
305,621385,"Stumpf, Daniel",2019,522,58.4
305,593833,"Suero, Wander",2021,761,40.1
305,681892,"Funderburk, Kody",2024,652,46.8
304,665625,"Peguero, Elvis",2023,913,33.3
304,502706,"Holland, Derek",2021,835,36.4
304,641853,"McKay, David",2019,507,60
304,502239,"Cahill, Trevor",2019,1788,17
303,650893,"Cabrera, Génesis",2021,1195,25.4
303,572955,"Johnson, Pierce",2021,1045,29
302,641771,"Kuhl, Chad",2024,980,30.8
302,457915,"Guerra, Javy",2018,587,51.4
302,641656,"Hamilton, Ian",2023,979,30.8
302,621363,"Poche, Colin",2019,870,34.7
301,503569,"Dolis, Rafael",2020,414,72.7
301,663986,"Stephan, Trevor",2021,1210,24.9
301,663432,"Rainey, Tanner",2021,665,45.3
301,520980,"Báez, Pedro",2018,972,31
301,643410,"Leiter Jr., Mark",2022,1086,27.7
300,664129,"Hartlieb, Geoff",2019,651,46.1
300,424144,"Pérez, Oliver",2019,653,45.9
300,600968,"Rosario, Randy",2018,731,41
300,453343,"Melancon, Mark",2020,323,92.9
300,448609,"Sipp, Tony",2018,627,47.8
300,607560,"Harper, Ryne",2019,868,34.6
300,625643,"López, Reynaldo",2022,985,30.5
300,622505,"Alcántara, Victor",2019,687,43.7
300,580792,"Goody, Nick",2019,709,42.3
300,641703,"Honeywell, Brent",2024,595,50.4
299,596027,"Maples, Dillon",2021,565,52.9
299,592233,"Crichton, Stefan",2019,467,64
299,628711,"Urías, Julio",2019,1344,22.2
299,622088,"Antone, Tejay",2021,529,56.5
298,662253,"Muñoz, Andrés",2019,416,71.6
298,542888,"Armstrong, Shawn",2021,685,43.5
297,554431,"Matzek, Tyler",2022,713,41.7
297,656977,"Sobotka, Chad",2019,564,52.7
297,669438,"Englert, Mason",2023,958,31
297,519151,"Pressly, Ryan",2020,353,84.1
296,661440,"Llovera, Mauricio",2023,621,47.7
296,621368,"Hearn, Taylor",2021,1726,17.1
295,605154,"Brebbia, John",2025,375,78.7
295,542585,"Cisnero, José",2019,646,45.7
295,543475,"Lyles, Jordan",2018,1402,21
295,501593,"Avilán, Luis",2019,600,49.2
294,623211,"Brazobán, Huascar",2023,1012,29.1
294,572021,"Pazos, James",2018,802,36.7
294,501625,"Alvarez, Jose",2018,1021,28.8
293,608718,"Suter, Brent",2023,1129,26
293,519008,"McFarland, T.J.",2019,897,32.7
293,668674,"Erceg, Lucas",2023,1053,27.8
293,656464,"Ginkel, Kevin",2021,556,52.7
293,661527,"Martinez, Seth",2022,592,49.5
293,672841,"Vargas, Carlos",2025,592,49.5
292,688642,"Agnos, Zach",2025,338,86.4
292,656546,"Hoffman, Jeff",2022,848,34.4
291,523260,"Kelly, Joe",2022,703,41.4
291,621295,"Wittgren, Nick",2020,377,77.2
291,656876,"Rasmussen, Drew",2021,1202,24.2
291,542947,"Bleier, Richard",2018,452,64.4
291,670990,"Ramírez, Yohan",2024,768,37.9
291,676596,"Fleming, Josh",2024,534,54.5
290,676395,"Garcia, Robert",2024,946,30.7
290,592773,"Stanek, Ryne",2018,1081,26.8
290,667463,"King, John",2024,857,33.8
290,641401,"Brogdon, Connor",2022,710,40.8
289,455119,"Martin, Chris",2022,858,33.7
289,488786,"Coleman, Louis",2018,835,34.6
289,674285,"Salazar, Eduardo",2025,508,56.9
289,650828,"Santana, Edgar",2021,610,47.4
289,686839,"White, Brendan",2023,667,43.3
288,572888,"Greene, Shane",2020,398,72.4
288,669796,"Hernandez, Jose E.",2023,861,33.4
287,656271,"Burke, Brock",2025,561,51.2
287,592233,"Crichton, Stefan",2021,403,71.2
287,624133,"Suárez, Ranger",2021,1614,17.8
287,543734,"Rusin, Chris",2018,873,32.9
287,489265,"Romo, Sergio",2020,364,78.8
287,607179,"Weems, Jordan",2024,733,39.2
287,503285,"O'Day, Darren",2018,332,86.4
287,656685,"Martin, Brett",2019,1022,28.1
286,667376,"Sánchez, Miguel",2021,470,60.9
286,656061,"Abreu, Albert",2021,642,44.5
286,656257,"Brigham, Jeff",2023,680,42.1
286,598287,"Ramirez, Noé",2019,1124,25.4
286,592222,"Claudio, Alex",2021,587,48.7
286,678606,"Ferrer, Jose A.",2024,476,60.1
285,488846,"Duensing, Brian",2018,720,39.6
285,677053,"Nardi, Andrew",2024,906,31.5
285,686539,"Cronin, Declan",2024,1096,26
285,645261,"Alcantara, Sandy",2022,3248,8.8
285,640470,"Alzolay, Adbert",2024,329,86.6
285,547184,"Kelly, Michael",2024,470,60.6
285,669276,"Lee, Dylan",2024,859,33.2
284,664126,"Fairbanks, Pete",2022,352,80.7
284,518489,"Brasier, Ryan",2020,424,67
284,592804,"Thornburg, Tyler",2022,362,78.5
284,641941,"Pagán, Emilio",2020,366,77.6
283,663687,"Harris, Hogan",2025,626,45.2
283,518566,"Cole, Taylor",2019,911,31.1
283,675916,"Karinchak, James",2020,468,60.5
283,605155,"Brewer, Colten",2019,1016,27.9
282,570663,"Robles, Hansel",2022,422,66.8
282,676130,"Buttó, José",2024,1222,23.1
282,681517,"Leahy, Kyle",2024,695,40.6
282,686580,"Slaten, Justin",2025,333,84.7
282,592426,"Jackson, Luke",2024,917,30.8
282,664875,"Lawrence, Justin",2022,763,37
281,552640,"Kittredge, Andrew",2019,818,34.4
281,657612,"Hill, Tim",2021,961,29.2
281,592426,"Jackson, Luke",2018,708,39.7
281,641541,"Duplantier, Jon",2019,677,41.5
281,622092,"Zimmer, Kyle",2021,934,30.1
281,656234,"Bird, Jake",2022,745,37.7
281,666168,"Thompson, Mason",2023,895,31.4
280,670970,"Morejon, Adrian",2022,540,51.9
280,518585,"Cruz, Fernando",2025,535,52.3
280,670167,"Schreiber, John",2025,548,51.1
280,624522,"Thompson, Keegan",2023,477,58.7
280,622251,"Staumont, Josh",2024,420,66.7
279,621248,"Garza Jr., Ralph",2022,514,54.3
279,607352,"Biagini, Joe",2018,1227,22.7
279,592222,"Claudio, Alex",2019,978,28.5
279,666214,"Wentz, Joey",2025,633,44.1
279,456034,"Price, David",2022,596,46.8
279,663542,"Hudson, Bryan",2024,927,30.1
279,606160,"Montero, Rafael",2020,289,96.5
278,592547,"McGuire, Deck",2018,715,38.9
278,608335,"Funkhouser, Kyle",2021,1189,23.4
278,571948,"Milner, Hoby",2021,393,70.7
277,571901,"Loup, Aaron",2021,833,33.3
277,468504,"Chacín, Jhoulys",2021,1070,25.9
277,656354,"Davis, Austin",2018,615,45
276,628318,"Makita, Kazuhisa",2018,581,47.5
276,657571,"Ferguson, Caleb",2019,824,33.5
276,676760,"Marinaccio, Ron",2023,896,30.8
276,601713,"Pivetta, Nick",2019,1619,17
275,669276,"Lee, Dylan",2022,754,36.5
275,643511,"Rogers, Tyler",2020,458,60
275,455119,"Martin, Chris",2025,367,74.9
275,628452,"Iglesias, Raisel",2020,361,76.2
275,502026,"Jeffress, Jeremy",2020,340,80.9
274,594840,"Grace, Matt",2018,846,32.4
274,663423,"Thornton, Trent",2025,464,59.1
274,606930,"Barnes, Jacob",2019,661,41.5
274,672773,"Luciano, Elvis",2019,635,43.1
274,657097,"Webb, Jacob",2021,568,48.2
273,669387,"Mlodzinski, Carmen",2024,866,31.5
273,621345,"Minter, A.J.",2024,522,52.3
273,694350,"Brzykcy, Zach",2025,373,73.2
273,592858,"Wick, Rowan",2021,400,68.3
273,663485,"Sands, Cole",2023,413,66.1
273,663738,"Lynch IV, Daniel",2025,638,42.8
273,666171,"Zeferjahn, Ryan",2025,567,48.1
272,433589,"Petit, Yusmeiro",2019,1154,23.6
272,571710,"Givens, Mychal",2020,415,65.5
272,543056,"Coulombe, Danny",2024,466,58.4
272,672282,"Detmers, Reid",2025,649,41.9
271,430641,"Boyer, Blaine",2018,434,62.4
271,664776,"Cousins, Jake",2024,644,42.1
271,605441,"Ríos, Yacksel",2018,636,42.6
270,641793,"Littell, Zack",2021,993,27.2
270,688297,"Roycroft, Chris",2024,596,45.3
270,663765,"Woodford, Jake",2022,697,38.7
270,669211,"Akin, Keegan",2023,452,59.7
270,643338,"Green, Chad",2025,562,48
270,521655,"Font, Wilmer",2019,1541,17.5
269,660896,"Alcala, Jorge",2024,931,28.9
269,433586,"Casilla, Santiago",2018,499,53.9
269,660761,"Suarez, José",2024,987,27.3
269,621074,"Rucker, Michael",2022,914,29.4
269,622075,"Almonte, Yency",2023,800,33.6
269,660787,"De los Santos, Yerry",2022,449,59.9
269,667427,"Jackson, Zach",2023,372,72.3
269,593372,"Martinez, Carlos",2018,1974,13.6
268,476594,"Stock, Robert",2018,609,44
268,605347,"López, Jorge",2018,886,30.2
268,445213,"Kintzler, Brandon",2020,343,78.1
268,657514,"Bernardino, Brennan",2023,865,31
267,502202,"Boxberger, Brad",2023,338,79
267,605130,"Barlow, Scott",2020,507,52.7
267,458584,"Cedeño, Xavier",2018,591,45.2
267,643327,"Godley, Zack",2019,1548,17.2
267,592767,"Smyly, Drew",2024,1016,26.3
266,656412,"Faedo, Alex",2024,1007,26.4
266,657571,"Ferguson, Caleb",2025,577,46.1
266,669711,"Weissert, Greg",2025,594,44.8
266,518693,"Freeman, Sam",2018,887,30
266,657044,"Thompson, Ryan",2022,679,39.2
265,682120,"Herrin, Tim",2024,1011,26.2
265,677865,"Bruihl, Justin",2023,438,60.5
265,465657,"Soria, Joakim",2020,377,70.3
265,656458,"Gilbreath, Lucas",2021,731,36.3
265,608032,"Estévez, Carlos",2020,436,60.8
264,621074,"Rucker, Michael",2023,719,36.7
264,554340,"García, Yimi",2025,325,81.2
264,643361,"Herget, Kevin",2023,418,63.2
264,656232,"Bielak, Brandon",2021,835,31.6
264,621383,"Banks, Tanner",2023,1007,26.2
264,676282,"Cantillo, Joey",2025,517,51.1
263,570632,"Ureña, José",2024,1760,14.9
263,593576,"Neris, Héctor",2020,399,65.9
263,592804,"Thornburg, Tyler",2018,430,61.2
263,641941,"Pagán, Emilio",2024,593,44.4
263,624133,"Suárez, Ranger",2019,763,34.5
263,656629,"Kopech, Michael",2021,1154,22.8
262,661309,"Martínez, Adrián",2023,943,27.8
262,665665,"Sanmartin, Reiver",2022,1031,25.4
262,605388,"Morgan, Adam",2019,463,56.6
262,621051,"Wilson, Steven",2022,874,30
261,607455,"Banda, Anthony",2024,774,33.7
261,666204,"Jiménez, Dany",2024,450,58
261,663485,"Sands, Cole",2025,558,46.8
261,621381,"Strahm, Matt",2023,1366,19.1
261,650671,"Quijada, José",2024,379,68.9
260,472610,"García, Luis",2021,501,51.9
260,542947,"Bleier, Richard",2021,685,38
259,605288,"Houser, Adrian",2024,1131,22.9
259,679885,"Martinez, Justin",2025,269,96.3
259,622554,"Domínguez, Seranthony",2019,464,55.8
259,472610,"García, Luis",2025,505,51.3
258,573204,"Thielbar, Caleb",2023,481,53.6
258,641703,"Honeywell, Brent",2023,943,27.4
258,622103,"Reyes, Gerardo",2019,458,56.3
258,543056,"Coulombe, Danny",2021,529,48.8
257,650530,"Garcia, Bryan",2021,731,35.2
257,573064,"Nuño, Vidal",2018,500,51.4
257,641302,"Alexander, Tyler",2023,679,37.8
257,446321,"Detwiler, Ross",2021,888,28.9
256,656547,"Holder, Jonathan",2019,693,36.9
256,621385,"Stumpf, Daniel",2018,701,36.5
256,543351,"Jackson, Jay",2024,453,56.5
255,608718,"Suter, Brent",2025,688,37.1
255,687330,"Kelly, Kevin",2023,1066,23.9
255,547749,"Tazawa, Junichi",2018,501,50.9
255,622253,"Tate, Dillon",2024,590,43.2
255,543351,"Jackson, Jay",2019,560,45.5
254,622065,"Young, Alex",2021,912,27.9
254,681517,"Leahy, Kyle",2025,667,38.1
254,643410,"Leiter Jr., Mark",2025,587,43.3
253,669674,"Long, Sam",2024,702,36
252,664139,"Gibaut, Ian",2022,694,36.3
252,666745,"Brito, Jhony",2024,628,40.1
252,592155,"Booser, Cam",2025,451,55.9
252,605482,"Sneed, Cy",2020,336,75
252,543521,"McHugh, Collin",2019,1294,19.5
252,459429,"McGee, Jake",2019,647,38.9
251,545064,"Díaz, Jairo",2020,364,69
251,670990,"Ramírez, Yohan",2021,436,57.6
251,669424,"Lambert, Jimmy",2023,677,37.1
251,621249,"Underwood Jr., Duane",2021,1177,21.3
251,605359,"Marshall, Evan",2019,834,30.1
251,488748,"Buchter, Ryan",2018,679,37
250,519443,"Workman, Brandon",2018,648,38.6
250,571948,"Milner, Hoby",2023,1027,24.3
250,573668,"Minaya, Juan",2021,659,37.9
249,606273,"Elías, Roenis",2018,829,30
249,622065,"Young, Alex",2023,877,28.4
249,502154,"Britton, Zack",2020,289,86.2
249,641871,"Middleton, Keynan",2021,530,47
249,681799,"Roberts, Ethan",2024,474,52.5
248,592145,"Biddle, Jesse",2019,617,40.2
248,641149,"Parsons, Wes",2019,637,38.9
248,669203,"Burnes, Corbin",2019,903,27.5
248,502202,"Boxberger, Brad",2020,357,69.5
248,668941,"Romero, JoJo",2025,425,58.4
247,666205,"Muller, Kyle",2024,725,34.1
247,641851,"McGowin, Kyle",2021,517,47.8
247,670036,"Festa, Matt",2019,407,60.7
247,595345,"Okert, Steven",2024,616,40.1
247,621383,"Banks, Tanner",2025,605,40.8
246,594840,"Grace, Matt",2019,704,34.9
246,666974,"Cano, Yennier",2025,470,52.3
246,671922,"Smith, Cade",2025,588,41.8
246,642770,"Guerra, Javy",2023,362,68
246,641360,"Bickford, Phil",2021,776,31.7
245,642840,"Harvey, Joe",2019,361,67.9
245,623211,"Brazobán, Huascar",2024,899,27.3
245,621056,"Wood, Hunter",2019,752,32.6
245,523260,"Kelly, Joe",2021,712,34.4
245,671131,"Rutledge, Jackson",2025,650,37.7
245,641682,"Hendrix, Ryan",2021,540,45.4
245,571917,"Markel, Parker",2019,460,53.3
244,669459,"Nelson, Kyle",2023,878,27.8
244,606930,"Barnes, Jacob",2021,570,42.8
244,518452,"Bettis, Chad",2019,1030,23.7
244,669467,"Pallante, Andre",2022,1753,13.9
244,592826,"Velasquez, Vince",2022,1286,19
243,656240,"Blewett, Scott",2025,668,36.4
243,599683,"Saupold, Warwick",2018,619,39.3
243,671922,"Smith, Cade",2024,1166,20.8
243,643466,"Musgrave, Harrison",2018,699,34.8
243,664299,"Javier, Cristian",2021,1792,13.6
243,647336,"Soroka, Michael",2024,1442,16.9
243,678061,"Kerr, Ray",2023,427,56.9
243,622250,"Sborz, Josh",2022,419,58
243,642547,"Peralta, Freddy",2019,1599,15.2
243,622864,"Romero, Fernando",2019,278,87.4
242,622098,"Smith, Drew",2018,436,55.5
242,605452,"Ross, Joe",2024,1197,20.2
242,572044,"Pounders, Brooks",2018,293,82.6
242,608638,"Chargois, JT",2023,703,34.4
242,606167,"Mejía, Adalberto",2019,629,38.5
242,656794,"Newcomb, Sean",2025,1063,22.8
242,641745,"Keller, Brad",2025,629,38.5
241,608678,"Leone, Dominic",2021,851,28.3
241,641755,"Kinley, Tyler",2022,376,64.1
241,650960,"Duarte, Daniel",2023,572,42.1
241,621366,"Borucki, Ryan",2025,429,56.2
241,663804,"Kowar, Jackson",2023,568,42.4
241,621397,"Olson, Tyler",2019,543,44.4
241,657649,"Koenig, Jared",2025,565,42.7
241,622694,"Hernández, Elieser",2018,1113,21.7
241,607560,"Harper, Ryne",2020,408,59.1
240,617228,"Sawamura, Hirokazu",2022,838,28.6
240,544365,"Bañuelos, Manny",2022,718,33.4
240,621397,"Olson, Tyler",2018,463,51.8
240,656638,"Lange, Alex",2024,377,63.7
240,607455,"Banda, Anthony",2022,551,43.6
240,543351,"Jackson, Jay",2023,443,54.2
239,656222,"Beeks, Jalen",2022,999,23.9
239,598286,"Ramirez, Nick",2019,1323,18.1
239,663773,"Hoeing, Bryan",2023,1125,21.2
239,670102,"Francis, Bowden",2023,539,44.3
238,597113,"Johnson, DJ",2019,489,48.7
238,669438,"Englert, Mason",2025,367,64.9
238,669422,"Sauer, Matt",2024,327,72.8
237,541640,"Ramírez, Erasmo",2023,962,24.6
237,669060,"Wilson, Bryse",2024,1643,14.4
237,446399,"Cecil, Brett",2018,569,41.7
237,660896,"Alcala, Jorge",2025,568,41.7
237,650895,"Castillo, Diego",2018,893,26.5
237,543521,"McHugh, Collin",2022,1086,21.8
237,600986,"Vieira, Thyago",2018,320,74.1
237,660600,"Paredes, Enoli",2020,362,65.5
236,656638,"Lange, Alex",2021,639,36.9
236,642048,"Saucedo, Tayler",2024,626,37.7
236,605541,"Wright Jr., Mike",2019,577,40.9
236,702352,"Bivens, Spencer",2025,628,37.6
236,663767,"Shugart, Chase",2025,555,42.5
236,613534,"Adams, Austin",2024,805,29.3
235,450212,"Neshek, Pat",2019,281,83.6
235,593140,"Feliz, Michael",2019,1016,23.1
234,680704,"Sandlin, Nick",2023,1008,23.2
234,621381,"Strahm, Matt",2018,998,23.4
234,622780,"Perdomo, Angel",2023,489,47.9
234,542585,"Cisnero, José",2022,430,54.4
234,641755,"Kinley, Tyler",2023,298,78.5
234,612434,"Castro, Miguel",2020,475,49.3
233,605154,"Brebbia, John",2023,675,34.5
233,592454,"Kahnle, Tommy",2019,1026,22.7
233,672578,"Hernández, Carlos",2024,560,41.6
233,571948,"Milner, Hoby",2025,661,35.2
233,670990,"Ramírez, Yohan",2020,420,55.5
233,676534,"Faucher, Calvin",2022,433,53.8
232,458708,"Tomlin, Josh",2021,808,28.7
232,658551,"Fernández, Junior",2021,372,62.4
232,663423,"Thornton, Trent",2023,458,50.7
232,595918,"Cole, A.J.",2019,481,48.2
232,667463,"King, John",2025,511,45.4
232,489334,"Stammen, Craig",2022,701,33.1
231,543521,"McHugh, Collin",2023,1018,22.7
231,489446,"Yates, Kirby",2025,468,49.4
231,518886,"Kimbrel, Craig",2020,300,77
230,656730,"Megill, Trevor",2023,599,38.4
230,675848,"Mejia, Juan",2025,466,49.4
230,493200,"Oh, Seunghwan",2019,373,61.7
230,622098,"Smith, Drew",2021,610,37.7
230,656550,"Holmes, Grant",2024,1024,22.5
230,543278,"Hardy, Blaine",2019,689,33.4
230,663423,"Thornton, Trent",2022,664,34.6
230,594580,"Moll, Sam",2024,624,36.9
230,686747,"La Sorsa, Joe",2023,540,42.6
230,571858,"Kline, Branden",2019,708,32.5
229,518489,"Brasier, Ryan",2018,486,47.1
229,681982,"Anderson, Grant",2024,483,47.4
228,594965,"Ponce de Leon, Daniel",2021,653,34.9
228,623167,"Flexen, Chris",2023,1755,13
228,572362,"Erlin, Robbie",2018,1594,14.3
228,572888,"Greene, Shane",2021,468,48.7
228,681911,"Vesia, Alex",2021,651,35
227,673929,"Leasure, Jordan",2024,560,40.5
227,676840,"Peacock, Matt",2021,1323,17.2
227,605488,"Springs, Jeffrey",2019,665,34.1
227,641656,"Hamilton, Ian",2025,492,46.1
226,542888,"Armstrong, Shawn",2025,568,39.8
226,656464,"Ginkel, Kevin",2019,396,57.1
226,605538,"Wisler, Matt",2022,749,30.2
226,642397,"Soto, Gregory",2019,1110,20.4
226,669674,"Long, Sam",2022,739,30.6
226,518748,"Grimm, Justin",2018,307,73.6
226,641745,"Keller, Brad",2024,743,30.4
226,502202,"Boxberger, Brad",2019,487,46.4
226,656322,"Coonrod, Sam",2021,712,31.7
226,656458,"Gilbreath, Lucas",2022,796,28.4
226,605218,"Edwards Jr., Carl",2023,565,40
225,476589,"Warren, Adam",2019,555,40.5
225,641672,"Hatch, Thomas",2023,472,47.7
224,664208,"Maton, Phil",2023,1040,21.5
224,595881,"Beede, Tyler",2022,1072,20.9
224,519443,"Workman, Brandon",2021,515,43.5
224,641329,"Baker, Bryan",2023,785,28.5
223,641341,"Bashlor, Tyler",2019,396,56.3
223,676684,"Vest, Will",2023,780,28.6
223,605260,"Guerrieri, Taylor",2019,491,45.4
223,643493,"Pruitt, Austin",2023,757,29.5
223,572070,"Richards, Garrett",2022,708,31.5
223,488984,"Hunter, Tommy",2022,349,63.9
223,600921,"Machado, Andrés",2021,627,35.6
223,657024,"Swanson, Erik",2019,971,23
223,642520,"Garabito, Gerson",2024,492,45.3
223,592155,"Booser, Cam",2024,695,32.1
223,552640,"Kittredge, Andrew",2022,233,95.7
222,552640,"Kittredge, Andrew",2018,640,34.7
222,660787,"De los Santos, Yerry",2023,397,55.9
222,450212,"Neshek, Pat",2018,370,60
222,656887,"Reid-Foley, Sean",2024,385,57.7
222,656271,"Burke, Brock",2024,575,38.6
222,608723,"Voth, Austin",2023,663,33.5
222,669371,"Henry, Cole",2025,481,46.2
221,656814,"Ortiz, Luis F.",2023,299,73.9
221,622505,"Alcántara, Victor",2018,440,50.2
221,608678,"Leone, Dominic",2018,389,56.8
220,573009,"Mantiply, Joe",2023,571,38.5
220,672391,"Ort, Kaleb",2025,374,58.8
220,666277,"Soriano, George",2024,519,42.4
220,622251,"Staumont, Josh",2019,326,67.5
220,594577,"Mayers, Mike",2020,512,43
220,573009,"Mantiply, Joe",2021,621,35.4
220,596001,"Junis, Jakob",2025,595,37
219,641793,"Littell, Zack",2019,551,39.7
219,606160,"Montero, Rafael",2024,683,32.1
219,667755,"Soriano, José",2023,694,31.6
219,667297,"Nance, Tommy",2022,751,29.2
219,664208,"Maton, Phil",2021,1174,18.7
219,621363,"Poche, Colin",2024,543,40.3
219,622446,"Rodriguez, Jefry",2021,412,53.2
218,656546,"Hoffman, Jeff",2021,1360,16
218,657612,"Hill, Tim",2025,496,44
218,669952,"White, Mitch",2021,762,28.6
218,622766,"Díaz, Miguel",2021,695,31.4
218,572193,"Tepera, Ryan",2019,340,64.1
218,545343,"Head, Louis",2022,546,39.9
217,644364,"Arano, Víctor",2022,678,32
217,448609,"Sipp, Tony",2019,363,59.8
217,518397,"Alexander, Scott",2024,566,38.3
217,572955,"Johnson, Pierce",2018,816,26.6
217,665854,"Oviedo, Luis",2021,580,37.4
217,682010,"Ramsey, Lane",2023,340,63.8
217,689225,"Brieske, Beau",2025,405,53.6
217,641302,"Alexander, Tyler",2025,890,24.4
217,663893,"Little, Brendon",2024,696,31.2
216,605521,"Warren, Art",2021,338,63.9
216,605452,"Ross, Joe",2025,638,33.9
216,657044,"Thompson, Ryan",2025,508,42.5
216,592761,"Smith, Caleb",2021,2067,10.4
216,624647,"González, Victor",2021,557,38.8
215,605447,"Romano, Jordan",2024,215,100
215,518617,"Diekman, Jake",2020,354,60.7
215,668868,"Thompson, Zack",2022,575,37.4
215,623167,"Flexen, Chris",2025,396,54.3
215,444468,"Rondón, Héctor",2020,390,55.1
215,543193,"Gagnon, Drew",2019,414,51.9
215,453192,"Miller, Andrew",2021,620,34.7
214,624522,"Thompson, Keegan",2024,538,39.8
214,628317,"Maeda, Kenta",2018,2051,10.4
213,664948,"Misiewicz, Anthony",2022,465,45.8
213,592858,"Wick, Rowan",2020,304,70.1
213,691172,"Zulueta, Yosver",2024,286,74.5
213,656234,"Bird, Jake",2024,684,31.1
213,642068,"Sheffield, Jordan",2021,456,46.7
212,542953,"Boshers, Buddy",2019,384,55.2
212,605288,"Houser, Adrian",2019,1810,11.7
212,605447,"Romano, Jordan",2019,311,68.2
211,656354,"Davis, Austin",2021,473,44.6
211,607391,"Mazza, Chris",2021,413,51.1
211,678495,"Rodríguez, Randy",2025,557,37.9
211,641540,"Dunning, Dane",2024,1689,12.5
211,595014,"Treinen, Blake",2020,396,53.3
210,665001,"Kelley, Trevor",2022,460,45.7
210,475479,"Phelps, David",2020,357,58.8
210,573109,"Ramos, AJ",2018,360,58.3
209,621199,"Bowman, Matt",2024,497,42.1
209,608638,"Chargois, JT",2021,876,23.9
209,621294,"Heller, Ben",2023,308,67.9
209,657272,"Uelmen, Erich",2022,463,45.1
209,642770,"Guerra, Javy",2022,330,63.3
209,518813,"Holland, Greg",2020,447,46.8
208,519008,"McFarland, T.J.",2022,487,42.7
208,663465,"Allard, Kolby",2025,495,42
208,673513,"Matsui, Yuki",2025,551,37.7
208,670059,"Holderman, Colin",2022,432,48.1
208,624647,"González, Victor",2024,386,53.9
207,621289,"Schultz, Jaime",2018,583,35.5
207,448855,"Guerra, Junior",2020,404,51.2
207,676961,"Boushley, Caleb",2025,482,42.9
207,592135,"Bedrosian, Cam",2021,468,44.2
207,458677,"Wilson, Justin",2020,345,60
207,642546,"Hernández, Jonathan",2024,762,27.2
206,664092,"Poppen, Sean",2022,439,46.9
206,592712,"Sadzeck, Connor",2019,424,48.6
206,542866,"Adams, Austin",2019,318,64.8
206,519076,"Nelson, Jimmy",2021,523,39.4
206,676714,"Hughes, Brandon",2024,350,58.9
206,656848,"Petersen, Michael",2024,363,56.7
206,458690,"Volstad, Chris",2018,832,24.8
206,669395,"Coleman, Dylan",2023,383,53.8
206,593974,"Peralta, Wandy",2025,582,35.4
206,670955,"Uceta, Edwin",2021,361,57.1
206,613534,"Adams, Austin",2019,541,38.1
205,572955,"Johnson, Pierce",2020,310,66.1
205,612434,"Castro, Miguel",2022,522,39.3
205,623433,"Anderson, Nick",2020,237,86.5
205,605151,"Bradley, Archie",2020,276,74.3
205,647315,"Pop, Zach",2022,536,38.2
205,667463,"King, John",2021,696,29.5
205,459429,"McGee, Jake",2020,332,61.7
205,623402,"Peterson, Tim",2018,405,50.6
204,542888,"Armstrong, Shawn",2023,797,25.6
204,685801,"Bigge, Hunter",2024,300,68
204,543883,"Vincent, Nick",2019,751,27.2
204,605155,"Brewer, Colten",2024,391,52.2
203,685126,"Eisert, Brandon",2025,601,33.8
203,676130,"Buttó, José",2025,706,28.8
203,608638,"Chargois, JT",2018,505,40.2
203,641312,"Anderson, Shaun",2019,1587,12.8
203,655889,"Rodríguez, Manuel",2025,431,47.1
203,502522,"Miller, Justin",2021,295,68.8
203,686993,"Sterner, Justin",2025,534,38
203,672335,"Pérez, Cionel",2025,437,46.5
203,608638,"Chargois, JT",2024,529,38.4
203,621366,"Borucki, Ryan",2022,415,48.9
203,663546,"Hjelle, Sean",2023,516,39.3
202,458676,"Lindblom, Josh",2021,342,59.1
202,641386,"Bowden, Ben",2021,674,30
202,605347,"López, Jorge",2025,387,52.2
202,475479,"Phelps, David",2019,641,31.5
202,570240,"Peña, Félix",2020,460,43.9
202,643466,"Musgrave, Harrison",2019,205,98.5
202,607188,"Faria, Jake",2019,408,49.5
202,605143,"Black, Ray",2018,407,49.6
202,669952,"White, Mitch",2024,413,48.9
201,605446,"Rodríguez, Dereck",2019,1668,12.1
201,572143,"Smith, Burch",2021,678,29.6
201,570663,"Robles, Hansel",2020,317,63.4
201,501789,"Harris, Will",2020,349,57.6
201,605280,"Holmes, Clay",2018,499,40.3
201,594311,"Gustave, Jandel",2022,466,43.1
201,661383,"Ortega, Oliver",2022,567,35.4
201,660600,"Paredes, Enoli",2024,319,63
200,641341,"Bashlor, Tyler",2018,565,35.4
200,519141,"Pomeranz, Drew",2019,1956,10.2
199,663992,"Lovelady, Richard",2024,528,37.7
199,669062,"Miller, Erik",2025,471,42.3
199,643617,"Reininger, Zac",2019,533,37.3
199,663770,"Evans, Demarcus",2021,522,38.1
199,680704,"Sandlin, Nick",2024,1003,19.8
199,656641,"Latz, Jacob",2024,813,24.5
199,606303,"Payamps, Joel",2025,306,65
199,641745,"Keller, Brad",2018,2234,8.9
199,664157,"Bergen, Travis",2019,375,53.1
198,666808,"Doval, Camilo",2021,452,43.8
198,623430,"Dull, Ryan",2018,408,48.5
198,672782,"Gómez, Yoendrys",2025,330,60
198,664856,"Adams, Chance",2019,519,38.2
198,702352,"Bivens, Spencer",2024,768,25.8
198,663704,"McArthur, James",2023,341,58.1
198,663423,"Thornton, Trent",2021,910,21.8
198,668933,"Ashcraft, Graham",2025,563,35.2
197,607481,"Bummer, Aaron",2018,609,32.3
197,664076,"Cleavinger, Garrett",2021,356,55.3
197,669622,"Bender, Anthony",2022,274,71.9
197,669203,"Burnes, Corbin",2018,571,34.5
197,641793,"Littell, Zack",2023,1330,14.8
197,681806,"Wantz, Andrew",2022,831,23.7
196,620454,"Castillo, José",2018,632,31
196,592815,"Tuivailala, Sam",2019,390,50.3
196,570666,"Cessa, Luis",2018,704,27.8
196,543557,"Montgomery, Mike",2018,1947,10.1
196,607219,"Romano, Sal",2021,437,44.9
196,621114,"Burr, Ryan",2021,593,33.1
196,519141,"Pomeranz, Drew",2020,323,60.7
195,672335,"Pérez, Cionel",2021,454,43
195,592865,"Williams, Taylor",2020,272,71.7
195,663462,"Campbell, Isaiah",2023,478,40.8
195,623364,"Wieck, Brad",2019,633,30.8
195,453265,"Watson, Tony",2020,280,69.6
195,518553,"Cishek, Steve",2020,374,52.1
194,641627,"Gott, Trevor",2022,761,25.5
194,650530,"Garcia, Bryan",2020,332,58.4
194,663567,"Lambert, Peter",2024,1039,18.7
194,605359,"Marshall, Evan",2020,384,50.5
194,676831,"Whitley, Kodi",2022,272,71.3
194,456713,"Bush, Matt",2023,194,100
194,641835,"Mayza, Tim",2018,609,31.9
194,694037,"Palencia, Daniel",2023,494,39.3
194,573124,"Rogers, Taylor",2025,508,38.2
194,676641,"Sulser, Beau",2022,360,53.9
193,675627,"Grove, Michael",2024,827,23.3
193,669060,"Wilson, Bryse",2025,833,23.2
193,669684,"Murphy, Chris",2023,870,22.2
193,598264,"Barnes, Matt",2024,237,81.4
192,682120,"Herrin, Tim",2023,509,37.7
192,592741,"Shreve, Chasen",2021,935,20.5
192,656547,"Holder, Jonathan",2020,397,48.4
192,605121,"Anderson, Justin",2019,914,21
192,666720,"Rodríguez, Yerry",2024,438,43.8
191,596720,"Neverauskas, Dovydas",2018,505,37.8
191,656322,"Coonrod, Sam",2019,454,42.1
191,593974,"Peralta, Wandy",2020,488,39.1
191,672391,"Ort, Kaleb",2023,386,49.5
191,696147,"Bachman, Sam",2023,316,60.4
191,680880,"Holman, Grant",2025,376,50.8
191,623474,"Herget, Jimmy",2023,509,37.5
190,664918,"Keller, Kyle",2021,654,29.1
190,687911,"King, Bryan",2025,582,32.6
190,671111,"Peralta, Sammy",2023,379,50.1
190,594943,"Neal, Zach",2023,462,41.1
190,622251,"Staumont, Josh",2020,472,40.3
190,676092,"Snider, Collin",2025,477,39.8
190,677053,"Nardi, Andrew",2022,374,50.8
190,695445,"Lee, Chase",2025,417,45.6
190,666215,"Whitley, Forrest",2025,256,74.2
190,493247,"Moylan, Peter",2018,516,36.8
190,673258,"Baez, Michel",2019,521,36.5
189,673380,"Núñez, Dedniel",2024,521,36.3
189,607968,"Rucinski, Drew",2018,562,33.6
189,572143,"Smith, Burch",2019,425,44.5
189,592426,"Jackson, Luke",2023,525,36
189,667297,"Nance, Tommy",2024,322,58.7
189,617228,"Sawamura, Hirokazu",2021,945,20
189,656354,"Davis, Austin",2019,407,46.4
189,657044,"Thompson, Ryan",2023,444,42.6
188,657514,"Bernardino, Brennan",2025,539,34.9
188,678495,"Rodríguez, Randy",2024,879,21.4
188,605476,"Smith, Carson",2018,263,71.5
188,523260,"Kelly, Joe",2024,552,34.1
188,666142,"Ragans, Cole",2023,1586,11.9
188,607560,"Harper, Ryne",2021,567,33.2
188,642121,"Sulser, Cole",2025,247,76.1
188,656222,"Beeks, Jalen",2023,731,25.7
188,623470,"Newberry, Jake",2019,539,34.9
188,446321,"Detwiler, Ross",2022,471,39.9
187,678024,"Vasil, Mike",2025,882,21.2
187,642231,"Yacabonis, Jimmy",2019,770,24.3
187,608334,"Fulmer, Carson",2019,556,33.6
187,669854,"Blanco, Ronel",2023,905,20.7
187,605463,"Scott, Tayler",2023,338,55.3
187,642152,"Trivino, Lou",2020,370,50.5
187,623381,"Pannone, Thomas",2019,1255,14.9
187,642701,"Santana, Dennis",2020,284,65.8
187,605538,"Wisler, Matt",2019,935,20
187,448178,"Jepsen, Kevin",2018,309,60.5
186,666374,"Brash, Matt",2025,292,63.7
186,623211,"Brazobán, Huascar",2025,659,28.2
186,572125,"Selman, Sam",2021,494,37.7
186,642100,"Speier, Gabe",2024,422,44.1
186,623437,"Topa, Justin",2025,495,37.6
185,593140,"Feliz, Michael",2021,370,50
185,605488,"Springs, Jeffrey",2020,405,45.7
185,642232,"Yarbrough, Ryan",2023,1424,13
185,664854,"Helsley, Ryan",2021,805,23
185,554340,"García, Yimi",2018,388,47.7
185,620982,"Pinto, Ricardo",2024,220,84.1
185,682254,"Montgomery, Mason",2025,535,34.6
185,592865,"Williams, Taylor",2019,267,69.3
185,641793,"Littell, Zack",2022,758,24.4
184,621381,"Strahm, Matt",2019,1789,10.3
184,606983,"Glover, Koda",2018,283,65
184,607455,"Banda, Anthony",2021,610,30.2
184,605194,"Cotton, Jharel",2021,541,34
183,605498,"Suárez, Andrew",2023,521,35.1
183,489334,"Stammen, Craig",2021,1308,14
183,677865,"Bruihl, Justin",2022,341,53.7
183,622780,"Perdomo, Angel",2021,354,51.7
183,592779,"Stewart, Brock",2023,439,41.7
183,570632,"Ureña, José",2019,1372,13.3
183,608334,"Fulmer, Carson",2021,448,40.8
182,661403,"Clase, Emmanuel",2019,345,52.8
182,488984,"Hunter, Tommy",2020,410,44.4
182,666168,"Thompson, Mason",2022,368,49.5
182,672391,"Ort, Kaleb",2022,529,34.4
182,686753,"Jameson, Drey",2023,674,27
182,468504,"Chacín, Jhoulys",2022,786,23.2
182,502085,"Robertson, David",2021,208,87.5
181,650382,"Hernández, Darwinzon",2019,681,26.6
181,676684,"Vest, Will",2021,607,29.8
181,448802,"García, Jaime",2018,1381,13.1
181,657240,"Merryweather, Julian",2022,417,43.4
181,572070,"Richards, Garrett",2021,2331,7.8
181,543557,"Montgomery, Mike",2019,1579,11.5
181,641632,"Greene, Conner",2021,447,40.5
181,519141,"Pomeranz, Drew",2025,319,56.7
181,572955,"Johnson, Pierce",2022,280,64.6
181,642207,"Williams, Devin",2020,431,42
180,656464,"Ginkel, Kevin",2025,347,51.9
180,503285,"O'Day, Darren",2022,385,46.8
180,622554,"Domínguez, Seranthony",2025,588,30.6
180,670059,"Holderman, Colin",2025,279,64.5
180,571735,"Hale, David",2021,461,39
180,641427,"Busenitz, Alan",2018,509,35.4
180,502593,"Petricka, Jake",2018,790,22.8
180,607481,"Bummer, Aaron",2022,457,39.4
180,519008,"McFarland, T.J.",2021,512,35.2
180,592716,"Sampson, Adrian",2019,2056,8.8
180,664942,"Naile, James",2023,308,58.4
179,608717,"Stratton, Chris",2020,547,32.7
179,641729,"Jiménez, Joe",2020,389,46
179,453178,"Kennedy, Ian",2023,314,57
179,641401,"Brogdon, Connor",2025,359,49.9
179,594577,"Mayers, Mike",2022,890,20.1
179,606149,"Gallegos, Giovanny",2024,401,44.6
179,676254,"Walker, Ryan",2023,1079,16.6
178,519166,"Ramírez, Neil",2019,461,38.6
178,643256,"Cimber, Adam",2023,372,47.8
178,657044,"Thompson, Ryan",2021,483,36.9
178,683232,"Mears, Nick",2023,362,49.2
178,548389,"Stripling, Ross",2019,1445,12.3
178,686642,"Ellard, Fraser",2024,432,41.2
178,605359,"Marshall, Evan",2021,435,40.9
178,687798,"Robertson, Nick",2023,392,45.4
178,650496,"Mejía, J.C.",2023,214,83.2
178,658431,"Medina, Adonis",2022,414,43
178,642397,"Soto, Gregory",2020,394,45.2
177,571476,"Beck, Chris",2018,564,31.4
177,605218,"Edwards Jr., Carl",2019,346,51.2
177,621142,"Buttrey, Ty",2018,300,59
177,592473,"Kolarek, Adam",2022,319,55.5
177,605463,"Scott, Tayler",2025,494,35.8
176,488768,"Cashner, Andrew",2019,2511,7
176,435043,"Duke, Zach",2019,408,43.1
176,607188,"Faria, Jake",2021,639,27.5
176,573127,"Rosscup, Zac",2019,402,43.8
176,675989,"Bolton, Cody",2024,312,56.4
176,572125,"Selman, Sam",2020,361,48.8
176,663574,"Santillan, Tony",2022,408,43.1
176,676886,"Beasley, Jeremy",2021,198,88.9
176,681806,"Wantz, Andrew",2023,658,26.7
176,606478,"Araújo, Pedro",2018,527,33.4
176,605447,"Romano, Jordan",2020,237,74.3
176,656186,"Altavilla, Dan",2020,363,48.5
175,682825,"Mey, Luis",2025,279,62.7
175,544727,"Familia, Jeurys",2020,455,38.5
175,660906,"Pérez, Francisco",2023,308,56.8
175,660853,"De Los Santos, Enyel",2025,569,30.8
175,678692,"Henriquez, Ronny",2024,303,57.8
175,548384,"Raley, Brooks",2020,336,52.1
175,595345,"Okert, Steven",2021,601,29.1
175,657024,"Swanson, Erik",2021,564,31
175,571901,"Loup, Aaron",2020,341,51.3
175,621366,"Borucki, Ryan",2021,369,47.4
175,666818,"Frías, Luis",2023,539,32.5
175,666720,"Rodríguez, Yerry",2023,278,62.9
175,572955,"Johnson, Pierce",2025,502,34.9
174,622250,"Sborz, Josh",2019,185,94.1
174,657610,"Hildenberger, Trevor",2019,326,53.4
174,681982,"Anderson, Grant",2023,598,29.1
174,664208,"Maton, Phil",2020,379,45.9
174,605276,"Hess, David",2019,1430,12.2
174,595345,"Okert, Steven",2025,516,33.7
174,594056,"Guduan, Reymin",2021,229,76
174,592499,"Lewicki, Artie",2018,655,26.6
173,592804,"Thornburg, Tyler",2019,382,45.3
173,622161,"Paredes, Eduardo",2018,324,53.4
173,607391,"Mazza, Chris",2019,285,60.7
173,621016,"Cuas, Jose",2022,687,25.2
173,657097,"Webb, Jacob",2025,598,28.9
173,621052,"Reyes, Alex",2020,369,46.9
173,678606,"Ferrer, Jose A.",2023,559,30.9
172,670970,"Morejon, Adrian",2025,500,34.4
172,501817,"Barnette, Tony",2018,405,42.5
172,622075,"Almonte, Yency",2019,608,28.3
172,605156,"Brooks, Aaron",2019,1899,9.1
172,673633,"Hirano, Yoshihisa",2020,248,69.4
172,668820,"Kranick, Max",2025,529,32.5
172,621199,"Bowman, Matt",2018,439,39.2
172,669084,"Hall, DL",2023,371,46.4
172,445197,"Dunn, Mike",2018,339,50.7
172,641755,"Kinley, Tyler",2020,371,46.4
172,656738,"Meyer, Ben",2018,369,46.6
172,642083,"Slegers, Aaron",2021,570,30.2
172,621295,"Wittgren, Nick",2022,481,35.8
171,621057,"Garza, Justin",2023,352,48.6
171,594311,"Gustave, Jandel",2021,294,58.2
171,623149,"Sewald, Paul",2019,330,51.8
171,656578,"Jackson, Andre",2023,1001,17.1
171,686610,"Waldichuk, Ken",2023,2553,6.7
171,623167,"Flexen, Chris",2022,2204,7.8
170,641312,"Anderson, Shaun",2021,437,38.9
170,518858,"Jones, Nate",2020,361,47.1
170,624522,"Thompson, Keegan",2022,1878,9.1
170,664092,"Poppen, Sean",2021,406,41.9
170,501625,"Alvarez, Jose",2022,273,62.3
170,670056,"Baragar, Caleb",2021,358,47.5
170,607572,"Howard, Sam",2021,846,20.1
170,445926,"Chavez, Jesse",2023,581,29.3
170,621295,"Wittgren, Nick",2018,601,28.3
169,680689,"Richardson, Lyon",2025,429,39.4
169,701643,"Hartwig, Grant",2023,639,26.4
169,663989,"Vespi, Nick",2022,446,37.9
169,669724,"Hanifee, Brenan",2025,647,26.1
169,518858,"Jones, Nate",2021,309,54.7
169,621056,"Wood, Hunter",2018,696,24.3
169,660546,"Díaz, Yennsy",2021,447,37.8
169,687911,"King, Bryan",2024,416,40.6
169,502179,"Espino, Paolo",2021,1735,9.7
169,642067,"Shawaryn, Mike",2019,461,36.7
169,669199,"Bachar, Lake",2025,616,27.4
169,592233,"Crichton, Stefan",2020,402,42
169,592332,"Gausman, Kevin",2019,1671,10.1
168,682842,"Uribe, Abner",2023,518,32.4
168,623474,"Herget, Jimmy",2024,189,88.9
168,657514,"Bernardino, Brennan",2024,860,19.5
168,657571,"Ferguson, Caleb",2022,580,29
168,519043,"Moore, Matt",2018,1792,9.4
168,668338,"Miller, Tyson",2023,224,75
168,592169,"Brice, Austin",2021,274,61.3
168,547973,"Chapman, Aroldis",2020,199,84.4
168,607259,"Martinez, Nick",2024,2125,7.9
167,669711,"Weissert, Greg",2023,347,48.1
167,571561,"Cingrani, Tony",2018,418,40
167,660787,"De los Santos, Yerry",2025,338,49.4
167,694335,"Svanson, Matt",2025,315,53
167,681432,"Little, Luke",2024,438,38.1
167,592454,"Kahnle, Tommy",2018,485,34.4
167,623465,"Phillips, Evan",2019,567,29.5
167,678368,"Bellozo, Valente",2025,726,23
167,660896,"Alcala, Jorge",2020,403,41.4
167,596001,"Junis, Jakob",2023,1389,12
167,598286,"Ramirez, Nick",2024,194,86.1
166,674285,"Salazar, Eduardo",2024,494,33.6
166,593576,"Neris, Héctor",2025,304,54.6
166,675989,"Bolton, Cody",2023,455,36.5
166,669713,"Wesneski, Hayden",2023,1479,11.2
166,621114,"Burr, Ryan",2024,570,29.1
166,543238,"Gose, Anthony",2022,389,42.7
166,657053,"Toussaint, Touki",2019,777,21.4
166,656794,"Newcomb, Sean",2021,673,24.7
166,687396,"Headrick, Brent",2023,494,33.6
166,605347,"López, Jorge",2019,2060,8.1
165,642130,"Taylor, Blake",2020,341,48.4
165,622253,"Tate, Dillon",2019,350,47.1
165,605541,"Wright Jr., Mike",2021,325,50.8
165,657585,"Garrett, Reed",2019,319,51.7
165,570632,"Ureña, José",2025,304,54.3
165,676604,"Zuber, Tyler",2021,506,32.6
165,543507,"May, Trevor",2018,448,36.8
165,640451,"Harvey, Hunter",2022,661,25
165,592570,"Morris, Akeel",2018,253,65.2
165,669952,"White, Mitch",2023,253,65.2
165,664042,"Lakins Sr., Travis",2019,395,41.8
165,656986,"Sousa, Bennett",2025,429,38.5
164,606965,"Devenski, Chris",2024,533,30.8
164,663542,"Hudson, Bryan",2023,164,100
164,682842,"Uribe, Abner",2024,258,63.6
164,657612,"Hill, Tim",2019,634,25.9
164,592254,"De León, José",2023,284,57.7
164,643778,"Webb, Tyler",2018,354,46.3
164,573668,"Minaya, Juan",2019,478,34.3
164,621348,"Clay, Sam",2021,803,20.4
164,571035,"Cuevas, William",2018,348,47.1
164,594798,"deGrom, Jacob",2018,3212,5.1
163,621107,"Eflin, Zach",2019,2571,6.3
163,664129,"Hartlieb, Geoff",2021,213,76.5
163,664285,"Valdez, Framber",2019,1175,13.9
163,655889,"Rodríguez, Manuel",2022,203,80.3
163,676534,"Faucher, Calvin",2023,514,31.7
163,592130,"Barnes, Danny",2018,791,20.6
163,666168,"Thompson, Mason",2021,424,38.4
163,623364,"Wieck, Brad",2021,293,55.6
163,664180,"Hall, Matt",2019,501,32.5
162,592473,"Kolarek, Adam",2018,504,32.1
162,806188,"Gibson, Cade",2025,406,39.9
162,605452,"Ross, Joe",2019,1138,14.2
162,692285,"Guerrero, Luis",2025,289,56.1
162,689225,"Brieske, Beau",2023,637,25.4
162,642203,"Widener, Taylor",2020,364,44.5
162,666374,"Brash, Matt",2022,935,17.3
162,681882,"Selby, Colin",2023,437,37.1
162,657228,"Jewell, Jake",2019,412,39.3
162,656232,"Bielak, Brandon",2024,510,31.8
161,664199,"Clarke, Taylor",2019,1512,10.6
161,580792,"Goody, Nick",2018,198,81.3
161,621593,"Castro, Anthony",2021,455,35.4
161,643410,"Leiter Jr., Mark",2018,468,34.4
161,676477,"Whitlock, Garrett",2023,1195,13.5
161,650671,"Quijada, José",2023,161,100
161,488984,"Hunter, Tommy",2023,367,43.9
161,608716,"Steckenrider, Drew",2019,237,67.9
161,621389,"Blach, Ty",2022,674,23.9
161,668941,"Romero, JoJo",2022,271,59.4
161,642152,"Trivino, Lou",2025,570,28.2
161,621078,"Lail, Brady",2020,300,53.7
161,621199,"Bowman, Matt",2025,431,37.4
161,642048,"Saucedo, Tayler",2021,432,37.3
161,669212,"Morgan, Eli",2024,646,24.9
160,666364,"Balazovic, Jordan",2023,392,40.8
160,664076,"Cleavinger, Garrett",2025,468,34.2
160,676831,"Whitley, Kodi",2021,401,39.9
160,670102,"Francis, Bowden",2024,1559,10.3
160,668687,"Scrubb, Andre",2021,354,45.2
160,456034,"Price, David",2021,1178,13.6
160,622065,"Young, Alex",2024,267,59.9
160,501925,"Smith, Joe",2022,450,35.6
160,665734,"Felipe, Angel",2023,271,59
160,608371,"Sims, Lucas",2020,464,34.5
160,668970,"Hollowell, Gavin",2023,610,26.2
160,542947,"Bleier, Richard",2023,456,35.1
160,683232,"Mears, Nick",2021,452,35.4
159,592169,"Brice, Austin",2018,603,26.4
159,594311,"Gustave, Jandel",2019,349,45.6
159,544365,"Bañuelos, Manny",2019,948,16.8
159,548389,"Stripling, Ross",2018,1999,8
159,605525,"Wendelken, J.B.",2019,514,30.9
158,592866,"Williams, Trevor",2022,1407,11.2
158,666818,"Frías, Luis",2024,229,69
158,669674,"Long, Sam",2025,241,65.6
158,608716,"Steckenrider, Drew",2022,286,55.2
158,676886,"Beasley, Jeremy",2022,271,58.3
158,679885,"Martinez, Justin",2023,236,66.9
158,571479,"Bellatti, Andrew",2023,456,34.6
158,622259,"Wingenter, Trey",2024,179,88.3
158,666818,"Frías, Luis",2022,356,44.4
158,670871,"Zuñiga, Guillo",2024,271,58.3
158,642100,"Speier, Gabe",2025,480,32.9
157,570488,"Valdez, Phillips",2020,509,30.8
157,669713,"Wesneski, Hayden",2024,1075,14.6
157,656222,"Beeks, Jalen",2019,1821,8.6
157,663671,"Enright, Nic",2025,242,64.9
157,600968,"Rosario, Randy",2019,224,70.1
157,642073,"Sherfy, Jimmie",2021,230,68.3
157,674444,"Cruz, Steven",2025,438,35.8
157,641907,"Murphy, Patrick",2021,486,32.3
157,689254,"Fluharty, Mason",2025,560,28
157,687424,"Maldonado, Anthony",2024,297,52.9
157,680704,"Sandlin, Nick",2025,256,61.3
157,664776,"Cousins, Jake",2021,533,29.5
157,622098,"Smith, Drew",2024,328,47.9
157,624647,"González, Victor",2023,510,30.8
156,501925,"Smith, Joe",2019,344,45.3
156,606995,"Hancock, Justin",2018,206,75.7
156,664199,"Clarke, Taylor",2025,327,47.7
156,596074,"Poyner, Bobby",2018,374,41.7
156,622259,"Wingenter, Trey",2023,309,50.5
156,595918,"Cole, A.J.",2020,390,40
156,622075,"Almonte, Yency",2020,446,35
156,518397,"Alexander, Scott",2021,259,60.2
156,669211,"Akin, Keegan",2025,662,23.6
156,661255,"López, Yoan",2021,215,72.6
156,640462,"Puk, A.J.",2025,156,100
156,572703,"Bard, Luke",2019,818,19.1
156,592390,"Hembree, Heath",2022,396,39.4
156,543278,"Hardy, Blaine",2018,1368,11.4
156,475857,"Cook, Ryan",2018,312,50
155,552640,"Kittredge, Andrew",2023,186,83.3
155,660813,"Graterol, Brusdar",2021,523,29.6
155,573127,"Rosscup, Zac",2018,200,77.5
155,623211,"Brazobán, Huascar",2022,631,24.6
155,628708,"Marte, Yunior",2024,482,32.2
155,656803,"Norwood, James",2022,370,41.9
155,521655,"Font, Wilmer",2020,368,42.1
155,664776,"Cousins, Jake",2022,267,58.1
155,663773,"Hoeing, Bryan",2024,782,19.8
155,544727,"Familia, Jeurys",2023,256,60.5
155,656977,"Sobotka, Chad",2018,228,68
154,596271,"Lawrence, Casey",2023,447,34.5
154,621249,"Underwood Jr., Duane",2023,337,45.7
154,607237,"Garrett, Amir",2020,299,51.5
154,595928,"Curtiss, John",2021,703,21.9
154,665645,"Castro, Kervin",2022,239,64.4
154,642073,"Sherfy, Jimmie",2019,316,48.7
154,681402,"Varland, Gus",2024,455,33.8
153,623430,"Dull, Ryan",2019,270,56.7
153,681402,"Varland, Gus",2023,403,38
153,668984,"Legumina, Casey",2024,166,92.2
153,660825,"Bazardo, Eduard",2023,270,56.7
153,661440,"Llovera, Mauricio",2022,306,50
153,663485,"Sands, Cole",2022,603,25.4
153,650204,"Ruiz, Norge",2022,366,41.8
153,664079,"Jay, Tyler",2024,153,100
153,669308,"Reynolds, Sean",2025,386,39.6
152,621368,"Hearn, Taylor",2023,313,48.6
152,593643,"Alberto, Hanser",2022,152,100
152,700187,"Taylor, Troy",2024,328,46.3
152,628317,"Maeda, Kenta",2025,171,88.9
152,471911,"Carrasco, Carlos",2018,2970,5.1
152,678226,"Hernández, Daysbel",2024,330,46.1
152,657611,"Hill, Cam",2020,291,52.2
152,655889,"Rodríguez, Manuel",2021,300,50.7
152,622097,"Thompson, Jake",2018,286,53.1
151,624522,"Thompson, Keegan",2021,966,15.6
151,656266,"Bukauskas, J.B.",2021,286,52.8
151,642701,"Santana, Dennis",2023,221,68.3
151,600986,"Vieira, Thyago",2019,169,89.3
151,456713,"Bush, Matt",2018,414,36.5
151,641329,"Baker, Bryan",2024,370,40.8
151,606424,"García, Jarlín",2018,1037,14.6
151,489334,"Stammen, Craig",2020,377,40.1
151,664076,"Cleavinger, Garrett",2022,347,43.5
151,682847,"Ortiz, Luis L.",2024,2143,7
151,607237,"Garrett, Amir",2023,476,31.7
151,601713,"Pivetta, Nick",2023,2383,6.3
151,657240,"Merryweather, Julian",2024,272,55.5
150,525768,"Collins, Tim",2018,371,40.4
150,542914,"Bass, Anthony",2023,324,46.3
150,676661,"Lazar, Max",2025,224,67
150,592094,"Adam, Jason",2019,397,37.8
150,669270,"Kuhnel, Joel",2023,195,76.9
150,607572,"Howard, Sam",2019,383,39.2
150,608638,"Chargois, JT",2019,292,51.4
150,640448,"Finnegan, Kyle",2020,419,35.8
150,656945,"Scott, Tanner",2020,345,43.5
150,668687,"Scrubb, Andre",2020,407,36.9
150,548389,"Stripling, Ross",2023,1453,10.3
150,642528,"Loáisiga, Jonathan",2023,236,63.6
150,656876,"Rasmussen, Drew",2020,302,49.7
150,663992,"Lovelady, Richard",2023,378,39.7
150,605501,"Tarpley, Stephen",2019,525,28.6
149,519293,"Smith, Will",2020,252,59.1
149,622772,"Cordero, Jimmy",2023,512,29.1
149,642231,"Yacabonis, Jimmy",2022,292,51
149,688158,"Morgan, David",2025,276,54
149,641851,"McGowin, Kyle",2019,298,50
149,621219,"Mills, Alec",2021,1936,7.7
149,594577,"Mayers, Mike",2019,357,41.7
149,667297,"Nance, Tommy",2021,456,32.7
149,670456,"Hammer, JD",2019,338,44.1
149,457429,"Logan, Boone",2018,224,66.5
148,621139,"Kriske, Brooks",2021,194,76.3
148,424144,"Pérez, Oliver",2018,468,31.6
148,656730,"Megill, Trevor",2021,460,32.2
148,592612,"Osich, Josh",2021,231,64.1
148,448614,"Torres, Carlos",2018,148,100
148,606162,"Ramírez, Yefry",2019,464,31.9
147,527048,"Pérez, Martín",2021,1860,7.9
147,657205,"Curtis, Zac",2018,317,46.4
147,622772,"Cordero, Jimmy",2018,332,44.3
147,672860,"Berroa, Prelander",2024,348,42.2
147,676680,"Cosgrove, Tom",2024,323,45.5
146,608650,"Enns, Dietrich",2021,360,40.6
146,676710,"Crawford, Kutter",2023,2099,7
146,656945,"Scott, Tanner",2019,463,31.5
146,607455,"Banda, Anthony",2025,607,24.1
146,695418,"Lord, Brad",2025,954,15.3
146,592468,"Kingham, Nick",2019,1027,14.2
146,663559,"Falter, Bailey",2021,552,26.4
146,613534,"Adams, Austin",2023,362,40.3
146,622259,"Wingenter, Trey",2018,322,45.3
146,676428,"Hurter, Brant",2025,630,23.2
146,554430,"Wheeler, Zack",2021,3205,4.6
146,641627,"Gott, Trevor",2020,217,67.3
146,672582,"Zerpa, Angel",2025,626,23.3
145,605301,"Jerez, Williams",2018,288,50.3
145,666661,"Morillo, Juan",2025,415,34.9
145,668390,"Winn, Cole",2025,248,58.5
145,445213,"Kintzler, Brandon",2021,510,28.4
145,656725,"McRae, Alex",2019,547,26.5
145,608328,"De Jong, Chase",2023,225,64.4
145,660896,"Alcala, Jorge",2023,319,45.5
145,650671,"Quijada, José",2021,499,29.1
145,605143,"Black, Ray",2019,282,51.4
145,621345,"Minter, A.J.",2020,397,36.5
144,502327,"Santiago, Héctor",2021,491,29.3
144,663765,"Woodford, Jake",2020,360,40
144,664202,"Cyr, Tyler",2022,224,64.3
144,608349,"Knebel, Corey",2021,399,36.1
144,541640,"Ramírez, Erasmo",2021,392,36.7
144,650893,"Cabrera, Génesis",2025,299,48.2
144,665896,"Marte, José",2022,265,54.3
144,453214,"Wright, Steven",2018,824,17.5
143,620454,"Castillo, José",2025,317,45.1
143,663385,"Smith, Chad",2023,248,57.7
143,669438,"Englert, Mason",2024,365,39.2
143,641771,"Kuhl, Chad",2023,770,18.6
143,678692,"Henriquez, Ronny",2025,676,21.2
143,607219,"Romano, Sal",2019,306,46.7
143,686973,"Varland, Louis",2025,554,25.8
142,605154,"Brebbia, John",2021,332,42.8
142,676051,"Heuer, Codi",2020,374,38
142,605441,"Ríos, Yacksel",2021,458,31
142,543243,"Gray, Sonny",2018,2249,6.3
142,543518,"McGough, Scott",2024,577,24.6
142,685801,"Bigge, Hunter",2025,227,62.6
142,676979,"Crochet, Garrett",2023,292,48.6
142,656529,"Hentges, Sam",2021,1260,11.3
142,643511,"Rogers, Tyler",2019,256,55.5
142,641712,"Hudson, Dakota",2018,433,32.8
141,626929,"Thorpe, Lewis",2019,492,28.7
141,666277,"Soriano, George",2023,883,16
141,670124,"Oller, Adam",2023,412,34.2
141,676879,"Ashby, Aaron",2025,241,58.5
141,605288,"Houser, Adrian",2018,226,62.4
141,670036,"Festa, Matt",2024,385,36.6
141,519393,"Walden, Marcus",2018,213,66.2
141,664126,"Fairbanks, Pete",2019,387,36.4
141,668390,"Winn, Cole",2024,286,49.3
141,688297,"Roycroft, Chris",2025,243,58
141,656641,"Latz, Jacob",2025,664,21.2
141,642758,"Acevedo, Domingo",2021,174,81
141,682175,"Jacques, Joe",2023,436,32.3
140,572403,"VerHagen, Drew",2019,945,14.8
140,622766,"Díaz, Miguel",2018,347,40.3
140,608344,"Irvin, Cole",2023,1273,11
140,542960,"Brach, Brad",2020,250,56
140,665048,"Harris, Hobie",2023,350,40
140,676710,"Crawford, Kutter",2022,1296,10.8
140,657770,"Stout, Eric",2022,450,31.1
139,668948,"McCarty, Kirk",2022,574,24.2
139,643617,"Reininger, Zac",2018,395,35.2
139,641302,"Alexander, Tyler",2021,1640,8.5
139,592288,"Emanuel, Kent",2021,240,57.9
139,605479,"Smith, Josh D.",2019,285,48.8
139,543935,"Wilson, Alex",2019,202,68.8
139,552640,"Kittredge, Andrew",2025,278,50
139,642629,"Ramirez, Emmanuel",2024,371,37.5
139,461872,"Swarzak, Anthony",2021,199,69.8
139,521230,"Hendriks, Liam",2025,232,59.9
139,543135,"Eovaldi, Nathan",2019,1264,11
139,687014,"Avila, Nick",2024,225,61.8
139,668968,"Crouse, Hans",2024,437,31.8
139,665625,"Peguero, Elvis",2022,308,45.1
138,672391,"Ort, Kaleb",2024,366,37.7
138,608335,"Funkhouser, Kyle",2020,319,43.3
138,663432,"Rainey, Tanner",2020,299,46.2
138,572403,"VerHagen, Drew",2022,419,32.9
138,593619,"Tapia, Domingo",2023,318,43.4
138,656876,"Rasmussen, Drew",2024,459,30.1
138,503449,"Peralta, Wily",2022,694,19.9
138,650895,"Castillo, Diego",2020,320,43.1
137,664353,"Urquidy, José",2023,1096,12.5
137,615698,"Quantrill, Cal",2021,2357,5.8
137,663465,"Allard, Kolby",2021,2054,6.7
137,596271,"Lawrence, Casey",2018,398,34.4
137,680880,"Holman, Grant",2024,292,46.9
136,595897,"Burdi, Nick",2019,161,84.5
136,700669,"Graceffo, Gordon",2025,299,45.5
136,622382,"Moya, Gabriel",2018,645,21.1
136,605441,"Ríos, Yacksel",2019,237,57.4
136,660906,"Pérez, Francisco",2022,205,66.3
136,642092,"Smith, Riley",2021,1071,12.7
136,502085,"Robertson, David",2019,136,100
135,664337,"Yajure, Miguel",2022,471,28.7
135,595465,"Winkler, Dan",2020,299,45.2
135,571800,"Hutchison, Drew",2018,751,18
135,493603,"Ottavino, Adam",2020,339,39.8
135,593619,"Tapia, Domingo",2022,363,37.2
135,668716,"Murdock, Noah",2025,392,34.4
135,605463,"Scott, Tayler",2019,354,38.1
135,455119,"Martin, Chris",2020,282,47.9
135,663992,"Lovelady, Richard",2019,375,36
135,663574,"Santillan, Tony",2024,504,26.8
135,622786,"Tinoco, Jesus",2025,304,44.4
135,641401,"Brogdon, Connor",2023,544,24.8
134,656457,"Gilbert, Tyler",2025,351,38.2
134,656794,"Newcomb, Sean",2022,552,24.3
134,491646,"Gómez, Jeanmar",2018,449,29.8
134,605276,"Hess, David",2021,367,36.5
134,623167,"Flexen, Chris",2019,274,48.9
134,677976,"Dobnak, Randy",2024,183,73.2
134,643316,"Fry, Paul",2022,232,57.8
134,607200,"Fedde, Erick",2019,1287,10.4
134,595465,"Winkler, Dan",2019,351,38.2
134,622075,"Almonte, Yency",2024,267,50.2
133,623913,"Wang, Wei-Chung",2019,519,25.6
133,663531,"Allen, Logan",2024,470,28.3
133,656464,"Ginkel, Kevin",2020,340,39.1
133,677161,"Kelly, Zack",2025,380,35
133,669947,"Scholtens, Jesse",2023,1447,9.2
133,622092,"Zimmer, Kyle",2020,373,35.7
133,665645,"Castro, Kervin",2021,201,66.2
133,665093,"Grotz, Zac",2019,299,44.5
133,471911,"Carrasco, Carlos",2019,1274,10.4
133,605540,"Woodruff, Brandon",2018,750,17.7
133,657756,"Seabold, Connor",2023,1562,8.5
132,572125,"Selman, Sam",2022,295,44.7
132,694363,"Shuster, Jared",2025,280,47.1
132,596001,"Junis, Jakob",2024,943,14
132,608344,"Irvin, Cole",2024,1767,7.5
132,541640,"Ramírez, Erasmo",2024,302,43.7
132,570488,"Valdez, Phillips",2022,287,46
132,656420,"Feyereisen, J.P.",2024,179,73.7
132,664139,"Gibaut, Ian",2025,388,34
132,681806,"Wantz, Andrew",2021,483,27.3
132,596720,"Neverauskas, Dovydas",2020,358,36.9
132,543056,"Coulombe, Danny",2025,330,40
132,592280,"Eades, Ryan",2019,203,65
132,571882,"Law, Derek",2018,256,51.6
132,641745,"Keller, Brad",2022,2275,5.8
131,641540,"Dunning, Dane",2023,2696,4.9
131,605177,"Chafin, Andrew",2020,184,71.2
131,669194,"Nelson, Ryne",2025,1081,12.1
131,661255,"López, Yoan",2022,195,67.2
131,607455,"Banda, Anthony",2023,160,81.9
131,686294,"Willingham, Amos",2023,461,28.4
131,656924,"Ryan, Ryder",2024,340,38.5
131,657571,"Ferguson, Caleb",2020,304,43.1
131,554340,"García, Yimi",2020,241,54.4
131,573204,"Thielbar, Caleb",2020,371,35.3
130,571863,"Koch, Matt",2019,364,35.7
130,672335,"Pérez, Cionel",2018,220,59.1
130,682120,"Herrin, Tim",2025,468,27.8
130,645261,"Alcantara, Sandy",2023,2721,4.8
130,572971,"Keuchel, Dallas",2023,658,19.8
130,657649,"Koenig, Jared",2022,653,19.9
130,681892,"Funderburk, Kody",2025,224,58
130,628317,"Maeda, Kenta",2019,2433,5.3
130,543507,"May, Trevor",2020,411,31.6
130,600921,"Machado, Andrés",2023,774,16.8
130,622694,"Hernández, Elieser",2022,1095,11.9
130,554431,"Matzek, Tyler",2024,179,72.6
130,669135,"Sceroler, Mac",2021,198,65.7
130,623474,"Herget, Jimmy",2020,350,37.1
130,591693,"Ramos, Edubray",2019,285,45.6
130,806185,"Birdsong, Hayden",2025,1079,12
129,642092,"Smith, Riley",2020,250,51.6
129,641743,"Kay, Anthony",2023,242,53.3
129,501985,"Minor, Mike",2019,3358,3.8
129,683232,"Mears, Nick",2025,498,25.9
129,682967,"Sweet, Devin",2023,166,77.7
129,621368,"Hearn, Taylor",2022,1787,7.2
128,666974,"Cano, Yennier",2022,394,32.5
128,571871,"Krol, Ian",2021,349,36.7
128,594986,"Ryan, Kyle",2021,225,56.9
128,696270,"Johnson, Ryan",2025,274,46.7
128,661440,"Llovera, Mauricio",2021,145,88.3
128,678215,"Arias, Luarbert",2025,192,66.7
128,656464,"Ginkel, Kevin",2022,479,26.7
128,658551,"Fernández, Junior",2019,218,58.7
127,680735,"Cox, Austin",2023,578,22
127,605525,"Wendelken, J.B.",2020,427,29.7
127,664944,"Vieaux, Cam",2022,208,61.1
127,641582,"Foster, Matt",2020,436,29.1
127,502522,"Miller, Justin",2019,275,46.2
127,605388,"Morgan, Adam",2021,442,28.7
127,643354,"Hart, Donnie",2018,382,33.2
127,608349,"Knebel, Corey",2020,263,48.3
127,519326,"Strickland, Hunter",2019,391,32.5
127,446372,"Kluber, Corey",2018,3181,4
127,622075,"Almonte, Yency",2018,251,50.6
127,571946,"Miller, Shelby",2021,273,46.5
126,622072,"Wood, Alex",2020,282,44.7
126,650556,"Abreu, Bryan",2021,689,18.3
126,656322,"Coonrod, Sam",2022,236,53.4
126,678020,"Halvorsen, Seth",2024,178,70.8
126,592767,"Smyly, Drew",2023,2401,5.2
126,572998,"Lucas, Josh",2018,248,50.8
126,595928,"Curtiss, John",2020,384,32.8
126,476454,"Betances, Dellin",2020,241,52.3
126,664875,"Lawrence, Justin",2021,326,38.7
126,641627,"Gott, Trevor",2018,301,41.9
126,657265,"Strzelecki, Peter",2024,192,65.6
126,670955,"Uceta, Edwin",2022,292,43.2
125,669093,"Estrada, Jeremiah",2025,610,20.5
125,621368,"Hearn, Taylor",2020,352,35.5
125,663399,"Waddell, Brandon",2021,213,58.7
125,668665,"Nogosek, Stephen",2019,141,88.7
125,686826,"Jarvis, Bryce",2025,182,68.7
125,572998,"Lucas, Josh",2019,273,45.8
125,453281,"LeBlanc, Wade",2018,2448,5.1
125,605513,"Turnbull, Spencer",2024,916,13.6
125,622075,"Almonte, Yency",2022,466,26.8
125,641755,"Kinley, Tyler",2018,231,54.1
125,686747,"La Sorsa, Joe",2024,271,46.1
125,595798,"Alaniz, R.J.",2019,263,47.5
125,622786,"Tinoco, Jesus",2019,616,20.3
125,642770,"Guerra, Javy",2020,235,53.2
125,605488,"Springs, Jeffrey",2018,562,22.2
125,592644,"Plutko, Adam",2021,1014,12.3
124,683627,"Molina, Anthony",2025,140,88.6
124,595411,"Sherriff, Ryan",2020,126,98.4
124,606930,"Barnes, Jacob",2020,309,40.1
124,476595,"Luetge, Lucas",2023,286,43.4
124,656578,"Jackson, Andre",2022,156,79.5
124,666120,"Anderson, Ian",2025,203,61.1
124,656529,"Hentges, Sam",2024,351,35.3
123,643338,"Green, Chad",2022,241,51
123,689690,"Jacob, Alek",2025,438,28.1
123,592779,"Stewart, Brock",2024,268,45.9
123,642232,"Yarbrough, Ryan",2018,2398,5.1
123,643338,"Green, Chad",2020,425,28.9
123,664918,"Keller, Kyle",2019,193,63.7
123,594795,"Dayton, Grant",2020,490,25.1
123,672578,"Hernández, Carlos",2022,1035,11.9
123,543901,"Weber, Ryan",2019,674,18.2
123,674944,"Guenther, Sean",2024,243,50.6
123,656803,"Norwood, James",2018,227,54.2
123,642083,"Slegers, Aaron",2020,387,31.8
123,661255,"López, Yoan",2018,129,95.3
123,687798,"Robertson, Nick",2024,217,56.7
123,488748,"Buchter, Ryan",2021,294,41.8
123,527048,"Pérez, Martín",2023,2223,5.5
122,669456,"Bieber, Shane",2019,3332,3.7
122,607481,"Bummer, Aaron",2025,551,22.1
122,622065,"Young, Alex",2022,445,27.4
122,605525,"Wendelken, J.B.",2022,488,25
122,656970,"Smeltzer, Devin",2023,361,33.8
122,694738,"Roupp, Landen",2024,907,13.5
122,666171,"Zeferjahn, Ryan",2024,208,58.7
122,596133,"Weaver, Luke",2018,2386,5.1
122,676050,"Naughton, Packy",2022,562,21.7
122,623465,"Phillips, Evan",2018,219,55.7
121,656234,"Bird, Jake",2025,777,15.6
121,622503,"Crismatt, Nabil",2023,262,46.2
121,666277,"Soriano, George",2025,386,31.3
121,656420,"Feyereisen, J.P.",2022,344,35.2
121,605240,"Fry, Jace",2020,339,35.7
121,670766,"McCaughan, Darren",2024,714,16.9
121,623465,"Phillips, Evan",2021,244,49.6
121,661255,"López, Yoan",2020,286,42.3
121,533167,"Shoemaker, Matt",2021,1064,11.4
121,572193,"Tepera, Ryan",2023,230,52.6
120,608648,"Duffey, Tyler",2018,419,28.6
120,686730,"Spiers, Carson",2024,1554,7.7
120,570666,"Cessa, Luis",2022,1235,9.7
120,572703,"Bard, Luke",2022,241,49.8
120,544928,"Lyons, Tyler",2018,284,42.3
120,665621,"García, Rony",2020,393,30.5
120,543101,"DeSclafani, Anthony",2025,149,80.5
120,676879,"Ashby, Aaron",2021,532,22.6
120,571927,"Matz, Steven",2025,729,16.5
120,592222,"Claudio, Alex",2020,331,36.3
120,643400,"Knight, Dusten",2022,192,62.5
120,613317,"Bird, Kyle",2019,277,43.3
120,669276,"Lee, Dylan",2023,391,30.7
119,571946,"Miller, Shelby",2019,863,13.8
119,605498,"Suárez, Andrew",2019,540,22
119,518397,"Alexander, Scott",2020,202,58.9
119,663989,"Vespi, Nick",2024,169,70.4
119,621057,"Garza, Justin",2021,503,23.7
119,670090,"Mills, Wyatt",2022,503,23.7
119,545333,"Bauer, Trevor",2018,2853,4.2
119,605400,"Nola, Aaron",2022,3039,3.9
119,544928,"Lyons, Tyler",2019,191,62.3
119,671790,"Bolaños, Ronald",2022,332,35.8
118,547184,"Kelly, Michael",2023,272,43.4
118,607237,"Garrett, Amir",2022,804,14.7
118,543867,"Turley, Nik",2020,373,31.6
118,607473,"Bradford, Chasen",2019,248,47.6
118,595881,"Beede, Tyler",2024,265,44.5
118,670036,"Festa, Matt",2023,195,60.5
117,650633,"King, Michael",2021,1009,11.6
117,645261,"Alcantara, Sandy",2021,3095,3.8
117,672578,"Hernández, Carlos",2021,1434,8.2
117,642558,"Jurado, Ariel",2019,2047,5.7
117,642003,"Reed, Cody",2021,148,79.1
117,623485,"Goudeau, Ashton",2021,564,20.7
117,650893,"Cabrera, Génesis",2019,372,31.5
117,676760,"Marinaccio, Ron",2024,395,29.6
117,573009,"Mantiply, Joe",2025,192,60.9
117,674285,"Salazar, Eduardo",2023,239,49
116,676617,"O'Brien, Riley",2025,251,46.2
116,671111,"Peralta, Sammy",2024,282,41.1
116,595411,"Sherriff, Ryan",2021,278,41.7
116,596027,"Maples, Dillon",2019,237,48.9
116,679346,"Navarro, Edgar",2023,150,77.3
116,664129,"Hartlieb, Geoff",2020,409,28.4
116,643316,"Fry, Paul",2020,376,30.9
116,656222,"Beeks, Jalen",2020,323,35.9
116,424144,"Pérez, Oliver",2020,281,41.3
116,606424,"García, Jarlín",2020,284,40.8
115,519008,"McFarland, T.J.",2025,272,42.3
115,622772,"Cordero, Jimmy",2019,542,21.2
115,605177,"Chafin, Andrew",2025,252,45.6
115,476594,"Stock, Robert",2019,229,50.2
115,622092,"Zimmer, Kyle",2019,435,26.4
115,605301,"Jerez, Williams",2019,192,59.9
115,687765,"Spence, Mitch",2025,1035,11.1
115,605130,"Barlow, Scott",2025,646,17.8
115,657612,"Hill, Tim",2020,348,33
115,571882,"Law, Derek",2021,292,39.4
115,665665,"Sanmartin, Reiver",2023,310,37.1
115,457754,"Edwards, Jon",2018,139,82.7
115,542432,"Ramirez, José",2018,155,74.2
115,686654,"Adcock, Ty",2023,207,55.6
114,663947,"Holton, Tyler",2025,563,20.2
114,664871,"Dowdy, Kyle",2019,438,26
114,502381,"Gregerson, Luke",2018,207,55.1
114,640451,"Harvey, Hunter",2019,137,83.2
114,425794,"Wainwright, Adam",2021,3068,3.7
114,656186,"Altavilla, Dan",2019,294,38.8
114,668984,"Legumina, Casey",2023,231,49.4
114,685107,"Veneziano, Anthony",2025,411,27.7
114,592705,"Rumbelow, Nick",2018,292,39
113,502028,"Wood, Blake",2018,193,58.5
113,680729,"McDaniels, Garrett",2025,191,59.2
113,680704,"Sandlin, Nick",2021,603,18.7
113,461325,"Clippard, Tyler",2022,113,100
113,676969,"de Geus, Brett",2024,194,58.2
113,664948,"Misiewicz, Anthony",2023,240,47.1
113,592836,"Walker, Taijuan",2025,905,12.5
113,641672,"Hatch, Thomas",2020,441,25.6
113,592865,"Williams, Taylor",2021,219,51.6
113,519008,"McFarland, T.J.",2020,331,34.1
113,687888,"Walter, Brandon",2023,365,31
113,664285,"Valdez, Framber",2022,3018,3.7
113,623470,"Newberry, Jake",2020,387,29.2
113,657424,"Gage, Matt",2022,187,60.4
113,664776,"Cousins, Jake",2023,202,55.9
113,676660,"Solomon, Jared",2022,157,72
112,663687,"Harris, Hogan",2024,1213,9.2
112,645261,"Alcantara, Sandy",2019,3091,3.6
112,656232,"Bielak, Brandon",2022,226,49.6
112,682610,"Muñoz, Roddery",2025,132,84.8
112,593679,"Ynoa, Gabriel",2019,1815,6.2
112,606944,"Carroll, Cody",2018,372,30.1
112,621237,"Alvarado, José",2020,194,57.7
112,668943,"Miller, Ryan",2024,219,51.1
112,668970,"Hollowell, Gavin",2022,143,78.3
112,518397,"Alexander, Scott",2025,270,41.5
112,519381,"Venditte, Pat",2018,224,50
111,656546,"Hoffman, Jeff",2020,399,27.8
111,607229,"Gsellman, Robert",2022,207,53.6
111,672335,"Pérez, Cionel",2019,163,68.1
111,672715,"Patiño, Luis",2023,383,29
111,641312,"Anderson, Shaun",2025,194,57.2
111,656803,"Norwood, James",2019,206,53.9
110,680742,"Bowlan, Jonathan",2025,240,45.8
110,669459,"Nelson, Kyle",2022,593,18.5
110,572021,"Pazos, James",2020,131,84
110,664054,"Stashak, Cody",2019,369,29.8
110,596271,"Lawrence, Casey",2025,276,39.9
110,641682,"Hendrix, Ryan",2022,143,76.9
110,657766,"St. John, Locke",2019,149,73.8
110,664854,"Helsley, Ryan",2019,577,19.1
110,672582,"Zerpa, Angel",2023,707,15.6
110,650893,"Cabrera, Génesis",2020,397,27.7
110,681867,"Criswell, Cooper",2025,162,67.9
109,657566,"DuRapau, Montana",2019,342,31.9
109,543903,"Webster, Allen",2019,171,63.7
109,642130,"Taylor, Blake",2022,305,35.7
109,700187,"Taylor, Troy",2025,136,80.1
109,594986,"Ryan, Kyle",2020,268,40.7
109,681892,"Funderburk, Kody",2023,192,56.8
108,598286,"Ramirez, Nick",2021,314,34.4
108,676596,"Fleming, Josh",2021,1629,6.6
108,676265,"Abbott, Cory",2022,845,12.8
108,664092,"Poppen, Sean",2019,134,80.6
108,657031,"Taylor, Josh",2023,341,31.7
108,661383,"Ortega, Oliver",2023,239,45.2
108,542585,"Cisnero, José",2020,519,20.8
108,572403,"VerHagen, Drew",2018,912,11.8
108,608371,"Sims, Lucas",2019,751,14.4
108,608652,"Farrell, Luke",2021,473,22.8
108,607625,"Lugo, Seth",2020,610,17.7
108,445197,"Dunn, Mike",2019,302,35.8
108,607231,"Gant, John",2021,1975,5.5
107,663531,"Allen, Logan",2020,186,57.5
107,673380,"Núñez, Dedniel",2025,167,64.1
107,657277,"Webb, Logan",2023,3182,3.4
107,669912,"Snead, Kirby",2023,193,55.4
107,489446,"Yates, Kirby",2022,137,78.1
107,622251,"Staumont, Josh",2023,360,29.7
107,665001,"Kelley, Trevor",2023,272,39.3
107,677976,"Dobnak, Randy",2021,765,14
107,621345,"Minter, A.J.",2025,185,57.8
106,518748,"Grimm, Justin",2022,277,38.3
106,547184,"Kelly, Michael",2025,158,67.1
106,594987,"Sadler, Casey",2020,348,30.5
106,600944,"Paulino, David",2018,128,82.8
106,606930,"Barnes, Jacob",2023,209,50.7
106,665620,"García, Deivi",2023,289,36.7
106,676263,"Dreyer, Jack",2025,661,16
106,596082,"Reed, Jake",2022,307,34.5
106,595928,"Curtiss, John",2023,301,35.2
105,663738,"Lynch IV, Daniel",2024,631,16.6
105,643256,"Cimber, Adam",2020,177,59.3
105,595014,"Treinen, Blake",2025,145,72.4
105,656186,"Altavilla, Dan",2025,216,48.6
105,658792,"Wilkerson, Aaron",2019,333,31.5
105,519141,"Pomeranz, Drew",2018,1447,7.3
105,458677,"Wilson, Justin",2025,450,23.3
105,548389,"Stripling, Ross",2024,1358,7.7
105,676755,"Mattson, Isaac",2025,229,45.9
105,445926,"Chavez, Jesse",2021,528,19.9
105,663992,"Lovelady, Richard",2021,315,33.3
105,656240,"Blewett, Scott",2024,319,32.9
105,621249,"Underwood Jr., Duane",2020,335,31.3
105,453284,"Parker, Blake",2020,315,33.3
105,642528,"Loáisiga, Jonathan",2019,592,17.7
104,623354,"Zamora, Daniel",2018,158,65.8
104,664849,"Young, Danny",2023,135,77
104,605155,"Brewer, Colten",2018,194,53.6
104,656186,"Altavilla, Dan",2018,360,28.9
104,570488,"Valdez, Phillips",2019,293,35.5
104,608331,"Fried, Max",2018,571,18.2
104,542585,"Cisnero, José",2024,313,33.2
104,643778,"Webb, Tyler",2020,346,30.1
104,595897,"Burdi, Nick",2024,210,49.5
104,456051,"Noesí, Hector",2019,497,20.9
104,669294,"Campbell, Paul",2021,468,22.2
104,668665,"Nogosek, Stephen",2023,489,21.3
103,612434,"Castro, Miguel",2024,232,44.4
103,608723,"Voth, Austin",2022,1762,5.8
103,670456,"Hammer, JD",2021,405,25.4
103,642121,"Sulser, Cole",2019,130,79.2
103,457915,"Guerra, Javy",2021,148,69.6
103,545333,"Bauer, Trevor",2019,3687,2.8
103,669212,"Morgan, Eli",2025,132,78
103,664126,"Fairbanks, Pete",2020,490,21
103,642098,"Sparkman, Glenn",2019,2275,4.5
103,664942,"Naile, James",2022,126,81.7
103,596035,"McClain, Reggie",2019,354,29.1
102,674003,"Bradford, Cody",2023,974,10.5
102,670810,"Gillaspie, Logan",2022,262,38.9
102,623354,"Zamora, Daniel",2019,169,60.4
102,573185,"Straily, Dan",2019,966,10.6
102,605538,"Wisler, Matt",2020,453,22.5
102,685493,"Yamaguchi, Shun",2020,502,20.3
102,657053,"Toussaint, Touki",2024,491,20.8
102,571893,"Liberatore, Adam",2018,216,47.2
102,573204,"Thielbar, Caleb",2025,469,21.7
102,694037,"Palencia, Daniel",2024,263,38.8
102,669111,"McMillon, John",2024,180,56.7
102,642232,"Yarbrough, Ryan",2019,2057,5
102,623485,"Goudeau, Ashton",2022,375,27.2
102,641571,"Fillmyer, Heath",2019,453,22.5
102,607231,"Gant, John",2020,240,42.5
102,572193,"Tepera, Ryan",2020,369,27.6
102,571771,"Hernández, Enrique",2025,125,81.6
101,458924,"Venters, Jonny",2019,197,51.3
101,476594,"Stock, Robert",2020,253,39.9
101,112526,"Colon, Bartolo",2018,2228,4.5
101,457915,"Guerra, Javy",2020,286,35.3
101,643778,"Webb, Tyler",2021,392,25.8
101,607755,"Vasquez, Andrew",2022,153,66
101,489446,"Yates, Kirby",2020,101,100
101,500779,"Quintana, Jose",2021,1240,8.1
101,606273,"Elías, Roenis",2022,114,88.6
101,608371,"Sims, Lucas",2025,279,36.2
101,672782,"Gómez, Yoendrys",2024,214,47.2
101,453286,"Scherzer, Max",2018,3493,2.9
101,656794,"Newcomb, Sean",2024,184,54.9
101,642100,"Speier, Gabe",2022,298,33.9
100,666721,"Castillo, Max",2022,697,14.3
100,663903,"Singer, Brady",2022,2376,4.2
100,670097,"Short, Zack",2023,100,100
100,670174,"Winckowski, Josh",2025,207,48.3
100,605138,"Benjamin, Wes",2021,461,21.7
100,571951,"Mitchell, Bryan",2018,1227,8.1
100,681810,"Warren, Austin",2024,173,57.8
100,641312,"Anderson, Shaun",2020,277,36.1
100,657240,"Merryweather, Julian",2021,217,46.1
100,642571,"Gonzalez, Merandy",2018,437,22.9
100,670329,"Garcia, Rico",2022,136,73.5
100,434378,"Verlander, Justin",2019,3448,2.9
100,681676,"Fernandez, Ryan",2025,158,63.3
100,519096,"Otero, Dan",2019,416,24
100,667498,"Dugger, Robert",2021,461,21.7
100,543901,"Weber, Ryan",2023,182,54.9
100,543294,"Hendricks, Kyle",2018,3051,3.3
100,687473,"Gusto, Ryan",2025,1113,9
100,670810,"Gillaspie, Logan",2024,151,66.2
99,570666,"Cessa, Luis",2020,360,27.5
99,622772,"Cordero, Jimmy",2020,424,23.3
99,502593,"Petricka, Jake",2019,118,83.9
99,640464,"Stewart, Kohl",2019,384,25.8
99,622072,"Wood, Alex",2023,1708,5.8
99,622250,"Sborz, Josh",2024,284,34.9
99,682051,"Hill, Garrett",2023,309,32
99,687849,"Kent, Zak",2025,143,69.2
99,502212,"Bibens-Dirkx, Austin",2018,778,12.7
99,520980,"Báez, Pedro",2020,306,32.4
99,641871,"Middleton, Keynan",2022,241,41.1
99,593619,"Tapia, Domingo",2021,520,19
99,608371,"Sims, Lucas",2018,312,31.7
99,670167,"Schreiber, John",2019,251,39.4
99,594985,"Rowen, Ben",2021,198,50
99,606930,"Barnes, Jacob",2022,361,27.4
98,605388,"Morgan, Adam",2020,219,44.7
98,664042,"Lakins Sr., Travis",2021,501,19.6
98,543056,"Coulombe, Danny",2018,394,24.9
98,519043,"Moore, Matt",2021,1254,7.8
98,608334,"Fulmer, Carson",2020,188,52.1
98,677020,"Walker, Josh",2023,219,44.7
98,656981,"Solomon, Peter",2021,227,43.2
98,592644,"Plutko, Adam",2020,446,22
98,668754,"Bristo, Braden",2023,114,86
98,680891,"Neely, Jack",2024,98,100
98,608648,"Duffey, Tyler",2024,189,51.9
98,642003,"Reed, Cody",2020,236,41.5
98,665660,"Alvarado, Elvis",2025,148,66.2
97,545332,"Barrett, Jake",2018,124,78.2
97,453172,"Hughes, Jared",2020,412,23.5
97,641401,"Brogdon, Connor",2024,97,100
97,677976,"Dobnak, Randy",2019,427,22.7
97,606965,"Devenski, Chris",2022,241,40.2
97,642528,"Loáisiga, Jonathan",2025,284,34.2
97,677944,"Cecconi, Slade",2024,1291,7.5
97,622694,"Hernández, Elieser",2024,251,38.6
97,664948,"Misiewicz, Anthony",2020,328,29.6
97,543031,"Cloyd, Tyler",2018,336,28.9
97,669270,"Kuhnel, Joel",2019,166,58.4
97,663947,"Holton, Tyler",2022,159,61
97,664849,"Young, Danny",2022,126,77
96,605156,"Brooks, Aaron",2022,154,62.3
96,518397,"Alexander, Scott",2022,214,44.9
96,657097,"Webb, Jacob",2020,168,57.1
96,663765,"Woodford, Jake",2021,1156,8.3
96,605359,"Marshall, Evan",2018,152,63.2
96,659275,"Lamet, Dinelson",2023,603,15.9
96,592644,"Plutko, Adam",2018,1268,7.6
96,666619,"Santos, Gregory",2025,132,72.7
96,656986,"Sousa, Bennett",2022,365,26.3
96,664337,"Yajure, Miguel",2020,124,77.4
96,596057,"Norris, Daniel",2023,258,37.2
96,519326,"Strickland, Hunter",2025,284,33.8
96,674444,"Cruz, Steven",2023,244,39.3
96,656786,"Mushinski, Parker",2023,255,37.6
96,582494,"Scott, Robby",2018,165,58.2
96,656793,"Nelson, Nick",2024,96,100
95,595001,"Smith, Josh A.",2020,426,22.3
95,519076,"Nelson, Jimmy",2019,408,23.3
95,666200,"Luzardo, Jesús",2021,1727,5.5
95,623474,"Herget, Jimmy",2019,95,100
95,669093,"Estrada, Jeremiah",2023,237,40.1
95,503285,"O'Day, Darren",2021,189,50.3
95,592473,"Kolarek, Adam",2021,190,50
95,544836,"Romero, Enny",2018,208,45.7
95,675911,"Strider, Spencer",2022,2277,4.2
95,489265,"Romo, Sergio",2022,335,28.4
95,676395,"Garcia, Robert",2023,522,18.2
94,660825,"Bazardo, Eduard",2022,236,39.8
94,676661,"Lazar, Max",2024,214,43.9
94,592229,"Covey, Dylan",2018,2053,4.6
94,623474,"Herget, Jimmy",2025,661,14.2
94,639373,"Bautista, Gerson",2019,197,47.7
94,663460,"Bubic, Kris",2021,2202,4.3
94,453281,"LeBlanc, Wade",2019,1955,4.8
94,570257,"Rodríguez, Joely",2024,249,37.8
94,579328,"Kikuchi, Yusei",2022,1843,5.1
94,664042,"Lakins Sr., Travis",2022,208,45.2
94,656322,"Coonrod, Sam",2020,297,31.6
94,663855,"Hicks, Jordan",2022,1051,8.9
93,664028,"Kennedy, Brett",2023,310,30
93,665620,"García, Deivi",2024,283,32.9
93,656887,"Reid-Foley, Sean",2022,196,47.4
93,665120,"Walsh, Jared",2019,93,100
93,433589,"Petit, Yusmeiro",2020,315,29.5
93,600917,"Leclerc, José",2025,229,40.6
93,670426,"Diehl, Phillip",2019,138,67.4
93,643493,"Pruitt, Austin",2019,720,12.9
93,681870,"Sabrowski, Erik",2024,198,47
93,534910,"Hahn, Jesse",2019,107,86.9
93,643338,"Green, Chad",2023,195,47.7
93,643361,"Herget, Kevin",2024,151,61.6
93,681217,"Silseth, Chase",2023,888,10.5
93,500872,"Infante, Gregory",2018,149,62.4
93,681867,"Criswell, Cooper",2023,554,16.8
93,665896,"Marte, José",2024,311,29.9
93,629496,"Hu, Chih-Wei",2018,195,47.7
93,690544,"Horn, Bailey",2024,303,30.7
93,608337,"Giolito, Lucas",2019,2814,3.3
92,670550,"Rodriguez, Nivaldo",2021,114,80.7
92,640455,"Manaea, Sean",2023,2052,4.5
92,547001,"Poteet, Cody",2022,448,20.5
92,679156,"Pennington, Walter",2024,330,27.9
92,650959,"Diplán, Marcos",2021,512,18
92,656354,"Davis, Austin",2024,142,64.8
92,623470,"Newberry, Jake",2018,252,36.5
92,543037,"Cole, Gerrit",2023,3281,2.8
92,664076,"Cleavinger, Garrett",2023,211,43.6
92,656322,"Coonrod, Sam",2023,147,62.6
92,660730,"Rodriguez, Elvin",2025,317,29
92,663989,"Vespi, Nick",2023,202,45.5
92,457754,"Edwards, Jon",2019,143,64.3
92,642239,"Zastryzny, Rob",2023,389,23.7
92,607732,"Stallings, Jacob",2023,92,100
91,607179,"Weems, Jordan",2021,134,67.9
91,445926,"Chavez, Jesse",2020,305,29.8
91,547179,"Lorenzen, Michael",2020,608,15
91,656793,"Nelson, Nick",2021,338,26.9
91,451584,"Davis, Wade",2020,119,76.5
91,681146,"Bride, Jonah",2025,113,80.5
91,657624,"James, Josh",2020,340,26.8
91,682171,"Murfee, Penn",2025,232,39.2
91,667755,"Soriano, José",2024,1737,5.2
91,606965,"Devenski, Chris",2021,145,62.8
91,663574,"Santillan, Tony",2021,761,12
90,592127,"Barbato, Johnny",2018,132,68.2
90,670046,"Rosenberg, Kenny",2024,403,22.3
90,641490,"Crockett, Kyle",2018,174,51.7
90,572703,"Bard, Luke",2018,213,42.3
90,656257,"Brigham, Jeff",2022,419,21.5
90,669952,"White, Mitch",2022,1715,5.2
90,602083,"Almonte, Miguel",2018,134,67.2
90,663878,"Pearson, Nate",2021,301,29.9
90,680736,"Wrobleski, Justin",2025,545,16.5
90,683409,"Chivilli, Angel",2025,580,15.5
90,592288,"Emanuel, Kent",2024,302,29.8
90,475054,"Roe, Chaz",2020,159,56.6
90,621244,"Berríos, José",2018,3068,2.9
90,680755,"Fisher, Braydon",2025,341,26.4
90,677020,"Walker, Josh",2024,215,41.9
90,676840,"Peacock, Matt",2022,149,60.4
90,702795,"Loutos, Ryan",2025,142,63.4
90,594987,"Sadler, Casey",2021,581,15.5
90,608638,"Chargois, JT",2022,334,26.9
90,670550,"Rodriguez, Nivaldo",2020,187,48.1
90,664285,"Valdez, Framber",2023,2952,3
90,621389,"Blach, Ty",2024,1133,7.9
89,592314,"Foltynewicz, Mike",2018,3041,2.9
89,668665,"Nogosek, Stephen",2022,377,23.6
89,650347,"Madero, Luís",2021,214,41.6
89,453286,"Scherzer, Max",2021,2821,3.2
89,543056,"Coulombe, Danny",2022,230,38.7
89,660813,"Graterol, Brusdar",2019,144,61.8
89,676092,"Snider, Collin",2023,367,24.3
89,669020,"Rolison, Ryan",2025,306,29.1
89,462515,"Socolovich, Miguel",2018,99,89.9
89,606149,"Gallegos, Giovanny",2020,229,38.9
89,622694,"Hernández, Elieser",2019,1442,6.2
89,656492,"Griffin, Foster",2022,111,80.2
89,670766,"McCaughan, Darren",2023,112,79.5
89,596720,"Neverauskas, Dovydas",2019,212,42
89,543135,"Eovaldi, Nathan",2023,2232,4
89,571945,"Mikolas, Miles",2022,3152,2.8
89,674370,"Bido, Osvaldo",2024,1056,8.4
89,663465,"Allard, Kolby",2022,299,29.8
89,669302,"Gilbert, Logan",2024,3042,2.9
89,605151,"Bradley, Archie",2022,305,29.2
89,687330,"Kelly, Kevin",2025,249,35.7
89,681810,"Warren, Austin",2021,306,29.1
88,675540,"Curry, Xzavion",2024,639,13.8
88,608678,"Leone, Dominic",2020,191,46.1
88,664849,"Young, Danny",2025,158,55.7
88,542882,"Andriese, Matt",2020,500,17.6
88,665019,"Clemens, Kody",2022,88,100
88,676083,"Junk, Janson",2025,453,19.4
88,643603,"White, Tyler",2019,88,100
88,687377,"Ribalta, Orlando",2024,97,90.7
88,594795,"Dayton, Grant",2021,250,35.2
88,642578,"Rodríguez, José",2019,329,26.7
88,660600,"Paredes, Enoli",2021,254,34.6
88,642073,"Sherfy, Jimmie",2018,286,30.8
88,628333,"Despaigne, Odrisamer",2018,766,11.5
87,611093,"Bracho, Silvino",2018,493,17.6
87,543294,"Hendricks, Kyle",2024,2135,4.1
87,622608,"Senzatela, Antonio",2018,1529,5.7
87,571735,"Hale, David",2018,226,38.5
87,664054,"Stashak, Cody",2020,223,39
87,605400,"Nola, Aaron",2021,2971,2.9
87,528748,"Castellanos, Humberto",2024,186,46.8
87,671109,"Eder, Jake",2025,87,100
87,592332,"Gausman, Kevin",2018,3004,2.9
87,502171,"Cobb, Alex",2023,2506,3.5
87,663542,"Hudson, Bryan",2025,234,37.2
86,571800,"Hutchison, Drew",2022,1759,4.9
86,641871,"Middleton, Keynan",2020,210,41
86,592426,"Jackson, Luke",2020,488,17.6
86,571760,"Heaney, Andrew",2018,2755,3.1
86,607572,"Howard, Sam",2018,86,100
86,518468,"Blazek, Michael",2019,86,100
86,543391,"Kelly, Casey",2018,354,24.3
86,681916,"Smith, Dylan",2025,122,70.5
86,607074,"Rodón, Carlos",2018,1966,4.4
86,598287,"Ramirez, Noé",2020,336,25.6
86,682171,"Murfee, Penn",2023,223,38.6
86,608718,"Suter, Brent",2020,516,16.7
86,518397,"Alexander, Scott",2019,278,30.9
86,543022,"Chatwood, Tyler",2018,1950,4.4
86,658305,"García, Edgar",2021,281,30.6
86,676604,"Zuber, Tyler",2020,412,20.9
86,642233,"Yardley, Eric",2020,410,21
86,672851,"Adon, Joan",2024,178,48.3
86,641835,"Mayza, Tim",2025,162,53.1
85,624503,"Gordon, Nick",2022,85,100
85,621294,"Heller, Ben",2024,255,33.3
85,687396,"Headrick, Brent",2025,218,39
85,675650,"Mercado, Michael",2025,85,100
85,687765,"Spence, Mitch",2024,2481,3.4
85,676508,"Casparius, Ben",2025,887,9.6
85,625643,"López, Reynaldo",2021,938,9.1
85,641401,"Brogdon, Connor",2020,184,46.2
85,621592,"Jiménez, Eduardo",2019,189,45
85,446321,"Detwiler, Ross",2020,311,27.3
85,664123,"Effross, Scott",2021,222,38.3
85,656671,"Maciejewski, Josh",2024,96,88.5
85,656557,"Houck, Tanner",2021,1149,7.4
85,669724,"Hanifee, Brenan",2024,447,19
85,592741,"Shreve, Chasen",2020,422,20.1
85,624586,"Hoyt, James",2021,182,46.7
84,621363,"Poche, Colin",2025,244,34.4
84,676879,"Ashby, Aaron",2024,484,17.4
84,543475,"Lyles, Jordan",2023,2817,3
84,658551,"Fernández, Junior",2022,333,25.2
84,518858,"Jones, Nate",2019,206,40.8
84,664701,"Taylor, Ben",2018,99,84.8
84,656382,"Doyle, Tommy",2023,352,23.9
84,641312,"Anderson, Shaun",2024,244,34.4
84,615698,"Quantrill, Cal",2020,504,16.7
84,608331,"Fried, Max",2024,2762,3
84,446372,"Kluber, Corey",2023,990,8.5
84,689690,"Jacob, Alek",2024,232,36.2
84,657585,"Garrett, Reed",2023,347,24.2
84,543351,"Jackson, Jay",2021,391,21.5
84,676962,"Brown, Ben",2024,849,9.9
83,643256,"Cimber, Adam",2024,416,20
83,621016,"Cuas, Jose",2024,319,26
83,607359,"Patton, Spencer",2023,205,40.5
83,650911,"Sánchez, Cristopher",2022,662,12.5
83,605182,"Clevinger, Mike",2025,114,72.8
83,592094,"Adam, Jason",2021,218,38.1
83,573062,"Northcraft, Aaron",2021,129,64.3
82,665621,"García, Rony",2022,885,9.3
82,621074,"Rucker, Michael",2021,490,16.7
82,598264,"Barnes, Matt",2023,400,20.5
82,472551,"Abad, Fernando",2021,299,27.4
82,592741,"Shreve, Chasen",2022,474,17.3
82,605525,"Wendelken, J.B.",2018,243,33.7
82,680767,"Vodnik, Victor",2023,186,44.1
82,670090,"Mills, Wyatt",2021,230,35.7
82,665001,"Kelley, Trevor",2019,163,50.3
82,642528,"Loáisiga, Jonathan",2020,394,20.8
82,664042,"Lakins Sr., Travis",2020,470,17.4
82,518489,"Brasier, Ryan",2024,374,21.9
82,666619,"Santos, Gregory",2024,112,73.2
81,663855,"Hicks, Jordan",2021,207,39.1
81,592779,"Stewart, Brock",2025,396,20.5
81,554431,"Matzek, Tyler",2025,127,63.8
81,502190,"Leake, Mike",2019,2975,2.7
81,534812,"Quackenbush, Kevin",2018,172,47.1
81,669713,"Wesneski, Hayden",2022,495,16.4
81,607555,"Guilbeau, Taylor",2019,181,44.8
81,669456,"Bieber, Shane",2022,2875,2.8
81,820862,"Fermin, José",2025,234,34.6
81,525768,"Collins, Tim",2019,160,50.6
80,650530,"Garcia, Bryan",2019,129,62
80,641427,"Busenitz, Alan",2023,107,74.8
80,670329,"Garcia, Rico",2023,267,30
80,641482,"Cortes, Nestor",2021,1524,5.2
80,543518,"McGough, Scott",2025,136,58.8
80,461325,"Clippard, Tyler",2020,416,19.2
80,622663,"Severino, Luis",2024,2890,2.8
80,687922,"Lucas, Easton",2024,246,32.5
80,669618,"Barlow, Joe",2023,147,54.4
80,571882,"Law, Derek",2022,352,22.7
80,670810,"Gillaspie, Logan",2023,191,41.9
80,656986,"Sousa, Bennett",2023,140,57.1
80,664139,"Gibaut, Ian",2019,269,29.7
80,656786,"Mushinski, Parker",2024,194,41.2
80,664682,"Meisinger, Ryan",2018,367,21.8
80,621593,"Castro, Anthony",2022,260,30.8
80,676083,"Junk, Janson",2024,175,45.7
80,676265,"Abbott, Cory",2021,352,22.7
80,664054,"Stashak, Cody",2022,227,35.2
80,687424,"Maldonado, Anthony",2025,129,62
79,543548,"Milone, Tommy",2022,238,33.2
79,518489,"Brasier, Ryan",2025,206,38.3
79,641851,"McGowin, Kyle",2020,199,39.7
79,491646,"Gómez, Jeanmar",2019,270,29.3
79,534910,"Hahn, Jesse",2020,292,27.1
79,571510,"Boyd, Matthew",2022,192,41.1
79,691594,"Sanoja, Javier",2025,95,83.2
79,641343,"Bauers, Jake",2025,79,100
79,596112,"Stephenson, Robert",2020,176,44.9
79,475479,"Phelps, David",2021,189,41.8
79,675912,"Lowther, Zac",2021,571,13.8
79,657697,"Nittoli, Vinny",2024,178,44.4
79,622103,"Reyes, Gerardo",2024,79,100
79,642546,"Hernández, Jonathan",2019,332,23.8
79,592094,"Adam, Jason",2020,260,30.4
79,630023,"Chirinos, Yonny",2023,1342,5.9
79,543594,"Nolin, Sean",2021,499,15.8
79,571539,"Carasiti, Matt",2024,170,46.5
79,640451,"Harvey, Hunter",2020,145,54.5
79,608678,"Leone, Dominic",2024,361,21.9
79,543238,"Gose, Anthony",2024,79,100
78,676775,"Winn, Keaton",2023,594,13.1
78,605135,"Bassitt, Chris",2019,2430,3.2
78,680739,"Winder, Josh",2024,141,55.3
78,592848,"Weiss, Zack",2022,209,37.3
78,571578,"Corbin, Patrick",2019,3299,2.4
78,605400,"Nola, Aaron",2018,3212,2.4
78,608665,"Graveman, Kendall",2025,149,52.3
78,543294,"Hendricks, Kyle",2020,1162,6.7
78,675921,"Howard, Spencer",2024,537,14.5
78,676596,"Fleming, Josh",2023,759,10.3
78,596071,"Peters, Dillon",2022,634,12.3
78,676220,"Elledge, Seth",2021,221,35.3
78,606131,"Perdomo, Luis",2022,285,27.4
78,693312,"Nicolas, Kyle",2025,245,31.8
78,670768,"González, Luis",2022,86,90.7
78,686972,"Waites, Cole",2022,104,75
78,666200,"Luzardo, Jesús",2019,171,45.6
77,657240,"Merryweather, Julian",2025,353,21.8
77,592612,"Osich, Josh",2020,304,25.3
77,592791,"Taillon, Jameson",2018,2960,2.6
77,647315,"Pop, Zach",2023,199,38.7
77,425844,"Greinke, Zack",2021,2577,3
77,622253,"Tate, Dillon",2020,285,27
77,472551,"Abad, Fernando",2019,171,45
77,607455,"Banda, Anthony",2020,139,55.4
77,448179,"Hill, Rich",2023,2531,3
77,669422,"Sauer, Matt",2025,468,16.5
76,517414,"Delgado, Randall",2018,202,37.6
76,642008,"Rhame, Jacob",2019,121,62.8
76,642233,"Yardley, Eric",2021,315,24.1
76,519393,"Walden, Marcus",2020,285,26.7
76,491624,"Valdez, César",2020,191,39.8
76,543169,"Flynn, Brian",2019,513,14.8
76,622492,"Mella, Keury",2018,202,37.6
76,660813,"Graterol, Brusdar",2020,291,26.1
76,670950,"Richards, Trevor",2025,76,100
76,598271,"Johnson, Brian",2019,772,9.8
76,663474,"McKenzie, Triston",2022,2807,2.7
76,672456,"Montero, Keider",2024,1539,4.9
76,608717,"Stratton, Chris",2018,2455,3.1
76,596816,"Gómez, Roberto",2018,177,42.9
76,606131,"Perdomo, Luis",2020,276,27.5
76,572086,"Rodgers, Brady",2019,114,66.7
76,605482,"Sneed, Cy",2019,344,22.1
76,657228,"Jewell, Jake",2021,215,35.3
75,676617,"O'Brien, Riley",2024,194,38.7
75,453214,"Wright, Steven",2019,132,56.8
75,643230,"Brault, Steven",2019,2001,3.7
75,664584,"Romero, Jhon",2022,90,83.3
75,544150,"Suárez, Albert",2024,2234,3.4
75,448281,"Doolittle, Sean",2020,127,59.1
75,607179,"Weems, Jordan",2022,738,10.2
75,663776,"Sandoval, Patrick",2021,1444,5.2
75,664875,"Lawrence, Justin",2025,172,43.6
75,640444,"Crowe, Wil",2023,179,41.9
75,669912,"Snead, Kirby",2024,196,38.3
75,672730,"Then, Juan",2023,167,44.9
75,641343,"Bauers, Jake",2024,75,100
75,542914,"Bass, Anthony",2018,244,30.7
75,644429,"Severino, Anderson",2022,133,56.4
75,663752,"Morris, Cody",2023,165,45.5
75,663804,"Kowar, Jackson",2022,311,24.1
75,669169,"Heasley, Jonathan",2023,221,33.9
74,453286,"Scherzer, Max",2019,2770,2.7
74,639373,"Bautista, Gerson",2018,90,82.2
74,595928,"Curtiss, John",2018,116,63.8
74,605507,"Thompson, Zach",2022,2080,3.6
74,664682,"Meisinger, Ryan",2021,149,49.7
74,642207,"Williams, Devin",2019,270,27.4
74,622098,"Smith, Drew",2020,109,67.9
74,670124,"Oller, Adam",2022,1294,5.7
74,681867,"Criswell, Cooper",2024,1756,4.2
74,607457,"Barraclough, Kyle",2022,139,53.2
74,592779,"Stewart, Brock",2018,336,22
74,659262,"Espinoza, Anderson",2022,375,19.7
74,596001,"Junis, Jakob",2018,2838,2.6
74,663765,"Woodford, Jake",2023,909,8.1
74,663855,"Hicks, Jordan",2024,1958,3.8
74,656290,"Carlton, Drew",2023,330,22.4
74,543508,"Mazzoni, Cory",2018,123,60.2
74,642165,"VanMeter, Josh",2022,74,100
74,608665,"Graveman, Kendall",2020,329,22.5
74,686973,"Varland, Louis",2024,901,8.2
74,502179,"Espino, Paolo",2023,101,73.3
74,643230,"Brault, Steven",2022,157,47.1
74,643361,"Herget, Kevin",2025,74,100
73,667376,"Sánchez, Miguel",2022,211,34.6
73,607572,"Howard, Sam",2020,361,20.2
73,608344,"Irvin, Cole",2019,639,11.4
73,472610,"García, Luis",2020,184,39.7
73,571863,"Koch, Matt",2018,1296,5.6
73,542882,"Andriese, Matt",2024,88,83
73,519240,"Rzepczynski, Marc",2018,213,34.3
73,677952,"Ashcraft, Braxton",2025,275,26.5
73,664285,"Valdez, Framber",2024,2598,2.8
73,543483,"Magill, Matt",2020,177,41.2
73,657585,"Garrett, Reed",2022,196,37.2
73,543883,"Vincent, Nick",2020,323,22.6
73,605501,"Tarpley, Stephen",2018,153,47.7
73,676103,"Jones, Damon",2022,105,69.5
73,543258,"Guilmet, Preston",2018,194,37.6
73,554431,"Matzek, Tyler",2020,483,15.1
73,663385,"Smith, Chad",2022,337,21.7
73,611093,"Bracho, Silvino",2023,126,57.9
73,518566,"Cole, Taylor",2018,571,12.8
72,656803,"Norwood, James",2021,94,76.6
72,675916,"Karinchak, James",2019,94,76.6
72,594056,"Guduan, Reymin",2019,112,64.3
72,641482,"Cortes, Nestor",2020,165,43.6
72,674944,"Guenther, Sean",2021,360,20
72,605400,"Nola, Aaron",2024,3189,2.3
72,656290,"Carlton, Drew",2022,120,60
72,543901,"Weber, Ryan",2022,127,56.7
72,543901,"Weber, Ryan",2020,645,11.2
72,608371,"Sims, Lucas",2022,129,55.8
72,687606,"Schultz, Paxton",2025,434,16.6
72,678906,"Teng, Kai-Wei",2024,204,35.3
72,676714,"Hughes, Brandon",2023,239,30.1
72,543219,"Gilmartin, Sean",2018,455,15.8
72,543208,"Gaviglio, Sam",2018,2041,3.5
72,657024,"Swanson, Erik",2025,128,56.3
72,664161,"Swarmer, Matt",2022,657,11
72,571912,"Maile, Luke",2023,80,90
72,607468,"Blandino, Alex",2021,72,100
71,621107,"Eflin, Zach",2022,1194,5.9
71,663559,"Falter, Bailey",2022,1295,5.5
71,548389,"Stripling, Ross",2022,2033,3.5
71,669084,"Hall, DL",2022,269,26.4
71,657093,"Watkins, Spenser",2021,960,7.4
71,605463,"Scott, Tayler",2022,255,27.8
71,592351,"Gray, Jon",2024,1620,4.4
71,593334,"Germán, Domingo",2024,373,19
71,605538,"Wisler, Matt",2018,606,11.7
71,664351,"Contreras, Luis",2024,105,67.6
71,622503,"Crismatt, Nabil",2024,93,76.3
71,656793,"Nelson, Nick",2020,374,19
71,680702,"Gerber, Joey",2020,233,30.5
71,621114,"Burr, Ryan",2022,149,47.7
71,694361,"Klein, Will",2024,146,48.6
71,650959,"Diplán, Marcos",2022,122,58.2
71,676092,"Snider, Collin",2022,583,12.2
71,669674,"Long, Sam",2021,732,9.7
70,663546,"Hjelle, Sean",2025,198,35.4
70,670280,"Bednar, David",2019,196,35.7
70,607457,"Barraclough, Kyle",2021,268,26.1
70,521230,"Hendriks, Liam",2023,87,80.5
70,545332,"Barrett, Jake",2019,70,100
70,467100,"Nova, Iván",2019,3005,2.3
70,643400,"Knight, Dusten",2021,186,37.6
70,670288,"Fishman, Jake",2022,171,40.9
70,640902,"Pereda, Jhonny",2025,70,100
70,434378,"Verlander, Justin",2018,3427,2
70,605130,"Barlow, Scott",2018,237,29.5
70,628317,"Maeda, Kenta",2024,1958,3.6
70,641726,"Jefferies, Daulton",2024,281,24.9
70,592464,"Kickham, Mike",2020,262,26.7
70,592332,"Gausman, Kevin",2024,2958,2.4
70,596043,"Mengden, Daniel",2018,1775,3.9
70,571670,"Floro, Dylan",2020,371,18.9
69,665759,"Rosso, Ramón",2020,194,35.6
69,573186,"Stroman, Marcus",2023,2203,3.1
69,694361,"Klein, Will",2025,69,100
69,640462,"Puk, A.J.",2021,243,28.4
69,686563,"Cannon, Jonathan",2024,2028,3.4
69,624647,"González, Victor",2020,290,23.8
69,642584,"Kilome, Franklyn",2020,229,30.1
69,605182,"Clevinger, Mike",2018,3265,2.1
69,678061,"Kerr, Ray",2022,88,78.4
69,656266,"Bukauskas, J.B.",2023,101,68.3
69,626929,"Thorpe, Lewis",2020,272,25.4
69,669461,"Liberatore, Matthew",2023,1059,6.5
69,571760,"Heaney, Andrew",2021,2330,3
69,657624,"James, Josh",2021,69,100
69,642098,"Sparkman, Glenn",2018,670,10.3
69,669387,"Mlodzinski, Carmen",2025,897,7.7
69,669724,"Hanifee, Brenan",2023,89,77.5
69,607188,"Faria, Jake",2018,1117,6.2
69,691799,"Taylor, Grant",2025,143,48.3
69,573668,"Minaya, Juan",2022,174,39.7
68,641302,"Alexander, Tyler",2022,1591,4.3
68,621057,"Garza, Justin",2025,86,79.1
68,608348,"Kelly, Carson",2022,68,100
68,606162,"Ramírez, Yefry",2018,1224,5.6
68,475115,"Ross, Tyson",2018,2499,2.7
68,656814,"Ortiz, Luis F.",2022,118,57.6
68,669920,"Alexander, Jason",2022,1160,5.9
68,650556,"Abreu, Bryan",2019,146,46.6
68,547942,"Kim, Kwang Hyun",2021,1784,3.8
68,663753,"Knehr, Reiss",2023,123,55.3
68,656629,"Kopech, Michael",2023,2430,2.8
68,592145,"Biddle, Jesse",2021,186,36.6
68,658431,"Medina, Adonis",2021,137,49.6
68,683175,"Phillips, Connor",2025,78,87.2
68,450172,"Volquez, Edinson",2020,108,63
68,471911,"Carrasco, Carlos",2025,514,13.2
68,542888,"Armstrong, Shawn",2020,237,28.7
68,519299,"Sogard, Eric",2021,68,100
68,527055,"Vizcaíno, Arodys",2019,68,100
67,623465,"Phillips, Evan",2020,284,23.6
67,571704,"Giles, Ken",2022,67,100
67,607067,"Rea, Colin",2020,241,27.8
67,656977,"Sobotka, Chad",2020,81,82.7
67,456034,"Price, David",2018,2716,2.5
67,687362,"Gillispie, Connor",2024,138,48.6
67,606149,"Gallegos, Giovanny",2018,182,36.8
67,453192,"Miller, Andrew",2020,205,32.7
67,623485,"Goudeau, Ashton",2020,115,58.3
67,657053,"Toussaint, Touki",2022,431,15.5
67,664180,"Hall, Matt",2018,199,33.7
67,623381,"Pannone, Thomas",2018,695,9.6
67,621111,"Buehler, Walker",2019,2838,2.4
67,676206,"Tarnok, Freddy",2023,287,23.3
67,623451,"Stephens, Jackson",2023,226,29.6
67,621366,"Borucki, Ryan",2023,528,12.7
67,606965,"Devenski, Chris",2025,81,82.7
67,594965,"Ponce de Leon, Daniel",2019,861,7.8
67,656457,"Gilbert, Tyler",2024,145,46.2
67,660853,"De Los Santos, Enyel",2018,335,20
67,572020,"Paxton, James",2018,2603,2.6
66,506702,"León, Sandy",2021,71,93
66,669084,"Hall, DL",2024,782,8.4
66,621114,"Burr, Ryan",2018,157,42
66,670912,"Oviedo, Johan",2022,980,6.7
66,641394,"Brentz, Jake",2022,160,41.3
66,663432,"Rainey, Tanner",2018,189,34.9
66,605276,"Hess, David",2020,117,56.4
66,605218,"Edwards Jr., Carl",2021,111,59.5
66,664045,"Eshelman, Thomas",2020,529,12.5
66,571948,"Milner, Hoby",2018,150,44
66,527048,"Pérez, Martín",2018,1404,4.7
66,643377,"Jax, Griffin",2021,1394,4.7
66,669854,"Blanco, Ronel",2024,2751,2.4
66,593334,"Germán, Domingo",2023,1653,4
66,592779,"Stewart, Brock",2019,486,13.6
66,677076,"Andrews, Clayton",2023,87,75.9
66,656420,"Feyereisen, J.P.",2025,81,81.5
66,624586,"Hoyt, James",2019,123,53.7
66,502706,"Holland, Derek",2020,719,9.2
66,607457,"Barraclough, Kyle",2023,156,42.3
66,592789,"Syndergaard, Noah",2018,2412,2.7
65,642547,"Peralta, Freddy",2020,553,11.8
65,500610,"Guerra, Deolis",2020,130,50
65,605135,"Bassitt, Chris",2023,3139,2.1
65,607188,"Faria, Jake",2023,65,100
65,663562,"Davis, Noah",2024,365,17.8
65,672911,"Cruz, Jesus",2022,163,39.9
65,686972,"Waites, Cole",2023,65,100
65,570240,"Peña, Félix",2019,1570,4.1
65,621389,"Blach, Ty",2019,521,12.5
65,542947,"Bleier, Richard",2020,218,29.8
65,543901,"Weber, Ryan",2021,160,40.6
65,518489,"Brasier, Ryan",2021,197,33
65,605151,"Bradley, Archie",2023,149,43.6
65,621350,"Frare, Caleb",2018,129,50.4
65,624586,"Hoyt, James",2020,244,26.6
65,656232,"Bielak, Brandon",2020,597,10.9
65,596295,"Gomber, Austin",2022,2059,3.2
65,592879,"Wojciechowski, Asher",2020,674,9.6
65,596117,"Stubbs, Garrett",2024,65,100
65,596295,"Gomber, Austin",2018,1226,5.3
65,571473,"Baumann, Buddy",2018,117,55.6
64,596271,"Lawrence, Casey",2022,297,21.5
64,543118,"Drake, Oliver",2020,171,37.4
64,642100,"Speier, Gabe",2019,153,41.8
64,656849,"Peterson, David",2022,1889,3.4
64,572308,"Váldez, José A.",2018,77,83.1
64,596451,"Quinn, Roman",2019,64,100
64,676879,"Ashby, Aaron",2022,1878,3.4
64,506433,"Darvish, Yu",2022,2971,2.2
64,663321,"Hernandez, Nick",2024,139,46
64,646242,"Díaz, Jhonathan",2023,160,40
64,543475,"Lyles, Jordan",2024,72,88.9
64,669203,"Burnes, Corbin",2021,2594,2.5
64,593833,"Suero, Wander",2023,159,40.3
64,543339,"Hudson, Daniel",2023,64,100
64,668868,"Thompson, Zack",2023,1168,5.5
64,453281,"LeBlanc, Wade",2021,794,8.1
64,607219,"Romano, Sal",2018,2404,2.7
64,663436,"Martin, Davis",2022,1044,6.1
64,641501,"Danish, Tyler",2018,136,47.1
64,448167,"Mann, Brandon",2018,145,44.1
64,595345,"Okert, Steven",2018,93,68.8
64,669308,"Reynolds, Sean",2024,225,28.4
64,642100,"Speier, Gabe",2020,122,52.5
64,608601,"Santos, Luis",2018,377,17
64,461865,"Romine, Andrew",2018,64,100
64,627894,"Gohara, Luiz",2018,302,21.2
64,592169,"Brice, Austin",2020,359,17.8
64,547184,"Kelly, Michael",2022,64,100
64,615698,"Quantrill, Cal",2019,1781,3.6
64,656731,"Megill, Tylor",2022,791,8.1
63,664856,"Adams, Chance",2020,174,36.2
63,661527,"Martinez, Seth",2021,63,100
63,666200,"Luzardo, Jesús",2020,940,6.7
63,666205,"Muller, Kyle",2023,1454,4.3
63,620396,"Aguilar, Miguel",2021,104,60.6
63,622492,"Mella, Keury",2020,158,39.9
63,642232,"Yarbrough, Ryan",2025,878,7.2
63,686826,"Jarvis, Bryce",2023,370,17
63,518876,"Kelly, Merrill",2022,3071,2.1
63,641447,"Castano, Daniel",2022,577,10.9
63,657277,"Webb, Logan",2024,3201,2
63,678226,"Hernández, Daysbel",2023,83,75.9
63,670036,"Festa, Matt",2025,288,21.9
63,665896,"Marte, José",2023,173,36.4
63,677955,"Hill, Jaden",2024,151,41.7
62,592612,"Osich, Josh",2018,227,27.3
62,689266,"Dodd, Dylan",2025,124,50
62,669804,"De Jesus, Angel",2022,192,32.3
62,502190,"Leake, Mike",2018,2798,2.2
62,543359,"Jennings, Dan",2019,134,46.3
62,642003,"Reed, Cody",2018,719,8.6
62,692285,"Guerrero, Luis",2024,133,46.6
62,517008,"Colomé, Alex",2023,62,100
62,663878,"Pearson, Nate",2025,211,29.4
62,666745,"Brito, Jhony",2023,1445,4.3
62,594902,"Lively, Ben",2018,541,11.5
62,571704,"Giles, Ken",2020,69,89.9
62,592859,"Wilkerson, Stevie",2019,62,100
62,592826,"Velasquez, Vince",2019,2120,2.9
62,664062,"Gonsolin, Tony",2019,693,8.9
62,608648,"Duffey, Tyler",2020,368,16.8
62,672841,"Vargas, Carlos",2023,81,76.5
62,640470,"Alzolay, Adbert",2022,193,32.1
62,547943,"Ryu, Hyun Jin",2019,2706,2.3
62,668970,"Hollowell, Gavin",2025,108,57.4
62,669169,"Heasley, Jonathan",2024,108,57.4
62,621289,"Schultz, Jaime",2019,96,64.6
62,625643,"López, Reynaldo",2019,3163,2
62,592390,"Hembree, Heath",2020,363,17.1
62,573109,"Ramos, AJ",2021,62,100
62,456501,"Cueto, Johnny",2022,2372,2.6
62,605397,"Musgrove, Joe",2021,2938,2.1
61,571446,"Appel, Mark",2022,149,40.9
61,676637,"Sanders, Phoenix",2022,215,28.4
61,592473,"Kolarek, Adam",2020,252,24.2
61,669711,"Weissert, Greg",2022,186,32.8
61,641656,"Hamilton, Ian",2018,117,52.1
61,642758,"Acevedo, Domingo",2023,175,34.9
61,605335,"Leibrandt, Brandon",2020,150,40.7
61,543101,"DeSclafani, Anthony",2021,2558,2.4
61,667465,"Fletcher, Aaron",2022,173,35.3
61,572125,"Selman, Sam",2019,187,32.6
61,641360,"Bickford, Phil",2024,154,39.6
61,700270,"Díaz, Yilber",2024,469,13
61,477132,"Kershaw, Clayton",2018,2364,2.6
61,681799,"Roberts, Ethan",2022,177,34.5
61,630023,"Chirinos, Yonny",2018,1315,4.6
61,667465,"Fletcher, Aaron",2021,86,70.9
61,641793,"Littell, Zack",2018,427,14.3
61,606944,"Carroll, Cody",2020,83,73.5
61,656970,"Smeltzer, Devin",2019,732,8.3
61,593140,"Feliz, Michael",2020,61,100
61,676755,"Mattson, Isaac",2021,91,67
61,501789,"Harris, Will",2021,135,45.2
61,663474,"McKenzie, Triston",2025,123,49.6
61,607231,"Gant, John",2018,1875,3.3
61,594992,"Shackelford, Kevin",2018,162,37.7
61,670426,"Diehl, Phillip",2020,116,52.6
60,452027,"Albers, Andrew",2021,365,16.4
60,664747,"Díaz, Alexis",2025,131,45.8
60,666721,"Castillo, Max",2023,342,17.5
60,672715,"Patiño, Luis",2020,349,17.2
60,608337,"Giolito, Lucas",2021,2970,2
60,669093,"Estrada, Jeremiah",2022,117,51.3
60,543746,"Scahill, Rob",2018,77,77.9
60,605347,"López, Jorge",2021,2166,2.8
60,622786,"Tinoco, Jesus",2022,350,17.1
60,571927,"Matz, Steven",2023,1866,3.2
60,663455,"Pilkington, Konnor",2022,1039,5.8
60,596117,"Stubbs, Garrett",2022,60,100
60,664139,"Gibaut, Ian",2020,241,24.9
60,595234,"Haley, Justin",2018,129,46.5
60,663753,"Knehr, Reiss",2022,242,24.8
60,572143,"Smith, Burch",2020,153,39.2
60,668676,"Plesac, Zach",2021,2205,2.7
60,669270,"Kuhnel, Joel",2024,158,38
60,623149,"Sewald, Paul",2025,189,31.7
60,592831,"Wade, Konner",2021,248,24.2
60,542888,"Armstrong, Shawn",2018,204,29.4
60,682254,"Montgomery, Mason",2024,158,38
60,660636,"Castillo, Diego",2022,60,100
60,657508,"Baumann, Mike",2022,580,10.3
60,650895,"Castillo, Diego",2024,177,33.9
60,664157,"Bergen, Travis",2021,188,31.9
59,543294,"Hendricks, Kyle",2019,2698,2.2
59,646242,"Díaz, Jhonathan",2024,166,35.5
59,641482,"Cortes, Nestor",2018,108,54.6
59,547179,"Lorenzen, Michael",2023,2367,2.5
59,621433,"Phillips, Brett",2022,59,100
59,669459,"Nelson, Kyle",2024,145,40.7
59,676424,"Bettinger, Alec",2021,199,29.6
59,681869,"Dubin, Shawn",2025,303,19.5
59,650895,"Castillo, Diego",2023,162,36.4
59,592858,"Wick, Rowan",2018,133,44.4
59,656818,"Overton, Connor",2021,274,21.5
59,656756,"Montgomery, Jordan",2024,1929,3.1
59,663897,"Williams, Luke",2024,59,100
59,670329,"Garcia, Rico",2020,177,33.3
59,608566,"Márquez, Germán",2019,2616,2.3
59,676702,"Stratton, Hunter",2023,174,33.9
59,614179,"Ruiz, José",2025,302,19.5
59,605441,"Ríos, Yacksel",2023,62,95.2
59,669214,"Menez, Conner",2020,169,34.9
59,594694,"Difo, Wilmer",2021,59,100
59,640455,"Manaea, Sean",2018,2371,2.5
59,596082,"Reed, Jake",2021,160,36.9
59,476594,"Stock, Robert",2025,59,100
59,676220,"Elledge, Seth",2020,231,25.5
59,622766,"Díaz, Miguel",2023,208,28.4
58,660853,"De Los Santos, Enyel",2019,176,33
58,622663,"Severino, Luis",2021,98,59.2
58,621129,"Cody, Kyle",2020,370,15.7
58,621261,"Oswalt, Corey",2018,1034,5.6
58,685126,"Eisert, Brandon",2024,110,52.7
58,657024,"Swanson, Erik",2020,149,38.9
58,488748,"Buchter, Ryan",2020,114,50.9
58,657117,"Williams, Austen",2018,175,33.1
58,663804,"Kowar, Jackson",2025,150,38.7
58,570702,"Ramirez, Carlos",2018,158,36.7
58,664045,"Eshelman, Thomas",2019,609,9.5
58,622663,"Severino, Luis",2018,3152,1.8
58,520980,"Báez, Pedro",2021,59,98.3
58,607179,"Weems, Jordan",2020,222,26.1
58,683568,"Iriarte, Jairo",2024,137,42.3
58,607374,"Tropeano, Nick",2020,242,24
58,621366,"Borucki, Ryan",2020,322,18
58,541640,"Ramírez, Erasmo",2020,195,29.7
58,628711,"Urías, Julio",2018,58,100
58,656427,"Flaherty, Jack",2019,3179,1.8
58,593334,"Germán, Domingo",2018,1467,4
57,670056,"Baragar, Caleb",2020,349,16.3
57,669084,"Hall, DL",2025,239,23.8
57,664351,"Contreras, Luis",2025,172,33.1
57,571539,"Carasiti, Matt",2023,411,13.9
57,676680,"Cosgrove, Tom",2025,64,89.1
57,641149,"Parsons, Wes",2024,148,38.5
57,686973,"Varland, Louis",2023,1091,5.2
57,664092,"Poppen, Sean",2020,153,37.3
57,683004,"Leiter, Jack",2024,669,8.5
57,657681,"McGrath, Kyle",2018,66,86.4
57,547176,"Camarena, Daniel",2021,174,32.8
57,670167,"Schreiber, John",2020,281,20.3
57,687134,"Blalock, Bradley",2025,299,19.1
57,605446,"Rodríguez, Dereck",2022,99,57.6
57,543037,"Cole, Gerrit",2021,2969,1.9
57,681190,"Vásquez, Randy",2023,669,8.5
57,683769,"Gaddis, Hunter",2023,686,8.3
57,543281,"Harrison, Josh",2022,57,100
57,570257,"Rodríguez, Joely",2023,215,26.5
57,582494,"Scott, Robby",2019,164,34.8
57,518585,"Cruz, Fernando",2022,260,21.9
57,660600,"Paredes, Enoli",2022,57,100
56,670970,"Morejon, Adrian",2023,161,34.8
56,501697,"Mariñez, Jhan",2018,151,37.1
56,456713,"Bush, Matt",2021,69,81.2
56,657228,"Jewell, Jake",2018,56,100
56,656896,"Rivera, Emmanuel",2024,56,100
56,554430,"Wheeler, Zack",2019,3159,1.8
56,621129,"Cody, Kyle",2021,209,26.8
56,521230,"Hendriks, Liam",2018,448,12.5
56,542289,"Corcino, Daniel",2018,67,83.6
56,593334,"Germán, Domingo",2021,1579,3.5
56,656848,"Petersen, Michael",2025,130,43.1
56,462480,"Cruz, Rhiner",2018,56,100
56,453178,"Kennedy, Ian",2020,261,21.5
56,592169,"Brice, Austin",2022,106,52.8
56,621141,"Lockett, Walker",2020,230,24.3
56,668683,"Walker, Jeremy",2019,164,34.1
56,596133,"Weaver, Luke",2023,2258,2.5
56,669391,"White, Owen",2024,69,81.2
56,672552,"O'Loughlin, Jack",2024,176,31.8
55,686539,"Cronin, Declan",2023,193,28.5
55,641420,"Burdi, Zack",2020,168,32.7
55,532077,"Osuna, Roberto",2020,55,100
55,592135,"Bedrosian, Cam",2020,241,22.8
55,519294,"Smoker, Josh",2018,165,33.3
55,656657,"Logue, Zach",2023,173,31.8
55,500743,"Rojas, Miguel",2025,55,100
55,605288,"Houser, Adrian",2023,1856,3
55,621219,"Mills, Alec",2019,553,9.9
55,642203,"Widener, Taylor",2022,329,16.7
55,649144,"Wells, Alex",2022,66,83.3
55,656605,"Keller, Mitch",2024,2851,1.9
55,663474,"McKenzie, Triston",2021,1975,2.8
55,605309,"Kela, Keone",2020,55,100
55,656954,"Sheffield, Justus",2022,179,30.7
55,622780,"Perdomo, Angel",2020,85,64.7
55,425844,"Greinke, Zack",2019,3113,1.8
55,690829,"Joyce, Ben",2023,202,27.2
55,594965,"Ponce de Leon, Daniel",2018,581,9.5
55,622256,"Weigel, Patrick",2021,93,59.1
55,660644,"Bruján, Vidal",2024,55,100
55,592789,"Syndergaard, Noah",2019,3095,1.8
55,592769,"Snelten, D.J.",2018,109,50.5
54,642657,"Ogando, Cristofer",2022,74,73
54,501625,"Alvarez, Jose",2020,129,41.9
54,622786,"Tinoco, Jesus",2020,144,37.5
54,681869,"Dubin, Shawn",2023,172,31.4
54,663531,"Allen, Logan",2019,450,12
54,656887,"Reid-Foley, Sean",2020,133,40.6
54,642028,"Rogers, Josh",2019,263,20.5
54,656620,"Klobosits, Gabe",2021,194,27.8
54,685314,"Saalfrank, Andrew",2023,156,34.6
54,672839,"Morales, Francisco",2022,79,68.4
54,657697,"Nittoli, Vinny",2023,54,100
54,665733,"Santos, Antonio",2021,176,30.7
54,621114,"Burr, Ryan",2019,356,15.2
53,650911,"Sánchez, Cristopher",2024,2797,1.9
53,664141,"Brubaker, JT",2025,84,63.1
53,580792,"Goody, Nick",2020,246,21.5
53,686642,"Ellard, Fraser",2025,114,46.5
53,668684,"Tully, Tanner",2022,116,45.7
53,502051,"Ravin, Josh",2018,53,100
53,657376,"Schmidt, Clarke",2021,143,37.1
53,664714,"Newsome, Ljay",2021,276,19.2
53,607216,"Krehbiel, Joey",2023,80,66.3
53,596295,"Gomber, Austin",2020,526,10.1
53,664977,"Cederlind, Blake",2020,67,79.1
53,686753,"Jameson, Drey",2025,53,100
53,682052,"Lopez, Jacob",2023,193,27.5
53,606965,"Devenski, Chris",2020,91,58.2
53,642231,"Yacabonis, Jimmy",2023,231,22.9
53,622503,"Crismatt, Nabil",2020,114,46.5
53,621348,"Clay, Sam",2022,100,53
53,605260,"Guerrieri, Taylor",2018,172,30.8
53,596074,"Poyner, Bobby",2019,225,23.6
53,607625,"Lugo, Seth",2024,3112,1.7
53,500724,"Ramírez, JC",2019,107,49.5
53,656786,"Mushinski, Parker",2022,111,47.7
53,663321,"Hernandez, Nick",2025,53,100
53,592229,"Covey, Dylan",2020,215,24.7
53,518649,"Eibner, Brett",2020,68,77.9
53,575070,"Franco, Enderson",2019,88,60.2
53,667465,"Fletcher, Aaron",2020,121,43.8
53,453385,"Richard, Clayton",2018,2387,2.2
53,670970,"Morejon, Adrian",2019,154,34.4
52,676105,"Criswell, Jeff",2024,354,14.7
52,689958,"Walters, Andrew",2024,132,39.4
52,664285,"Valdez, Framber",2025,1578,3.3
52,606930,"Barnes, Jacob",2025,146,35.6
52,621244,"Berríos, José",2019,3132,1.7
52,664854,"Helsley, Ryan",2020,194,26.8
52,542194,"Bethancourt, Christian",2022,52,100
52,592468,"Kingham, Nick",2018,1304,4
52,544931,"Strasburg, Stephen",2019,3384,1.5
52,670046,"Rosenberg, Kenny",2023,543,9.6
52,518586,"Culberson, Charlie",2019,52,100
52,640462,"Puk, A.J.",2019,202,25.7
52,503285,"O'Day, Darren",2020,261,19.9
52,681006,"Simpson, Josh",2025,68,76.5
52,571974,"Murphy, John Ryan",2019,70,74.3
52,666154,"Kauffmann, Karl",2023,582,8.9
52,594795,"Dayton, Grant",2019,204,25.5
52,657756,"Seabold, Connor",2025,104,50
52,642098,"Sparkman, Glenn",2020,90,57.8
52,608348,"Kelly, Carson",2023,52,100
52,621259,"Koerner, Brody",2021,52,100
52,501593,"Avilán, Luis",2020,162,32.1
52,660271,"Ohtani, Shohei",2022,2629,2
52,666201,"Manoah, Alek",2022,2949,1.8
52,643493,"Pruitt, Austin",2024,78,66.7
52,667725,"Tyler, Kyle",2021,190,27.4
52,641571,"Fillmyer, Heath",2018,1328,3.9
52,663753,"Knehr, Reiss",2021,513,10.1
52,656457,"Gilbert, Tyler",2021,600,8.7
51,592346,"González, Chi Chi",2023,75,68
51,571666,"Fiers, Mike",2019,2899,1.8
51,595978,"Hedges, Austin",2023,51,100
51,622446,"Rodriguez, Jefry",2018,916,5.6
51,543045,"Conley, Adam",2021,296,17.2
51,640463,"Shipley, Braden",2018,82,62.2
51,683232,"Mears, Nick",2020,114,44.7
51,669145,"Zimmermann, Bruce",2023,215,23.7
51,686654,"Adcock, Ty",2024,86,59.3
51,669854,"Blanco, Ronel",2022,120,42.5
51,573186,"Stroman, Marcus",2024,2667,1.9
51,596027,"Maples, Dillon",2018,142,35.9
51,670183,"Acton, Garrett",2023,124,41.1
51,487675,"Paredes, Edward",2018,127,40.2
51,672710,"Contreras, Roansy",2023,1141,4.5
51,669214,"Menez, Conner",2019,319,16
51,592848,"Weiss, Zack",2023,226,22.6
51,656685,"Martin, Brett",2020,222,23
51,672335,"Pérez, Cionel",2020,128,39.8
51,669796,"Hernandez, Jose E.",2024,89,57.3
51,643396,"Kiner-Falefa, Isiah",2023,51,100
51,553902,"Astudillo, Willians",2021,51,100
51,656981,"Solomon, Peter",2023,236,21.6
51,665152,"Kremer, Dean",2022,1947,2.6
51,641420,"Burdi, Zack",2021,177,28.8
51,542881,"Anderson, Tyler",2020,954,5.3
51,663767,"Shugart, Chase",2024,142,35.9
51,696147,"Bachman, Sam",2025,96,53.1
51,664285,"Valdez, Framber",2020,1049,4.9
50,434378,"Verlander, Justin",2022,2607,1.9
50,669735,"Rodriguez, Chris",2021,505,9.9
50,572703,"Bard, Luke",2020,79,63.3
50,592222,"Claudio, Alex",2022,50,100
50,663378,"Szapucki, Thomas",2022,291,17.2
50,607374,"Tropeano, Nick",2021,120,41.7
50,607067,"Rea, Colin",2025,1262,4
50,642239,"Zastryzny, Rob",2022,72,69.4
50,572888,"Greene, Shane",2022,50,100
50,621381,"Strahm, Matt",2020,308,16.2
50,425794,"Wainwright, Adam",2022,3133,1.6
50,543056,"Coulombe, Danny",2020,50,100
50,669456,"Bieber, Shane",2021,1559,3.2
50,622783,"Báez, Sandy",2018,270,18.5
50,450306,"Vargas, Jason",2019,2505,2
50,671345,"Foley, Jason",2021,198,25.3
50,678022,"Perkins, Jack",2025,78,64.1
50,650633,"King, Michael",2020,470,10.6
50,542881,"Anderson, Tyler",2022,2576,1.9
50,641907,"Murphy, Patrick",2020,104,48.1
50,656548,"Holloway, Jordan",2021,664,7.5
50,607192,"Glasnow, Tyler",2021,1339,3.7
50,642216,"Winans, Allan",2025,112,44.6
50,678061,"Kerr, Ray",2024,383,13.1
50,674944,"Guenther, Sean",2025,154,32.5
50,644364,"Arano, Víctor",2019,68,73.5
50,642759,"Fernández, Julian",2021,117,42.7
50,669912,"Snead, Kirby",2021,111,45
50,461829,"González, Gio",2020,618,8.1
49,622088,"Antone, Tejay",2023,90,54.4
49,641962,"Pelham, CD",2018,157,31.2
49,669467,"Pallante, Andre",2024,1978,2.5
49,656004,"Sanabria, Carlos",2020,49,100
49,673965,"Freeman, Caleb",2025,70,70
49,669704,"Strowd, Kade",2025,71,69
49,657424,"Gage, Matt",2023,119,41.2
49,605135,"Bassitt, Chris",2022,2886,1.7
49,664856,"Adams, Chance",2018,153,32
49,641745,"Keller, Brad",2019,2711,1.8
49,623470,"Newberry, Jake",2021,100,49
49,682990,"Priester, Quinn",2025,1251,3.9
49,663903,"Singer, Brady",2023,2612,1.9
49,669372,"Ginn, J.T.",2024,515,9.5
49,669923,"Kirby, George",2023,2825,1.7
49,669203,"Burnes, Corbin",2020,1010,4.9
49,650496,"Mejía, J.C.",2022,59,83.1
49,656240,"Blewett, Scott",2021,92,53.3
49,596057,"Norris, Daniel",2020,490,10
49,640470,"Alzolay, Adbert",2019,225,21.8
49,659275,"Lamet, Dinelson",2021,832,5.9
49,657277,"Webb, Logan",2022,3006,1.6
49,657140,"Wright, Kyle",2018,128,38.3
49,596049,"Morimando, Shawn",2021,199,24.6
48,663855,"Hicks, Jordan",2025,835,5.7
48,593423,"Montas, Frankie",2018,995,4.8
48,663773,"Hoeing, Bryan",2022,267,18
48,669060,"Wilson, Bryse",2018,135,35.6
48,573127,"Rosscup, Zac",2021,48,100
48,660494,"Armenteros, Rogelio",2019,333,14.4
48,542924,"Beliveau, Jeff",2018,118,40.7
48,519242,"Sale, Chris",2019,2466,1.9
48,607644,"Means, John",2019,2681,1.8
48,670950,"Richards, Trevor",2019,2290,2.1
48,621097,"Waguespack, Jacob",2020,397,12.1
48,621366,"Borucki, Ryan",2024,174,27.6
48,669203,"Burnes, Corbin",2022,3274,1.5
48,682989,"Mederos, Victor",2023,66,72.7
48,641302,"Alexander, Tyler",2024,1668,2.9
48,675627,"Grove, Michael",2023,1146,4.2
48,670712,"Brosseau, Mike",2019,60,80
48,677865,"Bruihl, Justin",2021,255,18.8
48,548389,"Stripling, Ross",2020,815,5.9
48,502593,"Petricka, Jake",2021,135,35.6
48,669203,"Burnes, Corbin",2023,3079,1.6
48,571912,"Maile, Luke",2024,65,73.8
48,669060,"Wilson, Bryse",2020,313,15.3
48,685116,"Kitchen, Austin",2024,158,30.4
48,669920,"Alexander, Jason",2025,218,22
48,460269,"Gimenez, Chris",2018,48,100
48,656427,"Flaherty, Jack",2023,2634,1.8
48,408314,"Reyes, José",2018,48,100
48,642016,"Robert, Daniel",2025,48,100
47,694350,"Brzykcy, Zach",2024,104,45.2
47,506433,"Darvish, Yu",2019,2848,1.7
47,608652,"Farrell, Luke",2022,285,16.5
47,518813,"Holland, Greg",2022,80,58.8
47,592804,"Thornburg, Tyler",2020,147,32
47,621199,"Bowman, Matt",2023,83,56.6
47,605195,"Crick, Kyle",2022,279,16.8
47,660593,"Reyes, Denyi",2023,364,12.9
47,646241,"De Jesus, Enmanuel",2023,136,34.6
47,601713,"Pivetta, Nick",2020,290,16.2
47,592454,"Kahnle, Tommy",2022,174,27
47,623451,"Stephens, Jackson",2024,51,92.2
47,669456,"Bieber, Shane",2020,1238,3.8
47,596043,"Mengden, Daniel",2019,1048,4.5
47,623465,"Phillips, Evan",2025,92,51.1
47,594580,"Moll, Sam",2021,167,28.1
47,605501,"Tarpley, Stephen",2020,181,26
47,657240,"Merryweather, Julian",2020,233,20.2
47,523260,"Kelly, Joe",2020,171,27.5
47,621139,"Kriske, Brooks",2023,92,51.1
47,600917,"Leclerc, José",2020,47,100
47,676969,"de Geus, Brett",2025,47,100
47,622103,"Reyes, Gerardo",2022,47,100
47,676709,"Tice, Ty",2021,142,33.1
47,460086,"Gordon, Alex",2019,62,75.8
46,664199,"Clarke, Taylor",2020,703,6.5
46,458708,"Tomlin, Josh",2020,575,8
46,592791,"Taillon, Jameson",2022,2805,1.6
46,519326,"Strickland, Hunter",2020,61,75.4
46,595897,"Burdi, Nick",2020,46,100
46,657044,"Thompson, Ryan",2020,419,11
46,570257,"Rodríguez, Joely",2020,234,19.7
46,641427,"Busenitz, Alan",2024,75,61.3
46,595918,"Cole, A.J.",2021,114,40.4
46,477569,"Salas, Fernando",2019,61,75.4
46,641540,"Dunning, Dane",2025,89,51.7
46,673316,"Barker, Luke",2022,54,85.2
46,641851,"McGowin, Kyle",2018,130,35.4
46,571945,"Mikolas, Miles",2019,2867,1.6
46,650644,"Civale, Aaron",2021,1909,2.4
46,622088,"Antone, Tejay",2024,47,97.9
46,623402,"Peterson, Tim",2019,142,32.4
46,671305,"Otañez, Michel",2025,121,38
46,612434,"Castro, Miguel",2025,105,43.8
46,592332,"Gausman, Kevin",2023,3069,1.5
46,608328,"De Jong, Chase",2019,46,100
46,519242,"Sale, Chris",2018,2525,1.8
46,666215,"Whitley, Forrest",2024,94,48.9
46,571602,"Davidson, Matt",2020,46,100
46,571917,"Markel, Parker",2022,61,75.4
45,621141,"Lockett, Walker",2019,369,12.2
45,676475,"Burleson, Alec",2023,45,100
45,502624,"Anderson, Chase",2019,2392,1.9
45,656849,"Peterson, David",2025,1493,3
45,694851,"Hoffmann, Andrew",2025,45,100
45,677161,"Kelly, Zack",2023,181,24.9
45,456124,"Kratz, Erik",2018,45,100
45,620982,"Pinto, Ricardo",2019,45,100
45,607555,"Guilbeau, Taylor",2020,130,34.6
45,697812,"Rock, Joe",2025,45,100
45,630263,"Bourque, James",2020,76,59.2
45,431145,"Martin, Russell",2019,45,100
45,669214,"Menez, Conner",2021,247,18.2
45,571735,"Hale, David",2020,282,16
45,656353,"Davidson, Tucker",2022,912,4.9
45,430935,"Hamels, Cole",2018,3061,1.5
45,660761,"Suarez, José",2025,123,36.6
45,605397,"Musgrove, Joe",2019,2657,1.7
45,641745,"Keller, Brad",2023,877,5.1
45,592464,"Kickham, Mike",2021,45,100
45,659275,"Lamet, Dinelson",2024,74,60.8
45,656896,"Rivera, Emmanuel",2025,45,100
45,702674,"Dana, Caden",2025,119,37.8
45,669456,"Bieber, Shane",2023,1954,2.3
45,623474,"Herget, Jimmy",2021,299,15.1
44,500871,"Escobar, Eduardo",2023,44,100
44,669952,"White, Mitch",2020,44,100
44,489295,"Schlitter, Brian",2019,150,29.3
44,681882,"Selby, Colin",2025,79,55.7
44,700270,"Díaz, Yilber",2025,60,73.3
44,543281,"Harrison, Josh",2023,44,100
44,642133,"Tellez, Rowdy",2024,44,100
44,518516,"Bumgarner, Madison",2018,2053,2.1
44,672851,"Adon, Joan",2023,924,4.8
44,622569,"Reyes, Pablo",2023,44,100
44,543766,"Shaw, Bryan",2024,95,46.3
44,502179,"Espino, Paolo",2020,110,40
44,686796,"Walston, Blake",2024,343,12.8
44,606959,"Davis, Rookie",2019,192,22.9
44,668834,"McGee, Easton",2025,59,74.6
44,424144,"Pérez, Oliver",2021,56,78.6
44,572044,"Pounders, Brooks",2019,135,32.6
44,572008,"Owings, Chris",2019,44,100
44,664192,"Lucchesi, Joey",2025,106,41.5
44,425844,"Greinke, Zack",2018,3212,1.4
44,605309,"Kela, Keone",2021,203,21.7
44,488984,"Hunter, Tommy",2019,72,61.1
44,658648,"Avila, Pedro",2023,895,4.9
44,693821,"Elder, Bryce",2022,873,5
44,670712,"Brosseau, Mike",2022,44,100
44,571602,"Davidson, Matt",2018,44,100
43,608331,"Fried, Max",2021,2558,1.7
43,641645,"Guillorme, Luis",2024,43,100
43,669391,"White, Owen",2025,101,42.6
43,650382,"Hernández, Darwinzon",2022,182,23.6
43,624431,"Trevino, Jose",2024,43,100
43,594835,"Gonzales, Marco",2019,3232,1.3
43,543238,"Gose, Anthony",2021,115,37.4
43,570632,"Ureña, José",2022,1622,2.7
43,605446,"Rodríguez, Dereck",2023,97,44.3
43,622774,"Fernández, José Manuel",2018,172,25
43,607054,"Peterson, Jace",2023,43,100
43,592351,"Gray, Jon",2019,2373,1.8
43,643361,"Herget, Kevin",2022,111,38.7
43,541650,"Pérez, Hernán",2019,43,100
43,681432,"Little, Luke",2023,135,31.9
43,670871,"Zuñiga, Guillo",2023,43,100
43,625643,"López, Reynaldo",2018,3084,1.4
43,571976,"Myers, Wil",2022,43,100
43,600968,"Rosario, Randy",2020,85,50.6
43,502381,"Gregerson, Luke",2019,104,41.3
43,642016,"Robert, Daniel",2024,103,41.7
43,571771,"Hernández, Enrique",2024,45,95.6
43,472551,"Abad, Fernando",2023,141,30.5
43,656457,"Gilbert, Tyler",2023,263,16.3
43,678821,"Peralta, Luis",2024,181,23.8
43,489119,"Miley, Wade",2021,2592,1.7
43,621249,"Underwood Jr., Duane",2019,211,20.4
43,701552,"Granillo, Andre",2025,96,44.8
43,642028,"Rogers, Josh",2022,419,10.3
43,656008,"Zabala, Aneurys",2022,43,100
43,641927,"Ober, Bailey",2024,2696,1.6
43,592712,"Sadzeck, Connor",2018,166,25.9
43,621290,"Bacus, Dakota",2020,225,19.1
43,676050,"Naughton, Packy",2023,68,63.2
43,543037,"Cole, Gerrit",2019,3362,1.3
43,656970,"Smeltzer, Devin",2020,268,16
43,664350,"Sánchez, Sixto",2024,621,6.9
43,663629,"Small, Ethan",2023,93,46.2
42,643327,"Godley, Zack",2018,3008,1.4
42,645801,"Ford, Mike",2023,42,100
42,542208,"Pérez, Carlos",2023,42,100
42,571927,"Matz, Steven",2024,754,5.6
42,640470,"Alzolay, Adbert",2021,1955,2.1
42,621082,"Lemoine, Jacob",2022,298,14.1
42,621294,"Heller, Ben",2019,102,41.2
42,621399,"Feigl, Brady",2024,44,95.5
42,676391,"Clement, Ernie",2022,42,100
42,595411,"Sherriff, Ryan",2023,104,40.4
42,641853,"McKay, David",2022,135,31.1
42,641838,"McCarthy, Kevin",2020,100,42
42,643524,"Schwindel, Frank",2022,42,100
42,656288,"Canning, Griffin",2019,1552,2.7
42,700241,"McGreevy, Michael",2024,311,13.5
42,645801,"Ford, Mike",2019,42,100
42,608331,"Fried, Max",2022,2818,1.5
42,687377,"Ribalta, Orlando",2025,142,29.6
42,624133,"Suárez, Ranger",2024,2354,1.8
42,608596,"Murphy, Tom",2019,42,100
42,656755,"Montes de Oca, Bryce",2022,84,50
42,446321,"Detwiler, Ross",2019,1157,3.6
42,669111,"McMillon, John",2023,55,76.4
42,682052,"Lopez, Jacob",2025,839,5
42,571466,"Barnhart, Tucker",2023,42,100
42,528748,"Castellanos, Humberto",2021,726,5.8
42,688427,"Ingram, Kolton",2023,100,42
42,605446,"Rodríguez, Dereck",2018,1863,2.3
42,657031,"Taylor, Josh",2020,146,28.8
42,448306,"Shields, James",2018,3306,1.3
42,571951,"Mitchell, Bryan",2021,67,62.7
41,681895,"Sisk, Evan",2025,120,34.2
41,571657,"Farmer, Kyle",2024,41,100
41,680573,"Woods Richardson, Simeon",2023,97,42.3
41,656420,"Feyereisen, J.P.",2020,150,27.3
41,664294,"Moreta, Dauri",2021,57,71.9
41,622065,"Young, Alex",2020,797,5.1
41,621097,"Waguespack, Jacob",2024,221,18.6
41,641341,"Bashlor, Tyler",2020,132,31.1
41,642840,"Harvey, Joe",2020,54,75.9
41,605540,"Woodruff, Brandon",2019,1979,2.1
41,534910,"Hahn, Jesse",2021,88,46.6
41,665019,"Clemens, Kody",2023,41,100
41,592791,"Taillon, Jameson",2023,2533,1.6
41,502043,"Gibson, Kyle",2019,2764,1.5
41,450203,"Morton, Charlie",2025,1300,3.2
41,663574,"Santillan, Tony",2023,59,69.5
41,665001,"Kelley, Trevor",2020,77,53.2
41,657514,"Bernardino, Brennan",2022,41,100
41,656302,"Cease, Dylan",2022,3120,1.3
41,670046,"Rosenberg, Kenny",2022,193,21.2
41,690829,"Joyce, Ben",2025,70,58.6
41,664069,"Braymer, Ben",2020,152,27
41,543331,"Hoover, J.J.",2018,41,100
41,592717,"Sanchez, Aaron",2022,1006,4.1
41,670042,"Raley, Luke",2023,41,100
41,686752,"Pepiot, Ryan",2023,654,6.3
41,642003,"Reed, Cody",2019,88,46.6
41,689690,"Jacob, Alek",2023,47,87.2
41,621244,"Berríos, José",2022,2721,1.5
41,571578,"Corbin, Patrick",2018,3142,1.3
41,605135,"Bassitt, Chris",2021,2381,1.7
40,641907,"Murphy, Patrick",2022,142,28.2
40,669105,"Muckenhirn, Zach",2023,95,42.1
40,669289,"Espinal, Santiago",2020,40,100
40,656605,"Keller, Mitch",2023,3119,1.3
40,543475,"Lyles, Jordan",2021,2964,1.3
40,519144,"Porcello, Rick",2018,3096,1.3
40,593423,"Montas, Frankie",2019,1485,2.7
40,642233,"Yardley, Eric",2019,181,22.1
40,527055,"Vizcaíno, Arodys",2022,115,34.8
40,592644,"Plutko, Adam",2019,1794,2.2
40,665661,"Spitzbarth, Shea",2021,82,48.8
40,607216,"Krehbiel, Joey",2018,49,81.6
40,571948,"Milner, Hoby",2020,247,16.2
40,502624,"Anderson, Chase",2023,1447,2.8
40,669194,"Nelson, Ryne",2024,2406,1.7
40,687922,"Lucas, Easton",2023,148,27
40,643354,"Hart, Donnie",2019,104,38.5
40,656412,"Faedo, Alex",2023,1034,3.9
40,542881,"Anderson, Tyler",2018,2853,1.4
40,592254,"De León, José",2020,140,28.6
40,450172,"Volquez, Edinson",2019,297,13.5
40,607374,"Tropeano, Nick",2019,273,14.7
40,641482,"Cortes, Nestor",2022,2465,1.6
40,605486,"Spangenberg, Cory",2018,40,100
40,520980,"Báez, Pedro",2022,73,54.8
40,670057,"Hartman, Ryan",2021,46,87
40,425877,"Molina, Yadier",2022,40,100
40,663455,"Pilkington, Konnor",2023,40,100
40,572362,"Erlin, Robbie",2022,40,100
39,527048,"Pérez, Martín",2019,2772,1.4
39,682052,"Lopez, Jacob",2024,178,21.9
39,641739,"Kaminsky, Rob",2020,85,45.9
39,665759,"Rosso, Ramón",2021,144,27.1
39,527054,"Teheran, Julio",2023,1080,3.6
39,642028,"Rogers, Josh",2024,170,22.9
39,681293,"Arrighetti, Spencer",2024,2505,1.6
39,519381,"Venditte, Pat",2020,55,70.9
39,666208,"Speas, Alex",2024,39,100
39,605164,"Bundy, Dylan",2020,1018,3.8
39,608566,"Márquez, Germán",2018,3121,1.2
39,596001,"Junis, Jakob",2021,627,6.2
39,606303,"Payamps, Joel",2019,66,59.1
39,596001,"Junis, Jakob",2022,1802,2.2
39,592716,"Sampson, Adrian",2022,1694,2.3
39,642545,"Barria, Jaime",2020,511,7.6
39,605400,"Nola, Aaron",2023,3087,1.3
39,681464,"German, Frank",2022,84,46.4
39,657053,"Toussaint, Touki",2023,1595,2.4
39,548384,"Raley, Brooks",2024,119,32.8
39,664918,"Keller, Kyle",2020,41,95.1
39,605195,"Crick, Kyle",2020,115,33.9
39,543543,"Miller, Brad",2023,39,100
39,670219,"Kristofak, Zac",2024,39,100
39,596043,"Mengden, Daniel",2020,231,16.9
39,663559,"Falter, Bailey",2024,2138,1.8
39,680885,"Schwellenbach, Spencer",2025,1573,2.5
39,595191,"Eickhoff, Jerad",2019,975,4
39,458584,"Cedeño, Xavier",2019,45,86.7
39,641793,"Littell, Zack",2025,1476,2.6
39,623433,"Anderson, Nick",2021,102,38.2
38,680735,"Cox, Austin",2025,57,66.7
38,664353,"Urquidy, José",2022,2640,1.4
38,686654,"Adcock, Ty",2025,82,46.3
38,684974,"Yoho, Craig",2025,129,29.5
38,677651,"Garcia, Luis",2021,2502,1.5
38,683618,"Henriquez, Edgardo",2024,59,64.4
38,622774,"Fernández, José Manuel",2019,77,49.4
38,456124,"Kratz, Erik",2020,38,100
38,664901,"Mendick, Danny",2023,38,100
38,502043,"Gibson, Kyle",2021,2881,1.3
38,548389,"Stripling, Ross",2021,1686,2.3
38,543294,"Hendricks, Kyle",2022,1347,2.8
38,489119,"Miley, Wade",2025,205,18.5
38,676961,"Boushley, Caleb",2023,38,100
38,543699,"Roark, Tanner",2018,2958,1.3
38,605335,"Leibrandt, Brandon",2024,117,32.5
38,656302,"Cease, Dylan",2024,3188,1.2
38,448179,"Hill, Rich",2024,71,53.5
38,668676,"Plesac, Zach",2019,1892,2
38,600887,"Del Pozo, Miguel",2019,183,20.8
38,645444,"Herrera, Jose",2023,38,100
38,571521,"Brothers, Rex",2020,76,50
38,594835,"Gonzales, Marco",2020,1057,3.6
38,622608,"Senzatela, Antonio",2020,1136,3.3
38,676596,"Fleming, Josh",2022,662,5.7
38,608344,"Irvin, Cole",2021,2682,1.4
38,571901,"Loup, Aaron",2019,53,71.7
38,621141,"Lockett, Walker",2018,290,13.1
37,592170,"Bridwell, Parker",2018,115,32.2
37,640454,"Krook, Matt",2025,71,52.1
37,656629,"Kopech, Michael",2025,114,32.5
37,641154,"López, Pablo",2023,3024,1.2
37,663465,"Allard, Kolby",2018,161,23
37,683068,"Penrod, Zach",2024,86,43
37,605612,"Castro, Harold",2022,50,74
37,534910,"Hahn, Jesse",2025,79,46.8
37,502239,"Cahill, Trevor",2020,456,8.1
37,572383,"Moran, Brian",2019,112,33
37,680911,"Miller, Owen",2024,37,100
37,572362,"Erlin, Robbie",2020,461,8
37,683822,"Uwasawa, Naoyuki",2024,62,59.7
37,500743,"Rojas, Miguel",2023,37,100
37,595897,"Burdi, Nick",2023,58,63.8
37,676568,"Vanasco, Ricky",2024,45,82.2
37,668873,"Kilian, Caleb",2023,130,28.5
37,670223,"Mervis, Matt",2024,37,100
37,622379,"Castillo, Luis F.",2022,60,61.7
37,671131,"Rutledge, Jackson",2024,139,26.6
37,657053,"Toussaint, Touki",2025,37,100
37,502706,"Holland, Derek",2018,2908,1.3
37,601713,"Pivetta, Nick",2022,3082,1.2
37,543037,"Cole, Gerrit",2018,3257,1.1
37,623454,"Anderson, Drew",2019,104,35.6
37,642239,"Zastryzny, Rob",2018,111,33.3
37,686701,"Bergert, Ryan",2025,450,8.2
37,642068,"Sheffield, Jordan",2022,37,100
37,642203,"Widener, Taylor",2021,1217,3
37,649144,"Wells, Alex",2021,754,4.9
37,666619,"Santos, Gregory",2021,53,69.8
37,516969,"Herrera, Kelvin",2020,37,100
37,592351,"Gray, Jon",2018,2800,1.3
37,572191,"Taylor, Michael A.",2022,37,100
37,547888,"Tanaka, Masahiro",2018,2398,1.5
37,656354,"Davis, Austin",2020,127,29.1
37,668964,"Myers, Tobias",2024,2152,1.7
37,683155,"Estes, Joey",2024,2027,1.8
37,641726,"Jefferies, Daulton",2021,220,16.8
36,663562,"Davis, Noah",2025,87,41.4
36,664129,"Hartlieb, Geoff",2023,66,54.5
36,657248,"Otto, Glenn",2023,192,18.8
36,600986,"Vieira, Thyago",2023,36,100
36,666208,"Speas, Alex",2023,65,55.4
36,650633,"King, Michael",2025,923,3.9
36,572971,"Keuchel, Dallas",2018,3310,1.1
36,696136,"Wicks, Jordan",2025,36,100
36,666163,"Rortvedt, Ben",2024,36,100
36,676428,"Hurter, Brant",2024,645,5.6
36,675921,"Howard, Spencer",2023,80,45
36,622217,"O'Grady, Chris",2018,137,26.3
36,660875,"Reyes, Jesús",2018,79,45.6
36,607074,"Rodón, Carlos",2022,2985,1.2
36,661269,"Gutierrez, Vladimir",2024,80,45
36,595014,"Treinen, Blake",2022,69,52.2
36,664129,"Hartlieb, Geoff",2025,43,83.7
36,641743,"Kay, Anthony",2020,409,8.8
36,622491,"Castillo, Luis",2019,3158,1.1
36,592351,"Gray, Jon",2023,2393,1.5
36,642239,"Zastryzny, Rob",2025,203,17.7
36,643493,"Pruitt, Austin",2021,110,32.7
36,680983,"Cáceres, Kelvin",2023,36,100
36,650489,"Castro, Willi",2023,36,100
36,592332,"Gausman, Kevin",2025,1603,2.2
36,669373,"Skubal, Tarik",2025,1560,2.3
36,681807,"Fry, David",2023,72,50
36,570632,"Ureña, José",2018,2776,1.3
36,614179,"Ruiz, José",2020,60,60
36,687074,"Owens, Tyler",2025,36,100
36,629498,"Quezada, Johan",2020,58,62.1
36,605164,"Bundy, Dylan",2018,2844,1.3
36,642215,"Wilson, Weston",2025,36,100
36,571945,"Mikolas, Miles",2018,3004,1.2
36,646242,"Díaz, Jhonathan",2021,237,15.2
36,668942,"Rojas, Josh",2023,36,100
36,663559,"Falter, Bailey",2023,1296,2.8
36,674444,"Cruz, Steven",2024,82,43.9
36,669160,"May, Dustin",2019,566,6.4
36,666149,"Fitzgerald, Tyler",2024,36,100
35,622761,"Mateo, Jorge",2025,35,100
35,592767,"Smyly, Drew",2021,2139,1.6
35,605521,"Warren, Art",2019,77,45.5
35,502304,"Carpenter, David",2019,69,50.7
35,595897,"Burdi, Nick",2018,35,100
35,596056,"Nogowski, John",2021,35,100
35,681882,"Selby, Colin",2024,112,31.3
35,642528,"Loáisiga, Jonathan",2018,499,7
35,571948,"Milner, Hoby",2019,70,50
35,592767,"Smyly, Drew",2019,2130,1.6
35,571863,"Koch, Matt",2022,72,48.6
35,670032,"Lopez, Nicky",2023,42,83.3
35,660365,"Yang, Hyeon-Jong",2021,592,5.9
35,448614,"Torres, Carlos",2019,115,30.4
35,664238,"Moore, Dylan",2019,35,100
35,608566,"Márquez, Germán",2021,2788,1.3
35,518693,"Freeman, Sam",2020,109,32.1
35,642239,"Zastryzny, Rob",2024,119,29.4
35,571760,"Heaney, Andrew",2023,2603,1.3
35,682847,"Ortiz, Luis L.",2023,1462,2.4
35,502043,"Gibson, Kyle",2018,3243,1.1
35,658792,"Wilkerson, Aaron",2018,166,21.1
35,553902,"Astudillo, Willians",2018,35,100
35,642232,"Yarbrough, Ryan",2022,1355,2.6
35,593423,"Montas, Frankie",2022,2327,1.5
35,656257,"Brigham, Jeff",2025,63,55.6
35,543063,"Crawford, Brandon",2024,35,100
35,571946,"Miller, Shelby",2022,127,27.6
35,681799,"Roberts, Ethan",2025,127,27.6
35,669193,"Little, Jack",2025,35,100
35,448855,"Guerra, Junior",2018,2306,1.5
35,702795,"Loutos, Ryan",2024,35,100
35,701643,"Hartwig, Grant",2024,118,29.7
34,676979,"Crochet, Garrett",2020,85,40
34,621111,"Buehler, Walker",2021,3152,1.1
34,607359,"Patton, Spencer",2022,111,30.6
34,641154,"López, Pablo",2024,2986,1.1
34,543766,"Shaw, Bryan",2020,153,22.2
34,681432,"Little, Luke",2025,34,100
34,592716,"Sampson, Adrian",2021,554,6.1
34,596071,"Peters, Dillon",2018,504,6.7
34,614179,"Ruiz, José",2018,89,38.2
34,579328,"Kikuchi, Yusei",2019,2721,1.2
34,672710,"Contreras, Roansy",2022,1588,2.1
34,668678,"Gallen, Zac",2023,3248,1
34,621079,"Wiles, Collin",2022,154,22.1
34,656657,"Logue, Zach",2024,43,79.1
34,591720,"Torreyes, Ronald",2021,34,100
34,543548,"Milone, Tommy",2018,418,8.1
34,668941,"Romero, JoJo",2020,170,20
34,668941,"Romero, JoJo",2021,171,19.9
34,641302,"Alexander, Tyler",2019,918,3.7
34,620443,"Torrens, Luis",2022,34,100
34,656794,"Newcomb, Sean",2018,2921,1.2
34,660761,"Suarez, José",2021,1650,2.1
34,641745,"Keller, Brad",2020,858,4
34,673904,"Walsh, Jake",2022,65,52.3
34,687145,"Justice, Evan",2023,169,20.1
34,689266,"Dodd, Dylan",2024,34,100
34,502624,"Anderson, Chase",2021,852,4
34,592332,"Gausman, Kevin",2021,3002,1.1
34,663969,"Phillips, Tyler",2024,578,5.9
34,677161,"Kelly, Zack",2022,222,15.3
34,458681,"Lynn, Lance",2021,2608,1.3
34,543548,"Milone, Tommy",2021,241,14.1
34,543475,"Lyles, Jordan",2020,993,3.4
34,663462,"Campbell, Isaiah",2024,119,28.6
34,669165,"Hurt, Kyle",2024,87,39.1
34,641771,"Kuhl, Chad",2021,1436,2.4
33,592346,"González, Chi Chi",2022,376,8.8
33,592332,"Gausman, Kevin",2022,2783,1.2
33,641914,"Neuse, Sheldon",2022,33,100
33,593643,"Alberto, Hanser",2023,33,100
33,656578,"Jackson, Andre",2021,199,16.6
33,607625,"Lugo, Seth",2023,2377,1.4
33,680694,"Bradish, Kyle",2022,1993,1.7
33,605507,"Thompson, Zach",2021,1194,2.8
33,571912,"Maile, Luke",2019,33,100
33,663366,"Burrows, Beau",2020,110,30
33,669194,"Nelson, Ryne",2023,2355,1.4
33,666622,"Marquez, Brailyn",2020,33,100
33,607229,"Gsellman, Robert",2021,427,7.7
33,593833,"Suero, Wander",2020,381,8.7
33,605513,"Turnbull, Spencer",2021,775,4.3
33,665896,"Marte, José",2021,84,39.3
33,605400,"Nola, Aaron",2019,3332,1
33,621112,"Blackburn, Paul",2025,363,9.1
33,621350,"Frare, Caleb",2019,53,62.3
33,656641,"Latz, Jacob",2023,96,34.4
33,600887,"Del Pozo, Miguel",2020,110,30
33,641360,"Bickford, Phil",2020,33,100
33,607572,"Howard, Sam",2022,58,56.9
33,664869,"Conlon, P.J.",2018,135,24.4
33,592499,"Lewicki, Artie",2020,57,57.9
33,641778,"Lauer, Eric",2023,844,3.9
33,518876,"Kelly, Merrill",2019,2962,1.1
33,676614,"Sammons, Bryan",2024,374,8.8
33,527048,"Pérez, Martín",2022,2979,1.1
33,657277,"Webb, Logan",2025,1752,1.9
33,608379,"Wacha, Michael",2021,1974,1.7
33,663436,"Martin, Davis",2024,892,3.7
33,543208,"Gaviglio, Sam",2020,67,49.3
33,453562,"Arrieta, Jake",2019,2192,1.5
33,641582,"Foster, Matt",2024,108,30.6
33,677865,"Bruihl, Justin",2025,42,78.6
33,694813,"Stone, Gavin",2023,547,6
33,641743,"Kay, Anthony",2021,649,5.1
32,594902,"Lively, Ben",2023,1383,2.3
32,465753,"Florimón, Pedro",2018,32,100
32,628345,"Núñez, Darien",2021,127,25.2
32,681962,"Capra, Vinny",2025,32,100
32,650671,"Quijada, José",2020,89,36
32,643320,"Gardewine, Nick",2018,80,40
32,605612,"Castro, Harold",2021,32,100
32,657209,"Deetz, Dean",2018,59,54.2
32,650738,"Rosa, Adonis",2019,32,100
32,605143,"Black, Ray",2020,67,47.8
32,682051,"Hill, Garrett",2022,1019,3.1
32,594835,"Gonzales, Marco",2018,2564,1.2
32,605400,"Nola, Aaron",2020,1148,2.8
32,622103,"Reyes, Gerardo",2023,216,14.8
32,670766,"McCaughan, Darren",2025,86,37.2
32,663465,"Allard, Kolby",2020,658,4.9
32,605182,"Clevinger, Mike",2019,2090,1.5
32,663734,"Neidert, Nick",2021,598,5.4
32,623354,"Zamora, Daniel",2021,65,49.2
32,608652,"Farrell, Luke",2019,212,15.1
32,670280,"Bednar, David",2020,118,27.1
32,592712,"Sadzeck, Connor",2022,48,66.7
32,477132,"Kershaw, Clayton",2022,1842,1.7
32,642545,"Barria, Jaime",2019,1498,2.1
32,608344,"Irvin, Cole",2022,2610,1.2
32,656546,"Hoffman, Jeff",2018,181,17.7
32,621219,"Mills, Alec",2018,292,11
32,570240,"Peña, Félix",2018,1409,2.3
32,605288,"Houser, Adrian",2021,2352,1.4
32,600944,"Paulino, David",2021,32,100
32,656887,"Reid-Foley, Sean",2021,371,8.6
32,640451,"Harvey, Hunter",2021,139,23
32,676979,"Crochet, Garrett",2025,1788,1.8
32,680744,"Madden, Ty",2024,403,7.9
32,669391,"White, Owen",2023,68,47.1
32,629498,"Quezada, Johan",2023,32,100
32,502043,"Gibson, Kyle",2020,1139,2.8
31,670036,"Festa, Matt",2018,159,19.5
31,663630,"McKenna, Ryan",2022,31,100
31,642086,"Smith, Dominic",2024,31,100
31,607481,"Bummer, Aaron",2020,155,20
31,694973,"Skenes, Paul",2025,1745,1.8
31,623437,"Topa, Justin",2022,125,24.8
31,622492,"Mella, Keury",2019,63,49.2
31,543278,"Hardy, Blaine",2021,31,100
31,476451,"Hellickson, Jeremy",2019,675,4.6
31,592229,"Covey, Dylan",2019,1019,3
31,641482,"Cortes, Nestor",2024,2849,1.1
31,660271,"Ohtani, Shohei",2023,2094,1.5
31,605483,"Snell, Blake",2018,2918,1.1
31,607644,"Means, John",2021,2328,1.3
31,622766,"Díaz, Miguel",2019,102,30.4
31,656794,"Newcomb, Sean",2023,280,11.1
31,592717,"Sanchez, Aaron",2021,595,5.2
31,669684,"Murphy, Chris",2025,31,100
31,680604,"Castaño, Blas",2025,50,62
31,680732,"Burke, Sean",2024,309,10
31,682016,"Woods, William",2022,31,100
31,528748,"Castellanos, Humberto",2020,207,15
31,669459,"Nelson, Kyle",2021,176,17.6
31,460077,"Butera, Drew",2020,31,100
31,572383,"Moran, Brian",2020,110,28.2
31,657006,"Steele, Justin",2024,2046,1.5
31,605242,"Fulmer, Michael",2018,2152,1.4
31,650960,"Duarte, Daniel",2022,77,40.3
31,545363,"Turner, Jacob",2018,162,19.1
31,641712,"Hudson, Dakota",2019,2848,1.1
31,622072,"Wood, Alex",2018,2443,1.3
31,453562,"Arrieta, Jake",2018,2760,1.1
31,605155,"Brewer, Colten",2020,506,6.1
31,502043,"Gibson, Kyle",2022,2739,1.1
31,660623,"Ynoa, Huascar",2020,395,7.8
31,592407,"Holaday, Bryan",2018,31,100
31,468396,"Ogando, Alexi",2018,31,100
30,518452,"Bettis, Chad",2018,1926,1.6
30,669372,"Ginn, J.T.",2025,479,6.3
30,434378,"Verlander, Justin",2023,2602,1.2
30,456387,"Feierabend, Ryan",2019,104,28.8
30,668881,"Greene, Hunter",2025,978,3.1
30,657746,"Ryan, Joe",2023,2683,1.1
30,519455,"Zimmermann, Jordan",2021,82,36.6
30,595411,"Sherriff, Ryan",2018,103,29.1
30,607054,"Peterson, Jace",2018,30,100
30,607030,"McCreery, Adam",2018,30,100
30,668933,"Ashcraft, Graham",2022,1756,1.7
30,502624,"Anderson, Chase",2020,652,4.6
30,607074,"Rodón, Carlos",2021,2219,1.4
30,547888,"Tanaka, Masahiro",2019,2787,1.1
30,669199,"Bachar, Lake",2024,161,18.6
30,455117,"Maldonado, Martín",2023,30,100
30,598265,"Bradley Jr., Jackie",2022,30,100
30,673258,"Baez, Michel",2020,99,30.3
30,671096,"Abbott, Andrew",2025,1293,2.3
30,663776,"Sandoval, Patrick",2022,2456,1.2
30,658648,"Avila, Pedro",2022,70,42.9
30,660623,"Ynoa, Huascar",2019,66,45.5
30,594798,"deGrom, Jacob",2021,1226,2.4
30,692230,"Rodriguez, Carlos",2025,74,40.5
30,518774,"Harvey, Matt",2018,2535,1.2
30,660813,"Graterol, Brusdar",2024,101,29.7
30,666129,"Garrett, Braxton",2023,2479,1.2
30,623454,"Anderson, Drew",2021,352,8.5
30,543135,"Eovaldi, Nathan",2018,1795,1.7
30,664948,"Misiewicz, Anthony",2024,30,100
30,667498,"Dugger, Robert",2022,284,10.6
30,670712,"Brosseau, Mike",2023,30,100
30,605170,"Caratini, Victor",2019,30,100
30,542881,"Anderson, Tyler",2024,2914,1
30,606115,"Arcia, Orlando",2020,30,100
30,656970,"Smeltzer, Devin",2022,1129,2.7
29,686730,"Spiers, Carson",2025,245,11.8
29,650644,"Civale, Aaron",2020,1201,2.4
29,621389,"Blach, Ty",2023,1264,2.3
29,596825,"García, Robel",2021,29,100
29,605612,"Castro, Harold",2023,29,100
29,622110,"Duffy, Matt",2023,29,100
29,663734,"Neidert, Nick",2020,132,22
29,607237,"Garrett, Amir",2024,104,27.9
29,656457,"Gilbert, Tyler",2022,564,5.1
29,605288,"Houser, Adrian",2022,1848,1.6
29,681810,"Warren, Austin",2022,266,10.9
29,456501,"Cueto, Johnny",2021,1878,1.5
29,593604,"Baldonado, Alberto",2021,215,13.5
29,669276,"Lee, Dylan",2021,29,100
29,702752,"Pintaro, Jonathan",2025,29,100
29,623364,"Wieck, Brad",2018,93,31.2
29,663941,"Beck, Tristan",2024,242,12
29,607200,"Fedde, Erick",2025,1488,1.9
29,641816,"Mahle, Tyler",2022,2101,1.4
29,660604,"Rangel, Alan",2025,116,25
29,691094,"Wynne, Randy",2025,47,61.7
29,674072,"Henry, Tommy",2025,107,27.1
29,605156,"Brooks, Aaron",2018,42,69
29,571760,"Heaney, Andrew",2022,1230,2.4
29,686228,"Burgos, Juan",2025,29,100
29,676720,"Romero, Tommy",2022,191,15.2
29,594580,"Moll, Sam",2025,52,55.8
29,543135,"Eovaldi, Nathan",2021,2927,1
29,621107,"Eflin, Zach",2018,2040,1.4
29,543903,"Webster, Allen",2018,55,52.7
29,502188,"Samardzija, Jeff",2019,3006,1
29,592866,"Williams, Trevor",2021,1537,1.9
29,460060,"Pennington, Cliff",2018,29,100
29,663978,"Paddack, Chris",2025,1494,1.9
29,630263,"Bourque, James",2019,29,100
29,621219,"Mills, Alec",2022,302,9.6
29,573262,"Yastrzemski, Mike",2024,29,100
29,674072,"Henry, Tommy",2024,706,4.1
29,658791,"Huang, Wei-Chieh",2019,114,25.4
29,594798,"deGrom, Jacob",2019,3297,0.9
29,660761,"Suarez, José",2023,619,4.7
29,693312,"Nicolas, Kyle",2023,111,26.1
29,657093,"Watkins, Spenser",2022,1642,1.8
29,660896,"Alcala, Jorge",2019,29,100
29,593958,"Rodriguez, Eduardo",2023,2446,1.2
29,686730,"Spiers, Carson",2023,291,10
29,502083,"McAllister, Zach",2023,123,23.6
29,605240,"Fry, Jace",2021,136,21.3
29,621219,"Mills, Alec",2020,945,3.1
28,676609,"Caballero, José",2025,28,100
28,596295,"Gomber, Austin",2021,1851,1.5
28,664034,"France, Ty",2019,28,100
28,641771,"Kuhl, Chad",2022,2375,1.2
28,621078,"Lail, Brady",2021,28,100
28,621366,"Borucki, Ryan",2018,1582,1.8
28,518586,"Culberson, Charlie",2022,28,100
28,670912,"Oviedo, Johan",2023,2980,0.9
28,547001,"Poteet, Cody",2024,384,7.3
28,594056,"Guduan, Reymin",2018,40,70
28,601713,"Pivetta, Nick",2018,2846,1
28,546991,"Almora Jr., Albert",2021,28,100
28,605182,"Clevinger, Mike",2023,2100,1.3
28,641525,"Dixon, Brandon",2019,28,100
28,445926,"Chavez, Jesse",2025,69,40.6
28,669145,"Zimmermann, Bruce",2022,1130,2.5
28,554430,"Wheeler, Zack",2018,2884,1
28,693855,"Seymour, Ian",2025,28,100
28,453329,"Buchholz, Clay",2018,1419,2
28,622608,"Senzatela, Antonio",2021,2405,1.2
28,657006,"Steele, Justin",2021,964,2.9
28,656212,"Barnes, Charlie",2021,655,4.3
28,620446,"Urena, Richard",2019,28,100
28,457918,"Happ, J.A.",2020,787,3.6
28,543829,"Strange-Gordon, Dee",2022,28,100
28,642336,"Mejía, Francisco",2021,28,100
28,641793,"Littell, Zack",2020,117,23.9
28,471911,"Carrasco, Carlos",2022,2412,1.2
28,606993,"Hager, Jake",2022,28,100
28,665093,"Grotz, Zac",2020,202,13.9
28,519455,"Zimmermann, Jordan",2020,108,25.9
28,642701,"Santana, Dennis",2019,104,26.9
28,663804,"Kowar, Jackson",2021,631,4.4
28,676606,"Margevicius, Nick",2019,958,2.9
28,650496,"Mejía, J.C.",2021,982,2.9
28,690986,"Harrison, Kyle",2025,388,7.2
28,545121,"Vargas, Ildemaro",2023,28,100
28,573166,"Smith, Murphy",2018,47,59.6
28,608337,"Giolito, Lucas",2018,3007,0.9
28,642708,"Rosario, Amed",2025,28,100
28,657624,"James, Josh",2018,349,8
28,444482,"Peralta, David",2021,28,100
28,543883,"Vincent, Nick",2021,182,15.4
27,660271,"Ohtani, Shohei",2021,2027,1.3
27,647315,"Pop, Zach",2025,100,27
27,660422,"Guzmán, Jorge",2021,61,44.3
27,669330,"Wells, Tyler",2023,1903,1.4
27,595939,"Ellis, Chris",2021,482,5.6
27,680742,"Bowlan, Jonathan",2023,56,48.2
27,681857,"Olson, Reese",2023,1743,1.5
27,668942,"Rojas, Josh",2024,27,100
27,523253,"Forsythe, Logan",2020,27,100
27,405395,"Pujols, Albert",2022,27,100
27,641576,"Flores Jr., Bernardo",2020,27,100
27,641438,"Carle, Shane",2019,187,14.4
27,605200,"Davies, Zach",2019,2680,1
27,594902,"Lively, Ben",2019,27,100
27,607755,"Vasquez, Andrew",2021,27,100
27,592273,"Drury, Brandon",2021,27,100
27,640454,"Krook, Matt",2024,27,100
27,656240,"Blewett, Scott",2020,62,43.5
27,607352,"Biagini, Joe",2020,118,22.9
27,668800,"Knizner, Andrew",2024,36,75
27,686218,"Sheehan, Emmet",2023,1031,2.6
27,518876,"Kelly, Merrill",2021,2425,1.1
27,592773,"Stanek, Ryne",2020,189,14.3
27,435079,"Kinsler, Ian",2019,27,100
27,682790,"González, Wikelman",2025,85,31.8
27,674370,"Bido, Osvaldo",2023,940,2.9
27,666619,"Santos, Gregory",2022,67,40.3
27,467008,"Strop, Pedro",2020,67,40.3
27,663562,"Davis, Noah",2023,601,4.5
27,679922,"Duran, Carlos",2025,27,100
27,621044,"Valentín, Jesmuel",2018,27,100
27,640454,"Krook, Matt",2023,107,25.2
27,650633,"King, Michael",2019,41,65.9
27,425772,"Mathis, Jeff",2019,27,100
27,611093,"Bracho, Silvino",2022,65,41.5
27,687847,"Church, Marc",2025,99,27.3
27,608652,"Farrell, Luke",2020,119,22.7
27,641712,"Hudson, Dakota",2023,1317,2.1
27,656818,"Overton, Connor",2022,469,5.8
27,434538,"Liriano, Francisco",2018,2265,1.2
26,675650,"Mercado, Michael",2024,260,10
26,607732,"Stallings, Jacob",2025,26,100
26,640461,"Pinder, Chad",2022,26,100
26,621011,"Schrock, Max",2022,26,100
26,573186,"Stroman, Marcus",2019,3047,0.9
26,640455,"Manaea, Sean",2021,2980,0.9
26,646242,"Díaz, Jhonathan",2025,26,100
26,689017,"Knack, Landon",2024,1149,2.3
26,669064,"Bailey, Brandon",2020,97,26.8
26,656954,"Sheffield, Justus",2018,57,45.6
26,664202,"Cyr, Tyler",2023,26,100
26,605540,"Woodruff, Brandon",2021,2810,0.9
26,641743,"Kay, Anthony",2022,39,66.7
26,676083,"Junk, Janson",2023,110,23.6
26,543606,"Odorizzi, Jake",2021,1847,1.4
26,642834,"Bermúdez, Jonathan",2024,121,21.5
26,528748,"Castellanos, Humberto",2022,748,3.5
26,571800,"Hutchison, Drew",2021,339,7.7
26,607455,"Banda, Anthony",2018,190,13.7
26,669717,"Wilson, Will",2025,26,100
26,676946,"Batten, Matthew",2022,26,100
26,657697,"Nittoli, Vinny",2021,26,100
26,623454,"Anderson, Drew",2018,221,11.8
26,642851,"Wynns, Austin",2022,26,100
26,682073,"Hensley, David",2024,26,100
26,571616,"Dermody, Matt",2022,26,100
26,448179,"Hill, Rich",2018,2104,1.2
26,519242,"Sale, Chris",2025,1486,1.7
26,676664,"Sears, JP",2024,2857,0.9
26,596451,"Quinn, Roman",2018,42,61.9
26,446372,"Kluber, Corey",2021,1338,1.9
26,502748,"Peacock, Brad",2021,95,27.4
26,663568,"Kolek, Stephen",2025,972,2.7
26,678692,"Henriquez, Ronny",2022,181,14.4
26,595928,"Curtiss, John",2019,48,54.2
26,656550,"Holmes, Grant",2025,1601,1.6
26,571510,"Boyd, Matthew",2018,2860,0.9
26,694973,"Skenes, Paul",2024,2125,1.2
26,701121,"VanWey, Logan",2025,160,16.3
26,644374,"Chang, Yu",2022,26,100
26,642083,"Slegers, Aaron",2019,42,61.9
26,664670,"Lopez, Alejo",2022,26,100
26,656186,"Altavilla, Dan",2024,83,31.3
26,656382,"Doyle, Tommy",2020,76,34.2
26,679775,"Backhus, Kyle",2025,105,24.8
25,676701,"Trejo, Alan",2023,25,100
25,622065,"Young, Alex",2019,1325,1.9
25,656887,"Reid-Foley, Sean",2023,164,15.2
25,686993,"Sterner, Justin",2024,64,39.1
25,657424,"Gage, Matt",2025,82,30.5
25,664744,"Espada, Jose",2023,25,100
25,456501,"Cueto, Johnny",2023,860,2.9
25,605218,"Edwards Jr., Carl",2025,47,53.2
25,605135,"Bassitt, Chris",2024,2959,0.8
25,605488,"Springs, Jeffrey",2025,1627,1.5
25,664584,"Romero, Jhon",2021,78,32.1
25,491703,"Feliz, Neftalí",2021,67,37.3
25,489119,"Miley, Wade",2020,285,8.8
25,504379,"Nicasio, Juan",2020,46,54.3
25,669721,"Daniel, Davis",2023,218,11.5
25,592743,"Simmons, Andrelton",2022,25,100
25,670241,"Vines, Darius",2024,257,9.7
25,467827,"Parra, Gerardo",2019,25,100
25,607216,"Krehbiel, Joey",2021,133,18.8
25,802419,"Harrington, Thomas",2025,150,16.7
25,640451,"Harvey, Hunter",2025,79,31.6
25,673258,"Baez, Michel",2022,25,100
25,592789,"Syndergaard, Noah",2022,2026,1.2
25,608337,"Giolito, Lucas",2020,1214,2.1
25,612672,"Chen, Wei-Yin",2018,2224,1.1
25,502578,"Barrett, Aaron",2019,68,36.8
25,643565,"Tauchman, Mike",2021,25,100
25,643230,"Brault, Steven",2020,746,3.4
25,613564,"Vosler, Jason",2023,25,100
25,670087,"Sittinger, Brandyn",2021,80,31.3
25,666818,"Frías, Luis",2021,68,36.8
25,671162,"Thomas, Connor",2025,119,21
25,669459,"Nelson, Kyle",2020,25,100
25,607755,"Vasquez, Andrew",2018,101,24.8
25,451596,"Gallardo, Yovani",2018,1668,1.5
25,665155,"Maton, Nick",2022,25,100
25,554430,"Wheeler, Zack",2024,3134,0.8
25,571927,"Matz, Steven",2019,2702,0.9
25,672282,"Detmers, Reid",2022,2181,1.1
25,663362,"Waldron, Matt",2024,2450,1
25,680736,"Wrobleski, Justin",2024,592,4.2
25,458681,"Lynn, Lance",2020,1408,1.8
25,700241,"McGreevy, Michael",2025,334,7.5
25,488671,"Avila, Alex",2019,25,100
25,642547,"Peralta, Freddy",2022,1353,1.8
25,680694,"Bradish, Kyle",2023,2639,0.9
24,543294,"Hendricks, Kyle",2021,2809,0.9
24,656716,"McKinstry, Zach",2024,24,100
24,518748,"Grimm, Justin",2020,113,21.2
24,605441,"Ríos, Yacksel",2020,62,38.7
24,670174,"Winckowski, Josh",2022,1194,2
24,657746,"Ryan, Joe",2025,1546,1.6
24,542992,"Burns, Andy",2021,24,100
24,669165,"Hurt, Kyle",2023,24,100
24,622250,"Sborz, Josh",2020,44,54.5
24,607229,"Gsellman, Robert",2020,278,8.6
24,605155,"Brewer, Colten",2023,104,23.1
24,679525,"Marsh, Alec",2024,2161,1.1
24,430935,"Hamels, Cole",2019,2394,1
24,664157,"Bergen, Travis",2020,176,13.6
24,621111,"Buehler, Walker",2018,2173,1.1
24,657140,"Wright, Kyle",2019,351,6.8
24,669449,"Palisch, Jake",2025,24,100
24,594987,"Sadler, Casey",2018,86,27.9
24,642060,"Sedlock, Cody",2022,71,33.8
24,686249,"Wiles, Nathan",2025,24,100
24,444876,"Escobar, Alcides",2022,24,100
24,666674,"Colina, Edwar",2020,24,100
24,641778,"Lauer, Eric",2018,2026,1.2
24,608334,"Fulmer, Carson",2018,657,3.7
24,668676,"Plesac, Zach",2020,776,3.1
24,642226,"Wotherspoon, Matt",2019,103,23.3
24,460077,"Butera, Drew",2018,24,100
24,622491,"Castillo, Luis",2020,1153,2.1
24,656876,"Rasmussen, Drew",2022,2239,1.1
24,573109,"Ramos, AJ",2020,66,36.4
24,621107,"Eflin, Zach",2020,913,2.6
24,676508,"Casparius, Ben",2024,156,15.4
24,656954,"Sheffield, Justus",2021,1470,1.6
24,613534,"Adams, Austin",2018,24,100
24,683232,"Mears, Nick",2022,31,77.4
24,668970,"Hollowell, Gavin",2024,29,82.8
24,572971,"Keuchel, Dallas",2020,960,2.5
23,670156,"Mastrobuoni, Miles",2025,23,100
23,666207,"Pint, Riley",2024,102,22.5
23,699134,"Rodriguez, Bradgley",2025,25,92
23,676679,"Vázquez, Luis",2025,23,100
23,665625,"Peguero, Elvis",2025,146,15.8
23,669461,"Liberatore, Matthew",2022,650,3.5
23,491696,"Sucre, Jesús",2018,23,100
23,685107,"Veneziano, Anthony",2024,242,9.5
23,676702,"Stratton, Hunter",2025,91,25.3
23,628317,"Maeda, Kenta",2020,986,2.3
23,606162,"Ramírez, Yefry",2021,23,100
23,664299,"Javier, Cristian",2022,2554,0.9
23,660730,"Rodriguez, Elvin",2023,47,48.9
23,677020,"Walker, Josh",2025,92,25
23,621433,"Phillips, Brett",2021,23,100
23,656686,"Martin, Corbin",2022,429,5.4
23,571863,"Koch, Matt",2024,23,100
23,543475,"Lyles, Jordan",2022,2988,0.8
23,600858,"Arteaga, Humberto",2019,23,100
23,664852,"Flaa, Jay",2021,61,37.7
23,571710,"Givens, Mychal",2023,89,25.8
23,518774,"Harvey, Matt",2020,247,9.3
23,622253,"Tate, Dillon",2025,118,19.5
23,553902,"Astudillo, Willians",2022,23,100
23,545121,"Vargas, Ildemaro",2024,23,100
23,502171,"Cobb, Alex",2018,2437,0.9
23,467100,"Nova, Iván",2018,2529,0.9
23,607067,"Rea, Colin",2024,2650,0.9
23,641531,"Dozier, Hunter",2022,23,100
23,620454,"Castillo, José",2023,23,100
23,657376,"Schmidt, Clarke",2020,126,18.3
23,676617,"O'Brien, Riley",2022,23,100
23,663897,"Williams, Luke",2025,23,100
23,595928,"Curtiss, John",2024,38,60.5
23,621111,"Buehler, Walker",2022,1046,2.2
23,663992,"Lovelady, Richard",2025,113,20.4
23,687134,"Blalock, Bradley",2024,552,4.2
23,623381,"Pannone, Thomas",2023,59,39
23,600301,"Motter, Taylor",2018,23,100
23,595978,"Hedges, Austin",2025,23,100
23,647336,"Soroka, Michael",2019,2557,0.9
23,690382,"Darrell-Hicks, Michael",2025,158,14.6
23,700669,"Graceffo, Gordon",2024,105,21.9
23,660761,"Suarez, José",2022,1783,1.3
23,424144,"Pérez, Oliver",2022,73,31.5
22,425794,"Wainwright, Adam",2020,930,2.4
22,642547,"Peralta, Freddy",2018,1382,1.6
22,658551,"Fernández, Junior",2020,61,36.1
22,650911,"Sánchez, Cristopher",2021,211,10.4
22,686613,"Brown, Hunter",2022,309,7.1
22,667725,"Tyler, Kyle",2022,40,55
22,676606,"Margevicius, Nick",2020,679,3.2
22,668678,"Gallen, Zac",2022,2935,0.7
22,543037,"Cole, Gerrit",2024,1534,1.4
22,573186,"Stroman, Marcus",2021,2741,0.8
22,664714,"Newsome, Ljay",2020,255,8.6
22,641656,"Hamilton, Ian",2020,83,26.5
22,621139,"Kriske, Brooks",2020,109,20.2
22,669302,"Gilbert, Logan",2023,2922,0.8
22,664074,"Ponce, Cody",2021,712,3.1
22,489119,"Miley, Wade",2019,2968,0.7
22,543037,"Cole, Gerrit",2022,3274,0.7
22,594840,"Grace, Matt",2020,36,61.1
22,571578,"Corbin, Patrick",2021,2750,0.8
22,682274,"Hiraldo, Yaramil",2025,22,100
22,642232,"Yarbrough, Ryan",2021,2488,0.9
22,656970,"Smeltzer, Devin",2021,52,42.3
22,640455,"Manaea, Sean",2022,2482,0.9
22,592833,"Wahl, Bobby",2018,112,19.6
22,669214,"Menez, Conner",2022,24,91.7
22,571466,"Barnhart, Tucker",2025,22,100
22,543594,"Nolin, Sean",2023,62,35.5
22,572971,"Keuchel, Dallas",2021,2726,0.8
22,500779,"Quintana, Jose",2022,2724,0.8
22,656716,"McKinstry, Zach",2023,22,100
22,675540,"Curry, Xzavion",2025,56,39.3
22,446099,"Axford, John",2021,22,100
22,701542,"Warren, Will",2024,458,4.8
22,664682,"Meisinger, Ryan",2020,62,35.5
22,607461,"Beaty, Matt",2023,22,100
22,664192,"Lucchesi, Joey",2021,646,3.4
22,448801,"Davis, Chris",2019,22,100
22,677960,"Weathers, Ryan",2023,1073,2.1
22,641447,"Castano, Daniel",2023,69,31.9
22,622492,"Mella, Keury",2021,50,44
22,624407,"Lin, Tzu-Wei",2020,22,100
22,675627,"Grove, Michael",2022,472,4.7
22,676961,"Boushley, Caleb",2024,63,34.9
22,605540,"Woodruff, Brandon",2023,1043,2.1
22,621244,"Berríos, José",2021,3043,0.7
22,605200,"Davies, Zach",2022,2292,1
22,686790,"McDonald, Trevor",2024,39,56.4
22,622491,"Castillo, Luis",2018,2778,0.8
22,607259,"Martinez, Nick",2025,1421,1.5
22,681987,"Eaton, Nate",2023,22,100
21,571927,"Matz, Steven",2020,633,3.3
21,571539,"Carasiti, Matt",2019,185,11.4
21,460576,"Gómez, Carlos",2018,21,100
21,607200,"Fedde, Erick",2024,2891,0.7
21,596101,"Shafer, Justin",2018,146,14.4
21,593372,"Martinez, Carlos",2021,1281,1.6
21,657041,"Thomas, Lane",2023,21,100
21,664062,"Gonsolin, Tony",2020,705,3
21,592254,"De León, José",2021,347,6.1
21,622088,"Antone, Tejay",2020,593,3.5
21,608703,"Reynolds, Matt",2022,21,100
21,642048,"Saucedo, Tayler",2025,84,25
21,543243,"Gray, Sonny",2025,1387,1.5
21,434671,"Sánchez, Aníbal",2019,2690,0.8
21,518516,"Bumgarner, Madison",2019,3244,0.6
21,594951,"O'Rourke, Ryan",2019,21,100
21,686799,"Kochanowicz, Jack",2024,859,2.4
21,624418,"Castellani, Ryan",2022,45,46.7
21,448602,"Reynolds, Mark",2019,21,100
21,572888,"Greene, Shane",2023,42,50
21,592826,"Velasquez, Vince",2021,1750,1.2
21,640464,"Stewart, Kohl",2021,237,8.9
21,434778,"Morales, Kendrys",2019,21,100
21,676272,"Miller, Bobby",2025,116,18.1
21,543456,"Lobstein, Kyle",2021,34,61.8
21,641312,"Anderson, Shaun",2022,21,100
21,572070,"Richards, Garrett",2020,788,2.7
21,664123,"Effross, Scott",2024,55,38.2
21,606996,"Hart, Kyle",2020,260,8.1
21,664129,"Hartlieb, Geoff",2024,138,15.2
21,518633,"Duffy, Danny",2018,2785,0.8
21,519222,"Romine, Austin",2019,21,100
21,501303,"Adrianza, Ehire",2019,21,100
21,681911,"Vesia, Alex",2020,133,15.8
21,663978,"Paddack, Chris",2019,2280,0.9
21,592254,"De León, José",2019,80,26.3
21,518435,"Barreda, Manny",2021,48,43.8
21,573131,"Ruf, Darin",2021,21,100
21,543243,"Gray, Sonny",2019,2909,0.7
21,677960,"Weathers, Ryan",2021,1617,1.3
21,663978,"Paddack, Chris",2024,1460,1.4
21,676689,"Karcher, Ricky",2023,21,100
21,457918,"Happ, J.A.",2018,3051,0.7
21,594835,"Gonzales, Marco",2021,2324,0.9
21,594809,"Eaton, Adam",2021,21,100
21,505447,"Dickson, Brandon",2021,35,60
21,621532,"Bemboom, Anthony",2021,21,100
21,622268,"Walton, Donovan",2022,21,100
21,677955,"Hill, Jaden",2025,52,40.4
20,642083,"Slegers, Aaron",2018,216,9.3
20,608331,"Fried, Max",2019,2670,0.7
20,592454,"Kahnle, Tommy",2020,20,100
20,542881,"Anderson, Tyler",2021,2602,0.8
20,456701,"Bailey, Homer",2018,1789,1.1
20,656725,"McRae, Alex",2020,33,60.6
20,681871,"Villalobos, Eli",2024,71,28.2
20,663623,"Irvin, Jake",2025,1563,1.3
20,425772,"Mathis, Jeff",2018,20,100
20,543391,"Kelly, Casey",2024,78,25.6
20,656849,"Peterson, David",2023,1966,1
20,656557,"Houck, Tanner",2024,2735,0.7
20,554430,"Wheeler, Zack",2023,3155,0.6
20,669395,"Coleman, Dylan",2021,109,18.3
20,605164,"Bundy, Dylan",2022,2180,0.9
20,593643,"Alberto, Hanser",2019,20,100
20,605170,"Caratini, Victor",2018,20,100
20,675971,"Dohy, Kyle",2021,20,100
20,608718,"Suter, Brent",2019,233,8.6
20,660844,"Rivas, Leo",2024,20,100
20,534812,"Quackenbush, Kevin",2021,20,100
20,676766,"Snyder, Nick",2021,59,33.9
20,685410,"Battenfield, Peyton",2023,551,3.6
20,471911,"Carrasco, Carlos",2023,1587,1.3
20,642659,"Espinal, Raynel",2021,36,55.6
20,656756,"Montgomery, Jordan",2022,2715,0.7
20,623437,"Topa, Justin",2024,20,100
20,571912,"Maile, Luke",2021,20,100
20,543063,"Crawford, Brandon",2023,20,100
20,676391,"Clement, Ernie",2023,20,100
20,666207,"Pint, Riley",2023,20,100
20,594736,"Anderson, Cody",2019,193,10.4
20,621294,"Heller, Ben",2020,111,18
20,519144,"Porcello, Rick",2019,2960,0.7
20,571927,"Matz, Steven",2022,849,2.4
20,607200,"Fedde, Erick",2021,2410,0.8
20,592826,"Velasquez, Vince",2018,2471,0.8
20,518516,"Bumgarner, Madison",2021,2294,0.9
20,544931,"Strasburg, Stephen",2018,2161,0.9
20,657140,"Wright, Kyle",2022,2697,0.7
20,545333,"Bauer, Trevor",2020,1165,1.7
20,686294,"Willingham, Amos",2024,20,100
20,695243,"Miller, Mason",2023,609,3.3
20,641447,"Castano, Daniel",2020,474,4.2
20,664789,"Tom, Ka'ai",2021,20,100
20,570240,"Peña, Félix",2021,65,30.8
20,607192,"Glasnow, Tyler",2024,2011,1
20,592826,"Velasquez, Vince",2020,650,3.1
19,461829,"González, Gio",2018,3022,0.6
19,596142,"Sánchez, Gary",2025,19,100
19,458681,"Lynn, Lance",2019,3553,0.5
19,666659,"Lao, Sauryn",2025,37,51.4
19,650633,"King, Michael",2024,2895,0.7
19,672782,"Gómez, Yoendrys",2023,30,63.3
19,670955,"Uceta, Edwin",2023,51,37.3
19,608700,"Plawecki, Kevin",2019,19,100
19,571479,"Bellatti, Andrew",2021,83,22.9
19,676710,"Crawford, Kutter",2024,2823,0.7
19,682989,"Mederos, Victor",2025,56,33.9
19,656887,"Reid-Foley, Sean",2019,612,3.1
19,571577,"Copeland, Scott",2018,22,86.4
19,657766,"St. John, Locke",2022,29,65.5
19,621112,"Blackburn, Paul",2019,224,8.5
19,571578,"Corbin, Patrick",2022,2623,0.7
19,502624,"Anderson, Chase",2022,493,3.9
19,605540,"Woodruff, Brandon",2020,1211,1.6
19,571437,"Altherr, Aaron",2019,19,100
19,642100,"Speier, Gabe",2021,105,18.1
19,543101,"DeSclafani, Anthony",2018,1792,1.1
19,666129,"Garrett, Braxton",2024,588,3.2
19,669270,"Kuhnel, Joel",2020,57,33.3
19,543135,"Eovaldi, Nathan",2025,1110,1.7
19,676664,"Sears, JP",2022,1079,1.8
19,656290,"Carlton, Drew",2021,73,26
19,547942,"Kim, Kwang Hyun",2020,613,3.1
19,595897,"Burdi, Nick",2025,83,22.9
19,671096,"Abbott, Andrew",2023,1897,1
19,668933,"Ashcraft, Graham",2023,2324,0.8
19,663399,"Waddell, Brandon",2025,219,8.7
19,450314,"Zobrist, Ben",2019,19,100
19,666129,"Garrett, Braxton",2021,604,3.1
19,572761,"Carpenter, Matt",2021,26,73.1
19,664139,"Gibaut, Ian",2024,40,47.5
19,621098,"Hanhold, Eric",2021,189,10.1
19,642028,"Rogers, Josh",2021,533,3.6
19,688138,"Evans, Logan",2025,610,3.1
19,694813,"Stone, Gavin",2024,2153,0.9
19,641329,"Baker, Bryan",2021,19,100
18,656669,"Luplow, Jordan",2021,18,100
18,660593,"Reyes, Denyi",2022,117,15.4
18,666200,"Luzardo, Jesús",2024,1083,1.7
18,608654,"Field, Johnny",2018,18,100
18,503449,"Peralta, Wily",2021,1554,1.2
18,623507,"Lester, Josh",2023,18,100
18,642121,"Sulser, Cole",2024,292,6.2
18,543101,"DeSclafani, Anthony",2023,1550,1.2
18,571510,"Boyd, Matthew",2021,1273,1.4
18,641871,"Middleton, Keynan",2019,143,12.6
18,527048,"Pérez, Martín",2024,2204,0.8
18,675911,"Strider, Spencer",2023,3100,0.6
18,676083,"Junk, Janson",2022,159,11.3
18,608700,"Plawecki, Kevin",2021,18,100
18,591741,"Osuna, José",2019,31,58.1
18,502239,"Cahill, Trevor",2021,665,2.7
18,622569,"Reyes, Pablo",2024,18,100
18,656458,"Gilbreath, Lucas",2024,47,38.3
18,663795,"Hagenman, Justin",2025,89,20.2
18,676282,"Cantillo, Joey",2024,711,2.5
18,501303,"Adrianza, Ehire",2020,18,100
18,519242,"Sale, Chris",2023,1670,1.1
18,543305,"Hicks, Aaron",2024,18,100
18,605397,"Musgrove, Joe",2018,1628,1.1
18,622569,"Reyes, Pablo",2025,18,100
18,425794,"Wainwright, Adam",2019,2876,0.6
18,663465,"Allard, Kolby",2023,199,9
18,608700,"Plawecki, Kevin",2022,18,100
18,668868,"Thompson, Zack",2024,317,5.7
18,541650,"Pérez, Hernán",2018,72,25
18,663630,"McKenna, Ryan",2023,18,100
18,592741,"Shreve, Chasen",2019,42,42.9
18,606303,"Payamps, Joel",2020,59,30.5
18,506702,"León, Sandy",2023,18,100
18,657117,"Williams, Austen",2019,29,62.1
18,642180,"Wade, Tyler",2025,18,100
18,571510,"Boyd, Matthew",2025,1517,1.2
18,605452,"Ross, Joe",2021,1700,1.1
18,663432,"Rainey, Tanner",2023,18,100
18,680862,"MacIver, Willie",2025,18,100
18,592836,"Walker, Taijuan",2022,2500,0.7
18,623149,"Sewald, Paul",2020,129,14
18,502748,"Peacock, Brad",2019,1510,1.2
18,663372,"Feltner, Ryan",2024,2578,0.7
18,605479,"Smith, Josh D.",2020,43,41.9
18,622491,"Castillo, Luis",2022,2506,0.7
18,543734,"Rusin, Chris",2019,25,72
18,623167,"Flexen, Chris",2018,151,11.9
18,592836,"Walker, Taijuan",2024,1435,1.3
18,643396,"Kiner-Falefa, Isiah",2024,18,100
18,518876,"Kelly, Merrill",2020,473,3.8
18,572816,"Dickerson, Corey",2022,18,100
18,669721,"Daniel, Davis",2025,18,100
18,686563,"Cannon, Jonathan",2025,1162,1.5
18,660844,"Rivas, Leo",2025,18,100
18,664871,"Dowdy, Kyle",2022,95,18.9
18,605483,"Snell, Blake",2024,1773,1
18,657745,"Rossman, Bubby",2022,18,100
17,595881,"Beede, Tyler",2019,2028,0.8
17,693313,"Seymour, Carson",2025,70,24.3
17,543343,"Hultzen, Danny",2019,73,23.3
17,621261,"Oswalt, Corey",2020,223,7.6
17,519048,"Moreland, Mitch",2021,17,100
17,452678,"Cabrera, Asdrúbal",2021,17,100
17,608566,"Márquez, Germán",2022,2839,0.6
17,595939,"Ellis, Chris",2019,17,100
17,669358,"Baz, Shane",2025,1555,1.1
17,673111,"Lopez, José",2023,51,33.3
17,543294,"Hendricks, Kyle",2025,1375,1.2
17,572020,"Paxton, James",2023,1690,1
17,663366,"Burrows, Beau",2021,267,6.4
17,656427,"Flaherty, Jack",2021,1353,1.3
17,571466,"Barnhart, Tucker",2022,17,100
17,656976,"Smith, Pavin",2024,17,100
17,571945,"Mikolas, Miles",2023,3197,0.5
17,605156,"Brooks, Aaron",2024,403,4.2
17,500610,"Guerra, Deolis",2019,17,100
17,656288,"Canning, Griffin",2020,965,1.8
17,571676,"Frankoff, Seth",2021,260,6.5
17,571858,"Kline, Branden",2020,88,19.3
17,674370,"Bido, Osvaldo",2025,861,2
17,570666,"Cessa, Luis",2023,463,3.7
17,675921,"Howard, Spencer",2021,936,1.8
17,664196,"Anderson, Tanner",2018,171,9.9
17,670156,"Mastrobuoni, Miles",2023,17,100
17,571676,"Frankoff, Seth",2020,68,25
17,669424,"Lambert, Jimmy",2020,33,51.5
17,656798,"Nix, Jacob",2018,656,2.6
17,665152,"Kremer, Dean",2025,1551,1.1
17,502210,"Reddick, Josh",2021,17,100
17,595928,"Curtiss, John",2025,17,100
17,680897,"Nastrini, Nick",2024,734,2.3
17,596295,"Gomber, Austin",2024,2622,0.6
17,621593,"Castro, Anthony",2020,17,100
17,671109,"Eder, Jake",2024,45,37.8
17,518883,"Kiekhefer, Dean",2018,45,37.8
17,477132,"Kershaw, Clayton",2021,1806,0.9
17,689167,"Lindgren, Jeff",2023,97,17.5
17,668670,"Rogers, Jake",2021,17,100
17,673820,"Piña, Robinson",2025,17,100
17,656849,"Peterson, David",2024,1871,0.9
17,663903,"Singer, Brady",2020,1071,1.6
17,677960,"Weathers, Ryan",2024,1413,1.2
17,622446,"Rodriguez, Jefry",2019,784,2.2
17,623167,"Flexen, Chris",2021,2811,0.6
17,669620,"Basso, Brady",2024,350,4.9
17,641513,"Demeritte, Travis",2020,17,100
17,593619,"Tapia, Domingo",2020,80,21.3
17,671737,"Bradley, Taj",2023,1821,0.9
17,669721,"Daniel, Davis",2024,508,3.3
16,607200,"Fedde, Erick",2020,850,1.9
16,605397,"Musgrove, Joe",2022,2834,0.6
16,429719,"Jackson, Edwin",2018,1482,1.1
16,670329,"Garcia, Rico",2019,99,16.2
16,607067,"Rea, Colin",2023,2016,0.8
16,682989,"Mederos, Victor",2024,107,15
16,676391,"Clement, Ernie",2024,16,100
16,543901,"Weber, Ryan",2018,74,21.6
16,572020,"Paxton, James",2019,2665,0.6
16,656725,"McRae, Alex",2021,49,32.7
16,608379,"Wacha, Michael",2022,1949,0.8
16,621261,"Oswalt, Corey",2021,156,10.3
16,543557,"Montgomery, Mike",2020,97,16.5
16,669211,"Akin, Keegan",2021,1768,0.9
16,686651,"Stoudt, Levi",2023,224,7.1
16,656232,"Bielak, Brandon",2023,1388,1.2
16,664068,"Kingery, Scott",2018,16,100
16,605361,"Martini, Nick",2019,16,100
16,491624,"Valdez, César",2022,16,100
16,676701,"Trejo, Alan",2025,16,100
16,630023,"Chirinos, Yonny",2019,1985,0.8
16,541650,"Pérez, Hernán",2021,16,100
16,624414,"Arroyo, Christian",2021,16,100
16,703231,"Meeker, James",2024,16,100
16,663432,"Rainey, Tanner",2025,156,10.3
16,592811,"Triggs, Andrew",2020,165,9.7
16,665019,"Clemens, Kody",2024,16,100
16,676886,"Beasley, Jeremy",2020,16,100
16,661383,"Ortega, Oliver",2021,139,11.5
16,608331,"Fried, Max",2025,1739,0.9
16,552640,"Kittredge, Andrew",2020,115,13.9
16,670426,"Diehl, Phillip",2022,120,13.3
16,576397,"Gyorko, Jedd",2018,16,100
16,605483,"Snell, Blake",2021,2347,0.7
16,621532,"Bemboom, Anthony",2020,16,100
16,592717,"Sanchez, Aaron",2018,1794,0.9
16,670032,"Lopez, Nicky",2022,16,100
16,573009,"Mantiply, Joe",2020,57,28.1
16,592407,"Holaday, Bryan",2021,16,100
16,660431,"Perez, Hector",2020,33,48.5
16,592662,"Ray, Robbie",2021,3141,0.5
16,608379,"Wacha, Michael",2018,1419,1.1
16,516472,"Arcia, Francisco",2018,32,50
16,669395,"Coleman, Dylan",2024,16,100
16,605498,"Suárez, Andrew",2020,170,9.4
16,434778,"Morales, Kendrys",2018,16,100
16,641420,"Burdi, Zack",2023,75,21.3
16,488818,"d'Arnaud, Chase",2018,16,100
16,673858,"Wong, Jake",2023,57,28.1
16,595191,"Eickhoff, Jerad",2018,98,16.3
16,592314,"Foltynewicz, Mike",2021,2236,0.7
16,641745,"Keller, Brad",2021,2348,0.7
16,669060,"Wilson, Bryse",2022,1825,0.9
16,622663,"Severino, Luis",2025,1758,0.9
16,641645,"Guillorme, Luis",2021,16,100
16,572821,"Dozier, Brian",2019,16,100
15,607468,"Blandino, Alex",2018,15,100
15,635903,"Rowley, Chris",2018,15,100
15,656266,"Bukauskas, J.B.",2024,88,17
15,605218,"Edwards Jr., Carl",2020,56,26.8
15,607067,"Rea, Colin",2021,91,16.5
15,502043,"Gibson, Kyle",2023,3038,0.5
15,570560,"Sánchez, Yolmer",2022,15,100
15,645801,"Ford, Mike",2022,15,100
15,647351,"Toro, Abraham",2025,15,100
15,450203,"Morton, Charlie",2021,2987,0.5
15,801434,"Gervase, Paul",2025,68,22.1
15,621011,"Schrock, Max",2021,15,100
15,623520,"Bote, David",2024,15,100
15,657006,"Steele, Justin",2023,2678,0.6
15,668472,"Pratto, Nick",2024,15,100
15,621139,"Kriske, Brooks",2025,30,50
15,621244,"Berríos, José",2025,1513,1
15,606299,"Peraza, José",2019,15,100
15,658305,"García, Edgar",2020,68,22.1
15,623437,"Topa, Justin",2020,119,12.6
15,668670,"Rogers, Jake",2025,15,100
15,592314,"Foltynewicz, Mike",2019,1888,0.8
15,518586,"Culberson, Charlie",2021,15,100
15,571771,"Hernández, Enrique",2018,15,100
15,623168,"Heineman, Tyler",2025,15,100
15,605164,"Bundy, Dylan",2021,1524,1
15,669854,"Blanco, Ronel",2025,794,1.9
15,518693,"Freeman, Sam",2019,40,37.5
15,543135,"Eovaldi, Nathan",2022,1739,0.9
15,435622,"Desmond, Ian",2019,15,100
15,542881,"Anderson, Tyler",2023,2431,0.6
15,641540,"Dunning, Dane",2022,2548,0.6
15,461865,"Romine, Andrew",2021,15,100
15,594943,"Neal, Zach",2018,15,100
15,681885,"Lee, Evan",2022,165,9.1
15,602922,"Rondón, José",2019,15,100
15,650911,"Sánchez, Cristopher",2025,1445,1
15,501817,"Barnette, Tony",2019,25,60
15,668881,"Greene, Hunter",2022,2200,0.7
15,659275,"Lamet, Dinelson",2020,1046,1.4
15,676440,"Bibee, Tanner",2025,1544,1
15,572021,"Pazos, James",2019,149,10.1
15,605276,"Hess, David",2018,1752,0.9
15,676051,"Heuer, Codi",2025,20,75
15,664901,"Mendick, Danny",2021,15,100
15,650489,"Castro, Willi",2024,15,100
15,668834,"McGee, Easton",2022,46,32.6
15,664901,"Mendick, Danny",2024,15,100
15,663687,"Harris, Hogan",2023,1109,1.4
15,676206,"Tarnok, Freddy",2025,31,48.4
15,676755,"Mattson, Isaac",2024,100,15
15,573185,"Straily, Dan",2018,2136,0.7
15,683021,"Stefanic, Michael",2024,15,100
15,682515,"Porter, Logan",2025,15,100
15,663362,"Waldron, Matt",2023,673,2.2
15,641927,"Ober, Bailey",2025,1486,1
15,570632,"Ureña, José",2021,1695,0.9
15,547179,"Lorenzen, Michael",2022,1654,0.9
15,543193,"Gagnon, Drew",2018,210,7.1
15,680572,"Kloffenstein, Adam",2024,15,100
15,657053,"Toussaint, Touki",2018,476,3.2
15,642578,"Rodríguez, José",2023,48,31.3
15,677076,"Andrews, Clayton",2024,15,100
15,686613,"Brown, Hunter",2023,2720,0.6
14,592165,"Brennan, Brandon",2020,117,12
14,489448,"Zagurski, Mike",2018,40,35
14,663776,"Sandoval, Patrick",2023,2620,0.5
14,657770,"Stout, Eric",2018,51,27.5
14,678821,"Peralta, Luis",2025,192,7.3
14,592833,"Wahl, Bobby",2020,38,36.8
14,571578,"Corbin, Patrick",2025,1318,1.1
14,656669,"Luplow, Jordan",2023,14,100
14,664139,"Gibaut, Ian",2021,104,13.5
14,607455,"Banda, Anthony",2019,59,23.7
14,456488,"Núñez, Eduardo",2019,14,100
14,607054,"Peterson, Jace",2021,40,35
14,543510,"McCann, James",2023,14,100
14,596027,"Maples, Dillon",2020,40,35
14,663460,"Bubic, Kris",2022,2262,0.6
14,570731,"Schoop, Jonathan",2023,17,82.4
14,641995,"Ramírez, Roel",2021,14,100
14,601713,"Pivetta, Nick",2021,2745,0.5
14,641598,"Garver, Mitch",2018,14,100
14,453286,"Scherzer, Max",2020,1213,1.2
14,676766,"Snyder, Nick",2022,33,42.4
14,669145,"Zimmermann, Bruce",2020,107,13.1
14,681987,"Eaton, Nate",2025,14,100
14,606299,"Peraza, José",2020,14,100
14,641525,"Dixon, Brandon",2018,14,100
14,641384,"Bostick, Akeem",2021,14,100
14,669302,"Gilbert, Logan",2022,3015,0.5
14,596001,"Junis, Jakob",2020,394,3.6
14,453286,"Scherzer, Max",2023,2465,0.6
14,435522,"Walker, Neil",2020,14,100
14,605200,"Davies, Zach",2020,1055,1.3
14,681857,"Olson, Reese",2025,801,1.7
14,680430,"Allgeyer, Nick",2021,14,100
14,642520,"Garabito, Gerson",2025,121,11.6
14,622766,"Díaz, Miguel",2022,56,25
14,572971,"Keuchel, Dallas",2019,1864,0.8
14,502171,"Cobb, Alex",2022,2418,0.6
14,605347,"López, Jorge",2020,635,2.2
14,518633,"Duffy, Danny",2019,2161,0.6
14,672860,"Berroa, Prelander",2023,41,34.1
14,621381,"Strahm, Matt",2021,136,10.3
14,605170,"Caratini, Victor",2022,14,100
14,519008,"McFarland, T.J.",2023,51,27.5
14,543258,"Guilmet, Preston",2021,29,48.3
14,687830,"Gipson-Long, Sawyer",2025,321,4.4
14,596043,"Mengden, Daniel",2022,119,11.8
14,657508,"Baumann, Mike",2021,185,7.6
14,434671,"Sánchez, Aníbal",2018,2130,0.7
14,425844,"Greinke, Zack",2020,1060,1.3
14,664062,"Gonsolin, Tony",2022,2015,0.7
14,545333,"Bauer, Trevor",2021,1787,0.8
14,669373,"Skubal, Tarik",2024,2866,0.5
14,691172,"Zulueta, Yosver",2025,38,36.8
14,656427,"Flaherty, Jack",2018,2587,0.5
13,663738,"Lynch IV, Daniel",2021,1257,1
13,670242,"Wallner, Matt",2024,21,61.9
13,543776,"Shuck, JB",2019,13,100
13,607215,"Skoglund, Eric",2018,1088,1.2
13,646242,"Díaz, Jhonathan",2022,236,5.5
13,642133,"Tellez, Rowdy",2023,13,100
13,643327,"Godley, Zack",2020,553,2.4
13,622795,"Méndez, Yohander",2018,492,2.6
13,656725,"McRae, Alex",2018,134,9.7
13,663531,"Allen, Logan",2021,874,1.5
13,663623,"Irvin, Jake",2024,3046,0.4
13,670950,"Richards, Trevor",2020,576,2.3
13,676440,"Bibee, Tanner",2023,2326,0.6
13,489119,"Miley, Wade",2018,1291,1
13,543294,"Hendricks, Kyle",2023,2108,0.6
13,543148,"Federowicz, Tim",2019,13,100
13,541640,"Ramírez, Erasmo",2019,41,31.7
13,641658,"Hampson, Garrett",2024,13,100
13,592346,"González, Chi Chi",2021,1635,0.8
13,669935,"Alexy, A.J.",2022,152,8.6
13,669022,"Gore, MacKenzie",2022,1258,1
13,660825,"Bazardo, Eduard",2021,52,25
13,606131,"Perdomo, Luis",2018,831,1.6
13,621052,"Reyes, Alex",2019,71,18.3
13,579328,"Kikuchi, Yusei",2024,2923,0.4
13,656657,"Logue, Zach",2022,1022,1.3
13,656803,"Norwood, James",2020,32,40.6
13,679525,"Marsh, Alec",2023,1342,1
13,608686,"Mayfield, Jack",2022,13,100
13,664045,"Eshelman, Thomas",2021,441,2.9
13,669060,"Wilson, Bryse",2019,356,3.7
13,678316,"Cruz, Omar",2025,81,16
13,593160,"Merrifield, Whit",2022,13,100
13,657193,"Alvarez, Eddy",2024,13,100
13,453178,"Kennedy, Ian",2018,2060,0.6
13,543243,"Gray, Sonny",2024,2483,0.5
13,606167,"Mejía, Adalberto",2018,357,3.6
13,570560,"Sánchez, Yolmer",2020,13,100
13,663399,"Waddell, Brandon",2020,49,26.5
13,661440,"Llovera, Mauricio",2020,41,31.7
13,622268,"Walton, Donovan",2024,13,100
13,642528,"Loáisiga, Jonathan",2024,61,21.3
13,670241,"Vines, Darius",2023,308,4.2
13,592407,"Holaday, Bryan",2020,13,100
13,669432,"Rogers, Trevor",2025,350,3.7
13,608671,"Jankowski, Travis",2025,13,100
13,677649,"Duran, Ezequiel",2025,13,100
13,453943,"Frazier, Todd",2020,13,100
13,678394,"Bello, Brayan",2024,2710,0.5
13,808967,"Yamamoto, Yoshinobu",2024,1469,0.9
13,656924,"Ryan, Ryder",2023,13,100
13,621550,"Wisdom, Patrick",2024,13,100
13,624427,"Gonsalves, Stephen",2021,82,15.9
13,624431,"Trevino, Jose",2025,13,100
13,693821,"Elder, Bryce",2025,1125,1.2
13,621244,"Berríos, José",2024,2914,0.4
13,677976,"Dobnak, Randy",2025,79,16.5
13,686752,"Pepiot, Ryan",2022,737,1.8
12,501303,"Adrianza, Ehire",2022,12,100
12,592791,"Taillon, Jameson",2024,2483,0.5
12,666157,"Lodolo, Nick",2022,1779,0.7
12,518715,"Gearrin, Cory",2020,30,40
12,594835,"Gonzales, Marco",2022,2838,0.4
12,650644,"Civale, Aaron",2023,2009,0.6
12,622780,"Perdomo, Angel",2025,72,16.7
12,571760,"Heaney, Andrew",2019,1689,0.7
12,621005,"Lopes, Tim",2020,12,100
12,642770,"Guerra, Javy",2021,66,18.2
12,676604,"Zuber, Tyler",2025,34,35.3
12,663770,"Evans, Demarcus",2020,54,22.2
12,596071,"Peters, Dillon",2019,1274,0.9
12,681857,"Olson, Reese",2024,1853,0.6
12,685107,"Veneziano, Anthony",2023,55,21.8
12,571657,"Farmer, Kyle",2019,12,100
12,554430,"Wheeler, Zack",2020,1078,1.1
12,543089,"Davis, Taylor",2019,12,100
12,645261,"Alcantara, Sandy",2018,567,2.1
12,681870,"Sabrowski, Erik",2025,31,38.7
12,605469,"Shepherd, Chandler",2019,318,3.8
12,663765,"Woodford, Jake",2024,618,1.9
12,628317,"Maeda, Kenta",2023,1700,0.7
12,621107,"Eflin, Zach",2021,1615,0.7
12,690928,"Dobbins, Hunter",2025,904,1.3
12,689147,"Kerkering, Orion",2023,60,20
12,592859,"Wilkerson, Stevie",2021,12,100
12,641712,"Hudson, Dakota",2022,2253,0.5
12,666204,"Jiménez, Dany",2020,37,32.4
12,596057,"Norris, Daniel",2019,2361,0.5
12,642547,"Peralta, Freddy",2021,2356,0.5
12,642547,"Peralta, Freddy",2025,1607,0.7
12,592836,"Walker, Taijuan",2023,2837,0.4
12,502171,"Cobb, Alex",2021,1579,0.8
12,657277,"Webb, Logan",2021,2214,0.5
12,456701,"Bailey, Homer",2019,2836,0.4
12,650489,"Castro, Willi",2025,12,100
12,657053,"Toussaint, Touki",2021,820,1.5
12,676130,"Buttó, José",2023,733,1.6
12,665828,"Cabrera, Oswaldo",2024,12,100
12,621244,"Berríos, José",2023,2937,0.4
12,573186,"Stroman, Marcus",2022,2181,0.6
12,607223,"Reed, AJ",2019,12,100
12,608348,"Kelly, Carson",2020,12,100
12,645444,"Herrera, Jose",2025,12,100
12,681517,"Leahy, Kyle",2023,58,20.7
12,597113,"Johnson, DJ",2018,105,11.4
12,608334,"Fulmer, Carson",2023,157,7.6
12,571666,"Fiers, Mike",2018,2683,0.4
12,656605,"Keller, Mitch",2025,1580,0.8
12,554430,"Wheeler, Zack",2025,1695,0.7
12,641645,"Guillorme, Luis",2023,12,100
12,660620,"Araúz, Jonathan",2021,12,100
12,663556,"McClanahan, Shane",2022,2463,0.5
12,650813,"Escobar, Luis",2019,104,11.5
12,694918,"Tidwell, Blade",2025,229,5.2
12,656288,"Canning, Griffin",2024,2869,0.4
12,666201,"Manoah, Alek",2021,1845,0.7
12,686752,"Pepiot, Ryan",2025,1529,0.8
12,600887,"Del Pozo, Miguel",2021,80,15
12,642121,"Sulser, Cole",2023,84,14.3
12,672391,"Ort, Kaleb",2021,12,100
11,666197,"Kessinger, Grae",2024,11,100
11,676632,"Madris, Bligh",2023,11,100
11,663967,"Salazar, César",2025,11,100
11,674003,"Bradford, Cody",2024,1175,0.9
11,493603,"Ottavino, Adam",2025,42,26.2
11,666200,"Luzardo, Jesús",2023,2988,0.4
11,641585,"France, J.P.",2023,2202,0.5
11,689172,"Wisely, Brett",2023,11,100
11,518626,"Donaldson, Josh",2023,11,100
11,543699,"Roark, Tanner",2021,131,8.4
11,503556,"Gonzalez, Marwin",2021,11,100
11,448179,"Hill, Rich",2021,2496,0.4
11,643532,"Sharp, Sterling",2020,111,9.9
11,571788,"Holt, Brock",2020,32,34.4
11,446481,"Rodríguez, Sean",2019,11,100
11,608700,"Plawecki, Kevin",2020,11,100
11,663971,"Calvo, Blair",2023,11,100
11,668800,"Knizner, Andrew",2022,11,100
11,620445,"Mujica, José",2020,75,14.7
11,669358,"Baz, Shane",2024,1206,0.9
11,643615,"Zeuch, T.J.",2020,185,5.9
11,596057,"Norris, Daniel",2018,816,1.3
11,467055,"Sandoval, Pablo",2018,11,100
11,576397,"Gyorko, Jedd",2020,11,100
11,624133,"Suárez, Ranger",2023,2023,0.5
11,660271,"Ohtani, Shohei",2018,853,1.3
11,663436,"Martin, Davis",2025,1254,0.9
11,680570,"Rodriguez, Grayson",2023,2104,0.5
11,571466,"Barnhart, Tucker",2024,11,100
11,666129,"Garrett, Braxton",2022,1436,0.8
11,433587,"Hernández, Félix",2018,2565,0.4
11,518516,"Bumgarner, Madison",2022,2715,0.4
11,680885,"Schwellenbach, Spencer",2024,1887,0.6
11,681808,"Vallimont, Chris",2023,11,100
11,519455,"Zimmermann, Jordan",2018,2076,0.5
11,594798,"deGrom, Jacob",2025,1454,0.8
11,621121,"McCullers Jr., Lance",2021,2788,0.4
11,663378,"Szapucki, Thomas",2021,82,13.4
11,595263,"Jannis, Mickey",2021,71,15.5
11,621112,"Blackburn, Paul",2022,1762,0.6
11,676724,"Young, Jared",2025,11,100
11,543677,"Ramsey, Matt",2019,11,100
11,676103,"Jones, Damon",2021,11,100
11,592836,"Walker, Taijuan",2021,2547,0.4
11,607179,"Weems, Jordan",2025,11,100
11,686613,"Brown, Hunter",2025,1522,0.7
11,696136,"Wicks, Jordan",2024,852,1.3
11,621002,"Robertson, Daniel",2018,11,100
11,650911,"Sánchez, Cristopher",2023,1460,0.8
11,543606,"Odorizzi, Jake",2018,3077,0.4
10,592473,"Kolarek, Adam",2023,83,12
10,695534,"Petty, Chase",2025,169,5.9
10,621076,"Kaprielian, James",2020,71,14.1
10,656731,"Megill, Tylor",2023,2235,0.4
10,450203,"Morton, Charlie",2018,2688,0.4
10,660634,"Hernández, Yonny",2023,10,100
10,518876,"Kelly, Merrill",2023,2803,0.4
10,669203,"Burnes, Corbin",2024,2996,0.3
10,506702,"León, Sandy",2022,17,58.8
10,622766,"Díaz, Miguel",2024,10,100
10,663752,"Morris, Cody",2022,404,2.5
10,605540,"Woodruff, Brandon",2022,2538,0.4
10,592332,"Gausman, Kevin",2020,975,1
10,474463,"Anderson, Brett",2019,2659,0.4
10,657376,"Schmidt, Clarke",2025,1171,0.9
10,543510,"McCann, James",2024,10,100
10,501992,"Karns, Nate",2019,91,11
10,621500,"Mathisen, Wyatt",2021,10,100
10,591672,"Morales, Osmer",2018,10,100
10,474463,"Anderson, Brett",2018,1203,0.8
10,622783,"Báez, Sandy",2019,10,100
10,458681,"Lynn, Lance",2023,3167,0.3
10,669432,"Rogers, Trevor",2021,2169,0.5
10,664076,"Cleavinger, Garrett",2020,10,100
10,665795,"Cabrera, Edward",2023,1802,0.6
10,614177,"Reyes, Franmil",2022,10,100
10,676206,"Tarnok, Freddy",2022,10,100
10,670970,"Morejon, Adrian",2020,322,3.1
10,595978,"Hedges, Austin",2024,20,50
10,607625,"Lugo, Seth",2025,1396,0.7
10,606115,"Arcia, Orlando",2022,10,100
10,467055,"Sandoval, Pablo",2019,10,100
10,502239,"Cahill, Trevor",2018,1791,0.6
10,680730,"Parker, Mitchell",2025,1472,0.7
10,621002,"Robertson, Daniel",2021,10,100
10,641712,"Hudson, Dakota",2024,1512,0.7
10,594824,"Garcia, Greg",2018,10,100
10,457759,"Turner, Justin",2021,10,100
10,571788,"Holt, Brock",2021,10,100
10,579328,"Kikuchi, Yusei",2025,1628,0.6
10,663554,"Mize, Casey",2021,2357,0.4
10,572070,"Richards, Garrett",2018,1313,0.8
10,700363,"Smith-Shawver, AJ",2023,454,2.2
10,665795,"Cabrera, Edward",2022,1215,0.8
10,596001,"Junis, Jakob",2019,2926,0.3
10,682990,"Priester, Quinn",2024,811,1.2
10,282332,"Sabathia, CC",2018,2507,0.4
10,608566,"Márquez, Germán",2020,1226,0.8
10,676606,"Margevicius, Nick",2021,259,3.9
10,605498,"Suárez, Andrew",2018,2492,0.4
10,518586,"Culberson, Charlie",2018,10,100
10,543101,"DeSclafani, Anthony",2020,602,1.7
10,663941,"Beck, Tristan",2025,185,5.4
10,624133,"Suárez, Ranger",2025,1044,1
10,663567,"Lambert, Peter",2023,1450,0.7
10,657061,"Tucker, Cole",2024,10,100
10,683004,"Leiter, Jack",2025,1210,0.8
10,656849,"Peterson, David",2021,1122,0.9
10,571760,"Heaney, Andrew",2020,1085,0.9
10,661563,"Gil, Luis",2024,2664,0.4
10,594742,"Asher, Alec",2018,37,27
10,572008,"Owings, Chris",2022,10,100
10,545341,"Grichuk, Randal",2022,10,100
10,542194,"Bethancourt, Christian",2023,10,100
9,542946,"Bleich, Jeremy",2018,13,69.2
9,641645,"Guillorme, Luis",2020,9,100
9,605204,"Davis, J.D.",2018,9,100
9,689958,"Walters, Andrew",2025,29,31
9,656756,"Montgomery, Jordan",2023,2920,0.3
9,642770,"Guerra, Javy",2019,134,6.7
9,601713,"Pivetta, Nick",2024,2387,0.4
9,695549,"Jobe, Jackson",2024,48,18.8
9,645261,"Alcantara, Sandy",2020,662,1.4
9,700249,"Povich, Cade",2024,1389,0.6
9,694297,"Pfaadt, Brandon",2023,1612,0.6
9,670102,"Francis, Bowden",2022,9,100
9,491696,"Sucre, Jesús",2019,9,100
9,543376,"Joseph, Caleb",2019,9,100
9,595798,"Alaniz, R.J.",2021,71,12.7
9,571616,"Dermody, Matt",2020,9,100
9,573131,"Ruf, Darin",2022,14,64.3
9,642851,"Wynns, Austin",2021,9,100
9,624636,"Tocci, Carlos",2018,9,100
9,657376,"Schmidt, Clarke",2024,1454,0.6
9,592879,"Wojciechowski, Asher",2019,1467,0.6
9,667755,"Soriano, José",2025,1591,0.6
9,605513,"Turnbull, Spencer",2025,125,7.2
9,663531,"Allen, Logan",2022,164,5.5
9,615698,"Quantrill, Cal",2024,2643,0.3
9,658069,"Fuentes, Joshua",2021,9,100
9,547179,"Lorenzen, Michael",2024,2092,0.4
9,642232,"Yarbrough, Ryan",2020,834,1.1
9,657140,"Wright, Kyle",2023,575,1.6
9,543144,"Farquhar, Danny",2018,116,7.8
9,571927,"Matz, Steven",2021,2557,0.4
9,657746,"Ryan, Joe",2022,2391,0.4
9,502273,"Freeman, Mike",2019,23,39.1
9,572008,"Owings, Chris",2023,9,100
9,657376,"Schmidt, Clarke",2023,2712,0.3
9,519295,"Smolinski, Jake",2018,9,100
9,691951,"Aldegheri, Sam",2025,49,18.4
9,622569,"Reyes, Pablo",2022,9,100
9,543135,"Eovaldi, Nathan",2024,2622,0.3
9,573046,"Morin, Mike",2018,65,13.8
8,543548,"Milone, Tommy",2019,1750,0.5
8,593958,"Rodriguez, Eduardo",2021,2721,0.3
8,592165,"Brennan, Brandon",2021,42,19
8,700363,"Smith-Shawver, AJ",2025,711,1.1
8,607054,"Peterson, Jace",2022,8,100
8,679845,"Loftin, Nick",2024,8,100
8,615698,"Quantrill, Cal",2022,2920,0.3
8,623168,"Heineman, Tyler",2024,8,100
8,642215,"Wilson, Weston",2024,8,100
8,664192,"Lucchesi, Joey",2023,696,1.1
8,666142,"Ragans, Cole",2025,873,0.9
8,663546,"Hjelle, Sean",2022,474,1.7
8,571875,"Lamb, Jake",2023,8,100
8,664062,"Gonsolin, Tony",2021,990,0.8
8,661531,"Serven, Brian",2022,8,100
8,681584,"Villar, David",2023,8,100
8,621056,"Wood, Hunter",2021,66,12.1
8,571974,"Murphy, John Ryan",2020,8,100
8,664023,"Happ, Ian",2018,8,100
8,621011,"Schrock, Max",2020,8,100
8,656805,"Oaks, Trevor",2018,247,3.2
8,641154,"López, Pablo",2022,2910,0.3
8,457918,"Happ, J.A.",2021,2674,0.3
8,446386,"Guyer, Brandon",2018,8,100
8,607387,"Rua, Ryan",2018,8,100
8,489119,"Miley, Wade",2022,566,1.4
8,642231,"Yacabonis, Jimmy",2020,52,15.4
8,664054,"Stashak, Cody",2021,308,2.6
8,677865,"Bruihl, Justin",2024,99,8.1
8,673540,"Senga, Kodai",2023,2795,0.3
8,670032,"Lopez, Nicky",2025,8,100
8,701542,"Warren, Will",2025,1406,0.6
8,458676,"Lindblom, Josh",2020,793,1
8,641154,"López, Pablo",2021,1669,0.5
8,607219,"Romano, Sal",2020,13,61.5
8,650339,"Palacios, Jermaine",2022,8,100
8,571760,"Heaney, Andrew",2025,1476,0.5
8,605164,"Bundy, Dylan",2019,2778,0.3
8,687145,"Justice, Evan",2024,8,100
8,554430,"Wheeler, Zack",2022,2358,0.3
8,641778,"Lauer, Eric",2021,1956,0.4
7,593334,"Germán, Domingo",2019,2247,0.3
7,641927,"Ober, Bailey",2022,854,0.8
7,683021,"Stefanic, Michael",2025,7,100
7,665625,"Peguero, Elvis",2021,64,10.9
7,668470,"Danner, Hagen",2023,7,100
7,684007,"Imanaga, Shota",2024,2590,0.3
7,672456,"Montero, Keider",2025,886,0.8
7,502143,"Valencia, Danny",2018,7,100
7,621433,"Phillips, Brett",2023,7,100
7,518614,"Descalso, Daniel",2018,43,16.3
7,667373,"Rondón, Angel",2021,29,24.1
7,547179,"Lorenzen, Michael",2025,1529,0.5
7,605288,"Houser, Adrian",2020,922,0.8
7,641525,"Dixon, Brandon",2023,7,100
7,607732,"Stallings, Jacob",2019,7,100
7,678394,"Bello, Brayan",2023,2618,0.3
7,641540,"Dunning, Dane",2021,1909,0.4
7,621121,"McCullers Jr., Lance",2018,2108,0.3
7,683766,"Koss, Christian",2025,7,100
7,650644,"Civale, Aaron",2019,863,0.8
7,676475,"Burleson, Alec",2025,7,100
7,500779,"Quintana, Jose",2024,2819,0.2
7,642162,"Valaika, Pat",2021,7,100
7,630105,"Cronenworth, Jake",2021,7,100
7,624512,"McGuire, Reese",2022,7,100
7,656222,"Beeks, Jalen",2018,880,0.8
7,664123,"Effross, Scott",2025,7,100
7,621002,"Robertson, Daniel",2019,7,100
7,623168,"Heineman, Tyler",2020,7,100
7,640455,"Manaea, Sean",2024,2996,0.2
6,677944,"Cecconi, Slade",2023,418,1.4
6,624133,"Suárez, Ranger",2022,2564,0.2
6,605242,"Fulmer, Michael",2025,90,6.7
6,543351,"Jackson, Jay",2022,12,50
6,615698,"Quantrill, Cal",2023,1710,0.4
6,592705,"Rumbelow, Nick",2019,40,15
6,607644,"Means, John",2023,339,1.8
6,592662,"Ray, Robbie",2022,3047,0.2
6,596103,"Slater, Austin",2021,6,100
6,676070,"Amaya, Jacob",2025,6,100
6,693821,"Elder, Bryce",2023,2849,0.2
6,545121,"Vargas, Ildemaro",2022,6,100
6,663897,"Williams, Luke",2023,6,100
6,669742,"Hall, Darick",2022,6,100
6,664874,"Zavala, Seby",2023,6,100
6,669160,"May, Dustin",2020,866,0.7
6,607680,"Pillar, Kevin",2021,6,100
6,664074,"Ponce, Cody",2020,265,2.3
6,676664,"Sears, JP",2023,2867,0.2
6,668678,"Gallen, Zac",2020,1117,0.5
6,670050,"Ridings, Stephen",2021,74,8.1
6,594577,"Mayers, Mike",2023,455,1.3
6,664285,"Valdez, Framber",2021,2090,0.3
5,656186,"Altavilla, Dan",2021,22,22.7
5,607374,"Tropeano, Nick",2018,1179,0.4
5,500779,"Quintana, Jose",2019,2826,0.2
5,545358,"Stassi, Max",2019,5,100
5,593334,"Germán, Domingo",2022,1081,0.5
5,595943,"Evans, Phillip",2021,5,100
5,657786,"Vasto, Jerry",2018,96,5.2
5,621512,"Nido, Tomás",2025,9,55.6
5,458681,"Lynn, Lance",2018,2942,0.2
5,446321,"Detwiler, Ross",2018,76,6.6
5,534606,"LaMarre, Ryan",2018,5,100
5,690544,"Horn, Bailey",2025,16,31.3
5,684007,"Imanaga, Shota",2025,769,0.7
5,640902,"Pereda, Jhonny",2024,5,100
5,650556,"Abreu, Bryan",2020,76,6.6
5,594838,"Gosselin, Phil",2022,5,100
5,677651,"Garcia, Luis",2020,203,2.5
5,607536,"Freeland, Kyle",2023,2414,0.2
4,502273,"Freeman, Mike",2021,4,100
4,628711,"Urías, Julio",2020,875,0.5
4,665155,"Maton, Nick",2021,4,100
4,572140,"Skaggs, Tyler",2019,1386,0.3
4,488671,"Avila, Alex",2018,13,30.8
4,605507,"Thompson, Zach",2025,60,6.7
4,576397,"Gyorko, Jedd",2019,4,100
4,669467,"Pallante, Andre",2025,1500,0.3
4,462136,"Estrada, Marco",2018,2500,0.2
4,656427,"Flaherty, Jack",2024,2646,0.2
4,663853,"Gonzalez, Romy",2021,4,100
4,592767,"Smyly, Drew",2022,1814,0.2
4,595284,"Knapp, Andrew",2021,4,100
4,670712,"Brosseau, Mike",2020,4,100
4,592761,"Smith, Caleb",2018,1393,0.3
4,592222,"Claudio, Alex",2023,4,100
4,672282,"Detmers, Reid",2023,2599,0.2
4,503556,"Gonzalez, Marwin",2022,4,100
3,669456,"Bieber, Shane",2018,1805,0.2
3,640447,"Ervin, Phillip",2018,3,100
3,571578,"Corbin, Patrick",2023,2922,0.1
3,620443,"Torrens, Luis",2024,3,100
3,593958,"Rodriguez, Eduardo",2019,3495,0.1
3,690925,"Beeter, Clayton",2024,51,5.9
3,448602,"Reynolds, Mark",2018,3,100
3,593934,"Sanó, Miguel",2024,3,100
3,641658,"Hampson, Garrett",2025,3,100
3,669211,"Akin, Keegan",2020,500,0.6
3,608686,"Mayfield, Jack",2021,3,100
3,594965,"Ponce de Leon, Daniel",2020,646,0.5
2,656061,"Abreu, Albert",2020,43,4.7
2,608379,"Wacha, Michael",2023,2221,0.1
2,593833,"Suero, Wander",2024,2,100
2,628711,"Urías, Julio",2021,2786,0.1
2,519203,"Rizzo, Anthony",2018,2,100
2,608372,"Sugano, Tomoyuki",2025,1397,0.1
2,593643,"Alberto, Hanser",2021,2,100
2,663903,"Singer, Brady",2024,2967,0.1
2,685314,"Saalfrank, Andrew",2024,26,7.7
2,681810,"Warren, Austin",2023,23,8.7
2,458677,"Wilson, Justin",2022,54,3.7
1,641778,"Lauer, Eric",2025,712,0.1
1,519242,"Sale, Chris",2024,2815,0
1,592407,"Holaday, Bryan",2019,1,100
1,642048,"Saucedo, Tayler",2022,48,2.1
